# vtk DataFile Version 5.1
vtk output
ASCII
DATASET POLYDATA
POINTS 3396 float
0.0925331 0.0897983 0.723259 0.0961475 0.0804655 0.704123 0.107266 0.0980811 0.709817 
0.0629015 0.0827204 0.721114 0.0665158 0.0733876 0.701978 0.0332698 0.0756426 0.718969 
0.0368842 0.0663097 0.699833 0.0183715 0.0768475 0.703382 0.114771 0.12503 0.734647 
0.118385 0.115697 0.715511 0.129504 0.133312 0.721205 0.0851393 0.117952 0.732502 
0.0555076 0.110874 0.730358 0.025876 0.103796 0.728213 0.0109776 0.105001 0.712626 
0.110991 0.14385 0.724755 0.0924787 0.154388 0.728304 0.0777454 0.146105 0.741746 
0.0481138 0.139027 0.739601 0.0332154 0.140232 0.724014 0.0220965 0.122617 0.71832 
0.073966 0.164926 0.731853 0.0443343 0.157848 0.729709 0.107156 0.0429792 0.675743 
0.11077 0.0336463 0.656606 0.121889 0.051262 0.6623 0.077524 0.0359013 0.673598 
0.0811384 0.0265685 0.654461 0.0626257 0.0371063 0.658011 0.159025 0.0852883 0.689276 
0.162639 0.0759555 0.670139 0.173758 0.0935711 0.675834 0.129393 0.0782105 0.687131 
0.133008 0.0688776 0.667995 0.0997618 0.0711326 0.684986 0.0701302 0.0640547 0.682841 
0.0441129 0.047644 0.66156 0.0404986 0.0569769 0.680697 0.0108669 0.049899 0.678552 
0.0144813 0.0405662 0.659416 -0.00403144 0.051104 0.662965 0.151631 0.113442 0.698519 
0.166365 0.121725 0.685077 0.122 0.106364 0.696375 0.00347309 0.0780525 0.687796 
-0.0225442 0.0616418 0.666514 -0.0261585 0.0709746 0.685651 -0.0410569 0.0721795 0.670064 
0.147852 0.132262 0.688627 0.129339 0.1428 0.692176 -0.00392075 0.106206 0.697039 
-0.0335524 0.099128 0.694894 -0.0595696 0.0827173 0.673613 -0.063184 0.0920502 0.69275 
-0.0780824 0.0932551 0.677163 0.110826 0.153338 0.695726 0.0923136 0.163876 0.699275 
0.0330503 0.14972 0.694985 0.0219314 0.132104 0.689291 -0.00770022 0.125026 0.687146 
-0.0373319 0.117949 0.685002 -0.0669635 0.110871 0.682857 0.0738008 0.174414 0.702824 
0.0441692 0.167336 0.70068 0.240305 0.0244715 0.636805 0.243919 0.0151387 0.617669 
0.255038 0.0327543 0.623363 0.210673 0.0173936 0.634661 0.214287 0.00806079 0.615524 
0.181041 0.0103158 0.632516 0.184656 0.000982931 0.613379 0.166143 0.0115207 0.616929 
0.262543 0.0597028 0.648194 0.266157 0.05037 0.629057 0.277276 0.0679856 0.634752 
0.232911 0.0526249 0.646049 0.203279 0.0455471 0.643904 0.173648 0.0384692 0.641759 
0.14763 0.0220585 0.620478 0.144016 0.0313914 0.639615 0.114384 0.0243135 0.63747 
0.117999 0.0149806 0.618334 0.0847528 0.0172356 0.635325 0.0883671 0.00790279 0.616189 
0.0698544 0.0184406 0.619738 0.258763 0.0785234 0.638301 0.24025 0.0890612 0.64185 
0.225517 0.0807784 0.655293 0.195885 0.0737005 0.653148 0.166254 0.0666227 0.651003 
0.136622 0.0595448 0.648858 0.0477273 0.0383112 0.642424 0.0513416 0.0289784 0.623288 
0.0180956 0.0312333 0.640279 0.02171 0.0219005 0.621143 -0.011536 0.0241555 0.638134 
-0.00792162 0.0148226 0.618998 -0.0264344 0.0253604 0.622548 0.221738 0.099599 0.6454 
0.203225 0.110137 0.648949 0.188492 0.101854 0.662391 -0.0189298 0.0523089 0.647378 
-0.0449471 0.0358982 0.626097 -0.0485615 0.0452311 0.645233 -0.0634598 0.046436 0.629646 
0.184712 0.120675 0.652499 0.166199 0.131212 0.656048 -0.0559553 0.0733845 0.654477 
-0.0819726 0.0569738 0.633196 -0.0855869 0.0663066 0.652332 -0.100485 0.0675116 0.636745 
0.147687 0.14175 0.659598 0.129174 0.152288 0.663147 -0.0893664 0.0851272 0.64244 
-0.0782475 0.102743 0.648134 0.110661 0.162826 0.666696 0.0810295 0.155748 0.664552 
0.0774152 0.165081 0.683688 0.0625168 0.166286 0.668101 0.0328852 0.159208 0.665956 
0.0217663 0.141592 0.660262 -0.00786534 0.134514 0.658117 -0.037497 0.127436 0.655973 
-0.0671286 0.120359 0.653828 0.0440041 0.176823 0.671651 0.395692 0.0411951 0.609256 
0.399306 0.0318623 0.59012 0.410425 0.0494779 0.595814 0.36606 0.0341173 0.607112 
0.369674 0.0247844 0.587975 0.336428 0.0270394 0.604967 0.340043 0.0177066 0.585831 
0.306797 0.0199615 0.602822 0.310411 0.0106287 0.583686 0.277165 0.0128837 0.600677 
0.280779 0.00355083 0.581541 0.247533 0.00580581 0.598533 0.251148 -0.00352703 0.579396 
0.217902 -0.00127205 0.596388 0.221516 -0.0106049 0.577251 0.203003 -6.71049e-05 0.580801 
0.391912 0.0600157 0.599364 0.373399 0.0705535 0.602913 0.358666 0.0622707 0.616355 
0.329035 0.0551928 0.614211 0.299403 0.048115 0.612066 0.269771 0.0410371 0.609921 
0.184491 0.0104707 0.58435 0.151245 0.0127257 0.601342 0.154859 0.00339282 0.582206 
0.121613 0.0056478 0.599197 0.125227 -0.00368504 0.580061 0.106715 0.00685275 0.58361 
0.354887 0.0810913 0.606463 0.336374 0.0916291 0.610012 0.321641 0.0833463 0.623454 
0.292009 0.0762684 0.621309 0.088202 0.0173905 0.58716 0.054956 0.0196455 0.604151 
0.0585704 0.0103127 0.585015 0.0253244 0.0125677 0.602007 0.0289387 0.00323481 0.58287 
-0.00430726 0.0054898 0.599862 -0.000692905 -0.00384305 0.580725 -0.0192056 0.00669474 0.584275 
0.317861 0.102167 0.613561 0.28823 0.095089 0.611417 0.254984 0.097344 0.628408 
0.269717 0.105627 0.614966 -0.0413327 0.0265654 0.606961 -0.0377184 0.0172325 0.587824 
-0.0709644 0.0194875 0.604816 -0.06735 0.0101547 0.58568 -0.100596 0.0124096 0.602671 
-0.0969816 0.00307681 0.583535 -0.115494 0.0136146 0.587084 0.251204 0.116165 0.618516 
0.221572 0.109087 0.616371 0.191941 0.102009 0.614226 0.188326 0.111342 0.633362 
0.173428 0.112547 0.617775 -0.0783582 0.0476409 0.61406 -0.10799 0.0405631 0.611915 
-0.122888 0.041768 0.596328 0.154915 0.123084 0.621325 0.151301 0.132417 0.640461 
0.136403 0.133622 0.624874 -0.115384 0.0687165 0.621158 -0.141401 0.0523058 0.599877 
-0.145015 0.0616387 0.619014 -0.174647 0.0545608 0.616869 -0.171033 0.045228 0.597733 
-0.189545 0.0557657 0.601282 0.11789 0.14416 0.628424 0.114276 0.153493 0.64756 
0.0993772 0.154698 0.631973 -0.0784126 0.112231 0.619105 -0.0895315 0.094615 0.61341 
-0.119163 0.0875371 0.611266 -0.148795 0.0804593 0.609121 -0.178426 0.0733814 0.606976 
0.0808644 0.165236 0.635523 0.0512328 0.158158 0.633378 0.0476184 0.167491 0.652514 
0.0216012 0.15108 0.631233 -0.00803046 0.144002 0.629088 -0.0376621 0.136924 0.626944 
-0.0672937 0.129846 0.624799 0.40292 0.0225294 0.570984 0.406535 0.0131966 0.551847 
0.417654 0.0308122 0.557542 0.373289 0.0154516 0.568839 0.376903 0.00611873 0.549703 
0.343657 0.00837371 0.566694 0.347271 -0.000959133 0.547558 0.314025 0.00129585 0.564549 
0.31764 -0.008037 0.545413 0.284394 -0.00578201 0.562405 0.288008 -0.0151149 0.543268 
0.254762 -0.0128599 0.56026 0.258377 -0.0221927 0.541124 0.239864 -0.0116549 0.544673 
0.41026 0.0589657 0.566785 0.221351 -0.00111714 0.548222 0.188105 0.00113784 0.565214 
0.191719 -0.008195 0.546078 0.173207 0.00234279 0.549627 0.388133 0.0788363 0.589471 
0.402866 0.0871191 0.576029 0.154694 0.0128806 0.553177 0.125062 0.00580271 0.551032 
0.0918164 0.00805769 0.568023 0.0954307 -0.00127515 0.548887 0.0621847 0.000979833 0.565879 
0.0657991 -0.00835301 0.546742 0.0472863 0.00218478 0.550292 0.384353 0.0976569 0.579578 
0.351107 0.0999119 0.59657 0.36584 0.108195 0.583128 0.0287736 0.0127226 0.553841 
-0.000858024 0.00564471 0.551696 -0.034104 0.00789969 0.568688 -0.0304897 -0.00143316 0.549552 
-0.0637356 0.000821825 0.566543 -0.0601213 -0.00851102 0.547407 -0.0933673 -0.00625604 0.564399 
-0.0897529 -0.0155889 0.545262 -0.108266 -0.00505109 0.548812 0.347328 0.118732 0.586677 
0.317696 0.111655 0.584532 0.28445 0.11391 0.601524 0.299183 0.122192 0.588082 
-0.115659 0.0231023 0.558055 0.280671 0.13273 0.591631 0.251039 0.125652 0.589487 
0.221407 0.118574 0.587342 0.191776 0.111497 0.585197 0.173263 0.122034 0.588746 
-0.123053 0.0512558 0.567299 0.15475 0.132572 0.592296 0.125119 0.125494 0.590151 
0.121504 0.134827 0.609287 0.106606 0.136032 0.593701 -0.141566 0.0617936 0.570848 
-0.174812 0.0640486 0.58784 -0.160079 0.0723314 0.574398 0.0880932 0.14657 0.59725 
0.0844788 0.155903 0.616386 0.0695804 0.157108 0.600799 -0.0340477 0.127591 0.607807 
-0.0193145 0.135874 0.594365 -0.0304334 0.118258 0.588671 -0.060065 0.111181 0.586526 
-0.0636794 0.120513 0.605663 -0.0896966 0.104103 0.584381 -0.119328 0.0970249 0.582237 
-0.14896 0.089947 0.580092 0.0510677 0.167645 0.604349 0.021436 0.160568 0.602204 
-0.00819558 0.15349 0.600059 0.410149 0.00386375 0.532711 0.413763 -0.0054691 0.513575 
0.424882 0.0121466 0.519269 0.380517 -0.00321412 0.530566 0.384132 -0.012547 0.51143 
0.350886 -0.010292 0.528422 0.3545 -0.0196248 0.509285 0.321254 -0.0173698 0.526277 
0.324869 -0.0267027 0.50714 0.291623 -0.0244477 0.524132 0.295237 -0.0337805 0.504996 
0.276724 -0.0232428 0.508545 0.417488 0.0403 0.528513 0.258211 -0.012705 0.512095 
0.224965 -0.01045 0.529086 0.22858 -0.0197828 0.50995 0.210067 -0.00924504 0.513499 
0.410095 0.0684534 0.537756 0.191554 0.00129275 0.517049 0.158308 0.00354773 0.53404 
0.161923 -0.00578511 0.514904 0.14341 0.00475268 0.518453 0.402701 0.0966069 0.547 
0.124897 0.0152905 0.522003 0.0952656 0.0082126 0.519858 0.065634 0.00113474 0.517713 
0.032388 0.00338972 0.534705 0.0360023 -0.00594312 0.515569 0.00275634 -0.00368814 0.53256 
0.00637069 -0.013021 0.513424 -0.0268753 -0.010766 0.530415 -0.0232609 -0.0200988 0.511279 
-0.0565069 -0.0178439 0.528271 -0.0528926 -0.0271767 0.509134 -0.0861386 -0.0249217 0.526126 
-0.0825242 -0.0342546 0.50699 -0.101037 -0.0237168 0.510539 0.380574 0.116477 0.569686 
0.395307 0.12476 0.556243 -0.123164 -0.00384615 0.533225 -0.11955 -0.013179 0.514088 
-0.138062 -0.0026412 0.517638 0.376794 0.135298 0.559793 0.347163 0.12822 0.557648 
0.317531 0.121142 0.555503 0.299018 0.13168 0.559053 -0.130558 0.0243073 0.542468 
-0.145456 0.0255122 0.526881 0.280506 0.142218 0.562602 0.250874 0.13514 0.560457 
0.221242 0.128062 0.558313 0.191611 0.120984 0.556168 0.161979 0.113907 0.554023 
0.158365 0.123239 0.57316 0.143466 0.124444 0.557573 -0.137952 0.0524607 0.551712 
-0.15285 0.0536657 0.536125 0.124954 0.134982 0.561122 0.106441 0.14552 0.564672 
-0.174977 0.0735363 0.558811 -0.171363 0.0642035 0.539675 -0.189876 0.0747413 0.543224 
0.087928 0.156058 0.568221 0.0582964 0.14898 0.566076 0.054682 0.158313 0.585213 
0.0397837 0.159518 0.569626 -0.0194796 0.145362 0.565336 -0.0305985 0.127746 0.559642 
-0.0602301 0.120668 0.557497 -0.0898618 0.11359 0.555352 -0.119493 0.106513 0.553208 
-0.149125 0.0994348 0.551063 -0.178757 0.0923569 0.548918 0.0212709 0.170055 0.573175 
-0.0083607 0.162978 0.57103 0.387746 -0.0218798 0.492294 0.391361 -0.0312126 0.473157 
0.402479 -0.013597 0.478851 0.358115 -0.0289577 0.490149 0.361729 -0.0382905 0.471013 
0.343216 -0.0277527 0.474562 0.409984 0.0133515 0.503682 0.395086 0.0145564 0.488095 
0.324703 -0.0172149 0.478111 0.295072 -0.0242928 0.475967 0.261826 -0.0220378 0.492958 
0.26544 -0.0313707 0.473822 0.246927 -0.0208329 0.477371 0.406204 0.0321721 0.493789 
0.417323 0.0497877 0.499484 0.228415 -0.0102951 0.480921 0.195169 -0.00804009 0.497912 
0.198783 -0.0173729 0.478776 0.18027 -0.00683515 0.482325 -0.071516 -0.0717408 0.47861 
-0.0679016 -0.0810737 0.459473 -0.0567827 -0.063458 0.465167 -0.0864144 -0.0705359 0.463023 
0.40993 0.0779412 0.508727 0.161758 0.00370264 0.485875 0.128512 0.00595762 0.502867 
0.132126 -0.00337522 0.48373 0.0988799 -0.00112024 0.500722 0.102494 -0.0104531 0.481585 
0.0692483 -0.0081981 0.498577 0.0728627 -0.0175309 0.479441 0.0396167 -0.015276 0.496432 
0.043231 -0.0246088 0.477296 0.00998505 -0.0223538 0.494287 0.0135994 -0.0316867 0.475151 
-0.0196466 -0.0294317 0.492143 -0.0160322 -0.0387645 0.473006 -0.0492782 -0.0365095 0.489998 
-0.0456639 -0.0458424 0.470862 -0.0789098 -0.0435874 0.487853 -0.0938082 -0.0423825 0.472266 
0.391417 0.088479 0.512277 0.387802 0.0978118 0.531413 0.372904 0.0990168 0.515826 
-0.115935 -0.0225118 0.494952 -0.112321 -0.0318447 0.475816 -0.130834 -0.0213069 0.479365 
0.380409 0.125965 0.540657 0.36551 0.12717 0.52507 -0.152961 -0.00143626 0.502051 
-0.149346 -0.0107691 0.482915 -0.167859 -0.00023131 0.486464 0.346997 0.137708 0.528619 
0.317366 0.13063 0.526474 0.298853 0.141168 0.530024 -0.160355 0.0267172 0.511295 
-0.186372 0.0103065 0.490013 -0.189986 0.0196393 0.50915 -0.204885 0.0208443 0.493563 
0.28034 0.151706 0.533573 0.250709 0.144628 0.531428 0.221077 0.13755 0.529284 
0.191445 0.130472 0.527139 0.161814 0.123394 0.524994 0.143301 0.133932 0.528544 
-0.167748 0.0548706 0.520538 -0.19738 0.0477928 0.518393 -0.212278 0.0489977 0.502807 
0.124788 0.14447 0.532093 0.106276 0.155008 0.535643 -0.204774 0.0759462 0.527637 
-0.219672 0.0771511 0.51205 0.0877629 0.165545 0.539192 0.0581313 0.158468 0.537047 
0.0396185 0.169005 0.540597 -0.0196447 0.15485 0.536307 -0.0307636 0.137234 0.530613 
-0.0603952 0.130156 0.528468 -0.0900269 0.123078 0.526323 -0.119659 0.116 0.524179 
-0.14929 0.108923 0.522034 -0.178922 0.101845 0.519889 -0.208553 0.0947668 0.517744 
0.0211058 0.179543 0.544146 -0.00852582 0.172465 0.542001 0.394975 -0.0405455 0.454021 
0.398589 -0.0498783 0.434885 0.409708 -0.0322627 0.440579 0.365343 -0.0476233 0.451876 
0.368958 -0.0569562 0.43274 0.350445 -0.0464184 0.436289 0.402314 -0.00410924 0.449822 
0.328318 -0.0265478 0.458975 0.331932 -0.0358806 0.439839 0.298686 -0.0336256 0.45683 
0.302301 -0.0429585 0.437694 0.269055 -0.0407035 0.454686 0.272669 -0.0500363 0.435549 
0.254156 -0.0394985 0.439099 0.39492 0.0240442 0.459066 0.232029 -0.0196279 0.461784 
0.235643 -0.0289608 0.442648 0.202397 -0.0267058 0.45964 0.206012 -0.0360386 0.440503 
0.187499 -0.0255008 0.444053 0.143134 -0.0408615 0.45535 0.146748 -0.0501943 0.436214 
0.157867 -0.0325787 0.441908 0.113503 -0.0479394 0.453205 0.117117 -0.0572722 0.434069 
0.0838709 -0.0550172 0.451061 0.0874852 -0.0643501 0.431924 0.0542392 -0.0620951 0.448916 
0.0578536 -0.0714279 0.42978 0.0246076 -0.0691729 0.446771 0.028222 -0.0785058 0.427635 
-0.00502402 -0.0762508 0.444626 -0.00140966 -0.0855836 0.42549 -0.0346557 -0.0833287 0.442482 
-0.0310413 -0.0926615 0.423345 -0.0642873 -0.0904065 0.440337 -0.0606729 -0.0997394 0.421201 
-0.0939189 -0.0974844 0.438192 -0.0903046 -0.106817 0.419056 -0.123551 -0.104562 0.436047 
-0.119936 -0.113895 0.416911 -0.153182 -0.11164 0.433903 -0.149568 -0.120973 0.414766 
-0.168081 -0.110435 0.418316 0.402425 0.0509927 0.483897 0.387527 0.0521976 0.46831 
0.165372 -0.0056302 0.466739 0.168986 -0.014963 0.447602 0.13574 -0.0127081 0.464594 
0.106109 -0.0197859 0.462449 0.076477 -0.0268638 0.460304 0.0468454 -0.0339416 0.45816 
0.0172138 -0.0410195 0.456015 -0.0124179 -0.0480974 0.45387 -0.0420495 -0.0551752 0.451725 
-0.101313 -0.069331 0.447436 -0.130944 -0.0764088 0.445291 -0.160576 -0.0834867 0.443146 
-0.186593 -0.0998974 0.421865 -0.190208 -0.0905645 0.441001 -0.219839 -0.0976424 0.438857 
-0.216225 -0.106975 0.41972 -0.234738 -0.0964375 0.42327 0.395031 0.0791461 0.49314 
0.380133 0.0803511 0.477553 -0.108707 -0.0411775 0.456679 -0.138338 -0.0482554 0.454535 
-0.16797 -0.0553332 0.45239 -0.197601 -0.0624111 0.450245 -0.2125 -0.0612062 0.434658 
-0.223619 -0.0788218 0.428964 0.36162 0.0908889 0.481103 0.358006 0.100222 0.500239 
0.343107 0.101427 0.484652 -0.145732 -0.0201019 0.463778 -0.175364 -0.0271798 0.461634 
-0.204995 -0.0342577 0.459489 -0.219894 -0.0330527 0.443902 0.350612 0.128375 0.509483 
0.335713 0.12958 0.493896 -0.182758 0.000973636 0.470877 -0.212389 -0.00610423 0.468732 
-0.227288 -0.00489928 0.453145 0.317201 0.140118 0.497445 0.287569 0.13304 0.495301 
0.283955 0.142373 0.514437 0.269056 0.143578 0.49885 -0.219783 0.0220492 0.477976 
-0.234681 0.0232542 0.462389 0.250544 0.154116 0.502399 0.220912 0.147038 0.500255 
0.19128 0.13996 0.49811 0.161649 0.132882 0.495965 0.143136 0.14342 0.499515 
-0.227177 0.0502026 0.48722 -0.242075 0.0514076 0.471633 0.124623 0.153958 0.503064 
0.0949916 0.14688 0.500919 0.0913773 0.156213 0.520056 0.0764789 0.157418 0.504469 
-0.234571 0.0783561 0.496463 -0.260588 0.0619454 0.475182 -0.264202 0.0712782 0.494319 
-0.279101 0.0724832 0.478732 0.0579662 0.167955 0.508018 0.0283345 0.160877 0.505873 
0.0247202 0.17021 0.52501 -0.0012971 0.1538 0.503729 -0.00491146 0.163132 0.522865 
-0.0309287 0.146722 0.501584 -0.0605604 0.139644 0.499439 -0.090192 0.132566 0.497294 
-0.119824 0.125488 0.49515 -0.149455 0.11841 0.493005 -0.179087 0.111332 0.49086 
-0.208719 0.104255 0.488715 -0.23835 0.0971767 0.486571 -0.267982 0.0900988 0.484426 
0.313309 -0.0804448 0.409314 0.316923 -0.0897776 0.390178 0.328042 -0.072162 0.395872 
0.29841 -0.0792398 0.393727 0.39481 -0.0310577 0.424992 0.379911 -0.0298528 0.409405 
0.368792 -0.0474684 0.403711 0.335546 -0.0452135 0.420702 0.339161 -0.0545463 0.401566 
0.305915 -0.0522913 0.418558 0.279898 -0.068702 0.397277 0.276283 -0.0593692 0.416413 
0.246652 -0.066447 0.414268 0.250266 -0.0757799 0.395132 0.21702 -0.0735249 0.412123 
0.220634 -0.0828578 0.392987 0.187388 -0.0806028 0.409979 0.191003 -0.0899356 0.390842 
0.157757 -0.0876806 0.407834 0.161371 -0.0970135 0.388698 0.142858 -0.0864757 0.392247 
0.39103 -0.0122371 0.415099 0.402149 0.00537851 0.420793 0.239258 -0.0382936 0.423512 
0.209626 -0.0453715 0.421367 0.179994 -0.0524493 0.419222 0.150363 -0.0595272 0.417078 
0.124346 -0.0759379 0.395796 0.120731 -0.0666051 0.414933 0.105833 -0.0654001 0.399346 
0.0022047 -0.0949165 0.406354 0.00581906 -0.104249 0.387217 0.016938 -0.0866337 0.392912 
-0.0274269 -0.101994 0.404209 -0.0238126 -0.111327 0.385073 -0.0570586 -0.109072 0.402064 
-0.0534442 -0.118405 0.382928 -0.0866902 -0.11615 0.399919 -0.0830758 -0.125483 0.380783 
-0.116322 -0.123228 0.397775 -0.112707 -0.132561 0.378638 -0.13122 -0.122023 0.382188 
0.394755 0.0335319 0.430037 0.172601 -0.0242959 0.428466 0.0873201 -0.0548623 0.402895 
0.0576885 -0.0619402 0.400751 0.0280569 -0.069018 0.398606 -0.149733 -0.111485 0.385737 
-0.168246 -0.100947 0.389287 0.376243 0.0440697 0.433587 0.372628 0.0534026 0.452723 
0.35773 0.0546075 0.437136 -0.186758 -0.0904096 0.392836 -0.21639 -0.0974875 0.390691 
-0.249636 -0.0952325 0.407683 -0.246022 -0.104565 0.388547 -0.264534 -0.0940276 0.392096 
0.365234 0.081556 0.461966 0.350336 0.082761 0.44638 -0.227398 -0.0600012 0.419071 
-0.25703 -0.0670791 0.416927 -0.271928 -0.0658741 0.40134 -0.316293 -0.0812348 0.412637 
-0.312679 -0.0905676 0.393501 -0.30156 -0.072952 0.399195 -0.331192 -0.0800299 0.39705 
0.331823 0.0932987 0.449929 0.328209 0.102632 0.469065 0.313311 0.103837 0.453478 
-0.234792 -0.0318478 0.428315 -0.24969 -0.0306428 0.412728 -0.260809 -0.0482585 0.407034 
-0.320073 -0.0624142 0.402744 0.320815 0.130785 0.478309 0.305917 0.13199 0.462722 
-0.242186 -0.00369434 0.437559 -0.257084 -0.00248939 0.421972 0.287404 0.142528 0.466272 
0.257772 0.13545 0.464127 0.254158 0.144783 0.483263 0.23926 0.145988 0.467676 
-0.24958 0.0244591 0.446802 -0.275597 0.0080484 0.425521 -0.279211 0.0173812 0.444657 
-0.308843 0.0103034 0.442513 -0.305229 0.000970537 0.423376 -0.323741 0.0115083 0.426926 
0.220747 0.156525 0.471226 0.191115 0.149448 0.469081 0.161484 0.14237 0.466936 
0.131852 0.135292 0.464791 0.128238 0.144625 0.483928 0.113339 0.14583 0.468341 
-0.256974 0.0526125 0.456046 -0.286605 0.0455347 0.453901 -0.301504 0.0467396 0.438314 
-0.312622 0.029124 0.43262 0.0948265 0.156367 0.47189 0.0651949 0.14929 0.469745 
0.0615805 0.158622 0.488882 0.0466821 0.159827 0.473295 -0.290385 0.0643553 0.444008 
-0.279266 0.0819709 0.449703 0.0281694 0.170365 0.476844 -0.00146222 0.163287 0.4747 
-0.0310939 0.156209 0.472555 -0.0607255 0.149132 0.47041 -0.0903571 0.142054 0.468265 
-0.119989 0.134976 0.466121 -0.14962 0.127898 0.463976 -0.179252 0.12082 0.461831 
-0.208884 0.113742 0.459686 -0.238515 0.106664 0.457542 -0.268147 0.0995866 0.455397 
0.231643 -0.120344 0.364607 0.235257 -0.129677 0.345471 0.246376 -0.112061 0.351165 
0.202011 -0.127422 0.362462 0.205625 -0.136755 0.343326 0.172379 -0.1345 0.360318 
0.175994 -0.143833 0.341181 0.157481 -0.133295 0.344731 0.313144 -0.070957 0.380285 
0.283512 -0.0780349 0.37814 0.287126 -0.0873677 0.359004 0.298245 -0.0697521 0.364698 
0.25388 -0.0851127 0.375995 0.257495 -0.0944456 0.356859 0.224249 -0.0921906 0.373851 
0.194617 -0.0992685 0.371706 0.164985 -0.106346 0.369561 0.150087 -0.105141 0.353974 
0.365013 -0.0286478 0.393818 0.350115 -0.0274429 0.378231 0.338996 -0.0450585 0.372537 
0.309364 -0.0521364 0.370392 0.142693 -0.0769879 0.363218 -0.0201982 -0.12066 0.365936 
-0.0165839 -0.129993 0.3468 -0.00546496 -0.112377 0.352494 -0.0498298 -0.127738 0.363792 
-0.0462155 -0.137071 0.344655 -0.0647282 -0.126533 0.348205 0.387251 0.00658346 0.405207 
0.372352 0.0077884 0.38962 0.361234 -0.00982725 0.383925 0.12418 -0.0664501 0.366767 
0.105668 -0.0559124 0.370317 0.00565394 -0.0947616 0.358188 0.0167728 -0.0771459 0.363883 
-0.083241 -0.115995 0.351754 -0.112873 -0.123073 0.349609 -0.146119 -0.120818 0.366601 
-0.142504 -0.130151 0.347465 -0.161017 -0.119613 0.351014 0.379857 0.0347369 0.41445 
0.364959 0.0359418 0.398863 0.087155 -0.0453746 0.373866 0.0575234 -0.0524524 0.371722 
0.0278917 -0.0595303 0.369577 -0.183144 -0.0997425 0.3737 -0.17953 -0.109075 0.354563 
-0.198042 -0.0985375 0.358113 0.357565 0.0640953 0.408107 -0.216555 -0.0879997 0.361662 
-0.246187 -0.0950776 0.359518 -0.279433 -0.0928226 0.376509 -0.275818 -0.102155 0.357373 
-0.309064 -0.0999005 0.374364 -0.30545 -0.109233 0.355228 -0.323963 -0.0986955 0.358777 
0.339052 0.0746331 0.411656 0.335438 0.0839659 0.430793 0.320539 0.0851709 0.415206 
-0.286827 -0.0646692 0.385753 -0.331357 -0.0705421 0.368021 0.302027 0.0957086 0.418755 
0.298412 0.105041 0.437892 0.283514 0.106246 0.422305 -0.264589 -0.0294379 0.397141 
-0.29422 -0.0365157 0.394996 -0.320238 -0.0529264 0.373715 -0.309119 -0.0353108 0.379409 
0.291018 0.133195 0.447135 0.27612 0.1344 0.431548 -0.271983 -0.00128444 0.406385 
-0.301614 -0.00836231 0.40424 -0.327632 -0.024773 0.382959 -0.331246 -0.0154402 0.402095 
-0.346144 -0.0142352 0.386508 0.257607 0.144938 0.435098 0.227976 0.13786 0.432953 
0.224361 0.147193 0.452089 0.209463 0.148398 0.436502 -0.335025 0.00338043 0.392203 
-0.323907 0.0209961 0.397897 0.19095 0.158935 0.440052 0.161318 0.151858 0.437907 
0.131687 0.14478 0.435762 0.102055 0.137702 0.433618 0.0984409 0.147035 0.452754 
0.0835425 0.14824 0.437167 -0.301669 0.0562274 0.409285 -0.312788 0.0386117 0.403591 
0.0650298 0.158777 0.440716 0.0353981 0.151699 0.438572 0.0317838 0.161032 0.457708 
0.0168854 0.162237 0.442121 -0.264533 0.0902537 0.43626 -0.249799 0.0985365 0.422818 
-0.260918 0.0809209 0.417124 -0.29055 0.073843 0.414979 -0.00162734 0.172775 0.445671 
-0.031259 0.165697 0.443526 -0.0608906 0.158619 0.441381 -0.0905222 0.151542 0.439236 
-0.120154 0.144464 0.437092 -0.149786 0.137386 0.434947 -0.179417 0.130308 0.432802 
-0.209049 0.12323 0.430657 -0.23868 0.116152 0.428512 0.235092 -0.120189 0.316442 
0.246211 -0.102573 0.322136 0.20546 -0.127267 0.314297 0.175828 -0.134345 0.312152 
0.157316 -0.123807 0.315702 0.286961 -0.07788 0.329975 0.29808 -0.0602643 0.335669 
0.25733 -0.0849578 0.32783 0.138803 -0.113269 0.319251 0.135189 -0.103936 0.338387 
0.12029 -0.102731 0.322801 0.335216 -0.026238 0.362644 0.320318 -0.025033 0.347057 
0.309199 -0.0426487 0.341363 0.127795 -0.075783 0.347631 0.112896 -0.074578 0.332044 
0.0092683 -0.104094 0.339052 0.0128827 -0.113427 0.319916 0.0240016 -0.0958116 0.32561 
-0.016749 -0.120505 0.317771 -0.0463806 -0.127583 0.315626 -0.0796266 -0.125328 0.332618 
-0.0760122 -0.134661 0.313481 -0.094525 -0.124123 0.317031 0.357454 0.00899335 0.374033 
0.342556 0.0101983 0.358446 0.331437 -0.00741736 0.352752 0.0907694 -0.0547074 0.35473 
0.0943837 -0.0640403 0.335594 0.0611377 -0.0617853 0.352585 0.0647521 -0.0711181 0.333449 
0.0315061 -0.0688631 0.35044 0.0351204 -0.078196 0.331304 -0.113038 -0.113585 0.32058 
-0.142669 -0.120663 0.318436 -0.161182 -0.110125 0.321985 0.35006 0.0371468 0.383276 
0.335162 0.0383517 0.367689 -0.179695 -0.0995876 0.325534 -0.212941 -0.0973326 0.342526 
-0.209326 -0.106665 0.32339 -0.242572 -0.10441 0.340381 -0.238958 -0.113743 0.321245 
-0.272204 -0.111488 0.338236 -0.26859 -0.120821 0.3191 -0.287102 -0.110283 0.32265 
0.342666 0.0653002 0.39252 0.327768 0.0665052 0.376933 -0.305615 -0.0997456 0.326199 
-0.324128 -0.0892078 0.329748 0.309255 0.077043 0.380483 0.305641 0.0863758 0.399619 
0.290743 0.0875807 0.384032 -0.342641 -0.07867 0.333298 -0.346255 -0.0693372 0.352434 
-0.361153 -0.0681322 0.336847 0.27223 0.0981185 0.387581 0.268615 0.107451 0.406718 
0.253717 0.108656 0.391131 -0.324017 -0.0341059 0.363823 -0.338916 -0.0329009 0.348236 
-0.350034 -0.0505166 0.342542 0.261222 0.135605 0.415961 0.235204 0.119194 0.39468 
0.23159 0.128527 0.413817 0.216692 0.129732 0.39823 -0.346309 -0.00474747 0.357479 
0.198179 0.14027 0.401779 0.194564 0.149603 0.420915 0.179666 0.150807 0.405329 
-0.324072 0.0304838 0.368868 -0.335191 0.0128682 0.363174 0.161153 0.161345 0.408878 
0.131522 0.154267 0.406733 0.10189 0.14719 0.404589 0.0722585 0.140112 0.402444 
0.0686441 0.149445 0.42158 0.0537457 0.150649 0.405993 -0.301834 0.0657151 0.380256 
-0.312953 0.0480995 0.374562 0.035233 0.161187 0.409543 0.00560138 0.154109 0.407398 
0.00198702 0.163442 0.426534 -0.0129114 0.164647 0.410947 -0.249964 0.108024 0.393789 
-0.261083 0.0904086 0.388095 -0.290715 0.0833308 0.38595 -0.0314241 0.175185 0.414497 
-0.0610557 0.168107 0.412352 -0.0906874 0.161029 0.410207 -0.120319 0.153951 0.408062 
-0.149951 0.146874 0.405918 -0.179582 0.139796 0.403773 -0.209214 0.132718 0.401628 
-0.238846 0.12564 0.399483 0.231312 -0.101369 0.306549 0.216414 -0.100164 0.290962 
0.205295 -0.117779 0.285268 0.175663 -0.124857 0.283123 0.142417 -0.122602 0.300115 
0.146032 -0.131935 0.280978 0.127519 -0.121397 0.284528 0.283182 -0.0590594 0.320082 
0.268283 -0.0578544 0.304495 0.257164 -0.0754701 0.298801 0.227533 -0.0825479 0.296656 
0.120125 -0.0932437 0.293771 -0.0131346 -0.129838 0.298635 -0.00952026 -0.139171 0.279498 
0.00159864 -0.121555 0.285192 -0.028033 -0.128633 0.283048 0.30542 -0.0238281 0.331471 
0.290521 -0.0226231 0.315884 0.279402 -0.0402388 0.310189 0.101612 -0.0827059 0.297321 
0.0979981 -0.0733731 0.316457 0.0830997 -0.0721681 0.30087 0.0127175 -0.10394 0.290887 
0.0238364 -0.0863239 0.296581 -0.0465457 -0.118095 0.286597 -0.0761774 -0.125173 0.284452 
-0.109423 -0.122918 0.301444 -0.105809 -0.132251 0.282308 -0.124322 -0.121713 0.285857 
0.327657 0.0114032 0.342859 0.298026 0.00432537 0.340714 0.283127 0.00553032 0.325127 
0.064587 -0.0616304 0.30442 0.0349553 -0.0687082 0.302275 -0.142834 -0.111175 0.289407 
-0.17608 -0.10892 0.306398 -0.172466 -0.118253 0.287262 -0.190979 -0.107715 0.290811 
0.320263 0.0395567 0.352103 0.305365 0.0407616 0.336516 0.294246 0.023146 0.330821 
-0.209492 -0.0971777 0.294361 -0.239123 -0.104256 0.292216 -0.268755 -0.111333 0.290071 
-0.302001 -0.109078 0.307063 -0.298386 -0.118411 0.287926 -0.316899 -0.107873 0.291476 
0.31287 0.0677101 0.361346 0.297971 0.0689151 0.345759 -0.339026 -0.0880028 0.314162 
-0.335412 -0.0973357 0.295025 -0.353925 -0.0867979 0.298575 0.279458 0.0794528 0.349309 
0.275844 0.0887857 0.368445 0.260946 0.0899906 0.352858 -0.361318 -0.0586445 0.307818 
0.242433 0.100528 0.356408 0.238819 0.109861 0.375544 0.22392 0.111066 0.359957 
-0.353814 -0.031696 0.332649 -0.368712 -0.030491 0.317062 0.216526 0.13922 0.369201 
-0.346475 0.00474028 0.32845 -0.357593 -0.0128754 0.322756 0.198014 0.149757 0.37275 
0.179501 0.160295 0.3763 -0.324237 0.0399716 0.339839 -0.335356 0.0223559 0.334145 
0.160988 0.170833 0.379849 0.131357 0.163755 0.377704 0.101725 0.156677 0.375559 
0.0720934 0.149599 0.373415 0.0424617 0.142522 0.37127 0.0388474 0.151854 0.390406 
0.023949 0.153059 0.374819 -0.301999 0.0752029 0.351227 -0.313118 0.0575872 0.345533 
0.00543626 0.163597 0.378369 -0.0241954 0.156519 0.376224 -0.0278097 0.165852 0.39536 
-0.0427081 0.167057 0.379774 -0.25013 0.117512 0.36476 -0.261248 0.0998964 0.359066 
-0.29088 0.0928185 0.356921 -0.0612208 0.177595 0.383323 -0.0908525 0.170517 0.381178 
-0.120484 0.163439 0.379033 -0.150116 0.156361 0.376889 -0.179747 0.149283 0.374744 
-0.209379 0.142206 0.372599 -0.239011 0.135128 0.370454 0.20513 -0.108291 0.256239 
0.216249 -0.0906758 0.261933 0.175498 -0.115369 0.254094 0.145867 -0.122447 0.251949 
0.127354 -0.111909 0.255499 0.253385 -0.0566495 0.288908 0.238487 -0.0554445 0.273321 
0.227368 -0.0730602 0.267627 0.108841 -0.101372 0.259048 0.105227 -0.0920388 0.278185 
0.0903284 -0.0908338 0.262598 0.0163319 -0.113272 0.27175 0.0199463 -0.122605 0.252614 
0.0310652 -0.10499 0.258308 -0.00968538 -0.129683 0.250469 -0.0281981 -0.119145 0.254019 
0.275623 -0.0214182 0.300297 0.260724 -0.0202132 0.28471 0.249605 -0.0378289 0.279016 
0.0682013 -0.0709632 0.285283 0.0718157 -0.080296 0.266147 0.0385697 -0.0780411 0.283139 
0.042184 -0.0873739 0.264002 -0.0467108 -0.108607 0.257568 -0.0763425 -0.115685 0.255423 
-0.105974 -0.122763 0.253279 -0.124487 -0.112225 0.256828 0.268229 0.00673527 0.30954 
0.253331 0.00794021 0.293954 -0.143 -0.101688 0.260377 -0.172631 -0.108765 0.258233 
-0.205877 -0.106511 0.275224 -0.202263 -0.115843 0.256088 -0.235509 -0.113588 0.27308 
-0.231894 -0.122921 0.253943 -0.26514 -0.120666 0.270935 -0.261526 -0.129999 0.251798 
-0.280039 -0.119461 0.255348 0.290467 0.0419666 0.320929 0.275568 0.0431715 0.305342 
0.264449 0.0255559 0.299648 -0.298552 -0.108924 0.258897 -0.317064 -0.0983857 0.262447 
0.283073 0.07012 0.330172 0.268174 0.071325 0.314586 -0.335577 -0.0878479 0.265996 
-0.35409 -0.0773101 0.269546 0.249662 0.0818627 0.318135 0.246047 0.0911956 0.337271 
0.231149 0.0924005 0.321684 -0.346585 -0.0503616 0.294376 -0.331852 -0.0420788 0.280934 
-0.342971 -0.0596945 0.27524 0.212636 0.102938 0.325234 0.209022 0.112271 0.34437 
0.194124 0.113476 0.328783 -0.350365 -0.0315411 0.284483 -0.368877 -0.0210033 0.288033 
0.201628 0.140425 0.353614 0.18673 0.14163 0.338027 -0.34664 0.014228 0.299421 
-0.357759 -0.00338762 0.293727 0.168217 0.152167 0.341576 0.164603 0.1615 0.360713 
0.149704 0.162705 0.345126 -0.324402 0.0494593 0.31081 -0.335521 0.0318437 0.305115 
0.131192 0.173243 0.348675 0.10156 0.166165 0.34653 0.0719282 0.159087 0.344386 
0.0422966 0.152009 0.342241 0.012665 0.144931 0.340096 0.00905062 0.154264 0.359233 
-0.00584776 0.155469 0.343646 -0.302164 0.0846906 0.322198 -0.313283 0.067075 0.316504 
-0.0243605 0.166007 0.347195 -0.0539921 0.158929 0.34505 -0.0576065 0.168262 0.364187 
-0.0836238 0.151851 0.342906 -0.0872381 0.161184 0.362042 -0.113255 0.144773 0.340761 
-0.11687 0.154106 0.359897 -0.131768 0.155311 0.34431 -0.235396 0.125795 0.351318 
-0.220663 0.134078 0.337876 -0.231782 0.116462 0.332182 -0.261414 0.109384 0.330037 
-0.291045 0.102306 0.327892 -0.150281 0.165849 0.34786 -0.179912 0.158771 0.345715 
-0.209544 0.151693 0.34357 0.20135 -0.0894709 0.246346 0.186452 -0.0882659 0.230759 
0.175333 -0.105882 0.225065 0.145701 -0.112959 0.22292 0.112456 -0.110704 0.239912 
0.11607 -0.120037 0.220776 0.0975571 -0.1095 0.224325 0.223588 -0.0542396 0.257735 
0.20869 -0.0530346 0.242148 0.197571 -0.0706503 0.236453 0.07543 -0.0896289 0.247011 
0.0790444 -0.0989617 0.227874 0.0457984 -0.0967067 0.244866 0.0494128 -0.10604 0.22573 
0.0197811 -0.113117 0.223585 -0.0098505 -0.120195 0.22144 -0.0430965 -0.11794 0.238432 
-0.0394821 -0.127273 0.219295 -0.0579949 -0.116735 0.222845 0.245826 -0.0190083 0.269123 
0.230928 -0.0178033 0.253536 0.219809 -0.035419 0.247842 -0.0765076 -0.106198 0.226394 
-0.106139 -0.113275 0.22425 -0.139385 -0.11102 0.241241 -0.135771 -0.120353 0.222105 
-0.154284 -0.109816 0.225654 0.238432 0.00914516 0.278367 0.223534 0.0103501 0.26278 
-0.172796 -0.0992777 0.229204 -0.202428 -0.106356 0.227059 -0.23206 -0.113433 0.224914 
-0.261691 -0.120511 0.222769 -0.280204 -0.109974 0.226319 0.26067 0.0443765 0.289755 
0.245772 0.0455814 0.274168 0.234653 0.0279658 0.268474 -0.298717 -0.0994358 0.229868 
-0.331963 -0.0971808 0.24686 -0.328348 -0.106514 0.227724 -0.346861 -0.0959758 0.231273 
0.253276 0.0725299 0.298999 0.238378 0.0737348 0.283412 -0.354255 -0.0678224 0.240517 
0.219865 0.0842726 0.286961 0.216251 0.0936055 0.306098 0.201352 0.0948104 0.290511 
-0.34675 -0.0408739 0.265347 -0.361649 -0.039669 0.24976 0.18284 0.105348 0.29406 
0.179225 0.114681 0.313196 0.164327 0.115886 0.297609 -0.369043 -0.0115155 0.259004 
0.175446 0.133502 0.303304 0.186565 0.151117 0.308998 -0.346805 0.0237158 0.270392 
-0.357924 0.00610014 0.264698 0.168052 0.161655 0.312547 0.149539 0.172193 0.316097 
0.045911 0.142676 0.323105 0.0606442 0.150959 0.309662 0.0495253 0.133344 0.303968 
0.0310126 0.143881 0.307518 -0.324567 0.0589471 0.281781 -0.335686 0.0413314 0.276086 
0.131026 0.182731 0.319646 0.101395 0.175653 0.317501 0.0717631 0.168575 0.315357 
0.0124999 0.154419 0.311067 -0.0171318 0.147341 0.308922 -0.0207461 0.156674 0.328059 
-0.0356445 0.157879 0.312472 -0.302329 0.0941784 0.293169 -0.313448 0.0765627 0.287475 
-0.0541572 0.168417 0.316021 -0.0837889 0.161339 0.313877 -0.113421 0.154261 0.311732 
-0.143052 0.147183 0.309587 -0.146666 0.156516 0.328723 -0.172684 0.140105 0.307442 
-0.176298 0.149438 0.326579 -0.202315 0.133028 0.305297 -0.20593 0.14236 0.324434 
-0.231947 0.12595 0.303153 -0.261579 0.118872 0.301008 -0.29121 0.111794 0.298863 
0.171554 -0.087061 0.215172 0.141922 -0.0941389 0.213028 0.11229 -0.101217 0.210883 
0.197406 -0.0611625 0.207424 0.208525 -0.0435469 0.213119 0.167774 -0.0682404 0.20528 
0.138143 -0.0753183 0.203135 0.108511 -0.0823961 0.20099 0.0752649 -0.0801411 0.217982 
0.0899982 -0.0718583 0.20454 0.0603665 -0.0789362 0.202395 0.0492476 -0.0965518 0.196701 
0.019616 -0.10363 0.194556 -0.0100156 -0.110708 0.192411 -0.0396472 -0.117785 0.190266 
-0.05816 -0.107248 0.193816 0.216029 -0.0165984 0.237949 0.201131 -0.0153934 0.222362 
0.0714854 -0.0613205 0.208089 -0.0766727 -0.0967098 0.197365 -0.106304 -0.103788 0.195221 
-0.135936 -0.110866 0.193076 -0.169182 -0.108611 0.210067 -0.165568 -0.117943 0.190931 
-0.18408 -0.107406 0.19448 0.21225 0.0022222 0.228056 0.223369 0.0198379 0.233751 
-0.202593 -0.0968679 0.19803 -0.232225 -0.103946 0.195885 -0.261856 -0.111024 0.19374 
-0.295102 -0.108769 0.210732 -0.291488 -0.118101 0.191596 -0.310001 -0.107564 0.195145 
0.230873 0.0467863 0.258581 0.215975 0.0479913 0.242994 -0.328513 -0.0970259 0.198694 
-0.361759 -0.0947709 0.215686 -0.358145 -0.104104 0.19655 -0.376658 -0.0935659 0.200099 
0.223479 0.0749398 0.267825 0.208581 0.0761447 0.252238 -0.369153 -0.0666174 0.22493 
-0.384052 -0.0654125 0.209343 0.190068 0.0866825 0.255787 0.186454 0.0960154 0.274924 
0.171556 0.0972203 0.259337 -0.376547 -0.038464 0.234173 -0.391445 -0.0372591 0.218586 
0.164162 0.125374 0.26858 -0.369208 -0.00202776 0.229975 -0.380327 -0.0196434 0.224281 
0.175281 0.142989 0.274275 0.186399 0.160605 0.279969 -0.34697 0.0332035 0.241363 
-0.358089 0.0155879 0.235669 0.167887 0.171143 0.283518 0.138255 0.164065 0.281374 
0.134641 0.173398 0.30051 0.119742 0.174603 0.284923 0.0753775 0.159242 0.29622 
0.0901107 0.167525 0.282778 0.0789918 0.149909 0.277084 0.0493602 0.142831 0.274939 
0.0197286 0.135754 0.272794 0.0161142 0.145086 0.291931 0.00121584 0.146291 0.276344 
-0.339465 0.060152 0.266194 -0.354364 0.061357 0.250607 0.10123 0.185141 0.288472 
-0.0172969 0.156829 0.279893 -0.0469285 0.149751 0.277749 -0.0505429 0.159084 0.296885 
-0.0654413 0.160289 0.281298 -0.317228 0.0953833 0.277582 -0.332126 0.0965883 0.261995 
-0.343245 0.0789726 0.256301 -0.083954 0.170827 0.284847 -0.113586 0.163749 0.282703 
-0.143217 0.156671 0.280558 -0.172849 0.149593 0.278413 -0.202481 0.142515 0.276268 
-0.235727 0.14477 0.29326 -0.220993 0.153053 0.279818 -0.265358 0.137692 0.291115 
-0.280257 0.138897 0.275528 -0.291375 0.121282 0.269834 -0.321007 0.114204 0.267689 
-0.239506 0.163591 0.283367 -0.269138 0.156513 0.281223 0.193626 -0.0423419 0.197532 
0.163995 -0.0494198 0.195387 0.149096 -0.0482149 0.1798 0.137977 -0.0658305 0.174106 
0.104731 -0.0635755 0.191097 0.119465 -0.0552927 0.177655 0.0490825 -0.0870641 0.167672 
0.0602014 -0.0694484 0.173366 0.0194509 -0.094142 0.165527 -0.0137951 -0.091887 0.182518 
0.000938161 -0.0836042 0.169076 -0.0286935 -0.090682 0.166932 -0.0398124 -0.108298 0.161237 
-0.0583251 -0.0977599 0.164787 0.189847 -0.0235213 0.187639 0.200966 -0.00590569 0.193333 
0.160215 -0.0305992 0.185494 0.100952 -0.0447549 0.181205 0.0713203 -0.0518328 0.17906 
-0.0175746 -0.0730664 0.172626 -0.0768378 -0.0872221 0.168336 -0.106469 -0.0943 0.166191 
-0.136101 -0.101378 0.164047 -0.165733 -0.108456 0.161902 -0.198979 -0.106201 0.178894 
-0.195364 -0.115534 0.159757 -0.22861 -0.113279 0.176749 -0.224996 -0.122611 0.157612 
-0.243509 -0.112074 0.161162 0.20847 0.0210428 0.218164 0.193572 0.0222477 0.202577 
-0.262021 -0.101536 0.164711 -0.291653 -0.108614 0.162567 -0.324899 -0.106359 0.179558 
-0.321285 -0.115692 0.160422 -0.339797 -0.105154 0.163971 0.201076 0.0491962 0.227407 
0.186178 0.0504012 0.21182 -0.35831 -0.094616 0.167521 -0.376823 -0.0840782 0.17107 
0.197297 0.0680168 0.217515 0.208416 0.0856325 0.223209 -0.384217 -0.0559247 0.180314 
0.189903 0.0961703 0.226758 0.160271 0.0890924 0.224614 0.156657 0.0984253 0.24375 
0.141759 0.0996302 0.228163 -0.391611 -0.0277713 0.189557 0.152878 0.117246 0.233857 
0.163997 0.134861 0.239551 -0.369373 0.00745999 0.200946 -0.380492 -0.0101557 0.195252 
0.171501 0.16181 0.264382 0.156603 0.163015 0.248795 -0.347135 0.0426913 0.212334 
-0.358254 0.0250756 0.20664 0.13809 0.173553 0.252344 0.119577 0.184091 0.255894 
0.0899456 0.177013 0.253749 0.0788267 0.159397 0.248055 0.0491951 0.152319 0.24591 
0.0195635 0.145241 0.243765 -0.0100682 0.138163 0.241621 -0.0136825 0.147496 0.260757 
-0.0285809 0.148701 0.24517 -0.354529 0.0708447 0.221578 0.101065 0.194628 0.259443 
-0.0470936 0.159239 0.24872 -0.0767253 0.152161 0.246575 -0.0803396 0.161494 0.265711 
-0.106357 0.145083 0.24443 -0.109971 0.154416 0.263566 -0.12487 0.155621 0.247979 
-0.332291 0.106076 0.232966 -0.34341 0.0884604 0.227272 -0.143382 0.166159 0.251529 
-0.173014 0.159081 0.249384 -0.202646 0.152003 0.247239 -0.221158 0.162541 0.250789 
-0.280422 0.148385 0.246499 -0.291541 0.13077 0.240805 -0.321172 0.123692 0.23866 
-0.239671 0.173079 0.254338 -0.269303 0.166001 0.252194 0.134198 -0.0470099 0.164213 
0.0453031 -0.0682435 0.157779 0.0156714 -0.0753214 0.155634 -0.0399775 -0.0988099 0.132208 
-0.0288586 -0.0811943 0.137903 -0.0584902 -0.0882721 0.135758 0.186067 -0.00470075 0.177746 
0.171169 -0.0034958 0.162159 0.16005 -0.0211115 0.156465 0.130418 -0.0281893 0.15432 
0.100787 -0.0352672 0.152176 0.0675408 -0.0330122 0.169167 0.0822741 -0.0247294 0.155725 
0.0526425 -0.0318072 0.15358 0.0415236 -0.0494229 0.147886 0.0118919 -0.0565008 0.145741 
-0.0177397 -0.0635786 0.143597 -0.077003 -0.0777343 0.139307 -0.106635 -0.0848122 0.137162 
-0.136266 -0.0918901 0.135018 -0.165898 -0.0989679 0.132873 -0.195529 -0.106046 0.130728 
-0.225161 -0.113124 0.128583 -0.258407 -0.110869 0.145575 -0.254793 -0.120202 0.126439 
-0.273305 -0.109664 0.129988 0.178674 0.0234527 0.18699 0.163775 0.0246576 0.171403 
0.0637614 -0.0141916 0.159275 -0.291818 -0.0991259 0.133538 -0.32145 -0.106204 0.131393 
-0.339963 -0.095666 0.134942 0.174894 0.0422733 0.177097 0.186013 0.0598889 0.182791 
-0.358475 -0.0851282 0.138492 -0.376988 -0.0745904 0.142041 0.193517 0.0868374 0.207622 
0.1675 0.0704267 0.186341 0.163886 0.0797596 0.205477 0.137869 0.0633489 0.184196 
0.134254 0.0726817 0.203332 0.119356 0.0738866 0.187746 -0.384382 -0.046437 0.151285 
0.12686 0.100835 0.212576 0.111962 0.10204 0.196989 -0.391776 -0.0182836 0.160528 
0.149098 0.136066 0.223964 0.1342 0.137271 0.208378 0.123081 0.119656 0.202683 
-0.369538 0.0169477 0.171917 -0.380657 -0.000667907 0.166223 0.145319 0.154887 0.214072 
0.156438 0.172503 0.219766 0.0231778 0.135908 0.224629 0.0379111 0.144191 0.211187 
0.0267922 0.126576 0.205493 -0.00283946 0.119498 0.203348 -0.00645382 0.128831 0.222484 
-0.0213522 0.130036 0.206897 -0.3473 0.052179 0.183305 -0.358419 0.0345634 0.177611 
0.137925 0.18304 0.223315 0.108293 0.175963 0.221171 0.104679 0.185295 0.240307 
0.0786616 0.168885 0.219026 0.04903 0.161807 0.216881 -0.0398649 0.140573 0.210447 
-0.0434793 0.149906 0.229583 -0.0583777 0.151111 0.213996 -0.354694 0.0803325 0.192549 
-0.0768904 0.161649 0.217546 -0.106522 0.154571 0.215401 -0.136154 0.147493 0.213256 
-0.139768 0.156826 0.232393 -0.154666 0.158031 0.216806 -0.332456 0.115564 0.203937 
-0.343575 0.0979481 0.198243 -0.173179 0.168569 0.220355 -0.202811 0.161491 0.21821 
-0.232442 0.154413 0.216066 -0.236057 0.163746 0.235202 -0.250955 0.164951 0.219615 
-0.280587 0.157873 0.21747 -0.291706 0.140257 0.211776 -0.321337 0.133179 0.209631 
-0.269468 0.175489 0.223164 -0.0401426 -0.0893222 0.103179 -0.0290237 -0.0717065 0.108873 
-0.0586553 -0.0787844 0.106729 0.156271 -0.00229086 0.146573 0.126639 -0.00936872 0.144428 
0.0970074 -0.0164466 0.142283 0.0377441 -0.0306023 0.137994 0.00811246 -0.0376802 0.135849 
-0.00678592 -0.0364752 0.120262 -0.0179048 -0.0540909 0.114568 -0.0771681 -0.0682466 0.110278 
-0.1068 -0.0753245 0.108133 -0.136431 -0.0824023 0.105989 -0.166063 -0.0894802 0.103844 
-0.195695 -0.096558 0.101699 -0.225326 -0.103636 0.0995544 -0.254958 -0.110714 0.0974096 
-0.288204 -0.108459 0.114401 -0.284589 -0.117792 0.0952649 -0.303102 -0.107254 0.0988143 
0.148877 0.0258626 0.155816 0.119245 0.0187847 0.153671 0.0896135 0.0117069 0.151527 
0.0599819 0.004629 0.149382 0.0450835 0.00583394 0.133795 0.0339646 -0.0117817 0.128101 
0.00433298 -0.0188596 0.125956 -0.321615 -0.096716 0.102364 -0.354861 -0.0944611 0.119355 
-0.351247 -0.103794 0.100219 -0.369759 -0.0932561 0.103768 0.171115 0.0610939 0.167205 
0.141483 0.054016 0.16506 0.111851 0.0469382 0.162915 0.0969529 0.0481431 0.147328 
0.085834 0.0305275 0.141634 0.0562024 0.0234496 0.139489 -0.377153 -0.0651027 0.113012 
0.104457 0.0750916 0.172159 0.0895591 0.0762965 0.156572 -0.395666 -0.0545649 0.116561 
-0.39928 -0.0452321 0.135698 -0.414179 -0.0440271 0.120111 0.100678 0.0939122 0.162266 
0.111797 0.111528 0.16796 -0.391941 -0.0087958 0.131499 -0.40306 -0.0264115 0.125805 
0.122916 0.129143 0.173654 0.134035 0.146759 0.179349 -0.369703 0.0264355 0.142888 
-0.380822 0.00881985 0.137194 0.141539 0.173708 0.204179 0.115522 0.157297 0.182898 
0.111908 0.16663 0.202034 0.0858903 0.150219 0.180753 0.082276 0.159552 0.19989 
0.0562587 0.143141 0.178608 0.0526443 0.152474 0.197745 0.0266271 0.136063 0.176464 
-0.00300458 0.128985 0.174319 -0.0326362 0.121908 0.172174 -0.0362506 0.13124 0.191311 
-0.0511489 0.132445 0.175724 -0.347465 0.0616668 0.154276 -0.358584 0.0440511 0.148582 
-0.0696617 0.142983 0.179273 -0.073276 0.152316 0.198409 -0.0881744 0.153521 0.182823 
-0.354859 0.0898202 0.16352 -0.106687 0.164059 0.186372 -0.136319 0.156981 0.184227 
-0.16595 0.149903 0.182082 -0.169565 0.159236 0.201219 -0.184463 0.160441 0.185632 
-0.317723 0.123847 0.190495 -0.30299 0.132129 0.177053 -0.314109 0.114514 0.171359 
-0.34374 0.107436 0.169214 -0.202976 0.170979 0.189181 -0.232608 0.163901 0.187037 
-0.262239 0.156823 0.184892 -0.265854 0.166156 0.204028 -0.291871 0.149745 0.182747 
-0.0439221 -0.0705016 0.0932866 -0.0216843 -0.0352703 0.104675 -0.0365827 -0.0340653 0.0890881 
-0.0477016 -0.051681 0.0833939 -0.0773332 -0.0587588 0.0812491 -0.106965 -0.0658367 0.0791044 
-0.136596 -0.0729146 0.0769596 -0.166228 -0.0799924 0.0748148 -0.19586 -0.0870703 0.0726701 
-0.225491 -0.0941482 0.0705253 -0.255123 -0.101226 0.0683806 -0.284755 -0.108304 0.0662358 
-0.318001 -0.106049 0.0832274 -0.314386 -0.115382 0.0640911 -0.332899 -0.104844 0.0676405 
0.0301851 0.00703889 0.118208 0.0152868 0.00824383 0.102621 0.00416786 -0.00937182 0.096927 
-0.0254638 -0.0164497 0.0947823 -0.351412 -0.0943062 0.0711899 -0.369924 -0.0837684 0.0747394 
0.0820546 0.049348 0.131741 0.0524229 0.0422702 0.129597 0.0375246 0.0434751 0.11401 
0.0264057 0.0258595 0.108315 -0.388437 -0.0732306 0.0782888 -0.392052 -0.0638977 0.0974251 
-0.40695 -0.0626928 0.0818383 0.0782751 0.0681686 0.121849 0.089394 0.0857843 0.127543 
0.0486434 0.0610908 0.119704 -0.414344 -0.0345394 0.0910819 0.100513 0.1034 0.133237 
0.111632 0.121016 0.138931 -0.392106 0.000691948 0.10247 -0.403225 -0.0169237 0.0967761 
0.122751 0.138631 0.144625 0.13387 0.156247 0.15032 0.059873 0.133808 0.159472 
0.0746063 0.142091 0.14603 0.0634874 0.124476 0.140336 0.0338558 0.117398 0.138191 
0.0302414 0.126731 0.157327 0.00422414 0.11032 0.136046 0.000609781 0.119653 0.155183 
-0.0142886 0.120858 0.139596 -0.369868 0.0359232 0.113859 -0.380987 0.0183076 0.108164 
0.115357 0.166785 0.153869 0.0857252 0.159707 0.151724 -0.0328013 0.131395 0.143145 
-0.062433 0.124318 0.141 -0.0660473 0.13365 0.160137 -0.0809457 0.134855 0.14455 
-0.34763 0.0711545 0.125247 -0.358749 0.0535389 0.119553 -0.0994584 0.145393 0.148099 
-0.103073 0.154726 0.167236 -0.12909 0.138315 0.145955 -0.132704 0.147648 0.165091 
-0.147603 0.148853 0.149504 -0.340126 0.098103 0.150078 -0.325393 0.106386 0.136635 
-0.336511 0.0887702 0.130941 -0.166116 0.159391 0.153053 -0.195747 0.152313 0.150909 
-0.199362 0.161646 0.170045 -0.225379 0.145235 0.148764 -0.228993 0.154568 0.1679 
-0.25501 0.138157 0.146619 -0.258625 0.14749 0.165755 -0.284642 0.131079 0.144474 
-0.288256 0.140412 0.163611 -0.314274 0.124001 0.14233 -0.192245 -0.0964031 0.0535338 
-0.188631 -0.105736 0.0343974 -0.177512 -0.0881203 0.0400916 -0.221877 -0.103481 0.051389 
-0.218263 -0.112814 0.0322527 -0.236775 -0.102276 0.0358021 0.00778222 -0.0187047 0.0777907 
0.0113966 -0.0280375 0.0586544 0.0225155 -0.0104219 0.0643485 -0.0218494 -0.0257825 0.0756459 
-0.0182351 -0.0351154 0.0565096 -0.0478667 -0.0421932 0.0543648 -0.0774983 -0.0492711 0.0522201 
-0.10713 -0.0563489 0.0500753 -0.136762 -0.0634268 0.0479306 -0.166393 -0.0705047 0.0457858 
-0.255288 -0.0917383 0.0393515 -0.28492 -0.0988161 0.0372068 -0.314551 -0.105894 0.035062 
-0.333064 -0.0953562 0.0386115 0.0151216 0.0177316 0.0735922 -0.351577 -0.0848184 0.0421609 
-0.37009 -0.0742806 0.0457103 0.0262405 0.0353472 0.0792864 0.0373594 0.0529629 0.0849806 
-0.388602 -0.0637428 0.0492598 -0.407115 -0.053205 0.0528092 0.104127 0.0940671 0.114101 
0.107742 0.0847343 0.0949643 0.11886 0.10235 0.100658 0.07811 0.0776564 0.0928195 
0.0484783 0.0705785 0.0906748 -0.414509 -0.0250516 0.0620528 0.111467 0.130503 0.109902 
-0.407004 0.00189689 0.0868834 -0.421903 0.00310184 0.0712965 0.118971 0.157452 0.134733 
0.0929539 0.141041 0.113452 0.0893396 0.150374 0.132588 0.0633223 0.133963 0.111307 
0.0336907 0.126885 0.109162 0.00405902 0.119808 0.107017 -0.0255726 0.11273 0.104873 
-0.029187 0.122063 0.124009 -0.0440853 0.123267 0.108422 -0.370033 0.045411 0.0848296 
-0.381152 0.0277954 0.0791354 -0.410784 0.0207175 0.0769907 -0.0625981 0.133805 0.111971 
-0.0811108 0.144343 0.115521 -0.347796 0.0806423 0.096218 -0.358914 0.0630267 0.0905238 
-0.0996236 0.154881 0.11907 -0.129255 0.147803 0.116926 -0.158887 0.140725 0.114781 
-0.162501 0.150058 0.133917 -0.188518 0.133647 0.112636 -0.192133 0.14298 0.131772 
-0.207031 0.144185 0.116185 -0.325558 0.115874 0.107606 -0.336677 0.098258 0.101912 
-0.225544 0.154723 0.119735 -0.255176 0.147645 0.11759 -0.284807 0.140567 0.115445 
-0.314439 0.133489 0.113301 -0.103516 -0.0656818 0.030939 -0.0999012 -0.0750146 0.0118027 
-0.0887823 -0.057399 0.0174969 -0.118414 -0.0644768 0.0153521 -0.188796 -0.0962482 0.00536839 
-0.177677 -0.0786326 0.0110626 -0.218428 -0.103326 0.00322363 -0.251674 -0.101071 0.0202152 
-0.248059 -0.110404 0.00107888 -0.266572 -0.0998662 0.00462831 0.0112315 -0.0185498 0.0296253 
0.0223504 -0.000934102 0.0353195 -0.0184002 -0.0256276 0.0274806 -0.0480318 -0.0327055 0.0253358 
-0.0776634 -0.0397833 0.023191 -0.136927 -0.0539391 0.0189015 -0.166558 -0.0610169 0.0167568 
-0.285085 -0.0893284 0.00817775 -0.314716 -0.0964062 0.00603299 -0.333229 -0.0858684 0.00958243 
0.0298549 0.0260144 0.06015 0.0334693 0.0166815 0.0410137 0.0445882 0.0342972 0.0467079 
-0.351742 -0.0753307 0.0131319 -0.370255 -0.0647929 0.0166813 0.0520927 0.0612457 0.0715384 
0.055707 0.0519128 0.0524021 0.0668259 0.0695285 0.0580963 -0.388767 -0.0542551 0.0202307 
-0.40728 -0.0437173 0.0237802 0.107576 0.094222 0.0659352 0.118695 0.111838 0.0716294 
0.0779448 0.0871441 0.0637905 -0.414674 -0.0155638 0.0330238 0.111302 0.139991 0.0808731 
0.037305 0.117553 0.0900257 0.0520383 0.125835 0.0765836 0.0409194 0.10822 0.0708894 
0.0112877 0.101142 0.0687446 0.00767338 0.110475 0.0878809 -0.007225 0.11168 0.072294 
-0.422068 0.0125896 0.0422674 0.0927888 0.150529 0.0844225 0.0631572 0.143451 0.0822778 
-0.0257377 0.122217 0.0758435 -0.0442505 0.132755 0.0793929 -0.370198 0.0548988 0.0558006 
-0.381317 0.0372831 0.0501064 -0.410949 0.0302052 0.0479616 -0.0627632 0.143293 0.0829424 
-0.0923948 0.136215 0.0807976 -0.0960092 0.145548 0.0999339 -0.110908 0.146753 0.084347 
-0.347961 0.0901301 0.067189 -0.35908 0.0725144 0.0614948 -0.12942 0.157291 0.0878965 
-0.159052 0.150213 0.0857517 -0.188684 0.143135 0.083607 -0.207196 0.153673 0.0871564 
-0.325723 0.125361 0.0785774 -0.336842 0.107746 0.0728832 -0.225709 0.164211 0.0907058 
-0.255341 0.157133 0.0885611 -0.284972 0.150055 0.0864163 -0.314604 0.142977 0.0842716 
-0.100066 -0.0655269 -0.0172264 -0.0889475 -0.0479112 -0.0115322 -0.133312 -0.0632719 -0.000234798 
-0.129698 -0.0726047 -0.0193711 -0.162944 -0.0703498 -0.00237956 -0.15933 -0.0796826 -0.0215159 
-0.188961 -0.0867605 -0.0236606 -0.218593 -0.0938383 -0.0258054 -0.248225 -0.100916 -0.0279502 
-0.266737 -0.0903784 -0.0244007 0.0110663 -0.009062 0.000596285 0.0221852 0.00855365 0.00629048 
-0.0185653 -0.0161399 -0.00154847 -0.0481969 -0.0232177 -0.00369323 -0.0778286 -0.0302956 -0.00583799 
-0.28525 -0.0798406 -0.0208513 -0.314882 -0.0869185 -0.022996 -0.333394 -0.0763807 -0.0194466 
0.0333041 0.0261693 0.0119847 0.044423 0.0437849 0.0176789 -0.351907 -0.0658429 -0.0158972 
-0.37042 -0.0553051 -0.0123477 0.0815592 0.0778113 0.0446542 0.0851736 0.0684785 0.0255178 
0.0962925 0.0860941 0.031212 0.0555419 0.0614006 0.0233731 -0.388933 -0.0447673 -0.00879829 
-0.407445 -0.0342295 -0.00524886 0.107411 0.10371 0.0369062 0.11853 0.121325 0.0426004 
-0.414839 -0.0060761 0.00399478 0.100018 0.131863 0.0461498 0.0964032 0.141196 0.0652862 
0.0703859 0.124785 0.0440051 0.0667715 0.134118 0.0631414 0.0407543 0.117707 0.0418603 
0.0111226 0.11063 0.0397156 -0.018509 0.103552 0.0375708 -0.0221234 0.112885 0.0567071 
-0.0370217 0.11409 0.0411202 -0.422233 0.0220773 0.0132384 -0.0555345 0.124627 0.0446697 
-0.0591488 0.13396 0.063806 -0.0740472 0.135165 0.0482191 -0.385097 0.0561037 0.0402137 
-0.399995 0.0573086 0.0246268 -0.411114 0.039693 0.0189326 -0.09256 0.145703 0.0517686 
-0.122192 0.138625 0.0496238 -0.125806 0.147958 0.0687601 -0.140704 0.149163 0.0531732 
-0.362859 0.091335 0.0516021 -0.377757 0.0925399 0.0360152 -0.388876 0.0749243 0.030321 
-0.159217 0.159701 0.0567227 -0.188849 0.152623 0.0545779 -0.21848 0.145545 0.0524332 
-0.222095 0.154878 0.0715695 -0.248112 0.138467 0.0502884 -0.251726 0.1478 0.0694247 
-0.277744 0.131389 0.0481437 -0.281358 0.140722 0.06728 -0.307375 0.124311 0.0459989 
-0.31099 0.133644 0.0651352 -0.337007 0.117233 0.0438541 -0.366638 0.110156 0.0417094 
-0.0742142 -0.0396284 -0.0249743 -0.0705998 -0.0489613 -0.0441107 -0.0594809 -0.0313456 -0.0384165 
-0.100231 -0.0560391 -0.0462554 -0.129863 -0.063117 -0.0484002 -0.159495 -0.0701949 -0.0505449 
-0.189126 -0.0772727 -0.0526897 -0.218758 -0.0843506 -0.0548344 -0.24839 -0.0914284 -0.0569792 
-0.266902 -0.0808906 -0.0534298 0.0109012 0.000425753 -0.0284328 0.0220201 0.0180414 -0.0227386 
-0.0187304 -0.00665211 -0.0305775 -0.048362 -0.01373 -0.0327223 -0.285415 -0.0703529 -0.0498803 
-0.315047 -0.0774307 -0.0520251 -0.348293 -0.0751757 -0.0350335 -0.344678 -0.0845086 -0.0541698 
-0.363191 -0.0739708 -0.0506204 0.0591563 0.0520678 0.00423673 0.0627706 0.0427349 -0.0148996 
0.0738895 0.0603506 -0.00920541 0.033139 0.0356571 -0.0170444 -0.370585 -0.0458174 -0.0413768 
0.0850084 0.0779662 -0.00351122 0.0961273 0.0955819 0.00218298 -0.389098 -0.0352796 -0.0378273 
-0.40761 -0.0247418 -0.0342779 0.107246 0.113198 0.00787717 0.118365 0.130813 0.0135714 
-0.415004 0.00341166 -0.0250343 0.0998524 0.141351 0.0171208 0.0702208 0.134273 0.014976 
0.0405891 0.127195 0.0128313 0.0109575 0.120117 0.0106865 -0.0186741 0.11304 0.00854177 
-0.0371869 0.123577 0.0120912 -0.422398 0.0315651 -0.0157906 -0.0556996 0.134115 0.0156406 
-0.0853312 0.127037 0.0134959 -0.0889456 0.13637 0.0326322 -0.103844 0.137575 0.0170453 
-0.40016 0.0667964 -0.00440224 -0.411279 0.0491807 -0.0100964 -0.122357 0.148113 0.0205948 
-0.151988 0.141035 0.01845 -0.155603 0.150368 0.0375863 -0.170501 0.151573 0.0219994 
-0.377923 0.102028 0.00698615 -0.389041 0.084412 0.00129195 -0.189014 0.162111 0.0255489 
-0.218645 0.155033 0.0234041 -0.248277 0.147955 0.0212594 -0.277909 0.140877 0.0191146 
-0.30754 0.133799 0.0169699 -0.337172 0.126721 0.0148251 -0.366804 0.119643 0.0126803 
-0.0743793 -0.0301407 -0.0540034 -0.104011 -0.0372185 -0.0561481 -0.118909 -0.0360136 -0.071735 
-0.130028 -0.0536292 -0.0774292 -0.15966 -0.0607071 -0.079574 -0.189291 -0.067785 -0.0817187 
-0.218923 -0.0748628 -0.0838635 -0.248555 -0.0819407 -0.0860082 -0.267067 -0.0714029 -0.0824588 
0.0367534 0.0263242 -0.0361807 0.0403677 0.0169914 -0.055317 0.0514866 0.034607 -0.0496228 
0.0107361 0.00991351 -0.0574618 -0.0188955 0.00283564 -0.0596065 -0.0485272 -0.00424222 -0.0617513 
-0.0781588 -0.0113201 -0.0638961 -0.10779 -0.0183979 -0.0660408 -0.28558 -0.0608651 -0.0789094 
-0.315212 -0.067943 -0.0810541 -0.348458 -0.065688 -0.0640625 -0.333725 -0.0574052 -0.0775047 
0.0626055 0.0522227 -0.0439286 0.0737244 0.0698383 -0.0382344 -0.352237 -0.0468674 -0.0739552 
-0.37075 -0.0363296 -0.0704058 0.110861 0.103865 -0.0112592 0.114475 0.0945318 -0.0303955 
0.125594 0.112147 -0.0247013 0.0848433 0.087454 -0.0325403 -0.389263 -0.0257918 -0.0668564 
-0.407776 -0.015254 -0.0633069 0.1182 0.140301 -0.0154577 0.0774495 0.115607 -0.0232966 
0.0738351 0.12494 -0.00416029 0.0885684 0.133223 -0.0176024 0.0478179 0.10853 -0.0254414 
0.0442035 0.117862 -0.00630504 0.0181862 0.101452 -0.0275861 0.0145719 0.110785 -0.0084498 
-0.000326516 0.111989 -0.0240367 -0.415169 0.0128994 -0.0540633 0.0996873 0.150839 -0.0119082 
-0.0188393 0.122527 -0.0204873 -0.0484709 0.115449 -0.022632 -0.0520852 0.124782 -0.00349568 
-0.0669836 0.125987 -0.0190826 -0.422563 0.0410528 -0.0448197 -0.0854964 0.136525 -0.0155331 
-0.104009 0.147063 -0.0119837 -0.400325 0.0762841 -0.0334313 -0.411444 0.0586685 -0.0391255 
-0.122522 0.157601 -0.00843427 -0.152153 0.150523 -0.010579 -0.181785 0.143445 -0.0127238 
-0.185399 0.152778 0.00641255 -0.200298 0.153983 -0.00917435 -0.363189 0.110311 -0.00645599 
-0.348456 0.118593 -0.0198981 -0.359575 0.100978 -0.0255923 -0.389207 0.0938998 -0.0277371 
-0.218811 0.16452 -0.00562491 -0.248442 0.157443 -0.00776967 -0.278074 0.150365 -0.00991442 
-0.307705 0.143287 -0.0120592 -0.337337 0.136209 -0.0142039 -0.130193 -0.0441415 -0.106458 
-0.119074 -0.0265258 -0.100764 -0.159825 -0.0512194 -0.108603 -0.189457 -0.0582972 -0.110748 
-0.219088 -0.0653751 -0.112893 -0.24872 -0.0724529 -0.115037 -0.281966 -0.070198 -0.0980457 
-0.278352 -0.0795308 -0.117182 -0.296864 -0.068993 -0.113633 0.0402026 0.0264791 -0.0843461 
0.0513215 0.0440948 -0.0786519 0.010571 0.0194013 -0.0864908 -0.0190607 0.0123234 -0.0886356 
-0.0486923 0.00524553 -0.0907803 -0.0783239 -0.00183233 -0.0929251 -0.107956 -0.00891019 -0.0950699 
-0.315377 -0.0584552 -0.110083 -0.33389 -0.0479174 -0.106534 0.0884577 0.0781211 -0.0516766 
0.092072 0.0687883 -0.0708129 0.103191 0.0864039 -0.0651187 0.0624404 0.0617104 -0.0729577 
-0.352402 -0.0373796 -0.102984 -0.370915 -0.0268419 -0.0994348 0.11431 0.10402 -0.0594245 
0.125429 0.121635 -0.0537303 -0.389428 -0.0163041 -0.0958854 -0.407941 -0.00576628 -0.092336 
0.106916 0.132173 -0.0501809 0.103302 0.141506 -0.0310446 0.0772844 0.125095 -0.0523257 
0.0476527 0.118017 -0.0544704 0.0180211 0.110939 -0.0566152 -0.0116105 0.103862 -0.0587599 
-0.0152249 0.113194 -0.0396236 -0.0301233 0.114399 -0.0552105 -0.415334 0.0223872 -0.0830923 
-0.048636 0.124937 -0.0516611 -0.0671487 0.135475 -0.0481116 -0.422728 0.0505406 -0.0738487 
-0.0856615 0.146013 -0.0445622 -0.115293 0.138935 -0.0467069 -0.118907 0.148268 -0.0275706 
-0.133806 0.149473 -0.0431575 -0.400491 0.0857719 -0.0624603 -0.411609 0.0681562 -0.0681545 
-0.152319 0.16001 -0.0396081 -0.18195 0.152933 -0.0417528 -0.200463 0.16347 -0.0382034 
-0.348621 0.128081 -0.0489272 -0.35974 0.110465 -0.0546214 -0.389372 0.103388 -0.0567661 
-0.218976 0.174008 -0.0346539 -0.248607 0.16693 -0.0367987 -0.278239 0.159852 -0.0389435 
-0.307871 0.152775 -0.0410882 -0.337502 0.145697 -0.043233 0.043817 0.0171463 -0.103482 
0.0474313 0.00781343 -0.122619 0.0585502 0.0254291 -0.116925 0.0141853 0.0100684 -0.105627 
0.0177997 0.000735571 -0.124763 -0.0154463 0.00299055 -0.107772 -0.0118319 -0.00634229 -0.126908 
-0.0303447 0.0041955 -0.123359 -0.130358 -0.0346537 -0.135487 -0.11924 -0.0170381 -0.129793 
-0.15999 -0.0417316 -0.137632 -0.189622 -0.0488095 -0.139777 -0.219253 -0.0558873 -0.141922 
-0.248885 -0.0629652 -0.144066 -0.278517 -0.070043 -0.146211 -0.297029 -0.0595053 -0.142662 
0.0660548 0.0523776 -0.092094 0.0696691 0.0430447 -0.11123 0.080788 0.0606604 -0.105536 
-0.0488574 0.0147333 -0.119809 -0.078489 0.00765542 -0.121954 -0.108121 0.000577563 -0.124099 
-0.315542 -0.0489675 -0.139112 -0.334055 -0.0384297 -0.135563 0.117924 0.0946867 -0.0785609 
0.121539 0.0853539 -0.0976972 0.132657 0.10297 -0.092003 0.0919069 0.078276 -0.099842 
-0.352568 -0.0278919 -0.132013 -0.37108 -0.0173541 -0.128464 0.125264 0.131123 -0.0827594 
0.0845131 0.106429 -0.0905983 0.0808987 0.115762 -0.071462 0.095632 0.124045 -0.0849041 
0.0548814 0.0993516 -0.0927431 0.0512671 0.108684 -0.0736068 0.0363687 0.109889 -0.0891936 
-0.389593 -0.00681631 -0.124914 -0.408106 0.00372147 -0.121365 0.106751 0.141661 -0.0792099 
0.017856 0.120427 -0.0856442 -0.0117757 0.113349 -0.087789 -0.0302884 0.123887 -0.0842395 
-0.4155 0.0318749 -0.112121 -0.0488011 0.134425 -0.0806901 -0.0784328 0.127347 -0.0828348 
-0.0820471 0.13668 -0.0636985 -0.0969455 0.137885 -0.0792854 -0.422893 0.0600284 -0.102878 
-0.115458 0.148423 -0.075736 -0.14509 0.141345 -0.0778807 -0.148704 0.150678 -0.0587444 
-0.163603 0.151883 -0.0743313 -0.400656 0.0952597 -0.0914894 -0.411775 0.077644 -0.0971835 
-0.182115 0.16242 -0.0707819 -0.200628 0.172958 -0.0672324 -0.348786 0.137569 -0.0779562 
-0.359905 0.119953 -0.0836504 -0.389537 0.112875 -0.0857952 -0.219141 0.183496 -0.063683 
-0.248772 0.176418 -0.0658277 -0.278404 0.16934 -0.0679725 -0.308036 0.162262 -0.0701173 
-0.337667 0.155184 -0.072262 -0.156376 -0.0510644 -0.156768 -0.152761 -0.0603973 -0.175905 
-0.141642 -0.0427816 -0.170211 -0.186007 -0.0581423 -0.158913 -0.182393 -0.0674751 -0.178049 
-0.215639 -0.0652202 -0.161058 -0.212025 -0.074553 -0.180194 -0.230537 -0.0640152 -0.176645 
0.0472662 0.0173012 -0.151648 0.0583851 0.0349168 -0.145954 0.0176346 0.0102233 -0.153793 
-0.0119971 0.00314546 -0.155937 -0.045243 0.00540044 -0.138946 -0.0416287 -0.0039324 -0.158082 
-0.0601414 0.00660539 -0.154533 -0.130524 -0.025166 -0.164516 -0.119405 -0.00755033 -0.158822 
-0.24905 -0.0534774 -0.173095 -0.278682 -0.0605553 -0.17524 -0.297194 -0.0500175 -0.171691 
0.0955213 0.0689432 -0.118978 0.0991356 0.0596103 -0.138115 0.110255 0.077226 -0.13242 
0.069504 0.0525325 -0.140259 -0.0786542 0.0171432 -0.150983 -0.108286 0.0100653 -0.153128 
-0.315707 -0.0394797 -0.168141 -0.33422 -0.0289419 -0.164592 0.147391 0.111252 -0.105445 
0.151005 0.10192 -0.124581 0.162124 0.119535 -0.118887 0.121373 0.0948416 -0.126726 
-0.352733 -0.0184041 -0.161042 -0.371245 -0.00786635 -0.157493 0.143611 0.130073 -0.115338 
0.11398 0.122995 -0.117483 0.110365 0.132328 -0.0983463 0.084348 0.115917 -0.119627 
0.0547163 0.108839 -0.121772 0.0250847 0.101761 -0.123917 0.0214703 0.111094 -0.104781 
0.00657196 0.112299 -0.120367 -0.389758 0.00267144 -0.153943 -0.408271 0.0132092 -0.150394 
-0.0119408 0.122837 -0.116818 -0.0415724 0.115759 -0.118963 -0.0451868 0.125092 -0.0998264 
-0.0600851 0.126297 -0.115413 -0.415665 0.0413627 -0.14115 -0.0785979 0.136835 -0.111864 
-0.0971106 0.147373 -0.108314 -0.423059 0.0695161 -0.131907 -0.115623 0.15791 -0.104765 
-0.145255 0.150833 -0.10691 -0.163768 0.16137 -0.10336 -0.400821 0.104747 -0.120518 
-0.41194 0.0871318 -0.126213 -0.18228 0.171908 -0.0998109 -0.211912 0.16483 -0.101956 
-0.215526 0.174163 -0.0828193 -0.230425 0.175368 -0.0984062 -0.348951 0.147057 -0.106985 
-0.36007 0.129441 -0.112679 -0.389702 0.122363 -0.114824 -0.248938 0.185906 -0.0948568 
-0.278569 0.178828 -0.0970015 -0.308201 0.17175 -0.0991463 -0.337832 0.164672 -0.101291 
-0.152926 -0.0509095 -0.204934 -0.141808 -0.0332939 -0.19924 -0.182558 -0.0579874 -0.207079 
-0.21219 -0.0650653 -0.209223 -0.230702 -0.0545275 -0.205674 0.0731184 0.0431996 -0.159396 
0.0767327 0.0338668 -0.178532 0.0878516 0.0514824 -0.172838 0.0471011 0.0267889 -0.180677 
0.0174695 0.0197111 -0.182822 -0.0121622 0.0126332 -0.184966 -0.0417938 0.00555535 -0.187111 
-0.0750398 0.00781033 -0.17012 -0.0714254 -0.00152251 -0.189256 -0.104671 0.000732472 -0.172264 
-0.101057 -0.00860037 -0.191401 -0.130689 -0.0156782 -0.193545 -0.249215 -0.0439897 -0.202124 
-0.278847 -0.0510675 -0.204269 -0.29736 -0.0405298 -0.20072 0.124988 0.0855088 -0.145863 
0.128602 0.076176 -0.164999 0.139721 0.0937916 -0.159305 0.0989705 0.0690981 -0.167144 
-0.315872 -0.029992 -0.19717 -0.334385 -0.0194542 -0.193621 0.15084 0.111407 -0.153611 
0.161959 0.129023 -0.147916 -0.352898 -0.00891639 -0.190071 -0.371411 0.0016214 -0.186522 
0.143446 0.139561 -0.144367 0.113814 0.132483 -0.146512 0.0841828 0.125405 -0.148656 
0.0545512 0.118327 -0.150801 0.0249196 0.111249 -0.152946 -0.00471205 0.104171 -0.155091 
-0.00832641 0.113504 -0.135954 -0.0232248 0.114709 -0.151541 -0.389923 0.0121592 -0.182973 
-0.408436 0.022697 -0.179423 -0.0417375 0.125247 -0.147992 -0.0602503 0.135785 -0.144442 
-0.41583 0.0508504 -0.170179 -0.078763 0.146323 -0.140893 -0.108395 0.139245 -0.143038 
-0.112009 0.148578 -0.123901 -0.126907 0.149782 -0.139488 -0.423224 0.0790039 -0.160936 
-0.14542 0.16032 -0.135939 -0.175052 0.153242 -0.138084 -0.178666 0.162575 -0.118947 
-0.193564 0.16378 -0.134534 -0.386088 0.11303 -0.133961 -0.371354 0.121313 -0.147403 
-0.382473 0.103697 -0.153097 -0.412105 0.0966195 -0.155242 -0.212077 0.174318 -0.130985 
-0.241709 0.16724 -0.133129 -0.245323 0.176573 -0.113993 -0.260222 0.177778 -0.12958 
-0.334218 0.155339 -0.120427 -0.319485 0.163622 -0.13387 -0.330604 0.146007 -0.139564 
-0.360235 0.138929 -0.141708 -0.278734 0.188316 -0.126031 -0.308366 0.181238 -0.128175 
0.0803471 0.024534 -0.197668 0.0839614 0.0152011 -0.216805 0.0950803 0.0328168 -0.211111 
0.0654487 0.0257389 -0.213255 -0.127074 -0.0250111 -0.212682 -0.12346 -0.0343439 -0.231818 
-0.112341 -0.0167283 -0.226124 -0.153092 -0.0414218 -0.233963 -0.182723 -0.0484996 -0.236108 
-0.212355 -0.0555775 -0.238252 -0.230868 -0.0450397 -0.234703 0.102585 0.0597653 -0.18628 
0.106199 0.0504324 -0.205416 0.117318 0.0680481 -0.199722 0.046936 0.0362767 -0.209706 
0.0173043 0.0291988 -0.211851 -0.0123273 0.022121 -0.213995 -0.0419589 0.0150431 -0.21614 
-0.0715906 0.00796524 -0.218285 -0.101222 0.000887381 -0.22043 -0.24938 -0.0345019 -0.231153 
-0.279012 -0.0415798 -0.233298 -0.297525 -0.031042 -0.229749 0.154454 0.102074 -0.172747 
0.158069 0.0927416 -0.191883 0.169188 0.110357 -0.186189 0.128437 0.0856637 -0.194028 
-0.316037 -0.0205042 -0.226199 -0.33455 -0.00996642 -0.22265 0.161794 0.138511 -0.176945 
0.121043 0.113817 -0.184784 0.117429 0.12315 -0.165648 0.132162 0.131433 -0.17909 
0.0914116 0.106739 -0.186929 0.0877972 0.116072 -0.167793 0.0617799 0.0996614 -0.189074 
0.0581656 0.108994 -0.169937 0.0321483 0.0925836 -0.191219 0.0285339 0.101916 -0.172082 
0.0136356 0.103121 -0.187669 -0.353063 0.000571366 -0.2191 -0.371576 0.0111092 -0.215551 
0.143281 0.149048 -0.173396 -0.00487717 0.113659 -0.18412 -0.0233899 0.124197 -0.18057 
-0.393703 0.0309798 -0.192865 -0.378969 0.0392626 -0.206307 -0.0419026 0.134735 -0.177021 
-0.0715343 0.127657 -0.179166 -0.0751486 0.13699 -0.160029 -0.090047 0.138195 -0.175616 
-0.401097 0.0591332 -0.183622 -0.386363 0.067416 -0.197064 -0.10856 0.148732 -0.172067 
-0.127072 0.15927 -0.168517 -0.404876 0.0779538 -0.193514 -0.423389 0.0884916 -0.189965 
-0.145585 0.169808 -0.164968 -0.175217 0.16273 -0.167113 -0.204848 0.155652 -0.169257 
-0.208463 0.164985 -0.150121 -0.223361 0.16619 -0.165708 -0.356621 0.129596 -0.160845 
-0.341888 0.137879 -0.174287 -0.353007 0.120263 -0.179981 -0.382638 0.113185 -0.182126 
-0.41227 0.106107 -0.184271 -0.241874 0.176728 -0.162158 -0.271506 0.16965 -0.164303 
-0.27512 0.178983 -0.145167 -0.301137 0.162572 -0.166448 -0.304752 0.171905 -0.147312 
-0.330769 0.155494 -0.168593 0.109814 0.0410996 -0.224553 0.113428 0.0317667 -0.243689 
0.124547 0.0493824 -0.237995 0.0837963 0.0246889 -0.245834 0.0505503 0.0269438 -0.228842 
0.0541647 0.017611 -0.247979 0.0209187 0.019866 -0.230987 0.0245331 0.0105331 -0.250123 
0.00602033 0.0210709 -0.246574 -0.0383446 0.00571026 -0.235276 -0.0347302 -0.00362258 -0.254413 
-0.0236113 0.0139931 -0.248719 -0.0532429 0.00691521 -0.250863 -0.123625 -0.0248562 -0.260847 
-0.112506 -0.00724052 -0.255153 -0.153257 -0.031934 -0.262992 -0.182888 -0.0390119 -0.265137 
-0.21252 -0.0460897 -0.267281 -0.245766 -0.0438348 -0.25029 -0.242152 -0.0531676 -0.269426 
-0.260664 -0.0426298 -0.265877 0.132051 0.0763309 -0.213164 0.135666 0.066998 -0.232301 
0.146785 0.0846137 -0.226606 -0.0124924 0.0316087 -0.243024 -0.0717557 0.017453 -0.247314 
-0.101387 0.0103751 -0.249459 -0.279177 -0.032092 -0.262327 -0.29769 -0.0215542 -0.258778 
0.183921 0.11864 -0.199631 0.187535 0.109307 -0.218767 0.198654 0.126923 -0.213073 
0.157904 0.102229 -0.220912 -0.316203 -0.0110165 -0.255228 -0.334715 -0.00047867 -0.251679 
0.180141 0.137461 -0.209524 0.15051 0.130383 -0.211669 0.146895 0.139716 -0.192532 
0.120878 0.123305 -0.213813 0.0912464 0.116227 -0.215958 0.0616148 0.109149 -0.218103 
0.0319832 0.102071 -0.220248 0.00235155 0.0949935 -0.222392 -0.00126281 0.104326 -0.203256 
-0.0161612 0.105531 -0.218843 -0.356842 0.019392 -0.228993 -0.342109 0.0276748 -0.242435 
-0.0346739 0.116069 -0.215293 -0.0382883 0.125402 -0.196157 -0.0531867 0.126607 -0.211744 
-0.364236 0.0475454 -0.219749 -0.349503 0.0558282 -0.233192 -0.0716994 0.137145 -0.208195 
-0.0902121 0.147682 -0.204645 -0.37163 0.0756988 -0.210506 -0.356897 0.0839816 -0.223948 
-0.108725 0.15822 -0.201096 -0.127238 0.168758 -0.197546 -0.379024 0.103852 -0.201262 
-0.364291 0.112135 -0.214704 -0.408656 0.0967744 -0.203407 -0.14575 0.179296 -0.193997 
-0.175382 0.172218 -0.196142 -0.208628 0.174473 -0.17915 -0.193895 0.182756 -0.192592 
-0.327154 0.146161 -0.187729 -0.312421 0.154444 -0.201171 -0.32354 0.136829 -0.206865 
-0.353172 0.129751 -0.20901 -0.212407 0.193293 -0.189043 -0.242039 0.186216 -0.191188 
-0.271671 0.179138 -0.193332 -0.301302 0.17206 -0.195477 -0.120011 -0.034189 -0.279983 
-0.116396 -0.0435219 -0.29912 -0.105277 -0.0259062 -0.293426 -0.149642 -0.0412669 -0.282128 
-0.146028 -0.0505997 -0.301264 -0.179274 -0.0483447 -0.284273 -0.17566 -0.0576776 -0.303409 
-0.194172 -0.0471398 -0.29986 0.13928 0.0576652 -0.251437 0.142894 0.0483323 -0.270573 
0.154013 0.065948 -0.264879 0.113263 0.0412545 -0.272718 0.0836312 0.0341766 -0.274863 
0.0539996 0.0270988 -0.277008 0.0243679 0.0200209 -0.279152 -0.00887805 0.0222759 -0.262161 
-0.00526369 0.012943 -0.281297 -0.0348953 0.00586517 -0.283442 -0.0681413 0.00812015 -0.26645 
-0.064527 -0.00121269 -0.285587 -0.0977729 0.00104229 -0.268595 -0.0941586 -0.00829055 -0.287731 
-0.212685 -0.036602 -0.29631 -0.242317 -0.0436799 -0.298455 -0.260829 -0.0331421 -0.294906 
0.19115 0.0999743 -0.237904 0.194764 0.0906415 -0.25704 0.205883 0.108257 -0.251346 
0.161518 0.0928965 -0.240049 0.165132 0.0835636 -0.259185 -0.279342 -0.0226043 -0.291356 
-0.297855 -0.0120665 -0.287807 0.213387 0.135206 -0.226515 0.217002 0.125873 -0.245652 
0.228121 0.143488 -0.239958 -0.316368 -0.00152871 -0.284257 -0.33488 0.00900908 -0.280708 
0.209608 0.154026 -0.236408 0.179976 0.146948 -0.238553 0.150345 0.139871 -0.240698 
0.120713 0.132793 -0.242842 0.0910813 0.125715 -0.244987 0.0614497 0.118637 -0.247132 
0.0318181 0.111559 -0.249277 0.00218643 0.104481 -0.251421 -0.0163263 0.115019 -0.247872 
-0.342274 0.0371625 -0.271464 -0.034839 0.125557 -0.244323 -0.0533518 0.136095 -0.240773 
-0.349668 0.065316 -0.262221 -0.0718645 0.146632 -0.237224 -0.0903772 0.15717 -0.233674 
-0.357062 0.0934694 -0.252977 -0.10889 0.167708 -0.230125 -0.127403 0.178246 -0.226575 
-0.364456 0.121623 -0.243733 -0.145915 0.188784 -0.223026 -0.175547 0.181706 -0.225171 
-0.19406 0.192243 -0.221621 -0.297688 0.162727 -0.214613 -0.282955 0.17101 -0.228056 
-0.294074 0.153394 -0.23375 -0.323705 0.146316 -0.235894 -0.353337 0.139238 -0.238039 
-0.212573 0.202781 -0.218072 -0.242204 0.195703 -0.220217 -0.271836 0.188626 -0.222361 
-0.031281 -0.00346767 -0.302578 -0.0276666 -0.0128005 -0.321714 -0.0165477 0.00481513 -0.31602 
-0.0461793 -0.00226273 -0.318165 -0.120176 -0.0247013 -0.309012 -0.135074 -0.0234963 -0.324599 
-0.146193 -0.041112 -0.330294 -0.175825 -0.0481898 -0.332438 -0.194338 -0.037652 -0.328889 
0.168747 0.0742308 -0.278321 0.172361 0.064898 -0.297458 0.18348 0.0825136 -0.291763 
0.142729 0.0578201 -0.299602 0.113098 0.0507422 -0.301747 0.0834661 0.0436644 -0.303892 
0.0538345 0.0365865 -0.306037 0.0242028 0.0295086 -0.308181 -0.00542881 0.0224308 -0.310326 
-0.0646921 0.00827506 -0.314616 -0.0943237 0.0011972 -0.31676 -0.123955 -0.00588066 -0.318905 
-0.21285 -0.0271142 -0.325339 -0.242482 -0.0341921 -0.327484 -0.260995 -0.0236543 -0.323935 
0.194599 0.100129 -0.286069 0.205718 0.117745 -0.280375 -0.279507 -0.0131165 -0.320385 
-0.29802 -0.00257874 -0.316836 0.213222 0.144693 -0.255544 0.198324 0.145898 -0.271131 
0.153959 0.130538 -0.259834 0.168692 0.13882 -0.273276 0.157573 0.121205 -0.27897 
0.127942 0.114127 -0.281115 0.124327 0.12346 -0.261979 0.09831 0.107049 -0.28326 
0.0946957 0.116382 -0.264123 0.0686784 0.0999712 -0.285405 0.0650641 0.109304 -0.266268 
0.0390468 0.0928934 -0.287549 0.0354324 0.102226 -0.268413 0.020534 0.103431 -0.284 
-0.320147 0.0172919 -0.29415 -0.305414 0.0255747 -0.307592 0.179811 0.156436 -0.267582 
0.00202131 0.113969 -0.28045 -0.0276103 0.106891 -0.282595 -0.0312247 0.116224 -0.263459 
-0.0461231 0.117429 -0.279046 -0.323927 0.0361125 -0.304043 -0.342439 0.0466503 -0.300493 
-0.0646358 0.127967 -0.275496 -0.0682502 0.1373 -0.25636 -0.0831485 0.138504 -0.271947 
-0.349833 0.0748037 -0.29125 -0.101661 0.149042 -0.268397 -0.105276 0.158375 -0.249261 
-0.120174 0.15958 -0.264848 -0.357227 0.102957 -0.282006 -0.138687 0.170118 -0.261299 
-0.142301 0.179451 -0.242162 -0.157199 0.180656 -0.257749 -0.364621 0.131111 -0.272762 
-0.175712 0.191193 -0.2542 -0.205344 0.184116 -0.256344 -0.208958 0.193448 -0.237208 
-0.234975 0.177038 -0.258489 -0.23859 0.186371 -0.239353 -0.264607 0.16996 -0.260634 
-0.268221 0.179293 -0.241498 -0.294239 0.162882 -0.262779 -0.32387 0.155804 -0.264923 
-0.353502 0.148726 -0.267068 -0.142579 -0.0504448 -0.34943 -0.138964 -0.0597776 -0.368566 
-0.127846 -0.042162 -0.362872 -0.157477 -0.0492399 -0.365017 0.146344 0.0484872 -0.318739 
0.149958 0.0391544 -0.337875 0.161077 0.0567701 -0.332181 0.116712 0.0414094 -0.320883 
0.120326 0.0320765 -0.34002 0.0870804 0.0343315 -0.323028 0.0906948 0.0249987 -0.342164 
0.0574488 0.0272537 -0.325173 0.0610632 0.0179208 -0.344309 0.0278172 0.0201758 -0.327318 
0.0314315 0.010843 -0.346454 -0.00181445 0.0130979 -0.329462 0.00179991 0.0037651 -0.348599 
-0.0278317 -0.00331276 -0.350744 -0.0610777 -0.00105778 -0.333752 -0.0574634 -0.0103906 -0.352888 
-0.0907094 -0.00813564 -0.335897 -0.087095 -0.0174685 -0.355033 -0.120341 -0.0152135 -0.338041 
-0.116727 -0.0245463 -0.357178 -0.17599 -0.0387021 -0.361467 -0.209236 -0.0364471 -0.344476 
-0.205622 -0.0457799 -0.363612 -0.224134 -0.0352421 -0.360063 0.198213 0.0907964 -0.305205 
0.201827 0.0814636 -0.324342 0.212946 0.0990792 -0.318648 0.172196 0.0743857 -0.326487 
-0.242647 -0.0247044 -0.356513 -0.26116 -0.0141666 -0.352964 0.220451 0.126028 -0.293817 
0.224065 0.116695 -0.312953 0.235184 0.134311 -0.307259 -0.279672 -0.00362878 -0.349414 
-0.298185 0.00690901 -0.345865 0.216671 0.144848 -0.30371 0.18704 0.13777 -0.305855 
0.183425 0.147103 -0.286718 0.157408 0.130693 -0.307999 0.127777 0.123615 -0.310144 
0.0981449 0.116537 -0.312289 0.0685133 0.109459 -0.314434 0.0388817 0.102381 -0.316578 
0.00925003 0.0953033 -0.318723 0.00563567 0.104636 -0.299587 -0.00926271 0.105841 -0.315174 
-0.305579 0.0350624 -0.336621 -0.0277754 0.116379 -0.311624 -0.0462882 0.126917 -0.308075 
-0.324092 0.0456002 -0.333072 -0.342604 0.056138 -0.329522 -0.0648009 0.137454 -0.304525 
-0.0833137 0.147992 -0.300976 -0.349998 0.0842915 -0.320279 -0.101826 0.15853 -0.297426 
-0.131458 0.151452 -0.299571 -0.135072 0.160785 -0.280435 -0.149971 0.16199 -0.296022 
-0.357392 0.112445 -0.311035 -0.168483 0.172528 -0.292472 -0.172098 0.181861 -0.273336 
-0.198115 0.16545 -0.294617 -0.201729 0.174783 -0.275481 -0.227747 0.158372 -0.296762 
-0.231361 0.167705 -0.277626 -0.257378 0.151294 -0.298907 -0.260993 0.160627 -0.27977 
-0.28701 0.144216 -0.301051 -0.290624 0.153549 -0.281915 -0.316642 0.137138 -0.303196 
-0.320256 0.146471 -0.28406 -0.346273 0.130061 -0.305341 -0.349888 0.139393 -0.286205 
0.0350459 0.00151012 -0.36559 0.0386603 -0.00782273 -0.384727 0.0497792 0.00979292 -0.379032 
0.00541427 -0.00556775 -0.367735 0.00902863 -0.0149006 -0.386871 -0.0242174 -0.0126456 -0.36988 
-0.020603 -0.0219784 -0.389016 -0.053849 -0.0197235 -0.372025 -0.0502346 -0.0290563 -0.391161 
-0.0687474 -0.0185185 -0.387612 -0.13913 -0.0502899 -0.397595 -0.128011 -0.0326742 -0.391901 
-0.157642 -0.0397521 -0.394046 0.235073 0.0792086 -0.341333 0.238688 0.0698757 -0.36047 
0.249807 0.0874914 -0.354776 0.205442 0.0721307 -0.343478 0.209056 0.0627979 -0.362615 
0.17581 0.0650529 -0.345623 0.179425 0.05572 -0.364759 0.149793 0.0486422 -0.366904 
0.120161 0.0415643 -0.369049 0.0905297 0.0344864 -0.371194 0.0608981 0.0274086 -0.373338 
-0.0872601 -0.00798074 -0.384062 -0.116892 -0.0150586 -0.386207 -0.176155 -0.0292143 -0.390496 
-0.205787 -0.0362922 -0.392641 -0.224299 -0.0257544 -0.389092 0.22768 0.107362 -0.33209 
0.242413 0.115645 -0.345532 -0.242812 -0.0152166 -0.385542 -0.261325 -0.00467882 -0.381993 
0.279549 0.149671 -0.318557 0.283163 0.140338 -0.337693 0.294282 0.157954 -0.331999 
0.249917 0.142593 -0.320701 0.253532 0.13326 -0.339838 0.131391 0.114282 -0.32928 
0.146124 0.122565 -0.342723 0.135005 0.104949 -0.348417 0.105374 0.0978712 -0.350561 
0.101759 0.107204 -0.331425 0.075742 0.0907933 -0.352706 0.0721276 0.100126 -0.33357 
0.0572293 0.101331 -0.349157 -0.279838 0.00585897 -0.378443 -0.29835 0.0163968 -0.374894 
0.27577 0.168492 -0.328449 0.246138 0.161414 -0.330594 0.216506 0.154336 -0.332739 
0.186875 0.147258 -0.334884 0.157243 0.14018 -0.337028 0.0387165 0.111869 -0.345607 
0.00908491 0.104791 -0.347752 -0.00942783 0.115329 -0.344203 -0.305744 0.0445502 -0.36565 
-0.0279406 0.125867 -0.340653 -0.0464533 0.136404 -0.337104 -0.327871 0.0644208 -0.342965 
-0.313138 0.0727036 -0.356407 -0.064966 0.146942 -0.333554 -0.0834788 0.15748 -0.330005 
-0.335265 0.0925743 -0.333721 -0.320532 0.100857 -0.347163 -0.101992 0.168018 -0.326456 
-0.131623 0.16094 -0.3286 -0.161255 0.153862 -0.330745 -0.164869 0.163195 -0.311609 
-0.179768 0.1644 -0.327196 -0.339045 0.111395 -0.343614 -0.357557 0.121933 -0.340064 
-0.19828 0.174938 -0.323646 -0.227912 0.16786 -0.325791 -0.257544 0.160782 -0.327936 
-0.287175 0.153704 -0.33008 -0.316807 0.146626 -0.332225 -0.346438 0.139548 -0.33437 
0.012643 -0.0242334 -0.406008 0.0162573 -0.0335663 -0.425144 0.0273762 -0.0159506 -0.41945 
-0.0169886 -0.0313113 -0.408153 -0.0133743 -0.0406441 -0.427289 -0.031887 -0.0301063 -0.423739 
0.153407 0.0393093 -0.38604 0.157022 0.0299765 -0.405177 0.168141 0.0475921 -0.399482 
0.123776 0.0322315 -0.388185 0.12739 0.0228986 -0.407321 0.094144 0.0251536 -0.39033 
0.0977584 0.0158207 -0.409466 0.0645124 0.0180757 -0.392475 0.0681268 0.00874289 -0.411611 
0.0384951 0.00166503 -0.413756 -0.0503998 -0.0195686 -0.42019 -0.0836457 -0.0173136 -0.403198 
-0.0800314 -0.0266464 -0.422335 -0.113277 -0.0243914 -0.405343 -0.109663 -0.0337243 -0.42448 
-0.139295 -0.0408021 -0.426624 -0.157807 -0.0302644 -0.423075 0.26454 0.0957742 -0.368218 
0.268154 0.0864414 -0.387354 0.279273 0.104057 -0.38166 0.238523 0.0793635 -0.389499 
0.208891 0.0722856 -0.391644 0.179259 0.0652078 -0.393788 -0.17632 -0.0197266 -0.419525 
-0.205952 -0.0268044 -0.42167 -0.224464 -0.0162666 -0.418121 0.286778 0.131005 -0.356829 
0.290392 0.121673 -0.375966 0.301511 0.139288 -0.370271 0.257146 0.123928 -0.358974 
-0.242977 -0.00572885 -0.414571 -0.26149 0.00480894 -0.411022 0.279384 0.159159 -0.347586 
0.282998 0.149826 -0.366722 0.253367 0.142748 -0.368867 0.249752 0.152081 -0.34973 
0.220121 0.145003 -0.351875 0.223735 0.13567 -0.371012 0.205222 0.146208 -0.367462 
0.160857 0.130847 -0.356165 0.175591 0.13913 -0.369607 0.164472 0.121515 -0.375301 
0.13484 0.114437 -0.377446 0.105209 0.107359 -0.379591 0.0755769 0.100281 -0.381735 
0.0459453 0.0932032 -0.38388 0.0423309 0.102536 -0.364744 0.0274325 0.103741 -0.380331 
-0.283617 0.0246796 -0.388336 -0.268884 0.0329624 -0.401778 0.18671 0.156746 -0.363913 
0.00891979 0.114279 -0.376781 -0.0207118 0.107201 -0.378926 -0.0243262 0.116534 -0.35979 
-0.0392246 0.117739 -0.375377 -0.287397 0.0435002 -0.398229 -0.305909 0.054038 -0.394679 
-0.0577373 0.128276 -0.371827 -0.0613517 0.137609 -0.352691 -0.0762501 0.138814 -0.368278 
-0.313303 0.0821914 -0.385436 -0.0947628 0.149352 -0.364728 -0.0983771 0.158685 -0.345592 
-0.113276 0.15989 -0.361179 -0.320697 0.110345 -0.376192 -0.131788 0.170428 -0.357629 
-0.16142 0.16335 -0.359774 -0.179933 0.173888 -0.356225 -0.224298 0.158527 -0.344927 
-0.209564 0.16681 -0.358369 -0.220683 0.149194 -0.364064 -0.250315 0.142116 -0.366208 
-0.253929 0.151449 -0.347072 -0.279946 0.135038 -0.368353 -0.283561 0.144371 -0.349217 
-0.298459 0.145576 -0.364804 -0.342824 0.130215 -0.353506 -0.328091 0.138498 -0.366948 
-0.198445 0.184425 -0.352675 -0.316972 0.156114 -0.361254 0.0198717 -0.0428991 -0.44428 
0.0234861 -0.052232 -0.463417 0.034605 -0.0346163 -0.457723 -0.00975993 -0.049977 -0.446425 
-0.00614557 -0.0593098 -0.465562 -0.0246583 -0.048772 -0.462012 0.131004 0.0135658 -0.426458 
0.134619 0.00423292 -0.445594 0.145738 0.0218486 -0.4399 0.101373 0.00648791 -0.428603 
0.104987 -0.00284494 -0.447739 0.0864744 0.00769285 -0.444189 0.0421095 -0.00766782 -0.432892 
0.0457239 -0.0170007 -0.452028 0.0568428 0.000614989 -0.446334 -0.0467854 -0.0289014 -0.439326 
-0.043171 -0.0382342 -0.458463 -0.076417 -0.0359793 -0.441471 -0.0728027 -0.0453121 -0.460607 
-0.106049 -0.0430571 -0.443616 -0.102434 -0.05239 -0.462752 -0.120947 -0.0418522 -0.459203 
0.271769 0.0771085 -0.40649 0.275383 0.0677757 -0.425627 0.286502 0.0853913 -0.419933 
0.242137 0.0700307 -0.408635 0.245751 0.0606978 -0.427771 0.212505 0.0629528 -0.41078 
0.21612 0.0536199 -0.429916 0.182874 0.0558749 -0.412925 0.186488 0.0465421 -0.432061 
0.156857 0.0394642 -0.434206 0.0679617 0.0182306 -0.44064 -0.13946 -0.0313144 -0.455653 
-0.157973 -0.0207766 -0.452104 0.294007 0.11234 -0.395102 0.297621 0.103007 -0.414238 
0.30874 0.120623 -0.408544 -0.176485 -0.0102388 -0.448554 -0.209731 -0.00798383 -0.431563 
-0.194998 0.000298974 -0.445005 0.301346 0.148776 -0.3993 0.168086 0.112182 -0.394437 
0.182819 0.120465 -0.40788 0.171701 0.102849 -0.413574 0.142069 0.0957711 -0.415718 
0.138455 0.105104 -0.396582 0.112437 0.0886932 -0.417863 0.108823 0.0980261 -0.398727 
0.0828056 0.0816154 -0.420008 0.0791912 0.0909482 -0.400872 0.0642929 0.0921532 -0.416459 
-0.213511 0.0108368 -0.441456 -0.246757 0.0130917 -0.424464 -0.232023 0.0213745 -0.437906 
0.282833 0.159314 -0.395751 0.253202 0.152236 -0.397896 0.22357 0.145158 -0.400041 
0.193938 0.13808 -0.402185 0.190324 0.147413 -0.383049 0.0457801 0.102691 -0.412909 
0.0161485 0.0956131 -0.415054 0.0125341 0.104946 -0.395918 -0.00236423 0.106151 -0.411504 
-0.250536 0.0319123 -0.434357 -0.269049 0.0424501 -0.430807 -0.020877 0.116689 -0.407955 
-0.0393897 0.127226 -0.404406 -0.287562 0.0529879 -0.427258 -0.306074 0.0635257 -0.423708 
-0.0579024 0.137764 -0.400856 -0.0764152 0.148302 -0.397307 -0.313468 0.0916791 -0.414465 
-0.0949279 0.15884 -0.393757 -0.12456 0.151762 -0.395902 -0.128174 0.161095 -0.376766 
-0.143072 0.1623 -0.392353 -0.320862 0.119833 -0.405221 -0.161585 0.172838 -0.388803 
-0.191217 0.16576 -0.390948 -0.194831 0.175093 -0.371812 -0.220848 0.158682 -0.393093 
-0.25048 0.151604 -0.395237 -0.280112 0.144526 -0.397382 -0.309743 0.137448 -0.399527 
-0.313358 0.146781 -0.380391 0.0863637 -0.0474091 -0.478264 0.089978 -0.0567419 -0.4974 
0.101097 -0.0391263 -0.491706 0.0567321 -0.0544869 -0.480408 0.0603464 -0.0638198 -0.499545 
0.0271004 -0.0615648 -0.482553 0.0307148 -0.0708976 -0.501689 0.012202 -0.0603599 -0.49814 
0.138233 -0.00509992 -0.46473 0.141847 -0.0144328 -0.483867 0.152966 0.00318289 -0.478173 
0.108601 -0.0121778 -0.466875 0.112216 -0.0215106 -0.486012 0.0825842 -0.0285885 -0.488156 
0.0937031 -0.0109728 -0.482462 0.0640715 -0.0180507 -0.484607 0.0493382 -0.0263335 -0.471165 
-0.00631069 -0.0498221 -0.494591 -0.0395567 -0.0475671 -0.477599 -0.0359423 -0.0568999 -0.496735 
-0.0544551 -0.0463621 -0.493186 0.249366 0.051365 -0.446908 0.25298 0.0420321 -0.466044 
0.264099 0.0596478 -0.46035 0.219734 0.0442871 -0.449053 0.223349 0.0349543 -0.468189 
0.190103 0.0372092 -0.451197 0.193717 0.0278764 -0.470334 0.160471 0.0301314 -0.453342 
0.164085 0.0207985 -0.472478 0.071576 0.0088978 -0.459776 0.0751904 -0.000435047 -0.478913 
-0.0729678 -0.0358244 -0.489636 -0.102599 -0.0429022 -0.491781 -0.121112 -0.0323644 -0.488232 
0.301235 0.0936741 -0.433375 0.30485 0.0843413 -0.452511 0.315968 0.101957 -0.446817 
0.275218 0.0772634 -0.454656 -0.139625 -0.0218266 -0.484682 -0.158138 -0.0112889 -0.481133 
0.308575 0.13011 -0.437573 0.175315 0.0935161 -0.43271 0.190048 0.101799 -0.446152 
0.178929 0.0841833 -0.451846 0.149298 0.0771054 -0.453991 0.145683 0.0864383 -0.434855 
0.130785 0.0876432 -0.450442 -0.17665 -0.000751063 -0.477583 -0.195163 0.00978673 -0.474034 
0.290062 0.140648 -0.434024 0.286448 0.149981 -0.414887 0.26043 0.13357 -0.436168 
0.256816 0.142903 -0.417032 0.241918 0.144108 -0.432619 0.197553 0.128747 -0.421322 
0.212286 0.13703 -0.434764 0.201167 0.119415 -0.440458 0.112272 0.098181 -0.446892 
0.0826405 0.0911031 -0.449037 0.0641278 0.101641 -0.445488 -0.213676 0.0203245 -0.470485 
-0.232189 0.0308623 -0.466935 0.223405 0.154646 -0.42907 0.045615 0.112179 -0.441938 
0.0159834 0.105101 -0.444083 -0.00252935 0.115639 -0.440533 -0.250701 0.0414001 -0.463386 
-0.269214 0.0519379 -0.459836 -0.0210421 0.126176 -0.436984 -0.0506737 0.119099 -0.439129 
-0.0542881 0.128431 -0.419992 -0.0691864 0.129636 -0.435579 -0.291341 0.0718085 -0.437151 
-0.276608 0.0800913 -0.450593 -0.0876992 0.140174 -0.43203 -0.0913135 0.149507 -0.412894 
-0.106212 0.150712 -0.42848 -0.298735 0.099962 -0.427907 -0.284002 0.108245 -0.441349 
-0.124725 0.16125 -0.424931 -0.154356 0.154172 -0.427076 -0.157971 0.163505 -0.407939 
-0.172869 0.16471 -0.423526 -0.302514 0.118783 -0.4378 -0.321027 0.12932 -0.43425 
-0.191382 0.175247 -0.419977 -0.221013 0.16817 -0.422122 -0.250645 0.161092 -0.424266 
-0.280277 0.154014 -0.426411 -0.309908 0.146936 -0.428556 0.189881 -0.0729946 -0.519346 
0.193495 -0.0823275 -0.538482 0.204614 -0.0647118 -0.532788 0.16025 -0.0800725 -0.52149 
0.163864 -0.0894053 -0.540627 0.130618 -0.0871503 -0.523635 0.134232 -0.0964832 -0.542771 
0.115719 -0.0859454 -0.539222 0.241751 -0.0306855 -0.505812 0.245365 -0.0400183 -0.524949 
0.256484 -0.0224027 -0.519255 0.212119 -0.0377633 -0.507957 0.215733 -0.0470962 -0.527094 
0.182487 -0.0448412 -0.510102 0.152856 -0.051919 -0.512247 0.123224 -0.0589969 -0.514391 
0.0972068 -0.0754076 -0.535673 0.0935924 -0.0660748 -0.516536 0.0639608 -0.0731526 -0.518681 
0.0675751 -0.0824855 -0.537817 0.0490624 -0.0719477 -0.534268 0.234357 -0.00253202 -0.496569 
0.24909 0.00575079 -0.510011 0.204725 -0.00960988 -0.498714 0.175093 -0.0166877 -0.500858 
0.145462 -0.0237656 -0.503003 0.11583 -0.0308435 -0.505148 0.0305497 -0.0614099 -0.530719 
-0.00269633 -0.0591549 -0.513727 0.000918031 -0.0684878 -0.532863 -0.0175947 -0.05795 -0.529314 
0.256595 0.0326993 -0.48518 0.260209 0.0233664 -0.504317 0.271328 0.0409821 -0.498623 
0.226963 0.0256214 -0.487325 0.197331 0.0185436 -0.48947 0.1677 0.0114657 -0.491615 
0.0788047 -0.00976789 -0.498049 -0.0361074 -0.0474122 -0.525764 -0.0693534 -0.0451572 -0.508773 
-0.0657391 -0.05449 -0.527909 -0.0842518 -0.0439523 -0.52436 0.278832 0.0679306 -0.473792 
0.282447 0.0585977 -0.492928 0.293566 0.0762134 -0.487234 -0.102765 -0.0334145 -0.52081 
-0.121277 -0.0228767 -0.517261 0.304684 0.093829 -0.48154 0.315803 0.111445 -0.475846 
-0.13979 -0.0123389 -0.513711 -0.158303 -0.0018011 -0.510162 0.323308 0.138393 -0.451015 
0.326922 0.12906 -0.470152 0.338041 0.146676 -0.464457 0.204781 0.110082 -0.459594 
0.219515 0.118365 -0.473036 0.208396 0.100749 -0.478731 0.178764 0.093671 -0.480875 
0.149132 0.0865932 -0.48302 0.119501 0.0795153 -0.485165 0.115886 0.0888482 -0.466029 
0.100988 0.0900531 -0.481615 -0.176815 0.00873669 -0.506612 -0.195328 0.0192745 -0.503063 
0.319528 0.157214 -0.460908 0.289897 0.150136 -0.463053 0.260265 0.143058 -0.465198 
0.230634 0.13598 -0.467342 0.227019 0.145313 -0.448206 0.0824754 0.100591 -0.478066 
0.0528437 0.093513 -0.480211 0.0492294 0.102846 -0.461074 0.034331 0.104051 -0.476661 
-0.213841 0.0298123 -0.499514 -0.232354 0.0403501 -0.495964 0.0158183 0.114589 -0.473112 
-0.00269447 0.125126 -0.469563 -0.250866 0.0508878 -0.492415 -0.269379 0.0614256 -0.488865 
-0.0212072 0.135664 -0.466013 -0.0508388 0.128586 -0.468158 -0.0693516 0.139124 -0.464608 
-0.276773 0.0895791 -0.479622 -0.0878643 0.149662 -0.461059 -0.117496 0.142584 -0.463204 
-0.12111 0.151917 -0.444067 -0.136009 0.153122 -0.459654 -0.284167 0.117733 -0.470378 
-0.154521 0.16366 -0.456105 -0.184153 0.156582 -0.45825 -0.187767 0.165915 -0.439113 
-0.213785 0.149504 -0.460394 -0.217399 0.158837 -0.441258 -0.243416 0.142426 -0.462539 
-0.247031 0.151759 -0.443403 -0.273048 0.135348 -0.464684 -0.276662 0.144681 -0.445548 
-0.306294 0.137603 -0.447692 0.234135 -0.112736 -0.564717 0.23775 -0.122069 -0.583853 
0.248869 -0.104453 -0.578159 0.204504 -0.119814 -0.566862 0.208118 -0.129147 -0.585998 
0.174872 -0.126892 -0.569007 0.178486 -0.136224 -0.588143 0.159974 -0.125687 -0.584594 
0.315636 -0.0633489 -0.549039 0.319251 -0.0726817 -0.568176 0.33037 -0.0550661 -0.562481 
0.286005 -0.0704267 -0.551184 0.289619 -0.0797596 -0.57032 0.256373 -0.0775046 -0.553329 
0.259987 -0.0868374 -0.572465 0.226741 -0.0845824 -0.555474 0.19711 -0.0916603 -0.557618 
0.167478 -0.0987382 -0.559763 0.141461 -0.115149 -0.581044 0.137847 -0.105816 -0.561908 
0.108215 -0.112894 -0.564053 0.111829 -0.122227 -0.583189 0.0933166 -0.111689 -0.579639 
0.367506 -0.0210397 -0.535506 0.37112 -0.0303725 -0.554642 0.382239 -0.0127569 -0.548948 
0.337874 -0.0281176 -0.537651 0.341489 -0.0374504 -0.556787 0.308243 -0.0351954 -0.539796 
0.278611 -0.0422733 -0.54194 0.248979 -0.0493511 -0.544085 0.219348 -0.056429 -0.54623 
0.100821 -0.0847405 -0.554809 0.0748039 -0.101151 -0.57609 0.0711895 -0.0918183 -0.556954 
0.0562911 -0.0906134 -0.572541 0.363726 -0.0022191 -0.545399 0.345214 0.00831868 -0.541849 
0.33048 3.58772e-05 -0.528407 0.300849 -0.00704198 -0.530552 0.271217 -0.0141198 -0.532697 
0.034164 -0.0707427 -0.549855 0.0377784 -0.0800756 -0.568991 0.00453239 -0.0778206 -0.552 
0.00814675 -0.0871534 -0.571136 -0.010366 -0.0766157 -0.567586 0.323087 0.0281893 -0.519164 
0.33782 0.0364721 -0.532606 0.293455 0.0211115 -0.521308 0.263823 0.0140336 -0.523453 
-0.0324931 -0.056745 -0.544901 -0.0288787 -0.0660779 -0.564037 -0.0473915 -0.0555401 -0.560488 
0.315693 0.0563428 -0.50992 0.330426 0.0646256 -0.523362 0.286061 0.0492649 -0.512065 
-0.0659042 -0.0450023 -0.556938 -0.0844169 -0.0344645 -0.553389 0.311913 0.0751633 -0.519813 
0.2934 0.0857011 -0.516263 -0.10293 -0.0239267 -0.549839 -0.121442 -0.0133889 -0.54629 
0.300905 0.11265 -0.491433 0.286007 0.113855 -0.50702 0.21201 0.091416 -0.497867 
0.226743 0.0996989 -0.511309 0.215624 0.0820832 -0.517003 0.185993 0.0750053 -0.519148 
0.182378 0.0843382 -0.500012 0.156361 0.0679275 -0.521293 0.152747 0.0772603 -0.502156 
0.137848 0.0784653 -0.517743 -0.139955 -0.00285114 -0.54274 -0.158468 0.00768665 -0.539191 
0.323143 0.147881 -0.480044 0.293511 0.140803 -0.482189 0.267494 0.124392 -0.50347 
0.26388 0.133725 -0.484334 0.237862 0.117315 -0.505615 0.234248 0.126647 -0.486479 
0.119336 0.0890031 -0.514194 0.0897041 0.0819252 -0.516339 0.0860897 0.091258 -0.497202 
0.0711914 0.092463 -0.512789 -0.180595 0.0275573 -0.516505 -0.165862 0.0358401 -0.529947 
0.0526786 0.103001 -0.50924 0.0341659 0.113539 -0.50569 -0.184374 0.0463779 -0.526398 
-0.21762 0.0486329 -0.509406 -0.202887 0.0569157 -0.522848 0.0156531 0.124076 -0.502141 
-0.0139785 0.116998 -0.504286 -0.0175928 0.126331 -0.485149 -0.0324912 0.127536 -0.500736 
-0.2214 0.0674535 -0.519299 -0.254646 0.0697084 -0.502307 -0.239913 0.0779912 -0.51575 
-0.051004 0.138074 -0.497187 -0.0695167 0.148612 -0.493637 -0.26204 0.0978619 -0.493064 
-0.247306 0.106145 -0.506506 -0.0880294 0.15915 -0.490088 -0.117661 0.152072 -0.492233 
-0.136174 0.16261 -0.488683 -0.269434 0.126015 -0.48382 -0.2547 0.134298 -0.497262 
-0.154687 0.173147 -0.485134 -0.184318 0.166069 -0.487279 -0.21395 0.158992 -0.489423 
-0.243581 0.151914 -0.491568 0.23397 -0.103248 -0.593746 0.219072 -0.102043 -0.609333 
0.207953 -0.119659 -0.615027 0.178321 -0.126737 -0.617172 0.159809 -0.116199 -0.613623 
0.315471 -0.0538611 -0.578068 0.28584 -0.060939 -0.580213 0.270941 -0.059734 -0.5958 
0.259822 -0.0773497 -0.601494 0.230191 -0.0844275 -0.603639 0.141296 -0.105661 -0.610073 
0.111664 -0.112739 -0.612218 0.0784182 -0.110484 -0.595226 0.0820326 -0.119817 -0.614363 
0.0635198 -0.109279 -0.610813 0.370955 -0.0208848 -0.583672 0.382074 -0.00326914 -0.577977 
0.341323 -0.0279627 -0.585816 0.311692 -0.0350405 -0.587961 0.28206 -0.0421184 -0.590106 
0.0413927 -0.0894084 -0.588127 0.0450071 -0.0987413 -0.607264 0.0117611 -0.0964863 -0.590272 
0.0153755 -0.105819 -0.609409 -0.00313727 -0.0952813 -0.605859 0.389578 0.0236794 -0.553147 
0.393193 0.0143465 -0.572283 0.404312 0.0319622 -0.566589 0.359947 0.0166015 -0.555292 
-0.0105311 -0.0671279 -0.596615 0.382185 0.0518328 -0.543903 0.396918 0.0601156 -0.557345 
0.352553 0.0447549 -0.546048 -0.0290438 -0.0565901 -0.593066 -0.0475566 -0.0460523 -0.589517 
0.378405 0.0706534 -0.553796 0.359892 0.0811912 -0.550246 0.345159 0.0729084 -0.536804 
-0.0660693 -0.0355145 -0.585967 -0.084582 -0.0249767 -0.582418 0.34138 0.091729 -0.546697 
0.308134 0.0939839 -0.529705 0.322867 0.102267 -0.543148 -0.103095 -0.014439 -0.578868 
-0.121608 -0.00390117 -0.575319 0.304354 0.112805 -0.539598 0.274723 0.105727 -0.541743 
0.271108 0.11506 -0.522606 0.245091 0.0986488 -0.543888 0.241477 0.107982 -0.524751 
0.215459 0.091571 -0.546032 0.185828 0.0844931 -0.548177 0.156196 0.0774152 -0.550322 
0.126564 0.0703374 -0.552467 0.12295 0.0796702 -0.53333 0.108052 0.0808752 -0.548917 
-0.14012 0.00663662 -0.571769 -0.158633 0.0171744 -0.56822 0.089539 0.0914129 -0.545368 
0.0599073 0.0843351 -0.547513 0.056293 0.0936679 -0.528376 0.0413946 0.0948729 -0.543963 
-0.166027 0.0453278 -0.558976 0.0228819 0.105411 -0.540414 0.0192675 0.114744 -0.521277 
0.00436913 0.115948 -0.536864 -0.18454 0.0558656 -0.555427 -0.203052 0.0664034 -0.551877 
-0.0141436 0.126486 -0.533315 -0.0437752 0.119408 -0.53546 -0.0473896 0.128741 -0.516323 
-0.062288 0.129946 -0.53191 -0.221565 0.0769412 -0.548328 -0.240078 0.087479 -0.544779 
-0.0808007 0.140484 -0.528361 -0.0844151 0.149817 -0.509224 -0.0993134 0.151022 -0.524811 
-0.247472 0.115632 -0.535535 -0.117826 0.16156 -0.521262 -0.147458 0.154482 -0.523407 
-0.151072 0.163815 -0.50427 -0.177089 0.147404 -0.525551 -0.180704 0.156737 -0.506415 
-0.206721 0.140326 -0.527696 -0.210335 0.149659 -0.50856 -0.225234 0.150864 -0.524147 
-0.254865 0.143786 -0.526291 -0.243747 0.161402 -0.520597 0.204173 -0.100838 -0.62492 
0.174542 -0.107916 -0.627065 0.256043 -0.0585291 -0.611387 0.226411 -0.0656069 -0.613532 
0.211513 -0.064402 -0.629119 0.200394 -0.0820176 -0.634813 0.170762 -0.0890955 -0.636957 
0.141131 -0.0961734 -0.639102 0.111499 -0.103251 -0.641247 0.0818674 -0.110329 -0.643392 
0.0486215 -0.108074 -0.6264 0.0522358 -0.117407 -0.645536 0.0337231 -0.106869 -0.641987 
0.367176 -0.0020642 -0.593564 0.337544 -0.00914206 -0.595709 0.307912 -0.0162199 -0.597854 
0.278281 -0.0232978 -0.599998 0.248649 -0.0303756 -0.602143 0.233751 -0.0291707 -0.61773 
0.222632 -0.0467863 -0.623424 0.0152103 -0.0963314 -0.638438 -0.00330239 -0.0857936 -0.634888 
0.389413 0.0331671 -0.582176 0.374515 0.0343721 -0.597763 0.363396 0.0167564 -0.603457 
0.333764 0.00967854 -0.605602 0.304133 0.00260068 -0.607746 0.274501 -0.00447718 -0.609891 
0.24487 -0.011555 -0.612036 -0.0106962 -0.0576402 -0.625645 0.38202 0.0613205 -0.572932 
0.367121 0.0625255 -0.588519 -0.029209 -0.0471024 -0.622095 -0.0477217 -0.0365646 -0.618546 
0.348608 0.0730633 -0.58497 0.344994 0.0823961 -0.565833 0.330096 0.0836011 -0.58142 
-0.0662344 -0.0260268 -0.614996 -0.0847472 -0.015489 -0.611447 0.311583 0.0941389 -0.577871 
0.307969 0.103472 -0.558734 0.281951 0.087061 -0.580015 0.278337 0.0963938 -0.560879 
0.25232 0.0799831 -0.58216 0.248705 0.089316 -0.563024 0.222688 0.0729053 -0.584305 
0.219074 0.0822381 -0.565169 0.193056 0.0658274 -0.58645 0.189442 0.0751603 -0.567313 
0.163425 0.0587495 -0.588595 0.15981 0.0680824 -0.569458 0.133793 0.0516717 -0.590739 
0.130179 0.0610045 -0.571603 0.11528 0.0622095 -0.58719 -0.10326 -0.00495121 -0.607897 
-0.121773 0.00558658 -0.604348 0.0967677 0.0727473 -0.58364 0.0931533 0.0820801 -0.564504 
0.078255 0.083285 -0.580091 -0.140285 0.0161244 -0.600798 -0.158798 0.0266622 -0.597249 
0.0597422 0.0938228 -0.576542 0.0301106 0.086745 -0.578686 0.0264962 0.0960778 -0.55955 
0.0115978 0.0972828 -0.575137 -0.166192 0.0548156 -0.588005 -0.00691489 0.107821 -0.571587 
-0.0105292 0.117153 -0.552451 -0.0254276 0.118358 -0.568038 -0.184705 0.0653534 -0.584456 
-0.203217 0.0758912 -0.580907 -0.0439404 0.128896 -0.564489 -0.073572 0.121818 -0.566633 
-0.0771863 0.131151 -0.547497 -0.0920847 0.132356 -0.563084 -0.225345 0.0957618 -0.558221 
-0.210611 0.104045 -0.571663 -0.110597 0.142894 -0.559534 -0.114212 0.152227 -0.540398 
-0.12911 0.153432 -0.555985 -0.232738 0.123915 -0.548977 -0.218005 0.132198 -0.562419 
-0.147623 0.163969 -0.552436 -0.177255 0.156892 -0.55458 -0.206886 0.149814 -0.556725 
-0.240132 0.152069 -0.539733 0.196615 -0.0631971 -0.644705 0.166983 -0.0702749 -0.64685 
0.137351 -0.0773528 -0.648995 0.10772 -0.0844306 -0.65114 0.0928212 -0.0832257 -0.666727 
0.0817023 -0.100841 -0.672421 0.0484563 -0.0985864 -0.655429 0.0631896 -0.0903035 -0.668871 
0.218852 -0.0279658 -0.633317 0.189221 -0.0350436 -0.635462 0.159589 -0.0421215 -0.637607 
0.144691 -0.0409165 -0.653193 0.133572 -0.0585322 -0.658888 0.10394 -0.06561 -0.661032 
0.0446769 -0.0797658 -0.665322 0.0114309 -0.0775108 -0.64833 0.0261641 -0.069228 -0.661772 
0.359617 0.035577 -0.61335 0.329985 0.0284991 -0.615494 0.300353 0.0214213 -0.617639 
0.270722 0.0143434 -0.619784 0.24109 0.00726555 -0.621929 0.211458 0.000187688 -0.624073 
0.181827 -0.00689017 -0.626218 0.166928 -0.00568523 -0.641805 0.15581 -0.0233009 -0.647499 
0.00765139 -0.0586902 -0.658223 -0.0108613 -0.0481524 -0.654674 0.352223 0.0637304 -0.604106 
0.322591 0.0566526 -0.606251 0.29296 0.0495747 -0.608395 0.263328 0.0424968 -0.61054 
0.233696 0.035419 -0.612685 0.204065 0.0283411 -0.61483 0.174433 0.0212633 -0.616974 
0.148416 0.00485256 -0.638256 0.144801 0.0141854 -0.619119 0.129903 0.0153903 -0.634706 
-0.0293741 -0.0376146 -0.651124 -0.0478868 -0.0270768 -0.647575 0.315197 0.084806 -0.597007 
0.285566 0.0777282 -0.599152 0.255934 0.0706503 -0.601297 0.226302 0.0635724 -0.603441 
0.196671 0.0564946 -0.605586 0.167039 0.0494167 -0.607731 0.137408 0.0423388 -0.609876 
0.122509 0.0435438 -0.625463 -0.0663996 -0.016539 -0.644025 -0.0849123 -0.00600124 -0.640476 
0.103996 0.0540816 -0.621913 0.100382 0.0634144 -0.602777 0.0854837 0.0646194 -0.618364 
-0.107039 0.0138694 -0.61779 -0.0923061 0.0221522 -0.631232 0.0669709 0.0751572 -0.614814 
0.0633566 0.08449 -0.595678 0.0484582 0.0856949 -0.611265 -0.110819 0.03269 -0.627683 
-0.144065 0.034945 -0.610691 -0.129332 0.0432278 -0.624133 0.0299455 0.0962327 -0.607715 
0.000313832 0.0891549 -0.60986 -0.00330053 0.0984877 -0.590724 -0.0181989 0.0996927 -0.606311 
-0.151459 0.0630984 -0.601448 -0.136725 0.0713812 -0.61489 -0.0367116 0.11023 -0.602761 
-0.040326 0.119563 -0.583625 -0.0552244 0.120768 -0.599212 -0.158853 0.0912518 -0.592204 
-0.144119 0.0995346 -0.605646 -0.188484 0.084174 -0.594349 -0.0737371 0.131306 -0.595662 
-0.0922498 0.141844 -0.592113 -0.166246 0.119405 -0.58296 -0.151513 0.127688 -0.596402 
-0.195878 0.112327 -0.585105 -0.110763 0.152382 -0.588563 -0.129275 0.162919 -0.585014 
-0.170026 0.138226 -0.592853 -0.203272 0.140481 -0.575861 -0.188539 0.148764 -0.589304 
-0.147788 0.173457 -0.581465 -0.17742 0.166379 -0.583609 0.0815372 -0.0913536 -0.70145 
0.0926561 -0.0737379 -0.695756 0.0630245 -0.0808158 -0.6979 0.129792 -0.0397116 -0.66878 
0.100161 -0.0467894 -0.670925 0.0852623 -0.0455845 -0.686512 0.0445117 -0.070278 -0.694351 
0.025999 -0.0597402 -0.690802 0.15203 -0.00448028 -0.657392 0.122398 -0.0115581 -0.659537 
0.0927668 -0.018636 -0.661681 0.0778684 -0.0174311 -0.677268 0.00748627 -0.0492024 -0.687252 
-0.0110265 -0.0386646 -0.683703 0.115005 0.0165953 -0.650293 0.085373 0.00951743 -0.652438 
0.0593557 -0.00689327 -0.673719 0.0557413 0.00243957 -0.654583 0.040843 0.00364452 -0.670169 
-0.0295392 -0.0281269 -0.680153 -0.0480519 -0.0175891 -0.676604 0.107611 0.0447487 -0.641049 
0.0779791 0.0376709 -0.643194 0.0483475 0.030593 -0.645339 0.0334491 0.031798 -0.660926 
-0.070179 0.00228156 -0.653918 -0.0554458 0.0105644 -0.66736 0.0705853 0.0658243 -0.633951 
0.0409537 0.0587464 -0.636095 0.0149364 0.0423357 -0.657376 0.011322 0.0516686 -0.63824 
-0.00357635 0.0528735 -0.653827 -0.0739585 0.0211022 -0.663811 -0.0924712 0.0316399 -0.660261 
0.0335598 0.0868999 -0.626852 0.00392819 0.079822 -0.628996 -0.0109702 0.081027 -0.644583 
-0.114598 0.0515106 -0.637575 -0.0998651 0.0597934 -0.651018 -0.0294829 0.0915648 -0.641034 
-0.0330973 0.100898 -0.621898 -0.0479957 0.102103 -0.637484 -0.121992 0.079664 -0.628332 
-0.107259 0.0879468 -0.641774 -0.0665084 0.11264 -0.633935 -0.0701227 0.121973 -0.614799 
-0.0850211 0.123178 -0.630386 -0.129386 0.107817 -0.619088 -0.114653 0.1161 -0.63253 
-0.092415 0.151332 -0.621142 -0.13678 0.135971 -0.609845 -0.122047 0.144254 -0.623287 
-0.110928 0.161869 -0.617593 -0.144174 0.164124 -0.600601 -0.173805 0.157046 -0.602746 
0.0777577 -0.072533 -0.711343 0.0703639 -0.0443796 -0.702099 0.0407323 -0.0514574 -0.704244 
0.0629701 -0.0162261 -0.692855 0.0480717 -0.0150212 -0.708442 0.0369528 -0.0326368 -0.714136 
0.00370679 -0.0303818 -0.697145 0.01844 -0.022099 -0.710587 0.0295589 -0.00448338 -0.704893 
0.0259446 0.00484946 -0.685756 -0.00368705 -0.0022284 -0.687901 -0.0333187 -0.00930626 -0.690046 
0.0185507 0.0330029 -0.676513 0.00365237 0.0342078 -0.6921 -0.00746652 0.0165922 -0.697794 
-0.0407125 0.0188472 -0.680802 -0.0259793 0.02713 -0.694244 -0.0148604 0.0447456 -0.68855 
-0.0184747 0.0540785 -0.669414 -0.0333731 0.0552834 -0.685001 -0.044492 0.0376678 -0.690695 
-0.077738 0.0399228 -0.673703 -0.0630047 0.0482056 -0.687146 -0.0258686 0.0822319 -0.66017 
-0.0407669 0.0834369 -0.675757 -0.0851318 0.0680762 -0.66446 -0.0703986 0.076359 -0.677902 
-0.0592797 0.0939746 -0.672208 -0.062894 0.103307 -0.653071 -0.0925257 0.0962296 -0.655216 
-0.0999195 0.124383 -0.645972 -0.107313 0.152537 -0.636729 0.0331733 -0.0138162 -0.724029 
-0.011246 0.0354128 -0.707687 -0.0482715 0.0564884 -0.700588 -0.0556653 0.0846418 -0.691344 

POLYGONS 6789 20364
OFFSETS vtktypeint64
0 3 6 9 12 15 18 21 24 
27 30 33 36 39 42 45 48 51 
54 57 60 63 66 69 72 75 78 
81 84 87 90 93 96 99 102 105 
108 111 114 117 120 123 126 129 132 
135 138 141 144 147 150 153 156 159 
162 165 168 171 174 177 180 183 186 
189 192 195 198 201 204 207 210 213 
216 219 222 225 228 231 234 237 240 
243 246 249 252 255 258 261 264 267 
270 273 276 279 282 285 288 291 294 
297 300 303 306 309 312 315 318 321 
324 327 330 333 336 339 342 345 348 
351 354 357 360 363 366 369 372 375 
378 381 384 387 390 393 396 399 402 
405 408 411 414 417 420 423 426 429 
432 435 438 441 444 447 450 453 456 
459 462 465 468 471 474 477 480 483 
486 489 492 495 498 501 504 507 510 
513 516 519 522 525 528 531 534 537 
540 543 546 549 552 555 558 561 564 
567 570 573 576 579 582 585 588 591 
594 597 600 603 606 609 612 615 618 
621 624 627 630 633 636 639 642 645 
648 651 654 657 660 663 666 669 672 
675 678 681 684 687 690 693 696 699 
702 705 708 711 714 717 720 723 726 
729 732 735 738 741 744 747 750 753 
756 759 762 765 768 771 774 777 780 
783 786 789 792 795 798 801 804 807 
810 813 816 819 822 825 828 831 834 
837 840 843 846 849 852 855 858 861 
864 867 870 873 876 879 882 885 888 
891 894 897 900 903 906 909 912 915 
918 921 924 927 930 933 936 939 942 
945 948 951 954 957 960 963 966 969 
972 975 978 981 984 987 990 993 996 
999 1002 1005 1008 1011 1014 1017 1020 1023 
1026 1029 1032 1035 1038 1041 1044 1047 1050 
1053 1056 1059 1062 1065 1068 1071 1074 1077 
1080 1083 1086 1089 1092 1095 1098 1101 1104 
1107 1110 1113 1116 1119 1122 1125 1128 1131 
1134 1137 1140 1143 1146 1149 1152 1155 1158 
1161 1164 1167 1170 1173 1176 1179 1182 1185 
1188 1191 1194 1197 1200 1203 1206 1209 1212 
1215 1218 1221 1224 1227 1230 1233 1236 1239 
1242 1245 1248 1251 1254 1257 1260 1263 1266 
1269 1272 1275 1278 1281 1284 1287 1290 1293 
1296 1299 1302 1305 1308 1311 1314 1317 1320 
1323 1326 1329 1332 1335 1338 1341 1344 1347 
1350 1353 1356 1359 1362 1365 1368 1371 1374 
1377 1380 1383 1386 1389 1392 1395 1398 1401 
1404 1407 1410 1413 1416 1419 1422 1425 1428 
1431 1434 1437 1440 1443 1446 1449 1452 1455 
1458 1461 1464 1467 1470 1473 1476 1479 1482 
1485 1488 1491 1494 1497 1500 1503 1506 1509 
1512 1515 1518 1521 1524 1527 1530 1533 1536 
1539 1542 1545 1548 1551 1554 1557 1560 1563 
1566 1569 1572 1575 1578 1581 1584 1587 1590 
1593 1596 1599 1602 1605 1608 1611 1614 1617 
1620 1623 1626 1629 1632 1635 1638 1641 1644 
1647 1650 1653 1656 1659 1662 1665 1668 1671 
1674 1677 1680 1683 1686 1689 1692 1695 1698 
1701 1704 1707 1710 1713 1716 1719 1722 1725 
1728 1731 1734 1737 1740 1743 1746 1749 1752 
1755 1758 1761 1764 1767 1770 1773 1776 1779 
1782 1785 1788 1791 1794 1797 1800 1803 1806 
1809 1812 1815 1818 1821 1824 1827 1830 1833 
1836 1839 1842 1845 1848 1851 1854 1857 1860 
1863 1866 1869 1872 1875 1878 1881 1884 1887 
1890 1893 1896 1899 1902 1905 1908 1911 1914 
1917 1920 1923 1926 1929 1932 1935 1938 1941 
1944 1947 1950 1953 1956 1959 1962 1965 1968 
1971 1974 1977 1980 1983 1986 1989 1992 1995 
1998 2001 2004 2007 2010 2013 2016 2019 2022 
2025 2028 2031 2034 2037 2040 2043 2046 2049 
2052 2055 2058 2061 2064 2067 2070 2073 2076 
2079 2082 2085 2088 2091 2094 2097 2100 2103 
2106 2109 2112 2115 2118 2121 2124 2127 2130 
2133 2136 2139 2142 2145 2148 2151 2154 2157 
2160 2163 2166 2169 2172 2175 2178 2181 2184 
2187 2190 2193 2196 2199 2202 2205 2208 2211 
2214 2217 2220 2223 2226 2229 2232 2235 2238 
2241 2244 2247 2250 2253 2256 2259 2262 2265 
2268 2271 2274 2277 2280 2283 2286 2289 2292 
2295 2298 2301 2304 2307 2310 2313 2316 2319 
2322 2325 2328 2331 2334 2337 2340 2343 2346 
2349 2352 2355 2358 2361 2364 2367 2370 2373 
2376 2379 2382 2385 2388 2391 2394 2397 2400 
2403 2406 2409 2412 2415 2418 2421 2424 2427 
2430 2433 2436 2439 2442 2445 2448 2451 2454 
2457 2460 2463 2466 2469 2472 2475 2478 2481 
2484 2487 2490 2493 2496 2499 2502 2505 2508 
2511 2514 2517 2520 2523 2526 2529 2532 2535 
2538 2541 2544 2547 2550 2553 2556 2559 2562 
2565 2568 2571 2574 2577 2580 2583 2586 2589 
2592 2595 2598 2601 2604 2607 2610 2613 2616 
2619 2622 2625 2628 2631 2634 2637 2640 2643 
2646 2649 2652 2655 2658 2661 2664 2667 2670 
2673 2676 2679 2682 2685 2688 2691 2694 2697 
2700 2703 2706 2709 2712 2715 2718 2721 2724 
2727 2730 2733 2736 2739 2742 2745 2748 2751 
2754 2757 2760 2763 2766 2769 2772 2775 2778 
2781 2784 2787 2790 2793 2796 2799 2802 2805 
2808 2811 2814 2817 2820 2823 2826 2829 2832 
2835 2838 2841 2844 2847 2850 2853 2856 2859 
2862 2865 2868 2871 2874 2877 2880 2883 2886 
2889 2892 2895 2898 2901 2904 2907 2910 2913 
2916 2919 2922 2925 2928 2931 2934 2937 2940 
2943 2946 2949 2952 2955 2958 2961 2964 2967 
2970 2973 2976 2979 2982 2985 2988 2991 2994 
2997 3000 3003 3006 3009 3012 3015 3018 3021 
3024 3027 3030 3033 3036 3039 3042 3045 3048 
3051 3054 3057 3060 3063 3066 3069 3072 3075 
3078 3081 3084 3087 3090 3093 3096 3099 3102 
3105 3108 3111 3114 3117 3120 3123 3126 3129 
3132 3135 3138 3141 3144 3147 3150 3153 3156 
3159 3162 3165 3168 3171 3174 3177 3180 3183 
3186 3189 3192 3195 3198 3201 3204 3207 3210 
3213 3216 3219 3222 3225 3228 3231 3234 3237 
3240 3243 3246 3249 3252 3255 3258 3261 3264 
3267 3270 3273 3276 3279 3282 3285 3288 3291 
3294 3297 3300 3303 3306 3309 3312 3315 3318 
3321 3324 3327 3330 3333 3336 3339 3342 3345 
3348 3351 3354 3357 3360 3363 3366 3369 3372 
3375 3378 3381 3384 3387 3390 3393 3396 3399 
3402 3405 3408 3411 3414 3417 3420 3423 3426 
3429 3432 3435 3438 3441 3444 3447 3450 3453 
3456 3459 3462 3465 3468 3471 3474 3477 3480 
3483 3486 3489 3492 3495 3498 3501 3504 3507 
3510 3513 3516 3519 3522 3525 3528 3531 3534 
3537 3540 3543 3546 3549 3552 3555 3558 3561 
3564 3567 3570 3573 3576 3579 3582 3585 3588 
3591 3594 3597 3600 3603 3606 3609 3612 3615 
3618 3621 3624 3627 3630 3633 3636 3639 3642 
3645 3648 3651 3654 3657 3660 3663 3666 3669 
3672 3675 3678 3681 3684 3687 3690 3693 3696 
3699 3702 3705 3708 3711 3714 3717 3720 3723 
3726 3729 3732 3735 3738 3741 3744 3747 3750 
3753 3756 3759 3762 3765 3768 3771 3774 3777 
3780 3783 3786 3789 3792 3795 3798 3801 3804 
3807 3810 3813 3816 3819 3822 3825 3828 3831 
3834 3837 3840 3843 3846 3849 3852 3855 3858 
3861 3864 3867 3870 3873 3876 3879 3882 3885 
3888 3891 3894 3897 3900 3903 3906 3909 3912 
3915 3918 3921 3924 3927 3930 3933 3936 3939 
3942 3945 3948 3951 3954 3957 3960 3963 3966 
3969 3972 3975 3978 3981 3984 3987 3990 3993 
3996 3999 4002 4005 4008 4011 4014 4017 4020 
4023 4026 4029 4032 4035 4038 4041 4044 4047 
4050 4053 4056 4059 4062 4065 4068 4071 4074 
4077 4080 4083 4086 4089 4092 4095 4098 4101 
4104 4107 4110 4113 4116 4119 4122 4125 4128 
4131 4134 4137 4140 4143 4146 4149 4152 4155 
4158 4161 4164 4167 4170 4173 4176 4179 4182 
4185 4188 4191 4194 4197 4200 4203 4206 4209 
4212 4215 4218 4221 4224 4227 4230 4233 4236 
4239 4242 4245 4248 4251 4254 4257 4260 4263 
4266 4269 4272 4275 4278 4281 4284 4287 4290 
4293 4296 4299 4302 4305 4308 4311 4314 4317 
4320 4323 4326 4329 4332 4335 4338 4341 4344 
4347 4350 4353 4356 4359 4362 4365 4368 4371 
4374 4377 4380 4383 4386 4389 4392 4395 4398 
4401 4404 4407 4410 4413 4416 4419 4422 4425 
4428 4431 4434 4437 4440 4443 4446 4449 4452 
4455 4458 4461 4464 4467 4470 4473 4476 4479 
4482 4485 4488 4491 4494 4497 4500 4503 4506 
4509 4512 4515 4518 4521 4524 4527 4530 4533 
4536 4539 4542 4545 4548 4551 4554 4557 4560 
4563 4566 4569 4572 4575 4578 4581 4584 4587 
4590 4593 4596 4599 4602 4605 4608 4611 4614 
4617 4620 4623 4626 4629 4632 4635 4638 4641 
4644 4647 4650 4653 4656 4659 4662 4665 4668 
4671 4674 4677 4680 4683 4686 4689 4692 4695 
4698 4701 4704 4707 4710 4713 4716 4719 4722 
4725 4728 4731 4734 4737 4740 4743 4746 4749 
4752 4755 4758 4761 4764 4767 4770 4773 4776 
4779 4782 4785 4788 4791 4794 4797 4800 4803 
4806 4809 4812 4815 4818 4821 4824 4827 4830 
4833 4836 4839 4842 4845 4848 4851 4854 4857 
4860 4863 4866 4869 4872 4875 4878 4881 4884 
4887 4890 4893 4896 4899 4902 4905 4908 4911 
4914 4917 4920 4923 4926 4929 4932 4935 4938 
4941 4944 4947 4950 4953 4956 4959 4962 4965 
4968 4971 4974 4977 4980 4983 4986 4989 4992 
4995 4998 5001 5004 5007 5010 5013 5016 5019 
5022 5025 5028 5031 5034 5037 5040 5043 5046 
5049 5052 5055 5058 5061 5064 5067 5070 5073 
5076 5079 5082 5085 5088 5091 5094 5097 5100 
5103 5106 5109 5112 5115 5118 5121 5124 5127 
5130 5133 5136 5139 5142 5145 5148 5151 5154 
5157 5160 5163 5166 5169 5172 5175 5178 5181 
5184 5187 5190 5193 5196 5199 5202 5205 5208 
5211 5214 5217 5220 5223 5226 5229 5232 5235 
5238 5241 5244 5247 5250 5253 5256 5259 5262 
5265 5268 5271 5274 5277 5280 5283 5286 5289 
5292 5295 5298 5301 5304 5307 5310 5313 5316 
5319 5322 5325 5328 5331 5334 5337 5340 5343 
5346 5349 5352 5355 5358 5361 5364 5367 5370 
5373 5376 5379 5382 5385 5388 5391 5394 5397 
5400 5403 5406 5409 5412 5415 5418 5421 5424 
5427 5430 5433 5436 5439 5442 5445 5448 5451 
5454 5457 5460 5463 5466 5469 5472 5475 5478 
5481 5484 5487 5490 5493 5496 5499 5502 5505 
5508 5511 5514 5517 5520 5523 5526 5529 5532 
5535 5538 5541 5544 5547 5550 5553 5556 5559 
5562 5565 5568 5571 5574 5577 5580 5583 5586 
5589 5592 5595 5598 5601 5604 5607 5610 5613 
5616 5619 5622 5625 5628 5631 5634 5637 5640 
5643 5646 5649 5652 5655 5658 5661 5664 5667 
5670 5673 5676 5679 5682 5685 5688 5691 5694 
5697 5700 5703 5706 5709 5712 5715 5718 5721 
5724 5727 5730 5733 5736 5739 5742 5745 5748 
5751 5754 5757 5760 5763 5766 5769 5772 5775 
5778 5781 5784 5787 5790 5793 5796 5799 5802 
5805 5808 5811 5814 5817 5820 5823 5826 5829 
5832 5835 5838 5841 5844 5847 5850 5853 5856 
5859 5862 5865 5868 5871 5874 5877 5880 5883 
5886 5889 5892 5895 5898 5901 5904 5907 5910 
5913 5916 5919 5922 5925 5928 5931 5934 5937 
5940 5943 5946 5949 5952 5955 5958 5961 5964 
5967 5970 5973 5976 5979 5982 5985 5988 5991 
5994 5997 6000 6003 6006 6009 6012 6015 6018 
6021 6024 6027 6030 6033 6036 6039 6042 6045 
6048 6051 6054 6057 6060 6063 6066 6069 6072 
6075 6078 6081 6084 6087 6090 6093 6096 6099 
6102 6105 6108 6111 6114 6117 6120 6123 6126 
6129 6132 6135 6138 6141 6144 6147 6150 6153 
6156 6159 6162 6165 6168 6171 6174 6177 6180 
6183 6186 6189 6192 6195 6198 6201 6204 6207 
6210 6213 6216 6219 6222 6225 6228 6231 6234 
6237 6240 6243 6246 6249 6252 6255 6258 6261 
6264 6267 6270 6273 6276 6279 6282 6285 6288 
6291 6294 6297 6300 6303 6306 6309 6312 6315 
6318 6321 6324 6327 6330 6333 6336 6339 6342 
6345 6348 6351 6354 6357 6360 6363 6366 6369 
6372 6375 6378 6381 6384 6387 6390 6393 6396 
6399 6402 6405 6408 6411 6414 6417 6420 6423 
6426 6429 6432 6435 6438 6441 6444 6447 6450 
6453 6456 6459 6462 6465 6468 6471 6474 6477 
6480 6483 6486 6489 6492 6495 6498 6501 6504 
6507 6510 6513 6516 6519 6522 6525 6528 6531 
6534 6537 6540 6543 6546 6549 6552 6555 6558 
6561 6564 6567 6570 6573 6576 6579 6582 6585 
6588 6591 6594 6597 6600 6603 6606 6609 6612 
6615 6618 6621 6624 6627 6630 6633 6636 6639 
6642 6645 6648 6651 6654 6657 6660 6663 6666 
6669 6672 6675 6678 6681 6684 6687 6690 6693 
6696 6699 6702 6705 6708 6711 6714 6717 6720 
6723 6726 6729 6732 6735 6738 6741 6744 6747 
6750 6753 6756 6759 6762 6765 6768 6771 6774 
6777 6780 6783 6786 6789 6792 6795 6798 6801 
6804 6807 6810 6813 6816 6819 6822 6825 6828 
6831 6834 6837 6840 6843 6846 6849 6852 6855 
6858 6861 6864 6867 6870 6873 6876 6879 6882 
6885 6888 6891 6894 6897 6900 6903 6906 6909 
6912 6915 6918 6921 6924 6927 6930 6933 6936 
6939 6942 6945 6948 6951 6954 6957 6960 6963 
6966 6969 6972 6975 6978 6981 6984 6987 6990 
6993 6996 6999 7002 7005 7008 7011 7014 7017 
7020 7023 7026 7029 7032 7035 7038 7041 7044 
7047 7050 7053 7056 7059 7062 7065 7068 7071 
7074 7077 7080 7083 7086 7089 7092 7095 7098 
7101 7104 7107 7110 7113 7116 7119 7122 7125 
7128 7131 7134 7137 7140 7143 7146 7149 7152 
7155 7158 7161 7164 7167 7170 7173 7176 7179 
7182 7185 7188 7191 7194 7197 7200 7203 7206 
7209 7212 7215 7218 7221 7224 7227 7230 7233 
7236 7239 7242 7245 7248 7251 7254 7257 7260 
7263 7266 7269 7272 7275 7278 7281 7284 7287 
7290 7293 7296 7299 7302 7305 7308 7311 7314 
7317 7320 7323 7326 7329 7332 7335 7338 7341 
7344 7347 7350 7353 7356 7359 7362 7365 7368 
7371 7374 7377 7380 7383 7386 7389 7392 7395 
7398 7401 7404 7407 7410 7413 7416 7419 7422 
7425 7428 7431 7434 7437 7440 7443 7446 7449 
7452 7455 7458 7461 7464 7467 7470 7473 7476 
7479 7482 7485 7488 7491 7494 7497 7500 7503 
7506 7509 7512 7515 7518 7521 7524 7527 7530 
7533 7536 7539 7542 7545 7548 7551 7554 7557 
7560 7563 7566 7569 7572 7575 7578 7581 7584 
7587 7590 7593 7596 7599 7602 7605 7608 7611 
7614 7617 7620 7623 7626 7629 7632 7635 7638 
7641 7644 7647 7650 7653 7656 7659 7662 7665 
7668 7671 7674 7677 7680 7683 7686 7689 7692 
7695 7698 7701 7704 7707 7710 7713 7716 7719 
7722 7725 7728 7731 7734 7737 7740 7743 7746 
7749 7752 7755 7758 7761 7764 7767 7770 7773 
7776 7779 7782 7785 7788 7791 7794 7797 7800 
7803 7806 7809 7812 7815 7818 7821 7824 7827 
7830 7833 7836 7839 7842 7845 7848 7851 7854 
7857 7860 7863 7866 7869 7872 7875 7878 7881 
7884 7887 7890 7893 7896 7899 7902 7905 7908 
7911 7914 7917 7920 7923 7926 7929 7932 7935 
7938 7941 7944 7947 7950 7953 7956 7959 7962 
7965 7968 7971 7974 7977 7980 7983 7986 7989 
7992 7995 7998 8001 8004 8007 8010 8013 8016 
8019 8022 8025 8028 8031 8034 8037 8040 8043 
8046 8049 8052 8055 8058 8061 8064 8067 8070 
8073 8076 8079 8082 8085 8088 8091 8094 8097 
8100 8103 8106 8109 8112 8115 8118 8121 8124 
8127 8130 8133 8136 8139 8142 8145 8148 8151 
8154 8157 8160 8163 8166 8169 8172 8175 8178 
8181 8184 8187 8190 8193 8196 8199 8202 8205 
8208 8211 8214 8217 8220 8223 8226 8229 8232 
8235 8238 8241 8244 8247 8250 8253 8256 8259 
8262 8265 8268 8271 8274 8277 8280 8283 8286 
8289 8292 8295 8298 8301 8304 8307 8310 8313 
8316 8319 8322 8325 8328 8331 8334 8337 8340 
8343 8346 8349 8352 8355 8358 8361 8364 8367 
8370 8373 8376 8379 8382 8385 8388 8391 8394 
8397 8400 8403 8406 8409 8412 8415 8418 8421 
8424 8427 8430 8433 8436 8439 8442 8445 8448 
8451 8454 8457 8460 8463 8466 8469 8472 8475 
8478 8481 8484 8487 8490 8493 8496 8499 8502 
8505 8508 8511 8514 8517 8520 8523 8526 8529 
8532 8535 8538 8541 8544 8547 8550 8553 8556 
8559 8562 8565 8568 8571 8574 8577 8580 8583 
8586 8589 8592 8595 8598 8601 8604 8607 8610 
8613 8616 8619 8622 8625 8628 8631 8634 8637 
8640 8643 8646 8649 8652 8655 8658 8661 8664 
8667 8670 8673 8676 8679 8682 8685 8688 8691 
8694 8697 8700 8703 8706 8709 8712 8715 8718 
8721 8724 8727 8730 8733 8736 8739 8742 8745 
8748 8751 8754 8757 8760 8763 8766 8769 8772 
8775 8778 8781 8784 8787 8790 8793 8796 8799 
8802 8805 8808 8811 8814 8817 8820 8823 8826 
8829 8832 8835 8838 8841 8844 8847 8850 8853 
8856 8859 8862 8865 8868 8871 8874 8877 8880 
8883 8886 8889 8892 8895 8898 8901 8904 8907 
8910 8913 8916 8919 8922 8925 8928 8931 8934 
8937 8940 8943 8946 8949 8952 8955 8958 8961 
8964 8967 8970 8973 8976 8979 8982 8985 8988 
8991 8994 8997 9000 9003 9006 9009 9012 9015 
9018 9021 9024 9027 9030 9033 9036 9039 9042 
9045 9048 9051 9054 9057 9060 9063 9066 9069 
9072 9075 9078 9081 9084 9087 9090 9093 9096 
9099 9102 9105 9108 9111 9114 9117 9120 9123 
9126 9129 9132 9135 9138 9141 9144 9147 9150 
9153 9156 9159 9162 9165 9168 9171 9174 9177 
9180 9183 9186 9189 9192 9195 9198 9201 9204 
9207 9210 9213 9216 9219 9222 9225 9228 9231 
9234 9237 9240 9243 9246 9249 9252 9255 9258 
9261 9264 9267 9270 9273 9276 9279 9282 9285 
9288 9291 9294 9297 9300 9303 9306 9309 9312 
9315 9318 9321 9324 9327 9330 9333 9336 9339 
9342 9345 9348 9351 9354 9357 9360 9363 9366 
9369 9372 9375 9378 9381 9384 9387 9390 9393 
9396 9399 9402 9405 9408 9411 9414 9417 9420 
9423 9426 9429 9432 9435 9438 9441 9444 9447 
9450 9453 9456 9459 9462 9465 9468 9471 9474 
9477 9480 9483 9486 9489 9492 9495 9498 9501 
9504 9507 9510 9513 9516 9519 9522 9525 9528 
9531 9534 9537 9540 9543 9546 9549 9552 9555 
9558 9561 9564 9567 9570 9573 9576 9579 9582 
9585 9588 9591 9594 9597 9600 9603 9606 9609 
9612 9615 9618 9621 9624 9627 9630 9633 9636 
9639 9642 9645 9648 9651 9654 9657 9660 9663 
9666 9669 9672 9675 9678 9681 9684 9687 9690 
9693 9696 9699 9702 9705 9708 9711 9714 9717 
9720 9723 9726 9729 9732 9735 9738 9741 9744 
9747 9750 9753 9756 9759 9762 9765 9768 9771 
9774 9777 9780 9783 9786 9789 9792 9795 9798 
9801 9804 9807 9810 9813 9816 9819 9822 9825 
9828 9831 9834 9837 9840 9843 9846 9849 9852 
9855 9858 9861 9864 9867 9870 9873 9876 9879 
9882 9885 9888 9891 9894 9897 9900 9903 9906 
9909 9912 9915 9918 9921 9924 9927 9930 9933 
9936 9939 9942 9945 9948 9951 9954 9957 9960 
9963 9966 9969 9972 9975 9978 9981 9984 9987 
9990 9993 9996 9999 10002 10005 10008 10011 10014 
10017 10020 10023 10026 10029 10032 10035 10038 10041 
10044 10047 10050 10053 10056 10059 10062 10065 10068 
10071 10074 10077 10080 10083 10086 10089 10092 10095 
10098 10101 10104 10107 10110 10113 10116 10119 10122 
10125 10128 10131 10134 10137 10140 10143 10146 10149 
10152 10155 10158 10161 10164 10167 10170 10173 10176 
10179 10182 10185 10188 10191 10194 10197 10200 10203 
10206 10209 10212 10215 10218 10221 10224 10227 10230 
10233 10236 10239 10242 10245 10248 10251 10254 10257 
10260 10263 10266 10269 10272 10275 10278 10281 10284 
10287 10290 10293 10296 10299 10302 10305 10308 10311 
10314 10317 10320 10323 10326 10329 10332 10335 10338 
10341 10344 10347 10350 10353 10356 10359 10362 10365 
10368 10371 10374 10377 10380 10383 10386 10389 10392 
10395 10398 10401 10404 10407 10410 10413 10416 10419 
10422 10425 10428 10431 10434 10437 10440 10443 10446 
10449 10452 10455 10458 10461 10464 10467 10470 10473 
10476 10479 10482 10485 10488 10491 10494 10497 10500 
10503 10506 10509 10512 10515 10518 10521 10524 10527 
10530 10533 10536 10539 10542 10545 10548 10551 10554 
10557 10560 10563 10566 10569 10572 10575 10578 10581 
10584 10587 10590 10593 10596 10599 10602 10605 10608 
10611 10614 10617 10620 10623 10626 10629 10632 10635 
10638 10641 10644 10647 10650 10653 10656 10659 10662 
10665 10668 10671 10674 10677 10680 10683 10686 10689 
10692 10695 10698 10701 10704 10707 10710 10713 10716 
10719 10722 10725 10728 10731 10734 10737 10740 10743 
10746 10749 10752 10755 10758 10761 10764 10767 10770 
10773 10776 10779 10782 10785 10788 10791 10794 10797 
10800 10803 10806 10809 10812 10815 10818 10821 10824 
10827 10830 10833 10836 10839 10842 10845 10848 10851 
10854 10857 10860 10863 10866 10869 10872 10875 10878 
10881 10884 10887 10890 10893 10896 10899 10902 10905 
10908 10911 10914 10917 10920 10923 10926 10929 10932 
10935 10938 10941 10944 10947 10950 10953 10956 10959 
10962 10965 10968 10971 10974 10977 10980 10983 10986 
10989 10992 10995 10998 11001 11004 11007 11010 11013 
11016 11019 11022 11025 11028 11031 11034 11037 11040 
11043 11046 11049 11052 11055 11058 11061 11064 11067 
11070 11073 11076 11079 11082 11085 11088 11091 11094 
11097 11100 11103 11106 11109 11112 11115 11118 11121 
11124 11127 11130 11133 11136 11139 11142 11145 11148 
11151 11154 11157 11160 11163 11166 11169 11172 11175 
11178 11181 11184 11187 11190 11193 11196 11199 11202 
11205 11208 11211 11214 11217 11220 11223 11226 11229 
11232 11235 11238 11241 11244 11247 11250 11253 11256 
11259 11262 11265 11268 11271 11274 11277 11280 11283 
11286 11289 11292 11295 11298 11301 11304 11307 11310 
11313 11316 11319 11322 11325 11328 11331 11334 11337 
11340 11343 11346 11349 11352 11355 11358 11361 11364 
11367 11370 11373 11376 11379 11382 11385 11388 11391 
11394 11397 11400 11403 11406 11409 11412 11415 11418 
11421 11424 11427 11430 11433 11436 11439 11442 11445 
11448 11451 11454 11457 11460 11463 11466 11469 11472 
11475 11478 11481 11484 11487 11490 11493 11496 11499 
11502 11505 11508 11511 11514 11517 11520 11523 11526 
11529 11532 11535 11538 11541 11544 11547 11550 11553 
11556 11559 11562 11565 11568 11571 11574 11577 11580 
11583 11586 11589 11592 11595 11598 11601 11604 11607 
11610 11613 11616 11619 11622 11625 11628 11631 11634 
11637 11640 11643 11646 11649 11652 11655 11658 11661 
11664 11667 11670 11673 11676 11679 11682 11685 11688 
11691 11694 11697 11700 11703 11706 11709 11712 11715 
11718 11721 11724 11727 11730 11733 11736 11739 11742 
11745 11748 11751 11754 11757 11760 11763 11766 11769 
11772 11775 11778 11781 11784 11787 11790 11793 11796 
11799 11802 11805 11808 11811 11814 11817 11820 11823 
11826 11829 11832 11835 11838 11841 11844 11847 11850 
11853 11856 11859 11862 11865 11868 11871 11874 11877 
11880 11883 11886 11889 11892 11895 11898 11901 11904 
11907 11910 11913 11916 11919 11922 11925 11928 11931 
11934 11937 11940 11943 11946 11949 11952 11955 11958 
11961 11964 11967 11970 11973 11976 11979 11982 11985 
11988 11991 11994 11997 12000 12003 12006 12009 12012 
12015 12018 12021 12024 12027 12030 12033 12036 12039 
12042 12045 12048 12051 12054 12057 12060 12063 12066 
12069 12072 12075 12078 12081 12084 12087 12090 12093 
12096 12099 12102 12105 12108 12111 12114 12117 12120 
12123 12126 12129 12132 12135 12138 12141 12144 12147 
12150 12153 12156 12159 12162 12165 12168 12171 12174 
12177 12180 12183 12186 12189 12192 12195 12198 12201 
12204 12207 12210 12213 12216 12219 12222 12225 12228 
12231 12234 12237 12240 12243 12246 12249 12252 12255 
12258 12261 12264 12267 12270 12273 12276 12279 12282 
12285 12288 12291 12294 12297 12300 12303 12306 12309 
12312 12315 12318 12321 12324 12327 12330 12333 12336 
12339 12342 12345 12348 12351 12354 12357 12360 12363 
12366 12369 12372 12375 12378 12381 12384 12387 12390 
12393 12396 12399 12402 12405 12408 12411 12414 12417 
12420 12423 12426 12429 12432 12435 12438 12441 12444 
12447 12450 12453 12456 12459 12462 12465 12468 12471 
12474 12477 12480 12483 12486 12489 12492 12495 12498 
12501 12504 12507 12510 12513 12516 12519 12522 12525 
12528 12531 12534 12537 12540 12543 12546 12549 12552 
12555 12558 12561 12564 12567 12570 12573 12576 12579 
12582 12585 12588 12591 12594 12597 12600 12603 12606 
12609 12612 12615 12618 12621 12624 12627 12630 12633 
12636 12639 12642 12645 12648 12651 12654 12657 12660 
12663 12666 12669 12672 12675 12678 12681 12684 12687 
12690 12693 12696 12699 12702 12705 12708 12711 12714 
12717 12720 12723 12726 12729 12732 12735 12738 12741 
12744 12747 12750 12753 12756 12759 12762 12765 12768 
12771 12774 12777 12780 12783 12786 12789 12792 12795 
12798 12801 12804 12807 12810 12813 12816 12819 12822 
12825 12828 12831 12834 12837 12840 12843 12846 12849 
12852 12855 12858 12861 12864 12867 12870 12873 12876 
12879 12882 12885 12888 12891 12894 12897 12900 12903 
12906 12909 12912 12915 12918 12921 12924 12927 12930 
12933 12936 12939 12942 12945 12948 12951 12954 12957 
12960 12963 12966 12969 12972 12975 12978 12981 12984 
12987 12990 12993 12996 12999 13002 13005 13008 13011 
13014 13017 13020 13023 13026 13029 13032 13035 13038 
13041 13044 13047 13050 13053 13056 13059 13062 13065 
13068 13071 13074 13077 13080 13083 13086 13089 13092 
13095 13098 13101 13104 13107 13110 13113 13116 13119 
13122 13125 13128 13131 13134 13137 13140 13143 13146 
13149 13152 13155 13158 13161 13164 13167 13170 13173 
13176 13179 13182 13185 13188 13191 13194 13197 13200 
13203 13206 13209 13212 13215 13218 13221 13224 13227 
13230 13233 13236 13239 13242 13245 13248 13251 13254 
13257 13260 13263 13266 13269 13272 13275 13278 13281 
13284 13287 13290 13293 13296 13299 13302 13305 13308 
13311 13314 13317 13320 13323 13326 13329 13332 13335 
13338 13341 13344 13347 13350 13353 13356 13359 13362 
13365 13368 13371 13374 13377 13380 13383 13386 13389 
13392 13395 13398 13401 13404 13407 13410 13413 13416 
13419 13422 13425 13428 13431 13434 13437 13440 13443 
13446 13449 13452 13455 13458 13461 13464 13467 13470 
13473 13476 13479 13482 13485 13488 13491 13494 13497 
13500 13503 13506 13509 13512 13515 13518 13521 13524 
13527 13530 13533 13536 13539 13542 13545 13548 13551 
13554 13557 13560 13563 13566 13569 13572 13575 13578 
13581 13584 13587 13590 13593 13596 13599 13602 13605 
13608 13611 13614 13617 13620 13623 13626 13629 13632 
13635 13638 13641 13644 13647 13650 13653 13656 13659 
13662 13665 13668 13671 13674 13677 13680 13683 13686 
13689 13692 13695 13698 13701 13704 13707 13710 13713 
13716 13719 13722 13725 13728 13731 13734 13737 13740 
13743 13746 13749 13752 13755 13758 13761 13764 13767 
13770 13773 13776 13779 13782 13785 13788 13791 13794 
13797 13800 13803 13806 13809 13812 13815 13818 13821 
13824 13827 13830 13833 13836 13839 13842 13845 13848 
13851 13854 13857 13860 13863 13866 13869 13872 13875 
13878 13881 13884 13887 13890 13893 13896 13899 13902 
13905 13908 13911 13914 13917 13920 13923 13926 13929 
13932 13935 13938 13941 13944 13947 13950 13953 13956 
13959 13962 13965 13968 13971 13974 13977 13980 13983 
13986 13989 13992 13995 13998 14001 14004 14007 14010 
14013 14016 14019 14022 14025 14028 14031 14034 14037 
14040 14043 14046 14049 14052 14055 14058 14061 14064 
14067 14070 14073 14076 14079 14082 14085 14088 14091 
14094 14097 14100 14103 14106 14109 14112 14115 14118 
14121 14124 14127 14130 14133 14136 14139 14142 14145 
14148 14151 14154 14157 14160 14163 14166 14169 14172 
14175 14178 14181 14184 14187 14190 14193 14196 14199 
14202 14205 14208 14211 14214 14217 14220 14223 14226 
14229 14232 14235 14238 14241 14244 14247 14250 14253 
14256 14259 14262 14265 14268 14271 14274 14277 14280 
14283 14286 14289 14292 14295 14298 14301 14304 14307 
14310 14313 14316 14319 14322 14325 14328 14331 14334 
14337 14340 14343 14346 14349 14352 14355 14358 14361 
14364 14367 14370 14373 14376 14379 14382 14385 14388 
14391 14394 14397 14400 14403 14406 14409 14412 14415 
14418 14421 14424 14427 14430 14433 14436 14439 14442 
14445 14448 14451 14454 14457 14460 14463 14466 14469 
14472 14475 14478 14481 14484 14487 14490 14493 14496 
14499 14502 14505 14508 14511 14514 14517 14520 14523 
14526 14529 14532 14535 14538 14541 14544 14547 14550 
14553 14556 14559 14562 14565 14568 14571 14574 14577 
14580 14583 14586 14589 14592 14595 14598 14601 14604 
14607 14610 14613 14616 14619 14622 14625 14628 14631 
14634 14637 14640 14643 14646 14649 14652 14655 14658 
14661 14664 14667 14670 14673 14676 14679 14682 14685 
14688 14691 14694 14697 14700 14703 14706 14709 14712 
14715 14718 14721 14724 14727 14730 14733 14736 14739 
14742 14745 14748 14751 14754 14757 14760 14763 14766 
14769 14772 14775 14778 14781 14784 14787 14790 14793 
14796 14799 14802 14805 14808 14811 14814 14817 14820 
14823 14826 14829 14832 14835 14838 14841 14844 14847 
14850 14853 14856 14859 14862 14865 14868 14871 14874 
14877 14880 14883 14886 14889 14892 14895 14898 14901 
14904 14907 14910 14913 14916 14919 14922 14925 14928 
14931 14934 14937 14940 14943 14946 14949 14952 14955 
14958 14961 14964 14967 14970 14973 14976 14979 14982 
14985 14988 14991 14994 14997 15000 15003 15006 15009 
15012 15015 15018 15021 15024 15027 15030 15033 15036 
15039 15042 15045 15048 15051 15054 15057 15060 15063 
15066 15069 15072 15075 15078 15081 15084 15087 15090 
15093 15096 15099 15102 15105 15108 15111 15114 15117 
15120 15123 15126 15129 15132 15135 15138 15141 15144 
15147 15150 15153 15156 15159 15162 15165 15168 15171 
15174 15177 15180 15183 15186 15189 15192 15195 15198 
15201 15204 15207 15210 15213 15216 15219 15222 15225 
15228 15231 15234 15237 15240 15243 15246 15249 15252 
15255 15258 15261 15264 15267 15270 15273 15276 15279 
15282 15285 15288 15291 15294 15297 15300 15303 15306 
15309 15312 15315 15318 15321 15324 15327 15330 15333 
15336 15339 15342 15345 15348 15351 15354 15357 15360 
15363 15366 15369 15372 15375 15378 15381 15384 15387 
15390 15393 15396 15399 15402 15405 15408 15411 15414 
15417 15420 15423 15426 15429 15432 15435 15438 15441 
15444 15447 15450 15453 15456 15459 15462 15465 15468 
15471 15474 15477 15480 15483 15486 15489 15492 15495 
15498 15501 15504 15507 15510 15513 15516 15519 15522 
15525 15528 15531 15534 15537 15540 15543 15546 15549 
15552 15555 15558 15561 15564 15567 15570 15573 15576 
15579 15582 15585 15588 15591 15594 15597 15600 15603 
15606 15609 15612 15615 15618 15621 15624 15627 15630 
15633 15636 15639 15642 15645 15648 15651 15654 15657 
15660 15663 15666 15669 15672 15675 15678 15681 15684 
15687 15690 15693 15696 15699 15702 15705 15708 15711 
15714 15717 15720 15723 15726 15729 15732 15735 15738 
15741 15744 15747 15750 15753 15756 15759 15762 15765 
15768 15771 15774 15777 15780 15783 15786 15789 15792 
15795 15798 15801 15804 15807 15810 15813 15816 15819 
15822 15825 15828 15831 15834 15837 15840 15843 15846 
15849 15852 15855 15858 15861 15864 15867 15870 15873 
15876 15879 15882 15885 15888 15891 15894 15897 15900 
15903 15906 15909 15912 15915 15918 15921 15924 15927 
15930 15933 15936 15939 15942 15945 15948 15951 15954 
15957 15960 15963 15966 15969 15972 15975 15978 15981 
15984 15987 15990 15993 15996 15999 16002 16005 16008 
16011 16014 16017 16020 16023 16026 16029 16032 16035 
16038 16041 16044 16047 16050 16053 16056 16059 16062 
16065 16068 16071 16074 16077 16080 16083 16086 16089 
16092 16095 16098 16101 16104 16107 16110 16113 16116 
16119 16122 16125 16128 16131 16134 16137 16140 16143 
16146 16149 16152 16155 16158 16161 16164 16167 16170 
16173 16176 16179 16182 16185 16188 16191 16194 16197 
16200 16203 16206 16209 16212 16215 16218 16221 16224 
16227 16230 16233 16236 16239 16242 16245 16248 16251 
16254 16257 16260 16263 16266 16269 16272 16275 16278 
16281 16284 16287 16290 16293 16296 16299 16302 16305 
16308 16311 16314 16317 16320 16323 16326 16329 16332 
16335 16338 16341 16344 16347 16350 16353 16356 16359 
16362 16365 16368 16371 16374 16377 16380 16383 16386 
16389 16392 16395 16398 16401 16404 16407 16410 16413 
16416 16419 16422 16425 16428 16431 16434 16437 16440 
16443 16446 16449 16452 16455 16458 16461 16464 16467 
16470 16473 16476 16479 16482 16485 16488 16491 16494 
16497 16500 16503 16506 16509 16512 16515 16518 16521 
16524 16527 16530 16533 16536 16539 16542 16545 16548 
16551 16554 16557 16560 16563 16566 16569 16572 16575 
16578 16581 16584 16587 16590 16593 16596 16599 16602 
16605 16608 16611 16614 16617 16620 16623 16626 16629 
16632 16635 16638 16641 16644 16647 16650 16653 16656 
16659 16662 16665 16668 16671 16674 16677 16680 16683 
16686 16689 16692 16695 16698 16701 16704 16707 16710 
16713 16716 16719 16722 16725 16728 16731 16734 16737 
16740 16743 16746 16749 16752 16755 16758 16761 16764 
16767 16770 16773 16776 16779 16782 16785 16788 16791 
16794 16797 16800 16803 16806 16809 16812 16815 16818 
16821 16824 16827 16830 16833 16836 16839 16842 16845 
16848 16851 16854 16857 16860 16863 16866 16869 16872 
16875 16878 16881 16884 16887 16890 16893 16896 16899 
16902 16905 16908 16911 16914 16917 16920 16923 16926 
16929 16932 16935 16938 16941 16944 16947 16950 16953 
16956 16959 16962 16965 16968 16971 16974 16977 16980 
16983 16986 16989 16992 16995 16998 17001 17004 17007 
17010 17013 17016 17019 17022 17025 17028 17031 17034 
17037 17040 17043 17046 17049 17052 17055 17058 17061 
17064 17067 17070 17073 17076 17079 17082 17085 17088 
17091 17094 17097 17100 17103 17106 17109 17112 17115 
17118 17121 17124 17127 17130 17133 17136 17139 17142 
17145 17148 17151 17154 17157 17160 17163 17166 17169 
17172 17175 17178 17181 17184 17187 17190 17193 17196 
17199 17202 17205 17208 17211 17214 17217 17220 17223 
17226 17229 17232 17235 17238 17241 17244 17247 17250 
17253 17256 17259 17262 17265 17268 17271 17274 17277 
17280 17283 17286 17289 17292 17295 17298 17301 17304 
17307 17310 17313 17316 17319 17322 17325 17328 17331 
17334 17337 17340 17343 17346 17349 17352 17355 17358 
17361 17364 17367 17370 17373 17376 17379 17382 17385 
17388 17391 17394 17397 17400 17403 17406 17409 17412 
17415 17418 17421 17424 17427 17430 17433 17436 17439 
17442 17445 17448 17451 17454 17457 17460 17463 17466 
17469 17472 17475 17478 17481 17484 17487 17490 17493 
17496 17499 17502 17505 17508 17511 17514 17517 17520 
17523 17526 17529 17532 17535 17538 17541 17544 17547 
17550 17553 17556 17559 17562 17565 17568 17571 17574 
17577 17580 17583 17586 17589 17592 17595 17598 17601 
17604 17607 17610 17613 17616 17619 17622 17625 17628 
17631 17634 17637 17640 17643 17646 17649 17652 17655 
17658 17661 17664 17667 17670 17673 17676 17679 17682 
17685 17688 17691 17694 17697 17700 17703 17706 17709 
17712 17715 17718 17721 17724 17727 17730 17733 17736 
17739 17742 17745 17748 17751 17754 17757 17760 17763 
17766 17769 17772 17775 17778 17781 17784 17787 17790 
17793 17796 17799 17802 17805 17808 17811 17814 17817 
17820 17823 17826 17829 17832 17835 17838 17841 17844 
17847 17850 17853 17856 17859 17862 17865 17868 17871 
17874 17877 17880 17883 17886 17889 17892 17895 17898 
17901 17904 17907 17910 17913 17916 17919 17922 17925 
17928 17931 17934 17937 17940 17943 17946 17949 17952 
17955 17958 17961 17964 17967 17970 17973 17976 17979 
17982 17985 17988 17991 17994 17997 18000 18003 18006 
18009 18012 18015 18018 18021 18024 18027 18030 18033 
18036 18039 18042 18045 18048 18051 18054 18057 18060 
18063 18066 18069 18072 18075 18078 18081 18084 18087 
18090 18093 18096 18099 18102 18105 18108 18111 18114 
18117 18120 18123 18126 18129 18132 18135 18138 18141 
18144 18147 18150 18153 18156 18159 18162 18165 18168 
18171 18174 18177 18180 18183 18186 18189 18192 18195 
18198 18201 18204 18207 18210 18213 18216 18219 18222 
18225 18228 18231 18234 18237 18240 18243 18246 18249 
18252 18255 18258 18261 18264 18267 18270 18273 18276 
18279 18282 18285 18288 18291 18294 18297 18300 18303 
18306 18309 18312 18315 18318 18321 18324 18327 18330 
18333 18336 18339 18342 18345 18348 18351 18354 18357 
18360 18363 18366 18369 18372 18375 18378 18381 18384 
18387 18390 18393 18396 18399 18402 18405 18408 18411 
18414 18417 18420 18423 18426 18429 18432 18435 18438 
18441 18444 18447 18450 18453 18456 18459 18462 18465 
18468 18471 18474 18477 18480 18483 18486 18489 18492 
18495 18498 18501 18504 18507 18510 18513 18516 18519 
18522 18525 18528 18531 18534 18537 18540 18543 18546 
18549 18552 18555 18558 18561 18564 18567 18570 18573 
18576 18579 18582 18585 18588 18591 18594 18597 18600 
18603 18606 18609 18612 18615 18618 18621 18624 18627 
18630 18633 18636 18639 18642 18645 18648 18651 18654 
18657 18660 18663 18666 18669 18672 18675 18678 18681 
18684 18687 18690 18693 18696 18699 18702 18705 18708 
18711 18714 18717 18720 18723 18726 18729 18732 18735 
18738 18741 18744 18747 18750 18753 18756 18759 18762 
18765 18768 18771 18774 18777 18780 18783 18786 18789 
18792 18795 18798 18801 18804 18807 18810 18813 18816 
18819 18822 18825 18828 18831 18834 18837 18840 18843 
18846 18849 18852 18855 18858 18861 18864 18867 18870 
18873 18876 18879 18882 18885 18888 18891 18894 18897 
18900 18903 18906 18909 18912 18915 18918 18921 18924 
18927 18930 18933 18936 18939 18942 18945 18948 18951 
18954 18957 18960 18963 18966 18969 18972 18975 18978 
18981 18984 18987 18990 18993 18996 18999 19002 19005 
19008 19011 19014 19017 19020 19023 19026 19029 19032 
19035 19038 19041 19044 19047 19050 19053 19056 19059 
19062 19065 19068 19071 19074 19077 19080 19083 19086 
19089 19092 19095 19098 19101 19104 19107 19110 19113 
19116 19119 19122 19125 19128 19131 19134 19137 19140 
19143 19146 19149 19152 19155 19158 19161 19164 19167 
19170 19173 19176 19179 19182 19185 19188 19191 19194 
19197 19200 19203 19206 19209 19212 19215 19218 19221 
19224 19227 19230 19233 19236 19239 19242 19245 19248 
19251 19254 19257 19260 19263 19266 19269 19272 19275 
19278 19281 19284 19287 19290 19293 19296 19299 19302 
19305 19308 19311 19314 19317 19320 19323 19326 19329 
19332 19335 19338 19341 19344 19347 19350 19353 19356 
19359 19362 19365 19368 19371 19374 19377 19380 19383 
19386 19389 19392 19395 19398 19401 19404 19407 19410 
19413 19416 19419 19422 19425 19428 19431 19434 19437 
19440 19443 19446 19449 19452 19455 19458 19461 19464 
19467 19470 19473 19476 19479 19482 19485 19488 19491 
19494 19497 19500 19503 19506 19509 19512 19515 19518 
19521 19524 19527 19530 19533 19536 19539 19542 19545 
19548 19551 19554 19557 19560 19563 19566 19569 19572 
19575 19578 19581 19584 19587 19590 19593 19596 19599 
19602 19605 19608 19611 19614 19617 19620 19623 19626 
19629 19632 19635 19638 19641 19644 19647 19650 19653 
19656 19659 19662 19665 19668 19671 19674 19677 19680 
19683 19686 19689 19692 19695 19698 19701 19704 19707 
19710 19713 19716 19719 19722 19725 19728 19731 19734 
19737 19740 19743 19746 19749 19752 19755 19758 19761 
19764 19767 19770 19773 19776 19779 19782 19785 19788 
19791 19794 19797 19800 19803 19806 19809 19812 19815 
19818 19821 19824 19827 19830 19833 19836 19839 19842 
19845 19848 19851 19854 19857 19860 19863 19866 19869 
19872 19875 19878 19881 19884 19887 19890 19893 19896 
19899 19902 19905 19908 19911 19914 19917 19920 19923 
19926 19929 19932 19935 19938 19941 19944 19947 19950 
19953 19956 19959 19962 19965 19968 19971 19974 19977 
19980 19983 19986 19989 19992 19995 19998 20001 20004 
20007 20010 20013 20016 20019 20022 20025 20028 20031 
20034 20037 20040 20043 20046 20049 20052 20055 20058 
20061 20064 20067 20070 20073 20076 20079 20082 20085 
20088 20091 20094 20097 20100 20103 20106 20109 20112 
20115 20118 20121 20124 20127 20130 20133 20136 20139 
20142 20145 20148 20151 20154 20157 20160 20163 20166 
20169 20172 20175 20178 20181 20184 20187 20190 20193 
20196 20199 20202 20205 20208 20211 20214 20217 20220 
20223 20226 20229 20232 20235 20238 20241 20244 20247 
20250 20253 20256 20259 20262 20265 20268 20271 20274 
20277 20280 20283 20286 20289 20292 20295 20298 20301 
20304 20307 20310 20313 20316 20319 20322 20325 20328 
20331 20334 20337 20340 20343 20346 20349 20352 20355 
20358 20361 20364 
CONNECTIVITY vtktypeint64
0 1 2 0 3 4 1 0 4 
3 5 6 4 3 6 6 5 7 
8 9 10 2 9 8 2 8 0 
0 8 11 3 0 12 12 0 11 
5 3 13 13 3 12 14 7 5 
13 14 5 8 10 15 15 16 17 
15 17 8 8 17 11 12 11 18 
18 11 17 19 20 13 19 13 18 
18 13 12 14 13 20 17 16 21 
18 17 21 22 18 21 19 18 22 
23 24 25 23 26 27 24 23 27 
27 26 28 29 30 31 29 32 33 
30 29 33 25 33 32 25 32 23 
23 32 34 26 23 35 35 23 34 
36 28 26 36 26 37 37 26 35 
37 38 39 36 37 39 39 38 40 
41 29 31 42 41 31 32 29 43 
43 29 41 1 43 2 1 34 43 
34 32 43 4 34 1 35 34 4 
6 35 4 37 35 6 7 37 6 
7 44 37 44 38 37 45 40 38 
45 38 46 46 38 44 45 46 47 
41 42 48 9 49 10 9 41 49 
9 43 41 41 48 49 2 43 9 
44 14 50 7 14 44 46 44 51 
51 44 50 52 47 46 52 46 53 
53 46 51 52 53 54 10 49 55 
15 10 55 55 16 15 56 16 55 
20 57 58 19 57 20 50 14 20 
50 20 59 59 20 58 51 50 59 
60 51 59 53 51 60 61 53 60 
54 53 61 16 56 62 21 16 62 
22 21 63 21 62 63 57 19 22 
63 57 22 64 65 66 64 67 68 
65 64 68 67 69 70 68 67 70 
70 69 71 72 73 74 66 73 72 
66 72 64 64 72 75 67 64 76 
76 64 75 69 67 77 77 67 76 
78 71 69 78 69 79 79 69 77 
79 80 81 78 79 81 80 82 83 
81 80 83 83 82 84 72 74 85 
85 86 87 85 87 72 72 87 75 
76 75 88 88 75 87 77 76 89 
89 76 88 79 77 90 90 77 89 
24 90 25 24 80 90 80 79 90 
27 80 24 82 80 27 28 91 92 
27 28 92 27 92 84 27 84 82 
91 93 94 92 91 94 93 95 96 
94 93 96 96 95 97 87 86 98 
98 99 100 98 100 87 87 100 88 
30 100 31 30 89 100 89 88 100 
33 89 30 90 89 33 25 90 33 
28 36 91 39 91 36 93 91 39 
40 93 39 40 101 93 101 95 93 
102 97 95 102 95 103 103 95 101 
102 103 104 100 99 105 105 31 100 
105 106 31 106 42 31 40 45 101 
47 101 45 47 107 101 107 103 101 
108 104 103 108 103 109 109 103 107 
108 109 110 42 106 111 48 42 111 
111 49 48 112 49 111 47 52 107 
113 109 107 113 107 54 113 54 114 
52 54 107 110 109 113 49 112 115 
55 49 115 56 116 117 56 55 116 
55 115 116 116 118 117 58 119 120 
57 119 58 59 58 121 58 120 121 
60 59 122 59 121 122 61 60 123 
60 122 123 114 54 61 123 114 61 
56 117 62 117 118 124 117 124 62 
62 124 63 119 57 63 124 119 63 
125 126 127 125 128 129 126 125 129 
128 130 131 129 128 131 130 132 133 
131 130 133 132 134 135 133 132 135 
134 136 137 135 134 137 136 138 139 
137 136 139 139 138 140 125 127 141 
141 142 143 141 143 125 125 143 128 
130 128 144 144 128 143 132 130 145 
145 130 144 134 132 146 146 132 145 
65 146 66 65 136 146 136 134 146 
68 136 65 138 136 68 138 147 140 
138 68 147 68 70 147 71 148 149 
71 149 70 70 149 147 148 150 151 
149 148 151 151 150 152 143 142 153 
153 154 155 153 155 143 143 155 144 
145 144 156 156 144 155 73 156 74 
73 146 156 146 145 156 66 146 73 
71 78 148 81 148 78 150 148 81 
150 157 152 150 81 157 81 83 157 
84 158 159 84 159 83 83 159 157 
158 160 161 159 158 161 160 162 163 
161 160 163 163 162 164 155 154 165 
156 155 165 166 156 165 167 166 168 
85 166 167 85 156 166 85 74 156 
85 167 86 84 92 158 94 158 92 
160 158 94 96 160 94 162 160 96 
97 169 170 96 97 170 96 170 164 
96 164 162 169 171 172 170 169 172 
171 173 174 172 171 174 174 173 175 
167 168 176 86 167 176 86 176 98 
98 176 177 99 178 179 99 98 178 
98 177 178 178 180 179 97 102 169 
104 169 102 104 181 169 181 171 169 
173 171 182 182 171 181 183 175 173 
182 183 173 99 179 105 106 184 185 
105 184 106 105 180 184 105 179 180 
184 186 185 104 108 181 110 181 108 
110 187 181 187 182 181 188 183 182 
188 182 189 189 182 187 189 190 191 
188 189 191 191 190 192 106 185 111 
112 193 194 111 193 112 111 186 193 
111 185 186 193 195 194 113 196 197 
114 196 113 187 110 113 187 113 198 
198 113 197 189 187 198 199 189 198 
190 189 199 200 190 199 192 190 200 
112 194 115 194 195 201 194 201 115 
115 201 116 118 202 203 118 116 202 
116 201 202 203 120 119 203 202 120 
202 204 120 121 120 205 120 204 205 
122 121 206 121 205 206 123 122 207 
122 206 207 196 114 123 207 196 123 
118 203 124 119 124 203 208 209 210 
208 211 212 209 208 212 211 213 214 
212 211 214 213 215 216 214 213 216 
215 217 218 216 215 218 217 219 220 
218 217 220 220 219 221 126 208 210 
126 210 127 127 210 222 129 208 126 
211 208 129 131 211 129 213 211 131 
133 213 131 215 213 133 135 215 133 
217 215 135 137 217 135 219 217 137 
219 223 221 219 137 223 137 139 223 
140 224 225 140 225 139 139 225 223 
225 224 226 227 141 127 227 127 228 
228 127 222 141 227 142 140 147 224 
224 229 226 224 147 229 147 149 229 
151 230 149 149 230 229 152 231 232 
152 232 151 151 232 230 231 233 234 
232 231 234 234 233 235 227 228 236 
237 236 238 153 236 237 153 227 236 
153 142 227 153 237 154 152 157 231 
159 231 157 233 231 159 233 239 235 
233 159 239 159 161 239 163 240 161 
161 240 239 164 241 242 164 242 163 
163 242 240 241 243 244 242 241 244 
243 245 246 244 243 246 246 245 247 
237 238 248 154 237 248 154 248 165 
165 248 249 250 249 251 250 166 249 
166 165 249 166 250 168 164 170 241 
172 241 170 243 241 172 174 243 172 
245 243 174 245 174 175 245 175 247 
247 175 252 250 251 253 168 250 253 
168 253 176 176 253 254 177 176 255 
176 254 255 178 177 256 177 255 256 
256 180 178 257 180 256 175 183 252 
252 183 258 180 257 259 184 180 259 
186 260 261 186 184 260 184 259 260 
260 262 261 183 263 258 188 263 183 
264 265 263 264 263 191 191 263 188 
191 192 264 186 261 193 195 266 267 
193 266 195 193 262 266 193 261 262 
266 268 267 269 270 271 269 272 273 
271 272 269 273 197 196 273 272 197 
272 274 197 198 197 275 197 274 275 
199 198 276 198 275 276 265 264 200 
265 200 276 276 200 199 192 200 264 
195 267 201 267 268 277 267 277 201 
201 277 202 204 202 278 202 277 278 
205 204 279 204 278 279 270 269 206 
270 206 279 279 206 205 207 206 269 
273 207 269 196 207 273 280 281 282 
280 283 284 281 280 284 283 285 286 
284 283 286 285 287 288 286 285 288 
287 289 290 288 287 290 290 289 291 
209 280 282 209 282 210 210 282 292 
212 280 209 283 280 212 214 283 212 
285 283 214 216 285 214 287 285 216 
218 287 216 289 287 218 289 293 291 
289 218 293 218 220 293 221 294 295 
221 295 220 220 295 293 295 294 296 
210 292 222 292 297 222 221 223 294 
294 298 296 294 223 298 223 225 298 
226 299 300 226 300 225 225 300 298 
300 299 301 222 297 228 297 302 228 
226 229 299 299 303 301 299 229 303 
229 230 303 232 304 230 230 304 303 
234 305 232 232 305 304 235 306 307 
235 307 234 234 307 305 306 308 309 
307 306 309 308 310 311 309 308 311 
310 312 313 311 310 313 312 314 315 
313 312 315 315 314 316 317 236 228 
317 228 318 318 228 302 236 317 238 
235 239 306 240 306 239 308 306 240 
242 308 240 310 308 242 244 310 242 
312 310 244 246 312 244 314 312 246 
247 319 320 246 247 320 246 320 316 
246 316 314 320 319 321 317 318 322 
238 317 322 238 322 248 248 322 323 
249 248 324 248 323 324 324 251 249 
325 251 324 319 252 326 247 252 319 
327 321 319 326 327 319 251 325 328 
253 251 328 254 253 329 253 328 329 
255 254 330 254 329 330 256 255 331 
255 330 331 257 332 333 257 256 332 
256 331 332 332 334 333 326 258 335 
252 258 326 336 327 326 335 336 326 
257 333 259 333 334 337 333 337 259 
259 337 260 337 262 260 338 262 337 
258 263 335 265 339 340 263 265 340 
263 340 336 263 336 335 340 339 341 
262 338 342 266 262 342 268 343 344 
268 266 343 266 342 343 343 345 344 
271 346 347 270 346 271 272 271 348 
271 347 348 274 272 349 272 348 349 
275 274 350 274 349 350 276 275 351 
275 350 351 339 265 276 339 276 352 
352 276 351 341 339 352 268 344 277 
344 345 353 344 353 277 277 353 278 
279 278 354 278 353 354 346 270 279 
354 346 279 355 356 357 355 358 359 
356 355 359 359 358 360 281 361 282 
355 357 362 355 362 281 355 281 284 
361 281 362 286 355 284 358 355 286 
358 363 360 358 286 363 286 288 363 
290 364 288 288 364 363 291 365 366 
291 366 290 290 366 364 366 365 367 
361 368 369 361 369 282 282 369 292 
362 368 361 291 293 365 365 370 367 
365 293 370 293 295 370 296 371 372 
296 372 295 295 372 370 372 371 373 
374 375 376 375 374 377 292 369 297 
369 378 297 296 298 371 371 379 373 
371 298 379 298 300 379 301 380 381 
301 381 300 300 381 379 380 382 383 
381 380 383 382 384 385 383 382 385 
384 386 387 385 384 387 386 388 389 
387 386 389 388 390 391 389 388 391 
390 392 393 391 390 393 376 393 392 
376 392 374 374 392 394 395 377 374 
394 395 374 396 397 302 396 302 378 
378 302 297 396 398 397 301 303 380 
304 380 303 382 380 304 305 382 304 
384 382 305 307 384 305 386 384 307 
309 386 307 388 386 309 311 388 309 
390 388 311 313 390 311 392 390 313 
315 392 313 394 392 315 316 399 400 
315 316 400 315 400 395 315 395 394 
400 399 401 397 402 318 302 397 318 
403 397 398 402 397 403 316 320 399 
321 404 405 320 321 405 320 405 401 
320 401 399 405 404 406 318 402 322 
402 403 407 402 407 322 322 407 323 
324 323 408 323 407 408 408 325 324 
409 325 408 404 327 410 321 327 404 
411 406 404 411 404 412 412 404 410 
411 412 413 325 409 414 328 325 414 
329 328 415 328 414 415 330 329 416 
329 415 416 331 330 417 330 416 417 
332 331 418 331 417 418 418 334 332 
419 334 418 410 336 420 327 336 410 
412 410 421 421 410 420 422 413 412 
421 422 412 334 419 423 337 334 423 
423 338 337 424 338 423 336 340 420 
341 420 340 341 425 420 425 421 420 
426 422 421 425 426 421 338 424 427 
342 338 427 343 342 428 342 427 428 
428 345 343 429 345 428 347 430 431 
346 430 347 348 347 432 347 431 432 
349 348 433 348 432 433 350 349 434 
349 433 434 351 350 435 350 434 435 
352 351 436 351 435 436 425 341 352 
425 352 437 437 352 436 426 425 437 
345 429 438 353 345 438 354 353 439 
353 438 439 430 346 354 439 430 354 
440 441 442 440 443 444 441 440 444 
444 443 445 356 440 442 356 442 357 
357 442 446 359 440 356 443 440 359 
360 447 448 359 360 448 359 448 445 
359 445 443 447 449 450 448 447 450 
449 451 452 450 449 452 452 451 453 
357 446 362 446 454 362 360 363 447 
364 447 363 449 447 364 366 449 364 
451 449 366 367 455 456 366 367 456 
366 456 453 366 453 451 455 457 458 
456 455 458 458 457 459 460 461 462 
460 463 464 461 460 464 463 465 466 
464 463 466 465 467 468 466 465 468 
467 469 470 468 467 470 469 471 472 
470 469 472 471 473 474 472 471 474 
473 475 476 474 473 476 475 477 478 
476 475 478 477 479 480 478 477 480 
479 481 482 480 479 482 482 481 483 
368 484 369 368 485 484 368 362 485 
362 454 485 367 370 455 372 455 370 
457 455 372 373 486 487 372 373 487 
372 487 459 372 459 457 462 487 486 
462 486 460 460 486 488 463 460 489 
489 460 488 465 463 490 490 463 489 
467 465 491 491 465 490 469 467 492 
492 467 491 471 469 493 493 469 492 
473 471 494 494 471 493 375 494 376 
375 475 494 475 473 494 377 475 375 
377 495 475 495 477 475 479 477 496 
496 477 495 481 479 497 497 479 496 
498 483 481 498 481 499 499 481 497 
499 500 501 498 499 501 501 500 502 
484 503 378 369 484 378 504 484 485 
503 484 504 373 379 486 381 486 379 
488 486 381 383 488 381 489 488 383 
385 489 383 490 489 385 387 490 385 
491 490 387 389 491 387 492 491 389 
391 492 389 493 492 391 393 493 391 
494 493 393 376 494 393 495 395 505 
377 395 495 496 495 506 506 495 505 
497 496 507 507 496 506 499 497 508 
508 497 507 509 510 500 509 500 508 
508 500 499 502 500 510 378 503 396 
398 511 512 396 511 398 396 504 511 
396 503 504 511 513 512 395 400 505 
401 505 400 401 514 505 514 506 505 
507 506 515 515 506 514 508 507 516 
516 507 515 517 509 508 516 517 508 
512 518 403 398 512 403 519 512 513 
518 512 519 401 405 514 406 514 405 
406 520 514 520 515 514 516 515 521 
521 515 520 522 517 516 521 522 516 
403 518 407 518 519 523 518 523 407 
407 523 408 409 524 525 409 408 524 
408 523 524 524 526 525 406 411 520 
413 520 411 413 527 520 527 521 520 
528 522 521 527 528 521 409 525 414 
525 526 529 525 529 414 414 529 415 
416 415 530 415 529 530 417 416 531 
416 530 531 418 417 532 417 531 532 
532 419 418 533 419 532 527 422 534 
413 422 527 535 528 527 534 535 527 
419 533 536 423 419 536 424 537 538 
424 423 537 423 536 537 537 539 538 
534 426 540 422 426 534 541 535 534 
541 534 542 542 534 540 541 542 543 
424 538 427 538 539 544 538 544 427 
427 544 428 429 545 546 429 428 545 
428 544 545 546 547 548 545 547 546 
548 431 430 548 547 431 547 549 431 
432 431 550 431 549 550 433 432 551 
432 550 551 434 433 552 433 551 552 
435 434 553 434 552 553 436 435 554 
435 553 554 437 436 555 436 554 555 
540 426 437 540 437 556 556 437 555 
542 540 556 557 542 556 543 542 557 
429 546 438 439 438 546 548 439 546 
430 439 548 558 559 560 559 558 561 
441 562 442 563 562 441 563 441 564 
564 441 444 445 565 566 445 566 444 
444 566 564 560 566 565 560 565 558 
558 565 567 568 561 558 568 558 569 
569 558 567 569 570 571 568 569 571 
570 572 573 571 570 573 572 574 575 
573 572 575 574 576 577 575 574 577 
577 576 578 562 579 580 562 580 442 
442 580 446 563 579 562 445 448 565 
450 565 448 567 565 450 452 567 450 
569 567 452 453 569 452 453 581 569 
581 570 569 572 570 582 582 570 581 
574 572 583 583 572 582 576 574 584 
584 574 583 585 578 576 585 576 586 
586 576 584 585 586 587 588 589 590 
588 591 592 589 588 592 591 593 594 
592 591 594 593 595 596 594 593 596 
595 597 598 596 595 598 598 597 599 
446 580 454 580 600 454 453 456 581 
458 581 456 582 581 458 459 582 458 
459 601 582 601 583 582 461 601 462 
461 584 601 584 583 601 464 584 461 
586 584 464 586 602 587 586 464 602 
464 466 602 468 603 466 466 603 602 
470 604 468 468 604 603 590 472 588 
590 604 472 604 470 472 474 588 472 
591 588 474 476 591 474 593 591 476 
478 593 476 595 593 478 480 595 478 
597 595 480 597 605 599 597 480 605 
480 482 605 605 482 483 606 605 483 
607 608 485 607 485 600 600 485 454 
607 609 608 459 487 601 462 601 487 
483 610 606 498 610 483 501 611 498 
498 611 610 502 612 613 502 613 501 
501 613 611 613 612 614 608 615 504 
485 608 504 616 608 609 615 608 616 
510 509 617 510 612 502 510 617 612 
617 618 612 619 614 612 618 619 612 
620 621 622 621 620 623 504 615 511 
513 624 625 511 624 513 511 616 624 
511 615 616 624 626 625 617 517 627 
509 517 617 628 629 618 628 618 627 
627 618 617 619 618 629 620 622 630 
623 620 630 625 631 519 513 625 519 
632 625 626 631 625 632 627 522 633 
517 522 627 634 628 627 633 634 627 
519 631 523 631 632 635 631 635 523 
523 635 524 526 636 637 526 524 636 
524 635 636 636 638 637 633 528 639 
522 528 633 640 634 633 640 633 641 
641 633 639 641 642 643 640 641 643 
643 642 644 526 637 529 637 638 645 
637 645 529 529 645 530 531 530 646 
530 645 646 532 531 647 531 646 647 
533 648 649 533 532 648 532 647 648 
648 650 649 639 535 651 528 535 639 
641 639 652 652 639 651 653 654 642 
653 642 652 652 642 641 644 642 654 
533 649 536 649 650 655 649 655 536 
536 655 537 539 656 657 539 537 656 
537 655 656 656 658 657 535 541 651 
659 652 651 659 651 543 659 543 660 
541 543 651 653 652 659 539 657 544 
657 658 661 657 661 544 544 661 545 
547 545 662 545 661 662 549 547 663 
547 662 663 550 549 664 549 663 664 
551 550 665 550 664 665 552 551 666 
551 665 666 553 552 667 552 666 667 
554 553 668 553 667 668 555 554 669 
554 668 669 556 555 670 555 669 670 
557 556 671 556 670 671 660 543 557 
671 660 557 672 673 674 672 675 676 
673 672 676 675 677 678 676 675 678 
678 677 679 559 680 560 561 680 559 
681 682 683 681 684 685 682 681 685 
674 685 684 674 684 672 672 684 686 
675 672 687 687 672 686 677 675 688 
688 675 687 689 679 677 688 689 677 
564 690 563 691 690 564 691 564 692 
692 564 566 680 566 560 680 693 566 
693 692 566 683 568 681 683 693 568 
561 568 680 680 568 693 571 681 568 
684 681 571 573 684 571 686 684 573 
575 686 573 687 686 575 577 687 575 
688 687 577 688 577 578 688 578 689 
689 578 694 695 696 697 695 698 699 
696 695 699 699 698 700 579 701 580 
579 702 701 563 702 579 563 703 702 
563 690 703 691 703 690 578 704 694 
585 704 578 704 585 587 705 704 587 
589 706 707 590 589 707 697 592 695 
697 706 592 706 589 592 594 695 592 
698 695 594 698 708 700 698 594 708 
594 596 708 598 709 596 596 709 708 
599 710 711 599 711 598 598 711 709 
711 710 712 701 713 600 580 701 600 
714 701 702 713 701 714 587 715 705 
602 715 587 603 716 602 602 716 715 
604 717 603 603 717 716 707 604 590 
717 604 707 599 605 710 606 718 719 
605 606 719 605 719 712 605 712 710 
719 718 720 600 713 607 713 609 607 
713 714 609 714 721 609 606 610 718 
718 722 720 718 610 722 610 611 722 
613 723 611 611 723 722 614 724 725 
614 725 613 613 725 723 724 726 727 
725 724 727 727 726 728 729 730 616 
729 616 721 721 616 609 729 731 730 
724 619 732 614 619 724 621 732 622 
621 726 732 726 724 732 726 621 623 
726 623 728 728 623 733 616 730 624 
626 734 735 624 734 626 624 731 734 
624 730 731 734 736 735 629 628 737 
629 732 619 629 737 732 737 738 732 
622 732 738 622 738 739 622 739 630 
739 738 740 733 623 630 739 733 630 
735 741 632 626 735 632 742 735 736 
741 735 742 737 634 743 628 634 737 
738 737 744 744 737 743 745 740 738 
745 738 746 746 738 744 745 746 747 
632 741 635 741 742 748 741 748 635 
635 748 636 638 749 750 638 636 749 
636 748 749 749 751 750 634 640 743 
643 743 640 744 743 643 752 746 744 
752 744 644 752 644 753 643 644 744 
747 746 752 638 750 645 750 751 754 
750 754 645 645 754 646 647 646 755 
646 754 755 648 647 756 647 755 756 
650 757 758 650 648 757 648 756 757 
757 759 758 654 760 761 653 760 654 
753 644 654 761 753 654 650 758 655 
758 759 762 758 762 655 655 762 656 
658 763 764 658 656 763 656 762 763 
763 765 764 766 767 768 766 659 660 
766 768 659 768 769 659 760 653 659 
769 760 659 658 764 661 764 765 770 
764 770 661 661 770 662 663 662 771 
662 770 771 664 663 772 663 771 772 
665 664 773 664 772 773 666 665 774 
665 773 774 667 666 775 666 774 775 
668 667 776 667 775 776 669 668 777 
668 776 777 670 669 778 669 777 778 
767 766 671 767 671 778 778 671 670 
660 671 766 673 779 780 674 673 780 
676 781 673 673 781 779 678 782 676 
676 782 781 782 678 679 783 782 679 
682 784 785 683 682 785 685 786 682 
682 786 784 780 685 674 786 685 780 
787 689 788 787 783 689 783 679 689 
787 788 789 692 790 691 791 790 692 
791 692 792 792 692 693 785 693 683 
792 693 785 788 694 793 689 694 788 
794 789 788 793 794 788 795 796 797 
795 697 696 795 696 796 796 696 798 
699 799 696 696 799 798 700 800 801 
700 801 699 699 801 799 801 800 802 
703 803 702 703 804 803 691 804 703 
691 805 804 691 790 805 791 805 790 
694 704 793 705 806 807 704 705 807 
704 807 794 704 794 793 806 808 809 
807 806 809 808 810 811 809 808 811 
797 811 810 795 797 810 795 810 707 
795 707 706 697 795 706 700 708 800 
800 812 802 800 708 812 708 709 812 
711 813 709 709 813 812 813 711 712 
814 813 712 803 815 714 702 803 714 
816 803 804 815 803 816 705 715 806 
716 806 715 808 806 716 717 808 716 
810 808 717 707 810 717 712 817 814 
719 817 712 720 818 819 720 819 719 
719 819 817 818 820 821 819 818 821 
820 822 823 821 820 823 823 822 824 
815 825 721 714 815 721 826 815 816 
825 815 826 720 722 818 723 818 722 
820 818 723 725 820 723 822 820 725 
822 827 824 822 725 827 725 727 827 
827 727 728 828 827 728 721 825 729 
731 829 830 729 829 731 729 826 829 
729 825 826 829 831 830 832 733 833 
832 828 733 828 728 733 832 833 834 
731 830 734 736 835 836 734 835 736 
734 831 835 734 830 831 835 837 836 
739 740 838 739 838 839 733 739 839 
733 839 840 733 840 833 834 833 840 
836 841 742 736 836 742 842 836 837 
842 843 836 843 841 836 842 844 843 
740 745 838 838 745 747 838 747 839 
839 747 845 742 841 748 749 748 841 
843 749 841 751 846 847 749 846 751 
749 844 846 749 843 844 846 848 847 
752 849 850 753 849 752 845 747 752 
850 845 752 751 847 754 847 848 851 
847 851 754 754 851 755 756 755 852 
755 851 852 757 756 853 756 852 853 
759 854 855 759 757 854 757 853 854 
854 856 855 761 857 858 760 857 761 
849 753 761 858 849 761 759 855 762 
855 856 859 855 859 762 762 859 763 
765 860 861 765 763 860 763 859 860 
860 862 861 768 863 864 767 863 768 
769 768 865 768 864 865 857 760 769 
865 857 769 765 861 770 861 862 866 
861 866 770 770 866 771 772 771 867 
771 866 867 773 772 868 772 867 868 
774 773 869 773 868 869 775 774 870 
774 869 870 776 775 871 775 870 871 
777 776 872 776 871 872 778 777 873 
777 872 873 863 767 778 873 863 778 
779 874 780 875 874 779 875 779 876 
876 779 781 782 877 781 781 877 876 
783 878 879 783 879 782 782 879 877 
879 878 880 784 881 785 882 881 784 
882 784 883 883 784 786 874 786 780 
874 884 786 884 883 786 875 884 874 
783 787 878 878 787 789 878 789 880 
880 789 885 886 887 888 887 886 889 
792 890 791 792 891 890 785 891 792 
785 892 891 785 881 892 882 892 881 
893 794 894 893 885 794 885 789 794 
893 894 895 796 896 897 797 796 897 
888 798 886 888 896 798 896 796 798 
886 898 889 886 798 898 798 799 898 
801 899 799 799 899 898 802 900 901 
802 901 801 801 901 899 901 900 902 
805 903 804 805 791 890 805 890 903 
903 890 904 905 890 891 904 890 905 
794 807 894 894 906 895 894 807 906 
807 809 906 811 907 809 809 907 906 
897 811 797 907 811 897 802 812 900 
900 908 902 900 812 908 812 813 908 
814 909 910 814 910 813 813 910 908 
910 909 911 903 912 816 804 903 816 
913 904 914 913 912 904 912 903 904 
905 914 904 814 817 909 909 915 911 
909 817 915 817 819 915 821 916 819 
819 916 915 823 917 821 821 917 916 
824 918 919 824 919 823 823 919 917 
919 918 920 912 921 826 816 912 826 
922 912 913 921 912 922 824 827 918 
828 923 924 827 828 924 827 924 920 
827 920 918 924 923 925 826 921 829 
831 926 927 829 926 831 829 922 926 
829 921 922 926 928 927 828 832 923 
923 832 834 923 834 925 925 834 929 
831 927 835 837 930 931 835 930 837 
835 928 930 835 927 928 930 932 931 
840 839 933 840 933 934 840 934 834 
834 934 929 837 931 842 931 844 842 
931 932 844 932 935 844 933 936 937 
933 839 936 839 845 936 934 933 937 
844 935 938 846 844 938 938 848 846 
939 848 938 850 940 941 849 940 850 
936 845 850 941 936 850 848 939 942 
851 848 942 852 851 943 851 942 943 
853 852 944 852 943 944 854 853 945 
853 944 945 856 946 947 856 854 946 
854 945 946 946 948 947 858 949 950 
857 949 858 940 849 858 950 940 858 
856 947 859 947 948 951 947 951 859 
859 951 860 862 952 953 862 860 952 
860 951 952 952 954 953 864 955 956 
863 955 864 865 864 957 864 956 957 
949 857 865 957 949 865 862 953 866 
953 954 958 953 958 866 866 958 867 
868 867 959 867 958 959 869 868 960 
868 959 960 870 869 961 869 960 961 
871 870 962 870 961 962 872 871 963 
871 962 963 873 872 964 872 963 964 
955 863 873 964 955 873 876 965 966 
875 876 966 877 967 876 876 967 965 
879 968 877 877 968 967 968 879 880 
969 968 880 883 970 882 971 970 883 
971 883 972 972 883 884 966 884 875 
972 884 966 973 885 974 973 969 885 
969 880 885 973 974 975 976 977 978 
976 888 887 976 887 977 977 887 979 
979 887 889 980 979 889 892 981 891 
892 982 981 882 982 892 882 983 982 
882 970 983 971 983 970 885 893 974 
895 984 985 893 895 985 893 985 975 
893 975 974 984 986 987 985 984 987 
978 987 986 976 978 986 976 986 897 
976 897 896 888 976 896 889 988 980 
898 988 889 899 989 898 898 989 988 
901 990 899 899 990 989 990 901 902 
991 990 902 981 992 905 891 981 905 
993 981 982 992 981 993 895 906 984 
907 984 906 986 984 907 897 986 907 
902 994 991 908 994 902 910 995 908 
908 995 994 911 996 997 911 997 910 
910 997 995 996 998 999 997 996 999 
998 1000 1001 999 998 1001 1001 1000 1002 
914 1003 913 914 1004 1003 905 1004 914 
905 1005 1004 905 992 1005 993 1005 992 
911 915 996 916 996 915 998 996 916 
917 998 916 1000 998 917 1000 1006 1002 
1000 917 1006 917 919 1006 1006 919 920 
1007 1006 920 1003 1008 922 913 1003 922 
1009 1003 1004 1008 1003 1009 920 1010 1007 
924 1010 920 1010 924 925 1011 1010 925 
922 1008 926 928 1012 1013 926 1012 928 
926 1009 1012 926 1008 1009 1012 1014 1013 
1015 1016 1017 1015 1017 1011 1015 1011 929 
929 1011 925 928 1013 930 932 1018 1019 
930 1018 932 930 1014 1018 930 1013 1014 
1018 1020 1019 1015 1021 1016 1021 1015 929 
1021 929 1022 1022 929 934 1019 1023 935 
932 1019 935 1024 1019 1020 1023 1019 1024 
937 1025 1026 936 1025 937 1022 934 937 
1026 1022 937 935 1023 938 939 1027 1028 
938 1027 939 938 1024 1027 938 1023 1024 
1027 1029 1028 941 1030 1031 940 1030 941 
1025 936 941 1031 1025 941 939 1028 942 
1028 1029 1032 1028 1032 942 942 1032 943 
944 943 1033 943 1032 1033 945 944 1034 
944 1033 1034 946 945 1035 945 1034 1035 
948 1036 1037 948 946 1036 946 1035 1036 
1036 1038 1037 950 1039 1040 949 1039 950 
1030 940 950 1040 1030 950 948 1037 951 
1037 1038 1041 1037 1041 951 951 1041 952 
954 1042 1043 954 952 1042 952 1041 1042 
1043 1044 1045 1042 1044 1043 1045 1046 1047 
1044 1046 1045 1046 1048 1047 1049 1050 1051 
1049 956 955 1049 1051 956 1051 1052 956 
957 956 1053 956 1052 1053 1039 949 957 
1053 1039 957 954 1043 958 959 958 1043 
1045 959 1043 960 959 1045 1047 960 1045 
1047 1048 1054 1047 1054 960 960 1054 961 
962 961 1055 961 1054 1055 963 962 1056 
962 1055 1056 1050 1049 964 1050 964 1056 
1056 964 963 955 964 1049 965 1057 966 
1058 1057 965 1058 965 1059 1059 965 967 
968 1060 967 967 1060 1059 969 1061 1062 
969 1062 968 968 1062 1060 1062 1061 1063 
972 1064 971 972 1065 1064 966 1065 972 
966 1066 1065 966 1057 1066 1058 1066 1057 
969 973 1061 975 1067 1068 973 975 1068 
973 1068 1063 973 1063 1061 1067 1069 1070 
1068 1067 1070 1069 978 977 1069 977 1070 
1070 977 1071 979 1072 977 977 1072 1071 
980 1073 1074 980 1074 979 979 1074 1072 
1074 1073 1075 983 1076 982 983 1077 1076 
971 1077 983 971 1078 1077 971 1064 1078 
1065 1078 1064 975 985 1067 987 1067 985 
1069 1067 987 978 1069 987 980 988 1073 
1073 1079 1075 1073 988 1079 988 989 1079 
990 1080 989 989 1080 1079 991 1081 1082 
991 1082 990 990 1082 1080 1082 1081 1083 
1076 1084 993 982 1076 993 1085 1076 1077 
1084 1076 1085 991 994 1081 1081 1086 1083 
1081 994 1086 994 995 1086 997 1087 995 
995 1087 1086 999 1088 997 997 1088 1087 
1001 1089 999 999 1089 1088 1089 1001 1002 
1090 1089 1002 1005 1091 1004 1005 1092 1091 
993 1092 1005 993 1093 1092 993 1084 1093 
1085 1093 1084 1002 1094 1090 1006 1094 1002 
1007 1095 1096 1007 1096 1006 1006 1096 1094 
1096 1095 1097 1091 1098 1009 1004 1091 1009 
1099 1091 1092 1098 1091 1099 1007 1010 1095 
1095 1010 1011 1095 1011 1097 1097 1011 1100 
1009 1098 1012 1014 1101 1102 1012 1101 1014 
1012 1099 1101 1012 1098 1099 1101 1103 1102 
1017 1016 1104 1017 1104 1105 1017 1105 1011 
1011 1105 1100 1014 1102 1018 1020 1106 1107 
1018 1106 1020 1018 1103 1106 1018 1102 1103 
1106 1108 1107 1016 1021 1104 1104 1021 1022 
1104 1022 1105 1105 1022 1109 1107 1110 1111 
1107 1111 1020 1020 1111 1024 1108 1110 1107 
1026 1112 1113 1025 1112 1026 1109 1022 1026 
1113 1109 1026 1024 1111 1114 1027 1024 1114 
1114 1029 1027 1115 1029 1114 1116 1117 1118 
1118 1119 1116 1031 1120 1121 1030 1120 1031 
1112 1025 1031 1121 1112 1031 1029 1115 1122 
1032 1029 1122 1033 1032 1123 1032 1122 1123 
1034 1033 1124 1033 1123 1124 1117 1116 1035 
1117 1035 1124 1124 1035 1034 1116 1119 1125 
1116 1125 1035 1035 1125 1036 1038 1126 1127 
1038 1036 1126 1036 1125 1126 1126 1128 1127 
1040 1129 1130 1039 1129 1040 1120 1030 1040 
1130 1120 1040 1038 1127 1041 1127 1128 1131 
1127 1131 1041 1041 1131 1042 1044 1042 1132 
1042 1131 1132 1046 1044 1133 1044 1132 1133 
1048 1134 1135 1048 1046 1134 1046 1133 1134 
1135 1136 1137 1134 1136 1135 1137 1138 1139 
1136 1138 1137 1139 1051 1050 1139 1138 1051 
1138 1140 1051 1052 1051 1141 1051 1140 1141 
1053 1052 1142 1052 1141 1142 1129 1039 1053 
1142 1129 1053 1048 1135 1054 1055 1054 1135 
1137 1055 1135 1056 1055 1137 1139 1056 1137 
1050 1056 1139 1059 1143 1058 1059 1060 1144 
1143 1059 1144 1060 1062 1145 1144 1060 1145 
1062 1063 1145 1066 1146 1147 1065 1066 1147 
1143 1066 1058 1143 1148 1066 1148 1146 1066 
1144 1148 1143 1149 1148 1144 1145 1149 1144 
1150 1149 1145 1151 1152 1150 1068 1151 1150 
1068 1150 1145 1068 1145 1063 1153 1151 1068 
1153 1068 1154 1154 1068 1070 1071 1155 1070 
1070 1155 1154 1072 1156 1071 1071 1156 1155 
1074 1157 1072 1072 1157 1156 1157 1074 1075 
1158 1157 1075 1078 1159 1077 1078 1160 1159 
1078 1065 1160 1065 1147 1160 1151 1161 1152 
1153 1161 1151 1075 1162 1158 1079 1162 1075 
1080 1163 1079 1079 1163 1162 1082 1164 1080 
1080 1164 1163 1083 1165 1166 1083 1166 1082 
1082 1166 1164 1166 1165 1167 1159 1168 1169 
1159 1169 1077 1077 1169 1085 1160 1168 1159 
1083 1086 1165 1165 1170 1167 1165 1086 1170 
1086 1087 1170 1088 1171 1087 1087 1171 1170 
1089 1172 1088 1088 1172 1171 1090 1173 1174 
1090 1174 1089 1089 1174 1172 1174 1173 1175 
1093 1176 1092 1093 1177 1176 1093 1085 1177 
1085 1169 1177 1090 1094 1173 1173 1178 1175 
1173 1094 1178 1094 1096 1178 1097 1179 1180 
1097 1180 1096 1096 1180 1178 1180 1179 1181 
1176 1182 1099 1092 1176 1099 1183 1176 1177 
1182 1176 1183 1179 1100 1184 1097 1100 1179 
1185 1181 1179 1184 1185 1179 1099 1182 1101 
1103 1186 1187 1101 1186 1103 1101 1183 1186 
1101 1182 1183 1186 1188 1187 1184 1105 1189 
1100 1105 1184 1190 1185 1184 1189 1190 1184 
1103 1187 1106 1187 1108 1106 1187 1188 1108 
1188 1191 1108 1189 1192 1193 1189 1105 1192 
1105 1109 1192 1190 1189 1193 1110 1194 1195 
1111 1110 1195 1191 1110 1108 1194 1110 1191 
1113 1196 1197 1112 1196 1113 1192 1109 1113 
1197 1192 1113 1111 1195 1198 1114 1111 1198 
1115 1199 1200 1115 1114 1199 1114 1198 1199 
1199 1201 1200 1202 1203 1204 1202 1118 1117 
1202 1204 1118 1204 1205 1118 1119 1206 1207 
1119 1118 1206 1118 1205 1206 1206 1208 1207 
1121 1120 1209 1121 1209 1210 1121 1210 1112 
1112 1210 1196 1115 1200 1122 1200 1201 1211 
1200 1211 1122 1122 1211 1123 1203 1202 1124 
1203 1124 1211 1211 1124 1123 1117 1124 1202 
1119 1207 1125 1207 1208 1212 1207 1212 1125 
1125 1212 1126 1128 1213 1214 1128 1126 1213 
1126 1212 1213 1213 1215 1214 1130 1129 1216 
1130 1216 1217 1120 1130 1217 1120 1217 1218 
1120 1218 1209 1210 1209 1218 1128 1214 1131 
1214 1215 1219 1214 1219 1131 1131 1219 1132 
1133 1132 1220 1132 1219 1220 1134 1133 1221 
1133 1220 1221 1136 1134 1222 1134 1221 1222 
1138 1136 1223 1136 1222 1223 1224 1223 1225 
1224 1140 1223 1140 1138 1223 1140 1226 1141 
1224 1226 1140 1227 1141 1226 1227 1228 1141 
1228 1142 1141 1216 1129 1142 1216 1142 1229 
1229 1142 1228 1217 1216 1229 1224 1225 1230 
1226 1224 1230 1231 1226 1230 1227 1226 1231 
1146 1232 1147 1146 1148 1233 1232 1146 1233 
1234 1233 1148 1234 1148 1235 1235 1148 1149 
1236 1237 1235 1236 1235 1150 1150 1235 1149 
1150 1152 1236 1154 1238 1239 1153 1154 1239 
1155 1240 1154 1154 1240 1238 1241 1242 1240 
1241 1240 1156 1156 1240 1155 1243 1241 1156 
1243 1156 1244 1244 1156 1157 1244 1157 1158 
1245 1244 1158 1232 1246 1247 1232 1247 1147 
1147 1247 1160 1233 1246 1232 1248 1246 1233 
1234 1248 1233 1236 1249 1237 1152 1249 1236 
1152 1161 1249 1161 1250 1249 1239 1161 1153 
1250 1161 1239 1241 1251 1242 1243 1251 1241 
1158 1252 1245 1162 1252 1158 1163 1253 1162 
1162 1253 1252 1164 1254 1163 1163 1254 1253 
1166 1255 1164 1164 1255 1254 1167 1256 1257 
1167 1257 1166 1166 1257 1255 1256 1258 1259 
1257 1256 1259 1259 1258 1260 1168 1261 1169 
1168 1262 1261 1168 1160 1262 1160 1247 1262 
1167 1170 1256 1171 1256 1170 1258 1256 1171 
1258 1263 1260 1258 1171 1263 1171 1172 1263 
1174 1264 1172 1172 1264 1263 1175 1265 1266 
1175 1266 1174 1174 1266 1264 1266 1265 1267 
1261 1268 1177 1169 1261 1177 1269 1261 1262 
1268 1261 1269 1175 1178 1265 1265 1270 1267 
1265 1178 1270 1178 1180 1270 1270 1180 1181 
1271 1270 1181 1268 1272 1273 1268 1273 1177 
1177 1273 1183 1269 1272 1268 1181 1185 1271 
1271 1185 1274 1183 1273 1275 1186 1183 1275 
1188 1276 1277 1188 1186 1276 1186 1275 1276 
1276 1278 1277 1185 1190 1274 1274 1190 1279 
1277 1280 1281 1277 1281 1188 1188 1281 1191 
1278 1280 1277 1193 1282 1283 1192 1282 1193 
1279 1190 1193 1283 1279 1193 1194 1284 1195 
1194 1285 1284 1194 1191 1285 1191 1281 1285 
1197 1286 1287 1196 1286 1197 1282 1192 1197 
1287 1282 1197 1195 1284 1198 1284 1285 1288 
1284 1288 1198 1198 1288 1199 1288 1201 1199 
1289 1201 1288 1204 1290 1291 1203 1290 1204 
1205 1204 1292 1204 1291 1292 1206 1205 1293 
1205 1292 1293 1208 1294 1295 1208 1206 1294 
1206 1293 1294 1294 1296 1295 1196 1210 1286 
1286 1210 1297 1201 1289 1298 1211 1201 1298 
1290 1203 1211 1298 1290 1211 1208 1295 1212 
1295 1296 1299 1295 1299 1212 1212 1299 1213 
1215 1300 1301 1215 1213 1300 1213 1299 1300 
1301 1302 1303 1300 1302 1301 1302 1304 1303 
1218 1305 1306 1217 1305 1218 1297 1210 1218 
1306 1297 1218 1215 1301 1219 1220 1219 1301 
1303 1220 1301 1303 1304 1307 1303 1307 1220 
1220 1307 1221 1222 1221 1308 1221 1307 1308 
1223 1222 1309 1222 1308 1309 1309 1225 1223 
1310 1225 1309 1228 1311 1312 1227 1311 1228 
1229 1228 1313 1228 1312 1313 1305 1217 1229 
1313 1305 1229 1225 1310 1314 1230 1225 1314 
1231 1230 1315 1230 1314 1315 1311 1227 1231 
1315 1311 1231 1235 1316 1234 1235 1237 1316 
1238 1317 1239 1238 1240 1318 1317 1238 1318 
1240 1242 1318 1244 1319 1320 1243 1244 1320 
1319 1244 1245 1321 1319 1245 1246 1322 1247 
1323 1322 1246 1323 1246 1324 1324 1246 1248 
1316 1248 1234 1316 1325 1248 1325 1324 1248 
1237 1325 1316 1237 1249 1325 1249 1326 1325 
1327 1328 1326 1327 1326 1250 1250 1326 1249 
1250 1329 1327 1239 1329 1250 1239 1330 1329 
1239 1317 1330 1318 1330 1317 1331 1330 1318 
1242 1331 1318 1242 1251 1331 1251 1332 1331 
1320 1251 1243 1332 1251 1320 1245 1333 1321 
1252 1333 1245 1253 1334 1252 1252 1334 1333 
1254 1335 1253 1253 1335 1334 1255 1336 1254 
1254 1336 1335 1257 1337 1255 1255 1337 1336 
1259 1338 1257 1257 1338 1337 1260 1339 1340 
1260 1340 1259 1259 1340 1338 1340 1339 1341 
1322 1342 1262 1247 1322 1262 1343 1322 1323 
1342 1322 1343 1327 1344 1328 1329 1344 1327 
1260 1263 1339 1339 1345 1341 1339 1263 1345 
1263 1264 1345 1266 1346 1264 1264 1346 1345 
1346 1266 1267 1347 1346 1267 1342 1348 1349 
1342 1349 1262 1262 1349 1269 1343 1348 1342 
1267 1350 1347 1270 1350 1267 1350 1270 1271 
1351 1350 1271 1272 1352 1273 1353 1269 1349 
1353 1352 1269 1353 1354 1352 1352 1272 1269 
1354 1355 1356 1353 1355 1354 1355 1357 1356 
1271 1274 1351 1351 1274 1358 1273 1352 1275 
1276 1275 1352 1354 1276 1352 1278 1276 1354 
1278 1354 1359 1359 1354 1356 1360 1356 1357 
1359 1356 1360 1274 1279 1358 1358 1279 1361 
1280 1362 1281 1280 1363 1362 1278 1363 1280 
1278 1364 1363 1278 1359 1364 1360 1364 1359 
1283 1365 1366 1282 1365 1283 1361 1279 1283 
1366 1361 1283 1362 1367 1368 1362 1368 1281 
1281 1368 1285 1363 1367 1362 1369 1370 1371 
1369 1372 1373 1371 1372 1369 1372 1374 1373 
1287 1375 1376 1286 1375 1287 1365 1282 1287 
1376 1365 1287 1285 1368 1377 1288 1285 1377 
1289 1378 1379 1289 1288 1378 1288 1377 1378 
1379 1291 1290 1379 1378 1291 1378 1380 1291 
1292 1291 1381 1291 1380 1381 1370 1369 1293 
1370 1293 1381 1381 1293 1292 1294 1293 1369 
1373 1294 1369 1296 1382 1383 1294 1382 1296 
1294 1374 1382 1294 1373 1374 1382 1384 1383 
1286 1297 1375 1375 1297 1385 1289 1379 1298 
1290 1298 1379 1296 1383 1299 1383 1384 1386 
1383 1386 1299 1299 1386 1300 1302 1300 1387 
1300 1386 1387 1304 1388 1389 1304 1302 1388 
1302 1387 1388 1388 1390 1389 1306 1391 1392 
1305 1391 1306 1385 1297 1306 1392 1385 1306 
1304 1389 1307 1389 1390 1393 1389 1393 1307 
1307 1393 1308 1309 1308 1394 1308 1393 1394 
1310 1395 1396 1310 1309 1395 1309 1394 1395 
1395 1397 1396 1312 1398 1399 1311 1398 1312 
1313 1312 1400 1312 1399 1400 1391 1305 1313 
1400 1391 1313 1310 1396 1314 1396 1397 1401 
1396 1401 1314 1314 1401 1315 1398 1311 1315 
1401 1398 1315 1319 1402 1403 1320 1319 1403 
1402 1319 1321 1404 1402 1321 1324 1405 1323 
1324 1325 1406 1405 1324 1406 1325 1326 1407 
1406 1325 1407 1326 1328 1407 1330 1408 1329 
1330 1331 1409 1408 1330 1409 1410 1409 1331 
1410 1331 1411 1411 1331 1332 1403 1332 1320 
1411 1332 1403 1321 1412 1404 1333 1412 1321 
1334 1413 1333 1333 1413 1412 1335 1414 1334 
1334 1414 1413 1336 1415 1335 1335 1415 1414 
1337 1416 1336 1336 1416 1415 1338 1417 1337 
1337 1417 1416 1340 1418 1338 1338 1418 1417 
1341 1419 1420 1341 1420 1340 1340 1420 1418 
1420 1419 1421 1405 1422 1343 1323 1405 1343 
1406 1423 1405 1423 1422 1405 1407 1424 1406 
1424 1423 1406 1328 1344 1425 1328 1425 1407 
1407 1425 1424 1344 1426 1425 1329 1426 1344 
1329 1427 1426 1329 1408 1427 1409 1427 1408 
1428 1427 1409 1410 1428 1409 1341 1345 1419 
1419 1429 1421 1419 1345 1429 1345 1346 1429 
1347 1430 1431 1347 1431 1346 1346 1431 1429 
1431 1430 1432 1348 1433 1349 1348 1343 1422 
1348 1422 1433 1433 1422 1434 1423 1435 1422 
1435 1434 1422 1436 1424 1437 1436 1435 1424 
1435 1423 1424 1425 1437 1424 1438 1437 1425 
1426 1438 1425 1347 1350 1430 1430 1350 1351 
1430 1351 1432 1432 1351 1439 1349 1433 1353 
1355 1353 1433 1434 1355 1433 1357 1355 1434 
1357 1434 1440 1440 1434 1435 1441 1435 1436 
1440 1435 1441 1442 1358 1443 1442 1439 1358 
1439 1351 1358 1442 1443 1444 1440 1445 1446 
1440 1446 1357 1357 1446 1360 1441 1445 1440 
1443 1447 1448 1443 1358 1447 1358 1361 1447 
1444 1443 1448 1364 1449 1450 1363 1364 1450 
1446 1364 1360 1449 1364 1446 1366 1451 1452 
1365 1451 1366 1447 1361 1366 1452 1447 1366 
1367 1453 1368 1454 1363 1450 1454 1453 1363 
1454 1455 1453 1453 1367 1363 1455 1456 1457 
1454 1456 1455 1457 1458 1459 1456 1458 1457 
1459 1371 1370 1459 1458 1371 1458 1460 1371 
1372 1371 1461 1371 1460 1461 1374 1462 1463 
1374 1372 1462 1372 1461 1462 1462 1464 1463 
1376 1465 1466 1375 1465 1376 1451 1365 1376 
1466 1451 1376 1368 1453 1377 1378 1377 1453 
1455 1378 1453 1380 1378 1455 1457 1380 1455 
1381 1380 1457 1459 1381 1457 1370 1381 1459 
1374 1463 1382 1384 1467 1468 1382 1467 1384 
1382 1464 1467 1382 1463 1464 1467 1469 1468 
1375 1385 1465 1465 1385 1470 1384 1468 1386 
1468 1469 1471 1468 1471 1386 1386 1471 1387 
1388 1387 1472 1387 1471 1472 1390 1473 1474 
1390 1388 1473 1388 1472 1473 1473 1475 1474 
1476 1477 1478 1476 1392 1391 1476 1478 1392 
1478 1479 1392 1470 1385 1392 1479 1470 1392 
1390 1474 1393 1474 1475 1480 1474 1480 1393 
1393 1480 1394 1395 1394 1481 1394 1480 1481 
1397 1482 1483 1397 1395 1482 1395 1481 1482 
1483 1399 1398 1483 1482 1399 1482 1484 1399 
1477 1476 1400 1477 1400 1484 1484 1400 1399 
1391 1400 1476 1397 1483 1401 1398 1401 1483 
1402 1485 1403 1402 1404 1485 1411 1486 1410 
1411 1487 1486 1403 1487 1411 1403 1488 1487 
1403 1485 1488 1404 1488 1485 1404 1412 1488 
1412 1489 1488 1413 1490 1412 1412 1490 1489 
1414 1491 1413 1413 1491 1490 1415 1492 1414 
1414 1492 1491 1416 1493 1415 1415 1493 1492 
1417 1494 1416 1416 1494 1493 1418 1495 1417 
1417 1495 1494 1420 1496 1418 1418 1496 1495 
1421 1497 1498 1421 1498 1420 1420 1498 1496 
1498 1497 1499 1427 1500 1426 1501 1500 1427 
1501 1427 1502 1502 1427 1428 1486 1428 1410 
1486 1503 1428 1503 1502 1428 1487 1503 1486 
1421 1429 1497 1497 1504 1499 1497 1429 1504 
1429 1431 1504 1504 1431 1432 1505 1504 1432 
1437 1506 1436 1437 1438 1507 1506 1437 1507 
1438 1508 1507 1426 1508 1438 1426 1509 1508 
1426 1500 1509 1501 1509 1500 1510 1439 1511 
1510 1505 1439 1505 1432 1439 1510 1511 1512 
1506 1513 1514 1506 1514 1436 1436 1514 1441 
1507 1513 1506 1515 1513 1507 1508 1515 1507 
1439 1442 1511 1511 1442 1444 1511 1444 1512 
1512 1444 1516 1445 1517 1518 1446 1445 1518 
1514 1445 1441 1517 1445 1514 1448 1519 1520 
1447 1519 1448 1516 1444 1448 1520 1516 1448 
1449 1521 1522 1450 1449 1522 1518 1449 1446 
1521 1449 1518 1523 1524 1525 1523 1526 1527 
1525 1526 1523 1527 1528 1529 1526 1528 1527 
1528 1530 1529 1452 1531 1532 1451 1531 1452 
1519 1447 1452 1532 1519 1452 1450 1522 1533 
1454 1450 1533 1456 1454 1534 1454 1533 1534 
1524 1523 1458 1524 1458 1534 1534 1458 1456 
1460 1458 1523 1527 1460 1523 1461 1460 1527 
1529 1461 1527 1529 1530 1535 1529 1535 1461 
1461 1535 1462 1464 1536 1537 1464 1462 1536 
1462 1535 1536 1536 1538 1537 1466 1539 1540 
1465 1539 1466 1531 1451 1466 1540 1531 1466 
1464 1537 1467 1469 1541 1542 1467 1541 1469 
1467 1538 1541 1467 1537 1538 1542 1543 1544 
1541 1543 1542 1543 1545 1544 1546 1547 1548 
1546 1548 1539 1546 1539 1470 1470 1539 1465 
1469 1542 1471 1472 1471 1542 1544 1472 1542 
1544 1545 1549 1544 1549 1472 1472 1549 1473 
1475 1550 1551 1475 1473 1550 1473 1549 1550 
1551 1552 1553 1550 1552 1551 1553 1554 1555 
1552 1554 1553 1555 1556 1557 1554 1556 1555 
1557 1478 1477 1557 1556 1478 1556 1558 1478 
1547 1546 1479 1547 1479 1558 1558 1479 1478 
1470 1479 1546 1475 1551 1480 1481 1480 1551 
1553 1481 1551 1482 1481 1553 1555 1482 1553 
1484 1482 1555 1557 1484 1555 1477 1484 1557 
1559 1560 1561 1559 1562 1563 1560 1559 1563 
1563 1562 1564 1565 1566 1567 1565 1568 1569 
1566 1565 1569 1568 1487 1488 1568 1488 1569 
1569 1488 1570 1489 1571 1488 1488 1571 1570 
1490 1572 1489 1489 1572 1571 1491 1573 1490 
1490 1573 1572 1492 1574 1491 1491 1574 1573 
1561 1493 1559 1561 1574 1493 1574 1492 1493 
1494 1559 1493 1562 1559 1494 1562 1575 1564 
1562 1494 1575 1494 1495 1575 1496 1576 1495 
1495 1576 1575 1498 1577 1496 1496 1577 1576 
1577 1498 1499 1578 1577 1499 1502 1565 1567 
1502 1567 1501 1501 1567 1579 1503 1565 1502 
1568 1565 1503 1487 1568 1503 1499 1580 1578 
1504 1580 1499 1580 1504 1505 1581 1580 1505 
1509 1582 1583 1508 1509 1583 1579 1509 1501 
1582 1509 1579 1505 1584 1581 1510 1584 1505 
1584 1510 1512 1585 1584 1512 1586 1587 1588 
1586 1514 1513 1586 1513 1587 1587 1513 1589 
1515 1590 1513 1513 1590 1589 1583 1515 1508 
1590 1515 1583 1512 1516 1585 1585 1516 1591 
1517 1586 1588 1517 1588 1518 1518 1588 1592 
1514 1586 1517 1520 1519 1593 1520 1593 1594 
1520 1594 1516 1516 1594 1591 1521 1595 1522 
1596 1518 1592 1596 1595 1518 1596 1597 1595 
1595 1521 1518 1597 1525 1524 1597 1596 1525 
1596 1598 1525 1526 1525 1599 1525 1598 1599 
1528 1526 1600 1526 1599 1600 1530 1601 1602 
1530 1528 1601 1528 1600 1601 1601 1603 1602 
1532 1604 1605 1531 1604 1532 1593 1519 1532 
1593 1532 1606 1606 1532 1605 1594 1593 1606 
1522 1595 1533 1534 1533 1595 1597 1534 1595 
1524 1534 1597 1530 1602 1535 1602 1603 1607 
1602 1607 1535 1535 1607 1536 1607 1538 1536 
1608 1538 1607 1540 1609 1610 1539 1609 1540 
1604 1531 1540 1610 1604 1540 1538 1608 1611 
1541 1538 1611 1543 1541 1612 1541 1611 1612 
1545 1613 1614 1545 1543 1613 1543 1612 1613 
1614 1615 1616 1613 1615 1614 1615 1617 1616 
1548 1618 1619 1547 1618 1548 1609 1539 1548 
1619 1609 1548 1545 1614 1549 1550 1549 1614 
1616 1550 1614 1616 1617 1620 1616 1620 1550 
1550 1620 1552 1554 1552 1621 1552 1620 1621 
1556 1554 1622 1554 1621 1622 1558 1556 1623 
1556 1622 1623 1618 1547 1558 1623 1618 1558 
1624 1625 1626 1625 1624 1627 1560 1628 1629 
1561 1560 1629 1563 1630 1560 1560 1630 1628 
1564 1631 1632 1564 1632 1563 1563 1632 1630 
1632 1631 1633 1566 1634 1635 1567 1566 1635 
1569 1636 1566 1566 1636 1634 1570 1637 1569 
1569 1637 1636 1571 1638 1570 1570 1638 1637 
1626 1572 1624 1626 1638 1572 1638 1571 1572 
1624 1639 1627 1624 1572 1639 1572 1573 1639 
1574 1640 1573 1573 1640 1639 1629 1574 1561 
1640 1574 1629 1564 1575 1631 1631 1641 1633 
1631 1575 1641 1575 1576 1641 1577 1642 1576 
1576 1642 1641 1642 1577 1578 1643 1642 1578 
1644 1645 1646 1644 1635 1645 1644 1579 1635 
1579 1567 1635 1578 1647 1643 1580 1647 1578 
1647 1580 1581 1648 1647 1581 1649 1650 1651 
1646 1650 1649 1644 1646 1649 1644 1649 1583 
1644 1583 1582 1579 1644 1582 1581 1652 1648 
1584 1652 1581 1652 1584 1585 1653 1652 1585 
1587 1654 1655 1588 1587 1655 1589 1656 1587 
1587 1656 1654 1651 1590 1649 1651 1656 1590 
1656 1589 1590 1583 1649 1590 1585 1591 1653 
1653 1591 1657 1588 1655 1592 1655 1658 1592 
1659 1660 1661 1659 1662 1663 1661 1662 1659 
1662 1664 1663 1591 1594 1657 1657 1594 1665 
1592 1658 1666 1596 1592 1666 1598 1596 1667 
1596 1666 1667 1660 1659 1599 1660 1599 1667 
1667 1599 1598 1600 1599 1659 1663 1600 1659 
1663 1664 1668 1663 1668 1600 1600 1668 1601 
1668 1603 1601 1669 1603 1668 1605 1670 1671 
1604 1670 1605 1606 1605 1672 1605 1671 1672 
1665 1594 1606 1672 1665 1606 1603 1669 1673 
1607 1603 1673 1608 1674 1675 1608 1607 1674 
1607 1673 1674 1674 1676 1675 1610 1677 1678 
1609 1677 1610 1670 1604 1610 1678 1670 1610 
1608 1675 1611 1675 1676 1679 1675 1679 1611 
1611 1679 1612 1613 1612 1680 1612 1679 1680 
1615 1613 1681 1613 1680 1681 1681 1617 1615 
1682 1617 1681 1619 1683 1684 1618 1683 1619 
1677 1609 1619 1684 1677 1619 1617 1682 1685 
1620 1617 1685 1621 1620 1686 1620 1685 1686 
1622 1621 1687 1621 1686 1687 1623 1622 1688 
1622 1687 1688 1683 1618 1623 1688 1683 1623 
1625 1689 1690 1626 1625 1690 1627 1691 1692 
1627 1692 1625 1625 1692 1689 1691 1693 1694 
1692 1691 1694 1693 1629 1628 1693 1628 1694 
1694 1628 1695 1630 1696 1628 1628 1696 1695 
1632 1697 1630 1630 1697 1696 1697 1632 1633 
1698 1697 1633 1634 1699 1700 1635 1634 1700 
1636 1701 1634 1634 1701 1699 1637 1702 1636 
1636 1702 1701 1638 1703 1637 1637 1703 1702 
1690 1638 1626 1703 1638 1690 1627 1639 1691 
1640 1691 1639 1693 1691 1640 1629 1693 1640 
1633 1704 1698 1641 1704 1633 1642 1705 1641 
1641 1705 1704 1705 1642 1643 1706 1705 1643 
1645 1707 1708 1646 1645 1708 1700 1645 1635 
1707 1645 1700 1643 1709 1706 1647 1709 1643 
1709 1647 1648 1710 1709 1648 1711 1712 1713 
1711 1651 1650 1711 1650 1712 1712 1650 1714 
1708 1650 1646 1714 1650 1708 1648 1715 1710 
1652 1715 1648 1715 1652 1653 1716 1715 1653 
1654 1717 1718 1655 1654 1718 1713 1656 1711 
1713 1717 1656 1717 1654 1656 1651 1711 1656 
1653 1657 1716 1716 1657 1719 1720 1721 1658 
1720 1658 1718 1718 1658 1655 1721 1722 1723 
1720 1722 1721 1723 1661 1660 1723 1722 1661 
1722 1724 1661 1662 1661 1725 1661 1724 1725 
1664 1726 1727 1664 1662 1726 1662 1725 1726 
1726 1728 1727 1657 1665 1719 1719 1665 1729 
1658 1721 1666 1667 1666 1721 1723 1667 1721 
1660 1667 1723 1664 1727 1668 1669 1730 1731 
1668 1730 1669 1668 1728 1730 1668 1727 1728 
1730 1732 1731 1671 1670 1733 1734 1671 1733 
1734 1735 1671 1735 1672 1671 1729 1665 1672 
1735 1729 1672 1669 1731 1673 1731 1732 1736 
1731 1736 1673 1673 1736 1674 1676 1737 1738 
1676 1674 1737 1674 1736 1737 1737 1739 1738 
1678 1677 1740 1678 1740 1741 1670 1678 1741 
1670 1741 1742 1670 1742 1733 1734 1733 1742 
1676 1738 1679 1738 1739 1743 1738 1743 1679 
1679 1743 1680 1681 1680 1744 1680 1743 1744 
1682 1745 1746 1682 1681 1745 1681 1744 1745 
1746 1747 1748 1745 1747 1746 1748 1749 1750 
1747 1749 1748 1750 1751 1752 1749 1751 1750 
1752 1684 1683 1752 1751 1684 1751 1753 1684 
1740 1677 1684 1740 1684 1754 1754 1684 1753 
1741 1740 1754 1682 1746 1685 1686 1685 1746 
1748 1686 1746 1687 1686 1748 1750 1687 1748 
1688 1687 1750 1752 1688 1750 1683 1688 1752 
1755 1756 1757 1755 1690 1689 1755 1689 1756 
1756 1689 1758 1692 1759 1689 1689 1759 1758 
1694 1760 1692 1692 1760 1759 1695 1761 1694 
1694 1761 1760 1696 1762 1695 1695 1762 1761 
1697 1763 1696 1696 1763 1762 1763 1697 1698 
1764 1763 1698 1699 1765 1766 1700 1699 1766 
1701 1767 1699 1699 1767 1765 1702 1768 1701 
1701 1768 1767 1757 1703 1755 1757 1768 1703 
1768 1702 1703 1690 1755 1703 1698 1769 1764 
1704 1769 1698 1705 1770 1704 1704 1770 1769 
1706 1771 1772 1706 1772 1705 1705 1772 1770 
1772 1771 1773 1774 1775 1776 1774 1708 1707 
1774 1707 1775 1775 1707 1777 1766 1707 1700 
1777 1707 1766 1706 1709 1771 1771 1709 1710 
1771 1710 1773 1773 1710 1778 1712 1779 1780 
1713 1712 1780 1776 1714 1774 1776 1779 1714 
1779 1712 1714 1708 1774 1714 1710 1781 1778 
1715 1781 1710 1781 1715 1716 1782 1781 1716 
1717 1783 1784 1718 1717 1784 1780 1717 1713 
1783 1717 1780 1716 1719 1782 1782 1719 1785 
1718 1784 1786 1720 1718 1786 1722 1720 1787 
1720 1786 1787 1724 1722 1788 1722 1787 1788 
1725 1724 1789 1724 1788 1789 1726 1725 1790 
1725 1789 1790 1790 1728 1726 1791 1728 1790 
1719 1729 1785 1785 1729 1792 1728 1791 1793 
1730 1728 1793 1732 1794 1795 1732 1730 1794 
1730 1793 1794 1794 1796 1795 1735 1797 1798 
1734 1797 1735 1792 1729 1735 1798 1792 1735 
1732 1795 1736 1795 1796 1799 1795 1799 1736 
1736 1799 1737 1739 1800 1801 1739 1737 1800 
1737 1799 1800 1800 1802 1801 1742 1803 1804 
1741 1803 1742 1797 1734 1742 1804 1797 1742 
1739 1801 1743 1801 1802 1805 1801 1805 1743 
1743 1805 1744 1745 1744 1806 1744 1805 1806 
1747 1745 1807 1745 1806 1807 1749 1747 1808 
1747 1807 1808 1751 1749 1809 1749 1808 1809 
1753 1751 1810 1751 1809 1810 1754 1753 1811 
1753 1810 1811 1803 1741 1754 1811 1803 1754 
1756 1812 1757 1756 1758 1813 1812 1756 1813 
1814 1813 1758 1814 1758 1815 1815 1758 1759 
1760 1816 1759 1759 1816 1815 1761 1817 1760 
1760 1817 1816 1762 1818 1761 1761 1818 1817 
1763 1819 1762 1762 1819 1818 1819 1763 1764 
1820 1819 1764 1821 1822 1823 1821 1766 1765 
1821 1765 1822 1822 1765 1824 1767 1825 1765 
1765 1825 1824 1768 1826 1767 1767 1826 1825 
1812 1768 1757 1812 1827 1768 1827 1826 1768 
1813 1827 1812 1828 1827 1813 1814 1828 1813 
1764 1829 1820 1769 1829 1764 1770 1830 1769 
1769 1830 1829 1831 1832 1830 1831 1830 1772 
1772 1830 1770 1772 1773 1831 1775 1833 1834 
1776 1775 1834 1823 1777 1821 1823 1833 1777 
1833 1775 1777 1766 1821 1777 1831 1835 1832 
1835 1831 1773 1835 1773 1836 1836 1773 1778 
1837 1838 1839 1837 1780 1779 1837 1779 1838 
1838 1779 1840 1834 1779 1776 1840 1779 1834 
1778 1841 1836 1781 1841 1778 1841 1781 1782 
1842 1841 1782 1783 1837 1839 1783 1839 1784 
1784 1839 1843 1780 1837 1783 1844 1845 1846 
1845 1847 1848 1844 1847 1845 1848 1849 1850 
1847 1849 1848 1849 1851 1850 1782 1785 1842 
1842 1785 1852 1784 1843 1853 1786 1784 1853 
1846 1845 1787 1846 1787 1853 1853 1787 1786 
1788 1787 1845 1848 1788 1845 1789 1788 1848 
1850 1789 1848 1850 1851 1854 1850 1854 1789 
1789 1854 1790 1791 1855 1856 1791 1790 1855 
1790 1854 1855 1855 1857 1856 1785 1792 1852 
1852 1792 1858 1791 1856 1793 1856 1857 1859 
1856 1859 1793 1793 1859 1794 1859 1796 1794 
1860 1796 1859 1798 1861 1862 1797 1861 1798 
1858 1792 1798 1862 1858 1798 1796 1860 1863 
1799 1796 1863 1800 1799 1864 1799 1863 1864 
1802 1865 1866 1802 1800 1865 1800 1864 1865 
1865 1867 1866 1868 1869 1870 1868 1804 1803 
1868 1870 1804 1870 1871 1804 1861 1797 1804 
1871 1861 1804 1802 1866 1805 1866 1867 1872 
1866 1872 1805 1805 1872 1806 1807 1806 1873 
1806 1872 1873 1808 1807 1874 1807 1873 1874 
1809 1808 1875 1808 1874 1875 1810 1809 1876 
1809 1875 1876 1869 1868 1811 1869 1811 1876 
1876 1811 1810 1803 1811 1868 1815 1877 1878 
1814 1815 1878 1816 1879 1815 1815 1879 1877 
1817 1880 1816 1816 1880 1879 1818 1881 1817 
1817 1881 1880 1819 1882 1818 1818 1882 1881 
1820 1883 1884 1820 1884 1819 1819 1884 1882 
1884 1883 1885 1822 1886 1887 1823 1822 1887 
1824 1888 1822 1822 1888 1886 1825 1889 1824 
1824 1889 1888 1826 1890 1825 1825 1890 1889 
1827 1891 1826 1826 1891 1890 1828 1892 1827 
1827 1892 1891 1878 1828 1814 1892 1828 1878 
1820 1829 1883 1883 1893 1885 1883 1829 1893 
1829 1830 1893 1893 1830 1832 1894 1893 1832 
1895 1896 1897 1895 1834 1833 1895 1833 1896 
1896 1833 1898 1887 1833 1823 1898 1833 1887 
1832 1899 1894 1835 1899 1832 1899 1835 1836 
1900 1899 1836 1838 1901 1902 1839 1838 1902 
1897 1840 1895 1897 1901 1840 1901 1838 1840 
1834 1895 1840 1836 1903 1900 1841 1903 1836 
1903 1841 1842 1904 1903 1842 1905 1906 1843 
1905 1843 1902 1902 1843 1839 1906 1844 1846 
1906 1905 1844 1905 1907 1844 1847 1844 1908 
1844 1907 1908 1849 1847 1909 1847 1908 1909 
1851 1910 1911 1851 1849 1910 1849 1909 1910 
1910 1912 1911 1842 1852 1904 1904 1852 1913 
1843 1906 1853 1846 1853 1906 1851 1911 1854 
1911 1912 1914 1911 1914 1854 1854 1914 1855 
1914 1857 1855 1915 1857 1914 1852 1858 1913 
1913 1858 1916 1857 1915 1917 1859 1857 1917 
1860 1918 1919 1860 1859 1918 1859 1917 1918 
1918 1920 1919 1862 1921 1922 1861 1921 1862 
1916 1858 1862 1922 1916 1862 1860 1919 1863 
1919 1920 1923 1919 1923 1863 1863 1923 1864 
1865 1864 1924 1864 1923 1924 1924 1867 1865 
1925 1867 1924 1870 1926 1927 1869 1926 1870 
1871 1870 1928 1870 1927 1928 1921 1861 1871 
1928 1921 1871 1867 1925 1929 1872 1867 1929 
1873 1872 1930 1872 1929 1930 1874 1873 1931 
1873 1930 1931 1875 1874 1932 1874 1931 1932 
1876 1875 1933 1875 1932 1933 1926 1869 1876 
1933 1926 1876 1934 1935 1936 1934 1937 1938 
1935 1934 1938 1937 1939 1940 1938 1937 1940 
1940 1939 1941 1877 1942 1943 1878 1877 1943 
1879 1944 1877 1877 1944 1942 1880 1945 1879 
1879 1945 1944 1881 1946 1880 1880 1946 1945 
1882 1947 1881 1881 1947 1946 1884 1948 1882 
1882 1948 1947 1948 1884 1885 1949 1948 1885 
1950 1951 1952 1936 1951 1950 1934 1936 1950 
1934 1950 1887 1934 1887 1886 1888 1934 1886 
1937 1934 1888 1889 1937 1888 1939 1937 1889 
1939 1953 1941 1939 1889 1953 1889 1890 1953 
1891 1954 1890 1890 1954 1953 1892 1955 1891 
1891 1955 1954 1943 1892 1878 1955 1892 1943 
1885 1956 1949 1893 1956 1885 1956 1893 1894 
1957 1956 1894 1958 1959 1960 1958 1897 1896 
1958 1896 1959 1959 1896 1961 1952 1898 1950 
1952 1961 1898 1961 1896 1898 1887 1950 1898 
1894 1962 1957 1899 1962 1894 1962 1899 1900 
1963 1962 1900 1901 1958 1960 1901 1960 1902 
1902 1960 1964 1897 1958 1901 1965 1966 1967 
1966 1968 1969 1965 1968 1966 1968 1970 1969 
1900 1971 1963 1903 1971 1900 1971 1903 1904 
1972 1971 1904 1902 1964 1973 1905 1902 1973 
1967 1966 1907 1967 1907 1973 1973 1907 1905 
1908 1907 1966 1969 1908 1966 1969 1970 1974 
1969 1974 1908 1908 1974 1909 1910 1909 1975 
1909 1974 1975 1975 1912 1910 1976 1912 1975 
1904 1913 1972 1972 1913 1977 1912 1976 1978 
1914 1912 1978 1915 1979 1980 1915 1914 1979 
1914 1978 1979 1979 1981 1980 1913 1916 1977 
1977 1916 1982 1915 1980 1917 1980 1981 1983 
1980 1983 1917 1917 1983 1918 1920 1984 1985 
1920 1918 1984 1918 1983 1984 1984 1986 1985 
1922 1987 1988 1921 1987 1922 1982 1916 1922 
1988 1982 1922 1920 1985 1923 1985 1986 1989 
1985 1989 1923 1923 1989 1924 1989 1925 1924 
1990 1925 1989 1927 1991 1992 1926 1991 1927 
1928 1927 1993 1927 1992 1993 1987 1921 1928 
1993 1987 1928 1925 1990 1994 1929 1925 1994 
1930 1929 1995 1929 1994 1995 1931 1930 1996 
1930 1995 1996 1932 1931 1997 1931 1996 1997 
1933 1932 1998 1932 1997 1998 1991 1926 1933 
1998 1991 1933 1999 2000 2001 1999 2002 2003 
2000 1999 2003 2002 2004 2005 2003 2002 2005 
2005 2004 2006 1935 2007 2008 1936 1935 2008 
1938 2009 1935 1935 2009 2007 1940 2010 1938 
1938 2010 2009 1941 2011 2012 1941 2012 1940 
1940 2012 2010 2012 2011 2013 1942 2014 2015 
1943 1942 2015 2001 1944 1999 2001 2014 1944 
2014 1942 1944 1945 1999 1944 2002 1999 1945 
1946 2002 1945 2004 2002 1946 2004 2016 2006 
2004 1946 2016 1946 1947 2016 1948 2017 1947 
1947 2017 2016 2017 1948 1949 2018 2017 1949 
2019 2020 2021 2019 1952 1951 2019 1951 2020 
2020 1951 2022 2008 1951 1936 2022 1951 2008 
1941 1953 2011 2011 2023 2013 2011 1953 2023 
1953 1954 2023 1955 2024 1954 1954 2024 2023 
2015 1955 1943 2024 1955 2015 1949 2025 2018 
1956 2025 1949 2025 1956 1957 2026 2025 1957 
2027 2028 2029 2027 1960 1959 2027 1959 2028 
2028 1959 2030 2021 1961 2019 2021 2030 1961 
2030 1959 1961 1952 2019 1961 1957 2031 2026 
1962 2031 1957 2031 1962 1963 2032 2031 1963 
2027 2029 2033 2027 1964 1960 2027 2034 1964 
2027 2033 2034 2035 1964 2034 2035 1965 1967 
2035 2034 1965 2034 2036 1965 1968 1965 2037 
1965 2036 2037 1970 2038 2039 1970 1968 2038 
1968 2037 2038 2038 2040 2039 1963 2041 2032 
1971 2041 1963 2041 1971 1972 2042 2041 1972 
1964 2035 1973 1967 1973 2035 1970 2039 1974 
2039 2040 2043 2039 2043 1974 1974 2043 1975 
1976 2044 2045 1976 1975 2044 1975 2043 2044 
2044 2046 2045 1972 1977 2042 2042 1977 2047 
1976 2045 1978 2045 2046 2048 2045 2048 1978 
1978 2048 1979 2048 1981 1979 2049 1981 2048 
1977 1982 2047 2047 1982 2050 1981 2049 2051 
1983 1981 2051 1984 1983 2052 1983 2051 2052 
2052 1986 1984 2053 1986 2052 1988 2054 2055 
1987 2054 1988 2050 1982 1988 2055 2050 1988 
1986 2053 2056 1989 1986 2056 1990 2057 2058 
1990 1989 2057 1989 2056 2057 2057 2059 2058 
1992 2060 2061 1991 2060 1992 1993 1992 2062 
1992 2061 2062 2054 1987 1993 2062 2054 1993 
1990 2058 1994 2058 2059 2063 2058 2063 1994 
1994 2063 1995 1996 1995 2064 1995 2063 2064 
1997 1996 2065 1996 2064 2065 1998 1997 2066 
1997 2065 2066 2060 1991 1998 2066 2060 1998 
2000 2067 2068 2001 2000 2068 2003 2069 2000 
2000 2069 2067 2005 2070 2003 2003 2070 2069 
2070 2005 2006 2071 2070 2006 2072 2073 2074 
2072 2008 2007 2072 2007 2073 2073 2007 2075 
2009 2076 2007 2007 2076 2075 2010 2077 2009 
2009 2077 2076 2012 2078 2010 2010 2078 2077 
2013 2079 2080 2013 2080 2012 2012 2080 2078 
2079 2081 2082 2080 2079 2082 2081 2015 2014 
2081 2014 2082 2082 2014 2083 2068 2014 2001 
2083 2014 2068 2006 2084 2071 2016 2084 2006 
2017 2085 2016 2016 2085 2084 2085 2017 2018 
2086 2085 2018 2087 2088 2089 2087 2021 2020 
2087 2020 2088 2088 2020 2090 2074 2022 2072 
2074 2090 2022 2090 2020 2022 2008 2072 2022 
2013 2023 2079 2024 2079 2023 2081 2079 2024 
2015 2081 2024 2018 2091 2086 2025 2091 2018 
2091 2025 2026 2092 2091 2026 2028 2093 2094 
2029 2028 2094 2089 2030 2087 2089 2093 2030 
2093 2028 2030 2021 2087 2030 2026 2095 2092 
2031 2095 2026 2095 2031 2032 2096 2095 2032 
2029 2094 2097 2033 2029 2097 2034 2033 2098 
2033 2097 2098 2036 2034 2099 2034 2098 2099 
2037 2036 2100 2036 2099 2100 2038 2037 2101 
2037 2100 2101 2040 2102 2103 2040 2038 2102 
2038 2101 2102 2102 2104 2103 2032 2105 2096 
2041 2105 2032 2105 2041 2042 2106 2105 2042 
2040 2103 2043 2103 2104 2107 2103 2107 2043 
2043 2107 2044 2107 2046 2044 2108 2046 2107 
2042 2047 2106 2106 2047 2109 2046 2108 2110 
2048 2046 2110 2049 2111 2112 2049 2048 2111 
2048 2110 2111 2111 2113 2112 2047 2050 2109 
2109 2050 2114 2049 2112 2051 2112 2113 2115 
2112 2115 2051 2051 2115 2052 2053 2116 2117 
2053 2052 2116 2052 2115 2116 2116 2118 2117 
2119 2120 2121 2119 2055 2054 2119 2121 2055 
2121 2122 2055 2114 2050 2055 2122 2114 2055 
2053 2117 2056 2117 2118 2123 2117 2123 2056 
2056 2123 2057 2059 2124 2125 2059 2057 2124 
2057 2123 2124 2124 2126 2125 2127 2128 2129 
2127 2061 2060 2127 2129 2061 2129 2130 2061 
2120 2119 2062 2120 2062 2130 2130 2062 2061 
2054 2062 2119 2059 2125 2063 2125 2126 2131 
2125 2131 2063 2063 2131 2064 2065 2064 2132 
2064 2131 2132 2128 2127 2066 2128 2066 2132 
2132 2066 2065 2060 2066 2127 2133 2134 2135 
2134 2133 2136 2137 2138 2139 2137 2068 2067 
2137 2067 2138 2138 2067 2140 2069 2141 2067 
2067 2141 2140 2070 2142 2069 2069 2142 2141 
2142 2070 2071 2143 2142 2071 2144 2145 2146 
2135 2145 2144 2133 2135 2144 2133 2144 2074 
2133 2074 2073 2133 2147 2136 2133 2073 2147 
2073 2075 2147 2076 2148 2075 2075 2148 2147 
2077 2149 2076 2076 2149 2148 2078 2150 2077 
2077 2150 2149 2080 2151 2078 2078 2151 2150 
2082 2152 2080 2080 2152 2151 2139 2083 2137 
2139 2152 2083 2152 2082 2083 2068 2137 2083 
2071 2153 2143 2084 2153 2071 2085 2154 2084 
2084 2154 2153 2154 2085 2086 2155 2154 2086 
2156 2157 2158 2156 2089 2088 2156 2088 2157 
2157 2088 2159 2146 2090 2144 2146 2159 2090 
2159 2088 2090 2074 2144 2090 2086 2160 2155 
2091 2160 2086 2160 2091 2092 2161 2160 2092 
2093 2156 2158 2093 2158 2094 2094 2158 2162 
2089 2156 2093 2163 2164 2165 2164 2166 2167 
2163 2166 2164 2167 2168 2169 2166 2168 2167 
2169 2170 2171 2168 2170 2169 2170 2172 2171 
2092 2173 2161 2095 2173 2092 2173 2095 2096 
2174 2173 2096 2094 2162 2175 2097 2094 2175 
2165 2164 2098 2165 2098 2175 2175 2098 2097 
2099 2098 2164 2167 2099 2164 2100 2099 2167 
2169 2100 2167 2101 2100 2169 2171 2101 2169 
2171 2172 2176 2171 2176 2101 2101 2176 2102 
2176 2104 2102 2177 2104 2176 2178 2096 2105 
2178 2179 2096 2179 2174 2096 2105 2106 2178 
2104 2177 2180 2107 2104 2180 2108 2181 2182 
2108 2107 2181 2107 2180 2181 2181 2183 2182 
2184 2179 2178 2185 2179 2184 2106 2109 2184 
2178 2106 2184 2108 2182 2110 2182 2183 2186 
2182 2186 2110 2110 2186 2111 2186 2113 2111 
2187 2113 2186 2184 2188 2185 2188 2184 2109 
2188 2109 2189 2189 2109 2114 2113 2187 2190 
2115 2113 2190 2116 2115 2191 2115 2190 2191 
2118 2192 2193 2118 2116 2192 2116 2191 2192 
2192 2194 2193 2195 2196 2197 2195 2121 2120 
2195 2197 2121 2197 2198 2121 2122 2121 2199 
2121 2198 2199 2189 2114 2122 2199 2189 2122 
2118 2193 2123 2193 2194 2200 2193 2200 2123 
2123 2200 2124 2126 2201 2202 2126 2124 2201 
2124 2200 2201 2202 2203 2204 2201 2203 2202 
2204 2129 2128 2204 2203 2129 2203 2205 2129 
2196 2195 2130 2196 2130 2205 2205 2130 2129 
2120 2130 2195 2126 2202 2131 2132 2131 2202 
2204 2132 2202 2128 2132 2204 2206 2207 2208 
2206 2135 2134 2206 2134 2207 2207 2134 2209 
2136 2210 2211 2136 2211 2134 2134 2211 2209 
2210 2212 2213 2211 2210 2213 2213 2212 2214 
2215 2216 2217 2216 2215 2218 2138 2219 2220 
2139 2138 2220 2140 2221 2138 2138 2221 2219 
2141 2222 2140 2140 2222 2221 2142 2223 2141 
2141 2223 2222 2143 2224 2225 2143 2225 2142 
2142 2225 2223 2225 2224 2226 2227 2228 2229 
2208 2228 2227 2206 2208 2227 2206 2227 2146 
2206 2146 2145 2135 2206 2145 2136 2147 2210 
2148 2210 2147 2212 2210 2148 2212 2230 2214 
2212 2148 2230 2148 2149 2230 2217 2150 2215 
2217 2230 2150 2230 2149 2150 2215 2231 2218 
2215 2150 2231 2150 2151 2231 2152 2232 2151 
2151 2232 2231 2220 2152 2139 2232 2152 2220 
2143 2153 2224 2224 2233 2226 2224 2153 2233 
2153 2154 2233 2233 2154 2155 2234 2233 2155 
2235 2236 2237 2235 2158 2157 2235 2157 2236 
2236 2157 2238 2229 2159 2227 2229 2238 2159 
2238 2157 2159 2146 2227 2159 2155 2239 2234 
2160 2239 2155 2239 2160 2161 2240 2239 2161 
2235 2237 2241 2235 2162 2158 2235 2242 2162 
2235 2241 2242 2243 2162 2242 2243 2163 2165 
2243 2242 2163 2242 2244 2163 2166 2163 2245 
2163 2244 2245 2168 2166 2246 2166 2245 2246 
2170 2168 2247 2168 2246 2247 2172 2248 2249 
2172 2170 2248 2170 2247 2248 2248 2250 2249 
2251 2161 2173 2251 2252 2161 2252 2240 2161 
2173 2174 2251 2162 2243 2175 2165 2175 2243 
2172 2249 2176 2177 2253 2254 2176 2253 2177 
2176 2250 2253 2176 2249 2250 2253 2255 2254 
2256 2252 2251 2257 2252 2256 2174 2179 2256 
2251 2174 2256 2177 2254 2180 2254 2255 2258 
2254 2258 2180 2180 2258 2181 2258 2183 2181 
2259 2183 2258 2260 2257 2256 2261 2257 2260 
2179 2185 2260 2256 2179 2260 2183 2259 2262 
2186 2183 2262 2262 2187 2186 2263 2187 2262 
2264 2261 2260 2265 2261 2264 2185 2188 2266 
2185 2266 2260 2260 2266 2264 2188 2189 2266 
2187 2263 2267 2190 2187 2267 2191 2190 2268 
2190 2267 2268 2269 2268 2270 2269 2192 2268 
2192 2191 2268 2192 2269 2194 2271 2272 2273 
2271 2197 2196 2271 2273 2197 2273 2274 2197 
2265 2264 2198 2265 2198 2274 2274 2198 2197 
2199 2198 2264 2266 2199 2264 2189 2199 2266 
2269 2270 2275 2194 2269 2275 2194 2275 2200 
2200 2275 2276 2201 2200 2277 2200 2276 2277 
2203 2201 2278 2201 2277 2278 2272 2271 2205 
2272 2205 2278 2278 2205 2203 2196 2205 2271 
2279 2280 2281 2279 2282 2283 2280 2279 2283 
2282 2284 2285 2283 2282 2285 2285 2284 2286 
2287 2288 2289 2287 2208 2207 2287 2207 2288 
2288 2207 2290 2209 2291 2207 2207 2291 2290 
2211 2292 2209 2209 2292 2291 2213 2293 2211 
2211 2293 2292 2214 2294 2295 2214 2295 2213 
2213 2295 2293 2294 2217 2216 2294 2216 2295 
2295 2216 2296 2218 2297 2298 2218 2298 2216 
2216 2298 2296 2297 2299 2300 2298 2297 2300 
2281 2300 2299 2279 2281 2299 2279 2299 2220 
2279 2220 2219 2221 2279 2219 2282 2279 2221 
2222 2282 2221 2284 2282 2222 2284 2301 2286 
2284 2222 2301 2222 2223 2301 2225 2302 2223 
2223 2302 2301 2302 2225 2226 2303 2302 2226 
2304 2305 2306 2304 2307 2308 2305 2304 2308 
2289 2308 2307 2287 2289 2307 2287 2307 2229 
2287 2229 2228 2208 2287 2228 2214 2230 2294 
2217 2294 2230 2218 2231 2297 2232 2297 2231 
2299 2297 2232 2220 2299 2232 2226 2309 2303 
2233 2309 2226 2309 2233 2234 2310 2309 2234 
2311 2312 2313 2306 2312 2311 2304 2306 2311 
2304 2311 2237 2304 2237 2236 2238 2304 2236 
2307 2304 2238 2229 2307 2238 2234 2314 2310 
2239 2314 2234 2314 2239 2240 2315 2314 2240 
2311 2313 2316 2237 2311 2316 2237 2316 2241 
2241 2316 2317 2242 2241 2318 2241 2317 2318 
2244 2242 2319 2242 2318 2319 2245 2244 2320 
2244 2319 2320 2246 2245 2321 2245 2320 2321 
2247 2246 2322 2246 2321 2322 2248 2247 2323 
2247 2322 2323 2323 2250 2248 2324 2250 2323 
2240 2252 2315 2315 2252 2325 2250 2324 2326 
2253 2250 2326 2326 2255 2253 2327 2255 2326 
2252 2257 2325 2325 2257 2328 2255 2327 2329 
2258 2255 2329 2329 2259 2258 2330 2259 2329 
2257 2261 2328 2328 2261 2331 2259 2330 2332 
2262 2259 2332 2332 2263 2262 2333 2263 2332 
2261 2265 2331 2331 2265 2334 2263 2333 2335 
2267 2263 2335 2268 2267 2336 2267 2335 2336 
2336 2270 2268 2337 2270 2336 2338 2339 2340 
2338 2273 2272 2338 2340 2273 2340 2341 2273 
2274 2273 2342 2273 2341 2342 2334 2265 2274 
2342 2334 2274 2270 2337 2343 2275 2270 2343 
2276 2275 2344 2275 2343 2344 2277 2276 2345 
2276 2344 2345 2339 2338 2278 2339 2278 2345 
2345 2278 2277 2272 2278 2338 2346 2347 2348 
2347 2346 2349 2280 2350 2281 2351 2350 2280 
2351 2280 2352 2352 2280 2283 2285 2353 2283 
2283 2353 2352 2353 2285 2286 2354 2353 2286 
2355 2356 2357 2355 2289 2288 2355 2288 2356 
2356 2288 2358 2290 2359 2288 2288 2359 2358 
2291 2360 2290 2290 2360 2359 2292 2361 2291 
2291 2361 2360 2293 2362 2292 2292 2362 2361 
2295 2363 2293 2293 2363 2362 2348 2296 2346 
2348 2363 2296 2363 2295 2296 2346 2364 2349 
2346 2296 2364 2296 2298 2364 2300 2365 2298 
2298 2365 2364 2350 2300 2281 2350 2366 2300 
2366 2365 2300 2351 2366 2350 2286 2367 2354 
2301 2367 2286 2302 2368 2301 2301 2368 2367 
2368 2302 2303 2369 2368 2303 2305 2370 2371 
2306 2305 2371 2357 2308 2355 2357 2370 2308 
2370 2305 2308 2289 2355 2308 2303 2372 2369 
2309 2372 2303 2372 2309 2310 2373 2372 2310 
2312 2374 2313 2312 2375 2374 2312 2306 2375 
2306 2371 2375 2376 2377 2378 2376 2379 2380 
2378 2379 2376 2380 2381 2382 2379 2381 2380 
2382 2383 2384 2381 2383 2382 2384 2385 2386 
2383 2385 2384 2385 2387 2386 2388 2310 2314 
2388 2389 2310 2389 2373 2310 2314 2315 2388 
2313 2374 2316 2374 2375 2390 2374 2390 2316 
2316 2390 2317 2377 2376 2318 2377 2318 2390 
2390 2318 2317 2319 2318 2376 2380 2319 2376 
2320 2319 2380 2382 2320 2380 2321 2320 2382 
2384 2321 2382 2322 2321 2384 2386 2322 2384 
2386 2387 2391 2386 2391 2322 2322 2391 2323 
2324 2392 2393 2324 2323 2392 2323 2391 2392 
2392 2394 2393 2388 2395 2389 2395 2388 2315 
2395 2315 2396 2396 2315 2325 2324 2393 2326 
2327 2397 2398 2326 2397 2327 2326 2394 2397 
2326 2393 2394 2397 2399 2398 2325 2328 2396 
2396 2328 2400 2327 2398 2329 2330 2401 2402 
2329 2401 2330 2329 2399 2401 2329 2398 2399 
2401 2403 2402 2328 2331 2400 2400 2331 2404 
2330 2402 2332 2333 2405 2406 2332 2405 2333 
2332 2403 2405 2332 2402 2403 2405 2407 2406 
2331 2334 2404 2404 2334 2408 2333 2406 2335 
2406 2407 2409 2406 2409 2335 2335 2409 2336 
2337 2410 2411 2337 2336 2410 2336 2409 2410 
2411 2412 2413 2410 2412 2411 2413 2414 2415 
2412 2414 2413 2415 2340 2339 2415 2414 2340 
2414 2416 2340 2341 2340 2417 2340 2416 2417 
2342 2341 2418 2341 2417 2418 2408 2334 2342 
2418 2408 2342 2337 2411 2343 2344 2343 2411 
2413 2344 2411 2345 2344 2413 2415 2345 2413 
2339 2345 2415 2419 2420 2421 2420 2419 2422 
2423 2424 2425 2423 2426 2427 2424 2423 2427 
2426 2428 2429 2427 2426 2429 2428 2430 2431 
2429 2428 2431 2430 2432 2433 2431 2430 2433 
2432 2434 2435 2433 2432 2435 2434 2348 2347 
2434 2347 2435 2435 2347 2436 2349 2437 2438 
2349 2438 2347 2347 2438 2436 2437 2439 2440 
2438 2437 2440 2439 2441 2442 2440 2439 2442 
2421 2442 2441 2419 2421 2441 2419 2441 2351 
2419 2351 2352 2419 2443 2422 2419 2352 2443 
2352 2353 2443 2354 2444 2445 2354 2445 2353 
2353 2445 2443 2445 2444 2446 2447 2448 2449 
2447 2357 2356 2447 2356 2448 2448 2356 2450 
2425 2358 2423 2425 2450 2358 2450 2356 2358 
2359 2423 2358 2426 2423 2359 2360 2426 2359 
2428 2426 2360 2361 2428 2360 2430 2428 2361 
2362 2430 2361 2432 2430 2362 2363 2432 2362 
2434 2432 2363 2348 2434 2363 2349 2364 2437 
2365 2437 2364 2439 2437 2365 2366 2439 2365 
2441 2439 2366 2351 2441 2366 2354 2367 2444 
2444 2451 2446 2444 2367 2451 2367 2368 2451 
2451 2368 2369 2452 2451 2369 2453 2454 2455 
2449 2454 2453 2447 2449 2453 2447 2453 2371 
2447 2371 2370 2357 2447 2370 2369 2456 2452 
2372 2456 2369 2456 2372 2373 2457 2456 2373 
2453 2455 2458 2453 2375 2371 2453 2459 2375 
2453 2458 2459 2460 2375 2459 2460 2378 2377 
2460 2459 2378 2459 2461 2378 2379 2378 2462 
2378 2461 2462 2381 2379 2463 2379 2462 2463 
2383 2381 2464 2381 2463 2464 2385 2383 2465 
2383 2464 2465 2387 2466 2467 2387 2385 2466 
2385 2465 2466 2466 2468 2467 2373 2389 2457 
2457 2389 2469 2375 2460 2390 2377 2390 2460 
2387 2467 2391 2467 2468 2470 2467 2470 2391 
2391 2470 2392 2470 2394 2392 2471 2394 2470 
2389 2472 2469 2395 2472 2389 2472 2395 2396 
2473 2472 2396 2394 2471 2474 2397 2394 2474 
2474 2399 2397 2475 2399 2474 2396 2400 2473 
2473 2400 2476 2399 2475 2477 2401 2399 2477 
2403 2478 2479 2403 2401 2478 2401 2477 2478 
2478 2480 2479 2400 2404 2476 2476 2404 2481 
2403 2479 2405 2407 2482 2483 2405 2482 2407 
2405 2480 2482 2405 2479 2480 2483 2484 2485 
2482 2484 2483 2485 2486 2487 2484 2486 2485 
2487 2488 2489 2486 2488 2487 2489 2490 2491 
2488 2490 2489 2491 2492 2493 2490 2492 2491 
2493 2494 2495 2492 2494 2493 2495 2494 2481 
2495 2481 2408 2408 2481 2404 2407 2483 2409 
2410 2409 2483 2485 2410 2483 2412 2410 2485 
2487 2412 2485 2414 2412 2487 2489 2414 2487 
2416 2414 2489 2491 2416 2489 2417 2416 2491 
2493 2417 2491 2418 2417 2493 2495 2418 2493 
2408 2418 2495 2496 2497 2498 2496 2499 2500 
2497 2496 2500 2499 2501 2502 2500 2499 2502 
2501 2503 2504 2502 2501 2504 2504 2503 2505 
2420 2506 2507 2421 2420 2507 2506 2420 2422 
2508 2506 2422 2509 2510 2511 2509 2512 2513 
2510 2509 2513 2512 2514 2515 2513 2512 2515 
2514 2425 2424 2514 2424 2515 2515 2424 2516 
2427 2517 2424 2424 2517 2516 2429 2518 2427 
2427 2518 2517 2431 2519 2429 2429 2519 2518 
2498 2433 2496 2498 2519 2433 2519 2431 2433 
2435 2496 2433 2499 2496 2435 2436 2499 2435 
2501 2499 2436 2438 2501 2436 2503 2501 2438 
2503 2520 2505 2503 2438 2520 2438 2440 2520 
2442 2521 2440 2440 2521 2520 2507 2442 2421 
2521 2442 2507 2422 2522 2508 2443 2522 2422 
2445 2523 2443 2443 2523 2522 2523 2445 2446 
2524 2523 2446 2525 2509 2511 2526 2525 2511 
2448 2525 2449 2448 2512 2525 2512 2509 2525 
2450 2512 2448 2514 2512 2450 2425 2514 2450 
2446 2527 2524 2451 2527 2446 2527 2451 2452 
2528 2527 2452 2529 2530 2531 2529 2532 2533 
2530 2529 2533 2526 2533 2532 2525 2526 2532 
2525 2532 2455 2525 2455 2454 2449 2525 2454 
2534 2535 2536 2534 2537 2538 2536 2537 2534 
2538 2539 2540 2537 2539 2538 2539 2541 2540 
2452 2542 2528 2456 2542 2452 2542 2456 2457 
2543 2542 2457 2529 2531 2544 2532 2529 2544 
2545 2532 2544 2455 2532 2545 2455 2545 2458 
2458 2545 2546 2459 2458 2547 2458 2546 2547 
2461 2459 2548 2459 2547 2548 2535 2534 2462 
2535 2462 2548 2548 2462 2461 2463 2462 2534 
2538 2463 2534 2464 2463 2538 2540 2464 2538 
2540 2541 2549 2540 2549 2464 2464 2549 2465 
2466 2465 2550 2465 2549 2550 2550 2468 2466 
2551 2468 2550 2457 2469 2543 2543 2469 2552 
2468 2551 2553 2470 2468 2553 2553 2471 2470 
2554 2471 2553 2555 2469 2472 2555 2556 2469 
2556 2552 2469 2472 2473 2555 2471 2554 2557 
2474 2471 2557 2557 2475 2474 2558 2475 2557 
2559 2556 2555 2560 2556 2559 2473 2476 2559 
2555 2473 2559 2475 2558 2561 2477 2475 2561 
2478 2477 2562 2477 2561 2562 2480 2563 2564 
2480 2478 2563 2478 2562 2563 2563 2565 2564 
2559 2566 2560 2566 2559 2476 2566 2476 2567 
2567 2476 2481 2480 2564 2482 2564 2565 2568 
2564 2568 2482 2482 2568 2484 2486 2484 2569 
2484 2568 2569 2488 2486 2570 2486 2569 2570 
2490 2488 2571 2488 2570 2571 2492 2490 2572 
2490 2571 2572 2494 2492 2573 2492 2572 2573 
2567 2481 2494 2573 2567 2494 2574 2575 2576 
2574 2577 2578 2575 2574 2578 2578 2577 2579 
2580 2581 2582 2580 2583 2584 2581 2580 2584 
2583 2585 2586 2584 2583 2586 2585 2587 2588 
2586 2585 2588 2587 2498 2497 2587 2497 2588 
2588 2497 2589 2576 2500 2574 2576 2589 2500 
2589 2497 2500 2502 2574 2500 2577 2574 2502 
2577 2590 2579 2577 2502 2590 2502 2504 2590 
2505 2591 2592 2505 2592 2504 2504 2592 2590 
2591 2593 2594 2592 2591 2594 2593 2507 2506 
2593 2506 2594 2594 2506 2595 2595 2506 2508 
2596 2595 2508 2597 2598 2599 2597 2511 2510 
2597 2510 2598 2598 2510 2600 2513 2601 2510 
2510 2601 2600 2515 2602 2513 2513 2602 2601 
2582 2516 2580 2582 2602 2516 2602 2515 2516 
2517 2580 2516 2583 2580 2517 2518 2583 2517 
2585 2583 2518 2519 2585 2518 2587 2585 2519 
2498 2587 2519 2505 2520 2591 2521 2591 2520 
2593 2591 2521 2507 2593 2521 2508 2603 2596 
2522 2603 2508 2523 2604 2522 2522 2604 2603 
2604 2523 2524 2605 2604 2524 2606 2607 2608 
2599 2607 2606 2599 2606 2597 2597 2606 2609 
2511 2609 2526 2597 2609 2511 2524 2610 2605 
2527 2610 2524 2610 2527 2528 2611 2610 2528 
2530 2612 2531 2606 2608 2613 2609 2606 2614 
2606 2613 2614 2615 2530 2533 2615 2612 2530 
2615 2526 2616 2615 2533 2526 2616 2526 2617 
2609 2614 2526 2617 2526 2614 2617 2618 2616 
2619 2620 2621 2619 2536 2535 2619 2621 2536 
2621 2622 2536 2537 2536 2623 2536 2622 2623 
2539 2537 2624 2537 2623 2624 2541 2625 2626 
2541 2539 2625 2539 2624 2625 2625 2627 2626 
2628 2528 2542 2628 2629 2528 2629 2611 2528 
2542 2543 2628 2531 2612 2544 2545 2544 2612 
2615 2545 2612 2546 2545 2615 2616 2546 2615 
2616 2618 2630 2616 2630 2546 2546 2630 2547 
2620 2619 2548 2620 2548 2630 2630 2548 2547 
2535 2548 2619 2541 2626 2549 2626 2627 2631 
2626 2631 2549 2549 2631 2550 2551 2632 2633 
2551 2550 2632 2550 2631 2632 2632 2634 2633 
2628 2635 2629 2635 2628 2543 2635 2543 2636 
2636 2543 2552 2551 2633 2553 2554 2637 2638 
2553 2637 2554 2553 2634 2637 2553 2633 2634 
2637 2639 2638 2552 2556 2636 2636 2556 2640 
2554 2638 2557 2558 2641 2642 2557 2641 2558 
2557 2639 2641 2557 2638 2639 2641 2643 2642 
2556 2560 2640 2640 2560 2644 2558 2642 2561 
2642 2643 2645 2642 2645 2561 2561 2645 2562 
2563 2562 2646 2562 2645 2646 2646 2565 2563 
2647 2565 2646 2648 2649 2650 2648 2651 2652 
2650 2651 2648 2652 2653 2654 2651 2653 2652 
2653 2655 2654 2656 2560 2566 2656 2657 2560 
2657 2644 2560 2566 2567 2656 2565 2647 2658 
2568 2565 2658 2649 2648 2569 2649 2569 2658 
2658 2569 2568 2570 2569 2648 2652 2570 2648 
2571 2570 2652 2654 2571 2652 2654 2655 2659 
2654 2659 2571 2571 2659 2572 2657 2656 2573 
2657 2573 2659 2659 2573 2572 2567 2573 2656 
2660 2661 2662 2660 2663 2664 2661 2660 2664 
2664 2663 2665 2666 2667 2668 2666 2669 2670 
2667 2666 2670 2670 2669 2671 2672 2673 2674 
2662 2673 2672 2660 2662 2672 2660 2672 2576 
2660 2576 2575 2578 2660 2575 2663 2660 2578 
2579 2675 2676 2578 2579 2676 2578 2676 2665 
2578 2665 2663 2675 2677 2678 2676 2675 2678 
2677 2679 2680 2678 2677 2680 2680 2679 2681 
2682 2683 2684 2682 2685 2686 2683 2682 2686 
2685 2687 2688 2686 2685 2688 2687 2689 2690 
2688 2687 2690 2689 2582 2581 2689 2581 2690 
2690 2581 2691 2668 2584 2666 2668 2691 2584 
2691 2581 2584 2586 2666 2584 2669 2666 2586 
2669 2692 2671 2669 2586 2692 2586 2588 2692 
2674 2589 2672 2674 2692 2589 2692 2588 2589 
2576 2672 2589 2579 2590 2675 2592 2675 2590 
2677 2675 2592 2594 2677 2592 2679 2677 2594 
2679 2693 2681 2679 2594 2693 2594 2595 2693 
2693 2595 2596 2694 2693 2596 2695 2696 2697 
2684 2696 2695 2682 2684 2695 2682 2695 2599 
2682 2599 2598 2600 2682 2598 2685 2682 2600 
2601 2685 2600 2687 2685 2601 2602 2687 2601 
2689 2687 2602 2582 2689 2602 2596 2698 2694 
2603 2698 2596 2699 2700 2698 2699 2698 2604 
2604 2698 2603 2604 2605 2699 2607 2695 2697 
2607 2697 2608 2608 2697 2701 2599 2695 2607 
2702 2703 2704 2702 2705 2706 2704 2705 2702 
2706 2707 2708 2705 2707 2706 2708 2709 2710 
2707 2709 2708 2709 2711 2710 2699 2712 2700 
2713 2714 2712 2610 2713 2712 2610 2712 2699 
2610 2699 2605 2610 2611 2713 2608 2701 2715 
2613 2608 2715 2614 2613 2716 2613 2715 2716 
2617 2614 2717 2614 2716 2717 2618 2718 2719 
2618 2617 2718 2617 2717 2718 2703 2719 2718 
2702 2719 2703 2702 2620 2719 2702 2621 2620 
2622 2621 2702 2706 2622 2702 2623 2622 2706 
2708 2623 2706 2624 2623 2708 2710 2624 2708 
2710 2711 2720 2710 2720 2624 2624 2720 2625 
2627 2721 2722 2627 2625 2721 2625 2720 2721 
2721 2723 2722 2713 2724 2714 2724 2713 2611 
2724 2611 2725 2725 2611 2629 2618 2719 2630 
2620 2630 2719 2627 2722 2631 2722 2723 2726 
2722 2726 2631 2631 2726 2632 2726 2634 2632 
2727 2634 2726 2629 2728 2725 2635 2728 2629 
2728 2635 2636 2729 2728 2636 2634 2727 2730 
2637 2634 2730 2730 2639 2637 2731 2639 2730 
2636 2640 2729 2729 2640 2732 2639 2731 2733 
2641 2639 2733 2643 2734 2735 2643 2641 2734 
2641 2733 2734 2734 2736 2735 2640 2644 2732 
2732 2644 2737 2643 2735 2645 2735 2736 2738 
2735 2738 2645 2645 2738 2646 2647 2739 2740 
2647 2646 2739 2646 2738 2739 2740 2650 2649 
2740 2739 2650 2739 2741 2650 2651 2650 2742 
2650 2741 2742 2653 2651 2743 2651 2742 2743 
2655 2744 2745 2655 2653 2744 2653 2743 2744 
2745 2744 2737 2745 2737 2657 2657 2737 2644 
2647 2740 2658 2649 2658 2740 2655 2745 2659 
2657 2659 2745 2746 2747 2748 2746 2749 2750 
2747 2746 2750 2749 2751 2752 2750 2749 2752 
2752 2751 2753 2754 2755 2756 2754 2757 2758 
2755 2754 2758 2748 2759 2746 2758 2757 2760 
2759 2761 2762 2759 2762 2746 2746 2762 2749 
2661 2762 2662 2661 2751 2762 2751 2749 2762 
2751 2763 2753 2751 2661 2763 2661 2664 2763 
2665 2764 2765 2665 2765 2664 2664 2765 2763 
2765 2764 2766 2767 2768 2769 2767 2770 2771 
2768 2767 2771 2770 2772 2773 2771 2770 2773 
2772 2774 2775 2773 2772 2775 2756 2775 2774 
2754 2756 2774 2754 2774 2668 2754 2668 2667 
2670 2754 2667 2757 2754 2670 2671 2776 2777 
2670 2671 2777 2670 2777 2760 2670 2760 2757 
2761 2777 2776 2762 2761 2776 2762 2776 2674 
2762 2674 2673 2662 2762 2673 2665 2676 2764 
2764 2778 2766 2764 2676 2778 2676 2678 2778 
2680 2779 2678 2678 2779 2778 2779 2680 2681 
2780 2779 2681 2781 2782 2783 2781 2684 2683 
2781 2683 2782 2782 2683 2784 2769 2686 2767 
2769 2784 2686 2784 2683 2686 2688 2767 2686 
2770 2767 2688 2690 2770 2688 2772 2770 2690 
2691 2772 2690 2774 2772 2691 2668 2774 2691 
2671 2692 2776 2674 2776 2692 2681 2785 2780 
2693 2785 2681 2785 2693 2694 2786 2785 2694 
2696 2781 2783 2696 2783 2697 2697 2783 2787 
2684 2781 2696 2788 2789 2790 2788 2791 2792 
2790 2791 2788 2791 2793 2792 2694 2794 2786 
2698 2794 2694 2794 2698 2700 2795 2794 2700 
2796 2797 2701 2796 2701 2787 2787 2701 2697 
2797 2798 2799 2796 2798 2797 2798 2800 2799 
2801 2802 2803 2789 2801 2803 2788 2801 2789 
2788 2703 2801 2788 2704 2703 2705 2704 2788 
2792 2705 2788 2792 2793 2804 2792 2804 2705 
2705 2804 2707 2709 2707 2805 2707 2804 2805 
2805 2711 2709 2806 2711 2805 2700 2807 2795 
2712 2807 2700 2807 2712 2714 2808 2807 2714 
2701 2797 2715 2716 2715 2797 2799 2716 2797 
2799 2800 2809 2799 2809 2716 2716 2809 2717 
2802 2801 2718 2802 2718 2809 2809 2718 2717 
2703 2718 2801 2711 2806 2810 2720 2711 2810 
2721 2720 2811 2720 2810 2811 2811 2723 2721 
2812 2723 2811 2714 2813 2808 2724 2813 2714 
2813 2724 2725 2814 2813 2725 2723 2812 2815 
2726 2723 2815 2727 2816 2817 2727 2726 2816 
2726 2815 2816 2816 2818 2817 2819 2725 2728 
2819 2820 2725 2820 2814 2725 2728 2729 2819 
2727 2817 2730 2731 2821 2822 2730 2821 2731 
2730 2818 2821 2730 2817 2818 2821 2823 2822 
2824 2820 2819 2825 2820 2824 2729 2732 2824 
2819 2729 2824 2731 2822 2733 2822 2823 2826 
2822 2826 2733 2733 2826 2734 2736 2827 2828 
2736 2734 2827 2734 2826 2827 2827 2829 2828 
2824 2830 2825 2830 2824 2732 2830 2732 2831 
2831 2732 2737 2736 2828 2738 2828 2829 2832 
2828 2832 2738 2738 2832 2739 2741 2739 2833 
2739 2832 2833 2742 2741 2834 2741 2833 2834 
2743 2742 2835 2742 2834 2835 2744 2743 2836 
2743 2835 2836 2831 2737 2744 2836 2831 2744 
2837 2838 2839 2837 2840 2841 2838 2837 2841 
2840 2842 2843 2841 2840 2843 2843 2842 2844 
2845 2846 2847 2845 2848 2849 2846 2845 2849 
2839 2849 2848 2839 2848 2837 2837 2848 2850 
2840 2837 2851 2851 2837 2850 2842 2840 2852 
2852 2840 2851 2853 2844 2842 2853 2842 2854 
2854 2842 2852 2854 2855 2856 2853 2854 2856 
2856 2855 2857 2858 2845 2847 2859 2858 2847 
2848 2845 2860 2860 2845 2858 2850 2848 2861 
2861 2848 2860 2851 2850 2862 2862 2850 2861 
2852 2851 2863 2863 2851 2862 2747 2863 2748 
2747 2854 2863 2854 2852 2863 2750 2854 2747 
2855 2854 2750 2855 2864 2857 2855 2750 2864 
2750 2752 2864 2753 2865 2866 2753 2866 2752 
2752 2866 2864 2866 2865 2867 2868 2869 2870 
2859 2869 2868 2859 2868 2858 2858 2868 2871 
2860 2858 2872 2872 2858 2871 2861 2860 2873 
2873 2860 2872 2755 2873 2756 2755 2862 2873 
2862 2861 2873 2758 2862 2755 2863 2862 2758 
2760 2863 2758 2760 2874 2863 2748 2863 2759 
2759 2863 2874 2759 2874 2761 2753 2763 2865 
2865 2875 2867 2865 2763 2875 2763 2765 2875 
2766 2876 2877 2766 2877 2765 2765 2877 2875 
2877 2876 2878 2879 2880 2881 2870 2880 2879 
2868 2870 2879 2868 2879 2769 2868 2769 2768 
2771 2868 2768 2871 2868 2771 2773 2871 2771 
2872 2871 2773 2775 2872 2773 2873 2872 2775 
2756 2873 2775 2760 2777 2874 2761 2874 2777 
2766 2778 2876 2876 2882 2878 2876 2778 2882 
2778 2779 2882 2882 2779 2780 2883 2882 2780 
2782 2884 2885 2783 2782 2885 2881 2784 2879 
2881 2884 2784 2884 2782 2784 2769 2879 2784 
2780 2886 2883 2785 2886 2780 2886 2785 2786 
2887 2886 2786 2888 2889 2890 2888 2885 2889 
2888 2787 2885 2787 2783 2885 2891 2892 2893 
2891 2790 2789 2891 2893 2790 2893 2894 2790 
2791 2790 2895 2790 2894 2895 2793 2896 2897 
2793 2791 2896 2791 2895 2896 2896 2898 2897 
2786 2899 2887 2794 2899 2786 2899 2794 2795 
2900 2899 2795 2888 2890 2901 2787 2888 2901 
2787 2901 2796 2796 2901 2902 2798 2796 2903 
2796 2902 2903 2800 2904 2905 2800 2798 2904 
2798 2903 2904 2892 2905 2904 2891 2905 2892 
2891 2802 2905 2891 2803 2802 2789 2803 2891 
2793 2897 2804 2897 2898 2906 2897 2906 2804 
2804 2906 2805 2806 2907 2908 2806 2805 2907 
2805 2906 2907 2907 2909 2908 2795 2910 2900 
2807 2910 2795 2910 2807 2808 2911 2910 2808 
2800 2905 2809 2802 2809 2905 2806 2908 2810 
2908 2909 2912 2908 2912 2810 2810 2912 2811 
2912 2812 2811 2913 2812 2912 2808 2914 2911 
2813 2914 2808 2914 2813 2814 2915 2914 2814 
2812 2913 2916 2815 2812 2916 2816 2815 2917 
2815 2916 2917 2917 2818 2816 2918 2818 2917 
2814 2820 2915 2915 2820 2919 2818 2918 2920 
2821 2818 2920 2823 2921 2922 2823 2821 2921 
2821 2920 2921 2921 2923 2922 2820 2825 2919 
2919 2825 2924 2823 2922 2826 2922 2923 2925 
2922 2925 2826 2826 2925 2827 2829 2926 2927 
2829 2827 2926 2827 2925 2926 2927 2928 2929 
2926 2928 2927 2929 2930 2931 2928 2930 2929 
2931 2932 2933 2930 2932 2931 2830 2934 2933 
2830 2933 2924 2830 2924 2825 2932 2924 2933 
2830 2831 2934 2829 2927 2832 2833 2832 2927 
2929 2833 2927 2834 2833 2929 2931 2834 2929 
2835 2834 2931 2933 2835 2931 2836 2835 2933 
2934 2836 2933 2831 2836 2934 2935 2936 2937 
2935 2938 2939 2936 2935 2939 2938 2940 2941 
2939 2938 2941 2941 2940 2942 2943 2944 2945 
2943 2946 2947 2944 2943 2947 2946 2948 2949 
2947 2946 2949 2937 2949 2948 2937 2948 2935 
2935 2948 2950 2938 2935 2951 2951 2935 2950 
2940 2938 2952 2952 2938 2951 2953 2942 2940 
2953 2940 2954 2954 2940 2952 2954 2955 2956 
2953 2954 2956 2956 2955 2957 2958 2959 2960 
2958 2961 2962 2959 2958 2962 2945 2962 2961 
2945 2961 2943 2943 2961 2963 2946 2943 2964 
2964 2943 2963 2948 2946 2965 2965 2946 2964 
2950 2948 2966 2966 2948 2965 2838 2966 2839 
2838 2951 2966 2951 2950 2966 2841 2951 2838 
2952 2951 2841 2843 2952 2841 2954 2952 2843 
2844 2954 2843 2844 2967 2954 2967 2955 2954 
2968 2957 2955 2968 2955 2969 2969 2955 2967 
2968 2969 2970 2958 2960 2971 2971 2972 2973 
2971 2973 2958 2958 2973 2961 2963 2961 2974 
2974 2961 2973 2964 2963 2975 2975 2963 2974 
2846 2975 2847 2846 2965 2975 2965 2964 2975 
2849 2965 2846 2966 2965 2849 2839 2966 2849 
2844 2853 2967 2856 2967 2853 2969 2967 2856 
2857 2976 2977 2856 2857 2977 2856 2977 2970 
2856 2970 2969 2976 2978 2979 2977 2976 2979 
2979 2978 2980 2981 2973 2972 2982 2981 2972 
2974 2973 2983 2983 2973 2981 2975 2974 2984 
2984 2974 2983 2847 2984 2859 2975 2984 2847 
2857 2864 2976 2866 2976 2864 2978 2976 2866 
2867 2985 2986 2866 2867 2986 2866 2986 2980 
2866 2980 2978 2986 2985 2987 2988 2981 2982 
2989 2988 2982 2983 2981 2990 2990 2981 2988 
2869 2990 2870 2869 2984 2990 2984 2983 2990 
2859 2984 2869 2867 2875 2985 2985 2991 2987 
2985 2875 2991 2875 2877 2991 2991 2877 2878 
2992 2991 2878 2988 2989 2993 2880 2994 2881 
2880 2988 2994 2880 2990 2988 2988 2993 2994 
2870 2990 2880 2878 2995 2992 2882 2995 2878 
2995 2882 2883 2996 2995 2883 2884 2997 2885 
2884 2998 2997 2884 2881 2998 2881 2994 2998 
2999 3000 3001 2999 3002 3003 3001 3002 2999 
3003 3004 3005 3002 3004 3003 3004 3006 3005 
2883 3007 2996 2886 3007 2883 3007 2886 2887 
3008 3007 2887 2889 3009 2890 2889 2885 2997 
2889 2997 3009 3009 2997 3010 3011 2997 2998 
3011 3012 2997 3012 3010 2997 3012 3013 3014 
3011 3013 3012 3000 3014 3013 2999 3014 3000 
2999 2892 3014 2999 2893 2892 2894 2893 2999 
3003 2894 2999 2895 2894 3003 3005 2895 3003 
3005 3006 3015 3005 3015 2895 2895 3015 2896 
2898 3016 3017 2898 2896 3016 2896 3015 3016 
3016 3018 3017 3019 2887 2899 3019 3020 2887 
3020 3008 2887 2899 2900 3019 2890 3009 2901 
2902 2901 3009 3010 2902 3009 2903 2902 3010 
3012 2903 3010 2904 2903 3012 3014 2904 3012 
2892 2904 3014 2898 3017 2906 3017 3018 3021 
3017 3021 2906 2906 3021 2907 3021 2909 2907 
3022 2909 3021 3019 3023 3020 3024 3025 3023 
2910 3024 3023 2910 3023 3019 2910 3019 2900 
2910 2911 3024 2909 3022 3026 2912 2909 3026 
2913 3027 3028 2913 2912 3027 2912 3026 3027 
3027 3029 3028 3024 3030 3025 3031 3032 3030 
2914 3031 3030 2914 3030 3024 2914 3024 2911 
2914 2915 3031 2913 3028 2916 3028 3029 3033 
3028 3033 2916 2916 3033 2917 3033 2918 2917 
3034 2918 3033 3035 3032 3031 3036 3032 3035 
2915 2919 3035 3031 2915 3035 2918 3034 3037 
2920 2918 3037 2921 2920 3038 2920 3037 3038 
3038 2923 2921 3039 2923 3038 3040 3036 3035 
3041 3036 3040 2919 2924 3040 3035 2919 3040 
2923 3039 3042 2925 2923 3042 2926 2925 3043 
2925 3042 3043 2928 2926 3044 2926 3043 3044 
2930 2928 3045 2928 3044 3045 3041 3040 2932 
3041 2932 3045 3045 2932 2930 2924 2932 3040 
2936 3046 2937 3047 3046 2936 3047 2936 3048 
3048 2936 2939 2941 3049 2939 2939 3049 3048 
3049 2941 2942 3050 3049 2942 2944 3051 2945 
2944 2947 3052 3051 2944 3052 3053 3052 2947 
3053 2947 3054 3054 2947 2949 3046 2949 2937 
3046 3055 2949 3055 3054 2949 3047 3055 3046 
2942 3056 3050 2953 3056 2942 2956 3057 2953 
2953 3057 3056 2957 3058 3059 2957 3059 2956 
2956 3059 3057 3059 3058 3060 2959 3061 3062 
2960 2959 3062 2962 3063 2959 2959 3063 3061 
3051 2962 2945 3051 3064 2962 3064 3063 2962 
3052 3064 3051 3065 3064 3052 3053 3065 3052 
2957 2968 3058 2970 3066 3067 2968 2970 3067 
2968 3067 3060 2968 3060 3058 3066 3068 3069 
3067 3066 3069 3069 3068 3070 3071 3072 3073 
2971 3071 3074 2971 3062 3071 2971 2960 3062 
3072 3071 3062 2971 3074 2972 2970 2977 3066 
2979 3066 2977 3068 3066 2979 3068 2979 2980 
3068 2980 3070 3070 2980 3075 3076 3071 3073 
3077 3076 3073 3074 3071 3078 3078 3071 3076 
2972 3078 2982 3074 3078 2972 2980 3079 3075 
2986 3079 2980 3079 2986 2987 3080 3079 2987 
3076 3077 3081 3081 3082 3083 3081 3083 3076 
3076 3083 3078 2982 3083 2989 3078 3083 2982 
2987 3084 3080 2991 3084 2987 3084 2991 2992 
3085 3084 2992 3083 3082 3086 3087 3086 3088 
2993 3086 3087 2993 3083 3086 2993 2989 3083 
2993 3087 2994 2992 3089 3085 2995 3089 2992 
3089 2995 2996 3090 3089 2996 3087 3088 3091 
3087 2998 2994 3087 3092 2998 3087 3091 3092 
3093 2998 3092 3093 3094 3095 3092 3094 3093 
3095 3001 3000 3095 3094 3001 3094 3096 3001 
3002 3001 3097 3001 3096 3097 3004 3002 3098 
3002 3097 3098 3006 3099 3100 3006 3004 3099 
3004 3098 3099 3099 3101 3100 2996 3102 3090 
3007 3102 2996 3102 3007 3008 3103 3102 3008 
2998 3093 3011 3013 3011 3093 3095 3013 3093 
3000 3013 3095 3006 3100 3015 3100 3101 3104 
3100 3104 3015 3015 3104 3016 3018 3105 3106 
3018 3016 3105 3016 3104 3105 3105 3107 3106 
3008 3020 3103 3103 3020 3108 3018 3106 3021 
3022 3109 3110 3021 3109 3022 3021 3107 3109 
3021 3106 3107 3109 3111 3110 3020 3112 3108 
3023 3112 3020 3112 3023 3025 3113 3112 3025 
3022 3110 3026 3110 3111 3114 3110 3114 3026 
3026 3114 3027 3029 3115 3116 3029 3027 3115 
3027 3114 3115 3115 3117 3116 3025 3118 3113 
3030 3118 3025 3118 3030 3032 3119 3118 3032 
3029 3116 3033 3034 3120 3121 3033 3120 3034 
3033 3117 3120 3033 3116 3117 3120 3122 3121 
3032 3036 3119 3119 3036 3123 3034 3121 3037 
3121 3122 3124 3121 3124 3037 3037 3124 3038 
3039 3125 3126 3039 3038 3125 3038 3124 3125 
3126 3127 3128 3125 3127 3126 3128 3129 3130 
3127 3129 3128 3129 3131 3130 3036 3041 3123 
3123 3041 3132 3039 3126 3042 3043 3042 3126 
3128 3043 3126 3044 3043 3128 3130 3044 3128 
3130 3131 3133 3130 3133 3044 3044 3133 3045 
3132 3041 3045 3133 3132 3045 3048 3134 3047 
3048 3049 3135 3134 3048 3135 3049 3050 3135 
3054 3136 3053 3054 3055 3137 3136 3054 3137 
3055 3138 3137 3047 3138 3055 3047 3139 3138 
3047 3134 3139 3135 3139 3134 3140 3139 3135 
3050 3140 3135 3050 3056 3140 3056 3141 3140 
3057 3142 3056 3056 3142 3141 3059 3143 3057 
3057 3143 3142 3060 3144 3145 3060 3145 3059 
3059 3145 3143 3145 3144 3146 3061 3147 3062 
3061 3063 3148 3147 3061 3148 3063 3064 3149 
3148 3063 3149 3064 3065 3150 3149 3064 3150 
3065 3053 3136 3065 3136 3150 3150 3136 3151 
3152 3137 3153 3152 3151 3137 3151 3136 3137 
3138 3153 3137 3060 3067 3144 3144 3154 3146 
3144 3067 3154 3067 3069 3154 3154 3069 3070 
3155 3154 3070 3072 3156 3073 3072 3157 3156 
3062 3157 3072 3062 3158 3157 3062 3147 3158 
3148 3158 3147 3159 3158 3148 3149 3159 3148 
3160 3159 3149 3150 3160 3149 3161 3160 3150 
3151 3161 3150 3162 3161 3151 3152 3162 3151 
3070 3075 3155 3155 3075 3163 3156 3164 3077 
3073 3156 3077 3165 3156 3157 3164 3156 3165 
3075 3166 3163 3079 3166 3075 3166 3079 3080 
3167 3166 3080 3077 3164 3081 3082 3168 3169 
3081 3168 3082 3081 3165 3168 3081 3164 3165 
3168 3170 3169 3080 3171 3167 3084 3171 3080 
3171 3084 3085 3172 3171 3085 3082 3169 3086 
3088 3173 3174 3086 3173 3088 3086 3170 3173 
3086 3169 3170 3174 3175 3176 3173 3175 3174 
3176 3177 3178 3175 3177 3176 3178 3179 3180 
3177 3179 3178 3180 3181 3182 3179 3181 3180 
3182 3183 3184 3181 3183 3182 3184 3185 3186 
3183 3185 3184 3185 3187 3186 3085 3188 3172 
3089 3188 3085 3188 3089 3090 3189 3188 3090 
3088 3174 3091 3092 3091 3174 3176 3092 3174 
3094 3092 3176 3178 3094 3176 3096 3094 3178 
3180 3096 3178 3097 3096 3180 3182 3097 3180 
3098 3097 3182 3184 3098 3182 3099 3098 3184 
3186 3099 3184 3101 3190 3191 3099 3190 3101 
3099 3187 3190 3099 3186 3187 3190 3192 3191 
3090 3193 3189 3102 3193 3090 3193 3102 3103 
3194 3193 3103 3101 3191 3104 3191 3192 3195 
3191 3195 3104 3104 3195 3105 3107 3196 3197 
3107 3105 3196 3105 3195 3196 3196 3198 3197 
3103 3108 3194 3194 3108 3199 3107 3197 3109 
3111 3200 3201 3109 3200 3111 3109 3198 3200 
3109 3197 3198 3200 3202 3201 3108 3203 3199 
3112 3203 3108 3203 3112 3113 3204 3203 3113 
3111 3201 3114 3201 3202 3205 3201 3205 3114 
3114 3205 3115 3117 3206 3207 3117 3115 3206 
3115 3205 3206 3206 3208 3207 3209 3113 3118 
3209 3210 3113 3210 3204 3113 3118 3119 3209 
3117 3207 3120 3122 3211 3212 3120 3211 3122 
3120 3208 3211 3120 3207 3208 3211 3213 3212 
3214 3210 3209 3215 3210 3214 3119 3123 3214 
3209 3119 3214 3122 3212 3124 3212 3213 3216 
3212 3216 3124 3124 3216 3125 3127 3125 3217 
3125 3216 3217 3129 3127 3218 3127 3217 3218 
3131 3214 3219 3131 3218 3214 3131 3129 3218 
3218 3215 3214 3123 3132 3219 3214 3123 3219 
3131 3219 3133 3132 3133 3219 3139 3220 3138 
3139 3140 3221 3220 3139 3221 3140 3141 3222 
3221 3140 3222 3141 3142 3223 3222 3141 3223 
3224 3223 3142 3224 3142 3225 3225 3142 3143 
3226 3227 3225 3226 3225 3145 3145 3225 3143 
3145 3146 3226 3153 3228 3152 3153 3138 3220 
3153 3220 3228 3228 3220 3229 3221 3230 3220 
3230 3229 3220 3231 3222 3232 3231 3230 3222 
3230 3221 3222 3223 3232 3222 3233 3232 3223 
3224 3233 3223 3226 3234 3227 3235 3236 3234 
3154 3235 3234 3154 3234 3226 3154 3226 3146 
3154 3155 3235 3158 3237 3157 3158 3159 3238 
3237 3158 3238 3159 3160 3239 3238 3159 3239 
3160 3161 3240 3239 3160 3240 3161 3162 3241 
3240 3161 3241 3162 3152 3228 3162 3228 3241 
3241 3228 3242 3229 3243 3228 3243 3242 3228 
3244 3230 3245 3244 3243 3230 3243 3229 3230 
3231 3245 3230 3235 3246 3236 3246 3235 3155 
3246 3155 3247 3247 3155 3163 3237 3248 3165 
3157 3237 3165 3238 3249 3237 3249 3248 3237 
3239 3250 3238 3250 3249 3238 3240 3251 3239 
3251 3250 3239 3241 3252 3240 3252 3251 3240 
3242 3253 3241 3253 3252 3241 3243 3254 3242 
3254 3253 3242 3255 3243 3244 3255 3256 3243 
3256 3254 3243 3255 3257 3256 3163 3258 3247 
3166 3258 3163 3258 3166 3167 3259 3258 3167 
3165 3248 3168 3170 3168 3248 3170 3248 3260 
3260 3248 3249 3250 3261 3249 3261 3260 3249 
3251 3262 3250 3262 3261 3250 3252 3263 3251 
3263 3262 3251 3253 3264 3252 3264 3263 3252 
3254 3265 3253 3265 3264 3253 3256 3266 3254 
3266 3265 3254 3267 3256 3257 3266 3256 3267 
3167 3268 3259 3171 3268 3167 3268 3171 3172 
3269 3268 3172 3170 3260 3173 3175 3173 3260 
3261 3175 3260 3177 3175 3261 3262 3177 3261 
3179 3177 3262 3263 3179 3262 3181 3179 3263 
3264 3181 3263 3183 3181 3264 3265 3183 3264 
3185 3183 3265 3266 3185 3265 3187 3270 3271 
3185 3270 3187 3185 3267 3270 3185 3266 3267 
3270 3272 3271 3273 3172 3188 3273 3274 3172 
3274 3269 3172 3188 3189 3273 3187 3271 3190 
3192 3275 3276 3190 3275 3192 3190 3272 3275 
3190 3271 3272 3275 3277 3276 3273 3278 3274 
3279 3280 3278 3193 3279 3278 3193 3278 3273 
3193 3273 3189 3193 3194 3279 3192 3276 3195 
3276 3277 3281 3276 3281 3195 3195 3281 3196 
3198 3282 3283 3198 3196 3282 3196 3281 3282 
3282 3284 3283 3285 3280 3279 3286 3280 3285 
3194 3199 3285 3279 3194 3285 3198 3283 3200 
3202 3287 3288 3200 3287 3202 3200 3284 3287 
3200 3283 3284 3287 3289 3288 3290 3286 3285 
3291 3286 3290 3199 3203 3292 3199 3292 3285 
3285 3292 3290 3203 3204 3292 3202 3288 3205 
3288 3289 3293 3288 3293 3205 3205 3293 3206 
3293 3208 3206 3294 3208 3293 3295 3291 3290 
3296 3291 3295 3292 3297 3290 3297 3295 3290 
3204 3210 3297 3292 3204 3297 3208 3294 3298 
3211 3208 3298 3298 3213 3211 3299 3213 3298 
3295 3300 3296 3300 3301 3302 3300 3295 3301 
3295 3297 3301 3210 3215 3301 3297 3210 3301 
3213 3299 3303 3216 3213 3303 3217 3216 3304 
3216 3303 3304 3302 3301 3218 3302 3218 3304 
3304 3218 3217 3215 3218 3301 3225 3305 3306 
3224 3225 3306 3305 3225 3227 3307 3305 3227 
3232 3308 3231 3232 3233 3309 3308 3232 3309 
3233 3310 3309 3233 3224 3310 3224 3306 3310 
3227 3311 3307 3234 3311 3227 3311 3234 3236 
3312 3311 3236 3245 3313 3244 3245 3231 3308 
3245 3308 3313 3313 3308 3314 3309 3315 3308 
3315 3314 3308 3316 3309 3310 3315 3309 3316 
3236 3317 3312 3246 3317 3236 3317 3246 3247 
3318 3317 3247 3244 3313 3255 3257 3255 3313 
3257 3313 3319 3319 3313 3314 3315 3320 3314 
3320 3319 3314 3321 3315 3316 3321 3322 3315 
3322 3320 3315 3321 3323 3322 3247 3324 3318 
3258 3324 3247 3324 3258 3259 3325 3324 3259 
3319 3326 3267 3257 3319 3267 3320 3327 3319 
3327 3326 3319 3322 3328 3320 3328 3327 3320 
3329 3322 3323 3328 3322 3329 3330 3259 3268 
3330 3331 3259 3331 3325 3259 3268 3269 3330 
3267 3326 3270 3272 3270 3326 3272 3326 3332 
3332 3326 3327 3328 3333 3327 3333 3332 3327 
3334 3328 3329 3334 3335 3328 3335 3333 3328 
3334 3336 3335 3330 3337 3331 3337 3330 3269 
3337 3269 3338 3338 3269 3274 3272 3332 3275 
3277 3275 3332 3277 3332 3339 3339 3332 3333 
3335 3340 3333 3340 3339 3333 3341 3335 3336 
3340 3335 3341 3342 3274 3278 3342 3343 3274 
3343 3338 3274 3278 3280 3342 3277 3339 3281 
3282 3281 3339 3340 3282 3339 3284 3344 3345 
3282 3344 3284 3282 3341 3344 3282 3340 3341 
3344 3346 3345 3347 3343 3342 3348 3343 3347 
3280 3286 3347 3342 3280 3347 3284 3345 3287 
3289 3349 3350 3287 3349 3289 3287 3346 3349 
3287 3345 3346 3349 3351 3350 3352 3348 3347 
3353 3348 3352 3286 3291 3352 3347 3286 3352 
3289 3350 3293 3350 3294 3293 3350 3351 3294 
3351 3354 3294 3355 3353 3352 3356 3353 3355 
3291 3296 3355 3352 3291 3355 3294 3354 3357 
3298 3294 3357 3299 3355 3358 3299 3357 3355 
3299 3298 3357 3357 3356 3355 3296 3300 3359 
3296 3359 3355 3355 3359 3358 3300 3302 3359 
3299 3358 3303 3304 3303 3358 3359 3304 3358 
3302 3304 3359 3305 3360 3306 3305 3307 3360 
3360 3361 3310 3306 3360 3310 3307 3311 3362 
3307 3362 3360 3360 3362 3361 3311 3312 3362 
3361 3363 3316 3310 3361 3316 3364 3362 3365 
3364 3363 3362 3363 3361 3362 3366 3367 3365 
3317 3366 3365 3317 3365 3362 3317 3362 3312 
3317 3318 3366 3316 3363 3321 3323 3368 3369 
3321 3368 3323 3321 3364 3368 3321 3363 3364 
3367 3369 3368 3367 3366 3369 3366 3370 3369 
3318 3324 3371 3318 3371 3366 3366 3371 3370 
3324 3325 3371 3369 3372 3329 3323 3369 3329 
3373 3370 3374 3373 3372 3370 3372 3369 3370 
3374 3375 3376 3374 3370 3375 3370 3371 3375 
3325 3331 3375 3371 3325 3375 3329 3372 3334 
3336 3377 3378 3334 3377 3336 3334 3373 3377 
3334 3372 3373 3379 3375 3380 3379 3378 3375 
3376 3375 3377 3377 3375 3378 3381 3382 3380 
3337 3381 3380 3337 3380 3375 3337 3375 3331 
3337 3338 3381 3378 3383 3341 3336 3378 3341 
3384 3378 3379 3383 3378 3384 3385 3382 3381 
3386 3382 3385 3338 3343 3385 3381 3338 3385 
3341 3383 3344 3346 3387 3388 3344 3387 3346 
3344 3384 3387 3344 3383 3384 3386 3388 3387 
3386 3385 3388 3385 3389 3388 3343 3348 3389 
3385 3343 3389 3346 3388 3349 3351 3349 3388 
3351 3388 3390 3390 3388 3389 3348 3353 3390 
3389 3348 3390 3390 3391 3354 3351 3390 3354 
3353 3356 3391 3390 3353 3391 3354 3391 3357 
3356 3357 3391 3365 3392 3364 3365 3367 3392 
3364 3392 3368 3367 3368 3392 3374 3393 3373 
3374 3376 3393 3373 3393 3377 3376 3377 3393 
3380 3394 3379 3380 3382 3394 3394 3395 3384 
3379 3394 3384 3382 3386 3395 3394 3382 3395 
3384 3395 3387 3386 3387 3395 
CELL_DATA 6788
SCALARS Scalars float
LOOKUP_TABLE default
1 1 1 1 1 1 1 1 1 
1 1 1 1 1 1 1 1 1 
1 1 1 1 1 1 1 1 1 
1 1 1 1 1 1 1 1 1 
1 1 1 1 1 1 1 1 1 
1 1 1 1 1 1 1 1 1 
1 1 1 1 1 1 1 1 1 
1 1 1 1 1 1 1 1 1 
1 1 1 1 1 1 1 1 1 
1 1 1 1 1 1 1 1 1 
1 1 1 1 1 1 1 1 1 
1 1 1 1 1 1 1 1 1 
1 1 1 1 1 1 1 1 1 
1 1 1 1 1 1 1 1 1 
1 1 1 1 1 1 1 1 1 
1 1 1 1 1 1 1 1 1 
1 1 1 1 1 1 1 1 1 
1 1 1 1 1 1 1 1 1 
1 1 1 1 1 1 1 1 1 
1 1 1 1 1 1 1 1 1 
1 1 1 1 1 1 1 1 1 
1 1 1 1 1 1 1 1 1 
1 1 1 1 1 1 1 1 1 
1 1 1 1 1 1 1 1 1 
1 1 1 1 1 1 1 1 1 
1 1 1 1 1 1 1 1 1 
1 1 1 1 1 1 1 1 1 
1 1 1 1 1 1 1 1 1 
1 1 1 1 1 1 1 1 1 
1 1 1 1 1 1 1 1 1 
1 1 1 1 1 1 1 1 1 
1 1 1 1 1 1 1 1 1 
1 1 1 1 1 1 1 1 1 
1 1 1 1 1 1 1 1 1 
1 1 1 1 1 1 1 1 1 
1 1 1 1 1 1 1 1 1 
1 1 1 1 1 1 1 1 1 
1 1 1 1 1 1 1 1 1 
1 1 1 1 1 1 1 1 1 
1 1 1 1 1 1 1 1 1 
1 1 1 1 1 1 1 1 1 
1 1 1 1 1 1 1 1 1 
1 1 1 1 1 1 1 1 1 
1 1 1 1 1 1 1 1 1 
1 1 1 1 1 1 1 1 1 
1 1 1 1 1 1 1 1 1 
1 1 1 1 1 1 1 1 1 
1 1 1 1 1 1 1 1 1 
1 1 1 1 1 1 1 1 1 
1 1 1 1 1 1 1 1 1 
1 1 1 1 1 1 1 1 1 
1 1 1 1 1 1 1 1 1 
1 1 1 1 1 1 1 1 1 
1 1 1 1 1 1 1 1 1 
1 1 1 1 1 1 1 1 1 
1 1 1 1 1 1 1 1 1 
1 1 1 1 1 1 1 1 1 
1 1 1 1 1 1 1 1 1 
1 1 1 1 1 1 1 1 1 
1 1 1 1 1 1 1 1 1 
1 1 1 1 1 1 1 1 1 
1 1 1 1 1 1 1 1 1 
1 1 1 1 1 1 1 1 1 
1 1 1 1 1 1 1 1 1 
1 1 1 1 1 1 1 1 1 
1 1 1 1 1 1 1 1 1 
1 1 1 1 1 1 1 1 1 
1 1 1 1 1 1 1 1 1 
1 1 1 1 1 1 1 1 1 
1 1 1 1 1 1 1 1 1 
1 1 1 1 1 1 1 1 1 
1 1 1 1 1 1 1 1 1 
1 1 1 1 1 1 1 1 1 
1 1 1 1 1 1 1 1 1 
1 1 1 1 1 1 1 1 1 
1 1 1 1 1 1 1 1 1 
1 1 1 1 1 1 1 1 1 
1 1 1 1 1 1 1 1 1 
1 1 1 1 1 1 1 1 1 
1 1 1 1 1 1 1 1 1 
1 1 1 1 1 1 1 1 1 
1 1 1 1 1 1 1 1 1 
1 1 1 1 1 1 1 1 1 
1 1 1 1 1 1 1 1 1 
1 1 1 1 1 1 1 1 1 
1 1 1 1 1 1 1 1 1 
1 1 1 1 1 1 1 1 1 
1 1 1 1 1 1 1 1 1 
1 1 1 1 1 1 1 1 1 
1 1 1 1 1 1 1 1 1 
1 1 1 1 1 1 1 1 1 
1 1 1 1 1 1 1 1 1 
1 1 1 1 1 1 1 1 1 
1 1 1 1 1 1 1 1 1 
1 1 1 1 1 1 1 1 1 
1 1 1 1 1 1 1 1 1 
1 1 1 1 1 1 1 1 1 
1 1 1 1 1 1 1 1 1 
1 1 1 1 1 1 1 1 1 
1 1 1 1 1 1 1 1 1 
1 1 1 1 1 1 1 1 1 
1 1 1 1 1 1 1 1 1 
1 1 1 1 1 1 1 1 1 
1 1 1 1 1 1 1 1 1 
1 1 1 1 1 1 1 1 1 
1 1 1 1 1 1 1 1 1 
1 1 1 1 1 1 1 1 1 
1 1 1 1 1 1 1 1 1 
1 1 1 1 1 1 1 1 1 
1 1 1 1 1 1 1 1 1 
1 1 1 1 1 1 1 1 1 
1 1 1 1 1 1 1 1 1 
1 1 1 1 1 1 1 1 1 
1 1 1 1 1 1 1 1 1 
1 1 1 1 1 1 1 1 1 
1 1 1 1 1 1 1 1 1 
1 1 1 1 1 1 1 1 1 
1 1 1 1 1 1 1 1 1 
1 1 1 1 1 1 1 1 1 
1 1 1 1 1 1 1 1 1 
1 1 1 1 1 1 1 1 1 
1 1 1 1 1 1 1 1 1 
1 1 1 1 1 1 1 1 1 
1 1 1 1 1 1 1 1 1 
1 1 1 1 1 1 1 1 1 
1 1 1 1 1 1 1 1 1 
1 1 1 1 1 1 1 1 1 
1 1 1 1 1 1 1 1 1 
1 1 1 1 1 1 1 1 1 
1 1 1 1 1 1 1 1 1 
1 1 1 1 1 1 1 1 1 
1 1 1 1 1 1 1 1 1 
1 1 1 1 1 1 1 1 1 
1 1 1 1 1 1 1 1 1 
1 1 1 1 1 1 1 1 1 
1 1 1 1 1 1 1 1 1 
1 1 1 1 1 1 1 1 1 
1 1 1 1 1 1 1 1 1 
1 1 1 1 1 1 1 1 1 
1 1 1 1 1 1 1 1 1 
1 1 1 1 1 1 1 1 1 
1 1 1 1 1 1 1 1 1 
1 1 1 1 1 1 1 1 1 
1 1 1 1 1 1 1 1 1 
1 1 1 1 1 1 1 1 1 
1 1 1 1 1 1 1 1 1 
1 1 1 1 1 1 1 1 1 
1 1 1 1 1 1 1 1 1 
1 1 1 1 1 1 1 1 1 
1 1 1 1 1 1 1 1 1 
1 1 1 1 1 1 1 1 1 
1 1 1 1 1 1 1 1 1 
1 1 1 1 1 1 1 1 1 
1 1 1 1 1 1 1 1 1 
1 1 1 1 1 1 1 1 1 
1 1 1 1 1 1 1 1 1 
1 1 1 1 1 1 1 1 1 
1 1 1 1 1 1 1 1 1 
1 1 1 1 1 1 1 1 1 
1 1 1 1 1 1 1 1 1 
1 1 1 1 1 1 1 1 1 
1 1 1 1 1 1 1 1 1 
1 1 1 1 1 1 1 1 1 
1 1 1 1 1 1 1 1 1 
1 1 1 1 1 1 1 1 1 
1 1 1 1 1 1 1 1 1 
1 1 1 1 1 1 1 1 1 
1 1 1 1 1 1 1 1 1 
1 1 1 1 1 1 1 1 1 
1 1 1 1 1 1 1 1 1 
1 1 1 1 1 1 1 1 1 
1 1 1 1 1 1 1 1 1 
1 1 1 1 1 1 1 1 1 
1 1 1 1 1 1 1 1 1 
1 1 1 1 1 1 1 1 1 
1 1 1 1 1 1 1 1 1 
1 1 1 1 1 1 1 1 1 
1 1 1 1 1 1 1 1 1 
1 1 1 1 1 1 1 1 1 
1 1 1 1 1 1 1 1 1 
1 1 1 1 1 1 1 1 1 
1 1 1 1 1 1 1 1 1 
1 1 1 1 1 1 1 1 1 
1 1 1 1 1 1 1 1 1 
1 1 1 1 1 1 1 1 1 
1 1 1 1 1 1 1 1 1 
1 1 1 1 1 1 1 1 1 
1 1 1 1 1 1 1 1 1 
1 1 1 1 1 1 1 1 1 
1 1 1 1 1 1 1 1 1 
1 1 1 1 1 1 1 1 1 
1 1 1 1 1 1 1 1 1 
1 1 1 1 1 1 1 1 1 
1 1 1 1 1 1 1 1 1 
1 1 1 1 1 1 1 1 1 
1 1 1 1 1 1 1 1 1 
1 1 1 1 1 1 1 1 1 
1 1 1 1 1 1 1 1 1 
1 1 1 1 1 1 1 1 1 
1 1 1 1 1 1 1 1 1 
1 1 1 1 1 1 1 1 1 
1 1 1 1 1 1 1 1 1 
1 1 1 1 1 1 1 1 1 
1 1 1 1 1 1 1 1 1 
1 1 1 1 1 1 1 1 1 
1 1 1 1 1 1 1 1 1 
1 1 1 1 1 1 1 1 1 
1 1 1 1 1 1 1 1 1 
1 1 1 1 1 1 1 1 1 
1 1 1 1 1 1 1 1 1 
1 1 1 1 1 1 1 1 1 
1 1 1 1 1 1 1 1 1 
1 1 1 1 1 1 1 1 1 
1 1 1 1 1 1 1 1 1 
1 1 1 1 1 1 1 1 1 
1 1 1 1 1 1 1 1 1 
1 1 1 1 1 1 1 1 1 
1 1 1 1 1 1 1 1 1 
1 1 1 1 1 1 1 1 1 
1 1 1 1 1 1 1 1 1 
1 1 1 1 1 1 1 1 1 
1 1 1 1 1 1 1 1 1 
1 1 1 1 1 1 1 1 1 
1 1 1 1 1 1 1 1 1 
1 1 1 1 1 1 1 1 1 
1 1 1 1 1 1 1 1 1 
1 1 1 1 1 1 1 1 1 
1 1 1 1 1 1 1 1 1 
1 1 1 1 1 1 1 1 1 
1 1 1 1 1 1 1 1 1 
1 1 1 1 1 1 1 1 1 
1 1 1 1 1 1 1 1 1 
1 1 1 1 1 1 1 1 1 
1 1 1 1 1 1 1 1 1 
1 1 1 1 1 1 1 1 1 
1 1 1 1 1 1 1 1 1 
1 1 1 1 1 1 1 1 1 
1 1 1 1 1 1 1 1 1 
1 1 1 1 1 1 1 1 1 
1 1 1 1 1 1 1 1 1 
1 1 1 1 1 1 1 1 1 
1 1 1 1 1 1 1 1 1 
1 1 1 1 1 1 1 1 1 
1 1 1 1 1 1 1 1 1 
1 1 1 1 1 1 1 1 1 
1 1 1 1 1 1 1 1 1 
1 1 1 1 1 1 1 1 1 
1 1 1 1 1 1 1 1 1 
1 1 1 1 1 1 1 1 1 
1 1 1 1 1 1 1 1 1 
1 1 1 1 1 1 1 1 1 
1 1 1 1 1 1 1 1 1 
1 1 1 1 1 1 1 1 1 
1 1 1 1 1 1 1 1 1 
1 1 1 1 1 1 1 1 1 
1 1 1 1 1 1 1 1 1 
1 1 1 1 1 1 1 1 1 
1 1 1 1 1 1 1 1 1 
1 1 1 1 1 1 1 1 1 
1 1 1 1 1 1 1 1 1 
1 1 1 1 1 1 1 1 1 
1 1 1 1 1 1 1 1 1 
1 1 1 1 1 1 1 1 1 
1 1 1 1 1 1 1 1 1 
1 1 1 1 1 1 1 1 1 
1 1 1 1 1 1 1 1 1 
1 1 1 1 1 1 1 1 1 
1 1 1 1 1 1 1 1 1 
1 1 1 1 1 1 1 1 1 
1 1 1 1 1 1 1 1 1 
1 1 1 1 1 1 1 1 1 
1 1 1 1 1 1 1 1 1 
1 1 1 1 1 1 1 1 1 
1 1 1 1 1 1 1 1 1 
1 1 1 1 1 1 1 1 1 
1 1 1 1 1 1 1 1 1 
1 1 1 1 1 1 1 1 1 
1 1 1 1 1 1 1 1 1 
1 1 1 1 1 1 1 1 1 
1 1 1 1 1 1 1 1 1 
1 1 1 1 1 1 1 1 1 
1 1 1 1 1 1 1 1 1 
1 1 1 1 1 1 1 1 1 
1 1 1 1 1 1 1 1 1 
1 1 1 1 1 1 1 1 1 
1 1 1 1 1 1 1 1 1 
1 1 1 1 1 1 1 1 1 
1 1 1 1 1 1 1 1 1 
1 1 1 1 1 1 1 1 1 
1 1 1 1 1 1 1 1 1 
1 1 1 1 1 1 1 1 1 
1 1 1 1 1 1 1 1 1 
1 1 1 1 1 1 1 1 1 
1 1 1 1 1 1 1 1 1 
1 1 1 1 1 1 1 1 1 
1 1 1 1 1 1 1 1 1 
1 1 1 1 1 1 1 1 1 
1 1 1 1 1 1 1 1 1 
1 1 1 1 1 1 1 1 1 
1 1 1 1 1 1 1 1 1 
1 1 1 1 1 1 1 1 1 
1 1 1 1 1 1 1 1 1 
1 1 1 1 1 1 1 1 1 
1 1 1 1 1 1 1 1 1 
1 1 1 1 1 1 1 1 1 
1 1 1 1 1 1 1 1 1 
1 1 1 1 1 1 1 1 1 
1 1 1 1 1 1 1 1 1 
1 1 1 1 1 1 1 1 1 
1 1 1 1 1 1 1 1 1 
1 1 1 1 1 1 1 1 1 
1 1 1 1 1 1 1 1 1 
1 1 1 1 1 1 1 1 1 
1 1 1 1 1 1 1 1 1 
1 1 1 1 1 1 1 1 1 
1 1 1 1 1 1 1 1 1 
1 1 1 1 1 1 1 1 1 
1 1 1 1 1 1 1 1 1 
1 1 1 1 1 1 1 1 1 
1 1 1 1 1 1 1 1 1 
1 1 1 1 1 1 1 1 1 
1 1 1 1 1 1 1 1 1 
1 1 1 1 1 1 1 1 1 
1 1 1 1 1 1 1 1 1 
1 1 1 1 1 1 1 1 1 
1 1 1 1 1 1 1 1 1 
1 1 1 1 1 1 1 1 1 
1 1 1 1 1 1 1 1 1 
1 1 1 1 1 1 1 1 1 
1 1 1 1 1 1 1 1 1 
1 1 1 1 1 1 1 1 1 
1 1 1 1 1 1 1 1 1 
1 1 1 1 1 1 1 1 1 
1 1 1 1 1 1 1 1 1 
1 1 1 1 1 1 1 1 1 
1 1 1 1 1 1 1 1 1 
1 1 1 1 1 1 1 1 1 
1 1 1 1 1 1 1 1 1 
1 1 1 1 1 1 1 1 1 
1 1 1 1 1 1 1 1 1 
1 1 1 1 1 1 1 1 1 
1 1 1 1 1 1 1 1 1 
1 1 1 1 1 1 1 1 1 
1 1 1 1 1 1 1 1 1 
1 1 1 1 1 1 1 1 1 
1 1 1 1 1 1 1 1 1 
1 1 1 1 1 1 1 1 1 
1 1 1 1 1 1 1 1 1 
1 1 1 1 1 1 1 1 1 
1 1 1 1 1 1 1 1 1 
1 1 1 1 1 1 1 1 1 
1 1 1 1 1 1 1 1 1 
1 1 1 1 1 1 1 1 1 
1 1 1 1 1 1 1 1 1 
1 1 1 1 1 1 1 1 1 
1 1 1 1 1 1 1 1 1 
1 1 1 1 1 1 1 1 1 
1 1 1 1 1 1 1 1 1 
1 1 1 1 1 1 1 1 1 
1 1 1 1 1 1 1 1 1 
1 1 1 1 1 1 1 1 1 
1 1 1 1 1 1 1 1 1 
1 1 1 1 1 1 1 1 1 
1 1 1 1 1 1 1 1 1 
1 1 1 1 1 1 1 1 1 
1 1 1 1 1 1 1 1 1 
1 1 1 1 1 1 1 1 1 
1 1 1 1 1 1 1 1 1 
1 1 1 1 1 1 1 1 1 
1 1 1 1 1 1 1 1 1 
1 1 1 1 1 1 1 1 1 
1 1 1 1 1 1 1 1 1 
1 1 1 1 1 1 1 1 1 
1 1 1 1 1 1 1 1 1 
1 1 1 1 1 1 1 1 1 
1 1 1 1 1 1 1 1 1 
1 1 1 1 1 1 1 1 1 
1 1 1 1 1 1 1 1 1 
1 1 1 1 1 1 1 1 1 
1 1 1 1 1 1 1 1 1 
1 1 1 1 1 1 1 1 1 
1 1 1 1 1 1 1 1 1 
1 1 1 1 1 1 1 1 1 
1 1 1 1 1 1 1 1 1 
1 1 1 1 1 1 1 1 1 
1 1 1 1 1 1 1 1 1 
1 1 1 1 1 1 1 1 1 
1 1 1 1 1 1 1 1 1 
1 1 1 1 1 1 1 1 1 
1 1 1 1 1 1 1 1 1 
1 1 1 1 1 1 1 1 1 
1 1 1 1 1 1 1 1 1 
1 1 1 1 1 1 1 1 1 
1 1 1 1 1 1 1 1 1 
1 1 1 1 1 1 1 1 1 
1 1 1 1 1 1 1 1 1 
1 1 1 1 1 1 1 1 1 
1 1 1 1 1 1 1 1 1 
1 1 1 1 1 1 1 1 1 
1 1 1 1 1 1 1 1 1 
1 1 1 1 1 1 1 1 1 
1 1 1 1 1 1 1 1 1 
1 1 1 1 1 1 1 1 1 
1 1 1 1 1 1 1 1 1 
1 1 1 1 1 1 1 1 1 
1 1 1 1 1 1 1 1 1 
1 1 1 1 1 1 1 1 1 
1 1 1 1 1 1 1 1 1 
1 1 1 1 1 1 1 1 1 
1 1 1 1 1 1 1 1 1 
1 1 1 1 1 1 1 1 1 
1 1 1 1 1 1 1 1 1 
1 1 1 1 1 1 1 1 1 
1 1 1 1 1 1 1 1 1 
1 1 1 1 1 1 1 1 1 
1 1 1 1 1 1 1 1 1 
1 1 1 1 1 1 1 1 1 
1 1 1 1 1 1 1 1 1 
1 1 1 1 1 1 1 1 1 
1 1 1 1 1 1 1 1 1 
1 1 1 1 1 1 1 1 1 
1 1 1 1 1 1 1 1 1 
1 1 1 1 1 1 1 1 1 
1 1 1 1 1 1 1 1 1 
1 1 1 1 1 1 1 1 1 
1 1 1 1 1 1 1 1 1 
1 1 1 1 1 1 1 1 1 
1 1 1 1 1 1 1 1 1 
1 1 1 1 1 1 1 1 1 
1 1 1 1 1 1 1 1 1 
1 1 1 1 1 1 1 1 1 
1 1 1 1 1 1 1 1 1 
1 1 1 1 1 1 1 1 1 
1 1 1 1 1 1 1 1 1 
1 1 1 1 1 1 1 1 1 
1 1 1 1 1 1 1 1 1 
1 1 1 1 1 1 1 1 1 
1 1 1 1 1 1 1 1 1 
1 1 1 1 1 1 1 1 1 
1 1 1 1 1 1 1 1 1 
1 1 1 1 1 1 1 1 1 
1 1 1 1 1 1 1 1 1 
1 1 1 1 1 1 1 1 1 
1 1 1 1 1 1 1 1 1 
1 1 1 1 1 1 1 1 1 
1 1 1 1 1 1 1 1 1 
1 1 1 1 1 1 1 1 1 
1 1 1 1 1 1 1 1 1 
1 1 1 1 1 1 1 1 1 
1 1 1 1 1 1 1 1 1 
1 1 1 1 1 1 1 1 1 
1 1 1 1 1 1 1 1 1 
1 1 1 1 1 1 1 1 1 
1 1 1 1 1 1 1 1 1 
1 1 1 1 1 1 1 1 1 
1 1 1 1 1 1 1 1 1 
1 1 1 1 1 1 1 1 1 
1 1 1 1 1 1 1 1 1 
1 1 1 1 1 1 1 1 1 
1 1 1 1 1 1 1 1 1 
1 1 1 1 1 1 1 1 1 
1 1 1 1 1 1 1 1 1 
1 1 1 1 1 1 1 1 1 
1 1 1 1 1 1 1 1 1 
1 1 1 1 1 1 1 1 1 
1 1 1 1 1 1 1 1 1 
1 1 1 1 1 1 1 1 1 
1 1 1 1 1 1 1 1 1 
1 1 1 1 1 1 1 1 1 
1 1 1 1 1 1 1 1 1 
1 1 1 1 1 1 1 1 1 
1 1 1 1 1 1 1 1 1 
1 1 1 1 1 1 1 1 1 
1 1 1 1 1 1 1 1 1 
1 1 1 1 1 1 1 1 1 
1 1 1 1 1 1 1 1 1 
1 1 1 1 1 1 1 1 1 
1 1 1 1 1 1 1 1 1 
1 1 1 1 1 1 1 1 1 
1 1 1 1 1 1 1 1 1 
1 1 1 1 1 1 1 1 1 
1 1 1 1 1 1 1 1 1 
1 1 1 1 1 1 1 1 1 
1 1 1 1 1 1 1 1 1 
1 1 1 1 1 1 1 1 1 
1 1 1 1 1 1 1 1 1 
1 1 1 1 1 1 1 1 1 
1 1 1 1 1 1 1 1 1 
1 1 1 1 1 1 1 1 1 
1 1 1 1 1 1 1 1 1 
1 1 1 1 1 1 1 1 1 
1 1 1 1 1 1 1 1 1 
1 1 1 1 1 1 1 1 1 
1 1 1 1 1 1 1 1 1 
1 1 1 1 1 1 1 1 1 
1 1 1 1 1 1 1 1 1 
1 1 1 1 1 1 1 1 1 
1 1 1 1 1 1 1 1 1 
1 1 1 1 1 1 1 1 1 
1 1 1 1 1 1 1 1 1 
1 1 1 1 1 1 1 1 1 
1 1 1 1 1 1 1 1 1 
1 1 1 1 1 1 1 1 1 
1 1 1 1 1 1 1 1 1 
1 1 1 1 1 1 1 1 1 
1 1 1 1 1 1 1 1 1 
1 1 1 1 1 1 1 1 1 
1 1 1 1 1 1 1 1 1 
1 1 1 1 1 1 1 1 1 
1 1 1 1 1 1 1 1 1 
1 1 1 1 1 1 1 1 1 
1 1 1 1 1 1 1 1 1 
1 1 1 1 1 1 1 1 1 
1 1 1 1 1 1 1 1 1 
1 1 1 1 1 1 1 1 1 
1 1 1 1 1 1 1 1 1 
1 1 1 1 1 1 1 1 1 
1 1 1 1 1 1 1 1 1 
1 1 1 1 1 1 1 1 1 
1 1 1 1 1 1 1 1 1 
1 1 1 1 1 1 1 1 1 
1 1 1 1 1 1 1 1 1 
1 1 1 1 1 1 1 1 1 
1 1 1 1 1 1 1 1 1 
1 1 1 1 1 1 1 1 1 
1 1 1 1 1 1 1 1 1 
1 1 1 1 1 1 1 1 1 
1 1 1 1 1 1 1 1 1 
1 1 1 1 1 1 1 1 1 
1 1 1 1 1 1 1 1 1 
1 1 1 1 1 1 1 1 1 
1 1 1 1 1 1 1 1 1 
1 1 1 1 1 1 1 1 1 
1 1 1 1 1 1 1 1 1 
1 1 1 1 1 1 1 1 1 
1 1 1 1 1 1 1 1 1 
1 1 1 1 1 1 1 1 1 
1 1 1 1 1 1 1 1 1 
1 1 1 1 1 1 1 1 1 
1 1 1 1 1 1 1 1 1 
1 1 1 1 1 1 1 1 1 
1 1 1 1 1 1 1 1 1 
1 1 1 1 1 1 1 1 1 
1 1 1 1 1 1 1 1 1 
1 1 1 1 1 1 1 1 1 
1 1 1 1 1 1 1 1 1 
1 1 1 1 1 1 1 1 1 
1 1 1 1 1 1 1 1 1 
1 1 1 1 1 1 1 1 1 
1 1 1 1 1 1 1 1 1 
1 1 1 1 1 1 1 1 1 
1 1 1 1 1 1 1 1 1 
1 1 1 1 1 1 1 1 1 
1 1 1 1 1 1 1 1 1 
1 1 1 1 1 1 1 1 1 
1 1 1 1 1 1 1 1 1 
1 1 1 1 1 1 1 1 1 
1 1 1 1 1 1 1 1 1 
1 1 1 1 1 1 1 1 1 
1 1 1 1 1 1 1 1 1 
1 1 1 1 1 1 1 1 1 
1 1 1 1 1 1 1 1 1 
1 1 1 1 1 1 1 1 1 
1 1 1 1 1 1 1 1 1 
1 1 1 1 1 1 1 1 1 
1 1 1 1 1 1 1 1 1 
1 1 1 1 1 1 1 1 1 
1 1 1 1 1 1 1 1 1 
1 1 1 1 1 1 1 1 1 
1 1 1 1 1 1 1 1 1 
1 1 1 1 1 1 1 1 1 
1 1 1 1 1 1 1 1 1 
1 1 1 1 1 1 1 1 1 
1 1 1 1 1 1 1 1 1 
1 1 1 1 1 1 1 1 1 
1 1 1 1 1 1 1 1 1 
1 1 1 1 1 1 1 1 1 
1 1 1 1 1 1 1 1 1 
1 1 1 1 1 1 1 1 1 
1 1 1 1 1 1 1 1 1 
1 1 1 1 1 1 1 1 1 
1 1 1 1 1 1 1 1 1 
1 1 1 1 1 1 1 1 1 
1 1 1 1 1 1 1 1 1 
1 1 1 1 1 1 1 1 1 
1 1 1 1 1 1 1 1 1 
1 1 1 1 1 1 1 1 1 
1 1 1 1 1 1 1 1 1 
1 1 1 1 1 1 1 1 1 
1 1 1 1 1 1 1 1 1 
1 1 1 1 1 1 1 1 1 
1 1 1 1 1 1 1 1 1 
1 1 1 1 1 1 1 1 1 
1 1 1 1 1 1 1 1 1 
1 1 1 1 1 1 1 1 1 
1 1 1 1 1 1 1 1 1 
1 1 1 1 1 1 1 1 1 
1 1 1 1 1 1 1 1 1 
1 1 1 1 1 1 1 1 1 
1 1 1 1 1 1 1 1 1 
1 1 1 1 1 1 1 1 1 
1 1 1 1 1 1 1 1 1 
1 1 1 1 1 1 1 1 1 
1 1 1 1 1 1 1 1 1 
1 1 1 1 1 1 1 1 1 
1 1 1 1 1 1 1 1 1 
1 1 1 1 1 1 1 1 1 
1 1 1 1 1 1 1 1 1 
1 1 1 1 1 1 1 1 1 
1 1 1 1 1 1 1 1 1 
1 1 1 1 1 1 1 1 1 
1 1 1 1 1 1 1 1 1 
1 1 1 1 1 1 1 1 1 
1 1 1 1 1 1 1 1 1 
1 1 1 1 1 1 1 1 1 
1 1 1 1 1 1 1 1 1 
1 1 1 1 1 1 1 1 1 
1 1 1 1 1 1 1 1 1 
1 1 1 1 1 1 1 1 1 
1 1 1 1 1 1 1 1 1 
1 1 1 1 1 1 1 1 1 
1 1 1 1 1 1 1 1 1 
1 1 1 1 1 1 1 1 1 
1 1 1 1 1 1 1 1 1 
1 1 1 1 1 1 1 1 1 
1 1 1 1 1 1 1 1 1 
1 1 1 1 1 1 1 1 1 
1 1 1 1 1 1 1 1 1 
1 1 1 1 1 1 1 1 1 
1 1 1 1 1 1 1 1 1 
1 1 1 1 1 1 1 1 1 
1 1 1 1 1 1 1 1 1 
1 1 1 1 1 1 1 1 1 
1 1 1 1 1 1 1 1 1 
1 1 1 1 1 1 1 1 1 
1 1 1 1 1 1 1 1 1 
1 1 1 1 1 1 1 1 1 
1 1 1 1 1 1 1 1 1 
1 1 1 1 1 1 1 1 1 
1 1 1 1 1 1 1 1 1 
1 1 1 1 1 1 1 1 1 
1 1 1 1 1 1 1 1 1 
1 1 1 1 1 1 1 1 1 
1 1 1 1 1 1 1 1 1 
1 1 1 1 1 1 1 1 1 
1 1 1 1 1 1 1 1 1 
1 1 1 1 1 1 1 1 1 
1 1 1 1 1 1 1 1 1 
1 1 1 1 1 1 1 1 1 
1 1 1 1 1 1 1 1 1 
1 1 1 1 1 1 1 1 1 
1 1 1 1 1 1 1 1 1 
1 1 1 1 1 1 1 1 1 
1 1 1 1 1 1 1 1 1 
1 1 1 1 1 1 1 1 1 
1 1 1 1 1 1 1 1 1 
1 1 1 1 1 1 1 1 1 
1 1 1 1 1 1 1 1 1 
1 1 1 1 1 1 1 1 1 
1 1 1 1 1 1 1 1 1 
1 1 1 1 1 1 1 1 1 
1 1 1 1 1 1 1 1 1 
1 1 1 1 1 1 1 1 1 
1 1 1 1 1 1 1 1 1 
1 1 1 1 1 1 1 1 1 
1 1 1 1 1 1 1 1 1 
1 1 1 1 1 1 1 1 1 
1 1 1 1 1 1 1 1 1 
1 1 1 1 1 1 1 1 1 
1 1 1 1 1 1 1 1 1 
1 1 1 1 1 1 1 1 1 
1 1 1 1 1 1 1 1 1 
1 1 1 1 1 1 1 1 1 
1 1 1 1 1 1 1 1 1 
1 1 1 1 1 1 1 1 1 
1 1 1 1 1 1 1 1 1 
1 1 1 1 1 1 1 1 1 
1 1 1 1 1 1 1 1 1 
1 1 1 1 1 1 1 1 1 
1 1 1 1 1 1 1 1 1 
1 1 1 1 1 1 1 1 1 
1 1 1 1 1 1 1 1 1 
1 1 1 1 1 1 1 1 1 
1 1 1 1 1 1 1 1 1 
1 1 1 1 1 1 1 1 1 
1 1 1 1 1 1 1 1 1 
1 1 1 1 1 1 1 1 1 
1 1 1 1 1 1 1 1 1 
1 1 1 1 1 1 1 1 1 
1 1 1 1 1 1 1 1 1 
1 1 1 1 1 1 1 1 1 
1 1 1 1 1 1 1 1 1 
1 1 1 1 1 1 1 1 1 
1 1 1 1 1 1 1 1 1 
1 1 1 1 1 1 1 1 1 
1 1 1 1 1 1 1 1 1 
1 1 1 1 1 1 1 1 1 
1 1 1 1 1 1 1 1 1 
1 1 1 1 1 1 1 1 1 
1 1 1 1 1 1 1 1 1 
1 1 1 1 1 1 1 1 1 
1 1 1 1 1 1 1 1 1 
1 1 1 1 1 1 1 1 1 
1 1 1 1 1 1 1 1 1 
1 1 1 1 1 1 1 1 1 
1 1 1 1 1 1 1 1 1 
1 1 1 1 1 1 1 1 1 
1 1 1 1 1 1 1 1 1 
1 1 1 1 1 1 1 1 1 
1 1 1 1 1 1 1 1 1 
1 1 1 1 1 1 1 1 1 
1 1 1 1 1 1 1 1 1 
1 1 1 1 1 1 1 1 1 
1 1 1 1 1 1 1 1 1 
1 1 1 1 1 1 1 1 1 
1 1 1 1 1 1 1 1 1 
1 1 1 1 1 1 1 1 1 
1 1 1 1 1 1 1 1 1 
1 1 1 1 1 1 1 1 1 
1 1 1 1 1 1 1 1 1 
1 1 1 1 1 1 1 1 1 
1 1 1 1 1 1 1 1 1 
1 1 1 1 1 1 1 1 1 
1 1 1 1 1 1 1 1 1 
1 1 1 1 1 1 1 1 1 
1 1 1 1 1 1 1 1 1 
1 1 1 1 1 1 1 1 1 
1 1 1 1 1 1 1 1 1 
1 1 1 1 1 1 1 1 1 
1 1 1 1 1 1 1 1 1 
1 1 1 1 1 1 1 1 1 
1 1 1 1 1 1 1 1 1 
1 1 1 1 1 1 1 1 1 
1 1 1 1 1 1 1 1 1 
1 1 1 1 1 1 1 1 1 
1 1 1 1 1 1 1 1 1 
1 1 1 1 1 1 1 1 1 
1 1 1 1 1 1 1 1 1 
1 1 1 1 1 1 1 1 1 
1 1 1 1 1 1 1 1 1 
1 1 1 1 1 1 1 1 1 
1 1 1 1 1 1 1 1 1 
1 1 1 1 1 1 1 1 1 
1 1 1 1 1 1 1 1 1 
1 1 1 1 1 1 1 1 1 
1 1 1 1 1 1 1 1 1 
1 1 1 1 1 1 1 1 1 
1 1 1 1 1 1 1 1 1 
1 1 1 1 1 1 1 1 1 
1 1 1 1 1 1 1 1 1 
1 1 1 1 1 1 1 1 1 
1 1 1 1 1 1 1 1 1 
1 1 1 1 1 1 1 1 1 
1 1 1 1 1 1 1 1 1 
1 1 
