# vtk DataFile Version 5.1
vtk output
ASCII
DATASET POLYDATA
POINTS 3548 float
0.0417857 0.0705437 0.706842 0.0452087 0.061625 0.688992 0.0555854 0.0782197 0.694171 
0.0278247 0.0714906 0.69221 0.0382014 0.0880853 0.69739 0.0104407 0.0813561 0.695429 
0.0208174 0.0979508 0.700609 0.00701781 0.0902748 0.713279 -0.00694323 0.0912217 0.698648 
0.00343346 0.107816 0.703827 -0.0243272 0.101087 0.701866 -0.0139505 0.117682 0.707046 
-0.0277501 0.110006 0.719716 -0.0417112 0.110953 0.705085 -0.0313345 0.127547 0.710265 
0.291739 0.027159 0.661635 0.295162 0.0182403 0.643785 0.305538 0.034835 0.648965 
0.277778 0.0281058 0.647004 0.288154 0.0447006 0.652184 0.22921 0.0401609 0.666111 
0.232633 0.0312422 0.648261 0.24301 0.0478369 0.653441 0.215249 0.0411077 0.65148 
0.225626 0.0577025 0.65666 0.197865 0.0509733 0.654698 0.208242 0.067568 0.659878 
0.194442 0.059892 0.672549 0.166682 0.0531628 0.670588 0.170104 0.0442441 0.652737 
0.138921 0.0464336 0.668626 0.142344 0.0375149 0.650776 0.11116 0.0397044 0.666665 
0.114583 0.0307858 0.648815 0.0833995 0.0329753 0.664704 0.0868225 0.0240566 0.646854 
0.0556389 0.0262461 0.662743 0.0590618 0.0173274 0.644893 0.0416779 0.0271929 0.648111 
0.190858 0.0774336 0.663097 0.163097 0.0707044 0.661136 0.135337 0.0639752 0.659175 
0.117953 0.0738407 0.662393 0.104153 0.0661647 0.675064 0.0763923 0.0594355 0.673103 
0.0486316 0.0527063 0.671141 0.0242939 0.0370585 0.65133 0.020871 0.0459772 0.66918 
-0.0068897 0.039248 0.667219 -0.00346677 0.0303293 0.649369 -0.0208507 0.0401949 0.652587 
0.100569 0.0837063 0.665612 0.0728079 0.0769771 0.663651 0.0554239 0.0868426 0.666869 
0.0138637 0.0724374 0.677579 -0.013897 0.0657082 0.675618 -0.0382347 0.0500604 0.655806 
-0.0416576 0.0589791 0.673656 -0.0556187 0.0599259 0.659025 0.03804 0.0967082 0.670088 
0.00685639 0.0988977 0.685977 0.0102793 0.089979 0.668127 -0.0209043 0.0921685 0.684016 
-0.00710465 0.0998446 0.671346 -0.0486649 0.0854393 0.682055 -0.0730026 0.0697915 0.662243 
-0.0764256 0.0787102 0.680094 -0.0903866 0.079657 0.665462 -0.0279115 0.118629 0.692414 
-0.0244886 0.10971 0.674564 -0.0522493 0.102981 0.672603 -0.0800099 0.0962517 0.670642 
0.326345 0.0160508 0.627896 0.329768 0.00713212 0.610046 0.340145 0.0237268 0.615226 
0.298585 0.00932162 0.625935 0.302007 0.00040294 0.608085 0.270824 0.00259244 0.623974 
0.274247 -0.00632624 0.606123 0.243063 -0.00413674 0.622012 0.246486 -0.0130554 0.604162 
0.229102 -0.00318987 0.607381 0.319338 0.0425111 0.636294 0.333138 0.0501871 0.623624 
0.263817 0.0290527 0.632372 0.236056 0.0223235 0.630411 0.211718 0.00667567 0.6106 
0.208295 0.0155943 0.62845 0.180535 0.00886517 0.626489 0.183958 -5.35073e-05 0.608638 
0.152774 0.00213599 0.624527 0.156197 -0.00678268 0.606677 0.125013 -0.00459318 0.622566 
0.128436 -0.0135119 0.604716 0.111052 -0.00364632 0.607935 0.315754 0.0600526 0.626843 
0.28457 0.0622421 0.642732 0.29837 0.0699182 0.630061 0.256809 0.055513 0.640771 
0.201288 0.0420546 0.636848 0.173527 0.0353254 0.634887 0.145767 0.0285963 0.632926 
0.118006 0.0218671 0.630965 0.0936683 0.00621922 0.611153 0.0902454 0.0151379 0.629004 
0.0624848 0.00840872 0.627042 0.0659077 -0.000509954 0.609192 0.0347241 0.00167955 0.625081 
0.038147 -0.00723913 0.607231 0.0207631 0.00262641 0.61045 0.280986 0.0797837 0.63328 
0.253225 0.0730546 0.631319 0.222041 0.0752441 0.647208 0.235841 0.0829201 0.634537 
0.0277168 0.0281398 0.63348 0.00337909 0.012492 0.613668 -4.38392e-05 0.0214106 0.631518 
-0.0278045 0.0146815 0.629557 -0.0243816 0.00576278 0.611707 -0.0555651 0.00795228 0.627596 
-0.0521422 -0.000966401 0.609746 -0.0695262 0.00889914 0.612965 0.218457 0.0927856 0.637756 
0.190696 0.0860565 0.635795 0.162936 0.0793273 0.633834 0.135175 0.0725981 0.631873 
0.117791 0.0824637 0.635091 -0.0348118 0.0411417 0.637956 -0.0625724 0.0344125 0.635995 
-0.0869102 0.0187647 0.616183 -0.0903331 0.0276834 0.634033 -0.104294 0.0286302 0.619402 
0.100407 0.0923292 0.63831 0.0692236 0.0945187 0.654199 0.0830232 0.102195 0.641529 
-0.0695797 0.0608728 0.644393 -0.0973404 0.0541436 0.642432 -0.121678 0.0384958 0.622621 
-0.125101 0.0474144 0.640471 -0.139062 0.0483613 0.625839 0.0656392 0.11206 0.644747 
0.0378786 0.105331 0.642786 0.00669497 0.107521 0.658675 0.0204946 0.115197 0.646005 
-0.104348 0.0806039 0.65083 -0.118309 0.0815508 0.636199 -0.128685 0.064956 0.631019 
0.00311063 0.125062 0.649223 -0.02465 0.118333 0.647262 -0.0524107 0.111604 0.645301 
-0.0801713 0.104875 0.64334 -0.107932 0.0981455 0.641379 0.360952 0.00494262 0.594157 
0.364375 -0.00397606 0.576306 0.374751 0.0126187 0.581486 0.333191 -0.00178656 0.592196 
0.336614 -0.0107052 0.574345 0.30543 -0.00851574 0.590234 0.308853 -0.0174344 0.572384 
0.27767 -0.0152449 0.588273 0.281093 -0.0241636 0.570423 0.263709 -0.0142981 0.573642 
0.353944 0.0314029 0.602555 0.367744 0.0390789 0.589885 0.246325 -0.00443251 0.57686 
0.215141 -0.00224301 0.592749 0.218564 -0.0111617 0.574899 0.187381 -0.00897219 0.590788 
0.190803 -0.0178909 0.572938 0.173419 -0.00802532 0.576156 0.35036 0.0489445 0.593103 
0.332976 0.05881 0.596322 0.156036 0.00184022 0.579375 0.128275 -0.00488895 0.577414 
0.0970913 -0.00269945 0.593303 0.100514 -0.0116181 0.575453 0.0693306 -0.00942863 0.591342 
0.0727535 -0.0183473 0.573492 0.0553696 -0.00848177 0.57671 0.312169 0.0775942 0.617391 
0.325969 0.0852703 0.60472 0.0379856 0.00138378 0.579929 0.00680203 0.00357328 0.595818 
0.010225 -0.0053454 0.577968 -0.0209586 -0.0031559 0.593857 -0.0175357 -0.0120746 0.576007 
-0.0487193 -0.00988508 0.591896 -0.0452964 -0.0188038 0.574045 -0.0764799 -0.0166143 0.589934 
-0.073057 -0.0255329 0.572084 -0.090441 -0.0156674 0.575303 0.308585 0.0951358 0.607939 
0.280824 0.0884066 0.605978 0.253064 0.0816775 0.604017 0.23568 0.091543 0.607235 
-0.0834872 0.00984601 0.598333 -0.107825 -0.00580185 0.578521 -0.111248 0.00311683 0.596372 
-0.139009 -0.00361235 0.594411 -0.135586 -0.012531 0.57656 -0.166769 -0.0103415 0.592449 
-0.163346 -0.0192602 0.574599 -0.18073 -0.00939466 0.577818 0.218296 0.101409 0.610454 
0.190535 0.0946794 0.608493 0.162774 0.0879502 0.606532 0.131591 0.0901397 0.622421 
0.14539 0.0978157 0.60975 -0.118255 0.0295771 0.60477 -0.146016 0.0228479 0.602809 
-0.173776 0.0161187 0.600848 -0.198114 0.000470882 0.581036 -0.201537 0.00938956 0.598887 
-0.215498 0.0103364 0.584255 0.128006 0.107681 0.612969 0.100246 0.100952 0.611008 
0.0828618 0.110818 0.614227 -0.1496 0.0403895 0.593357 -0.139223 0.0569842 0.598537 
-0.177361 0.0336603 0.591396 -0.205121 0.0269311 0.589435 0.0654778 0.120683 0.617445 
0.0377171 0.113954 0.615484 0.00995649 0.107225 0.613523 0.00653356 0.116144 0.631373 
-0.00742748 0.11709 0.616741 -0.11847 0.0901737 0.608897 -0.128847 0.0735789 0.603717 
-0.0248114 0.126956 0.61996 -0.0525721 0.120227 0.617999 -0.0803328 0.113498 0.616038 
-0.108093 0.106768 0.614077 0.364213 0.00464685 0.549004 0.37459 0.0212416 0.554184 
0.336453 -0.00208233 0.547043 0.308692 -0.00881151 0.545082 0.280931 -0.0155407 0.543121 
0.249748 -0.0133512 0.55901 0.253171 -0.0222699 0.54116 0.235787 -0.0124043 0.544378 
0.367583 0.0477018 0.562583 0.218403 -0.00253878 0.547597 0.190642 -0.00926796 0.545636 
0.159458 -0.00707845 0.561525 0.162881 -0.0159971 0.543675 0.145497 -0.00613159 0.546893 
0.346776 0.0664861 0.583652 0.360575 0.0741621 0.570981 0.128113 0.00373395 0.550112 
0.100353 -0.00299522 0.548151 0.0725921 -0.0097244 0.54619 0.0414085 -0.0075349 0.562079 
0.0448315 -0.0164536 0.544228 0.0136479 -0.0142641 0.560117 0.0170708 -0.0231828 0.542267 
-0.0141128 -0.0209933 0.558156 -0.0106898 -0.0299119 0.540306 -0.0418734 -0.0277224 0.556195 
-0.0384505 -0.0366411 0.538345 -0.0696341 -0.0344516 0.554234 -0.0662111 -0.0433703 0.536384 
-0.0835951 -0.0335047 0.539602 0.343191 0.0840276 0.5742 0.325807 0.0938932 0.577418 
-0.104402 -0.0147205 0.560671 -0.100979 -0.0236392 0.542821 -0.132163 -0.0214497 0.55871 
-0.12874 -0.0303684 0.54086 -0.159923 -0.0281789 0.556749 -0.1565 -0.0370976 0.538899 
-0.173884 -0.027232 0.542117 0.308423 0.103759 0.580637 0.280663 0.0970296 0.578676 
0.249479 0.099219 0.594565 0.263279 0.106895 0.581895 -0.180892 -0.000771753 0.550516 
0.245895 0.116761 0.585113 0.218134 0.110031 0.583152 0.190374 0.103302 0.581191 
0.15919 0.105492 0.59708 0.17299 0.113168 0.58441 -0.198276 0.00909379 0.553734 
-0.21566 0.0189593 0.556953 0.155606 0.123033 0.587628 0.127845 0.116304 0.585667 
0.100084 0.109575 0.583706 0.0827003 0.119441 0.586924 -0.153185 0.0579311 0.583906 
-0.167146 0.058878 0.569274 -0.177522 0.0422832 0.564094 -0.205283 0.0355541 0.562133 
0.0653164 0.129306 0.590143 0.0375557 0.122577 0.588182 0.00979507 0.115848 0.586221 
-0.00758889 0.125713 0.589439 -0.118632 0.0987966 0.581595 -0.129008 0.0822019 0.576415 
-0.156769 0.0754727 0.574454 -0.0249729 0.135579 0.592658 -0.0527335 0.12885 0.590697 
-0.0804942 0.12212 0.588736 -0.108255 0.115391 0.586775 0.367636 -0.00427183 0.531154 
0.371059 -0.0131905 0.513304 0.381436 0.00340421 0.518484 0.339876 -0.011001 0.529193 
0.343298 -0.0199197 0.511343 0.312115 -0.0177302 0.527232 0.315538 -0.0266489 0.509381 
0.298154 -0.0167833 0.5126 0.374429 0.0298645 0.526882 0.28077 -0.00691778 0.515819 
0.253009 -0.013647 0.513858 0.235625 -0.00378141 0.517076 0.367421 0.0563247 0.535281 
0.218241 0.00608413 0.520295 0.190481 -0.000645047 0.518334 0.16272 -0.00737422 0.516373 
0.131536 -0.00518472 0.532262 0.134959 -0.0141034 0.514411 0.103776 -0.0119139 0.5303 
0.107199 -0.0208326 0.51245 0.0898147 -0.010967 0.515669 0.360414 0.082785 0.543679 
0.0724307 -0.00110149 0.518888 0.0446701 -0.00783067 0.516926 0.0169094 -0.0145599 0.514965 
-0.0108512 -0.021289 0.513004 -0.0386119 -0.0280182 0.511043 -0.0663726 -0.0347474 0.509082 
-0.0975561 -0.0325579 0.524971 -0.0941332 -0.0414766 0.50712 -0.125317 -0.0392871 0.52301 
-0.121894 -0.0482057 0.505159 -0.153077 -0.0460162 0.521048 -0.149655 -0.0549349 0.503198 
-0.167038 -0.0450694 0.506417 0.34303 0.0926505 0.546898 0.325646 0.102516 0.550116 
-0.174046 -0.0186091 0.514815 0.308262 0.112382 0.553335 0.277078 0.114571 0.569224 
0.290878 0.122247 0.556554 -0.19143 -0.00874357 0.518034 -0.194853 0.000175112 0.535884 
-0.208814 0.00112198 0.521253 0.273494 0.132113 0.559772 0.245733 0.125384 0.557811 
0.217973 0.118654 0.55585 0.190212 0.111925 0.553889 0.172828 0.121791 0.557107 
-0.229621 0.0199062 0.542321 -0.226198 0.0109875 0.524471 -0.243582 0.0208531 0.52769 
0.155444 0.131656 0.560326 0.127684 0.124927 0.558365 0.0999229 0.118198 0.556404 
0.0825389 0.128063 0.559622 -0.167307 0.0675009 0.541972 -0.177684 0.0509061 0.536792 
-0.205444 0.044177 0.534831 -0.233205 0.0374478 0.53287 0.065155 0.137929 0.562841 
0.0373943 0.1312 0.56088 0.00963366 0.124471 0.558919 -0.018127 0.117741 0.556958 
-0.0215499 0.12666 0.574808 -0.035511 0.127607 0.560176 -0.132593 0.0997434 0.566963 
-0.146554 0.10069 0.552332 -0.15693 0.0840956 0.547152 -0.0528949 0.137473 0.563395 
-0.0806556 0.130743 0.561434 -0.108416 0.124014 0.559473 -0.136177 0.117285 0.557511 
0.381489 -0.0485695 0.487055 0.384912 -0.0574881 0.469205 0.395289 -0.0408934 0.474385 
0.367528 -0.0476226 0.472423 0.374482 -0.0221092 0.495454 0.388282 -0.0144331 0.482783 
0.350144 -0.037757 0.475642 0.346721 -0.0288384 0.493492 0.318961 -0.0355675 0.491531 
0.322384 -0.0444862 0.473681 0.305 -0.0346207 0.4769 0.381274 0.0120271 0.491182 
0.284193 -0.0158365 0.497969 0.287616 -0.0247551 0.480118 0.270232 -0.0148896 0.483337 
0.374267 0.0384874 0.49958 0.252848 -0.00502405 0.486556 0.221664 -0.00283455 0.502445 
0.225087 -0.0117532 0.484594 0.207703 -0.00188768 0.487813 0.36726 0.0649476 0.507979 
0.190319 0.00797786 0.491032 0.162559 0.00124868 0.489071 0.134798 -0.00548049 0.487109 
0.107037 -0.0122097 0.485148 0.0758536 -0.0100202 0.501037 0.0792766 -0.0189389 0.483187 
0.048093 -0.0167494 0.499076 0.0515159 -0.025668 0.481226 0.0203323 -0.0234785 0.497115 
0.0237553 -0.0323972 0.479265 -0.00742832 -0.0302077 0.495154 -0.00400538 -0.0391264 0.477303 
-0.035189 -0.0369369 0.493193 -0.031766 -0.0458556 0.475342 -0.0629496 -0.0436661 0.491231 
-0.0595267 -0.0525847 0.473381 -0.0907103 -0.0503952 0.48927 -0.0872874 -0.0593139 0.47142 
-0.118471 -0.0571244 0.487309 -0.115048 -0.0660431 0.469459 -0.146232 -0.0638536 0.485348 
-0.142809 -0.0727723 0.467498 -0.173992 -0.0705828 0.483387 -0.170569 -0.0795015 0.465536 
-0.187953 -0.0696359 0.468755 0.360253 0.0914079 0.516377 -0.181 -0.0441225 0.491785 
-0.194961 -0.0431756 0.477154 0.342869 0.101273 0.519596 0.325485 0.111139 0.522814 
-0.188007 -0.0176622 0.500184 -0.201968 -0.0167154 0.485552 0.308101 0.121005 0.526033 
0.290717 0.13087 0.529252 -0.222775 0.00206884 0.506621 -0.219352 -0.00684984 0.488771 
-0.236736 0.00301571 0.491989 0.273333 0.140736 0.53247 0.245572 0.134006 0.530509 
0.217811 0.127277 0.528548 0.190051 0.120548 0.526587 0.172667 0.130414 0.529805 
-0.257543 0.0217999 0.513058 -0.25412 0.0128813 0.495208 -0.271504 0.0227468 0.498427 
0.155283 0.140279 0.533024 0.127522 0.13355 0.531063 0.0997615 0.126821 0.529102 
0.0823775 0.136686 0.53232 -0.167468 0.0761238 0.51467 -0.177845 0.059529 0.50949 
-0.205606 0.0527999 0.507529 -0.233366 0.0460707 0.505568 -0.261127 0.0393415 0.503606 
0.0649936 0.146552 0.535539 0.0372329 0.139823 0.533578 0.00947224 0.133094 0.531617 
-0.0182884 0.126364 0.529656 -0.0356724 0.13623 0.532874 -0.146715 0.109313 0.525029 
-0.157092 0.0927185 0.51985 -0.0530563 0.146095 0.536093 -0.080817 0.139366 0.534132 
-0.108578 0.132637 0.53217 -0.136338 0.125908 0.530209 0.360575 -0.073136 0.449393 
0.363997 -0.0820547 0.431543 0.374374 -0.0654599 0.436723 0.346613 -0.0721891 0.434762 
0.384751 -0.0488652 0.441903 0.395128 -0.0322705 0.447083 0.353567 -0.0466757 0.457792 
0.32923 -0.0623236 0.43798 0.325807 -0.0534049 0.455831 0.311846 -0.052458 0.441199 
0.38812 -0.00581024 0.455481 0.291039 -0.0336738 0.462268 0.294462 -0.0425925 0.444418 
0.277078 -0.0327269 0.447636 0.381113 0.02065 0.46388 0.256271 -0.0139427 0.468705 
0.259694 -0.0228614 0.450855 0.22851 -0.0206719 0.466744 0.231933 -0.0295906 0.448894 
0.214549 -0.019725 0.452113 -0.0768571 -0.0946929 0.445171 -0.0734342 -0.103612 0.427321 
-0.0630575 -0.0870168 0.432501 -0.104618 -0.101422 0.44321 -0.101195 -0.110341 0.42536 
-0.132378 -0.108151 0.441249 -0.128956 -0.11707 0.423399 -0.146339 -0.107204 0.426617 
0.374106 0.0471103 0.472278 0.193742 -0.000940817 0.473181 0.197165 -0.00985949 0.455331 
0.165981 -0.00766999 0.47122 0.169404 -0.0165887 0.45337 0.138221 -0.0143992 0.469259 
0.141644 -0.0233179 0.451409 0.11046 -0.0211284 0.467298 0.113883 -0.030047 0.449448 
0.0826995 -0.0278575 0.465337 0.0861224 -0.0367762 0.447486 0.0549389 -0.0345867 0.463376 
0.0583618 -0.0435054 0.445525 0.0271782 -0.0413159 0.461414 0.0306011 -0.0502346 0.443564 
-0.000582451 -0.0480451 0.459453 0.00284048 -0.0569637 0.441603 -0.0283431 -0.0547742 0.457492 
-0.0249202 -0.0636929 0.439642 -0.0561038 -0.0615034 0.455531 -0.0526808 -0.0704221 0.437681 
-0.0838644 -0.0682326 0.45357 -0.111625 -0.0749618 0.451609 -0.139386 -0.081691 0.449647 
-0.163723 -0.0973388 0.429836 -0.167146 -0.0884201 0.447686 -0.194907 -0.0951493 0.445725 
-0.191484 -0.104068 0.427875 -0.208868 -0.0942024 0.431093 0.356722 0.0569758 0.475497 
0.353299 0.0658945 0.493347 0.339338 0.0668414 0.478715 -0.198491 -0.0776077 0.436273 
-0.188115 -0.061013 0.441453 0.346292 0.0923548 0.501745 0.33233 0.0933016 0.487114 
-0.195122 -0.0345527 0.449852 0.325323 0.119762 0.495512 -0.202129 -0.00809247 0.45825 
0.307939 0.129627 0.498731 0.280179 0.122898 0.49677 0.276756 0.131817 0.51462 
0.262795 0.132764 0.499988 -0.219513 0.00177307 0.461469 -0.236897 0.0116386 0.464687 
0.245411 0.142629 0.503207 0.21765 0.1359 0.501246 0.189889 0.129171 0.499285 
0.172505 0.139037 0.502503 -0.254281 0.0215042 0.467906 -0.285465 0.0236937 0.483795 
-0.282042 0.014775 0.465945 -0.299426 0.0246405 0.469163 0.155121 0.148902 0.505722 
0.127361 0.142173 0.503761 0.0996001 0.135444 0.5018 0.0822161 0.145309 0.505018 
-0.16763 0.0847467 0.487368 -0.178006 0.068152 0.482188 -0.205767 0.0614228 0.480227 
-0.233528 0.0546936 0.478266 -0.261288 0.0479644 0.476304 -0.289049 0.0412352 0.474343 
0.0648321 0.155175 0.508237 0.0370715 0.148446 0.506276 0.00931083 0.141716 0.504315 
-0.0184498 0.134987 0.502353 -0.0462105 0.128258 0.500392 -0.0496334 0.137177 0.518243 
-0.0635945 0.138124 0.503611 -0.146876 0.117936 0.497727 -0.157253 0.101341 0.492548 
-0.0809784 0.147989 0.50683 -0.108739 0.14126 0.504868 -0.1365 0.134531 0.502907 
0.360413 -0.0645131 0.422091 0.277131 -0.0847006 0.416208 0.280554 -0.0936193 0.398358 
0.290931 -0.0770246 0.403537 0.26317 -0.0837537 0.401576 0.384589 -0.0402423 0.414601 
0.394966 -0.0236476 0.419781 0.356829 -0.0469715 0.41264 0.329068 -0.0537007 0.410678 
0.297885 -0.0515112 0.426567 0.301307 -0.0604298 0.408717 0.270124 -0.0582403 0.424606 
0.256163 -0.0572935 0.409975 0.387959 0.00281267 0.428179 0.263117 -0.0317801 0.433005 
0.238779 -0.0474279 0.413193 0.235356 -0.0385093 0.431044 0.207595 -0.0452384 0.429082 
0.211018 -0.0541571 0.411232 0.193634 -0.0442916 0.414451 -0.0422506 -0.105801 0.411432 
-0.0388277 -0.11472 0.393582 -0.028451 -0.098125 0.398761 -0.0700113 -0.11253 0.409471 
-0.0665883 -0.121449 0.39162 -0.0977719 -0.119259 0.40751 -0.094349 -0.128178 0.389659 
-0.111733 -0.118313 0.392878 0.380952 0.0292729 0.436578 0.200588 -0.0187782 0.437481 
0.17625 -0.034426 0.41767 0.172827 -0.0255074 0.43552 0.145067 -0.0322365 0.433559 
0.14849 -0.0411552 0.415708 0.117306 -0.0389657 0.431597 0.120729 -0.0478844 0.413747 
0.0895454 -0.0456949 0.429636 0.0929683 -0.0546136 0.411786 0.0617847 -0.0524241 0.427675 
0.0652077 -0.0613427 0.409825 0.0340241 -0.0591532 0.425714 0.037447 -0.0680719 0.407864 
0.00626341 -0.0658824 0.423753 0.00968635 -0.0748011 0.405902 -0.0214972 -0.0726116 0.421792 
-0.0180743 -0.0815303 0.403941 -0.0492579 -0.0793408 0.41983 -0.129117 -0.108447 0.396097 
-0.146501 -0.0985814 0.399315 0.363568 0.0391385 0.439796 0.360145 0.0480572 0.457646 
0.346184 0.049004 0.443015 -0.163885 -0.0887159 0.402534 -0.191646 -0.0954451 0.400573 
-0.222829 -0.0932556 0.416462 -0.219406 -0.102174 0.398612 -0.23679 -0.0923087 0.40183 
0.339176 0.0754643 0.451413 -0.202076 -0.0600661 0.426821 -0.216037 -0.0591193 0.41219 
-0.226413 -0.075714 0.40701 0.332169 0.101925 0.459812 -0.195283 -0.0259298 0.422549 
-0.20566 -0.0425245 0.41737 0.314785 0.11179 0.46303 0.311362 0.120709 0.480881 
0.297401 0.121656 0.466249 -0.212667 -0.0160643 0.425768 -0.21609 -0.00714561 0.443618 
-0.230051 -0.00619874 0.428987 0.280017 0.131521 0.469468 0.262633 0.141387 0.472686 
-0.250858 0.0125855 0.450056 -0.247435 0.0036668 0.432205 -0.264819 0.0135323 0.435424 
0.245249 0.151252 0.475905 0.217489 0.144523 0.473944 0.189728 0.137794 0.471983 
0.161967 0.131065 0.470022 0.158544 0.139983 0.487872 0.144583 0.14093 0.47324 
-0.282203 0.0233979 0.438643 -0.299587 0.0332634 0.441861 0.127199 0.150796 0.476459 
0.0994387 0.144067 0.474498 0.071678 0.137337 0.472536 0.0682551 0.146256 0.490387 
0.054294 0.147203 0.475755 -0.181591 0.0856935 0.472736 -0.195552 0.0866404 0.458105 
-0.205929 0.0700457 0.452925 -0.233689 0.0633165 0.450964 -0.26145 0.0565873 0.449002 
-0.289211 0.0498582 0.447041 0.0369101 0.157069 0.478974 0.00914941 0.150339 0.477013 
-0.0186112 0.14361 0.475051 -0.0463719 0.136881 0.47309 -0.0637559 0.146747 0.476309 
-0.147038 0.126559 0.470425 -0.157415 0.109964 0.465246 -0.185175 0.103235 0.463284 
-0.0811398 0.156612 0.479528 -0.1089 0.149883 0.477566 -0.136661 0.143154 0.475605 
0.280393 -0.0849964 0.371056 0.290769 -0.0684017 0.376235 0.249209 -0.0828069 0.386945 
0.252632 -0.0917256 0.369094 0.221448 -0.0895361 0.384983 0.224871 -0.0984547 0.367133 
0.193688 -0.0962652 0.383022 0.197111 -0.105184 0.365172 0.179727 -0.0953184 0.368391 
0.381005 -0.0227007 0.405149 0.353244 -0.0294299 0.403188 0.339283 -0.028483 0.388556 
0.328907 -0.0450778 0.383376 0.301146 -0.0518069 0.381415 0.242202 -0.0563466 0.395343 
0.214441 -0.0630758 0.393382 0.18668 -0.069805 0.391421 0.162343 -0.0854528 0.371609 
0.15892 -0.0765342 0.38946 0.144959 -0.0755873 0.374828 -0.0354048 -0.123638 0.375731 
-0.0319818 -0.132557 0.357881 -0.0216051 -0.115962 0.363061 -0.0493658 -0.122692 0.3611 
0.373998 0.00375954 0.413547 0.360037 0.0047064 0.398916 0.34966 -0.0118883 0.393736 
0.179673 -0.0433447 0.399819 0.151913 -0.0500739 0.397858 0.127575 -0.0657217 0.378047 
0.124152 -0.0568031 0.395897 0.0963912 -0.0635322 0.393936 0.0998142 -0.0724509 0.376085 
0.0824302 -0.0625854 0.379304 0.0131093 -0.0837198 0.388052 0.0165322 -0.0926385 0.370202 
0.0269089 -0.0760437 0.375382 -0.0146514 -0.090449 0.386091 -0.0112284 -0.0993676 0.368241 
-0.0667498 -0.112826 0.364318 -0.0945104 -0.119555 0.362357 -0.111894 -0.10969 0.365576 
0.366991 0.0302198 0.421946 0.353029 0.0311667 0.407314 0.0650462 -0.0527198 0.382523 
0.0372856 -0.059449 0.380562 -0.129278 -0.0998241 0.368795 -0.160462 -0.0976346 0.384684 
-0.157039 -0.106553 0.366833 -0.188223 -0.104364 0.382722 -0.1848 -0.113282 0.364872 
-0.202184 -0.103417 0.368091 0.346022 0.0576269 0.415713 -0.219568 -0.0935513 0.371309 
-0.250751 -0.0913618 0.387199 -0.247328 -0.100281 0.369348 -0.264712 -0.090415 0.372567 
0.339015 0.0840872 0.424111 -0.229998 -0.0581724 0.397558 -0.243959 -0.0572255 0.382927 
-0.254336 -0.0738203 0.377747 0.321631 0.0939527 0.42733 0.318208 0.102871 0.44518 
0.304247 0.103818 0.430549 -0.209244 -0.024983 0.407918 -0.223205 -0.0240361 0.393286 
-0.233582 -0.0406308 0.388106 0.286863 0.113684 0.433767 0.28344 0.122603 0.451618 
0.269479 0.123549 0.436986 -0.244012 -0.00525188 0.414355 -0.240589 -0.0141706 0.396505 
-0.257973 -0.00430501 0.399724 0.252095 0.133415 0.440205 0.248672 0.142334 0.458055 
0.224334 0.126686 0.438243 0.220911 0.135604 0.456094 0.20695 0.136551 0.441462 
-0.27878 0.0144792 0.420792 -0.275357 0.00556053 0.402942 -0.292741 0.0154261 0.406161 
0.189566 0.146417 0.444681 0.161806 0.139688 0.442719 0.144422 0.149553 0.445938 
-0.313548 0.0342103 0.42723 -0.310125 0.0252916 0.40938 -0.327509 0.0351572 0.412598 
0.127038 0.159419 0.449157 0.0992772 0.15269 0.447196 0.0715166 0.14596 0.445234 
0.0541326 0.155826 0.448453 -0.195713 0.0952633 0.430803 -0.20609 0.0786686 0.425623 
-0.233851 0.0719394 0.423662 -0.261611 0.0652102 0.4217 -0.289372 0.0584811 0.419739 
-0.317133 0.0517519 0.417778 0.0367487 0.165691 0.451672 0.00898799 0.158962 0.449711 
-0.0187727 0.152233 0.447749 -0.0465333 0.145504 0.445788 -0.074294 0.138775 0.443827 
-0.0777169 0.147693 0.461677 -0.102055 0.132046 0.441866 -0.105478 0.140964 0.459716 
-0.129815 0.125316 0.439905 -0.133238 0.134235 0.457755 -0.157576 0.118587 0.437944 
-0.185337 0.111858 0.435982 0.276808 -0.0674548 0.361604 0.262847 -0.0665079 0.346972 
0.252471 -0.0831027 0.341792 0.22471 -0.0898318 0.339831 0.196949 -0.096561 0.33787 
0.165766 -0.0943715 0.353759 0.169189 -0.10329 0.335909 0.151805 -0.0934246 0.339127 
0.325322 -0.0275362 0.373925 0.297562 -0.0342654 0.371963 0.283601 -0.0333185 0.357332 
0.273224 -0.0499132 0.352152 0.130998 -0.0746404 0.360196 0.134421 -0.0835591 0.342346 
0.117037 -0.0736936 0.345565 0.0199551 -0.101557 0.352352 0.0233781 -0.110476 0.334501 
0.0337548 -0.0938811 0.339681 -0.00780551 -0.108286 0.35039 -0.00438258 -0.117205 0.33254 
-0.0321432 -0.123934 0.330579 -0.0633268 -0.121745 0.346468 -0.0599039 -0.130663 0.328618 
-0.0772879 -0.120798 0.331837 0.346076 0.00565327 0.384284 0.332115 0.00660013 0.369653 
0.321738 -0.00999459 0.364473 0.293977 -0.0167238 0.362512 0.0996528 -0.063828 0.348783 
0.0822688 -0.0539625 0.352002 0.0407085 -0.0683677 0.362711 0.0441315 -0.0772864 0.344861 
0.0545081 -0.0606916 0.350041 -0.0946718 -0.110932 0.335055 -0.125855 -0.108743 0.350944 
-0.122432 -0.117661 0.333094 -0.139816 -0.107796 0.336313 0.342491 0.0231949 0.374832 
0.352868 0.0397896 0.380012 0.0648848 -0.0440969 0.355221 -0.1572 -0.0979303 0.339531 
-0.184961 -0.10466 0.33757 -0.202345 -0.094794 0.340789 0.345861 0.0662498 0.388411 
-0.219729 -0.0849284 0.344007 -0.24749 -0.0916576 0.342046 -0.278673 -0.0894681 0.357935 
-0.27525 -0.0983868 0.340085 -0.292634 -0.0885212 0.343304 0.328477 0.0761154 0.391629 
0.325054 0.0850341 0.40948 0.311093 0.0859809 0.394848 -0.25792 -0.0562787 0.368295 
-0.285681 -0.0630079 0.366334 -0.299642 -0.062061 0.351702 0.304086 0.112441 0.403247 
-0.237166 -0.0230892 0.378655 -0.264927 -0.0298184 0.376693 -0.278888 -0.0288715 0.362062 
-0.289265 -0.0454663 0.356882 0.286702 0.122307 0.406465 0.269318 0.132172 0.409684 
-0.271934 -0.00335815 0.385092 -0.285895 -0.00241128 0.37046 -0.355216 -0.0235457 0.379208 
-0.351793 -0.0324644 0.361358 -0.341417 -0.0158696 0.366538 -0.369177 -0.0225988 0.364577 
0.251934 0.142038 0.412903 0.224173 0.135309 0.410941 0.196412 0.128579 0.40898 
0.192989 0.137498 0.42683 0.179028 0.138445 0.412199 -0.306702 0.0163729 0.391529 
-0.303279 0.00745426 0.373679 -0.334463 0.00964376 0.389568 -0.33104 0.000725085 0.371718 
-0.362224 0.00291459 0.387607 -0.376185 0.00386145 0.372975 0.161644 0.148311 0.415417 
0.133884 0.141581 0.413456 0.130461 0.1505 0.431307 0.1165 0.151447 0.416675 
-0.34147 0.036104 0.397967 -0.355431 0.0370509 0.383335 -0.365808 0.0204562 0.378155 
0.0991158 0.161312 0.419894 0.0713552 0.154583 0.417932 0.0435945 0.147854 0.415971 
0.0401716 0.156773 0.433821 0.0158339 0.141125 0.41401 0.0124109 0.150044 0.43186 
-0.0119268 0.134396 0.412049 -0.0153497 0.143314 0.429899 -0.0293108 0.144261 0.415268 
-0.209674 0.0962102 0.416171 -0.237435 0.089481 0.41421 -0.265196 0.0827518 0.412249 
-0.279157 0.0836987 0.397617 -0.289533 0.067104 0.392437 -0.317294 0.0603748 0.390476 
-0.345055 0.0536456 0.388515 -0.0466947 0.154127 0.418486 -0.0744554 0.147398 0.416525 
-0.102216 0.140668 0.414564 -0.129977 0.133939 0.412603 -0.157737 0.12721 0.410641 
-0.185498 0.120481 0.40868 -0.213259 0.113752 0.406719 -0.241019 0.107023 0.404758 
-0.26878 0.100293 0.402797 0.200372 -0.10548 0.32002 0.203795 -0.114398 0.302169 
0.214172 -0.0978036 0.307349 0.172612 -0.112209 0.318059 0.176034 -0.121128 0.300208 
0.158651 -0.111262 0.303427 0.248886 -0.0655611 0.332341 0.234925 -0.0646142 0.317709 
0.224549 -0.0812089 0.312529 0.137844 -0.0924778 0.324496 0.141267 -0.101396 0.306646 
0.123883 -0.0915309 0.309864 0.273063 -0.0412903 0.32485 0.283439 -0.0246956 0.33003 
0.245302 -0.0480195 0.322889 0.103076 -0.0727467 0.330933 0.106499 -0.0816654 0.313083 
0.0891147 -0.0717998 0.316302 0.0232167 -0.101853 0.307199 0.0335933 -0.0852582 0.312379 
-0.004544 -0.108582 0.305238 -0.0323047 -0.115311 0.303277 -0.0600653 -0.12204 0.301316 
-0.0912489 -0.119851 0.317205 -0.087826 -0.12877 0.299355 -0.10521 -0.118904 0.302573 
0.318154 0.007547 0.355021 0.304193 0.00849386 0.340389 0.293816 -0.00810086 0.33521 
0.0683078 -0.0530156 0.33737 0.0717307 -0.0619343 0.31952 0.04397 -0.0686635 0.317559 
-0.122594 -0.109039 0.305792 -0.153777 -0.106849 0.321681 -0.150355 -0.115768 0.303831 
-0.167739 -0.105902 0.307049 0.338907 0.0407364 0.365381 0.324946 0.0416833 0.350749 
0.314569 0.0250886 0.345569 -0.185122 -0.0960366 0.310268 -0.216306 -0.0938471 0.326157 
-0.212883 -0.102766 0.308307 -0.244067 -0.100576 0.324196 -0.240644 -0.109495 0.306346 
-0.258028 -0.0996294 0.309564 0.335323 0.058278 0.355929 0.345699 0.0748727 0.361109 
-0.275412 -0.0897639 0.312783 -0.306595 -0.0875744 0.328672 -0.303172 -0.0964931 0.310822 
-0.320556 -0.0866275 0.314041 0.328315 0.0847383 0.364327 0.310931 0.0946038 0.367546 
-0.313603 -0.0611141 0.337071 -0.33794 -0.076762 0.317259 -0.341363 -0.0678433 0.335109 
-0.355324 -0.0668964 0.320478 0.293547 0.104469 0.370765 0.290125 0.113388 0.388615 
0.276163 0.114335 0.373983 -0.292849 -0.0279247 0.34743 -0.30681 -0.0269778 0.332799 
-0.317187 -0.0435725 0.327619 -0.334571 -0.033707 0.330837 -0.348371 -0.041383 0.343508 
-0.362332 -0.0404362 0.328876 0.25878 0.1242 0.377202 0.255357 0.133119 0.395052 
0.241396 0.134066 0.380421 -0.299857 -0.00146441 0.355829 -0.324194 -0.0171123 0.336017 
-0.327617 -0.00819359 0.353868 -0.369339 -0.0139759 0.337275 0.224012 0.143932 0.383639 
0.196251 0.137202 0.381678 0.16849 0.130473 0.379717 0.165067 0.139392 0.397567 
0.151106 0.140339 0.382936 -0.376346 0.0124844 0.345673 0.133722 0.150204 0.386154 
0.105962 0.143475 0.384193 0.102539 0.152394 0.402043 0.0885777 0.153341 0.387412 
-0.355593 0.0456738 0.356033 -0.365969 0.0290791 0.350853 0.0711938 0.163206 0.39063 
0.0434331 0.156477 0.388669 0.0156724 0.149748 0.386708 -0.0120882 0.143019 0.384747 
-0.0398489 0.136289 0.382786 -0.0432718 0.145208 0.400636 -0.0572328 0.146155 0.386004 
-0.293118 0.0846456 0.382985 -0.307079 0.0855924 0.368354 -0.317455 0.0689977 0.363174 
-0.345216 0.0622685 0.361213 -0.0746168 0.156021 0.389223 -0.102377 0.149291 0.387262 
-0.130138 0.142562 0.385301 -0.157899 0.135833 0.383339 -0.185659 0.129104 0.381378 
-0.21342 0.122375 0.379417 -0.241181 0.115645 0.377456 -0.268941 0.108916 0.375495 
-0.296702 0.102187 0.373534 0.200211 -0.0968568 0.292718 0.17245 -0.103586 0.290757 
0.224387 -0.072586 0.285227 0.234764 -0.0559913 0.290407 0.196626 -0.0793152 0.283266 
0.168866 -0.0860444 0.281305 0.141105 -0.0927735 0.279344 0.109922 -0.090584 0.295233 
0.113344 -0.0995027 0.277382 0.0959605 -0.0896372 0.280601 -0.00112106 -0.117501 0.287388 
0.00230187 -0.126419 0.269538 0.0126786 -0.109825 0.274718 -0.0288817 -0.12423 0.285427 
-0.0254588 -0.133149 0.267577 -0.0428428 -0.123283 0.270795 0.269478 -0.0237487 0.315398 
0.255517 -0.0228018 0.300767 0.24514 -0.0393966 0.295587 0.0751536 -0.070853 0.30167 
0.0785766 -0.0797716 0.28382 0.047393 -0.0775821 0.299709 0.0508159 -0.0865008 0.281859 
0.0230552 -0.09323 0.279897 -0.0602267 -0.113418 0.274014 -0.0879874 -0.120147 0.272053 
-0.105371 -0.110281 0.275271 0.290232 0.00944073 0.325758 0.276271 0.0103876 0.311126 
0.265894 -0.00620713 0.305946 -0.122755 -0.100416 0.27849 -0.150516 -0.107145 0.276529 
-0.1679 -0.0972793 0.279747 0.310985 0.0426302 0.336117 0.297024 0.043577 0.321486 
0.286647 0.0269823 0.316306 -0.185284 -0.0874137 0.282966 -0.213045 -0.0941429 0.281005 
-0.240805 -0.100872 0.279044 -0.271989 -0.0986826 0.294933 -0.268566 -0.107601 0.277083 
-0.28595 -0.0977357 0.280301 0.331738 0.0758196 0.346477 0.317777 0.0767665 0.331846 
0.307401 0.0601718 0.326666 -0.303334 -0.0878702 0.28352 -0.334517 -0.0856807 0.299409 
-0.331094 -0.0945993 0.281559 -0.348478 -0.0847338 0.284777 0.300393 0.086632 0.335064 
0.29697 0.0955507 0.352914 0.283009 0.0964976 0.338283 -0.355486 -0.0582735 0.293176 
0.276002 0.122958 0.346681 -0.320771 -0.0260309 0.318167 -0.362493 -0.0318133 0.301574 
0.258618 0.132823 0.3499 0.230857 0.126094 0.347939 0.227435 0.135013 0.365789 
0.213473 0.13596 0.351157 -0.3695 -0.005353 0.309973 0.19609 0.145825 0.354376 
0.168329 0.139096 0.352415 0.150945 0.148962 0.355634 -0.376508 0.0211073 0.318371 
0.133561 0.158827 0.358852 0.1058 0.152098 0.356891 0.0780396 0.145369 0.35493 
0.0746167 0.154288 0.37278 0.0606556 0.155234 0.358148 -0.355754 0.0542967 0.328731 
-0.366131 0.037702 0.323551 0.0432717 0.1651 0.361367 0.015511 0.158371 0.359406 
-0.0122496 0.151642 0.357445 -0.0400103 0.144912 0.355484 -0.0677709 0.138183 0.353522 
-0.0711939 0.147102 0.371373 -0.0851549 0.148049 0.356741 -0.32104 0.0865393 0.353722 
-0.335001 0.0874861 0.339091 -0.345377 0.0708914 0.333911 -0.102539 0.157914 0.35996 
-0.1303 0.151185 0.357999 -0.15806 0.144456 0.356037 -0.185821 0.137727 0.354076 
-0.213581 0.130998 0.352115 -0.241342 0.124268 0.350154 -0.269103 0.117539 0.348193 
-0.296863 0.11081 0.346232 -0.324624 0.104081 0.34427 0.220803 -0.0550444 0.275775 
0.206842 -0.0540976 0.261144 0.196465 -0.0706923 0.255964 0.168704 -0.0774215 0.254003 
0.140944 -0.0841506 0.252042 0.113183 -0.0908798 0.25008 0.0819995 -0.0886903 0.265969 
0.0854224 -0.097609 0.248119 0.0542388 -0.0954195 0.264008 0.0576618 -0.104338 0.246158 
0.0264782 -0.102149 0.262047 0.0299011 -0.111067 0.244197 0.00214045 -0.117797 0.242236 
-0.0256202 -0.124526 0.240274 -0.0430042 -0.11466 0.243493 0.241556 -0.021855 0.286135 
0.227595 -0.0209081 0.271503 0.217218 -0.0375028 0.266324 -0.0603881 -0.104795 0.246712 
-0.0881488 -0.111524 0.244751 -0.119332 -0.109334 0.26064 -0.115909 -0.118253 0.242789 
-0.133293 -0.108387 0.246008 0.26231 0.0113345 0.296495 0.248348 0.0122813 0.281863 
0.237972 -0.0043134 0.276683 -0.150677 -0.0985219 0.249227 -0.181861 -0.0963324 0.265116 
-0.178438 -0.105251 0.247266 -0.209622 -0.103062 0.263155 -0.206199 -0.11198 0.245304 
-0.223583 -0.102115 0.248523 0.283063 0.0445239 0.306854 0.269102 0.0454708 0.292223 
0.258725 0.028876 0.287043 -0.240967 -0.0922492 0.251742 -0.268727 -0.0989783 0.249781 
-0.286111 -0.0891128 0.252999 0.303816 0.0777133 0.317214 0.289855 0.0786602 0.302582 
0.279479 0.0620655 0.297402 -0.303495 -0.0792472 0.256218 -0.331256 -0.0859764 0.254257 
-0.34864 -0.0761109 0.257475 0.272471 0.0885257 0.305801 0.269048 0.0974444 0.323651 
0.255087 0.0983913 0.30902 -0.355647 -0.0496506 0.265874 0.262041 0.123905 0.33205 
0.24808 0.124852 0.317418 -0.362654 -0.0231904 0.274272 0.230696 0.134717 0.320637 
0.202935 0.127988 0.318676 0.199512 0.136907 0.336526 0.185551 0.137853 0.321894 
-0.369662 0.00326991 0.282671 0.168167 0.147719 0.325113 0.150783 0.157585 0.328332 
-0.376669 0.0297302 0.291069 0.1334 0.16745 0.33155 0.105639 0.160721 0.329589 
0.0778782 0.153992 0.327628 0.0501175 0.147263 0.325667 0.0466946 0.156181 0.343517 
0.0223569 0.140533 0.323705 0.018934 0.149452 0.341556 0.00497292 0.150399 0.326924 
-0.355916 0.0629196 0.301429 -0.366292 0.0463249 0.296249 -0.012411 0.160264 0.330143 
-0.0401717 0.153535 0.328182 -0.0679324 0.146806 0.32622 -0.095693 0.140077 0.324259 
-0.0991159 0.148996 0.34211 -0.113077 0.149942 0.327478 -0.335162 0.0961091 0.311788 
-0.345539 0.0795143 0.306609 -0.130461 0.159808 0.330697 -0.158222 0.153079 0.328735 
-0.185982 0.14635 0.326774 -0.213743 0.13962 0.324813 -0.241504 0.132891 0.322852 
-0.269264 0.126162 0.320891 -0.297025 0.119433 0.318929 -0.324786 0.112704 0.316968 
0.196304 -0.0620694 0.228662 0.20668 -0.0454747 0.233842 0.168543 -0.0687985 0.226701 
0.140782 -0.0755277 0.224739 0.113022 -0.0822569 0.222778 0.085261 -0.0889861 0.220817 
0.0575003 -0.0957153 0.218856 0.0297397 -0.102444 0.216895 0.00197904 -0.109174 0.214934 
-0.0257816 -0.115903 0.212972 -0.0569652 -0.113713 0.228862 -0.0535423 -0.122632 0.211011 
-0.0709262 -0.112766 0.21423 0.213634 -0.0199613 0.256872 0.199673 -0.0190144 0.24224 
-0.0883102 -0.102901 0.217449 -0.116071 -0.10963 0.215487 -0.133455 -0.0997645 0.218706 
0.234387 0.0132282 0.267231 0.220426 0.0141751 0.2526 0.21005 -0.00241967 0.24742 
-0.150839 -0.089899 0.221925 -0.178599 -0.0966282 0.219964 -0.20636 -0.103357 0.218002 
-0.237544 -0.101168 0.233891 -0.234121 -0.110087 0.216041 -0.251505 -0.100221 0.21926 
0.255141 0.0464176 0.277591 0.24118 0.0473645 0.262959 0.230803 0.0307698 0.25778 
-0.268889 -0.0903554 0.222478 -0.300072 -0.0881659 0.238368 -0.296649 -0.0970846 0.220517 
-0.314033 -0.0872191 0.223736 0.275894 0.0796071 0.287951 0.261933 0.0805539 0.273319 
0.251556 0.0639592 0.268139 -0.331417 -0.0773535 0.226955 -0.362601 -0.075164 0.242844 
-0.359178 -0.0840827 0.224993 -0.376562 -0.0742171 0.228212 0.254926 0.107014 0.281718 
-0.369608 -0.0487038 0.251242 -0.383569 -0.0477569 0.236611 0.237542 0.11688 0.284936 
0.234119 0.125798 0.302786 0.220158 0.126745 0.288155 -0.362816 -0.0145674 0.24697 
-0.373193 -0.0311622 0.24179 0.202774 0.136611 0.291374 0.175013 0.129882 0.289412 
0.17159 0.1388 0.307263 0.157629 0.139747 0.292631 -0.369823 0.0118928 0.255369 
0.140245 0.149613 0.29585 0.136822 0.158531 0.3137 0.112485 0.142884 0.293888 
0.109062 0.151802 0.311739 0.0951008 0.152749 0.297107 -0.37683 0.0383531 0.263767 
0.0777168 0.162615 0.300326 0.0499561 0.155885 0.298365 0.0221955 0.149156 0.296403 
-0.00556518 0.142427 0.294442 -0.00898811 0.151346 0.312293 -0.0333258 0.135698 0.292481 
-0.0367488 0.144617 0.310331 -0.0507098 0.145563 0.2957 -0.356077 0.0715425 0.274127 
-0.366454 0.0549478 0.268947 -0.0680938 0.155429 0.298918 -0.0958544 0.1487 0.296957 
-0.123615 0.141971 0.294996 -0.127038 0.150889 0.312846 -0.140999 0.151836 0.298215 
-0.321363 0.103785 0.299118 -0.307563 0.111461 0.286448 -0.31794 0.0948664 0.281268 
-0.3457 0.0881372 0.279307 -0.158383 0.161702 0.301433 -0.186144 0.154973 0.299472 
-0.213904 0.148243 0.297511 -0.241665 0.141514 0.29555 -0.269426 0.134785 0.293589 
-0.297186 0.128056 0.291627 0.192719 -0.0445278 0.21921 0.178758 -0.0435809 0.204578 
0.168382 -0.0601756 0.199399 0.140621 -0.0669048 0.197437 0.11286 -0.073634 0.195476 
0.0816767 -0.0714445 0.211365 0.0954763 -0.0637685 0.198695 0.053916 -0.0781737 0.209404 
0.0261553 -0.0849029 0.207443 0.0121943 -0.083956 0.192811 0.00181762 -0.100551 0.187632 
-0.025943 -0.10728 0.18567 -0.0537037 -0.114009 0.183709 -0.0710877 -0.104144 0.186928 
0.189135 -0.0269862 0.209758 0.199512 -0.0103915 0.214938 0.0780923 -0.0539029 0.201914 
0.0503317 -0.0606321 0.199952 0.022571 -0.0673613 0.197991 -0.0884716 -0.094278 0.190147 
-0.116232 -0.101007 0.188185 -0.147416 -0.0988177 0.204074 -0.143993 -0.107736 0.186224 
-0.161377 -0.0978708 0.189443 0.206465 0.0151219 0.237968 0.192504 0.0160688 0.223337 
-0.178761 -0.0880052 0.192661 -0.206522 -0.0947344 0.1907 -0.234282 -0.101464 0.188739 
-0.251666 -0.0915981 0.191958 0.227219 0.0483114 0.248328 0.213258 0.0492582 0.233696 
0.202881 0.0326635 0.228516 -0.26905 -0.0817325 0.195176 -0.296811 -0.0884617 0.193215 
-0.327994 -0.0862722 0.209104 -0.324571 -0.0951909 0.191254 -0.341955 -0.0853253 0.194473 
0.247972 0.0815008 0.258687 0.234011 0.0824477 0.244056 0.223634 0.0658529 0.238876 
-0.359339 -0.0754598 0.197691 -0.376723 -0.0655942 0.20091 0.240965 0.107961 0.267086 
0.227004 0.108908 0.252454 -0.383731 -0.039134 0.209309 0.20962 0.118773 0.255673 
0.206197 0.127692 0.273523 0.192236 0.128639 0.258892 -0.376777 -0.0136206 0.232339 
-0.390738 -0.0126737 0.217707 0.174852 0.138505 0.26211 0.157468 0.14837 0.265329 
-0.369985 0.0205157 0.228067 -0.380361 0.00392101 0.222887 0.140084 0.158236 0.268548 
0.112323 0.151506 0.266586 0.0845627 0.144777 0.264625 0.0811397 0.153696 0.282476 
0.0671787 0.154643 0.267844 -0.376992 0.046976 0.236465 0.0497947 0.164508 0.271063 
0.0220341 0.157779 0.269101 -0.00572659 0.15105 0.26714 -0.0334872 0.144321 0.265179 
-0.0612479 0.137592 0.263218 -0.0646708 0.14651 0.281068 -0.0786319 0.147457 0.266437 
-0.356238 0.0801654 0.246825 -0.366615 0.0635707 0.241645 -0.0960158 0.157323 0.269655 
-0.123776 0.150594 0.267694 -0.151537 0.143864 0.265733 -0.15496 0.152783 0.283583 
-0.168921 0.15373 0.268951 -0.307724 0.120084 0.259146 -0.318101 0.103489 0.253966 
-0.345862 0.0967602 0.252005 -0.186305 0.163595 0.27217 -0.214066 0.156866 0.270209 
-0.241826 0.150137 0.268248 -0.269587 0.143408 0.266287 -0.297348 0.136679 0.264325 
0.164797 -0.0426341 0.189947 0.137037 -0.0493632 0.187986 0.109276 -0.0560924 0.186024 
-0.00176673 -0.0830091 0.17818 -0.0157278 -0.0820623 0.163548 -0.0261045 -0.098657 0.158368 
-0.0538651 -0.105386 0.156407 -0.0712491 -0.0955206 0.159626 0.185551 -0.00944461 0.200306 
0.17159 -0.00849775 0.185675 0.161213 -0.0250925 0.180495 0.133452 -0.0318216 0.178534 
0.105692 -0.0385508 0.176573 0.0779309 -0.04528 0.174612 0.0501702 -0.0520092 0.17265 
0.0224096 -0.0587384 0.170689 -0.00535107 -0.0654675 0.168728 -0.088633 -0.0856551 0.162844 
-0.116394 -0.0923842 0.160883 -0.144154 -0.0991134 0.158922 -0.175338 -0.0969239 0.174811 
-0.171915 -0.105843 0.156961 -0.203099 -0.103653 0.17285 -0.199676 -0.112572 0.155 
-0.21706 -0.102706 0.158218 0.181966 0.00809697 0.190855 0.192343 0.0246917 0.196035 
-0.234444 -0.0928407 0.161437 -0.265627 -0.0906512 0.177326 -0.262204 -0.0995699 0.159476 
-0.279588 -0.0897043 0.162695 0.20272 0.0412864 0.201214 0.213096 0.0578811 0.206394 
-0.296972 -0.0798388 0.165913 -0.324733 -0.086568 0.163952 -0.355916 -0.0843785 0.179841 
-0.352493 -0.0932971 0.161991 -0.369877 -0.0834316 0.16521 0.22005 0.0833945 0.229424 
0.206089 0.0843414 0.214793 -0.376885 -0.0569713 0.173608 0.216466 0.100936 0.219972 
0.226842 0.117531 0.225152 -0.383892 -0.0305111 0.182006 0.209458 0.127396 0.228371 
0.181698 0.120667 0.22641 0.178275 0.129586 0.24426 0.164314 0.130533 0.229628 
-0.390899 -0.00405081 0.190405 0.157307 0.156993 0.238027 -0.370146 0.0291386 0.200765 
-0.380523 0.0125439 0.195585 0.139923 0.166859 0.241246 0.112162 0.160129 0.239284 
0.0844012 0.1534 0.237323 0.0566406 0.146671 0.235362 0.0532176 0.15559 0.253212 
0.0288799 0.139942 0.233401 0.025457 0.148861 0.251251 0.00111927 0.133213 0.23144 
-0.00230366 0.142131 0.24929 -0.0266414 0.126483 0.229479 -0.0300643 0.135402 0.247329 
-0.0440254 0.136349 0.232697 -0.363192 0.054652 0.223795 -0.349393 0.0623281 0.211124 
-0.359769 0.0457334 0.205944 -0.0614093 0.146215 0.235916 -0.08917 0.139485 0.233955 
-0.0925929 0.148404 0.251805 -0.106554 0.149351 0.237173 -0.342439 0.0878415 0.234154 
-0.328639 0.0955175 0.221484 -0.339016 0.0789228 0.216304 -0.123938 0.159216 0.240392 
-0.151699 0.152487 0.238431 -0.179459 0.145758 0.23647 -0.182882 0.154677 0.25432 
-0.196843 0.155624 0.239688 -0.293925 0.12776 0.246475 -0.280125 0.135436 0.233805 
-0.290502 0.118841 0.228625 -0.318262 0.112112 0.226664 -0.214227 0.165489 0.242907 
-0.241988 0.15876 0.240946 -0.269748 0.152031 0.238985 -0.0296888 -0.0811154 0.148917 
-0.0436498 -0.0801685 0.134285 -0.0540265 -0.0967632 0.129105 -0.0852101 -0.0945738 0.144994 
-0.0817872 -0.103492 0.127144 -0.0991711 -0.0936269 0.130363 0.161051 -0.0164696 0.153193 
0.171428 0.000125159 0.158373 0.133291 -0.0231987 0.151232 0.10553 -0.0299279 0.149271 
0.0777695 -0.0366571 0.147309 0.0500088 -0.0433863 0.145348 0.0222482 -0.0501155 0.143387 
-0.00551249 -0.0568446 0.141426 -0.0332731 -0.0635738 0.139465 -0.116555 -0.0837613 0.133581 
-0.144316 -0.0904905 0.13162 -0.172076 -0.0972197 0.129659 -0.199837 -0.103949 0.127698 
-0.217221 -0.0940833 0.130916 0.178382 0.0256386 0.181403 0.164421 0.0265854 0.166771 
-0.234605 -0.0842178 0.134135 -0.262366 -0.090947 0.132174 -0.27975 -0.0810814 0.135393 
0.199135 0.058828 0.191763 0.185174 0.0597749 0.177131 0.174798 0.0431801 0.171951 
-0.297134 -0.0712159 0.138611 -0.324894 -0.0779451 0.13665 -0.352655 -0.0846742 0.134689 
-0.370039 -0.0748087 0.137907 0.192128 0.0852883 0.200161 0.178167 0.0862351 0.185529 
-0.387423 -0.0649431 0.141126 -0.390846 -0.0560245 0.158976 -0.404807 -0.0550776 0.144345 
0.212881 0.118478 0.210521 0.185121 0.111749 0.20856 0.17116 0.112695 0.193928 
-0.397853 -0.0295642 0.167375 -0.411814 -0.0286173 0.152743 0.153776 0.122561 0.197147 
0.150353 0.13148 0.214997 0.136392 0.132426 0.200365 -0.391061 0.0045721 0.163103 
-0.401437 -0.0120226 0.157923 0.143345 0.15794 0.223395 0.129384 0.158887 0.208764 
-0.370307 0.0377615 0.173463 -0.380684 0.0211668 0.168283 0.112 0.168752 0.211982 
0.0842398 0.162023 0.210021 0.0564792 0.155294 0.20806 0.0287185 0.148565 0.206099 
0.000957855 0.141836 0.204138 -0.0268028 0.135106 0.202176 -0.0545635 0.128377 0.200215 
-0.0579864 0.137296 0.218066 -0.0719474 0.138243 0.203434 -0.349554 0.070951 0.183822 
-0.359931 0.0543563 0.178642 -0.0893314 0.148108 0.206653 -0.106715 0.157974 0.209871 
-0.328801 0.10414 0.194182 -0.339177 0.0875457 0.189002 -0.124099 0.167839 0.21309 
-0.15186 0.16111 0.211129 -0.179621 0.154381 0.209168 -0.207381 0.147652 0.207206 
-0.210804 0.156571 0.225057 -0.235142 0.140923 0.205245 -0.238565 0.149841 0.223095 
-0.262903 0.134194 0.203284 -0.266326 0.143112 0.221134 -0.290663 0.127464 0.201323 
-0.318424 0.120735 0.199362 -0.0576109 -0.0792217 0.119653 -0.0853715 -0.0859508 0.117692 
0.157467 0.00107202 0.143741 0.129706 -0.00565715 0.14178 0.115745 -0.00471029 0.127148 
0.105369 -0.021305 0.121969 0.0776081 -0.0280342 0.120007 0.0498474 -0.0347634 0.118046 
0.0220867 -0.0414925 0.116085 -0.00567391 -0.0482217 0.114124 -0.0334346 -0.0549509 0.112163 
-0.0611952 -0.0616801 0.110202 -0.0889559 -0.0684093 0.10824 -0.116717 -0.0751384 0.106279 
-0.144477 -0.0818676 0.104318 -0.172238 -0.0885968 0.102357 -0.199998 -0.095326 0.100396 
-0.231182 -0.0931365 0.116285 -0.227759 -0.102055 0.0984345 -0.245143 -0.0921896 0.101653 
0.153883 0.0186136 0.134289 0.164259 0.0352083 0.139469 0.126122 0.0118844 0.132328 
-0.262527 -0.0823241 0.104872 -0.293711 -0.0801346 0.120761 -0.290288 -0.0890532 0.102911 
-0.307672 -0.0791877 0.106129 0.171213 0.0607217 0.162499 0.157252 0.0616686 0.147868 
-0.325056 -0.0693221 0.109348 -0.352816 -0.0760513 0.107387 -0.3702 -0.0661858 0.110605 
0.164206 0.087182 0.170898 0.139868 0.0715341 0.151086 0.136445 0.0804528 0.168937 
0.122484 0.0813997 0.154305 -0.387584 -0.0563202 0.113824 -0.404968 -0.0464547 0.117043 
0.157199 0.113642 0.179296 0.143238 0.114589 0.164665 0.132861 0.0979944 0.159485 
-0.411976 -0.0199944 0.125441 0.125854 0.124455 0.167883 0.122431 0.133373 0.185734 
0.10847 0.13432 0.171102 -0.391222 0.013195 0.135801 -0.401599 -0.00339971 0.130621 
0.115423 0.159834 0.194132 0.0910857 0.144186 0.174321 0.0876627 0.153104 0.192171 
0.063325 0.137457 0.172359 0.0599021 0.146375 0.19021 0.0355644 0.130727 0.170398 
0.0321414 0.139646 0.188249 0.00780372 0.123998 0.168437 0.00438079 0.132917 0.186287 
-0.00958025 0.133864 0.171656 -0.370469 0.0463845 0.146161 -0.380845 0.0297897 0.140981 
-0.0269642 0.143729 0.174874 -0.0547249 0.137 0.172913 -0.0721088 0.146866 0.176132 
-0.349715 0.0795739 0.15652 -0.360092 0.0629792 0.15134 -0.0894928 0.156731 0.179351 
-0.117253 0.150002 0.177389 -0.120676 0.158921 0.19524 -0.134637 0.159868 0.180608 
-0.315001 0.111816 0.181511 -0.301201 0.119493 0.168841 -0.311578 0.102898 0.163661 
-0.339339 0.0961686 0.1617 -0.152021 0.169733 0.183827 -0.179782 0.163004 0.181866 
-0.207543 0.156275 0.179904 -0.235303 0.149546 0.177943 -0.263064 0.142816 0.175982 
-0.290825 0.136087 0.174021 0.101784 -0.00376342 0.112517 0.0740237 -0.0104926 0.110556 
0.0600627 -0.00954574 0.0959241 0.049686 -0.0261405 0.0907442 0.0219253 -0.0328696 0.0887831 
-0.00583532 -0.0395988 0.0868219 -0.033596 -0.046328 0.0848607 -0.0613566 -0.0530572 0.0828995 
-0.0891173 -0.0597863 0.0809384 -0.116878 -0.0665155 0.0789772 -0.144639 -0.0732447 0.077016 
-0.172399 -0.0799739 0.0750548 -0.20016 -0.0867031 0.0730937 -0.227921 -0.0934322 0.0711325 
-0.245305 -0.0835667 0.0743511 0.150298 0.0361552 0.124838 0.122538 0.029426 0.122877 
0.0947771 0.0226968 0.120915 0.0808161 0.0236437 0.106284 0.0704394 0.00704898 0.101104 
-0.262688 -0.0737012 0.0775698 -0.290449 -0.0804303 0.0756086 -0.321633 -0.0782408 0.0914977 
-0.31821 -0.0871595 0.0736474 -0.335594 -0.077294 0.0768661 0.143291 0.0626155 0.133236 
0.11553 0.0558863 0.131275 0.101569 0.0568331 0.116643 0.0911927 0.0402384 0.111464 
-0.352978 -0.0674284 0.0800847 -0.384161 -0.0652389 0.0959738 -0.380738 -0.0741576 0.0781236 
-0.398122 -0.0642921 0.0813422 0.108523 0.0823465 0.139673 0.0945621 0.0832934 0.125042 
-0.40513 -0.0378318 0.0897407 0.129277 0.115536 0.150033 0.115316 0.116483 0.135402 
0.104939 0.0998881 0.130222 -0.412137 -0.0113715 0.0981392 0.108308 0.142943 0.1438 
-0.391384 0.0218179 0.108499 -0.40176 0.0052232 0.103319 0.0909243 0.152809 0.147019 
0.0631636 0.146079 0.145057 0.035403 0.13935 0.143096 0.0076423 0.132621 0.141135 
-0.0201184 0.125892 0.139174 -0.0235413 0.134811 0.157024 -0.0375023 0.135757 0.142393 
-0.37063 0.0550074 0.118858 -0.381007 0.0384126 0.113679 -0.0548863 0.145623 0.145611 
-0.0826469 0.138894 0.14365 -0.0860699 0.147813 0.1615 -0.100031 0.148759 0.146869 
-0.349877 0.0881968 0.129218 -0.360253 0.0716021 0.124038 -0.117415 0.158625 0.150087 
-0.145176 0.151896 0.148126 -0.148598 0.160814 0.165976 -0.162559 0.161761 0.151345 
-0.301363 0.128115 0.141539 -0.311739 0.111521 0.136359 -0.3395 0.104792 0.134398 
-0.179943 0.171627 0.154563 -0.207704 0.164898 0.152602 -0.235465 0.158168 0.150641 
-0.263225 0.151439 0.14868 -0.290986 0.14471 0.146719 0.0461016 -0.00859887 0.0812925 
0.0321406 -0.00765201 0.0666609 0.0217639 -0.0242467 0.061481 -0.00599674 -0.0309759 0.0595199 
-0.0337574 -0.0377051 0.0575587 -0.061518 -0.0444343 0.0555975 -0.0892787 -0.0511634 0.0536363 
-0.117039 -0.0578926 0.0516752 -0.1448 -0.0646218 0.049714 -0.172561 -0.071351 0.0477528 
-0.200321 -0.0780801 0.0457916 -0.228082 -0.0848093 0.0438305 -0.259266 -0.0826198 0.0597195 
-0.255843 -0.0915385 0.0418693 -0.273227 -0.081673 0.0450879 0.066855 0.0245906 0.0916521 
0.052894 0.0255374 0.0770205 0.0425173 0.00894271 0.0718407 -0.290611 -0.0718074 0.0483066 
-0.318371 -0.0785366 0.0463454 -0.349555 -0.0763471 0.0622345 -0.346132 -0.0852658 0.0443842 
-0.363516 -0.0754002 0.0476029 0.0876084 0.05778 0.102012 0.0736474 0.0587269 0.0873802 
0.0632707 0.0421322 0.0822003 -0.3809 -0.0655347 0.0508215 -0.398284 -0.0556691 0.0540402 
0.084024 0.0753216 0.09256 0.0944007 0.0919163 0.0977398 -0.405291 -0.0292089 0.0624387 
0.104777 0.108511 0.10292 0.115154 0.125106 0.108099 -0.412298 -0.00274862 0.0708371 
0.0977701 0.134971 0.111318 0.0943472 0.14389 0.129168 0.0700095 0.128242 0.109357 
0.0665865 0.137161 0.127207 0.0422488 0.121513 0.107396 0.0388259 0.130432 0.125246 
0.0144882 0.114784 0.105435 0.0110652 0.123702 0.123285 -0.0028958 0.124649 0.108653 
-0.391545 0.0304408 0.0811968 -0.401922 0.0138461 0.076017 -0.0202798 0.134515 0.111872 
-0.0480404 0.127786 0.109911 -0.0514634 0.136704 0.127761 -0.0654244 0.137651 0.113129 
-0.370792 0.0636303 0.0915564 -0.381168 0.0470355 0.0863766 -0.0828084 0.147517 0.116348 
-0.100192 0.157382 0.119567 -0.350038 0.0968197 0.101916 -0.360415 0.080225 0.0967363 
-0.117576 0.167248 0.122785 -0.145337 0.160519 0.120824 -0.162721 0.170384 0.124043 
-0.287563 0.135791 0.128869 -0.273764 0.143468 0.116198 -0.28414 0.126873 0.111018 
-0.311901 0.120144 0.109057 -0.339662 0.113414 0.107096 -0.180105 0.18025 0.127261 
-0.207866 0.173521 0.1253 -0.235626 0.166791 0.123339 -0.263387 0.160062 0.121378 
-0.0580951 -0.0533529 0.0377472 -0.0546722 -0.0622716 0.019897 -0.0442955 -0.0456769 0.0250768 
-0.0858558 -0.0600821 0.0357861 -0.0824328 -0.0690008 0.0179358 -0.113616 -0.0668113 0.0338249 
-0.110193 -0.07573 0.0159746 -0.141377 -0.0735405 0.0318637 -0.137954 -0.0824592 0.0140135 
-0.169138 -0.0802696 0.0299025 -0.165715 -0.0891883 0.0120523 -0.183099 -0.0793228 0.0152709 
0.0216025 -0.0156238 0.034179 0.0319792 0.000970902 0.0393588 -0.00615815 -0.022353 0.0322178 
-0.0339188 -0.0290822 0.0302566 -0.200483 -0.0694572 0.0184896 -0.228243 -0.0761864 0.0165284 
-0.256004 -0.0829156 0.0145672 -0.287188 -0.0807261 0.0304563 -0.283765 -0.0896448 0.0126061 
-0.301149 -0.0797792 0.0158247 0.0423559 0.0175656 0.0445386 0.0527326 0.0341603 0.0497185 
-0.318533 -0.0699137 0.0190434 -0.346293 -0.0766429 0.0170822 -0.363677 -0.0667773 0.0203008 
0.0631092 0.0507551 0.0548983 0.0734859 0.0673498 0.0600781 -0.381061 -0.0569118 0.0235195 
-0.398445 -0.0470462 0.0267381 0.0838626 0.0839445 0.0652579 0.0942393 0.100539 0.0704378 
-0.415829 -0.0371807 0.0299568 -0.419252 -0.028262 0.0478071 -0.433213 -0.0273151 0.0331754 
0.101193 0.126053 0.0934678 0.087232 0.126999 0.0788362 -0.41246 0.00587429 0.0435351 
-0.422836 -0.0107204 0.0383553 0.0698481 0.136865 0.0820549 0.0420874 0.130136 0.0800937 
0.0143268 0.123407 0.0781325 -0.0134339 0.116678 0.0761714 -0.0168568 0.125596 0.0940216 
-0.0308179 0.126543 0.07939 -0.391706 0.0390637 0.0538948 -0.402083 0.022469 0.0487149 
-0.0482018 0.136409 0.0826087 -0.0759625 0.129679 0.0806475 -0.0793854 0.138598 0.0984978 
-0.0933465 0.139545 0.0838661 -0.370953 0.0722532 0.0642544 -0.38133 0.0556585 0.0590746 
-0.11073 0.149411 0.0870848 -0.114153 0.158329 0.104935 -0.128114 0.159276 0.0903034 
-0.336239 0.104496 0.0892457 -0.322439 0.112172 0.0765752 -0.332816 0.0955771 0.0713954 
-0.360576 0.0888479 0.0694342 -0.145498 0.169142 0.0935221 -0.173259 0.162412 0.0915609 
-0.176682 0.171331 0.109411 -0.20102 0.155683 0.0895998 -0.204443 0.164602 0.10745 
-0.22878 0.148954 0.0876386 -0.232203 0.157873 0.105489 -0.256541 0.142225 0.0856774 
-0.259964 0.151144 0.103528 -0.284302 0.135496 0.0837162 -0.312062 0.128767 0.081755 
-0.0548336 -0.0536487 -0.00740505 -0.0444569 -0.037054 -0.00222522 -0.0825943 -0.0603779 -0.00936622 
-0.110355 -0.0671071 -0.0113274 -0.138116 -0.0738362 -0.0132886 -0.165876 -0.0805654 -0.0152497 
-0.19706 -0.0783759 0.000639336 -0.193637 -0.0872946 -0.0172109 -0.22482 -0.0851051 -0.00132184 
-0.221398 -0.0940238 -0.0191721 -0.238781 -0.0841582 -0.0159534 0.0214411 -0.00700091 0.00687695 
0.0318178 0.00959381 0.0120568 -0.00631957 -0.0137301 0.00491578 -0.0340802 -0.0204593 0.0029546 
-0.256165 -0.0742927 -0.0127348 -0.283926 -0.0810219 -0.014696 -0.31511 -0.0788324 0.00119311 
-0.311687 -0.087751 -0.0166571 -0.329071 -0.0778855 -0.0134385 0.0421945 0.0261885 0.0172366 
0.0525711 0.0427833 0.0224164 -0.346455 -0.06802 -0.0102198 -0.377638 -0.0658305 0.00566924 
-0.374215 -0.0747491 -0.012181 -0.391599 -0.0648836 -0.00896237 0.0629478 0.059378 0.0275963 
0.0733245 0.0759727 0.0327761 -0.412406 -0.0460994 0.0121065 -0.408983 -0.055018 -0.00574372 
-0.426367 -0.0451525 -0.00252507 0.0837012 0.0925674 0.0379559 0.0940779 0.109162 0.0431357 
-0.433375 -0.0186922 0.00587341 0.0766939 0.119028 0.0463544 0.073271 0.127946 0.0642046 
0.0489333 0.112299 0.0443932 0.0455103 0.121217 0.0622435 0.0211726 0.105569 0.042432 
0.0177497 0.114488 0.0602823 0.00378865 0.115435 0.0456507 -0.426421 0.00682116 0.0289035 
-0.440382 0.00776802 0.0142719 -0.0135953 0.1253 0.0488693 -0.041356 0.118571 0.0469082 
-0.0447789 0.12749 0.0647584 -0.0587399 0.128437 0.0501268 -0.405667 0.0400106 0.0392631 
-0.419628 0.0409575 0.0246315 -0.430005 0.0243627 0.0194517 -0.0761239 0.138302 0.0533455 
-0.0935079 0.148168 0.0565641 -0.371114 0.0808761 0.0369524 -0.381491 0.0642814 0.0317725 
-0.409252 0.0575522 0.0298114 -0.110892 0.158033 0.0597828 -0.128276 0.167899 0.0630014 
-0.3226 0.120795 0.0492732 -0.332977 0.1042 0.0440934 -0.360738 0.0974708 0.0421322 
-0.14566 0.177764 0.0662201 -0.17342 0.171035 0.0642589 -0.201181 0.164306 0.0622977 
-0.228942 0.157577 0.0603365 -0.256702 0.150848 0.0583754 -0.284463 0.144119 0.0564142 
-0.312224 0.137389 0.054453 -0.0584179 -0.0361071 -0.0168568 -0.072379 -0.0351603 -0.0314884 
-0.0827557 -0.051755 -0.0366683 -0.110516 -0.0584842 -0.0386294 -0.138277 -0.0652133 -0.0405906 
-0.166038 -0.0719425 -0.0425518 -0.193798 -0.0786717 -0.044513 -0.221559 -0.0854009 -0.0464741 
-0.252743 -0.0832114 -0.0305851 -0.24932 -0.09213 -0.0484353 -0.266704 -0.0822645 -0.0452167 
0.0456174 0.0172699 -0.000613657 0.0490403 0.00835118 -0.0184639 0.059417 0.0249459 -0.0132841 
0.0212797 0.001622 -0.0204251 -0.00648099 -0.00510718 -0.0223863 -0.0342416 -0.0118364 -0.0243474 
-0.0620023 -0.0185655 -0.0263086 -0.284088 -0.072399 -0.041998 -0.311848 -0.0791281 -0.0439592 
-0.329232 -0.0692626 -0.0407405 0.0524097 0.0514062 -0.00488561 -0.346616 -0.059397 -0.0375219 
-0.374377 -0.0661262 -0.0394831 -0.391761 -0.0562607 -0.0362644 0.0627864 0.0680009 0.000294212 
0.0731631 0.0845956 0.00547404 -0.412568 -0.0374765 -0.0151955 -0.398768 -0.0298004 -0.0278659 
0.0835398 0.10119 0.0106539 0.0939165 0.117785 0.0158337 -0.419575 -0.0110162 -0.00679702 
-0.405775 -0.00334016 -0.0194675 0.0765325 0.127651 0.0190523 0.0487719 0.120921 0.0170912 
0.0210112 0.114192 0.01513 -0.00674945 0.107463 0.0131688 -0.0101724 0.116382 0.0310191 
-0.0241334 0.117329 0.0163875 -0.423159 0.00652539 -0.0162488 -0.440543 0.0163909 -0.0130302 
-0.0415174 0.127194 0.0196061 -0.0589014 0.13706 0.0228248 -0.41979 0.0495804 -0.0026705 
-0.430167 0.0329857 -0.00785033 -0.0762853 0.146925 0.0260434 -0.104046 0.140196 0.0240822 
-0.107469 0.149115 0.0419325 -0.12143 0.150062 0.0273009 -0.371276 0.089499 0.00965032 
-0.381653 0.0729043 0.0044705 -0.409413 0.0661751 0.00250932 -0.138814 0.159927 0.0305195 
-0.142237 0.168846 0.0483698 -0.156198 0.169793 0.0337382 -0.28104 0.1352 0.0385639 
-0.26724 0.142876 0.0258935 -0.277617 0.126281 0.0207137 -0.305378 0.119552 0.0187525 
-0.308801 0.128471 0.0366028 -0.333138 0.112823 0.0167913 -0.360899 0.106094 0.0148301 
-0.173582 0.179658 0.0369568 -0.201343 0.172929 0.0349957 -0.229103 0.1662 0.0330345 
-0.256864 0.159471 0.0310733 -0.0585794 -0.0274842 -0.0441589 -0.0551564 -0.0364029 -0.0620091 
-0.0447797 -0.0198082 -0.0568293 -0.0829171 -0.0431321 -0.0639703 -0.110678 -0.0498612 -0.0659315 
-0.138438 -0.0565904 -0.0678926 -0.166199 -0.0633196 -0.0698538 -0.19396 -0.0700488 -0.071815 
-0.22172 -0.076778 -0.0737762 -0.249481 -0.0835071 -0.0757373 -0.266865 -0.0736416 -0.0725187 
0.0488789 0.0169741 -0.045766 0.0592556 0.0335688 -0.0405861 0.0211183 0.0102449 -0.0477271 
-0.0066424 0.00351573 -0.0496883 -0.0344031 -0.00321345 -0.0516495 -0.284249 -0.0637761 -0.0693 
-0.31201 -0.0705052 -0.0712612 -0.343193 -0.0683157 -0.0553721 -0.33977 -0.0772344 -0.0732224 
-0.357154 -0.0673689 -0.0700037 0.0662094 0.0590822 -0.017556 0.0696323 0.0501635 -0.0354063 
0.080009 0.0667582 -0.0302265 -0.364162 -0.0409086 -0.0616053 -0.377961 -0.0485846 -0.0489348 
0.0869627 0.0922716 -0.0071964 0.0903857 0.083353 -0.0250467 0.100762 0.0999477 -0.0198668 
-0.384968 -0.0221244 -0.0405364 -0.371169 -0.0144483 -0.0532068 0.0937551 0.126408 -0.0114684 
-0.388553 -0.00458279 -0.0499881 -0.405937 0.00528275 -0.0467695 0.0763711 0.136273 -0.0082497 
0.0486104 0.129544 -0.0102109 0.0208498 0.122815 -0.0121721 -0.00691087 0.116086 -0.0141332 
-0.0346715 0.109357 -0.0160944 -0.0380945 0.118275 0.00175586 -0.0520555 0.119222 -0.0128757 
-0.423321 0.0151483 -0.0435508 -0.440705 0.0250138 -0.0403322 -0.0694395 0.129088 -0.0096571 
-0.0728624 0.138007 0.00819316 -0.0868234 0.138953 -0.00643845 -0.419951 0.0582033 -0.0299725 
-0.430328 0.0416086 -0.0351524 -0.104207 0.148819 -0.0032198 -0.121591 0.158685 -1.14749e-06 
-0.371437 0.0981219 -0.0176517 -0.381814 0.0815272 -0.0228315 -0.409575 0.074798 -0.0247927 
-0.138975 0.16855 0.0032175 -0.166736 0.161821 0.00125633 -0.170159 0.17074 0.0191066 
-0.194497 0.155092 -0.000704846 -0.19792 0.16401 0.0171454 -0.222257 0.148363 -0.00266602 
-0.22568 0.157281 0.0151842 -0.250018 0.141633 -0.0046272 -0.253441 0.150552 0.0132231 
-0.277779 0.134904 -0.00658837 -0.305539 0.128175 -0.00854954 -0.3333 0.121446 -0.0105107 
-0.361061 0.114717 -0.0124719 -0.0553178 -0.02778 -0.0893112 -0.0449412 -0.0111853 -0.0841313 
-0.0830785 -0.0345092 -0.0912723 -0.110839 -0.0412383 -0.0932335 -0.1386 -0.0479675 -0.0951947 
-0.16636 -0.0546967 -0.0971559 -0.194121 -0.0614259 -0.099117 -0.221882 -0.0681551 -0.101078 
-0.249642 -0.0748842 -0.103039 -0.280826 -0.0726947 -0.0871503 -0.277403 -0.0816134 -0.105001 
-0.294787 -0.0717479 -0.101782 0.0487175 0.025597 -0.073068 0.0590942 0.0421917 -0.0678882 
0.0209568 0.0188678 -0.0750292 -0.00680382 0.0121386 -0.0769903 -0.0345645 0.00540946 -0.0789515 
-0.312171 -0.0618823 -0.0985633 -0.339932 -0.0686115 -0.100524 -0.357316 -0.058746 -0.0973058 
0.0694709 0.0587864 -0.0627083 0.0798476 0.0753812 -0.0575285 -0.364323 -0.0322857 -0.0889073 
0.114562 0.107624 -0.0325373 0.117985 0.0987051 -0.0503875 0.128362 0.1153 -0.0452077 
0.0902242 0.0919759 -0.0523487 -0.37133 -0.00582543 -0.0805088 0.110978 0.125165 -0.041989 
0.083217 0.118436 -0.0439502 0.079794 0.127355 -0.0261 0.0554563 0.111707 -0.0459114 
0.0520334 0.120626 -0.0280611 0.0276957 0.104978 -0.0478726 0.0242727 0.113896 -0.0300223 
0.0103117 0.114843 -0.0446539 -0.392137 0.0129588 -0.0594399 -0.378338 0.0206348 -0.0721104 
-0.00707229 0.124709 -0.0414353 -0.0348329 0.11798 -0.0433964 -0.0522169 0.127845 -0.0401778 
-0.395721 0.0305004 -0.0688917 -0.426905 0.0326899 -0.0530026 -0.413105 0.0403659 -0.0656731 
-0.0696009 0.137711 -0.0369591 -0.0869848 0.147576 -0.0337405 -0.420113 0.0668262 -0.0572746 
-0.104369 0.157442 -0.0305218 -0.121753 0.167307 -0.0273032 -0.371599 0.106745 -0.0449538 
-0.381975 0.0901501 -0.0501336 -0.409736 0.0834209 -0.0520948 -0.139137 0.177173 -0.0240845 
-0.166897 0.170444 -0.0260457 -0.194658 0.163715 -0.0280069 -0.222419 0.156985 -0.0299681 
-0.250179 0.150256 -0.0319292 -0.27794 0.143527 -0.0338904 -0.305701 0.136798 -0.0358516 
-0.333461 0.130069 -0.0378128 -0.361222 0.12334 -0.0397739 -0.0554793 -0.0191571 -0.116613 
-0.0451026 -0.00256235 -0.111433 -0.0832399 -0.0258863 -0.118574 -0.111001 -0.0326154 -0.120536 
-0.138761 -0.0393446 -0.122497 -0.166522 -0.0460738 -0.124458 -0.194283 -0.052803 -0.126419 
-0.222043 -0.0595321 -0.12838 -0.249804 -0.0662613 -0.130341 -0.277564 -0.0729905 -0.132303 
-0.294948 -0.063125 -0.129084 0.0485561 0.0342199 -0.10037 0.0589328 0.0508146 -0.0951902 
0.0207954 0.0274907 -0.102331 -0.00696523 0.0207615 -0.104292 -0.0347259 0.0140324 -0.106254 
-0.312332 -0.0532594 -0.125865 -0.340093 -0.0599886 -0.127826 -0.371277 -0.0577991 -0.111937 
-0.367854 -0.0667178 -0.129788 -0.385238 -0.0568522 -0.126569 0.0936472 0.0830572 -0.070199 
0.0970701 0.0741385 -0.0880492 0.107447 0.0907332 -0.0828694 0.0693095 0.0674093 -0.0900104 
-0.364484 -0.0236628 -0.116209 -0.374861 -0.0402575 -0.121389 0.117823 0.107328 -0.0776896 
0.1282 0.123923 -0.0725097 -0.371492 0.00279748 -0.107811 0.110816 0.133788 -0.0692911 
0.0830555 0.127059 -0.0712523 0.0552949 0.12033 -0.0732134 0.0275342 0.113601 -0.0751746 
-0.000226421 0.106872 -0.0771358 -0.00364935 0.11579 -0.0592855 -0.0176104 0.116737 -0.0739171 
-0.378499 0.0292577 -0.0994124 -0.0349944 0.126603 -0.0706985 -0.062755 0.119873 -0.0726597 
-0.0661779 0.128792 -0.0548094 -0.080139 0.129739 -0.069441 -0.395883 0.0391233 -0.0961937 
-0.413267 0.0489888 -0.0929751 -0.0975229 0.139605 -0.0662224 -0.100946 0.148523 -0.0483721 
-0.114907 0.14947 -0.0630037 -0.420274 0.0754491 -0.0845766 -0.132291 0.159336 -0.0597851 
-0.135714 0.168254 -0.0419348 -0.149675 0.169201 -0.0565664 -0.357799 0.114421 -0.0576242 
-0.343999 0.122097 -0.0702946 -0.354376 0.105502 -0.0754744 -0.382137 0.098773 -0.0774356 
-0.409897 0.0920438 -0.0793968 -0.167059 0.179067 -0.0533478 -0.194819 0.172338 -0.0553089 
-0.22258 0.165608 -0.0572701 -0.250341 0.158879 -0.0592313 -0.278101 0.15215 -0.0611924 
-0.305862 0.145421 -0.0631536 -0.333623 0.138692 -0.0651148 -0.0556407 -0.0105342 -0.143915 
-0.045264 0.00606055 -0.138735 -0.0834013 -0.0172633 -0.145876 -0.111162 -0.0239925 -0.147838 
-0.138923 -0.0307217 -0.149799 -0.166683 -0.0374509 -0.15176 -0.194444 -0.0441801 -0.153721 
-0.222205 -0.0509092 -0.155682 -0.249965 -0.0576384 -0.157643 -0.277726 -0.0643676 -0.159605 
-0.30891 -0.0621781 -0.143716 -0.305487 -0.0710968 -0.161566 -0.322871 -0.0612312 -0.158347 
0.0727324 0.0584907 -0.107861 0.0761553 0.049572 -0.125711 0.086532 0.0661667 -0.120531 
0.0483947 0.0428428 -0.127672 0.020634 0.0361136 -0.129633 -0.00712665 0.0293845 -0.131594 
-0.0348873 0.0226553 -0.133556 -0.340255 -0.0513657 -0.155129 -0.371438 -0.0491762 -0.139239 
-0.357638 -0.0415001 -0.15191 0.121246 0.0984093 -0.0955398 0.124669 0.0894906 -0.11339 
0.135046 0.106085 -0.10821 0.0969087 0.0827614 -0.115351 -0.364646 -0.0150399 -0.143511 
0.128039 0.132546 -0.0998118 0.0899014 0.109222 -0.106953 0.0864785 0.11814 -0.0891025 
0.100278 0.125816 -0.101773 0.0621408 0.102493 -0.108914 0.0587178 0.111411 -0.0910637 
0.0447568 0.112358 -0.105695 -0.371653 0.0114204 -0.135113 0.110655 0.142411 -0.0965931 
0.0273728 0.122224 -0.102477 -0.000387837 0.115494 -0.104438 -0.0281485 0.108765 -0.106399 
-0.0315714 0.117684 -0.0885487 -0.0455325 0.118631 -0.10318 -0.37866 0.0378807 -0.126714 
-0.0629164 0.128496 -0.0999617 -0.0803004 0.138362 -0.096743 -0.396044 0.0477462 -0.123496 
-0.413428 0.0576117 -0.120277 -0.0976844 0.148227 -0.0935244 -0.115068 0.158093 -0.0903057 
-0.420436 0.084072 -0.111879 -0.132452 0.167958 -0.0870871 -0.149836 0.177824 -0.0838684 
-0.3302 0.129773 -0.0829651 -0.3164 0.137449 -0.0956355 -0.326777 0.120854 -0.100815 
-0.354538 0.114125 -0.102776 -0.382298 0.107396 -0.104738 -0.410059 0.100667 -0.106699 
-0.16722 0.18769 -0.0806498 -0.194981 0.18096 -0.082611 -0.222742 0.174231 -0.0845721 
-0.250502 0.167502 -0.0865333 -0.278263 0.160773 -0.0884945 -0.306024 0.154044 -0.0904557 
-0.1355 -0.0396404 -0.167649 -0.132077 -0.0485591 -0.185499 -0.1217 -0.0319643 -0.180319 
-0.16326 -0.0463696 -0.16961 -0.159837 -0.0552882 -0.18746 -0.191021 -0.0530987 -0.171571 
-0.187598 -0.0620174 -0.189422 -0.204982 -0.0521519 -0.186203 0.0795783 0.0406533 -0.143561 
0.0830012 0.0317346 -0.161411 0.0933779 0.0483293 -0.156232 0.0518176 0.0339241 -0.145522 
0.0552405 0.0250055 -0.163373 0.0240569 0.027195 -0.147483 0.0274799 0.0182763 -0.165334 
-0.00370372 0.0204658 -0.149445 -0.000280785 0.0115471 -0.167295 -0.0314644 0.0137366 -0.151406 
-0.0280414 0.00481792 -0.169256 -0.0558021 -0.00191126 -0.171217 -0.0835628 -0.00864044 -0.173178 
-0.111323 -0.0153696 -0.17514 -0.222366 -0.0422863 -0.182984 -0.250127 -0.0490155 -0.184946 
-0.277887 -0.0557447 -0.186907 -0.305648 -0.0624739 -0.188868 -0.323032 -0.0526083 -0.185649 
0.100332 0.0738427 -0.133202 0.103755 0.0649241 -0.151052 0.114131 0.0815188 -0.145872 
-0.340416 -0.0427428 -0.182431 -0.3578 -0.0328772 -0.179212 0.148846 0.113761 -0.120881 
0.152269 0.104843 -0.138731 0.162645 0.121437 -0.133551 0.124508 0.0981135 -0.140692 
-0.364807 -0.00641697 -0.170813 0.145261 0.131303 -0.130332 0.117501 0.124574 -0.132294 
0.114078 0.133492 -0.114443 0.08974 0.117845 -0.134255 0.0619793 0.111115 -0.136216 
0.0342187 0.104386 -0.138177 0.0307958 0.113305 -0.120327 0.00645803 0.0976571 -0.140138 
0.0030351 0.106576 -0.122288 -0.0109259 0.107523 -0.13692 -0.371814 0.0200433 -0.162415 
-0.0283099 0.117388 -0.133701 -0.0560706 0.110659 -0.135662 -0.0594935 0.119578 -0.117812 
-0.0734545 0.120525 -0.132444 -0.378822 0.0465036 -0.154016 -0.0908385 0.13039 -0.129225 
-0.0942614 0.139309 -0.111375 -0.108222 0.140256 -0.126006 -0.399629 0.0652878 -0.132948 
-0.385829 0.0729638 -0.145618 -0.11523 0.166716 -0.117608 -0.378875 0.0984772 -0.122588 
-0.365076 0.106153 -0.135258 -0.375452 0.0895585 -0.140438 -0.406636 0.0917481 -0.124549 
-0.132614 0.176581 -0.114389 -0.160374 0.169852 -0.11635 -0.163797 0.178771 -0.0985001 
-0.188135 0.163123 -0.118311 -0.191558 0.172042 -0.100461 -0.215896 0.156394 -0.120273 
-0.219319 0.165313 -0.102422 -0.23328 0.166259 -0.117054 -0.27484 0.151854 -0.106345 
-0.26104 0.15953 -0.119015 -0.271417 0.142936 -0.124195 -0.299178 0.136206 -0.126156 
-0.302601 0.145125 -0.108306 -0.326938 0.129477 -0.128117 -0.354699 0.122748 -0.130079 
-0.250664 0.176125 -0.113835 -0.1079 -0.0242883 -0.19299 -0.104478 -0.033207 -0.21084 
-0.0941009 -0.0166123 -0.20566 -0.132238 -0.0399361 -0.212801 -0.159999 -0.0466653 -0.214762 
-0.18776 -0.0533945 -0.216724 -0.218943 -0.051205 -0.200835 -0.21552 -0.0601237 -0.218685 
-0.232904 -0.0502581 -0.215466 0.107177 0.0560054 -0.168902 0.1106 0.0470867 -0.186752 
0.120977 0.0636814 -0.181572 0.0828398 0.0403575 -0.188713 0.0550791 0.0336284 -0.190675 
0.0273185 0.0268992 -0.192636 -0.000442201 0.02017 -0.194597 -0.0282029 0.0134408 -0.196558 
-0.0559635 0.00671165 -0.198519 -0.0837242 -1.7529e-05 -0.200481 -0.250288 -0.0403926 -0.212248 
-0.278049 -0.0471218 -0.214209 -0.305809 -0.053851 -0.21617 -0.336993 -0.0516615 -0.200281 
-0.33357 -0.0605801 -0.218131 -0.350954 -0.0507146 -0.214912 0.155692 0.095924 -0.156581 
0.159114 0.0870053 -0.174431 0.169491 0.1036 -0.169252 0.127931 0.0891948 -0.158542 
0.131354 0.0802762 -0.176393 -0.357961 -0.0242543 -0.206514 0.162484 0.13006 -0.160853 
-0.364969 0.00220594 -0.198115 0.1451 0.139926 -0.157634 0.117339 0.133197 -0.159596 
0.0895786 0.126468 -0.161557 0.0618179 0.119738 -0.163518 0.0340573 0.113009 -0.165479 
0.00629661 0.10628 -0.16744 -0.021464 0.0995508 -0.169402 -0.024887 0.108469 -0.151551 
-0.038848 0.109416 -0.166183 -0.371976 0.0286662 -0.189717 -0.056232 0.119282 -0.162964 
-0.0736159 0.129147 -0.159746 -0.378983 0.0551265 -0.181319 -0.0909999 0.139013 -0.156527 
-0.108384 0.148879 -0.153308 -0.396367 0.064992 -0.1781 -0.39979 0.0739107 -0.16025 
-0.413751 0.0748576 -0.174881 -0.125768 0.158744 -0.15009 -0.129191 0.167663 -0.132239 
-0.143152 0.16861 -0.146871 -0.351276 0.113829 -0.147929 -0.337476 0.121505 -0.160599 
-0.347853 0.104911 -0.165779 -0.375614 0.0981815 -0.16774 -0.403374 0.0914523 -0.169701 
-0.160536 0.178475 -0.143652 -0.188296 0.171746 -0.145614 -0.216057 0.165017 -0.147575 
-0.243818 0.158288 -0.149536 -0.247241 0.167206 -0.131686 -0.271578 0.151558 -0.151497 
-0.299339 0.144829 -0.153458 -0.3271 0.1381 -0.155419 -0.0803012 -0.00893621 -0.218331 
-0.0768783 -0.0178549 -0.236181 -0.0665016 -0.00126016 -0.231001 -0.104639 -0.0245841 -0.238142 
-0.1324 -0.0313132 -0.240103 -0.16016 -0.0380424 -0.242065 -0.187921 -0.0447716 -0.244026 
-0.215682 -0.0515008 -0.245987 -0.246865 -0.0493113 -0.230098 -0.243442 -0.05823 -0.247948 
-0.274626 -0.0560405 -0.232059 -0.271203 -0.0649591 -0.249909 -0.288587 -0.0550936 -0.246691 
0.134777 0.0713575 -0.194243 0.1382 0.0624388 -0.212093 0.148576 0.0790335 -0.206913 
0.110439 0.0557096 -0.214054 0.0826783 0.0489804 -0.216015 0.0549177 0.0422513 -0.217977 
0.027157 0.0355221 -0.219938 -0.000603617 0.0287929 -0.221899 -0.0283643 0.0220637 -0.22386 
-0.0561249 0.0153346 -0.225821 -0.305971 -0.045228 -0.243472 -0.337154 -0.0430385 -0.227583 
-0.323355 -0.0353625 -0.240253 0.158953 0.0956282 -0.201733 0.16933 0.112223 -0.196554 
-0.340739 -0.025497 -0.237035 -0.358123 -0.0156314 -0.233816 0.162322 0.138683 -0.188155 
0.120762 0.124278 -0.177446 0.134562 0.131954 -0.190116 0.124185 0.115359 -0.195296 
0.0964244 0.10863 -0.197257 0.0930015 0.117549 -0.179407 0.0686638 0.101901 -0.199219 
0.0652409 0.11082 -0.181368 0.0409031 0.0951718 -0.20118 0.0374802 0.10409 -0.183329 
0.0235192 0.105037 -0.197961 -0.36513 0.0108288 -0.225418 0.144938 0.148549 -0.184937 
0.0061352 0.114903 -0.194742 -0.0216255 0.108174 -0.196704 -0.0390094 0.118039 -0.193485 
-0.372137 0.0372891 -0.217019 -0.0563934 0.127905 -0.190266 -0.0737774 0.13777 -0.187048 
-0.379145 0.0637494 -0.208621 -0.0911613 0.147636 -0.183829 -0.108545 0.157501 -0.18061 
-0.396529 0.0736149 -0.205402 -0.413913 0.0834805 -0.202183 -0.125929 0.167367 -0.177392 
-0.143313 0.177233 -0.174173 -0.323677 0.129181 -0.17327 -0.309877 0.136857 -0.18594 
-0.320254 0.120263 -0.19112 -0.348015 0.113534 -0.193081 -0.375775 0.106804 -0.195042 
-0.403536 0.100075 -0.197003 -0.160697 0.187098 -0.170954 -0.188458 0.180369 -0.172916 
-0.216219 0.17364 -0.174877 -0.243979 0.166911 -0.176838 -0.27174 0.160181 -0.178799 
-0.2995 0.153452 -0.18076 0.169383 0.0602493 -0.227982 0.172806 0.0513306 -0.245832 
0.183183 0.0679253 -0.240653 0.141623 0.0535201 -0.229943 0.145046 0.0446014 -0.247794 
0.113862 0.0467909 -0.231905 0.117285 0.0378723 -0.249755 0.0861013 0.0400618 -0.233866 
0.0895242 0.0311431 -0.251716 0.0583406 0.0333326 -0.235827 0.0617636 0.0244139 -0.253677 
0.03058 0.0266034 -0.237788 0.0340029 0.0176847 -0.255638 0.00281932 0.0198742 -0.239749 
0.00624225 0.0109556 -0.2576 -0.0249413 0.0131451 -0.24171 -0.0215184 0.00422638 -0.259561 
-0.052702 0.00641588 -0.243672 -0.0492791 -0.0025028 -0.261522 -0.0770397 -0.00923198 -0.263483 
-0.1048 -0.0159612 -0.265444 -0.132561 -0.0226903 -0.267405 -0.160322 -0.0294195 -0.269367 
-0.188082 -0.0361487 -0.271328 -0.215843 -0.0428779 -0.273289 -0.243604 -0.049607 -0.27525 
-0.271364 -0.0563362 -0.277211 -0.288748 -0.0464707 -0.273993 0.162376 0.0867096 -0.219584 
0.176176 0.0943856 -0.232254 -0.306132 -0.0366051 -0.270774 -0.323516 -0.0267396 -0.267555 
0.183129 0.119899 -0.209224 0.186552 0.11098 -0.227074 0.196929 0.127575 -0.221895 
-0.3409 -0.016874 -0.264337 -0.358284 -0.00700851 -0.261118 0.179545 0.137441 -0.218676 
0.151784 0.130711 -0.220637 0.148361 0.13963 -0.202787 0.124024 0.123982 -0.222598 
0.096263 0.117253 -0.224559 0.0685024 0.110524 -0.226521 0.0407417 0.103795 -0.228482 
0.0129811 0.0970655 -0.230443 0.00955813 0.105984 -0.212593 -0.00440291 0.106931 -0.227224 
-0.365291 0.0194518 -0.25272 -0.0217869 0.116797 -0.224006 -0.0495475 0.110067 -0.225967 
-0.0529705 0.118986 -0.208117 -0.0669315 0.119933 -0.222748 -0.372299 0.045912 -0.244321 
-0.0843155 0.129799 -0.219529 -0.0877384 0.138717 -0.201679 -0.101699 0.139664 -0.216311 
-0.379306 0.0723723 -0.235923 -0.108707 0.166124 -0.207912 -0.39669 0.0822378 -0.232704 
-0.414074 0.0921034 -0.229485 -0.126091 0.17599 -0.204694 -0.153851 0.169261 -0.206655 
-0.157274 0.178179 -0.188805 -0.181612 0.162532 -0.208616 -0.185035 0.17145 -0.190766 
-0.209373 0.155802 -0.210577 -0.212796 0.164721 -0.192727 -0.237133 0.149073 -0.212538 
-0.240556 0.157992 -0.194688 -0.264894 0.142344 -0.2145 -0.268317 0.151263 -0.196649 
-0.292655 0.135615 -0.216461 -0.296078 0.144533 -0.198611 -0.320415 0.128886 -0.218422 
-0.348176 0.122156 -0.220383 -0.375937 0.115427 -0.222344 -0.403697 0.108698 -0.224305 
-0.129138 -0.031609 -0.285256 -0.125715 -0.0405277 -0.303106 -0.115338 -0.023933 -0.297926 
-0.156899 -0.0383382 -0.287217 -0.153476 -0.0472569 -0.305067 -0.184659 -0.0450674 -0.289178 
-0.181236 -0.053986 -0.307028 -0.21242 -0.0517965 -0.291139 -0.208997 -0.0607152 -0.308989 
-0.226381 -0.0508497 -0.305771 0.196982 0.0756014 -0.253323 0.200405 0.0666827 -0.271173 
0.210782 0.0832774 -0.265994 0.172645 0.0599535 -0.273135 0.144884 0.0532244 -0.275096 
0.117123 0.0464952 -0.277057 0.0893628 0.039766 -0.279018 0.0616021 0.0330368 -0.280979 
0.0338415 0.0263076 -0.28294 0.00608083 0.0195785 -0.284902 -0.0216798 0.0128493 -0.286863 
-0.0494405 0.00612011 -0.288824 -0.0772011 -0.000609069 -0.290785 -0.104962 -0.00733825 -0.292746 
-0.243765 -0.0409841 -0.302552 -0.271526 -0.0477133 -0.304513 -0.28891 -0.0378478 -0.301295 
0.217736 0.108791 -0.242963 0.221159 0.0998721 -0.260814 0.231535 0.116467 -0.255634 
0.189975 0.102062 -0.244925 -0.306294 -0.0279822 -0.298076 -0.323678 -0.0181167 -0.294857 
0.238489 0.14198 -0.232604 0.241912 0.133062 -0.250454 0.252289 0.149656 -0.245274 
0.210729 0.135251 -0.234565 -0.341062 -0.00825114 -0.291639 -0.358446 0.0016144 -0.28842 
0.234905 0.159522 -0.242056 0.207144 0.152793 -0.244017 0.179384 0.146064 -0.245978 
0.151623 0.139334 -0.247939 0.123862 0.132605 -0.2499 0.0961016 0.125876 -0.251861 
0.068341 0.119147 -0.253823 0.0405803 0.112418 -0.255784 0.0128196 0.105688 -0.257745 
-0.014941 0.0989593 -0.259706 -0.0183639 0.107878 -0.241856 -0.032325 0.108825 -0.256487 
-0.365453 0.0280747 -0.280022 -0.0497089 0.11869 -0.253269 -0.0670929 0.128556 -0.25005 
-0.37246 0.0545349 -0.271623 -0.0844769 0.138421 -0.246832 -0.101861 0.148287 -0.243613 
-0.379467 0.0809952 -0.263225 -0.119245 0.158153 -0.240394 -0.122668 0.167071 -0.222544 
-0.136629 0.168018 -0.237176 -0.344753 0.113238 -0.238233 -0.330953 0.120914 -0.250904 
-0.34133 0.104319 -0.256084 -0.369091 0.0975899 -0.258045 -0.372514 0.106509 -0.240195 
-0.400274 0.0997794 -0.242156 -0.154013 0.177884 -0.233957 -0.181773 0.171154 -0.235918 
-0.209534 0.164425 -0.237879 -0.237295 0.157696 -0.23984 -0.265055 0.150967 -0.241802 
-0.292816 0.144238 -0.243763 -0.320577 0.137509 -0.245724 -0.0737782 -0.00952775 -0.308635 
-0.0703553 -0.0184464 -0.326486 -0.0599786 -0.0018517 -0.321306 -0.101539 -0.0162569 -0.310597 
-0.0981159 -0.0251756 -0.328447 -0.125877 -0.0319048 -0.330408 -0.153637 -0.038634 -0.332369 
-0.181398 -0.0453631 -0.33433 -0.209159 -0.0520923 -0.336291 -0.240342 -0.0499028 -0.320402 
-0.236919 -0.0588215 -0.338253 -0.254303 -0.0489559 -0.335034 0.224582 0.0909535 -0.278664 
0.228005 0.0820348 -0.296514 0.238381 0.0986295 -0.291334 0.200244 0.0753056 -0.298475 
0.172483 0.0685764 -0.300437 0.144723 0.0618473 -0.302398 0.116962 0.0551181 -0.304359 
0.0892014 0.0483889 -0.30632 0.0614407 0.0416597 -0.308281 0.0336801 0.0349305 -0.310242 
0.00591942 0.0282014 -0.312204 -0.0218412 0.0214722 -0.314165 -0.0496019 0.014743 -0.316126 
-0.271687 -0.0390904 -0.331815 -0.289071 -0.0292249 -0.328597 0.245335 0.124143 -0.268304 
0.248758 0.115224 -0.286155 0.259135 0.131819 -0.280975 -0.306455 -0.0193593 -0.325378 
-0.323839 -0.00949378 -0.322159 0.252127 0.158279 -0.272576 0.127285 0.123686 -0.267751 
0.141085 0.131363 -0.280421 0.130708 0.114768 -0.285601 0.102947 0.108039 -0.287562 
0.0995245 0.116957 -0.269712 0.0751868 0.101309 -0.289523 0.0717639 0.110228 -0.271673 
0.0474262 0.0945803 -0.291484 0.0440032 0.103499 -0.273634 0.0300422 0.104446 -0.288266 
-0.344646 0.00929045 -0.301091 -0.330846 0.0169665 -0.313761 0.234743 0.168145 -0.269358 
0.206983 0.161416 -0.271319 0.179222 0.154686 -0.27328 0.151462 0.147957 -0.275241 
0.0126582 0.114311 -0.285047 -0.0151024 0.107582 -0.287008 -0.0324864 0.117448 -0.28379 
-0.351653 0.0357507 -0.292692 -0.337854 0.0434268 -0.305362 -0.0498704 0.127313 -0.280571 
-0.0672543 0.137179 -0.277352 -0.35866 0.062211 -0.284294 -0.344861 0.069887 -0.296964 
-0.0846383 0.147044 -0.274134 -0.102022 0.15691 -0.270915 -0.362245 0.0797526 -0.293745 
-0.379629 0.0896181 -0.290527 -0.119406 0.166775 -0.267696 -0.147167 0.160046 -0.269657 
-0.15059 0.168965 -0.251807 -0.164551 0.169912 -0.266439 -0.289393 0.135319 -0.261613 
-0.275593 0.142995 -0.274283 -0.28597 0.1264 -0.279463 -0.313731 0.119671 -0.281424 
-0.317154 0.12859 -0.263574 -0.341491 0.112942 -0.283386 -0.369252 0.106213 -0.285347 
-0.181935 0.179777 -0.26322 -0.209695 0.173048 -0.265181 -0.237456 0.166319 -0.267143 
-0.265217 0.15959 -0.269104 0.231428 0.0731161 -0.314364 0.234851 0.0641974 -0.332215 
0.245227 0.0807922 -0.327035 0.203667 0.0663869 -0.316326 0.20709 0.0574683 -0.334176 
0.175906 0.0596578 -0.318287 0.179329 0.0507391 -0.336137 0.148146 0.0529286 -0.320248 
0.151569 0.0440099 -0.338098 0.120385 0.0461994 -0.322209 0.123808 0.0372807 -0.340059 
0.0926243 0.0394702 -0.32417 0.0960472 0.0305516 -0.342021 0.0648637 0.0327411 -0.326132 
0.0682866 0.0238224 -0.343982 0.037103 0.0260119 -0.328093 0.0405259 0.0170932 -0.345943 
0.00934235 0.0192827 -0.330054 0.0127653 0.010364 -0.347904 -0.0184183 0.0125535 -0.332015 
-0.0149954 0.00363484 -0.349865 -0.046179 0.00582434 -0.333976 -0.042756 -0.00309434 -0.351826 
-0.0705167 -0.00982352 -0.353788 -0.0982773 -0.0165527 -0.355749 -0.126038 -0.0232819 -0.35771 
-0.153799 -0.0300111 -0.359671 -0.181559 -0.0367402 -0.361632 -0.20932 -0.0434694 -0.363594 
-0.237081 -0.0501986 -0.365555 -0.254465 -0.040333 -0.362336 0.23822 0.107252 -0.318636 
-0.271849 -0.0304675 -0.359117 -0.289233 -0.020602 -0.355899 0.248597 0.123847 -0.313457 
0.258973 0.140442 -0.308277 -0.310039 -0.00181773 -0.33483 -0.29624 0.00585831 -0.3475 
0.241589 0.150307 -0.305058 0.238166 0.159226 -0.287208 0.213829 0.143578 -0.307019 
0.210406 0.152497 -0.289169 0.186068 0.136849 -0.30898 0.182645 0.145768 -0.29113 
0.158307 0.13012 -0.310942 0.154884 0.139039 -0.293091 0.130547 0.123391 -0.312903 
0.102786 0.116662 -0.314864 0.0750254 0.109932 -0.316825 0.0472647 0.103203 -0.318786 
0.0195041 0.096474 -0.320748 0.0160812 0.105393 -0.302897 0.00212013 0.10634 -0.317529 
-0.313624 0.0157239 -0.344282 -0.331008 0.0255894 -0.341063 -0.0152638 0.116205 -0.31431 
-0.0430245 0.109476 -0.316271 -0.0464474 0.118395 -0.298421 -0.0604085 0.119341 -0.313053 
-0.338015 0.0520497 -0.332664 -0.0777924 0.129207 -0.309834 -0.0812154 0.138126 -0.291984 
-0.0951764 0.139073 -0.306615 -0.345022 0.0785099 -0.324266 -0.11256 0.148938 -0.303397 
-0.115983 0.157857 -0.285547 -0.129944 0.158804 -0.300178 -0.362406 0.0883755 -0.321047 
-0.37979 0.098241 -0.317829 -0.147328 0.168669 -0.296959 -0.175089 0.16194 -0.298921 
-0.178512 0.170859 -0.28107 -0.20285 0.155211 -0.300882 -0.206273 0.164129 -0.283032 
-0.23061 0.148482 -0.302843 -0.234033 0.1574 -0.284993 -0.258371 0.141752 -0.304804 
-0.261794 0.150671 -0.286954 -0.286132 0.135023 -0.306765 -0.313892 0.128294 -0.308727 
-0.341653 0.121565 -0.310688 -0.369414 0.114836 -0.312649 -0.0948544 -0.0254714 -0.373599 
-0.0914315 -0.0343901 -0.391449 -0.0810548 -0.0177953 -0.38627 -0.122615 -0.0322005 -0.37556 
-0.119192 -0.0411192 -0.393411 -0.150376 -0.0389297 -0.377521 -0.146953 -0.0478484 -0.395372 
-0.178136 -0.0456589 -0.379483 -0.174713 -0.0545776 -0.397333 -0.192097 -0.044712 -0.394114 
0.259027 0.0884682 -0.339705 0.26245 0.0795495 -0.357556 0.272826 0.0961442 -0.352376 
0.234689 0.0728204 -0.359517 0.206928 0.0660912 -0.361478 0.179168 0.059362 -0.363439 
0.151407 0.0526328 -0.3654 0.123646 0.0459036 -0.367361 0.0958858 0.0391745 -0.369323 
0.0681252 0.0324453 -0.371284 0.0403645 0.0257161 -0.373245 0.0126039 0.0189869 -0.375206 
-0.0151568 0.0122577 -0.377167 -0.0429174 0.00552857 -0.379129 -0.0706781 -0.00120061 -0.38109 
-0.209481 -0.0348465 -0.390896 -0.237242 -0.0415757 -0.392857 -0.254626 -0.0317101 -0.389638 
0.25202 0.114928 -0.331307 0.265819 0.122605 -0.343977 -0.275433 -0.0129259 -0.368569 
-0.261633 -0.00524987 -0.38124 0.272773 0.148118 -0.320947 0.276196 0.139199 -0.338797 
0.286573 0.155794 -0.333618 0.13397 0.114472 -0.330753 0.147769 0.122148 -0.343424 
0.137393 0.105553 -0.348603 0.109632 0.0988242 -0.350565 0.106209 0.107743 -0.332714 
0.0818713 0.092095 -0.352526 0.0784483 0.101014 -0.334675 0.0644873 0.101961 -0.349307 
-0.279017 0.00461568 -0.378021 -0.296401 0.0144812 -0.374802 0.269189 0.16566 -0.330399 
0.241428 0.15893 -0.33236 0.213667 0.152201 -0.334321 0.185907 0.145472 -0.336283 
0.158146 0.138743 -0.338244 0.0471033 0.111826 -0.346088 0.0193427 0.105097 -0.34805 
-0.00841798 0.0983677 -0.350011 -0.0118409 0.107286 -0.33216 -0.0258019 0.108233 -0.346792 
-0.317208 0.0332654 -0.353733 -0.303409 0.0409415 -0.366404 -0.0431859 0.118099 -0.343573 
-0.0605699 0.127964 -0.340355 -0.324215 0.0597257 -0.345335 -0.310416 0.0674017 -0.358005 
-0.0779538 0.13783 -0.337136 -0.0953378 0.147695 -0.333917 -0.331223 0.086186 -0.336936 
-0.317423 0.093862 -0.349607 -0.112722 0.157561 -0.330699 -0.130106 0.167427 -0.32748 
-0.310469 0.119375 -0.326577 -0.29667 0.127051 -0.339247 -0.307046 0.110457 -0.344427 
-0.33823 0.112646 -0.328538 -0.365991 0.105917 -0.330499 -0.14749 0.177292 -0.324262 
-0.17525 0.170563 -0.326223 -0.203011 0.163834 -0.328184 -0.230772 0.157105 -0.330145 
-0.258532 0.150375 -0.332106 -0.286293 0.143646 -0.334067 0.238112 0.0639017 -0.377367 
0.241535 0.054983 -0.395217 0.251912 0.0715777 -0.390037 0.210351 0.0571725 -0.379328 
0.213774 0.0482538 -0.397178 0.182591 0.0504433 -0.381289 0.186014 0.0415246 -0.39914 
0.15483 0.0437141 -0.383251 0.158253 0.0347955 -0.401101 0.127069 0.036985 -0.385212 
0.130492 0.0280663 -0.403062 0.0993088 0.0302558 -0.387173 0.102732 0.0213371 -0.405023 
0.0715481 0.0235266 -0.389134 0.074971 0.0146079 -0.406984 0.0437875 0.0167974 -0.391095 
0.0472104 0.00787875 -0.408946 0.0160268 0.0100682 -0.393056 0.0194497 0.00114957 -0.410907 
-0.0117339 0.00333907 -0.395018 -0.00831093 -0.00557961 -0.412868 -0.0394945 -0.00339011 -0.396979 
-0.0360716 -0.0123088 -0.414829 -0.0672552 -0.0101193 -0.39894 -0.0638322 -0.019038 -0.41679 
-0.0915929 -0.0257671 -0.418751 -0.119354 -0.0324963 -0.420713 -0.147114 -0.0392255 -0.422674 
-0.174875 -0.0459547 -0.424635 -0.192259 -0.0360891 -0.421416 0.262288 0.0881724 -0.384858 
0.272665 0.104767 -0.379678 -0.209643 -0.0262236 -0.418198 -0.240826 -0.0240341 -0.402309 
-0.227027 -0.016358 -0.414979 0.265658 0.131227 -0.371279 -0.244411 -0.0064925 -0.41176 
-0.261795 0.00337304 -0.408542 0.272611 0.156741 -0.348249 0.25865 0.157688 -0.362881 
0.21709 0.143282 -0.352172 0.23089 0.150959 -0.364842 0.220513 0.134364 -0.370022 
0.192752 0.127635 -0.371983 0.18933 0.136553 -0.354133 0.164992 0.120905 -0.373944 
0.161569 0.129824 -0.356094 0.137231 0.114176 -0.375905 0.109471 0.107447 -0.377867 
0.0817099 0.100718 -0.379828 0.0539492 0.0939887 -0.381789 0.0505263 0.102907 -0.363939 
0.0365652 0.103854 -0.37857 -0.279179 0.0132386 -0.405323 -0.296563 0.0231041 -0.402104 
0.241267 0.167553 -0.359662 0.0191813 0.11372 -0.375352 -0.00857939 0.106991 -0.377313 
-0.0259634 0.116856 -0.374094 -0.30357 0.0495644 -0.393706 -0.0433473 0.126722 -0.370875 
-0.0607313 0.136587 -0.367657 -0.310577 0.0760247 -0.385307 -0.0781153 0.146453 -0.364438 
-0.105876 0.139724 -0.366399 -0.109299 0.148642 -0.348549 -0.12326 0.149589 -0.363181 
-0.317584 0.102485 -0.376909 -0.140644 0.159455 -0.359962 -0.144067 0.168373 -0.342112 
-0.158028 0.16932 -0.356743 -0.255109 0.141457 -0.349956 -0.24131 0.149133 -0.362627 
-0.251686 0.132538 -0.367807 -0.279447 0.125809 -0.369768 -0.28287 0.134727 -0.351918 
-0.307208 0.11908 -0.371729 -0.175412 0.179186 -0.353525 -0.203172 0.172457 -0.355486 
-0.230933 0.165727 -0.357447 0.244958 0.0460643 -0.413068 0.248381 0.0371456 -0.430918 
0.258758 0.0537404 -0.425738 0.217197 0.0393351 -0.415029 0.22062 0.0304165 -0.432879 
0.189437 0.032606 -0.41699 0.19286 0.0236873 -0.43484 0.161676 0.0258768 -0.418951 
0.165099 0.0169581 -0.436801 0.133915 0.0191476 -0.420912 0.137338 0.0102289 -0.438762 
0.119954 0.0200945 -0.435544 0.078394 0.00568925 -0.424835 0.0818169 -0.00322943 -0.442685 
0.0921936 0.0133653 -0.437505 0.0506333 -0.00103993 -0.426796 0.0540562 -0.00995861 -0.444646 
0.0228727 -0.00776911 -0.428757 0.0262956 -0.0166878 -0.446607 -0.00488799 -0.0144983 -0.430718 
-0.00146506 -0.023417 -0.448568 -0.018849 -0.0135514 -0.44535 0.265711 0.0792538 -0.402708 
0.269134 0.0703351 -0.420558 0.279511 0.0869298 -0.415378 0.10257 0.02996 -0.432325 
-0.036233 -0.00368588 -0.442131 -0.0639937 -0.0104151 -0.444092 -0.0917543 -0.0171442 -0.446053 
-0.119515 -0.0238734 -0.448015 -0.147276 -0.0306026 -0.449976 -0.175036 -0.0373318 -0.451937 
-0.19242 -0.0274662 -0.448718 0.272504 0.11339 -0.40698 -0.209804 -0.0176007 -0.4455 
-0.227188 -0.00773514 -0.442281 0.265496 0.13985 -0.398581 0.196175 0.118716 -0.389833 
0.209975 0.126392 -0.402504 0.199598 0.109797 -0.407684 0.171838 0.103068 -0.409645 
0.168415 0.111987 -0.391794 0.144077 0.0963389 -0.411606 0.140654 0.105258 -0.393756 
0.116316 0.0896097 -0.413567 0.112893 0.0985284 -0.395717 0.0885557 0.0828805 -0.415528 
0.0851328 0.0917992 -0.397678 0.0711718 0.0927461 -0.41231 -0.244572 0.0021304 -0.439062 
-0.261956 0.0119959 -0.435844 0.248112 0.149716 -0.395363 0.244689 0.158635 -0.377512 
0.220352 0.142987 -0.397324 0.0537878 0.102612 -0.409091 0.0260271 0.0958824 -0.411052 
0.0226042 0.104801 -0.393202 0.00864316 0.105748 -0.407833 -0.282763 0.0307802 -0.414775 
-0.268963 0.0384562 -0.427445 -0.00874081 0.115614 -0.404615 -0.0261248 0.125479 -0.401396 
-0.28977 0.0572404 -0.406376 -0.275971 0.0649165 -0.419047 -0.0435087 0.135345 -0.398178 
-0.0712694 0.128615 -0.400139 -0.0746923 0.137534 -0.382288 -0.0886534 0.138481 -0.39692 
-0.296778 0.0837007 -0.397978 -0.282978 0.0913767 -0.410648 -0.106037 0.148347 -0.393701 
-0.123421 0.158212 -0.390483 -0.300362 0.101242 -0.40743 -0.317746 0.111108 -0.404211 
-0.140805 0.168078 -0.387264 -0.168566 0.161348 -0.389225 -0.171989 0.170267 -0.371375 
-0.196327 0.154619 -0.391186 -0.19975 0.163538 -0.373336 -0.224087 0.14789 -0.393148 
-0.22751 0.156809 -0.375297 -0.251848 0.141161 -0.395109 -0.279609 0.134432 -0.39707 
-0.307369 0.127703 -0.399031 0.369854 0.0286834 -0.449322 0.373277 0.0197647 -0.467172 
0.383653 0.0363594 -0.461992 0.355893 0.0296303 -0.463953 0.366269 0.046225 -0.458774 
0.338509 0.0394958 -0.460735 0.348885 0.0560905 -0.455555 0.335086 0.0484145 -0.442885 
0.307325 0.0416853 -0.444846 0.310748 0.0327666 -0.462696 0.279564 0.0349561 -0.446807 
0.282987 0.0260375 -0.464657 0.251804 0.028227 -0.448768 0.255227 0.0193083 -0.466618 
0.224043 0.0214978 -0.450729 0.227466 0.0125791 -0.46858 0.196282 0.0147686 -0.45269 
0.199705 0.00584992 -0.470541 0.168522 0.00803942 -0.454652 0.171945 -0.000879254 -0.472502 
0.140761 0.00131025 -0.456613 0.144184 -0.00760843 -0.474463 0.1268 0.00225711 -0.471244 
0.0852398 -0.0121481 -0.460535 0.0886628 -0.0210668 -0.478385 0.0990395 -0.00447207 -0.473206 
0.0574792 -0.0188773 -0.462496 0.0609021 -0.027796 -0.480347 0.0297185 -0.0256065 -0.464457 
0.0331415 -0.0345251 -0.482308 0.0157575 -0.0246596 -0.479089 0.328078 0.0748748 -0.434486 
0.341878 0.0825508 -0.447156 0.300318 0.0681456 -0.436447 0.272557 0.0614164 -0.438408 
0.105993 0.0210413 -0.450175 0.109416 0.0121227 -0.468026 -0.00162648 -0.0147941 -0.47587 
-0.0328101 -0.0126046 -0.459981 -0.0293871 -0.0215232 -0.477832 -0.0605707 -0.0193337 -0.461942 
-0.0571478 -0.0282524 -0.479793 -0.0883314 -0.0260629 -0.463904 -0.0849084 -0.0349816 -0.481754 
-0.116092 -0.0327921 -0.465865 -0.112669 -0.0417108 -0.483715 -0.130053 -0.0318452 -0.480496 
0.324494 0.0924163 -0.443938 0.30711 0.102282 -0.440719 0.293311 0.0946058 -0.428049 
-0.147437 -0.0219797 -0.477278 -0.178621 -0.0197902 -0.461389 -0.164821 -0.0121141 -0.474059 
0.289726 0.112147 -0.437501 0.272342 0.122013 -0.434282 0.203021 0.100879 -0.425534 
0.216821 0.108555 -0.438204 0.206444 0.0919599 -0.443384 0.178684 0.0852307 -0.445345 
0.175261 0.0941494 -0.427495 0.150923 0.0785015 -0.447306 0.1475 0.0874202 -0.429456 
0.133539 0.0883671 -0.444088 -0.182205 -0.0022486 -0.470841 -0.213389 -5.90953e-05 -0.454951 
-0.199589 0.00761695 -0.467622 0.254958 0.131879 -0.431063 0.251535 0.140797 -0.413213 
0.227198 0.125149 -0.433024 0.223775 0.134068 -0.415174 0.116155 0.0982326 -0.440869 
0.0883943 0.0915034 -0.44283 0.0606336 0.0847743 -0.444791 0.0572107 0.0936929 -0.426941 
0.0432497 0.0946398 -0.441573 -0.216973 0.0174825 -0.464403 -0.248156 0.019672 -0.448514 
-0.234357 0.027348 -0.461185 0.0258657 0.104505 -0.438354 0.00848174 0.114371 -0.435136 
-0.251741 0.0372136 -0.457966 -0.269125 0.0470791 -0.454747 -0.00890222 0.124236 -0.431917 
-0.0366629 0.117507 -0.433878 -0.0400858 0.126426 -0.416028 -0.0540468 0.127373 -0.430659 
-0.276132 0.0735394 -0.446349 -0.0714308 0.137238 -0.427441 -0.0888148 0.147104 -0.424222 
-0.283139 0.0999997 -0.43795 -0.106199 0.156969 -0.421003 -0.133959 0.15024 -0.422965 
-0.137382 0.159159 -0.405114 -0.16172 0.143511 -0.424926 -0.165143 0.15243 -0.407076 
-0.179104 0.153377 -0.421707 -0.300523 0.109865 -0.434732 -0.317907 0.119731 -0.431513 
-0.196488 0.163242 -0.418488 -0.224249 0.156513 -0.42045 -0.252009 0.149784 -0.422411 
-0.27977 0.143055 -0.424372 -0.307531 0.136325 -0.426333 0.355946 -0.0223434 -0.495382 
0.359369 -0.0312621 -0.513232 0.369746 -0.0146674 -0.508052 0.328185 -0.0290726 -0.497343 
0.331608 -0.0379912 -0.515193 0.300425 -0.0358017 -0.499304 0.303848 -0.0447204 -0.517155 
0.272664 -0.0425309 -0.501266 0.276087 -0.0514496 -0.519116 0.244904 -0.0492601 -0.503227 
0.248326 -0.0581788 -0.521077 0.217143 -0.0559893 -0.505188 0.220566 -0.064908 -0.523038 
0.189382 -0.0627185 -0.507149 0.192805 -0.0716371 -0.524999 0.161622 -0.0694476 -0.50911 
0.165045 -0.0783663 -0.52696 0.147661 -0.0685008 -0.523742 0.348939 0.00411687 -0.486984 
0.362738 0.0117929 -0.499654 0.321178 -0.00261231 -0.488945 0.293418 -0.00934148 -0.490906 
0.265657 -0.0160707 -0.492867 0.237896 -0.0227998 -0.494828 0.210136 -0.029529 -0.496789 
0.182375 -0.0362582 -0.498751 0.154614 -0.0429874 -0.500712 0.130277 -0.0586352 -0.520523 
0.126854 -0.0497166 -0.502673 0.099093 -0.0564457 -0.504634 0.102516 -0.0653644 -0.522484 
0.0851319 -0.0554989 -0.519266 0.373115 0.0283876 -0.494474 0.383492 0.0449824 -0.489294 
0.341932 0.0305771 -0.478585 0.314171 0.023848 -0.480546 0.28641 0.0171188 -0.482507 
0.25865 0.0103896 -0.484469 0.230889 0.00366042 -0.48643 0.203128 -0.00306875 -0.488391 
0.175368 -0.00979793 -0.490352 0.147607 -0.0165271 -0.492313 0.119846 -0.0232563 -0.494274 
0.0920857 -0.0299855 -0.496236 0.067748 -0.0456333 -0.516047 0.064325 -0.0367146 -0.498197 
0.0365644 -0.0434438 -0.500158 0.0399873 -0.0523625 -0.518008 0.0226034 -0.042497 -0.51479 
0.362685 0.0637666 -0.468225 0.376485 0.0714426 -0.480896 0.112839 0.00320398 -0.485876 
0.00179646 -0.0237127 -0.493721 0.00521939 -0.0326314 -0.511571 -0.0259642 -0.0304419 -0.495682 
-0.0225413 -0.0393606 -0.513532 -0.0537249 -0.0371711 -0.497643 -0.0503019 -0.0460898 -0.515493 
-0.0676859 -0.0362242 -0.512275 0.359101 0.0813082 -0.477677 0.341717 0.0911737 -0.474459 
-0.0850699 -0.0263587 -0.509056 -0.116253 -0.0241692 -0.493167 -0.102454 -0.0164931 -0.505837 
0.324333 0.101039 -0.47124 0.306949 0.110905 -0.468021 0.237628 0.0897704 -0.459273 
0.251427 0.0974464 -0.471944 0.241051 0.0808517 -0.477123 0.223667 0.0907173 -0.473905 
-0.119838 -0.0066276 -0.502619 -0.147598 -0.0133568 -0.50458 -0.164982 -0.00349123 -0.501361 
0.289565 0.12077 -0.464803 0.261804 0.114041 -0.466764 0.258381 0.12296 -0.448913 
0.230621 0.116231 -0.450875 0.206283 0.100583 -0.470686 0.178522 0.0938536 -0.472647 
0.150761 0.0871244 -0.474608 0.123001 0.0803953 -0.47657 0.119578 0.0893139 -0.458719 
0.105617 0.0902608 -0.473351 -0.182366 0.00637431 -0.498143 -0.19975 0.0162399 -0.494924 
0.0882329 0.100126 -0.470132 0.0604722 0.0933972 -0.472093 0.0430883 0.103263 -0.468875 
-0.217134 0.0261054 -0.491705 -0.234518 0.0359709 -0.488487 0.0257043 0.113128 -0.465656 
-0.00205636 0.106399 -0.467617 -0.00547929 0.115318 -0.449767 -0.0194403 0.116265 -0.464399 
-0.255325 0.0547552 -0.467418 -0.241526 0.0624312 -0.480088 -0.0368243 0.12613 -0.46118 
-0.0542083 0.135996 -0.457961 -0.262332 0.0812154 -0.459019 -0.248533 0.0888915 -0.47169 
-0.0715922 0.145861 -0.454743 -0.0993529 0.139132 -0.456704 -0.102776 0.148051 -0.438854 
-0.116737 0.148998 -0.453485 -0.26934 0.107676 -0.450621 -0.25554 0.115352 -0.463291 
-0.134121 0.158863 -0.450267 -0.161881 0.152134 -0.452228 -0.189642 0.145405 -0.454189 
-0.193065 0.154323 -0.436339 -0.217403 0.138676 -0.45615 -0.220826 0.147594 -0.4383 
-0.245163 0.131946 -0.458111 -0.248586 0.140865 -0.440261 -0.276347 0.134136 -0.442222 
-0.304108 0.127407 -0.444183 0.359208 -0.0226392 -0.540534 0.369584 -0.00604444 -0.535354 
0.331447 -0.0293683 -0.542495 0.303686 -0.0360975 -0.544457 0.275926 -0.0428267 -0.546418 
0.248165 -0.0495559 -0.548379 0.220404 -0.0562851 -0.55034 0.192644 -0.0630142 -0.552301 
0.164883 -0.0697434 -0.554263 0.1337 -0.0675539 -0.538373 0.137122 -0.0764726 -0.556224 
0.105939 -0.0742831 -0.540335 0.109362 -0.0832018 -0.558185 0.0781782 -0.0810123 -0.542296 
0.0816011 -0.0899309 -0.560146 0.0504175 -0.0877414 -0.544257 0.0538405 -0.0966601 -0.562107 
0.0364565 -0.0867946 -0.558889 0.362577 0.0204158 -0.526956 0.0711709 -0.054552 -0.533897 
0.0434103 -0.0612812 -0.535859 0.0190725 -0.076929 -0.55567 0.0156496 -0.0680104 -0.53782 
0.00168857 -0.0670635 -0.552451 0.369531 0.0459292 -0.503926 0.35557 0.0468761 -0.518558 
0.00864232 -0.0415501 -0.529421 -0.0156954 -0.0571979 -0.549233 -0.0191183 -0.0482793 -0.531382 
-0.0330794 -0.0473324 -0.546014 0.362524 0.0723895 -0.495527 0.348563 0.0733363 -0.510159 
-0.0504633 -0.0374669 -0.542795 -0.0678473 -0.0276013 -0.539577 0.331179 0.0832019 -0.50694 
0.327756 0.0921206 -0.48909 0.313795 0.0930674 -0.503722 0.272234 0.0786622 -0.493012 
0.286034 0.0863383 -0.505683 0.275657 0.0697435 -0.510863 0.247897 0.0630144 -0.512824 
0.244474 0.071933 -0.494974 0.230513 0.0728799 -0.509605 -0.0852313 -0.0177358 -0.536358 
-0.102615 -0.00787023 -0.533139 0.296411 0.102933 -0.500503 0.292988 0.111852 -0.482653 
0.265227 0.105122 -0.484614 0.213129 0.0827454 -0.506387 0.209706 0.0916641 -0.488536 
0.185368 0.0760163 -0.508348 0.181945 0.0849349 -0.490498 0.167984 0.0858818 -0.505129 
-0.119999 0.00199531 -0.529921 -0.14776 -0.00473387 -0.531882 -0.165144 0.00513168 -0.528663 
0.1506 0.0957474 -0.501911 0.122839 0.0890182 -0.503872 0.0950788 0.082289 -0.505833 
0.0916558 0.0912077 -0.487983 0.0776948 0.0921545 -0.502614 -0.182528 0.0149972 -0.525445 
-0.199912 0.0248628 -0.522226 0.0603108 0.10202 -0.499396 0.0429268 0.111886 -0.496177 
-0.220719 0.043647 -0.501157 -0.206919 0.051323 -0.513827 0.0255429 0.121751 -0.492958 
-0.00221778 0.115022 -0.494919 -0.0196017 0.124888 -0.491701 -0.224303 0.0611886 -0.510609 
-0.241687 0.0710541 -0.50739 -0.0369857 0.134753 -0.488482 -0.0647464 0.128024 -0.490443 
-0.0681693 0.136943 -0.472593 -0.0821303 0.137889 -0.487225 -0.248694 0.0975144 -0.498992 
-0.0995143 0.147755 -0.484006 -0.116898 0.157621 -0.480787 -0.255702 0.123975 -0.490593 
-0.134282 0.167486 -0.477569 -0.162043 0.160757 -0.47953 -0.189804 0.154028 -0.481491 
-0.217564 0.147299 -0.483452 -0.245325 0.140569 -0.485413 0.112785 -0.0921204 -0.576035 
0.116208 -0.101039 -0.593885 0.126584 -0.0844444 -0.588706 0.0988237 -0.0911736 -0.590667 
0.355623 -0.00509758 -0.549986 0.341662 -0.00415071 -0.564618 0.331286 -0.0207454 -0.569798 
0.303525 -0.0274746 -0.571759 0.275764 -0.0342038 -0.57372 0.248004 -0.040933 -0.575681 
0.220243 -0.0476621 -0.577642 0.192482 -0.0543913 -0.579603 0.164722 -0.0611205 -0.581565 
0.136961 -0.0678497 -0.583526 0.0814397 -0.081308 -0.587448 0.0536791 -0.0880372 -0.589409 
0.0362951 -0.0781717 -0.586191 0.348616 0.0213627 -0.541588 0.334655 0.0223096 -0.556219 
0.0189111 -0.0683061 -0.582972 0.00152715 -0.0584406 -0.579753 0.341609 0.047823 -0.533189 
0.317271 0.0321751 -0.553001 0.313848 0.0410938 -0.53515 0.299887 0.0420406 -0.549782 
-0.0158568 -0.048575 -0.576535 -0.0332408 -0.0387095 -0.573316 0.334601 0.0742832 -0.524791 
0.306841 0.067554 -0.526752 0.282503 0.0519062 -0.546563 0.27908 0.0608249 -0.528713 
0.254742 0.045177 -0.548524 0.25132 0.0540957 -0.530674 0.237358 0.0550425 -0.545306 
-0.0506248 -0.028844 -0.570097 -0.0680087 -0.0189784 -0.566879 0.299834 0.0940143 -0.518353 
0.219975 0.0649081 -0.542087 0.216552 0.0738268 -0.524237 0.192214 0.0581789 -0.544048 
0.188791 0.0670976 -0.526198 0.17483 0.0680445 -0.54083 -0.0853927 -0.00911287 -0.56366 
-0.102777 0.000752677 -0.560441 0.157446 0.07791 -0.537611 0.154023 0.0868287 -0.519761 
0.140062 0.0877755 -0.534392 -0.120161 0.0106182 -0.557223 -0.151344 0.0128077 -0.541334 
-0.137545 0.0204838 -0.554004 0.122678 0.0976411 -0.531174 0.0949173 0.0909119 -0.533135 
0.0775334 0.100777 -0.529916 -0.154929 0.0303493 -0.550785 -0.186112 0.0325388 -0.534896 
-0.172313 0.0402149 -0.547567 0.0601494 0.110643 -0.526698 0.0427654 0.120509 -0.523479 
-0.189696 0.0500804 -0.544348 -0.20708 0.0599459 -0.541129 0.0253815 0.130374 -0.52026 
-0.00237919 0.123645 -0.522221 -0.0301398 0.116916 -0.524183 -0.0335628 0.125834 -0.506332 
-0.0475238 0.126781 -0.520964 -0.227887 0.0787302 -0.520061 -0.214088 0.0864062 -0.532731 
-0.0649078 0.136647 -0.517745 -0.0822918 0.146512 -0.514527 -0.234895 0.10519 -0.511662 
-0.221095 0.112866 -0.524333 -0.0996757 0.156378 -0.511308 -0.127436 0.149649 -0.513269 
-0.130859 0.158567 -0.495419 -0.155197 0.14292 -0.51523 -0.15862 0.151838 -0.49738 
-0.172581 0.152785 -0.512012 -0.238479 0.122732 -0.521114 -0.255863 0.132598 -0.517895 
-0.189965 0.162651 -0.508793 -0.217726 0.155921 -0.510754 -0.245486 0.149192 -0.512715 
0.112623 -0.0834975 -0.603337 0.327701 -0.00320385 -0.579249 0.31374 -0.00225698 -0.593881 
0.303364 -0.0188517 -0.599061 0.275603 -0.0255809 -0.601022 0.247842 -0.0323101 -0.602983 
0.220082 -0.0390392 -0.604944 0.188898 -0.0368497 -0.589055 0.202698 -0.0291737 -0.601726 
0.161137 -0.0435789 -0.591016 0.133377 -0.0503081 -0.592978 0.119416 -0.0493612 -0.607609 
0.109039 -0.0659559 -0.612789 0.0812783 -0.0726851 -0.61475 0.0500947 -0.0704956 -0.598861 
0.0638943 -0.0628196 -0.611531 0.320694 0.0232564 -0.570851 0.306733 0.0242033 -0.585482 
0.185314 -0.0193081 -0.598507 0.157553 -0.0260373 -0.600468 0.129792 -0.0327665 -0.602429 
0.0465104 -0.052954 -0.608313 0.0153268 -0.0507645 -0.592424 0.0291264 -0.0430885 -0.605094 
0.289349 0.0340688 -0.582264 0.285926 0.0429875 -0.564413 0.261588 0.0273396 -0.584225 
0.258165 0.0362583 -0.566375 0.244204 0.0372052 -0.581006 0.0117424 -0.033223 -0.601876 
-0.0160182 -0.0399521 -0.603837 -0.0334022 -0.0300866 -0.600618 0.22682 0.0470707 -0.577788 
0.223397 0.0559894 -0.559937 0.209436 0.0569363 -0.574569 -0.0507862 -0.020221 -0.597399 
-0.0681701 -0.0103555 -0.594181 0.192052 0.0668018 -0.57135 0.164292 0.0600726 -0.573312 
0.160869 0.0689913 -0.555461 0.146908 0.0699382 -0.570093 -0.0855541 -0.000489958 -0.590962 
-0.102938 0.00937559 -0.587743 0.129524 0.0798037 -0.566874 0.126101 0.0887224 -0.549024 
0.11214 0.0896693 -0.563656 -0.120322 0.0192411 -0.584525 -0.137706 0.0291067 -0.581306 
0.0947559 0.0995348 -0.560437 0.0669953 0.0928056 -0.562398 0.0635723 0.101724 -0.544548 
0.0496113 0.102671 -0.559179 -0.15509 0.0389722 -0.578088 -0.172474 0.0488378 -0.574869 
0.0322273 0.112537 -0.555961 0.0288044 0.121455 -0.538111 0.0148434 0.122402 -0.552742 
-0.193281 0.067622 -0.5538 -0.179481 0.075298 -0.56647 -0.00254061 0.132268 -0.549523 
-0.0303013 0.125539 -0.551485 -0.0476852 0.135404 -0.548266 -0.200288 0.0940822 -0.545401 
-0.186489 0.101758 -0.558072 -0.0650692 0.14527 -0.545047 -0.0928299 0.138541 -0.547009 
-0.0962528 0.147459 -0.529158 -0.110214 0.148406 -0.54379 -0.207295 0.120543 -0.537003 
-0.193496 0.128219 -0.549673 -0.127598 0.158272 -0.540571 -0.155358 0.151542 -0.542532 
-0.183119 0.144813 -0.544494 -0.186542 0.153732 -0.526643 -0.214303 0.147003 -0.528605 
-0.242063 0.140274 -0.530566 0.299779 -0.00131012 -0.608513 0.272019 -0.00803929 -0.610474 
0.244258 -0.0147685 -0.612435 0.216497 -0.0214977 -0.614396 0.105455 -0.0484144 -0.622241 
0.0776939 -0.0551435 -0.624202 0.292772 0.0251501 -0.600114 0.265011 0.018421 -0.602075 
0.25105 0.0193678 -0.616707 0.240674 0.00277311 -0.621887 0.212913 -0.00395606 -0.623848 
0.185152 -0.0106852 -0.625809 0.153969 -0.00849574 -0.60992 0.167768 -0.000819699 -0.62259 
0.126208 -0.0152249 -0.611881 0.112247 -0.0142781 -0.626513 0.10187 -0.0308728 -0.631693 
0.0741096 -0.037602 -0.633654 0.042926 -0.0354125 -0.617765 0.0567256 -0.0277364 -0.630435 
0.233666 0.0292334 -0.613488 0.230243 0.0381521 -0.595638 0.216282 0.0390989 -0.610269 
0.150384 0.00904584 -0.619372 0.122624 0.00231667 -0.621333 0.0393417 -0.0178709 -0.627216 
0.00815807 -0.0156814 -0.611327 0.0219577 -0.00800532 -0.623998 -0.0196026 -0.0224105 -0.613288 
0.198898 0.0489645 -0.607051 0.195475 0.0578831 -0.589201 0.181514 0.05883 -0.603832 
0.00457372 0.00186022 -0.620779 -0.0266099 0.00404972 -0.60489 -0.0128102 0.0117258 -0.61756 
-0.0543705 -0.00267946 -0.606851 0.16413 0.0686956 -0.600614 0.146746 0.0785611 -0.597395 
-0.0301942 0.0215913 -0.614342 -0.0613778 0.0237808 -0.598453 -0.0475782 0.0314569 -0.611123 
-0.0891385 0.0170516 -0.600414 0.129362 0.0884266 -0.594176 0.111978 0.0982922 -0.590958 
-0.0649621 0.0413224 -0.607904 -0.0961457 0.0435119 -0.592015 -0.0823461 0.0511879 -0.604686 
-0.123906 0.0367827 -0.593977 0.0945945 0.108158 -0.587739 0.0668338 0.101429 -0.5897 
0.0494499 0.111294 -0.586481 -0.0997301 0.0610535 -0.601467 -0.130914 0.063243 -0.585578 
-0.117114 0.070919 -0.598249 -0.158674 0.0565138 -0.587539 0.0320659 0.12116 -0.583263 
0.00430526 0.11443 -0.585224 0.000882325 0.123349 -0.567374 -0.0130787 0.124296 -0.582005 
-0.137921 0.0897032 -0.57718 -0.124121 0.0973793 -0.58985 -0.165682 0.0829741 -0.579141 
-0.0304627 0.134162 -0.578787 -0.0582233 0.127432 -0.580748 -0.0616463 0.136351 -0.562898 
-0.0756073 0.137298 -0.577529 -0.144928 0.116164 -0.568781 -0.131129 0.12384 -0.581452 
-0.172689 0.109434 -0.570742 -0.0929913 0.147163 -0.574311 -0.120752 0.140434 -0.576272 
-0.124175 0.149353 -0.558421 -0.138136 0.1503 -0.573053 -0.148513 0.133705 -0.578233 
-0.179696 0.135895 -0.562344 -0.165897 0.143571 -0.575014 -0.15552 0.160165 -0.569834 
0.237089 0.0203147 -0.631338 0.209329 0.0135855 -0.6333 0.181568 0.00685634 -0.635261 
0.0982859 -0.0133312 -0.641144 0.0705253 -0.0200604 -0.643105 0.202321 0.0400458 -0.624901 
0.174561 0.0333166 -0.626862 0.1468 0.0265874 -0.628823 0.119039 0.0198583 -0.630785 
0.0912786 0.0131291 -0.632746 0.063518 0.0063999 -0.634707 0.0357573 -0.000329281 -0.636668 
0.167553 0.0597769 -0.618464 0.139793 0.0530477 -0.620425 0.112032 0.0463185 -0.622386 
0.0842713 0.0395893 -0.624347 0.0565107 0.0328602 -0.626309 0.02875 0.026131 -0.62827 
0.000989376 0.0194018 -0.630231 0.132785 0.079508 -0.612027 0.105025 0.0727788 -0.613988 
0.0910637 0.0737256 -0.628619 0.080687 0.0571309 -0.633799 0.0529263 0.0504017 -0.63576 
0.0251657 0.0436726 -0.637721 -0.0060179 0.0458621 -0.621832 0.00778172 0.0535381 -0.634503 
-0.0337786 0.0391329 -0.623794 0.0980174 0.099239 -0.605589 0.0736797 0.0835912 -0.625401 
0.0702568 0.0925099 -0.60755 0.0562957 0.0934567 -0.622182 -0.00960225 0.0634037 -0.631284 
-0.0407858 0.0655932 -0.615395 -0.0269862 0.0732692 -0.628066 -0.0685465 0.058864 -0.617356 
0.0389118 0.103322 -0.618963 0.0354888 0.112241 -0.601113 0.0111511 0.0965931 -0.620925 
0.00772819 0.105512 -0.603074 -0.00623285 0.106459 -0.617706 -0.0443702 0.0831347 -0.624847 
-0.0755538 0.0853242 -0.608958 -0.0617542 0.0930003 -0.621628 -0.103314 0.0785951 -0.610919 
-0.0236168 0.116324 -0.614487 -0.0270397 0.125243 -0.596637 -0.0410008 0.12619 -0.611269 
-0.0791381 0.102866 -0.61841 -0.110322 0.105055 -0.60252 -0.0965221 0.112731 -0.615191 
-0.0583848 0.136055 -0.60805 -0.0757687 0.145921 -0.604831 -0.117329 0.131516 -0.594122 
-0.103529 0.139192 -0.606792 -0.0931527 0.155786 -0.601613 -0.152097 0.151247 -0.587685 
0.0771026 0.0746725 -0.643251 0.049342 0.0679433 -0.645212 0.0215813 0.0612142 -0.647173 
0.0423347 0.0944036 -0.636814 0.0145741 0.0876744 -0.638775 -0.0131866 0.0809452 -0.640736 
-0.0201939 0.107406 -0.632337 -0.0479545 0.100676 -0.634299 -0.0549618 0.127137 -0.6259 
-0.0827225 0.120407 -0.627861 -0.0897298 0.146868 -0.619463 
POLYGONS 7085 21252
OFFSETS vtktypeint64
0 3 6 9 12 15 18 21 24 
27 30 33 36 39 42 45 48 51 
54 57 60 63 66 69 72 75 78 
81 84 87 90 93 96 99 102 105 
108 111 114 117 120 123 126 129 132 
135 138 141 144 147 150 153 156 159 
162 165 168 171 174 177 180 183 186 
189 192 195 198 201 204 207 210 213 
216 219 222 225 228 231 234 237 240 
243 246 249 252 255 258 261 264 267 
270 273 276 279 282 285 288 291 294 
297 300 303 306 309 312 315 318 321 
324 327 330 333 336 339 342 345 348 
351 354 357 360 363 366 369 372 375 
378 381 384 387 390 393 396 399 402 
405 408 411 414 417 420 423 426 429 
432 435 438 441 444 447 450 453 456 
459 462 465 468 471 474 477 480 483 
486 489 492 495 498 501 504 507 510 
513 516 519 522 525 528 531 534 537 
540 543 546 549 552 555 558 561 564 
567 570 573 576 579 582 585 588 591 
594 597 600 603 606 609 612 615 618 
621 624 627 630 633 636 639 642 645 
648 651 654 657 660 663 666 669 672 
675 678 681 684 687 690 693 696 699 
702 705 708 711 714 717 720 723 726 
729 732 735 738 741 744 747 750 753 
756 759 762 765 768 771 774 777 780 
783 786 789 792 795 798 801 804 807 
810 813 816 819 822 825 828 831 834 
837 840 843 846 849 852 855 858 861 
864 867 870 873 876 879 882 885 888 
891 894 897 900 903 906 909 912 915 
918 921 924 927 930 933 936 939 942 
945 948 951 954 957 960 963 966 969 
972 975 978 981 984 987 990 993 996 
999 1002 1005 1008 1011 1014 1017 1020 1023 
1026 1029 1032 1035 1038 1041 1044 1047 1050 
1053 1056 1059 1062 1065 1068 1071 1074 1077 
1080 1083 1086 1089 1092 1095 1098 1101 1104 
1107 1110 1113 1116 1119 1122 1125 1128 1131 
1134 1137 1140 1143 1146 1149 1152 1155 1158 
1161 1164 1167 1170 1173 1176 1179 1182 1185 
1188 1191 1194 1197 1200 1203 1206 1209 1212 
1215 1218 1221 1224 1227 1230 1233 1236 1239 
1242 1245 1248 1251 1254 1257 1260 1263 1266 
1269 1272 1275 1278 1281 1284 1287 1290 1293 
1296 1299 1302 1305 1308 1311 1314 1317 1320 
1323 1326 1329 1332 1335 1338 1341 1344 1347 
1350 1353 1356 1359 1362 1365 1368 1371 1374 
1377 1380 1383 1386 1389 1392 1395 1398 1401 
1404 1407 1410 1413 1416 1419 1422 1425 1428 
1431 1434 1437 1440 1443 1446 1449 1452 1455 
1458 1461 1464 1467 1470 1473 1476 1479 1482 
1485 1488 1491 1494 1497 1500 1503 1506 1509 
1512 1515 1518 1521 1524 1527 1530 1533 1536 
1539 1542 1545 1548 1551 1554 1557 1560 1563 
1566 1569 1572 1575 1578 1581 1584 1587 1590 
1593 1596 1599 1602 1605 1608 1611 1614 1617 
1620 1623 1626 1629 1632 1635 1638 1641 1644 
1647 1650 1653 1656 1659 1662 1665 1668 1671 
1674 1677 1680 1683 1686 1689 1692 1695 1698 
1701 1704 1707 1710 1713 1716 1719 1722 1725 
1728 1731 1734 1737 1740 1743 1746 1749 1752 
1755 1758 1761 1764 1767 1770 1773 1776 1779 
1782 1785 1788 1791 1794 1797 1800 1803 1806 
1809 1812 1815 1818 1821 1824 1827 1830 1833 
1836 1839 1842 1845 1848 1851 1854 1857 1860 
1863 1866 1869 1872 1875 1878 1881 1884 1887 
1890 1893 1896 1899 1902 1905 1908 1911 1914 
1917 1920 1923 1926 1929 1932 1935 1938 1941 
1944 1947 1950 1953 1956 1959 1962 1965 1968 
1971 1974 1977 1980 1983 1986 1989 1992 1995 
1998 2001 2004 2007 2010 2013 2016 2019 2022 
2025 2028 2031 2034 2037 2040 2043 2046 2049 
2052 2055 2058 2061 2064 2067 2070 2073 2076 
2079 2082 2085 2088 2091 2094 2097 2100 2103 
2106 2109 2112 2115 2118 2121 2124 2127 2130 
2133 2136 2139 2142 2145 2148 2151 2154 2157 
2160 2163 2166 2169 2172 2175 2178 2181 2184 
2187 2190 2193 2196 2199 2202 2205 2208 2211 
2214 2217 2220 2223 2226 2229 2232 2235 2238 
2241 2244 2247 2250 2253 2256 2259 2262 2265 
2268 2271 2274 2277 2280 2283 2286 2289 2292 
2295 2298 2301 2304 2307 2310 2313 2316 2319 
2322 2325 2328 2331 2334 2337 2340 2343 2346 
2349 2352 2355 2358 2361 2364 2367 2370 2373 
2376 2379 2382 2385 2388 2391 2394 2397 2400 
2403 2406 2409 2412 2415 2418 2421 2424 2427 
2430 2433 2436 2439 2442 2445 2448 2451 2454 
2457 2460 2463 2466 2469 2472 2475 2478 2481 
2484 2487 2490 2493 2496 2499 2502 2505 2508 
2511 2514 2517 2520 2523 2526 2529 2532 2535 
2538 2541 2544 2547 2550 2553 2556 2559 2562 
2565 2568 2571 2574 2577 2580 2583 2586 2589 
2592 2595 2598 2601 2604 2607 2610 2613 2616 
2619 2622 2625 2628 2631 2634 2637 2640 2643 
2646 2649 2652 2655 2658 2661 2664 2667 2670 
2673 2676 2679 2682 2685 2688 2691 2694 2697 
2700 2703 2706 2709 2712 2715 2718 2721 2724 
2727 2730 2733 2736 2739 2742 2745 2748 2751 
2754 2757 2760 2763 2766 2769 2772 2775 2778 
2781 2784 2787 2790 2793 2796 2799 2802 2805 
2808 2811 2814 2817 2820 2823 2826 2829 2832 
2835 2838 2841 2844 2847 2850 2853 2856 2859 
2862 2865 2868 2871 2874 2877 2880 2883 2886 
2889 2892 2895 2898 2901 2904 2907 2910 2913 
2916 2919 2922 2925 2928 2931 2934 2937 2940 
2943 2946 2949 2952 2955 2958 2961 2964 2967 
2970 2973 2976 2979 2982 2985 2988 2991 2994 
2997 3000 3003 3006 3009 3012 3015 3018 3021 
3024 3027 3030 3033 3036 3039 3042 3045 3048 
3051 3054 3057 3060 3063 3066 3069 3072 3075 
3078 3081 3084 3087 3090 3093 3096 3099 3102 
3105 3108 3111 3114 3117 3120 3123 3126 3129 
3132 3135 3138 3141 3144 3147 3150 3153 3156 
3159 3162 3165 3168 3171 3174 3177 3180 3183 
3186 3189 3192 3195 3198 3201 3204 3207 3210 
3213 3216 3219 3222 3225 3228 3231 3234 3237 
3240 3243 3246 3249 3252 3255 3258 3261 3264 
3267 3270 3273 3276 3279 3282 3285 3288 3291 
3294 3297 3300 3303 3306 3309 3312 3315 3318 
3321 3324 3327 3330 3333 3336 3339 3342 3345 
3348 3351 3354 3357 3360 3363 3366 3369 3372 
3375 3378 3381 3384 3387 3390 3393 3396 3399 
3402 3405 3408 3411 3414 3417 3420 3423 3426 
3429 3432 3435 3438 3441 3444 3447 3450 3453 
3456 3459 3462 3465 3468 3471 3474 3477 3480 
3483 3486 3489 3492 3495 3498 3501 3504 3507 
3510 3513 3516 3519 3522 3525 3528 3531 3534 
3537 3540 3543 3546 3549 3552 3555 3558 3561 
3564 3567 3570 3573 3576 3579 3582 3585 3588 
3591 3594 3597 3600 3603 3606 3609 3612 3615 
3618 3621 3624 3627 3630 3633 3636 3639 3642 
3645 3648 3651 3654 3657 3660 3663 3666 3669 
3672 3675 3678 3681 3684 3687 3690 3693 3696 
3699 3702 3705 3708 3711 3714 3717 3720 3723 
3726 3729 3732 3735 3738 3741 3744 3747 3750 
3753 3756 3759 3762 3765 3768 3771 3774 3777 
3780 3783 3786 3789 3792 3795 3798 3801 3804 
3807 3810 3813 3816 3819 3822 3825 3828 3831 
3834 3837 3840 3843 3846 3849 3852 3855 3858 
3861 3864 3867 3870 3873 3876 3879 3882 3885 
3888 3891 3894 3897 3900 3903 3906 3909 3912 
3915 3918 3921 3924 3927 3930 3933 3936 3939 
3942 3945 3948 3951 3954 3957 3960 3963 3966 
3969 3972 3975 3978 3981 3984 3987 3990 3993 
3996 3999 4002 4005 4008 4011 4014 4017 4020 
4023 4026 4029 4032 4035 4038 4041 4044 4047 
4050 4053 4056 4059 4062 4065 4068 4071 4074 
4077 4080 4083 4086 4089 4092 4095 4098 4101 
4104 4107 4110 4113 4116 4119 4122 4125 4128 
4131 4134 4137 4140 4143 4146 4149 4152 4155 
4158 4161 4164 4167 4170 4173 4176 4179 4182 
4185 4188 4191 4194 4197 4200 4203 4206 4209 
4212 4215 4218 4221 4224 4227 4230 4233 4236 
4239 4242 4245 4248 4251 4254 4257 4260 4263 
4266 4269 4272 4275 4278 4281 4284 4287 4290 
4293 4296 4299 4302 4305 4308 4311 4314 4317 
4320 4323 4326 4329 4332 4335 4338 4341 4344 
4347 4350 4353 4356 4359 4362 4365 4368 4371 
4374 4377 4380 4383 4386 4389 4392 4395 4398 
4401 4404 4407 4410 4413 4416 4419 4422 4425 
4428 4431 4434 4437 4440 4443 4446 4449 4452 
4455 4458 4461 4464 4467 4470 4473 4476 4479 
4482 4485 4488 4491 4494 4497 4500 4503 4506 
4509 4512 4515 4518 4521 4524 4527 4530 4533 
4536 4539 4542 4545 4548 4551 4554 4557 4560 
4563 4566 4569 4572 4575 4578 4581 4584 4587 
4590 4593 4596 4599 4602 4605 4608 4611 4614 
4617 4620 4623 4626 4629 4632 4635 4638 4641 
4644 4647 4650 4653 4656 4659 4662 4665 4668 
4671 4674 4677 4680 4683 4686 4689 4692 4695 
4698 4701 4704 4707 4710 4713 4716 4719 4722 
4725 4728 4731 4734 4737 4740 4743 4746 4749 
4752 4755 4758 4761 4764 4767 4770 4773 4776 
4779 4782 4785 4788 4791 4794 4797 4800 4803 
4806 4809 4812 4815 4818 4821 4824 4827 4830 
4833 4836 4839 4842 4845 4848 4851 4854 4857 
4860 4863 4866 4869 4872 4875 4878 4881 4884 
4887 4890 4893 4896 4899 4902 4905 4908 4911 
4914 4917 4920 4923 4926 4929 4932 4935 4938 
4941 4944 4947 4950 4953 4956 4959 4962 4965 
4968 4971 4974 4977 4980 4983 4986 4989 4992 
4995 4998 5001 5004 5007 5010 5013 5016 5019 
5022 5025 5028 5031 5034 5037 5040 5043 5046 
5049 5052 5055 5058 5061 5064 5067 5070 5073 
5076 5079 5082 5085 5088 5091 5094 5097 5100 
5103 5106 5109 5112 5115 5118 5121 5124 5127 
5130 5133 5136 5139 5142 5145 5148 5151 5154 
5157 5160 5163 5166 5169 5172 5175 5178 5181 
5184 5187 5190 5193 5196 5199 5202 5205 5208 
5211 5214 5217 5220 5223 5226 5229 5232 5235 
5238 5241 5244 5247 5250 5253 5256 5259 5262 
5265 5268 5271 5274 5277 5280 5283 5286 5289 
5292 5295 5298 5301 5304 5307 5310 5313 5316 
5319 5322 5325 5328 5331 5334 5337 5340 5343 
5346 5349 5352 5355 5358 5361 5364 5367 5370 
5373 5376 5379 5382 5385 5388 5391 5394 5397 
5400 5403 5406 5409 5412 5415 5418 5421 5424 
5427 5430 5433 5436 5439 5442 5445 5448 5451 
5454 5457 5460 5463 5466 5469 5472 5475 5478 
5481 5484 5487 5490 5493 5496 5499 5502 5505 
5508 5511 5514 5517 5520 5523 5526 5529 5532 
5535 5538 5541 5544 5547 5550 5553 5556 5559 
5562 5565 5568 5571 5574 5577 5580 5583 5586 
5589 5592 5595 5598 5601 5604 5607 5610 5613 
5616 5619 5622 5625 5628 5631 5634 5637 5640 
5643 5646 5649 5652 5655 5658 5661 5664 5667 
5670 5673 5676 5679 5682 5685 5688 5691 5694 
5697 5700 5703 5706 5709 5712 5715 5718 5721 
5724 5727 5730 5733 5736 5739 5742 5745 5748 
5751 5754 5757 5760 5763 5766 5769 5772 5775 
5778 5781 5784 5787 5790 5793 5796 5799 5802 
5805 5808 5811 5814 5817 5820 5823 5826 5829 
5832 5835 5838 5841 5844 5847 5850 5853 5856 
5859 5862 5865 5868 5871 5874 5877 5880 5883 
5886 5889 5892 5895 5898 5901 5904 5907 5910 
5913 5916 5919 5922 5925 5928 5931 5934 5937 
5940 5943 5946 5949 5952 5955 5958 5961 5964 
5967 5970 5973 5976 5979 5982 5985 5988 5991 
5994 5997 6000 6003 6006 6009 6012 6015 6018 
6021 6024 6027 6030 6033 6036 6039 6042 6045 
6048 6051 6054 6057 6060 6063 6066 6069 6072 
6075 6078 6081 6084 6087 6090 6093 6096 6099 
6102 6105 6108 6111 6114 6117 6120 6123 6126 
6129 6132 6135 6138 6141 6144 6147 6150 6153 
6156 6159 6162 6165 6168 6171 6174 6177 6180 
6183 6186 6189 6192 6195 6198 6201 6204 6207 
6210 6213 6216 6219 6222 6225 6228 6231 6234 
6237 6240 6243 6246 6249 6252 6255 6258 6261 
6264 6267 6270 6273 6276 6279 6282 6285 6288 
6291 6294 6297 6300 6303 6306 6309 6312 6315 
6318 6321 6324 6327 6330 6333 6336 6339 6342 
6345 6348 6351 6354 6357 6360 6363 6366 6369 
6372 6375 6378 6381 6384 6387 6390 6393 6396 
6399 6402 6405 6408 6411 6414 6417 6420 6423 
6426 6429 6432 6435 6438 6441 6444 6447 6450 
6453 6456 6459 6462 6465 6468 6471 6474 6477 
6480 6483 6486 6489 6492 6495 6498 6501 6504 
6507 6510 6513 6516 6519 6522 6525 6528 6531 
6534 6537 6540 6543 6546 6549 6552 6555 6558 
6561 6564 6567 6570 6573 6576 6579 6582 6585 
6588 6591 6594 6597 6600 6603 6606 6609 6612 
6615 6618 6621 6624 6627 6630 6633 6636 6639 
6642 6645 6648 6651 6654 6657 6660 6663 6666 
6669 6672 6675 6678 6681 6684 6687 6690 6693 
6696 6699 6702 6705 6708 6711 6714 6717 6720 
6723 6726 6729 6732 6735 6738 6741 6744 6747 
6750 6753 6756 6759 6762 6765 6768 6771 6774 
6777 6780 6783 6786 6789 6792 6795 6798 6801 
6804 6807 6810 6813 6816 6819 6822 6825 6828 
6831 6834 6837 6840 6843 6846 6849 6852 6855 
6858 6861 6864 6867 6870 6873 6876 6879 6882 
6885 6888 6891 6894 6897 6900 6903 6906 6909 
6912 6915 6918 6921 6924 6927 6930 6933 6936 
6939 6942 6945 6948 6951 6954 6957 6960 6963 
6966 6969 6972 6975 6978 6981 6984 6987 6990 
6993 6996 6999 7002 7005 7008 7011 7014 7017 
7020 7023 7026 7029 7032 7035 7038 7041 7044 
7047 7050 7053 7056 7059 7062 7065 7068 7071 
7074 7077 7080 7083 7086 7089 7092 7095 7098 
7101 7104 7107 7110 7113 7116 7119 7122 7125 
7128 7131 7134 7137 7140 7143 7146 7149 7152 
7155 7158 7161 7164 7167 7170 7173 7176 7179 
7182 7185 7188 7191 7194 7197 7200 7203 7206 
7209 7212 7215 7218 7221 7224 7227 7230 7233 
7236 7239 7242 7245 7248 7251 7254 7257 7260 
7263 7266 7269 7272 7275 7278 7281 7284 7287 
7290 7293 7296 7299 7302 7305 7308 7311 7314 
7317 7320 7323 7326 7329 7332 7335 7338 7341 
7344 7347 7350 7353 7356 7359 7362 7365 7368 
7371 7374 7377 7380 7383 7386 7389 7392 7395 
7398 7401 7404 7407 7410 7413 7416 7419 7422 
7425 7428 7431 7434 7437 7440 7443 7446 7449 
7452 7455 7458 7461 7464 7467 7470 7473 7476 
7479 7482 7485 7488 7491 7494 7497 7500 7503 
7506 7509 7512 7515 7518 7521 7524 7527 7530 
7533 7536 7539 7542 7545 7548 7551 7554 7557 
7560 7563 7566 7569 7572 7575 7578 7581 7584 
7587 7590 7593 7596 7599 7602 7605 7608 7611 
7614 7617 7620 7623 7626 7629 7632 7635 7638 
7641 7644 7647 7650 7653 7656 7659 7662 7665 
7668 7671 7674 7677 7680 7683 7686 7689 7692 
7695 7698 7701 7704 7707 7710 7713 7716 7719 
7722 7725 7728 7731 7734 7737 7740 7743 7746 
7749 7752 7755 7758 7761 7764 7767 7770 7773 
7776 7779 7782 7785 7788 7791 7794 7797 7800 
7803 7806 7809 7812 7815 7818 7821 7824 7827 
7830 7833 7836 7839 7842 7845 7848 7851 7854 
7857 7860 7863 7866 7869 7872 7875 7878 7881 
7884 7887 7890 7893 7896 7899 7902 7905 7908 
7911 7914 7917 7920 7923 7926 7929 7932 7935 
7938 7941 7944 7947 7950 7953 7956 7959 7962 
7965 7968 7971 7974 7977 7980 7983 7986 7989 
7992 7995 7998 8001 8004 8007 8010 8013 8016 
8019 8022 8025 8028 8031 8034 8037 8040 8043 
8046 8049 8052 8055 8058 8061 8064 8067 8070 
8073 8076 8079 8082 8085 8088 8091 8094 8097 
8100 8103 8106 8109 8112 8115 8118 8121 8124 
8127 8130 8133 8136 8139 8142 8145 8148 8151 
8154 8157 8160 8163 8166 8169 8172 8175 8178 
8181 8184 8187 8190 8193 8196 8199 8202 8205 
8208 8211 8214 8217 8220 8223 8226 8229 8232 
8235 8238 8241 8244 8247 8250 8253 8256 8259 
8262 8265 8268 8271 8274 8277 8280 8283 8286 
8289 8292 8295 8298 8301 8304 8307 8310 8313 
8316 8319 8322 8325 8328 8331 8334 8337 8340 
8343 8346 8349 8352 8355 8358 8361 8364 8367 
8370 8373 8376 8379 8382 8385 8388 8391 8394 
8397 8400 8403 8406 8409 8412 8415 8418 8421 
8424 8427 8430 8433 8436 8439 8442 8445 8448 
8451 8454 8457 8460 8463 8466 8469 8472 8475 
8478 8481 8484 8487 8490 8493 8496 8499 8502 
8505 8508 8511 8514 8517 8520 8523 8526 8529 
8532 8535 8538 8541 8544 8547 8550 8553 8556 
8559 8562 8565 8568 8571 8574 8577 8580 8583 
8586 8589 8592 8595 8598 8601 8604 8607 8610 
8613 8616 8619 8622 8625 8628 8631 8634 8637 
8640 8643 8646 8649 8652 8655 8658 8661 8664 
8667 8670 8673 8676 8679 8682 8685 8688 8691 
8694 8697 8700 8703 8706 8709 8712 8715 8718 
8721 8724 8727 8730 8733 8736 8739 8742 8745 
8748 8751 8754 8757 8760 8763 8766 8769 8772 
8775 8778 8781 8784 8787 8790 8793 8796 8799 
8802 8805 8808 8811 8814 8817 8820 8823 8826 
8829 8832 8835 8838 8841 8844 8847 8850 8853 
8856 8859 8862 8865 8868 8871 8874 8877 8880 
8883 8886 8889 8892 8895 8898 8901 8904 8907 
8910 8913 8916 8919 8922 8925 8928 8931 8934 
8937 8940 8943 8946 8949 8952 8955 8958 8961 
8964 8967 8970 8973 8976 8979 8982 8985 8988 
8991 8994 8997 9000 9003 9006 9009 9012 9015 
9018 9021 9024 9027 9030 9033 9036 9039 9042 
9045 9048 9051 9054 9057 9060 9063 9066 9069 
9072 9075 9078 9081 9084 9087 9090 9093 9096 
9099 9102 9105 9108 9111 9114 9117 9120 9123 
9126 9129 9132 9135 9138 9141 9144 9147 9150 
9153 9156 9159 9162 9165 9168 9171 9174 9177 
9180 9183 9186 9189 9192 9195 9198 9201 9204 
9207 9210 9213 9216 9219 9222 9225 9228 9231 
9234 9237 9240 9243 9246 9249 9252 9255 9258 
9261 9264 9267 9270 9273 9276 9279 9282 9285 
9288 9291 9294 9297 9300 9303 9306 9309 9312 
9315 9318 9321 9324 9327 9330 9333 9336 9339 
9342 9345 9348 9351 9354 9357 9360 9363 9366 
9369 9372 9375 9378 9381 9384 9387 9390 9393 
9396 9399 9402 9405 9408 9411 9414 9417 9420 
9423 9426 9429 9432 9435 9438 9441 9444 9447 
9450 9453 9456 9459 9462 9465 9468 9471 9474 
9477 9480 9483 9486 9489 9492 9495 9498 9501 
9504 9507 9510 9513 9516 9519 9522 9525 9528 
9531 9534 9537 9540 9543 9546 9549 9552 9555 
9558 9561 9564 9567 9570 9573 9576 9579 9582 
9585 9588 9591 9594 9597 9600 9603 9606 9609 
9612 9615 9618 9621 9624 9627 9630 9633 9636 
9639 9642 9645 9648 9651 9654 9657 9660 9663 
9666 9669 9672 9675 9678 9681 9684 9687 9690 
9693 9696 9699 9702 9705 9708 9711 9714 9717 
9720 9723 9726 9729 9732 9735 9738 9741 9744 
9747 9750 9753 9756 9759 9762 9765 9768 9771 
9774 9777 9780 9783 9786 9789 9792 9795 9798 
9801 9804 9807 9810 9813 9816 9819 9822 9825 
9828 9831 9834 9837 9840 9843 9846 9849 9852 
9855 9858 9861 9864 9867 9870 9873 9876 9879 
9882 9885 9888 9891 9894 9897 9900 9903 9906 
9909 9912 9915 9918 9921 9924 9927 9930 9933 
9936 9939 9942 9945 9948 9951 9954 9957 9960 
9963 9966 9969 9972 9975 9978 9981 9984 9987 
9990 9993 9996 9999 10002 10005 10008 10011 10014 
10017 10020 10023 10026 10029 10032 10035 10038 10041 
10044 10047 10050 10053 10056 10059 10062 10065 10068 
10071 10074 10077 10080 10083 10086 10089 10092 10095 
10098 10101 10104 10107 10110 10113 10116 10119 10122 
10125 10128 10131 10134 10137 10140 10143 10146 10149 
10152 10155 10158 10161 10164 10167 10170 10173 10176 
10179 10182 10185 10188 10191 10194 10197 10200 10203 
10206 10209 10212 10215 10218 10221 10224 10227 10230 
10233 10236 10239 10242 10245 10248 10251 10254 10257 
10260 10263 10266 10269 10272 10275 10278 10281 10284 
10287 10290 10293 10296 10299 10302 10305 10308 10311 
10314 10317 10320 10323 10326 10329 10332 10335 10338 
10341 10344 10347 10350 10353 10356 10359 10362 10365 
10368 10371 10374 10377 10380 10383 10386 10389 10392 
10395 10398 10401 10404 10407 10410 10413 10416 10419 
10422 10425 10428 10431 10434 10437 10440 10443 10446 
10449 10452 10455 10458 10461 10464 10467 10470 10473 
10476 10479 10482 10485 10488 10491 10494 10497 10500 
10503 10506 10509 10512 10515 10518 10521 10524 10527 
10530 10533 10536 10539 10542 10545 10548 10551 10554 
10557 10560 10563 10566 10569 10572 10575 10578 10581 
10584 10587 10590 10593 10596 10599 10602 10605 10608 
10611 10614 10617 10620 10623 10626 10629 10632 10635 
10638 10641 10644 10647 10650 10653 10656 10659 10662 
10665 10668 10671 10674 10677 10680 10683 10686 10689 
10692 10695 10698 10701 10704 10707 10710 10713 10716 
10719 10722 10725 10728 10731 10734 10737 10740 10743 
10746 10749 10752 10755 10758 10761 10764 10767 10770 
10773 10776 10779 10782 10785 10788 10791 10794 10797 
10800 10803 10806 10809 10812 10815 10818 10821 10824 
10827 10830 10833 10836 10839 10842 10845 10848 10851 
10854 10857 10860 10863 10866 10869 10872 10875 10878 
10881 10884 10887 10890 10893 10896 10899 10902 10905 
10908 10911 10914 10917 10920 10923 10926 10929 10932 
10935 10938 10941 10944 10947 10950 10953 10956 10959 
10962 10965 10968 10971 10974 10977 10980 10983 10986 
10989 10992 10995 10998 11001 11004 11007 11010 11013 
11016 11019 11022 11025 11028 11031 11034 11037 11040 
11043 11046 11049 11052 11055 11058 11061 11064 11067 
11070 11073 11076 11079 11082 11085 11088 11091 11094 
11097 11100 11103 11106 11109 11112 11115 11118 11121 
11124 11127 11130 11133 11136 11139 11142 11145 11148 
11151 11154 11157 11160 11163 11166 11169 11172 11175 
11178 11181 11184 11187 11190 11193 11196 11199 11202 
11205 11208 11211 11214 11217 11220 11223 11226 11229 
11232 11235 11238 11241 11244 11247 11250 11253 11256 
11259 11262 11265 11268 11271 11274 11277 11280 11283 
11286 11289 11292 11295 11298 11301 11304 11307 11310 
11313 11316 11319 11322 11325 11328 11331 11334 11337 
11340 11343 11346 11349 11352 11355 11358 11361 11364 
11367 11370 11373 11376 11379 11382 11385 11388 11391 
11394 11397 11400 11403 11406 11409 11412 11415 11418 
11421 11424 11427 11430 11433 11436 11439 11442 11445 
11448 11451 11454 11457 11460 11463 11466 11469 11472 
11475 11478 11481 11484 11487 11490 11493 11496 11499 
11502 11505 11508 11511 11514 11517 11520 11523 11526 
11529 11532 11535 11538 11541 11544 11547 11550 11553 
11556 11559 11562 11565 11568 11571 11574 11577 11580 
11583 11586 11589 11592 11595 11598 11601 11604 11607 
11610 11613 11616 11619 11622 11625 11628 11631 11634 
11637 11640 11643 11646 11649 11652 11655 11658 11661 
11664 11667 11670 11673 11676 11679 11682 11685 11688 
11691 11694 11697 11700 11703 11706 11709 11712 11715 
11718 11721 11724 11727 11730 11733 11736 11739 11742 
11745 11748 11751 11754 11757 11760 11763 11766 11769 
11772 11775 11778 11781 11784 11787 11790 11793 11796 
11799 11802 11805 11808 11811 11814 11817 11820 11823 
11826 11829 11832 11835 11838 11841 11844 11847 11850 
11853 11856 11859 11862 11865 11868 11871 11874 11877 
11880 11883 11886 11889 11892 11895 11898 11901 11904 
11907 11910 11913 11916 11919 11922 11925 11928 11931 
11934 11937 11940 11943 11946 11949 11952 11955 11958 
11961 11964 11967 11970 11973 11976 11979 11982 11985 
11988 11991 11994 11997 12000 12003 12006 12009 12012 
12015 12018 12021 12024 12027 12030 12033 12036 12039 
12042 12045 12048 12051 12054 12057 12060 12063 12066 
12069 12072 12075 12078 12081 12084 12087 12090 12093 
12096 12099 12102 12105 12108 12111 12114 12117 12120 
12123 12126 12129 12132 12135 12138 12141 12144 12147 
12150 12153 12156 12159 12162 12165 12168 12171 12174 
12177 12180 12183 12186 12189 12192 12195 12198 12201 
12204 12207 12210 12213 12216 12219 12222 12225 12228 
12231 12234 12237 12240 12243 12246 12249 12252 12255 
12258 12261 12264 12267 12270 12273 12276 12279 12282 
12285 12288 12291 12294 12297 12300 12303 12306 12309 
12312 12315 12318 12321 12324 12327 12330 12333 12336 
12339 12342 12345 12348 12351 12354 12357 12360 12363 
12366 12369 12372 12375 12378 12381 12384 12387 12390 
12393 12396 12399 12402 12405 12408 12411 12414 12417 
12420 12423 12426 12429 12432 12435 12438 12441 12444 
12447 12450 12453 12456 12459 12462 12465 12468 12471 
12474 12477 12480 12483 12486 12489 12492 12495 12498 
12501 12504 12507 12510 12513 12516 12519 12522 12525 
12528 12531 12534 12537 12540 12543 12546 12549 12552 
12555 12558 12561 12564 12567 12570 12573 12576 12579 
12582 12585 12588 12591 12594 12597 12600 12603 12606 
12609 12612 12615 12618 12621 12624 12627 12630 12633 
12636 12639 12642 12645 12648 12651 12654 12657 12660 
12663 12666 12669 12672 12675 12678 12681 12684 12687 
12690 12693 12696 12699 12702 12705 12708 12711 12714 
12717 12720 12723 12726 12729 12732 12735 12738 12741 
12744 12747 12750 12753 12756 12759 12762 12765 12768 
12771 12774 12777 12780 12783 12786 12789 12792 12795 
12798 12801 12804 12807 12810 12813 12816 12819 12822 
12825 12828 12831 12834 12837 12840 12843 12846 12849 
12852 12855 12858 12861 12864 12867 12870 12873 12876 
12879 12882 12885 12888 12891 12894 12897 12900 12903 
12906 12909 12912 12915 12918 12921 12924 12927 12930 
12933 12936 12939 12942 12945 12948 12951 12954 12957 
12960 12963 12966 12969 12972 12975 12978 12981 12984 
12987 12990 12993 12996 12999 13002 13005 13008 13011 
13014 13017 13020 13023 13026 13029 13032 13035 13038 
13041 13044 13047 13050 13053 13056 13059 13062 13065 
13068 13071 13074 13077 13080 13083 13086 13089 13092 
13095 13098 13101 13104 13107 13110 13113 13116 13119 
13122 13125 13128 13131 13134 13137 13140 13143 13146 
13149 13152 13155 13158 13161 13164 13167 13170 13173 
13176 13179 13182 13185 13188 13191 13194 13197 13200 
13203 13206 13209 13212 13215 13218 13221 13224 13227 
13230 13233 13236 13239 13242 13245 13248 13251 13254 
13257 13260 13263 13266 13269 13272 13275 13278 13281 
13284 13287 13290 13293 13296 13299 13302 13305 13308 
13311 13314 13317 13320 13323 13326 13329 13332 13335 
13338 13341 13344 13347 13350 13353 13356 13359 13362 
13365 13368 13371 13374 13377 13380 13383 13386 13389 
13392 13395 13398 13401 13404 13407 13410 13413 13416 
13419 13422 13425 13428 13431 13434 13437 13440 13443 
13446 13449 13452 13455 13458 13461 13464 13467 13470 
13473 13476 13479 13482 13485 13488 13491 13494 13497 
13500 13503 13506 13509 13512 13515 13518 13521 13524 
13527 13530 13533 13536 13539 13542 13545 13548 13551 
13554 13557 13560 13563 13566 13569 13572 13575 13578 
13581 13584 13587 13590 13593 13596 13599 13602 13605 
13608 13611 13614 13617 13620 13623 13626 13629 13632 
13635 13638 13641 13644 13647 13650 13653 13656 13659 
13662 13665 13668 13671 13674 13677 13680 13683 13686 
13689 13692 13695 13698 13701 13704 13707 13710 13713 
13716 13719 13722 13725 13728 13731 13734 13737 13740 
13743 13746 13749 13752 13755 13758 13761 13764 13767 
13770 13773 13776 13779 13782 13785 13788 13791 13794 
13797 13800 13803 13806 13809 13812 13815 13818 13821 
13824 13827 13830 13833 13836 13839 13842 13845 13848 
13851 13854 13857 13860 13863 13866 13869 13872 13875 
13878 13881 13884 13887 13890 13893 13896 13899 13902 
13905 13908 13911 13914 13917 13920 13923 13926 13929 
13932 13935 13938 13941 13944 13947 13950 13953 13956 
13959 13962 13965 13968 13971 13974 13977 13980 13983 
13986 13989 13992 13995 13998 14001 14004 14007 14010 
14013 14016 14019 14022 14025 14028 14031 14034 14037 
14040 14043 14046 14049 14052 14055 14058 14061 14064 
14067 14070 14073 14076 14079 14082 14085 14088 14091 
14094 14097 14100 14103 14106 14109 14112 14115 14118 
14121 14124 14127 14130 14133 14136 14139 14142 14145 
14148 14151 14154 14157 14160 14163 14166 14169 14172 
14175 14178 14181 14184 14187 14190 14193 14196 14199 
14202 14205 14208 14211 14214 14217 14220 14223 14226 
14229 14232 14235 14238 14241 14244 14247 14250 14253 
14256 14259 14262 14265 14268 14271 14274 14277 14280 
14283 14286 14289 14292 14295 14298 14301 14304 14307 
14310 14313 14316 14319 14322 14325 14328 14331 14334 
14337 14340 14343 14346 14349 14352 14355 14358 14361 
14364 14367 14370 14373 14376 14379 14382 14385 14388 
14391 14394 14397 14400 14403 14406 14409 14412 14415 
14418 14421 14424 14427 14430 14433 14436 14439 14442 
14445 14448 14451 14454 14457 14460 14463 14466 14469 
14472 14475 14478 14481 14484 14487 14490 14493 14496 
14499 14502 14505 14508 14511 14514 14517 14520 14523 
14526 14529 14532 14535 14538 14541 14544 14547 14550 
14553 14556 14559 14562 14565 14568 14571 14574 14577 
14580 14583 14586 14589 14592 14595 14598 14601 14604 
14607 14610 14613 14616 14619 14622 14625 14628 14631 
14634 14637 14640 14643 14646 14649 14652 14655 14658 
14661 14664 14667 14670 14673 14676 14679 14682 14685 
14688 14691 14694 14697 14700 14703 14706 14709 14712 
14715 14718 14721 14724 14727 14730 14733 14736 14739 
14742 14745 14748 14751 14754 14757 14760 14763 14766 
14769 14772 14775 14778 14781 14784 14787 14790 14793 
14796 14799 14802 14805 14808 14811 14814 14817 14820 
14823 14826 14829 14832 14835 14838 14841 14844 14847 
14850 14853 14856 14859 14862 14865 14868 14871 14874 
14877 14880 14883 14886 14889 14892 14895 14898 14901 
14904 14907 14910 14913 14916 14919 14922 14925 14928 
14931 14934 14937 14940 14943 14946 14949 14952 14955 
14958 14961 14964 14967 14970 14973 14976 14979 14982 
14985 14988 14991 14994 14997 15000 15003 15006 15009 
15012 15015 15018 15021 15024 15027 15030 15033 15036 
15039 15042 15045 15048 15051 15054 15057 15060 15063 
15066 15069 15072 15075 15078 15081 15084 15087 15090 
15093 15096 15099 15102 15105 15108 15111 15114 15117 
15120 15123 15126 15129 15132 15135 15138 15141 15144 
15147 15150 15153 15156 15159 15162 15165 15168 15171 
15174 15177 15180 15183 15186 15189 15192 15195 15198 
15201 15204 15207 15210 15213 15216 15219 15222 15225 
15228 15231 15234 15237 15240 15243 15246 15249 15252 
15255 15258 15261 15264 15267 15270 15273 15276 15279 
15282 15285 15288 15291 15294 15297 15300 15303 15306 
15309 15312 15315 15318 15321 15324 15327 15330 15333 
15336 15339 15342 15345 15348 15351 15354 15357 15360 
15363 15366 15369 15372 15375 15378 15381 15384 15387 
15390 15393 15396 15399 15402 15405 15408 15411 15414 
15417 15420 15423 15426 15429 15432 15435 15438 15441 
15444 15447 15450 15453 15456 15459 15462 15465 15468 
15471 15474 15477 15480 15483 15486 15489 15492 15495 
15498 15501 15504 15507 15510 15513 15516 15519 15522 
15525 15528 15531 15534 15537 15540 15543 15546 15549 
15552 15555 15558 15561 15564 15567 15570 15573 15576 
15579 15582 15585 15588 15591 15594 15597 15600 15603 
15606 15609 15612 15615 15618 15621 15624 15627 15630 
15633 15636 15639 15642 15645 15648 15651 15654 15657 
15660 15663 15666 15669 15672 15675 15678 15681 15684 
15687 15690 15693 15696 15699 15702 15705 15708 15711 
15714 15717 15720 15723 15726 15729 15732 15735 15738 
15741 15744 15747 15750 15753 15756 15759 15762 15765 
15768 15771 15774 15777 15780 15783 15786 15789 15792 
15795 15798 15801 15804 15807 15810 15813 15816 15819 
15822 15825 15828 15831 15834 15837 15840 15843 15846 
15849 15852 15855 15858 15861 15864 15867 15870 15873 
15876 15879 15882 15885 15888 15891 15894 15897 15900 
15903 15906 15909 15912 15915 15918 15921 15924 15927 
15930 15933 15936 15939 15942 15945 15948 15951 15954 
15957 15960 15963 15966 15969 15972 15975 15978 15981 
15984 15987 15990 15993 15996 15999 16002 16005 16008 
16011 16014 16017 16020 16023 16026 16029 16032 16035 
16038 16041 16044 16047 16050 16053 16056 16059 16062 
16065 16068 16071 16074 16077 16080 16083 16086 16089 
16092 16095 16098 16101 16104 16107 16110 16113 16116 
16119 16122 16125 16128 16131 16134 16137 16140 16143 
16146 16149 16152 16155 16158 16161 16164 16167 16170 
16173 16176 16179 16182 16185 16188 16191 16194 16197 
16200 16203 16206 16209 16212 16215 16218 16221 16224 
16227 16230 16233 16236 16239 16242 16245 16248 16251 
16254 16257 16260 16263 16266 16269 16272 16275 16278 
16281 16284 16287 16290 16293 16296 16299 16302 16305 
16308 16311 16314 16317 16320 16323 16326 16329 16332 
16335 16338 16341 16344 16347 16350 16353 16356 16359 
16362 16365 16368 16371 16374 16377 16380 16383 16386 
16389 16392 16395 16398 16401 16404 16407 16410 16413 
16416 16419 16422 16425 16428 16431 16434 16437 16440 
16443 16446 16449 16452 16455 16458 16461 16464 16467 
16470 16473 16476 16479 16482 16485 16488 16491 16494 
16497 16500 16503 16506 16509 16512 16515 16518 16521 
16524 16527 16530 16533 16536 16539 16542 16545 16548 
16551 16554 16557 16560 16563 16566 16569 16572 16575 
16578 16581 16584 16587 16590 16593 16596 16599 16602 
16605 16608 16611 16614 16617 16620 16623 16626 16629 
16632 16635 16638 16641 16644 16647 16650 16653 16656 
16659 16662 16665 16668 16671 16674 16677 16680 16683 
16686 16689 16692 16695 16698 16701 16704 16707 16710 
16713 16716 16719 16722 16725 16728 16731 16734 16737 
16740 16743 16746 16749 16752 16755 16758 16761 16764 
16767 16770 16773 16776 16779 16782 16785 16788 16791 
16794 16797 16800 16803 16806 16809 16812 16815 16818 
16821 16824 16827 16830 16833 16836 16839 16842 16845 
16848 16851 16854 16857 16860 16863 16866 16869 16872 
16875 16878 16881 16884 16887 16890 16893 16896 16899 
16902 16905 16908 16911 16914 16917 16920 16923 16926 
16929 16932 16935 16938 16941 16944 16947 16950 16953 
16956 16959 16962 16965 16968 16971 16974 16977 16980 
16983 16986 16989 16992 16995 16998 17001 17004 17007 
17010 17013 17016 17019 17022 17025 17028 17031 17034 
17037 17040 17043 17046 17049 17052 17055 17058 17061 
17064 17067 17070 17073 17076 17079 17082 17085 17088 
17091 17094 17097 17100 17103 17106 17109 17112 17115 
17118 17121 17124 17127 17130 17133 17136 17139 17142 
17145 17148 17151 17154 17157 17160 17163 17166 17169 
17172 17175 17178 17181 17184 17187 17190 17193 17196 
17199 17202 17205 17208 17211 17214 17217 17220 17223 
17226 17229 17232 17235 17238 17241 17244 17247 17250 
17253 17256 17259 17262 17265 17268 17271 17274 17277 
17280 17283 17286 17289 17292 17295 17298 17301 17304 
17307 17310 17313 17316 17319 17322 17325 17328 17331 
17334 17337 17340 17343 17346 17349 17352 17355 17358 
17361 17364 17367 17370 17373 17376 17379 17382 17385 
17388 17391 17394 17397 17400 17403 17406 17409 17412 
17415 17418 17421 17424 17427 17430 17433 17436 17439 
17442 17445 17448 17451 17454 17457 17460 17463 17466 
17469 17472 17475 17478 17481 17484 17487 17490 17493 
17496 17499 17502 17505 17508 17511 17514 17517 17520 
17523 17526 17529 17532 17535 17538 17541 17544 17547 
17550 17553 17556 17559 17562 17565 17568 17571 17574 
17577 17580 17583 17586 17589 17592 17595 17598 17601 
17604 17607 17610 17613 17616 17619 17622 17625 17628 
17631 17634 17637 17640 17643 17646 17649 17652 17655 
17658 17661 17664 17667 17670 17673 17676 17679 17682 
17685 17688 17691 17694 17697 17700 17703 17706 17709 
17712 17715 17718 17721 17724 17727 17730 17733 17736 
17739 17742 17745 17748 17751 17754 17757 17760 17763 
17766 17769 17772 17775 17778 17781 17784 17787 17790 
17793 17796 17799 17802 17805 17808 17811 17814 17817 
17820 17823 17826 17829 17832 17835 17838 17841 17844 
17847 17850 17853 17856 17859 17862 17865 17868 17871 
17874 17877 17880 17883 17886 17889 17892 17895 17898 
17901 17904 17907 17910 17913 17916 17919 17922 17925 
17928 17931 17934 17937 17940 17943 17946 17949 17952 
17955 17958 17961 17964 17967 17970 17973 17976 17979 
17982 17985 17988 17991 17994 17997 18000 18003 18006 
18009 18012 18015 18018 18021 18024 18027 18030 18033 
18036 18039 18042 18045 18048 18051 18054 18057 18060 
18063 18066 18069 18072 18075 18078 18081 18084 18087 
18090 18093 18096 18099 18102 18105 18108 18111 18114 
18117 18120 18123 18126 18129 18132 18135 18138 18141 
18144 18147 18150 18153 18156 18159 18162 18165 18168 
18171 18174 18177 18180 18183 18186 18189 18192 18195 
18198 18201 18204 18207 18210 18213 18216 18219 18222 
18225 18228 18231 18234 18237 18240 18243 18246 18249 
18252 18255 18258 18261 18264 18267 18270 18273 18276 
18279 18282 18285 18288 18291 18294 18297 18300 18303 
18306 18309 18312 18315 18318 18321 18324 18327 18330 
18333 18336 18339 18342 18345 18348 18351 18354 18357 
18360 18363 18366 18369 18372 18375 18378 18381 18384 
18387 18390 18393 18396 18399 18402 18405 18408 18411 
18414 18417 18420 18423 18426 18429 18432 18435 18438 
18441 18444 18447 18450 18453 18456 18459 18462 18465 
18468 18471 18474 18477 18480 18483 18486 18489 18492 
18495 18498 18501 18504 18507 18510 18513 18516 18519 
18522 18525 18528 18531 18534 18537 18540 18543 18546 
18549 18552 18555 18558 18561 18564 18567 18570 18573 
18576 18579 18582 18585 18588 18591 18594 18597 18600 
18603 18606 18609 18612 18615 18618 18621 18624 18627 
18630 18633 18636 18639 18642 18645 18648 18651 18654 
18657 18660 18663 18666 18669 18672 18675 18678 18681 
18684 18687 18690 18693 18696 18699 18702 18705 18708 
18711 18714 18717 18720 18723 18726 18729 18732 18735 
18738 18741 18744 18747 18750 18753 18756 18759 18762 
18765 18768 18771 18774 18777 18780 18783 18786 18789 
18792 18795 18798 18801 18804 18807 18810 18813 18816 
18819 18822 18825 18828 18831 18834 18837 18840 18843 
18846 18849 18852 18855 18858 18861 18864 18867 18870 
18873 18876 18879 18882 18885 18888 18891 18894 18897 
18900 18903 18906 18909 18912 18915 18918 18921 18924 
18927 18930 18933 18936 18939 18942 18945 18948 18951 
18954 18957 18960 18963 18966 18969 18972 18975 18978 
18981 18984 18987 18990 18993 18996 18999 19002 19005 
19008 19011 19014 19017 19020 19023 19026 19029 19032 
19035 19038 19041 19044 19047 19050 19053 19056 19059 
19062 19065 19068 19071 19074 19077 19080 19083 19086 
19089 19092 19095 19098 19101 19104 19107 19110 19113 
19116 19119 19122 19125 19128 19131 19134 19137 19140 
19143 19146 19149 19152 19155 19158 19161 19164 19167 
19170 19173 19176 19179 19182 19185 19188 19191 19194 
19197 19200 19203 19206 19209 19212 19215 19218 19221 
19224 19227 19230 19233 19236 19239 19242 19245 19248 
19251 19254 19257 19260 19263 19266 19269 19272 19275 
19278 19281 19284 19287 19290 19293 19296 19299 19302 
19305 19308 19311 19314 19317 19320 19323 19326 19329 
19332 19335 19338 19341 19344 19347 19350 19353 19356 
19359 19362 19365 19368 19371 19374 19377 19380 19383 
19386 19389 19392 19395 19398 19401 19404 19407 19410 
19413 19416 19419 19422 19425 19428 19431 19434 19437 
19440 19443 19446 19449 19452 19455 19458 19461 19464 
19467 19470 19473 19476 19479 19482 19485 19488 19491 
19494 19497 19500 19503 19506 19509 19512 19515 19518 
19521 19524 19527 19530 19533 19536 19539 19542 19545 
19548 19551 19554 19557 19560 19563 19566 19569 19572 
19575 19578 19581 19584 19587 19590 19593 19596 19599 
19602 19605 19608 19611 19614 19617 19620 19623 19626 
19629 19632 19635 19638 19641 19644 19647 19650 19653 
19656 19659 19662 19665 19668 19671 19674 19677 19680 
19683 19686 19689 19692 19695 19698 19701 19704 19707 
19710 19713 19716 19719 19722 19725 19728 19731 19734 
19737 19740 19743 19746 19749 19752 19755 19758 19761 
19764 19767 19770 19773 19776 19779 19782 19785 19788 
19791 19794 19797 19800 19803 19806 19809 19812 19815 
19818 19821 19824 19827 19830 19833 19836 19839 19842 
19845 19848 19851 19854 19857 19860 19863 19866 19869 
19872 19875 19878 19881 19884 19887 19890 19893 19896 
19899 19902 19905 19908 19911 19914 19917 19920 19923 
19926 19929 19932 19935 19938 19941 19944 19947 19950 
19953 19956 19959 19962 19965 19968 19971 19974 19977 
19980 19983 19986 19989 19992 19995 19998 20001 20004 
20007 20010 20013 20016 20019 20022 20025 20028 20031 
20034 20037 20040 20043 20046 20049 20052 20055 20058 
20061 20064 20067 20070 20073 20076 20079 20082 20085 
20088 20091 20094 20097 20100 20103 20106 20109 20112 
20115 20118 20121 20124 20127 20130 20133 20136 20139 
20142 20145 20148 20151 20154 20157 20160 20163 20166 
20169 20172 20175 20178 20181 20184 20187 20190 20193 
20196 20199 20202 20205 20208 20211 20214 20217 20220 
20223 20226 20229 20232 20235 20238 20241 20244 20247 
20250 20253 20256 20259 20262 20265 20268 20271 20274 
20277 20280 20283 20286 20289 20292 20295 20298 20301 
20304 20307 20310 20313 20316 20319 20322 20325 20328 
20331 20334 20337 20340 20343 20346 20349 20352 20355 
20358 20361 20364 20367 20370 20373 20376 20379 20382 
20385 20388 20391 20394 20397 20400 20403 20406 20409 
20412 20415 20418 20421 20424 20427 20430 20433 20436 
20439 20442 20445 20448 20451 20454 20457 20460 20463 
20466 20469 20472 20475 20478 20481 20484 20487 20490 
20493 20496 20499 20502 20505 20508 20511 20514 20517 
20520 20523 20526 20529 20532 20535 20538 20541 20544 
20547 20550 20553 20556 20559 20562 20565 20568 20571 
20574 20577 20580 20583 20586 20589 20592 20595 20598 
20601 20604 20607 20610 20613 20616 20619 20622 20625 
20628 20631 20634 20637 20640 20643 20646 20649 20652 
20655 20658 20661 20664 20667 20670 20673 20676 20679 
20682 20685 20688 20691 20694 20697 20700 20703 20706 
20709 20712 20715 20718 20721 20724 20727 20730 20733 
20736 20739 20742 20745 20748 20751 20754 20757 20760 
20763 20766 20769 20772 20775 20778 20781 20784 20787 
20790 20793 20796 20799 20802 20805 20808 20811 20814 
20817 20820 20823 20826 20829 20832 20835 20838 20841 
20844 20847 20850 20853 20856 20859 20862 20865 20868 
20871 20874 20877 20880 20883 20886 20889 20892 20895 
20898 20901 20904 20907 20910 20913 20916 20919 20922 
20925 20928 20931 20934 20937 20940 20943 20946 20949 
20952 20955 20958 20961 20964 20967 20970 20973 20976 
20979 20982 20985 20988 20991 20994 20997 21000 21003 
21006 21009 21012 21015 21018 21021 21024 21027 21030 
21033 21036 21039 21042 21045 21048 21051 21054 21057 
21060 21063 21066 21069 21072 21075 21078 21081 21084 
21087 21090 21093 21096 21099 21102 21105 21108 21111 
21114 21117 21120 21123 21126 21129 21132 21135 21138 
21141 21144 21147 21150 21153 21156 21159 21162 21165 
21168 21171 21174 21177 21180 21183 21186 21189 21192 
21195 21198 21201 21204 21207 21210 21213 21216 21219 
21222 21225 21228 21231 21234 21237 21240 21243 21246 
21249 21252 
CONNECTIVITY vtktypeint64
0 1 2 1 0 3 0 2 4 
5 6 7 3 0 4 5 7 8 
7 6 9 10 11 12 8 7 9 
10 12 13 12 11 14 13 12 14 
15 16 17 16 15 18 15 17 19 
18 15 19 20 21 22 21 20 23 
20 22 24 25 26 27 23 20 24 
27 28 29 25 27 29 28 30 31 
29 28 31 30 32 33 31 30 33 
32 34 35 33 32 35 34 36 37 
35 34 37 37 36 38 27 26 39 
28 27 39 40 28 39 30 28 40 
41 30 40 41 42 43 41 43 30 
30 43 32 34 32 44 44 32 43 
36 34 45 45 34 44 46 38 36 
46 36 47 47 36 45 47 48 49 
46 47 49 49 48 50 43 42 51 
44 43 51 52 44 51 1 53 2 
1 44 53 1 45 44 44 52 53 
3 45 1 3 54 45 54 47 45 
48 47 55 55 47 54 56 50 48 
56 48 57 57 48 55 56 57 58 
2 53 59 4 2 59 60 6 5 
54 3 61 61 3 4 61 4 59 
8 60 5 62 54 63 62 55 54 
54 61 63 57 55 64 64 55 62 
65 58 57 65 57 66 66 57 64 
65 66 67 6 60 9 9 60 8 
10 68 11 63 69 62 69 70 64 
69 64 62 10 13 68 66 64 70 
71 66 70 67 66 71 11 68 14 
13 14 68 72 73 74 72 75 76 
73 72 76 75 77 78 76 75 78 
77 79 80 78 77 80 80 79 81 
82 72 74 83 82 74 16 82 17 
16 75 82 75 72 82 18 75 16 
18 84 75 84 77 75 79 77 85 
85 77 84 86 81 79 86 79 87 
87 79 85 87 88 89 86 87 89 
88 90 91 89 88 91 90 92 93 
91 90 93 93 92 94 82 83 95 
96 95 97 19 95 96 19 82 95 
19 17 82 19 84 18 19 96 84 
96 98 84 21 98 22 21 85 98 
85 84 98 23 85 21 23 99 85 
99 87 85 88 87 100 100 87 99 
90 88 101 101 88 100 92 90 102 
102 90 101 103 94 92 103 92 104 
104 92 102 104 105 106 103 104 106 
105 107 108 106 105 108 108 107 109 
96 97 110 98 96 110 111 98 110 
112 111 113 24 111 112 24 98 111 
24 22 98 24 99 23 24 112 99 
25 99 26 26 99 112 29 99 25 
100 99 29 31 100 29 101 100 31 
33 101 31 102 101 33 35 102 33 
104 102 35 37 104 35 105 104 37 
38 105 37 38 114 105 114 107 105 
115 109 107 115 107 116 116 107 114 
116 117 118 115 116 118 117 119 120 
118 117 120 120 119 121 112 113 122 
26 112 122 26 122 39 39 122 123 
40 39 124 39 123 124 41 40 125 
40 124 125 125 42 41 126 42 125 
38 46 114 49 114 46 116 114 49 
50 116 49 50 127 116 127 117 116 
119 117 128 128 117 127 129 121 119 
129 119 130 130 119 128 129 130 131 
42 126 132 51 42 132 133 132 134 
133 52 132 52 51 132 52 133 53 
50 56 127 58 127 56 58 135 127 
135 128 127 130 128 136 136 128 135 
137 131 130 137 130 138 138 130 136 
137 138 139 133 134 140 53 133 140 
53 140 59 59 140 141 142 141 143 
142 61 141 61 59 141 61 142 63 
58 65 135 67 135 65 67 144 135 
144 136 135 145 146 138 145 138 144 
144 138 136 139 138 146 142 143 147 
63 142 147 63 147 69 69 147 148 
70 69 149 69 148 149 71 70 150 
70 149 150 144 67 71 144 71 151 
151 71 150 145 144 151 152 153 154 
152 155 156 153 152 156 155 157 158 
156 155 158 157 159 160 158 157 160 
160 159 161 162 152 154 163 162 154 
73 162 74 73 155 162 155 152 162 
76 155 73 157 155 76 78 157 76 
159 157 78 159 164 161 159 78 164 
78 80 164 81 165 166 81 166 80 
80 166 164 165 167 168 166 165 168 
168 167 169 162 163 170 170 74 162 
170 171 74 171 83 74 81 86 165 
89 165 86 167 165 89 167 172 169 
167 89 172 89 91 172 93 173 91 
91 173 172 94 174 175 94 175 93 
93 175 173 174 176 177 175 174 177 
177 176 178 179 95 83 179 83 180 
180 83 171 95 179 97 94 103 174 
106 174 103 176 174 106 176 181 178 
176 106 181 106 108 181 109 182 183 
109 183 108 108 183 181 182 184 185 
183 182 185 184 186 187 185 184 187 
186 188 189 187 186 189 189 188 190 
179 180 191 97 179 191 97 191 110 
110 191 192 111 110 193 110 192 193 
193 113 111 194 113 193 109 115 182 
118 182 115 184 182 118 120 184 118 
186 184 120 121 186 120 121 195 186 
195 188 186 196 190 188 196 188 197 
197 188 195 197 198 199 196 197 199 
198 200 201 199 198 201 201 200 202 
113 194 203 122 113 203 123 122 204 
122 203 204 124 123 205 123 204 205 
206 205 207 206 125 205 125 124 205 
125 206 126 121 129 195 131 195 129 
131 208 195 208 197 195 198 197 209 
209 197 208 200 198 210 210 198 209 
211 202 200 211 200 212 212 200 210 
211 212 213 206 207 214 126 206 214 
126 214 132 132 214 215 215 134 132 
216 134 215 131 137 208 217 209 208 
217 208 139 217 139 218 137 139 208 
210 209 217 219 210 217 212 210 219 
220 212 219 213 212 220 134 216 221 
140 134 221 141 140 222 140 221 222 
143 223 224 143 141 223 141 222 223 
223 225 224 146 226 227 145 226 146 
218 139 146 227 218 146 143 224 147 
224 225 228 224 228 147 147 228 148 
149 148 229 148 228 229 150 149 230 
149 229 230 151 150 231 150 230 231 
226 145 151 231 226 151 153 232 233 
154 153 233 156 234 153 153 234 232 
158 235 156 156 235 234 160 236 158 
158 236 235 161 237 238 161 238 160 
160 238 236 238 237 239 154 233 163 
233 240 163 161 164 237 237 241 239 
237 164 241 164 166 241 168 242 166 
166 242 241 169 243 244 169 244 168 
168 244 242 244 243 245 246 170 163 
246 163 247 247 163 240 170 246 171 
169 172 243 243 248 245 243 172 248 
172 173 248 175 249 173 173 249 248 
177 250 175 175 250 249 178 251 252 
178 252 177 177 252 250 251 253 254 
252 251 254 253 255 256 254 253 256 
255 257 258 256 255 258 257 259 260 
258 257 260 260 259 261 246 247 262 
262 171 246 262 263 171 263 180 171 
178 181 251 183 251 181 253 251 183 
185 253 183 255 253 185 187 255 185 
257 255 187 189 257 187 259 257 189 
190 264 265 189 190 265 189 265 261 
189 261 259 264 266 267 265 264 267 
266 268 269 267 266 269 269 268 270 
180 263 271 191 180 271 192 191 272 
191 271 272 273 272 274 273 193 272 
193 192 272 193 273 194 190 196 264 
199 264 196 266 264 199 201 266 199 
268 266 201 268 201 202 268 202 270 
270 202 275 273 274 276 194 273 276 
194 276 203 203 276 277 204 203 278 
203 277 278 279 278 280 279 205 278 
205 204 278 205 279 207 202 281 275 
211 281 202 281 211 213 282 281 213 
279 280 283 207 279 283 207 283 214 
214 283 284 215 214 285 214 284 285 
285 216 215 286 216 285 217 218 287 
288 217 287 288 289 217 289 219 217 
220 219 290 219 289 290 282 213 220 
290 282 220 216 286 291 221 216 291 
222 221 292 221 291 292 223 222 293 
222 292 293 293 225 223 294 225 293 
227 295 296 226 295 227 287 218 227 
287 227 297 297 227 296 288 287 297 
225 294 298 228 225 298 229 228 299 
228 298 299 230 229 300 229 299 300 
231 230 301 230 300 301 295 226 231 
301 295 231 302 303 304 302 305 306 
303 302 306 305 307 308 306 305 308 
308 307 309 232 302 304 232 304 233 
233 304 310 234 302 232 305 302 234 
235 305 234 307 305 235 307 311 309 
307 235 311 235 236 311 238 312 236 
236 312 311 312 238 239 313 312 239 
233 310 240 310 314 240 239 315 313 
241 315 239 242 316 241 241 316 315 
244 317 242 242 317 316 245 318 319 
245 319 244 244 319 317 318 320 321 
319 318 321 321 320 322 240 314 247 
314 323 247 245 248 318 249 318 248 
320 318 249 320 324 322 320 249 324 
249 250 324 252 325 250 250 325 324 
254 326 252 252 326 325 256 327 254 
254 327 326 258 328 256 256 328 327 
260 329 258 258 329 328 261 330 331 
261 331 260 260 331 329 330 332 333 
331 330 333 332 334 335 333 332 335 
335 334 336 247 323 337 262 247 337 
337 263 262 338 263 337 261 265 330 
267 330 265 332 330 267 269 332 267 
334 332 269 334 269 270 334 270 336 
336 270 339 263 338 340 271 263 340 
341 340 342 341 272 340 272 271 340 
272 341 274 343 275 344 343 339 275 
339 270 275 343 344 345 341 342 346 
274 341 346 274 346 276 276 346 347 
277 276 348 276 347 348 278 277 349 
277 348 349 349 280 278 350 280 349 
275 281 344 282 351 352 281 282 352 
281 352 345 281 345 344 352 351 353 
280 350 354 283 280 354 284 283 355 
283 354 355 285 284 356 284 355 356 
356 286 285 357 286 356 289 358 359 
288 358 289 290 289 360 289 359 360 
351 282 290 351 290 361 361 290 360 
353 351 361 286 357 362 291 286 362 
292 291 363 291 362 363 293 292 364 
292 363 364 294 365 366 294 293 365 
293 364 365 365 367 366 296 295 368 
369 296 368 369 370 296 370 297 296 
358 288 297 370 358 297 294 366 298 
366 367 371 366 371 298 298 371 299 
300 299 372 299 371 372 301 300 373 
300 372 373 368 295 301 368 301 374 
374 301 373 369 368 374 375 376 377 
376 375 378 379 375 377 380 379 377 
381 378 375 381 375 382 382 375 379 
382 383 384 381 382 384 384 383 385 
303 379 380 303 380 304 304 380 386 
306 379 303 382 379 306 308 382 306 
383 382 308 309 387 388 308 309 388 
308 388 385 308 385 383 388 387 389 
304 386 310 386 390 310 309 311 387 
387 391 389 387 311 391 311 312 391 
313 392 393 313 393 312 312 393 391 
393 392 394 310 390 314 390 395 314 
313 315 392 392 396 394 392 315 396 
315 316 396 317 397 316 316 397 396 
319 398 317 317 398 397 321 399 319 
319 399 398 322 400 401 322 401 321 
321 401 399 400 402 403 401 400 403 
402 404 405 403 402 405 404 406 407 
405 404 407 406 408 409 407 406 409 
408 410 411 409 408 411 410 412 413 
411 410 413 412 414 415 413 412 415 
414 416 417 415 414 417 416 418 419 
417 416 419 419 418 420 314 395 323 
395 421 323 322 324 400 325 400 324 
402 400 325 326 402 325 404 402 326 
327 404 326 406 404 327 328 406 327 
408 406 328 329 408 328 410 408 329 
331 410 329 412 410 331 333 412 331 
414 412 333 335 414 333 416 414 335 
336 416 335 336 422 416 422 418 416 
423 420 418 422 423 418 323 421 424 
337 323 424 424 338 337 425 338 424 
422 339 426 336 339 422 427 423 422 
426 427 422 338 425 428 340 338 428 
428 342 340 429 342 428 339 343 426 
345 430 431 343 345 431 343 431 427 
343 427 426 431 430 432 342 429 433 
346 342 433 347 346 434 346 433 434 
348 347 435 347 434 435 349 348 436 
348 435 436 436 350 349 437 350 436 
345 352 430 353 438 439 352 353 439 
352 439 432 352 432 430 439 438 440 
350 437 441 354 350 441 355 354 442 
354 441 442 356 355 443 355 442 443 
443 357 356 444 357 443 359 445 446 
358 445 359 360 359 447 359 446 447 
361 360 448 360 447 448 438 353 361 
438 361 449 449 361 448 440 438 449 
357 444 450 362 357 450 363 362 451 
362 450 451 364 363 452 363 451 452 
365 364 453 364 452 453 453 367 365 
454 367 453 370 455 456 369 455 370 
445 358 370 456 445 370 367 454 457 
371 367 457 372 371 458 371 457 458 
373 372 459 372 458 459 374 373 460 
373 459 460 455 369 374 460 455 374 
461 462 463 462 461 464 376 465 466 
377 376 466 378 467 461 378 461 465 
378 465 376 465 461 463 468 464 461 
468 461 469 469 461 467 468 469 470 
377 466 380 466 471 380 378 381 467 
384 467 381 469 467 384 385 472 473 
384 385 473 384 473 470 384 470 469 
473 472 474 380 471 386 471 475 386 
385 388 472 389 476 477 388 389 477 
388 477 474 388 474 472 476 478 479 
477 476 479 479 478 480 481 482 483 
481 484 485 482 481 485 484 486 487 
485 484 487 487 486 488 386 475 390 
475 489 390 389 391 476 393 476 391 
478 476 393 394 490 491 393 394 491 
393 491 480 393 480 478 490 492 493 
491 490 493 492 494 495 493 492 495 
494 496 497 495 494 497 496 498 499 
497 496 499 498 500 501 499 498 501 
500 502 503 501 500 503 502 504 505 
503 502 505 504 506 507 505 504 507 
506 508 509 507 506 509 483 509 508 
483 508 481 481 508 510 484 481 511 
511 481 510 486 484 512 512 484 511 
513 488 486 513 486 514 514 486 512 
514 515 516 513 514 516 516 515 517 
518 519 395 518 395 489 489 395 390 
518 520 519 394 396 490 397 490 396 
492 490 397 398 492 397 494 492 398 
399 494 398 496 494 399 401 496 399 
498 496 401 403 498 401 500 498 403 
405 500 403 502 500 405 407 502 405 
504 502 407 409 504 407 506 504 409 
411 506 409 508 506 411 413 508 411 
510 508 413 415 510 413 511 510 415 
417 511 415 512 511 417 419 512 417 
514 512 419 521 515 514 521 514 420 
521 420 522 419 420 514 517 515 521 
519 523 421 395 519 421 524 519 520 
523 519 524 420 423 522 522 423 525 
421 523 424 523 425 424 523 524 425 
524 526 425 423 427 525 525 427 527 
425 526 528 428 425 528 429 529 530 
429 428 529 428 528 529 529 531 530 
427 532 527 431 532 427 532 431 432 
533 532 432 429 530 433 530 531 534 
530 534 433 433 534 434 435 434 535 
434 534 535 436 435 536 435 535 536 
536 437 436 537 437 536 432 538 533 
439 538 432 440 539 540 440 540 439 
439 540 538 540 539 541 437 537 542 
441 437 542 442 441 543 441 542 543 
443 442 544 442 543 544 544 444 443 
545 444 544 446 546 547 445 546 446 
447 446 548 446 547 548 448 447 549 
447 548 549 449 448 550 448 549 550 
539 440 449 539 449 551 551 449 550 
541 539 551 444 545 552 450 444 552 
451 450 553 450 552 553 452 451 554 
451 553 554 453 452 555 452 554 555 
454 556 557 454 453 556 453 555 556 
556 558 557 456 559 560 455 559 456 
546 445 456 560 546 456 454 557 457 
557 558 561 557 561 457 457 561 458 
459 458 562 458 561 562 460 459 563 
459 562 563 559 455 460 563 559 460 
462 564 463 462 464 564 565 566 567 
566 565 568 465 569 570 466 465 570 
564 465 463 564 571 465 571 569 465 
464 571 564 464 468 571 468 572 571 
470 573 574 470 574 468 468 574 572 
567 574 573 567 573 565 565 573 575 
576 568 565 575 576 565 466 570 471 
570 577 471 470 473 573 474 573 473 
474 578 573 578 575 573 579 576 575 
579 575 580 580 575 578 580 581 582 
579 580 582 582 581 583 584 585 586 
584 587 588 585 584 588 587 589 590 
588 587 590 590 589 591 471 577 475 
577 592 475 474 477 578 479 578 477 
580 578 479 480 580 479 480 593 580 
593 581 580 594 583 581 594 581 595 
595 581 593 595 596 597 594 595 597 
596 598 599 597 596 599 598 600 601 
599 598 601 600 602 603 601 600 603 
602 604 605 603 602 605 604 606 607 
605 604 607 606 608 609 607 606 609 
586 609 608 586 608 584 584 608 610 
482 610 483 482 587 610 587 584 610 
485 587 482 589 587 485 589 611 591 
589 485 611 485 487 611 611 487 488 
612 611 488 613 614 489 613 489 592 
592 489 475 613 615 614 480 491 593 
493 593 491 595 593 493 495 595 493 
596 595 495 497 596 495 598 596 497 
499 598 497 600 598 499 501 600 499 
602 600 501 503 602 501 604 602 503 
505 604 503 606 604 505 507 606 505 
608 606 507 509 608 507 610 608 509 
483 610 509 488 616 612 513 616 488 
516 617 513 513 617 616 517 618 619 
517 619 516 516 619 617 619 618 620 
489 614 518 614 520 518 614 615 520 
615 621 520 521 522 622 521 622 623 
517 521 623 517 623 624 517 624 618 
620 618 624 520 621 524 621 625 524 
622 626 627 622 522 626 522 525 626 
623 622 627 628 629 526 628 526 625 
625 526 524 628 630 629 631 527 632 
631 626 527 626 525 527 631 632 633 
526 629 528 629 630 634 629 634 528 
528 634 529 634 531 529 635 531 634 
527 532 632 533 636 637 532 533 637 
532 637 633 532 633 632 637 636 638 
531 635 639 534 531 639 535 534 640 
534 639 640 536 535 641 535 640 641 
537 642 643 537 536 642 536 641 642 
642 644 643 533 538 636 636 645 638 
636 538 645 538 540 645 645 540 541 
646 645 541 537 643 542 643 644 647 
643 647 542 542 647 543 544 543 648 
543 647 648 545 649 650 545 544 649 
544 648 649 649 651 650 547 546 652 
653 547 652 653 654 547 654 548 547 
549 548 655 548 654 655 550 549 656 
549 655 656 551 550 657 550 656 657 
646 541 551 657 646 551 545 650 552 
650 651 658 650 658 552 552 658 553 
554 553 659 553 658 659 555 554 660 
554 659 660 556 555 661 555 660 661 
661 558 556 662 558 661 560 663 664 
559 663 560 652 546 560 652 560 665 
665 560 664 653 652 665 558 662 666 
561 558 666 562 561 667 561 666 667 
563 562 668 562 667 668 663 559 563 
668 663 563 566 669 670 567 566 670 
568 671 672 568 672 566 566 672 669 
671 673 674 672 671 674 673 675 676 
674 673 676 676 675 677 569 678 570 
569 571 679 678 569 679 680 679 571 
680 571 681 681 571 572 574 682 572 
572 682 681 670 574 567 682 574 670 
671 576 683 568 576 671 673 671 684 
684 671 683 675 673 685 685 673 684 
686 677 675 686 675 687 687 675 685 
686 687 688 689 690 691 690 689 692 
678 693 577 570 678 577 694 679 695 
694 693 679 693 678 679 680 695 679 
576 579 683 582 683 579 684 683 582 
583 684 582 583 696 684 696 685 684 
687 685 697 697 685 696 698 688 687 
698 687 699 699 687 697 699 700 701 
698 699 701 701 700 702 703 704 705 
703 706 707 704 703 707 691 707 706 
689 691 706 689 706 586 689 586 585 
689 708 692 689 585 708 585 588 708 
590 709 588 588 709 708 709 590 591 
710 709 591 693 711 592 577 693 592 
712 693 694 711 693 712 583 594 696 
597 696 594 697 696 597 599 697 597 
699 697 599 601 699 599 700 699 601 
700 713 702 700 601 713 601 603 713 
605 714 603 603 714 713 705 607 703 
705 714 607 714 605 607 609 703 607 
706 703 609 586 706 609 591 715 710 
611 715 591 612 716 717 612 717 611 
611 717 715 716 718 719 717 716 719 
719 718 720 592 711 613 711 615 613 
711 712 615 712 721 615 612 616 716 
617 716 616 718 716 617 718 722 720 
718 617 722 617 619 722 620 723 724 
620 724 619 619 724 722 724 723 725 
615 721 621 721 726 621 624 623 727 
624 727 728 620 624 728 620 728 729 
620 729 723 725 723 729 730 731 625 
730 625 726 726 625 621 730 732 731 
627 626 733 627 733 734 623 627 734 
623 734 735 623 735 727 728 727 735 
625 731 628 630 736 737 628 736 630 
628 732 736 628 731 732 736 738 737 
626 631 733 633 739 740 631 633 740 
631 740 734 631 734 733 740 739 741 
630 737 634 635 742 743 634 742 635 
634 738 742 634 737 738 743 744 745 
742 744 743 744 746 745 633 637 739 
638 747 748 637 638 748 637 748 741 
637 741 739 748 747 749 635 743 639 
640 639 743 745 640 743 745 746 750 
745 750 640 640 750 641 642 641 751 
641 750 751 751 644 642 752 644 751 
638 645 747 646 753 754 645 646 754 
645 754 749 645 749 747 754 753 755 
644 752 756 647 644 756 648 647 757 
647 756 757 649 648 758 648 757 758 
758 651 649 759 651 758 654 760 761 
653 760 654 655 654 762 654 761 762 
656 655 763 655 762 763 657 656 764 
656 763 764 753 646 657 753 657 765 
765 657 764 755 753 765 651 759 766 
658 651 766 659 658 767 658 766 767 
660 659 768 659 767 768 661 660 769 
660 768 769 662 770 771 662 661 770 
661 769 770 771 772 773 770 772 771 
773 774 775 772 774 773 775 664 663 
775 774 664 774 776 664 665 664 777 
664 776 777 760 653 665 777 760 665 
662 771 666 667 666 771 773 667 771 
668 667 773 775 668 773 663 668 775 
669 778 670 779 778 669 779 669 780 
780 669 672 674 781 672 672 781 780 
676 782 674 674 782 781 677 783 784 
677 784 676 676 784 782 784 783 785 
681 786 680 681 682 787 786 681 787 
682 788 787 670 788 682 670 789 788 
670 778 789 779 789 778 677 686 783 
688 790 791 686 688 791 686 791 785 
686 785 783 791 790 792 793 794 795 
793 796 797 794 793 797 796 691 690 
796 690 797 797 690 798 692 799 800 
692 800 690 690 800 798 800 799 801 
695 802 694 695 803 802 680 803 695 
680 804 803 680 786 804 787 804 786 
805 804 787 788 805 787 688 698 790 
790 806 792 790 698 806 698 701 806 
806 701 702 807 806 702 808 809 810 
795 809 808 793 795 808 793 808 705 
793 705 704 707 793 704 796 793 707 
691 796 707 692 708 799 799 811 801 
799 708 811 708 709 811 710 812 813 
710 813 709 709 813 811 813 812 814 
802 815 816 802 816 694 694 816 712 
803 815 802 702 817 807 713 817 702 
810 714 808 810 817 714 817 713 714 
705 808 714 710 715 812 812 818 814 
812 715 818 715 717 818 719 819 717 
717 819 818 819 719 720 820 819 720 
712 816 721 816 821 721 720 822 820 
722 822 720 724 823 722 722 823 822 
725 824 825 725 825 724 724 825 823 
825 824 826 827 828 726 827 726 821 
821 726 721 827 829 828 729 728 830 
729 824 725 729 830 824 830 831 824 
832 826 824 831 832 824 726 828 730 
828 732 730 828 829 732 829 833 732 
735 734 834 735 830 728 735 834 830 
834 835 830 836 837 831 836 831 835 
835 831 830 832 831 837 732 833 838 
736 732 838 838 738 736 839 738 838 
734 740 834 741 834 740 741 840 834 
840 835 834 841 836 835 840 841 835 
842 843 844 843 842 845 738 839 846 
742 738 846 744 742 847 742 846 847 
746 848 849 746 744 848 744 847 848 
848 850 849 741 748 840 749 851 852 
748 749 852 748 852 841 748 841 840 
851 853 854 852 851 854 844 854 853 
844 853 842 842 853 855 856 845 842 
855 856 842 746 849 750 849 850 857 
849 857 750 750 857 751 752 858 859 
752 751 858 751 857 858 858 860 859 
749 754 851 755 851 754 755 861 851 
861 853 851 862 863 855 862 855 861 
861 855 853 856 855 863 752 859 756 
859 860 864 859 864 756 756 864 757 
758 757 865 757 864 865 759 866 867 
759 758 866 758 865 866 867 868 869 
866 868 867 869 870 871 868 870 869 
870 872 871 761 760 873 761 874 762 
873 874 761 762 875 763 874 875 762 
876 763 875 876 877 763 877 764 763 
765 764 878 764 877 878 861 755 765 
861 765 879 879 765 878 862 861 879 
759 867 766 767 766 867 869 767 867 
768 767 869 871 768 869 871 872 880 
871 880 768 768 880 769 770 769 881 
769 880 881 772 770 882 770 881 882 
774 772 883 772 882 883 776 774 884 
774 883 884 777 776 885 776 884 885 
873 760 777 873 777 886 886 777 885 
874 873 886 887 874 886 875 874 887 
888 875 887 876 875 888 889 890 891 
889 892 893 890 889 893 893 892 894 
780 895 779 896 895 780 896 780 897 
897 780 781 891 782 889 891 897 782 
897 781 782 784 889 782 892 889 784 
785 898 899 784 785 899 784 899 894 
784 894 892 899 898 900 789 901 902 
788 789 902 895 789 779 895 903 789 
903 901 789 896 903 895 785 791 898 
792 904 905 791 792 905 791 905 900 
791 900 898 905 904 906 794 907 908 
795 794 908 797 909 794 794 909 907 
798 910 797 797 910 909 800 911 798 
798 911 910 801 912 913 801 913 800 
800 913 911 913 912 914 804 915 803 
916 915 804 916 804 917 917 804 805 
902 805 788 917 805 902 792 806 904 
807 918 919 806 807 919 806 919 906 
806 906 904 918 810 809 918 809 919 
919 809 920 908 809 795 920 809 908 
801 811 912 912 921 914 912 811 921 
811 813 921 814 922 923 814 923 813 
813 923 921 923 922 924 815 925 816 
815 926 925 803 926 815 803 927 926 
803 915 927 916 927 915 807 817 918 
810 918 817 814 818 922 922 928 924 
922 818 928 818 819 928 820 929 930 
820 930 819 819 930 928 929 931 932 
930 929 932 932 931 933 925 934 935 
925 935 816 816 935 821 926 934 925 
820 822 929 823 929 822 931 929 823 
931 936 933 931 823 936 823 825 936 
826 937 938 826 938 825 825 938 936 
938 937 939 821 935 940 827 821 940 
940 829 827 941 829 940 937 832 942 
826 832 937 943 939 937 943 937 944 
944 937 942 943 944 945 946 947 833 
946 833 941 941 833 829 946 948 947 
837 836 949 837 949 950 832 837 950 
832 950 951 832 951 942 951 952 953 
951 953 942 942 953 944 954 945 944 
953 954 944 833 947 838 839 955 956 
838 955 839 838 948 955 838 947 948 
955 957 956 949 841 958 836 841 949 
959 950 949 959 949 960 960 949 958 
952 959 960 953 952 960 953 960 844 
953 844 843 953 843 845 953 845 954 
954 845 961 839 956 846 956 957 962 
956 962 846 846 962 847 848 847 963 
847 962 963 850 964 965 850 848 964 
848 963 964 964 966 965 841 852 958 
854 958 852 960 958 854 844 960 854 
845 856 961 961 856 967 850 965 857 
965 966 968 965 968 857 857 968 858 
860 969 970 860 858 969 858 968 969 
969 971 970 863 972 973 862 972 863 
967 856 863 973 967 863 860 970 864 
970 971 974 970 974 864 864 974 865 
866 865 975 865 974 975 868 866 976 
866 975 976 870 868 977 868 976 977 
872 978 979 872 870 978 870 977 978 
978 980 979 877 876 981 982 877 981 
982 983 877 983 878 877 879 878 984 
878 983 984 972 862 879 984 972 879 
872 979 880 979 980 985 979 985 880 
880 985 881 882 881 986 881 985 986 
883 882 987 882 986 987 884 883 988 
883 987 988 885 884 989 884 988 989 
886 885 990 885 989 990 887 886 991 
886 990 991 888 887 992 887 991 992 
981 876 888 981 888 993 993 888 992 
982 981 993 890 994 891 890 893 995 
994 890 995 893 894 995 897 996 997 
896 897 997 994 897 891 994 998 897 
998 996 897 995 998 994 999 998 995 
894 999 995 894 899 999 899 1000 999 
900 1001 1002 900 1002 899 899 1002 1000 
1002 1001 1003 1004 1005 1006 1004 1007 1008 
1005 1004 1008 1008 1007 1009 901 1010 902 
1011 1010 901 1011 901 1012 1012 901 903 
997 903 896 1012 903 997 900 905 1001 
906 1013 1014 905 906 1014 905 1014 1003 
905 1003 1001 1013 1015 1016 1014 1013 1016 
1015 908 907 1015 907 1016 1016 907 1017 
1006 909 1004 1006 1017 909 1017 907 909 
910 1004 909 1007 1004 910 1007 1018 1009 
1007 910 1018 910 911 1018 913 1019 911 
911 1019 1018 1019 913 914 1020 1019 914 
917 1021 916 917 1022 1021 902 1022 917 
902 1023 1022 902 1010 1023 1011 1023 1010 
906 919 1013 920 1013 919 1015 1013 920 
908 1015 920 914 1024 1020 921 1024 914 
923 1025 921 921 1025 1024 1025 923 924 
1026 1025 924 927 1027 926 927 1028 1027 
916 1028 927 916 1029 1028 916 1021 1029 
1022 1029 1021 924 1030 1026 928 1030 924 
930 1031 928 928 1031 1030 932 1032 930 
930 1032 1031 933 1033 1034 933 1034 932 
932 1034 1032 1034 1033 1035 934 1036 935 
934 1037 1036 926 1037 934 926 1038 1037 
926 1027 1038 1028 1038 1027 933 936 1033 
1033 1039 1035 1033 936 1039 936 938 1039 
939 1040 1041 939 1041 938 938 1041 1039 
1041 1040 1042 935 1036 940 941 1043 1044 
940 1043 941 940 1037 1043 940 1036 1037 
1043 1045 1044 939 943 1040 1040 943 945 
1040 945 1042 1042 945 1046 941 1044 946 
1044 948 946 1044 1045 948 1045 1047 948 
951 950 1048 951 1048 952 945 954 1046 
1046 954 1049 948 1047 1050 955 948 1050 
957 1051 1052 957 955 1051 955 1050 1051 
1051 1053 1052 950 959 1048 952 1048 959 
954 961 1049 1049 961 1054 957 1052 962 
1052 1053 1055 1052 1055 962 962 1055 963 
964 963 1056 963 1055 1056 1056 966 964 
1057 966 1056 961 967 1054 1054 967 1058 
966 1057 1059 968 966 1059 969 968 1060 
968 1059 1060 971 1061 1062 971 969 1061 
969 1060 1061 1061 1063 1062 973 1064 1065 
972 1064 973 1058 967 973 1065 1058 973 
971 1062 974 1062 1063 1066 1062 1066 974 
974 1066 975 976 975 1067 975 1066 1067 
977 976 1068 976 1067 1068 978 977 1069 
977 1068 1069 980 1070 1071 980 978 1070 
978 1069 1070 1070 1072 1071 983 982 1073 
1074 983 1073 1074 1075 983 1075 984 983 
1064 972 984 1075 1064 984 980 1071 985 
1071 1072 1076 1071 1076 985 985 1076 986 
987 986 1077 986 1076 1077 988 987 1078 
987 1077 1078 989 988 1079 988 1078 1079 
990 989 1080 989 1079 1080 991 990 1081 
990 1080 1081 992 991 1082 991 1081 1082 
993 992 1083 992 1082 1083 1073 982 993 
1073 993 1084 1084 993 1083 1074 1073 1084 
996 1085 997 1086 1085 996 1086 996 1087 
1087 996 998 999 1088 998 998 1088 1087 
1000 1089 999 999 1089 1088 1002 1090 1000 
1000 1090 1089 1003 1091 1092 1003 1092 1002 
1002 1092 1090 1091 1093 1094 1092 1091 1094 
1093 1095 1096 1094 1093 1096 1095 1006 1005 
1095 1005 1096 1096 1005 1097 1008 1098 1005 
1005 1098 1097 1098 1008 1009 1099 1098 1009 
1012 1100 1011 1012 1101 1100 997 1101 1012 
997 1102 1101 997 1085 1102 1086 1102 1085 
1003 1014 1091 1016 1091 1014 1093 1091 1016 
1017 1093 1016 1095 1093 1017 1006 1095 1017 
1009 1103 1099 1018 1103 1009 1019 1104 1018 
1018 1104 1103 1020 1105 1106 1020 1106 1019 
1019 1106 1104 1106 1105 1107 1023 1108 1022 
1023 1109 1108 1011 1109 1023 1011 1110 1109 
1011 1100 1110 1101 1110 1100 1020 1024 1105 
1105 1111 1107 1105 1024 1111 1024 1025 1111 
1026 1112 1113 1026 1113 1025 1025 1113 1111 
1112 1114 1115 1113 1112 1115 1115 1114 1116 
1029 1117 1028 1029 1118 1117 1022 1118 1029 
1022 1119 1118 1022 1108 1119 1109 1119 1108 
1026 1030 1112 1031 1112 1030 1114 1112 1031 
1114 1120 1116 1114 1031 1120 1031 1032 1120 
1034 1121 1032 1032 1121 1120 1121 1034 1035 
1122 1121 1035 1038 1123 1037 1038 1124 1123 
1028 1124 1038 1028 1125 1124 1028 1117 1125 
1118 1125 1117 1035 1126 1122 1039 1126 1035 
1041 1127 1039 1039 1127 1126 1127 1041 1042 
1128 1127 1042 1037 1123 1043 1045 1129 1130 
1043 1129 1045 1043 1124 1129 1043 1123 1124 
1129 1131 1130 1042 1046 1128 1128 1046 1132 
1130 1133 1047 1045 1130 1047 1134 1130 1131 
1133 1130 1134 1046 1049 1132 1132 1049 1135 
1047 1133 1050 1133 1134 1136 1133 1136 1050 
1050 1136 1051 1053 1137 1138 1053 1051 1137 
1051 1136 1137 1137 1139 1138 1049 1054 1135 
1135 1054 1140 1053 1138 1055 1138 1139 1141 
1138 1141 1055 1055 1141 1056 1141 1057 1056 
1142 1057 1141 1054 1058 1140 1140 1058 1143 
1057 1142 1144 1059 1057 1144 1060 1059 1145 
1059 1144 1145 1061 1060 1146 1060 1145 1146 
1063 1147 1148 1063 1061 1147 1061 1146 1147 
1148 1149 1150 1147 1149 1148 1149 1151 1150 
1065 1152 1153 1064 1152 1065 1143 1058 1065 
1153 1143 1065 1063 1148 1066 1067 1066 1148 
1150 1067 1148 1150 1151 1154 1150 1154 1067 
1067 1154 1068 1069 1068 1155 1068 1154 1155 
1070 1069 1156 1069 1155 1156 1072 1157 1158 
1072 1070 1157 1070 1156 1157 1157 1159 1158 
1075 1160 1161 1074 1160 1075 1152 1064 1075 
1161 1152 1075 1072 1158 1076 1158 1159 1162 
1158 1162 1076 1076 1162 1077 1078 1077 1163 
1077 1162 1163 1079 1078 1164 1078 1163 1164 
1080 1079 1165 1079 1164 1165 1081 1080 1166 
1080 1165 1166 1082 1081 1167 1081 1166 1167 
1083 1082 1168 1082 1167 1168 1084 1083 1169 
1083 1168 1169 1160 1074 1084 1169 1160 1084 
1087 1170 1171 1086 1087 1171 1088 1172 1087 
1087 1172 1170 1089 1173 1088 1088 1173 1172 
1090 1174 1089 1089 1174 1173 1092 1175 1090 
1090 1175 1174 1094 1176 1092 1092 1176 1175 
1096 1177 1094 1094 1177 1176 1097 1178 1096 
1096 1178 1177 1098 1179 1097 1097 1179 1178 
1099 1180 1181 1099 1181 1098 1098 1181 1179 
1181 1180 1182 1102 1183 1101 1102 1184 1183 
1102 1086 1184 1086 1171 1184 1099 1103 1180 
1180 1185 1182 1180 1103 1185 1103 1104 1185 
1106 1186 1104 1104 1186 1185 1186 1106 1107 
1187 1186 1107 1110 1188 1109 1110 1189 1188 
1101 1189 1110 1101 1190 1189 1101 1183 1190 
1184 1190 1183 1107 1191 1187 1111 1191 1107 
1113 1192 1111 1111 1192 1191 1115 1193 1113 
1113 1193 1192 1116 1194 1195 1116 1195 1115 
1115 1195 1193 1195 1194 1196 1119 1197 1118 
1119 1198 1197 1109 1198 1119 1109 1199 1198 
1109 1188 1199 1189 1199 1188 1116 1120 1194 
1194 1200 1196 1194 1120 1200 1120 1121 1200 
1122 1201 1202 1122 1202 1121 1121 1202 1200 
1202 1201 1203 1125 1204 1124 1125 1205 1204 
1118 1205 1125 1118 1206 1205 1118 1197 1206 
1198 1206 1197 1122 1126 1201 1201 1207 1203 
1201 1126 1207 1126 1127 1207 1128 1208 1209 
1128 1209 1127 1127 1209 1207 1209 1208 1210 
1124 1204 1129 1204 1131 1129 1204 1205 1131 
1205 1211 1131 1208 1132 1212 1128 1132 1208 
1213 1210 1208 1212 1213 1208 1214 1215 1134 
1214 1134 1211 1211 1134 1131 1214 1216 1215 
1212 1217 1218 1212 1132 1217 1132 1135 1217 
1213 1212 1218 1134 1215 1136 1215 1216 1219 
1215 1219 1136 1136 1219 1137 1139 1220 1221 
1139 1137 1220 1137 1219 1220 1220 1222 1221 
1135 1140 1217 1217 1140 1223 1139 1221 1141 
1142 1224 1225 1141 1224 1142 1141 1222 1224 
1141 1221 1222 1225 1226 1227 1224 1226 1225 
1226 1228 1227 1140 1143 1223 1223 1143 1229 
1142 1225 1144 1145 1144 1225 1227 1145 1225 
1227 1228 1230 1227 1230 1145 1145 1230 1146 
1147 1146 1231 1146 1230 1231 1149 1147 1232 
1147 1231 1232 1151 1233 1234 1151 1149 1233 
1149 1232 1233 1234 1235 1236 1233 1235 1234 
1235 1237 1236 1153 1238 1239 1152 1238 1153 
1229 1143 1153 1239 1229 1153 1151 1234 1154 
1155 1154 1234 1236 1155 1234 1236 1237 1240 
1236 1240 1155 1155 1240 1156 1157 1156 1241 
1156 1240 1241 1159 1242 1243 1159 1157 1242 
1157 1241 1242 1242 1244 1243 1245 1246 1247 
1245 1161 1160 1245 1247 1161 1247 1248 1161 
1238 1152 1161 1248 1238 1161 1159 1243 1162 
1243 1244 1249 1243 1249 1162 1162 1249 1163 
1164 1163 1250 1163 1249 1250 1165 1164 1251 
1164 1250 1251 1166 1165 1252 1165 1251 1252 
1167 1166 1253 1166 1252 1253 1168 1167 1254 
1167 1253 1254 1246 1245 1169 1246 1169 1254 
1254 1169 1168 1160 1169 1245 1170 1255 1171 
1256 1255 1170 1256 1170 1257 1257 1170 1172 
1173 1258 1172 1172 1258 1257 1174 1259 1173 
1173 1259 1258 1260 1261 1259 1260 1259 1175 
1175 1259 1174 1175 1176 1262 1260 1175 1262 
1176 1177 1263 1262 1176 1263 1264 1263 1177 
1264 1177 1265 1265 1177 1178 1179 1266 1178 
1178 1266 1265 1181 1267 1179 1179 1267 1266 
1267 1181 1182 1268 1267 1182 1255 1269 1270 
1255 1270 1171 1171 1270 1184 1256 1269 1255 
1260 1271 1261 1262 1271 1260 1272 1271 1262 
1263 1272 1262 1273 1272 1263 1264 1273 1263 
1182 1274 1268 1185 1274 1182 1186 1275 1185 
1185 1275 1274 1187 1276 1277 1187 1277 1186 
1186 1277 1275 1277 1276 1278 1190 1279 1189 
1190 1280 1279 1190 1184 1280 1184 1270 1280 
1187 1191 1276 1276 1281 1278 1276 1191 1281 
1191 1192 1281 1193 1282 1192 1192 1282 1281 
1195 1283 1193 1193 1283 1282 1283 1195 1196 
1284 1283 1196 1199 1285 1198 1199 1286 1285 
1189 1286 1199 1189 1287 1286 1189 1279 1287 
1280 1287 1279 1196 1288 1284 1200 1288 1196 
1202 1289 1200 1200 1289 1288 1203 1290 1291 
1203 1291 1202 1202 1291 1289 1291 1290 1292 
1206 1293 1205 1206 1294 1293 1198 1294 1206 
1198 1295 1294 1198 1285 1295 1286 1295 1285 
1203 1207 1290 1290 1296 1292 1290 1207 1296 
1207 1209 1296 1296 1209 1210 1297 1296 1210 
1293 1298 1211 1205 1293 1211 1299 1293 1294 
1298 1293 1299 1210 1213 1297 1297 1213 1300 
1211 1298 1214 1216 1301 1302 1214 1301 1216 
1214 1299 1301 1214 1298 1299 1301 1303 1302 
1218 1217 1304 1218 1304 1305 1218 1305 1213 
1213 1305 1300 1216 1302 1219 1302 1303 1306 
1302 1306 1219 1219 1306 1220 1306 1222 1220 
1307 1222 1306 1304 1308 1309 1304 1217 1308 
1217 1223 1308 1305 1304 1309 1222 1307 1310 
1224 1222 1310 1226 1224 1311 1224 1310 1311 
1228 1312 1313 1228 1226 1312 1226 1311 1312 
1312 1314 1313 1223 1229 1308 1308 1229 1315 
1228 1313 1230 1313 1314 1316 1313 1316 1230 
1230 1316 1231 1232 1231 1317 1231 1316 1317 
1233 1232 1318 1232 1317 1318 1235 1233 1319 
1233 1318 1319 1237 1320 1321 1237 1235 1320 
1235 1319 1320 1320 1322 1321 1239 1323 1324 
1238 1323 1239 1315 1229 1239 1324 1315 1239 
1237 1321 1240 1321 1322 1325 1321 1325 1240 
1240 1325 1241 1242 1241 1326 1241 1325 1326 
1244 1327 1328 1244 1242 1327 1242 1326 1327 
1327 1329 1328 1247 1330 1331 1246 1330 1247 
1248 1247 1332 1247 1331 1332 1323 1238 1248 
1332 1323 1248 1244 1328 1249 1328 1329 1333 
1328 1333 1249 1249 1333 1250 1251 1250 1334 
1250 1333 1334 1252 1251 1335 1251 1334 1335 
1253 1252 1336 1252 1335 1336 1254 1253 1337 
1253 1336 1337 1330 1246 1254 1337 1330 1254 
1257 1338 1256 1257 1258 1339 1338 1257 1339 
1258 1259 1340 1339 1258 1340 1259 1261 1340 
1265 1341 1264 1342 1341 1265 1342 1265 1343 
1343 1265 1266 1267 1344 1266 1266 1344 1343 
1344 1267 1268 1345 1344 1268 1269 1346 1270 
1269 1347 1346 1256 1347 1269 1256 1348 1347 
1256 1338 1348 1339 1348 1338 1349 1348 1339 
1340 1349 1339 1350 1349 1340 1261 1350 1340 
1261 1271 1350 1271 1351 1350 1272 1352 1271 
1271 1352 1351 1273 1353 1272 1272 1353 1352 
1341 1273 1264 1341 1354 1273 1354 1353 1273 
1342 1354 1341 1268 1355 1345 1274 1355 1268 
1275 1356 1274 1274 1356 1355 1277 1357 1275 
1275 1357 1356 1278 1358 1359 1278 1359 1277 
1277 1359 1357 1358 1360 1361 1359 1358 1361 
1361 1360 1362 1346 1363 1364 1346 1364 1270 
1270 1364 1280 1347 1363 1346 1278 1281 1358 
1282 1358 1281 1360 1358 1282 1360 1365 1362 
1360 1282 1365 1282 1283 1365 1284 1366 1367 
1284 1367 1283 1283 1367 1365 1367 1366 1368 
1287 1369 1370 1286 1287 1370 1364 1287 1280 
1369 1287 1364 1284 1288 1366 1366 1371 1368 
1366 1288 1371 1288 1289 1371 1291 1372 1289 
1289 1372 1371 1292 1373 1374 1292 1374 1291 
1291 1374 1372 1374 1373 1375 1295 1376 1294 
1295 1377 1376 1295 1286 1377 1286 1370 1377 
1292 1296 1373 1373 1296 1297 1373 1297 1375 
1375 1297 1378 1376 1379 1380 1376 1380 1294 
1294 1380 1299 1377 1379 1376 1297 1300 1378 
1378 1300 1381 1299 1380 1382 1301 1299 1382 
1303 1383 1384 1303 1301 1383 1301 1382 1383 
1383 1385 1384 1300 1305 1381 1381 1305 1386 
1303 1384 1306 1384 1307 1306 1384 1385 1307 
1385 1387 1307 1309 1388 1389 1308 1388 1309 
1386 1305 1309 1389 1386 1309 1307 1387 1390 
1310 1307 1390 1311 1310 1391 1310 1390 1391 
1312 1311 1392 1311 1391 1392 1314 1393 1394 
1314 1312 1393 1312 1392 1393 1394 1395 1396 
1393 1395 1394 1396 1397 1398 1395 1397 1396 
1398 1399 1400 1397 1399 1398 1399 1401 1400 
1402 1403 1404 1402 1404 1388 1402 1388 1315 
1315 1388 1308 1314 1394 1316 1317 1316 1394 
1396 1317 1394 1318 1317 1396 1398 1318 1396 
1319 1318 1398 1400 1319 1398 1400 1401 1405 
1400 1405 1319 1319 1405 1320 1322 1406 1407 
1322 1320 1406 1320 1405 1406 1406 1408 1407 
1409 1410 1411 1403 1409 1411 1402 1409 1403 
1402 1323 1409 1402 1324 1323 1315 1324 1402 
1322 1407 1325 1407 1408 1412 1407 1412 1325 
1325 1412 1326 1327 1326 1413 1326 1412 1413 
1329 1414 1415 1329 1327 1414 1327 1413 1414 
1414 1416 1415 1417 1418 1419 1417 1331 1330 
1417 1419 1331 1419 1420 1331 1410 1409 1332 
1410 1332 1420 1420 1332 1331 1323 1332 1409 
1329 1415 1333 1415 1416 1421 1415 1421 1333 
1333 1421 1334 1335 1334 1422 1334 1421 1422 
1336 1335 1423 1335 1422 1423 1418 1417 1337 
1418 1337 1423 1423 1337 1336 1330 1337 1417 
1343 1424 1342 1425 1424 1343 1425 1343 1426 
1426 1343 1344 1345 1427 1428 1345 1428 1344 
1344 1428 1426 1428 1427 1429 1348 1430 1431 
1347 1348 1431 1349 1432 1348 1348 1432 1430 
1350 1433 1349 1349 1433 1432 1351 1434 1350 
1350 1434 1433 1352 1435 1351 1351 1435 1434 
1353 1436 1352 1352 1436 1435 1354 1437 1353 
1353 1437 1436 1424 1354 1342 1424 1438 1354 
1438 1437 1354 1425 1438 1424 1345 1355 1427 
1427 1439 1429 1427 1355 1439 1355 1356 1439 
1357 1440 1356 1356 1440 1439 1359 1441 1357 
1357 1441 1440 1361 1442 1359 1359 1442 1441 
1442 1361 1362 1443 1442 1362 1363 1444 1364 
1363 1445 1444 1363 1347 1445 1347 1431 1445 
1362 1446 1443 1365 1446 1362 1367 1447 1365 
1365 1447 1446 1447 1367 1368 1448 1447 1368 
1369 1449 1370 1369 1450 1449 1364 1450 1369 
1364 1451 1450 1364 1444 1451 1445 1451 1444 
1368 1452 1448 1371 1452 1368 1372 1453 1371 
1371 1453 1452 1374 1454 1372 1372 1454 1453 
1454 1374 1375 1455 1454 1375 1449 1456 1377 
1370 1449 1377 1457 1449 1450 1456 1449 1457 
1458 1378 1459 1458 1455 1378 1455 1375 1378 
1458 1459 1460 1379 1461 1380 1379 1377 1456 
1379 1456 1461 1461 1456 1462 1463 1456 1457 
1462 1456 1463 1459 1381 1464 1378 1381 1459 
1465 1460 1459 1464 1465 1459 1380 1461 1382 
1383 1382 1461 1462 1383 1461 1385 1466 1467 
1383 1466 1385 1383 1463 1466 1383 1462 1463 
1466 1468 1467 1464 1469 1470 1464 1381 1469 
1381 1386 1469 1465 1464 1470 1467 1471 1387 
1385 1467 1387 1472 1467 1468 1471 1467 1472 
1389 1473 1474 1388 1473 1389 1469 1386 1389 
1474 1469 1389 1387 1471 1390 1471 1472 1475 
1471 1475 1390 1390 1475 1391 1392 1391 1476 
1391 1475 1476 1393 1392 1477 1392 1476 1477 
1395 1393 1478 1393 1477 1478 1397 1395 1479 
1395 1478 1479 1399 1397 1480 1397 1479 1480 
1401 1481 1482 1401 1399 1481 1399 1480 1481 
1481 1483 1482 1404 1484 1485 1403 1484 1404 
1473 1388 1404 1485 1473 1404 1401 1482 1405 
1482 1483 1486 1482 1486 1405 1405 1486 1406 
1486 1408 1406 1487 1408 1486 1411 1488 1489 
1410 1488 1411 1484 1403 1411 1489 1484 1411 
1408 1487 1490 1412 1408 1490 1413 1412 1491 
1412 1490 1491 1414 1413 1492 1413 1491 1492 
1416 1493 1494 1416 1414 1493 1414 1492 1493 
1494 1495 1496 1493 1495 1494 1496 1497 1498 
1495 1497 1496 1498 1419 1418 1498 1497 1419 
1497 1499 1419 1420 1419 1500 1419 1499 1500 
1488 1410 1420 1500 1488 1420 1416 1494 1421 
1422 1421 1494 1496 1422 1494 1423 1422 1496 
1498 1423 1496 1418 1423 1498 1426 1501 1425 
1426 1428 1502 1501 1426 1502 1428 1429 1502 
1430 1503 1431 1430 1432 1504 1503 1430 1504 
1505 1504 1432 1505 1432 1506 1506 1432 1433 
1434 1507 1433 1433 1507 1506 1435 1508 1434 
1434 1508 1507 1436 1509 1435 1435 1509 1508 
1437 1510 1436 1436 1510 1509 1438 1511 1437 
1437 1511 1510 1501 1438 1425 1501 1512 1438 
1512 1511 1438 1502 1512 1501 1513 1512 1502 
1429 1513 1502 1429 1439 1513 1439 1514 1513 
1440 1515 1439 1439 1515 1514 1441 1516 1440 
1440 1516 1515 1442 1517 1441 1441 1517 1516 
1443 1518 1519 1443 1519 1442 1442 1519 1517 
1519 1518 1520 1503 1521 1522 1503 1522 1431 
1431 1522 1445 1504 1521 1503 1523 1521 1504 
1505 1523 1504 1443 1446 1518 1518 1524 1520 
1518 1446 1524 1446 1447 1524 1448 1525 1526 
1448 1526 1447 1447 1526 1524 1526 1525 1527 
1451 1528 1450 1451 1529 1528 1451 1445 1529 
1445 1522 1529 1448 1452 1525 1525 1530 1527 
1525 1452 1530 1452 1453 1530 1454 1531 1453 
1453 1531 1530 1531 1454 1455 1532 1531 1455 
1528 1533 1457 1450 1528 1457 1534 1528 1529 
1534 1535 1528 1535 1533 1528 1534 1536 1535 
1455 1537 1532 1458 1537 1455 1537 1458 1460 
1538 1537 1460 1533 1539 1463 1457 1533 1463 
1540 1535 1541 1540 1539 1535 1539 1533 1535 
1536 1541 1535 1460 1465 1538 1538 1465 1542 
1463 1539 1466 1468 1543 1544 1466 1543 1468 
1466 1540 1543 1466 1539 1540 1543 1545 1544 
1470 1546 1547 1469 1546 1470 1542 1465 1470 
1547 1542 1470 1544 1548 1472 1468 1544 1472 
1549 1544 1545 1549 1550 1544 1550 1548 1544 
1550 1551 1552 1549 1551 1550 1552 1553 1554 
1551 1553 1552 1554 1555 1556 1553 1555 1554 
1555 1557 1556 1474 1558 1559 1473 1558 1474 
1546 1469 1474 1559 1546 1474 1472 1548 1475 
1476 1475 1548 1550 1476 1548 1477 1476 1550 
1552 1477 1550 1478 1477 1552 1554 1478 1552 
1479 1478 1554 1556 1479 1554 1556 1557 1560 
1556 1560 1479 1479 1560 1480 1481 1480 1561 
1480 1560 1561 1561 1483 1481 1562 1483 1561 
1485 1563 1564 1484 1563 1485 1558 1473 1485 
1564 1558 1485 1483 1562 1565 1486 1483 1565 
1487 1566 1567 1487 1486 1566 1486 1565 1566 
1566 1568 1567 1569 1570 1571 1569 1489 1488 
1569 1571 1489 1571 1572 1489 1563 1484 1489 
1572 1563 1489 1487 1567 1490 1567 1568 1573 
1567 1573 1490 1490 1573 1491 1492 1491 1574 
1491 1573 1574 1493 1492 1575 1492 1574 1575 
1495 1493 1576 1493 1575 1576 1497 1495 1577 
1495 1576 1577 1499 1497 1578 1497 1577 1578 
1570 1569 1500 1570 1500 1578 1578 1500 1499 
1488 1500 1569 1506 1579 1505 1506 1507 1580 
1579 1506 1580 1581 1580 1507 1581 1507 1582 
1582 1507 1508 1509 1583 1508 1508 1583 1582 
1510 1584 1509 1509 1584 1583 1511 1585 1510 
1510 1585 1584 1512 1586 1511 1511 1586 1585 
1513 1587 1512 1512 1587 1586 1514 1588 1513 
1513 1588 1587 1515 1589 1514 1514 1589 1588 
1516 1590 1515 1515 1590 1589 1517 1591 1516 
1516 1591 1590 1519 1592 1517 1517 1592 1591 
1592 1519 1520 1593 1592 1520 1521 1594 1522 
1521 1523 1595 1594 1521 1595 1523 1505 1579 
1523 1579 1595 1595 1579 1596 1597 1580 1598 
1597 1596 1580 1596 1579 1580 1581 1598 1580 
1520 1599 1593 1524 1599 1520 1526 1600 1524 
1524 1600 1599 1527 1601 1602 1527 1602 1526 
1526 1602 1600 1602 1601 1603 1594 1604 1529 
1522 1594 1529 1595 1605 1594 1605 1604 1594 
1606 1596 1607 1606 1605 1596 1605 1595 1596 
1597 1607 1596 1527 1530 1601 1601 1608 1603 
1601 1530 1608 1530 1531 1608 1532 1609 1610 
1532 1610 1531 1531 1610 1608 1610 1609 1611 
1529 1604 1534 1536 1534 1604 1536 1604 1612 
1612 1604 1605 1613 1605 1606 1612 1605 1613 
1532 1537 1609 1609 1537 1538 1609 1538 1611 
1611 1538 1614 1541 1615 1540 1541 1616 1615 
1536 1616 1541 1536 1617 1616 1536 1612 1617 
1613 1617 1612 1538 1542 1614 1614 1542 1618 
1540 1615 1543 1615 1545 1543 1615 1616 1545 
1616 1619 1545 1547 1620 1621 1546 1620 1547 
1618 1542 1547 1621 1618 1547 1545 1619 1622 
1549 1545 1622 1551 1549 1623 1549 1622 1623 
1553 1551 1624 1551 1623 1624 1555 1553 1625 
1553 1624 1625 1557 1626 1627 1557 1555 1626 
1555 1625 1626 1626 1628 1627 1559 1629 1630 
1558 1629 1559 1620 1546 1559 1630 1620 1559 
1557 1627 1560 1627 1628 1631 1627 1631 1560 
1560 1631 1561 1562 1632 1633 1562 1561 1632 
1561 1631 1632 1632 1634 1633 1564 1635 1636 
1563 1635 1564 1629 1558 1564 1636 1629 1564 
1562 1633 1565 1633 1634 1637 1633 1637 1565 
1565 1637 1566 1568 1638 1639 1568 1566 1638 
1566 1637 1638 1638 1640 1639 1571 1641 1642 
1570 1641 1571 1572 1571 1643 1571 1642 1643 
1635 1563 1572 1643 1635 1572 1568 1639 1573 
1639 1640 1644 1639 1644 1573 1573 1644 1574 
1575 1574 1645 1574 1644 1645 1576 1575 1646 
1575 1645 1646 1577 1576 1647 1576 1646 1647 
1578 1577 1648 1577 1647 1648 1641 1570 1578 
1648 1641 1578 1582 1649 1581 1650 1649 1582 
1650 1582 1651 1651 1582 1583 1584 1652 1583 
1583 1652 1651 1585 1653 1584 1584 1653 1652 
1586 1654 1585 1585 1654 1653 1587 1655 1586 
1586 1655 1654 1588 1656 1587 1587 1656 1655 
1589 1657 1588 1588 1657 1656 1590 1658 1589 
1589 1658 1657 1591 1659 1590 1590 1659 1658 
1592 1660 1591 1591 1660 1659 1593 1661 1662 
1593 1662 1592 1592 1662 1660 1662 1661 1663 
1598 1664 1597 1598 1665 1664 1581 1665 1598 
1581 1666 1665 1581 1649 1666 1650 1666 1649 
1593 1599 1661 1661 1667 1663 1661 1599 1667 
1599 1600 1667 1602 1668 1600 1600 1668 1667 
1603 1669 1670 1603 1670 1602 1602 1670 1668 
1670 1669 1671 1607 1672 1606 1607 1673 1672 
1597 1673 1607 1597 1674 1673 1597 1664 1674 
1665 1674 1664 1603 1608 1669 1669 1675 1671 
1669 1608 1675 1608 1610 1675 1675 1610 1611 
1676 1675 1611 1672 1677 1678 1672 1678 1606 
1606 1678 1613 1673 1677 1672 1611 1614 1676 
1676 1614 1679 1617 1680 1681 1616 1617 1681 
1678 1617 1613 1680 1617 1678 1614 1618 1679 
1679 1618 1682 1683 1684 1619 1683 1619 1681 
1681 1619 1616 1684 1685 1686 1683 1685 1684 
1686 1687 1688 1685 1687 1686 1688 1689 1690 
1687 1689 1688 1689 1691 1690 1621 1692 1693 
1620 1692 1621 1682 1618 1621 1693 1682 1621 
1619 1684 1622 1623 1622 1684 1686 1623 1684 
1624 1623 1686 1688 1624 1686 1625 1624 1688 
1690 1625 1688 1690 1691 1694 1690 1694 1625 
1625 1694 1626 1628 1695 1696 1628 1626 1695 
1626 1694 1695 1695 1697 1696 1630 1698 1699 
1629 1698 1630 1692 1620 1630 1699 1692 1630 
1628 1696 1631 1696 1697 1700 1696 1700 1631 
1631 1700 1632 1700 1634 1632 1701 1634 1700 
1636 1702 1703 1635 1702 1636 1698 1629 1636 
1703 1698 1636 1634 1701 1704 1637 1634 1704 
1638 1637 1705 1637 1704 1705 1705 1640 1638 
1706 1640 1705 1707 1708 1709 1707 1642 1641 
1707 1709 1642 1709 1710 1642 1643 1642 1711 
1642 1710 1711 1702 1635 1643 1711 1702 1643 
1640 1706 1712 1644 1640 1712 1645 1644 1713 
1644 1712 1713 1646 1645 1714 1645 1713 1714 
1647 1646 1715 1646 1714 1715 1708 1707 1648 
1708 1648 1715 1715 1648 1647 1641 1648 1707 
1716 1717 1718 1716 1719 1720 1717 1716 1720 
1719 1721 1722 1720 1719 1722 1721 1723 1724 
1722 1721 1724 1723 1725 1726 1724 1723 1726 
1726 1725 1727 1651 1728 1729 1650 1651 1729 
1652 1730 1651 1651 1730 1728 1653 1731 1652 
1652 1731 1730 1718 1654 1716 1718 1731 1654 
1731 1653 1654 1655 1716 1654 1719 1716 1655 
1656 1719 1655 1721 1719 1656 1657 1721 1656 
1723 1721 1657 1658 1723 1657 1725 1723 1658 
1725 1732 1727 1725 1658 1732 1658 1659 1732 
1660 1733 1659 1659 1733 1732 1662 1734 1660 
1660 1734 1733 1663 1735 1736 1663 1736 1662 
1662 1736 1734 1736 1735 1737 1666 1738 1739 
1665 1666 1739 1729 1666 1650 1738 1666 1729 
1663 1667 1735 1735 1740 1737 1735 1667 1740 
1667 1668 1740 1670 1741 1668 1668 1741 1740 
1741 1670 1671 1742 1741 1671 1674 1743 1744 
1673 1674 1744 1739 1674 1665 1743 1674 1739 
1671 1745 1742 1675 1745 1671 1745 1675 1676 
1746 1745 1676 1677 1747 1748 1678 1677 1748 
1744 1677 1673 1747 1677 1744 1749 1679 1750 
1749 1746 1679 1746 1676 1679 1749 1750 1751 
1680 1752 1681 1680 1753 1752 1680 1678 1753 
1678 1748 1753 1750 1754 1755 1750 1679 1754 
1679 1682 1754 1751 1750 1755 1681 1752 1683 
1752 1753 1756 1752 1756 1683 1683 1756 1685 
1687 1685 1757 1685 1756 1757 1689 1687 1758 
1687 1757 1758 1691 1759 1760 1691 1689 1759 
1689 1758 1759 1759 1761 1760 1693 1762 1763 
1692 1762 1693 1754 1682 1693 1763 1754 1693 
1691 1760 1694 1760 1761 1764 1760 1764 1694 
1694 1764 1695 1697 1765 1766 1697 1695 1765 
1695 1764 1765 1765 1767 1766 1699 1768 1769 
1698 1768 1699 1762 1692 1699 1769 1762 1699 
1697 1766 1700 1701 1770 1771 1700 1770 1701 
1700 1767 1770 1700 1766 1767 1770 1772 1771 
1773 1774 1775 1773 1703 1702 1773 1775 1703 
1775 1776 1703 1768 1698 1703 1776 1768 1703 
1701 1771 1704 1771 1772 1777 1771 1777 1704 
1704 1777 1705 1706 1778 1779 1706 1705 1778 
1705 1777 1778 1779 1780 1781 1778 1780 1779 
1781 1782 1783 1780 1782 1781 1783 1784 1785 
1782 1784 1783 1785 1709 1708 1785 1784 1709 
1784 1786 1709 1710 1709 1787 1709 1786 1787 
1774 1773 1711 1774 1711 1787 1787 1711 1710 
1702 1711 1773 1706 1779 1712 1713 1712 1779 
1781 1713 1779 1714 1713 1781 1783 1714 1781 
1715 1714 1783 1785 1715 1783 1708 1715 1785 
1717 1788 1789 1718 1717 1789 1720 1790 1717 
1717 1790 1788 1722 1791 1720 1720 1791 1790 
1724 1792 1722 1722 1792 1791 1726 1793 1724 
1724 1793 1792 1727 1794 1795 1727 1795 1726 
1726 1795 1793 1794 1796 1797 1795 1794 1797 
1797 1796 1798 1728 1799 1800 1729 1728 1800 
1730 1801 1728 1728 1801 1799 1731 1802 1730 
1730 1802 1801 1789 1731 1718 1802 1731 1789 
1727 1732 1794 1733 1794 1732 1796 1794 1733 
1796 1803 1798 1796 1733 1803 1733 1734 1803 
1736 1804 1734 1734 1804 1803 1737 1805 1806 
1737 1806 1736 1736 1806 1804 1806 1805 1807 
1738 1808 1809 1739 1738 1809 1800 1738 1729 
1808 1738 1800 1737 1740 1805 1805 1810 1807 
1805 1740 1810 1740 1741 1810 1742 1811 1812 
1742 1812 1741 1741 1812 1810 1812 1811 1813 
1743 1814 1815 1744 1743 1815 1809 1743 1739 
1814 1743 1809 1742 1745 1811 1746 1816 1817 
1745 1746 1817 1745 1817 1813 1745 1813 1811 
1817 1816 1818 1747 1819 1820 1748 1747 1820 
1815 1747 1744 1819 1747 1815 1746 1749 1816 
1816 1749 1751 1816 1751 1818 1818 1751 1821 
1822 1823 1753 1822 1753 1820 1820 1753 1748 
1823 1824 1825 1822 1824 1823 1825 1826 1827 
1824 1826 1825 1826 1828 1827 1755 1754 1829 
1755 1829 1830 1755 1830 1751 1751 1830 1821 
1753 1823 1756 1757 1756 1823 1825 1757 1823 
1758 1757 1825 1827 1758 1825 1827 1828 1831 
1827 1831 1758 1758 1831 1759 1761 1832 1833 
1761 1759 1832 1759 1831 1832 1832 1834 1833 
1763 1762 1835 1763 1835 1836 1754 1763 1836 
1754 1836 1837 1754 1837 1829 1830 1829 1837 
1761 1833 1764 1833 1834 1838 1833 1838 1764 
1764 1838 1765 1838 1767 1765 1839 1767 1838 
1769 1840 1841 1768 1840 1769 1835 1762 1769 
1835 1769 1842 1842 1769 1841 1836 1835 1842 
1767 1839 1843 1770 1767 1843 1843 1772 1770 
1844 1772 1843 1775 1845 1846 1774 1845 1775 
1776 1775 1847 1775 1846 1847 1840 1768 1776 
1847 1840 1776 1772 1844 1848 1777 1772 1848 
1778 1777 1849 1777 1848 1849 1780 1778 1850 
1778 1849 1850 1782 1780 1851 1780 1850 1851 
1784 1782 1852 1782 1851 1852 1786 1784 1853 
1784 1852 1853 1787 1786 1854 1786 1853 1854 
1845 1774 1787 1854 1845 1787 1788 1855 1789 
1856 1855 1788 1856 1788 1857 1857 1788 1790 
1791 1858 1790 1790 1858 1857 1792 1859 1791 
1791 1859 1858 1793 1860 1792 1792 1860 1859 
1795 1861 1793 1793 1861 1860 1797 1862 1795 
1795 1862 1861 1798 1863 1864 1798 1864 1797 
1797 1864 1862 1864 1863 1865 1866 1867 1868 
1866 1800 1799 1866 1799 1867 1867 1799 1869 
1801 1870 1799 1799 1870 1869 1802 1871 1801 
1801 1871 1870 1855 1802 1789 1855 1872 1802 
1872 1871 1802 1856 1872 1855 1798 1803 1863 
1863 1873 1865 1863 1803 1873 1803 1804 1873 
1806 1874 1804 1804 1874 1873 1874 1806 1807 
1875 1874 1807 1808 1866 1868 1808 1868 1809 
1809 1868 1876 1800 1866 1808 1807 1877 1875 
1810 1877 1807 1812 1878 1810 1810 1878 1877 
1878 1812 1813 1879 1878 1813 1814 1880 1881 
1815 1814 1881 1876 1814 1809 1880 1814 1876 
1882 1813 1817 1882 1883 1813 1883 1879 1813 
1817 1818 1882 1819 1884 1885 1820 1819 1885 
1881 1819 1815 1884 1819 1881 1886 1883 1882 
1887 1883 1886 1818 1821 1886 1882 1818 1886 
1820 1885 1888 1822 1820 1888 1824 1822 1889 
1822 1888 1889 1826 1824 1890 1824 1889 1890 
1828 1891 1892 1828 1826 1891 1826 1890 1891 
1891 1893 1892 1886 1894 1887 1894 1886 1821 
1894 1821 1895 1895 1821 1830 1828 1892 1831 
1892 1893 1896 1892 1896 1831 1831 1896 1832 
1896 1834 1832 1897 1834 1896 1837 1898 1899 
1836 1898 1837 1895 1830 1837 1899 1895 1837 
1834 1897 1900 1838 1834 1900 1839 1901 1902 
1839 1838 1901 1838 1900 1901 1901 1903 1902 
1841 1904 1905 1840 1904 1841 1842 1841 1906 
1841 1905 1906 1898 1836 1842 1906 1898 1842 
1839 1902 1843 1844 1907 1908 1843 1907 1844 
1843 1903 1907 1843 1902 1903 1907 1909 1908 
1910 1911 1912 1910 1913 1914 1912 1913 1910 
1914 1846 1845 1914 1913 1846 1913 1915 1846 
1847 1846 1916 1846 1915 1916 1904 1840 1847 
1916 1904 1847 1844 1908 1848 1908 1909 1917 
1908 1917 1848 1848 1917 1849 1850 1849 1918 
1849 1917 1918 1851 1850 1919 1850 1918 1919 
1852 1851 1920 1851 1919 1920 1911 1910 1853 
1911 1853 1920 1920 1853 1852 1854 1853 1910 
1914 1854 1910 1845 1854 1914 1921 1922 1923 
1921 1856 1857 1921 1857 1922 1922 1857 1924 
1858 1925 1857 1857 1925 1924 1859 1926 1858 
1858 1926 1925 1860 1927 1859 1859 1927 1926 
1861 1928 1860 1860 1928 1927 1862 1929 1861 
1861 1929 1928 1864 1930 1862 1862 1930 1929 
1930 1864 1865 1931 1930 1865 1867 1932 1933 
1868 1867 1933 1869 1934 1867 1867 1934 1932 
1870 1935 1869 1869 1935 1934 1871 1936 1870 
1870 1936 1935 1923 1872 1921 1923 1936 1872 
1936 1871 1872 1856 1921 1872 1865 1937 1931 
1873 1937 1865 1874 1938 1873 1873 1938 1937 
1875 1939 1940 1875 1940 1874 1874 1940 1938 
1940 1939 1941 1942 1943 1944 1942 1933 1943 
1942 1876 1933 1876 1868 1933 1875 1877 1939 
1939 1877 1878 1939 1878 1945 1939 1945 1941 
1945 1878 1946 1878 1879 1946 1947 1948 1949 
1944 1948 1947 1942 1944 1947 1942 1947 1881 
1942 1881 1880 1876 1942 1880 1950 1945 1946 
1951 1945 1950 1879 1883 1950 1946 1879 1950 
1884 1947 1949 1884 1949 1885 1885 1949 1952 
1881 1947 1884 1950 1953 1951 1953 1950 1883 
1953 1883 1954 1954 1883 1887 1885 1952 1955 
1888 1885 1955 1889 1888 1956 1888 1955 1956 
1890 1889 1957 1889 1956 1957 1891 1890 1958 
1890 1957 1958 1893 1959 1960 1893 1891 1959 
1891 1958 1959 1959 1961 1960 1887 1962 1954 
1894 1962 1887 1962 1894 1895 1963 1962 1895 
1893 1960 1896 1897 1964 1965 1896 1964 1897 
1896 1961 1964 1896 1960 1961 1964 1966 1965 
1899 1967 1968 1898 1967 1899 1963 1895 1899 
1968 1963 1899 1897 1965 1900 1965 1966 1969 
1965 1969 1900 1900 1969 1901 1969 1903 1901 
1970 1903 1969 1905 1971 1972 1904 1971 1905 
1906 1905 1973 1905 1972 1973 1967 1898 1906 
1973 1967 1906 1903 1970 1974 1907 1903 1974 
1909 1975 1976 1909 1907 1975 1907 1974 1975 
1976 1977 1978 1975 1977 1976 1978 1979 1980 
1977 1979 1978 1980 1981 1982 1979 1981 1980 
1982 1912 1911 1982 1981 1912 1981 1983 1912 
1913 1912 1984 1912 1983 1984 1915 1913 1985 
1913 1984 1985 1916 1915 1986 1915 1985 1986 
1971 1904 1916 1986 1971 1916 1909 1976 1917 
1918 1917 1976 1978 1918 1976 1919 1918 1978 
1980 1919 1978 1920 1919 1980 1982 1920 1980 
1911 1920 1982 1922 1987 1988 1923 1922 1988 
1924 1989 1922 1922 1989 1987 1925 1990 1924 
1924 1990 1989 1926 1991 1925 1925 1991 1990 
1927 1992 1926 1926 1992 1991 1928 1993 1927 
1927 1993 1992 1929 1994 1928 1928 1994 1993 
1930 1995 1929 1929 1995 1994 1931 1996 1997 
1931 1997 1930 1930 1997 1995 1997 1996 1998 
1932 1999 2000 1933 1932 2000 1934 2001 1932 
1932 2001 1999 1935 2002 1934 1934 2002 2001 
1936 2003 1935 1935 2003 2002 1988 1936 1923 
2003 1936 1988 1931 1937 1996 1996 2004 1998 
1996 1937 2004 1937 1938 2004 1940 2005 1938 
1938 2005 2004 2005 1940 1941 2006 2005 1941 
1943 2007 2008 1944 1943 2008 2000 1943 1933 
2007 1943 2000 1941 1945 2006 2006 1945 2009 
2010 2011 2012 2010 1949 1948 2010 1948 2011 
2011 1948 2013 2008 1948 1944 2013 1948 2008 
1945 1951 2009 2009 1951 2014 2010 2012 2015 
2010 1952 1949 2010 2016 1952 2010 2015 2016 
2017 1952 2016 2017 2018 2019 2016 2018 2017 
2019 2020 2021 2018 2020 2019 2020 2022 2021 
2023 1951 1953 2023 2024 1951 2024 2014 1951 
1953 1954 2023 1952 2017 1955 1956 1955 2017 
2019 1956 2017 1957 1956 2019 2021 1957 2019 
2021 2022 2025 2021 2025 1957 1957 2025 1958 
1959 1958 2026 1958 2025 2026 2026 1961 1959 
2027 1961 2026 2023 2028 2024 2029 2030 2028 
1962 2029 2028 1962 2028 2023 1962 2023 1954 
1962 1963 2029 1961 2027 2031 1964 1961 2031 
2031 1966 1964 2032 1966 2031 1968 2030 2029 
1968 1967 2030 1967 2033 2030 1963 1968 2029 
1966 2032 2034 1969 1966 2034 2034 1970 1969 
2035 1970 2034 1972 2036 2037 1971 2036 1972 
1973 1972 2038 1972 2037 2038 2033 1967 1973 
2038 2033 1973 1970 2035 2039 1974 1970 2039 
1975 1974 2040 1974 2039 2040 1977 1975 2041 
1975 2040 2041 1979 1977 2042 1977 2041 2042 
1981 1979 2043 1979 2042 2043 1983 1981 2044 
1981 2043 2044 1984 1983 2045 1983 2044 2045 
1985 1984 2046 1984 2045 2046 1986 1985 2047 
1985 2046 2047 2036 1971 1986 2047 2036 1986 
1987 2048 2049 1988 1987 2049 1989 2050 1987 
1987 2050 2048 1990 2051 1989 1989 2051 2050 
1991 2052 1990 1990 2052 2051 1992 2053 1991 
1991 2053 2052 1993 2054 1992 1992 2054 2053 
1994 2055 1993 1993 2055 2054 1995 2056 1994 
1994 2056 2055 1997 2057 1995 1995 2057 2056 
2057 1997 1998 2058 2057 1998 1999 2059 2060 
2000 1999 2060 2001 2061 1999 1999 2061 2059 
2002 2062 2001 2001 2062 2061 2003 2063 2002 
2002 2063 2062 2049 2003 1988 2063 2003 2049 
1998 2064 2058 2004 2064 1998 2005 2065 2004 
2004 2065 2064 2006 2066 2067 2006 2067 2005 
2005 2067 2065 2067 2066 2068 2069 2070 2071 
2069 2008 2007 2069 2007 2070 2070 2007 2072 
2060 2007 2000 2072 2007 2060 2066 2073 2074 
2066 2006 2073 2006 2009 2073 2068 2066 2074 
2011 2075 2076 2012 2011 2076 2071 2013 2069 
2071 2075 2013 2075 2011 2013 2008 2069 2013 
2009 2014 2073 2073 2014 2077 2012 2076 2078 
2015 2012 2078 2016 2015 2079 2015 2078 2079 
2018 2016 2080 2016 2079 2080 2020 2018 2081 
2018 2080 2081 2022 2082 2083 2022 2020 2082 
2020 2081 2082 2082 2084 2083 2014 2024 2077 
2077 2024 2085 2022 2083 2025 2083 2084 2086 
2083 2086 2025 2025 2086 2026 2027 2087 2088 
2027 2026 2087 2026 2086 2087 2087 2089 2088 
2024 2090 2085 2028 2090 2024 2090 2028 2030 
2091 2090 2030 2027 2088 2031 2032 2092 2093 
2031 2092 2032 2031 2089 2092 2031 2088 2089 
2092 2094 2093 2030 2033 2091 2091 2033 2095 
2032 2093 2034 2035 2096 2097 2034 2096 2035 
2034 2094 2096 2034 2093 2094 2096 2098 2097 
2099 2100 2101 2099 2037 2036 2099 2101 2037 
2101 2102 2037 2038 2037 2103 2037 2102 2103 
2095 2033 2038 2103 2095 2038 2035 2097 2039 
2097 2098 2104 2097 2104 2039 2039 2104 2040 
2041 2040 2105 2040 2104 2105 2042 2041 2106 
2041 2105 2106 2043 2042 2107 2042 2106 2107 
2044 2043 2108 2043 2107 2108 2045 2044 2109 
2044 2108 2109 2046 2045 2110 2045 2109 2110 
2100 2099 2047 2100 2047 2110 2110 2047 2046 
2036 2047 2099 2048 2111 2112 2049 2048 2112 
2050 2113 2048 2048 2113 2111 2051 2114 2050 
2050 2114 2113 2052 2115 2051 2051 2115 2114 
2053 2116 2052 2052 2116 2115 2054 2117 2053 
2053 2117 2116 2055 2118 2054 2054 2118 2117 
2056 2119 2055 2055 2119 2118 2057 2120 2056 
2056 2120 2119 2058 2121 2122 2058 2122 2057 
2057 2122 2120 2122 2121 2123 2124 2125 2126 
2124 2060 2059 2124 2059 2125 2125 2059 2127 
2061 2128 2059 2059 2128 2127 2062 2129 2061 
2061 2129 2128 2063 2130 2062 2062 2130 2129 
2112 2063 2049 2130 2063 2112 2058 2064 2121 
2121 2131 2123 2121 2064 2131 2064 2065 2131 
2132 2133 2131 2132 2131 2067 2067 2131 2065 
2067 2068 2132 2134 2135 2136 2134 2071 2070 
2134 2070 2135 2135 2070 2137 2126 2072 2124 
2126 2137 2072 2137 2070 2072 2060 2124 2072 
2074 2133 2132 2074 2073 2133 2073 2138 2133 
2068 2074 2132 2075 2134 2136 2075 2136 2076 
2076 2136 2139 2071 2134 2075 2140 2141 2142 
2141 2143 2144 2140 2143 2141 2143 2145 2144 
2073 2077 2138 2138 2077 2146 2076 2139 2147 
2078 2076 2147 2142 2141 2079 2142 2079 2147 
2147 2079 2078 2080 2079 2141 2144 2080 2141 
2144 2145 2148 2144 2148 2080 2080 2148 2081 
2082 2081 2149 2081 2148 2149 2084 2150 2151 
2084 2082 2150 2082 2149 2150 2150 2152 2151 
2077 2085 2146 2146 2085 2153 2084 2151 2086 
2151 2152 2154 2151 2154 2086 2086 2154 2087 
2154 2089 2087 2155 2089 2154 2085 2156 2153 
2090 2156 2085 2156 2090 2091 2157 2156 2091 
2089 2155 2158 2092 2089 2158 2158 2094 2092 
2159 2094 2158 2091 2095 2157 2157 2095 2160 
2094 2159 2161 2096 2094 2161 2161 2098 2096 
2162 2098 2161 2163 2164 2165 2163 2101 2100 
2163 2165 2101 2165 2166 2101 2102 2101 2167 
2101 2166 2167 2103 2102 2168 2102 2167 2168 
2160 2095 2103 2168 2160 2103 2098 2162 2169 
2104 2098 2169 2105 2104 2170 2104 2169 2170 
2106 2105 2171 2105 2170 2171 2107 2106 2172 
2106 2171 2172 2108 2107 2173 2107 2172 2173 
2109 2108 2174 2108 2173 2174 2164 2163 2110 
2164 2110 2174 2174 2110 2109 2100 2110 2163 
2175 2176 2177 2175 2178 2179 2176 2175 2179 
2178 2180 2181 2179 2178 2181 2181 2180 2182 
2183 2184 2185 2183 2186 2187 2184 2183 2187 
2186 2188 2189 2187 2186 2189 2188 2190 2191 
2189 2188 2191 2190 2192 2193 2191 2190 2193 
2192 2112 2111 2192 2111 2193 2193 2111 2194 
2113 2195 2111 2111 2195 2194 2114 2196 2113 
2113 2196 2195 2177 2115 2175 2177 2196 2115 
2196 2114 2115 2116 2175 2115 2178 2175 2116 
2117 2178 2116 2180 2178 2117 2180 2197 2182 
2180 2117 2197 2117 2118 2197 2119 2198 2118 
2118 2198 2197 2120 2199 2119 2119 2199 2198 
2122 2200 2120 2120 2200 2199 2200 2122 2123 
2201 2200 2123 2202 2203 2204 2185 2203 2202 
2183 2185 2202 2183 2202 2126 2183 2126 2125 
2127 2183 2125 2186 2183 2127 2128 2186 2127 
2188 2186 2128 2129 2188 2128 2190 2188 2129 
2130 2190 2129 2192 2190 2130 2112 2192 2130 
2123 2205 2201 2131 2205 2123 2205 2131 2133 
2206 2205 2133 2207 2208 2209 2207 2136 2135 
2207 2135 2208 2208 2135 2210 2204 2137 2202 
2204 2210 2137 2210 2135 2137 2126 2202 2137 
2133 2138 2206 2206 2138 2211 2207 2209 2212 
2207 2139 2136 2207 2213 2139 2207 2212 2213 
2214 2139 2213 2214 2140 2142 2214 2213 2140 
2213 2215 2140 2143 2140 2216 2140 2215 2216 
2145 2217 2218 2145 2143 2217 2143 2216 2217 
2218 2219 2220 2217 2219 2218 2219 2221 2220 
2138 2146 2211 2211 2146 2222 2139 2214 2147 
2142 2147 2214 2145 2218 2148 2149 2148 2218 
2220 2149 2218 2220 2221 2223 2220 2223 2149 
2149 2223 2150 2152 2224 2225 2152 2150 2224 
2150 2223 2224 2224 2226 2225 2146 2153 2222 
2222 2153 2227 2152 2225 2154 2155 2228 2229 
2154 2228 2155 2154 2226 2228 2154 2225 2226 
2228 2230 2229 2231 2153 2156 2231 2232 2153 
2232 2227 2153 2156 2157 2231 2155 2229 2158 
2229 2159 2158 2229 2230 2159 2230 2233 2159 
2234 2235 2236 2232 2234 2236 2232 2231 2234 
2231 2237 2234 2157 2160 2237 2231 2157 2237 
2159 2233 2238 2161 2159 2238 2162 2239 2240 
2162 2161 2239 2161 2238 2239 2240 2241 2242 
2239 2241 2240 2242 2243 2244 2241 2243 2242 
2243 2245 2244 2246 2247 2248 2246 2249 2250 
2248 2249 2246 2250 2165 2164 2250 2249 2165 
2249 2251 2165 2166 2165 2252 2165 2251 2252 
2235 2234 2167 2235 2167 2252 2252 2167 2166 
2168 2167 2234 2237 2168 2234 2160 2168 2237 
2162 2240 2169 2170 2169 2240 2242 2170 2240 
2171 2170 2242 2244 2171 2242 2244 2245 2253 
2244 2253 2171 2171 2253 2172 2247 2246 2173 
2247 2173 2253 2253 2173 2172 2174 2173 2246 
2250 2174 2246 2164 2174 2250 2254 2255 2256 
2254 2177 2176 2254 2176 2255 2255 2176 2257 
2179 2258 2176 2176 2258 2257 2181 2259 2179 
2179 2259 2258 2182 2260 2261 2182 2261 2181 
2181 2261 2259 2261 2260 2262 2263 2264 2265 
2263 2185 2184 2263 2184 2264 2264 2184 2266 
2187 2267 2184 2184 2267 2266 2189 2268 2187 
2187 2268 2267 2191 2269 2189 2189 2269 2268 
2193 2270 2191 2191 2270 2269 2194 2271 2193 
2193 2271 2270 2195 2272 2194 2194 2272 2271 
2256 2196 2254 2256 2272 2196 2272 2195 2196 
2177 2254 2196 2182 2197 2260 2260 2273 2262 
2260 2197 2273 2197 2198 2273 2199 2274 2198 
2198 2274 2273 2200 2275 2199 2199 2275 2274 
2201 2276 2277 2201 2277 2200 2200 2277 2275 
2277 2276 2278 2279 2280 2281 2279 2282 2283 
2280 2279 2283 2265 2283 2282 2263 2265 2282 
2263 2282 2204 2263 2204 2203 2185 2263 2203 
2201 2205 2276 2276 2205 2206 2276 2206 2278 
2278 2206 2284 2208 2279 2281 2208 2281 2209 
2209 2281 2285 2210 2279 2208 2282 2279 2210 
2204 2282 2210 2206 2211 2284 2284 2211 2286 
2209 2285 2287 2212 2209 2287 2213 2212 2288 
2212 2287 2288 2215 2213 2289 2213 2288 2289 
2216 2215 2290 2215 2289 2290 2217 2216 2291 
2216 2290 2291 2219 2217 2292 2217 2291 2292 
2221 2293 2294 2221 2219 2293 2219 2292 2293 
2293 2295 2294 2211 2222 2286 2286 2222 2296 
2221 2294 2223 2294 2295 2297 2294 2297 2223 
2223 2297 2224 2297 2226 2224 2298 2226 2297 
2222 2227 2296 2296 2227 2299 2226 2298 2300 
2228 2226 2300 2300 2230 2228 2301 2230 2300 
2302 2232 2303 2302 2299 2232 2299 2227 2232 
2302 2303 2304 2305 2306 2233 2305 2233 2301 
2301 2233 2230 2305 2307 2306 2308 2309 2310 
2308 2236 2235 2308 2310 2236 2310 2311 2236 
2303 2232 2236 2303 2236 2312 2312 2236 2311 
2304 2303 2312 2233 2306 2238 2306 2307 2313 
2306 2313 2238 2238 2313 2239 2241 2239 2314 
2239 2313 2314 2243 2241 2315 2241 2314 2315 
2245 2316 2317 2245 2243 2316 2243 2315 2316 
2317 2248 2247 2317 2316 2248 2316 2318 2248 
2249 2248 2319 2248 2318 2319 2251 2249 2320 
2249 2319 2320 2309 2308 2252 2309 2252 2320 
2320 2252 2251 2235 2252 2308 2245 2317 2253 
2247 2253 2317 2321 2322 2323 2321 2256 2255 
2321 2255 2322 2322 2255 2324 2257 2325 2255 
2255 2325 2324 2258 2326 2257 2257 2326 2325 
2259 2327 2258 2258 2327 2326 2261 2328 2259 
2259 2328 2327 2262 2329 2330 2262 2330 2261 
2261 2330 2328 2329 2331 2332 2330 2329 2332 
2332 2331 2333 2334 2335 2336 2334 2265 2264 
2334 2264 2335 2335 2264 2337 2266 2338 2264 
2264 2338 2337 2267 2339 2266 2266 2339 2338 
2268 2340 2267 2267 2340 2339 2269 2341 2268 
2268 2341 2340 2270 2342 2269 2269 2342 2341 
2271 2343 2270 2270 2343 2342 2323 2272 2321 
2323 2343 2272 2343 2271 2272 2256 2321 2272 
2262 2273 2329 2274 2329 2273 2331 2329 2274 
2331 2344 2333 2331 2274 2344 2274 2275 2344 
2345 2346 2344 2345 2344 2277 2277 2344 2275 
2277 2278 2345 2280 2347 2348 2281 2280 2348 
2336 2283 2334 2336 2347 2283 2347 2280 2283 
2265 2334 2283 2345 2349 2346 2349 2345 2278 
2349 2278 2350 2350 2278 2284 2281 2348 2285 
2348 2351 2285 2352 2353 2354 2352 2355 2356 
2354 2355 2352 2356 2357 2358 2355 2357 2356 
2358 2359 2360 2357 2359 2358 2359 2361 2360 
2284 2286 2350 2350 2286 2362 2285 2351 2363 
2287 2285 2363 2353 2352 2288 2353 2288 2363 
2363 2288 2287 2289 2288 2352 2356 2289 2352 
2290 2289 2356 2358 2290 2356 2291 2290 2358 
2360 2291 2358 2360 2361 2364 2360 2364 2291 
2291 2364 2292 2293 2292 2365 2292 2364 2365 
2365 2295 2293 2366 2295 2365 2286 2296 2362 
2362 2296 2367 2295 2366 2368 2297 2295 2368 
2368 2298 2297 2369 2298 2368 2296 2299 2367 
2367 2299 2370 2298 2369 2371 2300 2298 2371 
2371 2301 2300 2372 2301 2371 2299 2373 2370 
2302 2373 2299 2373 2302 2304 2374 2373 2304 
2301 2372 2375 2305 2301 2375 2375 2307 2305 
2376 2307 2375 2377 2378 2379 2377 2310 2309 
2377 2379 2310 2379 2380 2310 2311 2310 2381 
2310 2380 2381 2312 2311 2382 2311 2381 2382 
2374 2304 2312 2382 2374 2312 2307 2376 2383 
2313 2307 2383 2314 2313 2384 2313 2383 2384 
2315 2314 2385 2314 2384 2385 2316 2315 2386 
2315 2385 2386 2318 2316 2387 2316 2386 2387 
2319 2318 2388 2318 2387 2388 2378 2377 2320 
2378 2320 2388 2388 2320 2319 2309 2320 2377 
2389 2390 2391 2389 2392 2393 2390 2389 2393 
2392 2394 2395 2393 2392 2395 2394 2396 2397 
2395 2394 2397 2396 2398 2399 2397 2396 2399 
2398 2400 2401 2399 2398 2401 2400 2402 2403 
2401 2400 2403 2402 2404 2405 2403 2402 2405 
2404 2406 2407 2405 2404 2407 2406 2323 2322 
2406 2322 2407 2407 2322 2408 2324 2409 2322 
2322 2409 2408 2325 2410 2324 2324 2410 2409 
2326 2411 2325 2325 2411 2410 2327 2412 2326 
2326 2412 2411 2328 2413 2327 2327 2413 2412 
2330 2414 2328 2328 2414 2413 2332 2415 2330 
2330 2415 2414 2415 2332 2333 2416 2415 2333 
2417 2389 2391 2418 2417 2391 2335 2417 2336 
2335 2392 2417 2392 2389 2417 2337 2392 2335 
2394 2392 2337 2338 2394 2337 2396 2394 2338 
2339 2396 2338 2398 2396 2339 2340 2398 2339 
2400 2398 2340 2341 2400 2340 2402 2400 2341 
2342 2402 2341 2404 2402 2342 2343 2404 2342 
2406 2404 2343 2323 2406 2343 2333 2419 2416 
2344 2419 2333 2419 2344 2346 2420 2419 2346 
2421 2422 2423 2418 2422 2421 2417 2418 2421 
2417 2421 2348 2417 2348 2347 2336 2417 2347 
2346 2424 2420 2349 2424 2346 2424 2349 2350 
2425 2424 2350 2421 2423 2426 2421 2351 2348 
2421 2427 2351 2421 2426 2427 2428 2351 2427 
2428 2354 2353 2428 2427 2354 2427 2429 2354 
2355 2354 2430 2354 2429 2430 2357 2355 2431 
2355 2430 2431 2359 2357 2432 2357 2431 2432 
2361 2433 2434 2361 2359 2433 2359 2432 2433 
2433 2435 2434 2350 2362 2425 2425 2362 2436 
2351 2428 2363 2353 2363 2428 2361 2434 2364 
2434 2435 2437 2434 2437 2364 2364 2437 2365 
2366 2438 2439 2366 2365 2438 2365 2437 2438 
2438 2440 2439 2362 2367 2436 2436 2367 2441 
2366 2439 2368 2369 2442 2443 2368 2442 2369 
2368 2440 2442 2368 2439 2440 2442 2444 2443 
2367 2370 2441 2441 2370 2445 2369 2443 2371 
2443 2372 2371 2443 2444 2372 2444 2446 2372 
2370 2447 2445 2373 2447 2370 2447 2373 2374 
2448 2447 2374 2372 2446 2449 2375 2372 2449 
2376 2450 2451 2376 2375 2450 2375 2449 2450 
2451 2452 2453 2450 2452 2451 2453 2454 2455 
2452 2454 2453 2455 2456 2457 2454 2456 2455 
2457 2458 2459 2456 2458 2457 2459 2460 2461 
2458 2460 2459 2461 2379 2378 2461 2460 2379 
2460 2462 2379 2380 2379 2463 2379 2462 2463 
2381 2380 2464 2380 2463 2464 2382 2381 2465 
2381 2464 2465 2448 2374 2382 2465 2448 2382 
2376 2451 2383 2384 2383 2451 2453 2384 2451 
2385 2384 2453 2455 2385 2453 2386 2385 2455 
2457 2386 2455 2387 2386 2457 2459 2387 2457 
2388 2387 2459 2461 2388 2459 2378 2388 2461 
2466 2467 2468 2466 2469 2470 2467 2466 2470 
2469 2471 2472 2470 2469 2472 2471 2473 2474 
2472 2471 2474 2474 2473 2475 2476 2477 2478 
2476 2391 2390 2476 2390 2477 2477 2390 2479 
2393 2480 2390 2390 2480 2479 2395 2481 2393 
2393 2481 2480 2397 2482 2395 2395 2482 2481 
2399 2483 2397 2397 2483 2482 2401 2484 2399 
2399 2484 2483 2403 2485 2401 2401 2485 2484 
2405 2486 2403 2403 2486 2485 2407 2487 2405 
2405 2487 2486 2408 2488 2407 2407 2488 2487 
2409 2489 2408 2408 2489 2488 2468 2410 2466 
2468 2489 2410 2489 2409 2410 2411 2466 2410 
2469 2466 2411 2412 2469 2411 2471 2469 2412 
2413 2471 2412 2473 2471 2413 2473 2490 2475 
2473 2413 2490 2413 2414 2490 2415 2491 2414 
2414 2491 2490 2491 2415 2416 2492 2491 2416 
2493 2494 2495 2478 2494 2493 2478 2493 2476 
2476 2493 2496 2391 2496 2418 2476 2496 2391 
2416 2497 2492 2419 2497 2416 2497 2419 2420 
2498 2497 2420 2499 2500 2501 2495 2500 2499 
2495 2499 2493 2493 2499 2502 2422 2502 2423 
2422 2496 2502 2496 2493 2502 2418 2496 2422 
2420 2503 2498 2424 2503 2420 2503 2424 2425 
2504 2503 2425 2499 2501 2505 2502 2499 2505 
2506 2502 2505 2423 2502 2506 2423 2506 2426 
2426 2506 2507 2427 2426 2508 2426 2507 2508 
2429 2427 2509 2427 2508 2509 2430 2429 2510 
2429 2509 2510 2431 2430 2511 2430 2510 2511 
2432 2431 2512 2431 2511 2512 2433 2432 2513 
2432 2512 2513 2435 2514 2515 2435 2433 2514 
2433 2513 2514 2514 2516 2515 2425 2436 2504 
2504 2436 2517 2435 2515 2437 2515 2516 2518 
2515 2518 2437 2437 2518 2438 2518 2440 2438 
2519 2440 2518 2436 2441 2517 2517 2441 2520 
2440 2519 2521 2442 2440 2521 2521 2444 2442 
2522 2444 2521 2441 2445 2520 2520 2445 2523 
2524 2525 2446 2524 2446 2522 2522 2446 2444 
2524 2526 2525 2527 2528 2529 2527 2530 2531 
2529 2530 2527 2447 2532 2531 2447 2531 2523 
2447 2523 2445 2530 2523 2531 2447 2448 2532 
2446 2525 2449 2525 2526 2533 2525 2533 2449 
2449 2533 2450 2452 2450 2534 2450 2533 2534 
2454 2452 2535 2452 2534 2535 2456 2454 2536 
2454 2535 2536 2458 2456 2537 2456 2536 2537 
2460 2458 2538 2458 2537 2538 2462 2460 2539 
2460 2538 2539 2528 2527 2463 2528 2463 2539 
2539 2463 2462 2464 2463 2527 2531 2464 2527 
2465 2464 2531 2532 2465 2531 2448 2465 2532 
2540 2541 2542 2540 2543 2544 2541 2540 2544 
2543 2468 2467 2543 2467 2544 2544 2467 2545 
2470 2546 2467 2467 2546 2545 2472 2547 2470 
2470 2547 2546 2474 2548 2472 2472 2548 2547 
2475 2549 2550 2475 2550 2474 2474 2550 2548 
2550 2549 2551 2552 2553 2554 2552 2478 2477 
2552 2477 2553 2553 2477 2555 2479 2556 2477 
2477 2556 2555 2480 2557 2479 2479 2557 2556 
2481 2558 2480 2480 2558 2557 2482 2559 2481 
2481 2559 2558 2483 2560 2482 2482 2560 2559 
2484 2561 2483 2483 2561 2560 2485 2562 2484 
2484 2562 2561 2486 2563 2485 2485 2563 2562 
2487 2564 2486 2486 2564 2563 2542 2488 2540 
2542 2564 2488 2564 2487 2488 2489 2540 2488 
2543 2540 2489 2468 2543 2489 2475 2490 2549 
2549 2565 2551 2549 2490 2565 2490 2491 2565 
2565 2491 2492 2566 2565 2492 2567 2568 2569 
2554 2568 2567 2552 2554 2567 2552 2567 2495 
2552 2495 2494 2478 2552 2494 2492 2570 2566 
2497 2570 2492 2570 2497 2498 2571 2570 2498 
2500 2567 2569 2500 2569 2501 2501 2569 2572 
2495 2567 2500 2573 2574 2575 2573 2576 2577 
2575 2576 2573 2577 2578 2579 2576 2578 2577 
2579 2580 2581 2578 2580 2579 2580 2582 2581 
2583 2498 2503 2583 2584 2498 2584 2571 2498 
2503 2504 2583 2501 2572 2585 2505 2501 2585 
2506 2505 2586 2505 2585 2586 2507 2506 2587 
2506 2586 2587 2508 2507 2588 2507 2587 2588 
2574 2573 2509 2574 2509 2588 2588 2509 2508 
2510 2509 2573 2577 2510 2573 2511 2510 2577 
2579 2511 2577 2512 2511 2579 2581 2512 2579 
2581 2582 2589 2581 2589 2512 2512 2589 2513 
2514 2513 2590 2513 2589 2590 2590 2516 2514 
2591 2516 2590 2592 2584 2583 2593 2584 2592 
2504 2517 2592 2583 2504 2592 2516 2591 2594 
2518 2516 2594 2594 2519 2518 2595 2519 2594 
2596 2593 2592 2597 2593 2596 2517 2520 2596 
2592 2517 2596 2519 2595 2598 2521 2519 2598 
2598 2522 2521 2599 2522 2598 2596 2600 2597 
2600 2596 2520 2600 2520 2601 2601 2520 2523 
2522 2599 2602 2524 2522 2602 2526 2603 2604 
2526 2524 2603 2524 2602 2603 2603 2605 2604 
2606 2607 2608 2606 2609 2610 2608 2609 2606 
2610 2529 2528 2610 2609 2529 2609 2611 2529 
2530 2529 2612 2529 2611 2612 2601 2523 2530 
2612 2601 2530 2526 2604 2533 2604 2605 2613 
2604 2613 2533 2533 2613 2534 2535 2534 2614 
2534 2613 2614 2536 2535 2615 2535 2614 2615 
2537 2536 2616 2536 2615 2616 2607 2606 2538 
2607 2538 2616 2616 2538 2537 2539 2538 2606 
2610 2539 2606 2528 2539 2610 2617 2618 2619 
2617 2620 2621 2618 2617 2621 2620 2622 2623 
2621 2620 2623 2622 2624 2625 2623 2622 2625 
2624 2626 2627 2625 2624 2627 2626 2628 2629 
2627 2626 2629 2628 2630 2631 2629 2628 2631 
2630 2632 2633 2631 2630 2633 2632 2634 2635 
2633 2632 2635 2634 2636 2637 2635 2634 2637 
2636 2638 2639 2637 2636 2639 2638 2542 2541 
2638 2541 2639 2639 2541 2640 2544 2641 2541 
2541 2641 2640 2545 2642 2544 2544 2642 2641 
2546 2643 2545 2545 2643 2642 2547 2644 2546 
2546 2644 2643 2548 2645 2547 2547 2645 2644 
2550 2646 2548 2548 2646 2645 2646 2550 2551 
2647 2646 2551 2553 2617 2619 2553 2619 2554 
2554 2619 2648 2555 2617 2553 2620 2617 2555 
2556 2620 2555 2622 2620 2556 2557 2622 2556 
2624 2622 2557 2558 2624 2557 2626 2624 2558 
2559 2626 2558 2628 2626 2559 2560 2628 2559 
2630 2628 2560 2561 2630 2560 2632 2630 2561 
2562 2632 2561 2634 2632 2562 2563 2634 2562 
2636 2634 2563 2564 2636 2563 2638 2636 2564 
2542 2638 2564 2551 2649 2647 2565 2649 2551 
2649 2565 2566 2650 2649 2566 2568 2651 2652 
2569 2568 2652 2648 2568 2554 2651 2568 2648 
2653 2566 2570 2653 2654 2566 2654 2650 2566 
2570 2571 2653 2655 2656 2572 2655 2572 2652 
2652 2572 2569 2656 2657 2658 2655 2657 2656 
2658 2659 2660 2657 2659 2658 2660 2661 2662 
2659 2661 2660 2662 2575 2574 2662 2661 2575 
2661 2663 2575 2576 2575 2664 2575 2663 2664 
2578 2576 2665 2576 2664 2665 2580 2578 2666 
2578 2665 2666 2582 2667 2668 2582 2580 2667 
2580 2666 2667 2667 2669 2668 2653 2670 2654 
2670 2653 2571 2670 2571 2671 2671 2571 2584 
2572 2656 2585 2586 2585 2656 2658 2586 2656 
2587 2586 2658 2660 2587 2658 2588 2587 2660 
2662 2588 2660 2574 2588 2662 2582 2668 2589 
2668 2669 2672 2668 2672 2589 2589 2672 2590 
2591 2673 2674 2591 2590 2673 2590 2672 2673 
2673 2675 2674 2584 2593 2671 2671 2593 2676 
2591 2674 2594 2595 2677 2678 2594 2677 2595 
2594 2675 2677 2594 2674 2675 2677 2679 2678 
2593 2597 2676 2676 2597 2680 2595 2678 2598 
2599 2681 2682 2598 2681 2599 2598 2679 2681 
2598 2678 2679 2681 2683 2682 2597 2684 2680 
2600 2684 2597 2684 2600 2601 2685 2684 2601 
2599 2682 2602 2682 2683 2686 2682 2686 2602 
2602 2686 2603 2605 2687 2688 2605 2603 2687 
2603 2686 2687 2688 2689 2690 2687 2689 2688 
2690 2691 2692 2689 2691 2690 2692 2693 2694 
2691 2693 2692 2694 2608 2607 2694 2693 2608 
2693 2695 2608 2609 2608 2696 2608 2695 2696 
2611 2609 2697 2609 2696 2697 2612 2611 2698 
2611 2697 2698 2685 2601 2612 2698 2685 2612 
2605 2688 2613 2614 2613 2688 2690 2614 2688 
2615 2614 2690 2692 2615 2690 2616 2615 2692 
2694 2616 2692 2607 2616 2694 2699 2700 2701 
2699 2702 2703 2700 2699 2703 2702 2704 2705 
2703 2702 2705 2704 2706 2707 2705 2704 2707 
2707 2706 2708 2709 2710 2711 2709 2619 2618 
2709 2618 2710 2710 2618 2712 2621 2713 2618 
2618 2713 2712 2623 2714 2621 2621 2714 2713 
2625 2715 2623 2623 2715 2714 2627 2716 2625 
2625 2716 2715 2629 2717 2627 2627 2717 2716 
2631 2718 2629 2629 2718 2717 2633 2719 2631 
2631 2719 2718 2635 2720 2633 2633 2720 2719 
2637 2721 2635 2635 2721 2720 2639 2722 2637 
2637 2722 2721 2640 2723 2639 2639 2723 2722 
2701 2641 2699 2701 2723 2641 2723 2640 2641 
2642 2699 2641 2702 2699 2642 2643 2702 2642 
2704 2702 2643 2644 2704 2643 2706 2704 2644 
2706 2724 2708 2706 2644 2724 2644 2645 2724 
2646 2725 2645 2645 2725 2724 2725 2646 2647 
2726 2725 2647 2727 2709 2711 2728 2727 2711 
2619 2727 2648 2709 2727 2619 2729 2647 2649 
2729 2730 2647 2730 2726 2647 2649 2650 2729 
2731 2732 2733 2728 2732 2731 2727 2728 2731 
2727 2731 2652 2727 2652 2651 2648 2727 2651 
2734 2735 2736 2734 2737 2738 2736 2737 2734 
2738 2739 2740 2737 2739 2738 2739 2741 2740 
2729 2742 2730 2742 2729 2650 2742 2650 2743 
2743 2650 2654 2731 2733 2744 2652 2731 2744 
2652 2744 2655 2655 2744 2745 2657 2655 2746 
2655 2745 2746 2659 2657 2747 2657 2746 2747 
2661 2659 2748 2659 2747 2748 2735 2734 2663 
2735 2663 2748 2748 2663 2661 2664 2663 2734 
2738 2664 2734 2665 2664 2738 2740 2665 2738 
2740 2741 2749 2740 2749 2665 2665 2749 2666 
2667 2666 2750 2666 2749 2750 2669 2751 2752 
2669 2667 2751 2667 2750 2751 2751 2753 2752 
2754 2654 2670 2754 2755 2654 2755 2743 2654 
2670 2671 2754 2669 2752 2672 2752 2753 2756 
2752 2756 2672 2672 2756 2673 2756 2675 2673 
2757 2675 2756 2758 2755 2754 2759 2755 2758 
2671 2676 2758 2754 2671 2758 2675 2757 2760 
2677 2675 2760 2760 2679 2677 2761 2679 2760 
2762 2759 2758 2763 2759 2762 2676 2680 2762 
2758 2676 2762 2679 2761 2764 2681 2679 2764 
2764 2683 2681 2765 2683 2764 2766 2767 2768 
2763 2766 2768 2763 2762 2766 2762 2769 2766 
2680 2684 2770 2680 2770 2762 2762 2770 2769 
2684 2685 2770 2683 2765 2771 2686 2683 2771 
2687 2686 2772 2686 2771 2772 2689 2687 2773 
2687 2772 2773 2691 2689 2774 2689 2773 2774 
2693 2691 2775 2691 2774 2775 2695 2693 2776 
2693 2775 2776 2767 2766 2696 2767 2696 2776 
2776 2696 2695 2697 2696 2766 2769 2697 2766 
2698 2697 2769 2770 2698 2769 2685 2698 2770 
2777 2778 2779 2777 2780 2781 2778 2777 2781 
2780 2782 2783 2781 2780 2783 2782 2784 2785 
2783 2782 2785 2784 2786 2787 2785 2784 2787 
2786 2788 2789 2787 2786 2789 2788 2790 2791 
2789 2788 2791 2790 2792 2793 2791 2790 2793 
2792 2794 2795 2793 2792 2795 2794 2796 2797 
2795 2794 2797 2796 2798 2799 2797 2796 2799 
2798 2800 2801 2799 2798 2801 2800 2701 2700 
2800 2700 2801 2801 2700 2802 2703 2803 2700 
2700 2803 2802 2705 2804 2703 2703 2804 2803 
2707 2805 2705 2705 2805 2804 2805 2707 2708 
2806 2805 2708 2710 2807 2808 2711 2710 2808 
2779 2712 2777 2779 2807 2712 2807 2710 2712 
2713 2777 2712 2780 2777 2713 2714 2780 2713 
2782 2780 2714 2715 2782 2714 2784 2782 2715 
2716 2784 2715 2786 2784 2716 2717 2786 2716 
2788 2786 2717 2718 2788 2717 2790 2788 2718 
2719 2790 2718 2792 2790 2719 2720 2792 2719 
2794 2792 2720 2721 2794 2720 2796 2794 2721 
2722 2796 2721 2798 2796 2722 2723 2798 2722 
2800 2798 2723 2701 2800 2723 2708 2809 2806 
2724 2809 2708 2810 2811 2809 2810 2809 2725 
2725 2809 2724 2725 2726 2810 2711 2808 2728 
2808 2812 2728 2810 2813 2811 2813 2810 2726 
2813 2726 2814 2814 2726 2730 2732 2815 2733 
2732 2816 2815 2732 2728 2816 2728 2812 2816 
2817 2818 2819 2817 2820 2821 2819 2820 2817 
2821 2822 2823 2820 2822 2821 2823 2736 2735 
2823 2822 2736 2822 2824 2736 2737 2736 2825 
2736 2824 2825 2739 2737 2826 2737 2825 2826 
2741 2827 2828 2741 2739 2827 2739 2826 2827 
2827 2829 2828 2730 2830 2814 2742 2830 2730 
2830 2742 2743 2831 2830 2743 2733 2815 2744 
2815 2816 2832 2815 2832 2744 2744 2832 2745 
2818 2817 2746 2818 2746 2832 2832 2746 2745 
2747 2746 2817 2821 2747 2817 2748 2747 2821 
2823 2748 2821 2735 2748 2823 2741 2828 2749 
2828 2829 2833 2828 2833 2749 2749 2833 2750 
2751 2750 2834 2750 2833 2834 2834 2753 2751 
2835 2753 2834 2743 2755 2831 2831 2755 2836 
2753 2835 2837 2756 2753 2837 2837 2757 2756 
2838 2757 2837 2755 2759 2836 2836 2759 2839 
2757 2838 2840 2760 2757 2840 2761 2841 2842 
2761 2760 2841 2760 2840 2841 2841 2843 2842 
2759 2763 2839 2839 2763 2844 2761 2842 2764 
2765 2845 2846 2764 2845 2765 2764 2843 2845 
2764 2842 2843 2845 2847 2846 2848 2849 2850 
2848 2851 2852 2850 2851 2848 2852 2768 2767 
2852 2851 2768 2851 2853 2768 2844 2763 2768 
2853 2844 2768 2765 2846 2771 2846 2847 2854 
2846 2854 2771 2771 2854 2772 2773 2772 2855 
2772 2854 2855 2774 2773 2856 2773 2855 2856 
2849 2848 2775 2849 2775 2856 2856 2775 2774 
2776 2775 2848 2852 2776 2848 2767 2776 2852 
2857 2858 2859 2857 2860 2861 2858 2857 2861 
2860 2862 2863 2861 2860 2863 2862 2864 2865 
2863 2862 2865 2864 2866 2867 2865 2864 2867 
2867 2866 2868 2869 2870 2871 2869 2872 2873 
2870 2869 2873 2872 2874 2875 2873 2872 2875 
2874 2876 2877 2875 2874 2877 2877 2876 2878 
2879 2880 2881 2859 2880 2879 2857 2859 2879 
2857 2879 2779 2857 2779 2778 2781 2857 2778 
2860 2857 2781 2783 2860 2781 2862 2860 2783 
2785 2862 2783 2864 2862 2785 2787 2864 2785 
2866 2864 2787 2866 2882 2868 2866 2787 2882 
2787 2789 2882 2871 2791 2869 2871 2882 2791 
2882 2789 2791 2793 2869 2791 2872 2869 2793 
2795 2872 2793 2874 2872 2795 2797 2874 2795 
2876 2874 2797 2876 2883 2878 2876 2797 2883 
2797 2799 2883 2801 2884 2799 2799 2884 2883 
2802 2885 2801 2801 2885 2884 2803 2886 2802 
2802 2886 2885 2804 2887 2803 2803 2887 2886 
2805 2888 2804 2804 2888 2887 2888 2805 2806 
2889 2888 2806 2807 2879 2881 2807 2881 2808 
2808 2881 2890 2779 2879 2807 2806 2891 2889 
2809 2891 2806 2891 2809 2811 2892 2891 2811 
2808 2890 2812 2890 2893 2812 2894 2895 2896 
2894 2897 2898 2896 2897 2894 2898 2899 2900 
2897 2899 2898 2900 2901 2902 2899 2901 2900 
2902 2903 2904 2901 2903 2902 2903 2905 2904 
2811 2906 2892 2813 2906 2811 2906 2813 2814 
2907 2906 2814 2908 2909 2816 2908 2816 2893 
2893 2816 2812 2909 2819 2818 2909 2908 2819 
2908 2910 2819 2895 2894 2820 2895 2820 2910 
2910 2820 2819 2822 2820 2894 2898 2822 2894 
2824 2822 2898 2900 2824 2898 2825 2824 2900 
2902 2825 2900 2826 2825 2902 2904 2826 2902 
2904 2905 2911 2904 2911 2826 2826 2911 2827 
2829 2912 2913 2829 2827 2912 2827 2911 2912 
2912 2914 2913 2915 2814 2830 2915 2916 2814 
2916 2907 2814 2830 2831 2915 2816 2909 2832 
2818 2832 2909 2829 2913 2833 2913 2914 2917 
2913 2917 2833 2833 2917 2834 2917 2835 2834 
2918 2835 2917 2919 2916 2915 2920 2916 2919 
2831 2836 2919 2915 2831 2919 2835 2918 2921 
2837 2835 2921 2838 2922 2923 2838 2837 2922 
2837 2921 2922 2922 2924 2923 2925 2920 2919 
2926 2920 2925 2836 2839 2925 2919 2836 2925 
2838 2923 2840 2923 2924 2927 2923 2927 2840 
2840 2927 2841 2927 2843 2841 2928 2843 2927 
2925 2929 2926 2929 2925 2839 2929 2839 2930 
2930 2839 2844 2843 2928 2931 2845 2843 2931 
2847 2932 2933 2847 2845 2932 2845 2931 2932 
2933 2934 2935 2932 2934 2933 2935 2936 2937 
2934 2936 2935 2937 2850 2849 2937 2936 2850 
2936 2938 2850 2851 2850 2939 2850 2938 2939 
2853 2851 2940 2851 2939 2940 2930 2844 2853 
2940 2930 2853 2847 2933 2854 2855 2854 2933 
2935 2855 2933 2856 2855 2935 2937 2856 2935 
2849 2856 2937 2941 2942 2943 2942 2941 2944 
2941 2943 2945 2946 2947 2948 2944 2941 2945 
2948 2949 2950 2946 2948 2950 2949 2951 2952 
2950 2949 2952 2951 2953 2954 2952 2951 2954 
2953 2955 2956 2954 2953 2956 2955 2957 2958 
2956 2955 2958 2957 2959 2960 2958 2957 2960 
2959 2961 2962 2960 2959 2962 2962 2961 2963 
2964 2965 2966 2964 2967 2968 2965 2964 2968 
2967 2969 2970 2968 2967 2970 2970 2969 2971 
2972 2948 2947 2973 2972 2947 2949 2948 2974 
2974 2948 2972 2951 2949 2975 2975 2949 2974 
2858 2975 2859 2858 2953 2975 2953 2951 2975 
2861 2953 2858 2955 2953 2861 2863 2955 2861 
2957 2955 2863 2865 2957 2863 2959 2957 2865 
2867 2959 2865 2961 2959 2867 2868 2976 2977 
2867 2868 2977 2867 2977 2963 2867 2963 2961 
2966 2977 2976 2964 2966 2976 2964 2976 2871 
2964 2871 2870 2873 2964 2870 2967 2964 2873 
2875 2967 2873 2969 2967 2875 2969 2978 2971 
2969 2875 2978 2875 2877 2978 2878 2979 2980 
2878 2980 2877 2877 2980 2978 2979 2981 2982 
2980 2979 2982 2981 2983 2984 2982 2981 2984 
2983 2985 2986 2984 2983 2986 2986 2985 2987 
2972 2973 2988 2988 2989 2990 2988 2990 2972 
2972 2990 2974 2880 2990 2881 2880 2975 2990 
2975 2974 2990 2859 2975 2880 2868 2882 2976 
2871 2976 2882 2878 2883 2979 2884 2979 2883 
2981 2979 2884 2885 2981 2884 2983 2981 2885 
2886 2983 2885 2985 2983 2886 2985 2991 2987 
2985 2886 2991 2886 2887 2991 2992 2993 2991 
2992 2991 2888 2888 2991 2887 2888 2889 2992 
2990 2989 2994 2994 2881 2990 2994 2995 2881 
2995 2890 2881 2996 2997 2998 2996 2999 3000 
2998 2999 2996 3000 3001 3002 2999 3001 3000 
3001 3003 3002 2992 3004 2993 3005 3006 3004 
2891 3005 3004 2891 3004 2992 2891 2992 2889 
2891 2892 3005 3007 3008 2893 3007 2893 2995 
2995 2893 2890 3008 3009 3010 3007 3009 3008 
2997 3010 3009 2996 3010 2997 2996 2895 3010 
2996 2896 2895 2897 2896 2996 3000 2897 2996 
2899 2897 3000 3002 2899 3000 3002 3003 3011 
3002 3011 2899 2899 3011 2901 2903 2901 3012 
2901 3011 3012 2905 3013 3014 2905 2903 3013 
2903 3012 3013 3013 3015 3014 3005 3016 3006 
3017 3018 3016 2906 3017 3016 2906 3016 3005 
2906 3005 2892 2906 2907 3017 2893 3008 2908 
2910 2908 3008 3010 2910 3008 2895 2910 3010 
2905 3014 2911 3014 3015 3019 3014 3019 2911 
2911 3019 2912 3019 2914 2912 3020 2914 3019 
3017 3021 3018 3021 3017 2907 3021 2907 3022 
3022 2907 2916 2914 3020 3023 2917 2914 3023 
2918 3024 3025 2918 2917 3024 2917 3023 3024 
3024 3026 3025 2916 2920 3022 3022 2920 3027 
2918 3025 2921 3025 3026 3028 3025 3028 2921 
2921 3028 2922 3028 2924 2922 3029 2924 3028 
2920 2926 3027 3027 2926 3030 2924 3029 3031 
2927 2924 3031 2928 3032 3033 2928 2927 3032 
2927 3031 3032 3033 3034 3035 3032 3034 3033 
3034 3036 3035 2926 3037 3030 2929 3037 2926 
3037 2929 2930 3038 3037 2930 2928 3033 2931 
2932 2931 3033 3035 2932 3033 3035 3036 3039 
3035 3039 2932 2932 3039 2934 2936 2934 3040 
2934 3039 3040 2938 2936 3041 2936 3040 3041 
2939 2938 3042 2938 3041 3042 2940 2939 3043 
2939 3042 3043 3038 2930 2940 3043 3038 2940 
3044 3045 3046 3044 3047 3048 3045 3044 3048 
3047 3049 3050 3048 3047 3050 3049 3051 3052 
3050 3049 3052 3051 3053 3054 3052 3051 3054 
3053 3055 3056 3054 3053 3056 3055 3057 3058 
3056 3055 3058 3057 3059 3060 3058 3057 3060 
3060 3059 3061 3062 3044 3046 3063 3062 3046 
3047 3044 3064 3064 3044 3062 3049 3047 3065 
3065 3047 3064 3051 3049 3066 3066 3049 3065 
3053 3051 3067 3067 3051 3066 3055 3053 3068 
3068 3053 3067 3057 3055 3069 3069 3055 3068 
3059 3057 3070 3070 3057 3069 3071 3061 3059 
3071 3059 3072 3072 3059 3070 3072 3073 3074 
3071 3072 3074 3074 3073 3075 2942 3076 3077 
2943 2942 3077 2944 3078 3062 2944 3062 3076 
2944 3076 2942 3076 3062 3063 3064 3062 3079 
3079 3062 3078 3065 3064 3080 3080 3064 3079 
3066 3065 3081 3081 3065 3080 3067 3066 3082 
3082 3066 3081 3068 3067 3083 3083 3067 3082 
3069 3068 3084 3084 3068 3083 3070 3069 3085 
3085 3069 3084 3072 3070 3086 3086 3070 3085 
3073 3072 3087 3087 3072 3086 3088 3075 3073 
3088 3073 3089 3089 3073 3087 3089 3090 3091 
3088 3089 3091 3091 3090 3092 3093 2945 2943 
3093 2943 3094 3094 2943 3077 2945 3078 2944 
2945 3093 3078 2946 3078 2947 2947 3078 3093 
2950 3078 2946 3079 3078 2950 2952 3079 2950 
3080 3079 2952 2954 3080 2952 3081 3080 2954 
2956 3081 2954 3082 3081 2956 2958 3082 2956 
3083 3082 2958 2960 3083 2958 3084 3083 2960 
2962 3084 2960 3085 3084 2962 2963 3085 2962 
2963 3095 3085 3095 3086 3085 2965 3095 2966 
2965 3087 3095 3087 3086 3095 2968 3087 2965 
3089 3087 2968 2970 3089 2968 3090 3089 2970 
2971 3096 3097 2970 2971 3097 2970 3097 3092 
2970 3092 3090 3096 3098 3099 3097 3096 3099 
3098 3100 3101 3099 3098 3101 3101 3100 3102 
3093 3094 3103 3103 2947 3093 3103 3104 2947 
3104 2973 2947 2963 2977 3095 2966 3095 2977 
2971 2978 3096 2980 3096 2978 3098 3096 2980 
2982 3098 2980 3100 3098 2982 3100 3105 3102 
3100 2982 3105 2982 2984 3105 3106 3107 3105 
3106 3105 2986 2986 3105 2984 2986 2987 3106 
2973 3104 3108 2988 2973 3108 3108 2989 2988 
3109 2989 3108 3110 3111 3112 3112 3113 3110 
3106 3114 3107 2987 3114 3106 2987 2991 3114 
2991 3115 3114 3115 2991 2993 3116 3115 2993 
2989 3109 3117 2994 2989 3117 2995 3118 3119 
2995 2994 3118 2994 3117 3118 3111 3119 3118 
3111 3110 3119 3110 3120 3119 2997 3121 2998 
2997 3110 3121 2997 3120 3110 3113 3121 3110 
2999 2998 3122 2998 3121 3122 3001 2999 3123 
2999 3122 3123 3003 3124 3125 3003 3001 3124 
3001 3123 3124 3124 3126 3125 2993 3127 3116 
3004 3127 2993 3127 3004 3006 3128 3127 3006 
2995 3119 3007 3009 3007 3119 3120 3009 3119 
2997 3009 3120 3003 3125 3011 3125 3126 3129 
3125 3129 3011 3011 3129 3012 3013 3012 3130 
3012 3129 3130 3130 3015 3013 3131 3015 3130 
3006 3132 3128 3016 3132 3006 3132 3016 3018 
3133 3132 3018 3015 3131 3134 3019 3015 3134 
3020 3135 3136 3020 3019 3135 3019 3134 3135 
3135 3137 3136 3138 3018 3021 3138 3139 3018 
3139 3133 3018 3021 3022 3138 3020 3136 3023 
3136 3137 3140 3136 3140 3023 3023 3140 3024 
3140 3026 3024 3141 3026 3140 3142 3139 3138 
3143 3139 3142 3022 3027 3142 3138 3022 3142 
3026 3141 3144 3028 3026 3144 3029 3145 3146 
3029 3028 3145 3028 3144 3145 3145 3147 3146 
3148 3143 3142 3149 3143 3148 3027 3030 3148 
3142 3027 3148 3029 3146 3031 3146 3147 3150 
3146 3150 3031 3031 3150 3032 3034 3032 3151 
3032 3150 3151 3036 3152 3153 3036 3034 3152 
3034 3151 3152 3153 3154 3155 3152 3154 3153 
3155 3156 3157 3154 3156 3155 3149 3157 3156 
3149 3148 3157 3148 3158 3157 3030 3037 3159 
3030 3159 3148 3148 3159 3158 3037 3038 3159 
3036 3153 3039 3040 3039 3153 3155 3040 3153 
3041 3040 3155 3157 3041 3155 3042 3041 3157 
3158 3042 3157 3043 3042 3158 3159 3043 3158 
3038 3043 3159 3045 3160 3161 3046 3045 3161 
3048 3162 3045 3045 3162 3160 3050 3163 3048 
3048 3163 3162 3052 3164 3050 3050 3164 3163 
3054 3165 3052 3052 3165 3164 3056 3166 3054 
3054 3166 3165 3058 3167 3056 3056 3167 3166 
3060 3168 3058 3058 3168 3167 3061 3169 3170 
3061 3170 3060 3060 3170 3168 3169 3171 3172 
3170 3169 3172 3171 3173 3174 3172 3171 3174 
3173 3175 3176 3174 3173 3176 3176 3175 3177 
3046 3161 3063 3161 3178 3063 3061 3071 3169 
3074 3169 3071 3171 3169 3074 3075 3171 3074 
3075 3179 3171 3179 3173 3171 3175 3173 3180 
3180 3173 3179 3181 3177 3175 3181 3175 3182 
3182 3175 3180 3181 3182 3183 3076 3184 3077 
3076 3185 3184 3076 3063 3185 3063 3178 3185 
3075 3088 3179 3091 3179 3088 3180 3179 3091 
3092 3180 3091 3092 3186 3180 3186 3182 3180 
3187 3183 3182 3187 3182 3188 3188 3182 3186 
3187 3188 3189 3184 3190 3094 3077 3184 3094 
3191 3184 3185 3190 3184 3191 3092 3097 3186 
3099 3186 3097 3188 3186 3099 3188 3192 3189 
3188 3099 3192 3099 3101 3192 3192 3101 3102 
3193 3192 3102 3094 3190 3103 3104 3194 3195 
3103 3194 3104 3103 3191 3194 3103 3190 3191 
3194 3196 3195 3197 3198 3199 3197 3200 3201 
3199 3200 3197 3200 3202 3201 3102 3203 3193 
3105 3203 3102 3203 3105 3107 3204 3203 3107 
3104 3195 3108 3109 3205 3206 3108 3205 3109 
3108 3196 3205 3108 3195 3196 3198 3206 3205 
3198 3197 3206 3197 3207 3206 3112 3111 3207 
3112 3207 3201 3201 3207 3197 3113 3208 3209 
3112 3208 3113 3112 3202 3208 3112 3201 3202 
3209 3210 3211 3208 3210 3209 3210 3212 3211 
3107 3213 3204 3114 3213 3107 3115 3214 3114 
3114 3214 3213 3214 3115 3116 3215 3214 3116 
3109 3206 3117 3118 3117 3206 3207 3118 3206 
3111 3118 3207 3113 3209 3121 3122 3121 3209 
3211 3122 3209 3211 3212 3216 3211 3216 3122 
3122 3216 3123 3124 3123 3217 3123 3216 3217 
3126 3218 3219 3126 3124 3218 3124 3217 3218 
3218 3220 3219 3116 3221 3215 3127 3221 3116 
3221 3127 3128 3222 3221 3128 3126 3219 3129 
3219 3220 3223 3219 3223 3129 3129 3223 3130 
3223 3131 3130 3224 3131 3223 3225 3128 3132 
3225 3226 3128 3226 3222 3128 3132 3133 3225 
3131 3224 3227 3134 3131 3227 3135 3134 3228 
3134 3227 3228 3228 3137 3135 3229 3137 3228 
3225 3230 3226 3230 3225 3133 3230 3133 3231 
3231 3133 3139 3137 3229 3232 3140 3137 3232 
3141 3233 3234 3141 3140 3233 3140 3232 3233 
3233 3235 3234 3139 3143 3231 3231 3143 3236 
3141 3234 3144 3234 3235 3237 3234 3237 3144 
3144 3237 3145 3237 3147 3145 3238 3147 3237 
3143 3149 3236 3236 3149 3239 3147 3238 3240 
3150 3147 3240 3151 3150 3241 3150 3240 3241 
3152 3151 3242 3151 3241 3242 3154 3152 3243 
3152 3242 3243 3156 3154 3244 3154 3243 3244 
3239 3149 3156 3244 3239 3156 3245 3246 3247 
3246 3245 3248 3160 3249 3161 3250 3249 3160 
3250 3160 3251 3251 3160 3162 3163 3252 3162 
3162 3252 3251 3164 3253 3163 3163 3253 3252 
3165 3254 3164 3164 3254 3253 3166 3255 3165 
3165 3255 3254 3167 3256 3166 3166 3256 3255 
3168 3257 3167 3167 3257 3256 3170 3258 3168 
3168 3258 3257 3247 3172 3245 3247 3258 3172 
3258 3170 3172 3245 3259 3248 3245 3172 3259 
3172 3174 3259 3176 3260 3174 3174 3260 3259 
3260 3176 3177 3261 3260 3177 3249 3262 3178 
3161 3249 3178 3263 3249 3250 3262 3249 3263 
3177 3264 3261 3181 3264 3177 3264 3181 3183 
3265 3264 3183 3262 3266 3185 3178 3262 3185 
3267 3262 3263 3267 3268 3262 3268 3266 3262 
3267 3269 3268 3183 3270 3265 3187 3270 3183 
3270 3187 3189 3271 3270 3189 3266 3272 3191 
3185 3266 3191 3268 3273 3266 3273 3272 3266 
3274 3268 3269 3274 3275 3268 3275 3273 3268 
3275 3276 3277 3274 3276 3275 3276 3278 3277 
3189 3279 3271 3192 3279 3189 3279 3192 3193 
3280 3279 3193 3191 3272 3194 3196 3194 3272 
3196 3272 3281 3281 3272 3273 3199 3198 3281 
3199 3281 3275 3275 3281 3273 3200 3199 3275 
3277 3200 3275 3202 3282 3283 3200 3282 3202 
3200 3278 3282 3200 3277 3278 3283 3284 3285 
3282 3284 3283 3284 3286 3285 3193 3287 3280 
3203 3287 3193 3287 3203 3204 3288 3287 3204 
3196 3281 3205 3198 3205 3281 3202 3283 3208 
3210 3208 3283 3285 3210 3283 3212 3289 3290 
3210 3289 3212 3210 3286 3289 3210 3285 3286 
3289 3291 3290 3204 3292 3288 3213 3292 3204 
3293 3294 3292 3293 3292 3214 3214 3292 3213 
3214 3215 3293 3212 3290 3216 3290 3291 3295 
3290 3295 3216 3216 3295 3217 3218 3217 3296 
3217 3295 3296 3296 3220 3218 3297 3220 3296 
3293 3298 3294 3299 3300 3298 3221 3299 3298 
3221 3298 3293 3221 3293 3215 3221 3222 3299 
3220 3297 3301 3223 3220 3301 3301 3224 3223 
3302 3224 3301 3299 3303 3300 3303 3299 3222 
3303 3222 3304 3304 3222 3226 3224 3302 3305 
3227 3224 3305 3228 3227 3306 3227 3305 3306 
3229 3307 3308 3229 3228 3307 3228 3306 3307 
3307 3309 3308 3310 3226 3230 3310 3311 3226 
3311 3304 3226 3230 3231 3310 3229 3308 3232 
3308 3309 3312 3308 3312 3232 3232 3312 3233 
3312 3235 3233 3313 3235 3312 3314 3311 3310 
3315 3311 3314 3231 3236 3314 3310 3231 3314 
3235 3313 3316 3237 3235 3316 3238 3317 3318 
3238 3237 3317 3237 3316 3317 3318 3319 3320 
3317 3319 3318 3319 3321 3320 3314 3322 3315 
3322 3314 3236 3322 3236 3323 3323 3236 3239 
3238 3318 3240 3241 3240 3318 3320 3241 3318 
3320 3321 3324 3320 3324 3241 3241 3324 3242 
3243 3242 3325 3242 3324 3325 3244 3243 3326 
3243 3325 3326 3323 3239 3244 3326 3323 3244 
3246 3327 3247 3246 3248 3327 3251 3328 3250 
3329 3328 3251 3329 3251 3330 3330 3251 3252 
3253 3331 3252 3252 3331 3330 3254 3332 3253 
3253 3332 3331 3255 3333 3254 3254 3333 3332 
3334 3335 3333 3334 3333 3256 3256 3333 3255 
3256 3257 3336 3334 3256 3336 3257 3258 3337 
3336 3257 3337 3258 3338 3337 3247 3338 3258 
3247 3339 3338 3247 3327 3339 3248 3339 3327 
3248 3259 3339 3259 3340 3339 3341 3342 3340 
3341 3340 3260 3260 3340 3259 3260 3261 3341 
3328 3343 3263 3250 3328 3263 3344 3328 3329 
3343 3328 3344 3334 3345 3335 3336 3345 3334 
3346 3345 3336 3337 3346 3336 3347 3346 3337 
3338 3347 3337 3341 3348 3342 3349 3350 3348 
3264 3349 3348 3264 3348 3341 3264 3341 3261 
3264 3265 3349 3263 3343 3267 3269 3351 3352 
3267 3351 3269 3267 3344 3351 3267 3343 3344 
3352 3353 3354 3351 3353 3352 3353 3355 3354 
3349 3356 3350 3265 3356 3349 3265 3270 3356 
3270 3357 3356 3357 3270 3271 3358 3357 3271 
3269 3352 3274 3276 3274 3352 3354 3276 3352 
3278 3359 3360 3276 3359 3278 3276 3355 3359 
3276 3354 3355 3359 3361 3360 3271 3362 3358 
3279 3362 3271 3362 3279 3280 3363 3362 3280 
3278 3360 3282 3360 3361 3364 3360 3364 3282 
3282 3364 3284 3286 3365 3366 3286 3284 3365 
3284 3364 3365 3365 3367 3366 3280 3368 3363 
3287 3368 3280 3368 3287 3288 3369 3368 3288 
3286 3366 3289 3291 3370 3371 3289 3370 3291 
3289 3367 3370 3289 3366 3367 3370 3372 3371 
3288 3373 3369 3292 3373 3288 3373 3292 3294 
3374 3373 3294 3291 3371 3295 3371 3372 3375 
3371 3375 3295 3295 3375 3296 3297 3376 3377 
3297 3296 3376 3296 3375 3376 3376 3378 3377 
3294 3379 3374 3298 3379 3294 3379 3298 3300 
3380 3379 3300 3297 3377 3301 3302 3381 3382 
3301 3381 3302 3301 3378 3381 3301 3377 3378 
3381 3383 3382 3384 3300 3303 3384 3385 3300 
3385 3380 3300 3303 3304 3384 3302 3382 3305 
3382 3383 3386 3382 3386 3305 3305 3386 3306 
3307 3306 3387 3306 3386 3387 3387 3309 3307 
3388 3309 3387 3389 3385 3384 3390 3385 3389 
3304 3311 3389 3384 3304 3389 3309 3388 3391 
3312 3309 3391 3313 3392 3393 3313 3312 3392 
3312 3391 3392 3392 3394 3393 3395 3390 3389 
3396 3390 3395 3311 3315 3395 3389 3311 3395 
3313 3393 3316 3393 3394 3397 3393 3397 3316 
3316 3397 3317 3319 3317 3398 3317 3397 3398 
3321 3399 3400 3321 3319 3399 3319 3398 3399 
3396 3400 3399 3396 3395 3400 3395 3401 3400 
3315 3322 3402 3315 3402 3395 3395 3402 3401 
3322 3323 3402 3321 3400 3324 3325 3324 3400 
3401 3325 3400 3326 3325 3401 3402 3326 3401 
3323 3326 3402 3330 3403 3329 3330 3331 3404 
3403 3330 3404 3331 3332 3405 3404 3331 3405 
3332 3333 3406 3405 3332 3406 3333 3335 3406 
3339 3407 3338 3339 3340 3408 3407 3339 3408 
3340 3342 3408 3403 3409 3344 3329 3403 3344 
3404 3410 3403 3410 3409 3403 3411 3405 3412 
3411 3410 3405 3410 3404 3405 3406 3412 3405 
3413 3412 3406 3335 3413 3406 3335 3345 3413 
3345 3414 3413 3415 3416 3414 3415 3414 3346 
3346 3414 3345 3346 3347 3417 3415 3346 3417 
3347 3418 3417 3338 3418 3347 3338 3419 3418 
3338 3407 3419 3408 3419 3407 3420 3419 3408 
3421 3422 3420 3348 3421 3420 3348 3420 3408 
3348 3408 3342 3348 3350 3421 3344 3409 3351 
3353 3351 3409 3410 3353 3409 3355 3423 3424 
3353 3423 3355 3353 3411 3423 3353 3410 3411 
3423 3425 3424 3415 3426 3416 3417 3426 3415 
3427 3426 3417 3418 3427 3417 3421 3428 3422 
3429 3430 3428 3356 3429 3428 3356 3428 3421 
3356 3421 3350 3356 3357 3431 3429 3356 3431 
3357 3358 3431 3355 3424 3359 3361 3432 3433 
3359 3432 3361 3359 3425 3432 3359 3424 3425 
3432 3434 3433 3429 3435 3430 3435 3436 3437 
3435 3429 3436 3429 3431 3436 3358 3362 3438 
3358 3438 3431 3431 3438 3436 3362 3363 3438 
3361 3433 3364 3433 3434 3439 3433 3439 3364 
3364 3439 3365 3439 3367 3365 3440 3367 3439 
3436 3441 3437 3441 3442 3443 3441 3436 3442 
3436 3438 3442 3363 3368 3444 3363 3444 3438 
3438 3444 3442 3368 3369 3444 3367 3440 3445 
3370 3367 3445 3445 3372 3370 3446 3372 3445 
3442 3447 3443 3447 3448 3449 3447 3442 3448 
3442 3444 3448 3369 3373 3450 3369 3450 3444 
3444 3450 3448 3373 3374 3450 3372 3446 3451 
3375 3372 3451 3376 3375 3452 3375 3451 3452 
3452 3378 3376 3453 3378 3452 3448 3454 3449 
3454 3455 3456 3454 3448 3455 3448 3450 3455 
3374 3379 3457 3374 3457 3450 3450 3457 3455 
3379 3380 3457 3378 3453 3458 3381 3378 3458 
3383 3459 3460 3383 3381 3459 3381 3458 3459 
3459 3461 3460 3462 3456 3455 3463 3456 3462 
3457 3464 3455 3464 3462 3455 3380 3385 3464 
3457 3380 3464 3383 3460 3386 3460 3461 3465 
3460 3465 3386 3386 3465 3387 3388 3466 3467 
3388 3387 3466 3387 3465 3466 3466 3468 3467 
3469 3463 3462 3470 3463 3469 3464 3471 3462 
3471 3469 3462 3385 3390 3471 3464 3385 3471 
3388 3467 3391 3467 3468 3472 3467 3472 3391 
3391 3472 3392 3394 3473 3474 3394 3392 3473 
3392 3472 3473 3475 3469 3476 3475 3474 3469 
3470 3469 3473 3473 3469 3474 3476 3477 3478 
3476 3469 3477 3469 3471 3477 3390 3396 3477 
3471 3390 3477 3394 3474 3397 3474 3475 3479 
3474 3479 3397 3397 3479 3398 3478 3477 3399 
3478 3399 3479 3479 3399 3398 3396 3399 3477 
3412 3480 3411 3412 3413 3481 3480 3412 3481 
3413 3414 3482 3481 3413 3482 3414 3416 3482 
3419 3483 3418 3419 3420 3484 3483 3419 3484 
3420 3422 3484 3411 3480 3423 3425 3423 3480 
3425 3480 3485 3485 3480 3481 3482 3486 3481 
3486 3485 3481 3416 3426 3487 3416 3487 3482 
3482 3487 3486 3426 3427 3488 3487 3426 3488 
3427 3418 3483 3427 3483 3488 3488 3483 3489 
3484 3490 3483 3490 3489 3483 3422 3428 3491 
3422 3491 3484 3484 3491 3490 3428 3430 3491 
3425 3485 3432 3434 3432 3485 3434 3485 3492 
3492 3485 3486 3487 3493 3486 3493 3492 3486 
3488 3494 3487 3494 3493 3487 3489 3495 3488 
3495 3494 3488 3490 3496 3489 3496 3495 3489 
3491 3497 3490 3497 3496 3490 3430 3435 3498 
3430 3498 3491 3491 3498 3497 3435 3437 3498 
3434 3492 3439 3440 3439 3492 3440 3492 3499 
3499 3492 3493 3494 3500 3493 3500 3499 3493 
3501 3495 3502 3501 3500 3495 3500 3494 3495 
3496 3502 3495 3503 3502 3496 3497 3503 3496 
3504 3503 3497 3504 3505 3506 3504 3497 3505 
3497 3498 3505 3437 3441 3507 3437 3507 3498 
3498 3507 3505 3441 3443 3507 3440 3499 3445 
3446 3445 3499 3446 3499 3508 3508 3499 3500 
3509 3500 3501 3509 3510 3500 3510 3508 3500 
3509 3511 3510 3505 3512 3506 3512 3513 3514 
3512 3505 3513 3505 3507 3513 3443 3447 3515 
3443 3515 3507 3507 3515 3513 3447 3449 3515 
3446 3508 3451 3452 3451 3508 3510 3452 3508 
3453 3516 3517 3452 3516 3453 3452 3511 3516 
3452 3510 3511 3517 3518 3519 3516 3518 3517 
3518 3520 3519 3513 3521 3514 3521 3522 3523 
3521 3513 3522 3513 3515 3522 3449 3454 3524 
3449 3524 3515 3515 3524 3522 3454 3456 3524 
3453 3517 3458 3459 3458 3517 3519 3459 3517 
3461 3525 3526 3459 3525 3461 3459 3520 3525 
3459 3519 3520 3525 3527 3526 3522 3528 3523 
3528 3529 3530 3528 3522 3529 3522 3524 3529 
3456 3463 3529 3524 3456 3529 3461 3526 3465 
3526 3527 3531 3526 3531 3465 3465 3531 3466 
3531 3468 3466 3532 3468 3531 3533 3530 3529 
3534 3530 3533 3463 3470 3533 3529 3463 3533 
3468 3532 3535 3472 3468 3535 3534 3533 3473 
3534 3473 3535 3535 3473 3472 3470 3473 3533 
3476 3536 3475 3476 3478 3536 3475 3536 3479 
3478 3479 3536 3502 3537 3501 3502 3503 3538 
3537 3502 3538 3503 3504 3539 3538 3503 3539 
3504 3506 3539 3501 3537 3509 3511 3509 3537 
3511 3537 3540 3540 3537 3538 3539 3541 3538 
3541 3540 3538 3506 3512 3542 3506 3542 3539 
3539 3542 3541 3512 3514 3542 3511 3540 3516 
3518 3516 3540 3541 3518 3540 3520 3518 3541 
3520 3541 3543 3543 3541 3542 3514 3521 3544 
3514 3544 3542 3542 3544 3543 3521 3523 3544 
3520 3543 3525 3527 3525 3543 3527 3543 3545 
3545 3543 3544 3523 3528 3546 3523 3546 3544 
3544 3546 3545 3528 3530 3546 3527 3545 3531 
3532 3531 3545 3532 3545 3547 3547 3545 3546 
3530 3534 3547 3546 3530 3547 3532 3547 3535 
3534 3535 3547 
CELL_DATA 7084
SCALARS Scalars float
LOOKUP_TABLE default
1 1 1 1 1 1 1 1 1 
1 1 1 1 1 1 1 1 1 
1 1 1 1 1 1 1 1 1 
1 1 1 1 1 1 1 1 1 
1 1 1 1 1 1 1 1 1 
1 1 1 1 1 1 1 1 1 
1 1 1 1 1 1 1 1 1 
1 1 1 1 1 1 1 1 1 
1 1 1 1 1 1 1 1 1 
1 1 1 1 1 1 1 1 1 
1 1 1 1 1 1 1 1 1 
1 1 1 1 1 1 1 1 1 
1 1 1 1 1 1 1 1 1 
1 1 1 1 1 1 1 1 1 
1 1 1 1 1 1 1 1 1 
1 1 1 1 1 1 1 1 1 
1 1 1 1 1 1 1 1 1 
1 1 1 1 1 1 1 1 1 
1 1 1 1 1 1 1 1 1 
1 1 1 1 1 1 1 1 1 
1 1 1 1 1 1 1 1 1 
1 1 1 1 1 1 1 1 1 
1 1 1 1 1 1 1 1 1 
1 1 1 1 1 1 1 1 1 
1 1 1 1 1 1 1 1 1 
1 1 1 1 1 1 1 1 1 
1 1 1 1 1 1 1 1 1 
1 1 1 1 1 1 1 1 1 
1 1 1 1 1 1 1 1 1 
1 1 1 1 1 1 1 1 1 
1 1 1 1 1 1 1 1 1 
1 1 1 1 1 1 1 1 1 
1 1 1 1 1 1 1 1 1 
1 1 1 1 1 1 1 1 1 
1 1 1 1 1 1 1 1 1 
1 1 1 1 1 1 1 1 1 
1 1 1 1 1 1 1 1 1 
1 1 1 1 1 1 1 1 1 
1 1 1 1 1 1 1 1 1 
1 1 1 1 1 1 1 1 1 
1 1 1 1 1 1 1 1 1 
1 1 1 1 1 1 1 1 1 
1 1 1 1 1 1 1 1 1 
1 1 1 1 1 1 1 1 1 
1 1 1 1 1 1 1 1 1 
1 1 1 1 1 1 1 1 1 
1 1 1 1 1 1 1 1 1 
1 1 1 1 1 1 1 1 1 
1 1 1 1 1 1 1 1 1 
1 1 1 1 1 1 1 1 1 
1 1 1 1 1 1 1 1 1 
1 1 1 1 1 1 1 1 1 
1 1 1 1 1 1 1 1 1 
1 1 1 1 1 1 1 1 1 
1 1 1 1 1 1 1 1 1 
1 1 1 1 1 1 1 1 1 
1 1 1 1 1 1 1 1 1 
1 1 1 1 1 1 1 1 1 
1 1 1 1 1 1 1 1 1 
1 1 1 1 1 1 1 1 1 
1 1 1 1 1 1 1 1 1 
1 1 1 1 1 1 1 1 1 
1 1 1 1 1 1 1 1 1 
1 1 1 1 1 1 1 1 1 
1 1 1 1 1 1 1 1 1 
1 1 1 1 1 1 1 1 1 
1 1 1 1 1 1 1 1 1 
1 1 1 1 1 1 1 1 1 
1 1 1 1 1 1 1 1 1 
1 1 1 1 1 1 1 1 1 
1 1 1 1 1 1 1 1 1 
1 1 1 1 1 1 1 1 1 
1 1 1 1 1 1 1 1 1 
1 1 1 1 1 1 1 1 1 
1 1 1 1 1 1 1 1 1 
1 1 1 1 1 1 1 1 1 
1 1 1 1 1 1 1 1 1 
1 1 1 1 1 1 1 1 1 
1 1 1 1 1 1 1 1 1 
1 1 1 1 1 1 1 1 1 
1 1 1 1 1 1 1 1 1 
1 1 1 1 1 1 1 1 1 
1 1 1 1 1 1 1 1 1 
1 1 1 1 1 1 1 1 1 
1 1 1 1 1 1 1 1 1 
1 1 1 1 1 1 1 1 1 
1 1 1 1 1 1 1 1 1 
1 1 1 1 1 1 1 1 1 
1 1 1 1 1 1 1 1 1 
1 1 1 1 1 1 1 1 1 
1 1 1 1 1 1 1 1 1 
1 1 1 1 1 1 1 1 1 
1 1 1 1 1 1 1 1 1 
1 1 1 1 1 1 1 1 1 
1 1 1 1 1 1 1 1 1 
1 1 1 1 1 1 1 1 1 
1 1 1 1 1 1 1 1 1 
1 1 1 1 1 1 1 1 1 
1 1 1 1 1 1 1 1 1 
1 1 1 1 1 1 1 1 1 
1 1 1 1 1 1 1 1 1 
1 1 1 1 1 1 1 1 1 
1 1 1 1 1 1 1 1 1 
1 1 1 1 1 1 1 1 1 
1 1 1 1 1 1 1 1 1 
1 1 1 1 1 1 1 1 1 
1 1 1 1 1 1 1 1 1 
1 1 1 1 1 1 1 1 1 
1 1 1 1 1 1 1 1 1 
1 1 1 1 1 1 1 1 1 
1 1 1 1 1 1 1 1 1 
1 1 1 1 1 1 1 1 1 
1 1 1 1 1 1 1 1 1 
1 1 1 1 1 1 1 1 1 
1 1 1 1 1 1 1 1 1 
1 1 1 1 1 1 1 1 1 
1 1 1 1 1 1 1 1 1 
1 1 1 1 1 1 1 1 1 
1 1 1 1 1 1 1 1 1 
1 1 1 1 1 1 1 1 1 
1 1 1 1 1 1 1 1 1 
1 1 1 1 1 1 1 1 1 
1 1 1 1 1 1 1 1 1 
1 1 1 1 1 1 1 1 1 
1 1 1 1 1 1 1 1 1 
1 1 1 1 1 1 1 1 1 
1 1 1 1 1 1 1 1 1 
1 1 1 1 1 1 1 1 1 
1 1 1 1 1 1 1 1 1 
1 1 1 1 1 1 1 1 1 
1 1 1 1 1 1 1 1 1 
1 1 1 1 1 1 1 1 1 
1 1 1 1 1 1 1 1 1 
1 1 1 1 1 1 1 1 1 
1 1 1 1 1 1 1 1 1 
1 1 1 1 1 1 1 1 1 
1 1 1 1 1 1 1 1 1 
1 1 1 1 1 1 1 1 1 
1 1 1 1 1 1 1 1 1 
1 1 1 1 1 1 1 1 1 
1 1 1 1 1 1 1 1 1 
1 1 1 1 1 1 1 1 1 
1 1 1 1 1 1 1 1 1 
1 1 1 1 1 1 1 1 1 
1 1 1 1 1 1 1 1 1 
1 1 1 1 1 1 1 1 1 
1 1 1 1 1 1 1 1 1 
1 1 1 1 1 1 1 1 1 
1 1 1 1 1 1 1 1 1 
1 1 1 1 1 1 1 1 1 
1 1 1 1 1 1 1 1 1 
1 1 1 1 1 1 1 1 1 
1 1 1 1 1 1 1 1 1 
1 1 1 1 1 1 1 1 1 
1 1 1 1 1 1 1 1 1 
1 1 1 1 1 1 1 1 1 
1 1 1 1 1 1 1 1 1 
1 1 1 1 1 1 1 1 1 
1 1 1 1 1 1 1 1 1 
1 1 1 1 1 1 1 1 1 
1 1 1 1 1 1 1 1 1 
1 1 1 1 1 1 1 1 1 
1 1 1 1 1 1 1 1 1 
1 1 1 1 1 1 1 1 1 
1 1 1 1 1 1 1 1 1 
1 1 1 1 1 1 1 1 1 
1 1 1 1 1 1 1 1 1 
1 1 1 1 1 1 1 1 1 
1 1 1 1 1 1 1 1 1 
1 1 1 1 1 1 1 1 1 
1 1 1 1 1 1 1 1 1 
1 1 1 1 1 1 1 1 1 
1 1 1 1 1 1 1 1 1 
1 1 1 1 1 1 1 1 1 
1 1 1 1 1 1 1 1 1 
1 1 1 1 1 1 1 1 1 
1 1 1 1 1 1 1 1 1 
1 1 1 1 1 1 1 1 1 
1 1 1 1 1 1 1 1 1 
1 1 1 1 1 1 1 1 1 
1 1 1 1 1 1 1 1 1 
1 1 1 1 1 1 1 1 1 
1 1 1 1 1 1 1 1 1 
1 1 1 1 1 1 1 1 1 
1 1 1 1 1 1 1 1 1 
1 1 1 1 1 1 1 1 1 
1 1 1 1 1 1 1 1 1 
1 1 1 1 1 1 1 1 1 
1 1 1 1 1 1 1 1 1 
1 1 1 1 1 1 1 1 1 
1 1 1 1 1 1 1 1 1 
1 1 1 1 1 1 1 1 1 
1 1 1 1 1 1 1 1 1 
1 1 1 1 1 1 1 1 1 
1 1 1 1 1 1 1 1 1 
1 1 1 1 1 1 1 1 1 
1 1 1 1 1 1 1 1 1 
1 1 1 1 1 1 1 1 1 
1 1 1 1 1 1 1 1 1 
1 1 1 1 1 1 1 1 1 
1 1 1 1 1 1 1 1 1 
1 1 1 1 1 1 1 1 1 
1 1 1 1 1 1 1 1 1 
1 1 1 1 1 1 1 1 1 
1 1 1 1 1 1 1 1 1 
1 1 1 1 1 1 1 1 1 
1 1 1 1 1 1 1 1 1 
1 1 1 1 1 1 1 1 1 
1 1 1 1 1 1 1 1 1 
1 1 1 1 1 1 1 1 1 
1 1 1 1 1 1 1 1 1 
1 1 1 1 1 1 1 1 1 
1 1 1 1 1 1 1 1 1 
1 1 1 1 1 1 1 1 1 
1 1 1 1 1 1 1 1 1 
1 1 1 1 1 1 1 1 1 
1 1 1 1 1 1 1 1 1 
1 1 1 1 1 1 1 1 1 
1 1 1 1 1 1 1 1 1 
1 1 1 1 1 1 1 1 1 
1 1 1 1 1 1 1 1 1 
1 1 1 1 1 1 1 1 1 
1 1 1 1 1 1 1 1 1 
1 1 1 1 1 1 1 1 1 
1 1 1 1 1 1 1 1 1 
1 1 1 1 1 1 1 1 1 
1 1 1 1 1 1 1 1 1 
1 1 1 1 1 1 1 1 1 
1 1 1 1 1 1 1 1 1 
1 1 1 1 1 1 1 1 1 
1 1 1 1 1 1 1 1 1 
1 1 1 1 1 1 1 1 1 
1 1 1 1 1 1 1 1 1 
1 1 1 1 1 1 1 1 1 
1 1 1 1 1 1 1 1 1 
1 1 1 1 1 1 1 1 1 
1 1 1 1 1 1 1 1 1 
1 1 1 1 1 1 1 1 1 
1 1 1 1 1 1 1 1 1 
1 1 1 1 1 1 1 1 1 
1 1 1 1 1 1 1 1 1 
1 1 1 1 1 1 1 1 1 
1 1 1 1 1 1 1 1 1 
1 1 1 1 1 1 1 1 1 
1 1 1 1 1 1 1 1 1 
1 1 1 1 1 1 1 1 1 
1 1 1 1 1 1 1 1 1 
1 1 1 1 1 1 1 1 1 
1 1 1 1 1 1 1 1 1 
1 1 1 1 1 1 1 1 1 
1 1 1 1 1 1 1 1 1 
1 1 1 1 1 1 1 1 1 
1 1 1 1 1 1 1 1 1 
1 1 1 1 1 1 1 1 1 
1 1 1 1 1 1 1 1 1 
1 1 1 1 1 1 1 1 1 
1 1 1 1 1 1 1 1 1 
1 1 1 1 1 1 1 1 1 
1 1 1 1 1 1 1 1 1 
1 1 1 1 1 1 1 1 1 
1 1 1 1 1 1 1 1 1 
1 1 1 1 1 1 1 1 1 
1 1 1 1 1 1 1 1 1 
1 1 1 1 1 1 1 1 1 
1 1 1 1 1 1 1 1 1 
1 1 1 1 1 1 1 1 1 
1 1 1 1 1 1 1 1 1 
1 1 1 1 1 1 1 1 1 
1 1 1 1 1 1 1 1 1 
1 1 1 1 1 1 1 1 1 
1 1 1 1 1 1 1 1 1 
1 1 1 1 1 1 1 1 1 
1 1 1 1 1 1 1 1 1 
1 1 1 1 1 1 1 1 1 
1 1 1 1 1 1 1 1 1 
1 1 1 1 1 1 1 1 1 
1 1 1 1 1 1 1 1 1 
1 1 1 1 1 1 1 1 1 
1 1 1 1 1 1 1 1 1 
1 1 1 1 1 1 1 1 1 
1 1 1 1 1 1 1 1 1 
1 1 1 1 1 1 1 1 1 
1 1 1 1 1 1 1 1 1 
1 1 1 1 1 1 1 1 1 
1 1 1 1 1 1 1 1 1 
1 1 1 1 1 1 1 1 1 
1 1 1 1 1 1 1 1 1 
1 1 1 1 1 1 1 1 1 
1 1 1 1 1 1 1 1 1 
1 1 1 1 1 1 1 1 1 
1 1 1 1 1 1 1 1 1 
1 1 1 1 1 1 1 1 1 
1 1 1 1 1 1 1 1 1 
1 1 1 1 1 1 1 1 1 
1 1 1 1 1 1 1 1 1 
1 1 1 1 1 1 1 1 1 
1 1 1 1 1 1 1 1 1 
1 1 1 1 1 1 1 1 1 
1 1 1 1 1 1 1 1 1 
1 1 1 1 1 1 1 1 1 
1 1 1 1 1 1 1 1 1 
1 1 1 1 1 1 1 1 1 
1 1 1 1 1 1 1 1 1 
1 1 1 1 1 1 1 1 1 
1 1 1 1 1 1 1 1 1 
1 1 1 1 1 1 1 1 1 
1 1 1 1 1 1 1 1 1 
1 1 1 1 1 1 1 1 1 
1 1 1 1 1 1 1 1 1 
1 1 1 1 1 1 1 1 1 
1 1 1 1 1 1 1 1 1 
1 1 1 1 1 1 1 1 1 
1 1 1 1 1 1 1 1 1 
1 1 1 1 1 1 1 1 1 
1 1 1 1 1 1 1 1 1 
1 1 1 1 1 1 1 1 1 
1 1 1 1 1 1 1 1 1 
1 1 1 1 1 1 1 1 1 
1 1 1 1 1 1 1 1 1 
1 1 1 1 1 1 1 1 1 
1 1 1 1 1 1 1 1 1 
1 1 1 1 1 1 1 1 1 
1 1 1 1 1 1 1 1 1 
1 1 1 1 1 1 1 1 1 
1 1 1 1 1 1 1 1 1 
1 1 1 1 1 1 1 1 1 
1 1 1 1 1 1 1 1 1 
1 1 1 1 1 1 1 1 1 
1 1 1 1 1 1 1 1 1 
1 1 1 1 1 1 1 1 1 
1 1 1 1 1 1 1 1 1 
1 1 1 1 1 1 1 1 1 
1 1 1 1 1 1 1 1 1 
1 1 1 1 1 1 1 1 1 
1 1 1 1 1 1 1 1 1 
1 1 1 1 1 1 1 1 1 
1 1 1 1 1 1 1 1 1 
1 1 1 1 1 1 1 1 1 
1 1 1 1 1 1 1 1 1 
1 1 1 1 1 1 1 1 1 
1 1 1 1 1 1 1 1 1 
1 1 1 1 1 1 1 1 1 
1 1 1 1 1 1 1 1 1 
1 1 1 1 1 1 1 1 1 
1 1 1 1 1 1 1 1 1 
1 1 1 1 1 1 1 1 1 
1 1 1 1 1 1 1 1 1 
1 1 1 1 1 1 1 1 1 
1 1 1 1 1 1 1 1 1 
1 1 1 1 1 1 1 1 1 
1 1 1 1 1 1 1 1 1 
1 1 1 1 1 1 1 1 1 
1 1 1 1 1 1 1 1 1 
1 1 1 1 1 1 1 1 1 
1 1 1 1 1 1 1 1 1 
1 1 1 1 1 1 1 1 1 
1 1 1 1 1 1 1 1 1 
1 1 1 1 1 1 1 1 1 
1 1 1 1 1 1 1 1 1 
1 1 1 1 1 1 1 1 1 
1 1 1 1 1 1 1 1 1 
1 1 1 1 1 1 1 1 1 
1 1 1 1 1 1 1 1 1 
1 1 1 1 1 1 1 1 1 
1 1 1 1 1 1 1 1 1 
1 1 1 1 1 1 1 1 1 
1 1 1 1 1 1 1 1 1 
1 1 1 1 1 1 1 1 1 
1 1 1 1 1 1 1 1 1 
1 1 1 1 1 1 1 1 1 
1 1 1 1 1 1 1 1 1 
1 1 1 1 1 1 1 1 1 
1 1 1 1 1 1 1 1 1 
1 1 1 1 1 1 1 1 1 
1 1 1 1 1 1 1 1 1 
1 1 1 1 1 1 1 1 1 
1 1 1 1 1 1 1 1 1 
1 1 1 1 1 1 1 1 1 
1 1 1 1 1 1 1 1 1 
1 1 1 1 1 1 1 1 1 
1 1 1 1 1 1 1 1 1 
1 1 1 1 1 1 1 1 1 
1 1 1 1 1 1 1 1 1 
1 1 1 1 1 1 1 1 1 
1 1 1 1 1 1 1 1 1 
1 1 1 1 1 1 1 1 1 
1 1 1 1 1 1 1 1 1 
1 1 1 1 1 1 1 1 1 
1 1 1 1 1 1 1 1 1 
1 1 1 1 1 1 1 1 1 
1 1 1 1 1 1 1 1 1 
1 1 1 1 1 1 1 1 1 
1 1 1 1 1 1 1 1 1 
1 1 1 1 1 1 1 1 1 
1 1 1 1 1 1 1 1 1 
1 1 1 1 1 1 1 1 1 
1 1 1 1 1 1 1 1 1 
1 1 1 1 1 1 1 1 1 
1 1 1 1 1 1 1 1 1 
1 1 1 1 1 1 1 1 1 
1 1 1 1 1 1 1 1 1 
1 1 1 1 1 1 1 1 1 
1 1 1 1 1 1 1 1 1 
1 1 1 1 1 1 1 1 1 
1 1 1 1 1 1 1 1 1 
1 1 1 1 1 1 1 1 1 
1 1 1 1 1 1 1 1 1 
1 1 1 1 1 1 1 1 1 
1 1 1 1 1 1 1 1 1 
1 1 1 1 1 1 1 1 1 
1 1 1 1 1 1 1 1 1 
1 1 1 1 1 1 1 1 1 
1 1 1 1 1 1 1 1 1 
1 1 1 1 1 1 1 1 1 
1 1 1 1 1 1 1 1 1 
1 1 1 1 1 1 1 1 1 
1 1 1 1 1 1 1 1 1 
1 1 1 1 1 1 1 1 1 
1 1 1 1 1 1 1 1 1 
1 1 1 1 1 1 1 1 1 
1 1 1 1 1 1 1 1 1 
1 1 1 1 1 1 1 1 1 
1 1 1 1 1 1 1 1 1 
1 1 1 1 1 1 1 1 1 
1 1 1 1 1 1 1 1 1 
1 1 1 1 1 1 1 1 1 
1 1 1 1 1 1 1 1 1 
1 1 1 1 1 1 1 1 1 
1 1 1 1 1 1 1 1 1 
1 1 1 1 1 1 1 1 1 
1 1 1 1 1 1 1 1 1 
1 1 1 1 1 1 1 1 1 
1 1 1 1 1 1 1 1 1 
1 1 1 1 1 1 1 1 1 
1 1 1 1 1 1 1 1 1 
1 1 1 1 1 1 1 1 1 
1 1 1 1 1 1 1 1 1 
1 1 1 1 1 1 1 1 1 
1 1 1 1 1 1 1 1 1 
1 1 1 1 1 1 1 1 1 
1 1 1 1 1 1 1 1 1 
1 1 1 1 1 1 1 1 1 
1 1 1 1 1 1 1 1 1 
1 1 1 1 1 1 1 1 1 
1 1 1 1 1 1 1 1 1 
1 1 1 1 1 1 1 1 1 
1 1 1 1 1 1 1 1 1 
1 1 1 1 1 1 1 1 1 
1 1 1 1 1 1 1 1 1 
1 1 1 1 1 1 1 1 1 
1 1 1 1 1 1 1 1 1 
1 1 1 1 1 1 1 1 1 
1 1 1 1 1 1 1 1 1 
1 1 1 1 1 1 1 1 1 
1 1 1 1 1 1 1 1 1 
1 1 1 1 1 1 1 1 1 
1 1 1 1 1 1 1 1 1 
1 1 1 1 1 1 1 1 1 
1 1 1 1 1 1 1 1 1 
1 1 1 1 1 1 1 1 1 
1 1 1 1 1 1 1 1 1 
1 1 1 1 1 1 1 1 1 
1 1 1 1 1 1 1 1 1 
1 1 1 1 1 1 1 1 1 
1 1 1 1 1 1 1 1 1 
1 1 1 1 1 1 1 1 1 
1 1 1 1 1 1 1 1 1 
1 1 1 1 1 1 1 1 1 
1 1 1 1 1 1 1 1 1 
1 1 1 1 1 1 1 1 1 
1 1 1 1 1 1 1 1 1 
1 1 1 1 1 1 1 1 1 
1 1 1 1 1 1 1 1 1 
1 1 1 1 1 1 1 1 1 
1 1 1 1 1 1 1 1 1 
1 1 1 1 1 1 1 1 1 
1 1 1 1 1 1 1 1 1 
1 1 1 1 1 1 1 1 1 
1 1 1 1 1 1 1 1 1 
1 1 1 1 1 1 1 1 1 
1 1 1 1 1 1 1 1 1 
1 1 1 1 1 1 1 1 1 
1 1 1 1 1 1 1 1 1 
1 1 1 1 1 1 1 1 1 
1 1 1 1 1 1 1 1 1 
1 1 1 1 1 1 1 1 1 
1 1 1 1 1 1 1 1 1 
1 1 1 1 1 1 1 1 1 
1 1 1 1 1 1 1 1 1 
1 1 1 1 1 1 1 1 1 
1 1 1 1 1 1 1 1 1 
1 1 1 1 1 1 1 1 1 
1 1 1 1 1 1 1 1 1 
1 1 1 1 1 1 1 1 1 
1 1 1 1 1 1 1 1 1 
1 1 1 1 1 1 1 1 1 
1 1 1 1 1 1 1 1 1 
1 1 1 1 1 1 1 1 1 
1 1 1 1 1 1 1 1 1 
1 1 1 1 1 1 1 1 1 
1 1 1 1 1 1 1 1 1 
1 1 1 1 1 1 1 1 1 
1 1 1 1 1 1 1 1 1 
1 1 1 1 1 1 1 1 1 
1 1 1 1 1 1 1 1 1 
1 1 1 1 1 1 1 1 1 
1 1 1 1 1 1 1 1 1 
1 1 1 1 1 1 1 1 1 
1 1 1 1 1 1 1 1 1 
1 1 1 1 1 1 1 1 1 
1 1 1 1 1 1 1 1 1 
1 1 1 1 1 1 1 1 1 
1 1 1 1 1 1 1 1 1 
1 1 1 1 1 1 1 1 1 
1 1 1 1 1 1 1 1 1 
1 1 1 1 1 1 1 1 1 
1 1 1 1 1 1 1 1 1 
1 1 1 1 1 1 1 1 1 
1 1 1 1 1 1 1 1 1 
1 1 1 1 1 1 1 1 1 
1 1 1 1 1 1 1 1 1 
1 1 1 1 1 1 1 1 1 
1 1 1 1 1 1 1 1 1 
1 1 1 1 1 1 1 1 1 
1 1 1 1 1 1 1 1 1 
1 1 1 1 1 1 1 1 1 
1 1 1 1 1 1 1 1 1 
1 1 1 1 1 1 1 1 1 
1 1 1 1 1 1 1 1 1 
1 1 1 1 1 1 1 1 1 
1 1 1 1 1 1 1 1 1 
1 1 1 1 1 1 1 1 1 
1 1 1 1 1 1 1 1 1 
1 1 1 1 1 1 1 1 1 
1 1 1 1 1 1 1 1 1 
1 1 1 1 1 1 1 1 1 
1 1 1 1 1 1 1 1 1 
1 1 1 1 1 1 1 1 1 
1 1 1 1 1 1 1 1 1 
1 1 1 1 1 1 1 1 1 
1 1 1 1 1 1 1 1 1 
1 1 1 1 1 1 1 1 1 
1 1 1 1 1 1 1 1 1 
1 1 1 1 1 1 1 1 1 
1 1 1 1 1 1 1 1 1 
1 1 1 1 1 1 1 1 1 
1 1 1 1 1 1 1 1 1 
1 1 1 1 1 1 1 1 1 
1 1 1 1 1 1 1 1 1 
1 1 1 1 1 1 1 1 1 
1 1 1 1 1 1 1 1 1 
1 1 1 1 1 1 1 1 1 
1 1 1 1 1 1 1 1 1 
1 1 1 1 1 1 1 1 1 
1 1 1 1 1 1 1 1 1 
1 1 1 1 1 1 1 1 1 
1 1 1 1 1 1 1 1 1 
1 1 1 1 1 1 1 1 1 
1 1 1 1 1 1 1 1 1 
1 1 1 1 1 1 1 1 1 
1 1 1 1 1 1 1 1 1 
1 1 1 1 1 1 1 1 1 
1 1 1 1 1 1 1 1 1 
1 1 1 1 1 1 1 1 1 
1 1 1 1 1 1 1 1 1 
1 1 1 1 1 1 1 1 1 
1 1 1 1 1 1 1 1 1 
1 1 1 1 1 1 1 1 1 
1 1 1 1 1 1 1 1 1 
1 1 1 1 1 1 1 1 1 
1 1 1 1 1 1 1 1 1 
1 1 1 1 1 1 1 1 1 
1 1 1 1 1 1 1 1 1 
1 1 1 1 1 1 1 1 1 
1 1 1 1 1 1 1 1 1 
1 1 1 1 1 1 1 1 1 
1 1 1 1 1 1 1 1 1 
1 1 1 1 1 1 1 1 1 
1 1 1 1 1 1 1 1 1 
1 1 1 1 1 1 1 1 1 
1 1 1 1 1 1 1 1 1 
1 1 1 1 1 1 1 1 1 
1 1 1 1 1 1 1 1 1 
1 1 1 1 1 1 1 1 1 
1 1 1 1 1 1 1 1 1 
1 1 1 1 1 1 1 1 1 
1 1 1 1 1 1 1 1 1 
1 1 1 1 1 1 1 1 1 
1 1 1 1 1 1 1 1 1 
1 1 1 1 1 1 1 1 1 
1 1 1 1 1 1 1 1 1 
1 1 1 1 1 1 1 1 1 
1 1 1 1 1 1 1 1 1 
1 1 1 1 1 1 1 1 1 
1 1 1 1 1 1 1 1 1 
1 1 1 1 1 1 1 1 1 
1 1 1 1 1 1 1 1 1 
1 1 1 1 1 1 1 1 1 
1 1 1 1 1 1 1 1 1 
1 1 1 1 1 1 1 1 1 
1 1 1 1 1 1 1 1 1 
1 1 1 1 1 1 1 1 1 
1 1 1 1 1 1 1 1 1 
1 1 1 1 1 1 1 1 1 
1 1 1 1 1 1 1 1 1 
1 1 1 1 1 1 1 1 1 
1 1 1 1 1 1 1 1 1 
1 1 1 1 1 1 1 1 1 
1 1 1 1 1 1 1 1 1 
1 1 1 1 1 1 1 1 1 
1 1 1 1 1 1 1 1 1 
1 1 1 1 1 1 1 1 1 
1 1 1 1 1 1 1 1 1 
1 1 1 1 1 1 1 1 1 
1 1 1 1 1 1 1 1 1 
1 1 1 1 1 1 1 1 1 
1 1 1 1 1 1 1 1 1 
1 1 1 1 1 1 1 1 1 
1 1 1 1 1 1 1 1 1 
1 1 1 1 1 1 1 1 1 
1 1 1 1 1 1 1 1 1 
1 1 1 1 1 1 1 1 1 
1 1 1 1 1 1 1 1 1 
1 1 1 1 1 1 1 1 1 
1 1 1 1 1 1 1 1 1 
1 1 1 1 1 1 1 1 1 
1 1 1 1 1 1 1 1 1 
1 1 1 1 1 1 1 1 1 
1 1 1 1 1 1 1 1 1 
1 1 1 1 1 1 1 1 1 
1 1 1 1 1 1 1 1 1 
1 1 1 1 1 1 1 1 1 
1 1 1 1 1 1 1 1 1 
1 1 1 1 1 1 1 1 1 
1 1 1 1 1 1 1 1 1 
1 1 1 1 1 1 1 1 1 
1 1 1 1 1 1 1 1 1 
1 1 1 1 1 1 1 1 1 
1 1 1 1 1 1 1 1 1 
1 1 1 1 1 1 1 1 1 
1 1 1 1 1 1 1 1 1 
1 1 1 1 1 1 1 1 1 
1 1 1 1 1 1 1 1 1 
1 1 1 1 1 1 1 1 1 
1 1 1 1 1 1 1 1 1 
1 1 1 1 1 1 1 1 1 
1 1 1 1 1 1 1 1 1 
1 1 1 1 1 1 1 1 1 
1 1 1 1 1 1 1 1 1 
1 1 1 1 1 1 1 1 1 
1 1 1 1 1 1 1 1 1 
1 1 1 1 1 1 1 1 1 
1 1 1 1 1 1 1 1 1 
1 1 1 1 1 1 1 1 1 
1 1 1 1 1 1 1 1 1 
1 1 1 1 1 1 1 1 1 
1 1 1 1 1 1 1 1 1 
1 1 1 1 1 1 1 1 1 
1 1 1 1 1 1 1 1 1 
1 1 1 1 1 1 1 1 1 
1 1 1 1 1 1 1 1 1 
1 1 1 1 1 1 1 1 1 
1 1 1 1 1 1 1 1 1 
1 1 1 1 1 1 1 1 1 
1 1 1 1 1 1 1 1 1 
1 1 1 1 1 1 1 1 1 
1 1 1 1 1 1 1 1 1 
1 1 1 1 1 1 1 1 1 
1 1 1 1 1 1 1 1 1 
1 1 1 1 1 1 1 1 1 
1 1 1 1 1 1 1 1 1 
1 1 1 1 1 1 1 1 1 
1 1 1 1 1 1 1 1 1 
1 1 1 1 1 1 1 1 1 
1 1 1 1 1 1 1 1 1 
1 1 1 1 1 1 1 1 1 
1 1 1 1 1 1 1 1 1 
1 1 1 1 1 1 1 1 1 
1 1 1 1 1 1 1 1 1 
1 1 1 1 1 1 1 1 1 
1 1 1 1 1 1 1 1 1 
1 1 1 1 1 1 1 1 1 
1 1 1 1 1 1 1 1 1 
1 1 1 1 1 1 1 1 1 
1 1 1 1 1 1 1 1 1 
1 1 1 1 1 1 1 1 1 
1 1 1 1 1 1 1 1 1 
1 1 1 1 1 1 1 1 1 
1 1 1 1 1 1 1 1 1 
1 1 1 1 1 1 1 1 1 
1 1 1 1 1 1 1 1 1 
1 1 1 1 1 1 1 1 1 
1 1 1 1 1 1 1 1 1 
1 1 1 1 1 1 1 1 1 
1 1 1 1 1 1 1 1 1 
1 1 1 1 1 1 1 1 1 
1 1 1 1 1 1 1 1 1 
1 1 1 1 1 1 1 1 1 
1 1 1 1 1 1 1 1 1 
1 1 1 1 1 1 1 1 1 
1 1 1 1 1 1 1 1 1 
1 1 1 1 1 1 1 1 1 
1 1 1 1 1 1 1 1 1 
1 1 1 1 1 1 1 1 1 
1 1 1 1 1 1 1 1 1 
1 1 1 1 1 1 1 1 1 
1 1 1 1 1 1 1 1 1 
1 1 1 1 1 1 1 1 1 
1 1 1 1 1 1 1 1 1 
1 1 1 1 1 1 1 1 1 
1 1 1 1 1 1 1 1 1 
1 1 1 1 1 1 1 1 1 
1 1 1 1 1 1 1 1 1 
1 1 1 1 1 1 1 1 1 
1 1 1 1 1 1 1 1 1 
1 1 1 1 1 1 1 1 1 
1 1 1 1 1 1 1 1 1 
1 1 1 1 1 1 1 1 1 
1 1 1 1 1 1 1 1 1 
1 1 1 1 1 1 1 1 1 
1 1 1 1 1 1 1 1 1 
1 1 1 1 1 1 1 1 1 
1 1 1 1 1 1 1 1 1 
1 1 1 1 1 1 1 1 1 
1 1 1 1 1 1 1 1 1 
1 1 1 1 1 1 1 1 1 
1 1 1 1 1 1 1 1 1 
1 1 1 1 1 1 1 1 1 
1 1 1 1 1 1 1 1 1 
1 1 1 1 1 1 1 1 1 
1 1 1 1 1 1 1 1 1 
1 1 1 1 1 1 1 1 1 
1 1 1 1 1 1 1 1 1 
1 1 1 1 1 1 1 1 1 
1 1 1 1 1 1 1 1 1 
1 1 1 1 1 1 1 1 1 
1 1 1 1 1 1 1 1 1 
1 1 1 1 1 1 1 1 1 
1 1 1 1 1 1 1 1 1 
1 1 1 1 1 1 1 1 1 
1 1 1 1 1 1 1 1 1 
1 1 1 1 1 1 1 1 1 
1 1 1 1 1 1 1 1 1 
1 1 1 1 1 1 1 1 1 
1 1 1 1 1 1 1 1 1 
1 1 1 1 1 1 1 1 1 
1 1 1 1 1 1 1 1 1 
1 1 1 1 1 1 1 1 1 
1 1 1 1 1 1 1 1 1 
1 1 1 1 1 1 1 1 1 
1 1 1 1 1 1 1 1 1 
1 1 1 1 1 1 1 1 1 
1 1 1 1 1 1 1 1 1 
1 1 1 1 1 1 1 1 1 
1 1 1 1 1 1 1 1 1 
1 1 1 1 1 1 1 1 1 
1 1 1 1 1 1 1 1 1 
1 1 1 1 1 1 1 1 1 
1 1 1 1 1 1 1 1 1 
1 1 1 1 1 1 1 1 1 
1 1 1 1 1 1 1 1 1 
1 1 1 1 1 1 1 1 1 
1 1 1 1 1 1 1 1 1 
1 1 1 1 1 1 1 1 1 
1 1 1 1 1 1 1 1 1 
1 1 1 1 1 1 1 1 1 
1 1 1 1 1 1 1 1 1 
1 1 1 1 1 1 1 1 1 
1 1 1 1 1 1 1 1 1 
1 1 1 1 1 1 1 1 1 
1 1 1 1 1 1 1 1 1 
1 1 1 1 1 1 1 1 1 
1 1 1 1 1 1 1 1 1 
1 1 1 1 1 1 1 1 1 
1 1 1 1 1 1 1 1 1 
1 1 1 1 1 1 1 1 1 
1 1 1 1 1 1 1 1 1 
1 1 1 1 1 1 1 1 1 
1 1 1 1 1 1 1 1 1 
1 1 1 1 1 1 1 1 1 
1 1 1 1 1 1 1 1 1 
1 1 1 1 1 1 1 1 1 
1 1 1 1 1 1 1 1 1 
1 1 1 1 1 1 1 1 1 
1 1 1 1 1 1 1 1 1 
1 1 1 1 1 1 1 1 1 
1 1 1 1 1 1 1 1 1 
1 
