# vtk DataFile Version 5.1
vtk output
ASCII
DATASET POLYDATA
POINTS 2940 float
0.0509217 0.00402116 0.62567 0.0510816 0.000973359 0.604292 0.0651499 0.0146203 0.613358 
0.0205265 0.00105099 0.625866 0.0206864 -0.00199681 0.604488 0.00435944 0.00867996 0.613751 
0.0486631 0.0283449 0.644 0.0628913 0.038944 0.631688 0.0182678 0.0253747 0.644196 
-0.0119675 0.0193567 0.623014 -0.0121274 0.0224045 0.644392 -0.0425226 0.0194344 0.644589 
-0.0423627 0.0163866 0.62321 -0.0729178 0.0164642 0.644785 -0.0727579 0.0134164 0.623406 
-0.0890848 0.0240932 0.632669 0.0464045 0.0526686 0.66233 0.0606327 0.0632677 0.650018 
0.0160092 0.0496984 0.662526 -0.014386 0.0467283 0.662722 -0.0447812 0.0437581 0.662918 
-0.0751764 0.0407879 0.663115 -0.105412 0.0347699 0.641932 -0.105572 0.0378177 0.663311 
-0.121739 0.0454467 0.651195 0.0443057 0.0739445 0.659281 0.0139105 0.0709743 0.659477 
-0.00241639 0.0816511 0.66874 -0.0166446 0.071052 0.681052 -0.0470398 0.0680818 0.681248 
-0.077435 0.0651116 0.681444 -0.10783 0.0621415 0.681641 -0.123997 0.0697704 0.669525 
-0.0187433 0.0923279 0.678003 -0.0491385 0.0893577 0.678199 -0.0795337 0.0863876 0.678396 
-0.109929 0.0834174 0.678592 0.329316 -0.0239903 0.544488 0.329476 -0.0270381 0.523109 
0.343544 -0.0133912 0.532176 0.313149 -0.0163614 0.532372 0.268525 -0.0299307 0.54488 
0.268685 -0.0329785 0.523502 0.282753 -0.0193315 0.532568 0.23813 -0.0329009 0.545076 
0.23829 -0.0359487 0.523698 0.207735 -0.035871 0.545273 0.207895 -0.0389188 0.523894 
0.191568 -0.0282421 0.533157 0.327217 -0.00271443 0.541439 0.296822 -0.0056846 0.541635 
0.31089 0.00796235 0.550702 0.296662 -0.0026368 0.563014 0.266267 -0.00560697 0.56321 
0.235871 -0.00857714 0.563406 0.205476 -0.0115473 0.563602 0.175241 -0.0175653 0.54242 
0.175081 -0.0145175 0.563799 0.144686 -0.0174877 0.563995 0.144846 -0.0205355 0.542616 
0.114291 -0.0204578 0.564191 0.11445 -0.0235056 0.542812 0.0838953 -0.023428 0.564387 
0.0840552 -0.0264758 0.543008 0.0535001 -0.0263982 0.564583 0.05366 -0.029446 0.543204 
0.0373331 -0.0187692 0.552467 0.294563 0.0186391 0.559965 0.278236 0.0293159 0.569228 
0.264008 0.0187168 0.58154 0.233613 0.0157466 0.581736 0.203218 0.0127764 0.581932 
0.172822 0.00980624 0.582128 0.142427 0.00683607 0.582325 0.112032 0.0038659 0.582521 
0.0816367 0.000895729 0.582717 0.0512415 -0.00207444 0.582913 0.0210061 -0.00809241 0.56173 
0.0208462 -0.00504461 0.583109 -0.00954898 -0.00801478 0.583305 -0.00938908 -0.0110626 0.561926 
-0.0399442 -0.010985 0.583501 -0.0397843 -0.0140328 0.562122 -0.0561112 -0.00335598 0.571385 
0.261909 0.0399927 0.578491 0.231514 0.0370225 0.578687 0.201119 0.0340523 0.578883 
0.184792 0.0447291 0.588146 0.170564 0.03413 0.600458 0.140169 0.0311598 0.600654 
0.109773 0.0281896 0.600851 0.0793781 0.0252194 0.601047 -0.0118076 0.0163089 0.601635 
-0.0422028 0.0133388 0.601831 -0.0724381 0.0073208 0.580648 -0.072598 0.0103686 0.602027 
-0.102993 0.00739843 0.602223 -0.102833 0.00435063 0.580845 -0.11916 0.0150274 0.590108 
0.168465 0.0554059 0.597409 0.13807 0.0524357 0.597606 0.121743 0.0631125 0.606869 
0.107515 0.0525133 0.61918 0.0771195 0.0495432 0.619377 -0.105252 0.0317221 0.620553 
-0.135487 0.0257042 0.599371 -0.135647 0.028752 0.620749 -0.151814 0.036381 0.608634 
0.105416 0.0737893 0.616132 0.0750207 0.0708191 0.616328 0.0586938 0.0814959 0.625591 
-0.137906 0.0530757 0.639079 -0.168141 0.0470577 0.617897 -0.168301 0.0501055 0.639275 
-0.184468 0.0577345 0.62716 0.0423669 0.0921726 0.634854 0.0119717 0.0892025 0.63505 
-0.00435522 0.0998792 0.644313 -0.125936 0.0879986 0.645097 -0.140004 0.0743516 0.63603 
-0.1704 0.0713814 0.636226 -0.0206821 0.110556 0.653576 -0.0510774 0.107586 0.653772 
-0.0814726 0.104616 0.653968 -0.111868 0.101646 0.654164 0.362289 -0.0514395 0.483205 
0.362449 -0.0544873 0.461826 0.376517 -0.0408404 0.470893 0.331894 -0.0544097 0.483401 
0.332054 -0.0574575 0.462022 0.301499 -0.0573798 0.483597 0.301659 -0.0604276 0.462218 
0.271104 -0.06035 0.483793 0.271264 -0.0633978 0.462414 0.240708 -0.0633202 0.483989 
0.240868 -0.066368 0.46261 0.210313 -0.0662903 0.484185 0.210473 -0.0693382 0.462806 
0.194146 -0.0586614 0.472069 0.360031 -0.0271158 0.501535 0.374259 -0.0165166 0.489223 
0.329635 -0.0300859 0.501731 0.29924 -0.0330561 0.501927 0.268845 -0.0360263 0.502123 
0.23845 -0.0389965 0.502319 0.208055 -0.0419666 0.502515 0.177819 -0.0479846 0.481332 
0.177659 -0.0449368 0.502711 0.147264 -0.047907 0.502907 0.147424 -0.0509548 0.481529 
0.131097 -0.040278 0.490792 0.357772 -0.00279206 0.519864 0.372 0.00780709 0.507553 
0.296982 -0.0087324 0.520257 0.175401 -0.0206131 0.521041 0.145006 -0.0235833 0.521237 
0.11477 -0.0296012 0.500055 0.11461 -0.0265534 0.521433 0.0842151 -0.0295236 0.521629 
0.084375 -0.0325714 0.500251 0.0538199 -0.0324938 0.521825 0.0539798 -0.0355416 0.500447 
0.0376528 -0.0248648 0.50971 0.355673 0.0184839 0.516816 0.325118 0.0185615 0.53839 
0.339346 0.0291606 0.526079 0.021166 -0.0111402 0.540352 0.0213259 -0.014188 0.518973 
-0.00922919 -0.0141104 0.540548 -0.0090693 -0.0171582 0.519169 -0.0396244 -0.0170806 0.540744 
-0.0394645 -0.0201284 0.519365 -0.0557914 -0.00945158 0.528628 0.32302 0.0398374 0.535342 
0.292464 0.039915 0.556916 0.306693 0.0505142 0.544605 -0.0722782 0.004273 0.55927 
-0.0721183 0.0012252 0.537891 -0.102673 0.00130283 0.559466 -0.102514 -0.00174497 0.538087 
-0.133069 -0.00166734 0.559662 -0.132909 -0.00471514 0.538283 -0.149236 0.00596163 0.547546 
0.290366 0.061191 0.553868 0.25997 0.0582208 0.554064 0.229575 0.0552506 0.55426 
0.19902 0.0553283 0.575835 0.213248 0.0659274 0.563523 -0.135327 0.0226564 0.577992 
-0.165563 0.0166384 0.556809 -0.165723 0.0196862 0.578188 -0.18189 0.0273152 0.566072 
0.196921 0.0766042 0.572786 0.166526 0.073634 0.572982 0.136131 0.0706638 0.573178 
0.119804 0.0813406 0.582441 -0.167981 0.0440099 0.596518 -0.198216 0.037992 0.575335 
-0.198376 0.0410398 0.596714 -0.214543 0.0486687 0.584598 0.103477 0.0920174 0.591704 
0.0730819 0.0890472 0.5919 0.0426867 0.086077 0.592096 0.0425268 0.0891248 0.613475 
0.0263598 0.0967538 0.601359 -0.200475 0.0623157 0.593665 -0.186407 0.0759626 0.602732 
0.0100329 0.107431 0.610622 -0.0203624 0.10446 0.610818 -0.0205222 0.107508 0.632197 
-0.0507576 0.10149 0.611014 -0.0509175 0.104538 0.632393 -0.0670845 0.112167 0.620277 
-0.111708 0.0985977 0.632785 -0.0974797 0.109197 0.620474 -0.111548 0.0955499 0.611407 
-0.141943 0.0925797 0.611603 -0.172338 0.0896096 0.611799 -0.0834114 0.122844 0.62954 
0.362609 -0.0575351 0.440447 0.362769 -0.0605829 0.419068 0.376837 -0.0469359 0.428135 
0.332214 -0.0605053 0.440643 0.332374 -0.0635531 0.419265 0.301819 -0.0634754 0.440839 
0.301978 -0.0665232 0.419461 0.271423 -0.0664456 0.441035 0.271583 -0.0694934 0.419657 
0.255256 -0.0588166 0.42892 0.374579 -0.0226122 0.446465 0.238929 -0.0481399 0.438183 
0.208534 -0.05111 0.438379 0.177979 -0.0510324 0.459954 0.178139 -0.0540802 0.438575 
0.161812 -0.0434034 0.447838 0.37232 0.00171149 0.464795 0.145485 -0.0327266 0.457101 
0.11493 -0.032649 0.478676 0.11509 -0.0356968 0.457297 0.0845349 -0.0356192 0.478872 
0.0846948 -0.038667 0.457493 0.0541396 -0.0385894 0.479068 0.0542995 -0.0416372 0.457689 
0.0379726 -0.0309604 0.466952 0.370061 0.0260352 0.483125 0.0214858 -0.0172358 0.497594 
0.0216457 -0.0202836 0.476215 -0.00890941 -0.020206 0.49779 -0.00874952 -0.0232538 0.476411 
-0.0393046 -0.0231762 0.497986 -0.0391447 -0.026224 0.476608 -0.0696998 -0.0261463 0.498182 
-0.06954 -0.0291941 0.476804 -0.100095 -0.0291165 0.498378 -0.0999352 -0.0321643 0.477 
-0.13049 -0.0320867 0.498575 -0.13033 -0.0351345 0.477196 -0.160886 -0.0350568 0.498771 
-0.160726 -0.0381046 0.477392 -0.191281 -0.038027 0.498967 -0.191121 -0.0410748 0.477588 
-0.207448 -0.030398 0.486851 0.353735 0.036712 0.492388 0.337408 0.0473888 0.501651 
-0.0719585 -0.0018226 0.516512 -0.102354 -0.00479277 0.516708 -0.132749 -0.00776294 0.516904 
-0.163144 -0.0107331 0.517101 -0.193539 -0.0137033 0.517297 -0.223775 -0.0197213 0.496114 
-0.223935 -0.0166735 0.517493 -0.240102 -0.00904448 0.505377 0.321081 0.0580655 0.510914 
0.304754 0.0687423 0.520177 -0.165403 0.0135906 0.53543 -0.195798 0.0106204 0.535627 
-0.211965 0.0182494 0.523511 -0.226033 0.00460246 0.514444 0.288427 0.0794191 0.52944 
0.258032 0.0764489 0.529636 0.227636 0.0734787 0.529832 0.211309 0.0841555 0.539095 
-0.198057 0.0349442 0.553956 -0.228292 0.0289262 0.532774 -0.228452 0.031974 0.554153 
-0.244619 0.039603 0.542037 0.194983 0.0948323 0.548358 0.164587 0.0918621 0.548554 
0.134192 0.088892 0.54875 0.103797 0.0859218 0.548947 0.103637 0.0889696 0.570325 
0.0734017 0.0829516 0.549143 0.0732418 0.0859994 0.570521 0.0570748 0.0936284 0.558406 
-0.23055 0.0532499 0.551104 -0.216482 0.0668968 0.560171 0.0407479 0.104305 0.567669 
0.0103527 0.101335 0.567865 0.0101928 0.104383 0.589243 -0.00597426 0.112012 0.577128 
-0.188346 0.0941907 0.578304 -0.202414 0.0805438 0.569238 -0.0223012 0.122689 0.586391 
-0.0526964 0.119718 0.586587 -0.0830916 0.116748 0.586783 -0.0832515 0.119796 0.608162 
-0.113487 0.113778 0.586979 -0.143882 0.110808 0.587175 -0.174277 0.107838 0.587371 
0.334792 -0.0909246 0.379556 0.334952 -0.0939724 0.358177 0.34902 -0.0803254 0.367244 
0.304397 -0.0938948 0.379752 0.304557 -0.0969426 0.358373 0.274002 -0.0968649 0.379948 
0.274162 -0.0999127 0.358569 0.257835 -0.089236 0.367832 0.332534 -0.0666009 0.397886 
0.346762 -0.0560017 0.385574 0.302138 -0.069571 0.398082 0.271743 -0.0725412 0.398278 
0.255576 -0.0649122 0.386162 0.36083 -0.0423548 0.394641 0.374898 -0.0287078 0.403708 
0.239089 -0.0511877 0.416804 0.239249 -0.0542355 0.395425 0.208694 -0.0541578 0.417 
0.208854 -0.0572056 0.395621 0.192527 -0.0465289 0.404884 0.37264 -0.00438411 0.422038 
0.1762 -0.0358521 0.414147 0.145645 -0.0357745 0.435722 0.145805 -0.0388222 0.414344 
0.11525 -0.0387446 0.435918 0.11541 -0.0417924 0.41454 0.0848546 -0.0417148 0.436114 
0.0850145 -0.0447626 0.414736 0.0686876 -0.0340858 0.423999 0.370381 0.0199396 0.440368 
0.0523607 -0.023409 0.433262 0.0218056 -0.0233314 0.454837 0.0219655 -0.0263792 0.433458 
-0.00858962 -0.0263016 0.455033 -0.00842973 -0.0293494 0.433654 -0.0389848 -0.0292718 0.455229 
-0.038825 -0.0323196 0.43385 -0.0693801 -0.0322419 0.455425 -0.0692202 -0.0352897 0.434046 
-0.0997753 -0.0352121 0.455621 -0.0996154 -0.0382599 0.434242 -0.130171 -0.0381823 0.455817 
-0.130011 -0.0412301 0.434438 -0.160566 -0.0411524 0.456013 -0.160406 -0.0442002 0.434634 
-0.190961 -0.0441226 0.456209 -0.190801 -0.0471704 0.434831 -0.207128 -0.0364936 0.444094 
0.368123 0.0442633 0.458697 -0.209387 -0.0121699 0.462423 0.351796 0.0549401 0.46796 
0.335469 0.0656169 0.477223 -0.225873 0.00155466 0.493065 -0.211645 0.0121538 0.480753 
0.319142 0.0762937 0.486486 0.302815 0.0869704 0.495749 -0.213904 0.0364775 0.499083 
0.286488 0.0976472 0.505012 0.256093 0.094677 0.505209 0.225698 0.0917069 0.505405 
0.195302 0.0887367 0.505601 0.195142 0.0917845 0.52698 0.164907 0.0857665 0.505797 
0.164747 0.0888143 0.527176 0.14858 0.0964433 0.51506 -0.230231 0.0471543 0.508346 
-0.246558 0.0578311 0.517609 0.132253 0.10712 0.524323 0.101858 0.10415 0.524519 
0.0714629 0.10118 0.524715 0.0410677 0.0982096 0.524911 0.0409078 0.101257 0.54629 
0.0247407 0.108886 0.534174 -0.218421 0.085125 0.535743 -0.232489 0.071478 0.526676 
0.00841382 0.119563 0.543437 -0.0219814 0.116593 0.543633 -0.0221413 0.119641 0.565012 
-0.0523766 0.113623 0.543829 -0.0525365 0.116671 0.565208 -0.0687035 0.1243 0.553092 
-0.174117 0.10479 0.565993 -0.159889 0.115389 0.553681 -0.173957 0.101742 0.544614 
-0.204353 0.0987719 0.54481 -0.0850304 0.134976 0.562355 -0.115426 0.132006 0.562551 
-0.145821 0.129036 0.562748 0.304717 -0.0999904 0.336995 0.304877 -0.103038 0.315616 
0.318945 -0.0893912 0.324683 0.274322 -0.102961 0.337191 0.274481 -0.106008 0.315812 
0.243926 -0.105931 0.337387 0.244086 -0.108979 0.316008 0.227759 -0.0983017 0.325271 
0.333013 -0.0757443 0.33375 0.347082 -0.0620973 0.342817 0.241668 -0.081607 0.355717 
0.211432 -0.087625 0.334534 0.211273 -0.0845772 0.355913 0.195106 -0.0769482 0.343797 
0.344823 -0.0377736 0.361146 0.239409 -0.0572833 0.374047 0.209014 -0.0602534 0.374243 
0.192847 -0.0526245 0.362127 0.358891 -0.0241267 0.370213 0.37296 -0.0104797 0.37928 
0.17636 -0.0388999 0.392769 0.17652 -0.0419477 0.37139 0.145965 -0.0418701 0.392965 
0.146125 -0.0449179 0.371586 0.11557 -0.0448402 0.393161 0.11573 -0.047888 0.371782 
0.0851744 -0.0478104 0.393357 0.0853343 -0.0508582 0.371978 0.0690074 -0.0401814 0.381241 
0.370701 0.013844 0.39761 0.0525206 -0.0264568 0.411883 0.0526805 -0.0295046 0.390504 
0.0221254 -0.029427 0.412079 0.0222853 -0.0324748 0.3907 -0.00826984 -0.0323972 0.412275 
-0.00810995 -0.035445 0.390896 -0.0386651 -0.0353674 0.412471 -0.0385052 -0.0384152 0.391093 
-0.0690603 -0.0383375 0.412667 -0.0689004 -0.0413853 0.391289 -0.0994555 -0.0413077 0.412864 
-0.0992956 -0.0443555 0.391485 -0.129851 -0.0442779 0.41306 -0.129691 -0.0473257 0.391681 
-0.160246 -0.047248 0.413256 -0.160086 -0.0502958 0.391877 -0.190641 -0.0502182 0.413452 
-0.190481 -0.053266 0.392073 -0.206808 -0.0425892 0.401336 0.354374 0.0245208 0.406873 
0.354214 0.0275686 0.428252 0.338047 0.0351976 0.416136 -0.209067 -0.0182655 0.419666 
0.351956 0.0518923 0.446582 0.335789 0.0595213 0.434466 -0.211325 0.00605821 0.437996 
0.319462 0.0701981 0.443729 0.319302 0.0732459 0.465108 0.303135 0.0808748 0.452992 
-0.213584 0.0303819 0.456326 0.286808 0.0915516 0.462255 0.286648 0.0945994 0.483634 
0.270481 0.102228 0.471518 -0.215843 0.0547056 0.474656 0.254154 0.112905 0.480781 
0.223759 0.109935 0.480977 0.193364 0.106965 0.481173 0.162968 0.103995 0.481369 
0.132573 0.101024 0.481565 0.132413 0.104072 0.502944 0.102178 0.0980543 0.481762 
0.102018 0.101102 0.50314 0.085851 0.108731 0.491024 -0.23217 0.0653824 0.483919 
-0.248496 0.0760592 0.493182 0.069524 0.119408 0.500288 0.0391288 0.116438 0.500484 
0.00873361 0.113468 0.50068 0.00857372 0.116515 0.522058 -0.00759331 0.124144 0.509943 
-0.204193 0.0957241 0.523431 -0.189965 0.106323 0.511119 -0.204033 0.0926763 0.502052 
-0.234428 0.0897061 0.502249 -0.0239202 0.134821 0.519206 -0.0543154 0.131851 0.519402 
-0.0847107 0.128881 0.519598 -0.0848706 0.131929 0.540977 -0.115106 0.125911 0.519794 
-0.115266 0.128958 0.541173 -0.145501 0.12294 0.51999 -0.145661 0.125988 0.541369 
-0.175896 0.11997 0.520186 0.185714 -0.14229 0.276692 0.185874 -0.145338 0.255313 
0.199943 -0.131691 0.26438 0.169547 -0.134661 0.264576 0.244246 -0.112026 0.294629 
0.244406 -0.115074 0.273251 0.258474 -0.101427 0.282317 0.213851 -0.114996 0.294825 
0.214011 -0.118044 0.273447 0.183456 -0.117967 0.295022 0.167289 -0.110338 0.282906 
0.302938 -0.08481 0.291188 0.317006 -0.0711631 0.300255 0.272543 -0.0877802 0.291384 
0.211592 -0.0906727 0.313155 0.181197 -0.0936429 0.313351 0.150962 -0.0996609 0.292169 
0.150802 -0.0966131 0.313548 0.134635 -0.0889841 0.301432 -0.183546 -0.129285 0.315705 
-0.183386 -0.132333 0.294326 -0.169317 -0.118686 0.303393 -0.213941 -0.132255 0.315901 
-0.213781 -0.135303 0.294522 -0.230108 -0.124626 0.303785 0.331074 -0.0575161 0.309322 
0.345143 -0.0438692 0.318389 0.178938 -0.0693192 0.331681 0.148543 -0.0722894 0.331877 
0.132376 -0.0646604 0.319762 -0.125014 -0.0990209 0.333642 -0.124854 -0.102069 0.312264 
-0.110786 -0.0884218 0.321331 -0.155409 -0.101991 0.333838 -0.155249 -0.105039 0.31246 
-0.185804 -0.104961 0.334035 -0.216199 -0.107931 0.334231 -0.246435 -0.113949 0.313048 
-0.246595 -0.110902 0.334427 -0.27699 -0.113872 0.334623 -0.27683 -0.11692 0.313244 
-0.293157 -0.106243 0.322507 0.342884 -0.0195455 0.336719 0.17668 -0.0449955 0.350011 
0.146285 -0.0479656 0.350207 0.116049 -0.0539836 0.329025 0.115889 -0.0509358 0.350403 
0.0854942 -0.053906 0.3506 0.0856541 -0.0569538 0.329221 0.055099 -0.0568762 0.350796 
0.0552589 -0.059924 0.329417 0.0247038 -0.0598463 0.350992 0.0248637 -0.0628941 0.329613 
-0.00569145 -0.0628165 0.351188 -0.00553155 -0.0658643 0.329809 -0.0360867 -0.0657867 0.351384 
-0.0359268 -0.0688345 0.330005 -0.0664819 -0.0687568 0.35158 -0.066322 -0.0718046 0.330201 
-0.0968771 -0.071727 0.351776 -0.0967172 -0.0747748 0.330397 -0.127272 -0.0746972 0.351972 
-0.157668 -0.0776674 0.352168 -0.173835 -0.0700384 0.340053 -0.187903 -0.0836853 0.330986 
-0.218298 -0.0866555 0.331182 -0.248693 -0.0896257 0.331378 -0.279089 -0.0925958 0.331574 
0.356952 -0.00589854 0.345786 0.371021 0.00774841 0.354853 0.0528404 -0.0325524 0.369126 
0.0224452 -0.0355226 0.369322 -0.00795006 -0.0384928 0.369518 -0.0383453 -0.041463 0.369714 
-0.0687405 -0.0444331 0.36991 -0.0991357 -0.0474033 0.370106 -0.129531 -0.0503735 0.370302 
-0.159926 -0.0533436 0.370498 -0.190161 -0.0593616 0.349316 -0.190321 -0.0563138 0.370694 
-0.206488 -0.0486848 0.358579 0.354694 0.0184252 0.364116 0.354534 0.021473 0.385494 
0.338367 0.029102 0.373379 -0.222975 -0.0349603 0.38922 -0.222815 -0.0380081 0.367842 
-0.239142 -0.0273313 0.377105 0.336108 0.0534257 0.391708 -0.225234 -0.0106365 0.40755 
-0.241401 -0.00300756 0.395435 0.319781 0.0641025 0.400972 0.319622 0.0671503 0.42235 
0.303455 0.0747792 0.410235 -0.227492 0.0136872 0.42588 -0.243659 0.0213162 0.413764 
0.287128 0.085456 0.419497 0.286968 0.0885038 0.440876 0.270801 0.0961328 0.42876 
-0.229751 0.0380109 0.44421 -0.245918 0.0456399 0.432094 0.254474 0.10681 0.438024 
0.254314 0.109857 0.459402 0.238147 0.117486 0.447286 -0.23201 0.0623346 0.46254 
-0.248177 0.0699636 0.450424 0.22182 0.128163 0.456549 0.191425 0.125193 0.456746 
0.161029 0.122223 0.456942 0.130634 0.119253 0.457138 0.100239 0.116282 0.457334 
0.0698438 0.113312 0.45753 0.0696839 0.11636 0.478909 0.0394486 0.110342 0.457726 
0.0392887 0.11339 0.479105 0.0231217 0.121019 0.466989 -0.250435 0.0942873 0.468754 
0.00679478 0.131696 0.476252 -0.0236004 0.128725 0.476448 -0.0237603 0.131773 0.497827 
-0.0539957 0.125755 0.476644 -0.0541556 0.128803 0.498023 -0.0703226 0.136432 0.485907 
-0.145341 0.119893 0.498611 -0.131113 0.130492 0.4863 -0.145181 0.116845 0.477233 
-0.175577 0.113875 0.477429 -0.175736 0.116922 0.498808 -0.205972 0.110904 0.477625 
-0.236367 0.107934 0.477821 -0.0866495 0.147109 0.49517 -0.117045 0.144139 0.495366 
0.155639 -0.151356 0.23413 0.155799 -0.154404 0.212752 0.169867 -0.140757 0.221818 
0.125244 -0.154326 0.234326 0.125404 -0.157374 0.212948 0.109077 -0.146697 0.222211 
0.183935 -0.12711 0.230885 0.198004 -0.113463 0.239952 0.15338 -0.127032 0.25246 
0.122985 -0.130003 0.252656 0.0927497 -0.136021 0.231474 0.0925898 -0.132973 0.252852 
0.0764228 -0.125344 0.240737 0.242467 -0.096846 0.248823 0.256536 -0.083199 0.25789 
0.212072 -0.0998162 0.249019 0.151122 -0.102709 0.27079 0.120726 -0.105679 0.270986 
0.0903312 -0.108649 0.271182 0.0741642 -0.10102 0.259067 -0.122435 -0.12944 0.272555 
-0.122275 -0.132488 0.251176 -0.108207 -0.118841 0.260243 -0.152831 -0.13241 0.272751 
-0.152671 -0.135458 0.251372 -0.183226 -0.135381 0.272947 -0.183066 -0.138428 0.251568 
-0.199393 -0.127752 0.260832 0.300839 -0.0635341 0.288139 0.284672 -0.0559051 0.276024 
0.270604 -0.0695521 0.266957 0.118468 -0.0813551 0.289316 0.0880726 -0.0843253 0.289512 
0.0578373 -0.0903433 0.26833 0.0576774 -0.0872955 0.289708 0.0272822 -0.0902657 0.289904 
0.0274421 -0.0933135 0.268526 -0.00311305 -0.0932358 0.2901 -0.00295316 -0.0962836 0.268722 
-0.0335083 -0.096206 0.290297 -0.0333484 -0.0992538 0.268918 -0.0639035 -0.0991762 0.290493 
-0.0637436 -0.102224 0.269114 -0.0942987 -0.102146 0.290689 -0.0941388 -0.105194 0.26931 
-0.124694 -0.105117 0.290885 -0.155089 -0.108087 0.291081 -0.21572 -0.117075 0.270095 
-0.246275 -0.116997 0.291669 -0.246115 -0.120045 0.270291 -0.27667 -0.119967 0.291865 
-0.27651 -0.123015 0.270487 -0.292837 -0.112338 0.27975 0.328976 -0.0362402 0.306273 
0.312809 -0.0286113 0.294157 0.29874 -0.0422582 0.285091 0.116209 -0.0570314 0.307646 
0.085814 -0.0600016 0.307842 0.0554188 -0.0629718 0.308038 0.0250236 -0.0659419 0.308234 
-0.00537166 -0.0689121 0.30843 -0.0357669 -0.0718823 0.308626 -0.0661621 -0.0748524 0.308823 
-0.0965573 -0.0778226 0.309019 -0.309324 -0.0986138 0.310391 -0.309164 -0.101662 0.289013 
-0.339719 -0.101584 0.310588 -0.339559 -0.104632 0.289209 -0.355886 -0.093955 0.298472 
0.326877 -0.0149643 0.303224 0.340945 -0.00131736 0.312291 -0.190002 -0.0624094 0.327937 
-0.220397 -0.0653796 0.328133 -0.250792 -0.0683497 0.328329 -0.281187 -0.0713199 0.328525 
-0.297354 -0.0636909 0.316409 -0.311423 -0.0773379 0.307343 -0.341818 -0.0803081 0.307539 
0.354854 0.0153774 0.342737 0.338687 0.0230064 0.330621 -0.222655 -0.0410559 0.346463 
-0.253051 -0.044026 0.346659 -0.269218 -0.0363971 0.334543 -0.283286 -0.050044 0.325476 
0.336428 0.0473301 0.348951 -0.255309 -0.0197023 0.364989 -0.271476 -0.0120733 0.352873 
0.320101 0.0580069 0.358214 0.319941 0.0610547 0.379593 0.303774 0.0686836 0.367477 
-0.257568 0.00462141 0.383319 -0.273735 0.0122504 0.371203 0.287447 0.0793604 0.37674 
0.287287 0.0824082 0.398119 0.27112 0.0900372 0.386003 -0.259826 0.0289451 0.401649 
-0.275993 0.0365741 0.389533 0.254794 0.100714 0.395266 0.254634 0.103762 0.416645 
0.238467 0.111391 0.404529 -0.262085 0.0532689 0.419979 -0.278252 0.0608978 0.407863 
0.22214 0.122068 0.413792 0.22198 0.125115 0.435171 0.191744 0.119097 0.413988 
0.191585 0.122145 0.435367 0.175418 0.129774 0.423251 -0.264344 0.0775926 0.438309 
-0.294579 0.0715746 0.417126 -0.294739 0.0746224 0.438505 -0.310906 0.0822514 0.426389 
0.159091 0.140451 0.432514 0.128695 0.137481 0.43271 0.0983002 0.134511 0.432906 
0.067905 0.13154 0.433102 0.0375098 0.12857 0.433299 0.00711456 0.1256 0.433495 
0.00695467 0.128648 0.454873 -0.00921235 0.136277 0.442758 -0.236207 0.104886 0.456442 
-0.221979 0.115486 0.44413 -0.236047 0.101839 0.435064 -0.266442 0.0988685 0.43526 
-0.296838 0.0958983 0.435456 -0.0255393 0.146954 0.452021 -0.0559345 0.143983 0.452217 
-0.0863297 0.141013 0.452413 -0.0864896 0.144061 0.473792 -0.116725 0.138043 0.452609 
-0.116885 0.141091 0.473988 -0.14712 0.135073 0.452805 -0.177515 0.132103 0.453001 
-0.207911 0.129133 0.453197 0.15386 -0.136176 0.188324 0.167928 -0.122529 0.197391 
0.123465 -0.139146 0.18852 0.0929096 -0.139068 0.210095 0.0930695 -0.142116 0.188716 
0.0767426 -0.131439 0.197979 0.181997 -0.108882 0.206458 0.196065 -0.095235 0.215525 
0.0602558 -0.117715 0.228621 0.0604157 -0.120763 0.207242 0.0440888 -0.110086 0.216505 
-0.122116 -0.135536 0.229798 -0.121956 -0.138584 0.208419 -0.107887 -0.124937 0.217486 
-0.152511 -0.138506 0.229994 -0.152351 -0.141554 0.208615 -0.168678 -0.130877 0.217878 
0.240368 -0.0755701 0.245774 0.224201 -0.0679411 0.233658 0.210133 -0.081588 0.224592 
0.0579972 -0.0933911 0.246951 0.0277618 -0.0994091 0.225768 0.027602 -0.0963612 0.247147 
0.0114349 -0.0887323 0.235031 -0.0635837 -0.105272 0.247735 -0.0634238 -0.10832 0.226357 
-0.0493555 -0.0946726 0.235423 -0.0939789 -0.108242 0.247931 -0.093819 -0.11129 0.226553 
-0.185005 -0.1202 0.227141 -0.21556 -0.120123 0.248716 -0.2154 -0.12317 0.227337 
-0.245955 -0.123093 0.248912 -0.245795 -0.126141 0.227533 -0.262122 -0.115464 0.236796 
0.268505 -0.0482762 0.263908 0.252338 -0.0406472 0.251792 0.23827 -0.0542941 0.242725 
-0.00489199 -0.0780555 0.244294 -0.0352872 -0.0810257 0.24449 -0.278449 -0.104787 0.246059 
-0.309004 -0.104709 0.267634 -0.308844 -0.107757 0.246255 -0.339399 -0.10768 0.26783 
-0.339239 -0.110727 0.246451 -0.355566 -0.100051 0.255714 0.296642 -0.0209823 0.282042 
0.280475 -0.0133533 0.269926 0.266406 -0.0270002 0.260859 -0.32743 -0.0727567 0.273848 
-0.341658 -0.0833559 0.28616 -0.341498 -0.0864037 0.264781 0.324778 0.00631161 0.300176 
0.308611 0.0139406 0.28806 0.294543 0.000293644 0.278993 -0.299293 -0.0454628 0.291982 
-0.313361 -0.0591098 0.282915 0.32252 0.0306353 0.318505 0.306353 0.0382643 0.30639 
-0.285385 -0.0287681 0.322428 -0.301552 -0.0211391 0.310312 0.320261 0.0549591 0.336835 
0.304094 0.062588 0.32472 -0.287643 -0.00444436 0.340757 -0.30381 0.00318462 0.328642 
0.287767 0.0732648 0.333983 0.287607 0.0763126 0.355361 0.27144 0.0839416 0.343246 
-0.289902 0.0198794 0.359087 -0.306069 0.0275083 0.346972 0.255113 0.0946184 0.352509 
0.254953 0.0976662 0.373887 0.238786 0.105295 0.361772 -0.292161 0.0442031 0.377417 
-0.308328 0.0518321 0.365302 0.222459 0.115972 0.371035 0.2223 0.11902 0.392413 
0.206133 0.126649 0.380298 -0.294419 0.0685268 0.395747 -0.324654 0.0625088 0.374564 
-0.324814 0.0655566 0.395943 -0.340981 0.0731856 0.383828 0.189806 0.137325 0.389561 
0.15941 0.134355 0.389757 0.159251 0.137403 0.411135 0.143084 0.145032 0.39902 
-0.296678 0.0928505 0.414077 -0.28245 0.10345 0.401765 -0.296518 0.0898027 0.392698 
-0.326913 0.0868326 0.392894 0.126757 0.155709 0.408283 0.0963614 0.152739 0.408479 
0.0659662 0.149768 0.408675 0.035571 0.146798 0.408871 0.00517574 0.143828 0.409067 
-0.0252195 0.140858 0.409263 -0.0253794 0.143906 0.430642 -0.0556147 0.137888 0.409459 
-0.0557746 0.140936 0.430838 -0.0719416 0.148565 0.418722 -0.207751 0.126085 0.431819 
-0.193522 0.136684 0.419507 -0.207591 0.123037 0.41044 -0.237986 0.120067 0.410636 
-0.268381 0.117097 0.410832 -0.0882685 0.159241 0.427985 -0.118664 0.156271 0.428181 
-0.149059 0.153301 0.428378 -0.179454 0.150331 0.428574 0.151761 -0.1149 0.185275 
0.135594 -0.107271 0.173159 0.121526 -0.120918 0.164092 0.0911307 -0.123888 0.164289 
0.0605756 -0.12381 0.185863 0.0607355 -0.126858 0.164485 0.0444085 -0.116181 0.173748 
0.179898 -0.087606 0.203409 0.163731 -0.079977 0.191293 0.149663 -0.093624 0.182226 
0.0279217 -0.102457 0.204389 0.0280816 -0.105505 0.183011 0.0117547 -0.0948279 0.192274 
-0.0632639 -0.111367 0.204978 -0.063104 -0.114415 0.183599 -0.0490357 -0.100768 0.192666 
-0.0936591 -0.114338 0.205174 -0.0934993 -0.117385 0.183795 -0.123894 -0.120356 0.183991 
-0.15429 -0.123326 0.184187 -0.184845 -0.123248 0.205762 -0.184685 -0.126296 0.184383 
-0.21524 -0.126218 0.205958 -0.21508 -0.129266 0.18458 -0.231407 -0.118589 0.193843 
0.208034 -0.0603121 0.221543 0.191867 -0.0526831 0.209427 0.177799 -0.0663301 0.20036 
-0.0047321 -0.0811033 0.222915 -0.0045722 -0.0841511 0.201537 -0.0351273 -0.0840735 0.223112 
-0.0349674 -0.0871213 0.201733 -0.247734 -0.107912 0.203106 -0.278289 -0.107835 0.22468 
-0.278129 -0.110883 0.203302 -0.308684 -0.110805 0.224877 -0.308524 -0.113853 0.203498 
-0.324851 -0.103176 0.212761 0.236171 -0.0330182 0.239676 0.220004 -0.0253892 0.227561 
0.205936 -0.0390362 0.218494 -0.341178 -0.0924993 0.222024 -0.371733 -0.0924216 0.243599 
-0.371573 -0.0954694 0.22222 -0.3879 -0.0847927 0.231483 0.264308 -0.00572433 0.25781 
0.248141 0.00190465 0.245695 0.234072 -0.0117423 0.236628 -0.343597 -0.0651277 0.261732 
-0.359764 -0.0574988 0.249617 -0.373832 -0.0711457 0.24055 0.292444 0.0215696 0.275944 
0.276277 0.0291985 0.263828 0.262209 0.0155516 0.254761 -0.31546 -0.0378338 0.279866 
-0.331627 -0.0302049 0.26775 -0.345695 -0.0438518 0.258684 0.290186 0.0458933 0.294274 
0.274019 0.0535223 0.282158 -0.317719 -0.0135101 0.298196 -0.333886 -0.00588115 0.28608 
0.287927 0.070217 0.312604 0.27176 0.077846 0.300488 -0.319977 0.0108136 0.316526 
-0.350213 0.00479562 0.295343 -0.350373 0.00784342 0.316722 -0.36654 0.0154724 0.304606 
0.269501 0.10217 0.318818 -0.322236 0.0351373 0.334856 -0.352631 0.0321671 0.335052 
-0.368798 0.0397961 0.322936 0.253175 0.112846 0.328081 0.236848 0.123523 0.337344 
-0.324495 0.059461 0.353186 -0.340662 0.06709 0.34107 -0.35473 0.0534431 0.332003 
0.220521 0.1342 0.346607 0.204194 0.144877 0.35587 -0.326753 0.0837848 0.371516 
-0.312525 0.0943839 0.359204 -0.326593 0.080737 0.350137 0.187867 0.155554 0.365133 
0.157472 0.152583 0.365329 0.127076 0.149613 0.365525 0.126917 0.152661 0.386904 
0.0966812 0.146643 0.365721 0.0965213 0.149691 0.3871 0.066286 0.143673 0.365917 
0.0661261 0.146721 0.387296 0.0358907 0.140703 0.366114 0.0357308 0.143751 0.387492 
0.00549552 0.137733 0.36631 0.00533563 0.14078 0.387688 -0.0108314 0.148409 0.375573 
-0.268221 0.114049 0.389453 -0.253993 0.124648 0.377142 -0.268061 0.111001 0.368075 
-0.298457 0.108031 0.368271 -0.0271583 0.159086 0.384836 -0.0575535 0.156116 0.385032 
-0.0879487 0.153146 0.385228 -0.0881086 0.156194 0.406607 -0.118344 0.150176 0.385424 
-0.118504 0.153223 0.406803 -0.148739 0.147205 0.38562 -0.148899 0.150253 0.406999 
-0.179134 0.144235 0.385816 -0.179294 0.147283 0.407195 -0.20953 0.141265 0.386012 
-0.239925 0.138295 0.386208 0.119587 -0.10269 0.139665 0.133655 -0.0890428 0.148732 
0.089032 -0.102612 0.16124 0.10326 -0.092013 0.148928 0.0586367 -0.105582 0.161436 
-0.0629441 -0.117463 0.16222 -0.0627842 -0.120511 0.140842 -0.0487159 -0.106864 0.149908 
-0.0933394 -0.120433 0.162416 -0.0931795 -0.123481 0.141038 -0.123735 -0.123403 0.162613 
-0.123575 -0.126451 0.141234 -0.139902 -0.115774 0.150497 0.147724 -0.0753959 0.157799 
0.161792 -0.0617489 0.166866 0.0869332 -0.0813362 0.158191 0.056538 -0.0843064 0.158387 
0.0259829 -0.0842287 0.179962 0.0402111 -0.0736296 0.16765 -0.00441231 -0.0871989 0.180158 
-0.00425242 -0.0902467 0.158779 0.00981588 -0.0765998 0.167846 -0.0348075 -0.0901691 0.180354 
-0.0346476 -0.0932169 0.158975 -0.156229 -0.105098 0.15976 -0.186624 -0.108068 0.159956 
-0.217019 -0.111038 0.160152 -0.247574 -0.11096 0.181727 -0.247414 -0.114008 0.160348 
-0.277969 -0.11393 0.181923 -0.277809 -0.116978 0.160544 -0.294136 -0.106301 0.169807 
0.17586 -0.048102 0.175932 0.189929 -0.034455 0.184999 0.0238842 -0.0629528 0.176913 
-0.310463 -0.0956247 0.17907 -0.341018 -0.0955471 0.200645 -0.340858 -0.0985949 0.179266 
-0.357185 -0.0879181 0.188529 0.203837 -0.0177603 0.215445 0.18767 -0.0101313 0.203329 
-0.373512 -0.0772413 0.197792 -0.389839 -0.0665645 0.207055 0.231974 0.00953362 0.233579 
0.215807 0.0171626 0.221463 0.201738 0.00351565 0.212396 -0.361703 -0.0392706 0.225189 
-0.375771 -0.0529176 0.216122 0.26011 0.0368275 0.251713 0.243943 0.0444565 0.239597 
0.229875 0.0308095 0.23053 -0.347794 -0.0225759 0.255635 -0.363961 -0.0149469 0.243519 
0.258012 0.0581034 0.248664 0.27208 0.0717504 0.257731 -0.350053 0.00174782 0.273965 
-0.36622 0.0093768 0.261849 0.269821 0.0960741 0.276061 -0.368478 0.0337005 0.280179 
0.253494 0.106751 0.285324 0.253334 0.109799 0.306702 0.237167 0.117428 0.294587 
-0.370737 0.0580242 0.298509 0.22084 0.128104 0.30385 0.220681 0.131152 0.325228 
0.204514 0.138781 0.313113 -0.3426 0.0853181 0.316642 -0.356669 0.0716712 0.307576 
0.188187 0.149458 0.322376 0.188027 0.152506 0.343754 0.17186 0.160135 0.331639 
-0.298297 0.104983 0.346892 -0.284069 0.115582 0.33458 -0.298137 0.101935 0.325513 
-0.328532 0.0989651 0.325709 0.155533 0.170812 0.340902 0.125138 0.167841 0.341098 
0.0947424 0.164871 0.341294 0.0643471 0.161901 0.34149 0.0339519 0.158931 0.341686 
0.00355669 0.155961 0.341882 -0.0268385 0.152991 0.342078 -0.0269984 0.156038 0.363457 
-0.0572337 0.15002 0.342274 -0.0573936 0.153068 0.363653 -0.087629 0.14705 0.34247 
-0.0877889 0.150098 0.363849 -0.103956 0.157727 0.351733 -0.239765 0.135247 0.36483 
-0.225537 0.145846 0.352518 -0.239605 0.132199 0.343451 -0.27 0.129229 0.343647 
-0.120283 0.168404 0.360996 -0.150678 0.165434 0.361192 -0.181073 0.162463 0.361389 
-0.211468 0.159493 0.361585 0.117488 -0.0814138 0.136616 -0.0647231 -0.102283 0.116414 
-0.0506548 -0.0886357 0.125481 -0.0951183 -0.105253 0.11661 -0.125514 -0.108223 0.116806 
-0.156069 -0.108145 0.138381 -0.155909 -0.111193 0.117002 -0.186464 -0.111116 0.138577 
-0.186304 -0.114163 0.117198 -0.216859 -0.114086 0.138773 -0.216699 -0.117133 0.117395 
-0.233026 -0.106457 0.126658 0.145625 -0.0541199 0.15475 0.129458 -0.046491 0.142634 
0.11539 -0.0601379 0.133567 0.0849944 -0.0631081 0.133763 0.0544393 -0.0630304 0.155338 
0.0686675 -0.0524313 0.143026 -0.00635114 -0.0689708 0.15573 -0.0225182 -0.0613418 0.143615 
-0.0365865 -0.0749888 0.134548 -0.249353 -0.0957799 0.135921 -0.279748 -0.0987501 0.136117 
-0.310303 -0.0986725 0.157691 -0.310143 -0.10172 0.136313 -0.340699 -0.101643 0.157888 
-0.340539 -0.10469 0.136509 -0.356866 -0.0940137 0.145772 0.173762 -0.026826 0.172884 
0.157595 -0.0191971 0.160768 0.143526 -0.032844 0.151701 0.0523406 -0.0417545 0.152289 
0.0219454 -0.0447247 0.152485 -0.00844986 -0.0476949 0.152682 -0.373352 -0.0802891 0.176414 
-0.373192 -0.0833369 0.155035 -0.389519 -0.0726601 0.164298 0.171663 -0.00555012 0.169835 
0.185731 0.00809683 0.178902 -0.391778 -0.0483364 0.182628 0.199799 0.0217438 0.187969 
0.213868 0.0353907 0.197035 -0.363641 -0.0210425 0.200762 -0.37771 -0.0346895 0.191695 
0.227776 0.0520855 0.227481 0.211609 0.0597144 0.215365 -0.3659 0.0032812 0.219091 
0.255913 0.0793794 0.245615 0.239746 0.0870083 0.233499 0.225677 0.0733614 0.224432 
-0.368159 0.0276049 0.237421 0.253654 0.103703 0.263945 0.237487 0.111332 0.251829 
-0.35425 0.0442997 0.267867 -0.340022 0.0548988 0.255555 -0.35409 0.0412519 0.246488 
0.22116 0.122009 0.261092 0.221 0.125057 0.282471 0.204833 0.132686 0.270355 
-0.356509 0.0686234 0.286197 -0.342281 0.0792225 0.273885 0.188506 0.143362 0.279618 
0.188347 0.14641 0.300997 0.172179 0.154039 0.288881 -0.344539 0.103546 0.292215 
0.155853 0.164716 0.298144 0.155693 0.167764 0.319523 0.125457 0.161746 0.29834 
0.125297 0.164794 0.319719 0.0950621 0.158776 0.298536 0.0949022 0.161823 0.319915 
0.0787352 0.169452 0.307799 0.0341118 0.155883 0.320307 0.04834 0.166482 0.307995 
0.0342717 0.152835 0.298928 0.00387648 0.149865 0.299125 0.00371659 0.152913 0.320503 
-0.0265187 0.146895 0.299321 -0.0266786 0.149943 0.320699 -0.056914 0.143925 0.299517 
-0.0570739 0.146973 0.320896 -0.0732409 0.154601 0.30878 -0.286007 0.13381 0.310153 
-0.300076 0.120163 0.301086 -0.330471 0.117193 0.301282 0.0624083 0.180129 0.317062 
-0.0895678 0.165278 0.318043 -0.119963 0.162308 0.318239 -0.120123 0.165356 0.339618 
-0.150358 0.159338 0.318435 -0.150518 0.162386 0.339814 -0.180753 0.156368 0.318631 
-0.180913 0.159416 0.34001 -0.211149 0.153398 0.318827 -0.211309 0.156445 0.340206 
-0.241544 0.150427 0.319023 -0.271939 0.147457 0.319219 -0.0666619 -0.0840545 0.0919864 
-0.0525936 -0.0704076 0.101053 -0.0970571 -0.0870247 0.0921825 -0.127452 -0.0899949 0.0923786 
-0.157848 -0.092965 0.0925747 -0.188243 -0.0959352 0.0927709 -0.218638 -0.0989054 0.092967 
-0.249193 -0.0988277 0.114542 -0.249033 -0.101876 0.0931631 -0.279588 -0.101798 0.114738 
-0.279428 -0.104846 0.0933592 -0.309984 -0.104768 0.114934 -0.309824 -0.107816 0.0935553 
-0.326151 -0.0971391 0.102818 0.113451 -0.0419098 0.10914 0.127519 -0.0282628 0.118207 
0.0828957 -0.0418321 0.130715 0.0971239 -0.031233 0.118403 -0.0385253 -0.0567606 0.11012 
-0.024457 -0.0431137 0.119187 -0.342478 -0.0864623 0.112081 -0.373033 -0.0863847 0.133656 
-0.372873 -0.0894325 0.112277 -0.3892 -0.0787557 0.12154 0.141587 -0.0146159 0.127273 
0.155656 -0.000968943 0.13634 0.080797 -0.0205562 0.127666 0.0504018 -0.0235264 0.127862 
0.0200065 -0.0264966 0.128058 -0.0103887 -0.0294667 0.128254 -0.391458 -0.054432 0.13987 
0.169564 0.0157258 0.166786 0.153397 0.0233548 0.15467 -0.393717 -0.0301083 0.1582 
0.197701 0.0430197 0.18492 0.181534 0.0506487 0.172804 0.167465 0.0370017 0.163737 
-0.36558 -0.0028144 0.176334 -0.379649 -0.0164613 0.167267 0.195602 0.0642956 0.181871 
0.20967 0.0779426 0.190938 -0.367839 0.0215093 0.194664 0.223579 0.0946373 0.221383 
0.207412 0.102266 0.209268 -0.35393 0.0382041 0.225109 -0.339702 0.0488032 0.212798 
-0.353771 0.0351563 0.203731 0.22132 0.118961 0.239713 0.205153 0.12659 0.227598 
-0.341961 0.0731269 0.231128 0.188826 0.137267 0.236861 0.188666 0.140315 0.258239 
0.172499 0.147944 0.246124 -0.344219 0.0974507 0.249457 0.170241 0.172267 0.264454 
-0.330311 0.114145 0.279903 -0.316083 0.124745 0.267591 -0.330151 0.111098 0.258524 
0.153914 0.182944 0.273717 0.123519 0.179974 0.273913 0.0931233 0.177004 0.274109 
0.0627281 0.174034 0.274305 0.0625682 0.177081 0.295684 0.0323329 0.171063 0.274501 
0.00193765 0.168093 0.274697 -0.0284576 0.165123 0.274893 -0.0588528 0.162153 0.275089 
-0.089248 0.159183 0.275285 -0.0894079 0.16223 0.296664 -0.119643 0.156213 0.275481 
-0.119803 0.15926 0.29686 -0.150038 0.153242 0.275678 -0.150198 0.15629 0.297056 
-0.180434 0.150272 0.275874 -0.180594 0.15332 0.297252 -0.210829 0.147302 0.27607 
-0.210989 0.15035 0.297449 -0.241224 0.144332 0.276266 -0.241384 0.14738 0.297645 
-0.271619 0.141362 0.276462 -0.271779 0.144409 0.297841 -0.302015 0.138391 0.276658 
-0.0968972 -0.0900725 0.0708038 -0.0967373 -0.0931203 0.0494251 -0.082669 -0.0794733 0.058492 
-0.127292 -0.0930427 0.0709999 -0.127133 -0.0960905 0.0496212 -0.157688 -0.0960128 0.071196 
-0.157528 -0.0990606 0.0498173 -0.188083 -0.098983 0.0713921 -0.187923 -0.102031 0.0500134 
-0.218478 -0.101953 0.0715882 -0.218318 -0.105001 0.0502095 -0.248873 -0.104923 0.0717843 
-0.248713 -0.107971 0.0504056 -0.26504 -0.0972944 0.0596686 -0.0686007 -0.0658264 0.0675589 
-0.0545324 -0.0521795 0.0766257 -0.281367 -0.0866176 0.0689316 -0.311762 -0.0895878 0.0691277 
-0.342318 -0.0895101 0.0907026 -0.342158 -0.0925579 0.0693238 -0.358485 -0.0818812 0.0785868 
0.111352 -0.0206339 0.106091 -0.0404641 -0.0385325 0.0856926 -0.0263958 -0.0248856 0.0947595 
-0.374812 -0.0712044 0.0878498 -0.391138 -0.0605276 0.0971128 0.139489 0.00666003 0.124225 
0.123322 0.014289 0.112109 0.109253 0.000642062 0.103042 0.0788582 -0.00232811 0.103238 
0.0484629 -0.00529828 0.103434 0.0180677 -0.00826845 0.10363 -0.0123275 -0.0112386 0.103826 
-0.393397 -0.0362039 0.115443 0.13739 0.027936 0.121176 0.151458 0.0415829 0.130243 
-0.379489 -0.0195091 0.145888 -0.36526 -0.00891 0.133577 -0.379329 -0.0225569 0.12451 
0.165527 0.0552298 0.13931 0.179595 0.0688768 0.148376 -0.367519 0.0154137 0.151906 
0.193503 0.0855715 0.178822 0.177336 0.0932005 0.166706 -0.353611 0.0321085 0.182352 
-0.339382 0.0427076 0.17004 -0.353451 0.0290607 0.160973 0.191245 0.109895 0.197152 
0.175078 0.117524 0.185036 -0.341641 0.0670313 0.18837 0.188986 0.134219 0.215482 
0.172819 0.141848 0.203366 -0.327733 0.0837261 0.218816 -0.313504 0.0943252 0.206504 
-0.327573 0.0806783 0.197437 0.156492 0.152525 0.212629 0.156332 0.155573 0.234008 
0.140165 0.163201 0.221892 -0.299596 0.11102 0.236949 -0.285368 0.121619 0.224638 
-0.299436 0.107972 0.215571 -0.329991 0.10805 0.237146 0.154074 0.179896 0.252338 
0.123838 0.173878 0.231155 0.123678 0.176926 0.252534 0.0934431 0.170908 0.231351 
0.0932832 0.173956 0.25273 0.0630479 0.167938 0.231547 0.062888 0.170986 0.252926 
0.0326527 0.164968 0.231743 0.0324928 0.168016 0.253122 0.00225744 0.161998 0.23194 
0.00209754 0.165045 0.253318 -0.0281378 0.159027 0.232136 -0.0282977 0.162075 0.253514 
-0.058533 0.156057 0.232332 -0.0586929 0.159105 0.253711 -0.0889282 0.153087 0.232528 
-0.0890881 0.156135 0.253907 -0.105255 0.163764 0.241791 -0.271459 0.138314 0.255083 
-0.257231 0.148913 0.242771 -0.2713 0.135266 0.233705 -0.301855 0.135344 0.255279 
-0.121582 0.174441 0.251054 -0.151977 0.17147 0.25125 -0.182372 0.1685 0.251446 
-0.212768 0.16553 0.251642 -0.243163 0.16256 0.251838 -0.0986762 -0.0748922 0.0249975 
-0.0846079 -0.0612452 0.0340644 -0.129071 -0.0778623 0.0251936 -0.159467 -0.0808325 0.0253897 
-0.189862 -0.0838027 0.0255858 -0.220257 -0.0867729 0.0257819 -0.250652 -0.089743 0.025978 
-0.281207 -0.0896654 0.0475529 -0.281047 -0.0927132 0.0261741 -0.311603 -0.0926356 0.047749 
-0.311443 -0.0956834 0.0263703 -0.341998 -0.0956057 0.0479451 -0.341838 -0.0986535 0.0265664 
-0.358165 -0.0879768 0.0358294 -0.0403042 -0.0415803 0.0643139 -0.0401443 -0.0446281 0.0429352 
-0.026076 -0.0309812 0.0520021 -0.0705396 -0.0475983 0.0431313 -0.360423 -0.063653 0.0541593 
-0.0425628 -0.0172566 0.0826438 -0.0424029 -0.0203044 0.0612651 -0.0587299 -0.00962762 0.0705281 
-0.37675 -0.0529763 0.0634223 -0.393077 -0.0422995 0.0726853 0.107155 0.021918 0.0999932 
0.0767594 0.0189478 0.100189 0.0463642 0.0159776 0.100385 0.015969 0.0130075 0.100581 
-0.0144262 0.0100373 0.100778 -0.0305933 0.0176663 0.0886619 -0.0446616 0.00401933 0.079595 
-0.395336 -0.0179758 0.0910151 0.135291 0.0492119 0.118127 0.119124 0.0568408 0.106011 
0.105056 0.0431939 0.0969443 0.0745008 0.0432715 0.118519 0.088729 0.0538707 0.106207 
0.0441056 0.0403014 0.118715 0.0279386 0.0479303 0.1066 0.0138703 0.0342834 0.0975326 
-0.0165249 0.0313132 0.0977287 -0.367199 0.00931812 0.109149 -0.381268 -0.00432883 0.100082 
0.163428 0.0765058 0.136261 0.147261 0.0841347 0.124145 0.133193 0.0704878 0.115078 
0.0724021 0.0645474 0.11547 0.0420069 0.0615773 0.115666 -0.369458 0.0336418 0.127479 
0.161169 0.100829 0.154591 0.145002 0.108458 0.142475 -0.341321 0.0609357 0.145613 
-0.35539 0.0472888 0.136546 0.158911 0.125153 0.172921 0.128675 0.119135 0.151738 
0.128515 0.122183 0.173117 0.112348 0.129812 0.161001 -0.327413 0.0776305 0.176058 
-0.313185 0.0882296 0.163746 -0.327253 0.0745827 0.15468 0.156652 0.149477 0.19125 
0.140485 0.157106 0.179135 0.126417 0.143459 0.170068 -0.299276 0.104924 0.194192 
-0.285048 0.115524 0.18188 -0.299116 0.101877 0.172813 0.138226 0.18143 0.197465 
0.0328125 0.16192 0.210365 0.0470407 0.172519 0.198053 0.0329724 0.158872 0.188986 
0.00257722 0.155902 0.189182 0.00241733 0.15895 0.210561 -0.027818 0.152932 0.189378 
-0.0279779 0.15598 0.210757 -0.0441449 0.163609 0.198641 -0.240744 0.135188 0.21213 
-0.226516 0.145788 0.199818 -0.240585 0.132141 0.190751 -0.27098 0.12917 0.190947 
-0.27114 0.132218 0.212326 0.121899 0.192106 0.206728 0.0915043 0.189136 0.206924 
0.061109 0.186166 0.20712 -0.0604718 0.174285 0.207904 -0.090867 0.171315 0.2081 
-0.121262 0.168345 0.208296 -0.121422 0.171393 0.229675 -0.151657 0.165375 0.208493 
-0.151817 0.168423 0.229871 -0.182053 0.162405 0.208689 -0.182213 0.165452 0.230067 
-0.212448 0.159435 0.208885 -0.212608 0.162482 0.230263 -0.243003 0.159512 0.23046 
-0.159307 -0.0838803 0.00401098 -0.159147 -0.0869281 -0.0173678 -0.145079 -0.0732812 -0.00830086 
-0.189702 -0.0868505 0.00420709 -0.189542 -0.0898983 -0.0171716 -0.220097 -0.0898207 0.00440319 
-0.219937 -0.0928685 -0.0169755 -0.250492 -0.0927908 0.0045993 -0.250332 -0.0958386 -0.0167794 
-0.280888 -0.095761 0.00479541 -0.280728 -0.0988088 -0.0165833 -0.311283 -0.0987312 0.00499152 
-0.311123 -0.101779 -0.0163872 -0.32745 -0.0911022 -0.00712421 -0.100615 -0.0566641 0.000569924 
-0.0865467 -0.0430171 0.00963682 -0.13101 -0.0596342 0.000766032 -0.343777 -0.0804254 0.00213879 
-0.360104 -0.0697486 0.0114018 -0.0420832 -0.0264 0.0185076 -0.0280149 -0.012753 0.0275745 
-0.0724784 -0.0293702 0.0187037 -0.376431 -0.0590719 0.0206648 -0.37659 -0.0560241 0.0420435 
-0.392758 -0.0483951 0.0299278 -0.0443418 -0.00207627 0.0368375 -0.0606687 0.0086005 0.0461005 
-0.395016 -0.0240714 0.0482577 -0.0466004 0.0222475 0.0551674 -0.0325321 0.0358944 0.0642343 
-0.397275 0.000252348 0.0665876 0.102957 0.0644698 0.0938955 0.0117716 0.0555593 0.0944838 
-0.00439547 0.0631883 0.0823681 -0.0184638 0.0495413 0.0733012 -0.369138 0.0275462 0.0847214 
-0.383206 0.0138993 0.0756545 0.131094 0.0917637 0.112029 0.100699 0.0887935 0.112225 
0.0703034 0.0858234 0.112421 0.0399082 0.0828532 0.112618 0.0237411 0.0904822 0.100502 
0.00967283 0.0768352 0.091435 -0.35523 0.044241 0.115167 -0.341002 0.0548401 0.102855 
-0.35507 0.0411932 0.0937883 0.128835 0.116087 0.130359 0.112668 0.123716 0.118243 
0.0985999 0.110069 0.109177 0.0682047 0.107099 0.109373 0.0378094 0.104129 0.109569 
-0.327093 0.0715349 0.133301 -0.312865 0.082134 0.120989 -0.326933 0.0684871 0.111922 
0.0963413 0.134393 0.127506 0.0961814 0.137441 0.148885 0.0800144 0.14507 0.136769 
-0.298956 0.0988288 0.151435 -0.284728 0.109428 0.139123 -0.298797 0.095781 0.130056 
0.124318 0.164735 0.167019 0.108151 0.172364 0.154903 0.0940827 0.158717 0.145836 
0.0331323 0.155824 0.167607 0.0473605 0.166424 0.155295 0.0332922 0.152777 0.146229 
0.002897 0.149806 0.146425 0.00273711 0.152854 0.167803 -0.0134299 0.160483 0.155688 
-0.179634 0.135033 0.16898 -0.165406 0.145632 0.156668 -0.179474 0.131985 0.147601 
-0.20987 0.129015 0.147797 -0.210029 0.132063 0.169176 -0.240265 0.126045 0.147994 
-0.240425 0.129093 0.169372 -0.27066 0.123075 0.14819 -0.27082 0.126123 0.169568 
0.122059 0.189059 0.185349 0.0918241 0.183041 0.164166 0.0916642 0.186088 0.185545 
0.0614288 0.18007 0.164362 0.0612689 0.183118 0.185741 -0.0297568 0.17116 0.164951 
-0.060152 0.16819 0.165147 -0.0603119 0.171238 0.186525 -0.0905473 0.16522 0.165343 
-0.0907072 0.168267 0.186722 -0.120942 0.162249 0.165539 -0.121102 0.165297 0.186918 
-0.151338 0.159279 0.165735 -0.151498 0.162327 0.187114 -0.181893 0.159357 0.18731 
-0.212288 0.156387 0.187506 -0.13085 -0.062682 -0.0206127 -0.13069 -0.0657298 -0.0419914 
-0.116622 -0.0520829 -0.0329245 -0.161086 -0.0687 -0.0417953 -0.191481 -0.0716702 -0.0415992 
-0.221876 -0.0746403 -0.0414031 -0.252271 -0.0776105 -0.041207 -0.282667 -0.0805807 -0.0410109 
-0.313062 -0.0835508 -0.0408148 -0.329389 -0.0728741 -0.0315518 -0.0723185 -0.032418 -0.00267502 
-0.0721586 -0.0354658 -0.0240538 -0.0580903 -0.0218188 -0.0149869 -0.102554 -0.0384359 -0.0238576 
-0.345716 -0.0621973 -0.0222888 -0.362042 -0.0515205 -0.0130258 -0.044022 -0.00817187 -0.00591997 
-0.0299537 0.00547507 0.00314692 -0.378369 -0.0408437 -0.00376278 -0.394696 -0.030167 0.00550022 
-0.0462806 0.0161518 0.0124099 -0.0626075 0.0268286 0.0216729 -0.396955 -0.00584325 0.0238301 
-0.0485392 0.0404756 0.0307398 -0.0344709 0.0541225 0.0398067 -0.383047 0.0108515 0.0542757 
-0.368818 0.0214506 0.0419639 -0.382887 0.00780369 0.032897 0.00983273 0.0737874 0.0700562 
0.00999262 0.0707396 0.0486775 0.0240609 0.0843866 0.0577444 -0.0204026 0.0677695 0.0488736 
-0.371077 0.0457744 0.0602938 0.0379693 0.101081 0.08819 0.0381292 0.0980335 0.0668113 
0.0521975 0.11168 0.0758782 -0.34294 0.0730683 0.0784276 -0.357009 0.0594213 0.0693607 
0.0965012 0.131345 0.106128 0.0803341 0.138974 0.094012 0.0662658 0.125327 0.0849451 
-0.298637 0.0927332 0.108677 -0.284409 0.103332 0.0963653 -0.298477 0.0896854 0.0872984 
-0.328872 0.0867152 0.0874945 0.0780755 0.163298 0.112342 0.0334521 0.149729 0.12485 
0.0476803 0.160328 0.112538 0.033612 0.146681 0.103471 0.00321679 0.143711 0.103667 
0.00305689 0.146759 0.125046 -0.0131101 0.154388 0.11293 -0.118524 0.134878 0.12583 
-0.104296 0.145477 0.113518 -0.118364 0.13183 0.104452 -0.148759 0.12886 0.104648 
-0.148919 0.131908 0.126026 -0.179155 0.12589 0.104844 -0.179314 0.128938 0.126223 
-0.20955 0.12292 0.10504 -0.20971 0.125967 0.126419 -0.239945 0.119949 0.105236 
-0.240105 0.122997 0.126615 -0.27034 0.116979 0.105432 -0.2705 0.120027 0.126811 
0.0919839 0.179993 0.142787 0.0617486 0.173975 0.121605 0.0615887 0.177023 0.142984 
-0.029437 0.165064 0.122193 -0.0295969 0.168112 0.143572 -0.0598323 0.162094 0.122389 
-0.0599922 0.165142 0.143768 -0.0902275 0.159124 0.122585 -0.0903874 0.162172 0.143964 
-0.120783 0.159202 0.14416 -0.151178 0.156231 0.144356 -0.191321 -0.074718 -0.0629779 
-0.191161 -0.0777658 -0.0843567 -0.177093 -0.0641188 -0.0752898 -0.221716 -0.0776881 -0.0627818 
-0.221556 -0.0807359 -0.0841606 -0.252111 -0.0806583 -0.0625857 -0.251952 -0.0837061 -0.0839645 
-0.282507 -0.0836285 -0.0623896 -0.282347 -0.0866763 -0.0837684 -0.298674 -0.0759995 -0.0745054 
-0.102394 -0.0414837 -0.0452364 -0.102234 -0.0445315 -0.0666151 -0.0881657 -0.0308846 -0.0575482 
-0.132629 -0.0475017 -0.066419 -0.163024 -0.0504719 -0.0662229 -0.315001 -0.0653227 -0.0652424 
-0.345556 -0.0652451 -0.0436675 -0.345396 -0.0682929 -0.0650463 -0.361723 -0.0576161 -0.0557832 
-0.0740974 -0.0172376 -0.0484813 -0.0600291 -0.0035907 -0.0394144 -0.363981 -0.0332924 -0.0374534 
-0.0459608 0.0100562 -0.0303475 -0.0318925 0.0237032 -0.0212806 -0.380308 -0.0226156 -0.0281904 
-0.396635 -0.0119389 -0.0189274 -0.0483793 0.0374278 0.00936109 -0.0341511 0.0480269 -0.00295075 
-0.398894 0.0123849 -0.00059746 -0.0202427 0.0647217 0.0274949 -0.0200828 0.0616739 0.00611614 
-0.00601451 0.0753208 0.015183 -0.370757 0.0396788 0.0175363 -0.384825 0.0260318 0.00846943 
0.0382891 0.0949857 0.0454325 0.038449 0.0919379 0.0240538 0.0525173 0.105585 0.0331207 
0.00805379 0.0889678 0.0242499 -0.356849 0.0563735 0.047982 -0.342621 0.0669727 0.0356701 
-0.356689 0.0533257 0.0266032 0.0664257 0.12228 0.0635663 0.0665856 0.119232 0.0421876 
0.0806539 0.132879 0.0512545 -0.298317 0.0866376 0.0659196 -0.284089 0.0972367 0.0536078 
-0.298157 0.0835898 0.0445409 -0.328552 0.0806196 0.044737 -0.328712 0.0836674 0.0661157 
0.0783953 0.157202 0.0695844 -0.118204 0.128782 0.0830729 -0.103976 0.139381 0.070761 
-0.118044 0.125735 0.0616941 -0.14844 0.122764 0.0618903 -0.148599 0.125812 0.083269 
-0.178835 0.119794 0.0620864 -0.178995 0.122842 0.0834651 -0.20923 0.116824 0.0622825 
-0.20939 0.119872 0.0836612 -0.239625 0.113854 0.0624786 -0.239785 0.116902 0.0838573 
-0.27002 0.110884 0.0626747 -0.27018 0.113931 0.0840534 0.0620684 0.167879 0.0788474 
0.0619085 0.170927 0.100226 0.0316732 0.164909 0.0790435 0.00127796 0.161939 0.0792396 
-0.0291173 0.158969 0.0794357 -0.0292772 0.162017 0.100814 -0.0595125 0.155999 0.0796318 
-0.0596724 0.159046 0.101011 -0.0899077 0.153028 0.0798279 -0.0900676 0.156076 0.101207 
-0.162865 -0.0535197 -0.0876016 -0.162705 -0.0565675 -0.10898 -0.148636 -0.0429205 -0.0999135 
-0.1931 -0.0595376 -0.108784 -0.223495 -0.0625078 -0.108588 -0.25389 -0.065478 -0.108392 
-0.284286 -0.0684482 -0.108196 -0.314841 -0.0683705 -0.0866211 -0.314681 -0.0714183 -0.108 
-0.331008 -0.0607416 -0.0987368 -0.104173 -0.0263034 -0.0910427 -0.0901046 -0.0126565 -0.0819758 
-0.134568 -0.0292736 -0.0908466 -0.347335 -0.0500648 -0.0894738 -0.363662 -0.039388 -0.0802108 
-0.0154057 0.00997862 -0.0519224 -0.0152458 0.00693082 -0.0733011 -0.00117751 0.0205778 -0.0642342 
-0.0458009 0.00700845 -0.0517263 -0.045641 0.00396065 -0.073105 -0.0760363 0.000990479 -0.0729089 
-0.379988 -0.0287112 -0.0709478 -0.380148 -0.0256634 -0.0495691 -0.396315 -0.0180345 -0.0616848 
-0.0175044 0.0312545 -0.0549712 -0.0338313 0.0419313 -0.0457082 -0.398574 0.00628927 -0.0433549 
-0.0199229 0.0586261 -0.0152626 -0.019763 0.0555783 -0.0366413 -0.00569473 0.0692252 -0.0275744 
-0.384666 0.022984 -0.0129093 -0.370437 0.0335832 -0.0252211 -0.384506 0.0199362 -0.034288 
0.0386089 0.0888901 0.00267508 0.0387688 0.0858423 -0.0187036 0.0528371 0.0994893 -0.00963676 
0.00821368 0.08592 0.00287119 0.00837357 0.0828722 -0.0185075 -0.372696 0.0579069 -0.00689125 
0.0667455 0.116184 0.0208089 0.0669054 0.113136 -0.000569863 0.0809737 0.126783 0.00849703 
-0.328392 0.0775718 0.0233583 -0.314164 0.0881709 0.0110464 -0.328232 0.074524 0.00197954 
-0.358628 0.0715538 0.00217565 0.0787151 0.151107 0.0268269 -0.117884 0.122687 0.0403154 
-0.103656 0.133286 0.0280036 -0.117725 0.119639 0.0189367 -0.14812 0.116669 0.0191328 
-0.14828 0.119717 0.0405115 -0.178515 0.113699 0.0193289 -0.178675 0.116746 0.0407076 
-0.20891 0.110728 0.019525 -0.20907 0.113776 0.0409037 -0.239305 0.107758 0.0197211 
-0.239465 0.110806 0.0410998 -0.269701 0.104788 0.0199172 -0.269861 0.107836 0.0412959 
-0.300096 0.101818 0.0201133 0.0623882 0.161784 0.0360899 0.0622283 0.164831 0.0574687 
0.031993 0.158813 0.036286 0.0318331 0.161861 0.0576648 0.00159774 0.155843 0.0364821 
0.00143785 0.158891 0.0578609 -0.0287975 0.152873 0.0366782 -0.0289574 0.155921 0.058057 
-0.0591927 0.149903 0.0368744 -0.0593526 0.152951 0.0582531 -0.0895879 0.146933 0.0370705 
-0.0897478 0.149981 0.0584492 -0.19294 -0.0625854 -0.130163 -0.19278 -0.0656332 -0.151542 
-0.178712 -0.0519863 -0.142475 -0.223335 -0.0655556 -0.129967 -0.223175 -0.0686034 -0.151346 
-0.25373 -0.0685258 -0.129771 -0.253571 -0.0715736 -0.15115 -0.284126 -0.071496 -0.129575 
-0.283966 -0.0745438 -0.150953 -0.300293 -0.063867 -0.14169 -0.164644 -0.0383394 -0.133408 
-0.150575 -0.0246924 -0.124341 -0.31662 -0.0531902 -0.132427 -0.332947 -0.0425134 -0.123164 
-0.0758764 -0.00205732 -0.0942876 -0.0757165 -0.00510512 -0.115666 -0.0616482 0.00854182 -0.106599 
-0.106112 -0.00807529 -0.11547 -0.136507 -0.0110455 -0.115274 -0.349273 -0.0318367 -0.113901 
-0.3656 -0.0211599 -0.104638 -0.0171846 0.0251589 -0.0977287 -0.00311634 0.0388059 -0.0886618 
-0.0475799 0.0221888 -0.0975326 -0.381927 -0.0104831 -0.0953754 -0.398254 0.000193668 -0.0861124 
-0.0196031 0.0525305 -0.0580201 -0.00537495 0.0631296 -0.0703319 -0.400513 0.0245174 -0.0677825 
0.0389287 0.0827945 -0.0400824 0.0390886 0.0797467 -0.0614611 0.0531569 0.0933937 -0.0523942 
0.00853347 0.0798244 -0.0398863 0.00869336 0.0767765 -0.061265 -0.372376 0.0518113 -0.0496487 
-0.386445 0.0381643 -0.0587156 0.0670653 0.110088 -0.0219486 0.0672252 0.107041 -0.0433273 
0.0812935 0.120688 -0.0342604 -0.358468 0.068506 -0.0192031 -0.34424 0.0791052 -0.0315149 
-0.358308 0.0654582 -0.0405818 0.0952019 0.137382 -0.00381481 0.0953618 0.134335 -0.0251935 
0.10943 0.147981 -0.0161266 -0.178355 0.110651 -0.00204984 -0.164127 0.12125 -0.0143617 
-0.178195 0.107603 -0.0234286 -0.20859 0.104633 -0.0232325 -0.20875 0.107681 -0.00185373 
-0.238986 0.101663 -0.0230364 -0.239146 0.10471 -0.00165762 -0.269381 0.0986925 -0.0228402 
-0.269541 0.10174 -0.00146152 -0.299776 0.0957223 -0.0226441 -0.299936 0.0987701 -0.00126541 
-0.330171 0.0927521 -0.022448 0.0931032 0.158658 -0.00686365 0.0767763 0.169335 0.00239935 
0.0321529 0.155766 0.0149073 0.0463811 0.166365 0.00259546 0.0323127 0.152718 -0.00647143 
0.00191753 0.149748 -0.00627533 0.00175763 0.152796 0.0151034 -0.0284777 0.146778 -0.00607922 
-0.0286376 0.149825 0.0152995 -0.0588729 0.143807 -0.00588311 -0.0590328 0.146855 0.0154956 
-0.0892681 0.140837 -0.005687 -0.089428 0.143885 0.0156917 -0.119663 0.137867 -0.00549089 
-0.150059 0.134897 -0.00529479 0.0604494 0.180012 0.0116624 -0.164484 -0.0413872 -0.154787 
-0.164324 -0.044435 -0.176165 -0.150255 -0.030788 -0.167099 -0.194719 -0.0474051 -0.175969 
-0.225114 -0.0503753 -0.175773 -0.255509 -0.0533455 -0.175577 -0.285905 -0.0563156 -0.175381 
-0.302232 -0.0456389 -0.166118 -0.136347 -0.0140933 -0.136653 -0.136187 -0.0171411 -0.158032 
-0.122119 -0.00349412 -0.148965 -0.318558 -0.0349621 -0.156855 -0.334885 -0.0242853 -0.147592 
-0.0170247 0.0221111 -0.119107 -0.0168649 0.0190633 -0.140486 -0.00279655 0.0327103 -0.131419 
-0.04742 0.019141 -0.118911 -0.0472601 0.0160932 -0.14029 -0.0776553 0.013123 -0.140094 
-0.108051 0.0101528 -0.139898 -0.351212 -0.0136085 -0.138329 -0.367539 -0.00293176 -0.129066 
0.0111119 0.049405 -0.100974 0.0112718 0.0463572 -0.122352 0.0253401 0.0600042 -0.113285 
-0.384026 0.0107928 -0.0984242 -0.369798 0.021392 -0.110736 0.0696437 0.0796691 -0.083036 
0.0698036 0.0766213 -0.104415 0.0838719 0.0902682 -0.0953478 0.0392485 0.0766989 -0.0828398 
0.0394084 0.0736511 -0.104219 0.00885325 0.0737288 -0.0826437 -0.386285 0.0351165 -0.0800943 
-0.372056 0.0457157 -0.0924062 0.0977803 0.106963 -0.0649022 0.0979402 0.103915 -0.0862809 
0.112008 0.117562 -0.077214 0.0673851 0.103993 -0.0647061 -0.374315 0.0700394 -0.0740763 
0.0955217 0.131287 -0.0465723 0.10975 0.141886 -0.0588841 -0.330011 0.0897043 -0.0438268 
-0.315783 0.100303 -0.0561386 -0.329852 0.0866565 -0.0652055 -0.360247 0.0836863 -0.0650094 
0.107491 0.16621 -0.0405542 0.0324726 0.14967 -0.0278502 0.0467008 0.160269 -0.040162 
0.0326325 0.146622 -0.0492289 0.00223731 0.143652 -0.0490328 0.00207742 0.1467 -0.0276541 
-0.0281579 0.140682 -0.0488367 -0.0283178 0.14373 -0.027458 -0.0585531 0.137712 -0.0486406 
-0.058713 0.14076 -0.0272618 -0.0889483 0.134742 -0.0484445 -0.0891082 0.137789 -0.0270657 
-0.119344 0.131771 -0.0482484 -0.119503 0.134819 -0.0268696 -0.149739 0.128801 -0.0480523 
-0.149899 0.131849 -0.0266735 -0.180134 0.125831 -0.0478561 -0.210529 0.122861 -0.04766 
-0.240924 0.119891 -0.0474639 -0.27132 0.116921 -0.0472678 -0.301715 0.11395 -0.0470717 
0.0911644 0.176886 -0.0312912 0.0607691 0.173916 -0.0310951 0.0606092 0.176964 -0.00971638 
-0.194559 -0.0504529 -0.197348 -0.194399 -0.0535007 -0.218727 -0.180331 -0.0398538 -0.20966 
-0.224954 -0.0534231 -0.197152 -0.224794 -0.0564709 -0.218531 -0.255349 -0.0563933 -0.196956 
-0.25519 -0.0594411 -0.218335 -0.271517 -0.0487643 -0.209072 -0.166263 -0.0262068 -0.200593 
-0.152194 -0.0125599 -0.191526 -0.287843 -0.0380875 -0.199809 -0.30417 -0.0274107 -0.190546 
-0.0774954 0.0100752 -0.161473 -0.0773355 0.0070274 -0.182851 -0.0632672 0.0206743 -0.173785 
-0.107891 0.00710503 -0.161277 -0.107731 0.00405723 -0.182655 -0.138126 0.00108706 -0.182459 
-0.320497 -0.016734 -0.181283 -0.336824 -0.00605719 -0.17202 0.0418269 0.0462796 -0.143927 
0.0419868 0.0432318 -0.165306 0.0560551 0.0568787 -0.156239 0.0114316 0.0433094 -0.143731 
0.0115915 0.0402616 -0.16511 -0.0188037 0.0372915 -0.164914 -0.0491989 0.0343213 -0.164718 
-0.353311 0.00766738 -0.141378 -0.339083 0.0182665 -0.15369 0.0699635 0.0735735 -0.125793 
0.0701234 0.0705257 -0.147172 0.0841917 0.0841726 -0.138105 0.0395683 0.0706033 -0.125597 
-0.35557 0.0319911 -0.123048 -0.341341 0.0425902 -0.13536 0.0981001 0.100867 -0.10766 
0.09826 0.0978196 -0.129038 0.112328 0.111467 -0.119971 -0.357668 0.053267 -0.126097 
-0.373995 0.0639438 -0.116834 0.126237 0.128161 -0.0895258 0.126397 0.125113 -0.110905 
0.140465 0.13876 -0.101838 -0.360087 0.0806385 -0.0863881 -0.345859 0.0912377 -0.0987 
-0.359927 0.0775907 -0.107767 0.123978 0.152485 -0.071196 0.138206 0.163084 -0.0835078 
-0.027998 0.137634 -0.0702154 -0.0137698 0.148233 -0.0825273 -0.0278381 0.134586 -0.0915941 
-0.0582333 0.131616 -0.091398 -0.0583932 0.134664 -0.0700193 -0.0886286 0.128646 -0.0912019 
-0.0887885 0.131694 -0.0698232 -0.119024 0.125676 -0.0910058 -0.119184 0.128724 -0.0696271 
-0.135351 0.136353 -0.0817428 -0.27116 0.113873 -0.0686466 -0.256932 0.124472 -0.0809584 
-0.271 0.110825 -0.0900253 -0.301395 0.107855 -0.0898292 -0.301555 0.110903 -0.0684504 
-0.33179 0.104885 -0.0896331 0.121879 0.173761 -0.0742448 0.0914841 0.170791 -0.0740487 
0.0913242 0.173839 -0.05267 0.0610889 0.167821 -0.0738526 0.060929 0.170868 -0.0524738 
0.0306937 0.16485 -0.0736565 0.000298483 0.16188 -0.0734604 -0.151678 0.147029 -0.0724798 
-0.182073 0.144059 -0.0722837 -0.212468 0.141089 -0.0720876 -0.242863 0.138119 -0.0718915 
-0.166103 -0.0292546 -0.221972 -0.165943 -0.0323024 -0.24335 -0.151874 -0.0186555 -0.234284 
-0.196338 -0.0352726 -0.243154 -0.226733 -0.0382428 -0.242958 -0.257128 -0.0412129 -0.242762 
-0.273455 -0.0305362 -0.233499 -0.107571 0.00100943 -0.204034 -0.107411 -0.00203837 -0.225413 
-0.0933426 0.0116086 -0.216346 -0.137966 -0.00196074 -0.203838 -0.137806 -0.00500854 -0.225217 
-0.289782 -0.0198594 -0.224236 -0.306109 -0.00918262 -0.214973 -0.0186438 0.0342437 -0.186292 
-0.0184839 0.0311959 -0.207671 -0.00441559 0.0448428 -0.198604 -0.049039 0.0312735 -0.186096 
-0.0488791 0.0282257 -0.207475 -0.0792743 0.0252555 -0.207279 -0.322596 0.00454196 -0.184331 
-0.308368 0.0151411 -0.196643 0.0702833 0.0674779 -0.168551 0.0704431 0.0644301 -0.18993 
0.0845115 0.078077 -0.180863 0.0400479 0.0614599 -0.189734 0.00965271 0.0584898 -0.189537 
-0.324855 0.0288657 -0.166001 -0.310626 0.0394648 -0.178313 0.0984199 0.0947718 -0.150417 
0.0985798 0.091724 -0.171796 0.112648 0.105371 -0.162729 -0.326953 0.0501416 -0.16905 
-0.34328 0.0608184 -0.159787 0.156952 0.125036 -0.132479 0.157112 0.121988 -0.153858 
0.17118 0.135635 -0.144791 0.126556 0.122066 -0.132283 0.126716 0.119018 -0.153662 
-0.359607 0.0714951 -0.150524 -0.375934 0.0821719 -0.141261 0.154693 0.14936 -0.11415 
0.168921 0.159959 -0.126461 -0.33163 0.101837 -0.111012 -0.317402 0.112436 -0.123324 
-0.331471 0.098789 -0.132391 -0.361866 0.0958189 -0.132194 0.152594 0.170635 -0.117198 
0.122199 0.167665 -0.117002 0.122039 0.170713 -0.0956235 0.0918039 0.164695 -0.116806 
0.091644 0.167743 -0.0954274 0.0614087 0.161725 -0.11661 0.0612488 0.164773 -0.0952313 
0.0310135 0.158755 -0.116414 0.0308536 0.161803 -0.0950352 0.000618267 0.155785 -0.116218 
0.000458375 0.158832 -0.0948391 -0.029777 0.152814 -0.116022 -0.0601722 0.149844 -0.115826 
-0.0905674 0.146874 -0.11563 -0.120963 0.143904 -0.115433 -0.151358 0.140934 -0.115237 
-0.151518 0.143982 -0.0938586 -0.181753 0.137964 -0.115041 -0.181913 0.141011 -0.0936624 
-0.212148 0.134993 -0.114845 -0.212308 0.138041 -0.0934663 -0.242543 0.132023 -0.114649 
-0.242703 0.135071 -0.0932702 -0.272939 0.129053 -0.114453 -0.303334 0.126083 -0.114257 
-0.165783 -0.0353502 -0.264729 -0.165623 -0.038398 -0.286108 -0.151555 -0.0247511 -0.277041 
-0.196178 -0.0383204 -0.264533 -0.196018 -0.0413682 -0.285912 -0.212345 -0.0306914 -0.276649 
-0.137646 -0.00805634 -0.246595 -0.137486 -0.0111041 -0.267974 -0.123418 0.0025428 -0.258907 
-0.228672 -0.0200147 -0.267386 -0.259067 -0.0229848 -0.26719 -0.275394 -0.012308 -0.257927 
-0.0487192 0.0251779 -0.228854 -0.0485593 0.0221301 -0.250233 -0.034491 0.035777 -0.241166 
-0.0791144 0.0222077 -0.228658 -0.0789546 0.0191599 -0.250036 -0.10935 0.0161898 -0.24984 
-0.291721 -0.00163127 -0.248664 -0.308048 0.0090455 -0.239401 0.100998 0.0643525 -0.211504 
0.101158 0.0613047 -0.232883 0.115226 0.0749516 -0.223816 0.070603 0.0613823 -0.211308 
0.0707629 0.0583345 -0.232687 0.0402078 0.0584121 -0.211112 0.0403677 0.0553643 -0.232491 
0.0098126 0.055442 -0.210916 0.00997249 0.0523942 -0.232295 -0.0204227 0.049424 -0.232099 
-0.310307 0.0333692 -0.221071 0.129135 0.0916464 -0.193371 0.129295 0.0885986 -0.214749 
0.143363 0.102246 -0.205683 0.0987396 0.0886762 -0.193175 -0.312565 0.0576929 -0.202741 
0.157271 0.11894 -0.175237 0.157431 0.115892 -0.196616 0.1715 0.129539 -0.187549 
0.126876 0.11597 -0.175041 -0.329052 0.0714175 -0.172099 -0.314824 0.0820167 -0.184411 
0.169241 0.153863 -0.169219 -0.331151 0.0926934 -0.175148 -0.361706 0.0927711 -0.153573 
-0.347478 0.10337 -0.165885 0.152914 0.16454 -0.159956 0.152754 0.167588 -0.138577 
0.136587 0.175217 -0.150693 0.0919638 0.161647 -0.138185 0.106192 0.172246 -0.150497 
0.0921237 0.1586 -0.159564 0.0617285 0.155629 -0.159368 0.0615686 0.158677 -0.137989 
0.0313333 0.152659 -0.159171 0.0311734 0.155707 -0.137793 0.000938051 0.149689 -0.158975 
0.000778159 0.152737 -0.137597 -0.0294572 0.146719 -0.158779 -0.0296171 0.149767 -0.1374 
-0.0598524 0.143749 -0.158583 -0.0600123 0.146796 -0.137204 -0.0902476 0.140779 -0.158387 
-0.0904075 0.143826 -0.137008 -0.120643 0.137808 -0.158191 -0.120803 0.140856 -0.136812 
-0.151038 0.134838 -0.157995 -0.151198 0.137886 -0.136616 -0.167365 0.145515 -0.148732 
-0.211988 0.131946 -0.136224 -0.19776 0.142545 -0.148536 -0.211828 0.128898 -0.157603 
-0.242224 0.125928 -0.157406 -0.242384 0.128975 -0.136028 -0.272619 0.122957 -0.15721 
-0.272779 0.126005 -0.135832 -0.303014 0.119987 -0.157014 -0.303174 0.123035 -0.135635 
-0.333409 0.117017 -0.156818 0.12026 0.185893 -0.14143 -0.183692 0.156192 -0.139469 
-0.165463 -0.0414458 -0.307487 -0.165303 -0.0444936 -0.328865 -0.151235 -0.0308467 -0.319798 
-0.18163 -0.0338169 -0.319602 -0.137326 -0.0141519 -0.289353 -0.137167 -0.0171997 -0.310732 
-0.123098 -0.0035528 -0.301665 -0.197957 -0.0231401 -0.310339 -0.228512 -0.0230625 -0.288765 
-0.228352 -0.0261103 -0.310143 -0.244679 -0.0154335 -0.30088 -0.0483994 0.0190823 -0.271611 
-0.0482396 0.0160345 -0.29299 -0.0341712 0.0296814 -0.283923 -0.0787947 0.0161121 -0.271415 
-0.0786348 0.0130643 -0.292794 -0.10919 0.0131419 -0.271219 -0.10903 0.0100941 -0.292598 
-0.261006 -0.0047567 -0.291617 -0.277333 0.00592007 -0.282354 0.0405276 0.0523165 -0.25387 
0.0406875 0.0492687 -0.275248 0.0547558 0.0629157 -0.266182 0.0101324 0.0493464 -0.253674 
0.0102923 0.0462986 -0.275052 -0.0202628 0.0463762 -0.253477 -0.0201029 0.0433284 -0.274856 
-0.29366 0.0165968 -0.273091 -0.309987 0.0272736 -0.263828 0.190245 0.0914911 -0.23652 
0.190405 0.0884433 -0.257899 0.204473 0.10209 -0.248832 0.15985 0.0885209 -0.236324 
0.16001 0.0854731 -0.257703 0.129455 0.0855508 -0.236128 0.129615 0.082503 -0.257507 
0.0992193 0.0795328 -0.257311 0.0688241 0.0765626 -0.257115 -0.312245 0.0515973 -0.245498 
0.187986 0.115815 -0.21819 0.202215 0.126414 -0.230502 0.157591 0.112845 -0.217994 
-0.314504 0.0759211 -0.227168 0.185728 0.140139 -0.199861 0.199956 0.150738 -0.212172 
-0.330831 0.0865978 -0.217905 -0.330991 0.0896456 -0.196527 -0.347158 0.0972746 -0.208642 
0.183629 0.161414 -0.202909 0.167302 0.172091 -0.193646 0.122679 0.158522 -0.181138 
0.136907 0.169121 -0.19345 0.122839 0.155474 -0.202517 0.0924435 0.152504 -0.202321 
0.0922836 0.155552 -0.180942 0.0620483 0.149534 -0.202125 0.0618884 0.152582 -0.180746 
0.0316531 0.146564 -0.201929 0.0314932 0.149611 -0.18055 0.00125783 0.143593 -0.201733 
0.00109794 0.146641 -0.180354 -0.0291374 0.140623 -0.201537 -0.0292973 0.143671 -0.180158 
-0.0595326 0.137653 -0.201341 -0.0596925 0.140701 -0.179962 -0.0899278 0.134683 -0.201144 
-0.0900877 0.137731 -0.179766 -0.106255 0.14536 -0.191881 -0.272459 0.11991 -0.178589 
-0.258231 0.130509 -0.190901 -0.272299 0.116862 -0.199968 -0.302694 0.113892 -0.199772 
-0.302854 0.11694 -0.178393 -0.33309 0.110922 -0.199576 -0.333249 0.113969 -0.178197 
0.150975 0.182768 -0.184383 0.12042 0.182846 -0.162809 -0.122582 0.156036 -0.182618 
-0.152977 0.153066 -0.182422 -0.183372 0.150096 -0.182226 -0.183532 0.153144 -0.160847 
-0.213767 0.147126 -0.18203 -0.244163 0.144156 -0.181834 -0.106611 -0.0172774 -0.332306 
-0.106452 -0.0203252 -0.353685 -0.0923833 -0.00667823 -0.344618 -0.137007 -0.0202475 -0.33211 
-0.136847 -0.0232953 -0.353489 -0.167242 -0.0262655 -0.353293 -0.183569 -0.0155887 -0.34403 
-0.0480797 0.0129867 -0.314369 -0.0479198 0.00993889 -0.335747 -0.0338515 0.0235858 -0.326681 
-0.0784749 0.0100165 -0.314173 -0.078315 0.00696872 -0.335551 -0.10887 0.00704635 -0.313977 
-0.199896 -0.00491196 -0.334767 -0.230291 -0.00788213 -0.334571 -0.246618 0.00279464 -0.325308 
0.0408474 0.0462209 -0.296627 0.0410073 0.0431731 -0.318006 0.0550756 0.0568201 -0.308939 
0.0104522 0.0432508 -0.296431 0.0106121 0.040203 -0.31781 -0.0199431 0.0402806 -0.296235 
-0.0197832 0.0372328 -0.317614 -0.262945 0.0134714 -0.316045 -0.279272 0.0241482 -0.306782 
0.190565 0.0853955 -0.279278 0.190725 0.0823477 -0.300657 0.204793 0.0959946 -0.29159 
0.16017 0.0824253 -0.279082 0.16033 0.0793775 -0.30046 0.129774 0.0794552 -0.278886 
0.129934 0.0764074 -0.300264 0.0993792 0.076485 -0.27869 0.0995391 0.0734372 -0.300068 
0.068984 0.0735148 -0.278493 0.0691439 0.070467 -0.299872 -0.295759 0.0378728 -0.27614 
-0.28153 0.0484719 -0.288452 0.202534 0.120318 -0.27326 -0.298017 0.0621965 -0.25781 
-0.283789 0.0727956 -0.270122 0.216443 0.137013 -0.242814 0.216603 0.133965 -0.264193 
0.230671 0.147612 -0.255126 -0.300116 0.0834724 -0.260859 -0.316443 0.0941492 -0.251596 
0.214344 0.158289 -0.245863 0.183949 0.155319 -0.245667 0.183789 0.158367 -0.224288 
0.153554 0.152349 -0.245471 0.153394 0.155396 -0.224092 0.123158 0.149379 -0.245275 
0.122999 0.152426 -0.223896 0.0927633 0.146408 -0.245079 0.0926034 0.149456 -0.2237 
0.0623681 0.143438 -0.244882 0.0622082 0.146486 -0.223504 0.0319728 0.140468 -0.244686 
0.0318129 0.143516 -0.223308 0.00157762 0.137498 -0.24449 0.00141773 0.140546 -0.223111 
-0.0288176 0.134528 -0.244294 -0.0289775 0.137575 -0.222915 -0.0592128 0.131557 -0.244098 
-0.0593727 0.134605 -0.222719 -0.0755397 0.142234 -0.234835 -0.302534 0.110844 -0.22115 
-0.288306 0.121443 -0.233462 -0.302375 0.107796 -0.242529 -0.33293 0.107874 -0.220954 
0.151135 0.17972 -0.205762 -0.0918666 0.152911 -0.225572 -0.122262 0.149941 -0.225376 
-0.122422 0.152989 -0.203997 -0.152657 0.146971 -0.22518 -0.152817 0.150018 -0.203801 
-0.183052 0.144001 -0.224984 -0.183212 0.147048 -0.203605 -0.213448 0.14103 -0.224788 
-0.213607 0.144078 -0.203409 -0.243843 0.13806 -0.224591 -0.244003 0.141108 -0.203213 
-0.274238 0.13509 -0.224395 -0.106292 -0.023373 -0.375064 -0.106132 -0.0264208 -0.396443 
-0.0920635 -0.0127738 -0.387376 -0.136687 -0.0263431 -0.374868 -0.136527 -0.0293909 -0.396247 
-0.152854 -0.0187142 -0.386984 -0.0173647 0.00986126 -0.357322 -0.0172048 0.00681346 -0.378701 
-0.00313646 0.0204604 -0.369634 -0.0477599 0.00689109 -0.357126 -0.0476 0.00384329 -0.378505 
-0.0781551 0.00392092 -0.35693 -0.0779952 0.00087312 -0.378309 -0.169181 -0.00803739 -0.377721 
-0.199736 -0.00795976 -0.356146 -0.199576 -0.0110076 -0.377524 -0.215903 -0.000330787 -0.368261 
0.0715624 0.0430955 -0.339581 0.0717223 0.0400477 -0.360959 0.0857906 0.0536946 -0.351893 
0.0411672 0.0401253 -0.339385 0.0413271 0.0370775 -0.360763 0.010772 0.0371552 -0.339189 
0.0109318 0.0341074 -0.360567 -0.0196233 0.034185 -0.338992 -0.23223 0.010346 -0.358998 
-0.248557 0.0210228 -0.349735 0.190885 0.0792999 -0.322035 0.191045 0.0762521 -0.343414 
0.205113 0.089899 -0.334347 0.160489 0.0763297 -0.321839 0.160649 0.0732819 -0.343218 
0.130094 0.0733596 -0.321643 0.130254 0.0703118 -0.343022 0.099699 0.0703894 -0.321447 
0.0998589 0.0673416 -0.342826 0.0693038 0.0674192 -0.321251 -0.264884 0.0316995 -0.340472 
-0.281211 0.0423763 -0.331209 0.219021 0.106594 -0.303901 0.219181 0.103546 -0.32528 
0.233249 0.117193 -0.316213 -0.283469 0.0667 -0.31288 0.216763 0.130918 -0.285572 
0.230991 0.141517 -0.297883 -0.285728 0.0910238 -0.29455 0.228732 0.16584 -0.279554 
0.153714 0.149301 -0.266849 0.167942 0.1599 -0.279161 0.153874 0.146253 -0.288228 
0.123478 0.143283 -0.288032 0.123318 0.146331 -0.266653 0.0930831 0.140313 -0.287836 
0.0929232 0.143361 -0.266457 0.0626878 0.137343 -0.28764 0.0625279 0.14039 -0.266261 
0.0322926 0.134372 -0.287444 0.0321327 0.13742 -0.266065 0.0018974 0.131402 -0.287248 
0.00173751 0.13445 -0.265869 -0.0284978 0.128432 -0.287052 -0.0286577 0.13148 -0.265673 
-0.0448247 0.139109 -0.277789 -0.302215 0.104748 -0.263908 -0.287986 0.115347 -0.27622 
0.212405 0.176517 -0.270291 0.18201 0.173547 -0.270094 -0.0611516 0.149786 -0.268526 
-0.0915469 0.146815 -0.268329 -0.0917068 0.149863 -0.246951 -0.121942 0.143845 -0.268133 
-0.122102 0.146893 -0.246755 -0.152337 0.140875 -0.267937 -0.152497 0.143923 -0.246559 
-0.182733 0.137905 -0.267741 -0.182892 0.140953 -0.246362 -0.213128 0.134935 -0.267545 
-0.213288 0.137983 -0.246166 -0.243523 0.131965 -0.267349 -0.243683 0.135012 -0.24597 
-0.273918 0.128994 -0.267153 -0.274078 0.132042 -0.245774 0.015609 -0.0175879 -0.418606 
0.0157688 -0.0206357 -0.439985 0.0298372 -0.00698874 -0.430918 -0.0147863 -0.0205581 -0.41841 
-0.0146264 -0.0236059 -0.439788 -0.0451815 -0.0235282 -0.418214 -0.0450216 -0.026576 -0.439592 
-0.0755767 -0.0264984 -0.418017 -0.0754168 -0.0295462 -0.439396 -0.105972 -0.0294686 -0.417821 
-0.105812 -0.0325164 -0.4392 -0.122139 -0.0218396 -0.429937 0.0133503 0.00673583 -0.400276 
0.0275785 0.017335 -0.412588 -0.0170449 0.00376566 -0.40008 -0.0474401 0.000795491 -0.399884 
-0.0778353 -0.00217468 -0.399688 -0.138466 -0.0111628 -0.420674 -0.154793 -0.000486046 -0.411411 
0.102277 0.0399701 -0.382534 0.102437 0.0369223 -0.403913 0.116506 0.0505692 -0.394846 
0.0718822 0.0369999 -0.382338 0.0720421 0.0339521 -0.403717 0.041487 0.0340297 -0.382142 
0.0416468 0.0309819 -0.403521 0.0110917 0.0310596 -0.381946 -0.17112 0.0101907 -0.402148 
-0.201515 0.00722056 -0.401952 -0.217842 0.0178973 -0.392689 0.191204 0.0732043 -0.364793 
0.191364 0.0701565 -0.386171 0.205433 0.0838034 -0.377105 0.160809 0.0702341 -0.364597 
0.160969 0.0671863 -0.385975 0.130414 0.067264 -0.364401 0.130574 0.0642162 -0.385779 
0.100019 0.0642938 -0.364204 -0.234169 0.0285741 -0.383426 -0.250496 0.0392509 -0.374163 
0.219341 0.100498 -0.346659 0.219501 0.0974504 -0.368038 0.233569 0.111097 -0.358971 
-0.266982 0.0529755 -0.343521 -0.252754 0.0635746 -0.355833 0.231311 0.135421 -0.340641 
-0.269241 0.0772992 -0.325191 -0.255013 0.0878983 -0.337503 0.229052 0.159745 -0.322311 
0.184429 0.146175 -0.309803 0.198657 0.156775 -0.322115 0.184589 0.143128 -0.331182 
0.154193 0.140157 -0.330986 0.154033 0.143205 -0.309607 0.123798 0.137187 -0.33079 
0.123638 0.140235 -0.309411 0.0934028 0.134217 -0.330593 0.093243 0.137265 -0.309215 
0.0630076 0.131247 -0.330397 0.0628477 0.134295 -0.309019 0.0466807 0.141924 -0.321134 
-0.27134 0.0985751 -0.32824 -0.287667 0.109252 -0.318977 0.212725 0.170422 -0.313048 
0.212565 0.173469 -0.291669 0.18217 0.170499 -0.291473 0.0303538 0.152601 -0.311871 
-4.1425e-05 0.14963 -0.311675 -0.0304366 0.14666 -0.311479 -0.0608319 0.14369 -0.311283 
-0.0609918 0.146738 -0.289904 -0.0912271 0.14072 -0.311087 -0.091387 0.143768 -0.289708 
-0.107554 0.151397 -0.301824 -0.243363 0.128917 -0.288728 -0.229135 0.139516 -0.30104 
-0.243203 0.125869 -0.310106 -0.273598 0.122899 -0.30991 -0.273758 0.125947 -0.288532 
-0.123881 0.162073 -0.292561 -0.154276 0.159103 -0.292365 -0.184671 0.156133 -0.292169 
-0.215067 0.153163 -0.291973 0.111632 -0.0634204 -0.498611 0.111792 -0.0664682 -0.51999 
0.12586 -0.0528213 -0.510923 0.0954646 -0.0557914 -0.510727 0.109373 -0.0390967 -0.480281 
0.123601 -0.0284976 -0.492593 0.0791377 -0.0451147 -0.501464 0.0789778 -0.0420669 -0.480085 
0.0485826 -0.045037 -0.479889 0.0487425 -0.0480848 -0.501268 0.0181874 -0.0480072 -0.479693 
0.0183472 -0.051055 -0.501072 0.00202033 -0.0403782 -0.491809 0.107114 -0.014773 -0.461952 
0.121343 -0.00417383 -0.474263 0.0767192 -0.0177431 -0.461755 0.046324 -0.0207133 -0.461559 
0.0159287 -0.0236835 -0.461363 -0.0143066 -0.0297015 -0.482546 -0.0144665 -0.0266537 -0.461167 
-0.0448617 -0.0296238 -0.460971 -0.0447018 -0.0326716 -0.48235 -0.0752569 -0.032594 -0.460775 
-0.075097 -0.0356418 -0.482154 -0.0914239 -0.024965 -0.472891 0.135251 0.0125209 -0.443818 
0.135411 0.00947311 -0.465197 0.149479 0.0231201 -0.45613 0.104856 0.00955074 -0.443622 
0.0744606 0.00658057 -0.443426 0.0440653 0.0036104 -0.443229 -0.107751 -0.0142883 -0.463628 
-0.124078 -0.00361148 -0.454365 0.254573 0.0487253 -0.426272 0.254733 0.0456775 -0.447651 
0.268801 0.0593245 -0.438584 0.238406 0.0563543 -0.438388 0.193783 0.042785 -0.42588 
0.193943 0.0397372 -0.447259 0.208011 0.0533841 -0.438192 0.163388 0.0398148 -0.425684 
0.163548 0.036767 -0.447063 0.132992 0.0368446 -0.425488 0.102597 0.0338745 -0.425292 
0.072202 0.0309043 -0.425096 0.0418067 0.0279341 -0.4249 -0.140405 0.0070653 -0.445102 
-0.156732 0.0177421 -0.435839 0.252315 0.073049 -0.407942 0.266543 0.0836482 -0.420254 
0.222079 0.0670311 -0.429125 0.221919 0.0700789 -0.407746 0.191524 0.0671087 -0.40755 
0.161129 0.0641385 -0.407354 0.130734 0.0611684 -0.407158 -0.173059 0.0284189 -0.426576 
-0.203614 0.0284965 -0.405001 -0.189385 0.0390956 -0.417313 0.250056 0.0973728 -0.389613 
0.264284 0.107972 -0.401924 0.219661 0.0944026 -0.389416 -0.205712 0.0497724 -0.40805 
-0.236267 0.04985 -0.386475 -0.222039 0.0604492 -0.398787 0.247797 0.121696 -0.371283 
0.262026 0.132296 -0.383594 0.156612 0.112786 -0.370694 0.17084 0.123385 -0.383006 
0.156772 0.109738 -0.392073 0.140445 0.120415 -0.38281 -0.238366 0.0711259 -0.389524 
-0.254693 0.0818027 -0.380261 0.245539 0.14602 -0.352953 0.259767 0.156619 -0.365265 
0.184748 0.14008 -0.352561 0.198977 0.150679 -0.364872 0.184908 0.137032 -0.373939 
0.154353 0.13711 -0.352364 0.124118 0.131092 -0.373547 0.123958 0.13414 -0.352168 
0.0937226 0.128122 -0.373351 0.0935627 0.131169 -0.351972 0.0633274 0.125151 -0.373155 
0.0631675 0.128199 -0.351776 0.0329322 0.122181 -0.372959 0.0327723 0.125229 -0.35158 
0.0166053 0.132858 -0.363696 -0.256952 0.106126 -0.361931 0.24344 0.167296 -0.356002 
0.213045 0.164326 -0.355805 0.212885 0.167374 -0.334427 0.0305137 0.149553 -0.33325 
0.000278359 0.143535 -0.354433 0.000118467 0.146583 -0.333054 -0.0301169 0.140565 -0.354237 
-0.0302768 0.143612 -0.332858 -0.0464438 0.151241 -0.344974 -0.243043 0.122821 -0.331485 
-0.228815 0.13342 -0.343797 -0.242883 0.119773 -0.352864 -0.273439 0.119851 -0.331289 
-0.0627707 0.161918 -0.335711 -0.0931659 0.158948 -0.335515 -0.123561 0.155978 -0.335318 
-0.123721 0.159026 -0.31394 -0.153956 0.153008 -0.335122 -0.154116 0.156055 -0.313744 
-0.184352 0.150037 -0.334926 -0.184511 0.153085 -0.313547 -0.214747 0.147067 -0.33473 
-0.214907 0.150115 -0.313351 0.203137 -0.0606055 -0.541957 0.203297 -0.0636533 -0.563336 
0.217365 -0.0500064 -0.554269 0.172742 -0.0635757 -0.541761 0.172902 -0.0666235 -0.56314 
0.142347 -0.0665458 -0.541565 0.142507 -0.0695936 -0.562944 0.111951 -0.069516 -0.541369 
0.112111 -0.0725638 -0.562748 0.0815562 -0.0724862 -0.541173 0.0817161 -0.075534 -0.562551 
0.0653892 -0.0648572 -0.553288 0.322459 -0.0244011 -0.524412 0.322619 -0.0274489 -0.54579 
0.336688 -0.013802 -0.536724 0.292064 -0.0273713 -0.524216 0.292224 -0.0304191 -0.545594 
0.261669 -0.0303414 -0.524019 0.261829 -0.0333892 -0.545398 0.231274 -0.0333116 -0.523823 
0.231434 -0.0363594 -0.545202 0.200878 -0.0362818 -0.523627 0.170483 -0.039252 -0.523431 
0.140088 -0.0422221 -0.523235 0.0792976 -0.0481625 -0.522843 0.0490622 -0.0541804 -0.544025 
0.0489024 -0.0511326 -0.522647 0.0185071 -0.0541028 -0.522451 0.018667 -0.0571506 -0.543829 
-0.0118881 -0.057073 -0.522255 -0.0117282 -0.0601208 -0.543633 -0.0280551 -0.049444 -0.53437 
0.350596 0.00289279 -0.506278 0.350756 -0.000155011 -0.527657 0.364824 0.0134919 -0.51859 
0.320201 -7.7382e-05 -0.506082 0.289806 -0.00304755 -0.505886 0.25941 -0.00601772 -0.50569 
0.229015 -0.00898789 -0.505493 0.19862 -0.0119581 -0.505297 0.168225 -0.0149282 -0.505101 
0.137829 -0.0178984 -0.504905 -0.0141467 -0.0327493 -0.503925 -0.044382 -0.0387672 -0.525107 
-0.0445419 -0.0357194 -0.503729 -0.0607089 -0.0280905 -0.515844 0.348497 0.0241687 -0.509327 
0.33217 0.0348455 -0.500064 0.317942 0.0242463 -0.487752 0.287547 0.0212762 -0.487556 
0.257152 0.018306 -0.48736 0.226756 0.0153358 -0.487164 0.196361 0.0123657 -0.486967 
0.165966 0.00939549 -0.486771 0.135571 0.00642531 -0.486575 -0.0770359 -0.0174137 -0.506581 
-0.0933628 -0.0067369 -0.497318 0.315843 0.0455223 -0.490801 0.299516 0.056199 -0.481538 
0.285288 0.0455999 -0.469226 0.254893 0.0426297 -0.46903 0.224498 0.0396595 -0.468834 
0.194103 0.0366894 -0.468638 0.163707 0.0337192 -0.468441 -0.10969 0.00393987 -0.488055 
-0.126017 0.0146166 -0.478792 0.28303 0.0699236 -0.450896 0.297258 0.0805228 -0.463208 
0.222239 0.0639833 -0.450504 -0.142344 0.0252934 -0.469529 -0.15867 0.0359702 -0.460266 
0.280771 0.0942473 -0.432566 0.294999 0.104846 -0.444878 0.219981 0.088307 -0.432174 
0.234209 0.0989061 -0.444486 0.220141 0.0852592 -0.453553 0.203814 0.095936 -0.44429 
-0.174997 0.046647 -0.451003 -0.191324 0.0573237 -0.44174 0.278672 0.115523 -0.435615 
0.262345 0.1262 -0.426352 0.217722 0.112631 -0.413844 0.23195 0.12323 -0.426156 
0.187487 0.106613 -0.435027 0.187327 0.109661 -0.413648 0.157091 0.103643 -0.434831 
0.156932 0.10669 -0.413452 0.126696 0.100672 -0.434634 0.126536 0.10372 -0.413256 
0.110369 0.111349 -0.425371 -0.207651 0.0680005 -0.432477 -0.223978 0.0786773 -0.423214 
0.246019 0.136877 -0.417089 0.245859 0.139925 -0.39571 0.215463 0.136954 -0.395514 
0.185068 0.133984 -0.395318 0.124278 0.128044 -0.394926 0.0940424 0.122026 -0.416108 
0.0938825 0.125074 -0.39473 0.0636472 0.119056 -0.415912 0.0634873 0.122104 -0.394534 
0.033252 0.116086 -0.415716 0.0330921 0.119133 -0.394337 0.0169251 0.126762 -0.406453 
-0.240305 0.0893541 -0.413951 -0.256632 0.100031 -0.404688 0.2436 0.164248 -0.37738 
0.213205 0.161278 -0.377184 0.000598142 0.137439 -0.39719 0.000438251 0.140487 -0.375811 
-0.0157288 0.148116 -0.387927 -0.212328 0.119696 -0.374439 -0.1981 0.130295 -0.386751 
-0.212168 0.116648 -0.395817 -0.242564 0.113678 -0.395621 -0.242724 0.116726 -0.374243 
-0.0320557 0.158793 -0.378664 -0.0624509 0.155823 -0.378468 -0.0626108 0.15887 -0.357089 
-0.0928461 0.152852 -0.378272 -0.093006 0.1559 -0.356893 -0.123241 0.149882 -0.378076 
-0.123401 0.15293 -0.356697 -0.153637 0.146912 -0.37788 -0.153796 0.14996 -0.356501 
-0.184032 0.143942 -0.377684 -0.184192 0.14699 -0.356305 -0.214587 0.144019 -0.356109 
0.201198 -0.0423774 -0.566385 0.170803 -0.0453476 -0.566189 0.140408 -0.0483177 -0.565993 
0.124241 -0.0406887 -0.578108 0.110172 -0.0543357 -0.587175 0.0797772 -0.0573059 -0.586979 
0.0492221 -0.0572282 -0.565404 0.049382 -0.060276 -0.586783 0.0188269 -0.0601984 -0.565208 
0.0189868 -0.0632462 -0.586587 0.0026599 -0.0525694 -0.577324 0.320521 -0.00617298 -0.548839 
0.304353 0.00145599 -0.560955 0.290285 -0.012191 -0.570022 0.25989 -0.0151611 -0.569826 
0.229495 -0.0181313 -0.56963 0.1991 -0.0211015 -0.569434 0.168704 -0.0240716 -0.569237 
0.138309 -0.0270418 -0.569041 -0.013667 -0.0418927 -0.568061 -0.0299939 -0.0312159 -0.558798 
0.348817 0.0180731 -0.552084 0.362885 0.0317201 -0.543017 0.318422 0.0151029 -0.551888 
-0.0463208 -0.0205391 -0.549535 -0.0626478 -0.00986233 -0.540272 0.346558 0.0423968 -0.533754 
0.330231 0.0530736 -0.524491 -0.0789747 0.000814441 -0.531009 -0.0953016 0.0114912 -0.521746 
0.313745 0.0667982 -0.49385 0.327973 0.0773973 -0.506161 -0.111629 0.022168 -0.512483 
-0.127955 0.0328448 -0.50322 0.311646 0.0880741 -0.496898 0.295319 0.0987509 -0.487635 
0.250696 0.0851816 -0.475127 0.264924 0.0957807 -0.487439 0.250856 0.0821338 -0.496506 
0.22046 0.0791636 -0.49631 0.2203 0.0822114 -0.474931 0.190065 0.0761934 -0.496114 
0.189905 0.0792412 -0.474735 0.173738 0.0868702 -0.486851 -0.144282 0.0435215 -0.493957 
-0.160609 0.0541983 -0.484694 0.29306 0.123075 -0.469306 0.248437 0.109505 -0.456798 
0.262665 0.120104 -0.469109 0.187647 0.103565 -0.456405 0.157411 0.097547 -0.477588 
0.157251 0.100595 -0.456209 0.127016 0.0945768 -0.477392 0.126856 0.0976246 -0.456013 
0.110689 0.105254 -0.468129 -0.176936 0.0648751 -0.475431 -0.193263 0.0755519 -0.466168 
0.276734 0.133751 -0.460043 0.246178 0.133829 -0.438468 0.0943622 0.11593 -0.458866 
0.0942023 0.118978 -0.437487 0.063967 0.11296 -0.45867 0.0638071 0.116008 -0.437291 
0.0335718 0.10999 -0.458474 0.0334119 0.113038 -0.437095 0.0172448 0.120667 -0.449211 
-0.20975 0.0892764 -0.435526 -0.195522 0.0998756 -0.447838 0.000917926 0.131344 -0.439948 
0.000758034 0.134391 -0.418569 -0.015409 0.14202 -0.430685 -0.212009 0.1136 -0.417196 
-0.19778 0.124199 -0.429508 -0.242404 0.11063 -0.417 -0.0317359 0.152697 -0.421422 
-0.0318958 0.155745 -0.400043 -0.0621311 0.149727 -0.421226 -0.062291 0.152775 -0.399847 
-0.0925263 0.146757 -0.421029 -0.0926862 0.149805 -0.399651 -0.122922 0.143787 -0.420833 
-0.123081 0.146834 -0.399455 -0.153317 0.140816 -0.420637 -0.153477 0.143864 -0.399258 
-0.183712 0.137846 -0.420441 -0.183872 0.140894 -0.399062 0.108074 -0.0330598 -0.590224 
0.0776785 -0.0360299 -0.590028 0.0615115 -0.028401 -0.602144 0.0474432 -0.0420479 -0.61121 
0.0168881 -0.0419703 -0.589636 0.0311163 -0.0313711 -0.601947 0.288186 0.00908497 -0.573071 
0.257791 0.0061148 -0.572875 0.227396 0.00314463 -0.572679 0.197001 0.000174456 -0.572482 
0.166606 -0.00279571 -0.572286 0.13621 -0.00576589 -0.57209 0.120043 0.00186309 -0.584206 
0.105975 -0.0117839 -0.593273 0.0755798 -0.014754 -0.593077 0.0147894 -0.0206944 -0.592685 
-0.0156058 -0.0236645 -0.592488 -0.0319328 -0.0129878 -0.583225 0.346718 0.039349 -0.555133 
0.316323 0.0363789 -0.554937 0.300156 0.0440078 -0.567053 0.286088 0.0303609 -0.57612 
0.255693 0.0273907 -0.575923 0.225297 0.0244205 -0.575727 0.194902 0.0214504 -0.575531 
0.164507 0.0184802 -0.575335 0.134112 0.01551 -0.575139 -0.0482597 -0.00231099 -0.573962 
-0.0645866 0.00836579 -0.564699 0.314064 0.0607026 -0.536607 0.283829 0.0546846 -0.55779 
0.283669 0.0577324 -0.536411 0.253434 0.0517144 -0.557594 0.253274 0.0547622 -0.536215 
0.237107 0.0623912 -0.548331 -0.0809135 0.0190426 -0.555436 -0.0972404 0.0297193 -0.546173 
0.311806 0.0850263 -0.518277 0.281411 0.0820561 -0.518081 0.251015 0.079086 -0.517885 
0.22078 0.073068 -0.539068 0.22062 0.0761158 -0.517689 0.190385 0.0700978 -0.538871 
0.190225 0.0731456 -0.517493 0.174058 0.0807746 -0.529608 -0.113567 0.0403961 -0.53691 
-0.129894 0.0510729 -0.527647 0.279152 0.10638 -0.499751 0.157731 0.0914514 -0.520345 
0.157571 0.0944992 -0.498967 0.127336 0.0884812 -0.520149 0.127176 0.091529 -0.498771 
0.111009 0.099158 -0.510886 -0.146381 0.0647975 -0.497006 -0.132153 0.0753966 -0.509317 
0.276893 0.130704 -0.481421 0.094682 0.109835 -0.501623 0.0945221 0.112883 -0.480245 
0.0642868 0.106865 -0.501427 0.0641269 0.109912 -0.480049 0.0338915 0.103894 -0.501231 
0.0337316 0.106942 -0.479852 0.0175646 0.114571 -0.491968 -0.14848 0.0860734 -0.500054 
-0.179035 0.086151 -0.47848 -0.164807 0.0967502 -0.490791 0.00123771 0.125248 -0.482705 
0.00107782 0.128296 -0.461326 -0.0291575 0.122278 -0.482509 -0.0293174 0.125326 -0.46113 
-0.0454844 0.132955 -0.473246 -0.181134 0.107427 -0.481528 -0.197461 0.118104 -0.472265 
-0.031576 0.149649 -0.4428 -0.0618113 0.143631 -0.463983 -0.0619712 0.146679 -0.442604 
-0.0922066 0.140661 -0.463787 -0.0923664 0.143709 -0.442408 -0.122602 0.137691 -0.463591 
-0.122762 0.140739 -0.442212 -0.152997 0.134721 -0.463395 -0.153157 0.137769 -0.442016 
-0.183392 0.131751 -0.463199 -0.183552 0.134798 -0.44182 0.0453445 -0.020772 -0.614259 
0.103876 0.00949206 -0.596322 0.0734811 0.00652189 -0.596126 0.0573141 0.0141509 -0.608241 
0.0432458 0.000503924 -0.617308 0.0126907 0.000581553 -0.595733 0.0269189 0.0111807 -0.608045 
-0.0177046 -0.00238862 -0.595537 0.283989 0.0516368 -0.579168 0.253594 0.0486666 -0.578972 
0.223199 0.0456965 -0.578776 0.192803 0.0427263 -0.57858 0.162408 0.0397561 -0.578384 
0.132013 0.036786 -0.578188 0.101618 0.0338158 -0.577992 0.0712225 0.0308456 -0.577796 
0.0550555 0.0384746 -0.589911 0.0105919 0.0218575 -0.598782 -0.0198033 0.0188873 -0.598586 
-0.0503584 0.0189649 -0.577011 -0.0361302 0.0295641 -0.589323 0.22094 0.0700202 -0.560446 
0.190545 0.06705 -0.56025 0.16015 0.0640798 -0.560054 0.129754 0.0611097 -0.559858 
0.0993591 0.0581395 -0.559662 0.0689639 0.0551693 -0.559466 0.0527968 0.0627983 -0.571581 
-0.0524571 0.0402409 -0.58006 -0.0830122 0.0403185 -0.558485 -0.068784 0.0509176 -0.570797 
0.157891 0.0884036 -0.541724 0.127496 0.0854334 -0.541528 0.0971005 0.0824632 -0.541332 
0.0667053 0.0794931 -0.541136 0.0364699 0.0734751 -0.562319 0.03631 0.0765229 -0.54094 
0.020143 0.0841519 -0.553055 -0.0851109 0.0615944 -0.561534 -0.115666 0.061672 -0.539959 
-0.101438 0.0722712 -0.552271 0.0948419 0.106787 -0.523002 0.0644467 0.103817 -0.522806 
0.0340514 0.100847 -0.52261 0.0038161 0.0948286 -0.543792 0.00365621 0.0978764 -0.522414 
-0.0125108 0.105505 -0.53453 -0.117925 0.0859957 -0.521629 -0.103696 0.0965949 -0.533941 
0.0013976 0.1222 -0.504084 -0.0288377 0.116182 -0.525266 -0.0289976 0.11923 -0.503888 
-0.0592329 0.113212 -0.52507 -0.0593928 0.11626 -0.503692 -0.0755599 0.123889 -0.515807 
-0.120023 0.107272 -0.524678 -0.150578 0.107349 -0.503103 -0.13635 0.117948 -0.515415 
-0.0616514 0.140584 -0.485362 -0.0918868 0.134566 -0.506544 -0.0920467 0.137613 -0.485166 
-0.122282 0.131595 -0.506348 -0.122442 0.134643 -0.48497 -0.152837 0.131673 -0.484773 
-0.183232 0.128703 -0.484577 0.041147 0.0217798 -0.620357 0.0388884 0.0461036 -0.602027 
0.00849322 0.0431334 -0.601831 -0.021902 0.0401632 -0.601635 0.0366298 0.0704273 -0.583697 
0.00623461 0.0674571 -0.583501 -0.0241606 0.0644869 -0.583305 -0.0545558 0.0615168 -0.583109 
0.003976 0.0917808 -0.565171 -0.0264192 0.0888107 -0.564975 -0.0568144 0.0858405 -0.564779 
-0.0872097 0.0828703 -0.564583 -0.0286778 0.113134 -0.546645 -0.0590731 0.110164 -0.546449 
-0.0894683 0.107194 -0.546253 -0.0917269 0.131518 -0.527923 -0.122122 0.128548 -0.527727 

POLYGONS 5881 17640
OFFSETS vtktypeint64
0 3 6 9 12 15 18 21 24 
27 30 33 36 39 42 45 48 51 
54 57 60 63 66 69 72 75 78 
81 84 87 90 93 96 99 102 105 
108 111 114 117 120 123 126 129 132 
135 138 141 144 147 150 153 156 159 
162 165 168 171 174 177 180 183 186 
189 192 195 198 201 204 207 210 213 
216 219 222 225 228 231 234 237 240 
243 246 249 252 255 258 261 264 267 
270 273 276 279 282 285 288 291 294 
297 300 303 306 309 312 315 318 321 
324 327 330 333 336 339 342 345 348 
351 354 357 360 363 366 369 372 375 
378 381 384 387 390 393 396 399 402 
405 408 411 414 417 420 423 426 429 
432 435 438 441 444 447 450 453 456 
459 462 465 468 471 474 477 480 483 
486 489 492 495 498 501 504 507 510 
513 516 519 522 525 528 531 534 537 
540 543 546 549 552 555 558 561 564 
567 570 573 576 579 582 585 588 591 
594 597 600 603 606 609 612 615 618 
621 624 627 630 633 636 639 642 645 
648 651 654 657 660 663 666 669 672 
675 678 681 684 687 690 693 696 699 
702 705 708 711 714 717 720 723 726 
729 732 735 738 741 744 747 750 753 
756 759 762 765 768 771 774 777 780 
783 786 789 792 795 798 801 804 807 
810 813 816 819 822 825 828 831 834 
837 840 843 846 849 852 855 858 861 
864 867 870 873 876 879 882 885 888 
891 894 897 900 903 906 909 912 915 
918 921 924 927 930 933 936 939 942 
945 948 951 954 957 960 963 966 969 
972 975 978 981 984 987 990 993 996 
999 1002 1005 1008 1011 1014 1017 1020 1023 
1026 1029 1032 1035 1038 1041 1044 1047 1050 
1053 1056 1059 1062 1065 1068 1071 1074 1077 
1080 1083 1086 1089 1092 1095 1098 1101 1104 
1107 1110 1113 1116 1119 1122 1125 1128 1131 
1134 1137 1140 1143 1146 1149 1152 1155 1158 
1161 1164 1167 1170 1173 1176 1179 1182 1185 
1188 1191 1194 1197 1200 1203 1206 1209 1212 
1215 1218 1221 1224 1227 1230 1233 1236 1239 
1242 1245 1248 1251 1254 1257 1260 1263 1266 
1269 1272 1275 1278 1281 1284 1287 1290 1293 
1296 1299 1302 1305 1308 1311 1314 1317 1320 
1323 1326 1329 1332 1335 1338 1341 1344 1347 
1350 1353 1356 1359 1362 1365 1368 1371 1374 
1377 1380 1383 1386 1389 1392 1395 1398 1401 
1404 1407 1410 1413 1416 1419 1422 1425 1428 
1431 1434 1437 1440 1443 1446 1449 1452 1455 
1458 1461 1464 1467 1470 1473 1476 1479 1482 
1485 1488 1491 1494 1497 1500 1503 1506 1509 
1512 1515 1518 1521 1524 1527 1530 1533 1536 
1539 1542 1545 1548 1551 1554 1557 1560 1563 
1566 1569 1572 1575 1578 1581 1584 1587 1590 
1593 1596 1599 1602 1605 1608 1611 1614 1617 
1620 1623 1626 1629 1632 1635 1638 1641 1644 
1647 1650 1653 1656 1659 1662 1665 1668 1671 
1674 1677 1680 1683 1686 1689 1692 1695 1698 
1701 1704 1707 1710 1713 1716 1719 1722 1725 
1728 1731 1734 1737 1740 1743 1746 1749 1752 
1755 1758 1761 1764 1767 1770 1773 1776 1779 
1782 1785 1788 1791 1794 1797 1800 1803 1806 
1809 1812 1815 1818 1821 1824 1827 1830 1833 
1836 1839 1842 1845 1848 1851 1854 1857 1860 
1863 1866 1869 1872 1875 1878 1881 1884 1887 
1890 1893 1896 1899 1902 1905 1908 1911 1914 
1917 1920 1923 1926 1929 1932 1935 1938 1941 
1944 1947 1950 1953 1956 1959 1962 1965 1968 
1971 1974 1977 1980 1983 1986 1989 1992 1995 
1998 2001 2004 2007 2010 2013 2016 2019 2022 
2025 2028 2031 2034 2037 2040 2043 2046 2049 
2052 2055 2058 2061 2064 2067 2070 2073 2076 
2079 2082 2085 2088 2091 2094 2097 2100 2103 
2106 2109 2112 2115 2118 2121 2124 2127 2130 
2133 2136 2139 2142 2145 2148 2151 2154 2157 
2160 2163 2166 2169 2172 2175 2178 2181 2184 
2187 2190 2193 2196 2199 2202 2205 2208 2211 
2214 2217 2220 2223 2226 2229 2232 2235 2238 
2241 2244 2247 2250 2253 2256 2259 2262 2265 
2268 2271 2274 2277 2280 2283 2286 2289 2292 
2295 2298 2301 2304 2307 2310 2313 2316 2319 
2322 2325 2328 2331 2334 2337 2340 2343 2346 
2349 2352 2355 2358 2361 2364 2367 2370 2373 
2376 2379 2382 2385 2388 2391 2394 2397 2400 
2403 2406 2409 2412 2415 2418 2421 2424 2427 
2430 2433 2436 2439 2442 2445 2448 2451 2454 
2457 2460 2463 2466 2469 2472 2475 2478 2481 
2484 2487 2490 2493 2496 2499 2502 2505 2508 
2511 2514 2517 2520 2523 2526 2529 2532 2535 
2538 2541 2544 2547 2550 2553 2556 2559 2562 
2565 2568 2571 2574 2577 2580 2583 2586 2589 
2592 2595 2598 2601 2604 2607 2610 2613 2616 
2619 2622 2625 2628 2631 2634 2637 2640 2643 
2646 2649 2652 2655 2658 2661 2664 2667 2670 
2673 2676 2679 2682 2685 2688 2691 2694 2697 
2700 2703 2706 2709 2712 2715 2718 2721 2724 
2727 2730 2733 2736 2739 2742 2745 2748 2751 
2754 2757 2760 2763 2766 2769 2772 2775 2778 
2781 2784 2787 2790 2793 2796 2799 2802 2805 
2808 2811 2814 2817 2820 2823 2826 2829 2832 
2835 2838 2841 2844 2847 2850 2853 2856 2859 
2862 2865 2868 2871 2874 2877 2880 2883 2886 
2889 2892 2895 2898 2901 2904 2907 2910 2913 
2916 2919 2922 2925 2928 2931 2934 2937 2940 
2943 2946 2949 2952 2955 2958 2961 2964 2967 
2970 2973 2976 2979 2982 2985 2988 2991 2994 
2997 3000 3003 3006 3009 3012 3015 3018 3021 
3024 3027 3030 3033 3036 3039 3042 3045 3048 
3051 3054 3057 3060 3063 3066 3069 3072 3075 
3078 3081 3084 3087 3090 3093 3096 3099 3102 
3105 3108 3111 3114 3117 3120 3123 3126 3129 
3132 3135 3138 3141 3144 3147 3150 3153 3156 
3159 3162 3165 3168 3171 3174 3177 3180 3183 
3186 3189 3192 3195 3198 3201 3204 3207 3210 
3213 3216 3219 3222 3225 3228 3231 3234 3237 
3240 3243 3246 3249 3252 3255 3258 3261 3264 
3267 3270 3273 3276 3279 3282 3285 3288 3291 
3294 3297 3300 3303 3306 3309 3312 3315 3318 
3321 3324 3327 3330 3333 3336 3339 3342 3345 
3348 3351 3354 3357 3360 3363 3366 3369 3372 
3375 3378 3381 3384 3387 3390 3393 3396 3399 
3402 3405 3408 3411 3414 3417 3420 3423 3426 
3429 3432 3435 3438 3441 3444 3447 3450 3453 
3456 3459 3462 3465 3468 3471 3474 3477 3480 
3483 3486 3489 3492 3495 3498 3501 3504 3507 
3510 3513 3516 3519 3522 3525 3528 3531 3534 
3537 3540 3543 3546 3549 3552 3555 3558 3561 
3564 3567 3570 3573 3576 3579 3582 3585 3588 
3591 3594 3597 3600 3603 3606 3609 3612 3615 
3618 3621 3624 3627 3630 3633 3636 3639 3642 
3645 3648 3651 3654 3657 3660 3663 3666 3669 
3672 3675 3678 3681 3684 3687 3690 3693 3696 
3699 3702 3705 3708 3711 3714 3717 3720 3723 
3726 3729 3732 3735 3738 3741 3744 3747 3750 
3753 3756 3759 3762 3765 3768 3771 3774 3777 
3780 3783 3786 3789 3792 3795 3798 3801 3804 
3807 3810 3813 3816 3819 3822 3825 3828 3831 
3834 3837 3840 3843 3846 3849 3852 3855 3858 
3861 3864 3867 3870 3873 3876 3879 3882 3885 
3888 3891 3894 3897 3900 3903 3906 3909 3912 
3915 3918 3921 3924 3927 3930 3933 3936 3939 
3942 3945 3948 3951 3954 3957 3960 3963 3966 
3969 3972 3975 3978 3981 3984 3987 3990 3993 
3996 3999 4002 4005 4008 4011 4014 4017 4020 
4023 4026 4029 4032 4035 4038 4041 4044 4047 
4050 4053 4056 4059 4062 4065 4068 4071 4074 
4077 4080 4083 4086 4089 4092 4095 4098 4101 
4104 4107 4110 4113 4116 4119 4122 4125 4128 
4131 4134 4137 4140 4143 4146 4149 4152 4155 
4158 4161 4164 4167 4170 4173 4176 4179 4182 
4185 4188 4191 4194 4197 4200 4203 4206 4209 
4212 4215 4218 4221 4224 4227 4230 4233 4236 
4239 4242 4245 4248 4251 4254 4257 4260 4263 
4266 4269 4272 4275 4278 4281 4284 4287 4290 
4293 4296 4299 4302 4305 4308 4311 4314 4317 
4320 4323 4326 4329 4332 4335 4338 4341 4344 
4347 4350 4353 4356 4359 4362 4365 4368 4371 
4374 4377 4380 4383 4386 4389 4392 4395 4398 
4401 4404 4407 4410 4413 4416 4419 4422 4425 
4428 4431 4434 4437 4440 4443 4446 4449 4452 
4455 4458 4461 4464 4467 4470 4473 4476 4479 
4482 4485 4488 4491 4494 4497 4500 4503 4506 
4509 4512 4515 4518 4521 4524 4527 4530 4533 
4536 4539 4542 4545 4548 4551 4554 4557 4560 
4563 4566 4569 4572 4575 4578 4581 4584 4587 
4590 4593 4596 4599 4602 4605 4608 4611 4614 
4617 4620 4623 4626 4629 4632 4635 4638 4641 
4644 4647 4650 4653 4656 4659 4662 4665 4668 
4671 4674 4677 4680 4683 4686 4689 4692 4695 
4698 4701 4704 4707 4710 4713 4716 4719 4722 
4725 4728 4731 4734 4737 4740 4743 4746 4749 
4752 4755 4758 4761 4764 4767 4770 4773 4776 
4779 4782 4785 4788 4791 4794 4797 4800 4803 
4806 4809 4812 4815 4818 4821 4824 4827 4830 
4833 4836 4839 4842 4845 4848 4851 4854 4857 
4860 4863 4866 4869 4872 4875 4878 4881 4884 
4887 4890 4893 4896 4899 4902 4905 4908 4911 
4914 4917 4920 4923 4926 4929 4932 4935 4938 
4941 4944 4947 4950 4953 4956 4959 4962 4965 
4968 4971 4974 4977 4980 4983 4986 4989 4992 
4995 4998 5001 5004 5007 5010 5013 5016 5019 
5022 5025 5028 5031 5034 5037 5040 5043 5046 
5049 5052 5055 5058 5061 5064 5067 5070 5073 
5076 5079 5082 5085 5088 5091 5094 5097 5100 
5103 5106 5109 5112 5115 5118 5121 5124 5127 
5130 5133 5136 5139 5142 5145 5148 5151 5154 
5157 5160 5163 5166 5169 5172 5175 5178 5181 
5184 5187 5190 5193 5196 5199 5202 5205 5208 
5211 5214 5217 5220 5223 5226 5229 5232 5235 
5238 5241 5244 5247 5250 5253 5256 5259 5262 
5265 5268 5271 5274 5277 5280 5283 5286 5289 
5292 5295 5298 5301 5304 5307 5310 5313 5316 
5319 5322 5325 5328 5331 5334 5337 5340 5343 
5346 5349 5352 5355 5358 5361 5364 5367 5370 
5373 5376 5379 5382 5385 5388 5391 5394 5397 
5400 5403 5406 5409 5412 5415 5418 5421 5424 
5427 5430 5433 5436 5439 5442 5445 5448 5451 
5454 5457 5460 5463 5466 5469 5472 5475 5478 
5481 5484 5487 5490 5493 5496 5499 5502 5505 
5508 5511 5514 5517 5520 5523 5526 5529 5532 
5535 5538 5541 5544 5547 5550 5553 5556 5559 
5562 5565 5568 5571 5574 5577 5580 5583 5586 
5589 5592 5595 5598 5601 5604 5607 5610 5613 
5616 5619 5622 5625 5628 5631 5634 5637 5640 
5643 5646 5649 5652 5655 5658 5661 5664 5667 
5670 5673 5676 5679 5682 5685 5688 5691 5694 
5697 5700 5703 5706 5709 5712 5715 5718 5721 
5724 5727 5730 5733 5736 5739 5742 5745 5748 
5751 5754 5757 5760 5763 5766 5769 5772 5775 
5778 5781 5784 5787 5790 5793 5796 5799 5802 
5805 5808 5811 5814 5817 5820 5823 5826 5829 
5832 5835 5838 5841 5844 5847 5850 5853 5856 
5859 5862 5865 5868 5871 5874 5877 5880 5883 
5886 5889 5892 5895 5898 5901 5904 5907 5910 
5913 5916 5919 5922 5925 5928 5931 5934 5937 
5940 5943 5946 5949 5952 5955 5958 5961 5964 
5967 5970 5973 5976 5979 5982 5985 5988 5991 
5994 5997 6000 6003 6006 6009 6012 6015 6018 
6021 6024 6027 6030 6033 6036 6039 6042 6045 
6048 6051 6054 6057 6060 6063 6066 6069 6072 
6075 6078 6081 6084 6087 6090 6093 6096 6099 
6102 6105 6108 6111 6114 6117 6120 6123 6126 
6129 6132 6135 6138 6141 6144 6147 6150 6153 
6156 6159 6162 6165 6168 6171 6174 6177 6180 
6183 6186 6189 6192 6195 6198 6201 6204 6207 
6210 6213 6216 6219 6222 6225 6228 6231 6234 
6237 6240 6243 6246 6249 6252 6255 6258 6261 
6264 6267 6270 6273 6276 6279 6282 6285 6288 
6291 6294 6297 6300 6303 6306 6309 6312 6315 
6318 6321 6324 6327 6330 6333 6336 6339 6342 
6345 6348 6351 6354 6357 6360 6363 6366 6369 
6372 6375 6378 6381 6384 6387 6390 6393 6396 
6399 6402 6405 6408 6411 6414 6417 6420 6423 
6426 6429 6432 6435 6438 6441 6444 6447 6450 
6453 6456 6459 6462 6465 6468 6471 6474 6477 
6480 6483 6486 6489 6492 6495 6498 6501 6504 
6507 6510 6513 6516 6519 6522 6525 6528 6531 
6534 6537 6540 6543 6546 6549 6552 6555 6558 
6561 6564 6567 6570 6573 6576 6579 6582 6585 
6588 6591 6594 6597 6600 6603 6606 6609 6612 
6615 6618 6621 6624 6627 6630 6633 6636 6639 
6642 6645 6648 6651 6654 6657 6660 6663 6666 
6669 6672 6675 6678 6681 6684 6687 6690 6693 
6696 6699 6702 6705 6708 6711 6714 6717 6720 
6723 6726 6729 6732 6735 6738 6741 6744 6747 
6750 6753 6756 6759 6762 6765 6768 6771 6774 
6777 6780 6783 6786 6789 6792 6795 6798 6801 
6804 6807 6810 6813 6816 6819 6822 6825 6828 
6831 6834 6837 6840 6843 6846 6849 6852 6855 
6858 6861 6864 6867 6870 6873 6876 6879 6882 
6885 6888 6891 6894 6897 6900 6903 6906 6909 
6912 6915 6918 6921 6924 6927 6930 6933 6936 
6939 6942 6945 6948 6951 6954 6957 6960 6963 
6966 6969 6972 6975 6978 6981 6984 6987 6990 
6993 6996 6999 7002 7005 7008 7011 7014 7017 
7020 7023 7026 7029 7032 7035 7038 7041 7044 
7047 7050 7053 7056 7059 7062 7065 7068 7071 
7074 7077 7080 7083 7086 7089 7092 7095 7098 
7101 7104 7107 7110 7113 7116 7119 7122 7125 
7128 7131 7134 7137 7140 7143 7146 7149 7152 
7155 7158 7161 7164 7167 7170 7173 7176 7179 
7182 7185 7188 7191 7194 7197 7200 7203 7206 
7209 7212 7215 7218 7221 7224 7227 7230 7233 
7236 7239 7242 7245 7248 7251 7254 7257 7260 
7263 7266 7269 7272 7275 7278 7281 7284 7287 
7290 7293 7296 7299 7302 7305 7308 7311 7314 
7317 7320 7323 7326 7329 7332 7335 7338 7341 
7344 7347 7350 7353 7356 7359 7362 7365 7368 
7371 7374 7377 7380 7383 7386 7389 7392 7395 
7398 7401 7404 7407 7410 7413 7416 7419 7422 
7425 7428 7431 7434 7437 7440 7443 7446 7449 
7452 7455 7458 7461 7464 7467 7470 7473 7476 
7479 7482 7485 7488 7491 7494 7497 7500 7503 
7506 7509 7512 7515 7518 7521 7524 7527 7530 
7533 7536 7539 7542 7545 7548 7551 7554 7557 
7560 7563 7566 7569 7572 7575 7578 7581 7584 
7587 7590 7593 7596 7599 7602 7605 7608 7611 
7614 7617 7620 7623 7626 7629 7632 7635 7638 
7641 7644 7647 7650 7653 7656 7659 7662 7665 
7668 7671 7674 7677 7680 7683 7686 7689 7692 
7695 7698 7701 7704 7707 7710 7713 7716 7719 
7722 7725 7728 7731 7734 7737 7740 7743 7746 
7749 7752 7755 7758 7761 7764 7767 7770 7773 
7776 7779 7782 7785 7788 7791 7794 7797 7800 
7803 7806 7809 7812 7815 7818 7821 7824 7827 
7830 7833 7836 7839 7842 7845 7848 7851 7854 
7857 7860 7863 7866 7869 7872 7875 7878 7881 
7884 7887 7890 7893 7896 7899 7902 7905 7908 
7911 7914 7917 7920 7923 7926 7929 7932 7935 
7938 7941 7944 7947 7950 7953 7956 7959 7962 
7965 7968 7971 7974 7977 7980 7983 7986 7989 
7992 7995 7998 8001 8004 8007 8010 8013 8016 
8019 8022 8025 8028 8031 8034 8037 8040 8043 
8046 8049 8052 8055 8058 8061 8064 8067 8070 
8073 8076 8079 8082 8085 8088 8091 8094 8097 
8100 8103 8106 8109 8112 8115 8118 8121 8124 
8127 8130 8133 8136 8139 8142 8145 8148 8151 
8154 8157 8160 8163 8166 8169 8172 8175 8178 
8181 8184 8187 8190 8193 8196 8199 8202 8205 
8208 8211 8214 8217 8220 8223 8226 8229 8232 
8235 8238 8241 8244 8247 8250 8253 8256 8259 
8262 8265 8268 8271 8274 8277 8280 8283 8286 
8289 8292 8295 8298 8301 8304 8307 8310 8313 
8316 8319 8322 8325 8328 8331 8334 8337 8340 
8343 8346 8349 8352 8355 8358 8361 8364 8367 
8370 8373 8376 8379 8382 8385 8388 8391 8394 
8397 8400 8403 8406 8409 8412 8415 8418 8421 
8424 8427 8430 8433 8436 8439 8442 8445 8448 
8451 8454 8457 8460 8463 8466 8469 8472 8475 
8478 8481 8484 8487 8490 8493 8496 8499 8502 
8505 8508 8511 8514 8517 8520 8523 8526 8529 
8532 8535 8538 8541 8544 8547 8550 8553 8556 
8559 8562 8565 8568 8571 8574 8577 8580 8583 
8586 8589 8592 8595 8598 8601 8604 8607 8610 
8613 8616 8619 8622 8625 8628 8631 8634 8637 
8640 8643 8646 8649 8652 8655 8658 8661 8664 
8667 8670 8673 8676 8679 8682 8685 8688 8691 
8694 8697 8700 8703 8706 8709 8712 8715 8718 
8721 8724 8727 8730 8733 8736 8739 8742 8745 
8748 8751 8754 8757 8760 8763 8766 8769 8772 
8775 8778 8781 8784 8787 8790 8793 8796 8799 
8802 8805 8808 8811 8814 8817 8820 8823 8826 
8829 8832 8835 8838 8841 8844 8847 8850 8853 
8856 8859 8862 8865 8868 8871 8874 8877 8880 
8883 8886 8889 8892 8895 8898 8901 8904 8907 
8910 8913 8916 8919 8922 8925 8928 8931 8934 
8937 8940 8943 8946 8949 8952 8955 8958 8961 
8964 8967 8970 8973 8976 8979 8982 8985 8988 
8991 8994 8997 9000 9003 9006 9009 9012 9015 
9018 9021 9024 9027 9030 9033 9036 9039 9042 
9045 9048 9051 9054 9057 9060 9063 9066 9069 
9072 9075 9078 9081 9084 9087 9090 9093 9096 
9099 9102 9105 9108 9111 9114 9117 9120 9123 
9126 9129 9132 9135 9138 9141 9144 9147 9150 
9153 9156 9159 9162 9165 9168 9171 9174 9177 
9180 9183 9186 9189 9192 9195 9198 9201 9204 
9207 9210 9213 9216 9219 9222 9225 9228 9231 
9234 9237 9240 9243 9246 9249 9252 9255 9258 
9261 9264 9267 9270 9273 9276 9279 9282 9285 
9288 9291 9294 9297 9300 9303 9306 9309 9312 
9315 9318 9321 9324 9327 9330 9333 9336 9339 
9342 9345 9348 9351 9354 9357 9360 9363 9366 
9369 9372 9375 9378 9381 9384 9387 9390 9393 
9396 9399 9402 9405 9408 9411 9414 9417 9420 
9423 9426 9429 9432 9435 9438 9441 9444 9447 
9450 9453 9456 9459 9462 9465 9468 9471 9474 
9477 9480 9483 9486 9489 9492 9495 9498 9501 
9504 9507 9510 9513 9516 9519 9522 9525 9528 
9531 9534 9537 9540 9543 9546 9549 9552 9555 
9558 9561 9564 9567 9570 9573 9576 9579 9582 
9585 9588 9591 9594 9597 9600 9603 9606 9609 
9612 9615 9618 9621 9624 9627 9630 9633 9636 
9639 9642 9645 9648 9651 9654 9657 9660 9663 
9666 9669 9672 9675 9678 9681 9684 9687 9690 
9693 9696 9699 9702 9705 9708 9711 9714 9717 
9720 9723 9726 9729 9732 9735 9738 9741 9744 
9747 9750 9753 9756 9759 9762 9765 9768 9771 
9774 9777 9780 9783 9786 9789 9792 9795 9798 
9801 9804 9807 9810 9813 9816 9819 9822 9825 
9828 9831 9834 9837 9840 9843 9846 9849 9852 
9855 9858 9861 9864 9867 9870 9873 9876 9879 
9882 9885 9888 9891 9894 9897 9900 9903 9906 
9909 9912 9915 9918 9921 9924 9927 9930 9933 
9936 9939 9942 9945 9948 9951 9954 9957 9960 
9963 9966 9969 9972 9975 9978 9981 9984 9987 
9990 9993 9996 9999 10002 10005 10008 10011 10014 
10017 10020 10023 10026 10029 10032 10035 10038 10041 
10044 10047 10050 10053 10056 10059 10062 10065 10068 
10071 10074 10077 10080 10083 10086 10089 10092 10095 
10098 10101 10104 10107 10110 10113 10116 10119 10122 
10125 10128 10131 10134 10137 10140 10143 10146 10149 
10152 10155 10158 10161 10164 10167 10170 10173 10176 
10179 10182 10185 10188 10191 10194 10197 10200 10203 
10206 10209 10212 10215 10218 10221 10224 10227 10230 
10233 10236 10239 10242 10245 10248 10251 10254 10257 
10260 10263 10266 10269 10272 10275 10278 10281 10284 
10287 10290 10293 10296 10299 10302 10305 10308 10311 
10314 10317 10320 10323 10326 10329 10332 10335 10338 
10341 10344 10347 10350 10353 10356 10359 10362 10365 
10368 10371 10374 10377 10380 10383 10386 10389 10392 
10395 10398 10401 10404 10407 10410 10413 10416 10419 
10422 10425 10428 10431 10434 10437 10440 10443 10446 
10449 10452 10455 10458 10461 10464 10467 10470 10473 
10476 10479 10482 10485 10488 10491 10494 10497 10500 
10503 10506 10509 10512 10515 10518 10521 10524 10527 
10530 10533 10536 10539 10542 10545 10548 10551 10554 
10557 10560 10563 10566 10569 10572 10575 10578 10581 
10584 10587 10590 10593 10596 10599 10602 10605 10608 
10611 10614 10617 10620 10623 10626 10629 10632 10635 
10638 10641 10644 10647 10650 10653 10656 10659 10662 
10665 10668 10671 10674 10677 10680 10683 10686 10689 
10692 10695 10698 10701 10704 10707 10710 10713 10716 
10719 10722 10725 10728 10731 10734 10737 10740 10743 
10746 10749 10752 10755 10758 10761 10764 10767 10770 
10773 10776 10779 10782 10785 10788 10791 10794 10797 
10800 10803 10806 10809 10812 10815 10818 10821 10824 
10827 10830 10833 10836 10839 10842 10845 10848 10851 
10854 10857 10860 10863 10866 10869 10872 10875 10878 
10881 10884 10887 10890 10893 10896 10899 10902 10905 
10908 10911 10914 10917 10920 10923 10926 10929 10932 
10935 10938 10941 10944 10947 10950 10953 10956 10959 
10962 10965 10968 10971 10974 10977 10980 10983 10986 
10989 10992 10995 10998 11001 11004 11007 11010 11013 
11016 11019 11022 11025 11028 11031 11034 11037 11040 
11043 11046 11049 11052 11055 11058 11061 11064 11067 
11070 11073 11076 11079 11082 11085 11088 11091 11094 
11097 11100 11103 11106 11109 11112 11115 11118 11121 
11124 11127 11130 11133 11136 11139 11142 11145 11148 
11151 11154 11157 11160 11163 11166 11169 11172 11175 
11178 11181 11184 11187 11190 11193 11196 11199 11202 
11205 11208 11211 11214 11217 11220 11223 11226 11229 
11232 11235 11238 11241 11244 11247 11250 11253 11256 
11259 11262 11265 11268 11271 11274 11277 11280 11283 
11286 11289 11292 11295 11298 11301 11304 11307 11310 
11313 11316 11319 11322 11325 11328 11331 11334 11337 
11340 11343 11346 11349 11352 11355 11358 11361 11364 
11367 11370 11373 11376 11379 11382 11385 11388 11391 
11394 11397 11400 11403 11406 11409 11412 11415 11418 
11421 11424 11427 11430 11433 11436 11439 11442 11445 
11448 11451 11454 11457 11460 11463 11466 11469 11472 
11475 11478 11481 11484 11487 11490 11493 11496 11499 
11502 11505 11508 11511 11514 11517 11520 11523 11526 
11529 11532 11535 11538 11541 11544 11547 11550 11553 
11556 11559 11562 11565 11568 11571 11574 11577 11580 
11583 11586 11589 11592 11595 11598 11601 11604 11607 
11610 11613 11616 11619 11622 11625 11628 11631 11634 
11637 11640 11643 11646 11649 11652 11655 11658 11661 
11664 11667 11670 11673 11676 11679 11682 11685 11688 
11691 11694 11697 11700 11703 11706 11709 11712 11715 
11718 11721 11724 11727 11730 11733 11736 11739 11742 
11745 11748 11751 11754 11757 11760 11763 11766 11769 
11772 11775 11778 11781 11784 11787 11790 11793 11796 
11799 11802 11805 11808 11811 11814 11817 11820 11823 
11826 11829 11832 11835 11838 11841 11844 11847 11850 
11853 11856 11859 11862 11865 11868 11871 11874 11877 
11880 11883 11886 11889 11892 11895 11898 11901 11904 
11907 11910 11913 11916 11919 11922 11925 11928 11931 
11934 11937 11940 11943 11946 11949 11952 11955 11958 
11961 11964 11967 11970 11973 11976 11979 11982 11985 
11988 11991 11994 11997 12000 12003 12006 12009 12012 
12015 12018 12021 12024 12027 12030 12033 12036 12039 
12042 12045 12048 12051 12054 12057 12060 12063 12066 
12069 12072 12075 12078 12081 12084 12087 12090 12093 
12096 12099 12102 12105 12108 12111 12114 12117 12120 
12123 12126 12129 12132 12135 12138 12141 12144 12147 
12150 12153 12156 12159 12162 12165 12168 12171 12174 
12177 12180 12183 12186 12189 12192 12195 12198 12201 
12204 12207 12210 12213 12216 12219 12222 12225 12228 
12231 12234 12237 12240 12243 12246 12249 12252 12255 
12258 12261 12264 12267 12270 12273 12276 12279 12282 
12285 12288 12291 12294 12297 12300 12303 12306 12309 
12312 12315 12318 12321 12324 12327 12330 12333 12336 
12339 12342 12345 12348 12351 12354 12357 12360 12363 
12366 12369 12372 12375 12378 12381 12384 12387 12390 
12393 12396 12399 12402 12405 12408 12411 12414 12417 
12420 12423 12426 12429 12432 12435 12438 12441 12444 
12447 12450 12453 12456 12459 12462 12465 12468 12471 
12474 12477 12480 12483 12486 12489 12492 12495 12498 
12501 12504 12507 12510 12513 12516 12519 12522 12525 
12528 12531 12534 12537 12540 12543 12546 12549 12552 
12555 12558 12561 12564 12567 12570 12573 12576 12579 
12582 12585 12588 12591 12594 12597 12600 12603 12606 
12609 12612 12615 12618 12621 12624 12627 12630 12633 
12636 12639 12642 12645 12648 12651 12654 12657 12660 
12663 12666 12669 12672 12675 12678 12681 12684 12687 
12690 12693 12696 12699 12702 12705 12708 12711 12714 
12717 12720 12723 12726 12729 12732 12735 12738 12741 
12744 12747 12750 12753 12756 12759 12762 12765 12768 
12771 12774 12777 12780 12783 12786 12789 12792 12795 
12798 12801 12804 12807 12810 12813 12816 12819 12822 
12825 12828 12831 12834 12837 12840 12843 12846 12849 
12852 12855 12858 12861 12864 12867 12870 12873 12876 
12879 12882 12885 12888 12891 12894 12897 12900 12903 
12906 12909 12912 12915 12918 12921 12924 12927 12930 
12933 12936 12939 12942 12945 12948 12951 12954 12957 
12960 12963 12966 12969 12972 12975 12978 12981 12984 
12987 12990 12993 12996 12999 13002 13005 13008 13011 
13014 13017 13020 13023 13026 13029 13032 13035 13038 
13041 13044 13047 13050 13053 13056 13059 13062 13065 
13068 13071 13074 13077 13080 13083 13086 13089 13092 
13095 13098 13101 13104 13107 13110 13113 13116 13119 
13122 13125 13128 13131 13134 13137 13140 13143 13146 
13149 13152 13155 13158 13161 13164 13167 13170 13173 
13176 13179 13182 13185 13188 13191 13194 13197 13200 
13203 13206 13209 13212 13215 13218 13221 13224 13227 
13230 13233 13236 13239 13242 13245 13248 13251 13254 
13257 13260 13263 13266 13269 13272 13275 13278 13281 
13284 13287 13290 13293 13296 13299 13302 13305 13308 
13311 13314 13317 13320 13323 13326 13329 13332 13335 
13338 13341 13344 13347 13350 13353 13356 13359 13362 
13365 13368 13371 13374 13377 13380 13383 13386 13389 
13392 13395 13398 13401 13404 13407 13410 13413 13416 
13419 13422 13425 13428 13431 13434 13437 13440 13443 
13446 13449 13452 13455 13458 13461 13464 13467 13470 
13473 13476 13479 13482 13485 13488 13491 13494 13497 
13500 13503 13506 13509 13512 13515 13518 13521 13524 
13527 13530 13533 13536 13539 13542 13545 13548 13551 
13554 13557 13560 13563 13566 13569 13572 13575 13578 
13581 13584 13587 13590 13593 13596 13599 13602 13605 
13608 13611 13614 13617 13620 13623 13626 13629 13632 
13635 13638 13641 13644 13647 13650 13653 13656 13659 
13662 13665 13668 13671 13674 13677 13680 13683 13686 
13689 13692 13695 13698 13701 13704 13707 13710 13713 
13716 13719 13722 13725 13728 13731 13734 13737 13740 
13743 13746 13749 13752 13755 13758 13761 13764 13767 
13770 13773 13776 13779 13782 13785 13788 13791 13794 
13797 13800 13803 13806 13809 13812 13815 13818 13821 
13824 13827 13830 13833 13836 13839 13842 13845 13848 
13851 13854 13857 13860 13863 13866 13869 13872 13875 
13878 13881 13884 13887 13890 13893 13896 13899 13902 
13905 13908 13911 13914 13917 13920 13923 13926 13929 
13932 13935 13938 13941 13944 13947 13950 13953 13956 
13959 13962 13965 13968 13971 13974 13977 13980 13983 
13986 13989 13992 13995 13998 14001 14004 14007 14010 
14013 14016 14019 14022 14025 14028 14031 14034 14037 
14040 14043 14046 14049 14052 14055 14058 14061 14064 
14067 14070 14073 14076 14079 14082 14085 14088 14091 
14094 14097 14100 14103 14106 14109 14112 14115 14118 
14121 14124 14127 14130 14133 14136 14139 14142 14145 
14148 14151 14154 14157 14160 14163 14166 14169 14172 
14175 14178 14181 14184 14187 14190 14193 14196 14199 
14202 14205 14208 14211 14214 14217 14220 14223 14226 
14229 14232 14235 14238 14241 14244 14247 14250 14253 
14256 14259 14262 14265 14268 14271 14274 14277 14280 
14283 14286 14289 14292 14295 14298 14301 14304 14307 
14310 14313 14316 14319 14322 14325 14328 14331 14334 
14337 14340 14343 14346 14349 14352 14355 14358 14361 
14364 14367 14370 14373 14376 14379 14382 14385 14388 
14391 14394 14397 14400 14403 14406 14409 14412 14415 
14418 14421 14424 14427 14430 14433 14436 14439 14442 
14445 14448 14451 14454 14457 14460 14463 14466 14469 
14472 14475 14478 14481 14484 14487 14490 14493 14496 
14499 14502 14505 14508 14511 14514 14517 14520 14523 
14526 14529 14532 14535 14538 14541 14544 14547 14550 
14553 14556 14559 14562 14565 14568 14571 14574 14577 
14580 14583 14586 14589 14592 14595 14598 14601 14604 
14607 14610 14613 14616 14619 14622 14625 14628 14631 
14634 14637 14640 14643 14646 14649 14652 14655 14658 
14661 14664 14667 14670 14673 14676 14679 14682 14685 
14688 14691 14694 14697 14700 14703 14706 14709 14712 
14715 14718 14721 14724 14727 14730 14733 14736 14739 
14742 14745 14748 14751 14754 14757 14760 14763 14766 
14769 14772 14775 14778 14781 14784 14787 14790 14793 
14796 14799 14802 14805 14808 14811 14814 14817 14820 
14823 14826 14829 14832 14835 14838 14841 14844 14847 
14850 14853 14856 14859 14862 14865 14868 14871 14874 
14877 14880 14883 14886 14889 14892 14895 14898 14901 
14904 14907 14910 14913 14916 14919 14922 14925 14928 
14931 14934 14937 14940 14943 14946 14949 14952 14955 
14958 14961 14964 14967 14970 14973 14976 14979 14982 
14985 14988 14991 14994 14997 15000 15003 15006 15009 
15012 15015 15018 15021 15024 15027 15030 15033 15036 
15039 15042 15045 15048 15051 15054 15057 15060 15063 
15066 15069 15072 15075 15078 15081 15084 15087 15090 
15093 15096 15099 15102 15105 15108 15111 15114 15117 
15120 15123 15126 15129 15132 15135 15138 15141 15144 
15147 15150 15153 15156 15159 15162 15165 15168 15171 
15174 15177 15180 15183 15186 15189 15192 15195 15198 
15201 15204 15207 15210 15213 15216 15219 15222 15225 
15228 15231 15234 15237 15240 15243 15246 15249 15252 
15255 15258 15261 15264 15267 15270 15273 15276 15279 
15282 15285 15288 15291 15294 15297 15300 15303 15306 
15309 15312 15315 15318 15321 15324 15327 15330 15333 
15336 15339 15342 15345 15348 15351 15354 15357 15360 
15363 15366 15369 15372 15375 15378 15381 15384 15387 
15390 15393 15396 15399 15402 15405 15408 15411 15414 
15417 15420 15423 15426 15429 15432 15435 15438 15441 
15444 15447 15450 15453 15456 15459 15462 15465 15468 
15471 15474 15477 15480 15483 15486 15489 15492 15495 
15498 15501 15504 15507 15510 15513 15516 15519 15522 
15525 15528 15531 15534 15537 15540 15543 15546 15549 
15552 15555 15558 15561 15564 15567 15570 15573 15576 
15579 15582 15585 15588 15591 15594 15597 15600 15603 
15606 15609 15612 15615 15618 15621 15624 15627 15630 
15633 15636 15639 15642 15645 15648 15651 15654 15657 
15660 15663 15666 15669 15672 15675 15678 15681 15684 
15687 15690 15693 15696 15699 15702 15705 15708 15711 
15714 15717 15720 15723 15726 15729 15732 15735 15738 
15741 15744 15747 15750 15753 15756 15759 15762 15765 
15768 15771 15774 15777 15780 15783 15786 15789 15792 
15795 15798 15801 15804 15807 15810 15813 15816 15819 
15822 15825 15828 15831 15834 15837 15840 15843 15846 
15849 15852 15855 15858 15861 15864 15867 15870 15873 
15876 15879 15882 15885 15888 15891 15894 15897 15900 
15903 15906 15909 15912 15915 15918 15921 15924 15927 
15930 15933 15936 15939 15942 15945 15948 15951 15954 
15957 15960 15963 15966 15969 15972 15975 15978 15981 
15984 15987 15990 15993 15996 15999 16002 16005 16008 
16011 16014 16017 16020 16023 16026 16029 16032 16035 
16038 16041 16044 16047 16050 16053 16056 16059 16062 
16065 16068 16071 16074 16077 16080 16083 16086 16089 
16092 16095 16098 16101 16104 16107 16110 16113 16116 
16119 16122 16125 16128 16131 16134 16137 16140 16143 
16146 16149 16152 16155 16158 16161 16164 16167 16170 
16173 16176 16179 16182 16185 16188 16191 16194 16197 
16200 16203 16206 16209 16212 16215 16218 16221 16224 
16227 16230 16233 16236 16239 16242 16245 16248 16251 
16254 16257 16260 16263 16266 16269 16272 16275 16278 
16281 16284 16287 16290 16293 16296 16299 16302 16305 
16308 16311 16314 16317 16320 16323 16326 16329 16332 
16335 16338 16341 16344 16347 16350 16353 16356 16359 
16362 16365 16368 16371 16374 16377 16380 16383 16386 
16389 16392 16395 16398 16401 16404 16407 16410 16413 
16416 16419 16422 16425 16428 16431 16434 16437 16440 
16443 16446 16449 16452 16455 16458 16461 16464 16467 
16470 16473 16476 16479 16482 16485 16488 16491 16494 
16497 16500 16503 16506 16509 16512 16515 16518 16521 
16524 16527 16530 16533 16536 16539 16542 16545 16548 
16551 16554 16557 16560 16563 16566 16569 16572 16575 
16578 16581 16584 16587 16590 16593 16596 16599 16602 
16605 16608 16611 16614 16617 16620 16623 16626 16629 
16632 16635 16638 16641 16644 16647 16650 16653 16656 
16659 16662 16665 16668 16671 16674 16677 16680 16683 
16686 16689 16692 16695 16698 16701 16704 16707 16710 
16713 16716 16719 16722 16725 16728 16731 16734 16737 
16740 16743 16746 16749 16752 16755 16758 16761 16764 
16767 16770 16773 16776 16779 16782 16785 16788 16791 
16794 16797 16800 16803 16806 16809 16812 16815 16818 
16821 16824 16827 16830 16833 16836 16839 16842 16845 
16848 16851 16854 16857 16860 16863 16866 16869 16872 
16875 16878 16881 16884 16887 16890 16893 16896 16899 
16902 16905 16908 16911 16914 16917 16920 16923 16926 
16929 16932 16935 16938 16941 16944 16947 16950 16953 
16956 16959 16962 16965 16968 16971 16974 16977 16980 
16983 16986 16989 16992 16995 16998 17001 17004 17007 
17010 17013 17016 17019 17022 17025 17028 17031 17034 
17037 17040 17043 17046 17049 17052 17055 17058 17061 
17064 17067 17070 17073 17076 17079 17082 17085 17088 
17091 17094 17097 17100 17103 17106 17109 17112 17115 
17118 17121 17124 17127 17130 17133 17136 17139 17142 
17145 17148 17151 17154 17157 17160 17163 17166 17169 
17172 17175 17178 17181 17184 17187 17190 17193 17196 
17199 17202 17205 17208 17211 17214 17217 17220 17223 
17226 17229 17232 17235 17238 17241 17244 17247 17250 
17253 17256 17259 17262 17265 17268 17271 17274 17277 
17280 17283 17286 17289 17292 17295 17298 17301 17304 
17307 17310 17313 17316 17319 17322 17325 17328 17331 
17334 17337 17340 17343 17346 17349 17352 17355 17358 
17361 17364 17367 17370 17373 17376 17379 17382 17385 
17388 17391 17394 17397 17400 17403 17406 17409 17412 
17415 17418 17421 17424 17427 17430 17433 17436 17439 
17442 17445 17448 17451 17454 17457 17460 17463 17466 
17469 17472 17475 17478 17481 17484 17487 17490 17493 
17496 17499 17502 17505 17508 17511 17514 17517 17520 
17523 17526 17529 17532 17535 17538 17541 17544 17547 
17550 17553 17556 17559 17562 17565 17568 17571 17574 
17577 17580 17583 17586 17589 17592 17595 17598 17601 
17604 17607 17610 17613 17616 17619 17622 17625 17628 
17631 17634 17637 17640 
CONNECTIVITY vtktypeint64
0 1 2 0 3 4 1 0 4 
4 3 5 6 0 2 7 6 2 
3 0 8 8 0 6 9 5 3 
9 3 10 10 3 8 10 11 12 
9 10 12 11 13 14 12 11 14 
14 13 15 16 6 7 17 16 7 
8 6 18 18 6 16 10 8 19 
19 8 18 11 10 20 20 10 19 
13 11 21 21 11 20 22 15 13 
22 13 23 23 13 21 22 23 24 
16 17 25 18 16 25 26 18 25 
26 27 28 26 28 18 18 28 19 
20 19 29 29 19 28 21 20 30 
30 20 29 23 21 31 31 21 30 
32 24 23 31 32 23 28 27 33 
29 28 33 34 29 33 30 29 34 
35 30 34 31 30 35 36 31 35 
32 31 36 37 38 39 38 37 40 
41 42 43 41 44 45 42 41 45 
44 46 47 45 44 47 47 46 48 
37 39 49 50 51 52 40 37 49 
43 50 52 43 52 41 41 52 53 
44 41 54 54 41 53 46 44 55 
55 44 54 56 48 46 56 46 57 
57 46 55 57 58 59 56 57 59 
58 60 61 59 58 61 60 62 63 
61 60 63 62 64 65 63 62 65 
65 64 66 52 51 67 67 68 69 
67 69 52 52 69 53 54 53 70 
70 53 69 55 54 71 71 54 70 
57 55 72 72 55 71 58 57 73 
73 57 72 60 58 74 74 58 73 
62 60 75 75 60 74 64 62 76 
76 62 75 77 66 64 77 64 78 
78 64 76 78 79 80 77 78 80 
79 81 82 80 79 82 82 81 83 
69 68 84 70 69 84 85 70 84 
71 70 85 86 71 85 86 87 88 
86 88 71 71 88 72 73 72 89 
89 72 88 74 73 90 90 73 89 
75 74 91 91 74 90 1 91 2 
1 76 91 76 75 91 4 76 1 
78 76 4 5 78 4 5 92 78 
92 79 78 81 79 93 93 79 92 
94 83 81 94 81 95 95 81 93 
95 96 97 94 95 97 97 96 98 
88 87 99 89 88 99 100 89 99 
100 101 102 100 102 89 89 102 90 
91 90 103 103 90 102 2 103 7 
91 103 2 5 9 92 12 92 9 
93 92 12 14 93 12 95 93 14 
15 95 14 15 104 95 104 96 95 
105 98 96 105 96 106 106 96 104 
105 106 107 102 101 108 103 102 108 
109 103 108 109 7 103 109 110 7 
110 17 7 15 22 104 24 104 22 
24 111 104 111 106 104 112 107 106 
112 106 113 113 106 111 112 113 114 
17 110 115 25 17 115 26 25 116 
25 115 116 116 27 26 117 27 116 
111 118 119 111 24 118 24 32 118 
113 111 119 120 113 119 114 113 120 
27 117 121 33 27 121 34 33 122 
33 121 122 35 34 123 34 122 123 
36 35 124 35 123 124 118 32 36 
124 118 36 125 126 127 125 128 129 
126 125 129 128 130 131 129 128 131 
130 132 133 131 130 133 132 134 135 
133 132 135 134 136 137 135 134 137 
137 136 138 139 125 127 140 139 127 
128 125 141 141 125 139 130 128 142 
142 128 141 132 130 143 143 130 142 
134 132 144 144 132 143 136 134 145 
145 134 144 146 138 136 146 136 147 
147 136 145 147 148 149 146 147 149 
149 148 150 151 139 140 152 151 140 
38 151 39 38 141 151 141 139 151 
40 141 38 40 153 141 153 142 141 
42 153 43 42 143 153 143 142 153 
45 143 42 144 143 45 47 144 45 
145 144 47 48 145 47 48 154 145 
154 147 145 148 147 155 155 147 154 
156 150 148 156 148 157 157 148 155 
157 158 159 156 157 159 158 160 161 
159 158 161 161 160 162 151 152 163 
164 163 165 49 163 164 49 151 163 
49 39 151 49 153 40 49 164 153 
50 153 51 51 153 164 43 153 50 
48 56 154 59 154 56 155 154 59 
61 155 59 157 155 61 63 157 61 
158 157 63 65 158 63 160 158 65 
66 166 167 65 66 167 65 167 162 
65 162 160 166 168 169 167 166 169 
168 170 171 169 168 171 171 170 172 
164 165 173 174 173 175 67 173 174 
67 164 173 67 51 164 67 174 68 
66 77 166 80 166 77 168 166 80 
82 168 80 170 168 82 83 176 177 
82 83 177 82 177 172 82 172 170 
176 178 179 177 176 179 178 180 181 
179 178 181 181 180 182 174 175 183 
68 174 183 68 183 84 84 183 184 
85 84 185 84 184 185 186 185 187 
186 86 185 86 85 185 86 186 87 
83 94 176 97 176 94 178 176 97 
98 178 97 98 188 178 188 180 178 
189 182 180 189 180 190 190 180 188 
189 190 191 186 187 192 87 186 192 
87 192 99 99 192 193 100 99 194 
99 193 194 194 101 100 195 101 194 
98 105 188 107 188 105 107 196 188 
196 190 188 197 191 190 197 190 198 
198 190 196 197 198 199 101 195 200 
108 101 200 109 108 201 108 200 201 
110 202 203 110 109 202 109 201 202 
202 204 203 107 112 196 205 198 196 
205 196 114 205 114 206 112 114 196 
199 198 205 110 203 115 203 204 207 
203 207 115 115 207 116 117 208 209 
117 116 208 116 207 208 209 210 211 
208 210 209 210 212 211 213 214 215 
213 119 118 213 215 119 215 216 119 
120 119 217 119 216 217 206 114 120 
217 206 120 117 209 121 122 121 209 
211 122 209 211 212 218 211 218 122 
122 218 123 214 213 124 214 124 218 
218 124 123 118 124 213 219 220 221 
219 222 223 220 219 223 222 224 225 
223 222 225 224 226 227 225 224 227 
227 226 228 126 219 221 126 221 127 
127 221 229 129 219 126 222 219 129 
131 222 129 224 222 131 133 224 131 
226 224 133 226 230 228 226 133 230 
133 135 230 137 231 135 135 231 230 
138 232 233 138 233 137 137 233 231 
233 232 234 127 229 140 229 235 140 
138 146 232 232 236 234 232 146 236 
146 149 236 150 237 238 150 238 149 
149 238 236 237 239 240 238 237 240 
239 241 242 240 239 242 242 241 243 
140 235 152 235 244 152 150 156 237 
159 237 156 239 237 159 161 239 159 
241 239 161 162 245 246 161 162 246 
161 246 243 161 243 241 245 247 248 
246 245 248 247 249 250 248 247 250 
249 251 252 250 249 252 251 253 254 
252 251 254 253 255 256 254 253 256 
255 257 258 256 255 258 257 259 260 
258 257 260 260 259 261 152 244 262 
163 152 262 262 165 163 263 165 262 
162 167 245 169 245 167 247 245 169 
171 247 169 249 247 171 172 249 171 
172 264 249 264 251 249 253 251 265 
265 251 264 255 253 266 266 253 265 
257 255 267 267 255 266 259 257 268 
268 257 267 269 261 259 269 259 270 
270 259 268 269 270 271 165 263 272 
173 165 272 272 175 173 273 175 272 
172 177 264 179 264 177 265 264 179 
181 265 179 266 265 181 182 266 181 
182 274 266 274 267 266 268 267 275 
275 267 274 276 277 270 276 270 275 
275 270 268 271 270 277 175 273 278 
183 175 278 184 183 279 183 278 279 
185 184 280 184 279 280 280 187 185 
281 187 280 182 189 274 191 274 189 
191 282 274 282 275 274 283 276 275 
283 275 284 284 275 282 283 284 285 
187 281 286 192 187 286 193 192 287 
192 286 287 194 193 288 193 287 288 
195 289 290 195 194 289 194 288 289 
290 291 292 289 291 290 291 293 292 
191 197 282 294 284 282 294 282 199 
294 199 295 197 199 282 285 284 294 
195 290 200 201 200 290 292 201 290 
292 293 296 292 296 201 201 296 202 
204 297 298 204 202 297 202 296 297 
297 299 298 205 300 301 206 300 205 
295 199 205 301 295 205 204 298 207 
298 299 302 298 302 207 207 302 208 
210 208 303 208 302 303 212 304 305 
212 210 304 210 303 304 305 215 214 
305 304 215 304 306 215 216 215 307 
215 306 307 217 216 308 216 307 308 
300 206 217 308 300 217 212 305 218 
214 218 305 309 310 311 309 312 313 
310 309 313 312 314 315 313 312 315 
315 314 316 317 309 311 318 317 311 
312 309 319 319 309 317 314 312 320 
320 312 319 321 316 314 320 321 314 
220 322 323 221 220 323 318 223 317 
318 322 223 322 220 223 225 317 223 
319 317 225 227 319 225 320 319 227 
228 324 325 227 228 325 227 325 321 
227 321 320 324 326 327 325 324 327 
327 326 328 221 323 229 323 329 229 
228 230 324 231 324 230 326 324 231 
326 330 328 326 231 330 231 233 330 
234 331 332 234 332 233 233 332 330 
331 333 334 332 331 334 333 335 336 
334 333 336 336 335 337 229 329 235 
329 338 235 234 236 331 238 331 236 
333 331 238 240 333 238 335 333 240 
335 339 337 335 240 339 240 242 339 
243 340 341 243 341 242 242 341 339 
340 342 343 341 340 343 342 344 345 
343 342 345 344 346 347 345 344 347 
346 348 349 347 346 349 348 350 351 
349 348 351 350 352 353 351 350 353 
352 354 355 353 352 355 355 354 356 
235 338 244 338 357 244 243 246 340 
248 340 246 342 340 248 250 342 248 
344 342 250 252 344 250 346 344 252 
254 346 252 348 346 254 256 348 254 
350 348 256 258 350 256 352 350 258 
260 352 258 354 352 260 354 260 261 
354 261 356 356 261 358 244 357 359 
262 244 359 359 263 262 360 263 359 
361 261 269 361 362 261 362 358 261 
269 271 361 263 360 363 272 263 363 
363 273 272 364 273 363 277 362 361 
277 276 362 276 365 362 271 277 361 
273 364 366 278 273 366 279 278 367 
278 366 367 280 279 368 279 367 368 
281 369 370 281 280 369 280 368 369 
370 371 372 369 371 370 371 373 372 
276 374 365 283 374 276 374 283 285 
375 374 285 281 370 286 287 286 370 
372 287 370 372 373 376 372 376 287 
287 376 288 289 288 377 288 376 377 
291 289 378 289 377 378 293 379 380 
293 291 379 291 378 379 379 381 380 
294 382 383 295 382 294 375 285 294 
383 375 294 293 380 296 380 381 384 
380 384 296 296 384 297 299 385 386 
299 297 385 297 384 385 386 387 388 
385 387 386 387 389 388 390 391 392 
390 301 300 390 392 301 392 393 301 
382 295 301 393 382 301 299 386 302 
303 302 386 388 303 386 388 389 394 
388 394 303 303 394 304 306 304 395 
304 394 395 307 306 396 306 395 396 
391 390 308 391 308 396 396 308 307 
300 308 390 397 398 399 397 400 401 
398 397 401 400 402 403 401 400 403 
403 402 404 310 405 406 311 310 406 
399 313 397 399 405 313 405 310 313 
315 397 313 400 397 315 316 400 315 
316 407 400 407 402 400 408 404 402 
408 402 409 409 402 407 408 409 410 
311 406 318 406 411 318 407 321 412 
316 321 407 409 407 413 413 407 412 
414 410 409 413 414 409 322 415 416 
323 322 416 411 322 318 415 322 411 
321 325 412 327 412 325 413 412 327 
328 417 418 327 328 418 327 418 414 
327 414 413 417 419 420 418 417 420 
419 421 422 420 419 422 421 423 424 
422 421 424 424 423 425 323 416 329 
416 426 329 328 330 417 332 417 330 
419 417 332 334 419 332 421 419 334 
336 421 334 423 421 336 337 427 428 
336 337 428 336 428 425 336 425 423 
427 429 430 428 427 430 429 431 432 
430 429 432 431 433 434 432 431 434 
433 435 436 434 433 436 435 437 438 
436 435 438 437 439 440 438 437 440 
439 441 442 440 439 442 441 443 444 
442 441 444 444 443 445 446 447 338 
446 338 426 426 338 329 446 448 447 
337 339 427 341 427 339 429 427 341 
343 429 341 431 429 343 345 431 343 
433 431 345 347 433 345 435 433 347 
349 435 347 437 435 349 351 437 349 
439 437 351 353 439 351 441 439 353 
355 441 353 443 441 355 443 355 356 
443 356 445 445 356 449 447 450 357 
338 447 357 451 447 448 450 447 451 
356 358 449 449 358 452 357 450 359 
360 453 454 359 453 360 359 451 453 
359 450 451 453 455 454 358 362 452 
452 362 456 360 454 363 364 457 458 
363 457 364 363 455 457 363 454 455 
457 459 458 362 365 456 456 365 460 
364 458 366 458 459 461 458 461 366 
366 461 367 368 367 462 367 461 462 
369 368 463 368 462 463 371 369 464 
369 463 464 373 465 466 373 371 465 
371 464 465 466 467 468 465 467 466 
467 469 468 365 470 460 374 470 365 
470 374 375 471 470 375 373 466 376 
377 376 466 468 377 466 468 469 472 
468 472 377 377 472 378 379 378 473 
378 472 473 381 474 475 381 379 474 
379 473 474 474 476 475 477 478 479 
477 383 382 477 479 383 479 480 383 
471 375 383 480 471 383 381 475 384 
475 476 481 475 481 384 384 481 385 
387 385 482 385 481 482 389 483 484 
389 387 483 387 482 483 484 485 486 
483 485 484 486 487 488 485 487 486 
488 392 391 488 487 392 487 489 392 
478 477 393 478 393 489 489 393 392 
382 393 477 389 484 394 395 394 484 
486 395 484 396 395 486 488 396 486 
391 396 488 490 491 492 491 490 493 
494 495 496 494 497 498 495 494 498 
492 498 497 492 497 490 490 497 499 
500 493 490 499 500 490 398 501 502 
399 398 502 401 503 398 398 503 501 
496 403 494 496 503 403 503 401 403 
404 494 403 404 504 494 504 497 494 
499 497 505 505 497 504 506 500 499 
506 499 507 507 499 505 506 507 508 
509 510 511 509 512 513 510 509 513 
513 512 514 405 515 516 406 405 516 
502 405 399 515 405 502 404 408 504 
410 504 408 410 517 504 517 505 504 
507 505 518 518 505 517 519 508 507 
518 519 507 520 521 522 520 523 524 
521 520 524 511 524 523 511 523 509 
509 523 525 512 509 526 526 509 525 
527 514 512 527 512 528 528 512 526 
528 529 530 527 528 530 530 529 531 
406 516 411 516 532 411 517 414 533 
410 414 517 518 517 534 534 517 533 
535 519 518 535 518 536 536 518 534 
536 537 538 535 536 538 537 539 540 
538 537 540 539 541 542 540 539 542 
541 543 544 542 541 544 543 545 546 
544 543 546 545 547 548 546 545 548 
547 549 550 548 547 550 522 550 549 
522 549 520 520 549 551 523 520 552 
552 520 551 553 554 525 553 525 552 
552 525 523 526 525 554 555 526 554 
528 526 555 556 528 555 529 528 556 
557 529 556 531 529 557 415 558 559 
416 415 559 532 415 411 558 415 532 
414 418 533 420 533 418 534 533 420 
422 534 420 536 534 422 424 536 422 
537 536 424 425 537 424 425 560 537 
560 539 537 541 539 561 561 539 560 
543 541 562 562 541 561 545 543 563 
563 543 562 547 545 564 564 545 563 
549 547 565 565 547 564 551 549 566 
566 549 565 552 551 567 567 551 566 
568 553 552 568 552 569 569 552 567 
568 569 570 571 572 426 571 426 559 
559 426 416 571 573 572 425 428 560 
430 560 428 561 560 430 432 561 430 
562 561 432 434 562 432 563 562 434 
436 563 434 564 563 436 438 564 436 
565 564 438 440 565 438 566 565 440 
442 566 440 567 566 442 444 567 442 
569 567 444 445 574 575 444 445 575 
444 575 570 444 570 569 575 574 576 
426 572 446 572 448 446 572 573 448 
573 577 448 574 449 578 445 449 574 
579 576 574 578 579 574 580 581 451 
580 451 577 577 451 448 580 582 581 
578 452 583 449 452 578 584 579 578 
583 584 578 451 581 453 455 585 586 
453 585 455 453 582 585 453 581 582 
585 587 586 583 456 588 452 456 583 
589 584 583 588 589 583 455 586 457 
459 590 591 457 590 459 457 587 590 
457 586 587 590 592 591 588 460 593 
456 460 588 594 589 588 593 594 588 
459 591 461 591 592 595 591 595 461 
461 595 462 463 462 596 462 595 596 
464 463 597 463 596 597 465 464 598 
464 597 598 467 465 599 465 598 599 
469 600 601 469 467 600 467 599 600 
601 602 603 600 602 601 602 604 603 
460 470 593 593 470 471 593 471 594 
594 471 605 469 601 472 473 472 601 
603 473 601 603 604 606 603 606 473 
473 606 474 476 607 608 476 474 607 
474 606 607 608 609 610 607 609 608 
609 611 610 612 613 614 612 615 616 
614 615 612 616 479 478 616 615 479 
615 617 479 480 479 618 479 617 618 
605 471 480 618 605 480 476 608 481 
482 481 608 610 482 608 610 611 619 
610 619 482 482 619 483 485 483 620 
483 619 620 613 612 487 613 487 620 
620 487 485 489 487 612 616 489 612 
478 489 616 621 622 623 621 624 625 
622 621 625 625 624 626 491 627 628 
492 491 628 493 629 621 493 621 627 
493 627 491 627 621 623 624 621 630 
630 621 629 631 626 624 631 624 632 
632 624 630 631 632 633 495 634 635 
496 495 635 498 636 495 495 636 634 
628 498 492 636 498 628 629 500 637 
493 500 629 630 629 638 638 629 637 
632 630 639 639 630 638 640 633 632 
639 640 632 641 642 643 641 644 645 
642 641 645 644 646 647 645 644 647 
647 646 648 501 649 502 650 649 501 
650 501 651 651 501 503 635 503 496 
651 503 635 500 506 637 508 637 506 
508 652 637 652 638 637 639 638 653 
653 638 652 654 640 639 654 639 655 
655 639 653 655 656 657 654 655 657 
656 658 659 657 656 659 658 660 661 
659 658 661 660 662 663 661 660 663 
662 664 665 663 662 665 643 665 664 
643 664 641 641 664 666 644 641 667 
667 641 666 510 667 511 510 646 667 
646 644 667 646 668 648 646 510 668 
510 513 668 514 669 670 514 670 513 
513 670 668 669 671 672 670 669 672 
672 671 673 515 674 516 515 675 674 
502 675 515 502 676 675 502 649 676 
650 676 649 652 519 677 508 519 652 
653 652 678 678 652 677 655 653 679 
679 653 678 656 655 680 680 655 679 
658 656 681 681 656 680 660 658 682 
682 658 681 662 660 683 683 660 682 
664 662 684 684 662 683 521 684 522 
521 666 684 666 664 684 524 666 521 
667 666 524 511 667 524 514 527 669 
530 669 527 671 669 530 531 685 686 
530 531 686 530 686 673 530 673 671 
685 687 688 686 685 688 688 687 689 
674 690 691 674 691 516 516 691 532 
675 690 674 519 535 677 538 677 535 
678 677 538 540 678 538 679 678 540 
542 679 540 680 679 542 544 680 542 
681 680 544 546 681 544 682 681 546 
548 682 546 683 682 548 550 683 548 
684 683 550 522 684 550 554 553 692 
554 693 555 692 693 554 555 694 556 
693 694 555 556 695 557 694 695 556 
557 695 696 531 557 696 531 696 697 
531 697 685 687 685 697 698 687 697 
689 687 698 558 699 559 558 700 699 
558 532 700 532 691 700 553 568 692 
570 692 568 570 701 692 701 693 692 
694 693 702 702 693 701 703 704 695 
703 695 702 702 695 694 696 695 704 
559 699 571 699 573 571 699 700 573 
700 705 573 570 575 701 576 701 575 
576 706 701 706 702 701 707 703 702 
706 707 702 708 709 577 708 577 705 
705 577 573 708 710 709 706 579 711 
576 579 706 712 707 706 711 712 706 
577 709 580 582 713 714 580 713 582 
580 710 713 580 709 710 713 715 714 
711 584 716 579 584 711 717 712 711 
716 717 711 582 714 585 587 718 719 
585 718 587 585 715 718 585 714 715 
718 720 719 716 589 721 584 589 716 
722 717 716 721 722 716 587 719 590 
592 723 724 590 723 592 590 720 723 
590 719 720 724 725 726 723 725 724 
725 727 726 721 594 728 589 594 721 
729 722 721 729 721 730 730 721 728 
729 730 731 592 724 595 596 595 724 
726 596 724 726 727 732 726 732 596 
596 732 597 598 597 733 597 732 733 
599 598 734 598 733 734 600 599 735 
599 734 735 602 600 736 600 735 736 
604 737 738 604 602 737 602 736 737 
737 739 738 740 741 742 728 742 743 
728 605 742 728 594 605 605 740 742 
730 728 743 744 730 743 731 730 744 
604 738 606 738 739 745 738 745 606 
606 745 607 609 607 746 607 745 746 
611 747 748 611 609 747 609 746 747 
748 749 750 747 749 748 750 614 613 
750 749 614 749 751 614 615 614 752 
614 751 752 617 615 753 615 752 753 
741 740 618 741 618 753 753 618 617 
605 618 740 611 748 619 620 619 748 
750 620 748 613 620 750 622 754 755 
623 622 755 625 756 622 622 756 754 
626 757 758 626 758 625 625 758 756 
758 757 759 627 760 761 628 627 761 
755 627 623 760 627 755 626 631 757 
633 762 763 631 633 763 631 763 759 
631 759 757 763 762 764 765 766 767 
765 768 769 766 765 769 769 768 770 
634 771 635 772 771 634 772 634 773 
773 634 636 761 636 628 773 636 761 
762 640 774 633 640 762 775 764 762 
775 762 776 776 762 774 775 776 777 
778 779 780 778 781 782 779 778 782 
767 782 781 765 767 781 765 781 643 
765 643 642 645 765 642 768 765 645 
768 783 770 768 645 783 645 647 783 
648 784 785 648 785 647 647 785 783 
784 786 787 785 784 787 787 786 788 
651 789 650 651 790 789 635 790 651 
635 791 790 635 771 791 772 791 771 
640 654 774 657 774 654 776 774 657 
776 792 777 776 657 792 657 659 792 
661 793 659 659 793 792 780 663 778 
780 793 663 793 661 663 665 778 663 
781 778 665 643 781 665 648 668 784 
670 784 668 786 784 670 786 794 788 
786 670 794 670 672 794 673 795 796 
673 796 672 672 796 794 795 797 798 
796 795 798 798 797 799 676 800 675 
676 801 800 650 801 676 650 802 801 
650 789 802 790 802 789 673 686 795 
688 803 686 688 804 803 686 803 795 
805 797 803 795 803 797 797 805 799 
688 689 804 690 806 691 690 807 806 
675 807 690 675 808 807 675 800 808 
801 808 800 697 809 810 696 809 697 
803 804 698 803 698 810 810 698 697 
689 698 804 806 811 700 691 806 700 
812 806 807 811 806 812 704 703 813 
704 813 814 704 814 696 696 814 809 
811 815 705 700 811 705 816 811 812 
815 811 816 813 707 817 703 707 813 
818 814 813 817 818 813 705 815 708 
710 819 820 708 819 710 708 816 819 
708 815 816 819 821 820 817 712 822 
707 712 817 823 818 817 822 823 817 
710 820 713 715 824 825 713 824 715 
713 821 824 713 820 821 824 826 825 
822 717 827 712 717 822 828 823 822 
827 828 822 715 825 718 720 829 830 
718 829 720 718 826 829 718 825 826 
829 831 830 827 722 832 717 722 827 
833 828 827 833 827 834 834 827 832 
833 834 835 720 830 723 830 831 836 
830 836 723 723 836 725 727 837 838 
727 725 837 725 836 837 837 839 838 
840 722 729 840 841 722 832 722 842 
842 722 841 842 843 834 842 834 832 
729 731 840 835 834 843 727 838 732 
838 839 844 838 844 732 732 844 733 
734 733 845 733 844 845 735 734 846 
734 845 846 736 735 847 735 846 847 
737 736 848 736 847 848 739 849 850 
739 737 849 737 848 849 850 851 852 
849 851 850 851 853 852 854 855 856 
854 742 741 854 856 742 856 857 742 
743 742 858 742 857 858 841 840 744 
841 744 858 858 744 743 731 744 840 
739 850 745 746 745 850 852 746 850 
852 853 859 852 859 746 746 859 747 
749 747 860 747 859 860 751 749 861 
749 860 861 752 751 862 751 861 862 
855 854 753 855 753 862 862 753 752 
741 753 854 754 863 755 864 863 754 
864 754 865 865 754 756 758 866 756 
756 866 865 759 867 868 759 868 758 
758 868 866 868 867 869 760 870 761 
760 871 870 755 871 760 755 872 871 
755 863 872 864 872 863 759 763 867 
764 873 874 763 764 874 763 874 869 
763 869 867 874 873 875 876 877 878 
876 879 880 877 876 880 879 767 766 
879 766 880 880 766 881 769 882 766 
766 882 881 770 883 884 770 884 769 
769 884 882 883 885 886 884 883 886 
886 885 887 773 888 772 773 889 888 
761 889 773 761 890 889 761 870 890 
871 890 870 764 775 873 777 891 892 
775 777 892 775 892 875 775 875 873 
891 893 894 892 891 894 878 894 893 
876 878 893 876 893 780 876 780 779 
782 876 779 879 876 782 767 879 782 
770 783 883 785 883 783 885 883 785 
885 895 887 885 785 895 785 787 895 
788 896 897 788 897 787 787 897 895 
896 898 899 897 896 899 899 898 900 
791 901 790 791 902 901 772 902 791 
772 903 902 772 888 903 889 903 888 
777 792 891 793 891 792 893 891 793 
780 893 793 788 794 896 796 896 794 
898 896 796 898 904 900 898 796 904 
796 798 904 799 905 906 799 906 798 
798 906 904 906 905 907 802 908 801 
802 909 908 790 909 802 790 910 909 
790 901 910 902 910 901 805 803 911 
805 911 912 799 805 912 799 912 913 
799 913 905 907 905 913 808 914 807 
808 915 914 801 915 808 801 916 915 
801 908 916 909 916 908 810 809 917 
810 917 918 803 810 918 803 918 919 
803 919 911 912 911 919 914 920 812 
807 914 812 921 914 915 920 914 921 
917 814 922 809 814 917 923 918 917 
922 923 917 920 924 816 812 920 816 
925 920 921 924 920 925 922 818 926 
814 818 922 927 923 922 927 922 928 
928 922 926 927 928 929 816 924 819 
924 821 819 924 925 821 925 930 821 
926 823 931 818 823 926 928 926 932 
932 926 931 933 929 928 932 933 928 
821 930 934 824 821 934 934 826 824 
935 826 934 931 828 936 823 828 931 
937 938 932 937 932 936 936 932 931 
933 932 938 826 935 939 829 826 939 
939 831 829 940 831 939 941 828 833 
941 942 828 936 828 943 943 828 942 
936 943 937 833 835 941 831 940 944 
836 831 944 837 836 945 836 944 945 
839 946 947 839 837 946 837 945 946 
947 948 949 946 948 947 949 950 951 
948 950 949 951 952 953 950 952 951 
953 954 955 952 954 953 954 956 955 
957 958 959 957 842 841 957 959 842 
959 960 842 942 941 843 942 843 960 
960 843 842 835 843 941 839 947 844 
845 844 947 949 845 947 846 845 949 
951 846 949 847 846 951 953 847 951 
848 847 953 955 848 953 955 956 961 
955 961 848 848 961 849 851 849 962 
849 961 962 853 963 964 853 851 963 
851 962 963 964 965 966 963 965 964 
966 967 968 965 967 966 968 969 970 
967 969 968 970 856 855 970 969 856 
969 971 856 857 856 972 856 971 972 
958 957 858 958 858 972 972 858 857 
841 858 957 853 964 859 860 859 964 
966 860 964 861 860 966 968 861 966 
862 861 968 970 862 968 855 862 970 
865 973 974 864 865 974 975 976 973 
975 973 866 866 973 865 866 868 977 
975 866 977 868 869 977 978 979 980 
978 981 982 979 978 982 981 983 984 
982 981 984 984 983 985 872 986 987 
871 872 987 974 872 864 986 872 974 
975 988 976 977 988 975 989 988 977 
990 991 989 874 990 989 874 989 977 
874 977 869 875 990 874 992 993 994 
992 995 996 993 992 996 980 996 995 
978 980 995 978 995 878 978 878 877 
880 978 877 981 978 880 881 981 880 
983 981 881 983 997 985 983 881 997 
881 882 997 884 998 882 882 998 997 
886 999 884 884 999 998 887 1000 1001 
887 1001 886 886 1001 999 1000 1002 1003 
1001 1000 1003 1003 1002 1004 890 1005 1006 
889 890 1006 987 890 871 1005 890 987 
990 1007 991 994 892 992 994 1007 892 
875 892 990 990 892 1007 894 992 892 
995 992 894 878 995 894 887 895 1000 
897 1000 895 1002 1000 897 1002 1008 1004 
1002 897 1008 897 899 1008 900 1009 1010 
900 1010 899 899 1010 1008 1010 1009 1011 
903 1012 902 903 1013 1012 903 889 1013 
889 1006 1013 900 904 1009 1009 1014 1011 
1009 904 1014 904 906 1014 1014 906 907 
1015 1014 907 910 1016 909 910 1017 1016 
902 1017 910 902 1018 1017 902 1012 1018 
1013 1018 1012 913 1019 1020 912 1019 913 
1015 907 913 1020 1015 913 916 1021 915 
916 1022 1021 909 1022 916 909 1023 1022 
909 1016 1023 1017 1023 1016 919 918 1024 
919 1024 1025 919 1025 912 912 1025 1019 
1021 1026 1027 1021 1027 915 915 1027 921 
1022 1026 1021 1024 923 1028 918 923 1024 
1029 1025 1024 1028 1029 1024 921 1027 925 
1027 1030 925 923 927 1028 1028 927 929 
1028 929 1029 1029 929 1031 1032 1033 930 
1032 930 1030 1030 930 925 1032 1034 1033 
929 933 1031 1031 933 1035 930 1033 934 
935 1036 1037 934 1036 935 934 1034 1036 
934 1033 1034 1036 1038 1037 938 1039 1040 
937 1039 938 1035 933 938 1040 1035 938 
935 1037 939 940 1041 1042 939 1041 940 
939 1038 1041 939 1037 1038 1041 1043 1042 
1044 1045 1046 1044 943 942 1044 1046 943 
1046 1047 943 1039 937 943 1047 1039 943 
940 1042 944 1042 1043 1048 1042 1048 944 
944 1048 945 946 945 1049 945 1048 1049 
948 946 1050 946 1049 1050 950 948 1051 
948 1050 1051 952 950 1052 950 1051 1052 
954 952 1053 952 1052 1053 956 1054 1055 
956 954 1054 954 1053 1054 1055 1056 1057 
1054 1056 1055 1057 1058 1059 1056 1058 1057 
1058 1060 1059 1061 1062 1063 1061 959 958 
1061 1063 959 1063 1064 959 1045 1044 960 
1045 960 1064 1064 960 959 942 960 1044 
956 1055 961 962 961 1055 1057 962 1055 
963 962 1057 1059 963 1057 1059 1060 1065 
1059 1065 963 963 1065 965 967 965 1066 
965 1065 1066 969 967 1067 967 1066 1067 
971 969 1068 969 1067 1068 1062 1061 972 
1062 972 1068 1068 972 971 958 972 1061 
973 1069 974 973 976 1069 979 1070 1071 
980 979 1071 982 1072 979 979 1072 1070 
984 1073 982 982 1073 1072 985 1074 1075 
985 1075 984 984 1075 1073 1074 1076 1077 
1075 1074 1077 1076 1078 1079 1077 1076 1079 
1079 1078 1080 986 1081 987 986 1082 1081 
974 1082 986 974 1083 1082 974 1069 1083 
976 1083 1069 976 988 1083 988 1084 1083 
1085 1086 1084 1085 1084 989 989 1084 988 
989 991 1085 993 1087 994 1088 1087 993 
1088 993 1089 1089 993 996 1071 996 980 
1089 996 1071 985 997 1074 998 1074 997 
1076 1074 998 999 1076 998 1078 1076 999 
1078 1090 1080 1078 999 1090 999 1001 1090 
1003 1091 1001 1001 1091 1090 1004 1092 1093 
1004 1093 1003 1003 1093 1091 1092 1094 1095 
1093 1092 1095 1095 1094 1096 1005 1097 1006 
1005 1098 1097 987 1098 1005 987 1099 1098 
987 1081 1099 1082 1099 1081 1085 1100 1086 
991 1100 1085 991 1007 1100 1007 1101 1100 
1087 1007 994 1087 1102 1007 1102 1101 1007 
1088 1102 1087 1004 1008 1092 1010 1092 1008 
1094 1092 1010 1011 1103 1104 1010 1011 1104 
1010 1104 1096 1010 1096 1094 1104 1103 1105 
1097 1106 1107 1097 1107 1006 1006 1107 1013 
1098 1106 1097 1011 1014 1103 1103 1014 1015 
1103 1015 1105 1105 1015 1108 1018 1109 1110 
1017 1018 1110 1107 1018 1013 1109 1018 1107 
1020 1111 1112 1019 1111 1020 1108 1015 1020 
1112 1108 1020 1023 1113 1022 1023 1114 1113 
1023 1017 1114 1017 1110 1114 1019 1025 1111 
1111 1025 1115 1026 1116 1027 1026 1117 1116 
1022 1117 1026 1022 1118 1117 1022 1113 1118 
1114 1118 1113 1025 1029 1115 1115 1029 1119 
1116 1120 1030 1027 1116 1030 1121 1116 1117 
1120 1116 1121 1122 1123 1124 1122 1124 1119 
1122 1119 1031 1031 1119 1029 1030 1120 1032 
1034 1125 1126 1032 1125 1034 1032 1121 1125 
1032 1120 1121 1125 1127 1126 1128 1123 1122 
1129 1123 1128 1031 1035 1128 1122 1031 1128 
1034 1126 1036 1038 1130 1131 1036 1130 1038 
1036 1127 1130 1036 1126 1127 1130 1132 1131 
1040 1129 1128 1040 1039 1129 1039 1133 1129 
1035 1040 1128 1038 1131 1041 1043 1134 1135 
1041 1134 1043 1041 1132 1134 1041 1131 1132 
1135 1136 1137 1134 1136 1135 1137 1138 1139 
1136 1138 1137 1138 1140 1139 1141 1142 1143 
1141 1144 1145 1143 1144 1141 1145 1146 1147 
1144 1146 1145 1147 1148 1149 1146 1148 1147 
1148 1150 1149 1046 1151 1152 1045 1151 1046 
1047 1046 1153 1046 1152 1153 1133 1039 1047 
1153 1133 1047 1043 1135 1048 1049 1048 1135 
1137 1049 1135 1050 1049 1137 1139 1050 1137 
1139 1140 1154 1139 1154 1050 1050 1154 1051 
1142 1141 1052 1142 1052 1154 1154 1052 1051 
1053 1052 1141 1145 1053 1141 1054 1053 1145 
1147 1054 1145 1056 1054 1147 1149 1056 1147 
1149 1150 1155 1149 1155 1056 1056 1155 1058 
1060 1156 1157 1060 1058 1156 1058 1155 1156 
1157 1158 1159 1156 1158 1157 1159 1160 1161 
1158 1160 1159 1161 1162 1163 1160 1162 1161 
1163 1063 1062 1163 1162 1063 1162 1164 1063 
1064 1063 1165 1063 1164 1165 1151 1045 1064 
1165 1151 1064 1060 1157 1065 1066 1065 1157 
1159 1066 1157 1067 1066 1159 1161 1067 1159 
1068 1067 1161 1163 1068 1161 1062 1068 1163 
1070 1166 1167 1071 1070 1167 1072 1168 1070 
1070 1168 1166 1073 1169 1072 1072 1169 1168 
1075 1170 1073 1073 1170 1169 1077 1171 1075 
1075 1171 1170 1079 1172 1077 1077 1172 1171 
1080 1173 1174 1080 1174 1079 1079 1174 1172 
1173 1175 1176 1174 1173 1176 1175 1177 1178 
1176 1175 1178 1178 1177 1179 1083 1180 1181 
1082 1083 1181 1182 1183 1180 1182 1180 1084 
1084 1180 1083 1084 1086 1182 1089 1184 1185 
1088 1089 1185 1167 1089 1071 1184 1089 1167 
1080 1090 1173 1091 1173 1090 1175 1173 1091 
1093 1175 1091 1177 1175 1093 1177 1186 1179 
1177 1093 1186 1093 1095 1186 1096 1187 1188 
1096 1188 1095 1095 1188 1186 1188 1187 1189 
1099 1190 1191 1098 1099 1191 1181 1099 1082 
1190 1099 1181 1182 1192 1183 1086 1192 1182 
1086 1100 1192 1100 1193 1192 1101 1194 1100 
1100 1194 1193 1102 1195 1101 1101 1195 1194 
1185 1102 1088 1195 1102 1185 1096 1104 1187 
1187 1104 1105 1187 1105 1189 1189 1105 1196 
1106 1197 1107 1106 1198 1197 1106 1098 1198 
1098 1191 1198 1105 1108 1196 1196 1108 1199 
1109 1200 1110 1109 1201 1200 1107 1201 1109 
1107 1202 1201 1107 1197 1202 1198 1202 1197 
1112 1203 1204 1111 1203 1112 1199 1108 1112 
1204 1199 1112 1200 1205 1206 1200 1206 1110 
1110 1206 1114 1201 1205 1200 1111 1115 1203 
1203 1115 1207 1118 1208 1117 1118 1209 1208 
1118 1114 1209 1114 1206 1209 1210 1211 1212 
1210 1212 1207 1210 1207 1119 1119 1207 1115 
1208 1213 1121 1117 1208 1121 1214 1208 1209 
1213 1208 1214 1124 1211 1210 1124 1123 1211 
1123 1215 1211 1119 1124 1210 1121 1213 1125 
1127 1216 1217 1125 1216 1127 1125 1214 1216 
1125 1213 1214 1216 1218 1217 1123 1129 1215 
1215 1129 1219 1127 1217 1130 1217 1132 1130 
1217 1218 1132 1218 1220 1132 1221 1222 1223 
1221 1223 1219 1221 1219 1133 1133 1219 1129 
1132 1220 1224 1134 1132 1224 1136 1134 1225 
1134 1224 1225 1138 1136 1226 1136 1225 1226 
1140 1227 1228 1140 1138 1227 1138 1226 1227 
1228 1143 1142 1228 1227 1143 1227 1229 1143 
1144 1143 1230 1143 1229 1230 1146 1144 1231 
1144 1230 1231 1148 1146 1232 1146 1231 1232 
1150 1233 1234 1150 1148 1233 1148 1232 1233 
1234 1235 1236 1233 1235 1234 1236 1237 1238 
1235 1237 1236 1238 1239 1240 1237 1239 1238 
1240 1241 1242 1239 1241 1240 1242 1243 1244 
1241 1243 1242 1244 1245 1246 1243 1245 1244 
1246 1152 1151 1246 1245 1152 1245 1247 1152 
1222 1221 1153 1222 1153 1247 1247 1153 1152 
1133 1153 1221 1140 1228 1154 1142 1154 1228 
1150 1234 1155 1156 1155 1234 1236 1156 1234 
1158 1156 1236 1238 1158 1236 1160 1158 1238 
1240 1160 1238 1162 1160 1240 1242 1162 1240 
1164 1162 1242 1244 1164 1242 1165 1164 1244 
1246 1165 1244 1151 1165 1246 1248 1249 1250 
1248 1251 1252 1249 1248 1252 1251 1253 1254 
1252 1251 1254 1253 1255 1256 1254 1253 1256 
1255 1257 1258 1256 1255 1258 1257 1259 1260 
1258 1257 1260 1260 1259 1261 1166 1262 1263 
1167 1166 1263 1250 1168 1248 1250 1262 1168 
1262 1166 1168 1169 1248 1168 1251 1248 1169 
1170 1251 1169 1253 1251 1170 1171 1253 1170 
1255 1253 1171 1172 1255 1171 1257 1255 1172 
1174 1257 1172 1259 1257 1174 1259 1264 1261 
1259 1174 1264 1174 1176 1264 1178 1265 1176 
1176 1265 1264 1179 1266 1267 1179 1267 1178 
1178 1267 1265 1267 1266 1268 1180 1269 1181 
1180 1183 1269 1184 1270 1271 1185 1184 1271 
1263 1184 1167 1270 1184 1263 1179 1186 1266 
1266 1272 1268 1266 1186 1272 1186 1188 1272 
1272 1188 1189 1273 1272 1189 1190 1274 1191 
1190 1275 1274 1181 1275 1190 1181 1276 1275 
1181 1269 1276 1183 1276 1269 1183 1192 1276 
1192 1277 1276 1193 1278 1192 1192 1278 1277 
1194 1279 1193 1193 1279 1278 1195 1280 1194 
1194 1280 1279 1271 1195 1185 1280 1195 1271 
1189 1196 1273 1273 1196 1281 1274 1282 1283 
1274 1283 1191 1191 1283 1198 1275 1282 1274 
1284 1285 1286 1284 1286 1281 1284 1281 1199 
1199 1281 1196 1202 1287 1288 1201 1202 1288 
1283 1202 1198 1287 1202 1283 1204 1285 1284 
1204 1203 1285 1203 1289 1285 1199 1204 1284 
1205 1290 1206 1205 1291 1290 1205 1201 1291 
1201 1288 1291 1292 1293 1294 1292 1294 1289 
1292 1289 1207 1207 1289 1203 1290 1295 1209 
1206 1290 1209 1296 1290 1291 1295 1290 1296 
1212 1293 1292 1212 1211 1293 1211 1297 1293 
1207 1212 1292 1295 1298 1214 1209 1295 1214 
1299 1295 1296 1298 1295 1299 1300 1301 1302 
1300 1302 1297 1300 1297 1215 1215 1297 1211 
1214 1298 1216 1218 1303 1304 1216 1303 1218 
1216 1299 1303 1216 1298 1299 1303 1305 1304 
1306 1307 1308 1301 1306 1308 1301 1300 1306 
1300 1309 1306 1215 1219 1309 1300 1215 1309 
1304 1310 1220 1218 1304 1220 1311 1304 1305 
1311 1312 1304 1312 1310 1304 1312 1313 1314 
1311 1313 1312 1314 1315 1316 1313 1315 1314 
1316 1317 1318 1315 1317 1316 1318 1319 1320 
1317 1319 1318 1320 1321 1322 1319 1321 1320 
1322 1323 1324 1321 1323 1322 1324 1325 1326 
1323 1325 1324 1325 1327 1326 1328 1329 1330 
1307 1328 1330 1307 1306 1328 1306 1331 1328 
1223 1222 1331 1223 1331 1309 1309 1331 1306 
1219 1223 1309 1220 1310 1224 1225 1224 1310 
1312 1225 1310 1226 1225 1312 1314 1226 1312 
1227 1226 1314 1316 1227 1314 1229 1227 1316 
1318 1229 1316 1230 1229 1318 1320 1230 1318 
1231 1230 1320 1322 1231 1320 1232 1231 1322 
1324 1232 1322 1233 1232 1324 1326 1233 1324 
1326 1327 1332 1326 1332 1233 1233 1332 1235 
1237 1235 1333 1235 1332 1333 1239 1237 1334 
1237 1333 1334 1241 1239 1335 1239 1334 1335 
1243 1241 1336 1241 1335 1336 1329 1328 1245 
1329 1245 1336 1336 1245 1243 1247 1245 1328 
1331 1247 1328 1222 1247 1331 1249 1337 1338 
1250 1249 1338 1252 1339 1249 1249 1339 1337 
1254 1340 1252 1252 1340 1339 1256 1341 1254 
1254 1341 1340 1258 1342 1256 1256 1342 1341 
1260 1343 1258 1258 1343 1342 1261 1344 1345 
1261 1345 1260 1260 1345 1343 1344 1346 1347 
1345 1344 1347 1346 1348 1349 1347 1346 1349 
1349 1348 1350 1351 1352 1353 1351 1263 1262 
1351 1262 1352 1352 1262 1354 1338 1262 1250 
1354 1262 1338 1261 1264 1344 1265 1344 1264 
1346 1344 1265 1267 1346 1265 1348 1346 1267 
1348 1267 1268 1348 1268 1350 1350 1268 1355 
1270 1356 1271 1351 1353 1357 1357 1263 1351 
1357 1358 1263 1270 1263 1356 1356 1263 1358 
1268 1359 1355 1272 1359 1268 1359 1272 1273 
1360 1359 1273 1276 1361 1275 1276 1277 1362 
1361 1276 1362 1277 1278 1363 1362 1277 1363 
1278 1279 1364 1363 1278 1364 1279 1280 1365 
1364 1279 1365 1280 1366 1365 1271 1366 1280 
1271 1367 1366 1271 1356 1367 1358 1367 1356 
1273 1281 1360 1360 1281 1368 1282 1369 1283 
1282 1370 1369 1275 1370 1282 1275 1371 1370 
1275 1361 1371 1371 1372 1373 1371 1361 1372 
1361 1362 1372 1363 1374 1362 1374 1372 1362 
1375 1364 1376 1375 1374 1364 1374 1363 1364 
1365 1376 1364 1377 1376 1365 1366 1377 1365 
1286 1378 1379 1285 1378 1286 1368 1281 1286 
1379 1368 1286 1287 1380 1288 1287 1381 1380 
1283 1381 1287 1283 1382 1381 1283 1369 1382 
1370 1382 1369 1372 1383 1373 1374 1383 1372 
1384 1383 1374 1375 1384 1374 1285 1289 1378 
1378 1289 1385 1380 1386 1291 1288 1380 1291 
1387 1380 1381 1386 1380 1387 1294 1388 1389 
1293 1388 1294 1385 1289 1294 1389 1385 1294 
1386 1390 1296 1291 1386 1296 1391 1386 1387 
1391 1392 1386 1392 1390 1386 1391 1393 1392 
1394 1395 1396 1394 1396 1388 1394 1388 1297 
1297 1388 1293 1390 1397 1299 1296 1390 1299 
1398 1392 1399 1398 1397 1392 1397 1390 1392 
1393 1399 1392 1400 1401 1402 1395 1400 1402 
1394 1400 1395 1394 1301 1400 1394 1302 1301 
1297 1302 1394 1299 1397 1303 1397 1305 1303 
1397 1398 1305 1398 1403 1305 1404 1405 1406 
1404 1407 1408 1406 1407 1404 1408 1409 1410 
1407 1409 1408 1409 1411 1410 1412 1413 1414 
1412 1415 1416 1414 1415 1412 1401 1416 1415 
1400 1416 1401 1400 1307 1416 1400 1308 1307 
1301 1308 1400 1305 1403 1417 1311 1305 1417 
1313 1311 1418 1311 1417 1418 1315 1313 1419 
1313 1418 1419 1405 1404 1317 1405 1317 1419 
1419 1317 1315 1319 1317 1404 1408 1319 1404 
1321 1319 1408 1410 1321 1408 1410 1411 1420 
1410 1420 1321 1321 1420 1323 1325 1323 1421 
1323 1420 1421 1327 1422 1423 1327 1325 1422 
1325 1421 1422 1423 1424 1425 1422 1424 1423 
1425 1426 1427 1424 1426 1425 1427 1428 1429 
1426 1428 1427 1413 1429 1428 1413 1412 1429 
1412 1430 1429 1330 1329 1430 1330 1430 1416 
1416 1430 1412 1307 1330 1416 1327 1423 1332 
1333 1332 1423 1425 1333 1423 1334 1333 1425 
1427 1334 1425 1335 1334 1427 1429 1335 1427 
1336 1335 1429 1430 1336 1429 1329 1336 1430 
1431 1432 1433 1431 1434 1435 1432 1431 1435 
1434 1436 1437 1435 1434 1437 1436 1438 1439 
1437 1436 1439 1438 1440 1441 1439 1438 1441 
1440 1442 1443 1441 1440 1443 1443 1442 1444 
1337 1445 1446 1338 1337 1446 1339 1447 1337 
1337 1447 1445 1433 1340 1431 1433 1447 1340 
1447 1339 1340 1341 1431 1340 1434 1431 1341 
1342 1434 1341 1436 1434 1342 1343 1436 1342 
1438 1436 1343 1345 1438 1343 1440 1438 1345 
1347 1440 1345 1442 1440 1347 1442 1448 1444 
1442 1347 1448 1347 1349 1448 1448 1349 1350 
1449 1448 1350 1352 1450 1451 1353 1352 1451 
1354 1452 1352 1352 1452 1450 1446 1354 1338 
1452 1354 1446 1453 1355 1454 1453 1449 1355 
1449 1350 1355 1453 1454 1455 1353 1451 1456 
1357 1353 1456 1456 1358 1357 1457 1358 1456 
1355 1359 1454 1454 1359 1360 1454 1360 1455 
1455 1360 1458 1367 1459 1460 1366 1367 1460 
1457 1367 1358 1459 1367 1457 1360 1368 1458 
1458 1368 1461 1371 1462 1370 1371 1373 1462 
1376 1463 1375 1464 1463 1376 1464 1376 1465 
1465 1376 1377 1460 1377 1366 1465 1377 1460 
1379 1466 1467 1378 1466 1379 1461 1368 1379 
1467 1461 1379 1382 1468 1381 1382 1370 1462 
1382 1462 1468 1468 1462 1469 1373 1383 1470 
1373 1470 1462 1462 1470 1469 1383 1384 1471 
1470 1383 1471 1384 1472 1471 1375 1472 1384 
1375 1473 1472 1375 1463 1473 1464 1473 1463 
1474 1475 1476 1474 1476 1466 1474 1466 1385 
1385 1466 1378 1468 1477 1387 1381 1468 1387 
1478 1469 1479 1478 1477 1469 1477 1468 1469 
1470 1479 1469 1480 1479 1470 1471 1480 1470 
1481 1480 1471 1472 1481 1471 1482 1483 1484 
1475 1482 1484 1474 1482 1475 1474 1388 1482 
1474 1389 1388 1385 1389 1474 1387 1477 1391 
1393 1485 1486 1391 1485 1393 1391 1478 1485 
1391 1477 1478 1485 1487 1486 1488 1489 1490 
1483 1488 1490 1482 1488 1483 1482 1395 1488 
1482 1396 1395 1388 1396 1482 1399 1491 1398 
1399 1492 1491 1393 1492 1399 1393 1493 1492 
1393 1486 1493 1487 1493 1486 1494 1495 1496 
1494 1497 1498 1496 1497 1494 1497 1499 1498 
1500 1501 1502 1500 1503 1504 1502 1503 1500 
1504 1505 1506 1503 1505 1504 1506 1507 1508 
1505 1507 1506 1489 1508 1507 1488 1508 1489 
1488 1401 1508 1488 1402 1401 1395 1402 1488 
1491 1509 1403 1398 1491 1403 1510 1491 1492 
1510 1511 1491 1511 1509 1491 1511 1512 1513 
1510 1512 1511 1495 1513 1512 1494 1513 1495 
1494 1405 1513 1494 1406 1405 1407 1406 1494 
1498 1407 1494 1498 1499 1514 1498 1514 1407 
1407 1514 1409 1411 1515 1516 1411 1409 1515 
1409 1514 1515 1516 1517 1518 1515 1517 1516 
1518 1519 1520 1517 1519 1518 1520 1521 1522 
1519 1521 1520 1501 1522 1521 1501 1500 1522 
1500 1523 1522 1504 1524 1500 1524 1523 1500 
1414 1413 1524 1414 1524 1506 1506 1524 1504 
1415 1414 1506 1508 1415 1506 1401 1415 1508 
1403 1509 1417 1418 1417 1509 1511 1418 1509 
1419 1418 1511 1513 1419 1511 1405 1419 1513 
1411 1516 1420 1421 1420 1516 1518 1421 1516 
1422 1421 1518 1520 1422 1518 1424 1422 1520 
1522 1424 1520 1426 1424 1522 1523 1426 1522 
1428 1426 1523 1524 1428 1523 1413 1428 1524 
1525 1526 1527 1525 1433 1432 1525 1432 1526 
1526 1432 1528 1435 1529 1432 1432 1529 1528 
1437 1530 1435 1435 1530 1529 1439 1531 1437 
1437 1531 1530 1441 1532 1439 1439 1532 1531 
1443 1533 1441 1441 1533 1532 1533 1443 1444 
1534 1533 1444 1535 1536 1537 1535 1446 1445 
1535 1445 1536 1536 1445 1538 1527 1447 1525 
1527 1538 1447 1538 1445 1447 1433 1525 1447 
1444 1539 1534 1448 1539 1444 1539 1448 1449 
1540 1539 1449 1450 1541 1542 1451 1450 1542 
1537 1452 1535 1537 1541 1452 1541 1450 1452 
1446 1535 1452 1449 1543 1540 1453 1543 1449 
1543 1453 1455 1544 1543 1455 1451 1542 1545 
1456 1451 1545 1545 1457 1456 1546 1457 1545 
1455 1458 1544 1544 1458 1547 1459 1548 1549 
1460 1459 1549 1546 1459 1457 1548 1459 1546 
1550 1551 1552 1550 1552 1547 1550 1547 1461 
1461 1547 1458 1553 1554 1555 1553 1464 1465 
1553 1465 1554 1554 1465 1556 1549 1465 1460 
1556 1465 1549 1467 1551 1550 1467 1466 1551 
1466 1557 1551 1461 1467 1550 1558 1559 1560 
1555 1559 1558 1553 1555 1558 1553 1558 1472 
1553 1472 1473 1464 1553 1473 1476 1561 1562 
1475 1561 1476 1557 1466 1476 1562 1557 1476 
1479 1563 1478 1564 1563 1479 1564 1479 1565 
1565 1479 1480 1560 1481 1558 1560 1565 1481 
1565 1480 1481 1472 1558 1481 1566 1567 1568 
1566 1484 1483 1566 1568 1484 1568 1569 1484 
1561 1475 1484 1569 1561 1484 1478 1563 1485 
1563 1487 1485 1563 1564 1487 1564 1570 1487 
1571 1572 1573 1571 1574 1575 1573 1574 1571 
1574 1576 1575 1577 1578 1579 1577 1580 1581 
1579 1580 1577 1581 1582 1583 1580 1582 1581 
1583 1584 1585 1582 1584 1583 1585 1586 1587 
1584 1586 1585 1587 1588 1589 1586 1588 1587 
1567 1589 1588 1566 1589 1567 1566 1489 1589 
1566 1490 1489 1483 1490 1566 1493 1590 1492 
1591 1487 1570 1591 1590 1487 1591 1592 1590 
1590 1493 1487 1572 1592 1591 1571 1592 1572 
1571 1495 1592 1571 1496 1495 1497 1496 1571 
1575 1497 1571 1499 1593 1594 1497 1593 1499 
1497 1576 1593 1497 1575 1576 1594 1595 1596 
1593 1595 1594 1596 1597 1598 1595 1597 1596 
1578 1598 1597 1578 1577 1598 1577 1599 1598 
1581 1600 1577 1600 1599 1577 1502 1501 1600 
1502 1600 1583 1583 1600 1581 1503 1502 1583 
1585 1503 1583 1505 1503 1585 1587 1505 1585 
1507 1505 1587 1589 1507 1587 1489 1507 1589 
1492 1590 1510 1512 1510 1590 1592 1512 1590 
1495 1512 1592 1499 1594 1514 1515 1514 1594 
1596 1515 1594 1517 1515 1596 1598 1517 1596 
1519 1517 1598 1599 1519 1598 1521 1519 1599 
1600 1521 1599 1501 1521 1600 1601 1602 1603 
1601 1604 1605 1602 1601 1605 1604 1606 1607 
1605 1604 1607 1606 1608 1609 1607 1606 1609 
1609 1608 1610 1611 1612 1613 1611 1527 1526 
1611 1526 1612 1612 1526 1614 1528 1615 1526 
1526 1615 1614 1603 1529 1601 1603 1615 1529 
1615 1528 1529 1530 1601 1529 1604 1601 1530 
1531 1604 1530 1606 1604 1531 1532 1606 1531 
1608 1606 1532 1608 1616 1610 1608 1532 1616 
1532 1533 1616 1534 1617 1618 1534 1618 1533 
1533 1618 1616 1618 1617 1619 1536 1620 1621 
1537 1536 1621 1613 1538 1611 1613 1620 1538 
1620 1536 1538 1527 1611 1538 1534 1539 1617 
1617 1539 1540 1617 1540 1619 1619 1540 1622 
1541 1623 1624 1542 1541 1624 1621 1541 1537 
1623 1541 1621 1540 1625 1622 1543 1625 1540 
1625 1543 1544 1626 1625 1544 1627 1545 1542 
1627 1542 1628 1628 1542 1624 1545 1627 1546 
1544 1547 1626 1626 1547 1629 1630 1631 1632 
1628 1631 1630 1627 1628 1630 1627 1630 1549 
1627 1549 1548 1546 1627 1548 1552 1633 1634 
1551 1633 1552 1629 1547 1552 1634 1629 1552 
1635 1636 1637 1635 1555 1554 1635 1554 1636 
1636 1554 1638 1632 1556 1630 1632 1638 1556 
1638 1554 1556 1549 1630 1556 1639 1640 1641 
1639 1641 1633 1639 1633 1557 1557 1633 1551 
1642 1643 1644 1637 1643 1642 1635 1637 1642 
1635 1642 1560 1635 1560 1559 1555 1635 1559 
1645 1646 1647 1645 1648 1649 1647 1648 1645 
1640 1649 1648 1639 1649 1640 1639 1561 1649 
1639 1562 1561 1557 1562 1639 1565 1642 1644 
1565 1644 1564 1564 1644 1650 1560 1642 1565 
1651 1652 1653 1651 1654 1655 1653 1654 1651 
1655 1656 1657 1654 1656 1655 1657 1658 1659 
1656 1658 1657 1659 1660 1661 1658 1660 1659 
1661 1662 1663 1660 1662 1661 1646 1663 1662 
1645 1663 1646 1645 1567 1663 1645 1568 1567 
1569 1568 1645 1649 1569 1645 1561 1569 1649 
1664 1665 1570 1664 1570 1650 1650 1570 1564 
1665 1573 1572 1665 1664 1573 1664 1666 1573 
1574 1573 1667 1573 1666 1667 1576 1668 1669 
1576 1574 1668 1574 1667 1668 1669 1670 1671 
1668 1670 1669 1671 1672 1673 1670 1672 1671 
1652 1673 1672 1651 1673 1652 1651 1578 1673 
1651 1579 1578 1580 1579 1651 1655 1580 1651 
1582 1580 1655 1657 1582 1655 1584 1582 1657 
1659 1584 1657 1586 1584 1659 1661 1586 1659 
1588 1586 1661 1663 1588 1661 1567 1588 1663 
1570 1665 1591 1572 1591 1665 1576 1669 1593 
1595 1593 1669 1671 1595 1669 1597 1595 1671 
1673 1597 1671 1578 1597 1673 1674 1675 1676 
1674 1603 1602 1674 1602 1675 1675 1602 1677 
1605 1678 1602 1602 1678 1677 1607 1679 1605 
1605 1679 1678 1609 1680 1607 1607 1680 1679 
1610 1681 1682 1610 1682 1609 1609 1682 1680 
1682 1681 1683 1612 1684 1685 1613 1612 1685 
1614 1686 1612 1612 1686 1684 1676 1615 1674 
1676 1686 1615 1686 1614 1615 1603 1674 1615 
1610 1616 1681 1681 1687 1683 1681 1616 1687 
1616 1618 1687 1687 1618 1619 1688 1687 1619 
1689 1690 1691 1689 1692 1693 1690 1689 1693 
1692 1621 1620 1692 1620 1693 1693 1620 1694 
1685 1620 1613 1694 1620 1685 1695 1622 1696 
1695 1688 1622 1688 1619 1622 1695 1696 1697 
1689 1691 1698 1623 1699 1624 1623 1689 1699 
1623 1692 1689 1689 1698 1699 1621 1692 1623 
1622 1625 1696 1696 1625 1626 1696 1626 1697 
1697 1626 1700 1701 1702 1703 1701 1699 1702 
1701 1628 1699 1628 1624 1699 1704 1705 1706 
1704 1706 1700 1704 1700 1629 1629 1700 1626 
1707 1708 1709 1707 1710 1711 1708 1707 1711 
1703 1711 1710 1701 1703 1710 1701 1710 1632 
1701 1632 1631 1628 1701 1631 1634 1705 1704 
1634 1633 1705 1633 1712 1705 1629 1634 1704 
1713 1714 1715 1709 1714 1713 1707 1709 1713 
1707 1713 1637 1707 1637 1636 1638 1707 1636 
1710 1707 1638 1632 1710 1638 1716 1717 1718 
1716 1641 1640 1716 1718 1641 1718 1719 1641 
1712 1633 1641 1719 1712 1641 1643 1713 1715 
1643 1715 1644 1644 1715 1720 1637 1713 1643 
1721 1722 1723 1721 1724 1725 1723 1724 1721 
1725 1726 1727 1724 1726 1725 1727 1728 1729 
1726 1728 1727 1729 1730 1731 1728 1730 1729 
1731 1732 1733 1730 1732 1731 1733 1647 1646 
1733 1732 1647 1732 1734 1647 1717 1716 1648 
1717 1648 1734 1734 1648 1647 1640 1648 1716 
1735 1736 1650 1735 1650 1720 1720 1650 1644 
1736 1737 1738 1735 1737 1736 1738 1739 1740 
1737 1739 1738 1740 1741 1742 1739 1741 1740 
1742 1743 1744 1741 1743 1742 1744 1745 1746 
1743 1745 1744 1722 1746 1745 1721 1746 1722 
1721 1652 1746 1721 1653 1652 1654 1653 1721 
1725 1654 1721 1656 1654 1725 1727 1656 1725 
1658 1656 1727 1729 1658 1727 1660 1658 1729 
1731 1660 1729 1662 1660 1731 1733 1662 1731 
1646 1662 1733 1650 1736 1664 1666 1664 1736 
1738 1666 1736 1667 1666 1738 1740 1667 1738 
1668 1667 1740 1742 1668 1740 1670 1668 1742 
1744 1670 1742 1672 1670 1744 1746 1672 1744 
1652 1672 1746 1747 1748 1749 1747 1750 1751 
1748 1747 1751 1750 1752 1753 1751 1750 1753 
1752 1754 1755 1753 1752 1755 1755 1754 1756 
1675 1757 1758 1676 1675 1758 1749 1677 1747 
1749 1757 1677 1757 1675 1677 1678 1747 1677 
1750 1747 1678 1679 1750 1678 1752 1750 1679 
1680 1752 1679 1754 1752 1680 1754 1759 1756 
1754 1680 1759 1680 1682 1759 1759 1682 1683 
1760 1759 1683 1761 1762 1763 1761 1685 1684 
1761 1684 1762 1762 1684 1764 1686 1765 1684 
1684 1765 1764 1758 1686 1676 1765 1686 1758 
1683 1766 1760 1687 1766 1683 1766 1687 1688 
1767 1766 1688 1690 1768 1769 1691 1690 1769 
1693 1770 1690 1690 1770 1768 1763 1694 1761 
1763 1770 1694 1770 1693 1694 1685 1761 1694 
1688 1771 1767 1695 1771 1688 1771 1695 1697 
1772 1771 1697 1773 1698 1691 1773 1691 1774 
1774 1691 1769 1698 1773 1699 1697 1700 1772 
1772 1700 1775 1776 1777 1778 1776 1779 1780 
1777 1776 1780 1774 1780 1779 1773 1774 1779 
1773 1779 1703 1773 1703 1702 1699 1773 1702 
1706 1781 1782 1705 1781 1706 1775 1700 1706 
1782 1775 1706 1783 1784 1785 1778 1784 1783 
1776 1778 1783 1776 1783 1709 1776 1709 1708 
1711 1776 1708 1779 1776 1711 1703 1779 1711 
1786 1787 1788 1786 1788 1781 1786 1781 1712 
1712 1781 1705 1789 1790 1791 1785 1790 1789 
1783 1785 1789 1783 1789 1715 1783 1715 1714 
1709 1783 1714 1792 1793 1794 1792 1795 1796 
1794 1795 1792 1796 1797 1798 1795 1797 1796 
1798 1799 1800 1797 1799 1798 1800 1801 1802 
1799 1801 1800 1802 1718 1717 1802 1801 1718 
1801 1803 1718 1787 1786 1719 1787 1719 1803 
1803 1719 1718 1712 1719 1786 1789 1791 1804 
1804 1715 1789 1804 1805 1715 1805 1720 1715 
1806 1807 1808 1806 1809 1810 1808 1809 1806 
1810 1811 1812 1809 1811 1810 1812 1813 1814 
1811 1813 1812 1814 1815 1816 1813 1815 1814 
1816 1723 1722 1816 1815 1723 1815 1817 1723 
1724 1723 1818 1723 1817 1818 1793 1792 1726 
1793 1726 1818 1818 1726 1724 1728 1726 1792 
1796 1728 1792 1730 1728 1796 1798 1730 1796 
1732 1730 1798 1800 1732 1798 1734 1732 1800 
1802 1734 1800 1717 1734 1802 1720 1805 1819 
1735 1720 1819 1807 1806 1737 1807 1737 1819 
1819 1737 1735 1739 1737 1806 1810 1739 1806 
1741 1739 1810 1812 1741 1810 1743 1741 1812 
1814 1743 1812 1745 1743 1814 1816 1745 1814 
1722 1745 1816 1820 1821 1822 1820 1749 1748 
1820 1748 1821 1821 1748 1823 1751 1824 1748 
1748 1824 1823 1753 1825 1751 1751 1825 1824 
1755 1826 1753 1753 1826 1825 1826 1755 1756 
1827 1826 1756 1828 1829 1830 1822 1829 1828 
1820 1822 1828 1820 1828 1758 1820 1758 1757 
1749 1820 1757 1756 1831 1827 1759 1831 1756 
1831 1759 1760 1832 1831 1760 1833 1834 1835 
1833 1836 1837 1834 1833 1837 1836 1763 1762 
1836 1762 1837 1837 1762 1838 1764 1839 1762 
1762 1839 1838 1830 1765 1828 1830 1839 1765 
1839 1764 1765 1758 1828 1765 1760 1840 1832 
1766 1840 1760 1840 1766 1767 1841 1840 1767 
1842 1843 1844 1835 1843 1842 1833 1835 1842 
1833 1842 1769 1833 1769 1768 1770 1833 1768 
1836 1833 1770 1763 1836 1770 1845 1767 1771 
1845 1846 1767 1846 1841 1767 1771 1772 1845 
1847 1848 1849 1847 1850 1851 1848 1847 1851 
1844 1851 1850 1844 1850 1842 1842 1850 1852 
1769 1852 1774 1842 1852 1769 1853 1846 1845 
1854 1846 1853 1772 1775 1853 1845 1772 1853 
1855 1856 1857 1849 1856 1855 1849 1855 1847 
1847 1855 1858 1777 1858 1778 1777 1850 1858 
1850 1847 1858 1780 1850 1777 1852 1850 1780 
1774 1852 1780 1782 1854 1853 1782 1781 1854 
1781 1859 1854 1775 1782 1853 1860 1855 1857 
1861 1860 1857 1784 1860 1785 1784 1858 1860 
1858 1855 1860 1778 1858 1784 1862 1863 1864 
1862 1788 1787 1862 1864 1788 1864 1865 1788 
1859 1781 1788 1865 1859 1788 1790 1860 1861 
1790 1861 1791 1791 1861 1866 1785 1860 1790 
1867 1868 1869 1867 1870 1871 1869 1870 1867 
1871 1872 1873 1870 1872 1871 1873 1874 1875 
1872 1874 1873 1875 1876 1877 1874 1876 1875 
1877 1878 1879 1876 1878 1877 1879 1880 1881 
1878 1880 1879 1881 1794 1793 1881 1880 1794 
1880 1882 1794 1795 1794 1883 1794 1882 1883 
1797 1795 1884 1795 1883 1884 1799 1797 1885 
1797 1884 1885 1801 1799 1886 1799 1885 1886 
1863 1862 1803 1863 1803 1886 1886 1803 1801 
1787 1803 1862 1791 1866 1887 1804 1791 1887 
1805 1888 1889 1805 1804 1888 1804 1887 1888 
1868 1889 1888 1867 1889 1868 1867 1807 1889 
1867 1808 1807 1809 1808 1867 1871 1809 1867 
1811 1809 1871 1873 1811 1871 1813 1811 1873 
1875 1813 1873 1815 1813 1875 1877 1815 1875 
1817 1815 1877 1879 1817 1877 1818 1817 1879 
1881 1818 1879 1793 1818 1881 1805 1889 1819 
1807 1819 1889 1890 1891 1892 1890 1893 1894 
1891 1890 1894 1893 1895 1896 1894 1893 1896 
1896 1895 1897 1821 1898 1899 1822 1821 1899 
1892 1823 1890 1892 1898 1823 1898 1821 1823 
1824 1890 1823 1893 1890 1824 1825 1893 1824 
1895 1893 1825 1895 1900 1897 1895 1825 1900 
1825 1826 1900 1900 1826 1827 1901 1900 1827 
1902 1903 1904 1902 1905 1906 1903 1902 1906 
1905 1830 1829 1905 1829 1906 1906 1829 1907 
1899 1829 1822 1907 1829 1899 1827 1908 1901 
1831 1908 1827 1908 1831 1832 1909 1908 1832 
1910 1911 1912 1910 1913 1914 1911 1910 1914 
1913 1835 1834 1913 1834 1914 1914 1834 1915 
1837 1916 1834 1834 1916 1915 1904 1838 1902 
1904 1916 1838 1916 1837 1838 1839 1902 1838 
1905 1902 1839 1830 1905 1839 1917 1832 1840 
1917 1918 1832 1918 1909 1832 1840 1841 1917 
1919 1920 1921 1912 1920 1919 1912 1919 1910 
1910 1919 1922 1843 1922 1844 1843 1913 1922 
1913 1910 1922 1835 1913 1843 1923 1918 1917 
1924 1918 1923 1841 1846 1923 1917 1841 1923 
1925 1926 1927 1921 1926 1925 1919 1921 1925 
1919 1925 1849 1919 1849 1848 1851 1919 1848 
1922 1919 1851 1844 1922 1851 1923 1928 1924 
1928 1923 1846 1928 1846 1929 1929 1846 1854 
1930 1931 1932 1927 1931 1930 1925 1927 1930 
1925 1930 1857 1925 1857 1856 1849 1925 1856 
1933 1934 1935 1933 1935 1929 1933 1929 1859 
1859 1929 1854 1936 1930 1932 1937 1936 1932 
1857 1936 1861 1930 1936 1857 1938 1939 1940 
1938 1941 1942 1940 1941 1938 1942 1943 1944 
1941 1943 1942 1944 1945 1946 1943 1945 1944 
1945 1947 1946 1948 1949 1950 1948 1951 1952 
1950 1951 1948 1952 1864 1863 1952 1951 1864 
1951 1953 1864 1934 1933 1865 1934 1865 1953 
1953 1865 1864 1859 1865 1933 1936 1937 1954 
1936 1866 1861 1936 1955 1866 1936 1954 1955 
1956 1866 1955 1956 1957 1958 1955 1957 1956 
1958 1869 1868 1958 1957 1869 1957 1959 1869 
1870 1869 1960 1869 1959 1960 1939 1938 1872 
1939 1872 1960 1960 1872 1870 1874 1872 1938 
1942 1874 1938 1876 1874 1942 1944 1876 1942 
1878 1876 1944 1946 1878 1944 1946 1947 1961 
1946 1961 1878 1878 1961 1880 1882 1880 1962 
1880 1961 1962 1883 1882 1963 1882 1962 1963 
1884 1883 1964 1883 1963 1964 1949 1948 1885 
1949 1885 1964 1964 1885 1884 1886 1885 1948 
1952 1886 1948 1863 1886 1952 1866 1956 1887 
1888 1887 1956 1958 1888 1956 1868 1888 1958 
1965 1966 1967 1965 1892 1891 1965 1891 1966 
1966 1891 1968 1894 1969 1891 1891 1969 1968 
1896 1970 1894 1894 1970 1969 1970 1896 1897 
1971 1970 1897 1972 1973 1974 1972 1975 1976 
1973 1972 1976 1967 1976 1975 1965 1967 1975 
1965 1975 1899 1965 1899 1898 1892 1965 1898 
1897 1977 1971 1900 1977 1897 1977 1900 1901 
1978 1977 1901 1979 1980 1981 1979 1982 1983 
1980 1979 1983 1982 1904 1903 1982 1903 1983 
1983 1903 1984 1974 1906 1972 1974 1984 1906 
1984 1903 1906 1907 1972 1906 1975 1972 1907 
1899 1975 1907 1985 1901 1908 1985 1986 1901 
1986 1978 1901 1908 1909 1985 1987 1988 1989 
1987 1912 1911 1987 1911 1988 1988 1911 1990 
1914 1991 1911 1911 1991 1990 1981 1915 1979 
1981 1991 1915 1991 1914 1915 1916 1979 1915 
1982 1979 1916 1904 1982 1916 1992 1986 1985 
1993 1986 1992 1909 1918 1992 1985 1909 1992 
1994 1995 1996 1989 1995 1994 1987 1989 1994 
1987 1994 1921 1987 1921 1920 1912 1987 1920 
1992 1997 1993 1997 1992 1918 1997 1918 1998 
1998 1918 1924 1999 2000 2001 1999 2002 2003 
2000 1999 2003 1996 2003 2002 1994 1996 2002 
1994 2002 1927 1994 1927 1926 1921 1994 1926 
1924 2004 1998 1928 2004 1924 2004 1928 1929 
2005 2004 1929 2006 1999 2001 2007 2006 2001 
1931 2006 1932 1931 2002 2006 2002 1999 2006 
1927 2002 1931 2008 2009 2010 2008 1935 1934 
2008 2010 1935 2010 2011 1935 2005 1929 1935 
2011 2005 1935 2006 2007 2012 2006 1937 1932 
2006 2013 1937 2006 2012 2013 2014 1937 2013 
2014 2015 2016 2013 2015 2014 2016 2017 2018 
2015 2017 2016 2018 2019 2020 2017 2019 2018 
2020 2021 2022 2019 2021 2020 2022 1940 1939 
2022 2021 1940 2021 2023 1940 1941 1940 2024 
1940 2023 2024 1943 1941 2025 1941 2024 2025 
1945 1943 2026 1943 2025 2026 1947 2027 2028 
1947 1945 2027 1945 2026 2027 2028 2029 2030 
2027 2029 2028 2030 2031 2032 2029 2031 2030 
2032 2033 2034 2031 2033 2032 2034 1950 1949 
2034 2033 1950 2033 2035 1950 1951 1950 2036 
1950 2035 2036 2009 2008 1953 2009 1953 2036 
2036 1953 1951 1934 1953 2008 1937 2014 1954 
1955 1954 2014 2016 1955 2014 1957 1955 2016 
2018 1957 2016 1959 1957 2018 2020 1959 2018 
1960 1959 2020 2022 1960 2020 1939 1960 2022 
1947 2028 1961 1962 1961 2028 2030 1962 2028 
1963 1962 2030 2032 1963 2030 1964 1963 2032 
2034 1964 2032 1949 1964 2034 2037 2038 2039 
2037 2040 2041 2038 2037 2041 2041 2040 2042 
2043 2044 2045 2039 2044 2043 2037 2039 2043 
2037 2043 1967 2037 1967 1966 1968 2037 1966 
2040 2037 1968 2040 2046 2042 2040 1968 2046 
1968 1969 2046 1970 2047 1969 1969 2047 2046 
2047 1970 1971 2048 2047 1971 2049 2050 2051 
2049 2052 2053 2050 2049 2053 2052 1974 1973 
2052 1973 2053 2053 1973 2054 2045 1976 2043 
2045 2054 1976 2054 1973 1976 1967 2043 1976 
1971 2055 2048 1977 2055 1971 2055 1977 1978 
2056 2055 1978 2057 2058 2059 2057 2060 2061 
2058 2057 2061 2060 2062 2063 2061 2060 2063 
2062 2064 2065 2063 2062 2065 2064 1981 1980 
2064 1980 2065 2065 1980 2066 2051 1983 2049 
2051 2066 1983 2066 1980 1983 1984 2049 1983 
2052 2049 1984 1974 2052 1984 1978 1986 2056 
2056 1986 2067 2068 2069 2070 2059 2069 2068 
2059 2068 2057 2057 2068 2071 1988 2071 1989 
1988 2060 2071 2060 2057 2071 1990 2060 1988 
2062 2060 1990 1991 2062 1990 2064 2062 1991 
1981 2064 1991 1986 1993 2067 2067 1993 2072 
2073 2074 2075 2070 2074 2073 2070 2073 2068 
2068 2073 2076 1995 2076 1996 1995 2071 2076 
2071 2068 2076 1989 2071 1995 2077 1993 1997 
2077 2078 1993 2078 2072 1993 1997 1998 2077 
2000 2073 2075 2000 2075 2001 2001 2075 2079 
2003 2073 2000 2076 2073 2003 1996 2076 2003 
2077 2080 2078 2081 2082 2080 2004 2081 2080 
2004 2080 2077 2004 2077 1998 2004 2005 2081 
2083 2084 2007 2083 2007 2079 2079 2007 2001 
2083 2085 2084 2086 2087 2088 2086 2089 2090 
2088 2089 2086 2090 2091 2092 2089 2091 2090 
2092 2093 2094 2091 2093 2092 2094 2095 2096 
2093 2095 2094 2096 2097 2098 2095 2097 2096 
2098 2099 2100 2097 2099 2098 2100 2101 2102 
2099 2101 2100 2102 2103 2104 2101 2103 2102 
2103 2105 2104 2106 2107 2108 2106 2109 2110 
2108 2109 2106 2110 2111 2112 2109 2111 2110 
2112 2113 2114 2111 2113 2112 2114 2010 2009 
2114 2113 2010 2113 2115 2010 2082 2081 2011 
2082 2011 2115 2115 2011 2010 2005 2011 2081 
2007 2084 2012 2084 2085 2116 2084 2116 2012 
2012 2116 2013 2087 2086 2015 2087 2015 2116 
2116 2015 2013 2017 2015 2086 2090 2017 2086 
2019 2017 2090 2092 2019 2090 2021 2019 2092 
2094 2021 2092 2023 2021 2094 2096 2023 2094 
2024 2023 2096 2098 2024 2096 2025 2024 2098 
2100 2025 2098 2026 2025 2100 2102 2026 2100 
2027 2026 2102 2104 2027 2102 2104 2105 2117 
2104 2117 2027 2027 2117 2029 2107 2106 2031 
2107 2031 2117 2117 2031 2029 2033 2031 2106 
2110 2033 2106 2035 2033 2110 2112 2035 2110 
2036 2035 2112 2114 2036 2112 2009 2036 2114 
2118 2119 2120 2119 2118 2121 2122 2123 2124 
2120 2123 2122 2118 2120 2122 2118 2122 2039 
2118 2039 2038 2118 2125 2121 2118 2038 2125 
2038 2041 2125 2042 2126 2127 2042 2127 2041 
2041 2127 2125 2127 2126 2128 2129 2130 2131 
2129 2132 2133 2130 2129 2133 2132 2134 2135 
2133 2132 2135 2124 2135 2134 2122 2124 2134 
2122 2134 2045 2122 2045 2044 2039 2122 2044 
2042 2046 2126 2126 2136 2128 2126 2046 2136 
2046 2047 2136 2136 2047 2048 2137 2136 2048 
2138 2139 2140 2138 2141 2142 2139 2138 2142 
2141 2143 2144 2142 2141 2144 2131 2144 2143 
2129 2131 2143 2129 2143 2051 2129 2051 2050 
2053 2129 2050 2132 2129 2053 2054 2132 2053 
2134 2132 2054 2045 2134 2054 2048 2145 2137 
2055 2145 2048 2145 2055 2056 2146 2145 2056 
2147 2148 2149 2147 2150 2151 2148 2147 2151 
2150 2152 2153 2151 2150 2153 2152 2059 2058 
2152 2058 2153 2153 2058 2154 2061 2155 2058 
2058 2155 2154 2140 2063 2138 2140 2155 2063 
2155 2061 2063 2065 2138 2063 2141 2138 2065 
2066 2141 2065 2143 2141 2066 2051 2143 2066 
2056 2067 2146 2146 2067 2156 2157 2147 2149 
2158 2157 2149 2150 2147 2159 2159 2147 2157 
2069 2159 2070 2069 2152 2159 2152 2150 2159 
2059 2152 2069 2067 2072 2156 2156 2072 2160 
2161 2157 2158 2162 2161 2158 2074 2161 2075 
2074 2159 2161 2159 2157 2161 2070 2159 2074 
2163 2078 2164 2163 2160 2078 2160 2072 2078 
2163 2164 2165 2161 2162 2166 2166 2075 2161 
2166 2167 2075 2167 2079 2075 2168 2169 2170 
2168 2171 2172 2170 2171 2168 2172 2173 2174 
2171 2173 2172 2174 2175 2176 2173 2175 2174 
2176 2177 2178 2175 2177 2176 2178 2179 2180 
2177 2179 2178 2180 2181 2182 2179 2181 2180 
2182 2183 2184 2181 2183 2182 2183 2185 2184 
2186 2187 2188 2186 2189 2190 2188 2189 2186 
2191 2078 2189 2191 2164 2078 2189 2078 2190 
2080 2192 2078 2190 2078 2192 2164 2191 2165 
2080 2082 2192 2079 2167 2193 2083 2079 2193 
2085 2168 2194 2085 2193 2168 2085 2083 2193 
2193 2169 2168 2088 2087 2194 2088 2194 2172 
2172 2194 2168 2089 2088 2172 2174 2089 2172 
2091 2089 2174 2176 2091 2174 2093 2091 2176 
2178 2093 2176 2095 2093 2178 2180 2095 2178 
2097 2095 2180 2182 2097 2180 2099 2097 2182 
2184 2099 2182 2184 2185 2195 2184 2195 2099 
2099 2195 2101 2103 2101 2196 2101 2195 2196 
2105 2197 2198 2105 2103 2197 2103 2196 2197 
2198 2108 2107 2198 2197 2108 2197 2199 2108 
2109 2108 2200 2108 2199 2200 2187 2186 2111 
2187 2111 2200 2200 2111 2109 2113 2111 2186 
2190 2113 2186 2115 2113 2190 2192 2115 2190 
2082 2115 2192 2085 2194 2116 2087 2116 2194 
2105 2198 2117 2107 2117 2198 2201 2202 2203 
2201 2204 2205 2202 2201 2205 2204 2120 2119 
2204 2119 2205 2205 2119 2206 2206 2119 2121 
2207 2206 2121 2208 2209 2210 2208 2211 2212 
2209 2208 2212 2203 2212 2211 2203 2211 2201 
2201 2211 2213 2123 2213 2124 2123 2204 2213 
2204 2201 2213 2120 2204 2123 2121 2214 2207 
2125 2214 2121 2127 2215 2125 2125 2215 2214 
2215 2127 2128 2216 2215 2128 2217 2218 2219 
2217 2220 2221 2218 2217 2221 2220 2222 2223 
2221 2220 2223 2210 2223 2222 2208 2210 2222 
2208 2222 2131 2208 2131 2130 2133 2208 2130 
2211 2208 2133 2135 2211 2133 2213 2211 2135 
2124 2213 2135 2128 2224 2216 2136 2224 2128 
2224 2136 2137 2225 2224 2137 2226 2227 2228 
2226 2229 2230 2227 2226 2230 2229 2231 2232 
2230 2229 2232 2231 2233 2234 2232 2231 2234 
2233 2235 2236 2234 2233 2236 2219 2236 2235 
2217 2219 2235 2217 2235 2140 2217 2140 2139 
2142 2217 2139 2220 2217 2142 2144 2220 2142 
2222 2220 2144 2131 2222 2144 2237 2137 2145 
2237 2238 2137 2238 2225 2137 2145 2146 2237 
2148 2226 2228 2148 2228 2149 2149 2228 2239 
2151 2226 2148 2229 2226 2151 2153 2229 2151 
2231 2229 2153 2154 2231 2153 2233 2231 2154 
2155 2233 2154 2235 2233 2155 2140 2235 2155 
2240 2238 2237 2241 2238 2240 2146 2156 2240 
2237 2146 2240 2242 2243 2244 2242 2239 2243 
2242 2158 2239 2158 2149 2239 2240 2245 2241 
2245 2240 2156 2245 2156 2246 2246 2156 2160 
2242 2244 2247 2242 2162 2158 2242 2248 2162 
2242 2247 2248 2249 2162 2248 2249 2250 2251 
2248 2250 2249 2251 2252 2253 2250 2252 2251 
2253 2254 2255 2252 2254 2253 2255 2256 2257 
2254 2256 2255 2257 2258 2259 2256 2258 2257 
2259 2260 2261 2258 2260 2259 2261 2262 2263 
2260 2262 2261 2263 2264 2265 2262 2264 2263 
2264 2266 2265 2267 2268 2269 2163 2270 2267 
2163 2267 2246 2163 2246 2160 2269 2246 2267 
2163 2165 2270 2162 2249 2166 2167 2166 2249 
2167 2249 2271 2271 2249 2251 2170 2169 2271 
2170 2271 2253 2253 2271 2251 2171 2170 2253 
2255 2171 2253 2173 2171 2255 2257 2173 2255 
2175 2173 2257 2259 2175 2257 2177 2175 2259 
2261 2177 2259 2179 2177 2261 2263 2179 2261 
2181 2179 2263 2265 2181 2263 2265 2266 2272 
2265 2272 2181 2181 2272 2183 2185 2273 2274 
2185 2183 2273 2183 2272 2273 2274 2275 2276 
2273 2275 2274 2276 2277 2278 2275 2277 2276 
2278 2279 2280 2277 2279 2278 2280 2281 2282 
2279 2281 2280 2282 2188 2187 2282 2281 2188 
2281 2283 2188 2268 2267 2189 2268 2189 2283 
2283 2189 2188 2191 2189 2267 2270 2191 2267 
2165 2191 2270 2167 2271 2193 2169 2193 2271 
2185 2274 2195 2196 2195 2274 2276 2196 2274 
2197 2196 2276 2278 2197 2276 2199 2197 2278 
2280 2199 2278 2200 2199 2280 2282 2200 2280 
2187 2200 2282 2284 2285 2286 2284 2287 2288 
2285 2284 2288 2288 2287 2289 2290 2291 2292 
2290 2293 2294 2291 2290 2294 2293 2295 2296 
2294 2293 2296 2286 2296 2295 2284 2286 2295 
2284 2295 2203 2284 2203 2202 2205 2284 2202 
2287 2284 2205 2287 2297 2289 2287 2205 2297 
2205 2206 2297 2207 2298 2299 2207 2299 2206 
2206 2299 2297 2299 2298 2300 2301 2302 2303 
2301 2304 2305 2302 2301 2305 2304 2306 2307 
2305 2304 2307 2292 2307 2306 2292 2306 2290 
2290 2306 2308 2209 2308 2210 2209 2293 2308 
2293 2290 2308 2212 2293 2209 2295 2293 2212 
2203 2295 2212 2207 2214 2298 2298 2309 2300 
2298 2214 2309 2214 2215 2309 2309 2215 2216 
2310 2309 2216 2311 2312 2313 2311 2314 2315 
2312 2311 2315 2314 2316 2317 2315 2314 2317 
2316 2318 2319 2317 2316 2319 2303 2319 2318 
2303 2318 2301 2301 2318 2320 2218 2320 2219 
2218 2304 2320 2304 2301 2320 2221 2304 2218 
2306 2304 2221 2223 2306 2221 2308 2306 2223 
2210 2308 2223 2216 2321 2310 2224 2321 2216 
2321 2224 2225 2322 2321 2225 2323 2324 2325 
2313 2324 2323 2311 2313 2323 2311 2323 2228 
2311 2228 2227 2230 2311 2227 2314 2311 2230 
2232 2314 2230 2316 2314 2232 2234 2316 2232 
2318 2316 2234 2236 2318 2234 2320 2318 2236 
2219 2320 2236 2225 2238 2322 2322 2238 2326 
2327 2323 2325 2328 2327 2325 2228 2327 2239 
2323 2327 2228 2238 2241 2326 2326 2241 2329 
2243 2327 2328 2243 2328 2244 2244 2328 2330 
2239 2327 2243 2331 2332 2333 2331 2334 2335 
2333 2334 2331 2335 2336 2337 2334 2336 2335 
2337 2338 2339 2336 2338 2337 2339 2340 2341 
2338 2340 2339 2341 2342 2343 2340 2342 2341 
2343 2344 2345 2342 2344 2343 2344 2346 2345 
2347 2241 2245 2347 2348 2241 2348 2329 2241 
2245 2246 2347 2244 2330 2349 2247 2244 2349 
2248 2247 2350 2247 2349 2350 2332 2331 2250 
2332 2250 2350 2350 2250 2248 2252 2250 2331 
2335 2252 2331 2254 2252 2335 2337 2254 2335 
2256 2254 2337 2339 2256 2337 2258 2256 2339 
2341 2258 2339 2260 2258 2341 2343 2260 2341 
2262 2260 2343 2345 2262 2343 2345 2346 2351 
2345 2351 2262 2262 2351 2264 2266 2352 2353 
2266 2264 2352 2264 2351 2352 2353 2354 2355 
2352 2354 2353 2355 2356 2357 2354 2356 2355 
2357 2358 2359 2356 2358 2357 2359 2360 2361 
2358 2360 2359 2361 2362 2363 2360 2362 2361 
2363 2364 2365 2362 2364 2363 2348 2365 2364 
2347 2365 2348 2347 2268 2365 2347 2269 2268 
2246 2269 2347 2266 2353 2272 2273 2272 2353 
2355 2273 2353 2275 2273 2355 2357 2275 2355 
2277 2275 2357 2359 2277 2357 2279 2277 2359 
2361 2279 2359 2281 2279 2361 2363 2281 2361 
2283 2281 2363 2365 2283 2363 2268 2283 2365 
2366 2367 2368 2366 2369 2370 2367 2366 2370 
2369 2371 2372 2370 2369 2372 2371 2373 2374 
2372 2371 2374 2373 2375 2376 2374 2373 2376 
2376 2375 2377 2378 2366 2368 2379 2378 2368 
2369 2366 2380 2380 2366 2378 2371 2369 2381 
2381 2369 2380 2373 2371 2382 2382 2371 2381 
2285 2382 2286 2285 2375 2382 2375 2373 2382 
2375 2383 2377 2375 2285 2383 2285 2288 2383 
2383 2288 2289 2384 2383 2289 2385 2386 2387 
2385 2388 2389 2386 2385 2389 2388 2390 2391 
2389 2388 2391 2379 2391 2390 2379 2390 2378 
2378 2390 2392 2291 2392 2292 2291 2380 2392 
2380 2378 2392 2294 2380 2291 2381 2380 2294 
2296 2381 2294 2382 2381 2296 2286 2382 2296 
2289 2393 2384 2297 2393 2289 2299 2394 2297 
2297 2394 2393 2394 2299 2300 2395 2394 2300 
2396 2397 2398 2396 2399 2400 2397 2396 2400 
2399 2401 2402 2400 2399 2402 2387 2402 2401 
2387 2401 2385 2385 2401 2403 2302 2403 2303 
2302 2388 2403 2388 2385 2403 2305 2388 2302 
2390 2388 2305 2307 2390 2305 2392 2390 2307 
2292 2392 2307 2300 2404 2395 2309 2404 2300 
2404 2309 2310 2405 2404 2310 2406 2407 2408 
2398 2407 2406 2396 2398 2406 2396 2406 2313 
2396 2313 2312 2315 2396 2312 2399 2396 2315 
2317 2399 2315 2401 2399 2317 2319 2401 2317 
2403 2401 2319 2303 2403 2319 2409 2310 2321 
2409 2410 2310 2410 2405 2310 2321 2322 2409 
2324 2406 2408 2324 2408 2325 2325 2408 2411 
2313 2406 2324 2412 2410 2409 2413 2410 2412 
2322 2326 2412 2409 2322 2412 2325 2411 2328 
2411 2414 2328 2415 2416 2417 2415 2418 2419 
2417 2418 2415 2419 2420 2421 2418 2420 2419 
2421 2422 2423 2420 2422 2421 2423 2424 2425 
2422 2424 2423 2424 2426 2425 2412 2427 2413 
2427 2412 2326 2427 2326 2428 2428 2326 2329 
2429 2430 2330 2429 2330 2414 2414 2330 2328 
2416 2430 2429 2416 2415 2430 2415 2431 2430 
2333 2332 2431 2333 2431 2419 2419 2431 2415 
2334 2333 2419 2421 2334 2419 2336 2334 2421 
2423 2336 2421 2338 2336 2423 2425 2338 2423 
2425 2426 2432 2425 2432 2338 2338 2432 2340 
2342 2340 2433 2340 2432 2433 2344 2342 2434 
2342 2433 2434 2346 2435 2436 2346 2344 2435 
2344 2434 2435 2436 2437 2438 2435 2437 2436 
2437 2439 2438 2440 2441 2442 2440 2443 2444 
2442 2443 2440 2444 2443 2428 2444 2428 2348 
2348 2428 2329 2330 2430 2349 2350 2349 2430 
2431 2350 2430 2332 2350 2431 2346 2436 2351 
2352 2351 2436 2438 2352 2436 2438 2439 2445 
2438 2445 2352 2352 2445 2354 2356 2354 2446 
2354 2445 2446 2358 2356 2447 2356 2446 2447 
2360 2358 2448 2358 2447 2448 2441 2440 2362 
2441 2362 2448 2448 2362 2360 2364 2362 2440 
2444 2364 2440 2348 2364 2444 2449 2450 2451 
2450 2449 2452 2453 2449 2451 2454 2453 2451 
2455 2452 2449 2455 2449 2456 2456 2449 2453 
2456 2457 2458 2455 2456 2458 2457 2459 2460 
2458 2457 2460 2460 2459 2461 2462 2453 2454 
2463 2462 2454 2456 2453 2464 2464 2453 2462 
2457 2456 2465 2465 2456 2464 2459 2457 2466 
2466 2457 2465 2467 2461 2459 2467 2459 2468 
2468 2459 2466 2468 2469 2470 2467 2468 2470 
2469 2471 2472 2470 2469 2472 2472 2471 2473 
2474 2475 2476 2463 2475 2474 2463 2474 2462 
2462 2474 2477 2464 2462 2478 2478 2462 2477 
2465 2464 2479 2479 2464 2478 2367 2479 2368 
2367 2466 2479 2466 2465 2479 2370 2466 2367 
2468 2466 2370 2372 2468 2370 2469 2468 2372 
2374 2469 2372 2471 2469 2374 2471 2480 2473 
2471 2374 2480 2374 2376 2480 2480 2376 2377 
2481 2480 2377 2482 2483 2484 2483 2482 2485 
2486 2487 2488 2486 2489 2490 2487 2486 2490 
2476 2490 2489 2476 2489 2474 2474 2489 2491 
2477 2474 2492 2492 2474 2491 2478 2477 2493 
2493 2477 2492 2479 2478 2494 2494 2478 2493 
2368 2494 2379 2479 2494 2368 2377 2495 2481 
2383 2495 2377 2495 2383 2384 2496 2495 2384 
2497 2482 2484 2498 2497 2484 2499 2485 2482 
2499 2482 2500 2500 2482 2497 2488 2499 2500 
2488 2500 2486 2486 2500 2501 2489 2486 2502 
2502 2486 2501 2491 2489 2503 2503 2489 2502 
2386 2503 2387 2386 2492 2503 2492 2491 2503 
2389 2492 2386 2493 2492 2389 2391 2493 2389 
2494 2493 2391 2379 2494 2391 2384 2504 2496 
2393 2504 2384 2505 2506 2504 2505 2504 2394 
2394 2504 2393 2394 2395 2505 2507 2497 2498 
2508 2507 2498 2500 2497 2509 2509 2497 2507 
2397 2509 2398 2397 2501 2509 2501 2500 2509 
2400 2501 2397 2502 2501 2400 2402 2502 2400 
2503 2502 2402 2387 2503 2402 2505 2510 2506 
2511 2512 2510 2404 2511 2510 2404 2510 2505 
2404 2505 2395 2404 2405 2511 2513 2507 2508 
2514 2513 2508 2407 2513 2408 2407 2509 2513 
2509 2507 2513 2398 2509 2407 2515 2516 2517 
2517 2518 2515 2511 2519 2512 2519 2511 2405 
2519 2405 2520 2520 2405 2410 2521 2513 2514 
2522 2521 2514 2408 2521 2411 2513 2521 2408 
2523 2524 2525 2516 2523 2525 2516 2515 2523 
2515 2526 2523 2527 2515 2518 2527 2528 2515 
2528 2526 2515 2528 2529 2530 2527 2529 2528 
2530 2531 2532 2529 2531 2530 2532 2533 2534 
2531 2533 2532 2533 2535 2534 2410 2413 2520 
2520 2413 2536 2521 2522 2537 2521 2414 2411 
2521 2538 2414 2521 2537 2538 2539 2414 2538 
2524 2539 2538 2523 2539 2524 2523 2416 2539 
2523 2417 2416 2418 2417 2523 2526 2418 2523 
2420 2418 2526 2528 2420 2526 2422 2420 2528 
2530 2422 2528 2424 2422 2530 2532 2424 2530 
2426 2424 2532 2426 2532 2540 2540 2532 2534 
2541 2534 2535 2541 2542 2534 2542 2540 2534 
2542 2543 2544 2541 2543 2542 2543 2545 2544 
2546 2547 2548 2427 2549 2546 2427 2546 2536 
2427 2536 2413 2548 2536 2546 2427 2428 2549 
2414 2539 2429 2416 2429 2539 2426 2540 2432 
2433 2432 2540 2542 2433 2540 2434 2433 2542 
2544 2434 2542 2544 2545 2550 2544 2550 2434 
2434 2550 2435 2437 2435 2551 2435 2550 2551 
2439 2552 2553 2439 2437 2552 2437 2551 2552 
2553 2554 2555 2552 2554 2553 2555 2556 2557 
2554 2556 2555 2557 2558 2559 2556 2558 2557 
2547 2559 2558 2546 2559 2547 2546 2441 2559 
2546 2442 2441 2443 2442 2546 2549 2443 2546 
2428 2443 2549 2439 2553 2445 2446 2445 2553 
2555 2446 2553 2447 2446 2555 2557 2447 2555 
2448 2447 2557 2559 2448 2557 2441 2448 2559 
2560 2561 2562 2560 2563 2564 2561 2560 2564 
2563 2565 2566 2564 2563 2566 2565 2567 2568 
2566 2565 2568 2567 2569 2570 2568 2567 2570 
2570 2569 2571 2572 2573 2574 2572 2575 2576 
2573 2572 2576 2575 2577 2578 2576 2575 2578 
2577 2579 2580 2578 2577 2580 2562 2580 2579 
2562 2579 2560 2560 2579 2581 2563 2560 2582 
2582 2560 2581 2565 2563 2583 2583 2563 2582 
2450 2583 2451 2450 2567 2583 2567 2565 2583 
2452 2567 2450 2452 2584 2567 2584 2569 2567 
2585 2571 2569 2585 2569 2586 2586 2569 2584 
2586 2587 2588 2585 2586 2588 2587 2589 2590 
2588 2587 2590 2590 2589 2591 2592 2593 2594 
2574 2593 2592 2574 2592 2572 2572 2592 2595 
2575 2572 2596 2596 2572 2595 2577 2575 2597 
2597 2575 2596 2579 2577 2598 2598 2577 2597 
2581 2579 2599 2599 2579 2598 2582 2581 2600 
2600 2581 2599 2583 2582 2601 2601 2582 2600 
2451 2601 2454 2583 2601 2451 2452 2455 2584 
2458 2584 2455 2586 2584 2458 2460 2586 2458 
2587 2586 2460 2461 2587 2460 2461 2602 2587 
2602 2589 2587 2603 2591 2589 2603 2589 2604 
2604 2589 2602 2603 2604 2605 2592 2594 2606 
2606 2607 2608 2606 2608 2592 2592 2608 2595 
2596 2595 2609 2609 2595 2608 2597 2596 2610 
2610 2596 2609 2598 2597 2611 2611 2597 2610 
2599 2598 2612 2612 2598 2611 2600 2599 2613 
2613 2599 2612 2601 2600 2614 2614 2600 2613 
2454 2614 2463 2601 2614 2454 2461 2467 2602 
2470 2602 2467 2604 2602 2470 2604 2615 2605 
2604 2470 2615 2470 2472 2615 2615 2472 2473 
2616 2615 2473 2608 2607 2617 2617 2618 2619 
2617 2619 2608 2608 2619 2609 2610 2609 2620 
2620 2609 2619 2611 2610 2621 2621 2610 2620 
2612 2611 2622 2622 2611 2621 2613 2612 2623 
2623 2612 2622 2475 2623 2476 2475 2614 2623 
2614 2613 2623 2463 2614 2475 2473 2624 2616 
2480 2624 2473 2624 2480 2481 2625 2624 2481 
2626 2619 2618 2627 2626 2618 2483 2626 2484 
2483 2620 2626 2620 2619 2626 2485 2620 2483 
2485 2628 2620 2628 2621 2620 2487 2628 2488 
2487 2622 2628 2622 2621 2628 2490 2622 2487 
2623 2622 2490 2476 2623 2490 2481 2629 2625 
2495 2629 2481 2629 2495 2496 2630 2629 2496 
2631 2626 2627 2632 2631 2627 2484 2631 2498 
2626 2631 2484 2633 2485 2499 2633 2634 2485 
2628 2485 2635 2635 2485 2634 2635 2488 2628 
2635 2636 2488 2499 2488 2633 2633 2488 2636 
2496 2637 2630 2504 2637 2496 2637 2504 2506 
2638 2637 2506 2631 2632 2639 2639 2498 2631 
2639 2640 2498 2640 2508 2498 2641 2634 2633 
2642 2634 2641 2643 2633 2636 2643 2644 2633 
2644 2641 2633 2644 2645 2646 2643 2645 2644 
2646 2647 2648 2645 2647 2646 2647 2649 2648 
2506 2650 2638 2510 2650 2506 2650 2510 2512 
2651 2650 2512 2652 2653 2514 2652 2514 2640 
2640 2514 2508 2642 2653 2652 2642 2641 2653 
2641 2654 2653 2644 2655 2641 2655 2654 2641 
2517 2516 2655 2517 2655 2646 2646 2655 2644 
2518 2517 2646 2518 2646 2656 2656 2646 2648 
2657 2648 2649 2657 2658 2648 2658 2656 2648 
2658 2659 2660 2657 2659 2658 2660 2661 2662 
2659 2661 2660 2661 2663 2662 2512 2664 2651 
2519 2664 2512 2664 2519 2520 2665 2664 2520 
2653 2666 2522 2514 2653 2522 2654 2667 2653 
2667 2666 2653 2525 2524 2667 2525 2667 2655 
2655 2667 2654 2516 2525 2655 2518 2656 2527 
2529 2527 2656 2658 2529 2656 2531 2529 2658 
2660 2531 2658 2533 2531 2660 2662 2533 2660 
2535 2668 2669 2533 2668 2535 2533 2663 2668 
2533 2662 2663 2668 2670 2669 2671 2672 2673 
2671 2674 2675 2673 2674 2671 2675 2674 2665 
2675 2665 2536 2536 2665 2520 2522 2666 2537 
2538 2537 2666 2667 2538 2666 2524 2538 2667 
2535 2669 2541 2669 2670 2676 2669 2676 2541 
2541 2676 2543 2545 2677 2678 2545 2543 2677 
2543 2676 2677 2678 2679 2680 2677 2679 2678 
2680 2681 2682 2679 2681 2680 2682 2683 2684 
2681 2683 2682 2684 2685 2686 2683 2685 2684 
2672 2686 2685 2672 2671 2686 2671 2687 2686 
2548 2547 2687 2548 2687 2675 2675 2687 2671 
2536 2548 2675 2545 2678 2550 2551 2550 2678 
2680 2551 2678 2552 2551 2680 2682 2552 2680 
2554 2552 2682 2684 2554 2682 2556 2554 2684 
2686 2556 2684 2558 2556 2686 2687 2558 2686 
2547 2558 2687 2561 2688 2562 2561 2564 2689 
2688 2561 2689 2564 2566 2690 2689 2564 2690 
2691 2690 2566 2691 2566 2692 2692 2566 2568 
2570 2693 2568 2568 2693 2692 2571 2694 2695 
2571 2695 2570 2570 2695 2693 2694 2696 2697 
2695 2694 2697 2697 2696 2698 2573 2699 2574 
2700 2699 2573 2700 2573 2701 2701 2573 2576 
2578 2702 2576 2576 2702 2701 2580 2703 2578 
2578 2703 2702 2688 2580 2562 2688 2704 2580 
2704 2703 2580 2689 2704 2688 2705 2704 2689 
2690 2705 2689 2706 2705 2690 2691 2706 2690 
2571 2585 2694 2588 2694 2585 2696 2694 2588 
2696 2707 2698 2696 2588 2707 2588 2590 2707 
2707 2590 2591 2708 2707 2591 2593 2709 2710 
2594 2593 2710 2699 2593 2574 2699 2711 2593 
2711 2709 2593 2700 2711 2699 2591 2712 2708 
2603 2712 2591 2712 2603 2605 2713 2712 2605 
2594 2710 2714 2606 2594 2714 2714 2607 2606 
2715 2607 2714 2605 2716 2713 2615 2716 2605 
2716 2615 2616 2717 2716 2616 2718 2617 2607 
2718 2607 2719 2719 2607 2715 2617 2718 2618 
2616 2720 2717 2624 2720 2616 2720 2624 2625 
2721 2720 2625 2718 2719 2722 2722 2618 2718 
2722 2723 2618 2723 2627 2618 2724 2725 2726 
2724 2727 2728 2726 2727 2724 2728 2729 2730 
2727 2729 2728 2729 2731 2730 2625 2732 2721 
2629 2732 2625 2732 2629 2630 2733 2732 2630 
2627 2723 2632 2723 2734 2632 2735 2725 2724 
2736 2725 2735 2635 2634 2735 2635 2735 2728 
2728 2735 2724 2636 2635 2728 2636 2728 2737 
2737 2728 2730 2738 2730 2731 2738 2739 2730 
2739 2737 2730 2739 2740 2741 2738 2740 2739 
2740 2742 2741 2630 2743 2733 2637 2743 2630 
2743 2637 2638 2744 2743 2638 2632 2734 2745 
2639 2632 2745 2640 2735 2746 2640 2745 2735 
2640 2639 2745 2745 2736 2735 2634 2642 2746 
2735 2634 2746 2636 2737 2643 2645 2643 2737 
2739 2645 2737 2647 2645 2739 2741 2647 2739 
2649 2747 2748 2647 2747 2649 2647 2742 2747 
2647 2741 2742 2748 2749 2750 2747 2749 2748 
2750 2751 2752 2749 2751 2750 2751 2753 2752 
2754 2638 2650 2754 2755 2638 2755 2744 2638 
2650 2651 2754 2640 2746 2652 2642 2652 2746 
2649 2748 2657 2659 2657 2748 2750 2659 2748 
2661 2659 2750 2752 2661 2750 2663 2756 2757 
2661 2756 2663 2661 2753 2756 2661 2752 2753 
2756 2758 2757 2759 2755 2754 2760 2755 2759 
2651 2664 2761 2651 2761 2754 2754 2761 2759 
2664 2665 2761 2663 2757 2668 2670 2762 2763 
2668 2762 2670 2668 2758 2762 2668 2757 2758 
2763 2764 2765 2762 2764 2763 2765 2766 2767 
2764 2766 2765 2767 2768 2769 2766 2768 2767 
2769 2770 2771 2768 2770 2769 2771 2772 2773 
2770 2772 2771 2760 2773 2772 2759 2773 2760 
2759 2672 2773 2759 2673 2672 2674 2673 2759 
2761 2674 2759 2665 2674 2761 2670 2763 2676 
2677 2676 2763 2765 2677 2763 2679 2677 2765 
2767 2679 2765 2681 2679 2767 2769 2681 2767 
2683 2681 2769 2771 2683 2769 2685 2683 2771 
2773 2685 2771 2672 2685 2773 2692 2774 2691 
2692 2693 2775 2774 2692 2775 2776 2775 2693 
2776 2693 2777 2777 2693 2695 2778 2779 2777 
2778 2777 2697 2697 2777 2695 2697 2698 2778 
2701 2780 2700 2701 2702 2781 2780 2701 2781 
2702 2703 2782 2781 2702 2782 2703 2704 2783 
2782 2703 2783 2704 2705 2784 2783 2704 2784 
2705 2706 2785 2784 2705 2785 2706 2786 2785 
2691 2786 2706 2691 2787 2786 2691 2774 2787 
2775 2787 2774 2788 2787 2775 2776 2788 2775 
2778 2789 2779 2698 2789 2778 2698 2707 2789 
2707 2790 2789 2790 2707 2708 2791 2790 2708 
2709 2792 2710 2709 2711 2793 2792 2709 2793 
2711 2794 2793 2700 2794 2711 2700 2795 2794 
2700 2780 2795 2781 2795 2780 2796 2795 2781 
2782 2796 2781 2797 2796 2782 2783 2797 2782 
2798 2797 2783 2784 2798 2783 2799 2798 2784 
2785 2799 2784 2800 2799 2785 2786 2800 2785 
2708 2801 2791 2712 2801 2708 2801 2712 2713 
2802 2801 2713 2710 2792 2714 2715 2714 2792 
2715 2792 2803 2803 2792 2793 2804 2793 2794 
2804 2805 2793 2805 2803 2793 2805 2806 2807 
2804 2806 2805 2806 2808 2807 2713 2809 2802 
2716 2809 2713 2809 2716 2717 2810 2809 2717 
2803 2811 2719 2715 2803 2719 2805 2812 2803 
2812 2811 2803 2807 2813 2805 2813 2812 2805 
2814 2807 2808 2814 2815 2807 2815 2813 2807 
2815 2816 2817 2814 2816 2815 2816 2818 2817 
2717 2819 2810 2720 2819 2717 2819 2720 2721 
2820 2819 2721 2719 2811 2722 2723 2722 2811 
2723 2811 2821 2821 2811 2812 2726 2725 2821 
2726 2821 2813 2813 2821 2812 2727 2726 2813 
2815 2727 2813 2729 2727 2815 2817 2729 2815 
2731 2822 2823 2729 2822 2731 2729 2818 2822 
2729 2817 2818 2823 2824 2825 2822 2824 2823 
2824 2826 2825 2827 2721 2732 2827 2828 2721 
2828 2820 2721 2732 2733 2827 2821 2829 2734 
2723 2821 2734 2725 2736 2829 2821 2725 2829 
2731 2823 2738 2740 2738 2823 2825 2740 2823 
2742 2830 2831 2740 2830 2742 2740 2826 2830 
2740 2825 2826 2831 2832 2833 2830 2832 2831 
2833 2834 2835 2832 2834 2833 2834 2836 2835 
2827 2837 2828 2838 2839 2837 2743 2838 2837 
2743 2837 2827 2743 2827 2733 2743 2744 2838 
2734 2829 2745 2736 2745 2829 2742 2831 2747 
2749 2747 2831 2833 2749 2831 2751 2749 2833 
2835 2751 2833 2753 2840 2841 2751 2840 2753 
2751 2836 2840 2751 2835 2836 2841 2842 2843 
2840 2842 2841 2842 2844 2843 2838 2845 2839 
2845 2838 2744 2845 2744 2846 2846 2744 2755 
2753 2841 2756 2758 2756 2841 2758 2841 2847 
2847 2841 2843 2848 2843 2844 2848 2849 2843 
2849 2847 2843 2849 2850 2851 2848 2850 2849 
2851 2852 2853 2850 2852 2851 2853 2854 2855 
2852 2854 2853 2855 2856 2857 2854 2856 2855 
2857 2856 2846 2857 2846 2760 2760 2846 2755 
2758 2847 2762 2764 2762 2847 2849 2764 2847 
2766 2764 2849 2851 2766 2849 2768 2766 2851 
2853 2768 2851 2770 2768 2853 2855 2770 2853 
2772 2770 2855 2857 2772 2855 2760 2772 2857 
2777 2858 2776 2777 2779 2858 2787 2859 2786 
2787 2788 2860 2859 2787 2860 2788 2861 2860 
2776 2861 2788 2776 2862 2861 2776 2858 2862 
2863 2864 2862 2789 2863 2862 2789 2862 2858 
2789 2858 2779 2789 2790 2865 2863 2789 2865 
2790 2791 2865 2795 2866 2794 2795 2796 2867 
2866 2795 2867 2796 2797 2868 2867 2796 2868 
2797 2798 2869 2868 2797 2869 2798 2799 2870 
2869 2798 2870 2799 2800 2871 2870 2799 2871 
2800 2786 2859 2800 2859 2871 2871 2859 2872 
2860 2873 2859 2873 2872 2859 2874 2860 2861 
2873 2860 2874 2863 2875 2864 2865 2875 2863 
2876 2875 2865 2877 2878 2876 2801 2877 2876 
2801 2876 2865 2801 2865 2791 2801 2802 2877 
2794 2866 2804 2806 2804 2866 2867 2806 2866 
2808 2806 2867 2808 2867 2879 2879 2867 2868 
2869 2880 2868 2880 2879 2868 2870 2881 2869 
2881 2880 2869 2871 2882 2870 2882 2881 2870 
2872 2883 2871 2883 2882 2871 2873 2884 2872 
2884 2883 2872 2885 2873 2874 2884 2873 2885 
2877 2886 2878 2887 2888 2886 2809 2887 2886 
2809 2886 2877 2809 2877 2802 2809 2810 2887 
2808 2879 2814 2816 2814 2879 2880 2816 2879 
2818 2816 2880 2818 2880 2889 2889 2880 2881 
2882 2890 2881 2890 2889 2881 2883 2891 2882 
2891 2890 2882 2884 2892 2883 2892 2891 2883 
2893 2884 2885 2893 2894 2884 2894 2892 2884 
2893 2895 2894 2887 2896 2888 2897 2898 2896 
2819 2897 2896 2819 2896 2887 2819 2887 2810 
2819 2820 2897 2818 2889 2822 2824 2822 2889 
2890 2824 2889 2826 2824 2890 2826 2890 2899 
2899 2890 2891 2892 2900 2891 2900 2899 2891 
2894 2901 2892 2901 2900 2892 2902 2894 2895 
2902 2903 2894 2903 2901 2894 2902 2904 2903 
2905 2898 2897 2906 2898 2905 2820 2828 2905 
2897 2820 2905 2826 2899 2830 2832 2830 2899 
2900 2832 2899 2834 2832 2900 2901 2834 2900 
2836 2834 2901 2836 2901 2907 2907 2901 2903 
2908 2903 2904 2908 2909 2903 2909 2907 2903 
2909 2910 2911 2908 2910 2909 2910 2912 2911 
2905 2913 2906 2914 2915 2913 2837 2914 2913 
2837 2913 2905 2837 2905 2828 2837 2839 2914 
2836 2907 2840 2842 2840 2907 2909 2842 2907 
2844 2842 2909 2844 2909 2916 2916 2909 2911 
2917 2911 2912 2917 2918 2911 2918 2916 2911 
2918 2919 2920 2917 2919 2918 2915 2920 2919 
2915 2914 2920 2914 2921 2920 2839 2845 2922 
2839 2922 2914 2914 2922 2921 2845 2846 2922 
2844 2916 2848 2850 2848 2916 2918 2850 2916 
2852 2850 2918 2920 2852 2918 2854 2852 2920 
2921 2854 2920 2856 2854 2921 2922 2856 2921 
2846 2856 2922 2862 2923 2861 2862 2864 2923 
2923 2924 2874 2861 2923 2874 2864 2875 2925 
2864 2925 2923 2923 2925 2924 2875 2876 2926 
2925 2875 2926 2876 2878 2926 2924 2927 2885 
2874 2924 2885 2925 2928 2924 2928 2927 2924 
2926 2929 2925 2929 2928 2925 2878 2886 2930 
2878 2930 2926 2926 2930 2929 2886 2888 2930 
2885 2927 2893 2895 2893 2927 2895 2927 2931 
2931 2927 2928 2929 2932 2928 2932 2931 2928 
2930 2933 2929 2933 2932 2929 2888 2896 2934 
2888 2934 2930 2930 2934 2933 2896 2898 2934 
2895 2931 2902 2904 2902 2931 2904 2931 2935 
2935 2931 2932 2933 2936 2932 2936 2935 2932 
2934 2937 2933 2937 2936 2933 2898 2906 2937 
2934 2898 2937 2904 2935 2908 2910 2908 2935 
2936 2910 2935 2912 2910 2936 2912 2936 2938 
2938 2936 2937 2906 2913 2939 2906 2939 2937 
2937 2939 2938 2913 2915 2939 2912 2938 2917 
2919 2917 2938 2939 2919 2938 2915 2919 2939 

CELL_DATA 5880
SCALARS Scalars float
LOOKUP_TABLE default
1 1 1 1 1 1 1 1 1 
1 1 1 1 1 1 1 1 1 
1 1 1 1 1 1 1 1 1 
1 1 1 1 1 1 1 1 1 
1 1 1 1 1 1 1 1 1 
1 1 1 1 1 1 1 1 1 
1 1 1 1 1 1 1 1 1 
1 1 1 1 1 1 1 1 1 
1 1 1 1 1 1 1 1 1 
1 1 1 1 1 1 1 1 1 
1 1 1 1 1 1 1 1 1 
1 1 1 1 1 1 1 1 1 
1 1 1 1 1 1 1 1 1 
1 1 1 1 1 1 1 1 1 
1 1 1 1 1 1 1 1 1 
1 1 1 1 1 1 1 1 1 
1 1 1 1 1 1 1 1 1 
1 1 1 1 1 1 1 1 1 
1 1 1 1 1 1 1 1 1 
1 1 1 1 1 1 1 1 1 
1 1 1 1 1 1 1 1 1 
1 1 1 1 1 1 1 1 1 
1 1 1 1 1 1 1 1 1 
1 1 1 1 1 1 1 1 1 
1 1 1 1 1 1 1 1 1 
1 1 1 1 1 1 1 1 1 
1 1 1 1 1 1 1 1 1 
1 1 1 1 1 1 1 1 1 
1 1 1 1 1 1 1 1 1 
1 1 1 1 1 1 1 1 1 
1 1 1 1 1 1 1 1 1 
1 1 1 1 1 1 1 1 1 
1 1 1 1 1 1 1 1 1 
1 1 1 1 1 1 1 1 1 
1 1 1 1 1 1 1 1 1 
1 1 1 1 1 1 1 1 1 
1 1 1 1 1 1 1 1 1 
1 1 1 1 1 1 1 1 1 
1 1 1 1 1 1 1 1 1 
1 1 1 1 1 1 1 1 1 
1 1 1 1 1 1 1 1 1 
1 1 1 1 1 1 1 1 1 
1 1 1 1 1 1 1 1 1 
1 1 1 1 1 1 1 1 1 
1 1 1 1 1 1 1 1 1 
1 1 1 1 1 1 1 1 1 
1 1 1 1 1 1 1 1 1 
1 1 1 1 1 1 1 1 1 
1 1 1 1 1 1 1 1 1 
1 1 1 1 1 1 1 1 1 
1 1 1 1 1 1 1 1 1 
1 1 1 1 1 1 1 1 1 
1 1 1 1 1 1 1 1 1 
1 1 1 1 1 1 1 1 1 
1 1 1 1 1 1 1 1 1 
1 1 1 1 1 1 1 1 1 
1 1 1 1 1 1 1 1 1 
1 1 1 1 1 1 1 1 1 
1 1 1 1 1 1 1 1 1 
1 1 1 1 1 1 1 1 1 
1 1 1 1 1 1 1 1 1 
1 1 1 1 1 1 1 1 1 
1 1 1 1 1 1 1 1 1 
1 1 1 1 1 1 1 1 1 
1 1 1 1 1 1 1 1 1 
1 1 1 1 1 1 1 1 1 
1 1 1 1 1 1 1 1 1 
1 1 1 1 1 1 1 1 1 
1 1 1 1 1 1 1 1 1 
1 1 1 1 1 1 1 1 1 
1 1 1 1 1 1 1 1 1 
1 1 1 1 1 1 1 1 1 
1 1 1 1 1 1 1 1 1 
1 1 1 1 1 1 1 1 1 
1 1 1 1 1 1 1 1 1 
1 1 1 1 1 1 1 1 1 
1 1 1 1 1 1 1 1 1 
1 1 1 1 1 1 1 1 1 
1 1 1 1 1 1 1 1 1 
1 1 1 1 1 1 1 1 1 
1 1 1 1 1 1 1 1 1 
1 1 1 1 1 1 1 1 1 
1 1 1 1 1 1 1 1 1 
1 1 1 1 1 1 1 1 1 
1 1 1 1 1 1 1 1 1 
1 1 1 1 1 1 1 1 1 
1 1 1 1 1 1 1 1 1 
1 1 1 1 1 1 1 1 1 
1 1 1 1 1 1 1 1 1 
1 1 1 1 1 1 1 1 1 
1 1 1 1 1 1 1 1 1 
1 1 1 1 1 1 1 1 1 
1 1 1 1 1 1 1 1 1 
1 1 1 1 1 1 1 1 1 
1 1 1 1 1 1 1 1 1 
1 1 1 1 1 1 1 1 1 
1 1 1 1 1 1 1 1 1 
1 1 1 1 1 1 1 1 1 
1 1 1 1 1 1 1 1 1 
1 1 1 1 1 1 1 1 1 
1 1 1 1 1 1 1 1 1 
1 1 1 1 1 1 1 1 1 
1 1 1 1 1 1 1 1 1 
1 1 1 1 1 1 1 1 1 
1 1 1 1 1 1 1 1 1 
1 1 1 1 1 1 1 1 1 
1 1 1 1 1 1 1 1 1 
1 1 1 1 1 1 1 1 1 
1 1 1 1 1 1 1 1 1 
1 1 1 1 1 1 1 1 1 
1 1 1 1 1 1 1 1 1 
1 1 1 1 1 1 1 1 1 
1 1 1 1 1 1 1 1 1 
1 1 1 1 1 1 1 1 1 
1 1 1 1 1 1 1 1 1 
1 1 1 1 1 1 1 1 1 
1 1 1 1 1 1 1 1 1 
1 1 1 1 1 1 1 1 1 
1 1 1 1 1 1 1 1 1 
1 1 1 1 1 1 1 1 1 
1 1 1 1 1 1 1 1 1 
1 1 1 1 1 1 1 1 1 
1 1 1 1 1 1 1 1 1 
1 1 1 1 1 1 1 1 1 
1 1 1 1 1 1 1 1 1 
1 1 1 1 1 1 1 1 1 
1 1 1 1 1 1 1 1 1 
1 1 1 1 1 1 1 1 1 
1 1 1 1 1 1 1 1 1 
1 1 1 1 1 1 1 1 1 
1 1 1 1 1 1 1 1 1 
1 1 1 1 1 1 1 1 1 
1 1 1 1 1 1 1 1 1 
1 1 1 1 1 1 1 1 1 
1 1 1 1 1 1 1 1 1 
1 1 1 1 1 1 1 1 1 
1 1 1 1 1 1 1 1 1 
1 1 1 1 1 1 1 1 1 
1 1 1 1 1 1 1 1 1 
1 1 1 1 1 1 1 1 1 
1 1 1 1 1 1 1 1 1 
1 1 1 1 1 1 1 1 1 
1 1 1 1 1 1 1 1 1 
1 1 1 1 1 1 1 1 1 
1 1 1 1 1 1 1 1 1 
1 1 1 1 1 1 1 1 1 
1 1 1 1 1 1 1 1 1 
1 1 1 1 1 1 1 1 1 
1 1 1 1 1 1 1 1 1 
1 1 1 1 1 1 1 1 1 
1 1 1 1 1 1 1 1 1 
1 1 1 1 1 1 1 1 1 
1 1 1 1 1 1 1 1 1 
1 1 1 1 1 1 1 1 1 
1 1 1 1 1 1 1 1 1 
1 1 1 1 1 1 1 1 1 
1 1 1 1 1 1 1 1 1 
1 1 1 1 1 1 1 1 1 
1 1 1 1 1 1 1 1 1 
1 1 1 1 1 1 1 1 1 
1 1 1 1 1 1 1 1 1 
1 1 1 1 1 1 1 1 1 
1 1 1 1 1 1 1 1 1 
1 1 1 1 1 1 1 1 1 
1 1 1 1 1 1 1 1 1 
1 1 1 1 1 1 1 1 1 
1 1 1 1 1 1 1 1 1 
1 1 1 1 1 1 1 1 1 
1 1 1 1 1 1 1 1 1 
1 1 1 1 1 1 1 1 1 
1 1 1 1 1 1 1 1 1 
1 1 1 1 1 1 1 1 1 
1 1 1 1 1 1 1 1 1 
1 1 1 1 1 1 1 1 1 
1 1 1 1 1 1 1 1 1 
1 1 1 1 1 1 1 1 1 
1 1 1 1 1 1 1 1 1 
1 1 1 1 1 1 1 1 1 
1 1 1 1 1 1 1 1 1 
1 1 1 1 1 1 1 1 1 
1 1 1 1 1 1 1 1 1 
1 1 1 1 1 1 1 1 1 
1 1 1 1 1 1 1 1 1 
1 1 1 1 1 1 1 1 1 
1 1 1 1 1 1 1 1 1 
1 1 1 1 1 1 1 1 1 
1 1 1 1 1 1 1 1 1 
1 1 1 1 1 1 1 1 1 
1 1 1 1 1 1 1 1 1 
1 1 1 1 1 1 1 1 1 
1 1 1 1 1 1 1 1 1 
1 1 1 1 1 1 1 1 1 
1 1 1 1 1 1 1 1 1 
1 1 1 1 1 1 1 1 1 
1 1 1 1 1 1 1 1 1 
1 1 1 1 1 1 1 1 1 
1 1 1 1 1 1 1 1 1 
1 1 1 1 1 1 1 1 1 
1 1 1 1 1 1 1 1 1 
1 1 1 1 1 1 1 1 1 
1 1 1 1 1 1 1 1 1 
1 1 1 1 1 1 1 1 1 
1 1 1 1 1 1 1 1 1 
1 1 1 1 1 1 1 1 1 
1 1 1 1 1 1 1 1 1 
1 1 1 1 1 1 1 1 1 
1 1 1 1 1 1 1 1 1 
1 1 1 1 1 1 1 1 1 
1 1 1 1 1 1 1 1 1 
1 1 1 1 1 1 1 1 1 
1 1 1 1 1 1 1 1 1 
1 1 1 1 1 1 1 1 1 
1 1 1 1 1 1 1 1 1 
1 1 1 1 1 1 1 1 1 
1 1 1 1 1 1 1 1 1 
1 1 1 1 1 1 1 1 1 
1 1 1 1 1 1 1 1 1 
1 1 1 1 1 1 1 1 1 
1 1 1 1 1 1 1 1 1 
1 1 1 1 1 1 1 1 1 
1 1 1 1 1 1 1 1 1 
1 1 1 1 1 1 1 1 1 
1 1 1 1 1 1 1 1 1 
1 1 1 1 1 1 1 1 1 
1 1 1 1 1 1 1 1 1 
1 1 1 1 1 1 1 1 1 
1 1 1 1 1 1 1 1 1 
1 1 1 1 1 1 1 1 1 
1 1 1 1 1 1 1 1 1 
1 1 1 1 1 1 1 1 1 
1 1 1 1 1 1 1 1 1 
1 1 1 1 1 1 1 1 1 
1 1 1 1 1 1 1 1 1 
1 1 1 1 1 1 1 1 1 
1 1 1 1 1 1 1 1 1 
1 1 1 1 1 1 1 1 1 
1 1 1 1 1 1 1 1 1 
1 1 1 1 1 1 1 1 1 
1 1 1 1 1 1 1 1 1 
1 1 1 1 1 1 1 1 1 
1 1 1 1 1 1 1 1 1 
1 1 1 1 1 1 1 1 1 
1 1 1 1 1 1 1 1 1 
1 1 1 1 1 1 1 1 1 
1 1 1 1 1 1 1 1 1 
1 1 1 1 1 1 1 1 1 
1 1 1 1 1 1 1 1 1 
1 1 1 1 1 1 1 1 1 
1 1 1 1 1 1 1 1 1 
1 1 1 1 1 1 1 1 1 
1 1 1 1 1 1 1 1 1 
1 1 1 1 1 1 1 1 1 
1 1 1 1 1 1 1 1 1 
1 1 1 1 1 1 1 1 1 
1 1 1 1 1 1 1 1 1 
1 1 1 1 1 1 1 1 1 
1 1 1 1 1 1 1 1 1 
1 1 1 1 1 1 1 1 1 
1 1 1 1 1 1 1 1 1 
1 1 1 1 1 1 1 1 1 
1 1 1 1 1 1 1 1 1 
1 1 1 1 1 1 1 1 1 
1 1 1 1 1 1 1 1 1 
1 1 1 1 1 1 1 1 1 
1 1 1 1 1 1 1 1 1 
1 1 1 1 1 1 1 1 1 
1 1 1 1 1 1 1 1 1 
1 1 1 1 1 1 1 1 1 
1 1 1 1 1 1 1 1 1 
1 1 1 1 1 1 1 1 1 
1 1 1 1 1 1 1 1 1 
1 1 1 1 1 1 1 1 1 
1 1 1 1 1 1 1 1 1 
1 1 1 1 1 1 1 1 1 
1 1 1 1 1 1 1 1 1 
1 1 1 1 1 1 1 1 1 
1 1 1 1 1 1 1 1 1 
1 1 1 1 1 1 1 1 1 
1 1 1 1 1 1 1 1 1 
1 1 1 1 1 1 1 1 1 
1 1 1 1 1 1 1 1 1 
1 1 1 1 1 1 1 1 1 
1 1 1 1 1 1 1 1 1 
1 1 1 1 1 1 1 1 1 
1 1 1 1 1 1 1 1 1 
1 1 1 1 1 1 1 1 1 
1 1 1 1 1 1 1 1 1 
1 1 1 1 1 1 1 1 1 
1 1 1 1 1 1 1 1 1 
1 1 1 1 1 1 1 1 1 
1 1 1 1 1 1 1 1 1 
1 1 1 1 1 1 1 1 1 
1 1 1 1 1 1 1 1 1 
1 1 1 1 1 1 1 1 1 
1 1 1 1 1 1 1 1 1 
1 1 1 1 1 1 1 1 1 
1 1 1 1 1 1 1 1 1 
1 1 1 1 1 1 1 1 1 
1 1 1 1 1 1 1 1 1 
1 1 1 1 1 1 1 1 1 
1 1 1 1 1 1 1 1 1 
1 1 1 1 1 1 1 1 1 
1 1 1 1 1 1 1 1 1 
1 1 1 1 1 1 1 1 1 
1 1 1 1 1 1 1 1 1 
1 1 1 1 1 1 1 1 1 
1 1 1 1 1 1 1 1 1 
1 1 1 1 1 1 1 1 1 
1 1 1 1 1 1 1 1 1 
1 1 1 1 1 1 1 1 1 
1 1 1 1 1 1 1 1 1 
1 1 1 1 1 1 1 1 1 
1 1 1 1 1 1 1 1 1 
1 1 1 1 1 1 1 1 1 
1 1 1 1 1 1 1 1 1 
1 1 1 1 1 1 1 1 1 
1 1 1 1 1 1 1 1 1 
1 1 1 1 1 1 1 1 1 
1 1 1 1 1 1 1 1 1 
1 1 1 1 1 1 1 1 1 
1 1 1 1 1 1 1 1 1 
1 1 1 1 1 1 1 1 1 
1 1 1 1 1 1 1 1 1 
1 1 1 1 1 1 1 1 1 
1 1 1 1 1 1 1 1 1 
1 1 1 1 1 1 1 1 1 
1 1 1 1 1 1 1 1 1 
1 1 1 1 1 1 1 1 1 
1 1 1 1 1 1 1 1 1 
1 1 1 1 1 1 1 1 1 
1 1 1 1 1 1 1 1 1 
1 1 1 1 1 1 1 1 1 
1 1 1 1 1 1 1 1 1 
1 1 1 1 1 1 1 1 1 
1 1 1 1 1 1 1 1 1 
1 1 1 1 1 1 1 1 1 
1 1 1 1 1 1 1 1 1 
1 1 1 1 1 1 1 1 1 
1 1 1 1 1 1 1 1 1 
1 1 1 1 1 1 1 1 1 
1 1 1 1 1 1 1 1 1 
1 1 1 1 1 1 1 1 1 
1 1 1 1 1 1 1 1 1 
1 1 1 1 1 1 1 1 1 
1 1 1 1 1 1 1 1 1 
1 1 1 1 1 1 1 1 1 
1 1 1 1 1 1 1 1 1 
1 1 1 1 1 1 1 1 1 
1 1 1 1 1 1 1 1 1 
1 1 1 1 1 1 1 1 1 
1 1 1 1 1 1 1 1 1 
1 1 1 1 1 1 1 1 1 
1 1 1 1 1 1 1 1 1 
1 1 1 1 1 1 1 1 1 
1 1 1 1 1 1 1 1 1 
1 1 1 1 1 1 1 1 1 
1 1 1 1 1 1 1 1 1 
1 1 1 1 1 1 1 1 1 
1 1 1 1 1 1 1 1 1 
1 1 1 1 1 1 1 1 1 
1 1 1 1 1 1 1 1 1 
1 1 1 1 1 1 1 1 1 
1 1 1 1 1 1 1 1 1 
1 1 1 1 1 1 1 1 1 
1 1 1 1 1 1 1 1 1 
1 1 1 1 1 1 1 1 1 
1 1 1 1 1 1 1 1 1 
1 1 1 1 1 1 1 1 1 
1 1 1 1 1 1 1 1 1 
1 1 1 1 1 1 1 1 1 
1 1 1 1 1 1 1 1 1 
1 1 1 1 1 1 1 1 1 
1 1 1 1 1 1 1 1 1 
1 1 1 1 1 1 1 1 1 
1 1 1 1 1 1 1 1 1 
1 1 1 1 1 1 1 1 1 
1 1 1 1 1 1 1 1 1 
1 1 1 1 1 1 1 1 1 
1 1 1 1 1 1 1 1 1 
1 1 1 1 1 1 1 1 1 
1 1 1 1 1 1 1 1 1 
1 1 1 1 1 1 1 1 1 
1 1 1 1 1 1 1 1 1 
1 1 1 1 1 1 1 1 1 
1 1 1 1 1 1 1 1 1 
1 1 1 1 1 1 1 1 1 
1 1 1 1 1 1 1 1 1 
1 1 1 1 1 1 1 1 1 
1 1 1 1 1 1 1 1 1 
1 1 1 1 1 1 1 1 1 
1 1 1 1 1 1 1 1 1 
1 1 1 1 1 1 1 1 1 
1 1 1 1 1 1 1 1 1 
1 1 1 1 1 1 1 1 1 
1 1 1 1 1 1 1 1 1 
1 1 1 1 1 1 1 1 1 
1 1 1 1 1 1 1 1 1 
1 1 1 1 1 1 1 1 1 
1 1 1 1 1 1 1 1 1 
1 1 1 1 1 1 1 1 1 
1 1 1 1 1 1 1 1 1 
1 1 1 1 1 1 1 1 1 
1 1 1 1 1 1 1 1 1 
1 1 1 1 1 1 1 1 1 
1 1 1 1 1 1 1 1 1 
1 1 1 1 1 1 1 1 1 
1 1 1 1 1 1 1 1 1 
1 1 1 1 1 1 1 1 1 
1 1 1 1 1 1 1 1 1 
1 1 1 1 1 1 1 1 1 
1 1 1 1 1 1 1 1 1 
1 1 1 1 1 1 1 1 1 
1 1 1 1 1 1 1 1 1 
1 1 1 1 1 1 1 1 1 
1 1 1 1 1 1 1 1 1 
1 1 1 1 1 1 1 1 1 
1 1 1 1 1 1 1 1 1 
1 1 1 1 1 1 1 1 1 
1 1 1 1 1 1 1 1 1 
1 1 1 1 1 1 1 1 1 
1 1 1 1 1 1 1 1 1 
1 1 1 1 1 1 1 1 1 
1 1 1 1 1 1 1 1 1 
1 1 1 1 1 1 1 1 1 
1 1 1 1 1 1 1 1 1 
1 1 1 1 1 1 1 1 1 
1 1 1 1 1 1 1 1 1 
1 1 1 1 1 1 1 1 1 
1 1 1 1 1 1 1 1 1 
1 1 1 1 1 1 1 1 1 
1 1 1 1 1 1 1 1 1 
1 1 1 1 1 1 1 1 1 
1 1 1 1 1 1 1 1 1 
1 1 1 1 1 1 1 1 1 
1 1 1 1 1 1 1 1 1 
1 1 1 1 1 1 1 1 1 
1 1 1 1 1 1 1 1 1 
1 1 1 1 1 1 1 1 1 
1 1 1 1 1 1 1 1 1 
1 1 1 1 1 1 1 1 1 
1 1 1 1 1 1 1 1 1 
1 1 1 1 1 1 1 1 1 
1 1 1 1 1 1 1 1 1 
1 1 1 1 1 1 1 1 1 
1 1 1 1 1 1 1 1 1 
1 1 1 1 1 1 1 1 1 
1 1 1 1 1 1 1 1 1 
1 1 1 1 1 1 1 1 1 
1 1 1 1 1 1 1 1 1 
1 1 1 1 1 1 1 1 1 
1 1 1 1 1 1 1 1 1 
1 1 1 1 1 1 1 1 1 
1 1 1 1 1 1 1 1 1 
1 1 1 1 1 1 1 1 1 
1 1 1 1 1 1 1 1 1 
1 1 1 1 1 1 1 1 1 
1 1 1 1 1 1 1 1 1 
1 1 1 1 1 1 1 1 1 
1 1 1 1 1 1 1 1 1 
1 1 1 1 1 1 1 1 1 
1 1 1 1 1 1 1 1 1 
1 1 1 1 1 1 1 1 1 
1 1 1 1 1 1 1 1 1 
1 1 1 1 1 1 1 1 1 
1 1 1 1 1 1 1 1 1 
1 1 1 1 1 1 1 1 1 
1 1 1 1 1 1 1 1 1 
1 1 1 1 1 1 1 1 1 
1 1 1 1 1 1 1 1 1 
1 1 1 1 1 1 1 1 1 
1 1 1 1 1 1 1 1 1 
1 1 1 1 1 1 1 1 1 
1 1 1 1 1 1 1 1 1 
1 1 1 1 1 1 1 1 1 
1 1 1 1 1 1 1 1 1 
1 1 1 1 1 1 1 1 1 
1 1 1 1 1 1 1 1 1 
1 1 1 1 1 1 1 1 1 
1 1 1 1 1 1 1 1 1 
1 1 1 1 1 1 1 1 1 
1 1 1 1 1 1 1 1 1 
1 1 1 1 1 1 1 1 1 
1 1 1 1 1 1 1 1 1 
1 1 1 1 1 1 1 1 1 
1 1 1 1 1 1 1 1 1 
1 1 1 1 1 1 1 1 1 
1 1 1 1 1 1 1 1 1 
1 1 1 1 1 1 1 1 1 
1 1 1 1 1 1 1 1 1 
1 1 1 1 1 1 1 1 1 
1 1 1 1 1 1 1 1 1 
1 1 1 1 1 1 1 1 1 
1 1 1 1 1 1 1 1 1 
1 1 1 1 1 1 1 1 1 
1 1 1 1 1 1 1 1 1 
1 1 1 1 1 1 1 1 1 
1 1 1 1 1 1 1 1 1 
1 1 1 1 1 1 1 1 1 
1 1 1 1 1 1 1 1 1 
1 1 1 1 1 1 1 1 1 
1 1 1 1 1 1 1 1 1 
1 1 1 1 1 1 1 1 1 
1 1 1 1 1 1 1 1 1 
1 1 1 1 1 1 1 1 1 
1 1 1 1 1 1 1 1 1 
1 1 1 1 1 1 1 1 1 
1 1 1 1 1 1 1 1 1 
1 1 1 1 1 1 1 1 1 
1 1 1 1 1 1 1 1 1 
1 1 1 1 1 1 1 1 1 
1 1 1 1 1 1 1 1 1 
1 1 1 1 1 1 1 1 1 
1 1 1 1 1 1 1 1 1 
1 1 1 1 1 1 1 1 1 
1 1 1 1 1 1 1 1 1 
1 1 1 1 1 1 1 1 1 
1 1 1 1 1 1 1 1 1 
1 1 1 1 1 1 1 1 1 
1 1 1 1 1 1 1 1 1 
1 1 1 1 1 1 1 1 1 
1 1 1 1 1 1 1 1 1 
1 1 1 1 1 1 1 1 1 
1 1 1 1 1 1 1 1 1 
1 1 1 1 1 1 1 1 1 
1 1 1 1 1 1 1 1 1 
1 1 1 1 1 1 1 1 1 
1 1 1 1 1 1 1 1 1 
1 1 1 1 1 1 1 1 1 
1 1 1 1 1 1 1 1 1 
1 1 1 1 1 1 1 1 1 
1 1 1 1 1 1 1 1 1 
1 1 1 1 1 1 1 1 1 
1 1 1 1 1 1 1 1 1 
1 1 1 1 1 1 1 1 1 
1 1 1 1 1 1 1 1 1 
1 1 1 1 1 1 1 1 1 
1 1 1 1 1 1 1 1 1 
1 1 1 1 1 1 1 1 1 
1 1 1 1 1 1 1 1 1 
1 1 1 1 1 1 1 1 1 
1 1 1 1 1 1 1 1 1 
1 1 1 1 1 1 1 1 1 
1 1 1 1 1 1 1 1 1 
1 1 1 1 1 1 1 1 1 
1 1 1 1 1 1 1 1 1 
1 1 1 1 1 1 1 1 1 
1 1 1 1 1 1 1 1 1 
1 1 1 1 1 1 1 1 1 
1 1 1 1 1 1 1 1 1 
1 1 1 1 1 1 1 1 1 
1 1 1 1 1 1 1 1 1 
1 1 1 1 1 1 1 1 1 
1 1 1 1 1 1 1 1 1 
1 1 1 1 1 1 1 1 1 
1 1 1 1 1 1 1 1 1 
1 1 1 1 1 1 1 1 1 
1 1 1 1 1 1 1 1 1 
1 1 1 1 1 1 1 1 1 
1 1 1 1 1 1 1 1 1 
1 1 1 1 1 1 1 1 1 
1 1 1 1 1 1 1 1 1 
1 1 1 1 1 1 1 1 1 
1 1 1 1 1 1 1 1 1 
1 1 1 1 1 1 1 1 1 
1 1 1 1 1 1 1 1 1 
1 1 1 1 1 1 1 1 1 
1 1 1 1 1 1 1 1 1 
1 1 1 1 1 1 1 1 1 
1 1 1 1 1 1 1 1 1 
1 1 1 1 1 1 1 1 1 
1 1 1 1 1 1 1 1 1 
1 1 1 1 1 1 1 1 1 
1 1 1 1 1 1 1 1 1 
1 1 1 1 1 1 1 1 1 
1 1 1 1 1 1 1 1 1 
1 1 1 1 1 1 1 1 1 
1 1 1 1 1 1 1 1 1 
1 1 1 1 1 1 1 1 1 
1 1 1 1 1 1 1 1 1 
1 1 1 1 1 1 1 1 1 
1 1 1 1 1 1 1 1 1 
1 1 1 1 1 1 1 1 1 
1 1 1 1 1 1 1 1 1 
1 1 1 1 1 1 1 1 1 
1 1 1 1 1 1 1 1 1 
1 1 1 1 1 1 1 1 1 
1 1 1 1 1 1 1 1 1 
1 1 1 1 1 1 1 1 1 
1 1 1 1 1 1 1 1 1 
1 1 1 1 1 1 1 1 1 
1 1 1 1 1 1 1 1 1 
1 1 1 1 1 1 1 1 1 
1 1 1 1 1 1 1 1 1 
1 1 1 1 1 1 1 1 1 
1 1 1 1 1 1 1 1 1 
1 1 1 1 1 1 1 1 1 
1 1 1 1 1 1 1 1 1 
1 1 1 1 1 1 1 1 1 
1 1 1 1 1 1 1 1 1 
1 1 1 1 1 1 1 1 1 
1 1 1 1 1 1 1 1 1 
1 1 1 1 1 1 1 1 1 
1 1 1 1 1 1 1 1 1 
1 1 1 1 1 1 1 1 1 
1 1 1 1 1 1 1 1 1 
1 1 1 1 1 1 1 1 1 
1 1 1 1 1 1 1 1 1 
1 1 1 1 1 1 1 1 1 
1 1 1 1 1 1 1 1 1 
1 1 1 1 1 1 1 1 1 
1 1 1 1 1 1 1 1 1 
1 1 1 1 1 1 1 1 1 
1 1 1 1 1 1 1 1 1 
1 1 1 1 1 1 1 1 1 
1 1 1 1 1 1 1 1 1 
1 1 1 1 1 1 1 1 1 
1 1 1 1 1 1 1 1 1 
1 1 1 1 1 1 1 1 1 
1 1 1 1 1 1 1 1 1 
1 1 1 1 1 1 1 1 1 
1 1 1 1 1 1 1 1 1 
1 1 1 1 1 1 1 1 1 
1 1 1 1 1 1 1 1 1 
1 1 1 1 1 1 1 1 1 
1 1 1 1 1 1 1 1 1 
1 1 1 1 1 1 1 1 1 
1 1 1 1 1 1 1 1 1 
1 1 1 1 1 1 1 1 1 
1 1 1 1 1 1 1 1 1 
1 1 1 1 1 1 1 1 1 
1 1 1 1 1 1 1 1 1 
1 1 1 1 1 1 1 1 1 
1 1 1 1 1 1 1 1 1 
1 1 1 1 1 1 1 1 1 
1 1 1 1 1 1 1 1 1 
1 1 1 1 1 1 1 1 1 
1 1 1 1 1 1 1 1 1 
1 1 1 1 1 1 1 1 1 
1 1 1 1 1 1 1 1 1 
1 1 1 1 1 1 1 1 1 
1 1 1 1 1 1 1 1 1 
1 1 1 1 1 1 1 1 1 
1 1 1 1 1 1 1 1 1 
1 1 1 1 1 1 1 1 1 
1 1 1 1 1 1 1 1 1 
1 1 1 1 1 1 1 1 1 
1 1 1 1 1 1 1 1 1 
1 1 1 1 1 1 1 1 1 
1 1 1 1 1 1 1 1 1 
1 1 1 1 1 1 1 1 1 
1 1 1 1 1 1 1 1 1 
1 1 1 1 1 1 1 1 1 
1 1 1 1 1 1 1 1 1 
1 1 1 
