# vtk DataFile Version 5.1
vtk output
ASCII
DATASET POLYDATA
POINTS 3244 float
0.241129 0.0264825 0.655483 0.23973 0.0223499 0.634332 0.254101 0.036741 0.641595 
0.223895 0.0331336 0.644298 0.239664 0.0516574 0.672711 0.252636 0.0619159 0.658823 
0.208059 0.0439174 0.654263 0.209458 0.04805 0.675413 0.179252 0.0444426 0.678116 
0.177853 0.0403101 0.656966 0.149046 0.0408353 0.680819 0.147647 0.0367027 0.659669 
0.11884 0.0372279 0.683522 0.117441 0.0330953 0.662372 0.0886336 0.0336205 0.686225 
0.0872347 0.0294879 0.665075 0.0713991 0.0402717 0.67504 0.2368 0.0726997 0.668788 
0.206594 0.0690924 0.671491 0.190759 0.0798761 0.681457 0.177787 0.0696176 0.695344 
0.147581 0.0660102 0.698047 0.117375 0.0624028 0.70075 0.0871687 0.0587955 0.703453 
0.0555636 0.0510555 0.685006 0.0569625 0.0551881 0.706156 0.039728 0.0618393 0.694971 
0.174923 0.0906599 0.691422 0.159088 0.101444 0.701388 0.146116 0.0911851 0.715275 
0.11591 0.0875778 0.717978 0.0857037 0.0839704 0.720681 0.0554976 0.080363 0.723384 
0.0238925 0.0726231 0.704937 0.0252914 0.0767557 0.726087 0.00805692 0.0834068 0.714902 
0.143252 0.112227 0.711353 0.127417 0.123011 0.721319 0.114445 0.112753 0.735206 
0.0842388 0.109145 0.737909 0.0540326 0.105538 0.740612 0.0238265 0.101931 0.743315 
-0.00777863 0.0941906 0.724867 -0.00637964 0.0983232 0.746018 -0.0236142 0.104974 0.734833 
0.111581 0.133795 0.731284 0.0957455 0.144579 0.74125 0.0827738 0.13432 0.755137 
0.0525677 0.130713 0.75784 0.0223616 0.127106 0.760543 -0.00784459 0.123498 0.763246 
-0.0250791 0.130149 0.752061 0.0799099 0.155363 0.751215 0.0640744 0.166146 0.76118 
0.0511028 0.155888 0.775068 0.0208966 0.15228 0.777771 -0.00930954 0.148673 0.780474 
-0.0265441 0.155324 0.769289 0.0482388 0.17693 0.771146 0.0180327 0.173323 0.773849 
-0.0121735 0.169715 0.776552 0.362086 -0.0177031 0.567915 0.360687 -0.0218357 0.546764 
0.375057 -0.00744454 0.554027 0.33188 -0.0213105 0.570617 0.330481 -0.0254431 0.549467 
0.301674 -0.0249178 0.57332 0.300275 -0.0290504 0.55217 0.271467 -0.0285252 0.576023 
0.270068 -0.0326578 0.554873 0.254233 -0.021874 0.564838 0.360621 0.00747183 0.585143 
0.373592 0.0177304 0.571255 0.330415 0.00386446 0.587846 0.300209 0.000257084 0.590548 
0.270002 -0.00335029 0.593251 0.238397 -0.0110902 0.574804 0.239796 -0.00695766 0.595954 
0.20959 -0.010565 0.598657 0.208191 -0.0146976 0.577507 0.192356 -0.00391384 0.587472 
0.357757 0.0285142 0.581221 0.341921 0.0392979 0.591186 0.32895 0.0290394 0.605074 
0.298744 0.025432 0.607776 0.268537 0.0218246 0.610479 0.238331 0.0182173 0.613182 
0.208125 0.0146099 0.615885 0.17652 0.00686994 0.597438 0.177919 0.0110025 0.618588 
0.147713 0.00739516 0.621291 0.146314 0.00326257 0.600141 0.117507 0.00378779 0.623994 
0.116108 -0.000344804 0.602843 0.0873006 0.000180417 0.626696 0.0859016 -0.00395218 0.605546 
0.0700661 0.0068316 0.615512 0.327485 0.0542143 0.622302 0.340456 0.0644729 0.608414 
0.297279 0.0506069 0.625005 0.267073 0.0469996 0.627707 0.20666 0.0397848 0.633113 
0.176454 0.0361775 0.635816 0.146248 0.0325701 0.638519 0.116042 0.0289627 0.641222 
0.0858357 0.0253553 0.643925 0.0542305 0.0176154 0.625477 0.0556295 0.021748 0.646627 
0.0254234 0.0181406 0.64933 0.0240244 0.014008 0.62818 0.00818885 0.0247918 0.638146 
0.324621 0.0752567 0.61838 0.294415 0.0716493 0.621082 0.278579 0.0824331 0.631048 
0.265608 0.0721745 0.644935 0.0541646 0.0469229 0.663855 0.0239584 0.0433155 0.666558 
-0.0076467 0.0355756 0.648111 -0.00624771 0.0397082 0.669261 -0.0364539 0.0361008 0.671964 
-0.0378528 0.0319682 0.650814 -0.0536884 0.042752 0.660779 0.262744 0.0932168 0.641013 
0.232538 0.0896095 0.643716 0.20373 0.0901347 0.667569 0.216702 0.100393 0.653682 
0.0224935 0.0684905 0.683786 -0.00771266 0.0648831 0.686489 -0.0379188 0.0612757 0.689192 
-0.0551533 0.0679269 0.678007 0.200866 0.111177 0.663647 0.17066 0.10757 0.66635 
0.154825 0.118353 0.676315 -0.00917761 0.090058 0.703717 -0.0393838 0.0864507 0.70642 
-0.0709889 0.0787107 0.687973 -0.0695899 0.0828433 0.709123 -0.0868244 0.0894945 0.697938 
0.138989 0.129137 0.686281 0.123154 0.139921 0.696246 -0.0408487 0.111626 0.723648 
-0.0710548 0.108018 0.726351 -0.0882894 0.114669 0.715166 0.107318 0.150705 0.706212 
0.0914825 0.161489 0.716177 -0.0423137 0.136801 0.740876 -0.0595482 0.143452 0.729692 
-0.0739188 0.129061 0.722429 0.075647 0.172272 0.726143 0.0598114 0.183056 0.736108 
-0.030807 0.172234 0.744217 -0.0451776 0.157843 0.736954 0.0439759 0.19384 0.746074 
0.0137698 0.190233 0.748777 -0.0164364 0.186625 0.751479 0.389494 -0.0223609 0.522911 
0.388095 -0.0264935 0.501761 0.402466 -0.0121024 0.509024 0.359288 -0.0259683 0.525614 
0.357889 -0.0301009 0.504464 0.329082 -0.0295757 0.528317 0.327683 -0.0337083 0.507167 
0.298876 -0.033183 0.53102 0.297477 -0.0373156 0.50987 0.268669 -0.0367904 0.533723 
0.26727 -0.040923 0.512573 0.238463 -0.0403978 0.536426 0.237064 -0.0445304 0.515276 
0.221229 -0.0337466 0.525241 0.388029 0.00281401 0.54014 0.401001 0.0130726 0.526252 
0.236998 -0.0152228 0.553654 0.205393 -0.0229628 0.535206 0.206792 -0.0188302 0.556357 
0.176586 -0.0224376 0.55906 0.175187 -0.0265702 0.537909 0.14638 -0.026045 0.561762 
0.144981 -0.0301775 0.540612 0.129145 -0.0193938 0.550578 0.386564 0.0279889 0.557368 
0.399536 0.0382475 0.54348 0.175121 0.00273735 0.576288 0.144915 -0.000870025 0.57899 
0.11331 -0.00860999 0.560543 0.114709 -0.0044774 0.581693 0.0845027 -0.00808477 0.584396 
0.0831037 -0.0122174 0.563246 0.0672681 -0.00143358 0.573211 0.3837 0.0490313 0.553446 
0.354893 0.0495565 0.577299 0.367865 0.0598151 0.563411 0.0528316 0.0134828 0.604327 
0.0514326 0.0093502 0.583177 0.0226254 0.00987542 0.60703 0.0212264 0.00574283 0.58588 
-0.00758073 0.00626805 0.609733 -0.00897972 0.00213546 0.588583 -0.0377869 0.00266068 0.612436 
-0.0391859 -0.00147191 0.591285 -0.067993 -0.000946693 0.615138 -0.069392 -0.00507929 0.593988 
-0.0981992 -0.00455406 0.617841 -0.0995981 -0.00868666 0.596691 -0.128405 -0.00816143 0.620544 
-0.129804 -0.012294 0.599394 -0.14564 -0.00151025 0.609359 0.352029 0.0705988 0.573376 
0.336194 0.0813826 0.583342 -0.00904568 0.031443 0.626961 -0.0392518 0.0278356 0.629664 
-0.069458 0.0242282 0.632366 -0.0996641 0.0206209 0.635069 -0.12987 0.0170135 0.637772 
-0.161475 0.00927353 0.619325 -0.160076 0.0134061 0.640475 -0.177311 0.0200573 0.62929 
0.320358 0.0921664 0.593307 0.291551 0.0926916 0.61716 0.304522 0.10295 0.603273 
-0.0709229 0.0494032 0.649595 -0.101129 0.0457958 0.652297 -0.131335 0.0421884 0.655 
-0.14857 0.0488396 0.643816 -0.16294 0.0344485 0.636553 0.288687 0.113734 0.613238 
0.258481 0.110127 0.615941 0.228275 0.106519 0.618644 0.198068 0.102912 0.621347 
0.199467 0.107044 0.642497 0.182233 0.113696 0.631312 -0.0723879 0.0745781 0.666823 
-0.102594 0.0709707 0.669526 -0.119829 0.0776219 0.658341 -0.134199 0.0632308 0.651078 
0.166397 0.124479 0.641278 0.136191 0.120872 0.643981 0.13759 0.125005 0.665131 
0.120356 0.131656 0.653946 -0.105458 0.0920131 0.665603 -0.0910873 0.106404 0.672866 
0.10452 0.14244 0.663912 0.105919 0.146572 0.685062 0.0886846 0.153223 0.673877 
-0.0925523 0.131579 0.690094 0.0872196 0.178398 0.691105 -0.0638111 0.160361 0.704619 
-0.0781817 0.14597 0.697357 0.0713841 0.189182 0.701071 0.0411779 0.185575 0.703773 
0.0425769 0.189707 0.724924 0.0109718 0.181967 0.706476 0.0123708 0.1861 0.727626 
-0.0192344 0.17836 0.709179 -0.0178354 0.182493 0.730329 -0.0494405 0.174753 0.711882 
0.357955 -0.0594084 0.466086 0.356556 -0.063541 0.444936 0.370926 -0.0491498 0.452198 
0.327749 -0.0630158 0.468789 0.32635 -0.0671484 0.447639 0.297543 -0.0666231 0.471492 
0.296144 -0.0707557 0.450341 0.280308 -0.059972 0.460307 0.35649 -0.0342335 0.483314 
0.369462 -0.0239749 0.469426 0.326284 -0.0378408 0.486017 0.296078 -0.0414482 0.48872 
0.264472 -0.0491882 0.470272 0.265871 -0.0450556 0.491423 0.235665 -0.048663 0.494125 
0.234266 -0.0527955 0.472975 0.218431 -0.0420118 0.482941 0.383832 -0.00958376 0.476689 
0.398203 0.00480739 0.483952 0.203994 -0.0270954 0.514056 0.202595 -0.031228 0.492906 
0.173788 -0.0307028 0.516759 0.172389 -0.0348354 0.495609 0.156554 -0.0240516 0.505574 
0.396738 0.0299823 0.50118 0.140718 -0.0132678 0.51554 0.111911 -0.0127426 0.539393 
0.110512 -0.0168752 0.518243 0.0817047 -0.01635 0.542096 0.0803057 -0.0204825 0.520946 
0.0644701 -0.00969876 0.530911 -0.0995322 -0.0379942 0.558313 -0.100931 -0.0421268 0.537163 
-0.0865606 -0.0277356 0.544425 -0.129738 -0.0416015 0.561016 -0.131137 -0.0457341 0.539866 
-0.146973 -0.0349504 0.549831 0.395273 0.0551572 0.518408 0.0500336 0.00521761 0.562027 
0.0486346 0.00108502 0.540877 0.0198274 0.00161024 0.56473 0.0184285 -0.00252236 0.543579 
-0.0103787 -0.00199713 0.567432 -0.0117777 -0.00612973 0.546282 -0.0405848 -0.00560451 0.570135 
-0.0419838 -0.0097371 0.548985 -0.070791 -0.00921188 0.572838 -0.07219 -0.0133445 0.551688 
-0.100997 -0.0128192 0.575541 -0.131203 -0.0164266 0.578244 -0.148438 -0.00977543 0.567059 
0.379437 0.065941 0.528373 0.363602 0.0767248 0.538339 -0.162874 0.00514094 0.598175 
-0.164273 0.00100835 0.577025 -0.180109 0.0117921 0.58699 0.347766 0.0875086 0.548304 
0.331931 0.0982924 0.55827 -0.164339 0.0303159 0.615403 -0.151368 0.0405744 0.601515 
-0.165738 0.0261833 0.594253 0.316095 0.109076 0.568235 0.285889 0.105469 0.570938 
0.287288 0.109601 0.592088 0.270053 0.116253 0.580903 -0.135598 0.0590982 0.629928 
-0.122627 0.0693567 0.61604 -0.136997 0.0549656 0.608778 0.254218 0.127036 0.590869 
0.224012 0.123429 0.593572 0.193806 0.119822 0.596275 0.17797 0.130605 0.60624 
-0.124091 0.0945317 0.633269 0.162134 0.141389 0.616206 0.131928 0.137782 0.618908 
0.116093 0.148566 0.628874 -0.0953503 0.123314 0.647794 -0.109721 0.108923 0.640531 
0.100257 0.159349 0.638839 0.0844217 0.170133 0.648805 -0.0795807 0.141838 0.676207 
-0.0666091 0.152096 0.662319 -0.0809797 0.137705 0.655056 0.0685861 0.180917 0.65877 
0.0699851 0.185049 0.67992 0.0527506 0.191701 0.668736 -0.0206333 0.174227 0.688029 
-0.00766172 0.184486 0.674141 -0.0220323 0.170095 0.666879 -0.0522385 0.166487 0.669582 
-0.0508395 0.17062 0.690732 0.036915 0.202484 0.678701 0.00670887 0.198877 0.681404 
0.29621 -0.100063 0.411963 0.294811 -0.104196 0.390813 0.309181 -0.0898047 0.398076 
0.278975 -0.0934121 0.400779 0.355157 -0.0676736 0.423786 0.353758 -0.0718062 0.402635 
0.368128 -0.057415 0.409898 0.324951 -0.071281 0.426488 0.323552 -0.0754135 0.405338 
0.294745 -0.0748883 0.429191 0.263139 -0.0826283 0.410744 0.264538 -0.0784957 0.431894 
0.247304 -0.0718445 0.420709 0.366664 -0.0322401 0.427126 0.263073 -0.0533208 0.449122 
0.231468 -0.0610607 0.430675 0.232867 -0.0569281 0.451825 0.215633 -0.050277 0.44064 
0.365199 -0.00706517 0.444354 0.201196 -0.0353606 0.471756 0.199797 -0.0394932 0.450606 
0.17099 -0.038968 0.474459 0.169591 -0.0431005 0.453309 0.153756 -0.0323168 0.463274 
-0.131071 -0.0750417 0.501487 -0.13247 -0.0791743 0.480337 -0.1181 -0.0647831 0.4876 
-0.161277 -0.078649 0.50419 -0.162676 -0.0827816 0.48304 -0.178512 -0.0719979 0.493005 
0.380968 0.0114586 0.472767 0.363734 0.0181098 0.461582 0.139319 -0.0174004 0.49439 
0.13792 -0.021533 0.47324 0.109113 -0.0210078 0.497093 0.107714 -0.0251404 0.475942 
0.0789067 -0.0246151 0.499795 0.0775077 -0.0287477 0.478645 0.0616722 -0.0179639 0.488611 
-0.072124 -0.042652 0.51331 -0.073523 -0.0467846 0.49216 -0.0591524 -0.0323934 0.499422 
-0.10233 -0.0462594 0.516013 -0.103729 -0.050392 0.494862 -0.132536 -0.0498667 0.518715 
-0.162742 -0.0534741 0.521418 -0.179977 -0.0468229 0.510234 0.379503 0.0366335 0.489995 
0.362269 0.0432847 0.47881 0.0472356 -0.00304758 0.519726 0.0458366 -0.00718017 0.498576 
0.0170295 -0.00665495 0.522429 0.0156305 -0.0107875 0.501279 -0.0131767 -0.0102623 0.525132 
-0.0145757 -0.0143949 0.503982 -0.0433828 -0.0138697 0.527835 -0.0447818 -0.0180023 0.506685 
-0.073589 -0.0174771 0.530538 -0.164207 -0.0282992 0.538646 -0.181442 -0.021648 0.527462 
0.378038 0.0618084 0.507223 0.360804 0.0684596 0.496038 -0.165672 -0.00312424 0.555874 
-0.197277 -0.0108642 0.537427 -0.195878 -0.00673162 0.558577 -0.213113 -8.04281e-05 0.547393 
0.359339 0.0936346 0.513267 -0.198742 0.0143107 0.554655 -0.184372 0.0287019 0.561918 
0.343503 0.104418 0.523232 0.327668 0.115202 0.533197 -0.155631 0.0574842 0.576443 
-0.170001 0.043093 0.56918 0.311832 0.125986 0.543163 0.281626 0.122379 0.545866 
0.25142 0.118771 0.548569 0.252819 0.122904 0.569719 0.235584 0.129555 0.558534 
-0.126889 0.0862665 0.590968 -0.14126 0.0718753 0.583706 0.219749 0.140339 0.5685 
0.189543 0.136731 0.571202 0.159336 0.133124 0.573905 0.160735 0.137257 0.595055 
0.143501 0.143908 0.583871 -0.128354 0.111441 0.608196 0.127665 0.154692 0.593836 
0.0974592 0.151084 0.596539 0.0988582 0.155217 0.617689 0.0816237 0.161868 0.606504 
-0.0996132 0.140224 0.622721 -0.113984 0.125833 0.615459 0.0657881 0.172652 0.61647 
0.0671871 0.176784 0.63762 0.0499526 0.183435 0.626435 -0.070872 0.169006 0.637247 
-0.0852426 0.154615 0.629984 0.0341171 0.194219 0.636401 0.035516 0.198352 0.657551 
0.00391091 0.190612 0.639104 0.00530989 0.194744 0.660254 -0.0262952 0.187005 0.641806 
-0.0565014 0.183397 0.644509 0.263205 -0.111936 0.372366 0.261806 -0.116068 0.351216 
0.276177 -0.101677 0.358478 0.232999 -0.115543 0.375069 0.2316 -0.119676 0.353918 
0.215765 -0.108892 0.363884 0.290548 -0.0872861 0.365741 0.304918 -0.072895 0.373003 
0.26174 -0.0867609 0.389594 0.231534 -0.0903683 0.392297 0.199929 -0.0981082 0.373849 
0.201328 -0.0939756 0.395 0.184094 -0.0873244 0.383815 -0.100733 -0.130049 0.422028 
-0.102132 -0.134182 0.400878 -0.0877617 -0.119791 0.40814 -0.117968 -0.123398 0.410843 
0.350894 -0.0507638 0.398713 0.333659 -0.0441127 0.387529 0.319289 -0.0585038 0.380266 
0.230069 -0.0651933 0.409525 0.199863 -0.0688007 0.412228 0.168258 -0.0765407 0.39378 
0.169657 -0.0724081 0.41493 0.139451 -0.0760154 0.417633 0.138052 -0.080148 0.396483 
0.122216 -0.0693642 0.406449 -0.0115798 -0.0940523 0.431148 -0.0129788 -0.0981849 0.409997 
0.00139182 -0.0837937 0.41726 -0.0417859 -0.0976597 0.43385 -0.0431849 -0.101792 0.4127 
-0.0719921 -0.101267 0.436553 -0.0733911 -0.1054 0.415403 -0.102198 -0.104874 0.439256 
-0.133803 -0.112614 0.420809 -0.132404 -0.108482 0.441959 -0.162611 -0.112089 0.444662 
-0.164009 -0.116222 0.423512 -0.179845 -0.105438 0.433477 0.349429 -0.0255889 0.415941 
0.332194 -0.0189377 0.404757 0.198398 -0.0436258 0.429456 0.168192 -0.0472331 0.432159 
0.137986 -0.0508405 0.434861 0.106381 -0.0585805 0.416414 0.10778 -0.0544479 0.437564 
0.0775737 -0.0580552 0.440267 0.0761747 -0.0621878 0.419117 0.0473676 -0.0616626 0.44297 
0.0459686 -0.0657952 0.42182 0.0171614 -0.06527 0.445673 0.0157624 -0.0694026 0.424523 
-0.0130447 -0.0688774 0.448376 -0.0432509 -0.0724847 0.451078 -0.073457 -0.0760921 0.453781 
-0.103663 -0.0796995 0.456484 -0.133869 -0.0833068 0.459187 -0.164075 -0.0869142 0.46189 
-0.195681 -0.0946542 0.443443 -0.194282 -0.0905216 0.464593 -0.224488 -0.094129 0.467296 
-0.225887 -0.0982616 0.446145 -0.241722 -0.0874778 0.456111 0.346565 -0.00454657 0.412019 
0.360936 0.00984458 0.419282 0.136521 -0.0256656 0.452089 0.106315 -0.0292729 0.454792 
0.0761087 -0.0328803 0.457495 0.0459026 -0.0364877 0.460198 0.0156965 -0.0400951 0.462901 
-0.0145097 -0.0437024 0.465604 -0.0447158 -0.0473098 0.468307 -0.074922 -0.0509172 0.471009 
-0.105128 -0.0545245 0.473712 -0.195747 -0.0653467 0.481821 -0.212981 -0.0586955 0.470636 
-0.227352 -0.0730866 0.463373 0.3451 0.0206284 0.429247 0.346499 0.024761 0.450398 
0.329265 0.0314121 0.439213 0.0444377 -0.0113128 0.477426 0.0142315 -0.0149201 0.480129 
-0.0159746 -0.0185275 0.482832 -0.0461808 -0.0221349 0.485535 -0.197212 -0.0401717 0.499049 
-0.214446 -0.0335205 0.487864 -0.257624 -0.0473865 0.504455 -0.259023 -0.0515191 0.483304 
-0.244652 -0.0371279 0.490567 -0.274858 -0.0407353 0.49327 0.345034 0.0499359 0.467626 
0.3278 0.0565871 0.456441 -0.198676 -0.0149968 0.516277 -0.230282 -0.0227368 0.49783 
-0.228883 -0.0186042 0.51898 -0.260488 -0.0263441 0.500532 -0.246117 -0.011953 0.507795 
0.343569 0.0751108 0.484854 0.326335 0.081762 0.473669 -0.200141 0.0101781 0.533505 
-0.18717 0.0204367 0.519617 -0.20154 0.00604554 0.512355 -0.231747 0.00243817 0.515058 
0.342104 0.100286 0.502082 0.310499 0.0925458 0.483634 0.311898 0.0966784 0.504785 
0.294664 0.10333 0.4936 -0.1714 0.0389604 0.54803 -0.158429 0.049219 0.534143 
-0.172799 0.0348278 0.52688 0.310433 0.121853 0.522013 0.278828 0.114113 0.503565 
0.280227 0.118246 0.524716 0.262993 0.124897 0.513531 -0.159894 0.0743939 0.551371 
0.247157 0.135681 0.523496 0.216951 0.132074 0.526199 0.21835 0.136206 0.547349 
0.186745 0.128466 0.528902 0.188144 0.132599 0.550052 0.170909 0.13925 0.538867 
-0.131152 0.103176 0.565896 -0.145523 0.0887851 0.558633 0.155074 0.150034 0.548833 
0.139238 0.160817 0.558798 -0.115383 0.1217 0.594309 -0.102411 0.131959 0.580421 
-0.116782 0.117567 0.573159 0.123402 0.171601 0.568764 0.0931963 0.167994 0.571467 
0.0773608 0.178778 0.581432 -0.103876 0.157133 0.597649 0.0615252 0.189561 0.591398 
0.0313191 0.185954 0.5941 0.0327181 0.190087 0.615251 0.0154835 0.196738 0.604066 
-0.0579004 0.179265 0.623359 -0.0449288 0.189523 0.609472 -0.0592993 0.175132 0.602209 
-0.0895055 0.171525 0.604912 -0.000352008 0.207522 0.614031 -0.0305582 0.203914 0.616734 
0.199995 -0.127416 0.335471 0.198596 -0.131548 0.314321 0.212967 -0.117157 0.321584 
0.169789 -0.131023 0.338174 0.16839 -0.135156 0.317024 0.139583 -0.13463 0.340877 
0.138184 -0.138763 0.319727 0.122348 -0.127979 0.329692 0.258942 -0.0950261 0.347294 
0.241708 -0.0883749 0.336109 0.227337 -0.102766 0.328846 0.19853 -0.102241 0.352699 
0.168324 -0.105848 0.355402 0.138118 -0.109456 0.358105 0.106513 -0.117196 0.339658 
0.107912 -0.113063 0.360808 0.0906772 -0.106412 0.349623 -0.0733251 -0.134707 0.377025 
-0.0747241 -0.13884 0.355875 -0.0603535 -0.124449 0.363137 -0.103531 -0.138315 0.379728 
-0.10493 -0.142447 0.358578 -0.120766 -0.131663 0.368543 0.286285 -0.0703764 0.340669 
0.300655 -0.0559852 0.347931 0.256079 -0.0739837 0.343371 0.166859 -0.0806732 0.37263 
0.136653 -0.0842806 0.375333 0.106447 -0.087888 0.378036 0.0748417 -0.095628 0.359589 
0.0762407 -0.0914954 0.380739 0.0590061 -0.0848442 0.369554 -0.0143778 -0.102317 0.388847 
-0.0157767 -0.10645 0.367697 -0.00140614 -0.0920589 0.37496 -0.0445839 -0.105925 0.39155 
-0.0459829 -0.110057 0.3704 -0.07479 -0.109532 0.394253 -0.135202 -0.116747 0.399659 
-0.136601 -0.12088 0.378508 -0.165408 -0.120354 0.402361 -0.166807 -0.124487 0.381211 
-0.182643 -0.113703 0.391177 0.316425 -0.0374615 0.376344 0.29919 -0.0308103 0.365159 
0.104982 -0.0627131 0.395264 0.0747757 -0.0663204 0.397967 0.0431706 -0.0740604 0.379519 
0.0445696 -0.0699278 0.40067 0.0143634 -0.0735352 0.403372 0.0129645 -0.0776678 0.382222 
-0.19708 -0.0987868 0.422292 -0.198479 -0.102919 0.401142 -0.227286 -0.102394 0.424995 
-0.228685 -0.106527 0.403845 -0.24452 -0.095743 0.413811 0.313561 -0.0164191 0.372422 
0.327932 -0.00202798 0.379684 -0.258957 -0.0808266 0.444926 -0.260356 -0.0849592 0.423776 
-0.276191 -0.0741754 0.433741 0.343701 0.0164958 0.408097 0.326467 0.023147 0.396913 
-0.230216 -0.0520443 0.459451 -0.260422 -0.0556517 0.462154 -0.277656 -0.0490005 0.45097 
0.310631 0.0339307 0.406878 0.31203 0.0380633 0.428028 0.294796 0.0447145 0.416843 
-0.231681 -0.0268694 0.476679 -0.261887 -0.0304767 0.479382 -0.263286 -0.0346093 0.458232 
-0.248915 -0.0202182 0.465495 0.310565 0.0632383 0.445256 0.293331 0.0698894 0.434072 
-0.233146 -0.00169442 0.493908 -0.220174 0.00856413 0.48002 -0.234545 -0.00582702 0.472757 
0.3091 0.0884132 0.462484 0.277495 0.0806732 0.444037 0.278894 0.0848058 0.465187 
0.261659 0.091457 0.454002 -0.191433 0.0373464 0.494545 -0.205803 0.0229553 0.487283 
0.277429 0.109981 0.482415 0.260195 0.116632 0.471231 -0.162692 0.0661287 0.50907 
-0.177062 0.0517376 0.501808 0.244359 0.127416 0.481196 0.245758 0.131548 0.502346 
0.228523 0.138199 0.491161 -0.146922 0.0846525 0.537483 -0.13395 0.094911 0.523596 
-0.148321 0.0805199 0.516333 0.212688 0.148983 0.501127 0.182482 0.145376 0.50383 
0.166646 0.15616 0.513795 -0.135415 0.120086 0.540824 0.150811 0.166943 0.523761 
0.120605 0.163336 0.526464 0.122003 0.167469 0.547614 0.104769 0.17412 0.536429 
-0.106674 0.148868 0.555349 -0.121045 0.134477 0.548086 0.0889334 0.184904 0.546394 
0.0587273 0.181296 0.549097 0.0601262 0.185429 0.570247 0.0428917 0.19208 0.559063 
-0.0909045 0.167392 0.583762 -0.0779329 0.177651 0.569874 -0.0923035 0.163259 0.562612 
0.0270562 0.202864 0.569028 -0.00314997 0.199256 0.571731 -0.00175099 0.203389 0.592881 
-0.0333561 0.195649 0.574434 -0.0319571 0.199782 0.595584 -0.0635623 0.192042 0.577137 
0.194333 -0.114639 0.289249 0.208704 -0.100247 0.296511 0.164127 -0.118246 0.291952 
0.133921 -0.121853 0.294654 0.105114 -0.121328 0.318507 0.103715 -0.125461 0.297357 
0.0878793 -0.114677 0.307323 0.223074 -0.0858563 0.303774 0.237445 -0.0714651 0.311037 
0.0734427 -0.0997605 0.338438 0.0720437 -0.103893 0.317288 0.0432366 -0.103368 0.341141 
0.0418376 -0.107501 0.319991 0.026002 -0.0967167 0.329957 -0.0473819 -0.11419 0.34925 
-0.0487809 -0.118323 0.3281 -0.0344103 -0.103931 0.335362 -0.078987 -0.12193 0.330802 
-0.109193 -0.125537 0.333505 -0.138 -0.125012 0.357358 -0.139399 -0.129145 0.336208 
-0.168206 -0.12862 0.360061 -0.169605 -0.132752 0.338911 -0.185441 -0.121968 0.348876 
0.283421 -0.049334 0.336746 0.266186 -0.0426828 0.325562 0.251816 -0.057074 0.318299 
0.0417716 -0.078193 0.358369 0.0101665 -0.085933 0.339922 0.0115655 -0.0818004 0.361072 
-0.0200397 -0.0895403 0.342625 -0.199878 -0.107052 0.379992 -0.201277 -0.111185 0.358842 
-0.217112 -0.100401 0.368807 0.281956 -0.0241591 0.353975 0.264721 -0.0175079 0.34279 
-0.232948 -0.089617 0.378773 -0.261755 -0.0890918 0.402626 -0.263154 -0.0932244 0.381476 
-0.278989 -0.0824406 0.391441 0.310697 0.00462321 0.3685 0.293462 0.0112744 0.357315 
0.279092 -0.00311675 0.350052 -0.280454 -0.0572657 0.408669 0.309232 0.0297981 0.385728 
0.291998 0.0364493 0.374543 -0.264685 -0.0387419 0.437082 -0.251713 -0.0284834 0.423194 
-0.266084 -0.0428745 0.415932 0.290533 0.0616243 0.391771 -0.235943 -0.00995961 0.451607 
-0.222972 0.00029895 0.43772 -0.237342 -0.0140922 0.430457 0.274697 0.072408 0.401737 
0.276096 0.0765406 0.422887 0.258862 0.0831918 0.411702 -0.224437 0.0254739 0.454948 
0.243026 0.0939756 0.421668 0.244425 0.0981082 0.442818 0.22719 0.104759 0.431633 
-0.195696 0.0542562 0.469473 -0.210066 0.039865 0.46221 0.24296 0.123283 0.460046 
0.211355 0.115543 0.441599 0.212754 0.119676 0.462749 0.195519 0.126327 0.451564 
-0.166954 0.0830385 0.483998 -0.181325 0.0686473 0.476736 0.211289 0.144851 0.479977 
0.179684 0.137111 0.461529 0.181083 0.141243 0.48268 0.163848 0.147895 0.471495 
-0.138213 0.111821 0.498523 -0.152584 0.0974296 0.491261 0.148013 0.158678 0.48146 
0.149412 0.162811 0.502611 0.132177 0.169462 0.491426 -0.122444 0.130345 0.526936 
-0.109472 0.140603 0.513049 -0.123843 0.126212 0.505786 0.116342 0.180246 0.501391 
0.0861354 0.176638 0.504094 0.0875344 0.180771 0.525244 0.0559293 0.173031 0.506797 
0.0573283 0.177164 0.527947 0.0400937 0.183815 0.516762 -0.110937 0.165778 0.530277 
0.0242582 0.194599 0.526728 0.0256572 0.198731 0.547878 0.00842266 0.205382 0.536693 
-0.0649612 0.187909 0.555987 -0.0519896 0.198168 0.542099 -0.0663602 0.183777 0.534836 
-0.0965664 0.180169 0.537539 -0.00741289 0.216166 0.546659 -0.037619 0.212559 0.549362 
0.191469 -0.0935962 0.285327 0.174235 -0.0869451 0.274142 0.159864 -0.101336 0.266879 
0.129658 -0.104944 0.269582 0.0994519 -0.108551 0.272285 0.0706447 -0.108026 0.296138 
0.0692458 -0.112158 0.274988 0.0534102 -0.101375 0.284953 -0.080386 -0.126063 0.309652 
-0.081785 -0.130195 0.288502 -0.0674144 -0.115804 0.295765 -0.110592 -0.12967 0.312355 
-0.111991 -0.133803 0.291205 -0.140798 -0.133277 0.315058 -0.142197 -0.13741 0.293908 
-0.158033 -0.126626 0.303873 0.220211 -0.0648139 0.299852 0.202976 -0.0581628 0.288667 
0.188605 -0.0725539 0.281405 0.0375747 -0.0905908 0.294919 0.00876751 -0.0900655 0.318772 
0.00736852 -0.0941981 0.297622 -0.0214386 -0.0936729 0.321475 -0.0228376 -0.0978055 0.300324 
-0.0530438 -0.101413 0.303027 -0.173868 -0.115842 0.313839 -0.189704 -0.105059 0.323804 
0.248952 -0.0360316 0.314377 0.231717 -0.0293805 0.303192 0.217347 -0.0437716 0.29593 
-0.205539 -0.0942748 0.33377 -0.234347 -0.0937496 0.357623 -0.235746 -0.0978822 0.336473 
-0.264553 -0.097357 0.360326 -0.265952 -0.10149 0.339175 -0.281787 -0.0907058 0.349141 
0.246088 -0.0149893 0.310455 0.260458 -0.000598156 0.317718 -0.296224 -0.0757894 0.380256 
-0.297623 -0.079922 0.359106 -0.313458 -0.0691382 0.369072 0.276228 0.0179256 0.34613 
0.258993 0.0245768 0.334946 -0.284717 -0.0403559 0.383597 -0.299088 -0.0547471 0.376334 
0.274763 0.0431005 0.363358 0.257528 0.0497517 0.352174 -0.255976 -0.0115736 0.398122 
-0.270347 -0.0259648 0.39086 0.273298 0.0682754 0.380587 0.256064 0.0749266 0.369402 
-0.227235 0.0172087 0.412647 -0.241605 0.00281755 0.405385 0.240228 0.0857104 0.379367 
0.241627 0.089843 0.400517 0.224392 0.0964942 0.389333 -0.2287 0.0423836 0.429875 
0.208557 0.107278 0.399298 0.209956 0.111411 0.420448 0.192721 0.118062 0.409264 
-0.199959 0.0711659 0.444401 -0.214329 0.0567748 0.437138 0.176886 0.128846 0.419229 
0.178285 0.132978 0.440379 0.16105 0.139629 0.429195 -0.171217 0.0999482 0.458926 
-0.185588 0.0855571 0.451663 0.145215 0.150413 0.43916 0.146614 0.154546 0.46031 
0.129379 0.161197 0.449125 -0.142476 0.128731 0.473451 -0.156847 0.114339 0.466189 
0.113544 0.171981 0.459091 0.114943 0.176113 0.480241 0.0833375 0.168373 0.461794 
0.0847365 0.172506 0.482944 0.0675019 0.179157 0.471759 -0.113735 0.157513 0.487976 
-0.128106 0.143122 0.480714 0.0516664 0.189941 0.481725 0.0214602 0.186333 0.484428 
0.0228592 0.190466 0.505578 0.00562469 0.197117 0.494393 -0.0979654 0.176037 0.516389 
-0.0849937 0.186295 0.502502 -0.0993643 0.171904 0.495239 -0.0102109 0.207901 0.504359 
-0.00881187 0.212034 0.525509 -0.040417 0.204294 0.507061 -0.039018 0.208426 0.528212 
-0.0706231 0.200686 0.509764 0.128259 -0.109076 0.248432 0.12686 -0.113209 0.227282 
0.141231 -0.0988176 0.234544 0.0980529 -0.112684 0.251135 0.0966539 -0.116816 0.229985 
0.0678468 -0.116291 0.253838 0.0664478 -0.120424 0.232688 0.0506122 -0.10964 0.242653 
0.155601 -0.0844265 0.241807 0.169972 -0.0700353 0.24907 0.0361757 -0.0947234 0.273769 
0.0347767 -0.0988559 0.252618 0.00596954 -0.0983307 0.276471 0.00457055 -0.102463 0.255321 
-0.0242366 -0.101938 0.279174 -0.0256356 -0.106071 0.258024 -0.0544428 -0.105545 0.281877 
-0.0558417 -0.109678 0.260727 -0.0860479 -0.113285 0.26343 -0.116254 -0.116893 0.266133 
-0.14646 -0.1205 0.268836 -0.175267 -0.119975 0.292689 -0.176666 -0.124108 0.271538 
-0.192502 -0.113324 0.281504 0.185741 -0.0515116 0.277482 0.168507 -0.0448604 0.266298 
-0.206938 -0.0984074 0.31262 -0.208337 -0.10254 0.291469 -0.224173 -0.0917562 0.301435 
0.214483 -0.0227293 0.292008 0.197248 -0.0160781 0.280823 0.182878 -0.0304692 0.27356 
-0.240009 -0.0809724 0.3114 -0.270215 -0.0845798 0.314103 -0.299022 -0.0840546 0.337956 
-0.300421 -0.0881872 0.316806 -0.316256 -0.0774034 0.326771 0.243224 0.00605303 0.306533 
0.225989 0.0127042 0.295348 0.211619 -0.00168693 0.288086 -0.317721 -0.0522285 0.343999 
0.24036 0.0270954 0.302611 0.254731 0.0414865 0.309873 -0.28898 -0.0234462 0.358525 
-0.303351 -0.0378373 0.351262 0.238895 0.0522703 0.319839 0.240294 0.0564029 0.340989 
0.223059 0.0630541 0.329804 -0.260239 0.00533614 0.37305 -0.274609 -0.00905501 0.365787 
0.238829 0.0815778 0.358217 0.221594 0.088229 0.347032 -0.231498 0.0341184 0.387575 
-0.245868 0.0197273 0.380313 0.205759 0.0990128 0.356998 0.207158 0.103145 0.378148 
0.189923 0.109797 0.366963 -0.215728 0.0526422 0.415988 -0.202756 0.0629007 0.4021 
-0.217127 0.0485096 0.394838 0.174088 0.12058 0.376929 0.175487 0.124713 0.398079 
0.158252 0.131364 0.386894 -0.204221 0.0880757 0.419328 0.156787 0.156539 0.404122 
-0.17548 0.116858 0.433854 -0.189851 0.102467 0.426591 0.140952 0.167323 0.414088 
0.110746 0.163715 0.416791 0.112145 0.167848 0.437941 0.0949101 0.174499 0.426756 
-0.146739 0.14564 0.448379 -0.16111 0.131249 0.441116 0.0790746 0.185283 0.436722 
0.0488684 0.181676 0.439424 0.0502674 0.185808 0.460575 0.0330329 0.192459 0.44939 
-0.117998 0.174423 0.462904 -0.132368 0.160031 0.455642 0.0171973 0.203243 0.459355 
-0.0130088 0.199636 0.462058 -0.0116098 0.203768 0.483208 -0.043215 0.196028 0.464761 
-0.041816 0.200161 0.485911 -0.0734211 0.192421 0.467464 -0.0720221 0.196554 0.488614 
-0.103627 0.188814 0.470167 0.123996 -0.0921664 0.22336 0.106762 -0.0855152 0.212175 
0.092391 -0.0999064 0.204912 0.0621849 -0.103514 0.207615 0.0333777 -0.102989 0.231468 
0.0319787 -0.107121 0.210318 0.00317157 -0.106596 0.234171 0.00177259 -0.110729 0.213021 
-0.0270346 -0.110203 0.236874 -0.0284336 -0.114336 0.215724 -0.0572407 -0.113811 0.239577 
-0.0586397 -0.117943 0.218427 -0.0874469 -0.117418 0.24228 -0.0888458 -0.121551 0.22113 
-0.117653 -0.121025 0.244983 -0.119052 -0.125158 0.223832 -0.134888 -0.114374 0.233798 
0.152737 -0.0633841 0.237885 0.135503 -0.0567329 0.2267 0.121132 -0.0711241 0.219438 
-0.150723 -0.10359 0.243763 -0.180929 -0.107198 0.246466 -0.196765 -0.096414 0.256432 
0.149873 -0.0423418 0.233963 0.164244 -0.0279506 0.241226 -0.2126 -0.0856302 0.266397 
-0.241407 -0.085105 0.29025 -0.242806 -0.0892376 0.2691 -0.271614 -0.0887124 0.292953 
-0.273013 -0.092845 0.271803 -0.30182 -0.0923198 0.295656 -0.303219 -0.0964524 0.274506 
-0.319054 -0.0856686 0.284471 0.178615 -0.0135595 0.248488 0.192985 0.000831664 0.255751 
-0.320519 -0.0604936 0.301699 0.207356 0.0152228 0.263013 0.221726 0.029614 0.270276 
-0.321984 -0.0353187 0.318927 0.237496 0.0481377 0.298689 0.220261 0.0547889 0.287504 
-0.276008 -0.0131876 0.344637 -0.263037 -0.00292904 0.33075 -0.277407 -0.0173202 0.323487 
-0.307614 -0.0209276 0.32619 0.204426 0.0655727 0.297469 0.205825 0.0697053 0.31862 
0.18859 0.0763565 0.307435 -0.247267 0.0155947 0.359162 -0.234296 0.0258533 0.345275 
-0.248666 0.0114621 0.338012 0.20436 0.0948802 0.335848 0.187125 0.101531 0.324663 
-0.235761 0.0510282 0.362503 0.17129 0.112315 0.334628 0.172689 0.116448 0.355779 
0.155454 0.123099 0.344594 -0.207019 0.0798105 0.377028 -0.22139 0.0654193 0.369766 
0.153989 0.148274 0.361822 -0.208484 0.104985 0.394256 0.138154 0.159058 0.371787 
0.139553 0.16319 0.392938 0.122318 0.169841 0.381753 -0.179743 0.133768 0.408781 
-0.194114 0.119377 0.401519 0.106483 0.180625 0.391718 0.0762766 0.177018 0.394421 
0.0776756 0.18115 0.415571 0.0460704 0.17341 0.397124 0.0474694 0.177543 0.418274 
0.0302349 0.184194 0.40709 -0.151002 0.16255 0.423307 -0.165373 0.148159 0.416044 
0.0143994 0.194978 0.417055 0.0157983 0.199111 0.438205 -0.0158068 0.191371 0.419758 
-0.0144078 0.195503 0.440908 -0.0316423 0.202154 0.429723 -0.122261 0.191332 0.437832 
-0.136631 0.176941 0.430569 -0.0474779 0.212938 0.439689 -0.077684 0.209331 0.442392 
-0.10789 0.205723 0.445094 0.0881281 -0.0829966 0.17984 0.102499 -0.0686055 0.187103 
0.057922 -0.086604 0.182543 0.0277158 -0.0902114 0.185246 -0.00249033 -0.0938188 0.187949 
-0.0326965 -0.0974261 0.190652 -0.0629026 -0.101034 0.193354 -0.0931088 -0.104641 0.196057 
-0.123315 -0.108248 0.19876 -0.152122 -0.107723 0.222613 -0.153521 -0.111856 0.201463 
-0.182328 -0.11133 0.225316 -0.183727 -0.115463 0.204166 -0.199563 -0.104679 0.214131 
0.116869 -0.0542143 0.194365 0.13124 -0.0398232 0.201628 -0.213999 -0.0897628 0.245247 
-0.215398 -0.0938954 0.224097 -0.244205 -0.0933702 0.24795 -0.245604 -0.0975028 0.2268 
-0.26144 -0.086719 0.236765 0.14561 -0.025432 0.208891 0.159981 -0.0110409 0.216153 
-0.277276 -0.0759352 0.246731 -0.307482 -0.0795426 0.249433 -0.336289 -0.0790174 0.273286 
-0.337688 -0.08315 0.252136 -0.353523 -0.0723662 0.262102 0.175751 0.00748285 0.244566 
0.158516 0.014134 0.233381 -0.324782 -0.0435839 0.276627 -0.339153 -0.0579751 0.269364 
0.204492 0.0362652 0.259091 0.187257 0.0429163 0.247907 0.172887 0.0285252 0.240644 
-0.309013 -0.0250602 0.30504 -0.296041 -0.0148016 0.291152 -0.310412 -0.0291927 0.28389 
0.203027 0.0614401 0.276319 0.185792 0.0680913 0.265135 -0.2673 0.0139807 0.305677 
-0.28167 -0.000410448 0.298415 0.169957 0.078875 0.2751 0.171356 0.0830076 0.29625 
0.154121 0.0896588 0.285066 -0.238559 0.042763 0.320203 -0.252929 0.0283719 0.31294 
0.169891 0.108183 0.313478 0.152656 0.114834 0.302294 -0.240024 0.0679379 0.337431 
0.136821 0.125618 0.312259 0.13822 0.12975 0.333409 0.120985 0.136401 0.322225 
-0.211282 0.0967202 0.351956 -0.225653 0.0823291 0.344693 0.136755 0.154925 0.350637 
0.11952 0.161576 0.339453 -0.195513 0.115244 0.380369 -0.182541 0.125503 0.366481 
-0.196912 0.111111 0.359219 0.103685 0.17236 0.349418 0.105084 0.176493 0.370568 
0.0878492 0.183144 0.359384 -0.184006 0.150677 0.383709 0.0720137 0.193928 0.369349 
0.0418075 0.19032 0.372052 0.0116014 0.186713 0.374755 0.0130004 0.190845 0.395905 
-0.0186048 0.183105 0.377458 -0.0172058 0.187238 0.398608 -0.0344403 0.193889 0.387423 
-0.155265 0.17946 0.398234 -0.169635 0.165069 0.390972 -0.0502759 0.204673 0.397388 
-0.0488769 0.208806 0.418539 -0.080482 0.201066 0.400091 -0.079083 0.205198 0.421241 
-0.110688 0.197458 0.402794 -0.109289 0.201591 0.423944 -0.140894 0.193851 0.405497 
-0.124714 -0.112381 0.17761 -0.126113 -0.116513 0.15646 -0.111742 -0.102122 0.163722 
-0.141948 -0.10573 0.166425 0.0852642 -0.0619543 0.175918 0.0680296 -0.0553031 0.164733 
0.053659 -0.0696943 0.157471 0.0234529 -0.0733016 0.160174 -0.00675324 -0.076909 0.162877 
-0.0369594 -0.0805164 0.165579 -0.0671655 -0.0841238 0.168282 -0.0973717 -0.0877311 0.170985 
-0.157784 -0.0949459 0.176391 -0.18799 -0.0985532 0.179094 -0.216797 -0.098028 0.202947 
-0.218196 -0.102161 0.181796 -0.234032 -0.0913768 0.191762 0.112606 -0.0373046 0.169293 
0.126977 -0.0229134 0.176556 0.0824002 -0.040912 0.171996 -0.249867 -0.080593 0.201727 
-0.278675 -0.0800678 0.22558 -0.280073 -0.0842004 0.20443 -0.308881 -0.0836752 0.228283 
-0.31028 -0.0878078 0.207133 -0.339087 -0.0872826 0.230986 -0.340486 -0.0914152 0.209836 
-0.356321 -0.0806314 0.219801 0.142747 -0.0043897 0.204969 0.125512 0.00226148 0.193784 
-0.357786 -0.0554565 0.237029 0.139883 0.0166526 0.201046 0.154253 0.0310438 0.208309 
-0.329045 -0.0266742 0.251555 -0.343416 -0.0410653 0.244292 0.170023 0.0495675 0.236722 
0.152788 0.0562187 0.225537 -0.300304 0.00210815 0.26608 -0.314674 -0.012283 0.258817 
0.168558 0.0747425 0.25395 0.151323 0.0813936 0.242765 -0.271563 0.0308904 0.280605 
-0.285933 0.0164993 0.273342 0.135488 0.0921774 0.252731 0.136887 0.09631 0.273881 
0.119652 0.102961 0.262696 -0.255793 0.0494142 0.309018 -0.273028 0.0560654 0.297833 
0.135422 0.121485 0.291109 0.118187 0.128136 0.279924 -0.244286 0.0848477 0.312358 
-0.258657 0.0704565 0.305096 0.116722 0.153311 0.297152 -0.228517 0.103371 0.340771 
-0.245751 0.110023 0.329586 0.115257 0.178486 0.31438 -0.199776 0.132154 0.355296 
-0.21701 0.138805 0.344112 -0.231381 0.124414 0.336849 0.0994219 0.18927 0.324346 
0.0692157 0.185662 0.327049 0.0706147 0.189795 0.348199 0.0390096 0.182055 0.329752 
0.0404085 0.186188 0.350902 0.00880342 0.178448 0.332454 0.0102024 0.18258 0.353605 
-0.00703213 0.189231 0.34242 -0.188269 0.167587 0.358637 -0.20264 0.153196 0.351374 
-0.0228677 0.200015 0.352385 -0.0530738 0.196408 0.355088 -0.0516748 0.20054 0.376238 
-0.0689094 0.207192 0.365054 -0.159528 0.19637 0.373162 -0.173898 0.181978 0.3659 
-0.0847449 0.217975 0.375019 -0.114951 0.214368 0.377722 -0.145157 0.210761 0.380425 
-0.0685645 -0.0882563 0.147132 -0.0699635 -0.0923889 0.125982 -0.0555929 -0.0779978 0.133244 
-0.0987707 -0.0918637 0.149835 -0.10017 -0.0959963 0.128685 -0.130376 -0.0996037 0.131388 
-0.159183 -0.0990785 0.155241 -0.160582 -0.103211 0.13409 -0.189389 -0.102686 0.157943 
-0.190788 -0.106818 0.136793 -0.206624 -0.0960346 0.146759 0.0507951 -0.0486519 0.153549 
0.020589 -0.0522593 0.156252 0.00335444 -0.0456081 0.145067 -0.0110162 -0.0599993 0.137804 
-0.0412223 -0.0636066 0.140507 -0.222459 -0.0852509 0.156724 -0.251266 -0.0847256 0.180577 
-0.252665 -0.0888582 0.159427 -0.281472 -0.088333 0.18328 -0.282871 -0.0924656 0.16213 
-0.298707 -0.0816818 0.172095 0.109742 -0.0162623 0.165371 0.0925079 -0.00961107 0.154186 
0.0781373 -0.0240022 0.146924 0.0479312 -0.0276096 0.149627 0.017725 -0.031217 0.152329 
-0.314543 -0.070898 0.182061 -0.344749 -0.0745054 0.184764 -0.360584 -0.0637216 0.194729 
0.106879 0.00478008 0.161449 0.121249 0.0191712 0.168712 -0.362049 -0.0385467 0.211957 
0.13562 0.0335624 0.175974 0.14999 0.0479535 0.183237 -0.316073 -0.0164156 0.237667 
-0.303102 -0.00615704 0.22378 -0.317472 -0.0205482 0.216517 -0.347679 -0.0241556 0.21922 
0.134155 0.0587373 0.193202 0.135554 0.0628699 0.214352 0.118319 0.0695211 0.203168 
-0.287332 0.0123667 0.252192 -0.274361 0.0226253 0.238305 -0.288731 0.00823411 0.231042 
0.134089 0.0880448 0.231581 0.116854 0.094696 0.220396 -0.275826 0.0478002 0.255533 
0.115389 0.119871 0.237624 -0.260056 0.0663239 0.283946 -0.247084 0.0765825 0.270058 
-0.261455 0.0621913 0.262795 0.113924 0.145046 0.254852 -0.248549 0.101757 0.287286 
0.112459 0.170221 0.27208 -0.250014 0.126932 0.304514 0.0966239 0.181005 0.282046 
0.0980229 0.185137 0.303196 0.0807883 0.191788 0.292011 -0.221273 0.155715 0.319039 
-0.235644 0.141324 0.311777 0.0649528 0.202572 0.301976 0.0347466 0.198965 0.304679 
0.0045405 0.195357 0.307382 -0.0256656 0.19175 0.310085 -0.0242667 0.195883 0.331235 
-0.0558718 0.188143 0.312788 -0.0544728 0.192275 0.333938 -0.0860779 0.184535 0.315491 
-0.0846789 0.188668 0.336641 -0.101913 0.195319 0.325456 -0.192532 0.184497 0.333565 
-0.206903 0.170106 0.326302 -0.0861439 0.213843 0.353869 -0.117749 0.206103 0.335422 
-0.11635 0.210235 0.356572 -0.147955 0.202495 0.338124 -0.146556 0.206628 0.359275 
-0.178161 0.198888 0.340827 -0.0742264 -0.0754792 0.10091 -0.0598558 -0.061088 0.108172 
-0.104433 -0.0790866 0.103612 -0.134639 -0.0826939 0.106315 -0.164845 -0.0863013 0.109018 
-0.195051 -0.0899087 0.111721 -0.223858 -0.0893835 0.135574 -0.225257 -0.0935161 0.114424 
-0.254064 -0.0929908 0.138277 -0.255463 -0.0971234 0.117127 -0.271299 -0.0863396 0.127092 
-0.0152791 -0.0430895 0.112732 -0.000908475 -0.0286984 0.119995 -0.0454852 -0.0466969 0.115435 
-0.287134 -0.0755559 0.137058 -0.315942 -0.0750306 0.160911 -0.317341 -0.0791632 0.13976 
-0.346148 -0.078638 0.163613 -0.347547 -0.0827706 0.142463 -0.363382 -0.0719868 0.152429 
0.0752734 -0.00295988 0.143002 0.0450673 -0.00656726 0.145705 0.0278327 8.39321e-05 0.13452 
0.0134621 -0.0143072 0.127257 -0.364847 -0.0468119 0.169657 0.104015 0.0258224 0.157527 
0.0867801 0.0324736 0.146342 0.0724095 0.0180825 0.13908 0.0422033 0.0144751 0.141782 
-0.349078 -0.0282882 0.19807 -0.336106 -0.0180296 0.184182 -0.350477 -0.0324207 0.176919 
0.132756 0.0546047 0.172052 0.115521 0.0612559 0.160867 0.101151 0.0468648 0.153605 
-0.307365 0.0107527 0.198707 -0.321735 -0.00363844 0.191445 0.0996857 0.0720397 0.170833 
0.101085 0.0761723 0.191983 0.0838502 0.0828235 0.180798 -0.278624 0.039535 0.213233 
-0.292994 0.0251439 0.20597 0.0982208 0.0972146 0.188061 0.112591 0.111606 0.195324 
-0.280089 0.0647099 0.230461 0.111126 0.136781 0.212552 -0.251347 0.0934922 0.244986 
-0.265718 0.0791011 0.237723 0.109661 0.161956 0.22978 -0.252812 0.118667 0.262214 
0.0938259 0.172739 0.239745 0.0952249 0.176872 0.260895 0.0779904 0.183523 0.249711 
-0.237043 0.137191 0.290627 -0.224071 0.147449 0.276739 -0.238442 0.133058 0.269477 
0.0621548 0.194307 0.259676 0.0635538 0.19844 0.280826 0.0319487 0.1907 0.262379 
0.0333477 0.194832 0.283529 0.00174254 0.187092 0.265082 0.00314152 0.191225 0.286232 
-0.0284636 0.183485 0.267785 -0.0270646 0.187617 0.288935 -0.0586698 0.179877 0.270487 
-0.0572708 0.18401 0.291638 -0.0888759 0.17627 0.27319 -0.0874769 0.180403 0.294341 
-0.104711 0.187054 0.283156 -0.225536 0.172624 0.293967 -0.120547 0.197838 0.293121 
-0.119148 0.20197 0.314271 -0.150753 0.19423 0.295824 -0.149354 0.198363 0.316974 
-0.180959 0.190623 0.298527 -0.17956 0.194756 0.319677 -0.211165 0.187016 0.30123 
-0.136038 -0.0868265 0.0851652 -0.137437 -0.0909591 0.064015 -0.123066 -0.076568 0.0712776 
-0.166244 -0.0904339 0.087868 -0.167643 -0.0945665 0.0667178 -0.183478 -0.0837827 0.0766833 
-0.0468842 -0.0508295 0.0942847 -0.0482832 -0.0549621 0.0731345 -0.0339126 -0.0405709 0.0803971 
-0.0784893 -0.0585694 0.0758374 -0.108695 -0.0621768 0.0785402 -0.199314 -0.0729989 0.0866488 
-0.22952 -0.0766063 0.0893516 -0.259726 -0.0802137 0.0920545 -0.288533 -0.0796885 0.115907 
-0.289932 -0.083821 0.0947573 -0.31874 -0.0832958 0.11861 -0.320138 -0.0874284 0.0974602 
-0.335974 -0.0766446 0.107426 -0.019542 -0.0261798 0.0876597 -0.00517139 -0.0117886 0.0949224 
-0.35181 -0.0658609 0.117391 -0.380617 -0.0653356 0.141244 -0.382016 -0.0694682 0.120094 
-0.397851 -0.0586844 0.130059 0.00919921 0.00260253 0.102185 0.0235698 0.0169937 0.109448 
-0.36911 -0.0299021 0.144585 -0.383481 -0.0442933 0.137322 0.0695455 0.0391248 0.135158 
0.052311 0.045776 0.123973 0.0379404 0.0313848 0.11671 -0.323134 -0.00777103 0.170295 
-0.310163 0.00248753 0.156407 -0.324533 -0.0119036 0.149144 -0.354739 -0.015511 0.151847 
0.0982867 0.0679071 0.149683 0.0810522 0.0745583 0.138498 0.0666816 0.0601671 0.131235 
-0.294393 0.0210113 0.18482 -0.281422 0.0312698 0.170932 -0.295792 0.0168787 0.16367 
0.0795873 0.0997332 0.155726 -0.282886 0.0564448 0.18816 0.0953568 0.118257 0.184139 
0.0781223 0.124908 0.172954 -0.267117 0.0749685 0.216573 -0.254145 0.0852271 0.202686 
-0.268516 0.0708359 0.195423 0.0924929 0.139299 0.180217 0.106863 0.15369 0.187479 
-0.25561 0.110402 0.219914 0.091028 0.164474 0.197445 0.0924269 0.168607 0.218595 
0.0751924 0.175258 0.20741 -0.239841 0.128926 0.248326 -0.226869 0.139184 0.234439 
-0.24124 0.124793 0.227176 0.0593569 0.186042 0.217376 0.0607558 0.190174 0.238526 
0.0291507 0.182434 0.220079 0.0305497 0.186567 0.241229 -0.00105543 0.178827 0.222781 
0.000343553 0.18296 0.243932 -0.0312616 0.17522 0.225484 -0.0298626 0.179352 0.246634 
-0.0614677 0.171612 0.228187 -0.0600687 0.175745 0.249337 -0.0773033 0.182396 0.238153 
-0.228334 0.164359 0.251667 -0.0931388 0.19318 0.248118 -0.123345 0.189572 0.250821 
-0.121946 0.193705 0.271971 -0.153551 0.185965 0.253524 -0.152152 0.190098 0.274674 
-0.169387 0.196749 0.263489 -0.212564 0.182883 0.28008 -0.199593 0.193142 0.266192 
-0.213963 0.17875 0.258929 -0.185222 0.207533 0.273455 -0.110094 -0.0663094 0.0573901 
-0.111493 -0.070442 0.0362399 -0.0971228 -0.0560509 0.0435025 -0.1417 -0.0740494 0.0389428 
-0.171906 -0.0776567 0.0416456 -0.200713 -0.0771315 0.0654986 -0.202112 -0.0812641 0.0443484 
-0.230919 -0.0807389 0.0682015 -0.232318 -0.0848715 0.0470513 -0.261125 -0.0843463 0.0709043 
-0.262524 -0.0884789 0.0497541 -0.291331 -0.0879536 0.0736072 -0.29273 -0.0920862 0.052457 
-0.308566 -0.0813024 0.0624225 -0.0525461 -0.0380523 0.0480623 -0.0381755 -0.0236612 0.0553249 
-0.0827522 -0.0416597 0.0507651 -0.324401 -0.0705187 0.0723879 -0.353209 -0.0699935 0.0962409 
-0.354608 -0.074126 0.0750908 -0.383415 -0.0736008 0.0989438 -0.384814 -0.0777334 0.0777936 
-0.400649 -0.0669496 0.0877591 -0.0238049 -0.00927003 0.0625875 -0.00943431 0.00512112 0.0698501 
-0.402114 -0.0417747 0.104987 0.00493629 0.0195123 0.0771127 0.0193069 0.0339034 0.0843753 
-0.356138 -0.0196436 0.130697 -0.343167 -0.00938503 0.11681 -0.357537 -0.0237762 0.109547 
-0.387744 -0.0273836 0.11225 0.0336775 0.0482946 0.0916379 0.0480481 0.0626857 0.0989006 
-0.314426 0.0193973 0.131335 -0.328796 0.00500612 0.124072 0.0624187 0.0770769 0.106163 
0.0767893 0.091468 0.113426 -0.285684 0.0481796 0.14586 -0.300055 0.0337884 0.138597 
0.0753243 0.116643 0.130654 -0.269915 0.0667033 0.174273 -0.256943 0.0769619 0.160385 
-0.271314 0.0625707 0.153123 0.0738594 0.141818 0.147882 -0.258408 0.102137 0.177613 
0.089629 0.160342 0.176295 0.0723944 0.166993 0.16511 -0.000989465 0.14952 0.184403 
0.0119821 0.159778 0.170516 -0.00238845 0.145387 0.163253 -0.0325946 0.14178 0.165956 
-0.0311956 0.145912 0.187106 -0.0484301 0.152563 0.175921 -0.242639 0.120661 0.206026 
-0.229667 0.130919 0.192138 -0.244038 0.116528 0.184876 0.0565589 0.177777 0.175075 
0.0579579 0.181909 0.196226 0.0263527 0.174169 0.177778 0.0277517 0.178302 0.198928 
-0.00245441 0.174694 0.201631 -0.0326606 0.171087 0.204334 -0.0642657 0.163347 0.185887 
-0.0628667 0.16748 0.207037 -0.0801012 0.174131 0.195852 -0.213897 0.149443 0.220551 
-0.200926 0.159701 0.206664 -0.215296 0.14531 0.199401 -0.0959368 0.184915 0.205818 
-0.0945378 0.189047 0.226968 -0.126143 0.181307 0.208521 -0.124744 0.18544 0.229671 
-0.156349 0.1777 0.211223 -0.15495 0.181833 0.232374 -0.186555 0.174093 0.213926 
-0.185156 0.178225 0.235076 -0.215362 0.174618 0.237779 -0.186621 0.2034 0.252305 
-0.173305 -0.0817893 0.0204954 -0.174704 -0.0859219 -0.000654723 -0.160333 -0.0715308 0.00660789 
-0.190539 -0.0751382 0.00931074 -0.115756 -0.0535323 0.0111677 -0.101386 -0.0391411 0.0184303 
-0.145963 -0.0571396 0.0138705 -0.206375 -0.0643544 0.0192762 -0.236581 -0.0679617 0.021979 
-0.266787 -0.0715691 0.0246819 -0.296993 -0.0751765 0.0273847 -0.3258 -0.0746513 0.0512378 
-0.327199 -0.0787839 0.0300876 -0.356007 -0.0782586 0.0539406 -0.357406 -0.0823912 0.0327904 
-0.373241 -0.0716074 0.0427559 -0.0252039 -0.0134026 0.0414373 -0.0266029 -0.0175352 0.0202872 
-0.0122323 -0.00314406 0.0275498 -0.056809 -0.0211426 0.02299 -0.0870152 -0.02475 0.0256929 
-0.389077 -0.0608237 0.0527214 -0.404912 -0.0500399 0.0626868 0.00353731 0.0153797 0.0559626 
0.00213833 0.0112471 0.0348124 0.0165089 0.0256382 0.042075 -0.406377 -0.024865 0.0799149 
0.0322785 0.044162 0.0704878 0.0308795 0.0400294 0.0493376 0.0452501 0.0544205 0.0566002 
-0.330195 0.000873529 0.102922 -0.317224 0.0111321 0.0890344 -0.331594 -0.00325906 0.0817718 
-0.3618 -0.00686643 0.0844747 -0.392007 -0.0104738 0.0871775 0.0610197 0.0729443 0.085013 
0.0596207 0.0688117 0.0638628 0.0739913 0.0832028 0.0711255 -0.301454 0.0296558 0.117447 
-0.288482 0.0399144 0.10356 -0.302853 0.0255232 0.096297 0.0725264 0.108378 0.0883535 
-0.289947 0.0650893 0.120788 0.0710614 0.133553 0.105582 -0.261206 0.0938716 0.135313 
-0.275577 0.0794805 0.12805 0.0695965 0.158728 0.12281 -0.00378743 0.141254 0.142103 
0.00918418 0.151513 0.128215 -0.00518642 0.137122 0.120953 -0.0353926 0.133514 0.123656 
-0.0339936 0.137647 0.144806 -0.0512281 0.144298 0.133621 -0.245437 0.112395 0.163726 
-0.232465 0.122654 0.149838 -0.246836 0.108263 0.142576 0.0537609 0.169511 0.132775 
0.0551599 0.173644 0.153925 0.0235548 0.165904 0.135478 0.0249538 0.170037 0.156628 
-0.0670637 0.155082 0.143587 -0.0656647 0.159215 0.164737 -0.0828992 0.165866 0.153552 
-0.216695 0.141178 0.178251 -0.203724 0.151436 0.164363 -0.218094 0.137045 0.157101 
-0.0987347 0.176649 0.163517 -0.0973358 0.180782 0.184668 -0.128941 0.173042 0.16622 
-0.127542 0.177175 0.18737 -0.159147 0.169435 0.168923 -0.157748 0.173567 0.190073 
-0.189353 0.165827 0.171626 -0.187954 0.16996 0.192776 -0.147361 -0.0612722 -0.00727966 
-0.14876 -0.0654048 -0.0284298 -0.13439 -0.0510137 -0.0211672 -0.178967 -0.0690122 -0.025727 
-0.207774 -0.068487 -0.00187396 -0.209173 -0.0726195 -0.0230241 -0.23798 -0.0720943 0.000828886 
-0.239379 -0.0762269 -0.0203213 -0.268186 -0.0757017 0.00353174 -0.269585 -0.0798343 -0.0176184 
-0.298392 -0.0793091 0.00623458 -0.299791 -0.0834417 -0.0149156 -0.315627 -0.0726579 -0.00495012 
-0.120019 -0.0366225 -0.0139046 -0.105649 -0.0222314 -0.00664199 -0.331462 -0.0618741 0.00501534 
-0.361668 -0.0654815 0.00771819 -0.390476 -0.0649563 0.0315712 -0.391875 -0.0690888 0.010421 
-0.40771 -0.0583051 0.0203865 -0.0308658 -0.000625466 -0.00478507 -0.0164952 0.0137657 0.00247754 
-0.0610719 -0.00423284 -0.00208222 -0.0912781 -0.00784021 0.000620625 -0.409175 -0.0331301 0.0376146 
0.0294805 0.0358968 0.0281875 0.0280816 0.0317642 0.0070373 0.0424522 0.0461554 0.0142999 
-0.00212459 0.0281568 0.00974015 -0.393405 -0.0146064 0.0660274 -0.380434 -0.00434784 0.0521398 
-0.394804 -0.018739 0.0448772 0.0582217 0.0646791 0.0427127 0.0568228 0.0605465 0.0215625 
0.0711934 0.0749377 0.0288251 -0.321487 0.0280418 0.0639622 -0.335857 0.0136507 0.0566996 
-0.366063 0.0100433 0.0594024 0.0697284 0.100113 0.0460532 -0.292745 0.0568241 0.0784874 
-0.307116 0.042433 0.0712248 0.0682635 0.125288 0.0632813 -0.276976 0.0753479 0.1069 
-0.264004 0.0856064 0.0930126 -0.278375 0.0712153 0.08575 0.0667985 0.150462 0.0805094 
0.0236207 0.136597 0.0970998 0.0365924 0.146855 0.0832122 0.0222218 0.132464 0.0759496 
-0.00798438 0.128857 0.0786524 -0.0065854 0.132989 0.0998026 -0.0238199 0.13964 0.0886179 
-0.248235 0.10413 0.121425 -0.235263 0.114389 0.107538 -0.249634 0.0999976 0.100275 
0.050963 0.161246 0.0904748 0.0523619 0.165379 0.111625 0.0221558 0.161771 0.114328 
-0.0396555 0.150424 0.0985834 -0.0698616 0.146817 0.101286 -0.0684626 0.150949 0.122436 
-0.0856972 0.157601 0.111252 -0.219493 0.132912 0.135951 -0.206522 0.143171 0.122063 
-0.220892 0.12878 0.1148 -0.101533 0.168384 0.121217 -0.100134 0.172517 0.142367 
-0.131739 0.164777 0.12392 -0.13034 0.16891 0.14507 -0.161945 0.16117 0.126623 
-0.160546 0.165302 0.147773 -0.192151 0.157562 0.129326 -0.190752 0.161695 0.150476 
-0.153023 -0.0484951 -0.0535021 -0.138653 -0.0341039 -0.0462395 -0.18323 -0.0521024 -0.0507992 
-0.213436 -0.0557098 -0.0480964 -0.243642 -0.0593172 -0.0453935 -0.273848 -0.0629245 -0.0426907 
-0.304054 -0.0665319 -0.0399878 -0.332861 -0.0660067 -0.0161348 -0.33426 -0.0701393 -0.037285 
-0.350096 -0.0593555 -0.0273195 -0.0926771 -0.0119728 -0.0205295 -0.094076 -0.0161054 -0.0416797 
-0.0797054 -0.00171424 -0.0344171 -0.124282 -0.0197128 -0.0389768 -0.365931 -0.0485717 -0.0173541 
-0.396137 -0.0521791 -0.0146512 -0.411973 -0.0413953 -0.00468575 0.0266826 0.0276316 -0.0141129 
0.0252836 0.023499 -0.035263 0.0396542 0.0378902 -0.0280004 -0.00352357 0.0240242 -0.01141 
-0.00492256 0.0198917 -0.0325602 -0.0351287 0.0162843 -0.0298573 -0.0653348 0.0126769 -0.0271545 
-0.413438 -0.0162204 0.0125423 0.0554238 0.0564139 0.000412365 0.0540248 0.0522813 -0.0207378 
0.0683954 0.0666725 -0.0134752 -0.367462 0.00591072 0.0382522 -0.354491 0.0161693 0.0243647 
-0.368861 0.00177813 0.0171021 -0.399067 -0.00182924 0.0198049 0.0669304 0.0918474 0.00375289 
-0.325749 0.0449516 0.0388899 -0.34012 0.0305604 0.0316273 0.0827 0.110371 0.0321657 
0.081301 0.106239 0.0110155 0.0956716 0.12063 0.0182781 -0.297008 0.0737339 0.0534151 
-0.311379 0.0593427 0.0461525 0.0798361 0.131413 0.0282436 0.0640005 0.142197 0.038209 
0.0208228 0.128331 0.0547994 0.0337944 0.13859 0.0409119 0.0194238 0.124199 0.0336493 
-0.0107823 0.120591 0.0363521 -0.00938337 0.124724 0.0575023 -0.0266179 0.131375 0.0463176 
-0.268267 0.102516 0.0679404 -0.282638 0.088125 0.0606778 0.048165 0.152981 0.0481745 
0.049564 0.157114 0.0693247 -0.0424534 0.142159 0.056283 -0.0410545 0.146292 0.0774332 
-0.058289 0.152943 0.0662485 -0.239526 0.131298 0.0824656 -0.253896 0.116907 0.075203 
-0.0741245 0.163726 0.076214 -0.104331 0.160119 0.0789168 -0.102932 0.164252 0.100067 
-0.134537 0.156512 0.0816197 -0.133138 0.160644 0.10277 -0.164743 0.152904 0.0843225 
-0.163344 0.157037 0.105473 -0.194949 0.149297 0.0870254 -0.19355 0.15343 0.108176 
-0.225155 0.14569 0.0897282 -0.245041 -0.0634498 -0.0665437 -0.24644 -0.0675824 -0.0876938 
-0.232069 -0.0531912 -0.0804312 -0.275247 -0.0670571 -0.0638408 -0.276646 -0.0711897 -0.084991 
-0.305453 -0.0706645 -0.061138 -0.306852 -0.0747971 -0.0822881 -0.322688 -0.0640133 -0.0723227 
-0.125681 -0.0238454 -0.060127 -0.12708 -0.0279779 -0.0812772 -0.11271 -0.0135868 -0.0740146 
-0.157286 -0.0315853 -0.0785743 -0.187492 -0.0351927 -0.0758715 -0.217699 -0.0388001 -0.0731686 
-0.338523 -0.0532295 -0.0623572 -0.354359 -0.0424458 -0.0523918 -0.00632154 0.0157591 -0.0537103 
-0.00772052 0.0116265 -0.0748605 0.00665007 0.0260176 -0.0675979 -0.0365277 0.0121517 -0.0510075 
-0.0379267 0.0080191 -0.0721576 -0.0667338 0.00854432 -0.0483046 -0.0681328 0.00441173 -0.0694548 
-0.098339 0.000804354 -0.0667519 -0.370194 -0.031662 -0.0424263 -0.399001 -0.0311368 -0.0185733 
-0.38603 -0.0208782 -0.0324608 0.0526258 0.0481487 -0.041888 0.0512268 0.0440161 -0.0630381 
0.0655974 0.0584073 -0.0557755 0.0210207 0.0404088 -0.0603353 -0.401865 -0.0100944 -0.0224954 
-0.417701 0.000689352 -0.0125299 0.081367 0.076931 -0.0273627 0.079968 0.0727984 -0.0485129 
0.0943386 0.0871896 -0.0412503 -0.341519 0.0264278 0.0104772 -0.328547 0.0366864 -0.0034104 
-0.342918 0.0222952 -0.010673 -0.373124 0.0186879 -0.00797016 -0.40333 0.0150805 -0.00526731 
0.079902 0.102106 -0.0101347 0.0928737 0.112365 -0.0240222 -0.312778 0.0552101 0.0250024 
-0.299806 0.0654687 0.0111148 -0.314177 0.0510775 0.00385221 0.0914087 0.137539 -0.00679414 
-0.284037 0.0839924 0.0395276 -0.271065 0.094251 0.02564 -0.285436 0.0798598 0.0183774 
0.0755732 0.148323 0.00317132 0.045367 0.144716 0.00587417 0.046766 0.148848 0.0270243 
0.0151609 0.141108 0.00857702 -0.0150453 0.137501 0.0112799 -0.0452514 0.133894 0.0139827 
-0.0438524 0.138026 0.0351329 -0.061087 0.144678 0.0239482 -0.255295 0.112775 0.0540528 
-0.242324 0.123033 0.0401653 -0.256694 0.108642 0.0329027 -0.0769225 0.155461 0.0339136 
-0.0755235 0.159594 0.0550638 -0.0927581 0.166245 0.0438791 -0.166142 0.148772 0.0631723 
-0.15317 0.15903 0.0492848 -0.167541 0.144639 0.0420222 -0.197747 0.141032 0.044725 
-0.196348 0.145164 0.0658752 -0.227953 0.137424 0.0474279 -0.226554 0.141557 0.068578 
-0.108594 0.177029 0.0538446 -0.1388 0.173422 0.0565474 -0.250703 -0.0506726 -0.112766 
-0.236332 -0.0362815 -0.105503 -0.280909 -0.05428 -0.110063 -0.311115 -0.0578874 -0.10736 
-0.326951 -0.0471036 -0.0973949 -0.00911951 0.00749388 -0.0960107 -0.0105185 0.00336128 -0.117161 
0.00385211 0.0177524 -0.109898 -0.026354 0.0141451 -0.107195 -0.129944 -0.00693561 -0.0851993 
-0.147179 -0.000284422 -0.096384 -0.161549 -0.0146756 -0.103647 -0.191755 -0.0182829 -0.100944 
-0.221961 -0.0218903 -0.0982409 -0.342786 -0.0363198 -0.0874295 -0.358622 -0.025536 -0.077464 
0.0196217 0.0362762 -0.0814854 0.0182227 0.0321436 -0.102636 0.0325933 0.0465347 -0.095373 
-0.0421896 0.0249288 -0.0972299 -0.0723957 0.0213215 -0.094527 -0.102602 0.0177141 -0.0918242 
-0.132808 0.0141067 -0.0891213 -0.373058 -0.0106196 -0.0463484 -0.360087 -0.000361089 -0.0602359 
0.078569 0.0686658 -0.0696631 0.07717 0.0645333 -0.0908132 0.0915406 0.0789244 -0.0835506 
0.0469639 0.0609259 -0.0881104 -0.375922 0.0104227 -0.0502705 -0.404729 0.0109479 -0.0264175 
-0.391758 0.0212065 -0.040305 0.10731 0.0974481 -0.0551378 0.105911 0.0933156 -0.076288 
0.120282 0.107707 -0.0690254 -0.315576 0.046945 -0.0172979 -0.302604 0.0572035 -0.0311855 
-0.316975 0.0428124 -0.0384481 -0.347181 0.039205 -0.0357453 -0.377387 0.0355976 -0.0330424 
0.105845 0.122623 -0.0379098 0.118817 0.132882 -0.0517973 -0.286835 0.0757273 -0.00277272 
-0.273863 0.0859858 -0.0166603 -0.288234 0.0715947 -0.0239229 0.102981 0.143665 -0.0418318 
0.0871458 0.154449 -0.0318664 0.043968 0.140583 -0.015276 0.0569397 0.150842 -0.0291635 
0.0425691 0.136451 -0.0364262 0.0123629 0.132843 -0.0337233 0.0137619 0.136976 -0.0125731 
-0.0178432 0.129236 -0.0310205 -0.0164442 0.133369 -0.00987029 -0.0336788 0.14002 -0.021055 
-0.258093 0.10451 0.0117525 -0.245122 0.114768 -0.00213505 -0.259492 0.100377 -0.00939766 
0.0713103 0.165233 -0.0219009 -0.0495143 0.150803 -0.0110895 -0.0653499 0.161587 -0.00112407 
-0.229352 0.133292 0.0262777 -0.216381 0.14355 0.0123902 -0.230751 0.129159 0.00512756 
-0.0811854 0.172371 0.00884139 -0.111392 0.168764 0.0115442 -0.109993 0.172896 0.0326944 
-0.141598 0.165156 0.0142471 -0.140199 0.169289 0.0353972 -0.171804 0.161549 0.0169499 
-0.20201 0.157942 0.0196528 -0.282308 -0.0584126 -0.131213 -0.283707 -0.0625452 -0.152364 
-0.269336 -0.048154 -0.145101 -0.299542 -0.0517614 -0.142398 -0.22336 -0.0260229 -0.119391 
-0.224759 -0.0301555 -0.140541 -0.210389 -0.0157643 -0.133279 -0.254966 -0.0337629 -0.137838 
-0.315378 -0.0409776 -0.132433 -0.331213 -0.0301938 -0.122467 0.0168237 0.028011 -0.123786 
0.0154247 0.0238784 -0.144936 0.0297953 0.0382696 -0.137673 -0.0147814 0.020271 -0.142233 
-0.0435886 0.0207963 -0.11838 -0.0449876 0.0166637 -0.13953 -0.0737947 0.0171889 -0.115677 
-0.0751937 0.0130563 -0.136827 -0.104001 0.0135815 -0.112974 -0.1054 0.00944892 -0.134125 
-0.134207 0.00997414 -0.110272 -0.135606 0.00584154 -0.131422 -0.165812 0.00223417 -0.128719 
-0.196018 -0.0013732 -0.126016 -0.347049 -0.0194101 -0.112502 -0.362885 -0.00862627 -0.102536 
0.0757711 0.0604007 -0.111963 0.0743721 0.0562681 -0.133114 0.0887427 0.0706592 -0.125851 
0.0455649 0.0567933 -0.109261 0.0441659 0.0526607 -0.130411 -0.37872 0.00215751 -0.0925708 
-0.377321 0.0062901 -0.0714206 -0.394556 0.0129413 -0.0826053 0.104512 0.089183 -0.0974382 
0.103113 0.0850504 -0.118588 0.117484 0.0994415 -0.111326 -0.378786 0.031465 -0.0541926 
-0.365814 0.0417236 -0.0680801 -0.380185 0.0273324 -0.0753427 0.116019 0.124616 -0.0940976 
-0.306867 0.0741133 -0.0562577 -0.321238 0.0597221 -0.0635204 -0.351444 0.0561147 -0.0608175 
0.114554 0.149791 -0.0768696 0.0411701 0.132318 -0.0575763 0.0541417 0.142577 -0.0714639 
0.0397711 0.128185 -0.0787265 0.00956495 0.124578 -0.0760236 0.0109639 0.128711 -0.0548735 
-0.0062706 0.135362 -0.0660582 -0.278126 0.102896 -0.0417325 -0.292497 0.0885044 -0.0489951 
0.0987184 0.160575 -0.0669041 0.0685123 0.156968 -0.0642013 0.0699113 0.1611 -0.0430511 
-0.0221061 0.146146 -0.0560927 -0.0523123 0.142538 -0.0533899 -0.0509133 0.146671 -0.0322397 
-0.0681478 0.153322 -0.0434244 -0.249385 0.131678 -0.0272073 -0.263755 0.117287 -0.0344699 
-0.0839834 0.164106 -0.0334589 -0.0825844 0.168238 -0.0123088 -0.0998189 0.17489 -0.0234935 
-0.203409 0.153809 -0.00149738 -0.190437 0.164068 -0.0153849 -0.204808 0.149676 -0.0226475 
-0.235014 0.146069 -0.0199447 -0.115654 0.185673 -0.013528 -0.145861 0.182066 -0.0108252 
-0.176067 0.178459 -0.00812231 -0.28797 -0.0456354 -0.177436 -0.273599 -0.0312443 -0.170173 
-0.303805 -0.0348516 -0.16747 0.0140258 0.0197458 -0.166086 0.0126268 0.0156132 -0.187236 
0.0269974 0.0300044 -0.179974 -0.0161804 0.0161384 -0.163383 -0.0175794 0.0120058 -0.184533 
-0.0334149 0.0227896 -0.174568 -0.197417 -0.00550579 -0.147166 -0.198816 -0.00963838 -0.168316 
-0.184446 0.00475277 -0.161054 -0.229022 -0.0132458 -0.165613 -0.259229 -0.0168531 -0.162911 
-0.319641 -0.0240679 -0.157505 -0.335476 -0.0132841 -0.147539 0.0729731 0.0521355 -0.154264 
0.0715741 0.0480029 -0.175414 0.0859447 0.062394 -0.168151 0.042767 0.0485281 -0.151561 
0.041368 0.0443955 -0.172711 -0.0492505 0.0335734 -0.164602 -0.0794566 0.029966 -0.1619 
-0.109663 0.0263587 -0.159197 -0.139869 0.0227513 -0.156494 -0.170075 0.0191439 -0.153791 
-0.351312 -0.00250031 -0.137574 -0.367147 0.00828347 -0.127609 0.13192 0.0845252 -0.142441 
0.130521 0.0803926 -0.163591 0.144892 0.0947837 -0.156329 0.101714 0.0809178 -0.139738 
0.100315 0.0767852 -0.160889 -0.382983 0.0190673 -0.117643 -0.398819 0.029851 -0.107678 
0.130455 0.1097 -0.125213 0.143427 0.119959 -0.139101 -0.352843 0.0519821 -0.0819677 
-0.339871 0.0622407 -0.0958552 -0.354242 0.0478496 -0.103118 -0.384448 0.0442422 -0.100415 
0.127592 0.130742 -0.129135 0.111756 0.141526 -0.11917 0.0383721 0.124053 -0.0998766 
0.0513437 0.134311 -0.113764 0.0369731 0.11992 -0.121027 0.0211376 0.130704 -0.111061 
-0.293895 0.0843718 -0.0701453 -0.280924 0.0946304 -0.0840328 -0.295294 0.0802392 -0.0912955 
-0.325501 0.0766319 -0.0885926 0.0959205 0.15231 -0.109204 0.0973194 0.156443 -0.0880543 
0.0657143 0.148703 -0.106502 0.0671133 0.152835 -0.0853514 0.00530203 0.141488 -0.101096 
-0.0249041 0.137881 -0.098393 -0.0235051 0.142013 -0.0772429 -0.0407397 0.148664 -0.0884276 
-0.265154 0.113154 -0.0556201 -0.252183 0.123413 -0.0695076 -0.266553 0.109022 -0.0767702 
-0.0565752 0.159448 -0.0784621 -0.0724108 0.170232 -0.0684966 -0.236413 0.141936 -0.0410949 
-0.223441 0.152195 -0.0549824 -0.237812 0.137804 -0.062245 -0.0882463 0.181016 -0.0585312 
-0.118452 0.177408 -0.0558283 -0.117053 0.181541 -0.0346782 -0.148659 0.173801 -0.0531255 
-0.14726 0.177933 -0.0319753 -0.178865 0.170194 -0.0504226 -0.177466 0.174326 -0.0292725 
-0.209071 0.166586 -0.0477198 0.0112278 0.0114806 -0.208386 0.0098288 0.00734803 -0.229537 
0.0241994 0.0217392 -0.222274 -0.00600674 0.0181318 -0.219571 -0.260628 -0.0209857 -0.184061 
-0.262026 -0.0251183 -0.205211 -0.247656 -0.0107272 -0.197948 -0.292233 -0.0287257 -0.202508 
-0.308068 -0.0179419 -0.192543 0.0701751 0.0438703 -0.196564 0.0687761 0.0397377 -0.217714 
0.0831467 0.0541289 -0.210452 0.039969 0.0402629 -0.193861 0.03857 0.0361303 -0.215011 
-0.0218423 0.0289156 -0.209606 -0.0506494 0.0294408 -0.185753 -0.0520484 0.0253082 -0.206903 
-0.0808556 0.0258334 -0.18305 -0.0822546 0.0217008 -0.2042 -0.111062 0.0222261 -0.180347 
-0.112461 0.0180935 -0.201497 -0.141268 0.0186187 -0.177644 -0.142667 0.0144861 -0.198794 
-0.171474 0.0150113 -0.174941 -0.172873 0.0108787 -0.196091 -0.203079 0.00727136 -0.193389 
-0.233285 0.00366399 -0.190686 -0.323904 -0.00715812 -0.182577 -0.339739 0.00362566 -0.172612 
0.129122 0.07626 -0.184742 0.127723 0.0721274 -0.205892 0.142094 0.0865185 -0.198629 
0.0989163 0.0726526 -0.182039 0.0975173 0.06852 -0.203189 -0.354176 0.018542 -0.141496 
-0.341204 0.0288006 -0.155384 0.157864 0.105042 -0.170216 0.156465 0.10091 -0.191367 
0.170835 0.115301 -0.184104 -0.35704 0.0395844 -0.145418 -0.385847 0.0401096 -0.121565 
-0.372875 0.0503681 -0.135453 0.155 0.126085 -0.174139 0.139164 0.136868 -0.164173 
-0.3269 0.0724993 -0.109743 -0.313928 0.0827578 -0.12363 -0.328299 0.0683667 -0.130893 
-0.358505 0.0647593 -0.12819 0.123329 0.147652 -0.154208 0.0931225 0.144045 -0.151505 
0.0945215 0.148177 -0.130355 0.0629164 0.140437 -0.148802 0.0643153 0.14457 -0.127652 
0.0327102 0.13683 -0.146099 0.00250406 0.133223 -0.143396 0.00390305 0.137355 -0.122246 
-0.0133315 0.144006 -0.133431 -0.285187 0.11154 -0.109105 -0.299557 0.097149 -0.116368 
-0.029167 0.15479 -0.123465 -0.0450026 0.165574 -0.1135 -0.256446 0.140322 -0.0945799 
-0.270816 0.125931 -0.101842 -0.0608381 0.176358 -0.103534 -0.0910443 0.17275 -0.100832 
-0.0896453 0.176883 -0.0796813 -0.10688 0.183534 -0.090866 -0.21047 0.162454 -0.0688699 
-0.197498 0.172712 -0.0827575 -0.211869 0.158321 -0.0900201 -0.242075 0.154714 -0.0873173 
-0.122715 0.194318 -0.0809006 -0.152921 0.190711 -0.0781977 -0.183128 0.187103 -0.0754949 
-0.263425 -0.0292509 -0.226361 -0.264824 -0.0333835 -0.247511 -0.250454 -0.0189923 -0.240249 
-0.28066 -0.0225997 -0.237546 0.0673772 0.0356051 -0.238864 0.0659782 0.0314725 -0.260015 
0.0803488 0.0458637 -0.252752 0.037171 0.0319977 -0.236162 0.035772 0.0278652 -0.257312 
0.00556589 0.0242578 -0.254609 -0.0232413 0.024783 -0.230756 -0.0246403 0.0206504 -0.251906 
-0.0534474 0.0211756 -0.228053 -0.0548464 0.017043 -0.249203 -0.0836536 0.0175683 -0.22535 
-0.0850525 0.0134357 -0.2465 -0.11386 0.0139609 -0.222647 -0.115259 0.00982829 -0.243797 
-0.144066 0.0103535 -0.219944 -0.145465 0.00622092 -0.241095 -0.174272 0.00674614 -0.217242 
-0.175671 0.00261355 -0.238392 -0.204478 0.00313877 -0.214539 -0.205877 -0.000993819 -0.235689 
-0.234684 -0.000468598 -0.211836 -0.236083 -0.00460119 -0.232986 -0.296496 -0.0118159 -0.22758 
-0.325303 -0.0112907 -0.203727 -0.326702 -0.0154233 -0.224877 -0.342537 -0.00463952 -0.214912 
0.126325 0.0679948 -0.227042 0.124926 0.0638622 -0.248192 0.139296 0.0782533 -0.24093 
0.0961184 0.0643874 -0.224339 0.0947194 0.0602548 -0.245489 -0.344002 0.0205354 -0.197684 
0.155066 0.0967771 -0.212517 0.153667 0.0926445 -0.233667 0.168037 0.107036 -0.226404 
-0.359838 0.0313192 -0.187718 -0.358439 0.0354518 -0.166568 -0.375673 0.042103 -0.177753 
0.166572 0.132211 -0.209176 -0.359904 0.0606267 -0.14934 -0.346932 0.0708853 -0.163228 
-0.361303 0.0564941 -0.17049 0.150737 0.142994 -0.199211 0.120531 0.139387 -0.196508 
0.12193 0.14352 -0.175358 0.0903245 0.13578 -0.193805 0.0917235 0.139912 -0.172655 
0.0601184 0.132172 -0.191102 0.0615174 0.136305 -0.169952 0.0299122 0.128565 -0.188399 
0.0313112 0.132697 -0.167249 -0.000293904 0.124958 -0.185697 0.00110508 0.12909 -0.164546 
-0.0161295 0.135741 -0.175731 -0.300956 0.0930164 -0.137518 -0.287985 0.103275 -0.151405 
-0.302355 0.0888838 -0.158668 -0.332561 0.0852764 -0.155965 -0.031965 0.146525 -0.165766 
-0.030566 0.150658 -0.144615 -0.0478005 0.157309 -0.1558 -0.272215 0.121799 -0.122993 
-0.259244 0.132057 -0.13688 -0.273614 0.117666 -0.144143 -0.0636361 0.168093 -0.145835 
-0.0622371 0.172225 -0.124685 -0.0794716 0.178876 -0.135869 -0.213268 0.154188 -0.11117 
-0.200296 0.164447 -0.125058 -0.214667 0.150056 -0.13232 -0.244873 0.146448 -0.129618 
-0.243474 0.150581 -0.108467 -0.0953072 0.18966 -0.125904 -0.125513 0.186053 -0.123201 
-0.124114 0.190185 -0.102051 -0.155719 0.182445 -0.120498 -0.15432 0.186578 -0.0993479 
-0.185926 0.178838 -0.117795 -0.184527 0.182971 -0.096645 0.124991 0.0345547 -0.28657 
0.123593 0.0304221 -0.307721 0.137963 0.0448132 -0.300458 0.0947853 0.0309473 -0.283868 
0.0933864 0.0268147 -0.305018 0.0645792 0.0273399 -0.281165 0.0631802 0.0232073 -0.302315 
0.034373 0.0237326 -0.278462 0.0329741 0.0196 -0.299612 0.0041669 0.0201252 -0.275759 
0.00276792 0.0159926 -0.296909 -0.0260392 0.0165178 -0.273056 -0.0274382 0.0123852 -0.294206 
-0.0562454 0.0129104 -0.270353 -0.0576444 0.00877785 -0.291503 -0.0734799 0.0195616 -0.281538 
-0.207276 -0.00512641 -0.256839 -0.208675 -0.009259 -0.277989 -0.194304 0.00513215 -0.270727 
-0.237482 -0.00873378 -0.254136 -0.238881 -0.0128664 -0.275286 -0.269087 -0.0164737 -0.272583 
-0.297895 -0.0159485 -0.24873 -0.299294 -0.0200811 -0.269881 -0.315129 -0.00929734 -0.259915 
0.153733 0.063337 -0.272045 0.152334 0.0592044 -0.293195 0.166704 0.0735955 -0.285933 
0.123527 0.0597296 -0.269342 0.0933204 0.0561222 -0.266639 -0.0893155 0.0303454 -0.271573 
-0.119522 0.026738 -0.26887 -0.149728 0.0231307 -0.266167 -0.179934 0.0195233 -0.263464 
-0.316594 0.0158776 -0.242687 -0.329566 0.00561903 -0.2288 0.182474 0.0921193 -0.25752 
0.181075 0.0879867 -0.27867 0.195445 0.102378 -0.271407 0.152268 0.0885119 -0.254817 
-0.33243 0.0266614 -0.232722 -0.348265 0.0374452 -0.222756 0.181009 0.117294 -0.240292 
0.193981 0.127553 -0.254179 -0.362702 0.0523615 -0.191641 -0.34973 0.0626201 -0.205528 
0.178145 0.138337 -0.244214 0.147939 0.134729 -0.241511 0.149338 0.138862 -0.220361 
0.117733 0.131122 -0.238808 0.119132 0.135254 -0.217658 0.0875266 0.127514 -0.236105 
0.0889255 0.131647 -0.214955 0.0573204 0.123907 -0.233403 0.0587194 0.12804 -0.212252 
0.0271143 0.1203 -0.2307 0.0285133 0.124432 -0.20955 0.0112787 0.131083 -0.220734 
-0.303754 0.0847512 -0.179818 -0.290783 0.0950098 -0.193706 -0.305153 0.0806186 -0.200968 
-0.335359 0.0770112 -0.198266 -0.33396 0.0811438 -0.177115 -0.00455682 0.141867 -0.210769 
-0.034763 0.13826 -0.208066 -0.033364 0.142392 -0.186916 -0.0505985 0.149044 -0.1981 
-0.275013 0.113533 -0.165293 -0.262042 0.123792 -0.179181 -0.276412 0.109401 -0.186443 
-0.0664341 0.159827 -0.188135 -0.0650351 0.16396 -0.166985 -0.0822696 0.170611 -0.17817 
-0.216066 0.145923 -0.153471 -0.203094 0.156182 -0.167358 -0.217465 0.141791 -0.174621 
-0.247671 0.138183 -0.171918 -0.246272 0.142316 -0.150768 -0.0981051 0.181395 -0.168204 
-0.0967062 0.185528 -0.147054 -0.128311 0.177788 -0.165501 -0.126912 0.18192 -0.144351 
-0.158517 0.17418 -0.162798 -0.157118 0.178313 -0.141648 -0.188724 0.170573 -0.160096 
-0.187325 0.174705 -0.138945 0.122194 0.0262895 -0.328871 0.120795 0.0221569 -0.350021 
0.135165 0.036548 -0.342758 0.0919874 0.0226821 -0.326168 0.0905884 0.0185495 -0.347318 
0.0617812 0.0190747 -0.323465 0.0603822 0.0149422 -0.344615 0.0445467 0.0257259 -0.33465 
-0.24028 -0.016999 -0.296436 -0.241679 -0.0211316 -0.317587 -0.227309 -0.00674041 -0.310324 
-0.270486 -0.0206063 -0.293734 -0.271885 -0.0247389 -0.314884 -0.287721 -0.0139551 -0.304918 
0.181141 0.0586792 -0.317048 0.179742 0.0545466 -0.338198 0.194112 0.0689377 -0.330936 
0.150935 0.0550718 -0.314345 0.149536 0.0509392 -0.335496 0.0287112 0.0365097 -0.324684 
-0.00149499 0.0329023 -0.321981 -0.0317011 0.029295 -0.319279 -0.0619073 0.0256876 -0.316576 
-0.0907144 0.0262128 -0.292723 -0.0921134 0.0220802 -0.313873 -0.120921 0.0226054 -0.29002 
-0.12232 0.0184729 -0.31117 -0.151127 0.0189981 -0.287317 -0.152526 0.0148655 -0.308467 
-0.181333 0.0153907 -0.284614 -0.182732 0.0112581 -0.305764 -0.212938 0.00765074 -0.303061 
-0.303556 -0.00317137 -0.294953 -0.319392 0.00761241 -0.284987 0.179676 0.0838541 -0.29982 
0.192648 0.0941126 -0.313708 -0.320857 0.0327873 -0.267759 0.208417 0.112636 -0.285295 
0.207018 0.108504 -0.306445 0.221389 0.122895 -0.299183 -0.336692 0.0435711 -0.257794 
-0.352528 0.0543549 -0.247828 0.205553 0.133679 -0.289217 0.175347 0.130071 -0.286514 
0.176746 0.134204 -0.265364 0.145141 0.126464 -0.283811 0.14654 0.130597 -0.262661 
0.114935 0.122857 -0.281109 0.116334 0.126989 -0.259958 0.0847286 0.119249 -0.278406 
0.0861276 0.123382 -0.257256 0.0545225 0.115642 -0.275703 0.0559214 0.119774 -0.254553 
0.0386869 0.126426 -0.265737 -0.336758 0.0728786 -0.219416 -0.323787 0.0831372 -0.233303 
-0.338157 0.068746 -0.240566 0.0228514 0.137209 -0.255772 -0.00735479 0.133602 -0.253069 
-0.0059558 0.137735 -0.231919 -0.0231903 0.144386 -0.243104 -0.277811 0.105268 -0.207593 
-0.26484 0.115527 -0.221481 -0.27921 0.101136 -0.228743 -0.309416 0.0975284 -0.226041 
-0.0390259 0.15517 -0.233138 -0.069232 0.151562 -0.230435 -0.067833 0.155695 -0.209285 
-0.0850676 0.162346 -0.22047 -0.24907 0.134051 -0.193068 -0.236098 0.144309 -0.206956 
-0.250469 0.129918 -0.214218 -0.100903 0.17313 -0.210504 -0.0995041 0.177262 -0.189354 
-0.131109 0.169522 -0.207802 -0.12971 0.173655 -0.186651 -0.161315 0.165915 -0.205099 
-0.159916 0.170048 -0.183949 -0.191522 0.162308 -0.202396 -0.190123 0.16644 -0.181246 
-0.221728 0.1587 -0.199693 0.149602 0.0216317 -0.373874 0.148203 0.0174991 -0.395024 
0.162573 0.0318902 -0.387761 0.119396 0.0180243 -0.371171 0.117997 0.0138917 -0.392321 
0.102161 0.0246755 -0.382356 0.178343 0.050414 -0.359349 0.176944 0.0462814 -0.380499 
0.191315 0.0606725 -0.373236 0.148137 0.0468066 -0.356646 0.0863255 0.0354593 -0.37239 
0.0561193 0.0318519 -0.369687 0.0273122 0.0323771 -0.345834 0.0259132 0.0282445 -0.366985 
-0.00289398 0.0287697 -0.343132 -0.00429296 0.0246372 -0.364282 -0.0331001 0.0251624 -0.340429 
-0.0344991 0.0210298 -0.361579 -0.0633063 0.021555 -0.337726 -0.0647053 0.0174224 -0.358876 
-0.0935124 0.0179476 -0.335023 -0.0949114 0.013815 -0.356173 -0.123719 0.0143403 -0.33232 
-0.125118 0.0102077 -0.35347 -0.153925 0.0107329 -0.329617 -0.155324 0.0066003 -0.350767 
-0.184131 0.00712552 -0.326914 -0.18553 0.00299293 -0.348065 -0.214337 0.00351815 -0.324212 
-0.215736 -0.000614441 -0.345362 -0.245942 -0.00422181 -0.342659 -0.276148 -0.00782918 -0.339956 
-0.291984 0.0029546 -0.329991 0.207084 0.0791963 -0.344823 0.205685 0.0750637 -0.365974 
0.220056 0.0894548 -0.358711 -0.307819 0.0137384 -0.320025 -0.323655 0.0245222 -0.31006 
0.205619 0.104371 -0.327595 0.218591 0.11463 -0.341483 -0.32512 0.0496971 -0.292832 
0.204154 0.129546 -0.310367 0.202755 0.125414 -0.331517 0.173948 0.125939 -0.307664 
0.172549 0.121806 -0.328815 0.142343 0.118199 -0.326112 0.143742 0.122331 -0.304962 
0.112137 0.114591 -0.323409 0.113536 0.118724 -0.302259 0.0819306 0.110984 -0.320706 
0.0833296 0.115117 -0.299556 0.0517245 0.107377 -0.318003 0.0531235 0.111509 -0.296853 
0.0358889 0.11816 -0.308038 -0.339556 0.0646135 -0.261716 -0.326585 0.074872 -0.275604 
0.0200534 0.128944 -0.298072 0.0214524 0.133077 -0.276922 0.00421784 0.139728 -0.288107 
-0.280609 0.0970031 -0.249894 -0.267637 0.107262 -0.263781 -0.282008 0.0928705 -0.271044 
-0.312214 0.0892632 -0.268341 -0.310815 0.0933958 -0.247191 -0.0116177 0.150512 -0.278141 
-0.0418238 0.146904 -0.275438 -0.0404249 0.151037 -0.254288 -0.0576594 0.157688 -0.265473 
-0.221662 0.129393 -0.238071 -0.20869 0.139651 -0.251959 -0.223061 0.12526 -0.259221 
-0.253267 0.121653 -0.256519 -0.251868 0.125785 -0.235368 -0.0734949 0.168472 -0.255508 
-0.103701 0.164865 -0.252805 -0.102302 0.168997 -0.231655 -0.133907 0.161257 -0.250102 
-0.132508 0.16539 -0.228952 -0.164113 0.15765 -0.247399 -0.162714 0.161782 -0.226249 
-0.19432 0.154043 -0.244696 -0.192921 0.158175 -0.223546 -0.223127 0.154568 -0.220843 
0.207216 0.0205812 -0.42158 0.205817 0.0164486 -0.44273 0.220188 0.0308398 -0.435467 
0.17701 0.0169739 -0.418877 0.175611 0.0128413 -0.440027 0.159775 0.023625 -0.430062 
0.205751 0.0457562 -0.404352 0.218723 0.0560147 -0.418239 0.175545 0.0421488 -0.401649 
0.14394 0.0344088 -0.420096 0.113734 0.0308015 -0.417393 0.0849265 0.0313267 -0.39354 
0.0835275 0.0271941 -0.414691 0.0547203 0.0277193 -0.390838 0.0533214 0.0235867 -0.411988 
0.0245142 0.0241119 -0.388135 0.0231152 0.0199793 -0.409285 -0.00569194 0.0205046 -0.385432 
-0.00709093 0.016372 -0.406582 -0.0358981 0.0168972 -0.382729 -0.0372971 0.0127646 -0.403879 
-0.0661042 0.0132898 -0.380026 -0.0675032 0.00915723 -0.401176 -0.0963104 0.00968245 -0.377323 
-0.0977094 0.00554986 -0.398473 -0.126517 0.00607508 -0.37462 -0.127916 0.00194249 -0.395771 
-0.156723 0.00246771 -0.371918 -0.158122 -0.00166488 -0.393068 -0.186929 -0.00113966 -0.369215 
-0.188328 -0.00527225 -0.390365 -0.217135 -0.00474703 -0.366512 -0.218534 -0.00887963 -0.387662 
-0.247341 -0.0083544 -0.363809 -0.24874 -0.012487 -0.384959 -0.264576 -0.00170322 -0.374994 
0.234492 0.0745385 -0.389827 0.233093 0.0704059 -0.410977 0.247464 0.084797 -0.403714 
0.204286 0.0709311 -0.387124 -0.280411 0.00908056 -0.365028 -0.296247 0.0198643 -0.355063 
0.233027 0.0997134 -0.372598 0.245999 0.109972 -0.386486 -0.310683 0.0347807 -0.323947 
-0.297712 0.0450393 -0.337835 0.230163 0.120756 -0.376521 0.199957 0.117148 -0.373818 
0.201356 0.121281 -0.352668 0.169751 0.113541 -0.371115 0.17115 0.117674 -0.349965 
0.139545 0.109934 -0.368412 0.140944 0.114066 -0.347262 0.109339 0.106326 -0.365709 
0.110738 0.110459 -0.344559 0.0791327 0.102719 -0.363006 0.0805316 0.106851 -0.341856 
0.0632971 0.113503 -0.353041 -0.313547 0.0558231 -0.327869 -0.329383 0.0666068 -0.317904 
0.0474616 0.124286 -0.343075 0.0172554 0.120679 -0.340373 0.0186544 0.124812 -0.319222 
0.00141988 0.131463 -0.330407 -0.253201 0.0923453 -0.294897 -0.240229 0.102604 -0.308784 
-0.2546 0.0882127 -0.316047 -0.284806 0.0846054 -0.313344 -0.283407 0.0887379 -0.292194 
-0.315012 0.080998 -0.310641 -0.313613 0.0851306 -0.289491 -0.0144157 0.142247 -0.320442 
-0.0130167 0.146379 -0.299291 -0.0302512 0.15303 -0.310476 -0.22446 0.121128 -0.280372 
-0.211488 0.131386 -0.294259 -0.225859 0.116995 -0.301522 -0.254666 0.11752 -0.277669 
-0.0460868 0.163814 -0.300511 -0.0762929 0.160207 -0.297808 -0.0748939 0.164339 -0.276658 
-0.106499 0.156599 -0.295105 -0.1051 0.160732 -0.273955 -0.136705 0.152992 -0.292402 
-0.135306 0.157125 -0.271252 -0.166911 0.149385 -0.289699 -0.165512 0.153517 -0.268549 
-0.197117 0.145777 -0.286996 -0.195718 0.14991 -0.265846 0.234624 0.0159234 -0.466583 
0.233225 0.0117908 -0.487733 0.247596 0.026182 -0.480471 0.204418 0.012316 -0.46388 
0.203019 0.00818346 -0.48503 0.174212 0.00870868 -0.461177 0.172813 0.00457609 -0.482328 
0.156977 0.0153599 -0.472362 -0.00702496 -0.0129355 -0.44496 -0.00842395 -0.0170681 -0.46611 
0.00594665 -0.00267699 -0.458848 -0.0372311 -0.0165429 -0.442257 -0.0386301 -0.0206755 -0.463408 
-0.0674373 -0.0201503 -0.439555 -0.0688362 -0.0242829 -0.460705 -0.0846718 -0.0134991 -0.450739 
0.233159 0.0410983 -0.449355 0.246131 0.0513569 -0.463243 0.142541 0.0302762 -0.441246 
0.141142 0.0261436 -0.462397 0.112335 0.0266689 -0.438544 0.110936 0.0225363 -0.459694 
0.0821285 0.0230615 -0.435841 0.0807295 0.0189289 -0.456991 0.0519224 0.0194541 -0.433138 
0.0505234 0.0153215 -0.454288 0.0217162 0.0158468 -0.430435 0.0203172 0.0117142 -0.451585 
-0.00848991 0.0122394 -0.427732 -0.0386961 0.00863201 -0.425029 -0.0689022 0.00502464 -0.422326 
-0.100507 -0.00271532 -0.440774 -0.0991083 0.00141727 -0.419624 -0.129314 -0.0021901 -0.416921 
-0.130713 -0.0063227 -0.438071 -0.159521 -0.00579748 -0.414218 -0.16092 -0.00993007 -0.435368 
-0.189727 -0.00940485 -0.411515 -0.191126 -0.0135374 -0.432665 -0.219933 -0.0130122 -0.408812 
-0.221332 -0.0171448 -0.429962 -0.237167 -0.00636103 -0.419997 0.231694 0.0662733 -0.432127 
0.244666 0.0765318 -0.446014 -0.253003 0.00442275 -0.410031 -0.268839 0.0152065 -0.400066 
0.243201 0.101707 -0.428786 -0.284674 0.0259903 -0.390101 -0.30051 0.0367741 -0.380135 
0.227365 0.112491 -0.418821 0.228764 0.116623 -0.397671 0.197159 0.108883 -0.416118 
0.198558 0.113016 -0.394968 0.166953 0.105276 -0.413415 0.168352 0.109408 -0.392265 
0.136747 0.101668 -0.410712 0.138146 0.105801 -0.389562 0.106541 0.0980611 -0.40801 
0.10794 0.102194 -0.386859 0.0907053 0.108845 -0.398044 -0.316345 0.0475579 -0.37017 
-0.314946 0.0516905 -0.349019 -0.332181 0.0583416 -0.360204 0.0748697 0.119629 -0.388079 
0.0446636 0.116021 -0.385376 0.0460626 0.120154 -0.364226 0.0144575 0.112414 -0.382673 
0.0158564 0.116546 -0.361523 -0.00137809 0.123198 -0.372707 -0.255999 0.0840801 -0.337197 
-0.243027 0.0943387 -0.351085 -0.257398 0.0799475 -0.358347 -0.287604 0.0763402 -0.355644 
-0.286205 0.0804728 -0.334494 -0.31781 0.0727328 -0.352942 -0.316411 0.0768654 -0.331791 
-0.0172136 0.133981 -0.362742 -0.0158147 0.138114 -0.341592 -0.0330492 0.144765 -0.352777 
-0.227258 0.112862 -0.322672 -0.214286 0.123121 -0.336559 -0.228657 0.10873 -0.343822 
-0.0345141 0.16994 -0.335548 -0.198516 0.141645 -0.308147 -0.185545 0.151903 -0.322034 
-0.199915 0.137512 -0.329297 -0.0503497 0.180724 -0.325583 -0.0805558 0.177117 -0.32288 
-0.110762 0.173509 -0.320177 -0.140968 0.169902 -0.317474 -0.171174 0.166294 -0.314772 
0.231826 0.00765824 -0.508883 0.230427 0.00352564 -0.530034 0.244798 0.0179168 -0.522771 
0.20162 0.00405086 -0.506181 0.200221 -8.17275e-05 -0.527331 0.171414 0.000443493 -0.503478 
0.170015 -0.0036891 -0.524628 0.141208 -0.00316388 -0.500775 0.139809 -0.00729647 -0.521925 
0.111002 -0.00677125 -0.498072 0.109603 -0.0109038 -0.519222 0.0807955 -0.0103786 -0.495369 
0.0793965 -0.0145112 -0.516519 0.0505894 -0.013986 -0.492666 0.0491904 -0.0181186 -0.513816 
0.0203832 -0.0175934 -0.489963 0.0189842 -0.021726 -0.511114 -0.00982293 -0.0212007 -0.487261 
-0.0112219 -0.0253333 -0.508411 -0.0400291 -0.0248081 -0.484558 -0.0414281 -0.0289407 -0.505708 
-0.0702352 -0.0284155 -0.481855 -0.0716342 -0.0325481 -0.503005 -0.100441 -0.0320228 -0.479152 
-0.10184 -0.0361554 -0.500302 -0.117676 -0.0253717 -0.490337 0.260567 0.0364405 -0.494358 
0.259168 0.0323079 -0.515508 0.273539 0.0466991 -0.508246 0.139743 0.0220111 -0.483547 
0.109537 0.0184037 -0.480844 0.0793306 0.0147963 -0.478141 0.0491244 0.0111889 -0.475438 
0.0189183 0.00758157 -0.472735 -0.101906 -0.00684792 -0.461924 -0.133511 -0.0145879 -0.480371 
-0.132112 -0.0104553 -0.459221 -0.162319 -0.0140627 -0.456518 -0.163718 -0.0181953 -0.477668 
-0.192525 -0.01767 -0.453815 -0.193924 -0.0218026 -0.474966 -0.209759 -0.0110188 -0.465 
0.259102 0.0616155 -0.47713 0.272074 0.071874 -0.491018 -0.225595 -0.000235063 -0.455035 
-0.24143 0.0105487 -0.445069 0.257638 0.0867904 -0.459902 0.270609 0.097049 -0.47379 
-0.257266 0.0213325 -0.435104 -0.273101 0.0321163 -0.425138 0.254774 0.107833 -0.463824 
0.224567 0.104225 -0.461121 0.225966 0.108358 -0.439971 0.194361 0.100618 -0.458418 
0.19576 0.104751 -0.437268 0.164155 0.0970106 -0.455716 0.165554 0.101143 -0.434565 
0.133949 0.0934032 -0.453013 0.135348 0.0975358 -0.431863 0.103743 0.0897959 -0.45031 
0.105142 0.0939285 -0.42916 0.0879073 0.10058 -0.440344 -0.287538 0.0470326 -0.394023 
-0.274566 0.0572912 -0.40791 0.0720718 0.111363 -0.430379 0.0734708 0.115496 -0.409229 
0.0418656 0.107756 -0.427676 0.0432646 0.111889 -0.406526 0.0260301 0.11854 -0.417711 
-0.289003 0.0722076 -0.376795 -0.276031 0.0824661 -0.390682 -0.319209 0.0686002 -0.374092 
0.0101945 0.129324 -0.407745 -0.00564101 0.140107 -0.39778 -0.230056 0.104597 -0.364972 
-0.217084 0.114856 -0.37886 -0.231455 0.100465 -0.386122 -0.261661 0.0968573 -0.38342 
-0.0214766 0.150891 -0.387814 -0.0516827 0.147284 -0.385111 -0.0502837 0.151416 -0.363961 
-0.0675182 0.158068 -0.375146 -0.171108 0.136987 -0.35315 -0.158137 0.147245 -0.367037 
-0.172507 0.132854 -0.3743 -0.202713 0.129247 -0.371597 -0.201314 0.13338 -0.350447 
-0.0517487 0.176591 -0.346733 -0.0833538 0.168851 -0.36518 -0.0819548 0.172984 -0.34403 
-0.11356 0.165244 -0.362478 -0.112161 0.169377 -0.341327 -0.143766 0.161637 -0.359775 
-0.142367 0.165769 -0.338625 -0.172573 0.162162 -0.335922 0.14427 -0.112129 -0.611987 
0.142871 -0.116261 -0.633138 0.157241 -0.10187 -0.625875 0.114063 -0.115736 -0.609285 
0.112664 -0.119869 -0.630435 0.0838573 -0.119344 -0.606582 0.0824583 -0.123476 -0.627732 
0.0666228 -0.112692 -0.617766 0.203217 -0.0797391 -0.600165 0.201818 -0.0838717 -0.621315 
0.216189 -0.0694806 -0.614053 0.173011 -0.0833465 -0.597462 0.171612 -0.0874791 -0.618612 
0.142805 -0.0869539 -0.594759 0.112599 -0.0905612 -0.592057 0.0823924 -0.0941686 -0.589354 
0.0507873 -0.101909 -0.607801 0.0521862 -0.097776 -0.586651 0.0219801 -0.101383 -0.583948 
0.0205811 -0.105516 -0.605098 0.00474556 -0.0947322 -0.595133 0.29237 -0.0437421 -0.591046 
0.290971 -0.0478747 -0.612196 0.305342 -0.0334835 -0.604933 0.262164 -0.0473494 -0.588343 
0.260765 -0.051482 -0.609493 0.231958 -0.0509568 -0.58564 0.230559 -0.0550894 -0.60679 
0.201752 -0.0545642 -0.582937 0.171546 -0.0581716 -0.580234 0.14134 -0.0617789 -0.577531 
0.111134 -0.0653863 -0.574828 0.0809274 -0.0689937 -0.572126 0.0507213 -0.072601 -0.569423 
0.0205151 -0.0762084 -0.56672 -0.01109 -0.0839484 -0.585167 -0.009691 -0.0798158 -0.564017 
-0.0269255 -0.0731646 -0.575202 0.289507 -0.0226997 -0.594968 0.273671 -0.0119159 -0.585002 
0.260699 -0.0221745 -0.571115 0.230493 -0.0257819 -0.568412 0.200287 -0.0293892 -0.565709 
0.170081 -0.0329966 -0.563006 0.139875 -0.036604 -0.560303 0.109669 -0.0402114 -0.5576 
0.0794625 -0.0438187 -0.554898 0.0492563 -0.0474261 -0.552195 0.0190502 -0.0510335 -0.549492 
-0.0111559 -0.0546408 -0.546789 -0.0427611 -0.0623808 -0.565236 -0.0413621 -0.0582482 -0.544086 
-0.0585966 -0.051597 -0.555271 0.259234 0.00300042 -0.553887 0.272206 0.013259 -0.567774 
0.229028 -0.000606948 -0.551184 0.198822 -0.00421432 -0.548481 0.168616 -0.00782169 -0.545778 
0.13841 -0.0114291 -0.543075 0.108204 -0.0150364 -0.540372 0.0779975 -0.0186438 -0.537669 
0.0477914 -0.0222512 -0.534967 0.0175852 -0.0258585 -0.532264 -0.0126209 -0.0294659 -0.529561 
-0.042827 -0.0330733 -0.526858 -0.0744322 -0.0408133 -0.545305 -0.0730332 -0.0366807 -0.524155 
-0.103239 -0.040288 -0.521452 -0.104638 -0.0444206 -0.542603 -0.120474 -0.0336368 -0.532637 
0.287976 0.0317827 -0.539361 0.286577 0.0276501 -0.560511 0.300947 0.0420413 -0.553249 
0.257769 0.0281754 -0.536658 -0.13491 -0.0187205 -0.501521 -0.136309 -0.0228531 -0.522672 
-0.165117 -0.0223278 -0.498819 -0.166516 -0.0264604 -0.519969 -0.182351 -0.0156767 -0.510003 
0.286511 0.0569577 -0.522133 0.299482 0.0672162 -0.536021 -0.198187 -0.00489288 -0.500038 
-0.214022 0.0058909 -0.490072 0.283647 0.078 -0.526055 0.267811 0.0887838 -0.51609 
-0.229858 0.0166747 -0.480107 -0.245693 0.0274585 -0.470141 0.251976 0.0995676 -0.506124 
0.253375 0.1037 -0.484974 0.221769 0.0959602 -0.503422 0.223168 0.100093 -0.482271 
0.191563 0.0923528 -0.500719 0.192962 0.0964854 -0.479569 0.161357 0.0887454 -0.498016 
0.162756 0.092878 -0.476866 0.131151 0.0851381 -0.495313 0.13255 0.0892707 -0.474163 
0.100945 0.0815307 -0.49261 0.102344 0.0856633 -0.47146 0.0851094 0.0923145 -0.482645 
-0.261529 0.0382422 -0.460176 -0.277364 0.049026 -0.450211 0.0692738 0.103098 -0.472679 
0.0706728 0.107231 -0.451529 0.0390677 0.0994909 -0.469976 0.0404667 0.103623 -0.448826 
0.0232321 0.110275 -0.460011 -0.278829 0.074201 -0.432982 0.00739657 0.121058 -0.450045 
0.00879556 0.125191 -0.428895 -0.00843897 0.131842 -0.44008 -0.232854 0.0963321 -0.407273 
-0.219882 0.106591 -0.42116 -0.234253 0.0921995 -0.428423 -0.264459 0.0885921 -0.42572 
-0.26306 0.0927247 -0.40457 -0.0242745 0.142626 -0.430115 -0.0228755 0.146759 -0.408964 
-0.0544807 0.139019 -0.427412 -0.0530817 0.143151 -0.406262 -0.0703162 0.149802 -0.417446 
-0.173906 0.128722 -0.39545 -0.160935 0.13898 -0.409338 -0.175305 0.124589 -0.4166 
-0.205511 0.120982 -0.413897 -0.204112 0.125114 -0.392747 -0.0861518 0.160586 -0.407481 
-0.0847528 0.164719 -0.386331 -0.116358 0.156979 -0.404778 -0.114959 0.161111 -0.383628 
-0.146564 0.153371 -0.402075 -0.145165 0.157504 -0.380925 0.138608 -0.0993516 -0.65821 
0.152978 -0.0849605 -0.650947 0.108402 -0.102959 -0.655507 0.0781954 -0.106566 -0.652804 
0.0493883 -0.106041 -0.628951 0.0479893 -0.110174 -0.650101 0.0191821 -0.109649 -0.626248 
0.0177831 -0.113781 -0.647398 0.00194759 -0.102997 -0.637433 0.22916 -0.059222 -0.62794 
0.227761 -0.0633546 -0.64909 0.242132 -0.0489634 -0.641828 0.197555 -0.066962 -0.646387 
0.167349 -0.0705693 -0.643685 -0.012489 -0.088081 -0.606317 -0.013888 -0.0922136 -0.627468 
-0.0297235 -0.0814298 -0.617502 0.318314 -0.0232249 -0.618821 0.316915 -0.0273575 -0.639971 
0.331285 -0.0129664 -0.632708 0.286709 -0.0309649 -0.637268 0.256502 -0.0345723 -0.634565 
-0.0441601 -0.0665134 -0.586386 -0.045559 -0.070646 -0.607537 -0.0743662 -0.0701208 -0.583684 
-0.0757652 -0.0742534 -0.604834 -0.0916007 -0.0634696 -0.594868 0.31545 -0.00218261 -0.622743 
0.286643 -0.00165739 -0.59889 0.299614 0.00860117 -0.612777 -0.0758312 -0.0449458 -0.566456 
-0.107436 -0.0526858 -0.584903 -0.106037 -0.0485532 -0.563753 -0.123272 -0.041902 -0.574937 
0.285178 0.0235175 -0.581662 0.298149 0.0337761 -0.595549 -0.137708 -0.0269857 -0.543822 
-0.139107 -0.0311182 -0.564972 -0.167915 -0.030593 -0.541119 -0.169314 -0.0347256 -0.562269 
-0.185149 -0.0239418 -0.552304 0.296684 0.058951 -0.578321 -0.199586 -0.00902547 -0.521188 
-0.200985 -0.0131581 -0.542338 -0.21682 -0.00237428 -0.532373 0.280849 0.0697348 -0.568356 
0.282248 0.0738674 -0.547206 0.265013 0.0805186 -0.55839 -0.218285 0.0228007 -0.515145 
0.249178 0.0913024 -0.548425 0.250577 0.095435 -0.527275 0.218972 0.087695 -0.545722 
0.220371 0.0918276 -0.524572 0.188765 0.0840876 -0.543019 0.190164 0.0882202 -0.521869 
0.158559 0.0804803 -0.540316 0.159958 0.0846128 -0.519166 0.128353 0.0768729 -0.537613 
0.129752 0.0810055 -0.516463 0.0981469 0.0732655 -0.534911 0.0995459 0.0773981 -0.51376 
0.0823114 0.0840493 -0.524945 -0.234121 0.0335844 -0.505179 -0.249956 0.0443682 -0.495214 
0.0664758 0.0948331 -0.51498 0.0678748 0.0989657 -0.493829 0.0506403 0.105617 -0.505014 
-0.265792 0.055152 -0.485248 -0.281627 0.0659358 -0.475283 0.0348048 0.116401 -0.495049 
0.00459861 0.112793 -0.492346 0.00599759 0.116926 -0.471196 -0.0112369 0.123577 -0.48238 
-0.205445 0.0916743 -0.452276 -0.192474 0.101933 -0.466163 -0.206844 0.0875417 -0.473426 
-0.237051 0.0839343 -0.470723 -0.235652 0.0880669 -0.449573 -0.267257 0.0803269 -0.46802 
-0.265858 0.0844595 -0.44687 -0.0270725 0.134361 -0.472415 -0.0256735 0.138493 -0.451265 
-0.0572786 0.130753 -0.469712 -0.0558796 0.134886 -0.448562 -0.0731142 0.141537 -0.459747 
-0.146498 0.124064 -0.440453 -0.133526 0.134322 -0.454341 -0.147897 0.119931 -0.461603 
-0.178103 0.116324 -0.458901 -0.176704 0.120457 -0.43775 -0.20691 0.116849 -0.435048 
-0.0889497 0.152321 -0.449781 -0.0875507 0.156454 -0.428631 -0.119156 0.148714 -0.447078 
-0.117757 0.152846 -0.425928 -0.147963 0.149239 -0.423225 0.135744 -0.0783093 -0.662132 
0.118509 -0.0716581 -0.673317 0.104139 -0.0860493 -0.680579 0.0739325 -0.0896566 -0.677876 
0.0437264 -0.093264 -0.675174 0.0135202 -0.0968714 -0.672471 -0.00231532 -0.0860876 -0.662505 
0.224897 -0.0423122 -0.653012 0.194691 -0.0459196 -0.65031 0.164485 -0.049527 -0.647607 
0.14725 -0.0428758 -0.658791 0.13288 -0.057267 -0.666054 -0.0181509 -0.0753038 -0.65254 
-0.046958 -0.0747786 -0.628687 -0.048357 -0.0789112 -0.649837 -0.0771642 -0.078386 -0.625984 
-0.0785632 -0.0825185 -0.647134 -0.0943987 -0.0717348 -0.637169 0.314051 -0.0063152 -0.643893 
0.296816 0.000335984 -0.655078 0.282446 -0.0140552 -0.66234 0.252239 -0.0176625 -0.659637 
0.222033 -0.0212699 -0.656934 0.191827 -0.0248773 -0.654232 0.161621 -0.0284847 -0.651529 
-0.108835 -0.0568184 -0.606053 -0.110234 -0.060951 -0.627203 -0.12607 -0.0501672 -0.617238 
0.311187 0.0147271 -0.647815 0.325557 0.0291183 -0.640552 0.312586 0.0188597 -0.626665 
-0.140506 -0.0352508 -0.586122 -0.141905 -0.0393834 -0.607272 -0.157741 -0.0285997 -0.597307 
0.309722 0.0399021 -0.630587 0.293886 0.0506858 -0.620621 -0.173576 -0.0178159 -0.587341 
-0.189412 -0.00703209 -0.577376 0.278051 0.0614696 -0.610656 0.27945 0.0656022 -0.589506 
0.262215 0.0722534 -0.600691 -0.205248 0.00375169 -0.56741 -0.221083 0.0145355 -0.557445 
0.24638 0.0830372 -0.590725 0.247779 0.0871698 -0.569575 0.216174 0.0794298 -0.588022 
0.217573 0.0835624 -0.566872 0.185967 0.0758224 -0.585319 0.187366 0.079955 -0.564169 
0.170132 0.0866062 -0.575354 0.126954 0.0727403 -0.558764 0.139926 0.0829988 -0.572651 
0.125555 0.0686077 -0.579914 0.095349 0.0650003 -0.577211 0.096748 0.0691329 -0.556061 
0.0795134 0.0757841 -0.567245 -0.222548 0.0397104 -0.540217 0.154296 0.09739 -0.565388 
0.0636779 0.0865679 -0.55728 0.0650769 0.0907005 -0.53613 0.0478423 0.0973517 -0.547314 
-0.238384 0.0504942 -0.530251 -0.254219 0.061278 -0.520286 0.0320068 0.108135 -0.537349 
0.0334058 0.112268 -0.516199 0.0161712 0.118919 -0.527384 -0.178037 0.0870164 -0.497279 
-0.165066 0.097275 -0.511166 -0.179436 0.0828838 -0.518429 -0.209642 0.0792765 -0.515726 
-0.208243 0.0834091 -0.494576 -0.239849 0.0756691 -0.513023 -0.23845 0.0798017 -0.491873 
-0.268656 0.0761943 -0.48917 0.000335692 0.129703 -0.517418 -0.0298705 0.126096 -0.514715 
-0.0284715 0.130228 -0.493565 -0.0600766 0.122488 -0.512012 -0.0586776 0.126621 -0.490862 
-0.0902827 0.118881 -0.50931 -0.0888838 0.123013 -0.488159 -0.120489 0.115274 -0.506607 
-0.11909 0.119406 -0.485456 -0.150695 0.111666 -0.503904 -0.149296 0.115799 -0.482754 
-0.179502 0.112191 -0.480051 -0.0903487 0.148188 -0.470931 -0.120555 0.144581 -0.468228 
0.101275 -0.0650069 -0.684501 0.0710686 -0.0686143 -0.681798 0.0408624 -0.0722217 -0.679096 
0.0236279 -0.0655705 -0.69028 0.00925731 -0.0799616 -0.697543 -0.0195499 -0.0794364 -0.67369 
-0.0209488 -0.083569 -0.69484 -0.049756 -0.0830438 -0.670987 -0.051155 -0.0871764 -0.692137 
-0.0669905 -0.0763926 -0.682172 0.130016 -0.0362246 -0.669976 0.112781 -0.0295734 -0.681161 
0.0984108 -0.0439646 -0.688423 0.0682046 -0.0475719 -0.685721 0.0379985 -0.0511793 -0.683018 
-0.0828261 -0.0656088 -0.672206 -0.0986616 -0.054825 -0.662241 0.279582 0.00698717 -0.666262 
0.249376 0.0033798 -0.663559 0.219169 -0.00022757 -0.660857 0.188963 -0.00383494 -0.658154 
0.158757 -0.00744231 -0.655451 0.128551 -0.0110497 -0.652748 0.111316 -0.0043985 -0.663933 
-0.114497 -0.0440412 -0.652275 -0.130333 -0.0332575 -0.64231 0.308323 0.0357695 -0.651737 
0.278117 0.0321621 -0.649034 0.260882 0.0388133 -0.660219 0.246512 0.0244221 -0.667482 
0.216305 0.0208148 -0.664779 0.186099 0.0172074 -0.662076 0.155893 0.0136 -0.659373 
0.125687 0.00999265 -0.65667 -0.146168 -0.0224737 -0.632344 -0.162004 -0.0116899 -0.622379 
0.276652 0.057337 -0.631806 0.245047 0.0495971 -0.650253 0.246446 0.0537297 -0.629103 
0.229211 0.0603808 -0.640288 -0.17644 0.00322647 -0.591263 -0.163469 0.013485 -0.605151 
0.244981 0.0789046 -0.611875 0.213376 0.0711646 -0.630323 0.214775 0.0752972 -0.609172 
0.183169 0.0675573 -0.62762 0.184568 0.0716899 -0.60647 0.152963 0.0639499 -0.624917 
0.154362 0.0680825 -0.603767 0.137128 0.0747337 -0.614951 -0.179304 0.0242688 -0.595186 
-0.208111 0.024794 -0.571333 -0.19514 0.0350526 -0.58522 0.152897 0.0932574 -0.586539 
0.121292 0.0855174 -0.604986 0.0910861 0.0819101 -0.602283 0.0608799 0.0783027 -0.59958 
0.0622789 0.0824353 -0.57843 0.0306738 0.0746953 -0.596877 0.0320727 0.0788279 -0.575727 
0.0148382 0.0854791 -0.586912 -0.210975 0.0458364 -0.575255 -0.226811 0.0566201 -0.565289 
0.0306078 0.104003 -0.558499 0.0133733 0.110654 -0.569684 -0.150629 0.0823586 -0.542282 
-0.137657 0.0926172 -0.55617 -0.152028 0.078226 -0.563432 -0.182234 0.0746187 -0.560729 
-0.180835 0.0787513 -0.539579 -0.21244 0.0710113 -0.558026 -0.211041 0.0751439 -0.536876 
-0.241248 0.0715365 -0.534173 -0.00246228 0.121438 -0.559718 -0.00106329 0.12557 -0.538568 
-0.0182978 0.132222 -0.549753 -0.0614756 0.118356 -0.533163 -0.048504 0.128614 -0.54705 
-0.0628746 0.114223 -0.554313 -0.0930807 0.110616 -0.55161 -0.0916817 0.114748 -0.53046 
-0.123287 0.107008 -0.548907 -0.121888 0.111141 -0.527757 -0.152094 0.107534 -0.525054 
-0.0341334 0.143005 -0.539787 0.00639338 -0.0589193 -0.701465 -0.0238128 -0.0625267 -0.698762 
-0.0540189 -0.066134 -0.696059 0.0955469 -0.0229222 -0.692345 0.0653407 -0.0265296 -0.689643 
0.0351346 -0.030137 -0.68694 0.0179 -0.0234858 -0.698125 0.00352945 -0.0378769 -0.705387 
-0.0266767 -0.0414843 -0.702684 -0.0568828 -0.0450917 -0.699981 -0.08569 -0.0445665 -0.676128 
-0.0727184 -0.0343079 -0.690016 0.0940819 0.00225269 -0.675117 0.0638758 -0.00135468 -0.672415 
0.0466412 0.00529651 -0.683599 0.0322706 -0.00909464 -0.690862 -0.0885539 -0.0235241 -0.68005 
-0.117361 -0.0229989 -0.656197 -0.104389 -0.0127403 -0.670085 0.243648 0.0454645 -0.671404 
0.213442 0.0418571 -0.668701 0.183235 0.0382497 -0.665998 0.153029 0.0346424 -0.663295 
0.122823 0.031035 -0.660592 0.092617 0.0274276 -0.657889 0.0624108 0.0238202 -0.655187 
0.0451763 0.0304714 -0.666371 -0.120225 -0.00195657 -0.66012 -0.149032 -0.00143135 -0.636267 
-0.136061 0.00882721 -0.650154 0.211977 0.067032 -0.651473 0.18177 0.0634247 -0.64877 
0.151564 0.0598173 -0.646067 0.121358 0.0562099 -0.643364 0.091152 0.0526026 -0.640661 
0.0609459 0.0489952 -0.637958 0.0437113 0.0556464 -0.649143 -0.150497 0.0237436 -0.619039 
-0.137526 0.0340021 -0.632926 0.119893 0.0813849 -0.626136 0.0896871 0.0777775 -0.623433 
0.0594809 0.0741701 -0.62073 0.0278758 0.0664301 -0.639178 0.0292748 0.0705627 -0.618028 
0.0120403 0.0772139 -0.629212 -0.153361 0.0447859 -0.622961 -0.182168 0.0453111 -0.599108 
-0.169197 0.0555697 -0.612995 -0.00379529 0.0879977 -0.619247 -0.00239631 0.0921303 -0.598097 
-0.0196308 0.0987815 -0.609281 -0.153427 0.0740934 -0.584582 -0.140455 0.084352 -0.59847 
-0.154826 0.0699608 -0.605733 -0.183633 0.0704861 -0.581879 -0.213839 0.0668787 -0.579177 
-0.00386126 0.117305 -0.580869 -0.0354664 0.109565 -0.599316 -0.0340674 0.113698 -0.578166 
-0.0656725 0.105958 -0.596613 -0.0642736 0.11009 -0.575463 -0.0958787 0.102351 -0.59391 
-0.0944797 0.106483 -0.57276 -0.126085 0.0987432 -0.591207 -0.124686 0.102876 -0.570057 
-0.0355324 0.138873 -0.560938 0.000665515 -0.0168346 -0.709309 -0.0295406 -0.020442 -0.706606 
-0.0597468 -0.0240493 -0.703903 0.0294067 0.0119477 -0.694784 0.0121722 0.0185989 -0.705969 
-0.00219842 0.00420773 -0.713231 -0.0324046 0.000600361 -0.710528 -0.0612117 0.00112558 -0.686675 
-0.0482401 0.0113841 -0.700563 -0.0914179 -0.00248179 -0.683973 0.0279418 0.0371226 -0.677556 
0.0107072 0.0437738 -0.688741 -0.0640757 0.0221679 -0.690598 -0.0928828 0.0226931 -0.666745 
-0.0799112 0.0329517 -0.680632 -0.123089 0.0190858 -0.664042 0.0264768 0.0622976 -0.660328 
0.00924229 0.0689487 -0.671513 -0.0943478 0.0478681 -0.649516 -0.0813762 0.0581266 -0.663404 
-0.124554 0.0442607 -0.646814 -0.00659326 0.0797325 -0.661547 -0.00519428 0.0838651 -0.640397 
-0.0224288 0.0905163 -0.651582 -0.0972117 0.0689104 -0.653439 -0.127418 0.065303 -0.650736 
-0.156225 0.0658283 -0.626883 -0.143253 0.0760868 -0.64077 -0.0382644 0.1013 -0.641616 
-0.0368654 0.105433 -0.620466 -0.0684705 0.0976927 -0.638913 -0.0670715 0.101825 -0.617763 
-0.0986766 0.0940853 -0.63621 -0.0972777 0.0982179 -0.61506 -0.128883 0.090478 -0.633508 
-0.127484 0.0946106 -0.612357 -0.00506235 0.0252501 -0.717153 -0.0352685 0.0216427 -0.714451 
-0.0065273 0.050425 -0.699925 -0.0367334 0.0468176 -0.697222 -0.0669396 0.0432103 -0.69452 
-0.00799224 0.0755999 -0.682697 -0.0381984 0.0719926 -0.679994 -0.0684045 0.0683852 -0.677292 
-0.0396633 0.0971675 -0.662766 -0.0698695 0.0935601 -0.660064 -0.100076 0.0899527 -0.657361 
-0.130282 0.0863454 -0.654658 
POLYGONS 6481 19440
OFFSETS vtktypeint64
0 3 6 9 12 15 18 21 24 
27 30 33 36 39 42 45 48 51 
54 57 60 63 66 69 72 75 78 
81 84 87 90 93 96 99 102 105 
108 111 114 117 120 123 126 129 132 
135 138 141 144 147 150 153 156 159 
162 165 168 171 174 177 180 183 186 
189 192 195 198 201 204 207 210 213 
216 219 222 225 228 231 234 237 240 
243 246 249 252 255 258 261 264 267 
270 273 276 279 282 285 288 291 294 
297 300 303 306 309 312 315 318 321 
324 327 330 333 336 339 342 345 348 
351 354 357 360 363 366 369 372 375 
378 381 384 387 390 393 396 399 402 
405 408 411 414 417 420 423 426 429 
432 435 438 441 444 447 450 453 456 
459 462 465 468 471 474 477 480 483 
486 489 492 495 498 501 504 507 510 
513 516 519 522 525 528 531 534 537 
540 543 546 549 552 555 558 561 564 
567 570 573 576 579 582 585 588 591 
594 597 600 603 606 609 612 615 618 
621 624 627 630 633 636 639 642 645 
648 651 654 657 660 663 666 669 672 
675 678 681 684 687 690 693 696 699 
702 705 708 711 714 717 720 723 726 
729 732 735 738 741 744 747 750 753 
756 759 762 765 768 771 774 777 780 
783 786 789 792 795 798 801 804 807 
810 813 816 819 822 825 828 831 834 
837 840 843 846 849 852 855 858 861 
864 867 870 873 876 879 882 885 888 
891 894 897 900 903 906 909 912 915 
918 921 924 927 930 933 936 939 942 
945 948 951 954 957 960 963 966 969 
972 975 978 981 984 987 990 993 996 
999 1002 1005 1008 1011 1014 1017 1020 1023 
1026 1029 1032 1035 1038 1041 1044 1047 1050 
1053 1056 1059 1062 1065 1068 1071 1074 1077 
1080 1083 1086 1089 1092 1095 1098 1101 1104 
1107 1110 1113 1116 1119 1122 1125 1128 1131 
1134 1137 1140 1143 1146 1149 1152 1155 1158 
1161 1164 1167 1170 1173 1176 1179 1182 1185 
1188 1191 1194 1197 1200 1203 1206 1209 1212 
1215 1218 1221 1224 1227 1230 1233 1236 1239 
1242 1245 1248 1251 1254 1257 1260 1263 1266 
1269 1272 1275 1278 1281 1284 1287 1290 1293 
1296 1299 1302 1305 1308 1311 1314 1317 1320 
1323 1326 1329 1332 1335 1338 1341 1344 1347 
1350 1353 1356 1359 1362 1365 1368 1371 1374 
1377 1380 1383 1386 1389 1392 1395 1398 1401 
1404 1407 1410 1413 1416 1419 1422 1425 1428 
1431 1434 1437 1440 1443 1446 1449 1452 1455 
1458 1461 1464 1467 1470 1473 1476 1479 1482 
1485 1488 1491 1494 1497 1500 1503 1506 1509 
1512 1515 1518 1521 1524 1527 1530 1533 1536 
1539 1542 1545 1548 1551 1554 1557 1560 1563 
1566 1569 1572 1575 1578 1581 1584 1587 1590 
1593 1596 1599 1602 1605 1608 1611 1614 1617 
1620 1623 1626 1629 1632 1635 1638 1641 1644 
1647 1650 1653 1656 1659 1662 1665 1668 1671 
1674 1677 1680 1683 1686 1689 1692 1695 1698 
1701 1704 1707 1710 1713 1716 1719 1722 1725 
1728 1731 1734 1737 1740 1743 1746 1749 1752 
1755 1758 1761 1764 1767 1770 1773 1776 1779 
1782 1785 1788 1791 1794 1797 1800 1803 1806 
1809 1812 1815 1818 1821 1824 1827 1830 1833 
1836 1839 1842 1845 1848 1851 1854 1857 1860 
1863 1866 1869 1872 1875 1878 1881 1884 1887 
1890 1893 1896 1899 1902 1905 1908 1911 1914 
1917 1920 1923 1926 1929 1932 1935 1938 1941 
1944 1947 1950 1953 1956 1959 1962 1965 1968 
1971 1974 1977 1980 1983 1986 1989 1992 1995 
1998 2001 2004 2007 2010 2013 2016 2019 2022 
2025 2028 2031 2034 2037 2040 2043 2046 2049 
2052 2055 2058 2061 2064 2067 2070 2073 2076 
2079 2082 2085 2088 2091 2094 2097 2100 2103 
2106 2109 2112 2115 2118 2121 2124 2127 2130 
2133 2136 2139 2142 2145 2148 2151 2154 2157 
2160 2163 2166 2169 2172 2175 2178 2181 2184 
2187 2190 2193 2196 2199 2202 2205 2208 2211 
2214 2217 2220 2223 2226 2229 2232 2235 2238 
2241 2244 2247 2250 2253 2256 2259 2262 2265 
2268 2271 2274 2277 2280 2283 2286 2289 2292 
2295 2298 2301 2304 2307 2310 2313 2316 2319 
2322 2325 2328 2331 2334 2337 2340 2343 2346 
2349 2352 2355 2358 2361 2364 2367 2370 2373 
2376 2379 2382 2385 2388 2391 2394 2397 2400 
2403 2406 2409 2412 2415 2418 2421 2424 2427 
2430 2433 2436 2439 2442 2445 2448 2451 2454 
2457 2460 2463 2466 2469 2472 2475 2478 2481 
2484 2487 2490 2493 2496 2499 2502 2505 2508 
2511 2514 2517 2520 2523 2526 2529 2532 2535 
2538 2541 2544 2547 2550 2553 2556 2559 2562 
2565 2568 2571 2574 2577 2580 2583 2586 2589 
2592 2595 2598 2601 2604 2607 2610 2613 2616 
2619 2622 2625 2628 2631 2634 2637 2640 2643 
2646 2649 2652 2655 2658 2661 2664 2667 2670 
2673 2676 2679 2682 2685 2688 2691 2694 2697 
2700 2703 2706 2709 2712 2715 2718 2721 2724 
2727 2730 2733 2736 2739 2742 2745 2748 2751 
2754 2757 2760 2763 2766 2769 2772 2775 2778 
2781 2784 2787 2790 2793 2796 2799 2802 2805 
2808 2811 2814 2817 2820 2823 2826 2829 2832 
2835 2838 2841 2844 2847 2850 2853 2856 2859 
2862 2865 2868 2871 2874 2877 2880 2883 2886 
2889 2892 2895 2898 2901 2904 2907 2910 2913 
2916 2919 2922 2925 2928 2931 2934 2937 2940 
2943 2946 2949 2952 2955 2958 2961 2964 2967 
2970 2973 2976 2979 2982 2985 2988 2991 2994 
2997 3000 3003 3006 3009 3012 3015 3018 3021 
3024 3027 3030 3033 3036 3039 3042 3045 3048 
3051 3054 3057 3060 3063 3066 3069 3072 3075 
3078 3081 3084 3087 3090 3093 3096 3099 3102 
3105 3108 3111 3114 3117 3120 3123 3126 3129 
3132 3135 3138 3141 3144 3147 3150 3153 3156 
3159 3162 3165 3168 3171 3174 3177 3180 3183 
3186 3189 3192 3195 3198 3201 3204 3207 3210 
3213 3216 3219 3222 3225 3228 3231 3234 3237 
3240 3243 3246 3249 3252 3255 3258 3261 3264 
3267 3270 3273 3276 3279 3282 3285 3288 3291 
3294 3297 3300 3303 3306 3309 3312 3315 3318 
3321 3324 3327 3330 3333 3336 3339 3342 3345 
3348 3351 3354 3357 3360 3363 3366 3369 3372 
3375 3378 3381 3384 3387 3390 3393 3396 3399 
3402 3405 3408 3411 3414 3417 3420 3423 3426 
3429 3432 3435 3438 3441 3444 3447 3450 3453 
3456 3459 3462 3465 3468 3471 3474 3477 3480 
3483 3486 3489 3492 3495 3498 3501 3504 3507 
3510 3513 3516 3519 3522 3525 3528 3531 3534 
3537 3540 3543 3546 3549 3552 3555 3558 3561 
3564 3567 3570 3573 3576 3579 3582 3585 3588 
3591 3594 3597 3600 3603 3606 3609 3612 3615 
3618 3621 3624 3627 3630 3633 3636 3639 3642 
3645 3648 3651 3654 3657 3660 3663 3666 3669 
3672 3675 3678 3681 3684 3687 3690 3693 3696 
3699 3702 3705 3708 3711 3714 3717 3720 3723 
3726 3729 3732 3735 3738 3741 3744 3747 3750 
3753 3756 3759 3762 3765 3768 3771 3774 3777 
3780 3783 3786 3789 3792 3795 3798 3801 3804 
3807 3810 3813 3816 3819 3822 3825 3828 3831 
3834 3837 3840 3843 3846 3849 3852 3855 3858 
3861 3864 3867 3870 3873 3876 3879 3882 3885 
3888 3891 3894 3897 3900 3903 3906 3909 3912 
3915 3918 3921 3924 3927 3930 3933 3936 3939 
3942 3945 3948 3951 3954 3957 3960 3963 3966 
3969 3972 3975 3978 3981 3984 3987 3990 3993 
3996 3999 4002 4005 4008 4011 4014 4017 4020 
4023 4026 4029 4032 4035 4038 4041 4044 4047 
4050 4053 4056 4059 4062 4065 4068 4071 4074 
4077 4080 4083 4086 4089 4092 4095 4098 4101 
4104 4107 4110 4113 4116 4119 4122 4125 4128 
4131 4134 4137 4140 4143 4146 4149 4152 4155 
4158 4161 4164 4167 4170 4173 4176 4179 4182 
4185 4188 4191 4194 4197 4200 4203 4206 4209 
4212 4215 4218 4221 4224 4227 4230 4233 4236 
4239 4242 4245 4248 4251 4254 4257 4260 4263 
4266 4269 4272 4275 4278 4281 4284 4287 4290 
4293 4296 4299 4302 4305 4308 4311 4314 4317 
4320 4323 4326 4329 4332 4335 4338 4341 4344 
4347 4350 4353 4356 4359 4362 4365 4368 4371 
4374 4377 4380 4383 4386 4389 4392 4395 4398 
4401 4404 4407 4410 4413 4416 4419 4422 4425 
4428 4431 4434 4437 4440 4443 4446 4449 4452 
4455 4458 4461 4464 4467 4470 4473 4476 4479 
4482 4485 4488 4491 4494 4497 4500 4503 4506 
4509 4512 4515 4518 4521 4524 4527 4530 4533 
4536 4539 4542 4545 4548 4551 4554 4557 4560 
4563 4566 4569 4572 4575 4578 4581 4584 4587 
4590 4593 4596 4599 4602 4605 4608 4611 4614 
4617 4620 4623 4626 4629 4632 4635 4638 4641 
4644 4647 4650 4653 4656 4659 4662 4665 4668 
4671 4674 4677 4680 4683 4686 4689 4692 4695 
4698 4701 4704 4707 4710 4713 4716 4719 4722 
4725 4728 4731 4734 4737 4740 4743 4746 4749 
4752 4755 4758 4761 4764 4767 4770 4773 4776 
4779 4782 4785 4788 4791 4794 4797 4800 4803 
4806 4809 4812 4815 4818 4821 4824 4827 4830 
4833 4836 4839 4842 4845 4848 4851 4854 4857 
4860 4863 4866 4869 4872 4875 4878 4881 4884 
4887 4890 4893 4896 4899 4902 4905 4908 4911 
4914 4917 4920 4923 4926 4929 4932 4935 4938 
4941 4944 4947 4950 4953 4956 4959 4962 4965 
4968 4971 4974 4977 4980 4983 4986 4989 4992 
4995 4998 5001 5004 5007 5010 5013 5016 5019 
5022 5025 5028 5031 5034 5037 5040 5043 5046 
5049 5052 5055 5058 5061 5064 5067 5070 5073 
5076 5079 5082 5085 5088 5091 5094 5097 5100 
5103 5106 5109 5112 5115 5118 5121 5124 5127 
5130 5133 5136 5139 5142 5145 5148 5151 5154 
5157 5160 5163 5166 5169 5172 5175 5178 5181 
5184 5187 5190 5193 5196 5199 5202 5205 5208 
5211 5214 5217 5220 5223 5226 5229 5232 5235 
5238 5241 5244 5247 5250 5253 5256 5259 5262 
5265 5268 5271 5274 5277 5280 5283 5286 5289 
5292 5295 5298 5301 5304 5307 5310 5313 5316 
5319 5322 5325 5328 5331 5334 5337 5340 5343 
5346 5349 5352 5355 5358 5361 5364 5367 5370 
5373 5376 5379 5382 5385 5388 5391 5394 5397 
5400 5403 5406 5409 5412 5415 5418 5421 5424 
5427 5430 5433 5436 5439 5442 5445 5448 5451 
5454 5457 5460 5463 5466 5469 5472 5475 5478 
5481 5484 5487 5490 5493 5496 5499 5502 5505 
5508 5511 5514 5517 5520 5523 5526 5529 5532 
5535 5538 5541 5544 5547 5550 5553 5556 5559 
5562 5565 5568 5571 5574 5577 5580 5583 5586 
5589 5592 5595 5598 5601 5604 5607 5610 5613 
5616 5619 5622 5625 5628 5631 5634 5637 5640 
5643 5646 5649 5652 5655 5658 5661 5664 5667 
5670 5673 5676 5679 5682 5685 5688 5691 5694 
5697 5700 5703 5706 5709 5712 5715 5718 5721 
5724 5727 5730 5733 5736 5739 5742 5745 5748 
5751 5754 5757 5760 5763 5766 5769 5772 5775 
5778 5781 5784 5787 5790 5793 5796 5799 5802 
5805 5808 5811 5814 5817 5820 5823 5826 5829 
5832 5835 5838 5841 5844 5847 5850 5853 5856 
5859 5862 5865 5868 5871 5874 5877 5880 5883 
5886 5889 5892 5895 5898 5901 5904 5907 5910 
5913 5916 5919 5922 5925 5928 5931 5934 5937 
5940 5943 5946 5949 5952 5955 5958 5961 5964 
5967 5970 5973 5976 5979 5982 5985 5988 5991 
5994 5997 6000 6003 6006 6009 6012 6015 6018 
6021 6024 6027 6030 6033 6036 6039 6042 6045 
6048 6051 6054 6057 6060 6063 6066 6069 6072 
6075 6078 6081 6084 6087 6090 6093 6096 6099 
6102 6105 6108 6111 6114 6117 6120 6123 6126 
6129 6132 6135 6138 6141 6144 6147 6150 6153 
6156 6159 6162 6165 6168 6171 6174 6177 6180 
6183 6186 6189 6192 6195 6198 6201 6204 6207 
6210 6213 6216 6219 6222 6225 6228 6231 6234 
6237 6240 6243 6246 6249 6252 6255 6258 6261 
6264 6267 6270 6273 6276 6279 6282 6285 6288 
6291 6294 6297 6300 6303 6306 6309 6312 6315 
6318 6321 6324 6327 6330 6333 6336 6339 6342 
6345 6348 6351 6354 6357 6360 6363 6366 6369 
6372 6375 6378 6381 6384 6387 6390 6393 6396 
6399 6402 6405 6408 6411 6414 6417 6420 6423 
6426 6429 6432 6435 6438 6441 6444 6447 6450 
6453 6456 6459 6462 6465 6468 6471 6474 6477 
6480 6483 6486 6489 6492 6495 6498 6501 6504 
6507 6510 6513 6516 6519 6522 6525 6528 6531 
6534 6537 6540 6543 6546 6549 6552 6555 6558 
6561 6564 6567 6570 6573 6576 6579 6582 6585 
6588 6591 6594 6597 6600 6603 6606 6609 6612 
6615 6618 6621 6624 6627 6630 6633 6636 6639 
6642 6645 6648 6651 6654 6657 6660 6663 6666 
6669 6672 6675 6678 6681 6684 6687 6690 6693 
6696 6699 6702 6705 6708 6711 6714 6717 6720 
6723 6726 6729 6732 6735 6738 6741 6744 6747 
6750 6753 6756 6759 6762 6765 6768 6771 6774 
6777 6780 6783 6786 6789 6792 6795 6798 6801 
6804 6807 6810 6813 6816 6819 6822 6825 6828 
6831 6834 6837 6840 6843 6846 6849 6852 6855 
6858 6861 6864 6867 6870 6873 6876 6879 6882 
6885 6888 6891 6894 6897 6900 6903 6906 6909 
6912 6915 6918 6921 6924 6927 6930 6933 6936 
6939 6942 6945 6948 6951 6954 6957 6960 6963 
6966 6969 6972 6975 6978 6981 6984 6987 6990 
6993 6996 6999 7002 7005 7008 7011 7014 7017 
7020 7023 7026 7029 7032 7035 7038 7041 7044 
7047 7050 7053 7056 7059 7062 7065 7068 7071 
7074 7077 7080 7083 7086 7089 7092 7095 7098 
7101 7104 7107 7110 7113 7116 7119 7122 7125 
7128 7131 7134 7137 7140 7143 7146 7149 7152 
7155 7158 7161 7164 7167 7170 7173 7176 7179 
7182 7185 7188 7191 7194 7197 7200 7203 7206 
7209 7212 7215 7218 7221 7224 7227 7230 7233 
7236 7239 7242 7245 7248 7251 7254 7257 7260 
7263 7266 7269 7272 7275 7278 7281 7284 7287 
7290 7293 7296 7299 7302 7305 7308 7311 7314 
7317 7320 7323 7326 7329 7332 7335 7338 7341 
7344 7347 7350 7353 7356 7359 7362 7365 7368 
7371 7374 7377 7380 7383 7386 7389 7392 7395 
7398 7401 7404 7407 7410 7413 7416 7419 7422 
7425 7428 7431 7434 7437 7440 7443 7446 7449 
7452 7455 7458 7461 7464 7467 7470 7473 7476 
7479 7482 7485 7488 7491 7494 7497 7500 7503 
7506 7509 7512 7515 7518 7521 7524 7527 7530 
7533 7536 7539 7542 7545 7548 7551 7554 7557 
7560 7563 7566 7569 7572 7575 7578 7581 7584 
7587 7590 7593 7596 7599 7602 7605 7608 7611 
7614 7617 7620 7623 7626 7629 7632 7635 7638 
7641 7644 7647 7650 7653 7656 7659 7662 7665 
7668 7671 7674 7677 7680 7683 7686 7689 7692 
7695 7698 7701 7704 7707 7710 7713 7716 7719 
7722 7725 7728 7731 7734 7737 7740 7743 7746 
7749 7752 7755 7758 7761 7764 7767 7770 7773 
7776 7779 7782 7785 7788 7791 7794 7797 7800 
7803 7806 7809 7812 7815 7818 7821 7824 7827 
7830 7833 7836 7839 7842 7845 7848 7851 7854 
7857 7860 7863 7866 7869 7872 7875 7878 7881 
7884 7887 7890 7893 7896 7899 7902 7905 7908 
7911 7914 7917 7920 7923 7926 7929 7932 7935 
7938 7941 7944 7947 7950 7953 7956 7959 7962 
7965 7968 7971 7974 7977 7980 7983 7986 7989 
7992 7995 7998 8001 8004 8007 8010 8013 8016 
8019 8022 8025 8028 8031 8034 8037 8040 8043 
8046 8049 8052 8055 8058 8061 8064 8067 8070 
8073 8076 8079 8082 8085 8088 8091 8094 8097 
8100 8103 8106 8109 8112 8115 8118 8121 8124 
8127 8130 8133 8136 8139 8142 8145 8148 8151 
8154 8157 8160 8163 8166 8169 8172 8175 8178 
8181 8184 8187 8190 8193 8196 8199 8202 8205 
8208 8211 8214 8217 8220 8223 8226 8229 8232 
8235 8238 8241 8244 8247 8250 8253 8256 8259 
8262 8265 8268 8271 8274 8277 8280 8283 8286 
8289 8292 8295 8298 8301 8304 8307 8310 8313 
8316 8319 8322 8325 8328 8331 8334 8337 8340 
8343 8346 8349 8352 8355 8358 8361 8364 8367 
8370 8373 8376 8379 8382 8385 8388 8391 8394 
8397 8400 8403 8406 8409 8412 8415 8418 8421 
8424 8427 8430 8433 8436 8439 8442 8445 8448 
8451 8454 8457 8460 8463 8466 8469 8472 8475 
8478 8481 8484 8487 8490 8493 8496 8499 8502 
8505 8508 8511 8514 8517 8520 8523 8526 8529 
8532 8535 8538 8541 8544 8547 8550 8553 8556 
8559 8562 8565 8568 8571 8574 8577 8580 8583 
8586 8589 8592 8595 8598 8601 8604 8607 8610 
8613 8616 8619 8622 8625 8628 8631 8634 8637 
8640 8643 8646 8649 8652 8655 8658 8661 8664 
8667 8670 8673 8676 8679 8682 8685 8688 8691 
8694 8697 8700 8703 8706 8709 8712 8715 8718 
8721 8724 8727 8730 8733 8736 8739 8742 8745 
8748 8751 8754 8757 8760 8763 8766 8769 8772 
8775 8778 8781 8784 8787 8790 8793 8796 8799 
8802 8805 8808 8811 8814 8817 8820 8823 8826 
8829 8832 8835 8838 8841 8844 8847 8850 8853 
8856 8859 8862 8865 8868 8871 8874 8877 8880 
8883 8886 8889 8892 8895 8898 8901 8904 8907 
8910 8913 8916 8919 8922 8925 8928 8931 8934 
8937 8940 8943 8946 8949 8952 8955 8958 8961 
8964 8967 8970 8973 8976 8979 8982 8985 8988 
8991 8994 8997 9000 9003 9006 9009 9012 9015 
9018 9021 9024 9027 9030 9033 9036 9039 9042 
9045 9048 9051 9054 9057 9060 9063 9066 9069 
9072 9075 9078 9081 9084 9087 9090 9093 9096 
9099 9102 9105 9108 9111 9114 9117 9120 9123 
9126 9129 9132 9135 9138 9141 9144 9147 9150 
9153 9156 9159 9162 9165 9168 9171 9174 9177 
9180 9183 9186 9189 9192 9195 9198 9201 9204 
9207 9210 9213 9216 9219 9222 9225 9228 9231 
9234 9237 9240 9243 9246 9249 9252 9255 9258 
9261 9264 9267 9270 9273 9276 9279 9282 9285 
9288 9291 9294 9297 9300 9303 9306 9309 9312 
9315 9318 9321 9324 9327 9330 9333 9336 9339 
9342 9345 9348 9351 9354 9357 9360 9363 9366 
9369 9372 9375 9378 9381 9384 9387 9390 9393 
9396 9399 9402 9405 9408 9411 9414 9417 9420 
9423 9426 9429 9432 9435 9438 9441 9444 9447 
9450 9453 9456 9459 9462 9465 9468 9471 9474 
9477 9480 9483 9486 9489 9492 9495 9498 9501 
9504 9507 9510 9513 9516 9519 9522 9525 9528 
9531 9534 9537 9540 9543 9546 9549 9552 9555 
9558 9561 9564 9567 9570 9573 9576 9579 9582 
9585 9588 9591 9594 9597 9600 9603 9606 9609 
9612 9615 9618 9621 9624 9627 9630 9633 9636 
9639 9642 9645 9648 9651 9654 9657 9660 9663 
9666 9669 9672 9675 9678 9681 9684 9687 9690 
9693 9696 9699 9702 9705 9708 9711 9714 9717 
9720 9723 9726 9729 9732 9735 9738 9741 9744 
9747 9750 9753 9756 9759 9762 9765 9768 9771 
9774 9777 9780 9783 9786 9789 9792 9795 9798 
9801 9804 9807 9810 9813 9816 9819 9822 9825 
9828 9831 9834 9837 9840 9843 9846 9849 9852 
9855 9858 9861 9864 9867 9870 9873 9876 9879 
9882 9885 9888 9891 9894 9897 9900 9903 9906 
9909 9912 9915 9918 9921 9924 9927 9930 9933 
9936 9939 9942 9945 9948 9951 9954 9957 9960 
9963 9966 9969 9972 9975 9978 9981 9984 9987 
9990 9993 9996 9999 10002 10005 10008 10011 10014 
10017 10020 10023 10026 10029 10032 10035 10038 10041 
10044 10047 10050 10053 10056 10059 10062 10065 10068 
10071 10074 10077 10080 10083 10086 10089 10092 10095 
10098 10101 10104 10107 10110 10113 10116 10119 10122 
10125 10128 10131 10134 10137 10140 10143 10146 10149 
10152 10155 10158 10161 10164 10167 10170 10173 10176 
10179 10182 10185 10188 10191 10194 10197 10200 10203 
10206 10209 10212 10215 10218 10221 10224 10227 10230 
10233 10236 10239 10242 10245 10248 10251 10254 10257 
10260 10263 10266 10269 10272 10275 10278 10281 10284 
10287 10290 10293 10296 10299 10302 10305 10308 10311 
10314 10317 10320 10323 10326 10329 10332 10335 10338 
10341 10344 10347 10350 10353 10356 10359 10362 10365 
10368 10371 10374 10377 10380 10383 10386 10389 10392 
10395 10398 10401 10404 10407 10410 10413 10416 10419 
10422 10425 10428 10431 10434 10437 10440 10443 10446 
10449 10452 10455 10458 10461 10464 10467 10470 10473 
10476 10479 10482 10485 10488 10491 10494 10497 10500 
10503 10506 10509 10512 10515 10518 10521 10524 10527 
10530 10533 10536 10539 10542 10545 10548 10551 10554 
10557 10560 10563 10566 10569 10572 10575 10578 10581 
10584 10587 10590 10593 10596 10599 10602 10605 10608 
10611 10614 10617 10620 10623 10626 10629 10632 10635 
10638 10641 10644 10647 10650 10653 10656 10659 10662 
10665 10668 10671 10674 10677 10680 10683 10686 10689 
10692 10695 10698 10701 10704 10707 10710 10713 10716 
10719 10722 10725 10728 10731 10734 10737 10740 10743 
10746 10749 10752 10755 10758 10761 10764 10767 10770 
10773 10776 10779 10782 10785 10788 10791 10794 10797 
10800 10803 10806 10809 10812 10815 10818 10821 10824 
10827 10830 10833 10836 10839 10842 10845 10848 10851 
10854 10857 10860 10863 10866 10869 10872 10875 10878 
10881 10884 10887 10890 10893 10896 10899 10902 10905 
10908 10911 10914 10917 10920 10923 10926 10929 10932 
10935 10938 10941 10944 10947 10950 10953 10956 10959 
10962 10965 10968 10971 10974 10977 10980 10983 10986 
10989 10992 10995 10998 11001 11004 11007 11010 11013 
11016 11019 11022 11025 11028 11031 11034 11037 11040 
11043 11046 11049 11052 11055 11058 11061 11064 11067 
11070 11073 11076 11079 11082 11085 11088 11091 11094 
11097 11100 11103 11106 11109 11112 11115 11118 11121 
11124 11127 11130 11133 11136 11139 11142 11145 11148 
11151 11154 11157 11160 11163 11166 11169 11172 11175 
11178 11181 11184 11187 11190 11193 11196 11199 11202 
11205 11208 11211 11214 11217 11220 11223 11226 11229 
11232 11235 11238 11241 11244 11247 11250 11253 11256 
11259 11262 11265 11268 11271 11274 11277 11280 11283 
11286 11289 11292 11295 11298 11301 11304 11307 11310 
11313 11316 11319 11322 11325 11328 11331 11334 11337 
11340 11343 11346 11349 11352 11355 11358 11361 11364 
11367 11370 11373 11376 11379 11382 11385 11388 11391 
11394 11397 11400 11403 11406 11409 11412 11415 11418 
11421 11424 11427 11430 11433 11436 11439 11442 11445 
11448 11451 11454 11457 11460 11463 11466 11469 11472 
11475 11478 11481 11484 11487 11490 11493 11496 11499 
11502 11505 11508 11511 11514 11517 11520 11523 11526 
11529 11532 11535 11538 11541 11544 11547 11550 11553 
11556 11559 11562 11565 11568 11571 11574 11577 11580 
11583 11586 11589 11592 11595 11598 11601 11604 11607 
11610 11613 11616 11619 11622 11625 11628 11631 11634 
11637 11640 11643 11646 11649 11652 11655 11658 11661 
11664 11667 11670 11673 11676 11679 11682 11685 11688 
11691 11694 11697 11700 11703 11706 11709 11712 11715 
11718 11721 11724 11727 11730 11733 11736 11739 11742 
11745 11748 11751 11754 11757 11760 11763 11766 11769 
11772 11775 11778 11781 11784 11787 11790 11793 11796 
11799 11802 11805 11808 11811 11814 11817 11820 11823 
11826 11829 11832 11835 11838 11841 11844 11847 11850 
11853 11856 11859 11862 11865 11868 11871 11874 11877 
11880 11883 11886 11889 11892 11895 11898 11901 11904 
11907 11910 11913 11916 11919 11922 11925 11928 11931 
11934 11937 11940 11943 11946 11949 11952 11955 11958 
11961 11964 11967 11970 11973 11976 11979 11982 11985 
11988 11991 11994 11997 12000 12003 12006 12009 12012 
12015 12018 12021 12024 12027 12030 12033 12036 12039 
12042 12045 12048 12051 12054 12057 12060 12063 12066 
12069 12072 12075 12078 12081 12084 12087 12090 12093 
12096 12099 12102 12105 12108 12111 12114 12117 12120 
12123 12126 12129 12132 12135 12138 12141 12144 12147 
12150 12153 12156 12159 12162 12165 12168 12171 12174 
12177 12180 12183 12186 12189 12192 12195 12198 12201 
12204 12207 12210 12213 12216 12219 12222 12225 12228 
12231 12234 12237 12240 12243 12246 12249 12252 12255 
12258 12261 12264 12267 12270 12273 12276 12279 12282 
12285 12288 12291 12294 12297 12300 12303 12306 12309 
12312 12315 12318 12321 12324 12327 12330 12333 12336 
12339 12342 12345 12348 12351 12354 12357 12360 12363 
12366 12369 12372 12375 12378 12381 12384 12387 12390 
12393 12396 12399 12402 12405 12408 12411 12414 12417 
12420 12423 12426 12429 12432 12435 12438 12441 12444 
12447 12450 12453 12456 12459 12462 12465 12468 12471 
12474 12477 12480 12483 12486 12489 12492 12495 12498 
12501 12504 12507 12510 12513 12516 12519 12522 12525 
12528 12531 12534 12537 12540 12543 12546 12549 12552 
12555 12558 12561 12564 12567 12570 12573 12576 12579 
12582 12585 12588 12591 12594 12597 12600 12603 12606 
12609 12612 12615 12618 12621 12624 12627 12630 12633 
12636 12639 12642 12645 12648 12651 12654 12657 12660 
12663 12666 12669 12672 12675 12678 12681 12684 12687 
12690 12693 12696 12699 12702 12705 12708 12711 12714 
12717 12720 12723 12726 12729 12732 12735 12738 12741 
12744 12747 12750 12753 12756 12759 12762 12765 12768 
12771 12774 12777 12780 12783 12786 12789 12792 12795 
12798 12801 12804 12807 12810 12813 12816 12819 12822 
12825 12828 12831 12834 12837 12840 12843 12846 12849 
12852 12855 12858 12861 12864 12867 12870 12873 12876 
12879 12882 12885 12888 12891 12894 12897 12900 12903 
12906 12909 12912 12915 12918 12921 12924 12927 12930 
12933 12936 12939 12942 12945 12948 12951 12954 12957 
12960 12963 12966 12969 12972 12975 12978 12981 12984 
12987 12990 12993 12996 12999 13002 13005 13008 13011 
13014 13017 13020 13023 13026 13029 13032 13035 13038 
13041 13044 13047 13050 13053 13056 13059 13062 13065 
13068 13071 13074 13077 13080 13083 13086 13089 13092 
13095 13098 13101 13104 13107 13110 13113 13116 13119 
13122 13125 13128 13131 13134 13137 13140 13143 13146 
13149 13152 13155 13158 13161 13164 13167 13170 13173 
13176 13179 13182 13185 13188 13191 13194 13197 13200 
13203 13206 13209 13212 13215 13218 13221 13224 13227 
13230 13233 13236 13239 13242 13245 13248 13251 13254 
13257 13260 13263 13266 13269 13272 13275 13278 13281 
13284 13287 13290 13293 13296 13299 13302 13305 13308 
13311 13314 13317 13320 13323 13326 13329 13332 13335 
13338 13341 13344 13347 13350 13353 13356 13359 13362 
13365 13368 13371 13374 13377 13380 13383 13386 13389 
13392 13395 13398 13401 13404 13407 13410 13413 13416 
13419 13422 13425 13428 13431 13434 13437 13440 13443 
13446 13449 13452 13455 13458 13461 13464 13467 13470 
13473 13476 13479 13482 13485 13488 13491 13494 13497 
13500 13503 13506 13509 13512 13515 13518 13521 13524 
13527 13530 13533 13536 13539 13542 13545 13548 13551 
13554 13557 13560 13563 13566 13569 13572 13575 13578 
13581 13584 13587 13590 13593 13596 13599 13602 13605 
13608 13611 13614 13617 13620 13623 13626 13629 13632 
13635 13638 13641 13644 13647 13650 13653 13656 13659 
13662 13665 13668 13671 13674 13677 13680 13683 13686 
13689 13692 13695 13698 13701 13704 13707 13710 13713 
13716 13719 13722 13725 13728 13731 13734 13737 13740 
13743 13746 13749 13752 13755 13758 13761 13764 13767 
13770 13773 13776 13779 13782 13785 13788 13791 13794 
13797 13800 13803 13806 13809 13812 13815 13818 13821 
13824 13827 13830 13833 13836 13839 13842 13845 13848 
13851 13854 13857 13860 13863 13866 13869 13872 13875 
13878 13881 13884 13887 13890 13893 13896 13899 13902 
13905 13908 13911 13914 13917 13920 13923 13926 13929 
13932 13935 13938 13941 13944 13947 13950 13953 13956 
13959 13962 13965 13968 13971 13974 13977 13980 13983 
13986 13989 13992 13995 13998 14001 14004 14007 14010 
14013 14016 14019 14022 14025 14028 14031 14034 14037 
14040 14043 14046 14049 14052 14055 14058 14061 14064 
14067 14070 14073 14076 14079 14082 14085 14088 14091 
14094 14097 14100 14103 14106 14109 14112 14115 14118 
14121 14124 14127 14130 14133 14136 14139 14142 14145 
14148 14151 14154 14157 14160 14163 14166 14169 14172 
14175 14178 14181 14184 14187 14190 14193 14196 14199 
14202 14205 14208 14211 14214 14217 14220 14223 14226 
14229 14232 14235 14238 14241 14244 14247 14250 14253 
14256 14259 14262 14265 14268 14271 14274 14277 14280 
14283 14286 14289 14292 14295 14298 14301 14304 14307 
14310 14313 14316 14319 14322 14325 14328 14331 14334 
14337 14340 14343 14346 14349 14352 14355 14358 14361 
14364 14367 14370 14373 14376 14379 14382 14385 14388 
14391 14394 14397 14400 14403 14406 14409 14412 14415 
14418 14421 14424 14427 14430 14433 14436 14439 14442 
14445 14448 14451 14454 14457 14460 14463 14466 14469 
14472 14475 14478 14481 14484 14487 14490 14493 14496 
14499 14502 14505 14508 14511 14514 14517 14520 14523 
14526 14529 14532 14535 14538 14541 14544 14547 14550 
14553 14556 14559 14562 14565 14568 14571 14574 14577 
14580 14583 14586 14589 14592 14595 14598 14601 14604 
14607 14610 14613 14616 14619 14622 14625 14628 14631 
14634 14637 14640 14643 14646 14649 14652 14655 14658 
14661 14664 14667 14670 14673 14676 14679 14682 14685 
14688 14691 14694 14697 14700 14703 14706 14709 14712 
14715 14718 14721 14724 14727 14730 14733 14736 14739 
14742 14745 14748 14751 14754 14757 14760 14763 14766 
14769 14772 14775 14778 14781 14784 14787 14790 14793 
14796 14799 14802 14805 14808 14811 14814 14817 14820 
14823 14826 14829 14832 14835 14838 14841 14844 14847 
14850 14853 14856 14859 14862 14865 14868 14871 14874 
14877 14880 14883 14886 14889 14892 14895 14898 14901 
14904 14907 14910 14913 14916 14919 14922 14925 14928 
14931 14934 14937 14940 14943 14946 14949 14952 14955 
14958 14961 14964 14967 14970 14973 14976 14979 14982 
14985 14988 14991 14994 14997 15000 15003 15006 15009 
15012 15015 15018 15021 15024 15027 15030 15033 15036 
15039 15042 15045 15048 15051 15054 15057 15060 15063 
15066 15069 15072 15075 15078 15081 15084 15087 15090 
15093 15096 15099 15102 15105 15108 15111 15114 15117 
15120 15123 15126 15129 15132 15135 15138 15141 15144 
15147 15150 15153 15156 15159 15162 15165 15168 15171 
15174 15177 15180 15183 15186 15189 15192 15195 15198 
15201 15204 15207 15210 15213 15216 15219 15222 15225 
15228 15231 15234 15237 15240 15243 15246 15249 15252 
15255 15258 15261 15264 15267 15270 15273 15276 15279 
15282 15285 15288 15291 15294 15297 15300 15303 15306 
15309 15312 15315 15318 15321 15324 15327 15330 15333 
15336 15339 15342 15345 15348 15351 15354 15357 15360 
15363 15366 15369 15372 15375 15378 15381 15384 15387 
15390 15393 15396 15399 15402 15405 15408 15411 15414 
15417 15420 15423 15426 15429 15432 15435 15438 15441 
15444 15447 15450 15453 15456 15459 15462 15465 15468 
15471 15474 15477 15480 15483 15486 15489 15492 15495 
15498 15501 15504 15507 15510 15513 15516 15519 15522 
15525 15528 15531 15534 15537 15540 15543 15546 15549 
15552 15555 15558 15561 15564 15567 15570 15573 15576 
15579 15582 15585 15588 15591 15594 15597 15600 15603 
15606 15609 15612 15615 15618 15621 15624 15627 15630 
15633 15636 15639 15642 15645 15648 15651 15654 15657 
15660 15663 15666 15669 15672 15675 15678 15681 15684 
15687 15690 15693 15696 15699 15702 15705 15708 15711 
15714 15717 15720 15723 15726 15729 15732 15735 15738 
15741 15744 15747 15750 15753 15756 15759 15762 15765 
15768 15771 15774 15777 15780 15783 15786 15789 15792 
15795 15798 15801 15804 15807 15810 15813 15816 15819 
15822 15825 15828 15831 15834 15837 15840 15843 15846 
15849 15852 15855 15858 15861 15864 15867 15870 15873 
15876 15879 15882 15885 15888 15891 15894 15897 15900 
15903 15906 15909 15912 15915 15918 15921 15924 15927 
15930 15933 15936 15939 15942 15945 15948 15951 15954 
15957 15960 15963 15966 15969 15972 15975 15978 15981 
15984 15987 15990 15993 15996 15999 16002 16005 16008 
16011 16014 16017 16020 16023 16026 16029 16032 16035 
16038 16041 16044 16047 16050 16053 16056 16059 16062 
16065 16068 16071 16074 16077 16080 16083 16086 16089 
16092 16095 16098 16101 16104 16107 16110 16113 16116 
16119 16122 16125 16128 16131 16134 16137 16140 16143 
16146 16149 16152 16155 16158 16161 16164 16167 16170 
16173 16176 16179 16182 16185 16188 16191 16194 16197 
16200 16203 16206 16209 16212 16215 16218 16221 16224 
16227 16230 16233 16236 16239 16242 16245 16248 16251 
16254 16257 16260 16263 16266 16269 16272 16275 16278 
16281 16284 16287 16290 16293 16296 16299 16302 16305 
16308 16311 16314 16317 16320 16323 16326 16329 16332 
16335 16338 16341 16344 16347 16350 16353 16356 16359 
16362 16365 16368 16371 16374 16377 16380 16383 16386 
16389 16392 16395 16398 16401 16404 16407 16410 16413 
16416 16419 16422 16425 16428 16431 16434 16437 16440 
16443 16446 16449 16452 16455 16458 16461 16464 16467 
16470 16473 16476 16479 16482 16485 16488 16491 16494 
16497 16500 16503 16506 16509 16512 16515 16518 16521 
16524 16527 16530 16533 16536 16539 16542 16545 16548 
16551 16554 16557 16560 16563 16566 16569 16572 16575 
16578 16581 16584 16587 16590 16593 16596 16599 16602 
16605 16608 16611 16614 16617 16620 16623 16626 16629 
16632 16635 16638 16641 16644 16647 16650 16653 16656 
16659 16662 16665 16668 16671 16674 16677 16680 16683 
16686 16689 16692 16695 16698 16701 16704 16707 16710 
16713 16716 16719 16722 16725 16728 16731 16734 16737 
16740 16743 16746 16749 16752 16755 16758 16761 16764 
16767 16770 16773 16776 16779 16782 16785 16788 16791 
16794 16797 16800 16803 16806 16809 16812 16815 16818 
16821 16824 16827 16830 16833 16836 16839 16842 16845 
16848 16851 16854 16857 16860 16863 16866 16869 16872 
16875 16878 16881 16884 16887 16890 16893 16896 16899 
16902 16905 16908 16911 16914 16917 16920 16923 16926 
16929 16932 16935 16938 16941 16944 16947 16950 16953 
16956 16959 16962 16965 16968 16971 16974 16977 16980 
16983 16986 16989 16992 16995 16998 17001 17004 17007 
17010 17013 17016 17019 17022 17025 17028 17031 17034 
17037 17040 17043 17046 17049 17052 17055 17058 17061 
17064 17067 17070 17073 17076 17079 17082 17085 17088 
17091 17094 17097 17100 17103 17106 17109 17112 17115 
17118 17121 17124 17127 17130 17133 17136 17139 17142 
17145 17148 17151 17154 17157 17160 17163 17166 17169 
17172 17175 17178 17181 17184 17187 17190 17193 17196 
17199 17202 17205 17208 17211 17214 17217 17220 17223 
17226 17229 17232 17235 17238 17241 17244 17247 17250 
17253 17256 17259 17262 17265 17268 17271 17274 17277 
17280 17283 17286 17289 17292 17295 17298 17301 17304 
17307 17310 17313 17316 17319 17322 17325 17328 17331 
17334 17337 17340 17343 17346 17349 17352 17355 17358 
17361 17364 17367 17370 17373 17376 17379 17382 17385 
17388 17391 17394 17397 17400 17403 17406 17409 17412 
17415 17418 17421 17424 17427 17430 17433 17436 17439 
17442 17445 17448 17451 17454 17457 17460 17463 17466 
17469 17472 17475 17478 17481 17484 17487 17490 17493 
17496 17499 17502 17505 17508 17511 17514 17517 17520 
17523 17526 17529 17532 17535 17538 17541 17544 17547 
17550 17553 17556 17559 17562 17565 17568 17571 17574 
17577 17580 17583 17586 17589 17592 17595 17598 17601 
17604 17607 17610 17613 17616 17619 17622 17625 17628 
17631 17634 17637 17640 17643 17646 17649 17652 17655 
17658 17661 17664 17667 17670 17673 17676 17679 17682 
17685 17688 17691 17694 17697 17700 17703 17706 17709 
17712 17715 17718 17721 17724 17727 17730 17733 17736 
17739 17742 17745 17748 17751 17754 17757 17760 17763 
17766 17769 17772 17775 17778 17781 17784 17787 17790 
17793 17796 17799 17802 17805 17808 17811 17814 17817 
17820 17823 17826 17829 17832 17835 17838 17841 17844 
17847 17850 17853 17856 17859 17862 17865 17868 17871 
17874 17877 17880 17883 17886 17889 17892 17895 17898 
17901 17904 17907 17910 17913 17916 17919 17922 17925 
17928 17931 17934 17937 17940 17943 17946 17949 17952 
17955 17958 17961 17964 17967 17970 17973 17976 17979 
17982 17985 17988 17991 17994 17997 18000 18003 18006 
18009 18012 18015 18018 18021 18024 18027 18030 18033 
18036 18039 18042 18045 18048 18051 18054 18057 18060 
18063 18066 18069 18072 18075 18078 18081 18084 18087 
18090 18093 18096 18099 18102 18105 18108 18111 18114 
18117 18120 18123 18126 18129 18132 18135 18138 18141 
18144 18147 18150 18153 18156 18159 18162 18165 18168 
18171 18174 18177 18180 18183 18186 18189 18192 18195 
18198 18201 18204 18207 18210 18213 18216 18219 18222 
18225 18228 18231 18234 18237 18240 18243 18246 18249 
18252 18255 18258 18261 18264 18267 18270 18273 18276 
18279 18282 18285 18288 18291 18294 18297 18300 18303 
18306 18309 18312 18315 18318 18321 18324 18327 18330 
18333 18336 18339 18342 18345 18348 18351 18354 18357 
18360 18363 18366 18369 18372 18375 18378 18381 18384 
18387 18390 18393 18396 18399 18402 18405 18408 18411 
18414 18417 18420 18423 18426 18429 18432 18435 18438 
18441 18444 18447 18450 18453 18456 18459 18462 18465 
18468 18471 18474 18477 18480 18483 18486 18489 18492 
18495 18498 18501 18504 18507 18510 18513 18516 18519 
18522 18525 18528 18531 18534 18537 18540 18543 18546 
18549 18552 18555 18558 18561 18564 18567 18570 18573 
18576 18579 18582 18585 18588 18591 18594 18597 18600 
18603 18606 18609 18612 18615 18618 18621 18624 18627 
18630 18633 18636 18639 18642 18645 18648 18651 18654 
18657 18660 18663 18666 18669 18672 18675 18678 18681 
18684 18687 18690 18693 18696 18699 18702 18705 18708 
18711 18714 18717 18720 18723 18726 18729 18732 18735 
18738 18741 18744 18747 18750 18753 18756 18759 18762 
18765 18768 18771 18774 18777 18780 18783 18786 18789 
18792 18795 18798 18801 18804 18807 18810 18813 18816 
18819 18822 18825 18828 18831 18834 18837 18840 18843 
18846 18849 18852 18855 18858 18861 18864 18867 18870 
18873 18876 18879 18882 18885 18888 18891 18894 18897 
18900 18903 18906 18909 18912 18915 18918 18921 18924 
18927 18930 18933 18936 18939 18942 18945 18948 18951 
18954 18957 18960 18963 18966 18969 18972 18975 18978 
18981 18984 18987 18990 18993 18996 18999 19002 19005 
19008 19011 19014 19017 19020 19023 19026 19029 19032 
19035 19038 19041 19044 19047 19050 19053 19056 19059 
19062 19065 19068 19071 19074 19077 19080 19083 19086 
19089 19092 19095 19098 19101 19104 19107 19110 19113 
19116 19119 19122 19125 19128 19131 19134 19137 19140 
19143 19146 19149 19152 19155 19158 19161 19164 19167 
19170 19173 19176 19179 19182 19185 19188 19191 19194 
19197 19200 19203 19206 19209 19212 19215 19218 19221 
19224 19227 19230 19233 19236 19239 19242 19245 19248 
19251 19254 19257 19260 19263 19266 19269 19272 19275 
19278 19281 19284 19287 19290 19293 19296 19299 19302 
19305 19308 19311 19314 19317 19320 19323 19326 19329 
19332 19335 19338 19341 19344 19347 19350 19353 19356 
19359 19362 19365 19368 19371 19374 19377 19380 19383 
19386 19389 19392 19395 19398 19401 19404 19407 19410 
19413 19416 19419 19422 19425 19428 19431 19434 19437 
19440 
CONNECTIVITY vtktypeint64
0 1 2 1 0 3 4 0 2 
5 4 2 6 3 0 6 0 7 
7 0 4 7 8 9 6 7 9 
8 10 11 9 8 11 10 12 13 
11 10 13 12 14 15 13 12 15 
15 14 16 4 5 17 7 4 17 
18 7 17 18 19 20 18 20 7 
7 20 8 10 8 21 21 8 20 
12 10 22 22 10 21 14 12 23 
23 12 22 24 16 14 24 14 25 
25 14 23 24 25 26 20 19 27 
27 28 29 27 29 20 20 29 21 
22 21 30 30 21 29 23 22 31 
31 22 30 25 23 32 32 23 31 
33 26 25 33 25 34 34 25 32 
33 34 35 29 28 36 36 37 38 
36 38 29 29 38 30 31 30 39 
39 30 38 32 31 40 40 31 39 
34 32 41 41 32 40 42 35 34 
42 34 43 43 34 41 42 43 44 
38 37 45 45 46 47 45 47 38 
38 47 39 40 39 48 48 39 47 
41 40 49 49 40 48 43 41 50 
50 41 49 51 44 43 50 51 43 
47 46 52 52 53 54 52 54 47 
47 54 48 49 48 55 55 48 54 
50 49 56 56 49 55 57 51 50 
56 57 50 54 53 58 55 54 58 
59 55 58 56 55 59 60 56 59 
57 56 60 61 62 63 61 64 65 
62 61 65 64 66 67 65 64 67 
66 68 69 67 66 69 69 68 70 
71 61 63 72 71 63 64 61 73 
73 61 71 66 64 74 74 64 73 
68 66 75 75 66 74 76 70 68 
76 68 77 77 68 75 77 78 79 
76 77 79 79 78 80 71 72 81 
81 82 83 81 83 71 71 83 73 
74 73 84 84 73 83 75 74 85 
85 74 84 77 75 86 86 75 85 
78 77 87 87 77 86 88 80 78 
88 78 89 89 78 87 89 90 91 
88 89 91 90 92 93 91 90 93 
92 94 95 93 92 95 95 94 96 
97 83 82 98 97 82 84 83 99 
99 83 97 85 84 100 100 84 99 
1 100 2 1 86 100 86 85 100 
3 86 1 3 101 86 101 87 86 
89 87 102 102 87 101 90 89 103 
103 89 102 92 90 104 104 90 103 
94 92 105 105 92 104 106 96 94 
106 94 107 107 94 105 107 108 109 
106 107 109 109 108 110 97 98 111 
99 97 111 112 99 111 112 113 114 
112 114 99 99 114 100 2 114 5 
100 114 2 3 6 101 9 101 6 
102 101 9 11 102 9 103 102 11 
13 103 11 104 103 13 15 104 13 
105 104 15 16 105 15 16 115 105 
115 107 105 108 107 116 116 107 115 
117 110 108 117 108 118 118 108 116 
118 119 120 117 118 120 120 119 121 
114 113 122 5 114 122 5 122 17 
17 122 123 124 123 125 124 18 123 
18 17 123 18 124 19 16 24 115 
26 115 24 26 126 115 126 116 115 
118 116 127 127 116 126 119 118 128 
128 118 127 129 121 119 128 129 119 
124 125 130 19 124 130 19 130 27 
27 130 131 131 28 27 132 28 131 
26 33 126 35 126 33 35 133 126 
133 127 126 128 127 134 134 127 133 
135 129 128 135 128 136 136 128 134 
135 136 137 28 132 138 36 28 138 
138 37 36 139 37 138 35 42 133 
44 133 42 44 140 133 140 134 133 
136 134 141 141 134 140 142 137 136 
141 142 136 37 139 143 45 37 143 
143 46 45 144 46 143 140 51 145 
44 51 140 146 147 141 146 141 145 
145 141 140 142 141 147 46 144 148 
52 46 148 148 53 52 149 53 148 
145 150 151 145 51 150 51 57 150 
146 145 151 53 149 152 58 53 152 
59 58 153 58 152 153 60 59 154 
59 153 154 150 57 60 154 150 60 
155 156 157 155 158 159 156 155 159 
158 160 161 159 158 161 160 162 163 
161 160 163 162 164 165 163 162 165 
164 166 167 165 164 167 167 166 168 
169 155 157 170 169 157 62 169 63 
62 158 169 158 155 169 65 158 62 
160 158 65 67 160 65 162 160 67 
69 162 67 164 162 69 70 164 69 
70 171 164 171 166 164 172 168 166 
172 166 173 173 166 171 173 174 175 
172 173 175 174 176 177 175 174 177 
177 176 178 179 169 170 180 179 170 
63 179 72 169 179 63 70 76 171 
79 171 76 173 171 79 80 173 79 
80 181 173 181 174 173 176 174 182 
182 174 181 183 178 176 183 176 184 
184 176 182 184 185 186 183 184 186 
186 185 187 179 180 188 189 188 190 
81 188 189 81 179 188 81 72 179 
81 189 82 80 88 181 91 181 88 
182 181 91 93 182 91 184 182 93 
95 184 93 185 184 95 96 191 192 
95 96 192 95 192 187 95 187 185 
191 193 194 192 191 194 193 195 196 
194 193 196 195 197 198 196 195 198 
197 199 200 198 197 200 199 201 202 
200 199 202 201 203 204 202 201 204 
204 203 205 189 190 206 206 82 189 
206 207 82 207 98 82 96 106 191 
109 191 106 193 191 109 110 193 109 
110 208 193 208 195 193 197 195 209 
209 195 208 199 197 210 210 197 209 
201 199 211 211 199 210 203 201 212 
212 201 211 213 205 203 213 203 214 
214 203 212 213 214 215 98 207 216 
111 98 216 217 216 218 217 112 216 
112 111 216 112 217 113 110 117 208 
120 208 117 209 208 120 121 209 120 
121 219 209 219 210 209 211 210 220 
220 210 219 212 211 221 221 211 220 
222 223 214 222 214 221 221 214 212 
215 214 223 217 218 224 113 217 224 
113 224 122 122 224 225 123 122 226 
122 225 226 125 227 228 125 123 227 
123 226 227 227 229 228 219 129 230 
121 129 219 220 219 231 231 219 230 
232 233 221 232 221 231 231 221 220 
222 221 233 125 228 130 228 229 234 
228 234 130 130 234 131 132 235 236 
132 131 235 131 234 235 235 237 236 
129 135 230 238 231 230 238 230 137 
238 137 239 135 137 230 232 231 238 
132 236 138 139 240 241 138 240 139 
138 237 240 138 236 237 240 242 241 
137 142 239 239 142 243 139 241 143 
241 144 143 241 242 144 242 244 144 
147 245 246 146 245 147 243 142 147 
246 243 147 144 244 247 148 144 247 
149 248 249 149 148 248 148 247 248 
249 250 251 248 250 249 251 252 253 
250 252 251 253 151 150 253 252 151 
252 254 151 245 146 151 254 245 151 
149 249 152 153 152 249 251 153 249 
154 153 251 253 154 251 150 154 253 
255 256 257 255 258 259 256 255 259 
258 260 261 259 258 261 261 260 262 
263 255 257 264 263 257 258 255 265 
265 255 263 260 258 266 266 258 265 
267 262 260 267 260 268 268 260 266 
268 269 270 267 268 270 270 269 271 
156 272 273 157 156 273 264 159 263 
264 272 159 272 156 159 161 263 159 
265 263 161 163 265 161 266 265 163 
165 266 163 268 266 165 167 268 165 
269 268 167 168 274 275 167 168 275 
167 275 271 167 271 269 274 276 277 
275 274 277 277 276 278 157 273 170 
273 279 170 168 172 274 175 274 172 
276 274 175 276 280 278 276 175 280 
175 177 280 178 281 282 178 282 177 
177 282 280 281 283 284 282 281 284 
284 283 285 286 287 288 286 289 290 
287 286 290 290 289 291 170 279 180 
279 292 180 178 183 281 186 281 183 
283 281 186 187 293 294 186 187 294 
186 294 285 186 285 283 293 295 296 
294 293 296 295 297 298 296 295 298 
297 299 300 298 297 300 299 301 302 
300 299 302 288 302 301 288 301 286 
286 301 303 289 286 304 304 286 303 
305 291 289 304 305 289 180 292 306 
188 180 306 306 190 188 307 190 306 
187 192 293 194 293 192 295 293 194 
196 295 194 297 295 196 198 297 196 
299 297 198 200 299 198 301 299 200 
202 301 200 303 301 202 204 303 202 
304 303 204 205 308 309 204 205 309 
204 309 305 204 305 304 309 308 310 
190 307 311 206 190 311 311 207 206 
312 207 311 313 205 213 313 314 205 
308 205 315 315 205 314 308 315 310 
213 215 313 207 312 316 216 207 316 
218 317 318 218 216 317 216 316 317 
317 319 318 320 321 322 314 320 322 
313 320 314 313 222 320 313 223 222 
215 223 313 218 318 224 318 319 323 
318 323 224 224 323 225 226 225 324 
225 323 324 227 226 325 226 324 325 
325 229 227 326 229 325 233 321 320 
233 232 321 232 327 321 222 233 320 
229 326 328 234 229 328 235 234 329 
234 328 329 329 237 235 330 237 329 
238 331 332 239 331 238 327 232 238 
332 327 238 237 330 333 240 237 333 
333 242 240 334 242 333 335 336 337 
335 337 331 335 331 243 243 331 239 
338 339 244 338 244 334 334 244 242 
338 340 339 341 342 343 341 344 345 
343 344 341 336 345 344 335 345 336 
335 245 345 335 246 245 243 246 335 
244 339 247 339 340 346 339 346 247 
247 346 248 250 248 347 248 346 347 
342 341 252 342 252 347 347 252 250 
254 252 341 345 254 341 245 254 345 
348 349 350 349 348 351 352 353 354 
352 355 356 353 352 356 350 356 355 
350 355 348 348 355 357 358 351 348 
358 348 359 359 348 357 358 359 360 
256 352 354 256 354 257 257 354 361 
259 352 256 355 352 259 261 355 259 
357 355 261 262 357 261 262 362 357 
362 359 357 363 360 359 363 359 364 
364 359 362 363 364 365 257 361 264 
361 366 264 262 267 362 270 362 267 
364 362 270 271 367 368 270 271 368 
270 368 365 270 365 364 367 369 370 
368 367 370 370 369 371 372 373 374 
372 375 376 373 372 376 376 375 377 
272 378 273 272 379 378 272 264 379 
264 366 379 271 275 367 277 367 275 
369 367 277 278 380 381 277 278 381 
277 381 371 277 371 369 380 382 383 
381 380 383 382 384 385 383 382 385 
385 384 386 387 388 389 387 390 391 
388 387 391 374 391 390 374 390 372 
372 390 392 375 372 393 393 372 392 
394 377 375 393 394 375 378 395 279 
273 378 279 396 378 379 395 378 396 
278 280 380 282 380 280 382 380 282 
284 382 282 384 382 284 285 397 398 
284 285 398 284 398 386 284 386 384 
397 399 400 398 397 400 399 401 402 
400 399 402 401 403 404 402 401 404 
389 404 403 389 403 387 387 403 405 
287 405 288 287 390 405 390 387 405 
290 390 287 392 390 290 291 392 290 
291 406 392 406 393 392 407 394 393 
406 407 393 395 408 292 279 395 292 
409 395 396 408 395 409 285 294 397 
296 397 294 399 397 296 298 399 296 
401 399 298 300 401 298 403 401 300 
302 403 300 405 403 302 288 405 302 
406 305 410 291 305 406 411 407 406 
411 406 412 412 406 410 411 412 413 
292 408 306 408 307 306 408 409 307 
409 414 307 305 309 410 415 412 410 
415 410 310 415 310 416 309 310 410 
413 412 415 307 414 417 311 307 417 
417 312 311 418 312 417 315 419 420 
314 419 315 416 310 315 420 416 315 
312 418 421 316 312 421 317 316 422 
316 421 422 319 423 424 319 317 423 
317 422 423 423 425 424 322 426 427 
321 426 322 419 314 322 427 419 322 
319 424 323 424 425 428 424 428 323 
323 428 324 325 324 429 324 428 429 
326 430 431 326 325 430 325 429 430 
430 432 431 321 327 426 426 327 433 
326 431 328 431 432 434 431 434 328 
328 434 329 330 435 436 330 329 435 
329 434 435 435 437 436 332 438 439 
331 438 332 433 327 332 439 433 332 
330 436 333 334 440 441 333 440 334 
333 437 440 333 436 437 440 442 441 
337 443 444 336 443 337 438 331 337 
444 438 337 334 441 338 340 445 446 
338 445 340 338 442 445 338 441 442 
446 447 448 445 447 446 448 343 342 
448 447 343 447 449 343 344 343 450 
343 449 450 443 336 344 450 443 344 
340 446 346 347 346 446 448 347 446 
342 347 448 451 452 453 451 454 455 
452 451 455 455 454 456 349 457 458 
350 349 458 351 459 451 351 451 457 
351 457 349 457 451 453 454 451 460 
460 451 459 461 456 454 461 454 462 
462 454 460 461 462 463 464 465 466 
465 464 467 353 468 354 469 468 353 
469 353 470 470 353 356 458 356 350 
470 356 458 351 358 459 360 459 358 
360 471 459 471 460 459 462 460 472 
472 460 471 473 463 462 473 462 474 
474 462 472 474 475 476 473 474 476 
476 475 477 478 479 480 478 481 482 
479 478 482 481 483 484 482 481 484 
466 484 483 466 483 464 464 483 485 
486 467 464 486 464 487 487 464 485 
487 488 489 486 487 489 489 488 490 
468 491 361 354 468 361 492 468 469 
491 468 492 360 363 471 365 471 363 
365 493 471 493 472 471 474 472 494 
494 472 493 475 474 495 495 474 494 
496 477 475 496 475 497 497 475 495 
497 498 499 496 497 499 498 500 501 
499 498 501 500 502 503 501 500 503 
480 503 502 480 502 478 478 502 504 
481 478 505 505 478 504 483 481 506 
506 481 505 485 483 507 507 483 506 
487 485 508 508 485 507 488 487 509 
509 487 508 510 490 488 510 488 511 
511 488 509 511 512 513 510 511 513 
513 512 514 491 515 516 491 516 361 
361 516 366 492 515 491 365 368 493 
370 493 368 494 493 370 371 494 370 
371 517 494 517 495 494 497 495 518 
518 495 517 498 497 519 519 497 518 
500 498 520 520 498 519 502 500 521 
521 500 520 504 502 522 522 502 521 
505 504 523 523 504 522 506 505 524 
524 505 523 507 506 525 525 506 524 
373 525 374 373 508 525 508 507 525 
376 508 373 509 508 376 377 509 376 
377 526 509 526 511 509 527 528 512 
527 512 526 526 512 511 514 512 528 
529 530 379 529 379 516 516 379 366 
529 531 530 371 381 517 383 517 381 
518 517 383 385 518 383 519 518 385 
386 519 385 386 532 519 532 520 519 
521 520 533 533 520 532 522 521 534 
534 521 533 523 522 535 535 522 534 
388 535 389 388 524 535 524 523 535 
391 524 388 525 524 391 374 525 391 
526 394 536 377 394 526 537 527 526 
536 537 526 538 539 540 539 538 541 
530 542 396 379 530 396 543 530 531 
542 530 543 386 398 532 400 532 398 
533 532 400 402 533 400 534 533 402 
404 534 402 535 534 404 389 535 404 
536 407 544 394 407 536 545 537 536 
545 536 546 546 536 544 540 547 538 
545 546 548 541 538 547 542 549 409 
396 542 409 550 542 543 549 542 550 
551 407 411 551 552 407 544 407 553 
553 407 552 553 554 546 553 546 544 
411 413 551 548 546 554 549 555 414 
409 549 414 556 549 550 556 557 549 
557 555 549 556 558 557 559 560 561 
552 559 561 551 559 552 551 416 559 
551 415 416 413 415 551 414 555 417 
418 417 555 418 555 562 562 555 557 
563 557 558 563 564 557 564 562 557 
563 565 564 420 560 559 420 419 560 
419 566 560 416 420 559 418 562 421 
422 421 562 564 422 562 564 565 567 
564 567 422 422 567 423 425 568 569 
425 423 568 423 567 568 569 570 571 
568 570 569 570 572 571 427 573 574 
426 573 427 566 419 427 574 566 427 
425 569 428 429 428 569 571 429 569 
571 572 575 571 575 429 429 575 430 
575 432 430 576 432 575 577 578 579 
577 579 573 577 573 433 433 573 426 
432 576 580 434 432 580 435 434 581 
434 580 581 581 437 435 582 437 581 
439 578 577 439 438 578 438 583 578 
433 439 577 437 582 584 440 437 584 
442 585 586 442 440 585 440 584 585 
585 587 586 588 589 590 588 444 443 
588 590 444 590 591 444 583 438 444 
591 583 444 442 586 445 586 587 592 
586 592 445 445 592 447 449 447 593 
447 592 593 589 588 450 589 450 593 
593 450 449 443 450 588 594 595 596 
594 597 598 595 594 598 597 599 600 
598 597 600 600 599 601 452 602 453 
603 602 452 603 452 604 604 452 455 
456 605 594 456 594 604 456 604 455 
604 594 596 597 594 606 606 594 605 
599 597 607 607 597 606 608 601 599 
608 599 609 609 599 607 608 609 610 
611 612 613 611 614 615 612 611 615 
615 614 616 457 617 618 458 457 618 
602 457 453 602 619 457 619 617 457 
603 619 602 456 461 605 463 605 461 
463 620 605 620 606 605 607 606 621 
621 606 620 609 607 622 622 607 621 
623 610 609 623 609 624 624 609 622 
623 624 625 626 627 628 626 629 630 
627 626 630 613 630 629 613 629 611 
611 629 631 465 631 466 465 614 631 
614 611 631 467 632 633 465 467 633 
465 633 616 465 616 614 632 634 635 
633 632 635 635 634 636 470 637 469 
470 638 637 470 458 638 458 618 638 
463 473 620 476 620 473 621 620 476 
477 621 476 477 639 621 639 622 621 
624 622 640 640 622 639 641 625 624 
641 624 642 642 624 640 642 643 644 
641 642 644 628 644 643 626 628 643 
626 643 480 626 480 479 482 626 479 
629 626 482 484 629 482 631 629 484 
466 631 484 467 486 632 489 632 486 
634 632 489 490 645 646 489 490 646 
489 646 636 489 636 634 645 647 648 
646 645 648 648 647 649 637 650 651 
637 651 469 469 651 492 638 650 637 
477 496 639 499 639 496 640 639 499 
501 640 499 642 640 501 503 642 501 
643 642 503 480 643 503 490 510 645 
513 645 510 647 645 513 514 652 653 
513 514 653 513 653 649 513 649 647 
653 652 654 515 655 516 515 656 655 
515 492 656 492 651 656 528 527 657 
528 652 514 528 657 652 657 658 652 
659 654 652 658 659 652 516 655 529 
531 660 661 529 660 531 529 656 660 
529 655 656 660 662 661 657 537 663 
527 537 657 539 664 540 658 663 665 
658 657 663 663 666 665 658 665 659 
539 541 664 661 667 543 531 661 543 
668 661 662 667 661 668 669 537 545 
669 670 537 663 537 671 671 537 670 
664 547 540 663 671 666 548 669 545 
541 547 664 667 672 550 543 667 550 
673 667 668 673 674 667 674 672 667 
673 675 674 553 676 677 552 676 553 
670 669 554 670 554 677 677 554 553 
548 554 669 550 672 556 558 556 672 
558 672 678 678 672 674 679 674 675 
678 674 679 561 680 681 560 680 561 
676 552 561 681 676 561 558 678 563 
565 682 683 563 682 565 563 679 682 
563 678 679 682 684 683 685 686 687 
685 687 680 685 680 566 566 680 560 
565 683 567 683 684 688 683 688 567 
567 688 568 570 568 689 568 688 689 
689 572 570 690 572 689 574 686 685 
574 573 686 573 691 686 566 574 685 
572 690 692 575 572 692 576 693 694 
576 575 693 575 692 693 693 695 694 
579 696 697 578 696 579 691 573 579 
697 691 579 576 694 580 694 695 698 
694 698 580 580 698 581 582 699 700 
582 581 699 581 698 699 699 701 700 
702 703 704 702 704 696 702 696 583 
583 696 578 582 700 584 700 701 705 
700 705 584 584 705 585 587 706 707 
587 585 706 585 705 706 707 708 709 
706 708 707 709 590 589 709 708 590 
708 710 590 703 702 591 703 591 710 
710 591 590 583 591 702 587 707 592 
593 592 707 709 593 707 589 593 709 
595 711 712 596 595 712 598 713 595 
595 713 711 600 714 598 598 714 713 
601 715 716 601 716 600 600 716 714 
716 715 717 604 718 719 603 604 719 
712 604 596 718 604 712 601 608 715 
610 720 721 608 610 721 608 721 717 
608 717 715 720 722 723 721 720 723 
723 722 724 725 726 727 725 613 612 
725 612 726 726 612 728 615 729 612 
612 729 728 616 730 731 616 731 615 
615 731 729 730 732 733 731 730 733 
733 732 734 617 735 618 736 735 617 
736 617 737 737 617 619 719 619 603 
737 619 719 610 623 720 625 720 623 
625 738 720 738 722 720 739 724 722 
739 722 740 740 722 738 740 628 627 
740 627 739 739 627 741 727 630 725 
727 741 630 741 627 630 613 725 630 
616 633 730 635 730 633 732 730 635 
636 742 743 635 636 743 635 743 734 
635 734 732 743 742 744 735 745 638 
618 735 638 746 735 736 745 735 746 
625 641 738 644 738 641 740 738 644 
628 740 644 636 646 742 742 747 744 
742 646 747 646 648 747 649 748 749 
649 749 648 648 749 747 749 748 750 
650 751 651 650 752 751 638 752 650 
638 753 752 638 745 753 746 753 745 
649 653 748 748 653 654 748 654 750 
750 654 754 751 755 656 651 751 656 
756 751 752 755 751 756 757 758 759 
757 759 754 757 754 659 659 754 654 
656 755 660 755 662 660 755 756 662 
756 760 662 761 762 763 758 761 763 
757 761 758 757 666 761 757 665 666 
659 665 757 764 765 668 764 668 760 
760 668 662 764 766 765 671 762 761 
671 670 762 670 767 762 666 671 761 
668 765 673 675 768 769 673 768 675 
673 766 768 673 765 766 768 770 769 
677 771 772 676 771 677 767 670 677 
772 767 677 769 773 679 675 769 679 
774 769 770 774 775 769 775 773 769 
774 776 775 681 777 778 680 777 681 
771 676 681 778 771 681 679 773 682 
684 682 773 684 773 779 779 773 775 
780 775 776 780 781 775 781 779 775 
780 782 781 687 783 784 686 783 687 
777 680 687 784 777 687 684 779 688 
689 688 779 781 689 779 690 785 786 
689 785 690 689 782 785 689 781 782 
785 787 786 788 789 790 788 790 783 
788 783 691 691 783 686 690 786 692 
786 787 791 786 791 692 692 791 693 
695 792 793 695 693 792 693 791 792 
793 794 795 792 794 793 794 796 795 
697 789 788 697 696 789 696 797 789 
691 697 788 695 793 698 699 698 793 
795 699 793 701 798 799 699 798 701 
699 796 798 699 795 796 798 800 799 
801 802 803 801 704 703 801 803 704 
803 804 704 797 696 704 804 797 704 
701 799 705 799 800 805 799 805 705 
705 805 706 708 706 806 706 805 806 
802 801 710 802 710 806 806 710 708 
703 710 801 711 807 712 808 807 711 
808 711 809 809 711 713 714 810 713 
713 810 809 716 811 714 714 811 810 
717 812 813 717 813 716 716 813 811 
813 812 814 815 816 817 815 818 819 
816 815 819 818 820 821 819 818 821 
821 820 822 718 823 719 718 824 823 
712 824 718 712 825 824 712 807 825 
808 825 807 717 721 812 812 826 814 
812 721 826 721 723 826 724 827 828 
724 828 723 723 828 826 827 829 830 
828 827 830 829 727 726 829 726 830 
830 726 831 817 728 815 817 831 728 
831 726 728 729 815 728 818 815 729 
731 818 729 820 818 731 820 832 822 
820 731 832 731 733 832 832 733 734 
833 832 734 737 834 736 737 835 834 
719 835 737 719 836 835 719 823 836 
824 836 823 724 739 827 741 827 739 
829 827 741 727 829 741 734 837 833 
743 837 734 744 838 839 744 839 743 
743 839 837 838 840 841 839 838 841 
841 840 842 834 843 844 834 844 736 
736 844 746 835 843 834 744 747 838 
749 838 747 840 838 749 750 845 846 
749 750 846 749 846 842 749 842 840 
846 845 847 753 848 752 753 849 848 
753 746 849 746 844 849 845 850 851 
845 750 850 750 754 850 847 845 851 
848 852 756 752 848 756 853 848 849 
852 848 853 759 854 855 758 854 759 
850 754 759 855 850 759 852 856 760 
756 852 760 857 852 853 856 852 857 
763 858 859 762 858 763 854 758 763 
859 854 763 760 856 764 766 860 861 
764 860 766 764 857 860 764 856 857 
860 862 861 762 767 858 858 767 863 
766 861 768 770 864 865 768 864 770 
768 862 864 768 861 862 864 866 865 
772 867 868 771 867 772 863 767 772 
868 863 772 770 865 774 776 869 870 
774 869 776 774 866 869 774 865 866 
869 871 870 778 872 873 777 872 778 
867 771 778 873 867 778 776 870 780 
782 874 875 780 874 782 780 871 874 
780 870 871 874 876 875 784 877 878 
783 877 784 872 777 784 878 872 784 
782 875 785 787 879 880 785 879 787 
785 876 879 785 875 876 880 881 882 
879 881 880 881 883 882 790 884 885 
789 884 790 877 783 790 885 877 790 
787 880 791 792 791 880 882 792 880 
882 883 886 882 886 792 792 886 794 
796 887 888 796 794 887 794 886 887 
887 889 888 890 891 892 890 892 884 
890 884 797 797 884 789 796 888 798 
800 893 894 798 893 800 798 889 893 
798 888 889 894 895 896 893 895 894 
896 803 802 896 895 803 895 897 803 
891 890 804 891 804 897 897 804 803 
797 804 890 800 894 805 806 805 894 
896 806 894 802 806 896 898 899 900 
898 901 902 899 898 902 901 903 904 
902 901 904 904 903 905 809 906 907 
808 809 907 900 810 898 900 906 810 
906 809 810 811 898 810 901 898 811 
813 901 811 903 901 813 814 908 909 
813 814 909 813 909 905 813 905 903 
908 910 911 909 908 911 910 912 913 
911 910 913 912 914 915 913 912 915 
914 817 816 914 816 915 915 816 916 
819 917 816 816 917 916 821 918 819 
819 918 917 822 919 920 822 920 821 
821 920 918 920 919 921 825 922 824 
825 923 922 825 808 923 808 907 923 
814 826 908 828 908 826 910 908 828 
830 910 828 912 910 830 831 912 830 
914 912 831 817 914 831 822 832 919 
833 924 925 832 833 925 832 925 921 
832 921 919 925 924 926 836 927 835 
836 928 927 824 928 836 824 929 928 
824 922 929 923 929 922 833 837 924 
924 930 926 924 837 930 837 839 930 
841 931 839 839 931 930 842 932 933 
842 933 841 841 933 931 933 932 934 
843 935 844 843 936 935 835 936 843 
835 937 936 835 927 937 928 937 927 
842 846 932 932 846 847 932 847 934 
934 847 938 935 939 940 935 940 844 
844 940 849 936 939 935 851 941 942 
850 941 851 938 847 851 942 938 851 
943 944 853 943 853 940 940 853 849 
943 945 944 855 946 947 854 946 855 
941 850 855 947 941 855 944 948 857 
853 944 857 949 944 945 948 944 949 
859 950 951 858 950 859 946 854 859 
951 946 859 857 948 860 862 952 953 
860 952 862 860 949 952 860 948 949 
952 954 953 955 956 957 955 957 950 
955 950 863 863 950 858 862 953 864 
866 958 959 864 958 866 864 954 958 
864 953 954 958 960 959 868 956 955 
868 867 956 867 961 956 863 868 955 
866 959 869 959 871 869 959 960 871 
960 962 871 873 963 964 872 963 873 
961 867 873 964 961 873 871 962 965 
874 871 965 876 966 967 876 874 966 
874 965 966 966 968 967 878 969 970 
877 969 878 963 872 878 970 963 878 
876 967 879 967 968 971 967 971 879 
879 971 881 883 972 973 883 881 972 
881 971 972 972 974 973 885 975 976 
884 975 885 969 877 885 976 969 885 
883 973 886 973 974 977 973 977 886 
886 977 887 889 978 979 889 887 978 
887 977 978 979 980 981 978 980 979 
981 982 983 980 982 981 983 892 891 
983 982 892 982 984 892 975 884 892 
984 975 892 889 979 893 895 893 979 
981 895 979 897 895 981 983 897 981 
891 897 983 899 985 900 986 985 899 
986 899 987 987 899 902 904 988 902 
902 988 987 905 989 990 905 990 904 
904 990 988 989 991 992 990 989 992 
991 993 994 992 991 994 993 995 996 
994 993 996 995 997 998 996 995 998 
997 999 1000 998 997 1000 1000 999 1001 
906 1002 907 906 1003 1002 900 1003 906 
900 1004 1003 900 985 1004 986 1004 985 
905 909 989 911 989 909 991 989 911 
913 991 911 993 991 913 915 993 913 
995 993 915 916 995 915 997 995 916 
917 997 916 999 997 917 999 1005 1001 
999 917 1005 917 918 1005 920 1006 918 
918 1006 1005 1006 920 921 1007 1006 921 
1002 1008 1009 1002 1009 907 907 1009 923 
1003 1008 1002 921 1010 1007 925 1010 921 
926 1011 1012 926 1012 925 925 1012 1010 
1011 1013 1014 1012 1011 1014 1013 1015 1016 
1014 1013 1016 1016 1015 1017 929 1018 1019 
928 929 1019 1009 929 923 1018 929 1009 
926 930 1011 931 1011 930 1013 1011 931 
933 1013 931 1015 1013 933 1015 933 934 
1015 934 1017 1017 934 1020 937 1021 1022 
936 937 1022 1019 937 928 1021 937 1019 
934 938 1020 1020 938 1023 939 1024 940 
939 1025 1024 939 936 1025 936 1022 1025 
1026 1027 1028 1026 942 941 1026 1028 942 
1028 1029 942 1023 938 942 1029 1023 942 
940 1024 943 945 1030 1031 943 1030 945 
943 1025 1030 943 1024 1025 1030 1032 1031 
1033 1034 1035 1027 1033 1035 1026 1033 1027 
1026 946 1033 1026 947 946 941 947 1026 
1031 1036 949 945 1031 949 1037 1031 1032 
1036 1031 1037 951 1034 1033 951 950 1034 
950 1038 1034 946 951 1033 949 1036 952 
954 1039 1040 952 1039 954 952 1037 1039 
952 1036 1037 1039 1041 1040 957 1042 1043 
956 1042 957 1038 950 957 1043 1038 957 
954 1040 958 1040 960 958 1040 1041 960 
1041 1044 960 956 961 1042 1042 961 1045 
1046 1047 962 1046 962 1044 1044 962 960 
1046 1048 1047 964 1049 1050 963 1049 964 
1045 961 964 1050 1045 964 962 1047 965 
1047 1048 1051 1047 1051 965 965 1051 966 
968 1052 1053 968 966 1052 966 1051 1052 
1053 1054 1055 1052 1054 1053 1054 1056 1055 
970 1057 1058 969 1057 970 1049 963 970 
1058 1049 970 968 1053 971 972 971 1053 
1055 972 1053 974 1059 1060 972 1059 974 
972 1056 1059 972 1055 1056 1060 1061 1062 
1059 1061 1060 1061 1063 1062 976 1064 1065 
975 1064 976 1057 969 976 1065 1057 976 
974 1060 977 978 977 1060 1062 978 1060 
1062 1063 1066 1062 1066 978 978 1066 980 
982 980 1067 980 1066 1067 984 982 1068 
982 1067 1068 1064 975 984 1068 1064 984 
987 1069 1070 986 987 1070 988 1071 987 
987 1071 1069 990 1072 988 988 1072 1071 
992 1073 990 990 1073 1072 994 1074 992 
992 1074 1073 996 1075 994 994 1075 1074 
998 1076 996 996 1076 1075 1000 1077 998 
998 1077 1076 1001 1078 1079 1001 1079 1000 
1000 1079 1077 1078 1080 1081 1079 1078 1081 
1081 1080 1082 1004 1083 1084 1003 1004 1084 
1070 1004 986 1083 1004 1070 1001 1005 1078 
1006 1078 1005 1080 1078 1006 1007 1085 1086 
1006 1007 1086 1006 1086 1082 1006 1082 1080 
1085 1087 1088 1086 1085 1088 1088 1087 1089 
1008 1090 1091 1009 1008 1091 1084 1008 1003 
1090 1008 1084 1007 1010 1085 1012 1085 1010 
1087 1085 1012 1087 1092 1089 1087 1012 1092 
1012 1014 1092 1016 1093 1014 1014 1093 1092 
1017 1094 1095 1017 1095 1016 1016 1095 1093 
1095 1094 1096 1018 1097 1019 1018 1098 1097 
1018 1009 1098 1009 1091 1098 1094 1099 1100 
1094 1017 1099 1017 1020 1099 1096 1094 1100 
1021 1101 1022 1021 1102 1101 1019 1102 1021 
1019 1103 1102 1019 1097 1103 1098 1103 1097 
1104 1105 1106 1104 1106 1099 1104 1099 1023 
1023 1099 1020 1101 1107 1025 1022 1101 1025 
1108 1101 1102 1107 1101 1108 1028 1109 1110 
1027 1109 1028 1105 1104 1029 1105 1029 1110 
1110 1029 1028 1023 1029 1104 1025 1107 1030 
1032 1111 1112 1030 1111 1032 1030 1108 1111 
1030 1107 1108 1111 1113 1112 1035 1114 1115 
1034 1114 1035 1109 1027 1035 1115 1109 1035 
1112 1116 1037 1032 1112 1037 1117 1112 1113 
1116 1112 1117 1034 1038 1114 1114 1038 1118 
1037 1116 1039 1041 1119 1120 1039 1119 1041 
1039 1117 1119 1039 1116 1117 1119 1121 1120 
1043 1122 1123 1042 1122 1043 1118 1038 1043 
1123 1118 1043 1120 1124 1044 1041 1120 1044 
1125 1120 1121 1124 1120 1125 1126 1127 1128 
1126 1128 1122 1126 1122 1045 1045 1122 1042 
1044 1124 1046 1048 1129 1130 1046 1129 1048 
1046 1125 1129 1046 1124 1125 1129 1131 1130 
1050 1127 1126 1050 1049 1127 1049 1132 1127 
1045 1050 1126 1048 1130 1051 1130 1131 1133 
1130 1133 1051 1051 1133 1052 1054 1052 1134 
1052 1133 1134 1056 1135 1136 1056 1054 1135 
1054 1134 1135 1136 1137 1138 1135 1137 1136 
1137 1139 1138 1058 1140 1141 1057 1140 1058 
1132 1049 1058 1141 1132 1058 1056 1136 1059 
1061 1059 1136 1138 1061 1136 1063 1142 1143 
1061 1142 1063 1061 1139 1142 1061 1138 1139 
1143 1144 1145 1142 1144 1143 1145 1146 1147 
1144 1146 1145 1147 1065 1064 1147 1146 1065 
1146 1148 1065 1140 1057 1065 1148 1140 1065 
1063 1143 1066 1067 1066 1143 1145 1067 1143 
1068 1067 1145 1147 1068 1145 1064 1068 1147 
1149 1150 1151 1150 1149 1152 1069 1153 1070 
1154 1153 1069 1154 1069 1155 1155 1069 1071 
1072 1156 1071 1071 1156 1155 1073 1157 1072 
1072 1157 1156 1074 1158 1073 1073 1158 1157 
1075 1159 1074 1074 1159 1158 1076 1160 1075 
1075 1160 1159 1151 1077 1149 1151 1160 1077 
1160 1076 1077 1149 1161 1152 1149 1077 1161 
1077 1079 1161 1081 1162 1079 1079 1162 1161 
1082 1163 1164 1082 1164 1081 1081 1164 1162 
1164 1163 1165 1083 1166 1167 1084 1083 1167 
1153 1083 1070 1153 1168 1083 1168 1166 1083 
1154 1168 1153 1082 1086 1163 1163 1169 1165 
1163 1086 1169 1086 1088 1169 1089 1170 1171 
1089 1171 1088 1088 1171 1169 1170 1172 1173 
1171 1170 1173 1172 1174 1175 1173 1172 1175 
1175 1174 1176 1090 1177 1091 1090 1178 1177 
1090 1084 1178 1084 1167 1178 1089 1092 1170 
1093 1170 1092 1172 1170 1093 1095 1172 1093 
1174 1172 1095 1174 1095 1096 1174 1096 1176 
1176 1096 1179 1177 1180 1181 1177 1181 1091 
1091 1181 1098 1178 1180 1177 1100 1182 1183 
1099 1182 1100 1179 1096 1100 1183 1179 1100 
1103 1184 1102 1103 1185 1184 1103 1098 1185 
1098 1181 1185 1106 1186 1187 1105 1186 1106 
1182 1099 1106 1187 1182 1106 1184 1188 1108 
1102 1184 1108 1189 1184 1185 1188 1184 1189 
1110 1190 1191 1109 1190 1110 1186 1105 1110 
1191 1186 1110 1108 1188 1111 1113 1192 1193 
1111 1192 1113 1111 1189 1192 1111 1188 1189 
1192 1194 1193 1115 1114 1195 1115 1195 1196 
1115 1196 1109 1109 1196 1190 1193 1197 1117 
1113 1193 1117 1198 1193 1194 1197 1193 1198 
1195 1199 1200 1195 1114 1199 1114 1118 1199 
1196 1195 1200 1117 1197 1119 1197 1121 1119 
1197 1198 1121 1198 1201 1121 1123 1122 1202 
1123 1202 1203 1123 1203 1118 1118 1203 1199 
1121 1201 1125 1201 1204 1125 1128 1127 1205 
1128 1205 1206 1122 1128 1206 1122 1206 1207 
1122 1207 1202 1203 1202 1207 1125 1204 1208 
1129 1125 1208 1131 1209 1210 1131 1129 1209 
1129 1208 1209 1210 1211 1212 1209 1211 1210 
1212 1213 1214 1211 1213 1212 1213 1215 1214 
1205 1216 1217 1205 1127 1216 1127 1132 1216 
1206 1205 1217 1131 1210 1133 1134 1133 1210 
1212 1134 1210 1135 1134 1212 1214 1135 1212 
1214 1215 1218 1214 1218 1135 1135 1218 1137 
1139 1219 1220 1139 1137 1219 1137 1218 1219 
1219 1221 1220 1141 1222 1223 1140 1222 1141 
1216 1132 1141 1223 1216 1141 1139 1220 1142 
1220 1221 1224 1220 1224 1142 1142 1224 1144 
1146 1144 1225 1144 1224 1225 1148 1146 1226 
1146 1225 1226 1222 1140 1148 1226 1222 1148 
1227 1228 1229 1227 1230 1231 1228 1227 1231 
1230 1151 1150 1230 1150 1231 1231 1150 1232 
1152 1233 1234 1152 1234 1150 1150 1234 1232 
1233 1235 1236 1234 1233 1236 1236 1235 1237 
1155 1238 1154 1155 1156 1239 1238 1155 1239 
1240 1239 1156 1240 1156 1241 1241 1156 1157 
1158 1242 1157 1157 1242 1241 1229 1159 1227 
1229 1242 1159 1242 1158 1159 1160 1227 1159 
1230 1227 1160 1151 1230 1160 1152 1161 1233 
1162 1233 1161 1235 1233 1162 1235 1243 1237 
1235 1162 1243 1162 1164 1243 1165 1244 1245 
1165 1245 1164 1164 1245 1243 1244 1246 1247 
1245 1244 1247 1247 1246 1248 1166 1249 1167 
1250 1249 1166 1250 1166 1251 1251 1166 1168 
1238 1168 1154 1238 1252 1168 1252 1251 1168 
1239 1252 1238 1253 1252 1239 1240 1253 1239 
1165 1169 1244 1171 1244 1169 1246 1244 1171 
1246 1254 1248 1246 1171 1254 1171 1173 1254 
1175 1255 1173 1173 1255 1254 1255 1175 1176 
1256 1255 1176 1249 1257 1258 1249 1258 1167 
1167 1258 1178 1250 1257 1249 1176 1179 1256 
1256 1179 1259 1180 1260 1261 1181 1180 1261 
1258 1180 1178 1260 1180 1258 1262 1263 1264 
1262 1183 1182 1262 1264 1183 1264 1265 1183 
1259 1179 1183 1265 1259 1183 1266 1267 1185 
1266 1185 1261 1261 1185 1181 1266 1268 1267 
1269 1270 1271 1263 1269 1271 1262 1269 1263 
1262 1186 1269 1262 1187 1186 1182 1187 1262 
1267 1272 1189 1185 1267 1189 1273 1267 1268 
1272 1267 1273 1191 1270 1269 1191 1190 1270 
1190 1274 1270 1186 1191 1269 1189 1272 1192 
1272 1194 1192 1272 1273 1194 1273 1275 1194 
1276 1277 1278 1276 1278 1274 1276 1274 1196 
1196 1274 1190 1194 1275 1198 1275 1279 1198 
1200 1277 1276 1200 1199 1277 1199 1280 1277 
1196 1200 1276 1198 1279 1201 1279 1281 1201 
1199 1203 1280 1280 1203 1282 1283 1284 1204 
1283 1204 1281 1281 1204 1201 1283 1285 1284 
1207 1286 1287 1206 1286 1207 1282 1203 1207 
1287 1282 1207 1204 1284 1208 1284 1285 1288 
1284 1288 1208 1208 1288 1209 1211 1209 1289 
1209 1288 1289 1213 1211 1290 1211 1289 1290 
1215 1291 1292 1215 1213 1291 1213 1290 1291 
1292 1293 1294 1291 1293 1292 1294 1295 1296 
1293 1295 1294 1295 1297 1296 1217 1298 1299 
1216 1298 1217 1286 1206 1217 1299 1286 1217 
1215 1292 1218 1219 1218 1292 1294 1219 1292 
1221 1219 1294 1221 1294 1300 1300 1294 1296 
1301 1296 1297 1301 1302 1296 1302 1300 1296 
1302 1303 1304 1301 1303 1302 1304 1223 1222 
1304 1303 1223 1303 1305 1223 1298 1216 1223 
1305 1298 1223 1221 1300 1224 1225 1224 1300 
1302 1225 1300 1226 1225 1302 1304 1226 1302 
1222 1226 1304 1228 1306 1307 1229 1228 1307 
1231 1308 1228 1228 1308 1306 1232 1309 1231 
1231 1309 1308 1234 1310 1232 1232 1310 1309 
1236 1311 1234 1234 1311 1310 1237 1312 1313 
1237 1313 1236 1236 1313 1311 1312 1314 1315 
1313 1312 1315 1315 1314 1316 1241 1317 1318 
1240 1241 1318 1242 1319 1241 1241 1319 1317 
1307 1242 1229 1319 1242 1307 1237 1243 1312 
1245 1312 1243 1314 1312 1245 1314 1320 1316 
1314 1245 1320 1245 1247 1320 1248 1321 1322 
1248 1322 1247 1247 1322 1320 1321 1323 1324 
1322 1321 1324 1324 1323 1325 1251 1326 1250 
1251 1252 1327 1326 1251 1327 1328 1327 1252 
1328 1252 1329 1329 1252 1253 1318 1253 1240 
1329 1253 1318 1248 1254 1321 1255 1321 1254 
1323 1321 1255 1323 1255 1256 1323 1256 1325 
1325 1256 1330 1257 1331 1258 1257 1332 1331 
1250 1332 1257 1250 1333 1332 1250 1326 1333 
1327 1333 1326 1334 1333 1327 1328 1334 1327 
1335 1336 1337 1335 1337 1330 1335 1330 1259 
1259 1330 1256 1260 1338 1261 1260 1339 1338 
1258 1339 1260 1258 1340 1339 1258 1331 1340 
1332 1340 1331 1264 1341 1342 1263 1341 1264 
1336 1335 1265 1336 1265 1342 1342 1265 1264 
1259 1265 1335 1261 1338 1266 1268 1343 1344 
1266 1343 1268 1266 1339 1343 1266 1338 1339 
1343 1345 1344 1271 1346 1347 1270 1346 1271 
1341 1263 1271 1347 1341 1271 1344 1348 1349 
1344 1349 1268 1268 1349 1273 1345 1348 1344 
1270 1274 1346 1346 1274 1350 1273 1349 1275 
1349 1351 1275 1278 1352 1353 1277 1352 1278 
1350 1274 1278 1353 1350 1278 1275 1351 1279 
1351 1354 1279 1277 1280 1352 1352 1280 1355 
1356 1357 1281 1356 1281 1354 1354 1281 1279 
1356 1358 1357 1359 1360 1361 1359 1361 1355 
1359 1355 1282 1282 1355 1280 1281 1357 1283 
1285 1362 1363 1283 1362 1285 1283 1358 1362 
1283 1357 1358 1363 1364 1365 1362 1364 1363 
1365 1366 1367 1364 1366 1365 1367 1368 1369 
1366 1368 1367 1369 1370 1371 1368 1370 1369 
1371 1372 1373 1370 1372 1371 1372 1374 1373 
1287 1360 1359 1287 1286 1360 1286 1375 1360 
1282 1287 1359 1285 1363 1288 1289 1288 1363 
1365 1289 1363 1290 1289 1365 1367 1290 1365 
1291 1290 1367 1369 1291 1367 1293 1291 1369 
1371 1293 1369 1295 1293 1371 1373 1295 1371 
1297 1376 1377 1295 1376 1297 1295 1374 1376 
1295 1373 1374 1377 1378 1379 1376 1378 1377 
1379 1380 1381 1378 1380 1379 1381 1299 1298 
1381 1380 1299 1380 1382 1299 1375 1286 1299 
1382 1375 1299 1297 1377 1301 1303 1301 1377 
1379 1303 1377 1305 1303 1379 1381 1305 1379 
1298 1305 1381 1383 1384 1385 1383 1386 1387 
1384 1383 1387 1387 1386 1388 1389 1390 1391 
1389 1307 1306 1389 1306 1390 1390 1306 1392 
1308 1393 1306 1306 1393 1392 1385 1309 1383 
1385 1393 1309 1393 1308 1309 1310 1383 1309 
1386 1383 1310 1386 1394 1388 1386 1310 1394 
1310 1311 1394 1313 1395 1311 1311 1395 1394 
1315 1396 1313 1313 1396 1395 1316 1397 1398 
1316 1398 1315 1315 1398 1396 1397 1399 1400 
1398 1397 1400 1400 1399 1401 1317 1402 1403 
1318 1317 1403 1391 1319 1389 1391 1402 1319 
1402 1317 1319 1307 1389 1319 1316 1320 1397 
1322 1397 1320 1399 1397 1322 1399 1404 1401 
1399 1322 1404 1322 1324 1404 1325 1405 1406 
1325 1406 1324 1324 1406 1404 1406 1405 1407 
1329 1408 1409 1328 1329 1409 1403 1329 1318 
1408 1329 1403 1405 1410 1411 1405 1325 1410 
1325 1330 1410 1407 1405 1411 1333 1412 1332 
1413 1412 1333 1413 1333 1414 1414 1333 1334 
1409 1334 1328 1414 1334 1409 1415 1416 1417 
1415 1337 1336 1415 1417 1337 1417 1418 1337 
1410 1330 1337 1418 1410 1337 1340 1419 1339 
1340 1420 1419 1332 1420 1340 1332 1421 1420 
1332 1412 1421 1413 1421 1412 1422 1423 1424 
1416 1422 1424 1415 1422 1416 1415 1341 1422 
1415 1342 1341 1336 1342 1415 1339 1419 1343 
1419 1345 1343 1419 1420 1345 1420 1425 1345 
1347 1423 1422 1347 1346 1423 1346 1426 1423 
1341 1347 1422 1348 1427 1349 1348 1428 1427 
1348 1345 1428 1345 1425 1428 1429 1430 1431 
1429 1431 1426 1429 1426 1350 1350 1426 1346 
1427 1432 1433 1427 1433 1349 1349 1433 1351 
1428 1432 1427 1353 1430 1429 1353 1352 1430 
1352 1434 1430 1350 1353 1429 1435 1436 1354 
1435 1354 1433 1433 1354 1351 1435 1437 1436 
1438 1439 1440 1438 1440 1434 1438 1434 1355 
1355 1434 1352 1354 1436 1356 1358 1441 1442 
1356 1441 1358 1356 1437 1441 1356 1436 1437 
1442 1443 1444 1441 1443 1442 1444 1445 1446 
1443 1445 1444 1446 1447 1448 1445 1447 1446 
1448 1449 1450 1447 1449 1448 1449 1451 1450 
1361 1439 1438 1361 1360 1439 1360 1452 1439 
1355 1361 1438 1358 1442 1362 1364 1362 1442 
1444 1364 1442 1366 1364 1444 1446 1366 1444 
1368 1366 1446 1448 1368 1446 1370 1368 1448 
1450 1370 1448 1450 1451 1453 1450 1453 1370 
1370 1453 1372 1374 1454 1455 1374 1372 1454 
1372 1453 1454 1455 1456 1457 1454 1456 1455 
1456 1458 1457 1459 1460 1461 1459 1461 1452 
1459 1452 1375 1375 1452 1360 1374 1455 1376 
1378 1376 1455 1457 1378 1455 1457 1458 1462 
1457 1462 1378 1378 1462 1380 1460 1459 1382 
1460 1382 1462 1462 1382 1380 1375 1382 1459 
1463 1464 1465 1463 1385 1384 1463 1384 1464 
1464 1384 1466 1387 1467 1384 1384 1467 1466 
1388 1468 1469 1388 1469 1387 1387 1469 1467 
1468 1470 1471 1469 1468 1471 1470 1472 1473 
1471 1470 1473 1472 1474 1475 1473 1472 1475 
1475 1474 1476 1390 1477 1478 1391 1390 1478 
1392 1479 1390 1390 1479 1477 1465 1393 1463 
1465 1479 1393 1479 1392 1393 1385 1463 1393 
1388 1394 1468 1395 1468 1394 1470 1468 1395 
1396 1470 1395 1472 1470 1396 1398 1472 1396 
1474 1472 1398 1474 1480 1476 1474 1398 1480 
1398 1400 1480 1401 1481 1482 1401 1482 1400 
1400 1482 1480 1481 1483 1484 1482 1481 1484 
1484 1483 1485 1402 1486 1487 1403 1402 1487 
1478 1402 1391 1486 1402 1478 1401 1404 1481 
1406 1481 1404 1483 1481 1406 1483 1406 1407 
1483 1407 1485 1485 1407 1488 1408 1489 1490 
1409 1408 1490 1487 1408 1403 1489 1408 1487 
1491 1492 1493 1491 1411 1410 1491 1493 1411 
1493 1494 1411 1488 1407 1411 1494 1488 1411 
1414 1495 1496 1413 1414 1496 1490 1414 1409 
1495 1414 1490 1417 1497 1498 1416 1497 1417 
1492 1491 1418 1492 1418 1498 1498 1418 1417 
1410 1418 1491 1421 1499 1500 1420 1421 1500 
1496 1421 1413 1499 1421 1496 1424 1501 1502 
1423 1501 1424 1497 1416 1424 1502 1497 1424 
1420 1500 1425 1500 1503 1425 1504 1505 1506 
1504 1506 1501 1504 1501 1426 1426 1501 1423 
1425 1503 1428 1503 1507 1428 1431 1505 1504 
1431 1430 1505 1430 1508 1505 1426 1431 1504 
1432 1509 1433 1432 1510 1509 1432 1428 1510 
1428 1507 1510 1511 1512 1513 1511 1514 1515 
1513 1514 1511 1514 1516 1515 1517 1518 1519 
1517 1519 1508 1517 1508 1434 1434 1508 1430 
1433 1509 1435 1437 1520 1521 1435 1520 1437 
1435 1510 1520 1435 1509 1510 1521 1522 1523 
1520 1522 1521 1512 1523 1522 1512 1511 1523 
1511 1524 1523 1515 1525 1511 1525 1524 1511 
1526 1515 1516 1526 1527 1515 1527 1525 1515 
1526 1528 1527 1529 1530 1531 1518 1529 1531 
1517 1529 1518 1517 1439 1529 1517 1440 1439 
1434 1440 1517 1437 1521 1441 1443 1441 1521 
1523 1443 1521 1445 1443 1523 1524 1445 1523 
1447 1445 1524 1525 1447 1524 1449 1447 1525 
1527 1449 1525 1451 1532 1533 1449 1532 1451 
1449 1528 1532 1449 1527 1528 1533 1534 1535 
1532 1534 1533 1535 1536 1537 1534 1536 1535 
1537 1538 1539 1536 1538 1537 1530 1539 1538 
1530 1529 1539 1529 1540 1539 1439 1452 1540 
1529 1439 1540 1451 1533 1453 1454 1453 1533 
1535 1454 1533 1456 1454 1535 1537 1456 1535 
1458 1456 1537 1458 1537 1541 1541 1537 1539 
1461 1460 1541 1461 1541 1540 1540 1541 1539 
1452 1461 1540 1458 1541 1462 1460 1462 1541 
1542 1543 1544 1543 1542 1545 1464 1546 1547 
1465 1464 1547 1466 1548 1464 1464 1548 1546 
1544 1467 1542 1544 1548 1467 1548 1466 1467 
1542 1549 1545 1542 1467 1549 1467 1469 1549 
1471 1550 1469 1469 1550 1549 1473 1551 1471 
1471 1551 1550 1475 1552 1473 1473 1552 1551 
1476 1553 1554 1476 1554 1475 1475 1554 1552 
1553 1555 1556 1554 1553 1556 1556 1555 1557 
1558 1559 1560 1558 1478 1477 1558 1477 1559 
1559 1477 1561 1479 1562 1477 1477 1562 1561 
1547 1479 1465 1562 1479 1547 1476 1480 1553 
1482 1553 1480 1555 1553 1482 1555 1563 1557 
1555 1482 1563 1482 1484 1563 1563 1484 1485 
1564 1563 1485 1565 1566 1567 1560 1566 1565 
1558 1560 1565 1558 1565 1487 1558 1487 1486 
1478 1558 1486 1485 1488 1564 1564 1488 1568 
1569 1570 1571 1567 1570 1569 1565 1567 1569 
1565 1569 1490 1565 1490 1489 1487 1565 1489 
1572 1573 1574 1572 1493 1492 1572 1574 1493 
1574 1575 1493 1494 1493 1576 1493 1575 1576 
1568 1488 1494 1576 1568 1494 1577 1578 1579 
1571 1578 1577 1569 1571 1577 1569 1577 1496 
1569 1496 1495 1490 1569 1495 1580 1581 1582 
1573 1580 1582 1572 1580 1573 1572 1497 1580 
1572 1498 1497 1492 1498 1572 1499 1577 1579 
1499 1579 1500 1500 1579 1583 1496 1577 1499 
1502 1581 1580 1502 1501 1581 1501 1584 1581 
1497 1502 1580 1500 1583 1503 1583 1585 1503 
1506 1586 1587 1505 1586 1506 1584 1501 1506 
1587 1584 1506 1503 1585 1507 1585 1588 1507 
1589 1590 1591 1589 1592 1593 1591 1592 1589 
1592 1594 1593 1595 1596 1597 1595 1597 1586 
1595 1586 1508 1508 1586 1505 1598 1599 1510 
1598 1510 1588 1588 1510 1507 1599 1600 1601 
1598 1600 1599 1590 1601 1600 1589 1601 1590 
1589 1512 1601 1589 1513 1512 1514 1513 1589 
1593 1514 1589 1516 1602 1603 1514 1602 1516 
1514 1594 1602 1514 1593 1594 1602 1604 1603 
1605 1606 1607 1596 1605 1607 1595 1605 1596 
1595 1518 1605 1595 1519 1518 1508 1519 1595 
1510 1599 1520 1522 1520 1599 1601 1522 1599 
1512 1522 1601 1516 1603 1526 1528 1608 1609 
1526 1608 1528 1526 1604 1608 1526 1603 1604 
1609 1610 1611 1608 1610 1609 1611 1612 1613 
1610 1612 1611 1613 1614 1615 1612 1614 1613 
1606 1615 1614 1605 1615 1606 1605 1530 1615 
1605 1531 1530 1518 1531 1605 1528 1609 1532 
1534 1532 1609 1611 1534 1609 1536 1534 1611 
1613 1536 1611 1538 1536 1613 1615 1538 1613 
1530 1538 1615 1616 1617 1618 1616 1544 1543 
1616 1543 1617 1617 1543 1619 1545 1620 1621 
1545 1621 1543 1543 1621 1619 1620 1622 1623 
1621 1620 1623 1622 1624 1625 1623 1622 1625 
1624 1626 1627 1625 1624 1627 1627 1626 1628 
1546 1629 1630 1547 1546 1630 1618 1548 1616 
1618 1629 1548 1629 1546 1548 1544 1616 1548 
1545 1549 1620 1550 1620 1549 1622 1620 1550 
1551 1622 1550 1624 1622 1551 1552 1624 1551 
1626 1624 1552 1626 1631 1628 1626 1552 1631 
1552 1554 1631 1556 1632 1554 1554 1632 1631 
1557 1633 1634 1557 1634 1556 1556 1634 1632 
1634 1633 1635 1559 1636 1637 1560 1559 1637 
1561 1638 1559 1559 1638 1636 1562 1639 1561 
1561 1639 1638 1630 1562 1547 1639 1562 1630 
1557 1563 1633 1633 1563 1564 1633 1564 1635 
1635 1564 1640 1641 1642 1643 1641 1567 1566 
1641 1566 1642 1642 1566 1644 1637 1566 1560 
1644 1566 1637 1645 1646 1647 1645 1647 1640 
1645 1640 1568 1568 1640 1564 1648 1649 1650 
1643 1649 1648 1641 1643 1648 1641 1648 1571 
1641 1571 1570 1567 1641 1570 1574 1651 1652 
1573 1651 1574 1575 1574 1653 1574 1652 1653 
1646 1645 1576 1646 1576 1653 1653 1576 1575 
1568 1576 1645 1578 1648 1650 1578 1650 1579 
1579 1650 1654 1571 1648 1578 1582 1655 1656 
1581 1655 1582 1651 1573 1582 1656 1651 1582 
1579 1654 1583 1654 1657 1583 1658 1659 1660 
1658 1660 1655 1658 1655 1584 1584 1655 1581 
1583 1657 1585 1657 1661 1585 1662 1663 1664 
1662 1665 1666 1664 1665 1662 1665 1667 1666 
1668 1669 1670 1659 1668 1670 1658 1668 1659 
1658 1586 1668 1658 1587 1586 1584 1587 1658 
1671 1672 1588 1671 1588 1661 1661 1588 1585 
1663 1672 1671 1663 1662 1672 1662 1673 1672 
1591 1590 1673 1591 1673 1666 1666 1673 1662 
1666 1667 1674 1666 1674 1591 1591 1674 1592 
1594 1675 1676 1594 1592 1675 1592 1674 1675 
1675 1677 1676 1678 1679 1680 1669 1678 1680 
1668 1678 1669 1668 1596 1678 1668 1597 1596 
1586 1597 1668 1588 1672 1598 1600 1598 1672 
1673 1600 1672 1590 1600 1673 1594 1676 1602 
1604 1681 1682 1602 1681 1604 1602 1677 1681 
1602 1676 1677 1682 1683 1684 1681 1683 1682 
1684 1685 1686 1683 1685 1684 1686 1687 1688 
1685 1687 1686 1679 1688 1687 1678 1688 1679 
1678 1606 1688 1678 1607 1606 1596 1607 1678 
1604 1682 1608 1610 1608 1682 1684 1610 1682 
1612 1610 1684 1686 1612 1684 1614 1612 1686 
1688 1614 1686 1606 1614 1688 1617 1689 1690 
1618 1617 1690 1619 1691 1617 1617 1691 1689 
1621 1692 1619 1619 1692 1691 1623 1693 1621 
1621 1693 1692 1625 1694 1623 1623 1694 1693 
1627 1695 1625 1625 1695 1694 1628 1696 1697 
1628 1697 1627 1627 1697 1695 1697 1696 1698 
1699 1700 1701 1699 1630 1629 1699 1629 1700 
1700 1629 1702 1690 1629 1618 1702 1629 1690 
1628 1631 1696 1696 1703 1698 1696 1631 1703 
1631 1632 1703 1634 1704 1632 1632 1704 1703 
1704 1634 1635 1705 1704 1635 1706 1707 1708 
1706 1709 1710 1707 1706 1710 1709 1637 1636 
1709 1636 1710 1710 1636 1711 1638 1712 1636 
1636 1712 1711 1701 1639 1699 1701 1712 1639 
1712 1638 1639 1630 1699 1639 1635 1640 1705 
1705 1640 1713 1714 1715 1716 1708 1715 1714 
1706 1708 1714 1706 1714 1643 1706 1643 1642 
1644 1706 1642 1709 1706 1644 1637 1709 1644 
1717 1718 1719 1717 1647 1646 1717 1719 1647 
1719 1720 1647 1713 1640 1647 1720 1713 1647 
1649 1714 1716 1649 1716 1650 1650 1716 1721 
1643 1714 1649 1652 1722 1723 1651 1722 1652 
1718 1717 1653 1718 1653 1723 1723 1653 1652 
1646 1653 1717 1724 1725 1726 1724 1721 1725 
1724 1654 1721 1654 1650 1721 1656 1727 1728 
1655 1727 1656 1722 1651 1656 1728 1722 1656 
1724 1726 1729 1729 1654 1724 1729 1730 1654 
1730 1657 1654 1731 1732 1733 1731 1734 1735 
1733 1734 1731 1734 1736 1735 1660 1737 1738 
1659 1737 1660 1727 1655 1660 1738 1727 1660 
1739 1740 1661 1739 1661 1730 1730 1661 1657 
1732 1740 1739 1731 1740 1732 1731 1663 1740 
1731 1664 1663 1665 1664 1731 1735 1665 1731 
1667 1741 1742 1665 1741 1667 1665 1736 1741 
1665 1735 1736 1741 1743 1742 1670 1744 1745 
1669 1744 1670 1737 1659 1670 1745 1737 1670 
1661 1740 1671 1663 1671 1740 1667 1742 1674 
1742 1743 1746 1742 1746 1674 1674 1746 1675 
1677 1747 1748 1677 1675 1747 1675 1746 1747 
1748 1749 1750 1747 1749 1748 1750 1751 1752 
1749 1751 1750 1752 1753 1754 1751 1753 1752 
1754 1680 1679 1754 1753 1680 1753 1755 1680 
1744 1669 1680 1755 1744 1680 1677 1748 1681 
1683 1681 1748 1750 1683 1748 1685 1683 1750 
1752 1685 1750 1687 1685 1752 1754 1687 1752 
1679 1687 1754 1756 1757 1758 1756 1759 1760 
1757 1756 1760 1759 1761 1762 1760 1759 1762 
1762 1761 1763 1764 1765 1766 1764 1690 1689 
1764 1689 1765 1765 1689 1767 1691 1768 1689 
1689 1768 1767 1692 1769 1691 1691 1769 1768 
1758 1693 1756 1758 1769 1693 1769 1692 1693 
1694 1756 1693 1759 1756 1694 1695 1759 1694 
1761 1759 1695 1761 1770 1763 1761 1695 1770 
1695 1697 1770 1770 1697 1698 1771 1770 1698 
1772 1773 1774 1772 1775 1776 1773 1772 1776 
1775 1777 1778 1776 1775 1778 1777 1701 1700 
1777 1700 1778 1778 1700 1779 1766 1702 1764 
1766 1779 1702 1779 1700 1702 1690 1764 1702 
1698 1780 1771 1703 1780 1698 1781 1782 1780 
1781 1780 1704 1704 1780 1703 1704 1705 1781 
1783 1784 1785 1783 1708 1707 1783 1707 1784 
1784 1707 1786 1774 1710 1772 1774 1786 1710 
1786 1707 1710 1711 1772 1710 1775 1772 1711 
1712 1775 1711 1777 1775 1712 1701 1777 1712 
1781 1787 1782 1787 1781 1705 1787 1705 1788 
1788 1705 1713 1789 1790 1791 1785 1790 1789 
1783 1785 1789 1783 1789 1716 1783 1716 1715 
1708 1783 1715 1792 1793 1794 1792 1719 1718 
1792 1794 1719 1794 1795 1719 1720 1719 1796 
1719 1795 1796 1788 1713 1720 1796 1788 1720 
1797 1789 1791 1798 1797 1791 1716 1797 1721 
1789 1797 1716 1799 1800 1801 1793 1799 1801 
1792 1799 1793 1792 1722 1799 1792 1723 1722 
1718 1723 1792 1725 1797 1798 1725 1798 1726 
1726 1798 1802 1721 1797 1725 1803 1804 1805 
1800 1803 1805 1799 1803 1800 1799 1727 1803 
1799 1728 1727 1722 1728 1799 1726 1802 1806 
1729 1726 1806 1730 1807 1808 1730 1729 1807 
1729 1806 1807 1808 1733 1732 1808 1807 1733 
1807 1809 1733 1734 1733 1810 1733 1809 1810 
1736 1811 1812 1736 1734 1811 1734 1810 1811 
1811 1813 1812 1814 1815 1816 1804 1814 1816 
1803 1814 1804 1803 1737 1814 1803 1738 1737 
1727 1738 1803 1730 1808 1739 1732 1739 1808 
1736 1812 1741 1743 1817 1818 1741 1817 1743 
1741 1813 1817 1741 1812 1813 1817 1819 1818 
1820 1821 1822 1820 1823 1824 1822 1823 1820 
1824 1825 1826 1823 1825 1824 1815 1826 1825 
1814 1826 1815 1814 1744 1826 1814 1745 1744 
1737 1745 1814 1743 1818 1746 1818 1819 1827 
1818 1827 1746 1746 1827 1747 1749 1747 1828 
1747 1827 1828 1821 1820 1751 1821 1751 1828 
1828 1751 1749 1753 1751 1820 1824 1753 1820 
1755 1753 1824 1826 1755 1824 1744 1755 1826 
1757 1829 1830 1758 1757 1830 1760 1831 1757 
1757 1831 1829 1762 1832 1760 1760 1832 1831 
1832 1762 1763 1833 1832 1763 1834 1835 1836 
1835 1834 1837 1765 1838 1766 1839 1838 1765 
1839 1765 1840 1840 1765 1767 1768 1841 1767 
1767 1841 1840 1769 1842 1768 1768 1842 1841 
1830 1769 1758 1842 1769 1830 1763 1843 1833 
1770 1843 1763 1843 1770 1771 1844 1843 1771 
1845 1846 1847 1836 1846 1845 1834 1836 1845 
1834 1845 1774 1834 1774 1773 1834 1848 1837 
1834 1773 1848 1773 1776 1848 1778 1849 1776 
1776 1849 1848 1779 1850 1778 1778 1850 1849 
1838 1779 1766 1838 1851 1779 1851 1850 1779 
1839 1851 1838 1852 1771 1780 1852 1853 1771 
1853 1844 1771 1780 1782 1852 1854 1855 1856 
1854 1785 1784 1854 1784 1855 1855 1784 1857 
1847 1786 1845 1847 1857 1786 1857 1784 1786 
1774 1845 1786 1852 1858 1853 1859 1860 1858 
1787 1859 1858 1787 1858 1852 1787 1852 1782 
1787 1788 1859 1861 1862 1863 1856 1862 1861 
1854 1856 1861 1854 1861 1791 1854 1791 1790 
1785 1854 1790 1864 1865 1866 1864 1794 1793 
1864 1866 1794 1866 1867 1794 1795 1794 1868 
1794 1867 1868 1860 1859 1796 1860 1796 1868 
1868 1796 1795 1788 1796 1859 1869 1861 1863 
1870 1869 1863 1791 1869 1798 1861 1869 1791 
1871 1872 1873 1865 1871 1873 1864 1871 1865 
1864 1800 1871 1864 1801 1800 1793 1801 1864 
1869 1870 1874 1874 1798 1869 1874 1875 1798 
1875 1802 1798 1876 1877 1878 1876 1879 1880 
1878 1879 1876 1880 1881 1882 1879 1881 1880 
1881 1883 1882 1884 1885 1886 1872 1884 1886 
1871 1884 1872 1871 1804 1884 1871 1805 1804 
1800 1805 1871 1802 1875 1887 1806 1802 1887 
1877 1876 1807 1877 1807 1887 1887 1807 1806 
1809 1807 1876 1880 1809 1876 1810 1809 1880 
1882 1810 1880 1882 1883 1888 1882 1888 1810 
1810 1888 1811 1888 1813 1811 1889 1813 1888 
1890 1891 1892 1885 1890 1892 1884 1890 1885 
1884 1815 1890 1884 1816 1815 1804 1816 1884 
1813 1889 1893 1817 1813 1893 1819 1894 1895 
1819 1817 1894 1817 1893 1894 1895 1896 1897 
1894 1896 1895 1897 1822 1821 1897 1896 1822 
1896 1898 1822 1823 1822 1899 1822 1898 1899 
1891 1890 1825 1891 1825 1899 1899 1825 1823 
1815 1825 1890 1819 1895 1827 1828 1827 1895 
1897 1828 1895 1821 1828 1897 1900 1901 1902 
1901 1900 1903 1904 1905 1906 1904 1830 1829 
1904 1829 1905 1905 1829 1907 1902 1831 1900 
1902 1907 1831 1907 1829 1831 1900 1908 1903 
1900 1831 1908 1831 1832 1908 1908 1832 1833 
1909 1908 1833 1910 1911 1912 1910 1836 1835 
1910 1835 1911 1911 1835 1913 1837 1914 1915 
1837 1915 1835 1835 1915 1913 1914 1916 1917 
1915 1914 1917 1916 1918 1919 1917 1916 1919 
1918 1920 1921 1919 1918 1921 1920 1839 1840 
1920 1840 1921 1921 1840 1922 1841 1923 1840 
1840 1923 1922 1906 1842 1904 1906 1923 1842 
1923 1841 1842 1830 1904 1842 1833 1924 1909 
1843 1924 1833 1924 1843 1844 1925 1924 1844 
1926 1927 1928 1926 1929 1930 1927 1926 1930 
1912 1930 1929 1910 1912 1929 1910 1929 1847 
1910 1847 1846 1836 1910 1846 1837 1848 1914 
1849 1914 1848 1916 1914 1849 1850 1916 1849 
1918 1916 1850 1851 1918 1850 1920 1918 1851 
1839 1920 1851 1931 1853 1932 1931 1925 1853 
1925 1844 1853 1931 1932 1933 1934 1935 1936 
1928 1935 1934 1926 1928 1934 1926 1934 1856 
1926 1856 1855 1857 1926 1855 1929 1926 1857 
1847 1929 1857 1937 1853 1858 1937 1938 1853 
1932 1853 1939 1939 1853 1938 1932 1939 1933 
1858 1860 1937 1862 1934 1936 1862 1936 1863 
1863 1936 1940 1856 1934 1862 1866 1941 1942 
1865 1941 1866 1867 1866 1943 1866 1942 1943 
1938 1937 1868 1938 1868 1943 1943 1868 1867 
1860 1868 1937 1863 1940 1870 1940 1944 1870 
1945 1946 1947 1945 1948 1949 1947 1948 1945 
1948 1950 1949 1873 1951 1952 1872 1951 1873 
1941 1865 1873 1952 1941 1873 1870 1944 1953 
1874 1870 1953 1875 1954 1955 1875 1874 1954 
1874 1953 1954 1946 1955 1954 1945 1955 1946 
1945 1877 1955 1945 1878 1877 1879 1878 1945 
1949 1879 1945 1949 1950 1956 1949 1956 1879 
1879 1956 1881 1883 1957 1958 1883 1881 1957 
1881 1956 1957 1957 1959 1958 1886 1960 1961 
1885 1960 1886 1951 1872 1886 1961 1951 1886 
1875 1955 1887 1877 1887 1955 1883 1958 1888 
1889 1962 1963 1888 1962 1889 1888 1959 1962 
1888 1958 1959 1962 1964 1963 1965 1966 1967 
1965 1892 1891 1965 1967 1892 1967 1968 1892 
1960 1885 1892 1968 1960 1892 1889 1963 1893 
1963 1964 1969 1963 1969 1893 1893 1969 1894 
1896 1894 1970 1894 1969 1970 1898 1896 1971 
1896 1970 1971 1966 1965 1899 1966 1899 1971 
1971 1899 1898 1891 1899 1965 1901 1972 1973 
1902 1901 1973 1972 1901 1903 1974 1972 1903 
1975 1976 1977 1975 1978 1979 1976 1975 1979 
1979 1978 1980 1981 1982 1983 1981 1906 1905 
1981 1905 1982 1982 1905 1984 1907 1985 1905 
1905 1985 1984 1973 1907 1902 1985 1907 1973 
1903 1986 1974 1908 1986 1903 1986 1908 1909 
1987 1986 1909 1988 1989 1990 1988 1991 1992 
1989 1988 1992 1977 1992 1991 1975 1977 1991 
1975 1991 1912 1975 1912 1911 1913 1975 1911 
1978 1975 1913 1978 1993 1980 1978 1913 1993 
1913 1915 1993 1917 1994 1915 1915 1994 1993 
1919 1995 1917 1917 1995 1994 1921 1996 1919 
1919 1996 1995 1922 1997 1921 1921 1997 1996 
1983 1923 1981 1983 1997 1923 1997 1922 1923 
1906 1981 1923 1909 1998 1987 1924 1998 1909 
1998 1924 1925 1999 1998 1925 2000 2001 2002 
2000 2003 2004 2001 2000 2004 1990 2004 2003 
1988 1990 2003 1988 2003 1928 1988 1928 1927 
1930 1988 1927 1991 1988 1930 1912 1991 1930 
1925 2005 1999 1931 2005 1925 2005 1931 1933 
2006 2005 1933 2007 2000 2002 2008 2007 2002 
1935 2007 1936 1935 2003 2007 2003 2000 2007 
1928 2003 1935 2009 2010 2011 2009 1939 1938 
2009 2011 1939 2011 2012 1939 2006 1933 1939 
2012 2006 1939 2007 2008 2013 2013 1936 2007 
2013 2014 1936 2014 1940 1936 2015 2016 2017 
2017 2018 2015 2019 2020 2021 2019 1942 1941 
2019 2021 1942 2021 2022 1942 2010 2009 1943 
2010 1943 2022 2022 1943 1942 1938 1943 2009 
2023 2024 1944 2023 1944 2014 2014 1944 1940 
2024 2025 2026 2023 2025 2024 2016 2026 2025 
2015 2026 2016 2015 1946 2026 2015 1947 1946 
2015 2018 2027 2015 2027 1947 1947 2027 1948 
1950 2028 2029 1950 1948 2028 1948 2027 2028 
2028 2030 2029 2031 2032 2033 2020 2031 2033 
2019 2031 2020 2019 1951 2031 2019 1952 1951 
1941 1952 2019 1944 2024 1953 1954 1953 2024 
2026 1954 2024 1946 1954 2026 1950 2029 1956 
2029 2030 2034 2029 2034 1956 1956 2034 1957 
2034 1959 1957 2035 1959 2034 2036 2037 2038 
2032 2036 2038 2031 2036 2032 2031 1960 2036 
2031 1961 1960 1951 1961 2031 1959 2035 2039 
1962 1959 2039 1964 2040 2041 1964 1962 2040 
1962 2039 2040 2041 2042 2043 2040 2042 2041 
2043 2044 2045 2042 2044 2043 2045 1967 1966 
2045 2044 1967 2044 2046 1967 2037 2036 1968 
2037 1968 2046 2046 1968 1967 1960 1968 2036 
1964 2041 1969 1970 1969 2041 2043 1970 2041 
1971 1970 2043 2045 1971 2043 1966 1971 2045 
2047 2048 2049 2048 2047 2050 2051 2052 2053 
2051 1973 1972 2051 1972 2052 2052 1972 2054 
2054 1972 1974 2055 2054 1974 2056 2057 2058 
2056 2059 2060 2057 2056 2060 2049 2060 2059 
2047 2049 2059 2047 2059 1977 2047 1977 1976 
2047 2061 2050 2047 1976 2061 1976 1979 2061 
1980 2062 2063 1980 2063 1979 1979 2063 2061 
2062 2064 2065 2063 2062 2065 2064 2066 2067 
2065 2064 2067 2066 2068 2069 2067 2066 2069 
2068 2070 2071 2069 2068 2071 2070 1983 1982 
2070 1982 2071 2071 1982 2072 1984 2073 1982 
1982 2073 2072 2053 1985 2051 2053 2073 1985 
2073 1984 1985 1973 2051 1985 1974 2074 2055 
1986 2074 1974 2074 1986 1987 2075 2074 1987 
2076 2077 2078 2076 2079 2080 2077 2076 2080 
2058 2080 2079 2056 2058 2079 2056 2079 1990 
2056 1990 1989 1992 2056 1989 2059 2056 1992 
1977 2059 1992 1980 1993 2062 1994 2062 1993 
2064 2062 1994 1995 2064 1994 2066 2064 1995 
1996 2066 1995 2068 2066 1996 1997 2068 1996 
2070 2068 1997 1983 2070 1997 2081 1987 1998 
2081 2082 1987 2082 2075 1987 1998 1999 2081 
2083 2084 2085 2078 2084 2083 2076 2078 2083 
2076 2083 2002 2076 2002 2001 2004 2076 2001 
2079 2076 2004 1990 2079 2004 2081 2086 2082 
2087 2088 2086 2005 2087 2086 2005 2086 2081 
2005 2081 1999 2005 2006 2087 2083 2085 2089 
2089 2002 2083 2089 2090 2002 2090 2008 2002 
2091 2092 2093 2091 2011 2010 2091 2093 2011 
2093 2094 2011 2088 2087 2012 2088 2012 2094 
2094 2012 2011 2006 2012 2087 2008 2090 2095 
2013 2008 2095 2014 2096 2097 2014 2013 2096 
2013 2095 2096 2097 2098 2099 2096 2098 2097 
2099 2017 2016 2099 2098 2017 2098 2100 2017 
2018 2101 2102 2018 2017 2101 2017 2100 2101 
2101 2103 2102 2021 2104 2105 2020 2104 2021 
2092 2091 2022 2092 2022 2105 2105 2022 2021 
2010 2022 2091 2014 2097 2023 2025 2023 2097 
2099 2025 2097 2016 2025 2099 2018 2102 2027 
2102 2103 2106 2102 2106 2027 2027 2106 2028 
2106 2030 2028 2107 2030 2106 2033 2108 2109 
2032 2108 2033 2104 2020 2033 2109 2104 2033 
2030 2107 2110 2034 2030 2110 2035 2111 2112 
2035 2034 2111 2034 2110 2111 2111 2113 2112 
2114 2115 2116 2114 2038 2037 2114 2116 2038 
2116 2117 2038 2108 2032 2038 2117 2108 2038 
2035 2112 2039 2112 2113 2118 2112 2118 2039 
2039 2118 2040 2042 2040 2119 2040 2118 2119 
2044 2042 2120 2042 2119 2120 2115 2114 2046 
2115 2046 2120 2120 2046 2044 2037 2046 2114 
2121 2122 2123 2122 2121 2124 2125 2126 2127 
2125 2128 2129 2126 2125 2129 2128 2049 2048 
2128 2048 2129 2129 2048 2130 2050 2131 2132 
2050 2132 2048 2048 2132 2130 2131 2133 2134 
2132 2131 2134 2133 2135 2136 2134 2133 2136 
2135 2137 2138 2136 2135 2138 2137 2139 2140 
2138 2137 2140 2139 2141 2142 2140 2139 2142 
2141 2143 2144 2142 2141 2144 2143 2145 2146 
2144 2143 2146 2123 2146 2145 2121 2123 2145 
2121 2145 2053 2121 2053 2052 2121 2147 2124 
2121 2052 2147 2052 2054 2147 2055 2148 2149 
2055 2149 2054 2054 2149 2147 2149 2148 2150 
2151 2152 2153 2151 2154 2155 2152 2151 2155 
2127 2155 2154 2125 2127 2154 2125 2154 2058 
2125 2058 2057 2060 2125 2057 2128 2125 2060 
2049 2128 2060 2050 2061 2131 2063 2131 2061 
2133 2131 2063 2065 2133 2063 2135 2133 2065 
2067 2135 2065 2137 2135 2067 2069 2137 2067 
2139 2137 2069 2071 2139 2069 2141 2139 2071 
2072 2141 2071 2143 2141 2072 2073 2143 2072 
2145 2143 2073 2053 2145 2073 2055 2074 2148 
2148 2074 2075 2148 2075 2150 2150 2075 2156 
2157 2158 2159 2153 2158 2157 2151 2153 2157 
2151 2157 2078 2151 2078 2077 2080 2151 2077 
2154 2151 2080 2058 2154 2080 2160 2082 2161 
2160 2156 2082 2156 2075 2082 2160 2161 2162 
2084 2157 2159 2084 2159 2085 2085 2159 2163 
2078 2157 2084 2164 2082 2086 2164 2165 2082 
2161 2082 2166 2166 2082 2165 2161 2166 2162 
2086 2088 2164 2085 2163 2167 2089 2085 2167 
2090 2168 2169 2090 2089 2168 2089 2167 2168 
2169 2170 2171 2168 2170 2169 2171 2172 2173 
2170 2172 2171 2173 2174 2175 2172 2174 2173 
2175 2176 2177 2174 2176 2175 2176 2178 2177 
2179 2180 2181 2179 2093 2092 2179 2181 2093 
2181 2182 2093 2165 2164 2094 2165 2094 2182 
2182 2094 2093 2088 2094 2164 2090 2169 2095 
2096 2095 2169 2171 2096 2169 2098 2096 2171 
2173 2098 2171 2100 2098 2173 2175 2100 2173 
2101 2100 2175 2177 2101 2175 2103 2183 2184 
2101 2183 2103 2101 2178 2183 2101 2177 2178 
2183 2185 2184 2186 2187 2188 2180 2186 2188 
2179 2186 2180 2179 2104 2186 2179 2105 2104 
2092 2105 2179 2103 2184 2106 2107 2189 2190 
2106 2189 2107 2106 2185 2189 2106 2184 2185 
2189 2191 2190 2192 2193 2194 2192 2195 2196 
2194 2195 2192 2187 2196 2195 2186 2196 2187 
2186 2108 2196 2186 2109 2108 2104 2109 2186 
2107 2190 2110 2190 2191 2197 2190 2197 2110 
2110 2197 2111 2113 2198 2199 2113 2111 2198 
2111 2197 2198 2199 2200 2201 2198 2200 2199 
2201 2202 2203 2200 2202 2201 2193 2203 2202 
2192 2203 2193 2192 2115 2203 2192 2116 2115 
2117 2116 2192 2196 2117 2192 2108 2117 2196 
2113 2199 2118 2119 2118 2199 2201 2119 2199 
2120 2119 2201 2203 2120 2201 2115 2120 2203 
2204 2205 2206 2204 2207 2208 2205 2204 2208 
2207 2209 2210 2208 2207 2210 2209 2211 2212 
2210 2209 2212 2211 2213 2214 2212 2211 2214 
2213 2215 2216 2214 2213 2216 2215 2217 2218 
2216 2215 2218 2218 2217 2219 2220 2221 2222 
2220 2223 2224 2221 2220 2224 2223 2123 2122 
2223 2122 2224 2224 2122 2225 2124 2226 2227 
2124 2227 2122 2122 2227 2225 2227 2226 2228 
2229 2230 2231 2206 2230 2229 2206 2229 2204 
2204 2229 2232 2207 2204 2233 2233 2204 2232 
2126 2233 2127 2126 2209 2233 2209 2207 2233 
2129 2209 2126 2211 2209 2129 2130 2211 2129 
2213 2211 2130 2132 2213 2130 2215 2213 2132 
2134 2215 2132 2217 2215 2134 2217 2234 2219 
2217 2134 2234 2134 2136 2234 2138 2235 2136 
2136 2235 2234 2140 2236 2138 2138 2236 2235 
2142 2237 2140 2140 2237 2236 2222 2144 2220 
2222 2237 2144 2237 2142 2144 2146 2220 2144 
2223 2220 2146 2123 2223 2146 2124 2147 2226 
2226 2147 2149 2226 2149 2238 2226 2238 2228 
2238 2149 2239 2149 2150 2239 2240 2241 2242 
2231 2241 2240 2231 2240 2229 2229 2240 2243 
2152 2243 2153 2152 2232 2243 2232 2229 2243 
2155 2232 2152 2233 2232 2155 2127 2233 2155 
2239 2244 2238 2244 2239 2150 2244 2150 2245 
2245 2150 2156 2246 2240 2242 2247 2246 2242 
2158 2246 2159 2158 2243 2246 2243 2240 2246 
2153 2243 2158 2248 2156 2160 2248 2249 2156 
2249 2245 2156 2160 2162 2248 2246 2247 2250 
2246 2163 2159 2246 2251 2163 2246 2250 2251 
2252 2163 2251 2252 2253 2254 2251 2253 2252 
2254 2255 2256 2253 2255 2254 2256 2257 2258 
2255 2257 2256 2258 2259 2260 2257 2259 2258 
2259 2261 2260 2262 2263 2264 2262 2265 2266 
2264 2265 2262 2249 2266 2265 2248 2266 2249 
2248 2165 2266 2248 2166 2165 2162 2166 2248 
2163 2252 2167 2168 2167 2252 2254 2168 2252 
2170 2168 2254 2256 2170 2254 2172 2170 2256 
2258 2172 2256 2174 2172 2258 2260 2174 2258 
2260 2261 2267 2260 2267 2174 2174 2267 2176 
2178 2268 2269 2178 2176 2268 2176 2267 2268 
2268 2270 2269 2271 2272 2273 2263 2271 2273 
2262 2271 2263 2262 2180 2271 2262 2181 2180 
2182 2181 2262 2266 2182 2262 2165 2182 2266 
2178 2269 2183 2185 2274 2275 2183 2274 2185 
2183 2270 2274 2183 2269 2270 2274 2276 2275 
2277 2278 2279 2277 2280 2281 2279 2280 2277 
2272 2281 2280 2271 2281 2272 2271 2187 2281 
2271 2188 2187 2180 2188 2271 2185 2275 2189 
2191 2282 2283 2189 2282 2191 2189 2276 2282 
2189 2275 2276 2283 2284 2285 2282 2284 2283 
2285 2286 2287 2284 2286 2285 2287 2288 2289 
2286 2288 2287 2278 2289 2288 2277 2289 2278 
2277 2193 2289 2277 2194 2193 2195 2194 2277 
2281 2195 2277 2187 2195 2281 2191 2283 2197 
2198 2197 2283 2285 2198 2283 2200 2198 2285 
2287 2200 2285 2202 2200 2287 2289 2202 2287 
2193 2202 2289 2290 2291 2292 2290 2293 2294 
2291 2290 2294 2293 2295 2296 2294 2293 2296 
2296 2295 2297 2298 2299 2300 2298 2301 2302 
2299 2298 2302 2302 2301 2303 2304 2305 2306 
2304 2307 2308 2305 2304 2308 2292 2308 2307 
2290 2292 2307 2290 2307 2206 2290 2206 2205 
2208 2290 2205 2293 2290 2208 2210 2293 2208 
2295 2293 2210 2295 2309 2297 2295 2210 2309 
2210 2212 2309 2214 2310 2212 2212 2310 2309 
2216 2311 2214 2214 2311 2310 2218 2312 2216 
2216 2312 2311 2219 2313 2314 2219 2314 2218 
2218 2314 2312 2313 2315 2316 2314 2313 2316 
2315 2317 2318 2316 2315 2318 2317 2319 2320 
2318 2317 2320 2319 2222 2221 2319 2221 2320 
2320 2221 2321 2300 2224 2298 2300 2321 2224 
2321 2221 2224 2225 2298 2224 2301 2298 2225 
2301 2322 2303 2301 2225 2322 2225 2227 2322 
2322 2227 2228 2323 2322 2228 2324 2304 2306 
2325 2324 2306 2230 2324 2231 2230 2307 2324 
2307 2304 2324 2206 2307 2230 2219 2234 2313 
2235 2313 2234 2315 2313 2235 2236 2315 2235 
2317 2315 2236 2237 2317 2236 2319 2317 2237 
2222 2319 2237 2228 2238 2323 2323 2238 2326 
2327 2328 2329 2325 2328 2327 2324 2325 2327 
2324 2327 2242 2324 2242 2241 2231 2324 2241 
2238 2330 2326 2244 2330 2238 2330 2244 2245 
2331 2330 2245 2327 2329 2332 2327 2247 2242 
2327 2333 2247 2327 2332 2333 2334 2247 2333 
2334 2335 2336 2333 2335 2334 2336 2337 2338 
2335 2337 2336 2338 2339 2340 2337 2339 2338 
2340 2341 2342 2339 2341 2340 2341 2343 2342 
2344 2345 2346 2344 2346 2331 2344 2331 2249 
2249 2331 2245 2247 2334 2250 2251 2250 2334 
2336 2251 2334 2253 2251 2336 2338 2253 2336 
2255 2253 2338 2340 2255 2338 2257 2255 2340 
2342 2257 2340 2342 2343 2347 2342 2347 2257 
2257 2347 2259 2261 2348 2349 2261 2259 2348 
2259 2347 2348 2348 2350 2349 2351 2352 2353 
2351 2264 2263 2351 2353 2264 2353 2354 2264 
2345 2344 2265 2345 2265 2354 2354 2265 2264 
2249 2265 2344 2261 2349 2267 2349 2350 2355 
2349 2355 2267 2267 2355 2268 2270 2356 2357 
2270 2268 2356 2268 2355 2356 2356 2358 2357 
2359 2360 2361 2352 2359 2361 2351 2359 2352 
2351 2272 2359 2351 2273 2272 2263 2273 2351 
2270 2357 2274 2276 2362 2363 2274 2362 2276 
2274 2358 2362 2274 2357 2358 2363 2364 2365 
2362 2364 2363 2365 2366 2367 2364 2366 2365 
2367 2368 2369 2366 2368 2367 2369 2279 2278 
2369 2368 2279 2368 2370 2279 2360 2359 2280 
2360 2280 2370 2370 2280 2279 2272 2280 2359 
2276 2363 2282 2284 2282 2363 2365 2284 2363 
2286 2284 2365 2367 2286 2365 2288 2286 2367 
2369 2288 2367 2278 2288 2369 2371 2372 2373 
2371 2374 2375 2372 2371 2375 2375 2374 2376 
2377 2378 2379 2373 2378 2377 2373 2377 2371 
2371 2377 2380 2291 2380 2292 2291 2374 2380 
2374 2371 2380 2374 2381 2376 2374 2291 2381 
2291 2294 2381 2296 2382 2294 2294 2382 2381 
2297 2383 2384 2297 2384 2296 2296 2384 2382 
2383 2385 2386 2384 2383 2386 2385 2387 2388 
2386 2385 2388 2387 2389 2390 2388 2387 2390 
2389 2391 2392 2390 2389 2392 2391 2393 2394 
2392 2391 2394 2393 2395 2396 2394 2393 2396 
2395 2397 2398 2396 2395 2398 2397 2399 2400 
2398 2397 2400 2399 2300 2299 2399 2299 2400 
2400 2299 2401 2302 2402 2299 2299 2402 2401 
2402 2302 2303 2403 2402 2303 2404 2405 2406 
2379 2405 2404 2377 2379 2404 2377 2404 2306 
2377 2306 2305 2308 2377 2305 2380 2377 2308 
2292 2380 2308 2297 2309 2383 2310 2383 2309 
2385 2383 2310 2311 2385 2310 2387 2385 2311 
2312 2387 2311 2389 2387 2312 2314 2389 2312 
2391 2389 2314 2316 2391 2314 2393 2391 2316 
2318 2393 2316 2395 2393 2318 2320 2395 2318 
2397 2395 2320 2321 2397 2320 2399 2397 2321 
2300 2399 2321 2303 2407 2403 2322 2407 2303 
2407 2322 2323 2408 2407 2323 2409 2404 2406 
2410 2409 2406 2306 2409 2325 2404 2409 2306 
2323 2326 2408 2408 2326 2411 2328 2412 2329 
2409 2410 2413 2412 2325 2414 2412 2328 2325 
2414 2325 2415 2409 2413 2325 2415 2325 2413 
2414 2416 2417 2415 2416 2414 2417 2418 2419 
2416 2418 2417 2419 2420 2421 2418 2420 2419 
2421 2422 2423 2420 2422 2421 2422 2424 2423 
2425 2326 2330 2425 2426 2326 2426 2411 2326 
2330 2331 2425 2329 2412 2332 2333 2332 2412 
2414 2333 2412 2335 2333 2414 2417 2335 2414 
2337 2335 2417 2419 2337 2417 2339 2337 2419 
2421 2339 2419 2341 2339 2421 2423 2341 2421 
2343 2427 2428 2341 2427 2343 2341 2424 2427 
2341 2423 2424 2427 2429 2428 2430 2431 2432 
2430 2433 2434 2432 2433 2430 2426 2434 2433 
2425 2434 2426 2425 2345 2434 2425 2346 2345 
2331 2346 2425 2343 2428 2347 2428 2429 2435 
2428 2435 2347 2347 2435 2348 2350 2436 2437 
2350 2348 2436 2348 2435 2436 2436 2438 2437 
2439 2440 2441 2439 2442 2443 2441 2442 2439 
2431 2443 2442 2430 2443 2431 2430 2352 2443 
2430 2353 2352 2354 2353 2430 2434 2354 2430 
2345 2354 2434 2350 2437 2355 2437 2438 2444 
2437 2444 2355 2355 2444 2356 2358 2445 2446 
2358 2356 2445 2356 2444 2445 2446 2447 2448 
2445 2447 2446 2448 2449 2450 2447 2449 2448 
2450 2451 2452 2449 2451 2450 2440 2452 2451 
2440 2439 2452 2439 2453 2452 2361 2360 2453 
2361 2453 2443 2443 2453 2439 2352 2361 2443 
2358 2446 2362 2364 2362 2446 2448 2364 2446 
2366 2364 2448 2450 2366 2448 2368 2366 2450 
2452 2368 2450 2370 2368 2452 2453 2370 2452 
2360 2370 2453 2454 2455 2456 2454 2457 2458 
2455 2454 2458 2458 2457 2459 2460 2454 2456 
2461 2460 2456 2457 2454 2462 2462 2454 2460 
2373 2372 2463 2373 2463 2457 2373 2457 2462 
2459 2457 2463 2375 2464 2372 2372 2464 2463 
2376 2465 2466 2376 2466 2375 2375 2466 2464 
2465 2467 2468 2466 2465 2468 2467 2469 2470 
2468 2467 2470 2469 2471 2472 2470 2469 2472 
2471 2473 2474 2472 2471 2474 2473 2475 2476 
2474 2473 2476 2475 2477 2478 2476 2475 2478 
2477 2479 2480 2478 2477 2480 2479 2481 2482 
2480 2479 2482 2481 2483 2484 2482 2481 2484 
2483 2485 2486 2484 2483 2486 2485 2487 2488 
2486 2485 2488 2488 2487 2489 2490 2491 2492 
2461 2491 2490 2461 2490 2460 2460 2490 2493 
2378 2493 2379 2378 2462 2493 2462 2460 2493 
2373 2462 2378 2376 2381 2465 2382 2465 2381 
2467 2465 2382 2384 2467 2382 2469 2467 2384 
2386 2469 2384 2471 2469 2386 2388 2471 2386 
2473 2471 2388 2390 2473 2388 2475 2473 2390 
2392 2475 2390 2477 2475 2392 2394 2477 2392 
2479 2477 2394 2396 2479 2394 2481 2479 2396 
2398 2481 2396 2483 2481 2398 2400 2483 2398 
2485 2483 2400 2401 2485 2400 2487 2485 2401 
2487 2494 2489 2487 2401 2494 2401 2402 2494 
2494 2402 2403 2495 2494 2403 2496 2490 2492 
2497 2496 2492 2405 2496 2406 2405 2493 2496 
2493 2490 2496 2379 2493 2405 2498 2403 2407 
2498 2499 2403 2499 2495 2403 2407 2408 2498 
2496 2497 2500 2496 2410 2406 2496 2501 2410 
2496 2500 2501 2502 2410 2501 2502 2503 2504 
2501 2503 2502 2504 2505 2506 2503 2505 2504 
2506 2507 2508 2505 2507 2506 2508 2509 2510 
2507 2509 2508 2509 2511 2510 2498 2512 2499 
2512 2498 2408 2512 2408 2513 2513 2408 2411 
2410 2502 2413 2415 2413 2502 2504 2415 2502 
2416 2415 2504 2506 2416 2504 2418 2416 2506 
2508 2418 2506 2420 2418 2508 2510 2420 2508 
2510 2511 2514 2510 2514 2420 2420 2514 2422 
2424 2515 2516 2424 2422 2515 2422 2514 2515 
2515 2517 2516 2518 2519 2520 2518 2521 2522 
2520 2521 2518 2522 2523 2524 2521 2523 2522 
2524 2523 2513 2524 2513 2426 2426 2513 2411 
2424 2516 2427 2429 2525 2526 2427 2525 2429 
2427 2517 2525 2427 2516 2517 2525 2527 2526 
2528 2529 2530 2519 2528 2530 2519 2518 2528 
2518 2531 2528 2432 2431 2531 2432 2531 2522 
2522 2531 2518 2433 2432 2522 2524 2433 2522 
2426 2433 2524 2429 2526 2435 2526 2527 2532 
2526 2532 2435 2435 2532 2436 2438 2533 2534 
2438 2436 2533 2436 2532 2533 2534 2535 2536 
2533 2535 2534 2536 2537 2538 2535 2537 2536 
2538 2539 2540 2537 2539 2538 2540 2541 2542 
2539 2541 2540 2529 2542 2541 2528 2542 2529 
2528 2440 2542 2528 2441 2440 2442 2441 2528 
2531 2442 2528 2431 2442 2531 2438 2534 2444 
2445 2444 2534 2536 2445 2534 2447 2445 2536 
2538 2447 2536 2449 2447 2538 2540 2449 2538 
2451 2449 2540 2542 2451 2540 2440 2451 2542 
2543 2544 2545 2543 2546 2547 2544 2543 2547 
2546 2548 2549 2547 2546 2549 2549 2548 2550 
2551 2552 2553 2551 2554 2555 2552 2551 2555 
2554 2556 2557 2555 2554 2557 2557 2556 2558 
2559 2543 2545 2560 2559 2545 2455 2559 2456 
2455 2546 2559 2546 2543 2559 2458 2546 2455 
2548 2546 2458 2459 2561 2562 2458 2459 2562 
2458 2562 2550 2458 2550 2548 2561 2563 2564 
2562 2561 2564 2563 2565 2566 2564 2563 2566 
2565 2567 2568 2566 2565 2568 2567 2569 2570 
2568 2567 2570 2553 2570 2569 2553 2569 2551 
2551 2569 2571 2554 2551 2572 2572 2551 2571 
2556 2554 2573 2573 2554 2572 2574 2558 2556 
2574 2556 2575 2575 2556 2573 2575 2576 2577 
2574 2575 2577 2576 2578 2579 2577 2576 2579 
2578 2580 2581 2579 2578 2581 2580 2582 2583 
2581 2580 2583 2583 2582 2584 2585 2559 2560 
2586 2585 2560 2456 2585 2461 2559 2585 2456 
2459 2463 2561 2464 2561 2463 2563 2561 2464 
2466 2563 2464 2565 2563 2466 2468 2565 2466 
2567 2565 2468 2470 2567 2468 2569 2567 2470 
2472 2569 2470 2571 2569 2472 2474 2571 2472 
2572 2571 2474 2476 2572 2474 2573 2572 2476 
2478 2573 2476 2575 2573 2478 2480 2575 2478 
2576 2575 2480 2482 2576 2480 2578 2576 2482 
2484 2578 2482 2580 2578 2484 2486 2580 2484 
2582 2580 2486 2582 2587 2584 2582 2486 2587 
2486 2488 2587 2587 2488 2489 2588 2587 2489 
2491 2585 2586 2491 2586 2492 2492 2586 2589 
2461 2585 2491 2489 2590 2588 2494 2590 2489 
2590 2494 2495 2591 2590 2495 2592 2593 2497 
2592 2497 2589 2589 2497 2492 2593 2594 2595 
2592 2594 2593 2595 2596 2597 2594 2596 2595 
2597 2598 2599 2596 2598 2597 2599 2600 2601 
2598 2600 2599 2600 2602 2601 2603 2499 2604 
2603 2591 2499 2591 2495 2499 2603 2604 2605 
2497 2593 2500 2501 2500 2593 2595 2501 2593 
2503 2501 2595 2597 2503 2595 2505 2503 2597 
2599 2505 2597 2507 2505 2599 2601 2507 2599 
2601 2602 2606 2601 2606 2507 2507 2606 2509 
2511 2607 2608 2511 2509 2607 2509 2606 2607 
2608 2609 2610 2607 2609 2608 2609 2611 2610 
2612 2613 2614 2612 2615 2616 2614 2615 2612 
2617 2499 2615 2617 2604 2499 2615 2499 2616 
2512 2618 2499 2616 2499 2618 2604 2617 2605 
2512 2513 2618 2511 2608 2514 2515 2514 2608 
2610 2515 2608 2517 2619 2620 2515 2619 2517 
2515 2611 2619 2515 2610 2611 2619 2621 2620 
2622 2623 2624 2613 2622 2624 2612 2622 2613 
2612 2519 2622 2612 2520 2519 2521 2520 2612 
2616 2521 2612 2523 2521 2616 2618 2523 2616 
2513 2523 2618 2517 2620 2525 2620 2527 2525 
2620 2621 2527 2621 2625 2527 2626 2627 2628 
2623 2626 2628 2622 2626 2623 2622 2529 2626 
2622 2530 2529 2519 2530 2622 2527 2625 2629 
2532 2527 2629 2533 2532 2630 2532 2629 2630 
2535 2533 2631 2533 2630 2631 2537 2535 2632 
2535 2631 2632 2539 2537 2633 2537 2632 2633 
2627 2626 2541 2627 2541 2633 2633 2541 2539 
2529 2541 2626 2634 2635 2636 2634 2637 2638 
2635 2634 2638 2637 2639 2640 2638 2637 2640 
2639 2641 2642 2640 2639 2642 2641 2643 2644 
2642 2641 2644 2643 2645 2646 2644 2643 2646 
2645 2647 2648 2646 2645 2648 2647 2649 2650 
2648 2647 2650 2649 2651 2652 2650 2649 2652 
2651 2653 2654 2652 2651 2654 2653 2655 2656 
2654 2653 2656 2655 2657 2658 2656 2655 2658 
2658 2657 2659 2660 2661 2662 2636 2661 2660 
2634 2636 2660 2634 2660 2545 2634 2545 2544 
2547 2634 2544 2637 2634 2547 2549 2637 2547 
2639 2637 2549 2550 2639 2549 2550 2663 2639 
2663 2641 2639 2643 2641 2664 2664 2641 2663 
2645 2643 2665 2665 2643 2664 2647 2645 2666 
2666 2645 2665 2649 2647 2667 2667 2647 2666 
2552 2667 2553 2552 2651 2667 2651 2649 2667 
2555 2651 2552 2653 2651 2555 2557 2653 2555 
2655 2653 2557 2558 2655 2557 2558 2668 2655 
2668 2657 2655 2669 2659 2657 2669 2657 2670 
2670 2657 2668 2670 2671 2672 2669 2670 2672 
2671 2673 2674 2672 2671 2674 2674 2673 2675 
2676 2660 2662 2677 2676 2662 2545 2676 2560 
2660 2676 2545 2550 2562 2663 2564 2663 2562 
2664 2663 2564 2566 2664 2564 2665 2664 2566 
2568 2665 2566 2666 2665 2568 2570 2666 2568 
2667 2666 2570 2553 2667 2570 2558 2574 2668 
2577 2668 2574 2670 2668 2577 2579 2670 2577 
2671 2670 2579 2581 2671 2579 2673 2671 2581 
2673 2678 2675 2673 2581 2678 2581 2583 2678 
2678 2583 2584 2679 2678 2584 2680 2676 2677 
2681 2680 2677 2560 2680 2586 2676 2680 2560 
2584 2682 2679 2587 2682 2584 2682 2587 2588 
2683 2682 2588 2680 2681 2684 2680 2589 2586 
2680 2685 2589 2680 2684 2685 2686 2589 2685 
2686 2687 2688 2685 2687 2686 2688 2689 2690 
2687 2689 2688 2690 2691 2692 2689 2691 2690 
2692 2693 2694 2691 2693 2692 2693 2695 2694 
2696 2588 2590 2696 2697 2588 2697 2683 2588 
2590 2591 2696 2589 2686 2592 2594 2592 2686 
2688 2594 2686 2596 2594 2688 2690 2596 2688 
2598 2596 2690 2692 2598 2690 2600 2598 2692 
2694 2600 2692 2602 2698 2699 2600 2698 2602 
2600 2695 2698 2600 2694 2695 2699 2700 2701 
2698 2700 2699 2700 2702 2701 2703 2697 2696 
2704 2697 2703 2591 2603 2705 2591 2705 2696 
2696 2705 2703 2603 2605 2705 2602 2699 2606 
2607 2606 2699 2701 2607 2699 2701 2702 2706 
2701 2706 2607 2607 2706 2609 2706 2611 2609 
2707 2611 2706 2708 2709 2710 2708 2614 2613 
2708 2710 2614 2710 2711 2614 2704 2703 2615 
2704 2615 2711 2711 2615 2614 2617 2615 2703 
2705 2617 2703 2605 2617 2705 2611 2707 2712 
2619 2611 2712 2621 2713 2714 2621 2619 2713 
2619 2712 2713 2713 2715 2714 2716 2717 2718 
2716 2719 2720 2718 2719 2716 2709 2720 2719 
2708 2720 2709 2708 2623 2720 2708 2624 2623 
2613 2624 2708 2714 2721 2625 2621 2714 2625 
2722 2714 2715 2722 2723 2714 2723 2721 2714 
2723 2724 2725 2722 2724 2723 2725 2726 2727 
2724 2726 2725 2717 2727 2726 2717 2716 2727 
2716 2728 2727 2628 2627 2728 2628 2728 2720 
2720 2728 2716 2623 2628 2720 2625 2721 2629 
2630 2629 2721 2723 2630 2721 2631 2630 2723 
2725 2631 2723 2632 2631 2725 2727 2632 2725 
2633 2632 2727 2728 2633 2727 2627 2633 2728 
2729 2730 2731 2729 2732 2733 2730 2729 2733 
2732 2734 2735 2733 2732 2735 2735 2734 2736 
2737 2738 2739 2737 2740 2741 2738 2737 2741 
2731 2741 2740 2731 2740 2729 2729 2740 2742 
2732 2729 2743 2743 2729 2742 2734 2732 2744 
2744 2732 2743 2745 2736 2734 2745 2734 2746 
2746 2734 2744 2746 2747 2748 2745 2746 2748 
2748 2747 2749 2750 2751 2752 2750 2753 2754 
2751 2750 2754 2753 2755 2756 2754 2753 2756 
2739 2756 2755 2739 2755 2737 2737 2755 2757 
2740 2737 2758 2758 2737 2757 2742 2740 2759 
2759 2740 2758 2743 2742 2760 2760 2742 2759 
2744 2743 2761 2761 2743 2760 2746 2744 2762 
2762 2744 2761 2747 2746 2763 2763 2746 2762 
2764 2749 2747 2764 2747 2765 2765 2747 2763 
2764 2765 2766 2750 2752 2767 2767 2768 2769 
2767 2769 2750 2750 2769 2753 2755 2753 2770 
2770 2753 2769 2757 2755 2771 2771 2755 2770 
2758 2757 2772 2772 2757 2771 2759 2758 2773 
2773 2758 2772 2760 2759 2774 2774 2759 2773 
2761 2760 2775 2775 2760 2774 2762 2761 2776 
2776 2761 2775 2763 2762 2777 2777 2762 2776 
2765 2763 2778 2778 2763 2777 2779 2766 2765 
2779 2765 2780 2780 2765 2778 2779 2780 2781 
2782 2769 2768 2783 2782 2768 2770 2769 2784 
2784 2769 2782 2771 2770 2785 2785 2770 2784 
2772 2771 2786 2786 2771 2785 2773 2772 2787 
2787 2772 2786 2774 2773 2788 2788 2773 2787 
2775 2774 2789 2789 2774 2788 2776 2775 2790 
2790 2775 2789 2777 2776 2791 2791 2776 2790 
2778 2777 2792 2792 2777 2791 2780 2778 2793 
2793 2778 2792 2794 2781 2780 2794 2780 2795 
2795 2780 2793 2795 2796 2797 2794 2795 2797 
2797 2796 2798 2799 2800 2801 2783 2800 2799 
2783 2799 2782 2782 2799 2802 2635 2802 2636 
2635 2784 2802 2784 2782 2802 2638 2784 2635 
2785 2784 2638 2640 2785 2638 2786 2785 2640 
2642 2786 2640 2787 2786 2642 2644 2787 2642 
2788 2787 2644 2646 2788 2644 2789 2788 2646 
2648 2789 2646 2790 2789 2648 2650 2790 2648 
2791 2790 2650 2652 2791 2650 2792 2791 2652 
2654 2792 2652 2793 2792 2654 2656 2793 2654 
2795 2793 2656 2658 2795 2656 2796 2795 2658 
2659 2803 2804 2658 2659 2804 2658 2804 2798 
2658 2798 2796 2803 2805 2806 2804 2803 2806 
2806 2805 2807 2808 2799 2801 2809 2808 2801 
2661 2808 2662 2661 2802 2808 2802 2799 2808 
2636 2802 2661 2659 2669 2803 2672 2803 2669 
2805 2803 2672 2805 2810 2807 2805 2672 2810 
2672 2674 2810 2810 2674 2675 2811 2810 2675 
2808 2809 2812 2812 2662 2808 2812 2813 2662 
2813 2677 2662 2675 2814 2811 2678 2814 2675 
2814 2678 2679 2815 2814 2679 2816 2817 2681 
2816 2681 2813 2813 2681 2677 2817 2818 2819 
2816 2818 2817 2819 2820 2821 2818 2820 2819 
2821 2822 2823 2820 2822 2821 2823 2824 2825 
2822 2824 2823 2825 2826 2827 2824 2826 2825 
2826 2828 2827 2679 2829 2815 2682 2829 2679 
2829 2682 2683 2830 2829 2683 2681 2817 2684 
2685 2684 2817 2819 2685 2817 2687 2685 2819 
2821 2687 2819 2689 2687 2821 2823 2689 2821 
2691 2689 2823 2825 2691 2823 2693 2691 2825 
2827 2693 2825 2695 2831 2832 2693 2831 2695 
2693 2828 2831 2693 2827 2828 2832 2833 2834 
2831 2833 2832 2833 2835 2834 2683 2697 2830 
2830 2697 2836 2695 2832 2698 2700 2698 2832 
2834 2700 2832 2702 2837 2838 2700 2837 2702 
2700 2835 2837 2700 2834 2835 2837 2839 2838 
2840 2841 2842 2840 2843 2844 2842 2843 2840 
2844 2843 2836 2844 2836 2704 2704 2836 2697 
2702 2838 2706 2707 2845 2846 2706 2845 2707 
2706 2839 2845 2706 2838 2839 2846 2847 2848 
2845 2847 2846 2847 2849 2848 2850 2851 2852 
2850 2853 2854 2852 2853 2850 2841 2854 2853 
2840 2854 2841 2840 2709 2854 2840 2710 2709 
2711 2710 2840 2844 2711 2840 2704 2711 2844 
2707 2846 2712 2713 2712 2846 2848 2713 2846 
2715 2855 2856 2713 2855 2715 2713 2849 2855 
2713 2848 2849 2856 2857 2858 2855 2857 2856 
2858 2859 2860 2857 2859 2858 2851 2860 2859 
2850 2860 2851 2850 2717 2860 2850 2718 2717 
2719 2718 2850 2854 2719 2850 2709 2719 2854 
2715 2856 2722 2724 2722 2856 2858 2724 2856 
2726 2724 2858 2860 2726 2858 2717 2726 2860 
2730 2861 2862 2731 2730 2862 2733 2863 2730 
2730 2863 2861 2735 2864 2733 2733 2864 2863 
2736 2865 2866 2736 2866 2735 2735 2866 2864 
2865 2867 2868 2866 2865 2868 2868 2867 2869 
2870 2871 2872 2870 2739 2738 2870 2738 2871 
2871 2738 2873 2741 2874 2738 2738 2874 2873 
2862 2741 2731 2874 2741 2862 2736 2745 2865 
2748 2865 2745 2867 2865 2748 2749 2875 2876 
2748 2749 2876 2748 2876 2869 2748 2869 2867 
2876 2875 2877 2878 2879 2880 2878 2752 2751 
2878 2751 2879 2879 2751 2881 2754 2882 2751 
2751 2882 2881 2872 2756 2870 2872 2882 2756 
2882 2754 2756 2739 2870 2756 2749 2764 2875 
2766 2883 2884 2764 2766 2884 2764 2884 2877 
2764 2877 2875 2883 2885 2886 2884 2883 2886 
2886 2885 2887 2878 2880 2888 2889 2888 2890 
2767 2888 2889 2767 2878 2888 2767 2752 2878 
2767 2889 2768 2766 2779 2883 2781 2883 2779 
2781 2891 2883 2891 2885 2883 2892 2887 2885 
2892 2885 2893 2893 2885 2891 2892 2893 2894 
2895 2889 2890 2896 2895 2890 2768 2895 2783 
2889 2895 2768 2781 2794 2891 2797 2891 2794 
2893 2891 2797 2798 2897 2898 2797 2798 2898 
2797 2898 2894 2797 2894 2893 2897 2899 2900 
2898 2897 2900 2900 2899 2901 2800 2895 2896 
2800 2896 2801 2801 2896 2902 2783 2895 2800 
2798 2804 2897 2806 2897 2804 2899 2897 2806 
2807 2903 2904 2806 2807 2904 2806 2904 2901 
2806 2901 2899 2904 2903 2905 2906 2907 2809 
2906 2809 2902 2902 2809 2801 2906 2908 2907 
2807 2810 2903 2903 2810 2811 2903 2811 2905 
2905 2811 2909 2809 2907 2812 2813 2910 2911 
2812 2910 2813 2812 2908 2910 2812 2907 2908 
2911 2912 2913 2910 2912 2911 2913 2914 2915 
2912 2914 2913 2915 2916 2917 2914 2916 2915 
2917 2918 2919 2916 2918 2917 2919 2920 2921 
2918 2920 2919 2920 2922 2921 2811 2923 2909 
2814 2923 2811 2923 2814 2815 2924 2923 2815 
2813 2911 2816 2818 2816 2911 2913 2818 2911 
2820 2818 2913 2915 2820 2913 2822 2820 2915 
2917 2822 2915 2824 2822 2917 2919 2824 2917 
2826 2824 2919 2921 2826 2919 2828 2925 2926 
2826 2925 2828 2826 2922 2925 2826 2921 2922 
2925 2927 2926 2815 2928 2924 2829 2928 2815 
2928 2829 2830 2929 2928 2830 2828 2926 2831 
2926 2927 2930 2926 2930 2831 2831 2930 2833 
2835 2931 2932 2835 2833 2931 2833 2930 2931 
2931 2933 2932 2934 2935 2936 2934 2937 2938 
2936 2937 2934 2938 2939 2940 2937 2939 2938 
2940 2939 2929 2940 2929 2836 2836 2929 2830 
2835 2932 2837 2839 2941 2942 2837 2941 2839 
2837 2933 2941 2837 2932 2933 2942 2943 2944 
2941 2943 2942 2943 2945 2944 2946 2947 2948 
2946 2949 2950 2948 2949 2946 2935 2950 2949 
2935 2934 2950 2934 2951 2950 2842 2841 2951 
2842 2951 2938 2938 2951 2934 2843 2842 2938 
2940 2843 2938 2836 2843 2940 2839 2942 2845 
2847 2845 2942 2944 2847 2942 2849 2952 2953 
2847 2952 2849 2847 2945 2952 2847 2944 2945 
2953 2954 2955 2952 2954 2953 2947 2955 2954 
2947 2946 2955 2946 2956 2955 2852 2851 2956 
2852 2956 2950 2950 2956 2946 2853 2852 2950 
2951 2853 2950 2841 2853 2951 2849 2953 2855 
2857 2855 2953 2955 2857 2953 2859 2857 2955 
2956 2859 2955 2851 2859 2956 2861 2957 2862 
2958 2957 2861 2958 2861 2959 2959 2861 2863 
2864 2960 2863 2863 2960 2959 2866 2961 2864 
2864 2961 2960 2868 2962 2866 2866 2962 2961 
2962 2868 2869 2963 2962 2869 2871 2964 2872 
2871 2873 2965 2964 2871 2965 2873 2874 2966 
2965 2873 2966 2874 2967 2966 2862 2967 2874 
2862 2968 2967 2862 2957 2968 2958 2968 2957 
2869 2969 2963 2876 2969 2869 2877 2970 2971 
2877 2971 2876 2876 2971 2969 2970 2972 2973 
2971 2970 2973 2973 2972 2974 2879 2975 2880 
2976 2975 2879 2976 2879 2977 2977 2879 2881 
2882 2978 2881 2881 2978 2977 2964 2882 2872 
2964 2979 2882 2979 2978 2882 2965 2979 2964 
2980 2979 2965 2966 2980 2965 2981 2980 2966 
2967 2981 2966 2877 2884 2970 2886 2970 2884 
2972 2970 2886 2887 2982 2983 2886 2887 2983 
2886 2983 2974 2886 2974 2972 2983 2982 2984 
2975 2888 2880 2985 2986 2987 2987 2976 2985 
2987 2890 2976 2975 2976 2888 2888 2976 2890 
2887 2892 2982 2894 2988 2989 2892 2894 2989 
2892 2989 2984 2892 2984 2982 2989 2988 2990 
2987 2986 2991 2991 2890 2987 2991 2992 2890 
2992 2896 2890 2894 2898 2988 2988 2993 2990 
2988 2898 2993 2898 2900 2993 2993 2900 2901 
2994 2993 2901 2995 2996 2902 2995 2902 2992 
2992 2902 2896 2995 2997 2996 2901 2998 2994 
2904 2998 2901 2998 2904 2905 2999 2998 2905 
2902 2996 2906 2908 3000 3001 2906 3000 2908 
2906 2997 3000 2906 2996 2997 3001 3002 3003 
3000 3002 3001 3003 3004 3005 3002 3004 3003 
3004 3006 3005 3007 3008 3009 3007 3010 3011 
3009 3010 3007 3010 3012 3011 2905 2909 2999 
2999 2909 3013 2908 3001 2910 2912 2910 3001 
3003 2912 3001 2914 2912 3003 3005 2914 3003 
3005 3006 3014 3005 3014 2914 2914 3014 2916 
3008 3007 2918 3008 2918 3014 3014 2918 2916 
2920 2918 3007 3011 2920 3007 2922 3015 3016 
2920 3015 2922 2920 3012 3015 2920 3011 3012 
3015 3017 3016 2909 3018 3013 2923 3018 2909 
3018 2923 2924 3019 3018 2924 2922 3016 2925 
2927 3020 3021 2925 3020 2927 2925 3017 3020 
2925 3016 3017 3020 3022 3021 3023 3024 3025 
3023 3026 3027 3025 3026 3023 3027 3028 3029 
3026 3028 3027 2928 3030 3029 2928 3029 3019 
2928 3019 2924 3028 3019 3029 2928 2929 3030 
2927 3021 2930 3021 3022 3031 3021 3031 2930 
2930 3031 2931 2933 3032 3033 2933 2931 3032 
2931 3031 3032 3033 3034 3035 3032 3034 3033 
3035 3036 3037 3034 3036 3035 3037 3038 3039 
3036 3038 3037 3039 3040 3041 3038 3040 3039 
3024 3041 3040 3024 3023 3041 3023 3042 3041 
2936 2935 3042 2936 3042 3027 3027 3042 3023 
2937 2936 3027 3029 2937 3027 2939 2937 3029 
3030 2939 3029 2929 2939 3030 2933 3033 2941 
2943 2941 3033 3035 2943 3033 2945 2943 3035 
2945 3035 3043 3043 3035 3037 3039 3044 3037 
3044 3043 3037 2948 2947 3044 2948 3044 3041 
3041 3044 3039 2949 2948 3041 3042 2949 3041 
2935 2949 3042 2945 3043 2952 2954 2952 3043 
3044 2954 3043 2947 2954 3044 2959 3045 2958 
2959 2960 3046 3045 2959 3046 2960 2961 3047 
3046 2960 3047 3048 3047 2961 3048 2961 3049 
3049 2961 2962 2963 3050 3051 2963 3051 2962 
2962 3051 3049 3050 3052 3053 3051 3050 3053 
3053 3052 3054 2968 3055 2967 2968 3056 3055 
2958 3056 2968 2958 3057 3056 2958 3045 3057 
3046 3057 3045 3058 3057 3046 3047 3058 3046 
3059 3058 3047 3048 3059 3047 2963 2969 3050 
2971 3050 2969 3052 3050 2971 3052 3060 3054 
3052 2971 3060 2971 2973 3060 3060 2973 2974 
3061 3060 2974 2977 3062 2976 2977 2978 3063 
3062 2977 3063 2978 2979 3064 3063 2978 3064 
2979 2980 3065 3064 2979 3065 2980 2981 3066 
3065 2980 3066 2981 2967 3055 2981 3055 3066 
3066 3055 3067 3068 3055 3056 3067 3055 3068 
2974 3069 3061 2983 3069 2974 3069 2983 2984 
3070 3069 2984 2985 3071 2986 2985 2976 3062 
2985 3062 3071 3071 3062 3072 3073 3063 3074 
3073 3072 3063 3072 3062 3063 3064 3074 3063 
3075 3074 3064 3065 3075 3064 3076 3075 3065 
3066 3076 3065 3077 3076 3066 3067 3077 3066 
3078 3077 3067 3068 3078 3067 2984 3079 3070 
2989 3079 2984 3079 2989 2990 3080 3079 2990 
2986 3071 2991 2992 2991 3071 2992 3071 3081 
3081 3071 3072 3082 3072 3073 3082 3083 3072 
3083 3081 3072 3082 3084 3083 3085 2990 2993 
3085 3086 2990 3086 3080 2990 2993 2994 3085 
2992 3081 2995 2997 2995 3081 2997 3081 3087 
3087 3081 3083 3088 3083 3084 3088 3089 3083 
3089 3087 3083 3089 3090 3091 3088 3090 3089 
3091 3092 3093 3090 3092 3091 3092 3094 3093 
3085 3095 3086 3096 3097 3095 2998 3096 3095 
2998 3095 3085 2998 3085 2994 2998 2999 3096 
2997 3087 3000 3002 3000 3087 3089 3002 3087 
3004 3002 3089 3091 3004 3089 3006 3004 3091 
3006 3091 3098 3098 3091 3093 3008 3099 3009 
3008 3093 3099 3008 3098 3093 3094 3099 3093 
3010 3009 3100 3009 3099 3100 3012 3101 3102 
3012 3010 3101 3010 3100 3101 3102 3103 3104 
3101 3103 3102 3103 3105 3104 3096 3106 3097 
3106 3096 2999 3106 2999 3107 3107 2999 3013 
3006 3098 3014 3008 3014 3098 3012 3102 3015 
3017 3015 3102 3017 3102 3108 3108 3102 3104 
3109 3104 3105 3108 3104 3109 3110 3111 3112 
3110 3113 3114 3112 3113 3110 3114 3115 3116 
3113 3115 3114 3018 3117 3116 3018 3116 3107 
3018 3107 3013 3115 3107 3116 3018 3019 3117 
3017 3108 3020 3022 3118 3119 3020 3118 3022 
3020 3109 3118 3020 3108 3109 3118 3120 3119 
3121 3122 3123 3121 3124 3125 3123 3124 3121 
3125 3126 3127 3124 3126 3125 3111 3127 3126 
3111 3110 3127 3110 3128 3127 3025 3024 3128 
3025 3128 3114 3114 3128 3110 3026 3025 3114 
3116 3026 3114 3028 3026 3116 3117 3028 3116 
3019 3028 3117 3022 3119 3031 3119 3120 3129 
3119 3129 3031 3031 3129 3032 3122 3121 3034 
3122 3034 3129 3129 3034 3032 3036 3034 3121 
3125 3036 3121 3038 3036 3125 3127 3038 3125 
3040 3038 3127 3128 3040 3127 3024 3040 3128 
3049 3130 3048 3049 3051 3131 3130 3049 3131 
3051 3053 3132 3131 3051 3132 3053 3054 3132 
3057 3133 3056 3057 3058 3134 3133 3057 3134 
3058 3059 3135 3134 3058 3135 3059 3136 3135 
3048 3136 3059 3048 3137 3136 3048 3130 3137 
3131 3137 3130 3138 3137 3131 3132 3138 3131 
3139 3138 3132 3140 3141 3139 3060 3140 3139 
3060 3139 3132 3060 3132 3054 3060 3061 3140 
3133 3142 3068 3056 3133 3068 3134 3143 3133 
3143 3142 3133 3144 3135 3145 3144 3143 3135 
3143 3134 3135 3136 3145 3135 3140 3146 3141 
3147 3148 3146 3069 3147 3146 3069 3146 3140 
3069 3140 3061 3069 3070 3147 3074 3149 3073 
3074 3075 3150 3149 3074 3150 3075 3076 3151 
3150 3075 3151 3076 3077 3152 3151 3076 3152 
3077 3078 3153 3152 3077 3153 3078 3068 3142 
3078 3142 3153 3153 3142 3154 3143 3155 3142 
3155 3154 3142 3156 3143 3144 3155 3143 3156 
3147 3157 3148 3158 3159 3157 3079 3158 3157 
3079 3157 3147 3079 3147 3070 3079 3080 3158 
3073 3149 3082 3084 3082 3149 3084 3149 3160 
3160 3149 3150 3151 3161 3150 3161 3160 3150 
3152 3162 3151 3162 3161 3151 3153 3163 3152 
3163 3162 3152 3154 3164 3153 3164 3163 3153 
3155 3165 3154 3165 3164 3154 3166 3155 3156 
3165 3155 3166 3167 3159 3158 3168 3159 3167 
3080 3086 3167 3158 3080 3167 3084 3160 3088 
3090 3088 3160 3161 3090 3160 3092 3090 3161 
3162 3092 3161 3094 3092 3162 3094 3162 3169 
3169 3162 3163 3164 3170 3163 3170 3169 3163 
3165 3171 3164 3171 3170 3164 3172 3165 3166 
3172 3173 3165 3173 3171 3165 3172 3174 3173 
3167 3175 3168 3176 3177 3175 3095 3176 3175 
3095 3175 3167 3095 3167 3086 3095 3097 3176 
3094 3169 3099 3100 3099 3169 3170 3100 3169 
3101 3100 3170 3171 3101 3170 3103 3101 3171 
3173 3103 3171 3105 3178 3179 3103 3178 3105 
3103 3174 3178 3103 3173 3174 3178 3180 3179 
3181 3182 3183 3177 3181 3183 3177 3176 3181 
3176 3184 3181 3097 3106 3185 3097 3185 3176 
3176 3185 3184 3106 3107 3185 3179 3186 3109 
3105 3179 3109 3187 3179 3180 3187 3188 3179 
3188 3186 3179 3188 3189 3190 3187 3189 3188 
3190 3191 3192 3189 3191 3190 3192 3193 3194 
3191 3193 3192 3182 3194 3193 3181 3194 3182 
3181 3111 3194 3181 3112 3111 3113 3112 3181 
3184 3113 3181 3115 3113 3184 3185 3115 3184 
3107 3115 3185 3109 3186 3118 3120 3118 3186 
3120 3186 3195 3195 3186 3188 3123 3122 3195 
3123 3195 3190 3190 3195 3188 3124 3123 3190 
3192 3124 3190 3126 3124 3192 3194 3126 3192 
3111 3126 3194 3120 3195 3129 3122 3129 3195 
3137 3196 3136 3137 3138 3197 3196 3137 3197 
3138 3139 3198 3197 3138 3198 3139 3141 3198 
3145 3199 3144 3145 3200 3199 3136 3200 3145 
3136 3201 3200 3136 3196 3201 3197 3201 3196 
3202 3201 3197 3202 3203 3204 3202 3197 3203 
3197 3198 3203 3141 3146 3205 3141 3205 3198 
3198 3205 3203 3146 3148 3205 3199 3206 3156 
3144 3199 3156 3207 3199 3200 3206 3199 3207 
3203 3208 3204 3208 3209 3210 3208 3203 3209 
3203 3205 3209 3148 3157 3211 3148 3211 3205 
3205 3211 3209 3157 3159 3211 3206 3212 3166 
3156 3206 3166 3213 3206 3207 3212 3206 3213 
3214 3210 3209 3215 3210 3214 3211 3216 3209 
3216 3214 3209 3159 3168 3216 3211 3159 3216 
3166 3212 3172 3174 3217 3218 3172 3217 3174 
3172 3213 3217 3172 3212 3213 3217 3219 3218 
3214 3220 3215 3216 3220 3214 3221 3220 3216 
3222 3223 3221 3175 3222 3221 3175 3221 3216 
3175 3216 3168 3175 3177 3222 3174 3218 3178 
3180 3224 3225 3178 3224 3180 3178 3219 3224 
3178 3218 3219 3225 3226 3227 3224 3226 3225 
3227 3228 3229 3226 3228 3227 3229 3230 3231 
3228 3230 3229 3223 3231 3230 3222 3231 3223 
3222 3182 3231 3222 3183 3182 3177 3183 3222 
3180 3225 3187 3189 3187 3225 3227 3189 3225 
3191 3189 3227 3229 3191 3227 3193 3191 3229 
3231 3193 3229 3182 3193 3231 3201 3232 3200 
3201 3202 3233 3232 3201 3233 3202 3204 3233 
3232 3234 3207 3200 3232 3207 3233 3235 3232 
3235 3234 3232 3204 3208 3236 3204 3236 3233 
3233 3236 3235 3208 3210 3236 3234 3237 3213 
3207 3234 3213 3235 3238 3234 3238 3237 3234 
3236 3239 3235 3239 3238 3235 3210 3215 3239 
3236 3210 3239 3213 3237 3217 3219 3217 3237 
3219 3237 3240 3240 3237 3238 3239 3241 3238 
3241 3240 3238 3215 3220 3242 3215 3242 3239 
3239 3242 3241 3220 3221 3243 3242 3220 3243 
3221 3223 3243 3219 3240 3224 3226 3224 3240 
3241 3226 3240 3228 3226 3241 3242 3228 3241 
3230 3228 3242 3243 3230 3242 3223 3230 3243 

CELL_DATA 6480
SCALARS Scalars float
LOOKUP_TABLE default
1 1 1 1 1 1 1 1 1 
1 1 1 1 1 1 1 1 1 
1 1 1 1 1 1 1 1 1 
1 1 1 1 1 1 1 1 1 
1 1 1 1 1 1 1 1 1 
1 1 1 1 1 1 1 1 1 
1 1 1 1 1 1 1 1 1 
1 1 1 1 1 1 1 1 1 
1 1 1 1 1 1 1 1 1 
1 1 1 1 1 1 1 1 1 
1 1 1 1 1 1 1 1 1 
1 1 1 1 1 1 1 1 1 
1 1 1 1 1 1 1 1 1 
1 1 1 1 1 1 1 1 1 
1 1 1 1 1 1 1 1 1 
1 1 1 1 1 1 1 1 1 
1 1 1 1 1 1 1 1 1 
1 1 1 1 1 1 1 1 1 
1 1 1 1 1 1 1 1 1 
1 1 1 1 1 1 1 1 1 
1 1 1 1 1 1 1 1 1 
1 1 1 1 1 1 1 1 1 
1 1 1 1 1 1 1 1 1 
1 1 1 1 1 1 1 1 1 
1 1 1 1 1 1 1 1 1 
1 1 1 1 1 1 1 1 1 
1 1 1 1 1 1 1 1 1 
1 1 1 1 1 1 1 1 1 
1 1 1 1 1 1 1 1 1 
1 1 1 1 1 1 1 1 1 
1 1 1 1 1 1 1 1 1 
1 1 1 1 1 1 1 1 1 
1 1 1 1 1 1 1 1 1 
1 1 1 1 1 1 1 1 1 
1 1 1 1 1 1 1 1 1 
1 1 1 1 1 1 1 1 1 
1 1 1 1 1 1 1 1 1 
1 1 1 1 1 1 1 1 1 
1 1 1 1 1 1 1 1 1 
1 1 1 1 1 1 1 1 1 
1 1 1 1 1 1 1 1 1 
1 1 1 1 1 1 1 1 1 
1 1 1 1 1 1 1 1 1 
1 1 1 1 1 1 1 1 1 
1 1 1 1 1 1 1 1 1 
1 1 1 1 1 1 1 1 1 
1 1 1 1 1 1 1 1 1 
1 1 1 1 1 1 1 1 1 
1 1 1 1 1 1 1 1 1 
1 1 1 1 1 1 1 1 1 
1 1 1 1 1 1 1 1 1 
1 1 1 1 1 1 1 1 1 
1 1 1 1 1 1 1 1 1 
1 1 1 1 1 1 1 1 1 
1 1 1 1 1 1 1 1 1 
1 1 1 1 1 1 1 1 1 
1 1 1 1 1 1 1 1 1 
1 1 1 1 1 1 1 1 1 
1 1 1 1 1 1 1 1 1 
1 1 1 1 1 1 1 1 1 
1 1 1 1 1 1 1 1 1 
1 1 1 1 1 1 1 1 1 
1 1 1 1 1 1 1 1 1 
1 1 1 1 1 1 1 1 1 
1 1 1 1 1 1 1 1 1 
1 1 1 1 1 1 1 1 1 
1 1 1 1 1 1 1 1 1 
1 1 1 1 1 1 1 1 1 
1 1 1 1 1 1 1 1 1 
1 1 1 1 1 1 1 1 1 
1 1 1 1 1 1 1 1 1 
1 1 1 1 1 1 1 1 1 
1 1 1 1 1 1 1 1 1 
1 1 1 1 1 1 1 1 1 
1 1 1 1 1 1 1 1 1 
1 1 1 1 1 1 1 1 1 
1 1 1 1 1 1 1 1 1 
1 1 1 1 1 1 1 1 1 
1 1 1 1 1 1 1 1 1 
1 1 1 1 1 1 1 1 1 
1 1 1 1 1 1 1 1 1 
1 1 1 1 1 1 1 1 1 
1 1 1 1 1 1 1 1 1 
1 1 1 1 1 1 1 1 1 
1 1 1 1 1 1 1 1 1 
1 1 1 1 1 1 1 1 1 
1 1 1 1 1 1 1 1 1 
1 1 1 1 1 1 1 1 1 
1 1 1 1 1 1 1 1 1 
1 1 1 1 1 1 1 1 1 
1 1 1 1 1 1 1 1 1 
1 1 1 1 1 1 1 1 1 
1 1 1 1 1 1 1 1 1 
1 1 1 1 1 1 1 1 1 
1 1 1 1 1 1 1 1 1 
1 1 1 1 1 1 1 1 1 
1 1 1 1 1 1 1 1 1 
1 1 1 1 1 1 1 1 1 
1 1 1 1 1 1 1 1 1 
1 1 1 1 1 1 1 1 1 
1 1 1 1 1 1 1 1 1 
1 1 1 1 1 1 1 1 1 
1 1 1 1 1 1 1 1 1 
1 1 1 1 1 1 1 1 1 
1 1 1 1 1 1 1 1 1 
1 1 1 1 1 1 1 1 1 
1 1 1 1 1 1 1 1 1 
1 1 1 1 1 1 1 1 1 
1 1 1 1 1 1 1 1 1 
1 1 1 1 1 1 1 1 1 
1 1 1 1 1 1 1 1 1 
1 1 1 1 1 1 1 1 1 
1 1 1 1 1 1 1 1 1 
1 1 1 1 1 1 1 1 1 
1 1 1 1 1 1 1 1 1 
1 1 1 1 1 1 1 1 1 
1 1 1 1 1 1 1 1 1 
1 1 1 1 1 1 1 1 1 
1 1 1 1 1 1 1 1 1 
1 1 1 1 1 1 1 1 1 
1 1 1 1 1 1 1 1 1 
1 1 1 1 1 1 1 1 1 
1 1 1 1 1 1 1 1 1 
1 1 1 1 1 1 1 1 1 
1 1 1 1 1 1 1 1 1 
1 1 1 1 1 1 1 1 1 
1 1 1 1 1 1 1 1 1 
1 1 1 1 1 1 1 1 1 
1 1 1 1 1 1 1 1 1 
1 1 1 1 1 1 1 1 1 
1 1 1 1 1 1 1 1 1 
1 1 1 1 1 1 1 1 1 
1 1 1 1 1 1 1 1 1 
1 1 1 1 1 1 1 1 1 
1 1 1 1 1 1 1 1 1 
1 1 1 1 1 1 1 1 1 
1 1 1 1 1 1 1 1 1 
1 1 1 1 1 1 1 1 1 
1 1 1 1 1 1 1 1 1 
1 1 1 1 1 1 1 1 1 
1 1 1 1 1 1 1 1 1 
1 1 1 1 1 1 1 1 1 
1 1 1 1 1 1 1 1 1 
1 1 1 1 1 1 1 1 1 
1 1 1 1 1 1 1 1 1 
1 1 1 1 1 1 1 1 1 
1 1 1 1 1 1 1 1 1 
1 1 1 1 1 1 1 1 1 
1 1 1 1 1 1 1 1 1 
1 1 1 1 1 1 1 1 1 
1 1 1 1 1 1 1 1 1 
1 1 1 1 1 1 1 1 1 
1 1 1 1 1 1 1 1 1 
1 1 1 1 1 1 1 1 1 
1 1 1 1 1 1 1 1 1 
1 1 1 1 1 1 1 1 1 
1 1 1 1 1 1 1 1 1 
1 1 1 1 1 1 1 1 1 
1 1 1 1 1 1 1 1 1 
1 1 1 1 1 1 1 1 1 
1 1 1 1 1 1 1 1 1 
1 1 1 1 1 1 1 1 1 
1 1 1 1 1 1 1 1 1 
1 1 1 1 1 1 1 1 1 
1 1 1 1 1 1 1 1 1 
1 1 1 1 1 1 1 1 1 
1 1 1 1 1 1 1 1 1 
1 1 1 1 1 1 1 1 1 
1 1 1 1 1 1 1 1 1 
1 1 1 1 1 1 1 1 1 
1 1 1 1 1 1 1 1 1 
1 1 1 1 1 1 1 1 1 
1 1 1 1 1 1 1 1 1 
1 1 1 1 1 1 1 1 1 
1 1 1 1 1 1 1 1 1 
1 1 1 1 1 1 1 1 1 
1 1 1 1 1 1 1 1 1 
1 1 1 1 1 1 1 1 1 
1 1 1 1 1 1 1 1 1 
1 1 1 1 1 1 1 1 1 
1 1 1 1 1 1 1 1 1 
1 1 1 1 1 1 1 1 1 
1 1 1 1 1 1 1 1 1 
1 1 1 1 1 1 1 1 1 
1 1 1 1 1 1 1 1 1 
1 1 1 1 1 1 1 1 1 
1 1 1 1 1 1 1 1 1 
1 1 1 1 1 1 1 1 1 
1 1 1 1 1 1 1 1 1 
1 1 1 1 1 1 1 1 1 
1 1 1 1 1 1 1 1 1 
1 1 1 1 1 1 1 1 1 
1 1 1 1 1 1 1 1 1 
1 1 1 1 1 1 1 1 1 
1 1 1 1 1 1 1 1 1 
1 1 1 1 1 1 1 1 1 
1 1 1 1 1 1 1 1 1 
1 1 1 1 1 1 1 1 1 
1 1 1 1 1 1 1 1 1 
1 1 1 1 1 1 1 1 1 
1 1 1 1 1 1 1 1 1 
1 1 1 1 1 1 1 1 1 
1 1 1 1 1 1 1 1 1 
1 1 1 1 1 1 1 1 1 
1 1 1 1 1 1 1 1 1 
1 1 1 1 1 1 1 1 1 
1 1 1 1 1 1 1 1 1 
1 1 1 1 1 1 1 1 1 
1 1 1 1 1 1 1 1 1 
1 1 1 1 1 1 1 1 1 
1 1 1 1 1 1 1 1 1 
1 1 1 1 1 1 1 1 1 
1 1 1 1 1 1 1 1 1 
1 1 1 1 1 1 1 1 1 
1 1 1 1 1 1 1 1 1 
1 1 1 1 1 1 1 1 1 
1 1 1 1 1 1 1 1 1 
1 1 1 1 1 1 1 1 1 
1 1 1 1 1 1 1 1 1 
1 1 1 1 1 1 1 1 1 
1 1 1 1 1 1 1 1 1 
1 1 1 1 1 1 1 1 1 
1 1 1 1 1 1 1 1 1 
1 1 1 1 1 1 1 1 1 
1 1 1 1 1 1 1 1 1 
1 1 1 1 1 1 1 1 1 
1 1 1 1 1 1 1 1 1 
1 1 1 1 1 1 1 1 1 
1 1 1 1 1 1 1 1 1 
1 1 1 1 1 1 1 1 1 
1 1 1 1 1 1 1 1 1 
1 1 1 1 1 1 1 1 1 
1 1 1 1 1 1 1 1 1 
1 1 1 1 1 1 1 1 1 
1 1 1 1 1 1 1 1 1 
1 1 1 1 1 1 1 1 1 
1 1 1 1 1 1 1 1 1 
1 1 1 1 1 1 1 1 1 
1 1 1 1 1 1 1 1 1 
1 1 1 1 1 1 1 1 1 
1 1 1 1 1 1 1 1 1 
1 1 1 1 1 1 1 1 1 
1 1 1 1 1 1 1 1 1 
1 1 1 1 1 1 1 1 1 
1 1 1 1 1 1 1 1 1 
1 1 1 1 1 1 1 1 1 
1 1 1 1 1 1 1 1 1 
1 1 1 1 1 1 1 1 1 
1 1 1 1 1 1 1 1 1 
1 1 1 1 1 1 1 1 1 
1 1 1 1 1 1 1 1 1 
1 1 1 1 1 1 1 1 1 
1 1 1 1 1 1 1 1 1 
1 1 1 1 1 1 1 1 1 
1 1 1 1 1 1 1 1 1 
1 1 1 1 1 1 1 1 1 
1 1 1 1 1 1 1 1 1 
1 1 1 1 1 1 1 1 1 
1 1 1 1 1 1 1 1 1 
1 1 1 1 1 1 1 1 1 
1 1 1 1 1 1 1 1 1 
1 1 1 1 1 1 1 1 1 
1 1 1 1 1 1 1 1 1 
1 1 1 1 1 1 1 1 1 
1 1 1 1 1 1 1 1 1 
1 1 1 1 1 1 1 1 1 
1 1 1 1 1 1 1 1 1 
1 1 1 1 1 1 1 1 1 
1 1 1 1 1 1 1 1 1 
1 1 1 1 1 1 1 1 1 
1 1 1 1 1 1 1 1 1 
1 1 1 1 1 1 1 1 1 
1 1 1 1 1 1 1 1 1 
1 1 1 1 1 1 1 1 1 
1 1 1 1 1 1 1 1 1 
1 1 1 1 1 1 1 1 1 
1 1 1 1 1 1 1 1 1 
1 1 1 1 1 1 1 1 1 
1 1 1 1 1 1 1 1 1 
1 1 1 1 1 1 1 1 1 
1 1 1 1 1 1 1 1 1 
1 1 1 1 1 1 1 1 1 
1 1 1 1 1 1 1 1 1 
1 1 1 1 1 1 1 1 1 
1 1 1 1 1 1 1 1 1 
1 1 1 1 1 1 1 1 1 
1 1 1 1 1 1 1 1 1 
1 1 1 1 1 1 1 1 1 
1 1 1 1 1 1 1 1 1 
1 1 1 1 1 1 1 1 1 
1 1 1 1 1 1 1 1 1 
1 1 1 1 1 1 1 1 1 
1 1 1 1 1 1 1 1 1 
1 1 1 1 1 1 1 1 1 
1 1 1 1 1 1 1 1 1 
1 1 1 1 1 1 1 1 1 
1 1 1 1 1 1 1 1 1 
1 1 1 1 1 1 1 1 1 
1 1 1 1 1 1 1 1 1 
1 1 1 1 1 1 1 1 1 
1 1 1 1 1 1 1 1 1 
1 1 1 1 1 1 1 1 1 
1 1 1 1 1 1 1 1 1 
1 1 1 1 1 1 1 1 1 
1 1 1 1 1 1 1 1 1 
1 1 1 1 1 1 1 1 1 
1 1 1 1 1 1 1 1 1 
1 1 1 1 1 1 1 1 1 
1 1 1 1 1 1 1 1 1 
1 1 1 1 1 1 1 1 1 
1 1 1 1 1 1 1 1 1 
1 1 1 1 1 1 1 1 1 
1 1 1 1 1 1 1 1 1 
1 1 1 1 1 1 1 1 1 
1 1 1 1 1 1 1 1 1 
1 1 1 1 1 1 1 1 1 
1 1 1 1 1 1 1 1 1 
1 1 1 1 1 1 1 1 1 
1 1 1 1 1 1 1 1 1 
1 1 1 1 1 1 1 1 1 
1 1 1 1 1 1 1 1 1 
1 1 1 1 1 1 1 1 1 
1 1 1 1 1 1 1 1 1 
1 1 1 1 1 1 1 1 1 
1 1 1 1 1 1 1 1 1 
1 1 1 1 1 1 1 1 1 
1 1 1 1 1 1 1 1 1 
1 1 1 1 1 1 1 1 1 
1 1 1 1 1 1 1 1 1 
1 1 1 1 1 1 1 1 1 
1 1 1 1 1 1 1 1 1 
1 1 1 1 1 1 1 1 1 
1 1 1 1 1 1 1 1 1 
1 1 1 1 1 1 1 1 1 
1 1 1 1 1 1 1 1 1 
1 1 1 1 1 1 1 1 1 
1 1 1 1 1 1 1 1 1 
1 1 1 1 1 1 1 1 1 
1 1 1 1 1 1 1 1 1 
1 1 1 1 1 1 1 1 1 
1 1 1 1 1 1 1 1 1 
1 1 1 1 1 1 1 1 1 
1 1 1 1 1 1 1 1 1 
1 1 1 1 1 1 1 1 1 
1 1 1 1 1 1 1 1 1 
1 1 1 1 1 1 1 1 1 
1 1 1 1 1 1 1 1 1 
1 1 1 1 1 1 1 1 1 
1 1 1 1 1 1 1 1 1 
1 1 1 1 1 1 1 1 1 
1 1 1 1 1 1 1 1 1 
1 1 1 1 1 1 1 1 1 
1 1 1 1 1 1 1 1 1 
1 1 1 1 1 1 1 1 1 
1 1 1 1 1 1 1 1 1 
1 1 1 1 1 1 1 1 1 
1 1 1 1 1 1 1 1 1 
1 1 1 1 1 1 1 1 1 
1 1 1 1 1 1 1 1 1 
1 1 1 1 1 1 1 1 1 
1 1 1 1 1 1 1 1 1 
1 1 1 1 1 1 1 1 1 
1 1 1 1 1 1 1 1 1 
1 1 1 1 1 1 1 1 1 
1 1 1 1 1 1 1 1 1 
1 1 1 1 1 1 1 1 1 
1 1 1 1 1 1 1 1 1 
1 1 1 1 1 1 1 1 1 
1 1 1 1 1 1 1 1 1 
1 1 1 1 1 1 1 1 1 
1 1 1 1 1 1 1 1 1 
1 1 1 1 1 1 1 1 1 
1 1 1 1 1 1 1 1 1 
1 1 1 1 1 1 1 1 1 
1 1 1 1 1 1 1 1 1 
1 1 1 1 1 1 1 1 1 
1 1 1 1 1 1 1 1 1 
1 1 1 1 1 1 1 1 1 
1 1 1 1 1 1 1 1 1 
1 1 1 1 1 1 1 1 1 
1 1 1 1 1 1 1 1 1 
1 1 1 1 1 1 1 1 1 
1 1 1 1 1 1 1 1 1 
1 1 1 1 1 1 1 1 1 
1 1 1 1 1 1 1 1 1 
1 1 1 1 1 1 1 1 1 
1 1 1 1 1 1 1 1 1 
1 1 1 1 1 1 1 1 1 
1 1 1 1 1 1 1 1 1 
1 1 1 1 1 1 1 1 1 
1 1 1 1 1 1 1 1 1 
1 1 1 1 1 1 1 1 1 
1 1 1 1 1 1 1 1 1 
1 1 1 1 1 1 1 1 1 
1 1 1 1 1 1 1 1 1 
1 1 1 1 1 1 1 1 1 
1 1 1 1 1 1 1 1 1 
1 1 1 1 1 1 1 1 1 
1 1 1 1 1 1 1 1 1 
1 1 1 1 1 1 1 1 1 
1 1 1 1 1 1 1 1 1 
1 1 1 1 1 1 1 1 1 
1 1 1 1 1 1 1 1 1 
1 1 1 1 1 1 1 1 1 
1 1 1 1 1 1 1 1 1 
1 1 1 1 1 1 1 1 1 
1 1 1 1 1 1 1 1 1 
1 1 1 1 1 1 1 1 1 
1 1 1 1 1 1 1 1 1 
1 1 1 1 1 1 1 1 1 
1 1 1 1 1 1 1 1 1 
1 1 1 1 1 1 1 1 1 
1 1 1 1 1 1 1 1 1 
1 1 1 1 1 1 1 1 1 
1 1 1 1 1 1 1 1 1 
1 1 1 1 1 1 1 1 1 
1 1 1 1 1 1 1 1 1 
1 1 1 1 1 1 1 1 1 
1 1 1 1 1 1 1 1 1 
1 1 1 1 1 1 1 1 1 
1 1 1 1 1 1 1 1 1 
1 1 1 1 1 1 1 1 1 
1 1 1 1 1 1 1 1 1 
1 1 1 1 1 1 1 1 1 
1 1 1 1 1 1 1 1 1 
1 1 1 1 1 1 1 1 1 
1 1 1 1 1 1 1 1 1 
1 1 1 1 1 1 1 1 1 
1 1 1 1 1 1 1 1 1 
1 1 1 1 1 1 1 1 1 
1 1 1 1 1 1 1 1 1 
1 1 1 1 1 1 1 1 1 
1 1 1 1 1 1 1 1 1 
1 1 1 1 1 1 1 1 1 
1 1 1 1 1 1 1 1 1 
1 1 1 1 1 1 1 1 1 
1 1 1 1 1 1 1 1 1 
1 1 1 1 1 1 1 1 1 
1 1 1 1 1 1 1 1 1 
1 1 1 1 1 1 1 1 1 
1 1 1 1 1 1 1 1 1 
1 1 1 1 1 1 1 1 1 
1 1 1 1 1 1 1 1 1 
1 1 1 1 1 1 1 1 1 
1 1 1 1 1 1 1 1 1 
1 1 1 1 1 1 1 1 1 
1 1 1 1 1 1 1 1 1 
1 1 1 1 1 1 1 1 1 
1 1 1 1 1 1 1 1 1 
1 1 1 1 1 1 1 1 1 
1 1 1 1 1 1 1 1 1 
1 1 1 1 1 1 1 1 1 
1 1 1 1 1 1 1 1 1 
1 1 1 1 1 1 1 1 1 
1 1 1 1 1 1 1 1 1 
1 1 1 1 1 1 1 1 1 
1 1 1 1 1 1 1 1 1 
1 1 1 1 1 1 1 1 1 
1 1 1 1 1 1 1 1 1 
1 1 1 1 1 1 1 1 1 
1 1 1 1 1 1 1 1 1 
1 1 1 1 1 1 1 1 1 
1 1 1 1 1 1 1 1 1 
1 1 1 1 1 1 1 1 1 
1 1 1 1 1 1 1 1 1 
1 1 1 1 1 1 1 1 1 
1 1 1 1 1 1 1 1 1 
1 1 1 1 1 1 1 1 1 
1 1 1 1 1 1 1 1 1 
1 1 1 1 1 1 1 1 1 
1 1 1 1 1 1 1 1 1 
1 1 1 1 1 1 1 1 1 
1 1 1 1 1 1 1 1 1 
1 1 1 1 1 1 1 1 1 
1 1 1 1 1 1 1 1 1 
1 1 1 1 1 1 1 1 1 
1 1 1 1 1 1 1 1 1 
1 1 1 1 1 1 1 1 1 
1 1 1 1 1 1 1 1 1 
1 1 1 1 1 1 1 1 1 
1 1 1 1 1 1 1 1 1 
1 1 1 1 1 1 1 1 1 
1 1 1 1 1 1 1 1 1 
1 1 1 1 1 1 1 1 1 
1 1 1 1 1 1 1 1 1 
1 1 1 1 1 1 1 1 1 
1 1 1 1 1 1 1 1 1 
1 1 1 1 1 1 1 1 1 
1 1 1 1 1 1 1 1 1 
1 1 1 1 1 1 1 1 1 
1 1 1 1 1 1 1 1 1 
1 1 1 1 1 1 1 1 1 
1 1 1 1 1 1 1 1 1 
1 1 1 1 1 1 1 1 1 
1 1 1 1 1 1 1 1 1 
1 1 1 1 1 1 1 1 1 
1 1 1 1 1 1 1 1 1 
1 1 1 1 1 1 1 1 1 
1 1 1 1 1 1 1 1 1 
1 1 1 1 1 1 1 1 1 
1 1 1 1 1 1 1 1 1 
1 1 1 1 1 1 1 1 1 
1 1 1 1 1 1 1 1 1 
1 1 1 1 1 1 1 1 1 
1 1 1 1 1 1 1 1 1 
1 1 1 1 1 1 1 1 1 
1 1 1 1 1 1 1 1 1 
1 1 1 1 1 1 1 1 1 
1 1 1 1 1 1 1 1 1 
1 1 1 1 1 1 1 1 1 
1 1 1 1 1 1 1 1 1 
1 1 1 1 1 1 1 1 1 
1 1 1 1 1 1 1 1 1 
1 1 1 1 1 1 1 1 1 
1 1 1 1 1 1 1 1 1 
1 1 1 1 1 1 1 1 1 
1 1 1 1 1 1 1 1 1 
1 1 1 1 1 1 1 1 1 
1 1 1 1 1 1 1 1 1 
1 1 1 1 1 1 1 1 1 
1 1 1 1 1 1 1 1 1 
1 1 1 1 1 1 1 1 1 
1 1 1 1 1 1 1 1 1 
1 1 1 1 1 1 1 1 1 
1 1 1 1 1 1 1 1 1 
1 1 1 1 1 1 1 1 1 
1 1 1 1 1 1 1 1 1 
1 1 1 1 1 1 1 1 1 
1 1 1 1 1 1 1 1 1 
1 1 1 1 1 1 1 1 1 
1 1 1 1 1 1 1 1 1 
1 1 1 1 1 1 1 1 1 
1 1 1 1 1 1 1 1 1 
1 1 1 1 1 1 1 1 1 
1 1 1 1 1 1 1 1 1 
1 1 1 1 1 1 1 1 1 
1 1 1 1 1 1 1 1 1 
1 1 1 1 1 1 1 1 1 
1 1 1 1 1 1 1 1 1 
1 1 1 1 1 1 1 1 1 
1 1 1 1 1 1 1 1 1 
1 1 1 1 1 1 1 1 1 
1 1 1 1 1 1 1 1 1 
1 1 1 1 1 1 1 1 1 
1 1 1 1 1 1 1 1 1 
1 1 1 1 1 1 1 1 1 
1 1 1 1 1 1 1 1 1 
1 1 1 1 1 1 1 1 1 
1 1 1 1 1 1 1 1 1 
1 1 1 1 1 1 1 1 1 
1 1 1 1 1 1 1 1 1 
1 1 1 1 1 1 1 1 1 
1 1 1 1 1 1 1 1 1 
1 1 1 1 1 1 1 1 1 
1 1 1 1 1 1 1 1 1 
1 1 1 1 1 1 1 1 1 
1 1 1 1 1 1 1 1 1 
1 1 1 1 1 1 1 1 1 
1 1 1 1 1 1 1 1 1 
1 1 1 1 1 1 1 1 1 
1 1 1 1 1 1 1 1 1 
1 1 1 1 1 1 1 1 1 
1 1 1 1 1 1 1 1 1 
1 1 1 1 1 1 1 1 1 
1 1 1 1 1 1 1 1 1 
1 1 1 1 1 1 1 1 1 
1 1 1 1 1 1 1 1 1 
1 1 1 1 1 1 1 1 1 
1 1 1 1 1 1 1 1 1 
1 1 1 1 1 1 1 1 1 
1 1 1 1 1 1 1 1 1 
1 1 1 1 1 1 1 1 1 
1 1 1 1 1 1 1 1 1 
1 1 1 1 1 1 1 1 1 
1 1 1 1 1 1 1 1 1 
1 1 1 1 1 1 1 1 1 
1 1 1 1 1 1 1 1 1 
1 1 1 1 1 1 1 1 1 
1 1 1 1 1 1 1 1 1 
1 1 1 1 1 1 1 1 1 
1 1 1 1 1 1 1 1 1 
1 1 1 1 1 1 1 1 1 
1 1 1 1 1 1 1 1 1 
1 1 1 1 1 1 1 1 1 
1 1 1 1 1 1 1 1 1 
1 1 1 1 1 1 1 1 1 
1 1 1 1 1 1 1 1 1 
1 1 1 1 1 1 1 1 1 
1 1 1 1 1 1 1 1 1 
1 1 1 1 1 1 1 1 1 
1 1 1 1 1 1 1 1 1 
1 1 1 1 1 1 1 1 1 
1 1 1 1 1 1 1 1 1 
1 1 1 1 1 1 1 1 1 
1 1 1 1 1 1 1 1 1 
1 1 1 1 1 1 1 1 1 
1 1 1 1 1 1 1 1 1 
1 1 1 1 1 1 1 1 1 
1 1 1 1 1 1 1 1 1 
1 1 1 1 1 1 1 1 1 
1 1 1 1 1 1 1 1 1 
1 1 1 1 1 1 1 1 1 
1 1 1 1 1 1 1 1 1 
1 1 1 1 1 1 1 1 1 
1 1 1 1 1 1 1 1 1 
1 1 1 1 1 1 1 1 1 
1 1 1 1 1 1 1 1 1 
1 1 1 1 1 1 1 1 1 
1 1 1 1 1 1 1 1 1 
1 1 1 1 1 1 1 1 1 
1 1 1 1 1 1 1 1 1 
1 1 1 1 1 1 1 1 1 
1 1 1 1 1 1 1 1 1 
1 1 1 1 1 1 1 1 1 
1 1 1 1 1 1 1 1 1 
1 1 1 1 1 1 1 1 1 
1 1 1 1 1 1 1 1 1 
1 1 1 1 1 1 1 1 1 
1 1 1 1 1 1 1 1 1 
1 1 1 1 1 1 1 1 1 
1 1 1 1 1 1 1 1 1 
1 1 1 1 1 1 1 1 1 
1 1 1 1 1 1 1 1 1 
1 1 1 1 1 1 1 1 1 
1 1 1 1 1 1 1 1 1 
1 1 1 1 1 1 1 1 1 
1 1 1 1 1 1 1 1 1 
1 1 1 1 1 1 1 1 1 
1 1 1 1 1 1 1 1 1 
1 1 1 1 1 1 1 1 1 
1 1 1 1 1 1 1 1 1 
1 1 1 1 1 1 1 1 1 
1 1 1 1 1 1 1 1 1 
1 1 1 1 1 1 1 1 1 
1 1 1 1 1 1 1 1 1 
1 1 1 1 1 1 1 1 1 
1 1 1 1 1 1 1 1 1 
1 1 1 1 1 1 1 1 1 
1 1 1 1 1 1 1 1 1 
1 1 1 1 1 1 1 1 1 
1 1 1 1 1 1 1 1 1 
1 1 1 1 1 1 1 1 1 
1 1 1 1 1 1 1 1 1 
1 1 1 1 1 1 1 1 1 
1 1 1 1 1 1 1 1 1 
1 1 1 1 1 1 1 1 1 
1 1 1 1 1 1 1 1 1 
1 1 1 1 1 1 1 1 1 
1 1 1 1 1 1 1 1 1 
1 1 1 1 1 1 1 1 1 
1 1 1 1 1 1 1 1 1 
1 1 1 1 1 1 1 1 1 
1 1 1 1 1 1 1 1 1 
1 1 1 1 1 1 1 1 1 
1 1 1 1 1 1 1 1 1 
1 1 1 1 1 1 1 1 1 
1 1 1 1 1 1 1 1 1 
1 1 1 1 1 1 1 1 1 
1 1 1 1 1 1 1 1 1 
1 1 1 1 1 1 1 1 1 
1 1 1 1 1 1 1 1 1 
1 1 1 1 1 1 1 1 1 
1 1 1 1 1 1 1 1 1 
1 1 1 1 1 1 1 1 1 
1 1 1 1 1 1 1 1 1 
1 1 1 1 1 1 1 1 1 
1 1 1 1 1 1 1 1 1 
1 1 1 1 1 1 1 1 1 
1 1 1 1 1 1 1 1 1 
1 1 1 1 1 1 1 1 1 
1 1 1 1 1 1 1 1 1 
1 1 1 1 1 1 1 1 1 
1 1 1 1 1 1 1 1 1 
1 1 1 1 1 1 1 1 1 
1 1 1 1 1 1 1 1 1 
1 1 1 1 1 1 1 1 1 
1 1 1 1 1 1 1 1 1 
1 1 1 1 1 1 1 1 1 
1 1 1 1 1 1 1 1 1 
1 1 1 1 1 1 1 1 1 
1 1 1 1 1 1 1 1 1 
1 1 1 1 1 1 1 1 1 
1 1 1 1 1 1 1 1 1 
1 1 1 1 1 1 1 1 1 
1 1 1 1 1 1 1 1 1 
1 1 1 1 1 1 1 1 1 
1 1 1 1 1 1 1 1 1 
1 1 1 1 1 1 1 1 1 
1 1 1 1 1 1 1 1 1 
1 1 1 1 1 1 1 1 1 
1 1 1 1 1 1 1 1 1 
1 1 1 1 1 1 1 1 1 
1 1 1 1 1 1 1 1 1 
1 1 1 1 1 1 1 1 1 
1 1 1 1 1 1 1 1 1 
1 1 1 1 1 1 1 1 1 
1 1 1 1 1 1 1 1 1 
1 1 1 1 1 1 1 1 1 
1 1 1 1 1 1 1 1 1 
1 1 1 1 1 1 1 1 1 
1 1 1 1 1 1 1 1 1 
1 1 1 1 1 1 1 1 1 
1 1 1 1 1 1 1 1 1 
1 1 1 1 1 1 1 1 1 
1 1 1 1 1 1 1 1 1 
1 1 1 1 1 1 1 1 1 
1 1 1 1 1 1 1 1 1 
1 1 1 1 1 1 1 1 1 
1 1 1 1 1 1 1 1 1 
1 1 1 1 1 1 1 1 1 
1 1 1 1 1 1 1 1 1 
1 1 1 1 1 1 1 1 1 
1 1 1 1 1 1 1 1 1 
1 1 1 1 1 1 1 1 1 
1 1 1 1 1 1 1 1 1 
1 1 1 1 1 1 1 1 1 
1 1 1 1 1 1 1 1 1 
1 1 1 1 1 1 1 1 1 
1 1 1 1 1 1 1 1 1 
1 1 1 1 1 1 1 1 1 

