# vtk DataFile Version 5.1
vtk output
ASCII
DATASET POLYDATA
POINTS 3100 float
0.0904502 0.0998674 0.705823 0.0907458 0.0930699 0.685328 0.103132 0.109697 0.691369 
0.0606537 0.0933911 0.707542 0.0609493 0.0865935 0.687046 0.0435389 0.096744 0.694806 
0.0857216 0.119847 0.699129 0.0683112 0.129997 0.706888 0.0556294 0.120168 0.721343 
0.0261285 0.106894 0.702565 0.0258329 0.113692 0.723061 -0.00396369 0.107216 0.724779 
-0.00366809 0.100418 0.704283 -0.0210785 0.110569 0.712043 0.0509008 0.140148 0.714648 
0.0334904 0.150298 0.722408 0.0208086 0.140469 0.736862 0.00369385 0.143822 0.724126 
-0.00869232 0.127195 0.718084 0.01608 0.160449 0.730167 0.2253 0.031846 0.616556 
0.225596 0.0250485 0.596061 0.237982 0.0416752 0.602102 0.208186 0.0351989 0.60382 
0.220572 0.0518257 0.609862 0.190775 0.0453494 0.61158 0.203161 0.0619761 0.617621 
0.19048 0.0521469 0.632076 0.160683 0.0456706 0.633794 0.160979 0.0388731 0.613298 
0.143568 0.0490235 0.621058 0.185455 0.0789241 0.645877 0.198137 0.0887533 0.631422 
0.155659 0.0724478 0.647595 0.126158 0.0591739 0.628817 0.125862 0.0659714 0.649313 
0.0960657 0.0594951 0.651031 0.0963613 0.0526976 0.630535 0.0662691 0.0530188 0.652749 
0.0665647 0.0462213 0.632254 0.0491543 0.0563718 0.640013 0.180727 0.0989037 0.639182 
0.163316 0.109054 0.646942 0.150635 0.0992249 0.661396 0.120838 0.0927486 0.663114 
0.0910414 0.0862723 0.664832 0.0612449 0.079796 0.66655 0.0317439 0.0665222 0.647773 
0.0314483 0.0733197 0.668268 0.00165174 0.0668434 0.669987 0.00194735 0.0600459 0.649491 
-0.015463 0.0701964 0.657251 0.145906 0.119205 0.654701 0.128496 0.129355 0.662461 
0.115814 0.119526 0.676915 0.0264241 0.100097 0.682069 -0.00337248 0.0936206 0.683788 
-0.0328734 0.0803468 0.66501 -0.033169 0.0871443 0.685506 -0.0502838 0.0904972 0.67277 
0.111085 0.139506 0.67022 0.0812886 0.133029 0.671939 0.0638782 0.14318 0.679698 
-0.0381933 0.113922 0.699307 -0.0676942 0.100648 0.680529 -0.0679898 0.107445 0.701025 
-0.0851046 0.110798 0.688289 0.0464678 0.15333 0.687458 0.0290574 0.163481 0.695217 
-0.0134209 0.147175 0.71139 -0.0432175 0.140699 0.713108 -0.0603323 0.144052 0.700372 
-0.0727185 0.127425 0.69433 0.011647 0.173631 0.702977 -0.0181496 0.167155 0.704695 
-0.0479461 0.160678 0.706413 0.355126 -0.00939822 0.54109 0.355422 -0.0161957 0.520595 
0.367808 0.000431014 0.526636 0.32533 -0.0158745 0.542808 0.325625 -0.022672 0.522313 
0.295533 -0.0223508 0.544527 0.295829 -0.0291483 0.524031 0.265737 -0.0288271 0.546245 
0.266032 -0.0356246 0.525749 0.248622 -0.0254742 0.533509 0.350102 0.017379 0.554891 
0.362784 0.0272082 0.540437 0.320305 0.0109027 0.55661 0.290509 0.00442637 0.558328 
0.260712 -0.00204994 0.560046 0.231211 -0.0153238 0.541268 0.230916 -0.00852624 0.561764 
0.201119 -0.0150025 0.563482 0.201415 -0.0218001 0.542987 0.184004 -0.0116496 0.550746 
0.345373 0.0373586 0.548197 0.327963 0.0475091 0.555956 0.315281 0.0376799 0.570411 
0.285485 0.0312036 0.572129 0.255688 0.0247273 0.573847 0.225892 0.018251 0.575565 
0.196095 0.0117746 0.577283 0.166594 -0.00149917 0.558506 0.166298 0.00529835 0.579001 
0.136502 -0.00117796 0.58072 0.136797 -0.00797547 0.560224 0.106705 -0.00765426 0.582438 
0.107001 -0.0144518 0.561942 0.0895905 -0.00430133 0.569702 0.310553 0.0576595 0.563716 
0.293142 0.06781 0.571476 0.28046 0.0579807 0.58593 0.250664 0.0515044 0.587648 
0.191071 0.0385518 0.591084 0.161274 0.0320755 0.592802 0.131478 0.0255992 0.594521 
0.101681 0.0191229 0.596239 0.0845663 0.0224759 0.583503 0.275732 0.0779604 0.579235 
0.245935 0.0714841 0.580953 0.215843 0.0718053 0.603167 0.228525 0.0816346 0.588713 
0.126453 0.0523764 0.608322 0.0966569 0.0459001 0.61004 0.0671559 0.0326263 0.591262 
0.0668603 0.0394238 0.611758 0.0370637 0.0329475 0.613476 0.0373593 0.02615 0.592981 
0.0199489 0.0363004 0.60074 0.211114 0.091785 0.596473 0.193704 0.101935 0.604232 
0.0320395 0.0597247 0.627277 0.00253855 0.0464509 0.6085 0.00224295 0.0532484 0.628995 
-0.0275536 0.0467721 0.630714 -0.027258 0.0399746 0.610218 -0.0573502 0.0402958 0.632432 
-0.0570546 0.0334983 0.611936 -0.074465 0.0436487 0.619696 0.176294 0.112086 0.611992 
0.158883 0.122236 0.619751 -0.0325778 0.0735493 0.644515 -0.0623744 0.067073 0.646233 
-0.0918754 0.0537992 0.627455 -0.092171 0.0605967 0.647951 -0.109286 0.0639496 0.635215 
0.141473 0.132387 0.627511 0.124063 0.142537 0.635271 -0.0673986 0.0938502 0.660034 
-0.0971952 0.0873739 0.661752 -0.126696 0.0741001 0.642974 -0.126992 0.0808976 0.66347 
-0.144107 0.0842505 0.650734 0.106652 0.152688 0.64303 0.0768555 0.146211 0.644748 
0.0594452 0.156362 0.652508 -0.102219 0.114151 0.675553 -0.119334 0.117504 0.662817 
-0.13172 0.100877 0.656775 0.0420348 0.166512 0.660268 0.0122382 0.160036 0.661986 
0.0119426 0.166833 0.682481 -0.0051722 0.170186 0.669745 -0.0476505 0.153881 0.685918 
-0.0349688 0.16371 0.671463 -0.0473549 0.147083 0.665422 -0.0771515 0.140607 0.66714 
-0.106948 0.134131 0.668858 -0.0225826 0.180337 0.677505 0.355717 -0.0229932 0.500099 
0.356013 -0.0297908 0.479603 0.368399 -0.013164 0.485645 0.325921 -0.0294695 0.501817 
0.326217 -0.0362671 0.481322 0.296124 -0.0359459 0.503535 0.29642 -0.0427434 0.48304 
0.266328 -0.0424222 0.505253 0.266623 -0.0492197 0.484758 0.249213 -0.0390692 0.492518 
0.38049 0.0102602 0.512182 0.380785 0.00346273 0.491686 0.393172 0.0200895 0.497728 
0.231507 -0.0221213 0.520773 0.231803 -0.0289188 0.500277 0.20171 -0.0285976 0.522491 
0.202006 -0.0353951 0.501995 0.184596 -0.0252446 0.509755 0.375466 0.0370374 0.525983 
0.388147 0.0468667 0.511529 0.16689 -0.00829668 0.53801 0.167185 -0.0150942 0.517514 
0.137093 -0.014773 0.539728 0.137389 -0.0215705 0.519233 0.107297 -0.0212493 0.541446 
0.107592 -0.0280468 0.520951 0.0901817 -0.0178964 0.52871 0.370737 0.0570171 0.519288 
0.340645 0.0573383 0.541502 0.353327 0.0671676 0.527048 0.0724757 -0.000948403 0.556966 
0.0727713 -0.00774592 0.53647 0.0553609 0.00240452 0.54423 0.335916 0.077318 0.534808 
0.30612 0.0708417 0.536526 0.288709 0.0809921 0.544285 0.0674515 0.0258288 0.570767 
0.0379505 0.012555 0.551989 0.0376549 0.0193525 0.572485 0.00785839 0.0128762 0.574203 
0.00815399 0.00607867 0.553707 -0.0219382 0.00639988 0.575921 -0.0216426 -0.000397637 0.555426 
-0.039053 0.00975281 0.563185 0.271299 0.0911426 0.552045 0.241207 0.0914638 0.574259 
0.253888 0.101293 0.559805 0.00283416 0.0396534 0.588004 -0.0269624 0.0331771 0.589722 
-0.0564634 0.0199033 0.570945 -0.056759 0.0267008 0.59144 -0.0865555 0.0202245 0.593159 
-0.0862599 0.0134269 0.572663 -0.116352 0.0137482 0.594877 -0.116056 0.00695064 0.574381 
-0.133467 0.0171011 0.582141 0.236478 0.111443 0.567564 0.206681 0.104967 0.569282 
0.176885 0.0984909 0.571001 0.176589 0.105288 0.591496 0.159475 0.108641 0.57876 
-0.0915798 0.0470017 0.60696 -0.121376 0.0405253 0.608678 -0.150877 0.0272515 0.5899 
-0.151173 0.034049 0.610396 -0.168288 0.037402 0.59766 0.142064 0.118792 0.58652 
0.141769 0.125589 0.607015 0.124654 0.128942 0.594279 -0.126401 0.0673025 0.622479 
-0.156197 0.0608262 0.624197 -0.185698 0.0475524 0.605419 -0.185994 0.0543499 0.625915 
-0.203108 0.0577029 0.613179 0.107243 0.139093 0.602039 0.106948 0.14589 0.622535 
0.0898329 0.149243 0.609798 -0.160926 0.0808059 0.617502 -0.14854 0.0974327 0.623544 
-0.190722 0.0743296 0.619221 0.0724225 0.159394 0.617558 0.0550121 0.169544 0.625318 
-0.106652 0.127333 0.648363 -0.0939707 0.137162 0.633909 -0.106357 0.120536 0.627867 
-0.136153 0.114059 0.629585 0.0376017 0.179694 0.633077 0.00780518 0.173218 0.634795 
-0.0219914 0.166742 0.636514 -0.022287 0.173539 0.657009 -0.0517879 0.160265 0.638232 
-0.0815845 0.153789 0.63995 0.331536 -0.0698418 0.447025 0.331832 -0.0766393 0.426529 
0.344218 -0.0600125 0.432571 0.314422 -0.0664888 0.434289 0.356309 -0.0365883 0.459108 
0.356604 -0.0433858 0.438612 0.36899 -0.026759 0.444654 0.326512 -0.0430646 0.460826 
0.297011 -0.0563384 0.442048 0.296716 -0.0495409 0.462544 0.266919 -0.0560172 0.464262 
0.267215 -0.0628147 0.443767 0.249804 -0.0526643 0.451526 0.363966 1.81429e-05 0.458455 
0.232098 -0.0357163 0.479781 0.232394 -0.0425138 0.459286 0.214983 -0.0323634 0.467045 
0.376352 0.0166449 0.464496 0.388739 0.0332716 0.470537 0.197573 -0.0222129 0.474805 
0.167481 -0.0218917 0.497019 0.167776 -0.0286892 0.476523 0.150366 -0.0185388 0.484283 
0.371328 0.0434221 0.478297 0.371033 0.0502196 0.498793 0.353918 0.0535725 0.486057 
0.132956 -0.00838834 0.492042 0.103159 -0.0148646 0.493761 0.0730669 -0.0145434 0.515974 
0.0733625 -0.0213409 0.495479 0.0432704 -0.0210197 0.517693 0.043566 -0.0278173 0.497197 
0.0261556 -0.0176668 0.504956 0.336507 0.063723 0.493816 0.336212 0.0705205 0.514312 
0.319097 0.0738734 0.501576 0.0382462 0.00575745 0.531494 0.00874519 -0.00751636 0.512716 
0.00844959 -0.000718849 0.533212 -0.021347 -0.00719515 0.53493 -0.0210514 -0.0139927 0.514434 
-0.0511435 -0.0136715 0.536648 -0.0508479 -0.020469 0.516152 -0.0682583 -0.0103185 0.523912 
0.301687 0.0840238 0.509336 0.284276 0.0941743 0.517095 -0.0561678 0.0131057 0.550449 
-0.0856687 -0.000168083 0.531672 -0.0859643 0.00662943 0.552167 -0.115761 0.000153129 0.553885 
-0.115465 -0.00664439 0.53339 -0.132876 0.00350606 0.541149 0.266866 0.104325 0.524855 
0.249455 0.114475 0.532614 -0.1379 0.0302832 0.55495 0.232045 0.124626 0.540374 
0.202248 0.118149 0.542092 0.172452 0.111673 0.54381 0.155041 0.121823 0.55157 
-0.15531 0.0404337 0.56271 -0.172721 0.0505841 0.57047 0.137631 0.131974 0.559329 
0.120221 0.142124 0.567089 -0.190427 0.0675321 0.598725 -0.177745 0.0773613 0.584271 
0.10281 0.152275 0.574849 0.0730137 0.145798 0.576567 0.0727181 0.152596 0.597062 
0.0556033 0.155949 0.584326 -0.106061 0.113738 0.607371 -0.0933795 0.123567 0.592917 
-0.105766 0.106941 0.586876 -0.135562 0.100464 0.588594 -0.135858 0.107262 0.60909 
-0.165359 0.0939881 0.590312 0.0381929 0.166099 0.592086 0.0378973 0.172897 0.612582 
0.00839638 0.159623 0.593804 0.00810078 0.166421 0.6143 -0.00901401 0.169774 0.601564 
-0.0812889 0.146992 0.619454 -0.0686071 0.156821 0.605 -0.0809933 0.140194 0.598959 
-0.0264244 0.179924 0.609323 -0.056221 0.173448 0.611042 0.327399 -0.0634571 0.399339 
0.339785 -0.0468304 0.40538 0.297307 -0.0631359 0.421553 0.297602 -0.0699334 0.401057 
0.26751 -0.0696122 0.423271 0.267806 -0.0764097 0.402775 0.250395 -0.0662593 0.410535 
0.352171 -0.0302036 0.411422 0.364557 -0.0135769 0.417463 0.232689 -0.0493113 0.43879 
0.232985 -0.0561088 0.418295 0.215575 -0.0459584 0.426054 0.359533 0.0132003 0.431264 
0.197869 -0.0290104 0.454309 0.198164 -0.035808 0.433814 0.168072 -0.0354867 0.456028 
0.168368 -0.0422843 0.435532 0.150957 -0.0321338 0.443292 0.371624 0.0366246 0.457801 
0.354509 0.0399775 0.445065 0.133251 -0.0151859 0.471547 0.133547 -0.0219834 0.451051 
0.103455 -0.0216622 0.473265 0.10375 -0.0284597 0.452769 0.0736581 -0.0281385 0.474983 
0.0739538 -0.034936 0.454487 0.0565434 -0.0247855 0.462247 0.349485 0.0667547 0.458866 
0.039133 -0.0146351 0.470007 0.0090408 -0.0143139 0.49222 0.0093364 -0.0211114 0.471725 
-0.0207558 -0.0207902 0.493939 -0.0204602 -0.0275877 0.473443 -0.0505523 -0.0272665 0.495657 
-0.0502567 -0.034064 0.475161 -0.0803489 -0.0337428 0.497375 -0.0800533 -0.0405403 0.476879 
-0.110145 -0.0402191 0.499093 -0.10985 -0.0470166 0.478597 -0.12726 -0.0368662 0.486357 
0.332074 0.0769051 0.466626 0.314664 0.0870556 0.474386 -0.0853731 -0.0069656 0.511176 
-0.11517 -0.0134419 0.512894 -0.144671 -0.0267157 0.494117 -0.144966 -0.0199182 0.514612 
-0.162081 -0.0165653 0.501876 0.297254 0.097206 0.482145 0.279843 0.107356 0.489905 
-0.14999 0.00685899 0.528413 -0.167105 0.0102119 0.515677 0.262433 0.117507 0.497665 
0.232636 0.111031 0.499383 0.232341 0.117828 0.519878 0.215226 0.121181 0.507142 
-0.155015 0.0336362 0.542214 -0.172129 0.0369891 0.529478 0.197815 0.131331 0.514902 
0.168019 0.124855 0.51662 0.138222 0.118379 0.518338 0.137927 0.125176 0.538834 
0.120812 0.128529 0.526098 -0.189835 0.0539371 0.557734 -0.18954 0.0471395 0.537238 
-0.20695 0.05729 0.544998 0.103401 0.13868 0.533857 0.103106 0.145477 0.554353 
0.0859911 0.14883 0.541617 -0.135267 0.0936669 0.568098 -0.122585 0.103496 0.553644 
-0.134971 0.0868693 0.547603 -0.164768 0.080393 0.549321 -0.165063 0.0871906 0.569816 
-0.194564 0.0739167 0.551039 0.0685807 0.158981 0.549377 0.0387842 0.152504 0.551095 
0.0384885 0.159302 0.57159 0.00898759 0.146028 0.552813 0.00869198 0.152826 0.573309 
-0.00842281 0.156178 0.560573 -0.0806977 0.133397 0.578463 -0.0680159 0.143226 0.564009 
-0.0804021 0.126599 0.557967 -0.110199 0.120123 0.559686 -0.0258332 0.166329 0.568332 
-0.0261288 0.173126 0.588828 -0.0556298 0.159853 0.57005 -0.0559254 0.16665 0.590546 
0.243329 -0.116461 0.370197 0.243625 -0.123258 0.349701 0.256011 -0.106632 0.355743 
0.226214 -0.113108 0.357461 0.297898 -0.0767309 0.380562 0.298194 -0.0835285 0.360066 
0.31058 -0.0669017 0.366107 0.268101 -0.0832072 0.38228 0.268397 -0.0900048 0.361784 
0.238305 -0.0896835 0.383998 0.22119 -0.0863306 0.371262 0.322966 -0.050275 0.372149 
0.335352 -0.0336482 0.37819 0.233281 -0.0629064 0.397799 0.20378 -0.0761802 0.379021 
0.203484 -0.0693827 0.399517 0.186369 -0.0660297 0.386781 0.347443 -0.010224 0.404727 
0.330328 -0.00687103 0.391991 0.19846 -0.0426055 0.413318 0.168959 -0.0558793 0.394541 
0.168663 -0.0490818 0.415036 0.138867 -0.0555581 0.416754 0.139162 -0.0623556 0.396259 
0.121752 -0.0522051 0.404018 0.342418 0.0165532 0.418528 0.325304 0.0199062 0.405792 
0.133842 -0.0287809 0.430555 0.104342 -0.0420547 0.411778 0.104046 -0.0352572 0.432274 
0.0742494 -0.0417335 0.433992 0.074545 -0.048531 0.413496 0.0571346 -0.0383806 0.421256 
0.337394 0.0433304 0.432329 0.320279 0.0466833 0.419593 0.0394286 -0.0214326 0.449511 
0.0397242 -0.0282301 0.429015 0.009632 -0.0279089 0.451229 0.0099276 -0.0347064 0.430734 
-0.0201646 -0.0343852 0.452947 -0.019869 -0.0411827 0.432452 -0.0499611 -0.0408615 0.454665 
-0.0496655 -0.047659 0.43417 -0.0797577 -0.0473378 0.456384 -0.0794621 -0.0541353 0.435888 
-0.109554 -0.0538141 0.458102 -0.109259 -0.0606116 0.437606 -0.126669 -0.0504612 0.445366 
0.33237 0.0701076 0.44613 0.315255 0.0734605 0.433394 -0.144375 -0.0335132 0.473621 
-0.144079 -0.0403107 0.453125 -0.174172 -0.0399895 0.475339 -0.173876 -0.046787 0.454844 
-0.191286 -0.0366366 0.462603 0.297845 0.083611 0.441154 0.297549 0.0904085 0.46165 
0.280434 0.0937614 0.448914 -0.179196 -0.0132123 0.48914 -0.196311 -0.00985942 0.476404 
0.27541 0.120539 0.462715 -0.18422 0.0135648 0.502941 -0.201335 0.0169178 0.490205 
0.258 0.130689 0.470474 0.228203 0.124213 0.472192 0.198407 0.117736 0.473911 
0.198111 0.124534 0.494406 0.16861 0.11126 0.475629 0.168314 0.118058 0.496124 
0.1512 0.121411 0.483388 -0.189244 0.040342 0.516742 -0.206359 0.043695 0.504006 
0.133789 0.131561 0.491148 0.103993 0.125085 0.492866 0.103697 0.131882 0.513362 
0.0865823 0.135235 0.500626 -0.224065 0.0606429 0.532262 -0.223769 0.0538454 0.511766 
-0.24118 0.0639958 0.519526 0.0691719 0.145386 0.508385 0.0688763 0.152183 0.528881 
0.0517615 0.155536 0.516145 -0.109903 0.113325 0.53919 -0.0972213 0.123155 0.524736 
-0.109607 0.106528 0.518694 -0.139404 0.100051 0.520412 -0.169201 0.0935752 0.522131 
-0.198997 0.0870989 0.523849 -0.228794 0.0806226 0.525567 0.0343511 0.165687 0.523905 
0.00455456 0.15921 0.525623 -0.025242 0.152734 0.527341 -0.0255376 0.159531 0.547836 
-0.0550386 0.146258 0.529059 -0.0553342 0.153055 0.549555 -0.0848351 0.139781 0.530777 
0.268693 -0.0968023 0.341288 0.268988 -0.1036 0.320793 0.281374 -0.086973 0.326834 
0.239192 -0.110076 0.322511 0.2091 -0.109755 0.344725 0.209395 -0.116552 0.324229 
0.179303 -0.116231 0.346443 0.179599 -0.123029 0.325947 0.162188 -0.112878 0.333707 
0.293761 -0.0703463 0.332876 0.306147 -0.0537196 0.338917 0.204075 -0.0829777 0.358526 
0.174279 -0.089454 0.360244 0.144778 -0.102728 0.341466 0.144482 -0.0959303 0.361962 
0.127367 -0.0925774 0.349226 0.318237 -0.0302953 0.365454 0.301122 -0.0269424 0.352718 
0.169254 -0.0626768 0.374045 0.139458 -0.0691531 0.375763 0.109957 -0.0824269 0.356986 
0.109661 -0.0756294 0.377481 0.0925466 -0.0722765 0.364745 0.313213 -0.0035181 0.379255 
0.296098 -0.000165174 0.366519 0.104637 -0.0488522 0.391282 0.0751362 -0.062126 0.372505 
0.0748406 -0.0553285 0.393001 0.0577258 -0.0519756 0.380264 0.308484 0.0164616 0.372561 
0.320871 0.0330883 0.378602 0.0400198 -0.0350276 0.40852 0.0403154 -0.0418252 0.388024 
0.0102232 -0.0415039 0.410238 0.0105188 -0.0483015 0.389742 -0.0195734 -0.0479802 0.411956 
-0.0192778 -0.0547778 0.39146 -0.0493699 -0.0544565 0.413674 -0.0490743 -0.0612541 0.393179 
-0.0791665 -0.0609328 0.415392 -0.0788709 -0.0677304 0.394897 -0.108963 -0.0674092 0.417111 
-0.108667 -0.0742067 0.396615 -0.13876 -0.0738855 0.418829 -0.138464 -0.080683 0.398333 
-0.168556 -0.0803618 0.420547 -0.168261 -0.0871593 0.400051 -0.185671 -0.0770088 0.407811 
0.315846 0.0598655 0.392403 -0.143784 -0.0471083 0.43263 -0.17358 -0.0535846 0.434348 
-0.203081 -0.0668584 0.41557 -0.203377 -0.0600609 0.436066 -0.220492 -0.0567079 0.42333 
0.298436 0.070016 0.400163 0.29814 0.0768135 0.420658 0.281026 0.0801664 0.407922 
-0.208401 -0.0332837 0.449867 -0.225516 -0.0299308 0.437131 0.276001 0.106944 0.421723 
-0.213425 -0.00650649 0.463668 -0.23054 -0.00315356 0.450932 0.258591 0.117094 0.429483 
0.258295 0.123892 0.449979 0.241181 0.127244 0.437243 -0.21845 0.0202707 0.477469 
-0.235564 0.0236236 0.464733 0.22377 0.137395 0.445002 0.193974 0.130919 0.44672 
0.163881 0.13124 0.468934 0.176563 0.141069 0.45448 -0.223474 0.0470479 0.49127 
-0.240589 0.0504008 0.478534 0.159153 0.15122 0.46224 0.129356 0.144743 0.463958 
0.0995597 0.138267 0.465676 0.0821493 0.148417 0.473435 -0.168905 0.0867777 0.501635 
-0.156223 0.0966069 0.487181 -0.168609 0.0799802 0.481139 -0.198406 0.0735039 0.482857 
-0.198702 0.0803014 0.503353 -0.215816 0.0836543 0.490617 -0.258295 0.0673488 0.506789 
-0.257999 0.0605513 0.486294 -0.275409 0.0707017 0.494053 0.0647389 0.158568 0.481195 
0.0349423 0.152091 0.482913 0.0346467 0.158889 0.503409 0.0175319 0.162242 0.490673 
-0.0845395 0.132984 0.510282 -0.0718578 0.142813 0.495827 -0.0842439 0.126186 0.489786 
-0.11404 0.11971 0.491504 -0.143837 0.113234 0.493222 -0.233227 0.0938048 0.498377 
-0.263023 0.0873284 0.500095 0.00012154 0.172392 0.498432 -0.029675 0.165916 0.500151 
-0.0594716 0.15944 0.501869 0.179894 -0.129826 0.305452 0.18019 -0.136624 0.284956 
0.192576 -0.119997 0.290997 0.150098 -0.136303 0.30717 0.150393 -0.1431 0.286674 
0.132983 -0.13295 0.294434 0.26426 -0.0836201 0.314098 0.247145 -0.0802672 0.301362 
0.234759 -0.0968939 0.295321 0.204962 -0.10337 0.297039 0.145073 -0.109525 0.320971 
0.115572 -0.122799 0.302193 0.115277 -0.116002 0.322689 0.098162 -0.112649 0.309953 
0.289032 -0.0503666 0.326181 0.271917 -0.0470137 0.313445 0.259531 -0.0636404 0.307404 
0.110253 -0.0892244 0.33649 0.0931378 -0.0858715 0.323754 0.284303 -0.0303869 0.319486 
0.296689 -0.0137602 0.325528 0.0754318 -0.0689236 0.352009 0.0757274 -0.0757211 0.331514 
0.0456352 -0.0753999 0.353727 0.0459308 -0.0821974 0.333232 0.0285204 -0.0720469 0.340991 
0.291665 0.013017 0.339329 0.040611 -0.0486227 0.367528 0.01111 -0.0618965 0.348751 
0.0108144 -0.055099 0.369247 -0.0189821 -0.0615753 0.370965 -0.0186865 -0.0683728 0.350469 
-0.0487787 -0.0680516 0.372683 -0.0484831 -0.0748491 0.352187 -0.0785753 -0.0745279 0.374401 
-0.0782797 -0.0813254 0.353905 -0.108372 -0.0810042 0.376119 -0.108076 -0.0878017 0.355624 
-0.138168 -0.0874805 0.377837 -0.137873 -0.094278 0.357342 -0.167965 -0.0939568 0.379556 
-0.167669 -0.100754 0.35906 -0.18508 -0.0906039 0.36682 0.303756 0.0364412 0.365866 
0.286641 0.0397942 0.35313 -0.202786 -0.0736559 0.395075 -0.20249 -0.0804534 0.374579 
-0.219901 -0.070303 0.382339 0.298732 0.0632184 0.379667 0.281617 0.0665714 0.366931 
-0.237607 -0.053355 0.410594 -0.237311 -0.0601525 0.390098 -0.254721 -0.0500021 0.397858 
0.276593 0.0933486 0.380732 -0.242631 -0.0265778 0.424395 -0.259746 -0.0232249 0.411659 
0.271568 0.120126 0.394533 -0.234973 0.0100286 0.423742 -0.247359 -0.00659815 0.4177 
0.254158 0.130276 0.402293 0.236748 0.140427 0.410052 -0.239997 0.0368058 0.437543 
0.219337 0.150577 0.417812 0.189541 0.144101 0.41953 0.159744 0.137624 0.421248 
0.159448 0.144422 0.441744 0.129947 0.131148 0.422966 0.129652 0.137946 0.443462 
0.112537 0.141299 0.430726 -0.257408 0.0469562 0.445303 -0.257703 0.0537537 0.465798 
-0.274818 0.0571067 0.453062 0.0951267 0.151449 0.438486 0.0653301 0.144973 0.440204 
0.0650345 0.15177 0.460699 0.0355335 0.138496 0.441922 0.0352379 0.145294 0.462418 
0.0181231 0.148647 0.449682 -0.113745 0.112912 0.471008 -0.101063 0.122742 0.456554 
-0.113449 0.106115 0.450513 -0.143246 0.0996386 0.452231 -0.143541 0.106436 0.472727 
-0.173042 0.0931623 0.453949 -0.202839 0.086686 0.455667 -0.232636 0.0802097 0.457385 
-0.232931 0.0870072 0.477881 -0.250046 0.0903602 0.465145 -0.279842 0.0838839 0.466863 
0.000712745 0.158797 0.457441 0.000417142 0.165595 0.477937 -0.0290838 0.152321 0.459159 
-0.0293794 0.159119 0.479655 -0.0588804 0.145845 0.460878 -0.059176 0.152642 0.481373 
-0.0886769 0.139368 0.462596 -0.267456 0.100511 0.472905 0.175757 -0.123442 0.257766 
0.188143 -0.106815 0.263807 0.14596 -0.129918 0.259484 0.115868 -0.129597 0.281698 
0.116164 -0.136394 0.261202 0.0987532 -0.126244 0.268962 0.23003 -0.0769143 0.288626 
0.212915 -0.0735613 0.27589 0.200529 -0.0901881 0.269849 0.0810472 -0.109296 0.297217 
0.0813428 -0.116093 0.276721 0.0639324 -0.105943 0.284481 0.254802 -0.0436608 0.300709 
0.237688 -0.0403078 0.287973 0.225301 -0.0569346 0.281932 0.076023 -0.0825186 0.311018 
0.046522 -0.0957924 0.29224 0.0462264 -0.0889949 0.312736 0.0291116 -0.085642 0.3 
-0.102756 -0.121376 0.321327 -0.102461 -0.128174 0.300831 -0.0900746 -0.111547 0.306873 
-0.119871 -0.118023 0.308591 0.279575 -0.0104073 0.312792 0.26246 -0.00705435 0.300056 
0.250074 -0.0236811 0.294014 0.0114056 -0.068694 0.328255 0.0117012 -0.0754915 0.30776 
-0.0183909 -0.0751703 0.329973 -0.0180953 -0.0819678 0.309478 -0.0481875 -0.0816466 0.331692 
-0.0478919 -0.0884441 0.311196 -0.0779841 -0.0881229 0.33341 -0.0776885 -0.0949204 0.312914 
-0.107781 -0.0945992 0.335128 -0.137282 -0.107873 0.31635 -0.137577 -0.101076 0.336846 
-0.154692 -0.0977226 0.32411 0.274846 0.0095724 0.306097 0.287232 0.0261991 0.312139 
-0.172102 -0.0875721 0.33187 -0.202195 -0.0872509 0.354084 -0.201899 -0.0940484 0.333588 
-0.219309 -0.083898 0.341347 0.269822 0.0363496 0.319898 0.269526 0.0431471 0.340394 
0.252411 0.0465 0.327658 -0.237015 -0.06695 0.369603 -0.23672 -0.0737476 0.349107 
-0.25413 -0.0635971 0.356867 0.264502 0.0699243 0.354195 0.247387 0.0732772 0.341459 
-0.271836 -0.0466492 0.385122 -0.271541 -0.0534467 0.364626 -0.288951 -0.0432962 0.372386 
0.259478 0.0967015 0.367996 0.242363 0.100054 0.35526 -0.264179 -0.0100427 0.384469 
-0.276565 -0.0266695 0.378427 0.254454 0.123479 0.381797 0.237339 0.126832 0.369061 
-0.252088 0.0133815 0.411006 -0.269203 0.0167345 0.39827 0.219928 0.136982 0.376821 
0.219633 0.14378 0.397316 0.190132 0.130506 0.378539 0.189836 0.137303 0.399035 
0.172721 0.140656 0.386298 -0.257112 0.0401587 0.424807 -0.274227 0.0435116 0.412071 
0.155311 0.150807 0.394058 0.125514 0.14433 0.395776 0.0957179 0.137854 0.397494 
0.0954223 0.144652 0.41799 0.0659213 0.131378 0.399213 0.0656257 0.138175 0.419708 
0.0485109 0.141528 0.406972 -0.291933 0.0604596 0.440326 -0.291637 0.0536621 0.41983 
-0.309048 0.0638125 0.42759 0.0311005 0.151679 0.414732 0.00130395 0.145202 0.41645 
0.00100835 0.152 0.436946 -0.0284926 0.138726 0.418168 -0.0287882 0.145524 0.438664 
-0.0582892 0.13225 0.419886 -0.0585848 0.139047 0.440382 -0.0880857 0.125773 0.421604 
-0.0883813 0.132571 0.4421 -0.117882 0.119297 0.423323 -0.147679 0.112821 0.425041 
-0.177475 0.106344 0.426759 -0.207272 0.0998682 0.428477 -0.237069 0.0933919 0.430195 
-0.266865 0.0869156 0.431913 -0.267161 0.0937131 0.452409 -0.296662 0.0804393 0.433632 
0.171324 -0.110259 0.230576 0.18371 -0.0936327 0.236617 0.141527 -0.116736 0.232294 
0.111731 -0.123212 0.234012 0.0816384 -0.122891 0.256226 0.081934 -0.129688 0.23573 
0.0645236 -0.119538 0.24349 0.196096 -0.0770059 0.242658 0.208482 -0.0603792 0.2487 
0.0468176 -0.10259 0.271745 0.0471132 -0.109387 0.251249 0.0297028 -0.099237 0.259009 
-0.0723686 -0.128495 0.278618 -0.072073 -0.135293 0.258122 -0.0596869 -0.118666 0.264163 
-0.0894834 -0.125142 0.265881 0.220868 -0.0437524 0.254741 0.233255 -0.0271257 0.260783 
0.0119968 -0.082289 0.287264 0.0122924 -0.0890865 0.266768 -0.0177997 -0.0887653 0.288982 
-0.0175041 -0.0955628 0.268487 -0.0475963 -0.0952416 0.2907 -0.0473007 -0.102039 0.270205 
-0.0773929 -0.101718 0.292419 -0.106894 -0.114992 0.273641 -0.124304 -0.104841 0.281401 
0.245345 -0.00370142 0.28732 0.22823 -0.000348491 0.274584 -0.141715 -0.0946909 0.28916 
-0.171807 -0.0943697 0.311374 -0.171511 -0.101167 0.290878 -0.188922 -0.0910167 0.298638 
0.270117 0.0295521 0.299403 0.253003 0.032905 0.286667 0.240616 0.0162783 0.280625 
-0.206332 -0.0808663 0.306398 -0.236424 -0.0805451 0.328611 -0.236129 -0.0873426 0.308116 
-0.253539 -0.0771921 0.315875 0.247978 0.0596822 0.300468 -0.271245 -0.0602442 0.344131 
-0.270949 -0.0670417 0.323635 -0.28836 -0.0568913 0.331395 0.242954 0.0864594 0.314269 
-0.276269 -0.033467 0.357932 -0.263587 -0.0236378 0.343478 -0.275974 -0.0402645 0.337436 
0.23793 0.113237 0.32807 -0.268612 0.00313942 0.357279 0.232906 0.140014 0.341871 
-0.286022 0.0132899 0.365038 -0.286318 0.0200874 0.385534 -0.303432 0.0234403 0.372798 
0.215495 0.150164 0.34963 0.185699 0.143688 0.351349 0.155902 0.137212 0.353067 
0.155607 0.144009 0.373562 0.126106 0.130735 0.354785 0.12581 0.137533 0.375281 
0.108695 0.140886 0.362545 -0.291342 0.0468646 0.399335 -0.320843 0.0335908 0.380557 
-0.321138 0.0403883 0.401053 -0.338253 0.0437412 0.388317 0.0912848 0.151036 0.370304 
0.0614883 0.14456 0.372022 0.0316917 0.138084 0.37374 0.0313961 0.144881 0.394236 
0.00189516 0.131607 0.375459 0.00159955 0.138405 0.395954 -0.0155152 0.141758 0.383218 
-0.325867 0.0603679 0.394358 -0.313481 0.0769947 0.4004 -0.0329256 0.151908 0.390978 
-0.0627222 0.145432 0.392696 -0.0925188 0.138956 0.394414 -0.122315 0.132479 0.396132 
-0.152112 0.126003 0.39785 -0.181908 0.119527 0.399569 -0.211705 0.11305 0.401287 
-0.241502 0.106574 0.403005 -0.271298 0.100098 0.404723 -0.301095 0.0936214 0.406441 
0.166595 -0.0902797 0.223881 0.14948 -0.0869268 0.211145 0.137094 -0.103554 0.205103 
0.107298 -0.11003 0.206822 0.077501 -0.116506 0.20854 0.0474088 -0.116185 0.230754 
0.0477044 -0.122982 0.210258 0.030294 -0.112832 0.218018 0.191367 -0.0570262 0.235964 
0.174253 -0.0536733 0.223228 0.161866 -0.0703001 0.217186 0.012588 -0.0958841 0.246273 
0.0128836 -0.102682 0.225777 -0.0172085 -0.10236 0.247991 -0.0169129 -0.109158 0.227495 
-0.0470051 -0.108837 0.249709 -0.0467095 -0.115634 0.229213 -0.0765061 -0.12211 0.230932 
-0.0939164 -0.11196 0.238691 0.21614 -0.0237728 0.248047 0.199025 -0.0204198 0.235311 
0.186639 -0.0370466 0.229269 -0.111327 -0.10181 0.246451 -0.141419 -0.101488 0.268665 
-0.141123 -0.108286 0.248169 -0.158534 -0.0981355 0.255929 0.211411 -0.00379308 0.241352 
0.223797 0.0128337 0.247394 -0.175944 -0.087985 0.263688 -0.206036 -0.0876638 0.285902 
-0.205741 -0.0944613 0.265406 -0.223151 -0.0843109 0.273166 0.236183 0.0294604 0.253435 
0.24857 0.0460872 0.259476 -0.240562 -0.0741604 0.280926 -0.257972 -0.06401 0.288685 
0.231159 0.0562376 0.267236 0.230864 0.0630351 0.287732 0.213749 0.066388 0.274996 
-0.275382 -0.0538595 0.296445 -0.305474 -0.0535383 0.318659 -0.305179 -0.0603358 0.298163 
-0.322589 -0.0501854 0.305923 0.225839 0.0898123 0.301533 0.208725 0.0931652 0.288797 
-0.280702 -0.0202848 0.330741 -0.297817 -0.0169319 0.318005 -0.310203 -0.0335587 0.311964 
0.220815 0.116589 0.315334 0.2037 0.119942 0.302598 -0.285726 0.00649235 0.344543 
-0.302841 0.00984528 0.331806 0.215791 0.143367 0.329135 0.198676 0.14672 0.316399 
-0.320547 0.0267932 0.360062 -0.320252 0.0199957 0.339566 -0.337662 0.0301462 0.347326 
0.181266 0.15687 0.324158 0.151469 0.150394 0.325877 0.121673 0.143917 0.327595 
0.091876 0.137441 0.329313 0.0915804 0.144239 0.349809 0.0744657 0.147592 0.337072 
-0.325571 0.0535704 0.373863 -0.31289 0.0633997 0.359409 -0.325276 0.0467729 0.353367 
0.0570553 0.157742 0.344832 0.0272587 0.151266 0.34655 -0.00253787 0.144789 0.348268 
-0.0199483 0.15494 0.356028 -0.211409 0.106253 0.380791 -0.198728 0.116082 0.366337 
-0.211114 0.0994553 0.360296 -0.24091 0.092979 0.362014 -0.241206 0.0997765 0.382509 
-0.258321 0.103129 0.369773 -0.300799 0.0868239 0.385946 -0.288117 0.0966531 0.371491 
-0.300503 0.0800264 0.36545 -0.0373587 0.16509 0.363788 -0.0671552 0.158614 0.365506 
-0.0969518 0.152138 0.367224 -0.126748 0.145661 0.368942 -0.156545 0.139185 0.37066 
-0.186341 0.132709 0.372378 -0.275731 0.11328 0.377533 0.132365 -0.0835739 0.198409 
0.102569 -0.0900502 0.200127 0.0727724 -0.0965265 0.201845 0.0429758 -0.103003 0.203563 
-0.0166173 -0.115955 0.207 -0.0163217 -0.122753 0.186504 -0.00393556 -0.106126 0.192545 
-0.0464139 -0.122432 0.208718 -0.0461183 -0.129229 0.188222 -0.0762104 -0.128908 0.210436 
-0.0759148 -0.135706 0.18994 -0.0933252 -0.125555 0.1977 0.157433 -0.0571179 0.189996 
0.16982 -0.0404912 0.196038 0.127637 -0.0635942 0.191714 0.0978403 -0.0700705 0.193432 
0.0680437 -0.0765468 0.195151 0.0382472 -0.0830231 0.196869 0.00845061 -0.0894994 0.198587 
-0.111031 -0.108607 0.225955 -0.110736 -0.115405 0.20546 -0.128146 -0.105254 0.213219 
0.182206 -0.0238644 0.202079 0.194592 -0.00723766 0.20812 -0.145556 -0.0951037 0.220979 
-0.162967 -0.0849533 0.228738 0.206682 0.0161866 0.234658 0.189568 0.0195395 0.221921 
-0.180377 -0.0748029 0.236498 -0.210174 -0.0812792 0.238216 -0.227584 -0.0711287 0.245976 
0.231455 0.0494401 0.24674 0.21434 0.052793 0.234004 0.201954 0.0361663 0.227963 
-0.244995 -0.0609783 0.253735 -0.275087 -0.0606571 0.275949 -0.274791 -0.0674546 0.255453 
-0.292202 -0.0573041 0.263213 0.19693 0.0629435 0.241764 0.196634 0.069741 0.26226 
0.179519 0.0730939 0.249524 -0.309612 -0.0471537 0.270973 -0.327022 -0.0370032 0.278732 
0.191905 0.0897207 0.255565 0.204292 0.106347 0.261606 -0.314932 -0.013579 0.305269 
-0.344433 -0.0268528 0.286492 -0.344728 -0.0200553 0.306988 -0.361843 -0.0167024 0.294252 
0.199267 0.133125 0.275407 -0.319956 0.0131982 0.31907 -0.337071 0.0165511 0.306334 
-0.349457 -7.56094e-05 0.300293 0.194243 0.159902 0.289209 -0.342095 0.0433283 0.320135 
0.176833 0.170052 0.296968 0.147036 0.163576 0.298686 0.11724 0.1571 0.300404 
0.087443 0.150623 0.302123 0.0576465 0.144147 0.303841 0.0573509 0.150945 0.324336 
0.0278499 0.137671 0.305559 0.0275543 0.144468 0.326055 0.0104395 0.147821 0.313319 
-0.317323 0.0765818 0.332218 -0.329709 0.0599551 0.326177 -0.00697089 0.157972 0.321078 
-0.0367675 0.151495 0.322796 -0.0370631 0.158293 0.343292 -0.066564 0.145019 0.324515 
-0.0668596 0.151817 0.34501 -0.0963606 0.138543 0.326233 -0.0966562 0.14534 0.346728 
-0.126157 0.132066 0.327951 -0.126453 0.138864 0.348446 -0.155954 0.12559 0.329669 
-0.156249 0.132388 0.350165 -0.18575 0.119114 0.331387 -0.186046 0.125911 0.351883 
-0.215547 0.112637 0.333105 -0.245343 0.106161 0.334823 -0.27514 0.0996849 0.336542 
-0.275436 0.106482 0.357037 -0.304936 0.0932086 0.33826 -0.0210503 -0.102773 0.179809 
-0.0381651 -0.0994203 0.167073 -0.0505513 -0.116047 0.161032 -0.0803479 -0.122523 0.16275 
-0.11044 -0.122202 0.184964 -0.110144 -0.129 0.164468 -0.127555 -0.118849 0.172228 
0.152705 -0.0371382 0.183302 0.13559 -0.0337853 0.170565 0.123204 -0.050412 0.164524 
0.0934073 -0.0568883 0.166242 0.0633151 -0.0565671 0.188456 0.0759969 -0.0467379 0.174002 
0.0462003 -0.0532142 0.17572 0.0338141 -0.069841 0.169679 0.00401759 -0.0763173 0.171397 
-0.025779 -0.0827936 0.173115 -0.145261 -0.101901 0.200483 -0.144965 -0.108699 0.179987 
-0.162376 -0.0985483 0.187747 0.177477 -0.00388474 0.195384 0.160362 -0.000531808 0.182648 
0.147976 -0.0171586 0.176607 0.0585865 -0.0365875 0.181761 -0.180082 -0.0816004 0.216002 
-0.179786 -0.0883979 0.195507 -0.197196 -0.0782474 0.203266 0.172748 0.0160949 0.18869 
0.185135 0.0327217 0.194731 -0.214607 -0.068097 0.211026 -0.244699 -0.0677758 0.23324 
-0.244403 -0.0745733 0.212744 -0.274496 -0.0742521 0.234958 -0.2742 -0.0810496 0.214462 
-0.29161 -0.0708992 0.222222 0.197225 0.0561459 0.221268 0.18011 0.0594989 0.208532 
-0.309316 -0.0539512 0.250477 -0.309021 -0.0607487 0.229981 -0.326431 -0.0505983 0.237741 
0.175086 0.0862761 0.222333 -0.344137 -0.0336503 0.265996 -0.343842 -0.0404478 0.245501 
-0.361252 -0.0302974 0.25326 0.187177 0.1097 0.24887 0.170062 0.113053 0.236134 
-0.366276 -0.0035202 0.267061 0.182448 0.12968 0.242176 0.194834 0.146307 0.248217 
-0.341504 0.0297333 0.279144 -0.35389 0.0131066 0.273103 0.177424 0.156457 0.255977 
0.177128 0.163255 0.276473 0.160014 0.166608 0.263736 -0.329413 0.0531576 0.305681 
-0.316731 0.0629868 0.291227 -0.329118 0.04636 0.285186 0.142603 0.176758 0.271496 
0.112807 0.170282 0.273214 0.08301 0.163805 0.274932 0.0532134 0.157329 0.276651 
0.0234169 0.150853 0.278369 -0.00637968 0.144377 0.280087 -0.00667529 0.151174 0.300583 
-0.0361762 0.1379 0.281805 -0.0364719 0.144698 0.302301 -0.0535866 0.148051 0.289565 
-0.245048 0.0993637 0.314328 -0.232366 0.109193 0.299874 -0.244752 0.0925661 0.293832 
-0.274549 0.0860898 0.29555 -0.274844 0.0928873 0.316046 -0.304345 0.0796135 0.297269 
-0.304641 0.0864111 0.317764 -0.070997 0.158201 0.297324 -0.100794 0.151725 0.299042 
-0.13059 0.145249 0.300761 -0.160387 0.138772 0.302479 -0.190183 0.132296 0.304197 
-0.21998 0.12582 0.305915 -0.0549843 -0.102865 0.133842 -0.0425982 -0.0862381 0.139883 
-0.0847809 -0.109341 0.13556 -0.114577 -0.115817 0.137278 -0.131988 -0.105667 0.145038 
0.118771 -0.0372299 0.137334 0.131157 -0.0206031 0.143375 0.0886786 -0.0369087 0.159548 
0.10136 -0.0270794 0.145093 0.0290855 -0.0498613 0.162984 0.0119707 -0.0465083 0.150248 
-0.000415438 -0.0631351 0.144206 -0.030212 -0.0696114 0.145925 -0.149398 -0.0955166 0.152797 
-0.17949 -0.0951954 0.175011 -0.179195 -0.101993 0.154515 -0.196605 -0.0918425 0.162275 
0.143543 -0.00397639 0.149417 0.155929 0.0126504 0.155458 0.08395 -0.016929 0.152853 
0.0541535 -0.0234053 0.154571 0.0243569 -0.0298816 0.156289 -0.214311 -0.0748945 0.19053 
-0.214016 -0.081692 0.170035 -0.244108 -0.0813708 0.192248 -0.243812 -0.0881683 0.171753 
-0.261223 -0.0780179 0.179512 0.16802 0.0360746 0.181995 0.150905 0.0394275 0.169259 
-0.278633 -0.0678674 0.187272 -0.296043 -0.057717 0.195032 0.162996 0.0628518 0.195796 
0.145881 0.0662047 0.18306 -0.313454 -0.0475666 0.202791 -0.343546 -0.0472453 0.225005 
-0.34325 -0.0540429 0.204509 -0.360661 -0.0438924 0.212269 0.157971 0.089629 0.209597 
0.140857 0.0929819 0.196861 -0.34857 -0.0204682 0.238806 -0.335888 -0.0106389 0.224352 
-0.348275 -0.0272657 0.21831 0.153243 0.109609 0.202903 0.165629 0.126235 0.208944 
-0.353299 -0.00048848 0.232111 -0.370709 0.00966196 0.239871 0.178015 0.142862 0.214986 
0.190401 0.159489 0.221027 -0.328822 0.0395625 0.26469 -0.31614 0.0493918 0.250236 
-0.328526 0.032765 0.244194 -0.358323 0.0262887 0.245913 0.172991 0.169639 0.228787 
0.143194 0.163163 0.230505 0.142899 0.169961 0.251 0.113398 0.156687 0.232223 
0.113102 0.163484 0.252719 0.0836012 0.15021 0.233941 0.0833056 0.157008 0.254437 
0.0538046 0.143734 0.235659 0.053509 0.150532 0.256155 0.0240081 0.137258 0.237377 
0.0237125 0.144055 0.257873 0.00659769 0.147408 0.245137 -0.274253 0.0792923 0.275055 
-0.261571 0.0891216 0.260601 -0.273958 0.0724948 0.254559 -0.303754 0.0660185 0.256277 
-0.30405 0.072816 0.276773 -0.0108127 0.157559 0.252897 -0.0406093 0.151082 0.254615 
-0.0704058 0.144606 0.256333 -0.0707014 0.151404 0.276829 -0.100202 0.13813 0.258051 
-0.100498 0.144927 0.278547 -0.117613 0.14828 0.265811 -0.236799 0.122375 0.272683 
-0.249185 0.105748 0.266642 -0.135023 0.158431 0.27357 -0.16482 0.151954 0.275289 
-0.194616 0.145478 0.277007 -0.224413 0.139002 0.278725 -0.0299164 -0.0764089 0.125429 
-0.0296208 -0.0832064 0.104933 -0.0172346 -0.0665797 0.110975 -0.0594174 -0.0896827 0.106651 
-0.0892139 -0.096159 0.10837 -0.11901 -0.102635 0.110088 -0.149103 -0.102314 0.132302 
-0.148807 -0.109112 0.111806 -0.166217 -0.0989612 0.119566 0.114042 -0.0172502 0.130639 
-0.00484846 -0.0499529 0.117016 0.00753771 -0.0333262 0.123058 -0.183628 -0.0888108 0.127325 
-0.21372 -0.0884895 0.149539 -0.213424 -0.0952871 0.129043 -0.230835 -0.0851366 0.136803 
0.138815 0.0160033 0.142722 0.109018 0.00952698 0.14444 0.0792214 0.00305067 0.146158 
0.0494248 -0.00342563 0.147877 0.03231 -7.27003e-05 0.135141 0.0199239 -0.0166994 0.129099 
-0.248245 -0.0749862 0.144563 -0.278337 -0.074665 0.166776 -0.278042 -0.0814625 0.146281 
-0.295452 -0.071312 0.15404 0.13379 0.0427805 0.156523 0.103994 0.0363042 0.158241 
0.0868789 0.0396571 0.145505 0.0744928 0.0230303 0.139464 0.0446962 0.016554 0.141182 
-0.313158 -0.0543641 0.182296 -0.312863 -0.0611616 0.1618 -0.330273 -0.0510111 0.16956 
0.128766 0.0695577 0.170324 0.111651 0.0729106 0.157588 0.0992651 0.0562838 0.151547 
-0.347683 -0.0408607 0.177319 -0.365094 -0.0307103 0.185079 0.124037 0.0895373 0.16363 
0.136424 0.106164 0.169671 -0.340321 0.00254324 0.197162 -0.352708 -0.0140835 0.19112 
0.14881 0.122791 0.175712 0.161196 0.139418 0.181754 -0.358027 0.0194912 0.225417 
-0.345346 0.0293204 0.210963 0.173286 0.162842 0.208291 0.156172 0.166195 0.195555 
-0.303458 0.059221 0.235782 -0.290777 0.0690502 0.221327 -0.303163 0.0524235 0.215286 
-0.332959 0.0459472 0.217004 0.138761 0.176345 0.203315 0.108965 0.169869 0.205033 
0.0791682 0.163393 0.206751 0.0493716 0.156916 0.208469 0.0195751 0.15044 0.210187 
-0.0102215 0.143964 0.211905 -0.0105171 0.150761 0.232401 -0.0400181 0.137487 0.213624 
-0.0403137 0.144285 0.234119 -0.0574285 0.147638 0.221383 -0.24889 0.0989508 0.246146 
-0.236208 0.10878 0.231692 -0.248594 0.0921533 0.225651 -0.278391 0.085677 0.227369 
-0.0748389 0.157788 0.229143 -0.104635 0.151312 0.230861 -0.134432 0.144836 0.232579 
-0.134728 0.151633 0.253075 -0.164229 0.138359 0.234297 -0.164524 0.145157 0.254793 
-0.194025 0.131883 0.236015 -0.194321 0.138681 0.256511 -0.223822 0.125407 0.237734 
-0.224117 0.132204 0.258229 -0.0343494 -0.0632268 0.0982387 -0.0514642 -0.0598738 0.0855027 
-0.0638504 -0.0765006 0.0794613 -0.0936469 -0.0829769 0.0811794 -0.123443 -0.0894532 0.0828976 
-0.15324 -0.0959295 0.0846157 -0.183332 -0.0956083 0.10683 -0.183037 -0.102406 0.0863339 
-0.200447 -0.0922553 0.0940935 -0.00957709 -0.0299733 0.110322 -0.0266919 -0.0266203 0.0975856 
-0.039078 -0.0432471 0.0915441 -0.217857 -0.0821049 0.101853 -0.24795 -0.0817837 0.124067 
-0.247654 -0.0885812 0.103571 -0.265064 -0.0784308 0.111331 0.0151952 0.00328023 0.122405 
-0.00191955 0.00663316 0.109668 -0.0143057 -0.00999359 0.103627 -0.282475 -0.0682803 0.11909 
-0.312567 -0.0679591 0.141304 -0.312271 -0.0747566 0.120809 -0.329682 -0.0646062 0.128568 
0.0697641 0.04301 0.132769 0.0526493 0.046363 0.120033 0.0402632 0.0297362 0.113992 
0.0104666 0.0232599 0.11571 -0.347388 -0.0476582 0.156824 -0.347092 -0.0544557 0.136328 
-0.364503 -0.0443053 0.144087 0.0945365 0.0762635 0.144852 0.0774217 0.0796164 0.132116 
0.0650355 0.0629897 0.126075 -0.369527 -0.0175281 0.157889 0.119604 0.102719 0.136439 
0.131991 0.119346 0.142481 0.0898078 0.0962432 0.138158 -0.357436 0.00589616 0.184426 
-0.374551 0.00924909 0.17169 0.144377 0.135973 0.148522 0.156763 0.1526 0.154564 
-0.332664 0.0391497 0.196508 -0.319982 0.0489789 0.182054 -0.332368 0.0323521 0.176013 
-0.362165 0.0258758 0.177731 0.139353 0.16275 0.162323 0.139057 0.169548 0.182819 
0.109556 0.156274 0.164041 0.10926 0.163071 0.184537 0.0921456 0.166424 0.171801 
-0.0099259 0.137166 0.19141 0.00275587 0.146995 0.176956 -0.0096303 0.130369 0.170914 
-0.0270407 0.140519 0.178674 -0.278095 0.0788795 0.206873 -0.265413 0.0887087 0.192419 
-0.277799 0.0720819 0.186378 -0.307596 0.0656056 0.188096 0.0747352 0.176575 0.179561 
0.0449386 0.170098 0.181279 0.015142 0.163622 0.182997 -0.0444511 0.15067 0.186433 
-0.0742477 0.144193 0.188151 -0.0745433 0.150991 0.208647 -0.091658 0.154344 0.195911 
-0.223526 0.118609 0.217238 -0.210844 0.128438 0.202784 -0.22323 0.111812 0.196742 
-0.253027 0.105335 0.19846 -0.109068 0.164494 0.203671 -0.138865 0.158018 0.205389 
-0.168662 0.151542 0.207107 -0.198458 0.145065 0.208825 -0.0682834 -0.0633184 0.052271 
-0.0558972 -0.0466917 0.0583125 -0.09808 -0.0697947 0.0539892 -0.127877 -0.076271 0.0557074 
-0.157673 -0.0827473 0.0574255 -0.18747 -0.0892236 0.0591437 -0.217562 -0.0889024 0.0813575 
-0.217266 -0.0956999 0.0608618 -0.234677 -0.0855495 0.0686214 -0.0435111 -0.0300649 0.0643539 
-0.0311249 -0.0134382 0.0703954 -0.252087 -0.075399 0.076381 -0.282179 -0.0750778 0.0985948 
-0.281884 -0.0818753 0.0780992 -0.299294 -0.0717249 0.0858588 -0.0187387 0.00318857 0.0764368 
-0.00635257 0.0198153 0.0824782 -0.316704 -0.0615745 0.0936184 -0.334115 -0.051424 0.101378 
0.0358302 0.0429184 0.0868015 0.0482163 0.0595451 0.092843 0.0060336 0.0364421 0.0885197 
-0.351525 -0.0412736 0.109138 -0.368936 -0.0311231 0.116897 0.0901034 0.0894457 0.117662 
0.090399 0.0826482 0.0971662 0.102785 0.0992749 0.103208 0.0606025 0.0761719 0.0988844 
-0.37396 -0.00434594 0.130698 0.115171 0.115902 0.109249 0.127558 0.132528 0.115291 
-0.361869 0.0190783 0.157235 -0.349187 0.0289076 0.142781 -0.361574 0.0122808 0.13674 
0.139648 0.155953 0.141828 0.122533 0.159306 0.129092 -0.3073 0.0588081 0.1676 
-0.294619 0.0686373 0.153146 -0.307005 0.0520106 0.147104 -0.336801 0.0455343 0.148823 
0.105123 0.169456 0.136851 0.0753264 0.16298 0.138569 0.0750308 0.169777 0.159065 
0.0455298 0.156503 0.140288 0.0452342 0.163301 0.160783 0.0157332 0.150027 0.142006 
0.0154376 0.156825 0.162501 -0.0140633 0.143551 0.143724 -0.0438599 0.137075 0.145442 
-0.0441555 0.143872 0.165938 -0.0612703 0.147225 0.153202 -0.252731 0.0985379 0.177965 
-0.24005 0.108367 0.163511 -0.252436 0.0917404 0.157469 -0.282232 0.0852641 0.159187 
-0.0786807 0.157375 0.160961 -0.108477 0.150899 0.162679 -0.108773 0.157697 0.183175 
-0.125888 0.16105 0.170439 -0.198163 0.138268 0.18833 -0.185481 0.148097 0.173875 
-0.197867 0.13147 0.167834 -0.227663 0.124994 0.169552 -0.143298 0.1712 0.178199 
-0.173095 0.164724 0.179917 -0.0432155 -0.0368624 0.0438583 -0.0429199 -0.04366 0.0233626 
-0.0305337 -0.0270332 0.0294041 -0.0727164 -0.0501363 0.0250808 -0.102513 -0.0566126 0.026799 
-0.13231 -0.0630889 0.0285171 -0.162106 -0.0695652 0.0302353 -0.191903 -0.0760415 0.0319534 
-0.221699 -0.0825178 0.0336716 -0.23911 -0.0723673 0.0414312 -0.0184431 -0.00360895 0.0559412 
-0.0181475 -0.0104065 0.0354455 -0.00576136 0.00622029 0.041487 -0.25652 -0.0622169 0.0491908 
-0.286317 -0.0686932 0.050909 -0.316409 -0.068372 0.0731228 -0.316113 -0.0751695 0.0526271 
-0.333524 -0.065019 0.0603867 0.0063292 0.0296445 0.068024 0.0066248 0.022847 0.0475284 
0.019011 0.0394738 0.0535698 -0.35123 -0.0480711 0.088642 -0.350934 -0.0548686 0.0681463 
-0.368344 -0.0447182 0.0759059 0.0608981 0.0693743 0.0783888 0.0611937 0.0625768 0.0578931 
0.0735799 0.0792036 0.0639346 0.0313971 0.0561005 0.0596113 -0.38605 -0.0277702 0.104161 
-0.385755 -0.0345677 0.0836656 -0.403165 -0.0244173 0.0914252 0.085966 0.0958303 0.069976 
0.0983522 0.112457 0.0760175 -0.378393 0.00883622 0.103508 -0.390779 -0.00779052 0.0974666 
0.110738 0.129084 0.0820589 0.123125 0.145711 0.0881003 -0.336506 0.0387368 0.128327 
-0.323824 0.048566 0.113873 -0.33621 0.0319393 0.107831 -0.366007 0.025463 0.109549 
0.105714 0.155861 0.09586 0.105419 0.162659 0.116356 0.0883037 0.166011 0.10362 
0.0160288 0.14323 0.12151 0.0287106 0.153059 0.107056 0.0163244 0.136432 0.101014 
-0.0134721 0.129956 0.102733 -0.0137677 0.136753 0.123228 -0.0308825 0.140106 0.110492 
-0.299052 0.0818195 0.125956 -0.311438 0.0651928 0.119914 0.0708933 0.176162 0.111379 
0.0410968 0.169686 0.113097 -0.0482929 0.150257 0.118252 -0.0657033 0.160407 0.126011 
-0.227368 0.118196 0.149056 -0.214686 0.128026 0.134602 -0.227072 0.111399 0.128561 
-0.256869 0.104923 0.130279 -0.286665 0.0984462 0.131997 -0.0831137 0.170558 0.133771 
-0.11291 0.164081 0.135489 -0.142707 0.157605 0.137207 -0.143002 0.164402 0.157703 
-0.172503 0.151129 0.138926 -0.172799 0.157926 0.159421 -0.2023 0.144652 0.140644 
-0.161811 -0.0763627 0.00973964 -0.161515 -0.0831602 -0.010756 -0.149129 -0.0665334 -0.00471456 
-0.191607 -0.082839 0.0114578 -0.191311 -0.0896365 -0.00903784 -0.208722 -0.079486 -0.00127823 
-0.0473529 -0.0304778 -0.0038276 -0.0349667 -0.013851 0.00221385 -0.0771495 -0.0369541 -0.00210944 
-0.106946 -0.0434304 -0.000391275 -0.136743 -0.0499067 0.00132689 -0.226132 -0.0693356 0.00648137 
-0.256224 -0.0690144 0.0286952 -0.255929 -0.0758119 0.00819953 -0.286021 -0.0754907 0.0304133 
-0.285725 -0.0822882 0.0099177 -0.303136 -0.0721378 0.0176773 -0.0225806 0.0027757 0.00825529 
-0.0101944 0.0194024 0.0142967 -0.320546 -0.0619873 0.0254369 -0.337957 -0.0518369 0.0331965 
0.0316927 0.049303 0.0391157 0.0319883 0.0425055 0.01862 0.0443745 0.0591322 0.0246615 
0.00219178 0.0360292 0.0203382 -0.355663 -0.0348889 0.0614518 -0.342981 -0.0250597 0.0469976 
0.0567607 0.075759 0.0307029 0.0691468 0.0923857 0.0367443 -0.360391 -0.0149093 0.0547572 
-0.390483 -0.014588 0.076971 -0.377802 -0.00475881 0.0625168 0.111034 0.122286 0.0615633 
0.11133 0.115489 0.0410676 0.123716 0.132116 0.0471091 0.081533 0.109012 0.0427858 
-0.382826 0.0220184 0.0763178 0.118692 0.158893 0.0609101 -0.311142 0.0583952 0.0994186 
-0.29846 0.0682245 0.0849644 -0.310847 0.0515977 0.0789229 -0.340643 0.0451214 0.0806411 
-0.37044 0.0386451 0.0823593 0.101281 0.169043 0.0686697 0.0714845 0.162567 0.0703879 
0.0711889 0.169364 0.0908835 0.041688 0.156091 0.072106 0.0413924 0.162888 0.0926017 
0.0118914 0.149614 0.0738242 -0.0179051 0.143138 0.0755424 -0.0353155 0.153288 0.083302 
-0.28637 0.0916487 0.111501 -0.273688 0.101478 0.0970473 -0.286074 0.0848512 0.0910058 
-0.0527259 0.163439 0.0910616 -0.0701363 0.173589 0.0988212 -0.219119 0.141208 0.107412 
-0.231505 0.124581 0.101371 -0.261302 0.118105 0.103089 -0.0875467 0.18374 0.106581 
-0.117343 0.177263 0.108299 -0.14714 0.170787 0.110017 -0.176936 0.164311 0.111735 
-0.206733 0.157835 0.113453 -0.136447 -0.0567042 -0.0191688 -0.136151 -0.0635017 -0.0396644 
-0.123765 -0.046875 -0.033623 -0.165948 -0.069978 -0.0379462 -0.195744 -0.0764543 -0.0362281 
-0.225837 -0.0761331 -0.0140143 -0.225541 -0.0829306 -0.0345099 -0.242951 -0.0727802 -0.0267503 
-0.022285 -0.00402182 -0.0122404 -0.0219893 -0.0108193 -0.032736 -0.00960318 0.00580741 -0.0266945 
-0.0517859 -0.0172956 -0.0310178 -0.0815825 -0.0237719 -0.0292997 -0.111379 -0.0302482 -0.0275815 
-0.260362 -0.0626298 -0.0189907 -0.290158 -0.0691061 -0.0172725 -0.307569 -0.0589556 -0.00951293 
0.00248738 0.0292317 -0.000157464 0.00278298 0.0224342 -0.0206531 0.0151691 0.0390609 -0.0146117 
-0.324979 -0.0488052 -0.00175333 -0.34239 -0.0386547 0.00600628 0.0570563 0.0689615 0.0102073 
0.0573519 0.062164 -0.0102884 0.069738 0.0787907 -0.00424694 0.0275553 0.0556877 -0.00857022 
-0.3598 -0.0285043 0.0137659 -0.360096 -0.0217068 0.0342615 -0.37721 -0.0183538 0.0215255 
0.0818286 0.102215 0.0222901 0.0821242 0.0954174 0.00179451 0.0945104 0.112044 0.00783595 
-0.394916 -0.00140588 0.0497807 -0.394621 -0.0082034 0.0292851 -0.412031 0.00194705 0.0370447 
0.106897 0.128671 0.0138774 0.119283 0.145298 0.0199188 -0.370144 0.0318476 0.0618636 
-0.357462 0.0416768 0.0474094 -0.369848 0.0250501 0.041368 -0.399645 0.0185738 0.0430861 
0.101872 0.155448 0.0276784 0.101577 0.162246 0.0481741 0.0844619 0.165599 0.035438 
0.0419836 0.149293 0.0516104 0.0546654 0.159122 0.0371562 0.0422792 0.142496 0.0311148 
0.0124826 0.136019 0.0328329 0.012187 0.142817 0.0533286 -0.0173139 0.129543 0.0345511 
-0.0176095 0.13634 0.0550467 -0.0347243 0.139693 0.0423107 -0.302893 0.0814066 0.0577741 
-0.31528 0.0647799 0.0517327 -0.345076 0.0583036 0.0534509 0.0670515 0.175749 0.0431977 
-0.0521347 0.149844 0.0500703 -0.0524303 0.156641 0.0705659 -0.0695451 0.159994 0.0578299 
-0.23121 0.117784 0.0808749 -0.218528 0.127613 0.0664207 -0.230914 0.110986 0.0603793 
-0.260711 0.10451 0.0620974 -0.261006 0.111307 0.0825931 -0.290507 0.0980334 0.0638156 
-0.0869555 0.170145 0.0655895 -0.0872511 0.176942 0.0860851 -0.104366 0.180295 0.0733491 
-0.176641 0.157513 0.0912396 -0.163959 0.167343 0.0767854 -0.176345 0.150716 0.070744 
-0.206142 0.144239 0.0724622 -0.206437 0.151037 0.0929578 -0.121776 0.190446 0.0811087 
-0.151573 0.183969 0.0828269 -0.111083 -0.0370458 -0.0480771 -0.110788 -0.0438433 -0.0685728 
-0.0984017 -0.0272165 -0.0625313 -0.140584 -0.0503196 -0.0668546 -0.170381 -0.0567959 -0.0651365 
-0.200178 -0.0632722 -0.0634183 -0.229974 -0.0697485 -0.0617001 -0.260066 -0.0694273 -0.0394863 
-0.259771 -0.0762248 -0.059982 -0.277181 -0.0660743 -0.0522224 -0.0264224 0.00236283 -0.0599262 
-0.0140362 0.0189896 -0.0538848 -0.0562189 -0.00411347 -0.0582081 -0.0860155 -0.0105898 -0.0564899 
-0.294591 -0.0559239 -0.0444628 -0.324684 -0.0556027 -0.022249 -0.324388 -0.0624002 -0.0427446 
-0.341798 -0.0522498 -0.034985 0.0278509 0.0488901 -0.0290659 0.0281465 0.0420926 -0.0495615 
0.0405327 0.0587194 -0.0435201 -0.00165004 0.0356163 -0.0478433 -0.329708 -0.0288255 -0.00844792 
-0.317026 -0.0189963 -0.0229021 -0.329412 -0.035623 -0.0289436 0.0824198 0.0886199 -0.0187011 
0.0827154 0.0818224 -0.0391968 0.0951016 0.0984492 -0.0331553 0.0529189 0.0753461 -0.0374786 
-0.334436 -0.00884582 -0.0151425 -0.364529 -0.00852461 0.00707129 -0.351847 0.00130462 -0.0073829 
0.107192 0.121873 -0.00661825 0.107488 0.115076 -0.0271139 0.119874 0.131703 -0.0210724 
-0.369257 0.0114551 0.0003767 -0.399054 0.00497876 0.00209486 -0.416464 0.0151292 0.00985447 
0.11485 0.15848 -0.00727139 -0.361895 0.054859 0.0202192 -0.374281 0.0382323 0.0141777 
-0.404078 0.031756 0.0158959 0.0974393 0.16863 0.000488211 0.0676427 0.162154 0.00220637 
0.0673471 0.168951 0.022702 0.0378462 0.155678 0.00392453 0.00804961 0.149201 0.0056427 
-0.021747 0.142725 0.00736086 -0.0515435 0.136249 0.00907902 -0.0518391 0.143046 0.0295747 
-0.0689539 0.146399 0.0168386 -0.230618 0.104188 0.0398836 -0.217937 0.114018 0.0254294 
-0.230323 0.097391 0.019388 -0.260119 0.0909147 0.0211062 -0.260415 0.0977122 0.0416018 
-0.289916 0.0844384 0.0228243 -0.290212 0.0912359 0.04332 -0.319713 0.077962 0.0245425 
-0.349509 0.0714858 0.0262606 -0.0863643 0.15655 0.0245982 -0.0866599 0.163347 0.0450939 
-0.103775 0.1667 0.0323578 -0.17605 0.143918 0.0502484 -0.163368 0.153747 0.0357942 
-0.175754 0.137121 0.0297527 -0.205551 0.130644 0.0314709 -0.205846 0.137442 0.0519665 
-0.121185 0.176851 0.0401174 -0.121481 0.183648 0.0606131 -0.150982 0.170374 0.0418356 
-0.151277 0.177172 0.0623312 -0.0857199 -0.0173873 -0.0769855 -0.0854243 -0.0241848 -0.0974812 
-0.0730381 -0.00755806 -0.0914397 -0.115221 -0.0306611 -0.095763 -0.145017 -0.0371374 -0.0940449 
-0.174814 -0.0436137 -0.0923267 -0.204611 -0.05009 -0.0906085 -0.234407 -0.0565663 -0.0888904 
-0.264204 -0.0630426 -0.0871722 -0.294296 -0.0627214 -0.0649584 -0.294 -0.0695189 -0.085454 
-0.311411 -0.0593685 -0.0776944 -0.00135444 0.0288188 -0.068339 -0.00105883 0.0220213 -0.0888346 
0.0113273 0.038648 -0.0827932 -0.0308554 0.015545 -0.0871165 -0.060652 0.00906868 -0.0853983 
-0.316435 -0.0325913 -0.0638934 -0.329117 -0.0424205 -0.0494392 0.0532145 0.0685486 -0.0579742 
0.0535101 0.0617511 -0.0784699 0.0658962 0.0783778 -0.0724284 0.0237135 0.0552748 -0.0767517 
-0.321459 -0.0058141 -0.0500923 0.107783 0.108278 -0.0476095 0.108079 0.101481 -0.0681052 
0.120465 0.118108 -0.0620637 0.0782824 0.0950046 -0.066387 -0.338869 0.00433634 -0.0423327 
-0.35628 0.0144868 -0.0345731 0.115441 0.144885 -0.0482627 -0.37369 0.0246372 -0.0268135 
-0.403782 0.0249584 -0.00459973 -0.391101 0.0347877 -0.0190539 0.0980305 0.155035 -0.0405031 
0.0977349 0.161833 -0.0200074 0.0682339 0.148559 -0.0387849 0.0679383 0.155356 -0.0182893 
0.0384374 0.142083 -0.0370667 0.0381418 0.14888 -0.0165711 0.00864081 0.135606 -0.0353486 
0.00834521 0.142404 -0.0148529 -0.0211558 0.12913 -0.0336304 -0.0214514 0.135928 -0.0131348 
-0.0385661 0.13928 -0.0258708 -0.349214 0.0646882 0.005765 -0.336532 0.0745175 -0.0086892 
-0.348918 0.0578907 -0.0147306 -0.378715 0.0514144 -0.0130125 -0.0559765 0.149431 -0.0181112 
-0.0857731 0.142955 -0.0163931 -0.0860687 0.149752 0.00410259 -0.103184 0.153105 -0.00863345 
-0.22237 0.1272 -0.0017608 -0.234756 0.110573 -0.00780224 -0.264552 0.104097 -0.00608408 
-0.294349 0.0976205 -0.00436592 -0.324146 0.0911442 -0.00264776 -0.120594 0.163256 -0.000873841 
-0.120889 0.170053 0.0196218 -0.15039 0.156779 0.000844321 -0.150686 0.163577 0.02134 
-0.180187 0.150303 0.00256248 -0.209984 0.143827 0.00428064 -0.000763232 0.0152238 -0.10933 
-0.000467629 0.00842626 -0.129826 0.0119185 0.025053 -0.123784 -0.0305598 0.00874747 -0.107612 
-0.0302642 0.00194996 -0.128108 -0.0603564 0.00227117 -0.105894 -0.0600608 -0.00452635 -0.12639 
-0.0898573 -0.0110026 -0.124671 -0.119654 -0.017479 -0.122953 -0.14945 -0.0239553 -0.121235 
-0.179247 -0.0304316 -0.119517 -0.209044 -0.0369079 -0.117799 -0.23884 -0.0433842 -0.116081 
-0.268637 -0.0498605 -0.114362 -0.298433 -0.0563368 -0.112644 -0.315844 -0.0461863 -0.104885 
0.0240091 0.0484773 -0.0972474 0.0243047 0.0416798 -0.117743 0.0366909 0.0583065 -0.111702 
-0.320868 -0.0194091 -0.0910836 0.108375 0.0946834 -0.0886008 0.10867 0.0878858 -0.109096 
0.121056 0.104513 -0.103055 0.078578 0.0882071 -0.0868826 0.0788736 0.0814095 -0.107378 
0.049077 0.0749332 -0.10566 -0.325892 0.00736805 -0.0772826 0.133147 0.127937 -0.0765179 
0.133442 0.121139 -0.0970136 0.145829 0.137766 -0.0909721 -0.343302 0.0175185 -0.069523 
-0.360713 0.0276689 -0.0617634 0.128418 0.147917 -0.0832125 0.0986217 0.14144 -0.0814943 
0.0983261 0.148238 -0.0609987 0.0812113 0.151591 -0.0737347 -0.378419 0.0446169 -0.0335081 
-0.365737 0.0544461 -0.0479623 0.0638009 0.161741 -0.0659751 0.0340043 0.155265 -0.064257 
0.00420779 0.148789 -0.0625388 -0.0255888 0.142312 -0.0608207 -0.0429992 0.152463 -0.053061 
-0.264257 0.0972993 -0.0265797 -0.251575 0.107129 -0.0410339 -0.263961 0.0905018 -0.0470754 
-0.293758 0.0840255 -0.0453572 -0.294053 0.090823 -0.0248616 -0.323554 0.0775492 -0.043639 
-0.32385 0.0843467 -0.0231434 -0.353351 0.0710729 -0.0419209 -0.0604096 0.162613 -0.0453014 
-0.0902061 0.156137 -0.0435833 -0.107617 0.166287 -0.0358237 -0.226803 0.140382 -0.028951 
-0.239189 0.123755 -0.0349925 -0.125027 0.176438 -0.0280641 -0.154823 0.169961 -0.0263459 
-0.18462 0.163485 -0.0246277 -0.214417 0.157009 -0.0229096 -0.178951 -0.0372291 -0.140013 
-0.178656 -0.0440266 -0.160508 -0.16627 -0.0273998 -0.154467 -0.208748 -0.0437054 -0.138294 
-0.208452 -0.0505029 -0.15879 -0.238545 -0.0501817 -0.136576 -0.238249 -0.0569792 -0.157072 
-0.255659 -0.0468287 -0.149312 0.0246003 0.0348822 -0.138239 0.0248959 0.0280847 -0.158734 
0.0372821 0.0447115 -0.152693 -0.00490065 0.0216084 -0.157016 -0.0346972 0.0151321 -0.155298 
-0.0644938 0.00865581 -0.15358 -0.0942903 0.00217951 -0.151862 -0.124087 -0.00429679 -0.150143 
-0.153883 -0.0107731 -0.148425 -0.27307 -0.0366783 -0.141553 -0.302866 -0.0431546 -0.139835 
-0.320277 -0.0330042 -0.132075 0.0791692 0.074612 -0.127874 0.0794648 0.0678145 -0.14837 
0.091851 0.0844413 -0.142328 0.0493726 0.0681357 -0.126156 0.0496682 0.0613382 -0.146651 
-0.337687 -0.0228537 -0.124315 -0.337983 -0.0160562 -0.10382 -0.355097 -0.0127033 -0.116556 
0.133738 0.114342 -0.117509 0.134034 0.107544 -0.138005 0.14642 0.124171 -0.131963 
0.104237 0.101068 -0.136287 -0.343007 0.010721 -0.0900186 -0.360122 0.0140739 -0.102755 
0.128714 0.141119 -0.103708 0.129009 0.134321 -0.124204 0.0989173 0.134643 -0.10199 
0.0992129 0.127845 -0.122486 0.0818025 0.137996 -0.114726 -0.365146 0.0408511 -0.0889536 
0.0643921 0.148146 -0.106966 0.0640965 0.154944 -0.0864708 0.0345956 0.14167 -0.105248 
0.0343 0.148467 -0.0847526 0.00479899 0.135193 -0.10353 0.00450339 0.141991 -0.0830345 
-0.0249976 0.128717 -0.101812 -0.0252932 0.135515 -0.0813163 -0.042408 0.138868 -0.0940523 
-0.293462 0.077228 -0.0658528 -0.28078 0.0870572 -0.080307 -0.293167 0.0704305 -0.0863485 
-0.322963 0.0639542 -0.0846303 -0.323259 0.0707517 -0.0641347 -0.35276 0.0574778 -0.0829122 
-0.353055 0.0642754 -0.0624165 -0.0598184 0.149018 -0.0862927 -0.060114 0.155816 -0.0657971 
-0.0772288 0.159168 -0.0785331 -0.238893 0.116958 -0.0554881 -0.226212 0.126787 -0.0699423 
-0.238598 0.11016 -0.0759838 -0.268394 0.103684 -0.0742656 -0.0946392 0.169319 -0.0707735 
-0.124436 0.162843 -0.0690553 -0.124731 0.16964 -0.0485597 -0.154232 0.156366 -0.0673372 
-0.154528 0.163164 -0.0468416 -0.184029 0.14989 -0.065619 -0.184324 0.156688 -0.0451234 
-0.213825 0.143414 -0.0639009 -0.214121 0.150211 -0.0434052 0.0251915 0.0212872 -0.17923 
0.0254871 0.0144897 -0.199726 0.0378733 0.0311164 -0.193684 -0.00460505 0.0148109 -0.177512 
-0.00430945 0.00801339 -0.198007 -0.0344016 0.0083346 -0.175794 -0.034106 0.00153709 -0.196289 
-0.0641982 0.0018583 -0.174075 -0.0639026 -0.00493922 -0.194571 -0.0939947 -0.004618 -0.172357 
-0.0936991 -0.0114155 -0.192853 -0.123791 -0.0110943 -0.170639 -0.123496 -0.0178918 -0.191135 
-0.153588 -0.0175706 -0.168921 -0.153292 -0.0243681 -0.189417 -0.183089 -0.0308444 -0.187698 
-0.212885 -0.0373207 -0.18598 -0.242682 -0.043797 -0.184262 -0.260092 -0.0336466 -0.176503 
0.0797604 0.061017 -0.168865 0.080056 0.0542195 -0.189361 0.0924422 0.0708462 -0.183319 
0.0499638 0.0545407 -0.167147 0.0502594 0.0477432 -0.187643 -0.277503 -0.0234961 -0.168743 
-0.307299 -0.0299724 -0.167025 -0.32471 -0.019822 -0.159265 0.134329 0.100747 -0.1585 
0.134625 0.0939493 -0.178996 0.147011 0.110576 -0.172955 0.104533 0.0942705 -0.156782 
0.104828 0.087473 -0.177278 -0.342416 -0.00287405 -0.13101 -0.329734 0.00695518 -0.145464 
0.159102 0.134 -0.146418 0.159397 0.127203 -0.166913 0.171783 0.14383 -0.160872 
-0.347144 0.0171056 -0.137704 -0.364555 0.0272561 -0.129945 0.154373 0.15398 -0.153112 
0.124576 0.147504 -0.151394 0.0947799 0.141027 -0.149676 0.0649833 0.134551 -0.147958 
0.0646877 0.141349 -0.127462 0.0351868 0.128075 -0.14624 0.0348912 0.134872 -0.125744 
0.0053902 0.121598 -0.144521 0.0050946 0.128396 -0.124026 -0.0120202 0.131749 -0.136762 
-0.381965 0.0374065 -0.122185 -0.382261 0.044204 -0.10169 -0.399375 0.047557 -0.114426 
-0.0294306 0.141899 -0.129002 -0.046841 0.15205 -0.121243 -0.238302 0.103363 -0.0964794 
-0.22562 0.113192 -0.110934 -0.238007 0.0965652 -0.116975 -0.267803 0.0900889 -0.115257 
-0.268099 0.0968864 -0.0947612 -0.2976 0.0836126 -0.113539 -0.327396 0.0771363 -0.111821 
-0.357193 0.07066 -0.110102 -0.386989 0.0641837 -0.108384 -0.0642514 0.1622 -0.113483 
-0.0816618 0.172351 -0.105723 -0.153937 0.149569 -0.0878328 -0.141255 0.159398 -0.102287 
-0.153641 0.142771 -0.108328 -0.183438 0.136295 -0.10661 -0.183733 0.143093 -0.0861147 
-0.213234 0.129819 -0.104892 -0.21353 0.136616 -0.0843965 -0.0990722 0.182501 -0.0979637 
-0.128869 0.176025 -0.0962456 -0.21259 -0.0441182 -0.206476 -0.212294 -0.0509158 -0.226972 
-0.199908 -0.034289 -0.22093 -0.229705 -0.0407653 -0.219212 0.0803516 0.047422 -0.209856 
0.0806472 0.0406245 -0.230352 0.0930334 0.0572512 -0.224311 0.0505551 0.0409457 -0.208138 
0.0508507 0.0341482 -0.228634 0.0210541 0.0276718 -0.226916 -0.00874247 0.0211955 -0.225198 
-0.038539 0.0147192 -0.223479 -0.0683356 0.00824294 -0.221761 -0.0981322 0.00176664 -0.220043 
-0.127929 -0.00470966 -0.218325 -0.157725 -0.011186 -0.216607 -0.187522 -0.0176623 -0.214889 
-0.247115 -0.0306149 -0.211452 -0.277207 -0.0302937 -0.189239 -0.276912 -0.0370912 -0.209734 
-0.294322 -0.0269407 -0.201975 0.105124 0.0806755 -0.197774 0.10542 0.0738779 -0.218269 
0.117806 0.0905047 -0.212228 -0.311732 -0.0167903 -0.194215 -0.329143 -0.00663985 -0.186455 
0.159693 0.120405 -0.187409 0.159988 0.113608 -0.207905 0.172375 0.130234 -0.201863 
0.130192 0.107131 -0.206186 -0.334167 0.0201373 -0.172654 0.154669 0.147182 -0.173608 
0.154964 0.140385 -0.194103 0.137554 0.150535 -0.186344 -0.351577 0.0302878 -0.164895 
-0.368988 0.0404382 -0.157135 0.120143 0.160686 -0.178584 0.0903469 0.15421 -0.176866 
0.0605503 0.147733 -0.175148 0.0307537 0.141257 -0.17343 0.000957175 0.134781 -0.171712 
-0.0164532 0.144931 -0.163952 -0.267507 0.0832914 -0.135753 -0.254826 0.0931206 -0.150207 
-0.267212 0.0764939 -0.156248 -0.297008 0.0700176 -0.15453 -0.297304 0.0768151 -0.134034 
-0.326805 0.0635413 -0.152812 -0.327101 0.0703388 -0.132316 -0.356602 0.057065 -0.151094 
-0.356897 0.0638625 -0.130598 -0.386694 0.0573862 -0.12888 -0.0338636 0.155081 -0.156192 
-0.051274 0.165232 -0.148433 -0.153345 0.135974 -0.128824 -0.140664 0.145803 -0.143278 
-0.15305 0.129176 -0.14932 -0.182846 0.1227 -0.147602 -0.183142 0.129497 -0.127106 
-0.212643 0.116224 -0.145883 -0.212939 0.123021 -0.125388 -0.24244 0.109747 -0.144165 
-0.0686844 0.175382 -0.140673 -0.0860948 0.185533 -0.132914 -0.128573 0.169227 -0.116741 
-0.115891 0.179057 -0.131195 -0.128278 0.16243 -0.137237 -0.103505 0.195683 -0.125154 
-0.06804 0.00144543 -0.242257 -0.0677444 -0.00535209 -0.262753 -0.0553582 0.0112747 -0.256711 
-0.0978366 -0.00503088 -0.240539 -0.097541 -0.0118284 -0.261034 -0.127633 -0.0115072 -0.238821 
-0.127338 -0.0183047 -0.259316 -0.15743 -0.0179835 -0.237102 -0.157134 -0.024781 -0.257598 
-0.187226 -0.0244598 -0.235384 -0.186931 -0.0312573 -0.25588 -0.216727 -0.0377336 -0.254162 
-0.234138 -0.0275832 -0.246402 0.105715 0.0670804 -0.238765 0.106011 0.0602829 -0.259261 
0.118397 0.0769097 -0.253219 0.0762142 0.0538066 -0.257542 0.0464176 0.0473303 -0.255824 
0.0166211 0.040854 -0.254106 -0.0131755 0.0343777 -0.252388 -0.0429721 0.0279014 -0.25067 
-0.251548 -0.0174327 -0.238643 -0.281345 -0.023909 -0.236924 -0.298755 -0.0137586 -0.229165 
0.160284 0.10681 -0.2284 0.16058 0.100013 -0.248896 0.172966 0.116639 -0.242854 
0.130487 0.100334 -0.226682 0.130783 0.0935364 -0.247178 -0.316165 -0.00360813 -0.221405 
-0.333576 0.00654231 -0.213646 0.185056 0.140064 -0.216317 0.185352 0.133266 -0.236813 
0.197738 0.149893 -0.230771 -0.3386 0.0333195 -0.199845 0.180328 0.160043 -0.223012 
0.150531 0.153567 -0.221294 0.120735 0.147091 -0.219576 0.120439 0.153888 -0.19908 
0.0909381 0.140614 -0.217857 0.0906425 0.147412 -0.197362 0.0611415 0.134138 -0.216139 
0.0608459 0.140936 -0.195644 0.0313449 0.127662 -0.214421 0.0310493 0.134459 -0.193925 
0.0139345 0.137812 -0.206661 -0.35601 0.0434699 -0.192085 -0.373421 0.0536204 -0.184325 
-0.00347585 0.147963 -0.198902 -0.0332724 0.141486 -0.197184 -0.033568 0.148284 -0.176688 
-0.0506828 0.151637 -0.189424 -0.212347 0.109426 -0.166379 -0.199666 0.119255 -0.180833 
-0.212052 0.102629 -0.186875 -0.241848 0.0961523 -0.185157 -0.242144 0.10295 -0.164661 
-0.271645 0.089676 -0.183438 -0.301441 0.0831997 -0.18172 -0.331238 0.0767234 -0.180002 
-0.361035 0.0702471 -0.178284 -0.0680932 0.161787 -0.181664 -0.0683888 0.168585 -0.161169 
-0.0855036 0.171938 -0.173905 -0.127982 0.155632 -0.157733 -0.1153 0.165461 -0.172187 
-0.127686 0.148835 -0.178228 -0.157483 0.142358 -0.17651 -0.187279 0.135882 -0.174792 
-0.102914 0.182088 -0.166145 -0.10321 0.188886 -0.14565 0.165899 0.066438 -0.283192 
0.166195 0.0596405 -0.303688 0.178581 0.0762672 -0.297647 0.136103 0.0599617 -0.281474 
0.136399 0.0531642 -0.30197 0.106306 0.0534854 -0.279756 0.106602 0.0466879 -0.300252 
0.0765098 0.0470091 -0.278038 0.0768054 0.0402116 -0.298534 0.0467132 0.0405328 -0.27632 
0.0470088 0.0337353 -0.296815 0.0169167 0.0340565 -0.274602 0.0172123 0.027259 -0.295097 
-0.0128799 0.0275802 -0.272884 -0.0125843 0.0207827 -0.293379 -0.0426765 0.0211039 -0.271165 
-0.0423809 0.0143064 -0.291661 -0.0721774 0.00783007 -0.289943 -0.101974 0.00135377 -0.288225 
-0.131771 -0.00512253 -0.286507 -0.161567 -0.0115988 -0.284788 -0.191364 -0.0180751 -0.28307 
-0.22116 -0.0245514 -0.281352 -0.238571 -0.014401 -0.273592 0.160875 0.0932152 -0.269391 
0.173557 0.103044 -0.283846 0.131079 0.0867389 -0.267673 -0.255981 -0.00425055 -0.265833 
-0.285778 -0.0107269 -0.264115 -0.303188 -0.000576414 -0.256355 0.185648 0.126469 -0.257309 
0.185943 0.119671 -0.277804 0.198329 0.136298 -0.271763 -0.320894 0.0163715 -0.2281 
-0.308212 0.0262008 -0.242554 0.193305 0.163075 -0.257962 -0.325623 0.0363512 -0.234794 
-0.343033 0.0465017 -0.227035 0.175895 0.173226 -0.250202 0.146098 0.166749 -0.248484 
0.116302 0.160273 -0.246766 0.086505 0.153797 -0.245048 0.0567085 0.14732 -0.243329 
0.0269119 0.140844 -0.241611 -0.00288464 0.134368 -0.239893 -0.00318025 0.141165 -0.219397 
-0.020295 0.144518 -0.232134 -0.301146 0.0764022 -0.202216 -0.288464 0.0862315 -0.21667 
-0.30085 0.0696047 -0.222712 -0.318261 0.0797551 -0.214952 -0.360443 0.0566521 -0.219275 
-0.377854 0.0668025 -0.211516 -0.0377054 0.154669 -0.224374 -0.0551158 0.164819 -0.216614 
-0.157187 0.135561 -0.197006 -0.144506 0.14539 -0.21146 -0.156892 0.128763 -0.217501 
-0.186688 0.122287 -0.215783 -0.186984 0.129085 -0.195287 -0.216485 0.115811 -0.214065 
-0.246281 0.109335 -0.212347 -0.276078 0.102858 -0.210629 -0.335671 0.0899056 -0.207192 
-0.365468 0.0834293 -0.205474 -0.0725262 0.17497 -0.208855 -0.102323 0.168493 -0.207137 
-0.102618 0.175291 -0.186641 -0.132119 0.162017 -0.205418 0.166491 0.052843 -0.324184 
0.166786 0.0460455 -0.344679 0.179172 0.0626722 -0.338638 0.136694 0.0463667 -0.322466 
0.13699 0.0395692 -0.342961 0.106898 0.0398904 -0.320747 0.107193 0.0330929 -0.341243 
0.077101 0.0334141 -0.319029 0.0773966 0.0266166 -0.339525 0.0599862 0.036767 -0.331765 
-0.0122887 0.0139852 -0.313875 -0.0119931 0.00718765 -0.33437 0.000393084 0.0238144 -0.328329 
-0.0420852 0.00750886 -0.312157 -0.0417896 0.000711344 -0.332652 -0.0718818 0.00103256 -0.310438 
-0.0715862 -0.00576496 -0.330934 -0.101678 -0.00544375 -0.30872 -0.101383 -0.0122413 -0.329216 
-0.131475 -0.01192 -0.307002 -0.131179 -0.0187176 -0.327498 -0.161271 -0.0183964 -0.305284 
-0.160976 -0.0251939 -0.32578 -0.191068 -0.0248727 -0.303566 -0.190772 -0.0316702 -0.324061 
-0.220865 -0.031349 -0.301848 -0.220569 -0.0381465 -0.322343 -0.237979 -0.027996 -0.314584 
0.191263 0.0860965 -0.312101 0.191559 0.079299 -0.332597 0.203945 0.0959257 -0.326555 
0.0425758 0.0469174 -0.324006 0.0127792 0.0404411 -0.322288 -0.255685 -0.0110481 -0.286328 
-0.25539 -0.0178456 -0.306824 -0.2728 -0.00769514 -0.299064 0.186239 0.112874 -0.2983 
0.198921 0.122703 -0.312754 -0.290211 0.0024553 -0.291305 -0.307621 0.0126057 -0.283545 
0.211011 0.146127 -0.286217 0.211307 0.13933 -0.306713 0.223693 0.155956 -0.300671 
-0.312645 0.0393829 -0.269744 0.206282 0.166107 -0.292912 0.176486 0.159631 -0.291193 
0.17619 0.166428 -0.270698 0.146689 0.153154 -0.289475 0.146394 0.159952 -0.26898 
0.116893 0.146678 -0.287757 0.116597 0.153475 -0.267261 0.0870963 0.140202 -0.286039 
0.0868006 0.146999 -0.265543 0.0696859 0.150352 -0.278279 -0.330056 0.0495334 -0.261985 
-0.347466 0.0596838 -0.254225 0.0522755 0.160502 -0.27052 0.0224789 0.154026 -0.268802 
-0.00731767 0.14755 -0.267083 -0.0247281 0.1577 -0.259324 -0.245986 0.102537 -0.232842 
-0.233304 0.112366 -0.247297 -0.24569 0.0957395 -0.253338 -0.275487 0.0892632 -0.25162 
-0.275782 0.0960607 -0.231124 -0.305283 0.0827869 -0.249902 -0.33508 0.0763106 -0.248184 
-0.335375 0.0831081 -0.227688 -0.365172 0.0766318 -0.22597 -0.0421385 0.167851 -0.251564 
-0.071935 0.161374 -0.249846 -0.0722306 0.168172 -0.22935 -0.0893454 0.171525 -0.242086 
-0.131824 0.155219 -0.225914 -0.119142 0.165049 -0.240368 -0.131528 0.148422 -0.24641 
-0.161325 0.141946 -0.244691 -0.191121 0.135469 -0.242973 -0.220918 0.128993 -0.241255 
-0.106756 0.181675 -0.234327 -0.101087 -0.0190388 -0.349712 -0.100792 -0.0258363 -0.370207 
-0.0884054 -0.00920955 -0.364166 -0.130884 -0.0255151 -0.347993 -0.130588 -0.0323126 -0.368489 
-0.147999 -0.0221622 -0.360729 -0.190477 -0.0384677 -0.344557 -0.190181 -0.0452652 -0.365053 
-0.177795 -0.0286385 -0.359011 -0.207592 -0.0351148 -0.357293 0.191854 0.0725014 -0.353092 
0.19215 0.0657039 -0.373588 0.204536 0.0823307 -0.367546 0.162353 0.0592276 -0.37187 
0.132557 0.0527513 -0.370151 0.10276 0.046275 -0.368433 0.0729636 0.0397987 -0.366715 
0.0428714 0.0401199 -0.344501 0.043167 0.0333224 -0.364997 0.0130749 0.0336436 -0.342783 
0.0133705 0.0268461 -0.363279 -0.0164261 0.0203698 -0.361561 -0.0462227 0.0138935 -0.359842 
-0.0760192 0.0074172 -0.358124 -0.165409 -0.0120117 -0.35297 -0.225002 -0.0249643 -0.349534 
-0.242412 -0.0148139 -0.341774 0.216627 0.105755 -0.341009 0.216922 0.0989574 -0.361505 
0.229308 0.115584 -0.355463 -0.259823 -0.00466343 -0.334014 -0.277233 0.00548702 -0.326255 
0.211602 0.132532 -0.327208 0.224284 0.142361 -0.341662 -0.294939 0.022435 -0.297999 
-0.282257 0.0322642 -0.312454 0.206578 0.159309 -0.313407 0.206874 0.152512 -0.333903 
0.189463 0.162662 -0.326143 -0.299963 0.0492122 -0.284198 -0.287282 0.0590414 -0.298653 
0.172053 0.172813 -0.318384 0.142256 0.166336 -0.316665 0.11246 0.15986 -0.314947 
0.0826632 0.153384 -0.313229 0.0528667 0.146907 -0.311511 0.0525711 0.153705 -0.291015 
0.0230701 0.140431 -0.309793 0.0227745 0.147229 -0.289297 0.00565971 0.150582 -0.302033 
-0.304692 0.0691918 -0.290893 -0.334784 0.0695131 -0.268679 -0.322102 0.0793423 -0.283133 
-0.0117507 0.160732 -0.294274 -0.0415473 0.154256 -0.292555 -0.0418429 0.161053 -0.27206 
-0.0589576 0.164406 -0.284796 -0.190826 0.128672 -0.263469 -0.178144 0.138501 -0.277923 
-0.19053 0.121874 -0.283965 -0.220327 0.115398 -0.282246 -0.220622 0.122195 -0.261751 
-0.250123 0.108922 -0.280528 -0.27992 0.102445 -0.27881 -0.309716 0.095969 -0.277092 
-0.076368 0.174557 -0.277036 -0.106165 0.16808 -0.275318 -0.10646 0.174878 -0.254822 
-0.135961 0.161604 -0.2736 -0.165758 0.155128 -0.271882 0.222242 0.0653827 -0.395802 
0.222538 0.0585852 -0.416297 0.234924 0.0752119 -0.410256 0.192445 0.0589064 -0.394083 
0.192741 0.0521089 -0.414579 0.162649 0.0524301 -0.392365 0.162944 0.0456326 -0.412861 
0.132852 0.0459538 -0.390647 0.133148 0.0391563 -0.411143 0.103056 0.0394775 -0.388929 
0.103351 0.03268 -0.409425 0.0732592 0.0330012 -0.387211 0.0735548 0.0262037 -0.407706 
0.0434626 0.0265249 -0.385493 0.0437582 0.0197274 -0.405988 0.0136661 0.0200486 -0.383774 
0.0139617 0.0132511 -0.40427 -0.0161305 0.0135723 -0.382056 -0.0158349 0.00677478 -0.402552 
-0.0459271 0.00709599 -0.380338 -0.0456315 0.000298473 -0.400834 -0.0757236 0.000619686 -0.37862 
-0.075428 -0.00617783 -0.399116 -0.105225 -0.0126541 -0.397397 -0.135021 -0.0191304 -0.395679 
-0.165113 -0.0188092 -0.373465 -0.164818 -0.0256067 -0.393961 -0.194614 -0.032083 -0.392243 
-0.212025 -0.0219326 -0.384483 0.217218 0.0921599 -0.382001 0.2299 0.101989 -0.396455 
-0.229435 -0.0117822 -0.376724 -0.246845 -0.00163171 -0.368964 0.224875 0.128766 -0.382654 
-0.264256 0.00851873 -0.361205 -0.281666 0.0186692 -0.353445 0.219851 0.155544 -0.368853 
-0.28669 0.0454464 -0.339644 0.202441 0.165694 -0.361093 0.172644 0.159218 -0.359375 
0.172349 0.166015 -0.338879 0.142848 0.152741 -0.357657 0.142552 0.159539 -0.337161 
0.113051 0.146265 -0.355939 0.112755 0.153063 -0.335443 0.0832544 0.139789 -0.35422 
0.0829588 0.146586 -0.333725 0.0534579 0.133312 -0.352502 0.0531623 0.14011 -0.332007 
0.0360475 0.143463 -0.344743 -0.291715 0.0722236 -0.325843 0.0186371 0.153613 -0.336983 
-0.0111595 0.147137 -0.335265 -0.0114551 0.153935 -0.314769 -0.0285699 0.157287 -0.327505 
-0.309125 0.082374 -0.318083 -0.339217 0.0826952 -0.295869 -0.338922 0.0758977 -0.316365 
-0.356332 0.0860481 -0.308605 -0.0459803 0.167438 -0.319746 -0.0633907 0.177588 -0.311986 
-0.182577 0.151683 -0.305113 -0.194963 0.135056 -0.311155 -0.22476 0.12858 -0.309437 
-0.254556 0.122104 -0.307719 -0.284353 0.115627 -0.306 -0.314149 0.109151 -0.304282 
-0.343946 0.102675 -0.302564 -0.0808011 0.187739 -0.304226 -0.110598 0.181262 -0.302508 
-0.140394 0.174786 -0.30079 -0.170191 0.16831 -0.299072 -0.0105151 -0.0267999 -0.436849 
-0.0102195 -0.0335974 -0.457344 0.0021667 -0.0169707 -0.451303 -0.0276299 -0.023447 -0.449585 
0.25263 0.058264 -0.438511 0.252925 0.0514665 -0.459007 0.265312 0.0680932 -0.452965 
0.222833 0.0517877 -0.436793 0.223129 0.0449902 -0.457289 0.193037 0.0453114 -0.435075 
0.193332 0.0385139 -0.45557 0.16324 0.0388351 -0.433357 0.163536 0.0320376 -0.453852 
0.133444 0.0323588 -0.431638 0.133739 0.0255613 -0.452134 0.103647 0.0258825 -0.42992 
0.103943 0.019085 -0.450416 0.0738504 0.0194062 -0.428202 0.074146 0.0126087 -0.448698 
0.0440538 0.0129299 -0.426484 0.0443494 0.00613235 -0.44698 0.0142573 0.00645356 -0.424766 
0.0145529 -0.000343951 -0.445261 -0.0155393 -2.27391e-05 -0.423048 -0.0450403 -0.0132966 -0.441825 
-0.0453359 -0.00649904 -0.421329 -0.0751324 -0.0129753 -0.419611 -0.0748368 -0.0197729 -0.440107 
-0.104929 -0.0194516 -0.417893 -0.104633 -0.0262492 -0.438389 -0.122044 -0.0160987 -0.430629 
-0.164522 -0.0324043 -0.414457 -0.164227 -0.0392018 -0.434952 -0.15184 -0.022575 -0.428911 
-0.181637 -0.0290513 -0.427193 0.247606 0.0850412 -0.42471 0.260287 0.0948704 -0.439164 
-0.139454 -0.00594828 -0.42287 -0.199047 -0.0189009 -0.419433 -0.216458 -0.00875044 -0.411674 
0.242581 0.111818 -0.410909 0.255263 0.121648 -0.425363 -0.233868 0.00140001 -0.403914 
-0.251278 0.0115504 -0.396154 0.237853 0.131798 -0.417604 0.220442 0.141948 -0.409844 
-0.268984 0.0284984 -0.367899 -0.256303 0.0383276 -0.382353 0.203032 0.152099 -0.402084 
0.202736 0.158896 -0.381589 0.173235 0.145623 -0.400366 0.17294 0.15242 -0.379871 
0.143439 0.139146 -0.398648 0.143143 0.145944 -0.378152 0.113642 0.13267 -0.39693 
0.113347 0.139468 -0.376434 0.0838456 0.126194 -0.395212 0.08355 0.132991 -0.374716 
0.0664352 0.136344 -0.387452 -0.274009 0.0552756 -0.354098 -0.261327 0.0651048 -0.368552 
0.0490248 0.146495 -0.379692 0.0192283 0.140018 -0.377974 0.0189327 0.146816 -0.357479 
0.00181789 0.150169 -0.370215 -0.279033 0.0820528 -0.340297 -0.266351 0.091882 -0.354751 
-0.0155925 0.160319 -0.362455 -0.0453891 0.153843 -0.360737 -0.0456847 0.16064 -0.340241 
-0.0627995 0.163993 -0.352977 -0.254261 0.115306 -0.328214 -0.241579 0.125136 -0.342668 
-0.253965 0.108509 -0.34871 -0.284057 0.10883 -0.326496 -0.313854 0.102354 -0.324778 
-0.34365 0.0958774 -0.32306 -0.0802099 0.174144 -0.345218 -0.0805055 0.180941 -0.324722 
-0.0976203 0.184294 -0.337458 -0.18701 0.164865 -0.332304 -0.199396 0.148239 -0.338345 
-0.229193 0.141762 -0.336627 -0.115031 0.194445 -0.329699 -0.144827 0.187968 -0.32798 
-0.174624 0.181492 -0.326262 0.17388 -0.0283143 -0.50195 0.174175 -0.0351118 -0.522446 
0.186562 -0.0184851 -0.516404 0.156765 -0.0249614 -0.514686 0.0546935 -0.0542195 -0.495077 
0.0549891 -0.0610171 -0.515573 0.0673753 -0.0443903 -0.509531 0.0248969 -0.0606958 -0.493359 
0.0251925 -0.0674934 -0.513855 0.00778214 -0.0573429 -0.506095 0.258245 0.0178918 -0.493303 
0.258541 0.0110943 -0.513799 0.270927 0.027721 -0.507758 0.228449 0.0114155 -0.491585 
0.228744 0.00461795 -0.512081 0.198652 0.00493916 -0.489867 0.198948 -0.00185835 -0.510363 
0.168856 -0.00153714 -0.488149 0.139355 -0.014811 -0.506926 0.139059 -0.00801344 -0.486431 
0.109262 -0.0144897 -0.484713 0.109558 -0.0212873 -0.505208 0.0794658 -0.0209661 -0.482994 
0.0797614 -0.0277636 -0.50349 0.0496693 -0.0274424 -0.481276 0.0198727 -0.0339187 -0.479558 
-0.00962826 -0.0471925 -0.498336 -0.00992386 -0.040395 -0.47784 -0.0270387 -0.037042 -0.490576 
0.253221 0.044669 -0.479502 0.265903 0.0544982 -0.493957 0.223424 0.0381927 -0.477784 
0.193628 0.0317164 -0.476066 0.163831 0.02524 -0.474348 0.134035 0.0187637 -0.47263 
0.104238 0.0122874 -0.470912 0.0744416 0.00581114 -0.469193 0.044645 -0.000665164 -0.467475 
0.0148485 -0.00714147 -0.465757 -0.0447447 -0.0200941 -0.462321 -0.044449 -0.0268916 -0.482816 
-0.0745412 -0.0265704 -0.460603 -0.0742456 -0.0333679 -0.481098 -0.091656 -0.0232174 -0.473339 
0.260879 0.0812754 -0.480155 -0.109066 -0.013067 -0.465579 -0.139159 -0.0127458 -0.443365 
-0.138863 -0.0195433 -0.463861 -0.16866 -0.0260196 -0.462143 -0.18607 -0.0158692 -0.454383 
0.255854 0.108053 -0.466354 -0.20348 -0.00571872 -0.446623 -0.220891 0.00443172 -0.438864 
0.25083 0.13483 -0.452553 -0.238301 0.0145822 -0.431104 -0.255711 0.0247326 -0.423345 
0.23342 0.14498 -0.444794 0.203623 0.138504 -0.443076 0.203327 0.145301 -0.42258 
0.173827 0.132028 -0.441357 0.173531 0.138825 -0.420862 0.156416 0.142178 -0.433598 
-0.260736 0.0515098 -0.409544 0.139006 0.152328 -0.425838 0.109209 0.145852 -0.42412 
0.0794126 0.139376 -0.422402 0.049616 0.1329 -0.420684 0.0493204 0.139697 -0.400188 
0.0322057 0.14305 -0.412924 -0.26576 0.078287 -0.395743 0.0147953 0.1532 -0.405165 
-0.0150013 0.146724 -0.403446 -0.0152969 0.153522 -0.382951 -0.0324117 0.156875 -0.395687 
-0.28317 0.0884374 -0.387983 -0.283466 0.0952349 -0.367487 -0.300581 0.0985879 -0.380223 
-0.0498221 0.167025 -0.387927 -0.0796187 0.160549 -0.386209 -0.0799143 0.167346 -0.365713 
-0.109415 0.154072 -0.384491 -0.109711 0.16087 -0.363995 -0.126826 0.164223 -0.376731 
-0.169304 0.147917 -0.360559 -0.156622 0.157747 -0.375013 -0.169008 0.14112 -0.381055 
-0.198805 0.134644 -0.379336 -0.199101 0.141441 -0.358841 -0.228601 0.128167 -0.377618 
-0.228897 0.134965 -0.357123 -0.258398 0.121691 -0.3759 -0.288195 0.115215 -0.374182 
-0.114735 0.187647 -0.350194 -0.144236 0.174373 -0.368972 -0.144532 0.181171 -0.348476 
-0.174328 0.174695 -0.346758 0.273909 -0.0760348 -0.575698 0.274205 -0.0828323 -0.596193 
0.286591 -0.0662056 -0.590152 0.244113 -0.0825111 -0.57398 0.244408 -0.0893086 -0.594475 
0.214316 -0.0889874 -0.572261 0.214612 -0.095785 -0.592757 0.184519 -0.0954637 -0.570543 
0.184815 -0.102261 -0.591039 0.154723 -0.10194 -0.568825 0.155018 -0.108738 -0.589321 
0.124926 -0.108416 -0.567107 0.125222 -0.115214 -0.587603 0.107811 -0.105063 -0.579843 
0.298681 -0.0427813 -0.563615 0.298977 -0.0495789 -0.584111 0.311363 -0.0329521 -0.578069 
0.268885 -0.0492576 -0.561897 0.239088 -0.0557339 -0.560179 0.209292 -0.0622102 -0.55846 
0.179495 -0.0686866 -0.556742 0.149699 -0.0751629 -0.555024 0.119902 -0.0816392 -0.553306 
0.0904011 -0.094913 -0.572083 0.0901055 -0.0881155 -0.551588 0.0603089 -0.0945918 -0.54987 
0.0606045 -0.101389 -0.570365 0.0431941 -0.0912388 -0.562606 0.323454 -0.00952785 -0.551532 
0.323749 -0.0163254 -0.572028 0.336136 0.000301382 -0.565986 0.293657 -0.0160042 -0.549814 
0.263861 -0.0224805 -0.548096 0.234064 -0.0289568 -0.546378 0.204268 -0.0354331 -0.544659 
0.174471 -0.0419094 -0.542941 0.144674 -0.0483857 -0.541223 0.114878 -0.054862 -0.539505 
0.0850813 -0.0613383 -0.537787 0.0552847 -0.0678146 -0.536069 0.0257837 -0.0810884 -0.554846 
0.0254881 -0.0742909 -0.53435 0.00837334 -0.0709379 -0.547086 0.318725 0.0104518 -0.558227 
0.301315 0.0206023 -0.550467 0.288633 0.010773 -0.536013 0.258836 0.00429674 -0.534295 
0.22904 -0.00217957 -0.532576 0.199243 -0.00865587 -0.530858 0.13965 -0.0216085 -0.527422 
0.109854 -0.0280848 -0.525704 0.080057 -0.0345611 -0.523986 -0.00933266 -0.05399 -0.518831 
-0.00903705 -0.0607875 -0.539327 -0.0391292 -0.0604663 -0.517113 -0.0388336 -0.0672638 -0.537609 
-0.056244 -0.0571134 -0.529849 0.283609 0.0375502 -0.522212 0.29629 0.0473795 -0.536666 
-0.0441534 -0.0336891 -0.503312 -0.0736544 -0.0469629 -0.522089 -0.07395 -0.0401654 -0.501594 
-0.0910648 -0.0368125 -0.51433 0.278585 0.0643274 -0.508411 0.291266 0.0741566 -0.522865 
-0.108771 -0.0198645 -0.486075 -0.108475 -0.026662 -0.50657 -0.138567 -0.0263408 -0.484356 
-0.138272 -0.0331383 -0.504852 -0.155682 -0.0229879 -0.497092 0.273856 0.0843071 -0.515105 
0.256445 0.0944575 -0.507346 -0.173093 -0.0128374 -0.489333 -0.190503 -0.00268701 -0.481573 
0.251421 0.121235 -0.493545 -0.207913 0.00746344 -0.473814 -0.225324 0.0176139 -0.466054 
0.234011 0.131385 -0.485785 0.233715 0.138183 -0.465289 0.204214 0.124909 -0.484067 
0.203919 0.131706 -0.463571 0.186804 0.135059 -0.476307 -0.24303 0.0345618 -0.437799 
-0.230348 0.0443911 -0.452253 0.169394 0.14521 -0.468548 0.139597 0.138733 -0.46683 
0.139301 0.145531 -0.446334 0.1098 0.132257 -0.465111 0.109505 0.139055 -0.444616 
0.0800038 0.125781 -0.463393 0.0797082 0.132578 -0.442898 0.0502073 0.119305 -0.461675 
0.0499117 0.126102 -0.441179 0.0327969 0.129455 -0.453915 -0.247758 0.0545415 -0.444493 
-0.265169 0.064692 -0.436734 0.0153865 0.139605 -0.446156 0.0150909 0.146403 -0.42566 
-0.00202393 0.149756 -0.438396 -0.282579 0.0748424 -0.428974 -0.282875 0.0816399 -0.408479 
-0.29999 0.0849928 -0.421215 -0.0194343 0.159906 -0.430637 -0.0368447 0.170057 -0.422877 
-0.10912 0.147275 -0.404986 -0.0964378 0.157104 -0.419441 -0.108824 0.140477 -0.425482 
-0.126234 0.150628 -0.417722 -0.168713 0.134322 -0.40155 -0.156031 0.144152 -0.416004 
-0.168417 0.127525 -0.422046 -0.198214 0.121048 -0.420328 -0.198509 0.127846 -0.399832 
-0.22801 0.114572 -0.418609 -0.228306 0.12137 -0.398114 -0.257807 0.108096 -0.416891 
-0.258102 0.114893 -0.396396 -0.287603 0.10162 -0.415173 -0.287899 0.108417 -0.394677 
-0.0542551 0.180207 -0.415117 -0.0840517 0.173731 -0.413399 -0.143645 0.160778 -0.409963 
-0.14394 0.167576 -0.389467 0.269476 -0.0628527 -0.602888 0.23968 -0.069329 -0.60117 
0.222565 -0.065976 -0.613906 0.210179 -0.0826028 -0.619947 0.180382 -0.0890791 -0.618229 
0.150585 -0.0955554 -0.616511 0.120789 -0.102032 -0.614793 0.0906967 -0.10171 -0.592579 
0.0909923 -0.108508 -0.613075 0.0735819 -0.0983576 -0.605315 0.294248 -0.0295992 -0.590805 
0.264452 -0.0360755 -0.589087 0.234655 -0.0425518 -0.587369 0.21754 -0.0391989 -0.600105 
0.0561715 -0.0882071 -0.597555 0.0260793 -0.0878859 -0.575342 0.0263749 -0.0946834 -0.595837 
0.00896455 -0.084533 -0.588078 0.319021 0.00365431 -0.578722 0.289224 -0.00282199 -0.577004 
0.272109 0.000530936 -0.58974 0.259723 -0.0160958 -0.595782 0.229927 -0.0225721 -0.594063 
-0.00874145 -0.067585 -0.559822 -0.00844585 -0.0743825 -0.580318 -0.038538 -0.0740613 -0.558104 
-0.0382424 -0.0808588 -0.5786 -0.0556528 -0.0707084 -0.57084 0.284496 0.0171577 -0.583699 
0.296882 0.0337844 -0.577657 -0.0733588 -0.0537604 -0.542585 -0.0730632 -0.060558 -0.563081 
-0.0904736 -0.0504075 -0.555321 0.291857 0.0605616 -0.563856 -0.10818 -0.0334595 -0.527066 
-0.107884 -0.0402571 -0.547562 -0.137976 -0.0399358 -0.525348 -0.137681 -0.0467334 -0.545843 
-0.155091 -0.0365829 -0.538084 0.274447 0.0707121 -0.556097 0.274151 0.0775096 -0.535601 
0.257037 0.0808625 -0.548337 -0.160115 -0.00980573 -0.524283 0.239626 0.0910129 -0.540577 
0.239331 0.0978105 -0.520082 0.222216 0.101163 -0.532818 -0.177526 0.00034471 -0.516523 
-0.194936 0.0104952 -0.508763 0.234306 0.124588 -0.506281 0.204805 0.111314 -0.525058 
0.20451 0.118111 -0.504562 0.175009 0.104838 -0.52334 0.174713 0.111635 -0.502844 
0.145212 0.0983612 -0.521622 0.144917 0.105159 -0.501126 0.127802 0.108512 -0.513862 
-0.212642 0.0274431 -0.480508 -0.19996 0.0372723 -0.494962 0.169689 0.138412 -0.489043 
0.139893 0.131936 -0.487325 0.110392 0.118662 -0.506103 0.110096 0.12546 -0.485607 
0.080595 0.112186 -0.504384 0.0802994 0.118983 -0.483889 0.0631846 0.122336 -0.496625 
-0.217371 0.0474228 -0.487203 -0.234781 0.0575732 -0.479443 0.0457742 0.132487 -0.488865 
0.0159777 0.12601 -0.487147 0.0156821 0.132808 -0.466651 -0.00143272 0.136161 -0.479387 
-0.252191 0.0677237 -0.471684 -0.269602 0.0778741 -0.463924 -0.0188431 0.146311 -0.471628 
-0.0191387 0.153109 -0.451132 -0.0362535 0.156462 -0.463868 -0.168122 0.120727 -0.442541 
-0.15544 0.130557 -0.456996 -0.167826 0.11393 -0.463037 -0.197622 0.107453 -0.461319 
-0.197918 0.114251 -0.440823 -0.227419 0.100977 -0.459601 -0.227715 0.107775 -0.439105 
-0.257216 0.0945009 -0.457883 -0.257511 0.101298 -0.437387 -0.287308 0.0948221 -0.435669 
-0.0536639 0.166612 -0.456109 -0.0539595 0.17341 -0.435613 -0.0834605 0.160136 -0.45439 
-0.0837561 0.166933 -0.433895 -0.113257 0.15366 -0.452672 -0.143054 0.147183 -0.450954 
-0.143349 0.153981 -0.430459 0.20545 -0.0626231 -0.626642 0.188335 -0.0592702 -0.639378 
0.175949 -0.0758969 -0.645419 0.146152 -0.0823732 -0.643701 0.116356 -0.0888495 -0.641983 
0.0865593 -0.0953258 -0.640265 0.0691489 -0.0851754 -0.632505 0.200426 -0.0358459 -0.612841 
0.183311 -0.032493 -0.625577 0.0517385 -0.075025 -0.624746 0.0219419 -0.0815013 -0.623028 
-0.00815025 -0.0811801 -0.600814 -0.00785464 -0.0879776 -0.621309 -0.0379468 -0.0876563 -0.599096 
-0.0376512 -0.0944539 -0.619591 -0.0550616 -0.0843034 -0.611832 0.254995 0.00388386 -0.602476 
0.225198 -0.00259244 -0.600758 0.195401 -0.00906874 -0.59904 0.178287 -0.00571581 -0.611776 
-0.0727676 -0.0673555 -0.583576 -0.072472 -0.074153 -0.604072 -0.0898824 -0.0640025 -0.596312 
0.279767 0.0371374 -0.590393 0.24997 0.0306611 -0.588675 0.220174 0.0241848 -0.586957 
0.190377 0.0177084 -0.585239 0.173262 0.0210614 -0.597975 -0.107588 -0.0470546 -0.568057 
-0.107293 -0.0538521 -0.588553 -0.124703 -0.0437016 -0.580793 0.274743 0.0639145 -0.576592 
0.244946 0.0574382 -0.574874 0.227831 0.0607912 -0.58761 0.215445 0.0441644 -0.593652 
0.185353 0.0444856 -0.571438 0.198035 0.0543149 -0.585892 0.155852 0.0312118 -0.590215 
0.155556 0.0380093 -0.56972 0.138442 0.0413623 -0.582456 -0.142114 -0.0335512 -0.573034 
-0.159524 -0.0234008 -0.565274 0.239922 0.0842154 -0.561073 0.210421 0.0709416 -0.57985 
0.210125 0.0777391 -0.559355 0.180329 0.0712628 -0.557637 0.150532 0.0647865 -0.555919 
0.121031 0.0515127 -0.574696 0.120736 0.0583102 -0.5542 0.103621 0.0616632 -0.566936 
-0.164548 0.00337643 -0.551473 0.205101 0.104516 -0.545554 0.175305 0.09804 -0.543836 
0.145508 0.0915637 -0.542117 0.115711 0.0850874 -0.540399 0.0985966 0.0884403 -0.553135 
-0.181959 0.0135269 -0.543713 -0.199369 0.0236773 -0.535954 0.110687 0.111865 -0.526598 
0.0811862 0.0985908 -0.545376 0.0808906 0.105388 -0.52488 0.0637758 0.108741 -0.537616 
-0.204393 0.0504545 -0.522153 0.0463654 0.118892 -0.529857 0.0460698 0.125689 -0.509361 
0.0165689 0.112415 -0.528138 0.0162733 0.119213 -0.507643 -0.000841519 0.122566 -0.520379 
-0.222099 0.0674025 -0.493897 -0.209417 0.0772317 -0.508352 -0.0182519 0.132716 -0.512619 
-0.0185475 0.139514 -0.492124 -0.0356623 0.142867 -0.50486 -0.226828 0.0873821 -0.500592 
-0.25692 0.0877033 -0.478378 -0.244238 0.0975326 -0.492832 -0.0406865 0.169644 -0.491058 
-0.142758 0.140386 -0.47145 -0.130076 0.150215 -0.485904 -0.142462 0.133588 -0.491945 
-0.172259 0.127112 -0.490227 -0.202056 0.120636 -0.488509 -0.231852 0.114159 -0.486791 
-0.0580969 0.179794 -0.483299 -0.0878935 0.173318 -0.481581 -0.11769 0.166842 -0.479863 
0.17122 -0.0559173 -0.652114 0.141424 -0.0623936 -0.650396 0.111627 -0.0688699 -0.648678 
0.0818306 -0.0753462 -0.646959 0.0520341 -0.0818225 -0.645241 0.0523297 -0.08862 -0.665737 
0.0647159 -0.0719932 -0.659696 0.0222375 -0.0882988 -0.643523 0.0225331 -0.0950963 -0.664019 
0.00512273 -0.0849459 -0.656259 0.166196 -0.0291401 -0.638313 0.149081 -0.0257871 -0.651049 
0.136695 -0.0424139 -0.65709 0.106899 -0.0488902 -0.655372 0.077102 -0.0553665 -0.653654 
-0.0122877 -0.0747954 -0.6485 -0.0423798 -0.0744742 -0.626286 -0.0296981 -0.064645 -0.64074 
0.161172 -0.00236288 -0.624512 0.144057 0.000990044 -0.637248 -0.0471085 -0.0544945 -0.63298 
-0.0772006 -0.0541733 -0.610767 -0.0645189 -0.0443441 -0.625221 0.156148 0.0244143 -0.610711 
0.126647 0.0111405 -0.629488 0.126351 0.017938 -0.608993 0.109236 0.0212909 -0.621729 
-0.0819293 -0.0341936 -0.617461 -0.112021 -0.0338724 -0.595247 -0.0993396 -0.0240432 -0.609702 
0.210717 0.0641441 -0.600346 0.121327 0.0447152 -0.595192 0.0918259 0.0314414 -0.613969 
0.0915303 0.0382389 -0.593473 0.0744155 0.0415918 -0.60621 -0.11675 -0.0138927 -0.601942 
-0.146842 -0.0135715 -0.579728 -0.13416 -0.0037423 -0.594182 0.0865061 0.0650161 -0.579672 
0.0693913 0.068369 -0.592408 -0.151571 0.00640814 -0.586423 -0.168981 0.0165586 -0.578663 
0.0814818 0.0917933 -0.565871 0.064367 0.0951462 -0.578607 -0.186687 0.0335065 -0.550408 
-0.174005 0.0433358 -0.564862 0.0593428 0.121923 -0.564806 -0.191711 0.0602837 -0.536607 
-0.17903 0.070113 -0.551061 0.0419324 0.132074 -0.557047 0.0121359 0.125598 -0.555329 
-0.0176607 0.119121 -0.55361 -0.0179563 0.125919 -0.533115 -0.0350711 0.129272 -0.545851 
-0.196736 0.0870609 -0.522806 -0.184054 0.0968902 -0.53726 -0.0524815 0.139422 -0.538091 
-0.0527771 0.14622 -0.517596 -0.0822781 0.132946 -0.536373 -0.0825737 0.139743 -0.515877 
-0.0996885 0.143096 -0.528613 -0.142167 0.126791 -0.512441 -0.129485 0.13662 -0.526895 
-0.141871 0.119993 -0.532937 -0.171668 0.113517 -0.531219 -0.171963 0.120314 -0.510723 
-0.189078 0.123667 -0.523459 -0.201464 0.107041 -0.5295 -0.231556 0.107362 -0.507287 
-0.218875 0.117191 -0.521741 -0.0578013 0.172997 -0.503795 -0.0875979 0.166521 -0.502076 
-0.117099 0.153247 -0.520854 -0.117394 0.160044 -0.500358 -0.206489 0.133818 -0.515699 
0.0476011 -0.0686403 -0.672432 0.0178045 -0.0751166 -0.670713 0.131967 -0.0224342 -0.663785 
0.10217 -0.0289105 -0.662067 0.0723734 -0.0353868 -0.660349 0.0425768 -0.0418631 -0.658631 
0.0127803 -0.0483394 -0.656912 -0.0170163 -0.0548157 -0.655194 0.126942 0.00434297 -0.649984 
0.0971457 -0.00213333 -0.648266 0.0673492 -0.00860963 -0.646548 0.0502344 -0.0052567 -0.659284 
0.0378482 -0.0218835 -0.665325 0.00805164 -0.0283598 -0.663607 -0.0217449 -0.0348361 -0.661889 
-0.0518371 -0.0345148 -0.639675 -0.0391553 -0.0246856 -0.654129 0.0921215 0.0246439 -0.634465 
0.0623249 0.0181676 -0.632747 0.0452101 0.0215205 -0.645483 -0.0565657 -0.0145352 -0.64637 
-0.0866579 -0.014214 -0.624156 -0.0739761 -0.00438473 -0.63861 0.0573007 0.0449447 -0.618946 
0.0401859 0.0482977 -0.631682 -0.0913865 0.00576572 -0.63085 -0.121479 0.00608693 -0.608637 
-0.108797 0.0159162 -0.623091 0.0522765 0.0717219 -0.605145 0.0351617 0.0750749 -0.617881 
-0.126503 0.0328641 -0.594836 -0.113821 0.0426934 -0.60929 -0.156299 0.0263878 -0.593117 
0.0472522 0.0984991 -0.591343 0.0301375 0.101852 -0.604079 -0.131232 0.0528438 -0.60153 
-0.161324 0.053165 -0.579316 -0.148642 0.0629942 -0.593771 0.042228 0.125276 -0.577542 
0.0127271 0.112002 -0.59632 0.0124315 0.1188 -0.575824 -0.00468334 0.122153 -0.58856 
-0.166348 0.0799422 -0.565515 -0.153666 0.0897714 -0.579969 -0.0220937 0.132303 -0.580801 
-0.0518903 0.125827 -0.579082 -0.0521859 0.132625 -0.558587 -0.0816869 0.119351 -0.577364 
-0.0819825 0.126148 -0.556869 -0.0990973 0.129501 -0.569605 -0.171077 0.0999219 -0.57221 
-0.188487 0.110072 -0.56445 -0.116508 0.139652 -0.561845 -0.116803 0.146449 -0.541349 
-0.146304 0.133175 -0.560127 -0.176101 0.126699 -0.558409 -0.206193 0.12702 -0.536195 
0.0331196 -0.00190378 -0.67202 0.00332302 -0.00838008 -0.670302 -0.0264735 -0.0148564 -0.668583 
0.0280953 0.0248734 -0.658219 0.0109806 0.0282263 -0.670955 -0.00140561 0.0115996 -0.676996 
-0.0312022 0.00512329 -0.675278 -0.0612943 0.0054445 -0.653064 -0.0486126 0.0152737 -0.667518 
0.0230711 0.0516506 -0.644418 0.00595633 0.0550035 -0.657154 -0.0663186 0.0322217 -0.639263 
-0.0536368 0.0420509 -0.653717 -0.0961151 0.0257454 -0.637545 0.0180469 0.0784278 -0.630617 
-0.0114541 0.065154 -0.649394 -0.0117497 0.0719515 -0.628898 -0.0288645 0.0753044 -0.641634 
-0.0710472 0.0522014 -0.645958 -0.101139 0.0525226 -0.623744 -0.0884576 0.0623518 -0.638198 
0.0130227 0.105205 -0.616816 -0.0167739 0.0987287 -0.615097 -0.0462749 0.0854549 -0.633875 
-0.0465705 0.0922524 -0.613379 -0.0636853 0.0956053 -0.626115 -0.106164 0.0792998 -0.609943 
-0.0934818 0.089129 -0.624397 -0.13596 0.0728235 -0.608225 -0.0217981 0.125506 -0.601296 
-0.0515947 0.11903 -0.599578 -0.0810957 0.105756 -0.618356 -0.0813913 0.112553 -0.59786 
-0.098506 0.115906 -0.610596 -0.110892 0.0992794 -0.616637 -0.140984 0.0996007 -0.594424 
-0.128303 0.10943 -0.608878 -0.115916 0.126057 -0.602836 -0.116212 0.132854 -0.582341 
-0.146009 0.126378 -0.580623 -0.175805 0.119902 -0.578904 -0.00613424 0.0315793 -0.683691 
-0.0359308 0.025103 -0.681973 -0.0111585 0.0583565 -0.66989 -0.040955 0.0518802 -0.668172 
-0.0459793 0.0786573 -0.65437 -0.0757758 0.072181 -0.652652 -0.0808 0.0989582 -0.638851 
-0.115621 0.119259 -0.623332 
POLYGONS 6197 18588
OFFSETS vtktypeint64
0 3 6 9 12 15 18 21 24 
27 30 33 36 39 42 45 48 51 
54 57 60 63 66 69 72 75 78 
81 84 87 90 93 96 99 102 105 
108 111 114 117 120 123 126 129 132 
135 138 141 144 147 150 153 156 159 
162 165 168 171 174 177 180 183 186 
189 192 195 198 201 204 207 210 213 
216 219 222 225 228 231 234 237 240 
243 246 249 252 255 258 261 264 267 
270 273 276 279 282 285 288 291 294 
297 300 303 306 309 312 315 318 321 
324 327 330 333 336 339 342 345 348 
351 354 357 360 363 366 369 372 375 
378 381 384 387 390 393 396 399 402 
405 408 411 414 417 420 423 426 429 
432 435 438 441 444 447 450 453 456 
459 462 465 468 471 474 477 480 483 
486 489 492 495 498 501 504 507 510 
513 516 519 522 525 528 531 534 537 
540 543 546 549 552 555 558 561 564 
567 570 573 576 579 582 585 588 591 
594 597 600 603 606 609 612 615 618 
621 624 627 630 633 636 639 642 645 
648 651 654 657 660 663 666 669 672 
675 678 681 684 687 690 693 696 699 
702 705 708 711 714 717 720 723 726 
729 732 735 738 741 744 747 750 753 
756 759 762 765 768 771 774 777 780 
783 786 789 792 795 798 801 804 807 
810 813 816 819 822 825 828 831 834 
837 840 843 846 849 852 855 858 861 
864 867 870 873 876 879 882 885 888 
891 894 897 900 903 906 909 912 915 
918 921 924 927 930 933 936 939 942 
945 948 951 954 957 960 963 966 969 
972 975 978 981 984 987 990 993 996 
999 1002 1005 1008 1011 1014 1017 1020 1023 
1026 1029 1032 1035 1038 1041 1044 1047 1050 
1053 1056 1059 1062 1065 1068 1071 1074 1077 
1080 1083 1086 1089 1092 1095 1098 1101 1104 
1107 1110 1113 1116 1119 1122 1125 1128 1131 
1134 1137 1140 1143 1146 1149 1152 1155 1158 
1161 1164 1167 1170 1173 1176 1179 1182 1185 
1188 1191 1194 1197 1200 1203 1206 1209 1212 
1215 1218 1221 1224 1227 1230 1233 1236 1239 
1242 1245 1248 1251 1254 1257 1260 1263 1266 
1269 1272 1275 1278 1281 1284 1287 1290 1293 
1296 1299 1302 1305 1308 1311 1314 1317 1320 
1323 1326 1329 1332 1335 1338 1341 1344 1347 
1350 1353 1356 1359 1362 1365 1368 1371 1374 
1377 1380 1383 1386 1389 1392 1395 1398 1401 
1404 1407 1410 1413 1416 1419 1422 1425 1428 
1431 1434 1437 1440 1443 1446 1449 1452 1455 
1458 1461 1464 1467 1470 1473 1476 1479 1482 
1485 1488 1491 1494 1497 1500 1503 1506 1509 
1512 1515 1518 1521 1524 1527 1530 1533 1536 
1539 1542 1545 1548 1551 1554 1557 1560 1563 
1566 1569 1572 1575 1578 1581 1584 1587 1590 
1593 1596 1599 1602 1605 1608 1611 1614 1617 
1620 1623 1626 1629 1632 1635 1638 1641 1644 
1647 1650 1653 1656 1659 1662 1665 1668 1671 
1674 1677 1680 1683 1686 1689 1692 1695 1698 
1701 1704 1707 1710 1713 1716 1719 1722 1725 
1728 1731 1734 1737 1740 1743 1746 1749 1752 
1755 1758 1761 1764 1767 1770 1773 1776 1779 
1782 1785 1788 1791 1794 1797 1800 1803 1806 
1809 1812 1815 1818 1821 1824 1827 1830 1833 
1836 1839 1842 1845 1848 1851 1854 1857 1860 
1863 1866 1869 1872 1875 1878 1881 1884 1887 
1890 1893 1896 1899 1902 1905 1908 1911 1914 
1917 1920 1923 1926 1929 1932 1935 1938 1941 
1944 1947 1950 1953 1956 1959 1962 1965 1968 
1971 1974 1977 1980 1983 1986 1989 1992 1995 
1998 2001 2004 2007 2010 2013 2016 2019 2022 
2025 2028 2031 2034 2037 2040 2043 2046 2049 
2052 2055 2058 2061 2064 2067 2070 2073 2076 
2079 2082 2085 2088 2091 2094 2097 2100 2103 
2106 2109 2112 2115 2118 2121 2124 2127 2130 
2133 2136 2139 2142 2145 2148 2151 2154 2157 
2160 2163 2166 2169 2172 2175 2178 2181 2184 
2187 2190 2193 2196 2199 2202 2205 2208 2211 
2214 2217 2220 2223 2226 2229 2232 2235 2238 
2241 2244 2247 2250 2253 2256 2259 2262 2265 
2268 2271 2274 2277 2280 2283 2286 2289 2292 
2295 2298 2301 2304 2307 2310 2313 2316 2319 
2322 2325 2328 2331 2334 2337 2340 2343 2346 
2349 2352 2355 2358 2361 2364 2367 2370 2373 
2376 2379 2382 2385 2388 2391 2394 2397 2400 
2403 2406 2409 2412 2415 2418 2421 2424 2427 
2430 2433 2436 2439 2442 2445 2448 2451 2454 
2457 2460 2463 2466 2469 2472 2475 2478 2481 
2484 2487 2490 2493 2496 2499 2502 2505 2508 
2511 2514 2517 2520 2523 2526 2529 2532 2535 
2538 2541 2544 2547 2550 2553 2556 2559 2562 
2565 2568 2571 2574 2577 2580 2583 2586 2589 
2592 2595 2598 2601 2604 2607 2610 2613 2616 
2619 2622 2625 2628 2631 2634 2637 2640 2643 
2646 2649 2652 2655 2658 2661 2664 2667 2670 
2673 2676 2679 2682 2685 2688 2691 2694 2697 
2700 2703 2706 2709 2712 2715 2718 2721 2724 
2727 2730 2733 2736 2739 2742 2745 2748 2751 
2754 2757 2760 2763 2766 2769 2772 2775 2778 
2781 2784 2787 2790 2793 2796 2799 2802 2805 
2808 2811 2814 2817 2820 2823 2826 2829 2832 
2835 2838 2841 2844 2847 2850 2853 2856 2859 
2862 2865 2868 2871 2874 2877 2880 2883 2886 
2889 2892 2895 2898 2901 2904 2907 2910 2913 
2916 2919 2922 2925 2928 2931 2934 2937 2940 
2943 2946 2949 2952 2955 2958 2961 2964 2967 
2970 2973 2976 2979 2982 2985 2988 2991 2994 
2997 3000 3003 3006 3009 3012 3015 3018 3021 
3024 3027 3030 3033 3036 3039 3042 3045 3048 
3051 3054 3057 3060 3063 3066 3069 3072 3075 
3078 3081 3084 3087 3090 3093 3096 3099 3102 
3105 3108 3111 3114 3117 3120 3123 3126 3129 
3132 3135 3138 3141 3144 3147 3150 3153 3156 
3159 3162 3165 3168 3171 3174 3177 3180 3183 
3186 3189 3192 3195 3198 3201 3204 3207 3210 
3213 3216 3219 3222 3225 3228 3231 3234 3237 
3240 3243 3246 3249 3252 3255 3258 3261 3264 
3267 3270 3273 3276 3279 3282 3285 3288 3291 
3294 3297 3300 3303 3306 3309 3312 3315 3318 
3321 3324 3327 3330 3333 3336 3339 3342 3345 
3348 3351 3354 3357 3360 3363 3366 3369 3372 
3375 3378 3381 3384 3387 3390 3393 3396 3399 
3402 3405 3408 3411 3414 3417 3420 3423 3426 
3429 3432 3435 3438 3441 3444 3447 3450 3453 
3456 3459 3462 3465 3468 3471 3474 3477 3480 
3483 3486 3489 3492 3495 3498 3501 3504 3507 
3510 3513 3516 3519 3522 3525 3528 3531 3534 
3537 3540 3543 3546 3549 3552 3555 3558 3561 
3564 3567 3570 3573 3576 3579 3582 3585 3588 
3591 3594 3597 3600 3603 3606 3609 3612 3615 
3618 3621 3624 3627 3630 3633 3636 3639 3642 
3645 3648 3651 3654 3657 3660 3663 3666 3669 
3672 3675 3678 3681 3684 3687 3690 3693 3696 
3699 3702 3705 3708 3711 3714 3717 3720 3723 
3726 3729 3732 3735 3738 3741 3744 3747 3750 
3753 3756 3759 3762 3765 3768 3771 3774 3777 
3780 3783 3786 3789 3792 3795 3798 3801 3804 
3807 3810 3813 3816 3819 3822 3825 3828 3831 
3834 3837 3840 3843 3846 3849 3852 3855 3858 
3861 3864 3867 3870 3873 3876 3879 3882 3885 
3888 3891 3894 3897 3900 3903 3906 3909 3912 
3915 3918 3921 3924 3927 3930 3933 3936 3939 
3942 3945 3948 3951 3954 3957 3960 3963 3966 
3969 3972 3975 3978 3981 3984 3987 3990 3993 
3996 3999 4002 4005 4008 4011 4014 4017 4020 
4023 4026 4029 4032 4035 4038 4041 4044 4047 
4050 4053 4056 4059 4062 4065 4068 4071 4074 
4077 4080 4083 4086 4089 4092 4095 4098 4101 
4104 4107 4110 4113 4116 4119 4122 4125 4128 
4131 4134 4137 4140 4143 4146 4149 4152 4155 
4158 4161 4164 4167 4170 4173 4176 4179 4182 
4185 4188 4191 4194 4197 4200 4203 4206 4209 
4212 4215 4218 4221 4224 4227 4230 4233 4236 
4239 4242 4245 4248 4251 4254 4257 4260 4263 
4266 4269 4272 4275 4278 4281 4284 4287 4290 
4293 4296 4299 4302 4305 4308 4311 4314 4317 
4320 4323 4326 4329 4332 4335 4338 4341 4344 
4347 4350 4353 4356 4359 4362 4365 4368 4371 
4374 4377 4380 4383 4386 4389 4392 4395 4398 
4401 4404 4407 4410 4413 4416 4419 4422 4425 
4428 4431 4434 4437 4440 4443 4446 4449 4452 
4455 4458 4461 4464 4467 4470 4473 4476 4479 
4482 4485 4488 4491 4494 4497 4500 4503 4506 
4509 4512 4515 4518 4521 4524 4527 4530 4533 
4536 4539 4542 4545 4548 4551 4554 4557 4560 
4563 4566 4569 4572 4575 4578 4581 4584 4587 
4590 4593 4596 4599 4602 4605 4608 4611 4614 
4617 4620 4623 4626 4629 4632 4635 4638 4641 
4644 4647 4650 4653 4656 4659 4662 4665 4668 
4671 4674 4677 4680 4683 4686 4689 4692 4695 
4698 4701 4704 4707 4710 4713 4716 4719 4722 
4725 4728 4731 4734 4737 4740 4743 4746 4749 
4752 4755 4758 4761 4764 4767 4770 4773 4776 
4779 4782 4785 4788 4791 4794 4797 4800 4803 
4806 4809 4812 4815 4818 4821 4824 4827 4830 
4833 4836 4839 4842 4845 4848 4851 4854 4857 
4860 4863 4866 4869 4872 4875 4878 4881 4884 
4887 4890 4893 4896 4899 4902 4905 4908 4911 
4914 4917 4920 4923 4926 4929 4932 4935 4938 
4941 4944 4947 4950 4953 4956 4959 4962 4965 
4968 4971 4974 4977 4980 4983 4986 4989 4992 
4995 4998 5001 5004 5007 5010 5013 5016 5019 
5022 5025 5028 5031 5034 5037 5040 5043 5046 
5049 5052 5055 5058 5061 5064 5067 5070 5073 
5076 5079 5082 5085 5088 5091 5094 5097 5100 
5103 5106 5109 5112 5115 5118 5121 5124 5127 
5130 5133 5136 5139 5142 5145 5148 5151 5154 
5157 5160 5163 5166 5169 5172 5175 5178 5181 
5184 5187 5190 5193 5196 5199 5202 5205 5208 
5211 5214 5217 5220 5223 5226 5229 5232 5235 
5238 5241 5244 5247 5250 5253 5256 5259 5262 
5265 5268 5271 5274 5277 5280 5283 5286 5289 
5292 5295 5298 5301 5304 5307 5310 5313 5316 
5319 5322 5325 5328 5331 5334 5337 5340 5343 
5346 5349 5352 5355 5358 5361 5364 5367 5370 
5373 5376 5379 5382 5385 5388 5391 5394 5397 
5400 5403 5406 5409 5412 5415 5418 5421 5424 
5427 5430 5433 5436 5439 5442 5445 5448 5451 
5454 5457 5460 5463 5466 5469 5472 5475 5478 
5481 5484 5487 5490 5493 5496 5499 5502 5505 
5508 5511 5514 5517 5520 5523 5526 5529 5532 
5535 5538 5541 5544 5547 5550 5553 5556 5559 
5562 5565 5568 5571 5574 5577 5580 5583 5586 
5589 5592 5595 5598 5601 5604 5607 5610 5613 
5616 5619 5622 5625 5628 5631 5634 5637 5640 
5643 5646 5649 5652 5655 5658 5661 5664 5667 
5670 5673 5676 5679 5682 5685 5688 5691 5694 
5697 5700 5703 5706 5709 5712 5715 5718 5721 
5724 5727 5730 5733 5736 5739 5742 5745 5748 
5751 5754 5757 5760 5763 5766 5769 5772 5775 
5778 5781 5784 5787 5790 5793 5796 5799 5802 
5805 5808 5811 5814 5817 5820 5823 5826 5829 
5832 5835 5838 5841 5844 5847 5850 5853 5856 
5859 5862 5865 5868 5871 5874 5877 5880 5883 
5886 5889 5892 5895 5898 5901 5904 5907 5910 
5913 5916 5919 5922 5925 5928 5931 5934 5937 
5940 5943 5946 5949 5952 5955 5958 5961 5964 
5967 5970 5973 5976 5979 5982 5985 5988 5991 
5994 5997 6000 6003 6006 6009 6012 6015 6018 
6021 6024 6027 6030 6033 6036 6039 6042 6045 
6048 6051 6054 6057 6060 6063 6066 6069 6072 
6075 6078 6081 6084 6087 6090 6093 6096 6099 
6102 6105 6108 6111 6114 6117 6120 6123 6126 
6129 6132 6135 6138 6141 6144 6147 6150 6153 
6156 6159 6162 6165 6168 6171 6174 6177 6180 
6183 6186 6189 6192 6195 6198 6201 6204 6207 
6210 6213 6216 6219 6222 6225 6228 6231 6234 
6237 6240 6243 6246 6249 6252 6255 6258 6261 
6264 6267 6270 6273 6276 6279 6282 6285 6288 
6291 6294 6297 6300 6303 6306 6309 6312 6315 
6318 6321 6324 6327 6330 6333 6336 6339 6342 
6345 6348 6351 6354 6357 6360 6363 6366 6369 
6372 6375 6378 6381 6384 6387 6390 6393 6396 
6399 6402 6405 6408 6411 6414 6417 6420 6423 
6426 6429 6432 6435 6438 6441 6444 6447 6450 
6453 6456 6459 6462 6465 6468 6471 6474 6477 
6480 6483 6486 6489 6492 6495 6498 6501 6504 
6507 6510 6513 6516 6519 6522 6525 6528 6531 
6534 6537 6540 6543 6546 6549 6552 6555 6558 
6561 6564 6567 6570 6573 6576 6579 6582 6585 
6588 6591 6594 6597 6600 6603 6606 6609 6612 
6615 6618 6621 6624 6627 6630 6633 6636 6639 
6642 6645 6648 6651 6654 6657 6660 6663 6666 
6669 6672 6675 6678 6681 6684 6687 6690 6693 
6696 6699 6702 6705 6708 6711 6714 6717 6720 
6723 6726 6729 6732 6735 6738 6741 6744 6747 
6750 6753 6756 6759 6762 6765 6768 6771 6774 
6777 6780 6783 6786 6789 6792 6795 6798 6801 
6804 6807 6810 6813 6816 6819 6822 6825 6828 
6831 6834 6837 6840 6843 6846 6849 6852 6855 
6858 6861 6864 6867 6870 6873 6876 6879 6882 
6885 6888 6891 6894 6897 6900 6903 6906 6909 
6912 6915 6918 6921 6924 6927 6930 6933 6936 
6939 6942 6945 6948 6951 6954 6957 6960 6963 
6966 6969 6972 6975 6978 6981 6984 6987 6990 
6993 6996 6999 7002 7005 7008 7011 7014 7017 
7020 7023 7026 7029 7032 7035 7038 7041 7044 
7047 7050 7053 7056 7059 7062 7065 7068 7071 
7074 7077 7080 7083 7086 7089 7092 7095 7098 
7101 7104 7107 7110 7113 7116 7119 7122 7125 
7128 7131 7134 7137 7140 7143 7146 7149 7152 
7155 7158 7161 7164 7167 7170 7173 7176 7179 
7182 7185 7188 7191 7194 7197 7200 7203 7206 
7209 7212 7215 7218 7221 7224 7227 7230 7233 
7236 7239 7242 7245 7248 7251 7254 7257 7260 
7263 7266 7269 7272 7275 7278 7281 7284 7287 
7290 7293 7296 7299 7302 7305 7308 7311 7314 
7317 7320 7323 7326 7329 7332 7335 7338 7341 
7344 7347 7350 7353 7356 7359 7362 7365 7368 
7371 7374 7377 7380 7383 7386 7389 7392 7395 
7398 7401 7404 7407 7410 7413 7416 7419 7422 
7425 7428 7431 7434 7437 7440 7443 7446 7449 
7452 7455 7458 7461 7464 7467 7470 7473 7476 
7479 7482 7485 7488 7491 7494 7497 7500 7503 
7506 7509 7512 7515 7518 7521 7524 7527 7530 
7533 7536 7539 7542 7545 7548 7551 7554 7557 
7560 7563 7566 7569 7572 7575 7578 7581 7584 
7587 7590 7593 7596 7599 7602 7605 7608 7611 
7614 7617 7620 7623 7626 7629 7632 7635 7638 
7641 7644 7647 7650 7653 7656 7659 7662 7665 
7668 7671 7674 7677 7680 7683 7686 7689 7692 
7695 7698 7701 7704 7707 7710 7713 7716 7719 
7722 7725 7728 7731 7734 7737 7740 7743 7746 
7749 7752 7755 7758 7761 7764 7767 7770 7773 
7776 7779 7782 7785 7788 7791 7794 7797 7800 
7803 7806 7809 7812 7815 7818 7821 7824 7827 
7830 7833 7836 7839 7842 7845 7848 7851 7854 
7857 7860 7863 7866 7869 7872 7875 7878 7881 
7884 7887 7890 7893 7896 7899 7902 7905 7908 
7911 7914 7917 7920 7923 7926 7929 7932 7935 
7938 7941 7944 7947 7950 7953 7956 7959 7962 
7965 7968 7971 7974 7977 7980 7983 7986 7989 
7992 7995 7998 8001 8004 8007 8010 8013 8016 
8019 8022 8025 8028 8031 8034 8037 8040 8043 
8046 8049 8052 8055 8058 8061 8064 8067 8070 
8073 8076 8079 8082 8085 8088 8091 8094 8097 
8100 8103 8106 8109 8112 8115 8118 8121 8124 
8127 8130 8133 8136 8139 8142 8145 8148 8151 
8154 8157 8160 8163 8166 8169 8172 8175 8178 
8181 8184 8187 8190 8193 8196 8199 8202 8205 
8208 8211 8214 8217 8220 8223 8226 8229 8232 
8235 8238 8241 8244 8247 8250 8253 8256 8259 
8262 8265 8268 8271 8274 8277 8280 8283 8286 
8289 8292 8295 8298 8301 8304 8307 8310 8313 
8316 8319 8322 8325 8328 8331 8334 8337 8340 
8343 8346 8349 8352 8355 8358 8361 8364 8367 
8370 8373 8376 8379 8382 8385 8388 8391 8394 
8397 8400 8403 8406 8409 8412 8415 8418 8421 
8424 8427 8430 8433 8436 8439 8442 8445 8448 
8451 8454 8457 8460 8463 8466 8469 8472 8475 
8478 8481 8484 8487 8490 8493 8496 8499 8502 
8505 8508 8511 8514 8517 8520 8523 8526 8529 
8532 8535 8538 8541 8544 8547 8550 8553 8556 
8559 8562 8565 8568 8571 8574 8577 8580 8583 
8586 8589 8592 8595 8598 8601 8604 8607 8610 
8613 8616 8619 8622 8625 8628 8631 8634 8637 
8640 8643 8646 8649 8652 8655 8658 8661 8664 
8667 8670 8673 8676 8679 8682 8685 8688 8691 
8694 8697 8700 8703 8706 8709 8712 8715 8718 
8721 8724 8727 8730 8733 8736 8739 8742 8745 
8748 8751 8754 8757 8760 8763 8766 8769 8772 
8775 8778 8781 8784 8787 8790 8793 8796 8799 
8802 8805 8808 8811 8814 8817 8820 8823 8826 
8829 8832 8835 8838 8841 8844 8847 8850 8853 
8856 8859 8862 8865 8868 8871 8874 8877 8880 
8883 8886 8889 8892 8895 8898 8901 8904 8907 
8910 8913 8916 8919 8922 8925 8928 8931 8934 
8937 8940 8943 8946 8949 8952 8955 8958 8961 
8964 8967 8970 8973 8976 8979 8982 8985 8988 
8991 8994 8997 9000 9003 9006 9009 9012 9015 
9018 9021 9024 9027 9030 9033 9036 9039 9042 
9045 9048 9051 9054 9057 9060 9063 9066 9069 
9072 9075 9078 9081 9084 9087 9090 9093 9096 
9099 9102 9105 9108 9111 9114 9117 9120 9123 
9126 9129 9132 9135 9138 9141 9144 9147 9150 
9153 9156 9159 9162 9165 9168 9171 9174 9177 
9180 9183 9186 9189 9192 9195 9198 9201 9204 
9207 9210 9213 9216 9219 9222 9225 9228 9231 
9234 9237 9240 9243 9246 9249 9252 9255 9258 
9261 9264 9267 9270 9273 9276 9279 9282 9285 
9288 9291 9294 9297 9300 9303 9306 9309 9312 
9315 9318 9321 9324 9327 9330 9333 9336 9339 
9342 9345 9348 9351 9354 9357 9360 9363 9366 
9369 9372 9375 9378 9381 9384 9387 9390 9393 
9396 9399 9402 9405 9408 9411 9414 9417 9420 
9423 9426 9429 9432 9435 9438 9441 9444 9447 
9450 9453 9456 9459 9462 9465 9468 9471 9474 
9477 9480 9483 9486 9489 9492 9495 9498 9501 
9504 9507 9510 9513 9516 9519 9522 9525 9528 
9531 9534 9537 9540 9543 9546 9549 9552 9555 
9558 9561 9564 9567 9570 9573 9576 9579 9582 
9585 9588 9591 9594 9597 9600 9603 9606 9609 
9612 9615 9618 9621 9624 9627 9630 9633 9636 
9639 9642 9645 9648 9651 9654 9657 9660 9663 
9666 9669 9672 9675 9678 9681 9684 9687 9690 
9693 9696 9699 9702 9705 9708 9711 9714 9717 
9720 9723 9726 9729 9732 9735 9738 9741 9744 
9747 9750 9753 9756 9759 9762 9765 9768 9771 
9774 9777 9780 9783 9786 9789 9792 9795 9798 
9801 9804 9807 9810 9813 9816 9819 9822 9825 
9828 9831 9834 9837 9840 9843 9846 9849 9852 
9855 9858 9861 9864 9867 9870 9873 9876 9879 
9882 9885 9888 9891 9894 9897 9900 9903 9906 
9909 9912 9915 9918 9921 9924 9927 9930 9933 
9936 9939 9942 9945 9948 9951 9954 9957 9960 
9963 9966 9969 9972 9975 9978 9981 9984 9987 
9990 9993 9996 9999 10002 10005 10008 10011 10014 
10017 10020 10023 10026 10029 10032 10035 10038 10041 
10044 10047 10050 10053 10056 10059 10062 10065 10068 
10071 10074 10077 10080 10083 10086 10089 10092 10095 
10098 10101 10104 10107 10110 10113 10116 10119 10122 
10125 10128 10131 10134 10137 10140 10143 10146 10149 
10152 10155 10158 10161 10164 10167 10170 10173 10176 
10179 10182 10185 10188 10191 10194 10197 10200 10203 
10206 10209 10212 10215 10218 10221 10224 10227 10230 
10233 10236 10239 10242 10245 10248 10251 10254 10257 
10260 10263 10266 10269 10272 10275 10278 10281 10284 
10287 10290 10293 10296 10299 10302 10305 10308 10311 
10314 10317 10320 10323 10326 10329 10332 10335 10338 
10341 10344 10347 10350 10353 10356 10359 10362 10365 
10368 10371 10374 10377 10380 10383 10386 10389 10392 
10395 10398 10401 10404 10407 10410 10413 10416 10419 
10422 10425 10428 10431 10434 10437 10440 10443 10446 
10449 10452 10455 10458 10461 10464 10467 10470 10473 
10476 10479 10482 10485 10488 10491 10494 10497 10500 
10503 10506 10509 10512 10515 10518 10521 10524 10527 
10530 10533 10536 10539 10542 10545 10548 10551 10554 
10557 10560 10563 10566 10569 10572 10575 10578 10581 
10584 10587 10590 10593 10596 10599 10602 10605 10608 
10611 10614 10617 10620 10623 10626 10629 10632 10635 
10638 10641 10644 10647 10650 10653 10656 10659 10662 
10665 10668 10671 10674 10677 10680 10683 10686 10689 
10692 10695 10698 10701 10704 10707 10710 10713 10716 
10719 10722 10725 10728 10731 10734 10737 10740 10743 
10746 10749 10752 10755 10758 10761 10764 10767 10770 
10773 10776 10779 10782 10785 10788 10791 10794 10797 
10800 10803 10806 10809 10812 10815 10818 10821 10824 
10827 10830 10833 10836 10839 10842 10845 10848 10851 
10854 10857 10860 10863 10866 10869 10872 10875 10878 
10881 10884 10887 10890 10893 10896 10899 10902 10905 
10908 10911 10914 10917 10920 10923 10926 10929 10932 
10935 10938 10941 10944 10947 10950 10953 10956 10959 
10962 10965 10968 10971 10974 10977 10980 10983 10986 
10989 10992 10995 10998 11001 11004 11007 11010 11013 
11016 11019 11022 11025 11028 11031 11034 11037 11040 
11043 11046 11049 11052 11055 11058 11061 11064 11067 
11070 11073 11076 11079 11082 11085 11088 11091 11094 
11097 11100 11103 11106 11109 11112 11115 11118 11121 
11124 11127 11130 11133 11136 11139 11142 11145 11148 
11151 11154 11157 11160 11163 11166 11169 11172 11175 
11178 11181 11184 11187 11190 11193 11196 11199 11202 
11205 11208 11211 11214 11217 11220 11223 11226 11229 
11232 11235 11238 11241 11244 11247 11250 11253 11256 
11259 11262 11265 11268 11271 11274 11277 11280 11283 
11286 11289 11292 11295 11298 11301 11304 11307 11310 
11313 11316 11319 11322 11325 11328 11331 11334 11337 
11340 11343 11346 11349 11352 11355 11358 11361 11364 
11367 11370 11373 11376 11379 11382 11385 11388 11391 
11394 11397 11400 11403 11406 11409 11412 11415 11418 
11421 11424 11427 11430 11433 11436 11439 11442 11445 
11448 11451 11454 11457 11460 11463 11466 11469 11472 
11475 11478 11481 11484 11487 11490 11493 11496 11499 
11502 11505 11508 11511 11514 11517 11520 11523 11526 
11529 11532 11535 11538 11541 11544 11547 11550 11553 
11556 11559 11562 11565 11568 11571 11574 11577 11580 
11583 11586 11589 11592 11595 11598 11601 11604 11607 
11610 11613 11616 11619 11622 11625 11628 11631 11634 
11637 11640 11643 11646 11649 11652 11655 11658 11661 
11664 11667 11670 11673 11676 11679 11682 11685 11688 
11691 11694 11697 11700 11703 11706 11709 11712 11715 
11718 11721 11724 11727 11730 11733 11736 11739 11742 
11745 11748 11751 11754 11757 11760 11763 11766 11769 
11772 11775 11778 11781 11784 11787 11790 11793 11796 
11799 11802 11805 11808 11811 11814 11817 11820 11823 
11826 11829 11832 11835 11838 11841 11844 11847 11850 
11853 11856 11859 11862 11865 11868 11871 11874 11877 
11880 11883 11886 11889 11892 11895 11898 11901 11904 
11907 11910 11913 11916 11919 11922 11925 11928 11931 
11934 11937 11940 11943 11946 11949 11952 11955 11958 
11961 11964 11967 11970 11973 11976 11979 11982 11985 
11988 11991 11994 11997 12000 12003 12006 12009 12012 
12015 12018 12021 12024 12027 12030 12033 12036 12039 
12042 12045 12048 12051 12054 12057 12060 12063 12066 
12069 12072 12075 12078 12081 12084 12087 12090 12093 
12096 12099 12102 12105 12108 12111 12114 12117 12120 
12123 12126 12129 12132 12135 12138 12141 12144 12147 
12150 12153 12156 12159 12162 12165 12168 12171 12174 
12177 12180 12183 12186 12189 12192 12195 12198 12201 
12204 12207 12210 12213 12216 12219 12222 12225 12228 
12231 12234 12237 12240 12243 12246 12249 12252 12255 
12258 12261 12264 12267 12270 12273 12276 12279 12282 
12285 12288 12291 12294 12297 12300 12303 12306 12309 
12312 12315 12318 12321 12324 12327 12330 12333 12336 
12339 12342 12345 12348 12351 12354 12357 12360 12363 
12366 12369 12372 12375 12378 12381 12384 12387 12390 
12393 12396 12399 12402 12405 12408 12411 12414 12417 
12420 12423 12426 12429 12432 12435 12438 12441 12444 
12447 12450 12453 12456 12459 12462 12465 12468 12471 
12474 12477 12480 12483 12486 12489 12492 12495 12498 
12501 12504 12507 12510 12513 12516 12519 12522 12525 
12528 12531 12534 12537 12540 12543 12546 12549 12552 
12555 12558 12561 12564 12567 12570 12573 12576 12579 
12582 12585 12588 12591 12594 12597 12600 12603 12606 
12609 12612 12615 12618 12621 12624 12627 12630 12633 
12636 12639 12642 12645 12648 12651 12654 12657 12660 
12663 12666 12669 12672 12675 12678 12681 12684 12687 
12690 12693 12696 12699 12702 12705 12708 12711 12714 
12717 12720 12723 12726 12729 12732 12735 12738 12741 
12744 12747 12750 12753 12756 12759 12762 12765 12768 
12771 12774 12777 12780 12783 12786 12789 12792 12795 
12798 12801 12804 12807 12810 12813 12816 12819 12822 
12825 12828 12831 12834 12837 12840 12843 12846 12849 
12852 12855 12858 12861 12864 12867 12870 12873 12876 
12879 12882 12885 12888 12891 12894 12897 12900 12903 
12906 12909 12912 12915 12918 12921 12924 12927 12930 
12933 12936 12939 12942 12945 12948 12951 12954 12957 
12960 12963 12966 12969 12972 12975 12978 12981 12984 
12987 12990 12993 12996 12999 13002 13005 13008 13011 
13014 13017 13020 13023 13026 13029 13032 13035 13038 
13041 13044 13047 13050 13053 13056 13059 13062 13065 
13068 13071 13074 13077 13080 13083 13086 13089 13092 
13095 13098 13101 13104 13107 13110 13113 13116 13119 
13122 13125 13128 13131 13134 13137 13140 13143 13146 
13149 13152 13155 13158 13161 13164 13167 13170 13173 
13176 13179 13182 13185 13188 13191 13194 13197 13200 
13203 13206 13209 13212 13215 13218 13221 13224 13227 
13230 13233 13236 13239 13242 13245 13248 13251 13254 
13257 13260 13263 13266 13269 13272 13275 13278 13281 
13284 13287 13290 13293 13296 13299 13302 13305 13308 
13311 13314 13317 13320 13323 13326 13329 13332 13335 
13338 13341 13344 13347 13350 13353 13356 13359 13362 
13365 13368 13371 13374 13377 13380 13383 13386 13389 
13392 13395 13398 13401 13404 13407 13410 13413 13416 
13419 13422 13425 13428 13431 13434 13437 13440 13443 
13446 13449 13452 13455 13458 13461 13464 13467 13470 
13473 13476 13479 13482 13485 13488 13491 13494 13497 
13500 13503 13506 13509 13512 13515 13518 13521 13524 
13527 13530 13533 13536 13539 13542 13545 13548 13551 
13554 13557 13560 13563 13566 13569 13572 13575 13578 
13581 13584 13587 13590 13593 13596 13599 13602 13605 
13608 13611 13614 13617 13620 13623 13626 13629 13632 
13635 13638 13641 13644 13647 13650 13653 13656 13659 
13662 13665 13668 13671 13674 13677 13680 13683 13686 
13689 13692 13695 13698 13701 13704 13707 13710 13713 
13716 13719 13722 13725 13728 13731 13734 13737 13740 
13743 13746 13749 13752 13755 13758 13761 13764 13767 
13770 13773 13776 13779 13782 13785 13788 13791 13794 
13797 13800 13803 13806 13809 13812 13815 13818 13821 
13824 13827 13830 13833 13836 13839 13842 13845 13848 
13851 13854 13857 13860 13863 13866 13869 13872 13875 
13878 13881 13884 13887 13890 13893 13896 13899 13902 
13905 13908 13911 13914 13917 13920 13923 13926 13929 
13932 13935 13938 13941 13944 13947 13950 13953 13956 
13959 13962 13965 13968 13971 13974 13977 13980 13983 
13986 13989 13992 13995 13998 14001 14004 14007 14010 
14013 14016 14019 14022 14025 14028 14031 14034 14037 
14040 14043 14046 14049 14052 14055 14058 14061 14064 
14067 14070 14073 14076 14079 14082 14085 14088 14091 
14094 14097 14100 14103 14106 14109 14112 14115 14118 
14121 14124 14127 14130 14133 14136 14139 14142 14145 
14148 14151 14154 14157 14160 14163 14166 14169 14172 
14175 14178 14181 14184 14187 14190 14193 14196 14199 
14202 14205 14208 14211 14214 14217 14220 14223 14226 
14229 14232 14235 14238 14241 14244 14247 14250 14253 
14256 14259 14262 14265 14268 14271 14274 14277 14280 
14283 14286 14289 14292 14295 14298 14301 14304 14307 
14310 14313 14316 14319 14322 14325 14328 14331 14334 
14337 14340 14343 14346 14349 14352 14355 14358 14361 
14364 14367 14370 14373 14376 14379 14382 14385 14388 
14391 14394 14397 14400 14403 14406 14409 14412 14415 
14418 14421 14424 14427 14430 14433 14436 14439 14442 
14445 14448 14451 14454 14457 14460 14463 14466 14469 
14472 14475 14478 14481 14484 14487 14490 14493 14496 
14499 14502 14505 14508 14511 14514 14517 14520 14523 
14526 14529 14532 14535 14538 14541 14544 14547 14550 
14553 14556 14559 14562 14565 14568 14571 14574 14577 
14580 14583 14586 14589 14592 14595 14598 14601 14604 
14607 14610 14613 14616 14619 14622 14625 14628 14631 
14634 14637 14640 14643 14646 14649 14652 14655 14658 
14661 14664 14667 14670 14673 14676 14679 14682 14685 
14688 14691 14694 14697 14700 14703 14706 14709 14712 
14715 14718 14721 14724 14727 14730 14733 14736 14739 
14742 14745 14748 14751 14754 14757 14760 14763 14766 
14769 14772 14775 14778 14781 14784 14787 14790 14793 
14796 14799 14802 14805 14808 14811 14814 14817 14820 
14823 14826 14829 14832 14835 14838 14841 14844 14847 
14850 14853 14856 14859 14862 14865 14868 14871 14874 
14877 14880 14883 14886 14889 14892 14895 14898 14901 
14904 14907 14910 14913 14916 14919 14922 14925 14928 
14931 14934 14937 14940 14943 14946 14949 14952 14955 
14958 14961 14964 14967 14970 14973 14976 14979 14982 
14985 14988 14991 14994 14997 15000 15003 15006 15009 
15012 15015 15018 15021 15024 15027 15030 15033 15036 
15039 15042 15045 15048 15051 15054 15057 15060 15063 
15066 15069 15072 15075 15078 15081 15084 15087 15090 
15093 15096 15099 15102 15105 15108 15111 15114 15117 
15120 15123 15126 15129 15132 15135 15138 15141 15144 
15147 15150 15153 15156 15159 15162 15165 15168 15171 
15174 15177 15180 15183 15186 15189 15192 15195 15198 
15201 15204 15207 15210 15213 15216 15219 15222 15225 
15228 15231 15234 15237 15240 15243 15246 15249 15252 
15255 15258 15261 15264 15267 15270 15273 15276 15279 
15282 15285 15288 15291 15294 15297 15300 15303 15306 
15309 15312 15315 15318 15321 15324 15327 15330 15333 
15336 15339 15342 15345 15348 15351 15354 15357 15360 
15363 15366 15369 15372 15375 15378 15381 15384 15387 
15390 15393 15396 15399 15402 15405 15408 15411 15414 
15417 15420 15423 15426 15429 15432 15435 15438 15441 
15444 15447 15450 15453 15456 15459 15462 15465 15468 
15471 15474 15477 15480 15483 15486 15489 15492 15495 
15498 15501 15504 15507 15510 15513 15516 15519 15522 
15525 15528 15531 15534 15537 15540 15543 15546 15549 
15552 15555 15558 15561 15564 15567 15570 15573 15576 
15579 15582 15585 15588 15591 15594 15597 15600 15603 
15606 15609 15612 15615 15618 15621 15624 15627 15630 
15633 15636 15639 15642 15645 15648 15651 15654 15657 
15660 15663 15666 15669 15672 15675 15678 15681 15684 
15687 15690 15693 15696 15699 15702 15705 15708 15711 
15714 15717 15720 15723 15726 15729 15732 15735 15738 
15741 15744 15747 15750 15753 15756 15759 15762 15765 
15768 15771 15774 15777 15780 15783 15786 15789 15792 
15795 15798 15801 15804 15807 15810 15813 15816 15819 
15822 15825 15828 15831 15834 15837 15840 15843 15846 
15849 15852 15855 15858 15861 15864 15867 15870 15873 
15876 15879 15882 15885 15888 15891 15894 15897 15900 
15903 15906 15909 15912 15915 15918 15921 15924 15927 
15930 15933 15936 15939 15942 15945 15948 15951 15954 
15957 15960 15963 15966 15969 15972 15975 15978 15981 
15984 15987 15990 15993 15996 15999 16002 16005 16008 
16011 16014 16017 16020 16023 16026 16029 16032 16035 
16038 16041 16044 16047 16050 16053 16056 16059 16062 
16065 16068 16071 16074 16077 16080 16083 16086 16089 
16092 16095 16098 16101 16104 16107 16110 16113 16116 
16119 16122 16125 16128 16131 16134 16137 16140 16143 
16146 16149 16152 16155 16158 16161 16164 16167 16170 
16173 16176 16179 16182 16185 16188 16191 16194 16197 
16200 16203 16206 16209 16212 16215 16218 16221 16224 
16227 16230 16233 16236 16239 16242 16245 16248 16251 
16254 16257 16260 16263 16266 16269 16272 16275 16278 
16281 16284 16287 16290 16293 16296 16299 16302 16305 
16308 16311 16314 16317 16320 16323 16326 16329 16332 
16335 16338 16341 16344 16347 16350 16353 16356 16359 
16362 16365 16368 16371 16374 16377 16380 16383 16386 
16389 16392 16395 16398 16401 16404 16407 16410 16413 
16416 16419 16422 16425 16428 16431 16434 16437 16440 
16443 16446 16449 16452 16455 16458 16461 16464 16467 
16470 16473 16476 16479 16482 16485 16488 16491 16494 
16497 16500 16503 16506 16509 16512 16515 16518 16521 
16524 16527 16530 16533 16536 16539 16542 16545 16548 
16551 16554 16557 16560 16563 16566 16569 16572 16575 
16578 16581 16584 16587 16590 16593 16596 16599 16602 
16605 16608 16611 16614 16617 16620 16623 16626 16629 
16632 16635 16638 16641 16644 16647 16650 16653 16656 
16659 16662 16665 16668 16671 16674 16677 16680 16683 
16686 16689 16692 16695 16698 16701 16704 16707 16710 
16713 16716 16719 16722 16725 16728 16731 16734 16737 
16740 16743 16746 16749 16752 16755 16758 16761 16764 
16767 16770 16773 16776 16779 16782 16785 16788 16791 
16794 16797 16800 16803 16806 16809 16812 16815 16818 
16821 16824 16827 16830 16833 16836 16839 16842 16845 
16848 16851 16854 16857 16860 16863 16866 16869 16872 
16875 16878 16881 16884 16887 16890 16893 16896 16899 
16902 16905 16908 16911 16914 16917 16920 16923 16926 
16929 16932 16935 16938 16941 16944 16947 16950 16953 
16956 16959 16962 16965 16968 16971 16974 16977 16980 
16983 16986 16989 16992 16995 16998 17001 17004 17007 
17010 17013 17016 17019 17022 17025 17028 17031 17034 
17037 17040 17043 17046 17049 17052 17055 17058 17061 
17064 17067 17070 17073 17076 17079 17082 17085 17088 
17091 17094 17097 17100 17103 17106 17109 17112 17115 
17118 17121 17124 17127 17130 17133 17136 17139 17142 
17145 17148 17151 17154 17157 17160 17163 17166 17169 
17172 17175 17178 17181 17184 17187 17190 17193 17196 
17199 17202 17205 17208 17211 17214 17217 17220 17223 
17226 17229 17232 17235 17238 17241 17244 17247 17250 
17253 17256 17259 17262 17265 17268 17271 17274 17277 
17280 17283 17286 17289 17292 17295 17298 17301 17304 
17307 17310 17313 17316 17319 17322 17325 17328 17331 
17334 17337 17340 17343 17346 17349 17352 17355 17358 
17361 17364 17367 17370 17373 17376 17379 17382 17385 
17388 17391 17394 17397 17400 17403 17406 17409 17412 
17415 17418 17421 17424 17427 17430 17433 17436 17439 
17442 17445 17448 17451 17454 17457 17460 17463 17466 
17469 17472 17475 17478 17481 17484 17487 17490 17493 
17496 17499 17502 17505 17508 17511 17514 17517 17520 
17523 17526 17529 17532 17535 17538 17541 17544 17547 
17550 17553 17556 17559 17562 17565 17568 17571 17574 
17577 17580 17583 17586 17589 17592 17595 17598 17601 
17604 17607 17610 17613 17616 17619 17622 17625 17628 
17631 17634 17637 17640 17643 17646 17649 17652 17655 
17658 17661 17664 17667 17670 17673 17676 17679 17682 
17685 17688 17691 17694 17697 17700 17703 17706 17709 
17712 17715 17718 17721 17724 17727 17730 17733 17736 
17739 17742 17745 17748 17751 17754 17757 17760 17763 
17766 17769 17772 17775 17778 17781 17784 17787 17790 
17793 17796 17799 17802 17805 17808 17811 17814 17817 
17820 17823 17826 17829 17832 17835 17838 17841 17844 
17847 17850 17853 17856 17859 17862 17865 17868 17871 
17874 17877 17880 17883 17886 17889 17892 17895 17898 
17901 17904 17907 17910 17913 17916 17919 17922 17925 
17928 17931 17934 17937 17940 17943 17946 17949 17952 
17955 17958 17961 17964 17967 17970 17973 17976 17979 
17982 17985 17988 17991 17994 17997 18000 18003 18006 
18009 18012 18015 18018 18021 18024 18027 18030 18033 
18036 18039 18042 18045 18048 18051 18054 18057 18060 
18063 18066 18069 18072 18075 18078 18081 18084 18087 
18090 18093 18096 18099 18102 18105 18108 18111 18114 
18117 18120 18123 18126 18129 18132 18135 18138 18141 
18144 18147 18150 18153 18156 18159 18162 18165 18168 
18171 18174 18177 18180 18183 18186 18189 18192 18195 
18198 18201 18204 18207 18210 18213 18216 18219 18222 
18225 18228 18231 18234 18237 18240 18243 18246 18249 
18252 18255 18258 18261 18264 18267 18270 18273 18276 
18279 18282 18285 18288 18291 18294 18297 18300 18303 
18306 18309 18312 18315 18318 18321 18324 18327 18330 
18333 18336 18339 18342 18345 18348 18351 18354 18357 
18360 18363 18366 18369 18372 18375 18378 18381 18384 
18387 18390 18393 18396 18399 18402 18405 18408 18411 
18414 18417 18420 18423 18426 18429 18432 18435 18438 
18441 18444 18447 18450 18453 18456 18459 18462 18465 
18468 18471 18474 18477 18480 18483 18486 18489 18492 
18495 18498 18501 18504 18507 18510 18513 18516 18519 
18522 18525 18528 18531 18534 18537 18540 18543 18546 
18549 18552 18555 18558 18561 18564 18567 18570 18573 
18576 18579 18582 18585 18588 
CONNECTIVITY vtktypeint64
0 1 2 0 3 4 1 0 4 
4 3 5 0 2 6 6 7 8 
6 8 0 0 8 3 9 5 3 
9 3 10 10 3 8 10 11 12 
9 10 12 12 11 13 8 7 14 
14 15 16 14 16 8 8 16 10 
17 18 11 17 11 16 16 11 10 
13 11 18 16 15 19 17 16 19 
20 21 22 21 20 23 20 22 24 
25 26 27 23 20 24 27 28 29 
25 27 29 29 28 30 31 27 26 
32 31 26 28 27 33 33 27 31 
34 30 28 34 28 35 35 28 33 
35 36 37 34 35 37 36 38 39 
37 36 39 39 38 40 31 32 41 
41 42 43 41 43 31 31 43 33 
35 33 44 44 33 43 36 35 45 
45 35 44 38 36 46 46 36 45 
47 40 38 47 38 48 48 38 46 
48 49 50 47 48 50 50 49 51 
43 42 52 52 53 54 52 54 43 
43 54 44 1 54 2 1 45 54 
45 44 54 4 45 1 46 45 4 
5 46 4 5 55 46 55 48 46 
49 48 56 56 48 55 57 51 49 
57 49 58 58 49 56 57 58 59 
54 53 60 2 54 60 2 60 6 
6 60 61 61 7 6 62 7 61 
5 9 55 12 55 9 56 55 12 
13 56 12 13 63 56 63 58 56 
64 59 58 64 58 65 65 58 63 
64 65 66 7 62 67 14 7 67 
67 15 14 68 15 67 18 17 69 
18 63 13 18 69 63 69 70 63 
71 72 65 71 65 70 70 65 63 
66 65 72 15 68 73 19 15 73 
69 17 19 69 19 74 74 19 73 
70 69 74 75 70 74 71 70 75 
76 77 78 76 79 80 77 76 80 
79 81 82 80 79 82 81 83 84 
82 81 84 84 83 85 86 76 78 
87 86 78 79 76 88 88 76 86 
81 79 89 89 79 88 83 81 90 
90 81 89 91 85 83 91 83 92 
92 83 90 92 93 94 91 92 94 
94 93 95 86 87 96 96 97 98 
96 98 86 86 98 88 89 88 99 
99 88 98 90 89 100 100 89 99 
92 90 101 101 90 100 93 92 102 
102 92 101 103 95 93 103 93 104 
104 93 102 104 105 106 103 104 106 
105 107 108 106 105 108 108 107 109 
98 97 110 110 111 112 110 112 98 
98 112 99 100 99 113 113 99 112 
21 113 22 21 101 113 101 100 113 
23 101 21 23 114 101 114 102 101 
104 102 115 115 102 114 105 104 116 
116 104 115 107 105 117 117 105 116 
118 109 107 117 118 107 112 111 119 
113 112 119 120 113 119 121 120 122 
24 120 121 24 113 120 24 22 113 
24 114 23 24 121 114 25 114 26 
26 114 121 29 114 25 115 114 29 
30 115 29 30 123 115 123 116 115 
117 116 124 124 116 123 125 118 117 
125 117 126 126 117 124 126 127 128 
125 126 128 128 127 129 121 122 130 
130 26 121 130 131 26 131 32 26 
30 34 123 37 123 34 124 123 37 
39 124 37 126 124 39 40 126 39 
40 132 126 132 127 126 133 129 127 
133 127 134 134 127 132 134 135 136 
133 134 136 135 137 138 136 135 138 
138 137 139 32 131 140 41 32 140 
140 42 41 141 42 140 40 47 132 
50 132 47 134 132 50 51 134 50 
51 142 134 142 135 134 137 135 143 
143 135 142 144 139 137 144 137 145 
145 137 143 144 145 146 42 141 147 
52 42 147 147 53 52 148 53 147 
51 57 142 59 142 57 59 149 142 
149 143 142 145 143 150 150 143 149 
151 146 145 151 145 152 152 145 150 
151 152 153 53 148 154 60 53 154 
61 60 155 60 154 155 155 62 61 
156 62 155 59 64 149 66 149 64 
66 157 149 157 150 149 158 159 152 
158 152 157 157 152 150 153 152 159 
62 156 160 67 62 160 68 161 162 
68 67 161 67 160 161 161 163 162 
164 165 166 164 72 71 164 166 72 
166 167 72 157 66 72 157 72 168 
168 72 167 158 157 168 68 162 73 
162 163 169 162 169 73 73 169 74 
165 164 75 165 75 169 169 75 74 
71 75 164 170 171 172 170 173 174 
171 170 174 173 175 176 174 173 176 
175 177 178 176 175 178 178 177 179 
180 181 182 172 181 180 170 172 180 
170 180 78 170 78 77 80 170 77 
173 170 80 82 173 80 175 173 82 
84 175 82 177 175 84 85 183 184 
84 85 184 84 184 179 84 179 177 
183 185 186 184 183 186 186 185 187 
188 180 182 189 188 182 78 188 87 
180 188 78 85 91 183 94 183 91 
185 183 94 95 190 191 94 95 191 
94 191 187 94 187 185 190 192 193 
191 190 193 192 194 195 193 192 195 
195 194 196 188 189 197 198 197 199 
96 197 198 96 188 197 96 87 188 
96 198 97 95 103 190 106 190 103 
192 190 106 108 192 106 194 192 108 
109 200 201 108 109 201 108 201 196 
108 196 194 201 200 202 198 199 203 
97 198 203 97 203 110 110 203 204 
204 111 110 205 111 204 200 118 206 
109 118 200 207 202 200 207 200 208 
208 200 206 208 209 210 207 208 210 
209 211 212 210 209 212 212 211 213 
111 205 214 119 111 214 215 214 216 
215 120 214 120 119 214 120 215 122 
118 125 206 128 206 125 208 206 128 
129 208 128 129 217 208 217 209 208 
211 209 218 218 209 217 219 213 211 
219 211 220 220 211 218 220 221 222 
219 220 222 221 223 224 222 221 224 
224 223 225 215 216 226 122 215 226 
122 226 130 130 226 227 131 228 229 
131 130 228 130 227 228 228 230 229 
129 133 217 136 217 133 218 217 136 
138 218 136 220 218 138 139 220 138 
139 231 220 231 221 220 223 221 232 
232 221 231 233 225 223 233 223 234 
234 223 232 233 234 235 131 229 140 
141 236 237 140 236 141 140 230 236 
140 229 230 236 238 237 139 144 231 
146 231 144 146 239 231 239 232 231 
234 232 240 240 232 239 241 235 234 
241 234 242 242 234 240 241 242 243 
141 237 147 148 244 245 147 244 148 
147 238 244 147 237 238 244 246 245 
146 151 239 247 240 239 247 239 153 
247 153 248 151 153 239 242 240 247 
249 242 247 243 242 249 148 245 154 
245 246 250 245 250 154 154 250 155 
250 156 155 251 156 250 252 253 254 
252 159 158 252 254 159 254 255 159 
248 153 159 255 248 159 156 251 256 
160 156 256 161 160 257 160 256 257 
163 258 259 163 161 258 161 257 258 
259 166 165 259 258 166 258 260 166 
167 166 261 166 260 261 253 252 168 
253 168 261 261 168 167 158 168 252 
163 259 169 165 169 259 262 263 264 
263 262 265 266 267 268 264 267 266 
264 266 262 262 266 269 270 265 262 
270 262 271 271 262 269 271 272 273 
270 271 273 273 272 274 171 266 268 
171 268 172 172 268 275 174 266 171 
269 266 174 176 269 174 271 269 176 
178 271 176 272 271 178 179 276 277 
178 179 277 178 277 274 178 274 272 
277 276 278 181 279 280 182 181 280 
275 181 172 279 181 275 179 184 276 
276 281 278 276 184 281 184 186 281 
187 282 283 187 283 186 186 283 281 
283 282 284 285 286 189 285 189 280 
280 189 182 285 287 286 187 191 282 
282 288 284 282 191 288 191 193 288 
195 289 193 193 289 288 196 290 291 
196 291 195 195 291 289 290 292 293 
291 290 293 293 292 294 189 286 197 
199 295 296 197 295 199 197 287 295 
197 286 287 295 297 296 196 201 290 
202 290 201 202 298 290 298 292 290 
299 294 292 299 292 300 300 292 298 
300 301 302 299 300 302 301 303 304 
302 301 304 304 303 305 199 296 203 
296 297 306 296 306 203 203 306 204 
306 205 204 307 205 306 202 207 298 
210 298 207 300 298 210 212 300 210 
301 300 212 213 301 212 213 308 301 
308 303 301 309 305 303 309 303 310 
310 303 308 310 311 312 309 310 312 
312 311 313 205 307 314 214 205 314 
314 216 214 315 216 314 213 219 308 
222 308 219 310 308 222 224 310 222 
311 310 224 311 224 225 311 225 313 
313 225 316 216 315 317 226 216 317 
227 226 318 226 317 318 228 227 319 
227 318 319 319 230 228 320 230 319 
225 321 316 233 321 225 321 233 235 
322 321 235 230 320 323 236 230 323 
323 238 236 324 238 323 325 235 241 
325 326 235 326 322 235 241 243 325 
238 324 327 244 238 327 246 328 329 
246 244 328 244 327 328 328 330 329 
331 332 333 331 334 335 333 334 331 
335 247 248 335 334 247 334 336 247 
326 325 249 326 249 336 336 249 247 
243 249 325 246 329 250 251 337 338 
250 337 251 250 330 337 250 329 330 
338 339 340 337 339 338 339 341 340 
342 343 344 332 342 344 331 342 332 
331 253 342 331 254 253 255 254 331 
335 255 331 248 255 335 251 338 256 
257 256 338 340 257 338 340 341 345 
340 345 257 257 345 258 260 258 346 
258 345 346 343 342 261 343 261 346 
346 261 260 253 261 342 263 347 348 
264 263 348 265 349 350 265 350 263 
263 350 347 349 351 352 350 349 352 
352 351 353 267 354 355 268 267 355 
348 267 264 354 267 348 265 270 349 
273 349 270 351 349 273 274 356 357 
273 274 357 273 357 353 273 353 351 
357 356 358 268 355 275 355 359 275 
274 277 356 278 360 361 277 278 361 
277 361 358 277 358 356 360 362 363 
361 360 363 363 362 364 279 365 280 
279 366 365 279 275 366 275 359 366 
278 281 360 283 360 281 362 360 283 
284 367 368 283 284 368 283 368 364 
283 364 362 367 369 370 368 367 370 
369 371 372 370 369 372 372 371 373 
280 365 285 365 287 285 365 366 287 
366 374 287 284 288 367 289 367 288 
369 367 289 291 369 289 371 369 291 
371 375 373 371 291 375 291 293 375 
294 376 377 294 377 293 293 377 375 
376 378 379 377 376 379 378 380 381 
379 378 381 380 382 383 381 380 383 
382 384 385 383 382 385 385 384 386 
287 374 387 295 287 387 387 297 295 
388 297 387 294 299 376 302 376 299 
378 376 302 304 378 302 380 378 304 
305 380 304 305 389 380 389 382 380 
384 382 390 390 382 389 391 386 384 
391 384 392 392 384 390 391 392 393 
297 388 394 306 297 394 394 307 306 
395 307 394 305 309 389 312 389 309 
390 389 312 313 390 312 313 396 390 
396 392 390 397 393 392 396 397 392 
307 395 398 314 307 398 315 399 400 
315 314 399 314 398 399 399 401 400 
396 316 402 313 316 396 403 397 396 
402 403 396 315 400 317 400 401 404 
400 404 317 317 404 318 319 318 405 
318 404 405 320 406 407 320 319 406 
319 405 406 406 408 407 316 321 402 
322 409 410 321 322 410 321 410 403 
321 403 402 410 409 411 320 407 323 
324 412 413 323 412 324 323 408 412 
323 407 408 412 414 413 415 416 417 
415 418 419 417 418 415 409 418 420 
409 326 418 409 322 326 326 419 418 
411 409 420 324 413 327 413 414 421 
413 421 327 327 421 328 330 422 423 
330 328 422 328 421 422 423 424 425 
422 424 423 424 426 425 427 428 429 
427 333 332 427 429 333 429 430 333 
416 415 334 416 334 430 430 334 333 
336 334 415 419 336 415 326 336 419 
330 423 337 339 337 423 425 339 423 
341 431 432 339 431 341 339 426 431 
339 425 426 432 433 434 431 433 432 
428 434 433 427 434 428 427 343 434 
427 344 343 332 344 427 341 432 345 
346 345 432 434 346 432 343 346 434 
435 436 437 436 435 438 439 440 441 
439 442 443 440 439 443 437 443 442 
437 442 435 435 442 444 445 438 435 
444 445 435 347 446 447 348 347 447 
441 350 439 441 446 350 446 347 350 
352 439 350 442 439 352 353 442 352 
353 448 442 448 444 442 449 445 444 
449 444 450 450 444 448 449 450 451 
354 452 355 354 453 452 354 348 453 
348 447 453 353 357 448 358 448 357 
358 454 448 454 450 448 455 451 450 
455 450 456 456 450 454 456 457 458 
455 456 458 458 457 459 452 460 359 
355 452 359 461 452 453 460 452 461 
358 361 454 363 454 361 456 454 363 
364 456 363 364 462 456 462 457 456 
463 459 457 463 457 464 464 457 462 
464 465 466 463 464 466 466 465 467 
460 468 366 359 460 366 469 460 461 
468 460 469 364 368 462 370 462 368 
464 462 370 372 464 370 465 464 372 
373 470 471 372 373 471 372 471 467 
372 467 465 470 472 473 471 470 473 
472 474 475 473 472 475 474 476 477 
475 474 477 476 478 479 477 476 479 
478 480 481 479 478 481 481 480 482 
468 483 374 366 468 374 484 468 469 
483 468 484 373 375 470 377 470 375 
472 470 377 379 472 377 474 472 379 
381 474 379 476 474 381 383 476 381 
478 476 383 385 478 383 480 478 385 
386 485 486 385 386 486 385 486 482 
385 482 480 485 487 488 486 485 488 
488 487 489 374 483 387 388 490 491 
387 490 388 387 484 490 387 483 484 
490 492 491 386 391 485 393 485 391 
393 493 485 493 487 485 494 489 487 
493 494 487 388 491 394 491 395 394 
491 492 395 492 495 395 493 397 496 
393 397 493 497 494 493 496 497 493 
395 495 498 398 395 498 399 398 499 
398 498 499 401 500 501 401 399 500 
399 499 500 501 502 503 500 502 501 
502 504 503 496 403 505 397 403 496 
506 497 496 505 506 496 401 501 404 
405 404 501 503 405 501 503 504 507 
503 507 405 405 507 406 408 508 509 
408 406 508 406 507 508 508 510 509 
403 410 505 411 511 512 410 411 512 
410 512 506 410 506 505 512 511 513 
408 509 412 414 514 515 412 514 414 
412 510 514 412 509 510 514 516 515 
517 518 519 517 417 416 517 519 417 
519 520 417 418 417 521 417 520 521 
420 418 522 418 521 522 511 411 420 
511 420 523 523 420 522 513 511 523 
414 515 421 515 516 524 515 524 421 
421 524 422 424 422 525 422 524 525 
426 526 527 426 424 526 424 525 526 
527 528 529 526 528 527 529 429 428 
529 528 429 528 530 429 518 517 430 
518 430 530 530 430 429 416 430 517 
426 527 431 433 431 527 529 433 527 
428 433 529 531 532 533 531 437 436 
531 436 532 532 436 534 438 535 536 
438 536 436 436 536 534 535 537 538 
536 535 538 538 537 539 440 540 541 
441 440 541 533 443 531 533 540 443 
540 440 443 437 531 443 535 445 542 
438 445 535 537 535 543 543 535 542 
544 539 537 544 537 545 545 537 543 
544 545 546 446 547 447 446 548 547 
446 441 548 441 541 548 445 449 542 
451 542 449 451 549 542 549 543 542 
545 543 550 550 543 549 551 546 545 
551 545 552 552 545 550 551 552 553 
547 554 453 447 547 453 555 547 548 
554 547 555 451 455 549 458 549 455 
550 549 458 459 550 458 459 556 550 
556 552 550 557 553 552 557 552 558 
558 552 556 557 558 559 554 560 561 
554 561 453 453 561 461 555 560 554 
459 463 556 466 556 463 558 556 466 
467 562 563 466 467 563 466 563 559 
466 559 558 562 564 565 563 562 565 
564 566 567 565 564 567 566 568 569 
567 566 569 568 570 571 569 568 571 
570 572 573 571 570 573 572 574 575 
573 572 575 574 576 577 575 574 577 
577 576 578 461 561 469 561 579 469 
467 471 562 473 562 471 564 562 473 
475 564 473 566 564 475 477 566 475 
568 566 477 479 568 477 570 568 479 
481 570 479 572 570 481 482 572 481 
482 580 572 580 574 572 576 574 581 
581 574 580 582 578 576 582 576 583 
583 576 581 582 583 584 585 586 484 
585 484 579 579 484 469 585 587 586 
482 486 580 488 580 486 581 580 488 
489 581 488 489 588 581 588 583 581 
589 584 583 588 589 583 484 586 490 
586 492 490 586 587 492 587 590 492 
588 494 591 489 494 588 592 589 588 
591 592 588 593 594 495 593 495 590 
590 495 492 593 595 594 591 497 596 
494 497 591 597 592 591 596 597 591 
495 594 498 594 595 598 594 598 498 
498 598 499 500 499 599 499 598 599 
600 599 601 600 502 599 502 500 599 
502 600 504 596 506 602 497 506 596 
603 597 596 602 603 596 600 601 604 
504 600 604 504 604 507 507 604 605 
508 507 606 507 605 606 606 510 508 
607 510 606 608 609 610 608 611 612 
610 611 608 506 512 602 612 611 613 
513 614 615 512 513 615 512 615 603 
512 603 602 615 614 616 510 607 617 
514 510 617 516 618 619 516 514 618 
514 617 618 618 620 619 621 622 623 
621 519 518 621 623 519 623 624 519 
520 519 625 519 624 625 609 608 521 
609 521 625 625 521 520 522 521 608 
612 522 608 612 613 626 612 626 522 
522 626 523 614 513 523 614 523 627 
627 523 626 616 614 627 516 619 524 
619 620 628 619 628 524 524 628 525 
526 525 629 525 628 629 528 526 630 
526 629 630 622 621 530 622 530 630 
630 530 528 518 530 621 631 632 633 
631 634 635 632 631 635 635 634 636 
532 637 533 638 637 532 638 532 639 
639 532 534 536 640 534 534 640 639 
633 538 631 633 640 538 640 536 538 
539 631 538 539 641 631 641 634 631 
642 636 634 642 634 643 643 634 641 
642 643 644 540 645 541 540 646 645 
533 646 540 533 647 646 533 637 647 
638 647 637 539 544 641 546 641 544 
546 648 641 648 643 641 649 644 643 
648 649 643 645 650 651 645 651 541 
541 651 548 646 650 645 546 551 648 
553 652 653 551 553 653 551 653 649 
551 649 648 652 654 655 653 652 655 
655 654 656 548 651 555 651 657 555 
553 557 652 559 652 557 559 658 652 
658 654 652 659 656 654 659 654 660 
660 654 658 660 661 662 659 660 662 
661 663 664 662 661 664 663 665 666 
664 663 666 665 667 668 666 665 668 
667 669 670 668 667 670 669 671 672 
670 669 672 672 671 673 560 674 561 
560 675 674 560 555 675 555 657 675 
559 563 658 565 658 563 660 658 565 
567 660 565 661 660 567 569 661 567 
663 661 569 571 663 569 665 663 571 
573 665 571 667 665 573 575 667 573 
669 667 575 577 669 575 671 669 577 
578 676 677 577 578 677 577 677 673 
577 673 671 677 676 678 674 679 579 
561 674 579 680 674 675 679 674 680 
578 582 676 584 681 682 582 584 682 
582 682 678 582 678 676 682 681 683 
579 679 585 679 587 585 679 680 587 
680 684 587 681 589 685 584 589 681 
686 683 681 685 686 681 587 684 590 
684 687 590 685 688 689 685 589 688 
589 592 688 686 685 689 590 687 690 
593 590 690 690 595 593 691 595 690 
592 597 688 688 597 692 595 691 693 
598 595 693 599 598 694 598 693 694 
601 695 696 601 599 695 599 694 695 
696 697 698 695 697 696 697 699 698 
700 603 701 700 692 603 692 597 603 
700 701 702 601 696 604 605 604 696 
698 605 696 698 699 703 698 703 605 
605 703 606 607 704 705 607 606 704 
606 703 704 705 706 707 704 706 705 
706 708 707 709 710 711 709 712 713 
711 712 709 713 610 609 713 712 610 
712 714 610 611 610 715 610 714 715 
613 716 717 613 611 716 611 715 716 
603 615 701 717 716 718 701 615 616 
701 616 702 702 616 719 607 705 617 
618 617 705 707 618 705 620 720 721 
618 720 620 618 708 720 618 707 708 
721 722 723 720 722 721 723 724 725 
722 724 723 725 623 622 725 724 623 
724 726 623 710 709 624 710 624 726 
726 624 623 625 624 709 713 625 709 
609 625 713 613 717 626 717 718 727 
717 727 626 626 727 627 719 616 627 
727 719 627 620 721 628 629 628 721 
723 629 721 630 629 723 725 630 723 
622 630 725 632 728 729 633 632 729 
635 730 632 632 730 728 636 731 732 
636 732 635 635 732 730 732 731 733 
639 734 638 735 734 639 735 639 736 
736 639 640 729 640 633 736 640 729 
636 642 731 644 737 738 642 644 738 
642 738 733 642 733 731 738 737 739 
647 740 646 647 741 740 638 741 647 
638 742 741 638 734 742 735 742 734 
737 649 743 644 649 737 744 739 737 
744 737 745 745 737 743 744 745 746 
747 748 749 748 747 750 650 751 651 
650 752 751 646 752 650 646 753 752 
646 740 753 741 753 740 649 653 743 
655 743 653 745 743 655 656 754 755 
655 656 755 655 755 746 655 746 745 
754 756 757 755 754 757 756 758 759 
757 756 759 758 760 761 759 758 761 
749 761 760 749 760 747 747 760 762 
763 750 747 763 747 764 764 747 762 
763 764 765 751 766 767 751 767 651 
651 767 657 752 766 751 656 659 754 
662 754 659 756 754 662 664 756 662 
758 756 664 666 758 664 760 758 666 
668 760 666 762 760 668 670 762 668 
764 762 670 764 768 765 764 670 768 
670 672 768 673 769 770 673 770 672 
672 770 768 770 769 771 772 773 675 
772 675 767 767 675 657 772 774 773 
673 677 769 678 775 776 677 678 776 
677 776 771 677 771 769 776 775 777 
773 778 680 675 773 680 779 773 774 
778 773 779 678 682 775 683 780 781 
682 683 781 682 781 777 682 777 775 
781 780 782 778 783 684 680 778 684 
784 778 779 783 778 784 780 785 786 
780 683 785 683 686 785 782 780 786 
783 787 687 684 783 687 788 783 784 
787 783 788 689 688 789 689 789 790 
689 790 686 686 790 785 687 787 690 
691 791 792 690 791 691 690 788 791 
690 787 788 792 793 794 791 793 792 
793 795 794 789 692 796 688 692 789 
797 790 789 796 797 789 691 792 693 
694 693 792 794 694 792 794 795 798 
794 798 694 694 798 695 697 695 799 
695 798 799 699 800 801 699 697 800 
697 799 800 801 802 803 800 802 801 
802 804 803 692 700 796 702 805 806 
700 702 806 700 806 797 700 797 796 
806 805 807 699 801 703 704 703 801 
803 704 801 803 804 808 803 808 704 
704 808 706 708 809 810 708 706 809 
706 808 809 810 811 812 809 811 810 
812 813 814 811 813 812 814 815 816 
813 815 814 816 711 710 816 815 711 
815 817 711 712 711 818 711 817 818 
714 712 819 712 818 819 715 714 820 
714 819 820 716 715 821 715 820 821 
718 822 823 718 716 822 716 821 822 
805 822 824 805 719 822 805 702 719 
719 823 822 807 805 824 708 810 720 
722 720 810 812 722 810 724 722 812 
814 724 812 726 724 814 816 726 814 
710 726 816 718 823 727 719 727 823 
728 825 826 729 728 826 730 827 728 
728 827 825 732 828 730 730 828 827 
733 829 830 733 830 732 732 830 828 
830 829 831 736 832 833 735 736 833 
826 736 729 832 736 826 733 738 829 
739 834 835 738 739 835 738 835 831 
738 831 829 835 834 836 837 838 839 
838 837 840 742 841 842 741 742 842 
833 742 735 841 742 833 739 744 834 
746 843 844 744 746 844 744 844 836 
744 836 834 843 845 846 844 843 846 
845 847 848 846 845 848 839 848 847 
839 847 837 837 847 849 749 748 850 
749 850 837 749 837 849 840 837 850 
850 748 750 851 850 750 753 852 752 
753 853 852 753 741 853 741 842 853 
746 755 843 757 843 755 845 843 757 
759 845 757 847 845 759 761 847 759 
849 847 761 749 849 761 750 854 851 
763 854 750 765 855 856 765 856 763 
763 856 854 856 855 857 766 858 767 
766 859 858 752 859 766 752 860 859 
752 852 860 853 860 852 765 768 855 
855 861 857 855 768 861 768 770 861 
771 862 863 771 863 770 770 863 861 
863 862 864 767 858 772 858 774 772 
858 859 774 859 865 774 771 776 862 
777 866 867 776 777 867 776 867 864 
776 864 862 867 866 868 774 865 779 
865 869 779 870 777 781 870 871 777 
866 777 872 872 777 871 866 872 868 
781 782 870 779 869 784 869 873 784 
786 871 870 786 785 871 785 874 871 
782 786 870 784 873 788 873 875 788 
876 790 877 876 874 790 874 785 790 
876 877 878 788 875 879 791 788 879 
793 791 880 791 879 880 795 881 882 
795 793 881 793 880 881 882 883 884 
881 883 882 883 885 884 877 797 886 
790 797 877 887 878 877 887 877 888 
888 877 886 887 888 889 795 882 798 
799 798 882 884 799 882 884 885 890 
884 890 799 799 890 800 802 800 891 
800 890 891 804 892 893 804 802 892 
802 891 892 893 894 895 892 894 893 
894 896 895 797 806 886 897 888 886 
897 886 807 897 807 898 806 807 886 
889 888 897 804 893 808 809 808 893 
895 809 893 895 896 899 895 899 809 
809 899 811 813 811 900 811 899 900 
815 813 901 813 900 901 817 815 902 
815 901 902 818 817 903 817 902 903 
819 818 904 818 903 904 820 819 905 
819 904 905 821 820 906 820 905 906 
822 821 907 821 906 907 824 822 908 
822 907 908 898 807 824 908 898 824 
825 909 826 910 909 825 910 825 911 
911 825 827 828 912 827 827 912 911 
830 913 828 828 913 912 831 914 915 
831 915 830 830 915 913 915 914 916 
832 917 833 832 918 917 826 918 832 
826 919 918 826 909 919 910 919 909 
831 835 914 836 920 921 835 836 921 
835 921 916 835 916 914 920 922 923 
921 920 923 922 924 925 923 922 925 
924 839 838 924 838 925 925 838 926 
926 838 840 927 926 840 841 928 842 
841 929 928 833 929 841 833 930 929 
833 917 930 918 930 917 836 844 920 
846 920 844 922 920 846 848 922 846 
924 922 848 839 924 848 840 931 927 
850 931 840 851 932 933 851 933 850 
850 933 931 933 932 934 928 935 936 
928 936 842 842 936 853 929 935 928 
851 854 932 932 937 934 932 854 937 
854 856 937 857 938 939 857 939 856 
856 939 937 939 938 940 860 941 942 
859 860 942 936 860 853 941 860 936 
857 861 938 938 943 940 938 861 943 
861 863 943 943 863 864 944 943 864 
945 946 865 945 865 942 942 865 859 
945 947 946 864 948 944 867 948 864 
868 949 950 868 950 867 867 950 948 
950 949 951 946 952 869 865 946 869 
953 946 947 952 946 953 872 871 954 
872 954 955 868 872 955 868 955 956 
868 956 949 951 949 956 952 957 873 
869 952 873 958 952 953 957 952 958 
954 874 959 871 874 954 960 955 954 
959 960 954 957 961 875 873 957 875 
962 957 958 961 957 962 874 876 959 
878 963 964 876 878 964 876 964 960 
876 960 959 964 963 965 875 961 879 
961 962 966 961 966 879 879 966 880 
881 880 967 880 966 967 883 881 968 
881 967 968 885 969 970 885 883 969 
883 968 969 969 971 970 972 878 887 
972 973 878 963 878 974 974 878 973 
963 974 965 887 889 972 885 970 890 
970 971 975 970 975 890 890 975 891 
892 891 976 891 975 976 894 892 977 
892 976 977 977 896 894 978 896 977 
979 980 981 979 982 983 981 982 979 
982 984 983 985 986 987 973 985 987 
972 985 973 972 898 985 972 897 898 
889 897 972 896 978 988 899 896 988 
900 899 989 899 988 989 901 900 990 
900 989 990 902 901 991 901 990 991 
903 902 992 902 991 992 904 903 993 
903 992 993 980 979 905 980 905 993 
993 905 904 906 905 979 983 906 979 
983 984 994 983 994 906 906 994 907 
986 985 908 986 908 994 994 908 907 
898 908 985 911 995 910 911 912 996 
995 911 996 912 913 997 996 912 997 
913 915 998 997 913 998 915 916 998 
999 1000 1001 999 1002 1003 1000 999 1003 
1002 1004 1005 1003 1002 1005 1005 1004 1006 
919 1007 1008 918 919 1008 995 919 910 
995 1009 919 1009 1007 919 996 1009 995 
1010 1009 996 997 1010 996 1011 1010 997 
998 1011 997 1012 1011 998 916 1012 998 
916 921 1012 921 1013 1012 1001 923 999 
1001 1013 923 1013 921 923 925 999 923 
1002 999 925 926 1002 925 1004 1002 926 
927 1014 1015 926 927 1015 926 1015 1006 
926 1006 1004 1015 1014 1016 930 1017 1018 
929 930 1018 1008 930 918 1017 930 1008 
927 931 1014 1014 1019 1016 1014 931 1019 
931 933 1019 1019 933 934 1020 1019 934 
935 1021 936 935 1022 1021 935 929 1022 
929 1018 1022 934 1023 1020 937 1023 934 
939 1024 937 937 1024 1023 1024 939 940 
1025 1024 940 941 1026 942 941 1027 1026 
936 1027 941 936 1028 1027 936 1021 1028 
1022 1028 1021 940 1029 1025 943 1029 940 
944 1030 1031 944 1031 943 943 1031 1029 
1031 1030 1032 942 1026 945 947 1033 1034 
945 1033 947 945 1027 1033 945 1026 1027 
1033 1035 1034 944 948 1030 1030 1036 1032 
1030 948 1036 948 950 1036 1036 950 951 
1037 1036 951 1034 1038 1039 1034 1039 947 
947 1039 953 1035 1038 1034 956 955 1040 
1041 1037 951 1041 951 1040 1041 1040 1042 
1040 951 956 1041 1042 1043 953 1039 958 
1039 1044 958 1040 960 1045 955 960 1040 
1046 1047 1042 1046 1042 1045 1045 1042 1040 
1043 1042 1047 958 1044 962 1044 1048 962 
960 964 1045 1045 964 965 1045 965 1046 
1046 965 1049 962 1048 1050 966 962 1050 
967 966 1051 966 1050 1051 968 967 1052 
967 1051 1052 969 968 1053 968 1052 1053 
971 1054 1055 971 969 1054 969 1053 1054 
1055 1056 1057 1054 1056 1055 1056 1058 1057 
974 1059 1060 973 1059 974 1049 965 974 
1060 1049 974 971 1055 975 976 975 1055 
1057 976 1055 1057 1058 1061 1057 1061 976 
976 1061 977 978 1062 1063 978 977 1062 
977 1061 1062 1063 1064 1065 1062 1064 1063 
1065 1066 1067 1064 1066 1065 1067 1068 1069 
1066 1068 1067 1069 1070 1071 1068 1070 1069 
1071 1072 1073 1070 1072 1071 1073 981 980 
1073 1072 981 1072 1074 981 982 981 1075 
981 1074 1075 984 1076 1077 984 982 1076 
982 1075 1076 1077 987 986 1077 1076 987 
1076 1078 987 1059 973 987 1078 1059 987 
978 1063 988 989 988 1063 1065 989 1063 
990 989 1065 1067 990 1065 991 990 1067 
1069 991 1067 992 991 1069 1071 992 1069 
993 992 1071 1073 993 1071 980 993 1073 
984 1077 994 986 994 1077 1000 1079 1001 
1080 1079 1000 1080 1000 1081 1081 1000 1003 
1005 1082 1003 1003 1082 1081 1006 1083 1084 
1006 1084 1005 1005 1084 1082 1084 1083 1085 
1007 1086 1008 1087 1086 1007 1087 1007 1088 
1088 1007 1009 1010 1089 1009 1009 1089 1088 
1090 1091 1089 1090 1089 1011 1011 1089 1010 
1092 1090 1011 1092 1011 1093 1093 1011 1012 
1013 1094 1012 1012 1094 1093 1079 1013 1001 
1079 1095 1013 1095 1094 1013 1080 1095 1079 
1006 1015 1083 1016 1096 1097 1015 1016 1097 
1015 1097 1085 1015 1085 1083 1097 1096 1098 
1017 1099 1018 1017 1100 1099 1008 1100 1017 
1008 1101 1100 1008 1086 1101 1087 1101 1086 
1090 1102 1091 1092 1102 1090 1016 1019 1096 
1020 1103 1104 1019 1020 1104 1019 1104 1098 
1019 1098 1096 1104 1103 1105 1099 1106 1107 
1099 1107 1018 1018 1107 1022 1100 1106 1099 
1020 1023 1103 1103 1108 1105 1103 1023 1108 
1023 1024 1108 1025 1109 1110 1025 1110 1024 
1024 1110 1108 1109 1111 1112 1110 1109 1112 
1112 1111 1113 1028 1114 1027 1028 1115 1114 
1028 1022 1115 1022 1107 1115 1025 1029 1109 
1031 1109 1029 1111 1109 1031 1032 1116 1117 
1031 1032 1117 1031 1117 1113 1031 1113 1111 
1117 1116 1118 1027 1114 1033 1114 1035 1033 
1114 1115 1035 1115 1119 1035 1032 1036 1116 
1037 1120 1121 1036 1037 1121 1036 1121 1118 
1036 1118 1116 1121 1120 1122 1038 1123 1039 
1038 1124 1123 1038 1035 1124 1035 1119 1124 
1037 1041 1120 1120 1041 1043 1120 1043 1122 
1122 1043 1125 1123 1126 1127 1123 1127 1039 
1039 1127 1044 1124 1126 1123 1047 1128 1129 
1046 1128 1047 1125 1043 1047 1129 1125 1047 
1130 1131 1048 1130 1048 1127 1127 1048 1044 
1130 1132 1131 1133 1134 1135 1133 1135 1128 
1133 1128 1049 1049 1128 1046 1048 1131 1050 
1131 1132 1136 1131 1136 1050 1050 1136 1051 
1052 1051 1137 1051 1136 1137 1053 1052 1138 
1052 1137 1138 1054 1053 1139 1053 1138 1139 
1056 1054 1140 1054 1139 1140 1058 1141 1142 
1058 1056 1141 1056 1140 1141 1142 1143 1144 
1141 1143 1142 1143 1145 1144 1146 1147 1148 
1146 1149 1150 1148 1149 1146 1150 1151 1152 
1149 1151 1150 1134 1152 1151 1133 1152 1134 
1133 1059 1152 1133 1060 1059 1049 1060 1133 
1058 1142 1061 1062 1061 1142 1144 1062 1142 
1144 1145 1153 1144 1153 1062 1062 1153 1064 
1066 1064 1154 1064 1153 1154 1068 1066 1155 
1066 1154 1155 1070 1068 1156 1068 1155 1156 
1072 1070 1157 1070 1156 1157 1074 1072 1158 
1072 1157 1158 1147 1146 1075 1147 1075 1158 
1158 1075 1074 1076 1075 1146 1150 1076 1146 
1078 1076 1150 1152 1078 1150 1059 1078 1152 
1081 1159 1160 1080 1081 1160 1082 1161 1081 
1081 1161 1159 1084 1162 1082 1082 1162 1161 
1162 1084 1085 1163 1162 1085 1088 1164 1165 
1087 1088 1165 1166 1167 1164 1166 1164 1089 
1089 1164 1088 1089 1091 1166 1093 1168 1092 
1169 1168 1093 1169 1093 1170 1170 1093 1094 
1095 1171 1094 1094 1171 1170 1160 1095 1080 
1171 1095 1160 1085 1172 1163 1097 1172 1085 
1098 1173 1174 1098 1174 1097 1097 1174 1172 
1174 1173 1175 1101 1176 1177 1100 1101 1177 
1165 1101 1087 1176 1101 1165 1166 1178 1167 
1091 1178 1166 1091 1102 1178 1102 1179 1178 
1168 1102 1092 1168 1180 1102 1180 1179 1102 
1169 1180 1168 1098 1104 1173 1105 1181 1182 
1104 1105 1182 1104 1182 1175 1104 1175 1173 
1181 1183 1184 1182 1181 1184 1184 1183 1185 
1106 1186 1107 1106 1187 1186 1106 1100 1187 
1100 1177 1187 1105 1108 1181 1110 1181 1108 
1183 1181 1110 1183 1188 1185 1183 1110 1188 
1110 1112 1188 1188 1112 1113 1189 1188 1113 
1186 1190 1115 1107 1186 1115 1191 1186 1187 
1190 1186 1191 1113 1192 1189 1117 1192 1113 
1118 1193 1194 1118 1194 1117 1117 1194 1192 
1194 1193 1195 1190 1196 1119 1115 1190 1119 
1197 1190 1191 1196 1190 1197 1198 1118 1121 
1198 1199 1118 1193 1118 1200 1200 1118 1199 
1193 1200 1195 1121 1122 1198 1196 1201 1202 
1196 1202 1119 1119 1202 1124 1197 1201 1196 
1198 1203 1199 1203 1198 1122 1203 1122 1204 
1204 1122 1125 1126 1205 1206 1127 1126 1206 
1202 1126 1124 1205 1126 1202 1207 1208 1209 
1207 1129 1128 1207 1209 1129 1209 1210 1129 
1204 1125 1129 1210 1204 1129 1127 1206 1211 
1130 1127 1211 1132 1212 1213 1132 1130 1212 
1130 1211 1212 1213 1214 1215 1212 1214 1213 
1215 1216 1217 1214 1216 1215 1217 1218 1219 
1216 1218 1217 1219 1220 1221 1218 1220 1219 
1220 1222 1221 1223 1224 1225 1223 1226 1227 
1225 1226 1223 1208 1227 1226 1207 1227 1208 
1207 1134 1227 1207 1135 1134 1128 1135 1207 
1132 1213 1136 1137 1136 1213 1215 1137 1213 
1138 1137 1215 1217 1138 1215 1139 1138 1217 
1219 1139 1217 1140 1139 1219 1221 1140 1219 
1221 1222 1228 1221 1228 1140 1140 1228 1141 
1143 1141 1229 1141 1228 1229 1145 1230 1231 
1145 1143 1230 1143 1229 1230 1231 1232 1233 
1230 1232 1231 1232 1234 1233 1148 1235 1236 
1147 1235 1148 1224 1223 1149 1224 1149 1236 
1236 1149 1148 1151 1149 1223 1227 1151 1223 
1134 1151 1227 1145 1231 1153 1154 1153 1231 
1233 1154 1231 1233 1234 1237 1233 1237 1154 
1154 1237 1155 1156 1155 1238 1155 1237 1238 
1157 1156 1239 1156 1238 1239 1158 1157 1240 
1157 1239 1240 1235 1147 1158 1240 1235 1158 
1241 1242 1243 1241 1160 1159 1241 1159 1242 
1242 1159 1244 1161 1245 1159 1159 1245 1244 
1162 1246 1161 1161 1246 1245 1163 1247 1248 
1163 1248 1162 1162 1248 1246 1248 1247 1249 
1164 1250 1165 1164 1167 1250 1170 1251 1252 
1169 1170 1252 1243 1171 1241 1243 1251 1171 
1251 1170 1171 1160 1241 1171 1163 1172 1247 
1247 1253 1249 1247 1172 1253 1172 1174 1253 
1175 1254 1255 1175 1255 1174 1174 1255 1253 
1255 1254 1256 1176 1257 1177 1176 1165 1250 
1176 1250 1257 1257 1250 1258 1167 1178 1259 
1167 1259 1250 1250 1259 1258 1178 1179 1260 
1259 1178 1260 1261 1260 1179 1261 1179 1262 
1262 1179 1180 1252 1180 1169 1262 1180 1252 
1175 1182 1254 1254 1263 1256 1254 1182 1263 
1182 1184 1263 1185 1264 1265 1185 1265 1184 
1184 1265 1263 1265 1264 1266 1257 1267 1187 
1177 1257 1187 1258 1268 1257 1268 1267 1257 
1269 1259 1270 1269 1268 1259 1268 1258 1259 
1260 1270 1259 1271 1270 1260 1261 1271 1260 
1185 1188 1264 1189 1272 1273 1188 1189 1273 
1188 1273 1266 1188 1266 1264 1273 1272 1274 
1267 1275 1191 1187 1267 1191 1276 1268 1277 
1276 1275 1268 1275 1267 1268 1269 1277 1268 
1189 1192 1272 1272 1278 1274 1272 1192 1278 
1192 1194 1278 1278 1194 1195 1279 1278 1195 
1275 1280 1281 1275 1281 1191 1191 1281 1197 
1276 1280 1275 1200 1282 1283 1199 1282 1200 
1279 1195 1200 1283 1279 1200 1201 1284 1285 
1202 1201 1285 1281 1201 1197 1284 1201 1281 
1286 1199 1203 1286 1287 1199 1287 1282 1199 
1203 1204 1286 1205 1288 1206 1205 1289 1288 
1205 1202 1289 1202 1285 1289 1290 1291 1292 
1290 1209 1208 1290 1292 1209 1292 1293 1209 
1287 1286 1210 1287 1210 1293 1293 1210 1209 
1204 1210 1286 1206 1288 1211 1288 1289 1294 
1288 1294 1211 1211 1294 1212 1214 1212 1295 
1212 1294 1295 1216 1214 1296 1214 1295 1296 
1218 1216 1297 1216 1296 1297 1220 1218 1298 
1218 1297 1298 1222 1299 1300 1222 1220 1299 
1220 1298 1299 1300 1301 1302 1299 1301 1300 
1301 1303 1302 1304 1305 1306 1304 1225 1224 
1304 1306 1225 1306 1307 1225 1291 1290 1226 
1291 1226 1307 1307 1226 1225 1208 1226 1290 
1222 1300 1228 1229 1228 1300 1302 1229 1300 
1302 1303 1308 1302 1308 1229 1229 1308 1230 
1232 1230 1309 1230 1308 1309 1234 1310 1311 
1234 1232 1310 1232 1309 1310 1311 1312 1313 
1310 1312 1311 1313 1314 1315 1312 1314 1313 
1315 1316 1317 1314 1316 1315 1305 1317 1316 
1304 1317 1305 1304 1235 1317 1304 1236 1235 
1224 1236 1304 1234 1311 1237 1238 1237 1311 
1313 1238 1311 1239 1238 1313 1315 1239 1313 
1240 1239 1315 1317 1240 1315 1235 1240 1317 
1242 1318 1243 1319 1318 1242 1319 1242 1320 
1320 1242 1244 1245 1321 1244 1244 1321 1320 
1246 1322 1245 1245 1322 1321 1248 1323 1246 
1246 1323 1322 1249 1324 1325 1249 1325 1248 
1248 1325 1323 1325 1324 1326 1251 1327 1252 
1251 1328 1327 1243 1328 1251 1243 1329 1328 
1243 1318 1329 1319 1329 1318 1249 1253 1324 
1324 1330 1326 1324 1253 1330 1253 1255 1330 
1256 1331 1332 1256 1332 1255 1255 1332 1330 
1332 1331 1333 1262 1334 1261 1262 1335 1334 
1252 1335 1262 1252 1336 1335 1252 1327 1336 
1328 1336 1327 1256 1263 1331 1331 1337 1333 
1331 1263 1337 1263 1265 1337 1266 1338 1339 
1266 1339 1265 1265 1339 1337 1339 1338 1340 
1270 1341 1269 1342 1341 1270 1342 1270 1343 
1343 1270 1271 1334 1271 1261 1334 1344 1271 
1344 1343 1271 1335 1344 1334 1266 1273 1338 
1274 1345 1346 1273 1274 1346 1273 1346 1340 
1273 1340 1338 1346 1345 1347 1277 1348 1276 
1277 1349 1348 1269 1349 1277 1269 1350 1349 
1269 1341 1350 1342 1350 1341 1274 1278 1345 
1345 1278 1279 1345 1279 1347 1347 1279 1351 
1280 1352 1353 1281 1280 1353 1348 1280 1276 
1348 1354 1280 1354 1352 1280 1349 1354 1348 
1283 1282 1355 1283 1355 1356 1283 1356 1279 
1279 1356 1351 1284 1357 1358 1285 1284 1358 
1353 1284 1281 1357 1284 1353 1359 1360 1361 
1355 1361 1362 1355 1287 1361 1355 1282 1287 
1287 1359 1361 1356 1355 1362 1363 1364 1289 
1363 1289 1358 1358 1289 1285 1364 1365 1366 
1363 1365 1364 1365 1367 1366 1368 1369 1370 
1370 1371 1368 1372 1373 1374 1372 1292 1291 
1372 1374 1292 1374 1375 1292 1360 1359 1293 
1360 1293 1375 1375 1293 1292 1287 1293 1359 
1289 1364 1294 1295 1294 1364 1366 1295 1364 
1366 1367 1376 1366 1376 1295 1295 1376 1296 
1297 1296 1377 1296 1376 1377 1298 1297 1378 
1297 1377 1378 1369 1368 1299 1369 1299 1378 
1378 1299 1298 1368 1371 1379 1368 1379 1299 
1299 1379 1301 1303 1380 1381 1303 1301 1380 
1301 1379 1380 1380 1382 1381 1383 1384 1385 
1383 1306 1305 1383 1385 1306 1385 1386 1306 
1373 1372 1307 1373 1307 1386 1386 1307 1306 
1291 1307 1372 1303 1381 1308 1381 1382 1387 
1381 1387 1308 1308 1387 1309 1310 1309 1388 
1309 1387 1388 1312 1310 1389 1310 1388 1389 
1314 1312 1390 1312 1389 1390 1384 1383 1316 
1384 1316 1390 1390 1316 1314 1305 1316 1383 
1320 1391 1392 1319 1320 1392 1321 1393 1320 
1320 1393 1391 1322 1394 1321 1321 1394 1393 
1323 1395 1322 1322 1395 1394 1325 1396 1323 
1323 1396 1395 1326 1397 1398 1326 1398 1325 
1325 1398 1396 1398 1397 1399 1329 1400 1401 
1328 1329 1401 1392 1329 1319 1400 1329 1392 
1326 1330 1397 1397 1402 1399 1397 1330 1402 
1330 1332 1402 1333 1403 1404 1333 1404 1332 
1332 1404 1402 1404 1403 1405 1336 1406 1407 
1335 1336 1407 1401 1336 1328 1406 1336 1401 
1333 1337 1403 1403 1408 1405 1403 1337 1408 
1337 1339 1408 1408 1339 1340 1409 1408 1340 
1343 1410 1411 1342 1343 1411 1344 1412 1343 
1343 1412 1410 1407 1344 1335 1412 1344 1407 
1340 1413 1409 1346 1413 1340 1413 1346 1347 
1414 1413 1347 1415 1416 1417 1415 1349 1350 
1415 1350 1416 1416 1350 1418 1411 1350 1342 
1418 1350 1411 1347 1351 1414 1414 1351 1419 
1352 1420 1421 1353 1352 1421 1417 1354 1415 
1417 1420 1354 1420 1352 1354 1349 1415 1354 
1422 1423 1424 1422 1424 1419 1422 1419 1356 
1356 1419 1351 1357 1425 1358 1357 1426 1425 
1357 1353 1426 1353 1421 1426 1427 1428 1429 
1427 1361 1360 1427 1429 1361 1429 1430 1361 
1423 1422 1362 1423 1362 1430 1430 1362 1361 
1356 1362 1422 1358 1425 1363 1425 1426 1431 
1425 1431 1363 1363 1431 1365 1367 1432 1433 
1367 1365 1432 1365 1431 1432 1433 1434 1435 
1432 1434 1433 1435 1436 1437 1434 1436 1435 
1437 1370 1369 1437 1436 1370 1436 1438 1370 
1371 1439 1440 1371 1370 1439 1370 1438 1439 
1439 1441 1440 1442 1443 1444 1442 1374 1373 
1442 1444 1374 1444 1445 1374 1428 1427 1375 
1428 1375 1445 1445 1375 1374 1360 1375 1427 
1367 1433 1376 1377 1376 1433 1435 1377 1433 
1378 1377 1435 1437 1378 1435 1369 1378 1437 
1371 1440 1379 1440 1441 1446 1440 1446 1379 
1379 1446 1380 1382 1447 1448 1382 1380 1447 
1380 1446 1447 1447 1449 1448 1450 1451 1452 
1450 1385 1384 1450 1452 1385 1452 1453 1385 
1443 1442 1386 1443 1386 1453 1453 1386 1385 
1373 1386 1442 1382 1448 1387 1448 1449 1454 
1448 1454 1387 1387 1454 1388 1389 1388 1455 
1388 1454 1455 1451 1450 1390 1451 1390 1455 
1455 1390 1389 1384 1390 1450 1456 1457 1458 
1456 1392 1391 1456 1391 1457 1457 1391 1459 
1393 1460 1391 1391 1460 1459 1394 1461 1393 
1393 1461 1460 1395 1462 1394 1394 1462 1461 
1396 1463 1395 1395 1463 1462 1398 1464 1396 
1396 1464 1463 1464 1398 1399 1465 1464 1399 
1466 1467 1468 1458 1467 1466 1456 1458 1466 
1456 1466 1401 1456 1401 1400 1392 1456 1400 
1399 1469 1465 1402 1469 1399 1404 1470 1402 
1402 1470 1469 1405 1471 1472 1405 1472 1404 
1404 1472 1470 1472 1471 1473 1474 1475 1476 
1468 1475 1474 1466 1468 1474 1466 1474 1407 
1466 1407 1406 1401 1466 1406 1405 1408 1471 
1409 1477 1478 1408 1409 1478 1408 1478 1473 
1408 1473 1471 1478 1477 1479 1480 1481 1482 
1480 1411 1410 1480 1410 1481 1481 1410 1483 
1476 1412 1474 1476 1483 1412 1483 1410 1412 
1407 1474 1412 1409 1413 1477 1414 1484 1485 
1413 1414 1485 1413 1485 1479 1413 1479 1477 
1485 1484 1486 1416 1487 1488 1417 1416 1488 
1482 1418 1480 1482 1487 1418 1487 1416 1418 
1411 1480 1418 1484 1489 1490 1484 1414 1489 
1414 1419 1489 1486 1484 1490 1420 1491 1492 
1421 1420 1492 1488 1420 1417 1491 1420 1488 
1493 1494 1495 1493 1424 1423 1493 1495 1424 
1495 1496 1424 1489 1419 1424 1496 1489 1424 
1497 1498 1426 1497 1426 1492 1492 1426 1421 
1497 1499 1498 1500 1501 1502 1500 1503 1504 
1502 1503 1500 1503 1505 1504 1429 1506 1507 
1428 1506 1429 1494 1493 1430 1494 1430 1507 
1507 1430 1429 1423 1430 1493 1426 1498 1431 
1498 1499 1508 1498 1508 1431 1431 1508 1432 
1434 1432 1509 1432 1508 1509 1501 1500 1436 
1501 1436 1509 1509 1436 1434 1438 1436 1500 
1504 1438 1500 1504 1505 1510 1504 1510 1438 
1438 1510 1439 1510 1441 1439 1511 1441 1510 
1512 1513 1514 1512 1444 1443 1512 1514 1444 
1514 1515 1444 1445 1444 1516 1444 1515 1516 
1506 1428 1445 1516 1506 1445 1441 1511 1517 
1446 1441 1517 1447 1446 1518 1446 1517 1518 
1449 1519 1520 1449 1447 1519 1447 1518 1519 
1520 1521 1522 1519 1521 1520 1522 1452 1451 
1522 1521 1452 1521 1523 1452 1513 1512 1453 
1513 1453 1523 1523 1453 1452 1443 1453 1512 
1449 1520 1454 1455 1454 1520 1522 1455 1520 
1451 1455 1522 1524 1525 1526 1524 1527 1528 
1525 1524 1528 1528 1527 1529 1457 1530 1531 
1458 1457 1531 1459 1532 1457 1457 1532 1530 
1460 1533 1459 1459 1533 1532 1461 1534 1460 
1460 1534 1533 1526 1462 1524 1526 1534 1462 
1534 1461 1462 1463 1524 1462 1527 1524 1463 
1527 1535 1529 1527 1463 1535 1463 1464 1535 
1465 1536 1537 1465 1537 1464 1464 1537 1535 
1536 1538 1539 1537 1536 1539 1539 1538 1540 
1467 1541 1542 1468 1467 1542 1531 1467 1458 
1541 1467 1531 1465 1469 1536 1470 1536 1469 
1538 1536 1470 1538 1543 1540 1538 1470 1543 
1470 1472 1543 1543 1472 1473 1544 1543 1473 
1545 1546 1547 1545 1476 1475 1545 1475 1546 
1546 1475 1548 1542 1475 1468 1548 1475 1542 
1549 1473 1478 1549 1550 1473 1550 1544 1473 
1478 1479 1549 1481 1551 1552 1482 1481 1552 
1547 1483 1545 1547 1551 1483 1551 1481 1483 
1476 1545 1483 1549 1553 1550 1554 1555 1553 
1485 1554 1553 1485 1553 1549 1485 1549 1479 
1485 1486 1554 1556 1557 1558 1556 1488 1487 
1556 1487 1557 1557 1487 1559 1552 1487 1482 
1559 1487 1552 1490 1555 1554 1490 1489 1555 
1489 1560 1555 1486 1490 1554 1491 1556 1558 
1491 1558 1492 1492 1558 1561 1488 1556 1491 
1562 1563 1564 1562 1495 1494 1562 1564 1495 
1564 1565 1495 1496 1495 1566 1495 1565 1566 
1560 1489 1496 1566 1560 1496 1492 1561 1567 
1497 1492 1567 1499 1568 1569 1499 1497 1568 
1497 1567 1568 1569 1570 1571 1568 1570 1569 
1571 1502 1501 1571 1570 1502 1570 1572 1502 
1503 1502 1573 1502 1572 1573 1573 1505 1503 
1574 1505 1573 1575 1576 1577 1563 1575 1577 
1562 1575 1563 1562 1506 1575 1562 1507 1506 
1494 1507 1562 1499 1569 1508 1509 1508 1569 
1571 1509 1569 1501 1509 1571 1505 1574 1578 
1510 1505 1578 1578 1511 1510 1579 1511 1578 
1514 1580 1581 1513 1580 1514 1515 1514 1582 
1514 1581 1582 1576 1575 1516 1576 1516 1582 
1582 1516 1515 1506 1516 1575 1511 1579 1583 
1517 1511 1583 1518 1517 1584 1517 1583 1584 
1519 1518 1585 1518 1584 1585 1521 1519 1586 
1519 1585 1586 1523 1521 1587 1521 1586 1587 
1580 1513 1523 1587 1580 1523 1588 1589 1590 
1588 1526 1525 1588 1525 1589 1589 1525 1591 
1528 1592 1525 1525 1592 1591 1529 1593 1594 
1529 1594 1528 1528 1594 1592 1594 1593 1595 
1596 1597 1598 1596 1531 1530 1596 1530 1597 
1597 1530 1599 1532 1600 1530 1530 1600 1599 
1533 1601 1532 1532 1601 1600 1590 1534 1588 
1590 1601 1534 1601 1533 1534 1526 1588 1534 
1529 1535 1593 1593 1602 1595 1593 1535 1602 
1535 1537 1602 1539 1603 1537 1537 1603 1602 
1603 1539 1540 1604 1603 1540 1605 1606 1607 
1598 1606 1605 1596 1598 1605 1596 1605 1542 
1596 1542 1541 1531 1596 1541 1540 1608 1604 
1543 1608 1540 1608 1543 1544 1609 1608 1544 
1610 1611 1612 1610 1547 1546 1610 1546 1611 
1611 1546 1613 1607 1548 1605 1607 1613 1548 
1613 1546 1548 1542 1605 1548 1614 1550 1615 
1614 1609 1550 1609 1544 1550 1614 1615 1616 
1617 1618 1619 1612 1618 1617 1610 1612 1617 
1610 1617 1552 1610 1552 1551 1547 1610 1551 
1550 1553 1615 1555 1620 1621 1553 1555 1621 
1553 1621 1616 1553 1616 1615 1621 1620 1622 
1557 1623 1624 1558 1557 1624 1619 1559 1617 
1619 1623 1559 1623 1557 1559 1552 1617 1559 
1625 1626 1627 1620 1627 1628 1620 1560 1627 
1620 1555 1560 1560 1625 1627 1622 1620 1628 
1629 1630 1561 1629 1561 1624 1624 1561 1558 
1629 1631 1630 1632 1633 1634 1632 1635 1636 
1634 1635 1632 1636 1637 1638 1635 1637 1636 
1637 1639 1638 1564 1640 1641 1563 1640 1564 
1565 1564 1642 1564 1641 1642 1626 1625 1566 
1626 1566 1642 1642 1566 1565 1560 1566 1625 
1561 1630 1567 1630 1631 1643 1630 1643 1567 
1567 1643 1568 1633 1632 1570 1633 1570 1643 
1643 1570 1568 1572 1570 1632 1636 1572 1632 
1573 1572 1636 1638 1573 1636 1574 1644 1645 
1573 1644 1574 1573 1639 1644 1573 1638 1639 
1644 1646 1645 1647 1648 1649 1647 1650 1651 
1649 1650 1647 1651 1577 1576 1651 1650 1577 
1650 1652 1577 1640 1563 1577 1652 1640 1577 
1574 1645 1578 1579 1653 1654 1578 1653 1579 
1578 1646 1653 1578 1645 1646 1653 1655 1654 
1656 1657 1658 1656 1659 1660 1658 1659 1656 
1648 1660 1659 1647 1660 1648 1647 1580 1660 
1647 1581 1580 1582 1581 1647 1651 1582 1647 
1576 1582 1651 1579 1654 1583 1654 1655 1661 
1654 1661 1583 1583 1661 1584 1585 1584 1662 
1584 1661 1662 1657 1656 1586 1657 1586 1662 
1662 1586 1585 1587 1586 1656 1660 1587 1656 
1580 1587 1660 1663 1664 1665 1663 1590 1589 
1663 1589 1664 1664 1589 1666 1591 1667 1589 
1589 1667 1666 1592 1668 1591 1591 1668 1667 
1594 1669 1592 1592 1669 1668 1595 1670 1671 
1595 1671 1594 1594 1671 1669 1671 1670 1672 
1597 1673 1674 1598 1597 1674 1599 1675 1597 
1597 1675 1673 1600 1676 1599 1599 1676 1675 
1665 1601 1663 1665 1676 1601 1676 1600 1601 
1590 1663 1601 1595 1602 1670 1670 1677 1672 
1670 1602 1677 1602 1603 1677 1604 1678 1679 
1604 1679 1603 1603 1679 1677 1679 1678 1680 
1681 1682 1683 1681 1607 1606 1681 1606 1682 
1682 1606 1684 1674 1606 1598 1684 1606 1674 
1685 1604 1608 1685 1686 1604 1678 1604 1687 
1687 1604 1686 1678 1687 1680 1608 1609 1685 
1688 1689 1690 1688 1612 1611 1688 1611 1689 
1689 1611 1691 1683 1613 1681 1683 1691 1613 
1691 1611 1613 1607 1681 1613 1685 1692 1686 
1693 1694 1692 1614 1693 1692 1614 1692 1685 
1614 1685 1609 1614 1616 1693 1695 1696 1697 
1690 1696 1695 1688 1690 1695 1688 1695 1619 
1688 1619 1618 1612 1688 1618 1693 1698 1694 
1616 1698 1693 1616 1621 1698 1621 1699 1698 
1699 1621 1622 1700 1699 1622 1623 1695 1697 
1623 1697 1624 1624 1697 1701 1619 1695 1623 
1627 1702 1703 1626 1702 1627 1628 1627 1704 
1627 1703 1704 1700 1622 1628 1704 1700 1628 
1624 1701 1705 1629 1624 1705 1631 1706 1707 
1631 1629 1706 1629 1705 1706 1707 1634 1633 
1707 1706 1634 1706 1708 1634 1635 1634 1709 
1634 1708 1709 1637 1635 1710 1635 1709 1710 
1639 1711 1712 1639 1637 1711 1637 1710 1711 
1711 1713 1712 1714 1715 1716 1714 1717 1718 
1716 1717 1714 1718 1719 1720 1717 1719 1718 
1720 1641 1640 1720 1719 1641 1719 1721 1641 
1642 1641 1722 1641 1721 1722 1702 1626 1642 
1722 1702 1642 1631 1707 1643 1633 1643 1707 
1639 1712 1644 1646 1723 1724 1644 1723 1646 
1644 1713 1723 1644 1712 1713 1723 1725 1724 
1726 1727 1728 1726 1729 1730 1728 1729 1726 
1715 1730 1729 1714 1730 1715 1714 1648 1730 
1714 1649 1648 1650 1649 1714 1718 1650 1714 
1652 1650 1718 1720 1652 1718 1640 1652 1720 
1646 1724 1653 1655 1731 1732 1653 1731 1655 
1653 1725 1731 1653 1724 1725 1732 1733 1734 
1731 1733 1732 1727 1734 1733 1726 1734 1727 
1726 1657 1734 1726 1658 1657 1659 1658 1726 
1730 1659 1726 1648 1659 1730 1655 1732 1661 
1662 1661 1732 1734 1662 1732 1657 1662 1734 
1735 1736 1737 1735 1665 1664 1735 1664 1736 
1736 1664 1738 1666 1739 1664 1664 1739 1738 
1667 1740 1666 1666 1740 1739 1668 1741 1667 
1667 1741 1740 1669 1742 1668 1668 1742 1741 
1671 1743 1669 1669 1743 1742 1672 1744 1745 
1672 1745 1671 1671 1745 1743 1745 1744 1746 
1747 1748 1749 1747 1674 1673 1747 1673 1748 
1748 1673 1750 1675 1751 1673 1673 1751 1750 
1737 1676 1735 1737 1751 1676 1751 1675 1676 
1665 1735 1676 1672 1677 1744 1744 1677 1679 
1744 1679 1752 1744 1752 1746 1752 1679 1753 
1679 1680 1753 1754 1755 1756 1754 1683 1682 
1754 1682 1755 1755 1682 1757 1749 1684 1747 
1749 1757 1684 1757 1682 1684 1674 1747 1684 
1687 1752 1753 1687 1686 1752 1686 1758 1752 
1680 1687 1753 1759 1760 1761 1759 1690 1689 
1759 1689 1760 1760 1689 1762 1756 1691 1754 
1756 1762 1691 1762 1689 1691 1683 1754 1691 
1686 1763 1758 1692 1763 1686 1763 1692 1694 
1764 1763 1694 1696 1759 1761 1696 1761 1697 
1697 1761 1765 1690 1759 1696 1694 1766 1764 
1698 1766 1694 1767 1768 1766 1767 1766 1699 
1699 1766 1698 1699 1700 1767 1769 1770 1701 
1769 1701 1765 1765 1701 1697 1770 1771 1772 
1769 1771 1770 1772 1773 1774 1771 1773 1772 
1774 1775 1776 1773 1775 1774 1776 1777 1778 
1775 1777 1776 1777 1779 1778 1780 1781 1782 
1780 1703 1702 1780 1782 1703 1782 1783 1703 
1768 1767 1704 1768 1704 1783 1783 1704 1703 
1700 1704 1767 1701 1770 1705 1706 1705 1770 
1772 1706 1770 1708 1706 1772 1774 1708 1772 
1709 1708 1774 1776 1709 1774 1710 1709 1776 
1778 1710 1776 1778 1779 1784 1778 1784 1710 
1710 1784 1711 1713 1785 1786 1713 1711 1785 
1711 1784 1785 1785 1787 1786 1716 1788 1789 
1715 1788 1716 1717 1716 1790 1716 1789 1790 
1719 1717 1791 1717 1790 1791 1721 1719 1792 
1719 1791 1792 1781 1780 1722 1781 1722 1792 
1792 1722 1721 1702 1722 1780 1713 1786 1723 
1725 1793 1794 1723 1793 1725 1723 1787 1793 
1723 1786 1787 1794 1795 1796 1793 1795 1794 
1796 1728 1727 1796 1795 1728 1795 1797 1728 
1729 1728 1798 1728 1797 1798 1788 1715 1729 
1798 1788 1729 1725 1794 1731 1733 1731 1794 
1796 1733 1794 1727 1733 1796 1799 1800 1801 
1799 1802 1803 1800 1799 1803 1802 1804 1805 
1803 1802 1805 1804 1737 1736 1804 1736 1805 
1805 1736 1806 1738 1807 1736 1736 1807 1806 
1739 1808 1738 1738 1808 1807 1740 1809 1739 
1739 1809 1808 1741 1810 1740 1740 1810 1809 
1742 1811 1741 1741 1811 1810 1743 1812 1742 
1742 1812 1811 1745 1813 1743 1743 1813 1812 
1813 1745 1746 1814 1813 1746 1815 1816 1817 
1801 1816 1815 1799 1801 1815 1799 1815 1749 
1799 1749 1748 1750 1799 1748 1802 1799 1750 
1751 1802 1750 1804 1802 1751 1737 1804 1751 
1746 1752 1814 1814 1752 1818 1819 1820 1821 
1819 1822 1823 1820 1819 1823 1822 1756 1755 
1822 1755 1823 1823 1755 1824 1817 1757 1815 
1817 1824 1757 1824 1755 1757 1749 1815 1757 
1752 1758 1818 1818 1758 1825 1826 1827 1828 
1821 1827 1826 1819 1821 1826 1819 1826 1761 
1819 1761 1760 1762 1819 1760 1822 1819 1762 
1756 1822 1762 1758 1829 1825 1763 1829 1758 
1829 1763 1764 1830 1829 1764 1826 1828 1831 
1826 1765 1761 1826 1832 1765 1826 1831 1832 
1833 1765 1832 1832 1834 1833 1835 1764 1766 
1835 1836 1764 1836 1830 1764 1766 1768 1835 
1765 1833 1769 1833 1834 1837 1833 1837 1769 
1769 1837 1771 1773 1771 1838 1771 1837 1838 
1775 1773 1839 1773 1838 1839 1777 1775 1840 
1775 1839 1840 1840 1779 1777 1841 1779 1840 
1842 1843 1844 1842 1845 1846 1844 1845 1842 
1846 1847 1848 1845 1847 1846 1848 1782 1781 
1848 1847 1782 1847 1849 1782 1836 1835 1783 
1836 1783 1849 1849 1783 1782 1768 1783 1835 
1779 1841 1850 1784 1779 1850 1785 1784 1851 
1784 1850 1851 1851 1787 1785 1852 1787 1851 
1789 1853 1854 1788 1853 1789 1843 1842 1790 
1843 1790 1854 1854 1790 1789 1791 1790 1842 
1846 1791 1842 1792 1791 1846 1848 1792 1846 
1781 1792 1848 1787 1852 1855 1793 1787 1855 
1795 1793 1856 1793 1855 1856 1797 1795 1857 
1795 1856 1857 1798 1797 1858 1797 1857 1858 
1853 1788 1798 1858 1853 1798 1859 1860 1861 
1859 1862 1863 1860 1859 1863 1862 1864 1865 
1863 1862 1865 1865 1864 1866 1867 1868 1869 
1867 1801 1800 1867 1800 1868 1868 1800 1870 
1803 1871 1800 1800 1871 1870 1805 1872 1803 
1803 1872 1871 1806 1873 1805 1805 1873 1872 
1807 1874 1806 1806 1874 1873 1808 1875 1807 
1807 1875 1874 1861 1809 1859 1861 1875 1809 
1875 1808 1809 1810 1859 1809 1862 1859 1810 
1811 1862 1810 1864 1862 1811 1864 1876 1866 
1864 1811 1876 1811 1812 1876 1813 1877 1812 
1812 1877 1876 1877 1813 1814 1878 1877 1814 
1879 1880 1881 1879 1882 1883 1880 1879 1883 
1869 1883 1882 1867 1869 1882 1867 1882 1817 
1867 1817 1816 1801 1867 1816 1884 1818 1885 
1884 1878 1818 1878 1814 1818 1884 1885 1886 
1887 1888 1889 1887 1821 1820 1887 1820 1888 
1888 1820 1890 1881 1823 1879 1881 1890 1823 
1890 1820 1823 1824 1879 1823 1882 1879 1824 
1817 1882 1824 1885 1825 1891 1818 1825 1885 
1892 1886 1885 1891 1892 1885 1827 1893 1828 
1887 1889 1894 1893 1821 1895 1893 1827 1821 
1895 1821 1896 1887 1894 1821 1896 1821 1894 
1896 1897 1895 1825 1829 1891 1891 1829 1830 
1891 1830 1892 1892 1830 1898 1828 1893 1831 
1832 1831 1893 1895 1832 1893 1834 1899 1900 
1832 1899 1834 1832 1897 1899 1832 1895 1897 
1900 1901 1902 1899 1901 1900 1902 1903 1904 
1901 1903 1902 1904 1905 1906 1903 1905 1904 
1905 1907 1906 1908 1909 1910 1908 1911 1912 
1910 1911 1908 1912 1913 1914 1911 1913 1912 
1914 1913 1898 1914 1898 1836 1836 1898 1830 
1834 1900 1837 1838 1837 1900 1902 1838 1900 
1839 1838 1902 1904 1839 1902 1840 1839 1904 
1906 1840 1904 1841 1915 1916 1840 1915 1841 
1840 1907 1915 1840 1906 1907 1915 1917 1916 
1918 1919 1920 1918 1844 1843 1918 1920 1844 
1920 1921 1844 1909 1908 1845 1909 1845 1921 
1921 1845 1844 1847 1845 1908 1912 1847 1908 
1849 1847 1912 1914 1849 1912 1836 1849 1914 
1841 1916 1850 1916 1917 1922 1916 1922 1850 
1850 1922 1851 1852 1923 1924 1852 1851 1923 
1851 1922 1923 1924 1925 1926 1923 1925 1924 
1926 1927 1928 1925 1927 1926 1928 1929 1930 
1927 1929 1928 1919 1930 1929 1918 1930 1919 
1918 1853 1930 1918 1854 1853 1843 1854 1918 
1852 1924 1855 1856 1855 1924 1926 1856 1924 
1857 1856 1926 1928 1857 1926 1858 1857 1928 
1930 1858 1928 1853 1858 1930 1931 1932 1933 
1931 1934 1935 1932 1931 1935 1934 1936 1937 
1935 1934 1937 1936 1938 1939 1937 1936 1939 
1938 1940 1941 1939 1938 1941 1940 1942 1943 
1941 1940 1943 1942 1944 1945 1943 1942 1945 
1944 1861 1860 1944 1860 1945 1945 1860 1946 
1863 1947 1860 1860 1947 1946 1865 1948 1863 
1863 1948 1947 1948 1865 1866 1949 1948 1866 
1950 1951 1952 1950 1953 1954 1951 1950 1954 
1933 1954 1953 1931 1933 1953 1931 1953 1869 
1931 1869 1868 1870 1931 1868 1934 1931 1870 
1871 1934 1870 1936 1934 1871 1872 1936 1871 
1938 1936 1872 1873 1938 1872 1940 1938 1873 
1874 1940 1873 1942 1940 1874 1875 1942 1874 
1944 1942 1875 1861 1944 1875 1866 1955 1949 
1876 1955 1866 1877 1956 1876 1876 1956 1955 
1956 1877 1878 1957 1956 1878 1958 1959 1960 
1958 1961 1962 1959 1958 1962 1952 1962 1961 
1950 1952 1961 1950 1961 1881 1950 1881 1880 
1883 1950 1880 1953 1950 1883 1869 1953 1883 
1963 1878 1884 1963 1964 1878 1964 1957 1878 
1884 1886 1963 1965 1966 1967 1960 1966 1965 
1958 1960 1965 1958 1965 1889 1958 1889 1888 
1890 1958 1888 1961 1958 1890 1881 1961 1890 
1963 1968 1964 1968 1963 1886 1968 1886 1969 
1969 1886 1892 1965 1967 1970 1889 1965 1970 
1889 1970 1894 1894 1970 1971 1896 1894 1972 
1894 1971 1972 1897 1973 1974 1897 1896 1973 
1896 1972 1973 1974 1975 1976 1973 1975 1974 
1976 1977 1978 1975 1977 1976 1977 1979 1978 
1980 1898 1981 1980 1969 1898 1969 1892 1898 
1980 1981 1982 1897 1974 1899 1901 1899 1974 
1976 1901 1974 1903 1901 1976 1978 1903 1976 
1978 1979 1983 1978 1983 1903 1903 1983 1905 
1983 1907 1905 1984 1907 1983 1985 1986 1987 
1985 1988 1989 1987 1988 1985 1989 1910 1909 
1989 1988 1910 1988 1990 1910 1911 1910 1991 
1910 1990 1991 1913 1911 1992 1911 1991 1992 
1981 1898 1913 1981 1913 1993 1993 1913 1992 
1982 1981 1993 1907 1984 1994 1915 1907 1994 
1994 1917 1915 1995 1917 1994 1996 1997 1998 
1996 1999 2000 1998 1999 1996 2000 2001 2002 
1999 2001 2000 1986 2002 2001 1985 2002 1986 
1985 1919 2002 1985 1920 1919 1921 1920 1985 
1989 1921 1985 1909 1921 1989 1917 1995 2003 
1922 1917 2003 1923 1922 2004 1922 2003 2004 
1997 1996 1925 1997 1925 2004 2004 1925 1923 
1927 1925 1996 2000 1927 1996 1929 1927 2000 
2002 1929 2000 1919 1929 2002 2005 2006 2007 
2006 2005 2008 2009 2010 2011 2009 2012 2013 
2010 2009 2013 2012 1933 1932 2012 1932 2013 
2013 1932 2014 1935 2015 1932 1932 2015 2014 
1937 2016 1935 1935 2016 2015 1939 2017 1937 
1937 2017 2016 1941 2018 1939 1939 2018 2017 
1943 2019 1941 1941 2019 2018 1945 2020 1943 
1943 2020 2019 1946 2021 1945 1945 2021 2020 
2007 1947 2005 2007 2021 1947 2021 1946 1947 
2005 2022 2008 2005 1947 2022 1947 1948 2022 
1949 2023 2024 1949 2024 1948 1948 2024 2022 
2024 2023 2025 2026 2027 2028 2011 2027 2026 
2009 2011 2026 2009 2026 1952 2009 1952 1951 
1954 2009 1951 2012 2009 1954 1933 2012 1954 
1949 1955 2023 2023 2029 2025 2023 1955 2029 
1955 1956 2029 2029 1956 1957 2030 2029 1957 
2031 2032 2033 2031 1960 1959 2031 1959 2032 
2032 1959 2034 2028 1962 2026 2028 2034 1962 
2034 1959 1962 1952 2026 1962 1957 1964 2030 
2030 1964 2035 1966 2036 1967 2031 2033 2037 
2037 1960 2031 2037 2038 1960 1966 1960 2036 
2036 1960 2038 1964 2039 2035 1968 2039 1964 
2039 1968 1969 2040 2039 1969 1967 2036 1970 
2036 2038 2041 2036 2041 1970 1970 2041 1971 
1972 1971 2042 1971 2041 2042 1973 1972 2043 
1972 2042 2043 1975 1973 2044 1973 2043 2044 
1977 1975 2045 1975 2044 2045 2045 1979 1977 
2046 1979 2045 2047 2048 2049 2047 2050 2051 
2049 2050 2047 2051 2052 2053 2050 2052 2051 
2053 2054 2055 2052 2054 2053 1980 2056 2055 
1980 2055 2040 1980 2040 1969 2054 2040 2055 
1980 1982 2056 1979 2046 2057 1983 1979 2057 
2057 1984 1983 2058 1984 2057 2059 2060 2061 
2059 2062 2063 2061 2062 2059 2063 2064 2065 
2062 2064 2063 2065 1987 1986 2065 2064 1987 
2064 2066 1987 2048 2047 1988 2048 1988 2066 
2066 1988 1987 1990 1988 2047 2051 1990 2047 
1991 1990 2051 2053 1991 2051 1992 1991 2053 
2055 1992 2053 1993 1992 2055 2056 1993 2055 
1982 1993 2056 1984 2058 2067 1994 1984 2067 
2067 1995 1994 2068 1995 2067 2069 2070 2071 
2060 2069 2071 2059 2069 2060 2059 1997 2069 
2059 1998 1997 1999 1998 2059 2063 1999 2059 
2001 1999 2063 2065 2001 2063 1986 2001 2065 
1995 2068 2072 2003 1995 2072 2070 2069 2004 
2070 2004 2072 2072 2004 2003 1997 2004 2069 
2073 2074 2075 2073 2076 2077 2074 2073 2077 
2076 2078 2079 2077 2076 2079 2078 2080 2081 
2079 2078 2081 2080 2082 2083 2081 2080 2083 
2082 2007 2006 2082 2006 2083 2083 2006 2084 
2084 2006 2008 2085 2084 2008 2086 2087 2088 
2086 2011 2010 2086 2010 2087 2087 2010 2089 
2013 2090 2010 2010 2090 2089 2014 2091 2013 
2013 2091 2090 2015 2092 2014 2014 2092 2091 
2016 2093 2015 2015 2093 2092 2075 2017 2073 
2075 2093 2017 2093 2016 2017 2018 2073 2017 
2076 2073 2018 2019 2076 2018 2078 2076 2019 
2020 2078 2019 2080 2078 2020 2021 2080 2020 
2082 2080 2021 2007 2082 2021 2008 2094 2085 
2022 2094 2008 2024 2095 2022 2022 2095 2094 
2095 2024 2025 2096 2095 2025 2097 2098 2099 
2097 2100 2101 2098 2097 2101 2088 2101 2100 
2086 2088 2100 2086 2100 2028 2086 2028 2027 
2011 2086 2027 2025 2102 2096 2029 2102 2025 
2102 2029 2030 2103 2102 2030 2104 2105 2106 
2099 2105 2104 2097 2099 2104 2097 2104 2033 
2097 2033 2032 2034 2097 2032 2100 2097 2034 
2028 2100 2034 2030 2035 2103 2103 2035 2107 
2104 2106 2108 2033 2104 2108 2033 2108 2037 
2037 2108 2109 2038 2110 2111 2038 2037 2110 
2037 2109 2110 2111 2112 2113 2110 2112 2111 
2113 2114 2115 2112 2114 2113 2115 2116 2117 
2114 2116 2115 2116 2118 2117 2035 2119 2107 
2039 2119 2035 2119 2039 2040 2120 2119 2040 
2038 2111 2041 2042 2041 2111 2113 2042 2111 
2043 2042 2113 2115 2043 2113 2044 2043 2115 
2117 2044 2115 2117 2118 2121 2117 2121 2044 
2044 2121 2045 2046 2122 2123 2046 2045 2122 
2045 2121 2122 2122 2124 2123 2125 2126 2127 
2125 2128 2129 2127 2128 2125 2129 2049 2048 
2129 2128 2049 2128 2130 2049 2050 2049 2131 
2049 2130 2131 2052 2050 2132 2050 2131 2132 
2054 2052 2133 2052 2132 2133 2120 2040 2054 
2133 2120 2054 2046 2123 2057 2058 2134 2135 
2057 2134 2058 2057 2124 2134 2057 2123 2124 
2134 2136 2135 2137 2138 2139 2137 2061 2060 
2137 2139 2061 2139 2140 2061 2062 2061 2141 
2061 2140 2141 2126 2125 2064 2126 2064 2141 
2141 2064 2062 2066 2064 2125 2129 2066 2125 
2048 2066 2129 2058 2135 2067 2068 2142 2143 
2067 2142 2068 2067 2136 2142 2067 2135 2136 
2138 2143 2142 2137 2143 2138 2137 2070 2143 
2137 2071 2070 2060 2071 2137 2068 2143 2072 
2070 2072 2143 2144 2145 2146 2144 2147 2148 
2145 2144 2148 2147 2149 2150 2148 2147 2150 
2149 2151 2152 2150 2149 2152 2151 2153 2154 
2152 2151 2154 2153 2155 2156 2154 2153 2156 
2155 2157 2158 2156 2155 2158 2157 2159 2160 
2158 2157 2160 2159 2075 2074 2159 2074 2160 
2160 2074 2161 2077 2162 2074 2074 2162 2161 
2079 2163 2077 2077 2163 2162 2081 2164 2079 
2079 2164 2163 2083 2165 2081 2081 2165 2164 
2084 2166 2083 2083 2166 2165 2166 2084 2085 
2167 2166 2085 2168 2144 2146 2169 2168 2146 
2147 2144 2170 2170 2144 2168 2087 2170 2088 
2087 2149 2170 2149 2147 2170 2089 2149 2087 
2151 2149 2089 2090 2151 2089 2153 2151 2090 
2091 2153 2090 2155 2153 2091 2092 2155 2091 
2157 2155 2092 2093 2157 2092 2159 2157 2093 
2075 2159 2093 2085 2171 2167 2094 2171 2085 
2095 2172 2094 2094 2172 2171 2172 2095 2096 
2173 2172 2096 2174 2175 2176 2169 2175 2174 
2168 2169 2174 2168 2174 2099 2168 2099 2098 
2101 2168 2098 2170 2168 2101 2088 2170 2101 
2177 2096 2102 2177 2178 2096 2178 2173 2096 
2102 2103 2177 2105 2174 2176 2105 2176 2106 
2106 2176 2179 2099 2174 2105 2177 2180 2178 
2180 2177 2103 2180 2103 2181 2181 2103 2107 
2106 2179 2182 2108 2106 2182 2109 2108 2183 
2108 2182 2183 2110 2109 2184 2109 2183 2184 
2112 2110 2185 2110 2184 2185 2114 2112 2186 
2112 2185 2186 2116 2114 2187 2114 2186 2187 
2118 2188 2189 2118 2116 2188 2116 2187 2188 
2188 2190 2189 2191 2192 2193 2193 2194 2191 
2107 2195 2181 2119 2195 2107 2195 2119 2120 
2196 2195 2120 2118 2189 2121 2189 2190 2197 
2189 2197 2121 2121 2197 2122 2197 2124 2122 
2198 2124 2197 2199 2200 2201 2199 2202 2203 
2201 2202 2199 2203 2127 2126 2203 2202 2127 
2202 2204 2127 2128 2127 2205 2127 2204 2205 
2130 2128 2206 2128 2205 2206 2192 2191 2131 
2192 2131 2206 2206 2131 2130 2191 2194 2207 
2191 2207 2131 2131 2207 2132 2133 2132 2208 
2132 2207 2208 2196 2120 2133 2208 2196 2133 
2124 2198 2209 2134 2124 2209 2136 2210 2211 
2136 2134 2210 2134 2209 2210 2211 2139 2138 
2211 2210 2139 2210 2212 2139 2200 2199 2140 
2200 2140 2212 2212 2140 2139 2141 2140 2199 
2203 2141 2199 2126 2141 2203 2136 2211 2142 
2138 2142 2211 2213 2214 2215 2213 2216 2217 
2214 2213 2217 2216 2218 2219 2217 2216 2219 
2218 2220 2221 2219 2218 2221 2221 2220 2222 
2223 2224 2225 2223 2226 2227 2224 2223 2227 
2226 2228 2229 2227 2226 2229 2228 2230 2231 
2229 2228 2231 2230 2232 2233 2231 2230 2233 
2232 2234 2235 2233 2232 2235 2234 2236 2237 
2235 2234 2237 2236 2238 2239 2237 2236 2239 
2239 2238 2240 2241 2242 2243 2215 2242 2241 
2213 2215 2241 2213 2241 2146 2213 2146 2145 
2148 2213 2145 2216 2213 2148 2150 2216 2148 
2218 2216 2150 2152 2218 2150 2220 2218 2152 
2220 2244 2222 2220 2152 2244 2152 2154 2244 
2156 2245 2154 2154 2245 2244 2225 2158 2223 
2225 2245 2158 2245 2156 2158 2160 2223 2158 
2226 2223 2160 2161 2226 2160 2228 2226 2161 
2162 2228 2161 2230 2228 2162 2163 2230 2162 
2232 2230 2163 2164 2232 2163 2234 2232 2164 
2165 2234 2164 2236 2234 2165 2166 2236 2165 
2238 2236 2166 2167 2246 2247 2166 2167 2247 
2166 2247 2240 2166 2240 2238 2247 2246 2248 
2249 2241 2243 2250 2249 2243 2146 2249 2169 
2241 2249 2146 2167 2171 2246 2246 2251 2248 
2246 2171 2251 2171 2172 2251 2251 2172 2173 
2252 2251 2173 2253 2254 2255 2250 2254 2253 
2249 2250 2253 2249 2253 2176 2249 2176 2175 
2169 2249 2175 2173 2178 2252 2252 2178 2256 
2253 2255 2257 2253 2179 2176 2253 2258 2179 
2253 2257 2258 2259 2179 2258 2259 2260 2261 
2258 2260 2259 2261 2262 2263 2260 2262 2261 
2263 2264 2265 2262 2264 2263 2264 2266 2265 
2178 2267 2256 2180 2267 2178 2267 2180 2181 
2268 2267 2181 2179 2259 2182 2183 2182 2259 
2261 2183 2259 2184 2183 2261 2263 2184 2261 
2185 2184 2263 2265 2185 2263 2265 2266 2269 
2265 2269 2185 2185 2269 2186 2187 2186 2270 
2186 2269 2270 2188 2187 2271 2187 2270 2271 
2271 2190 2188 2272 2190 2271 2273 2274 2275 
2273 2276 2277 2275 2276 2273 2277 2193 2192 
2277 2276 2193 2276 2278 2193 2194 2279 2280 
2194 2193 2279 2193 2278 2279 2195 2281 2280 
2195 2280 2268 2195 2268 2181 2279 2268 2280 
2195 2196 2281 2190 2272 2282 2197 2190 2282 
2198 2283 2284 2198 2197 2283 2197 2282 2283 
2283 2285 2284 2286 2287 2288 2286 2201 2200 
2286 2288 2201 2288 2289 2201 2202 2201 2290 
2201 2289 2290 2204 2202 2291 2202 2290 2291 
2274 2273 2205 2274 2205 2291 2291 2205 2204 
2206 2205 2273 2277 2206 2273 2192 2206 2277 
2194 2280 2207 2208 2207 2280 2281 2208 2280 
2196 2208 2281 2198 2284 2209 2284 2285 2292 
2284 2292 2209 2209 2292 2210 2287 2286 2212 
2287 2212 2292 2292 2212 2210 2200 2212 2286 
2293 2294 2295 2293 2296 2297 2294 2293 2297 
2297 2296 2298 2299 2300 2301 2300 2299 2302 
2303 2304 2305 2303 2215 2214 2303 2214 2304 
2304 2214 2306 2217 2307 2214 2214 2307 2306 
2219 2308 2217 2217 2308 2307 2221 2309 2219 
2219 2309 2308 2222 2310 2311 2222 2311 2221 
2221 2311 2309 2310 2312 2313 2311 2310 2313 
2312 2225 2224 2312 2224 2313 2313 2224 2314 
2227 2315 2224 2224 2315 2314 2229 2316 2227 
2227 2316 2315 2295 2231 2293 2295 2316 2231 
2316 2229 2231 2233 2293 2231 2296 2293 2233 
2296 2317 2298 2296 2233 2317 2233 2235 2317 
2301 2237 2299 2301 2317 2237 2317 2235 2237 
2299 2318 2302 2299 2237 2318 2237 2239 2318 
2318 2239 2240 2319 2318 2240 2320 2321 2322 
2305 2321 2320 2303 2305 2320 2303 2320 2243 
2303 2243 2242 2215 2303 2242 2222 2244 2310 
2245 2310 2244 2312 2310 2245 2225 2312 2245 
2240 2323 2319 2247 2323 2240 2323 2247 2248 
2324 2323 2248 2325 2320 2322 2326 2325 2322 
2243 2325 2250 2320 2325 2243 2327 2248 2251 
2327 2328 2248 2328 2324 2248 2251 2252 2327 
2254 2329 2255 2325 2326 2330 2330 2250 2325 
2330 2331 2250 2254 2250 2329 2329 2250 2331 
2332 2328 2327 2333 2328 2332 2252 2256 2332 
2327 2252 2332 2255 2329 2257 2329 2331 2334 
2329 2334 2257 2257 2334 2258 2260 2258 2335 
2258 2334 2335 2262 2260 2336 2260 2335 2336 
2264 2262 2337 2262 2336 2337 2266 2338 2339 
2266 2264 2338 2264 2337 2338 2339 2340 2341 
2338 2340 2339 2340 2342 2341 2332 2343 2333 
2344 2345 2343 2267 2344 2343 2267 2343 2332 
2267 2332 2256 2267 2268 2344 2266 2339 2269 
2270 2269 2339 2341 2270 2339 2341 2342 2346 
2341 2346 2270 2270 2346 2271 2272 2347 2348 
2272 2271 2347 2271 2346 2347 2347 2349 2348 
2350 2351 2352 2350 2353 2354 2352 2353 2350 
2354 2275 2274 2354 2353 2275 2353 2355 2275 
2276 2275 2356 2275 2355 2356 2278 2276 2357 
2276 2356 2357 2345 2344 2279 2345 2279 2357 
2357 2279 2278 2268 2279 2344 2272 2348 2282 
2348 2349 2358 2348 2358 2282 2282 2358 2283 
2285 2359 2360 2285 2283 2359 2283 2358 2359 
2360 2288 2287 2360 2359 2288 2359 2361 2288 
2289 2288 2362 2288 2361 2362 2351 2350 2290 
2351 2290 2362 2362 2290 2289 2291 2290 2350 
2354 2291 2350 2274 2291 2354 2285 2360 2292 
2287 2292 2360 2363 2364 2365 2363 2366 2367 
2364 2363 2367 2366 2368 2369 2367 2366 2369 
2368 2370 2371 2369 2368 2371 2370 2372 2373 
2371 2370 2373 2372 2374 2375 2373 2372 2375 
2374 2376 2377 2375 2374 2377 2376 2378 2379 
2377 2376 2379 2378 2380 2381 2379 2378 2381 
2380 2382 2383 2381 2380 2383 2382 2384 2385 
2383 2382 2385 2384 2295 2294 2384 2294 2385 
2385 2294 2386 2297 2387 2294 2294 2387 2386 
2298 2388 2389 2298 2389 2297 2297 2389 2387 
2388 2301 2300 2388 2300 2389 2389 2300 2390 
2390 2300 2302 2391 2390 2302 2392 2363 2365 
2393 2392 2365 2304 2392 2305 2304 2366 2392 
2366 2363 2392 2306 2366 2304 2368 2366 2306 
2307 2368 2306 2370 2368 2307 2308 2370 2307 
2372 2370 2308 2309 2372 2308 2374 2372 2309 
2311 2374 2309 2376 2374 2311 2313 2376 2311 
2378 2376 2313 2314 2378 2313 2380 2378 2314 
2315 2380 2314 2382 2380 2315 2316 2382 2315 
2384 2382 2316 2295 2384 2316 2298 2317 2388 
2301 2388 2317 2302 2394 2391 2318 2394 2302 
2394 2318 2319 2395 2394 2319 2321 2392 2393 
2321 2393 2322 2322 2393 2396 2305 2392 2321 
2319 2397 2395 2323 2397 2319 2397 2323 2324 
2398 2397 2324 2322 2396 2326 2396 2399 2326 
2324 2328 2398 2398 2328 2400 2326 2399 2401 
2330 2326 2401 2331 2402 2403 2331 2330 2402 
2330 2401 2402 2403 2404 2405 2402 2404 2403 
2405 2406 2407 2404 2406 2405 2407 2408 2409 
2406 2408 2407 2409 2410 2411 2408 2410 2409 
2410 2412 2411 2328 2333 2400 2400 2333 2413 
2331 2403 2334 2335 2334 2403 2405 2335 2403 
2336 2335 2405 2407 2336 2405 2337 2336 2407 
2409 2337 2407 2338 2337 2409 2411 2338 2409 
2411 2412 2414 2411 2414 2338 2338 2414 2340 
2342 2415 2416 2342 2340 2415 2340 2414 2415 
2415 2417 2416 2333 2418 2413 2343 2418 2333 
2345 2419 2420 2345 2420 2343 2343 2420 2418 
2420 2419 2421 2342 2416 2346 2416 2417 2422 
2416 2422 2346 2346 2422 2347 2422 2349 2347 
2423 2349 2422 2352 2424 2425 2351 2424 2352 
2353 2352 2426 2352 2425 2426 2355 2353 2427 
2353 2426 2427 2356 2355 2428 2355 2427 2428 
2357 2356 2429 2356 2428 2429 2419 2345 2357 
2419 2357 2430 2430 2357 2429 2421 2419 2430 
2349 2423 2431 2358 2349 2431 2359 2358 2432 
2358 2431 2432 2361 2359 2433 2359 2432 2433 
2362 2361 2434 2361 2433 2434 2424 2351 2362 
2434 2424 2362 2435 2436 2437 2436 2435 2438 
2439 2440 2441 2439 2442 2443 2440 2439 2443 
2442 2444 2445 2443 2442 2445 2444 2446 2447 
2445 2444 2447 2446 2448 2449 2447 2446 2449 
2448 2450 2451 2449 2448 2451 2450 2452 2453 
2451 2450 2453 2452 2454 2455 2453 2452 2455 
2454 2456 2457 2455 2454 2457 2437 2457 2456 
2437 2456 2435 2435 2456 2458 2459 2438 2435 
2459 2435 2460 2460 2435 2458 2460 2461 2462 
2459 2460 2462 2461 2463 2464 2462 2461 2464 
2464 2463 2465 2466 2467 2468 2467 2466 2469 
2470 2439 2441 2471 2470 2441 2364 2470 2365 
2364 2442 2470 2442 2439 2470 2367 2442 2364 
2444 2442 2367 2369 2444 2367 2446 2444 2369 
2371 2446 2369 2448 2446 2371 2373 2448 2371 
2450 2448 2373 2375 2450 2373 2452 2450 2375 
2377 2452 2375 2454 2452 2377 2379 2454 2377 
2456 2454 2379 2381 2456 2379 2458 2456 2381 
2383 2458 2381 2460 2458 2383 2385 2460 2383 
2461 2460 2385 2386 2461 2385 2463 2461 2386 
2463 2472 2465 2463 2386 2472 2386 2387 2472 
2468 2389 2466 2468 2472 2389 2472 2387 2389 
2466 2473 2469 2466 2389 2473 2389 2390 2473 
2473 2390 2391 2474 2473 2391 2475 2470 2471 
2476 2475 2471 2365 2475 2393 2470 2475 2365 
2391 2477 2474 2394 2477 2391 2477 2394 2395 
2478 2477 2395 2475 2476 2479 2479 2393 2475 
2479 2480 2393 2480 2396 2393 2481 2395 2397 
2481 2482 2395 2482 2478 2395 2397 2398 2481 
2483 2484 2399 2483 2399 2480 2480 2399 2396 
2484 2485 2486 2483 2485 2484 2486 2487 2488 
2485 2487 2486 2488 2489 2490 2487 2489 2488 
2490 2491 2492 2489 2491 2490 2491 2493 2492 
2494 2482 2481 2495 2482 2494 2398 2400 2494 
2481 2398 2494 2399 2484 2401 2402 2401 2484 
2486 2402 2484 2404 2402 2486 2488 2404 2486 
2406 2404 2488 2490 2406 2488 2408 2406 2490 
2492 2408 2490 2492 2493 2496 2492 2496 2408 
2408 2496 2410 2412 2497 2498 2412 2410 2497 
2410 2496 2497 2497 2499 2498 2500 2495 2494 
2501 2495 2500 2400 2413 2500 2494 2400 2500 
2412 2498 2414 2498 2499 2502 2498 2502 2414 
2414 2502 2415 2417 2503 2504 2417 2415 2503 
2415 2502 2503 2503 2505 2504 2506 2507 2508 
2501 2506 2508 2501 2500 2506 2500 2509 2506 
2413 2418 2510 2413 2510 2500 2500 2510 2509 
2418 2420 2511 2510 2418 2511 2420 2421 2511 
2417 2504 2422 2423 2512 2513 2422 2512 2423 
2422 2505 2512 2422 2504 2505 2512 2514 2513 
2425 2515 2516 2424 2515 2425 2426 2425 2517 
2425 2516 2517 2507 2506 2427 2507 2427 2517 
2517 2427 2426 2428 2427 2506 2509 2428 2506 
2429 2428 2509 2510 2429 2509 2430 2429 2510 
2511 2430 2510 2421 2430 2511 2423 2513 2431 
2513 2514 2518 2513 2518 2431 2431 2518 2432 
2433 2432 2519 2432 2518 2519 2434 2433 2520 
2433 2519 2520 2515 2424 2434 2520 2515 2434 
2521 2522 2523 2522 2521 2524 2525 2526 2527 
2525 2528 2529 2526 2525 2529 2529 2528 2530 
2531 2532 2533 2531 2534 2535 2532 2531 2535 
2534 2536 2537 2535 2534 2537 2523 2537 2536 
2523 2536 2521 2521 2536 2538 2539 2524 2521 
2539 2521 2540 2540 2521 2538 2540 2541 2542 
2539 2540 2542 2541 2543 2544 2542 2541 2544 
2527 2544 2543 2527 2543 2525 2525 2543 2545 
2528 2525 2546 2546 2525 2545 2547 2530 2528 
2547 2528 2548 2548 2528 2546 2547 2548 2549 
2550 2531 2533 2551 2550 2533 2534 2531 2552 
2552 2531 2550 2536 2534 2553 2553 2534 2552 
2538 2536 2554 2554 2536 2553 2540 2538 2555 
2555 2538 2554 2541 2540 2556 2556 2540 2555 
2543 2541 2557 2557 2541 2556 2545 2543 2558 
2558 2543 2557 2546 2545 2559 2559 2545 2558 
2436 2559 2437 2436 2548 2559 2548 2546 2559 
2438 2560 2561 2436 2438 2561 2436 2561 2549 
2436 2549 2548 2560 2562 2563 2561 2560 2563 
2563 2562 2564 2440 2550 2551 2440 2551 2441 
2441 2551 2565 2443 2550 2440 2552 2550 2443 
2445 2552 2443 2553 2552 2445 2447 2553 2445 
2554 2553 2447 2449 2554 2447 2555 2554 2449 
2451 2555 2449 2556 2555 2451 2453 2556 2451 
2557 2556 2453 2455 2557 2453 2558 2557 2455 
2457 2558 2455 2559 2558 2457 2437 2559 2457 
2438 2459 2560 2462 2560 2459 2562 2560 2462 
2562 2566 2564 2562 2462 2566 2462 2464 2566 
2465 2567 2568 2465 2568 2464 2464 2568 2566 
2567 2468 2467 2567 2467 2568 2568 2467 2569 
2569 2467 2469 2570 2569 2469 2441 2565 2471 
2565 2571 2471 2465 2472 2567 2468 2567 2472 
2469 2572 2570 2473 2572 2469 2572 2473 2474 
2573 2572 2474 2471 2571 2476 2571 2574 2476 
2474 2575 2573 2477 2575 2474 2575 2477 2478 
2576 2575 2478 2476 2574 2577 2479 2476 2577 
2480 2578 2579 2480 2479 2578 2479 2577 2578 
2579 2580 2581 2578 2580 2579 2580 2582 2581 
2478 2482 2576 2576 2482 2583 2480 2579 2483 
2485 2483 2579 2581 2485 2579 2581 2582 2584 
2581 2584 2485 2485 2584 2487 2489 2487 2585 
2487 2584 2585 2491 2489 2586 2489 2585 2586 
2493 2587 2588 2493 2491 2587 2491 2586 2587 
2587 2589 2588 2482 2495 2583 2583 2495 2590 
2493 2588 2496 2588 2589 2591 2588 2591 2496 
2496 2591 2497 2499 2592 2593 2499 2497 2592 
2497 2591 2592 2592 2594 2593 2595 2501 2596 
2595 2590 2501 2590 2495 2501 2595 2596 2597 
2499 2593 2502 2593 2594 2598 2593 2598 2502 
2502 2598 2503 2505 2599 2600 2505 2503 2599 
2503 2598 2599 2600 2601 2602 2599 2601 2600 
2601 2603 2602 2604 2605 2606 2604 2607 2608 
2606 2607 2604 2608 2609 2610 2607 2609 2608 
2610 2508 2507 2610 2609 2508 2609 2611 2508 
2596 2501 2508 2596 2508 2612 2612 2508 2611 
2597 2596 2612 2505 2600 2512 2514 2512 2600 
2514 2600 2613 2613 2600 2602 2614 2602 2603 
2614 2615 2602 2615 2613 2602 2605 2615 2614 
2605 2604 2615 2604 2616 2615 2516 2515 2616 
2516 2616 2608 2608 2616 2604 2517 2516 2608 
2610 2517 2608 2507 2517 2610 2514 2613 2518 
2519 2518 2613 2615 2519 2613 2520 2519 2615 
2616 2520 2615 2515 2520 2616 2617 2618 2619 
2617 2620 2621 2618 2617 2621 2620 2622 2623 
2621 2620 2623 2622 2624 2625 2623 2622 2625 
2624 2626 2627 2625 2624 2627 2626 2628 2629 
2627 2626 2629 2629 2628 2630 2631 2632 2633 
2619 2632 2631 2619 2631 2617 2617 2631 2634 
2620 2617 2635 2635 2617 2634 2622 2620 2636 
2636 2620 2635 2624 2622 2637 2637 2622 2636 
2626 2624 2638 2638 2624 2637 2628 2626 2639 
2639 2626 2638 2640 2630 2628 2640 2628 2641 
2641 2628 2639 2641 2642 2643 2640 2641 2643 
2643 2642 2644 2645 2646 2647 2633 2646 2645 
2633 2645 2631 2631 2645 2648 2634 2631 2649 
2649 2631 2648 2635 2634 2650 2650 2634 2649 
2636 2635 2651 2651 2635 2650 2637 2636 2652 
2652 2636 2651 2638 2637 2653 2653 2637 2652 
2639 2638 2654 2654 2638 2653 2641 2639 2655 
2655 2639 2654 2642 2641 2656 2656 2641 2655 
2657 2644 2642 2657 2642 2658 2658 2642 2656 
2657 2658 2659 2645 2647 2660 2660 2661 2662 
2660 2662 2645 2645 2662 2648 2649 2648 2663 
2663 2648 2662 2650 2649 2664 2664 2649 2663 
2651 2650 2665 2665 2650 2664 2522 2665 2523 
2522 2652 2665 2652 2651 2665 2524 2652 2522 
2524 2666 2652 2666 2653 2652 2654 2653 2667 
2667 2653 2666 2655 2654 2668 2668 2654 2667 
2526 2668 2527 2526 2656 2668 2656 2655 2668 
2529 2656 2526 2658 2656 2529 2530 2669 2670 
2529 2530 2670 2529 2670 2659 2529 2659 2658 
2669 2671 2672 2670 2669 2672 2672 2671 2673 
2674 2662 2661 2675 2674 2661 2532 2674 2533 
2532 2663 2674 2663 2662 2674 2535 2663 2532 
2664 2663 2535 2537 2664 2535 2665 2664 2537 
2523 2665 2537 2524 2539 2666 2542 2666 2539 
2667 2666 2542 2544 2667 2542 2668 2667 2544 
2527 2668 2544 2530 2547 2669 2549 2669 2547 
2549 2676 2669 2676 2671 2669 2677 2673 2671 
2677 2671 2678 2678 2671 2676 2677 2678 2679 
2680 2674 2675 2681 2680 2675 2533 2680 2551 
2674 2680 2533 2549 2561 2676 2563 2676 2561 
2678 2676 2563 2564 2682 2683 2563 2564 2683 
2563 2683 2679 2563 2679 2678 2682 2684 2685 
2683 2682 2685 2685 2684 2686 2680 2681 2687 
2687 2551 2680 2687 2688 2551 2688 2565 2551 
2564 2566 2682 2568 2682 2566 2684 2682 2568 
2684 2689 2686 2684 2568 2689 2568 2569 2689 
2689 2569 2570 2690 2689 2570 2565 2688 2571 
2688 2691 2571 2570 2692 2690 2572 2692 2570 
2692 2572 2573 2693 2692 2573 2694 2695 2574 
2694 2574 2691 2691 2574 2571 2695 2696 2697 
2694 2696 2695 2696 2698 2697 2699 2573 2575 
2699 2700 2573 2700 2693 2573 2575 2576 2699 
2574 2695 2577 2578 2577 2695 2697 2578 2695 
2697 2698 2701 2697 2701 2578 2578 2701 2580 
2582 2702 2703 2582 2580 2702 2580 2701 2702 
2703 2704 2705 2702 2704 2703 2705 2706 2707 
2704 2706 2705 2707 2708 2709 2706 2708 2707 
2708 2710 2709 2699 2711 2700 2711 2699 2576 
2711 2576 2712 2712 2576 2583 2582 2703 2584 
2585 2584 2703 2705 2585 2703 2586 2585 2705 
2707 2586 2705 2587 2586 2707 2709 2587 2707 
2589 2713 2714 2587 2713 2589 2587 2710 2713 
2587 2709 2710 2713 2715 2714 2716 2590 2717 
2716 2712 2590 2712 2583 2590 2716 2717 2718 
2589 2714 2591 2714 2715 2719 2714 2719 2591 
2591 2719 2592 2719 2594 2592 2720 2594 2719 
2721 2722 2723 2723 2724 2721 2725 2726 2727 
2725 2728 2729 2727 2728 2725 2729 2730 2731 
2728 2730 2729 2731 2732 2733 2730 2732 2731 
2734 2590 2732 2734 2717 2590 2732 2590 2733 
2595 2735 2590 2733 2590 2735 2717 2734 2718 
2595 2597 2735 2594 2720 2736 2598 2594 2736 
2599 2598 2737 2598 2736 2737 2722 2721 2601 
2722 2601 2737 2737 2601 2599 2603 2738 2739 
2601 2738 2603 2601 2724 2738 2601 2721 2724 
2726 2739 2738 2725 2739 2726 2725 2605 2739 
2725 2606 2605 2607 2606 2725 2729 2607 2725 
2609 2607 2729 2731 2609 2729 2611 2609 2731 
2733 2611 2731 2612 2611 2733 2735 2612 2733 
2597 2612 2735 2603 2739 2614 2605 2614 2739 
2618 2740 2619 2618 2621 2741 2740 2618 2741 
2742 2741 2621 2742 2621 2743 2743 2621 2623 
2625 2744 2623 2623 2744 2743 2627 2745 2625 
2625 2745 2744 2629 2746 2627 2627 2746 2745 
2630 2747 2748 2630 2748 2629 2629 2748 2746 
2748 2747 2749 2632 2750 2633 2632 2619 2740 
2632 2740 2750 2750 2740 2751 2741 2752 2740 
2752 2751 2740 2753 2741 2742 2752 2741 2753 
2630 2640 2747 2747 2754 2749 2747 2640 2754 
2640 2643 2754 2644 2755 2756 2644 2756 2643 
2643 2756 2754 2756 2755 2757 2646 2758 2647 
2646 2633 2750 2646 2750 2758 2758 2750 2759 
2760 2751 2761 2760 2759 2751 2759 2750 2751 
2752 2761 2751 2762 2761 2752 2753 2762 2752 
2644 2657 2755 2659 2763 2764 2657 2659 2764 
2657 2764 2757 2657 2757 2755 2763 2765 2766 
2764 2763 2766 2766 2765 2767 2647 2758 2660 
2768 2758 2759 2768 2661 2758 2768 2769 2661 
2660 2758 2661 2760 2768 2759 2659 2670 2763 
2672 2763 2670 2765 2763 2672 2673 2770 2771 
2672 2673 2771 2672 2771 2767 2672 2767 2765 
2771 2770 2772 2661 2769 2675 2769 2773 2675 
2673 2677 2770 2679 2774 2775 2677 2679 2775 
2677 2775 2772 2677 2772 2770 2774 2776 2777 
2775 2774 2777 2777 2776 2778 2779 2780 2681 
2779 2681 2773 2773 2681 2675 2779 2781 2780 
2679 2683 2774 2685 2774 2683 2776 2774 2685 
2776 2685 2686 2776 2686 2778 2778 2686 2782 
2681 2780 2687 2688 2783 2784 2687 2783 2688 
2687 2781 2783 2687 2780 2781 2783 2785 2784 
2686 2786 2782 2689 2786 2686 2786 2689 2690 
2787 2786 2690 2784 2788 2691 2688 2784 2691 
2789 2784 2785 2789 2790 2784 2790 2788 2784 
2790 2791 2792 2789 2791 2790 2792 2793 2794 
2791 2793 2792 2793 2795 2794 2796 2690 2692 
2796 2797 2690 2797 2787 2690 2692 2693 2796 
2691 2788 2694 2696 2694 2788 2790 2696 2788 
2698 2696 2790 2698 2790 2798 2798 2790 2792 
2794 2799 2792 2799 2798 2792 2800 2794 2795 
2800 2801 2794 2801 2799 2794 2801 2802 2803 
2800 2802 2801 2802 2804 2803 2796 2805 2797 
2805 2796 2693 2805 2693 2806 2806 2693 2700 
2698 2798 2701 2702 2701 2798 2799 2702 2798 
2704 2702 2799 2801 2704 2799 2706 2704 2801 
2803 2706 2801 2803 2804 2807 2803 2807 2706 
2706 2807 2708 2710 2808 2809 2710 2708 2808 
2708 2807 2808 2808 2810 2809 2700 2811 2806 
2711 2811 2700 2811 2711 2712 2812 2811 2712 
2710 2809 2713 2715 2813 2814 2713 2813 2715 
2713 2810 2813 2713 2809 2810 2813 2815 2814 
2816 2817 2818 2816 2819 2820 2818 2819 2816 
2820 2821 2822 2819 2821 2820 2822 2823 2824 
2821 2823 2822 2716 2825 2824 2716 2824 2812 
2716 2812 2712 2823 2812 2824 2716 2718 2825 
2715 2814 2719 2720 2826 2827 2719 2826 2720 
2719 2815 2826 2719 2814 2815 2827 2828 2829 
2826 2828 2827 2829 2723 2722 2829 2828 2723 
2828 2830 2723 2724 2831 2832 2724 2723 2831 
2723 2830 2831 2817 2832 2831 2816 2832 2817 
2816 2726 2832 2816 2727 2726 2728 2727 2816 
2820 2728 2816 2730 2728 2820 2822 2730 2820 
2732 2730 2822 2824 2732 2822 2734 2732 2824 
2825 2734 2824 2718 2734 2825 2720 2827 2736 
2737 2736 2827 2829 2737 2827 2722 2737 2829 
2724 2832 2738 2726 2738 2832 2743 2833 2742 
2834 2833 2743 2834 2743 2835 2835 2743 2744 
2745 2836 2744 2744 2836 2835 2746 2837 2745 
2745 2837 2836 2748 2838 2746 2746 2838 2837 
2838 2748 2749 2839 2838 2749 2833 2840 2753 
2742 2833 2753 2841 2833 2834 2840 2833 2841 
2749 2842 2839 2754 2842 2749 2756 2843 2754 
2754 2843 2842 2757 2844 2845 2757 2845 2756 
2756 2845 2843 2844 2846 2847 2845 2844 2847 
2847 2846 2848 2761 2849 2760 2761 2762 2850 
2849 2761 2850 2762 2753 2840 2762 2840 2850 
2850 2840 2851 2852 2840 2841 2851 2840 2852 
2757 2764 2844 2766 2844 2764 2846 2844 2766 
2767 2853 2854 2766 2767 2854 2766 2854 2848 
2766 2848 2846 2854 2853 2855 2768 2856 2769 
2768 2760 2849 2768 2849 2856 2856 2849 2857 
2850 2858 2849 2858 2857 2849 2851 2859 2850 
2859 2858 2850 2860 2851 2852 2859 2851 2860 
2767 2771 2853 2772 2861 2862 2771 2772 2862 
2771 2862 2855 2771 2855 2853 2862 2861 2863 
2856 2864 2773 2769 2856 2773 2857 2865 2856 
2865 2864 2856 2866 2858 2867 2866 2865 2858 
2865 2857 2858 2867 2868 2869 2867 2858 2868 
2858 2859 2868 2870 2859 2860 2870 2871 2859 
2871 2868 2859 2870 2872 2871 2772 2775 2861 
2861 2873 2863 2861 2775 2873 2775 2777 2873 
2873 2777 2778 2874 2873 2778 2773 2864 2779 
2781 2779 2864 2781 2864 2875 2875 2864 2865 
2876 2865 2866 2876 2877 2865 2877 2875 2865 
2869 2877 2876 2869 2868 2877 2868 2878 2877 
2871 2879 2868 2879 2878 2868 2880 2871 2872 
2880 2881 2871 2881 2879 2871 2880 2882 2881 
2778 2782 2874 2874 2782 2883 2781 2875 2783 
2785 2783 2875 2785 2875 2884 2884 2875 2877 
2878 2885 2877 2885 2884 2877 2879 2886 2878 
2886 2885 2878 2881 2887 2879 2887 2886 2879 
2888 2881 2882 2887 2881 2888 2782 2889 2883 
2786 2889 2782 2889 2786 2787 2890 2889 2787 
2785 2884 2789 2791 2789 2884 2885 2791 2884 
2793 2791 2885 2886 2793 2885 2795 2793 2886 
2795 2886 2891 2891 2886 2887 2892 2887 2888 
2892 2893 2887 2893 2891 2887 2892 2894 2893 
2787 2797 2890 2890 2797 2895 2795 2891 2800 
2802 2800 2891 2893 2802 2891 2804 2896 2897 
2802 2896 2804 2802 2894 2896 2802 2893 2894 
2897 2898 2899 2896 2898 2897 2898 2900 2899 
2901 2797 2805 2901 2902 2797 2902 2895 2797 
2805 2806 2901 2804 2897 2807 2808 2807 2897 
2899 2808 2897 2810 2903 2904 2808 2903 2810 
2808 2900 2903 2808 2899 2900 2903 2905 2904 
2901 2906 2902 2907 2908 2906 2811 2907 2906 
2811 2906 2901 2811 2901 2806 2811 2812 2907 
2810 2904 2813 2904 2815 2813 2904 2905 2815 
2905 2909 2815 2910 2911 2912 2910 2818 2817 
2910 2912 2818 2912 2913 2818 2819 2818 2914 
2818 2913 2914 2821 2819 2915 2819 2914 2915 
2908 2907 2823 2908 2823 2915 2915 2823 2821 
2812 2823 2907 2815 2909 2916 2826 2815 2916 
2828 2826 2917 2826 2916 2917 2830 2828 2918 
2828 2917 2918 2911 2910 2831 2911 2831 2918 
2918 2831 2830 2817 2831 2910 2835 2919 2834 
2835 2836 2920 2919 2835 2920 2836 2837 2921 
2920 2836 2921 2837 2838 2922 2921 2837 2922 
2839 2922 2838 2923 2924 2925 2923 2926 2927 
2924 2923 2927 2927 2926 2928 2919 2929 2841 
2834 2919 2841 2930 2920 2931 2930 2929 2920 
2929 2919 2920 2921 2931 2920 2932 2931 2921 
2922 2932 2921 2933 2932 2922 2925 2842 2923 
2925 2933 2842 2839 2842 2922 2922 2842 2933 
2843 2923 2842 2926 2923 2843 2926 2934 2928 
2926 2843 2934 2843 2845 2934 2935 2936 2934 
2935 2934 2847 2847 2934 2845 2847 2848 2935 
2929 2937 2852 2841 2929 2852 2938 2929 2930 
2937 2929 2938 2935 2939 2936 2940 2941 2939 
2854 2940 2939 2854 2939 2935 2854 2935 2848 
2854 2855 2940 2937 2942 2860 2852 2937 2860 
2943 2937 2938 2943 2944 2937 2944 2942 2937 
2943 2945 2944 2940 2946 2941 2947 2948 2946 
2862 2947 2946 2862 2946 2940 2862 2940 2855 
2862 2863 2947 2867 2949 2866 2867 2869 2949 
2860 2942 2870 2872 2870 2942 2872 2942 2950 
2950 2942 2944 2951 2944 2945 2951 2952 2944 
2952 2950 2944 2951 2953 2952 2947 2954 2948 
2955 2956 2954 2873 2955 2954 2873 2954 2947 
2873 2947 2863 2873 2874 2955 2866 2949 2876 
2869 2876 2949 2872 2950 2880 2882 2880 2950 
2882 2950 2957 2957 2950 2952 2958 2952 2953 
2957 2952 2958 2955 2959 2956 2959 2955 2874 
2959 2874 2960 2960 2874 2883 2957 2961 2888 
2882 2957 2888 2962 2957 2958 2961 2957 2962 
2963 2883 2889 2963 2964 2883 2964 2960 2883 
2889 2890 2963 2888 2961 2892 2961 2894 2892 
2961 2962 2894 2962 2965 2894 2966 2964 2963 
2967 2964 2966 2890 2895 2966 2963 2890 2966 
2894 2965 2968 2896 2894 2968 2898 2896 2969 
2896 2968 2969 2900 2970 2971 2900 2898 2970 
2898 2969 2970 2970 2972 2971 2973 2967 2966 
2974 2967 2973 2895 2902 2973 2966 2895 2973 
2900 2971 2903 2905 2975 2976 2903 2975 2905 
2903 2972 2975 2903 2971 2972 2976 2977 2978 
2975 2977 2976 2977 2979 2978 2980 2981 2982 
2980 2983 2984 2982 2983 2980 2985 2973 2986 
2985 2984 2973 2974 2973 2983 2983 2973 2984 
2987 2988 2986 2906 2987 2986 2906 2986 2973 
2906 2973 2902 2906 2908 2987 2976 2989 2909 
2905 2976 2909 2978 2990 2976 2990 2989 2976 
2991 2978 2979 2991 2992 2978 2992 2990 2978 
2981 2992 2991 2980 2992 2981 2980 2911 2992 
2980 2912 2911 2913 2912 2980 2984 2913 2980 
2984 2985 2993 2984 2993 2913 2913 2993 2914 
2988 2987 2915 2988 2915 2993 2993 2915 2914 
2908 2915 2987 2909 2989 2916 2917 2916 2989 
2990 2917 2989 2918 2917 2990 2992 2918 2990 
2911 2918 2992 2924 2994 2925 2924 2927 2995 
2994 2924 2995 2927 2928 2995 2931 2996 2930 
2931 2932 2997 2996 2931 2997 2932 2933 2998 
2997 2932 2998 2933 2925 2994 2933 2994 2998 
2998 2994 2999 2995 3000 2994 3000 2999 2994 
2928 2934 3001 2928 3001 2995 2995 3001 3000 
2934 2936 3001 2996 3002 2938 2930 2996 2938 
2997 3003 2996 3003 3002 2996 2998 3004 2997 
3004 3003 2997 3005 2999 3006 3005 3004 2999 
3004 2998 2999 3000 3006 2999 3007 3006 3000 
3001 3007 3000 3008 3007 3001 3009 3010 3008 
2939 3009 3008 2939 3008 3001 2939 3001 2936 
2939 2941 3009 2938 3002 2943 2945 2943 3002 
2945 3002 3011 3011 3002 3003 3004 3012 3003 
3012 3011 3003 3013 3004 3005 3012 3004 3013 
3009 3014 3010 3015 3016 3014 2946 3015 3014 
2946 3014 3009 2946 3009 2941 2946 2948 3015 
2945 3011 2951 2953 2951 3011 2953 3011 3017 
3017 3011 3012 3018 3012 3013 3017 3012 3018 
3015 3019 3016 3020 3021 3019 2954 3020 3019 
2954 3019 3015 2954 3015 2948 2954 2956 3020 
3017 3022 2958 2953 3017 2958 3023 3017 3018 
3022 3017 3023 3024 3021 3020 3025 3021 3024 
2956 2959 3026 2956 3026 3020 3020 3026 3024 
2959 2960 3026 3022 3027 2962 2958 3022 2962 
3028 3022 3023 3027 3022 3028 3024 3029 3025 
3029 3030 3031 3029 3024 3030 3024 3026 3030 
2960 2964 3030 3026 2960 3030 3027 3032 2965 
2962 3027 2965 3033 3027 3028 3033 3034 3027 
3034 3032 3027 3033 3035 3034 3036 3031 3030 
3037 3031 3036 2964 2967 3036 3030 2964 3036 
2965 3032 2968 2969 2968 3032 3034 2969 3032 
3034 3035 3038 3034 3038 2969 2969 3038 2970 
2972 3039 3040 2972 2970 3039 2970 3038 3039 
3040 3041 3042 3039 3041 3040 3041 3043 3042 
3036 3044 3037 3044 3036 2967 3044 2967 3045 
3045 2967 2974 2972 3040 2975 2977 2975 3040 
3042 2977 3040 2979 3046 3047 2977 3046 2979 
2977 3043 3046 2977 3042 3043 3047 2982 2981 
3047 3046 2982 3046 3048 2982 2983 2982 3049 
2982 3048 3049 2983 3049 3045 2983 3045 2974 
2986 3050 2985 2986 2988 3050 2979 3047 2991 
2981 2991 3047 2985 3050 2993 2988 2993 3050 
3006 3051 3005 3006 3007 3052 3051 3006 3052 
3007 3008 3053 3052 3007 3053 3008 3010 3053 
3051 3054 3013 3005 3051 3013 3055 3052 3056 
3055 3054 3052 3054 3051 3052 3053 3056 3052 
3057 3056 3053 3058 3059 3057 3014 3058 3057 
3014 3057 3053 3014 3053 3010 3014 3016 3058 
3054 3060 3018 3013 3054 3018 3061 3054 3055 
3060 3054 3061 3062 3059 3058 3063 3059 3062 
3016 3019 3064 3016 3064 3058 3058 3064 3062 
3019 3021 3064 3060 3065 3023 3018 3060 3023 
3066 3060 3061 3066 3067 3060 3067 3065 3060 
3066 3068 3067 3062 3069 3063 3069 3070 3071 
3069 3062 3070 3062 3064 3070 3021 3025 3070 
3064 3021 3070 3065 3072 3028 3023 3065 3028 
3067 3073 3065 3073 3072 3065 3074 3067 3068 
3074 3075 3067 3075 3073 3067 3074 3076 3075 
3077 3071 3070 3078 3071 3077 3025 3029 3079 
3025 3079 3070 3070 3079 3077 3029 3031 3079 
3028 3072 3033 3035 3033 3072 3035 3072 3080 
3080 3072 3073 3075 3081 3073 3081 3080 3073 
3082 3075 3076 3082 3083 3075 3083 3081 3075 
3084 3077 3085 3084 3083 3077 3078 3077 3082 
3082 3077 3083 3085 3086 3087 3085 3077 3086 
3077 3079 3086 3031 3037 3086 3079 3031 3086 
3035 3080 3038 3039 3038 3080 3081 3039 3080 
3041 3039 3081 3083 3041 3081 3043 3088 3089 
3041 3088 3043 3041 3084 3088 3041 3083 3084 
3087 3089 3088 3087 3086 3089 3086 3090 3089 
3037 3044 3091 3037 3091 3086 3086 3091 3090 
3044 3045 3091 3043 3089 3046 3048 3046 3089 
3090 3048 3089 3049 3048 3090 3091 3049 3090 
3045 3049 3091 3056 3092 3055 3056 3057 3093 
3092 3056 3093 3057 3059 3093 3092 3094 3061 
3055 3092 3061 3093 3095 3092 3095 3094 3092 
3059 3063 3095 3093 3059 3095 3061 3094 3066 
3068 3066 3094 3068 3094 3096 3096 3094 3095 
3063 3069 3097 3063 3097 3095 3095 3097 3096 
3069 3071 3097 3068 3096 3074 3076 3074 3096 
3076 3096 3098 3098 3096 3097 3071 3078 3098 
3097 3071 3098 3076 3098 3082 3078 3082 3098 
3085 3099 3084 3085 3087 3099 3084 3099 3088 
3087 3088 3099 
CELL_DATA 6196
SCALARS Scalars float
LOOKUP_TABLE default
1 1 1 1 1 1 1 1 1 
1 1 1 1 1 1 1 1 1 
1 1 1 1 1 1 1 1 1 
1 1 1 1 1 1 1 1 1 
1 1 1 1 1 1 1 1 1 
1 1 1 1 1 1 1 1 1 
1 1 1 1 1 1 1 1 1 
1 1 1 1 1 1 1 1 1 
1 1 1 1 1 1 1 1 1 
1 1 1 1 1 1 1 1 1 
1 1 1 1 1 1 1 1 1 
1 1 1 1 1 1 1 1 1 
1 1 1 1 1 1 1 1 1 
1 1 1 1 1 1 1 1 1 
1 1 1 1 1 1 1 1 1 
1 1 1 1 1 1 1 1 1 
1 1 1 1 1 1 1 1 1 
1 1 1 1 1 1 1 1 1 
1 1 1 1 1 1 1 1 1 
1 1 1 1 1 1 1 1 1 
1 1 1 1 1 1 1 1 1 
1 1 1 1 1 1 1 1 1 
1 1 1 1 1 1 1 1 1 
1 1 1 1 1 1 1 1 1 
1 1 1 1 1 1 1 1 1 
1 1 1 1 1 1 1 1 1 
1 1 1 1 1 1 1 1 1 
1 1 1 1 1 1 1 1 1 
1 1 1 1 1 1 1 1 1 
1 1 1 1 1 1 1 1 1 
1 1 1 1 1 1 1 1 1 
1 1 1 1 1 1 1 1 1 
1 1 1 1 1 1 1 1 1 
1 1 1 1 1 1 1 1 1 
1 1 1 1 1 1 1 1 1 
1 1 1 1 1 1 1 1 1 
1 1 1 1 1 1 1 1 1 
1 1 1 1 1 1 1 1 1 
1 1 1 1 1 1 1 1 1 
1 1 1 1 1 1 1 1 1 
1 1 1 1 1 1 1 1 1 
1 1 1 1 1 1 1 1 1 
1 1 1 1 1 1 1 1 1 
1 1 1 1 1 1 1 1 1 
1 1 1 1 1 1 1 1 1 
1 1 1 1 1 1 1 1 1 
1 1 1 1 1 1 1 1 1 
1 1 1 1 1 1 1 1 1 
1 1 1 1 1 1 1 1 1 
1 1 1 1 1 1 1 1 1 
1 1 1 1 1 1 1 1 1 
1 1 1 1 1 1 1 1 1 
1 1 1 1 1 1 1 1 1 
1 1 1 1 1 1 1 1 1 
1 1 1 1 1 1 1 1 1 
1 1 1 1 1 1 1 1 1 
1 1 1 1 1 1 1 1 1 
1 1 1 1 1 1 1 1 1 
1 1 1 1 1 1 1 1 1 
1 1 1 1 1 1 1 1 1 
1 1 1 1 1 1 1 1 1 
1 1 1 1 1 1 1 1 1 
1 1 1 1 1 1 1 1 1 
1 1 1 1 1 1 1 1 1 
1 1 1 1 1 1 1 1 1 
1 1 1 1 1 1 1 1 1 
1 1 1 1 1 1 1 1 1 
1 1 1 1 1 1 1 1 1 
1 1 1 1 1 1 1 1 1 
1 1 1 1 1 1 1 1 1 
1 1 1 1 1 1 1 1 1 
1 1 1 1 1 1 1 1 1 
1 1 1 1 1 1 1 1 1 
1 1 1 1 1 1 1 1 1 
1 1 1 1 1 1 1 1 1 
1 1 1 1 1 1 1 1 1 
1 1 1 1 1 1 1 1 1 
1 1 1 1 1 1 1 1 1 
1 1 1 1 1 1 1 1 1 
1 1 1 1 1 1 1 1 1 
1 1 1 1 1 1 1 1 1 
1 1 1 1 1 1 1 1 1 
1 1 1 1 1 1 1 1 1 
1 1 1 1 1 1 1 1 1 
1 1 1 1 1 1 1 1 1 
1 1 1 1 1 1 1 1 1 
1 1 1 1 1 1 1 1 1 
1 1 1 1 1 1 1 1 1 
1 1 1 1 1 1 1 1 1 
1 1 1 1 1 1 1 1 1 
1 1 1 1 1 1 1 1 1 
1 1 1 1 1 1 1 1 1 
1 1 1 1 1 1 1 1 1 
1 1 1 1 1 1 1 1 1 
1 1 1 1 1 1 1 1 1 
1 1 1 1 1 1 1 1 1 
1 1 1 1 1 1 1 1 1 
1 1 1 1 1 1 1 1 1 
1 1 1 1 1 1 1 1 1 
1 1 1 1 1 1 1 1 1 
1 1 1 1 1 1 1 1 1 
1 1 1 1 1 1 1 1 1 
1 1 1 1 1 1 1 1 1 
1 1 1 1 1 1 1 1 1 
1 1 1 1 1 1 1 1 1 
1 1 1 1 1 1 1 1 1 
1 1 1 1 1 1 1 1 1 
1 1 1 1 1 1 1 1 1 
1 1 1 1 1 1 1 1 1 
1 1 1 1 1 1 1 1 1 
1 1 1 1 1 1 1 1 1 
1 1 1 1 1 1 1 1 1 
1 1 1 1 1 1 1 1 1 
1 1 1 1 1 1 1 1 1 
1 1 1 1 1 1 1 1 1 
1 1 1 1 1 1 1 1 1 
1 1 1 1 1 1 1 1 1 
1 1 1 1 1 1 1 1 1 
1 1 1 1 1 1 1 1 1 
1 1 1 1 1 1 1 1 1 
1 1 1 1 1 1 1 1 1 
1 1 1 1 1 1 1 1 1 
1 1 1 1 1 1 1 1 1 
1 1 1 1 1 1 1 1 1 
1 1 1 1 1 1 1 1 1 
1 1 1 1 1 1 1 1 1 
1 1 1 1 1 1 1 1 1 
1 1 1 1 1 1 1 1 1 
1 1 1 1 1 1 1 1 1 
1 1 1 1 1 1 1 1 1 
1 1 1 1 1 1 1 1 1 
1 1 1 1 1 1 1 1 1 
1 1 1 1 1 1 1 1 1 
1 1 1 1 1 1 1 1 1 
1 1 1 1 1 1 1 1 1 
1 1 1 1 1 1 1 1 1 
1 1 1 1 1 1 1 1 1 
1 1 1 1 1 1 1 1 1 
1 1 1 1 1 1 1 1 1 
1 1 1 1 1 1 1 1 1 
1 1 1 1 1 1 1 1 1 
1 1 1 1 1 1 1 1 1 
1 1 1 1 1 1 1 1 1 
1 1 1 1 1 1 1 1 1 
1 1 1 1 1 1 1 1 1 
1 1 1 1 1 1 1 1 1 
1 1 1 1 1 1 1 1 1 
1 1 1 1 1 1 1 1 1 
1 1 1 1 1 1 1 1 1 
1 1 1 1 1 1 1 1 1 
1 1 1 1 1 1 1 1 1 
1 1 1 1 1 1 1 1 1 
1 1 1 1 1 1 1 1 1 
1 1 1 1 1 1 1 1 1 
1 1 1 1 1 1 1 1 1 
1 1 1 1 1 1 1 1 1 
1 1 1 1 1 1 1 1 1 
1 1 1 1 1 1 1 1 1 
1 1 1 1 1 1 1 1 1 
1 1 1 1 1 1 1 1 1 
1 1 1 1 1 1 1 1 1 
1 1 1 1 1 1 1 1 1 
1 1 1 1 1 1 1 1 1 
1 1 1 1 1 1 1 1 1 
1 1 1 1 1 1 1 1 1 
1 1 1 1 1 1 1 1 1 
1 1 1 1 1 1 1 1 1 
1 1 1 1 1 1 1 1 1 
1 1 1 1 1 1 1 1 1 
1 1 1 1 1 1 1 1 1 
1 1 1 1 1 1 1 1 1 
1 1 1 1 1 1 1 1 1 
1 1 1 1 1 1 1 1 1 
1 1 1 1 1 1 1 1 1 
1 1 1 1 1 1 1 1 1 
1 1 1 1 1 1 1 1 1 
1 1 1 1 1 1 1 1 1 
1 1 1 1 1 1 1 1 1 
1 1 1 1 1 1 1 1 1 
1 1 1 1 1 1 1 1 1 
1 1 1 1 1 1 1 1 1 
1 1 1 1 1 1 1 1 1 
1 1 1 1 1 1 1 1 1 
1 1 1 1 1 1 1 1 1 
1 1 1 1 1 1 1 1 1 
1 1 1 1 1 1 1 1 1 
1 1 1 1 1 1 1 1 1 
1 1 1 1 1 1 1 1 1 
1 1 1 1 1 1 1 1 1 
1 1 1 1 1 1 1 1 1 
1 1 1 1 1 1 1 1 1 
1 1 1 1 1 1 1 1 1 
1 1 1 1 1 1 1 1 1 
1 1 1 1 1 1 1 1 1 
1 1 1 1 1 1 1 1 1 
1 1 1 1 1 1 1 1 1 
1 1 1 1 1 1 1 1 1 
1 1 1 1 1 1 1 1 1 
1 1 1 1 1 1 1 1 1 
1 1 1 1 1 1 1 1 1 
1 1 1 1 1 1 1 1 1 
1 1 1 1 1 1 1 1 1 
1 1 1 1 1 1 1 1 1 
1 1 1 1 1 1 1 1 1 
1 1 1 1 1 1 1 1 1 
1 1 1 1 1 1 1 1 1 
1 1 1 1 1 1 1 1 1 
1 1 1 1 1 1 1 1 1 
1 1 1 1 1 1 1 1 1 
1 1 1 1 1 1 1 1 1 
1 1 1 1 1 1 1 1 1 
1 1 1 1 1 1 1 1 1 
1 1 1 1 1 1 1 1 1 
1 1 1 1 1 1 1 1 1 
1 1 1 1 1 1 1 1 1 
1 1 1 1 1 1 1 1 1 
1 1 1 1 1 1 1 1 1 
1 1 1 1 1 1 1 1 1 
1 1 1 1 1 1 1 1 1 
1 1 1 1 1 1 1 1 1 
1 1 1 1 1 1 1 1 1 
1 1 1 1 1 1 1 1 1 
1 1 1 1 1 1 1 1 1 
1 1 1 1 1 1 1 1 1 
1 1 1 1 1 1 1 1 1 
1 1 1 1 1 1 1 1 1 
1 1 1 1 1 1 1 1 1 
1 1 1 1 1 1 1 1 1 
1 1 1 1 1 1 1 1 1 
1 1 1 1 1 1 1 1 1 
1 1 1 1 1 1 1 1 1 
1 1 1 1 1 1 1 1 1 
1 1 1 1 1 1 1 1 1 
1 1 1 1 1 1 1 1 1 
1 1 1 1 1 1 1 1 1 
1 1 1 1 1 1 1 1 1 
1 1 1 1 1 1 1 1 1 
1 1 1 1 1 1 1 1 1 
1 1 1 1 1 1 1 1 1 
1 1 1 1 1 1 1 1 1 
1 1 1 1 1 1 1 1 1 
1 1 1 1 1 1 1 1 1 
1 1 1 1 1 1 1 1 1 
1 1 1 1 1 1 1 1 1 
1 1 1 1 1 1 1 1 1 
1 1 1 1 1 1 1 1 1 
1 1 1 1 1 1 1 1 1 
1 1 1 1 1 1 1 1 1 
1 1 1 1 1 1 1 1 1 
1 1 1 1 1 1 1 1 1 
1 1 1 1 1 1 1 1 1 
1 1 1 1 1 1 1 1 1 
1 1 1 1 1 1 1 1 1 
1 1 1 1 1 1 1 1 1 
1 1 1 1 1 1 1 1 1 
1 1 1 1 1 1 1 1 1 
1 1 1 1 1 1 1 1 1 
1 1 1 1 1 1 1 1 1 
1 1 1 1 1 1 1 1 1 
1 1 1 1 1 1 1 1 1 
1 1 1 1 1 1 1 1 1 
1 1 1 1 1 1 1 1 1 
1 1 1 1 1 1 1 1 1 
1 1 1 1 1 1 1 1 1 
1 1 1 1 1 1 1 1 1 
1 1 1 1 1 1 1 1 1 
1 1 1 1 1 1 1 1 1 
1 1 1 1 1 1 1 1 1 
1 1 1 1 1 1 1 1 1 
1 1 1 1 1 1 1 1 1 
1 1 1 1 1 1 1 1 1 
1 1 1 1 1 1 1 1 1 
1 1 1 1 1 1 1 1 1 
1 1 1 1 1 1 1 1 1 
1 1 1 1 1 1 1 1 1 
1 1 1 1 1 1 1 1 1 
1 1 1 1 1 1 1 1 1 
1 1 1 1 1 1 1 1 1 
1 1 1 1 1 1 1 1 1 
1 1 1 1 1 1 1 1 1 
1 1 1 1 1 1 1 1 1 
1 1 1 1 1 1 1 1 1 
1 1 1 1 1 1 1 1 1 
1 1 1 1 1 1 1 1 1 
1 1 1 1 1 1 1 1 1 
1 1 1 1 1 1 1 1 1 
1 1 1 1 1 1 1 1 1 
1 1 1 1 1 1 1 1 1 
1 1 1 1 1 1 1 1 1 
1 1 1 1 1 1 1 1 1 
1 1 1 1 1 1 1 1 1 
1 1 1 1 1 1 1 1 1 
1 1 1 1 1 1 1 1 1 
1 1 1 1 1 1 1 1 1 
1 1 1 1 1 1 1 1 1 
1 1 1 1 1 1 1 1 1 
1 1 1 1 1 1 1 1 1 
1 1 1 1 1 1 1 1 1 
1 1 1 1 1 1 1 1 1 
1 1 1 1 1 1 1 1 1 
1 1 1 1 1 1 1 1 1 
1 1 1 1 1 1 1 1 1 
1 1 1 1 1 1 1 1 1 
1 1 1 1 1 1 1 1 1 
1 1 1 1 1 1 1 1 1 
1 1 1 1 1 1 1 1 1 
1 1 1 1 1 1 1 1 1 
1 1 1 1 1 1 1 1 1 
1 1 1 1 1 1 1 1 1 
1 1 1 1 1 1 1 1 1 
1 1 1 1 1 1 1 1 1 
1 1 1 1 1 1 1 1 1 
1 1 1 1 1 1 1 1 1 
1 1 1 1 1 1 1 1 1 
1 1 1 1 1 1 1 1 1 
1 1 1 1 1 1 1 1 1 
1 1 1 1 1 1 1 1 1 
1 1 1 1 1 1 1 1 1 
1 1 1 1 1 1 1 1 1 
1 1 1 1 1 1 1 1 1 
1 1 1 1 1 1 1 1 1 
1 1 1 1 1 1 1 1 1 
1 1 1 1 1 1 1 1 1 
1 1 1 1 1 1 1 1 1 
1 1 1 1 1 1 1 1 1 
1 1 1 1 1 1 1 1 1 
1 1 1 1 1 1 1 1 1 
1 1 1 1 1 1 1 1 1 
1 1 1 1 1 1 1 1 1 
1 1 1 1 1 1 1 1 1 
1 1 1 1 1 1 1 1 1 
1 1 1 1 1 1 1 1 1 
1 1 1 1 1 1 1 1 1 
1 1 1 1 1 1 1 1 1 
1 1 1 1 1 1 1 1 1 
1 1 1 1 1 1 1 1 1 
1 1 1 1 1 1 1 1 1 
1 1 1 1 1 1 1 1 1 
1 1 1 1 1 1 1 1 1 
1 1 1 1 1 1 1 1 1 
1 1 1 1 1 1 1 1 1 
1 1 1 1 1 1 1 1 1 
1 1 1 1 1 1 1 1 1 
1 1 1 1 1 1 1 1 1 
1 1 1 1 1 1 1 1 1 
1 1 1 1 1 1 1 1 1 
1 1 1 1 1 1 1 1 1 
1 1 1 1 1 1 1 1 1 
1 1 1 1 1 1 1 1 1 
1 1 1 1 1 1 1 1 1 
1 1 1 1 1 1 1 1 1 
1 1 1 1 1 1 1 1 1 
1 1 1 1 1 1 1 1 1 
1 1 1 1 1 1 1 1 1 
1 1 1 1 1 1 1 1 1 
1 1 1 1 1 1 1 1 1 
1 1 1 1 1 1 1 1 1 
1 1 1 1 1 1 1 1 1 
1 1 1 1 1 1 1 1 1 
1 1 1 1 1 1 1 1 1 
1 1 1 1 1 1 1 1 1 
1 1 1 1 1 1 1 1 1 
1 1 1 1 1 1 1 1 1 
1 1 1 1 1 1 1 1 1 
1 1 1 1 1 1 1 1 1 
1 1 1 1 1 1 1 1 1 
1 1 1 1 1 1 1 1 1 
1 1 1 1 1 1 1 1 1 
1 1 1 1 1 1 1 1 1 
1 1 1 1 1 1 1 1 1 
1 1 1 1 1 1 1 1 1 
1 1 1 1 1 1 1 1 1 
1 1 1 1 1 1 1 1 1 
1 1 1 1 1 1 1 1 1 
1 1 1 1 1 1 1 1 1 
1 1 1 1 1 1 1 1 1 
1 1 1 1 1 1 1 1 1 
1 1 1 1 1 1 1 1 1 
1 1 1 1 1 1 1 1 1 
1 1 1 1 1 1 1 1 1 
1 1 1 1 1 1 1 1 1 
1 1 1 1 1 1 1 1 1 
1 1 1 1 1 1 1 1 1 
1 1 1 1 1 1 1 1 1 
1 1 1 1 1 1 1 1 1 
1 1 1 1 1 1 1 1 1 
1 1 1 1 1 1 1 1 1 
1 1 1 1 1 1 1 1 1 
1 1 1 1 1 1 1 1 1 
1 1 1 1 1 1 1 1 1 
1 1 1 1 1 1 1 1 1 
1 1 1 1 1 1 1 1 1 
1 1 1 1 1 1 1 1 1 
1 1 1 1 1 1 1 1 1 
1 1 1 1 1 1 1 1 1 
1 1 1 1 1 1 1 1 1 
1 1 1 1 1 1 1 1 1 
1 1 1 1 1 1 1 1 1 
1 1 1 1 1 1 1 1 1 
1 1 1 1 1 1 1 1 1 
1 1 1 1 1 1 1 1 1 
1 1 1 1 1 1 1 1 1 
1 1 1 1 1 1 1 1 1 
1 1 1 1 1 1 1 1 1 
1 1 1 1 1 1 1 1 1 
1 1 1 1 1 1 1 1 1 
1 1 1 1 1 1 1 1 1 
1 1 1 1 1 1 1 1 1 
1 1 1 1 1 1 1 1 1 
1 1 1 1 1 1 1 1 1 
1 1 1 1 1 1 1 1 1 
1 1 1 1 1 1 1 1 1 
1 1 1 1 1 1 1 1 1 
1 1 1 1 1 1 1 1 1 
1 1 1 1 1 1 1 1 1 
1 1 1 1 1 1 1 1 1 
1 1 1 1 1 1 1 1 1 
1 1 1 1 1 1 1 1 1 
1 1 1 1 1 1 1 1 1 
1 1 1 1 1 1 1 1 1 
1 1 1 1 1 1 1 1 1 
1 1 1 1 1 1 1 1 1 
1 1 1 1 1 1 1 1 1 
1 1 1 1 1 1 1 1 1 
1 1 1 1 1 1 1 1 1 
1 1 1 1 1 1 1 1 1 
1 1 1 1 1 1 1 1 1 
1 1 1 1 1 1 1 1 1 
1 1 1 1 1 1 1 1 1 
1 1 1 1 1 1 1 1 1 
1 1 1 1 1 1 1 1 1 
1 1 1 1 1 1 1 1 1 
1 1 1 1 1 1 1 1 1 
1 1 1 1 1 1 1 1 1 
1 1 1 1 1 1 1 1 1 
1 1 1 1 1 1 1 1 1 
1 1 1 1 1 1 1 1 1 
1 1 1 1 1 1 1 1 1 
1 1 1 1 1 1 1 1 1 
1 1 1 1 1 1 1 1 1 
1 1 1 1 1 1 1 1 1 
1 1 1 1 1 1 1 1 1 
1 1 1 1 1 1 1 1 1 
1 1 1 1 1 1 1 1 1 
1 1 1 1 1 1 1 1 1 
1 1 1 1 1 1 1 1 1 
1 1 1 1 1 1 1 1 1 
1 1 1 1 1 1 1 1 1 
1 1 1 1 1 1 1 1 1 
1 1 1 1 1 1 1 1 1 
1 1 1 1 1 1 1 1 1 
1 1 1 1 1 1 1 1 1 
1 1 1 1 1 1 1 1 1 
1 1 1 1 1 1 1 1 1 
1 1 1 1 1 1 1 1 1 
1 1 1 1 1 1 1 1 1 
1 1 1 1 1 1 1 1 1 
1 1 1 1 1 1 1 1 1 
1 1 1 1 1 1 1 1 1 
1 1 1 1 1 1 1 1 1 
1 1 1 1 1 1 1 1 1 
1 1 1 1 1 1 1 1 1 
1 1 1 1 1 1 1 1 1 
1 1 1 1 1 1 1 1 1 
1 1 1 1 1 1 1 1 1 
1 1 1 1 1 1 1 1 1 
1 1 1 1 1 1 1 1 1 
1 1 1 1 1 1 1 1 1 
1 1 1 1 1 1 1 1 1 
1 1 1 1 1 1 1 1 1 
1 1 1 1 1 1 1 1 1 
1 1 1 1 1 1 1 1 1 
1 1 1 1 1 1 1 1 1 
1 1 1 1 1 1 1 1 1 
1 1 1 1 1 1 1 1 1 
1 1 1 1 1 1 1 1 1 
1 1 1 1 1 1 1 1 1 
1 1 1 1 1 1 1 1 1 
1 1 1 1 1 1 1 1 1 
1 1 1 1 1 1 1 1 1 
1 1 1 1 1 1 1 1 1 
1 1 1 1 1 1 1 1 1 
1 1 1 1 1 1 1 1 1 
1 1 1 1 1 1 1 1 1 
1 1 1 1 1 1 1 1 1 
1 1 1 1 1 1 1 1 1 
1 1 1 1 1 1 1 1 1 
1 1 1 1 1 1 1 1 1 
1 1 1 1 1 1 1 1 1 
1 1 1 1 1 1 1 1 1 
1 1 1 1 1 1 1 1 1 
1 1 1 1 1 1 1 1 1 
1 1 1 1 1 1 1 1 1 
1 1 1 1 1 1 1 1 1 
1 1 1 1 1 1 1 1 1 
1 1 1 1 1 1 1 1 1 
1 1 1 1 1 1 1 1 1 
1 1 1 1 1 1 1 1 1 
1 1 1 1 1 1 1 1 1 
1 1 1 1 1 1 1 1 1 
1 1 1 1 1 1 1 1 1 
1 1 1 1 1 1 1 1 1 
1 1 1 1 1 1 1 1 1 
1 1 1 1 1 1 1 1 1 
1 1 1 1 1 1 1 1 1 
1 1 1 1 1 1 1 1 1 
1 1 1 1 1 1 1 1 1 
1 1 1 1 1 1 1 1 1 
1 1 1 1 1 1 1 1 1 
1 1 1 1 1 1 1 1 1 
1 1 1 1 1 1 1 1 1 
1 1 1 1 1 1 1 1 1 
1 1 1 1 1 1 1 1 1 
1 1 1 1 1 1 1 1 1 
1 1 1 1 1 1 1 1 1 
1 1 1 1 1 1 1 1 1 
1 1 1 1 1 1 1 1 1 
1 1 1 1 1 1 1 1 1 
1 1 1 1 1 1 1 1 1 
1 1 1 1 1 1 1 1 1 
1 1 1 1 1 1 1 1 1 
1 1 1 1 1 1 1 1 1 
1 1 1 1 1 1 1 1 1 
1 1 1 1 1 1 1 1 1 
1 1 1 1 1 1 1 1 1 
1 1 1 1 1 1 1 1 1 
1 1 1 1 1 1 1 1 1 
1 1 1 1 1 1 1 1 1 
1 1 1 1 1 1 1 1 1 
1 1 1 1 1 1 1 1 1 
1 1 1 1 1 1 1 1 1 
1 1 1 1 1 1 1 1 1 
1 1 1 1 1 1 1 1 1 
1 1 1 1 1 1 1 1 1 
1 1 1 1 1 1 1 1 1 
1 1 1 1 1 1 1 1 1 
1 1 1 1 1 1 1 1 1 
1 1 1 1 1 1 1 1 1 
1 1 1 1 1 1 1 1 1 
1 1 1 1 1 1 1 1 1 
1 1 1 1 1 1 1 1 1 
1 1 1 1 1 1 1 1 1 
1 1 1 1 1 1 1 1 1 
1 1 1 1 1 1 1 1 1 
1 1 1 1 1 1 1 1 1 
1 1 1 1 1 1 1 1 1 
1 1 1 1 1 1 1 1 1 
1 1 1 1 1 1 1 1 1 
1 1 1 1 1 1 1 1 1 
1 1 1 1 1 1 1 1 1 
1 1 1 1 1 1 1 1 1 
1 1 1 1 1 1 1 1 1 
1 1 1 1 1 1 1 1 1 
1 1 1 1 1 1 1 1 1 
1 1 1 1 1 1 1 1 1 
1 1 1 1 1 1 1 1 1 
1 1 1 1 1 1 1 1 1 
1 1 1 1 1 1 1 1 1 
1 1 1 1 1 1 1 1 1 
1 1 1 1 1 1 1 1 1 
1 1 1 1 1 1 1 1 1 
1 1 1 1 1 1 1 1 1 
1 1 1 1 1 1 1 1 1 
1 1 1 1 1 1 1 1 1 
1 1 1 1 1 1 1 1 1 
1 1 1 1 1 1 1 1 1 
1 1 1 1 1 1 1 1 1 
1 1 1 1 1 1 1 1 1 
1 1 1 1 1 1 1 1 1 
1 1 1 1 1 1 1 1 1 
1 1 1 1 1 1 1 1 1 
1 1 1 1 1 1 1 1 1 
1 1 1 1 1 1 1 1 1 
1 1 1 1 1 1 1 1 1 
1 1 1 1 1 1 1 1 1 
1 1 1 1 1 1 1 1 1 
1 1 1 1 1 1 1 1 1 
1 1 1 1 1 1 1 1 1 
1 1 1 1 1 1 1 1 1 
1 1 1 1 1 1 1 1 1 
1 1 1 1 1 1 1 1 1 
1 1 1 1 1 1 1 1 1 
1 1 1 1 1 1 1 1 1 
1 1 1 1 1 1 1 1 1 
1 1 1 1 1 1 1 1 1 
1 1 1 1 1 1 1 1 1 
1 1 1 1 1 1 1 1 1 
1 1 1 1 1 1 1 1 1 
1 1 1 1 1 1 1 1 1 
1 1 1 1 1 1 1 1 1 
1 1 1 1 1 1 1 1 1 
1 1 1 1 1 1 1 1 1 
1 1 1 1 1 1 1 1 1 
1 1 1 1 1 1 1 1 1 
1 1 1 1 1 1 1 1 1 
1 1 1 1 1 1 1 1 1 
1 1 1 1 1 1 1 1 1 
1 1 1 1 1 1 1 1 1 
1 1 1 1 1 1 1 1 1 
1 1 1 1 1 1 1 1 1 
1 1 1 1 1 1 1 1 1 
1 1 1 1 1 1 1 1 1 
1 1 1 1 1 1 1 1 1 
1 1 1 1 1 1 1 1 1 
1 1 1 1 1 1 1 1 1 
1 1 1 1 1 1 1 1 1 
1 1 1 1 1 1 1 1 1 
1 1 1 1 1 1 1 1 1 
1 1 1 1 1 1 1 1 1 
1 1 1 1 1 1 1 1 1 
1 1 1 1 1 1 1 1 1 
1 1 1 1 1 1 1 1 1 
1 1 1 1 1 1 1 1 1 
1 1 1 1 1 1 1 1 1 
1 1 1 1 1 1 1 1 1 
1 1 1 1 1 1 1 1 1 
1 1 1 1 1 1 1 1 1 
1 1 1 1 1 1 1 1 1 
1 1 1 1 1 1 1 1 1 
1 1 1 1 1 1 1 1 1 
1 1 1 1 1 1 1 1 1 
1 1 1 1 1 1 1 1 1 
1 1 1 1 1 1 1 1 1 
1 1 1 1 1 1 1 1 1 
1 1 1 1 1 1 1 1 1 
1 1 1 1 1 1 1 1 1 
1 1 1 1 1 1 1 1 1 
1 1 1 1 1 1 1 1 1 
1 1 1 1 1 1 1 1 1 
1 1 1 1 1 1 1 1 1 
1 1 1 1 1 1 1 1 1 
1 1 1 1 1 1 1 1 1 
1 1 1 1 1 1 1 1 1 
1 1 1 1 1 1 1 1 1 
1 1 1 1 1 1 1 1 1 
1 1 1 1 1 1 1 1 1 
1 1 1 1 1 1 1 1 1 
1 1 1 1 1 1 1 1 1 
1 1 1 1 1 1 1 1 1 
1 1 1 1 1 1 1 1 1 
1 1 1 1 1 1 1 1 1 
1 1 1 1 1 1 1 1 1 
1 1 1 1 1 1 1 1 1 
1 1 1 1 1 1 1 1 1 
1 1 1 1 1 1 1 1 1 
1 1 1 1 1 1 1 1 1 
1 1 1 1 1 1 1 1 1 
1 1 1 1 1 1 1 1 1 
1 1 1 1 1 1 1 1 1 
1 1 1 1 1 1 1 1 1 
1 1 1 1 1 1 1 1 1 
1 1 1 1 1 1 1 1 1 
1 1 1 1 1 1 1 1 1 
1 1 1 1 1 1 1 1 1 
1 1 1 1 1 1 1 1 1 
1 1 1 1 1 1 1 1 1 
1 1 1 1 1 1 1 1 1 
1 1 1 1 1 1 1 1 1 
1 1 1 1 1 1 1 1 1 
1 1 1 1 1 1 1 1 1 
1 1 1 1 1 1 1 1 1 
1 1 1 1 1 1 1 1 1 
1 1 1 1 1 1 1 1 1 
1 1 1 1 1 1 1 1 1 
1 1 1 1 1 1 1 1 1 
1 1 1 1 1 1 1 1 1 
1 1 1 1 1 1 1 1 1 
1 1 1 1 1 1 1 1 1 
1 1 1 1 1 1 1 1 1 
1 1 1 1 1 1 1 1 1 
1 1 1 1 1 1 1 1 1 
1 1 1 1 1 1 1 1 1 
1 1 1 1 1 1 1 1 1 
1 1 1 1 1 1 1 1 1 
1 1 1 1 1 1 1 1 1 
1 1 1 1 1 1 1 1 1 
1 1 1 1 1 1 1 1 1 
1 1 1 1 1 1 1 1 1 
1 1 1 1 1 1 1 1 1 
1 1 1 1 1 1 1 1 1 
1 1 1 1 1 1 1 1 1 
1 1 1 1 1 1 1 1 1 
1 1 1 1 1 1 1 1 1 
1 1 1 1 1 1 1 1 1 
1 1 1 1 1 1 1 1 1 
1 1 1 1 1 1 1 1 1 
1 1 1 1 1 1 1 1 1 
1 1 1 1 1 1 1 1 1 
1 1 1 1 
