# vtk DataFile Version 5.1
vtk output
ASCII
DATASET POLYDATA
POINTS 3226 float
-0.114768 0.0773939 0.603338 -0.112792 0.0817212 0.581361 -0.131801 0.0727948 0.589398 
-0.0839716 0.06956 0.604565 -0.0819957 0.0738873 0.582587 -0.0531755 0.061726 0.605791 
-0.0511996 0.0660533 0.583814 -0.0394131 0.049293 0.593077 0.22399 -0.00877953 0.616828 
0.225965 -0.00445225 0.594851 0.206956 -0.0133786 0.602888 0.237752 -0.0212126 0.604114 
-0.120015 0.0560345 0.598661 -0.108228 0.0392741 0.607924 -0.0911948 0.0438732 0.621865 
-0.0603987 0.0360393 0.623091 -0.0276266 0.0325326 0.60234 -0.0296025 0.0282053 0.624317 
0.00119357 0.0203714 0.625544 0.00316953 0.0246987 0.603566 0.014956 0.00793831 0.61283 
0.155174 -0.0187984 0.631676 0.15715 -0.0144711 0.609698 0.13814 -0.0233975 0.617735 
0.18597 -0.0266323 0.632902 0.187946 -0.0223051 0.610924 0.218742 -0.030139 0.612151 
0.199733 -0.0390654 0.620188 -0.129214 0.0260204 0.637938 -0.127238 0.0303477 0.615961 
-0.146248 0.0214213 0.623998 -0.0984179 0.0181865 0.639165 -0.0676218 0.0103525 0.640391 
-0.0368257 0.00251858 0.641618 -0.00602957 -0.00531538 0.642844 0.0267425 -0.00882204 0.622093 
0.0247665 -0.0131493 0.64407 0.038529 -0.0255824 0.631356 0.147951 -0.0444851 0.648976 
0.130917 -0.0490843 0.635035 0.161713 -0.0569182 0.636261 0.180723 -0.0479918 0.628225 
-0.134461 0.00466097 0.633261 -0.122675 -0.0120994 0.642524 -0.105641 -0.00750028 0.656465 
-0.0748449 -0.0153342 0.657691 -0.0440488 -0.0231682 0.658918 -0.0132527 -0.0310021 0.660144 
0.0175434 -0.0388361 0.66137 0.0503155 -0.0423428 0.640619 0.0483395 -0.04667 0.662597 
0.0791356 -0.054504 0.663823 0.0811116 -0.0501767 0.641846 0.109932 -0.0623379 0.665049 
0.111908 -0.0580107 0.643072 0.142704 -0.0658446 0.644298 0.123694 -0.074771 0.652335 
-0.110888 -0.0288597 0.651788 -0.0800921 -0.0366937 0.653014 -0.0683056 -0.0534541 0.662277 
-0.051272 -0.0488549 0.676218 -0.0204759 -0.0566889 0.677444 0.0103203 -0.0645228 0.67867 
0.0411164 -0.0723568 0.679897 0.0548788 -0.0847899 0.667183 0.0738885 -0.0758635 0.659146 
0.104685 -0.0836974 0.660372 -0.0565192 -0.0702144 0.67154 -0.025723 -0.0780484 0.672767 
0.00507308 -0.0858823 0.673993 0.0358692 -0.0937163 0.675219 0.372795 0.0455995 0.525878 
0.374771 0.0499268 0.503901 0.355762 0.0410004 0.511938 0.386558 0.0331664 0.513164 
-0.0963696 0.137422 0.524783 -0.0943936 0.141749 0.502806 -0.113403 0.132823 0.510843 
-0.0655734 0.129588 0.52601 -0.0635975 0.133915 0.504032 -0.0347773 0.121754 0.527236 
-0.0328014 0.126081 0.505259 -0.00398121 0.11392 0.528462 -0.00200526 0.118247 0.506485 
0.0268149 0.106086 0.529689 0.0287909 0.110414 0.507711 0.0405773 0.0936532 0.516975 
0.334776 0.0277467 0.541952 0.336752 0.032074 0.519975 0.317742 0.0231476 0.528012 
0.365572 0.0199127 0.543179 0.379335 0.00747968 0.530464 -0.103593 0.111735 0.542083 
-0.120626 0.107136 0.528143 -0.0727966 0.103901 0.54331 -0.0420005 0.0960674 0.544536 
-0.0112044 0.0882334 0.545762 0.0195918 0.0803995 0.546989 0.0523638 0.0768928 0.526238 
0.0503879 0.0725655 0.548215 0.081184 0.0647316 0.549442 0.0831599 0.0690589 0.527464 
0.11198 0.0568976 0.550668 0.113956 0.0612249 0.52869 0.142776 0.0490637 0.551894 
0.144752 0.0533909 0.529917 0.173572 0.0412297 0.553121 0.175548 0.045557 0.531143 
0.187335 0.0287966 0.540406 0.296757 0.00989389 0.558026 0.298733 0.0142212 0.536048 
0.279723 0.00529478 0.544085 0.327553 0.00205994 0.559252 0.341315 -0.0103731 0.546538 
0.360325 -0.00144673 0.538501 -0.110816 0.0860485 0.559384 -0.12785 0.0814494 0.545443 
-0.0800197 0.0782146 0.56061 -0.0492236 0.0703806 0.561836 -0.0184275 0.0625467 0.563063 
0.0123686 0.0547127 0.564289 0.0431647 0.0468788 0.565515 0.0739609 0.0390448 0.566742 
0.104757 0.0312109 0.567968 0.135553 0.0233769 0.569194 0.166349 0.0155429 0.570421 
0.199121 0.0120363 0.54967 0.197145 0.00770899 0.571647 0.227941 -0.000124958 0.572873 
0.229917 0.00420233 0.550896 0.258738 -0.00795891 0.5741 0.260714 -0.00363162 0.552122 
0.29151 -0.0114656 0.553349 0.2725 -0.020392 0.561385 0.322306 -0.0192995 0.554575 
-0.148835 0.0681957 0.575457 -0.146859 0.072523 0.55348 -0.165869 0.0635966 0.561517 
-0.0256506 0.0368599 0.580363 0.00514548 0.029026 0.581589 0.0359416 0.021192 0.582815 
0.0667377 0.0133581 0.584042 0.0975338 0.0055241 0.585268 0.12833 -0.00230986 0.586494 
0.159126 -0.0101438 0.587721 0.189922 -0.0179778 0.588947 0.251514 -0.0336457 0.5914 
0.265277 -0.0460787 0.578685 -0.186854 0.0503429 0.591531 -0.184878 0.0546702 0.569553 
-0.203888 0.0457438 0.57759 -0.156058 0.042509 0.592757 -0.125262 0.034675 0.593984 
0.0287185 -0.00449476 0.600115 0.0595146 -0.0123287 0.601342 0.0903107 -0.0201627 0.602568 
0.121107 -0.0279966 0.603794 0.213495 -0.0514985 0.607473 0.227258 -0.0639315 0.594759 
0.246267 -0.0550051 0.586722 -0.192102 0.0289834 0.586854 -0.161305 0.0211495 0.58808 
-0.149519 0.00438914 0.597343 0.0522914 -0.0380155 0.618642 0.0830875 -0.0458494 0.619868 
0.113884 -0.0536834 0.621094 0.175476 -0.0693513 0.623547 0.189238 -0.0817843 0.610833 
0.208248 -0.0728579 0.602796 -0.137732 -0.0123712 0.606606 -0.125946 -0.0291316 0.61587 
0.137457 -0.0872041 0.639621 0.151219 -0.0996372 0.626907 0.170229 -0.0907108 0.61887 
-0.114159 -0.0458919 0.625133 -0.0833634 -0.0537259 0.626359 -0.0715769 -0.0704862 0.635622 
0.0686413 -0.0972229 0.654468 0.0824037 -0.109656 0.641754 0.101413 -0.10073 0.633717 
0.132209 -0.108564 0.634943 -0.0597904 -0.0872466 0.644885 -0.0289943 -0.0950805 0.646112 
0.00180184 -0.102914 0.647338 0.030622 -0.115076 0.670542 0.0135883 -0.119675 0.656601 
0.0443844 -0.127509 0.657828 0.0633941 -0.118582 0.649791 0.0253748 -0.136435 0.665865 
0.298805 0.129129 0.443644 0.300781 0.133457 0.421667 0.281771 0.12453 0.429704 
0.329601 0.121296 0.444871 0.331577 0.125623 0.422893 0.343364 0.108862 0.432157 
0.260786 0.111277 0.459718 0.262762 0.115604 0.437741 0.243752 0.106678 0.445778 
0.291582 0.103443 0.460945 0.322378 0.0956087 0.462171 0.35515 0.0921021 0.44142 
0.353174 0.0877748 0.463397 0.366937 0.0753417 0.450683 0.191971 0.101258 0.474566 
0.193946 0.105585 0.452588 0.174937 0.0966587 0.460625 0.222767 0.0934238 0.475792 
0.224743 0.0977511 0.453814 0.253563 0.0855899 0.477018 0.284359 0.0777559 0.478245 
0.315155 0.069922 0.479471 0.345951 0.062088 0.480697 0.378723 0.0585814 0.459946 
0.376747 0.0542541 0.481924 0.39051 0.041821 0.469209 -0.0924177 0.146077 0.480828 
-0.0904417 0.150404 0.458851 -0.109451 0.141478 0.466888 -0.0616215 0.138243 0.482055 
-0.0596456 0.14257 0.460077 -0.0308254 0.130409 0.483281 -0.0288495 0.134736 0.461304 
-2.93067e-05 0.122575 0.484508 0.00194665 0.126902 0.46253 0.0307668 0.114741 0.485734 
0.0327428 0.119068 0.463756 0.0615629 0.106907 0.48696 0.0635389 0.111234 0.464983 
0.092359 0.0990729 0.488187 0.094335 0.1034 0.466209 0.123155 0.0912389 0.489413 
0.125131 0.0955662 0.467435 0.153951 0.083405 0.490639 0.155927 0.0877323 0.468662 
0.184747 0.075571 0.491866 0.215544 0.0677371 0.493092 0.24634 0.0599031 0.494318 
0.277136 0.0520692 0.495545 0.307932 0.0442352 0.496771 0.338728 0.0364013 0.497997 
0.383287 0.0161343 0.486509 -0.130437 0.128224 0.496902 -0.128461 0.132551 0.474925 
-0.147471 0.123625 0.482962 0.0543398 0.0812201 0.50426 0.0851359 0.0733861 0.505487 
0.115932 0.0655522 0.506713 0.146728 0.0577182 0.507939 0.177524 0.0498843 0.509166 
0.20832 0.0420503 0.510392 0.239116 0.0342164 0.511618 0.269913 0.0263824 0.512845 
0.300709 0.0185485 0.514071 0.376063 -0.0095525 0.50381 -0.13766 0.102537 0.514202 
-0.154694 0.0979379 0.500262 0.201097 0.0163636 0.527692 0.231893 0.00852962 0.528918 
0.262689 0.000695664 0.530145 0.355078 -0.0228062 0.533824 0.36884 -0.0352393 0.52111 
-0.175679 0.0846843 0.530276 -0.173703 0.0890115 0.508299 -0.192713 0.0800851 0.516335 
-0.144883 0.0768503 0.531502 0.286262 -0.032825 0.548671 0.317059 -0.040659 0.549897 
0.330821 -0.0530921 0.537183 0.349831 -0.0441657 0.529146 -0.213699 0.0668314 0.54635 
-0.211723 0.0711587 0.524372 -0.230732 0.0622323 0.532409 -0.182902 0.0589975 0.547576 
0.279039 -0.0585118 0.565971 0.292802 -0.0709449 0.553257 0.311811 -0.0620185 0.54522 
-0.220922 0.0411447 0.56365 -0.237955 0.0365456 0.549709 0.24102 -0.0763646 0.582045 
0.254782 -0.0887977 0.569331 0.273792 -0.0798713 0.561294 -0.226169 0.0197852 0.558972 
-0.195373 0.0119513 0.560199 -0.164577 0.00411731 0.561425 -0.15279 -0.012643 0.570688 
0.185967 -0.0988165 0.584178 0.204977 -0.0898901 0.576141 0.235773 -0.0977241 0.577368 
-0.141004 -0.0294034 0.579952 -0.110208 -0.0372374 0.581178 -0.112184 -0.0415646 0.603155 
-0.0984211 -0.0539977 0.590441 0.147948 -0.116669 0.600252 0.166957 -0.107743 0.592215 
-0.0866346 -0.0707581 0.599704 -0.0748481 -0.0875184 0.608967 0.0791325 -0.126688 0.615099 
0.0981421 -0.117762 0.607062 0.128938 -0.125596 0.608289 -0.0630616 -0.104279 0.618231 
-0.0342415 -0.11644 0.641434 -0.0512751 -0.121039 0.627494 -0.00344534 -0.124274 0.642661 
0.0411132 -0.144541 0.631173 0.0601228 -0.135615 0.623136 -0.0394886 -0.137799 0.636757 
-0.00869253 -0.145633 0.637983 0.0221036 -0.153467 0.63921 0.271961 0.145618 0.398463 
0.273937 0.149945 0.376486 0.254927 0.141019 0.384523 0.302757 0.137784 0.39969 
0.304733 0.142111 0.377712 0.31652 0.125351 0.386975 0.264738 0.119931 0.415763 
0.247704 0.115332 0.401823 0.328306 0.108591 0.396239 0.340092 0.0918303 0.405502 
0.226719 0.102078 0.431837 0.228695 0.106406 0.40986 0.209685 0.0974793 0.417896 
0.351879 0.0750699 0.414765 0.363665 0.0583095 0.424028 -0.180854 0.178233 0.433195 
-0.178878 0.18256 0.411217 -0.197888 0.173634 0.419254 -0.167092 0.1658 0.42048 
-0.0576696 0.146897 0.4381 -0.0556937 0.151225 0.416123 -0.0747033 0.142298 0.424159 
-0.0268735 0.139063 0.439326 -0.0248976 0.143391 0.417349 0.0039226 0.131229 0.440553 
0.00589855 0.135557 0.418575 0.017685 0.118796 0.427838 0.157903 0.0920596 0.446684 
0.159879 0.0963869 0.424707 0.14087 0.0874605 0.432744 0.190675 0.0885529 0.425933 
0.375452 0.0415492 0.433291 0.387238 0.0247888 0.442555 -0.218873 0.16038 0.449268 
-0.216897 0.164708 0.427291 -0.235907 0.155781 0.435328 -0.188077 0.152546 0.450495 
-0.174315 0.140113 0.43778 -0.126485 0.136878 0.452947 -0.124509 0.141206 0.43097 
-0.143519 0.132279 0.439007 -0.0937129 0.133372 0.432196 0.0294715 0.102036 0.437102 
0.0602676 0.094202 0.438328 0.0910638 0.086368 0.439554 0.12186 0.0785341 0.440781 
0.380015 -0.000897929 0.459855 -0.226096 0.134693 0.466568 -0.24313 0.130094 0.452628 
-0.1953 0.12686 0.467795 -0.162528 0.123353 0.447044 -0.164504 0.119026 0.469021 
0.372792 -0.0265847 0.477155 -0.23332 0.109007 0.483868 -0.250353 0.104408 0.469928 
-0.202524 0.101173 0.485095 -0.171727 0.0933388 0.486321 0.351807 -0.0398384 0.507169 
0.334773 -0.0444375 0.493228 0.353783 -0.0355111 0.485192 -0.240543 0.08332 0.501168 
-0.257576 0.0787209 0.487228 -0.209747 0.075486 0.502395 0.32755 -0.0701243 0.510528 
-0.278562 0.0654672 0.517242 -0.276586 0.0697945 0.495265 -0.295596 0.0608681 0.503302 
-0.247766 0.0576332 0.518469 0.289531 -0.0879771 0.526602 0.30854 -0.0790507 0.518565 
-0.283809 0.0441077 0.512565 -0.272023 0.0273473 0.521828 -0.254989 0.0319465 0.535769 
0.251511 -0.10583 0.542676 0.270521 -0.0969035 0.534639 -0.260236 0.010587 0.531091 
-0.22944 0.00275304 0.532318 -0.198644 -0.00508092 0.533544 -0.169824 -0.0172422 0.556748 
-0.186858 -0.0218413 0.542807 0.182696 -0.115849 0.557523 0.201706 -0.106922 0.549486 
0.232502 -0.114756 0.550713 -0.175071 -0.0386016 0.55207 -0.144275 -0.0464356 0.553297 
-0.115455 -0.0585968 0.5765 -0.132488 -0.0631959 0.56256 0.144677 -0.133702 0.573597 
0.163686 -0.124775 0.56556 -0.120702 -0.0799563 0.571823 -0.0918818 -0.0921175 0.595027 
-0.108915 -0.0967166 0.581086 0.0758612 -0.14372 0.588444 0.0948709 -0.134794 0.580408 
0.125667 -0.142628 0.581634 -0.097129 -0.113477 0.590349 -0.0663329 -0.121311 0.591576 
-0.0545464 -0.138071 0.600839 0.037842 -0.161573 0.604518 0.0568516 -0.152647 0.596481 
-0.0427599 -0.154832 0.610102 -0.0119638 -0.162666 0.611329 0.0188324 -0.1705 0.612555 
0.283136 0.179959 0.337208 0.285112 0.184287 0.315231 0.266102 0.17536 0.323268 
0.296898 0.167526 0.324494 0.245117 0.162107 0.353282 0.247093 0.166434 0.331305 
0.228083 0.157507 0.339341 0.275913 0.154273 0.354508 0.308685 0.150766 0.333757 
0.306709 0.146439 0.355735 0.320471 0.134006 0.34302 0.237894 0.13642 0.370582 
0.22086 0.131821 0.356641 0.330282 0.112918 0.374261 0.332258 0.117245 0.352284 
0.344044 0.100485 0.361547 0.23067 0.110733 0.387882 0.213637 0.106134 0.373942 
0.353855 0.0793972 0.392787 0.355831 0.0837245 0.37081 0.367617 0.0669641 0.380073 
-0.146106 0.179054 0.390466 -0.14413 0.183381 0.368489 -0.16314 0.174455 0.376525 
-0.132344 0.166621 0.377752 -0.0229216 0.147718 0.395371 -0.0209457 0.152045 0.373394 
-0.0399553 0.143119 0.381431 0.00787451 0.139884 0.396598 0.00985046 0.144211 0.37462 
0.0216369 0.127451 0.383884 0.161855 0.100714 0.402729 0.163831 0.105041 0.380752 
0.144821 0.096115 0.388789 0.192651 0.0928802 0.403956 0.194627 0.0972075 0.381978 
0.360394 0.0412774 0.397373 -0.214921 0.169035 0.405313 -0.212946 0.173362 0.383336 
-0.231955 0.164436 0.391373 -0.182149 0.165528 0.384562 -0.153329 0.153367 0.407766 
-0.120557 0.14986 0.387015 -0.122533 0.145533 0.408992 -0.091737 0.137699 0.410219 
-0.089761 0.142026 0.388241 -0.0589649 0.134192 0.389468 0.0314475 0.106363 0.415124 
0.0334234 0.11069 0.393147 0.0622436 0.0985292 0.416351 0.0642195 0.102857 0.394373 
0.0930397 0.0906953 0.417577 0.0950157 0.0950226 0.395599 0.123836 0.0828613 0.418803 
0.125812 0.0871886 0.396826 0.370205 0.0201897 0.428614 0.353171 0.0155906 0.414673 
-0.252941 0.151182 0.421387 -0.250965 0.155509 0.39941 -0.269974 0.146583 0.407447 
-0.160552 0.12768 0.425066 0.362982 -0.00549704 0.445914 0.345948 -0.0100962 0.431973 
-0.260164 0.125495 0.438687 -0.277198 0.120896 0.424747 0.355758 -0.0311838 0.463214 
0.338725 -0.0357829 0.449274 -0.267387 0.0998085 0.455987 -0.284421 0.0952094 0.442047 
0.331502 -0.0614697 0.466574 -0.27461 0.0741218 0.473287 -0.291644 0.0695226 0.459347 
0.310516 -0.0747234 0.496588 0.293482 -0.0793225 0.482647 0.312492 -0.0703961 0.47461 
-0.312629 0.0562689 0.489361 -0.310653 0.0605962 0.467384 -0.329663 0.0516698 0.47542 
0.286259 -0.105009 0.499947 -0.317877 0.0349095 0.484684 -0.28708 0.0270755 0.48591 
-0.275294 0.0103152 0.495173 0.24824 -0.122862 0.516021 0.26725 -0.113936 0.507984 
-0.263507 -0.00644519 0.504436 -0.232711 -0.0142791 0.505663 -0.203891 -0.0264404 0.528867 
-0.220925 -0.0310395 0.514926 0.179425 -0.132881 0.530868 0.198434 -0.123954 0.522832 
0.22923 -0.131788 0.524058 -0.209138 -0.0477999 0.524189 -0.178342 -0.0556338 0.525416 
-0.147546 -0.0634678 0.526642 -0.13576 -0.0802281 0.535905 0.141405 -0.150734 0.546942 
0.160415 -0.141807 0.538905 -0.123973 -0.0969885 0.545168 -0.112187 -0.113749 0.554431 
0.0896237 -0.156153 0.57573 0.103386 -0.168587 0.563016 0.122396 -0.15966 0.554979 
-0.1004 -0.130509 0.563695 -0.0696041 -0.138343 0.564921 -0.0578176 -0.155103 0.574184 
0.0345707 -0.178605 0.577863 0.0535804 -0.169679 0.569826 0.0843765 -0.177513 0.571053 
-0.0460311 -0.171864 0.583447 -0.015235 -0.179698 0.584674 0.0155611 -0.187532 0.5859 
0.218273 0.178595 0.308101 0.220248 0.182922 0.286123 0.201239 0.173996 0.29416 
0.249069 0.170761 0.309327 0.251045 0.175088 0.28735 0.281841 0.167254 0.288576 
0.293627 0.150494 0.297839 0.211049 0.152908 0.325401 0.194016 0.148309 0.31146 
0.305414 0.133734 0.307102 0.3172 0.116973 0.316366 -0.104135 0.205561 0.330437 
-0.102159 0.209888 0.30846 -0.121169 0.200962 0.316497 -0.0903725 0.193128 0.317723 
0.203826 0.127222 0.342701 0.186793 0.122622 0.32876 0.327011 0.0958857 0.347606 
0.309977 0.0912866 0.333666 -0.142154 0.187708 0.346511 -0.140178 0.192036 0.324534 
-0.159188 0.183109 0.332571 -0.109382 0.184202 0.32576 -0.128392 0.175275 0.333797 
0.165807 0.109369 0.358775 0.167783 0.113696 0.336797 0.148773 0.10477 0.344834 
0.196603 0.101535 0.360001 0.321764 0.0745262 0.342929 0.350584 0.062365 0.366133 
0.33355 0.0577659 0.352192 -0.180173 0.169855 0.362585 -0.178197 0.174183 0.340607 
-0.197207 0.165256 0.348644 -0.118581 0.154188 0.365038 -0.116605 0.158515 0.34306 
-0.0877851 0.146354 0.366264 -0.0858091 0.150681 0.344286 -0.056989 0.13852 0.36749 
-0.055013 0.142847 0.345513 -0.0242169 0.135013 0.346739 0.00657923 0.127179 0.347966 
0.0353994 0.115018 0.371169 0.0373753 0.119345 0.349192 0.0491618 0.102585 0.358455 
0.127788 0.0915159 0.374848 0.129764 0.0958432 0.352871 0.110754 0.0869168 0.360908 
0.345336 0.0410055 0.361455 0.357123 0.0242452 0.370719 -0.248989 0.159837 0.377432 
-0.247013 0.164164 0.355455 -0.266022 0.155237 0.363492 -0.216217 0.15633 0.356681 
0.0609483 0.0858244 0.367718 0.0917444 0.0779904 0.368945 0.3499 -0.00144158 0.388019 
-0.287008 0.141984 0.393506 -0.285032 0.146311 0.371529 -0.304042 0.137385 0.379565 
0.342677 -0.0271283 0.405319 -0.294231 0.116297 0.410806 -0.311265 0.111698 0.396865 
0.335454 -0.0528151 0.422619 -0.301454 0.0906103 0.428106 -0.318488 0.0860112 0.414166 
0.314468 -0.0660688 0.452633 0.297434 -0.0706679 0.438692 0.316444 -0.0617415 0.430656 
-0.308677 0.0649235 0.445406 -0.325711 0.0603244 0.431466 0.290211 -0.0963547 0.455992 
-0.332934 0.0346376 0.448766 0.269226 -0.109608 0.486007 0.252192 -0.114207 0.472066 
0.271202 -0.105281 0.464029 -0.321148 0.0178773 0.458029 -0.290352 0.0100433 0.459255 
-0.278565 -0.00671702 0.468518 0.244969 -0.139894 0.489366 -0.266779 -0.0234774 0.477782 
-0.235983 -0.0313113 0.479008 -0.224196 -0.0480717 0.488271 0.176153 -0.149913 0.504214 
0.195163 -0.140987 0.496177 0.225959 -0.148821 0.497403 -0.21241 -0.064832 0.497534 
-0.181614 -0.072666 0.498761 -0.152793 -0.0848272 0.521964 -0.169827 -0.0894263 0.508024 
0.138134 -0.167766 0.520287 0.157144 -0.158839 0.51225 -0.158041 -0.106187 0.517287 
-0.127244 -0.114021 0.518513 -0.115458 -0.130781 0.527777 0.0863524 -0.173186 0.549075 
0.0693188 -0.177785 0.535135 0.0883284 -0.168858 0.527098 0.119125 -0.176692 0.528324 
-0.103671 -0.147541 0.53704 -0.0728753 -0.155375 0.538266 -0.0420792 -0.163209 0.539493 
-0.0440552 -0.167537 0.56147 -0.0112831 -0.171043 0.540719 -0.013259 -0.175371 0.562696 
0.019513 -0.178877 0.541945 0.0175371 -0.183204 0.563923 0.0503091 -0.186711 0.543172 
0.184205 0.169397 0.28022 0.186181 0.173724 0.258242 0.167172 0.164798 0.266279 
0.216977 0.16589 0.259468 0.247773 0.158056 0.260695 0.276594 0.145895 0.283899 
0.25956 0.141296 0.269958 0.146186 0.151544 0.296293 0.148162 0.155871 0.274316 
0.129152 0.146945 0.282353 0.176982 0.14371 0.29752 0.271346 0.124535 0.279221 
0.300167 0.112374 0.302425 0.283133 0.107775 0.288484 -0.10543 0.192856 0.281805 
-0.12444 0.18393 0.289842 -0.07661 0.180695 0.305009 -0.0746341 0.185022 0.283032 
-0.0628476 0.168262 0.292295 0.138963 0.125857 0.313593 0.121929 0.121258 0.299653 
0.169759 0.118023 0.31482 0.294919 0.0910148 0.297748 0.306706 0.0742544 0.307011 
-0.143449 0.175003 0.297879 -0.162459 0.166077 0.305916 -0.114629 0.162842 0.321083 
-0.0838332 0.155008 0.322309 -0.0510611 0.151502 0.301558 -0.0530371 0.147174 0.323535 
-0.0222409 0.13934 0.324762 -0.020265 0.143668 0.302784 -0.0084785 0.126907 0.312047 
0.133716 0.104498 0.308916 0.145502 0.0877374 0.318179 0.316516 0.0531668 0.338252 
0.299483 0.0485677 0.324311 -0.245037 0.168491 0.333477 -0.243061 0.172818 0.3115 
-0.262071 0.163892 0.319537 -0.214241 0.160657 0.334704 -0.212265 0.164985 0.312726 
-0.181469 0.157151 0.313953 0.00330799 0.110147 0.321311 0.0341041 0.102313 0.322537 
0.0458906 0.0855525 0.3318 0.126492 0.078811 0.326216 0.107483 0.0698846 0.334253 
0.311269 0.0318073 0.333574 0.340089 0.0196461 0.356778 0.323056 0.0150469 0.342837 
-0.283056 0.150638 0.349551 -0.28108 0.154966 0.327574 -0.30009 0.146039 0.335611 
0.0576771 0.0687922 0.341063 0.0884732 0.0609582 0.34229 0.334842 -0.00171341 0.352101 
0.346629 -0.0184738 0.361364 -0.321075 0.132786 0.365625 -0.319099 0.137113 0.343647 
-0.338109 0.128186 0.351684 0.325643 -0.0317275 0.391378 0.308609 -0.0363266 0.377437 
0.327619 -0.0274002 0.369401 -0.326323 0.111426 0.360947 -0.314536 0.0946657 0.370211 
0.31842 -0.0574142 0.408678 0.301386 -0.0620133 0.394738 -0.321759 0.068979 0.387511 
0.280401 -0.075267 0.424752 0.263367 -0.0798661 0.410811 0.282377 -0.0709397 0.402774 
-0.328982 0.0432922 0.404811 0.273178 -0.100954 0.442052 0.256144 -0.105553 0.428111 
-0.317196 0.0265319 0.414074 -0.319172 0.0222046 0.436051 -0.305409 0.00977151 0.423337 
0.248921 -0.13124 0.445411 -0.293623 -0.00698884 0.4326 -0.262827 -0.0148228 0.433827 
-0.264803 -0.0191501 0.455804 -0.25104 -0.0315832 0.44309 0.227935 -0.144493 0.475426 
0.210901 -0.149092 0.461485 0.229911 -0.140166 0.453448 -0.239254 -0.0483435 0.452353 
-0.227467 -0.0651039 0.461616 0.172882 -0.166945 0.477559 0.191892 -0.158019 0.469522 
-0.215681 -0.0818642 0.47088 -0.184885 -0.0896982 0.472106 -0.173098 -0.106459 0.481369 
0.134863 -0.184798 0.493633 0.153873 -0.175872 0.485596 -0.161312 -0.123219 0.490632 
-0.130516 -0.131053 0.491859 -0.118729 -0.147813 0.501122 0.0660475 -0.194817 0.50848 
0.0850572 -0.185891 0.500443 0.115853 -0.193724 0.501669 -0.106943 -0.164574 0.510385 
-0.0761466 -0.172408 0.511611 -0.0453504 -0.180241 0.512838 -0.0145543 -0.188075 0.514064 
0.0162418 -0.195909 0.51529 0.0470379 -0.203743 0.516517 0.150138 0.160199 0.252338 
0.152114 0.164526 0.230361 0.133104 0.155599 0.238398 0.18291 0.156692 0.231587 
0.213706 0.148858 0.232814 0.242526 0.136697 0.256017 0.225493 0.132098 0.242077 
-0.0726581 0.18935 0.261054 -0.0706822 0.193677 0.239077 -0.0896918 0.18475 0.247113 
-0.0588957 0.176916 0.24834 0.125881 0.129913 0.255698 0.237279 0.115337 0.25134 
0.266099 0.103176 0.274544 0.249065 0.0985769 0.260603 -0.141474 0.179331 0.275901 
-0.139498 0.183658 0.253924 -0.158507 0.174732 0.261961 -0.108701 0.175824 0.25515 
-0.0490851 0.155829 0.279581 -0.0471092 0.160156 0.257603 -0.0353227 0.143396 0.266866 
0.118658 0.104226 0.272998 0.260852 0.0818165 0.269866 0.289672 0.0696553 0.29307 
0.272638 0.0650562 0.27913 -0.241085 0.177146 0.289522 -0.239109 0.181473 0.267545 
-0.258119 0.172547 0.275582 -0.210289 0.169312 0.290749 -0.208313 0.173639 0.268771 
-0.179493 0.161478 0.291975 -0.177517 0.165805 0.269998 -0.0235362 0.126635 0.276129 
0.00528394 0.114474 0.299333 0.0072599 0.118801 0.277356 0.0360801 0.10664 0.30056 
0.038056 0.110967 0.278582 0.0498425 0.0942071 0.287845 0.128468 0.0831383 0.304239 
0.111435 0.0785392 0.290298 0.284425 0.0482958 0.288393 0.296211 0.0315355 0.297656 
-0.279104 0.159293 0.305596 -0.277128 0.16362 0.283619 -0.296138 0.154694 0.291656 
0.059653 0.0731195 0.319086 0.061629 0.0774467 0.297109 0.0904492 0.0652855 0.320312 
0.0924251 0.0696128 0.298335 0.306022 0.0104478 0.328897 0.288988 0.00584872 0.314956 
-0.317124 0.14144 0.32167 -0.315148 0.145767 0.299692 -0.334157 0.136841 0.307729 
0.300775 -0.0109116 0.324219 0.329595 -0.0230729 0.347423 0.312561 -0.027672 0.333483 
-0.34138 0.111154 0.325029 0.305338 -0.0533588 0.350783 -0.33157 0.0900666 0.35627 
-0.348603 0.0854675 0.342329 0.284353 -0.0666124 0.380797 0.267319 -0.0712116 0.366856 
0.286328 -0.0622852 0.35882 -0.336817 0.0687072 0.351593 -0.32503 0.0519468 0.360856 
0.246333 -0.0844652 0.396871 0.2293 -0.0890644 0.38293 0.248309 -0.080138 0.374893 
-0.346016 0.0386931 0.39087 -0.34404 0.0430204 0.368893 -0.36305 0.034094 0.37693 
0.23911 -0.110152 0.414171 0.222076 -0.114751 0.40023 -0.351263 0.0173336 0.386193 
-0.320467 0.00949968 0.387419 -0.289671 0.00166573 0.388645 -0.291647 -0.00266156 0.410623 
-0.277885 -0.0150946 0.397909 0.231887 -0.135839 0.431471 0.214853 -0.140438 0.41753 
-0.266098 -0.031855 0.407172 -0.254312 -0.0486153 0.416435 0.20763 -0.166125 0.43483 
-0.242525 -0.0653757 0.425698 -0.230739 -0.082136 0.434962 0.169611 -0.183977 0.450904 
0.188621 -0.175051 0.442867 -0.218952 -0.0988964 0.444225 -0.188156 -0.10673 0.445451 
-0.176369 -0.123491 0.454714 0.131592 -0.20183 0.466978 0.150601 -0.192904 0.458941 
-0.164583 -0.140251 0.463977 -0.133787 -0.148085 0.465204 -0.122 -0.164845 0.474467 
0.0627763 -0.211849 0.481825 0.0817859 -0.202923 0.473788 0.112582 -0.210757 0.475015 
-0.110214 -0.181606 0.48373 -0.0794178 -0.18944 0.484957 -0.0486217 -0.197274 0.486183 
-0.0178256 -0.205108 0.487409 0.0129706 -0.212942 0.488636 0.0437667 -0.220775 0.489862 
0.146867 0.143166 0.225684 0.160629 0.130733 0.212969 0.179639 0.13966 0.204933 
0.208459 0.127498 0.228136 0.191425 0.122899 0.214196 -0.106725 0.180151 0.233173 
-0.10475 0.184479 0.211195 -0.123759 0.175552 0.219232 -0.0739534 0.176645 0.212422 
-0.0451332 0.164483 0.235626 -0.0431573 0.168811 0.213648 -0.0313708 0.15205 0.222911 
0.141619 0.121807 0.221006 0.12261 0.112881 0.229043 0.203212 0.106139 0.223459 
0.232032 0.0939778 0.246663 0.214998 0.0893787 0.232722 -0.142769 0.166626 0.227269 
-0.161778 0.157699 0.235306 -0.0215603 0.130963 0.254152 -0.0195843 0.13529 0.232175 
0.00923585 0.123129 0.255378 0.0112118 0.127456 0.233401 0.0229983 0.110696 0.242664 
0.115387 0.0871938 0.246343 0.226785 0.0726183 0.241985 0.255605 0.0604571 0.265189 
0.238571 0.055858 0.251249 -0.24238 0.164441 0.24089 -0.26139 0.155514 0.248927 
-0.211584 0.156607 0.242117 -0.180788 0.148773 0.243343 0.0347848 0.0939353 0.251927 
0.0465713 0.0771749 0.261191 0.0944011 0.0739401 0.276357 0.096377 0.0782674 0.25438 
0.0773674 0.069341 0.262417 0.250358 0.0390976 0.260512 0.279178 0.0269364 0.283716 
0.262144 0.0223372 0.269775 -0.2804 0.146588 0.256964 -0.299409 0.137662 0.265001 
0.0583578 0.0604146 0.270454 0.271955 0.0012496 0.301016 0.254921 -0.00334951 0.287075 
-0.318419 0.128735 0.273038 -0.337428 0.119809 0.281075 0.266707 -0.0201099 0.296338 
0.295528 -0.0322711 0.319542 0.278494 -0.0368702 0.305601 -0.358414 0.106555 0.311089 
-0.356438 0.110882 0.289111 -0.375448 0.101956 0.297148 0.288304 -0.0579579 0.336842 
0.271271 -0.062557 0.322901 -0.365637 0.0808684 0.328389 -0.382671 0.0762693 0.314448 
0.264048 -0.0882437 0.340202 -0.370884 0.0595089 0.323712 -0.342064 0.0473477 0.346915 
-0.359098 0.0427486 0.332975 0.226028 -0.106097 0.356275 0.245038 -0.0971701 0.348238 
-0.349287 0.0216609 0.364215 -0.347311 0.0259882 0.342238 -0.335525 0.00922786 0.351501 
0.205043 -0.11935 0.38629 0.188009 -0.123949 0.372349 0.207019 -0.115023 0.364312 
-0.323738 -0.0075325 0.360764 -0.292942 -0.0153665 0.361991 -0.262146 -0.0232004 0.363217 
-0.264122 -0.0275277 0.385194 -0.25036 -0.0399608 0.37248 0.19782 -0.145037 0.40359 
0.180786 -0.149636 0.389649 -0.238573 -0.0567211 0.381743 -0.240549 -0.0610484 0.403721 
-0.226787 -0.0734815 0.391007 0.190597 -0.170724 0.42089 0.173563 -0.175323 0.406949 
-0.215 -0.0902418 0.40027 -0.216976 -0.0945691 0.422247 -0.203214 -0.107002 0.409533 
0.152577 -0.188577 0.436963 0.135544 -0.193176 0.423023 0.154553 -0.184249 0.414986 
-0.191427 -0.123763 0.418796 -0.160631 -0.131596 0.420023 -0.162607 -0.135924 0.442 
-0.148845 -0.148357 0.429286 0.114558 -0.206429 0.453037 0.0975243 -0.211028 0.439097 
0.116534 -0.202102 0.43106 -0.137058 -0.165117 0.438549 -0.106262 -0.172951 0.439775 
-0.108238 -0.177278 0.461753 -0.0754659 -0.180785 0.441002 -0.0774418 -0.185112 0.462979 
-0.0446698 -0.188619 0.442228 -0.0466457 -0.192946 0.464205 -0.0328833 -0.205379 0.451491 
0.0149465 -0.208614 0.466658 -0.00208717 -0.213213 0.452718 0.0169225 -0.204287 0.444681 
0.0477186 -0.212121 0.445907 0.0457426 -0.216448 0.467885 0.0785147 -0.219955 0.447133 
-0.0210968 -0.22214 0.460754 0.174391 0.1183 0.200255 -0.108021 0.167446 0.184541 
-0.12703 0.15852 0.192578 -0.0772246 0.159612 0.185767 -0.0464285 0.151778 0.186993 
-0.034642 0.135018 0.196257 0.138348 0.104775 0.194351 0.119339 0.0958484 0.202388 
0.169144 0.0969408 0.195578 0.197964 0.0847796 0.218782 0.180931 0.0801804 0.204841 
-0.240404 0.168768 0.218913 -0.238428 0.173095 0.196935 -0.257438 0.164169 0.204972 
-0.209608 0.160934 0.220139 -0.207632 0.165261 0.198162 -0.178812 0.1531 0.221365 
-0.176836 0.157428 0.199388 -0.14604 0.149594 0.200614 -0.0228555 0.118258 0.20552 
0.00794057 0.110424 0.206746 0.0197271 0.0936634 0.216009 0.098353 0.0825947 0.232403 
0.100329 0.0869219 0.210425 0.0813193 0.0779955 0.218462 0.192717 0.0634201 0.214104 
0.221537 0.0512588 0.237308 0.204504 0.0466597 0.223367 -0.278424 0.150915 0.234986 
-0.276448 0.155243 0.213009 -0.295457 0.146316 0.221046 0.0315135 0.0769031 0.225273 
0.0603337 0.0647418 0.248476 0.0623097 0.0690691 0.226499 0.21629 0.0298994 0.232631 
0.24511 0.0177381 0.255834 0.228077 0.013139 0.241894 -0.316443 0.133063 0.25106 
-0.314467 0.13739 0.229083 -0.333477 0.128463 0.23712 0.239863 -0.00362134 0.251157 
0.25165 -0.0203817 0.26042 -0.3407 0.102777 0.25442 0.26146 -0.0414693 0.291661 
0.244427 -0.0460685 0.27772 -0.359709 0.0938503 0.262457 -0.378719 0.0849239 0.270493 
0.256213 -0.0628288 0.286983 0.268 -0.0795892 0.296247 -0.385942 0.0592371 0.287793 
0.247014 -0.0928429 0.326261 0.22998 -0.097442 0.31232 0.24899 -0.0885156 0.304284 
-0.376132 0.0381495 0.319034 -0.393165 0.0335503 0.305094 0.208995 -0.110696 0.342335 
0.191961 -0.115295 0.328394 0.210971 -0.106368 0.320357 -0.381379 0.01679 0.314357 
-0.350583 0.00895603 0.315583 -0.338796 -0.00780432 0.324846 0.170975 -0.128548 0.358408 
0.153942 -0.133148 0.344468 0.172951 -0.124221 0.336431 -0.32701 -0.0245647 0.33411 
-0.296214 -0.0323986 0.335336 -0.265417 -0.0402326 0.336562 -0.253631 -0.0569929 0.345825 
0.163752 -0.154235 0.375708 0.146719 -0.158834 0.361768 -0.241844 -0.0737533 0.355089 
-0.230058 -0.0905137 0.364352 0.156529 -0.179922 0.393009 0.139495 -0.184521 0.379068 
-0.218271 -0.107274 0.373615 -0.187475 -0.115108 0.374841 -0.189451 -0.119435 0.396819 
-0.175689 -0.131868 0.384105 0.132272 -0.210208 0.396368 -0.163902 -0.148629 0.393368 
-0.133106 -0.156463 0.394594 -0.135082 -0.16079 0.416572 -0.10231 -0.164297 0.39582 
-0.104286 -0.168624 0.417798 -0.0905236 -0.181057 0.405084 0.0942531 -0.228061 0.412442 
0.113263 -0.219134 0.404405 -0.0787371 -0.197817 0.414347 -0.047941 -0.205651 0.415573 
-0.0171449 -0.213485 0.4168 -0.0191208 -0.217812 0.438777 0.0136512 -0.221319 0.418026 
0.0444473 -0.229153 0.419252 0.0752435 -0.236987 0.420479 -0.144064 0.153921 0.178637 
-0.142088 0.158248 0.156659 -0.161098 0.149322 0.164696 -0.111292 0.150414 0.157886 
-0.0804959 0.14258 0.159112 -0.0496998 0.134746 0.160339 -0.0379133 0.117986 0.169602 
0.102305 0.0912492 0.188448 0.104281 0.0955765 0.16647 0.0852712 0.0866501 0.174507 
0.135077 0.0877426 0.167697 0.165873 0.0799086 0.168923 0.17766 0.0631483 0.178186 
-0.274472 0.15957 0.191032 -0.272496 0.163897 0.169054 -0.291505 0.154971 0.177091 
-0.2417 0.156063 0.170281 -0.210903 0.148229 0.171507 -0.180107 0.140395 0.172733 
-0.0261268 0.101226 0.178865 0.00466934 0.0933916 0.180091 0.0164558 0.0766313 0.189354 
0.0642856 0.0733964 0.204521 0.0662616 0.0777237 0.182544 0.0472519 0.0687973 0.190581 
0.18747 0.0420606 0.209427 0.170436 0.0374615 0.195486 -0.298728 0.129284 0.194391 
0.0282423 0.0598709 0.198618 0.182223 0.0207011 0.204749 0.211043 0.0085399 0.227953 
0.194009 0.00394079 0.214013 -0.317738 0.120358 0.202428 -0.336748 0.111431 0.210465 
0.205796 -0.0128196 0.223276 0.234616 -0.0249808 0.24648 0.217582 -0.0295799 0.232539 
-0.357733 0.0981775 0.240479 -0.355757 0.102505 0.218502 -0.374767 0.0935784 0.226539 
0.229369 -0.0463403 0.241802 0.241155 -0.0631006 0.251065 -0.38199 0.0678917 0.243839 
0.250966 -0.0841883 0.282306 0.233932 -0.0887874 0.268366 -0.402976 0.054638 0.273853 
-0.401 0.0589653 0.251875 -0.420009 0.0500389 0.259912 0.226709 -0.114474 0.285666 
-0.408223 0.0332785 0.269176 -0.396436 0.0165182 0.278439 0.18869 -0.132327 0.301739 
0.207699 -0.123401 0.293702 -0.38465 -0.000242197 0.287702 -0.353854 -0.00807615 0.288928 
-0.323058 -0.0159101 0.290155 -0.325034 -0.0202374 0.312132 -0.311271 -0.0326705 0.299418 
0.150671 -0.15018 0.317813 0.16968 -0.141253 0.309776 -0.299485 -0.0494308 0.308681 
-0.268689 -0.0572648 0.309907 -0.256902 -0.0740251 0.319171 0.143447 -0.175867 0.335113 
-0.245116 -0.0907855 0.328434 -0.21432 -0.0986194 0.32966 -0.216295 -0.102947 0.351638 
-0.202533 -0.11538 0.338923 0.136224 -0.201553 0.352413 -0.190747 -0.13214 0.348187 
-0.15995 -0.139974 0.349413 -0.161926 -0.144301 0.37139 -0.129154 -0.147808 0.350639 
-0.13113 -0.152135 0.372617 -0.117368 -0.164568 0.359902 0.115239 -0.214807 0.382427 
0.098205 -0.219406 0.368487 0.117215 -0.21048 0.36045 -0.105581 -0.181329 0.369166 
-0.0747852 -0.189163 0.370392 -0.0767612 -0.19349 0.392369 -0.0439891 -0.196997 0.371618 
-0.0459651 -0.201324 0.393596 -0.013193 -0.204831 0.372845 -0.0151689 -0.209158 0.394822 
0.0176031 -0.212665 0.374071 0.0156272 -0.216992 0.396048 0.0293896 -0.229425 0.383334 
0.0772194 -0.23266 0.398501 0.0601857 -0.237259 0.384561 0.0791954 -0.228332 0.376524 
0.0411761 -0.246185 0.392597 -0.208928 0.152557 0.149529 -0.206952 0.156884 0.127552 
-0.225961 0.147957 0.135589 -0.178131 0.144723 0.150756 -0.176155 0.14905 0.128778 
-0.145359 0.141216 0.130005 -0.114563 0.133382 0.131231 -0.0837671 0.125548 0.132457 
-0.052971 0.117714 0.133684 -0.0411845 0.100954 0.142947 0.10101 0.0785443 0.139815 
0.082 0.0696179 0.147852 0.12983 0.0663831 0.163019 0.112796 0.061784 0.149079 
0.160626 0.0585491 0.164246 -0.275767 0.146865 0.142399 -0.294777 0.137939 0.150436 
-0.244971 0.139031 0.143626 -0.029398 0.0841934 0.15221 0.0013981 0.0763594 0.153436 
0.0302183 0.0641982 0.17664 0.0321942 0.0685255 0.154663 0.0629903 0.0606915 0.155889 
0.124583 0.0450236 0.158342 0.155379 0.0371897 0.159568 0.167165 0.0204293 0.168831 
-0.315762 0.124685 0.180451 -0.313786 0.129012 0.158473 -0.332796 0.120086 0.16651 
0.178952 0.00366896 0.178095 0.190738 -0.0130914 0.187358 -0.340019 0.0943991 0.18381 
0.202525 -0.0298517 0.196621 0.214311 -0.0466121 0.205884 -0.359029 0.0854727 0.191847 
-0.378038 0.0765463 0.199884 0.224122 -0.0676997 0.237125 0.207088 -0.0722989 0.223184 
-0.399024 0.0632926 0.229898 -0.397048 0.0676198 0.207921 -0.416057 0.0586934 0.215957 
0.216899 -0.0933865 0.254425 0.199865 -0.0979856 0.240484 -0.423281 0.0330067 0.233258 
0.209675 -0.119073 0.271725 0.192642 -0.123672 0.257784 -0.411494 0.0162463 0.242521 
-0.380698 0.00841238 0.243747 -0.382674 0.00408509 0.265725 -0.368912 -0.00834798 0.25301 
0.171656 -0.136926 0.287799 0.154622 -0.141525 0.273858 0.173632 -0.132599 0.265821 
-0.357125 -0.0251083 0.262273 -0.326329 -0.0329423 0.2635 -0.314542 -0.0497026 0.272763 
0.147399 -0.167212 0.291158 -0.302756 -0.066463 0.282026 -0.27196 -0.074297 0.283253 
-0.260173 -0.0910573 0.292516 0.140176 -0.192899 0.308458 -0.248387 -0.107818 0.301779 
-0.217591 -0.115652 0.303005 -0.186795 -0.123486 0.304232 -0.188771 -0.127813 0.326209 
-0.175008 -0.140246 0.313495 0.119191 -0.206152 0.338473 0.102157 -0.210752 0.324532 
0.121167 -0.201825 0.316495 -0.163222 -0.157006 0.322758 -0.132426 -0.16484 0.323984 
-0.101629 -0.172674 0.325211 -0.103605 -0.177001 0.347188 -0.0708333 -0.180508 0.326437 
-0.0728093 -0.184835 0.348415 -0.0590468 -0.197269 0.3357 0.0811713 -0.224005 0.354546 
0.0641376 -0.228604 0.340606 0.0831473 -0.219678 0.332569 -0.0472603 -0.214029 0.344964 
-0.0164642 -0.221863 0.34619 0.0143319 -0.229697 0.347416 0.045128 -0.237531 0.348643 
0.0431521 -0.241858 0.37062 -0.143383 0.145543 0.108027 -0.141407 0.149871 0.0860498 
-0.160417 0.140944 0.0940866 -0.112587 0.137709 0.109254 -0.110611 0.142037 0.0872761 
-0.0988248 0.125276 0.0965393 -0.242995 0.143358 0.121648 -0.241019 0.147686 0.0996708 
-0.260029 0.138759 0.107708 -0.210223 0.139852 0.100897 -0.179427 0.132018 0.102124 
-0.0870383 0.108516 0.105803 -0.0562422 0.100682 0.107029 -0.0444557 0.0839216 0.116292 
0.0957624 0.0571849 0.135138 -0.279038 0.129833 0.115745 -0.298048 0.120906 0.123781 
-0.0326692 0.0671612 0.125555 -0.00187313 0.0593273 0.126782 0.028923 0.0514933 0.128008 
0.0597191 0.0436594 0.129234 0.0905152 0.0358254 0.130461 0.121311 0.0279914 0.131687 
0.150131 0.0158302 0.154891 0.133098 0.0112311 0.14095 -0.317057 0.11198 0.131818 
-0.336067 0.103054 0.139855 0.144884 -0.00552927 0.150213 0.173704 -0.0176905 0.173417 
0.156671 -0.0222896 0.159477 -0.34329 0.0773669 0.157155 0.168457 -0.03905 0.16874 
0.197277 -0.0512112 0.191944 0.180244 -0.0558103 0.178003 -0.3623 0.0684405 0.165192 
-0.381309 0.0595141 0.173229 0.19203 -0.0725707 0.187266 0.203817 -0.089331 0.196529 
-0.400319 0.0505877 0.181266 -0.419329 0.0416613 0.189303 0.196594 -0.115018 0.21383 
-0.426552 0.0159745 0.206603 0.18937 -0.140705 0.23113 -0.414765 -0.00078585 0.215866 
-0.383969 -0.0086198 0.217092 -0.353173 -0.0164538 0.218319 -0.355149 -0.020781 0.240296 
-0.341387 -0.0332141 0.227582 0.151351 -0.158557 0.247203 0.170361 -0.149631 0.239166 
-0.3296 -0.0499745 0.236845 -0.298804 -0.0578084 0.238071 -0.30078 -0.0621357 0.260049 
-0.287018 -0.0745688 0.247335 0.144128 -0.184244 0.264503 -0.275231 -0.0913291 0.256598 
-0.244435 -0.0991631 0.257824 -0.246411 -0.10349 0.279802 -0.213639 -0.106997 0.25905 
-0.215615 -0.111324 0.281028 -0.201852 -0.123757 0.268314 0.123142 -0.197498 0.294518 
0.106109 -0.202097 0.280577 0.125118 -0.193171 0.27254 -0.190066 -0.140518 0.277577 
-0.15927 -0.148352 0.278803 -0.161246 -0.152679 0.300781 -0.128474 -0.156186 0.28003 
-0.13045 -0.160513 0.302007 -0.0976775 -0.16402 0.281256 -0.0996535 -0.168347 0.303233 
-0.085891 -0.18078 0.290519 0.0988857 -0.227784 0.297877 -0.0741045 -0.19754 0.299782 
-0.0433084 -0.205374 0.301009 -0.0452844 -0.209702 0.322986 -0.0125123 -0.213208 0.302235 
-0.0144883 -0.217536 0.324212 0.0182838 -0.221042 0.303461 0.0163079 -0.225369 0.325439 
0.0300703 -0.237803 0.312725 0.0608664 -0.245636 0.313951 0.079876 -0.23671 0.305914 
0.0418568 -0.254563 0.321988 -0.208247 0.144179 0.0789197 -0.206271 0.148506 0.0569423 
-0.225281 0.13958 0.0649791 -0.177451 0.136345 0.0801461 -0.175475 0.140672 0.0581686 
-0.144679 0.132838 0.059395 -0.113883 0.125004 0.0606213 -0.102096 0.108244 0.0698845 
-0.277062 0.13416 0.0937671 -0.275086 0.138487 0.0717897 -0.294096 0.129561 0.0798265 
-0.24429 0.130653 0.073016 -0.0903096 0.0914837 0.0791477 -0.0595135 0.0836497 0.0803741 
-0.0306933 0.0714885 0.103578 -0.0287173 0.0758158 0.0816004 -0.0169309 0.0590554 0.0908636 
-0.301319 0.103874 0.0971266 -0.00514437 0.0422951 0.100127 0.0236758 0.0301338 0.123331 
0.00664212 0.0255347 0.10939 0.0374382 0.0177008 0.110616 0.0564479 0.0266272 0.10258 
0.087244 0.0187932 0.103806 0.11804 0.0109593 0.105032 0.129827 -0.00580109 0.114295 
-0.320329 0.0949479 0.105163 -0.339338 0.0860215 0.1132 0.0184286 0.00877437 0.118653 
0.141613 -0.0225614 0.123559 0.1534 -0.0393218 0.132822 -0.360324 0.0727678 0.143215 
-0.358348 0.077095 0.121237 -0.377358 0.0681686 0.129274 0.165186 -0.0560822 0.142085 
0.176973 -0.0728425 0.151348 -0.398343 0.054915 0.159288 -0.396367 0.0592422 0.137311 
-0.415377 0.0503158 0.145348 0.186783 -0.0939302 0.182589 0.169749 -0.0985293 0.168648 
-0.4226 0.0246291 0.162648 0.181536 -0.11529 0.177911 0.193322 -0.13205 0.187175 
-0.429823 -0.00105768 0.179948 0.172337 -0.145304 0.217189 0.155303 -0.149903 0.203248 
0.174313 -0.140976 0.195212 -0.418037 -0.017818 0.189211 -0.38724 -0.025652 0.190437 
-0.356444 -0.0334859 0.191664 -0.325648 -0.0413199 0.19289 -0.327624 -0.0456472 0.214868 
-0.294852 -0.0491538 0.194116 -0.296828 -0.0534811 0.216094 -0.283066 -0.0659142 0.20338 
0.14808 -0.17559 0.220548 -0.271279 -0.0826746 0.212643 -0.273255 -0.0870018 0.23462 
-0.240483 -0.0905085 0.213869 -0.242459 -0.0948358 0.235847 -0.228697 -0.107269 0.223132 
0.127094 -0.188843 0.250563 0.110061 -0.193442 0.236622 0.12907 -0.184516 0.228585 
-0.21691 -0.124029 0.232396 -0.186114 -0.131863 0.233622 -0.18809 -0.13619 0.255599 
-0.155318 -0.139697 0.234848 -0.157294 -0.144024 0.256826 -0.143531 -0.156457 0.244112 
0.102838 -0.219129 0.253922 -0.131745 -0.173218 0.253375 -0.100949 -0.181052 0.254601 
-0.0701526 -0.188886 0.255827 -0.0721286 -0.193213 0.277805 -0.0393565 -0.19672 0.257054 
-0.0413325 -0.201047 0.279031 -0.00856041 -0.204554 0.25828 -0.0105364 -0.208881 0.280258 
0.0222357 -0.212388 0.259506 0.0202598 -0.216715 0.281484 0.0340222 -0.229148 0.26877 
0.081852 -0.232383 0.283937 0.0648183 -0.236982 0.269996 0.0838279 -0.228056 0.261959 
0.0458087 -0.245908 0.278033 0.0438327 -0.250236 0.30001 -0.242314 0.134981 0.0510386 
-0.240338 0.139308 0.0290611 -0.259348 0.130382 0.037098 -0.209542 0.131474 0.0302875 
-0.178746 0.12364 0.0315138 -0.14795 0.115806 0.0327402 -0.117154 0.107972 0.0339665 
-0.105367 0.0912119 0.0432297 -0.278358 0.121455 0.0451348 -0.297367 0.112529 0.0531717 
-0.0935808 0.0744515 0.0524929 -0.0627847 0.0666176 0.0537193 -0.0319886 0.0587836 0.0549456 
-0.0202021 0.0420232 0.0642088 -0.318353 0.0992751 0.083186 -0.316377 0.103602 0.0612086 
-0.335386 0.094676 0.0692454 -0.0103916 0.0209356 0.0954494 -0.0274252 0.0163365 0.0815089 
0.0512007 0.0052677 0.0979021 0.0819968 -0.00256625 0.0991285 0.112793 -0.0104002 0.100355 
-0.356372 0.0814223 0.0992597 -0.354396 0.0857496 0.0772823 -0.373406 0.0768232 0.0853191 
-0.0156387 -0.000423863 0.0907721 0.0131814 -0.0125851 0.113976 -0.00385226 -0.0171842 0.100035 
0.0269439 -0.0250182 0.101262 0.0459535 -0.0160918 0.0932248 0.0767496 -0.0239257 0.0944511 
0.107546 -0.0317597 0.0956775 0.136366 -0.0439209 0.118881 0.119332 -0.04852 0.104941 
-0.380629 0.0511365 0.102619 0.00793423 -0.0339446 0.109298 0.131119 -0.0652804 0.114204 
0.159939 -0.0774416 0.137408 0.142905 -0.0820407 0.123467 -0.399638 0.0422101 0.110656 
-0.418648 0.0332837 0.118693 0.154692 -0.0988011 0.13273 0.166478 -0.115561 0.141993 
-0.425871 0.0075969 0.135993 0.176289 -0.136649 0.173234 0.159255 -0.141248 0.159294 
-0.414085 -0.00916346 0.145256 -0.416061 -0.0134907 0.167234 -0.383289 -0.0169974 0.146483 
-0.385265 -0.0213247 0.16846 -0.371502 -0.0337578 0.155746 0.138269 -0.154502 0.189308 
0.121236 -0.159101 0.175367 0.140245 -0.150175 0.16733 -0.359716 -0.0505181 0.165009 
-0.32892 -0.0583521 0.166235 -0.298123 -0.066186 0.167462 -0.286337 -0.0829464 0.176725 
0.131046 -0.180189 0.206608 0.114013 -0.184788 0.192667 -0.27455 -0.0997067 0.185988 
-0.243754 -0.107541 0.187214 -0.212958 -0.115375 0.188441 -0.214934 -0.119702 0.210418 
-0.201172 -0.132135 0.197704 0.093027 -0.198041 0.222682 0.0759934 -0.202641 0.208741 
0.095003 -0.193714 0.200704 -0.189385 -0.148895 0.206967 -0.158589 -0.156729 0.208193 
-0.127793 -0.164563 0.20942 -0.129769 -0.168891 0.231397 -0.0969969 -0.172397 0.210646 
-0.0989728 -0.176725 0.232624 -0.0662007 -0.180231 0.211873 -0.0681767 -0.184558 0.23385 
-0.0354046 -0.188065 0.213099 -0.0373806 -0.192392 0.235076 -0.0046085 -0.195899 0.214325 
-0.00658445 -0.200226 0.236303 0.0261876 -0.203733 0.215552 0.0242117 -0.20806 0.237529 
0.0379741 -0.220493 0.224815 0.0858039 -0.223728 0.239982 0.0687702 -0.228327 0.226041 
0.0497606 -0.237254 0.234078 0.0477846 -0.241581 0.256055 -0.276382 0.125783 0.0231574 
-0.274406 0.13011 0.00117996 -0.293415 0.121183 0.00921682 -0.243609 0.122276 0.0024063 
-0.212813 0.114442 0.00363265 -0.182017 0.106608 0.00485899 -0.151221 0.098774 0.00608533 
-0.120425 0.09094 0.00731168 -0.0916049 0.0787788 0.0305155 -0.0896289 0.0831061 0.00853802 
-0.0778424 0.0663457 0.0178012 -0.300638 0.0954966 0.0265169 -0.0660559 0.0495854 0.0270644 
-0.0352598 0.0417514 0.0282908 -0.0234733 0.0249911 0.037554 -0.319648 0.0865702 0.0345537 
-0.338658 0.0776438 0.0425906 -0.0306965 -0.00069569 0.054854 -0.357667 0.0687174 0.0506275 
-0.376677 0.059791 0.0586643 -0.0208859 -0.0217833 0.0860947 -0.0379196 -0.0263824 0.0721541 
0.0407063 -0.0374512 0.0885474 0.0715024 -0.0452852 0.0897737 0.102299 -0.0531191 0.0910001 
-0.397662 0.0465373 0.0886786 -0.395687 0.0508646 0.0667012 -0.414696 0.0419382 0.074738 
-0.0261331 -0.0431428 0.0814173 0.00268704 -0.055304 0.104621 -0.0143466 -0.0599032 0.0906805 
0.0164495 -0.0677371 0.0919069 0.0354591 -0.0588107 0.08387 0.0662552 -0.0666447 0.0850964 
0.0950754 -0.0788059 0.1083 0.0780417 -0.083405 0.0943596 0.125872 -0.0866399 0.109526 
-0.421919 0.0162515 0.0920381 -0.00256014 -0.0766635 0.0999437 0.0898282 -0.100165 0.103623 
0.120624 -0.107999 0.104849 0.149444 -0.120161 0.128053 0.132411 -0.12476 0.114112 
-0.429142 -0.00943528 0.109338 0.142221 -0.145847 0.145353 0.125188 -0.150446 0.131412 
-0.417356 -0.0261956 0.118601 -0.38656 -0.0340296 0.119828 -0.374773 -0.0507899 0.129091 
0.104202 -0.1637 0.161427 0.0871684 -0.168299 0.147486 0.106178 -0.159373 0.139449 
-0.362987 -0.0675503 0.138354 -0.332191 -0.0753843 0.13958 -0.301395 -0.0832182 0.140807 
-0.289608 -0.0999786 0.15007 0.0969789 -0.189387 0.178727 0.0799453 -0.193986 0.164786 
-0.277822 -0.116739 0.159333 -0.247026 -0.124573 0.16056 -0.216229 -0.132407 0.161786 
-0.185433 -0.140241 0.163012 -0.187409 -0.144568 0.18499 -0.154637 -0.148075 0.164239 
-0.156613 -0.152402 0.186216 -0.123841 -0.155909 0.165465 -0.125817 -0.160236 0.187442 
-0.0930449 -0.163743 0.166691 -0.0950209 -0.16807 0.188669 -0.0622488 -0.171577 0.167918 
-0.0642248 -0.175904 0.189895 -0.0314527 -0.179411 0.169144 -0.0334287 -0.183738 0.191121 
-0.000656593 -0.187245 0.17037 -0.00263255 -0.191572 0.192348 0.0111299 -0.204005 0.179634 
0.0727221 -0.219673 0.182086 0.0229164 -0.220765 0.188897 0.0537125 -0.228599 0.190123 
0.0517365 -0.232926 0.212101 -0.241634 0.126603 -0.0195711 -0.239658 0.13093 -0.0415486 
-0.258667 0.122004 -0.0335117 -0.210837 0.118769 -0.0183448 -0.208861 0.123096 -0.0403222 
-0.180041 0.110935 -0.0171185 -0.178065 0.115263 -0.0390959 -0.166279 0.0985022 -0.0298327 
-0.277677 0.113078 -0.0254749 -0.296686 0.104151 -0.017438 -0.154492 0.0817418 -0.0205695 
-0.123696 0.0739079 -0.0193431 -0.0929001 0.0660739 -0.0181168 -0.0811137 0.0493136 -0.00885359 
-0.317672 0.0908975 0.0125763 -0.315696 0.0952248 -0.00940114 -0.334706 0.0862984 -0.00136428 
-0.0693272 0.0325532 0.000409615 -0.038531 0.0247192 0.00163596 -0.00971088 0.012558 0.0248397 
-0.00773493 0.0168853 0.0028623 0.00405156 0.000124933 0.0121255 -0.355691 0.0730447 0.02865 
-0.353715 0.077372 0.00667258 -0.372725 0.0684456 0.0147094 -0.0339677 -0.0177279 0.0281992 
-0.0149581 -0.00880147 0.0201624 -0.379948 0.0427589 0.0320095 -0.0221812 -0.0344882 0.0374624 
-0.0241572 -0.0388155 0.0594399 -0.0103947 -0.0512486 0.0467256 -0.398958 0.0338325 0.0400464 
-0.417967 0.0249061 0.0480832 -0.000584191 -0.0723362 0.0779663 0.00139176 -0.0680089 0.0559888 
0.0321879 -0.0758429 0.0572152 0.061008 -0.0880041 0.080419 0.0439744 -0.0926033 0.0664784 
-0.425191 -0.000780706 0.0653833 0.0557609 -0.109364 0.0757416 0.084581 -0.121525 0.0989454 
0.0675473 -0.126124 0.0850048 0.115377 -0.129359 0.100172 -0.432414 -0.0264675 0.0826834 
0.0793338 -0.142884 0.094268 0.108154 -0.155046 0.117472 0.0911203 -0.159645 0.103531 
-0.420627 -0.0432278 0.0919466 -0.389831 -0.0510618 0.0931729 -0.359035 -0.0588957 0.0943993 
-0.361011 -0.063223 0.116377 -0.347248 -0.0756561 0.103662 0.0838972 -0.185331 0.120831 
-0.335462 -0.0924164 0.112926 -0.304666 -0.10025 0.114152 -0.27387 -0.108084 0.115378 
-0.275846 -0.112412 0.137356 -0.262083 -0.124845 0.124642 -0.091069 -0.159415 0.144714 
-0.108103 -0.164014 0.130773 -0.089093 -0.155088 0.122736 -0.0582969 -0.162922 0.123963 
-0.0602729 -0.167249 0.14594 -0.0275008 -0.170756 0.125189 -0.0294768 -0.175083 0.147167 
-0.0157143 -0.187516 0.134452 0.076674 -0.211018 0.138131 -0.250297 -0.141605 0.133905 
-0.219501 -0.149439 0.135131 -0.188705 -0.157273 0.136357 -0.157908 -0.165107 0.137584 
-0.127112 -0.172941 0.13881 -0.00392783 -0.204277 0.143716 0.0268683 -0.212111 0.144942 
0.0248923 -0.216438 0.166919 0.0576644 -0.219945 0.146168 0.0556885 -0.224272 0.168146 
-0.242929 0.113898 -0.0682034 -0.261938 0.104972 -0.0601665 -0.212133 0.106064 -0.0669771 
-0.181337 0.0982303 -0.0657507 -0.152516 0.0860691 -0.0425469 -0.15054 0.0903964 -0.0645244 
-0.138754 0.073636 -0.0552612 -0.280948 0.0960454 -0.0521297 -0.299958 0.087119 -0.0440928 
-0.126967 0.0568757 -0.045998 -0.0961714 0.0490417 -0.0447716 -0.0843849 0.0322814 -0.0355084 
-0.318967 0.0781926 -0.036056 -0.337977 0.0692662 -0.0280191 -0.0725984 0.015521 -0.0262452 
-0.0418023 0.00768706 -0.0250189 -0.0110062 -0.000146893 -0.0237925 0.000780322 -0.0169072 -0.0145293 
-0.356987 0.0603398 -0.0199822 -0.375996 0.0514134 -0.0119454 -0.0202053 -0.0301609 0.015485 
-0.00644282 -0.042594 0.00277076 -0.383219 0.0257267 0.00535469 0.00336772 -0.0636816 0.0340114 
0.00534367 -0.0593544 0.012034 0.0341638 -0.0715156 0.0352377 0.0361398 -0.0671883 0.0132603 
0.0479263 -0.0839487 0.0225235 -0.402229 0.0168003 0.0133915 -0.421239 0.00787387 0.0214284 
0.0577368 -0.105036 0.0537642 0.0597128 -0.100709 0.0317867 0.0714993 -0.117469 0.0410499 
-0.428462 -0.0178129 0.0387285 0.0813098 -0.138557 0.0722906 0.0832857 -0.13423 0.0503131 
0.0950722 -0.15099 0.0595763 -0.416675 -0.0345732 0.0479917 -0.418651 -0.0389005 0.0699691 
-0.385879 -0.0424072 0.049218 -0.387855 -0.0467345 0.0711955 -0.374093 -0.0591676 0.0584812 
0.0878491 -0.176677 0.0768764 -0.362306 -0.0759279 0.0677444 -0.33151 -0.0837619 0.0689708 
-0.333486 -0.0880892 0.0909482 -0.319724 -0.100522 0.078234 -0.056321 -0.158595 0.101985 
-0.0733546 -0.163194 0.0880447 -0.054345 -0.154267 0.0800079 -0.0235489 -0.162101 0.0812342 
-0.0255248 -0.166429 0.103212 0.00724722 -0.169935 0.0824606 0.00527127 -0.174263 0.104438 
0.0190337 -0.186696 0.0917238 0.0668635 -0.189931 0.106891 0.0498298 -0.19453 0.0929501 
0.0688395 -0.185603 0.0849133 -0.307937 -0.117283 0.0874972 -0.277141 -0.125117 0.0887235 
-0.246345 -0.13295 0.0899499 -0.248321 -0.137278 0.111927 -0.215549 -0.140784 0.0911762 
-0.217525 -0.145112 0.113154 -0.184753 -0.148618 0.0924026 -0.186729 -0.152946 0.11438 
-0.153957 -0.156452 0.0936289 -0.155932 -0.16078 0.115606 -0.12316 -0.164286 0.0948552 
-0.125136 -0.168614 0.116833 -0.0923643 -0.17212 0.0960816 -0.00195187 -0.199949 0.121738 
0.0308202 -0.203456 0.100987 0.0288442 -0.207783 0.122964 0.0596404 -0.215617 0.124191 
-0.2462 0.0968661 -0.0948582 -0.26521 0.0879397 -0.0868214 -0.215404 0.0890321 -0.0936319 
-0.184608 0.0811982 -0.0924055 -0.153812 0.0733642 -0.0911792 -0.142025 0.0566039 -0.081916 
-0.316991 0.0825199 -0.0580334 -0.315015 0.0868472 -0.0800108 -0.334025 0.0779208 -0.071974 
-0.284219 0.0790133 -0.0787845 -0.130239 0.0398435 -0.0726528 -0.0994426 0.0320095 -0.0714264 
-0.0876561 0.0152492 -0.0621632 -0.341248 0.0522341 -0.0546739 -0.0758696 -0.00151117 -0.0529 
-0.0450735 -0.00934512 -0.0516737 -0.0142774 -0.0171791 -0.0504473 0.0145428 -0.0293403 -0.0272435 
0.0165187 -0.025013 -0.049221 0.0283052 -0.0417734 -0.0399578 -0.360258 0.0433077 -0.0466371 
-0.379267 0.0343813 -0.0386002 0.00731962 -0.0550271 -0.00994348 0.0400917 -0.0585337 -0.0306946 
0.0381157 -0.062861 -0.00871714 0.0518782 -0.0752941 -0.0214314 -0.386491 0.00869449 -0.0213001 
0.0616887 -0.0963817 0.00980927 0.0636647 -0.0920544 -0.0121682 0.0754512 -0.108815 -0.00290496 
-0.4055 -0.00023191 -0.0132633 -0.42451 -0.00915831 -0.00522641 0.0852617 -0.129902 0.0283357 
0.0872376 -0.125575 0.00635824 0.0990241 -0.142336 0.0156214 -0.412723 -0.0259187 0.00403679 
-0.414699 -0.030246 0.0260142 -0.400937 -0.042679 0.0133 0.091801 -0.168022 0.0329215 
-0.38915 -0.0594394 0.0225632 -0.358354 -0.0672733 0.0237895 -0.36033 -0.0716006 0.045767 
-0.346568 -0.0840337 0.0330527 -0.0215729 -0.157774 0.0592568 -0.0386066 -0.162373 0.0453162 
-0.019597 -0.153447 0.0372793 0.0111991 -0.161281 0.0385057 0.00922317 -0.165608 0.0604831 
0.0419952 -0.169115 0.039732 0.0400193 -0.173442 0.0617095 0.0727914 -0.176949 0.0409584 
0.0708154 -0.181276 0.0629358 -0.334781 -0.100794 0.042316 -0.303985 -0.108628 0.0435423 
-0.305961 -0.112955 0.0655197 -0.292199 -0.125388 0.0528055 -0.121184 -0.159959 0.0728778 
-0.138218 -0.164558 0.0589372 -0.119208 -0.155632 0.0509004 -0.0884124 -0.163466 0.0521267 
-0.0903883 -0.167793 0.0741042 -0.0576162 -0.1713 0.0533531 0.0327961 -0.199129 0.0790095 
-0.280412 -0.142149 0.0620687 -0.249616 -0.149983 0.0632951 -0.21882 -0.157817 0.0645214 
-0.188024 -0.165651 0.0657477 -0.157228 -0.173485 0.0669741 -0.282243 0.0833405 -0.100762 
-0.280267 0.0876678 -0.122739 -0.299277 0.0787414 -0.114703 -0.249471 0.0798339 -0.121513 
-0.218675 0.0719999 -0.120287 -0.187879 0.064166 -0.11906 -0.157083 0.056332 -0.117834 
-0.145296 0.0395717 -0.108571 -0.318287 0.069815 -0.106666 -0.337296 0.0608886 -0.0986288 
-0.13351 0.0228113 -0.0993076 -0.102714 0.0149774 -0.0980813 -0.0738937 0.00281612 -0.0748775 
-0.0719177 0.00714341 -0.0968549 -0.0430976 -0.00501783 -0.0736511 -0.0411216 -0.000690546 -0.0956286 
-0.0123014 -0.0128518 -0.0724248 -0.0103255 -0.0085245 -0.0944022 0.0184947 -0.0206857 -0.0711984 
0.0204706 -0.0163585 -0.0931759 0.0322571 -0.0331188 -0.0839127 -0.344519 0.0352019 -0.0813287 
0.0420676 -0.0542065 -0.052672 0.0440436 -0.0498792 -0.0746495 0.0558301 -0.0666395 -0.0653863 
-0.363529 0.0262755 -0.0732919 -0.382539 0.0173491 -0.065255 0.0656406 -0.0877272 -0.0341456 
0.0676166 -0.0833999 -0.0561231 0.0964367 -0.0955611 -0.0329193 0.0984127 -0.0912338 -0.0548967 
0.110199 -0.107994 -0.0456335 -0.389762 -0.00833769 -0.047955 0.0892136 -0.121248 -0.0156192 
0.102976 -0.133681 -0.0283334 -0.408771 -0.0172641 -0.0399181 -0.427781 -0.0261905 -0.0318812 
0.0957529 -0.159368 -0.0110334 -0.415995 -0.0429508 -0.022618 -0.404208 -0.0597112 -0.0133548 
-0.017621 -0.14912 0.0153019 -0.0346547 -0.153719 0.00136131 -0.0156451 -0.144792 -0.00667555 
0.015151 -0.152626 -0.0054492 0.0131751 -0.156953 0.0165282 0.0459471 -0.16046 -0.00422286 
0.0439712 -0.164787 0.0177546 0.0767433 -0.168294 -0.00299651 0.0747673 -0.172621 0.0189809 
-0.392422 -0.0764716 -0.00409162 -0.361626 -0.0843055 -0.00286527 -0.349839 -0.101066 0.00639793 
-0.0864364 -0.159138 0.0301493 -0.10347 -0.163737 0.0162087 -0.0844605 -0.154811 0.00817183 
-0.0536643 -0.162645 0.00939817 -0.0556403 -0.166972 0.0313756 -0.338053 -0.117826 0.0156611 
-0.307256 -0.12566 0.0168875 -0.27646 -0.133494 0.0181138 -0.278436 -0.137821 0.0400913 
-0.245664 -0.141328 0.0193402 -0.24764 -0.145655 0.0413176 -0.214868 -0.149162 0.0205665 
-0.216844 -0.153489 0.042544 -0.184072 -0.156996 0.0217929 -0.186048 -0.161323 0.0437703 
-0.153276 -0.16483 0.0230192 -0.155252 -0.169157 0.0449966 -0.12248 -0.172664 0.0242455 
-0.216699 0.0763272 -0.142264 -0.214723 0.0806545 -0.164242 -0.233733 0.0717281 -0.156205 
-0.202937 0.0638942 -0.154978 -0.285515 0.0663084 -0.127417 -0.271752 0.0538753 -0.140131 
-0.252743 0.0628017 -0.148168 -0.19115 0.0471338 -0.145715 -0.16233 0.0349726 -0.122511 
-0.179364 0.0303734 -0.136452 -0.321558 0.0527829 -0.13332 -0.340568 0.0438564 -0.125284 
-0.290762 0.0449489 -0.132094 -0.167577 0.0136131 -0.127189 -0.136781 0.00577913 -0.125962 
-0.105985 -0.00205482 -0.124736 -0.075189 -0.00988877 -0.12351 -0.0443928 -0.0177227 -0.122283 
-0.0135967 -0.0255567 -0.121057 0.0171994 -0.0333906 -0.119831 0.0460196 -0.0455519 -0.0966269 
0.0479955 -0.0412246 -0.118604 0.059782 -0.0579849 -0.109341 -0.347791 0.0181697 -0.107984 
0.0695925 -0.0790726 -0.0781005 0.0715685 -0.0747453 -0.100078 0.100389 -0.0869065 -0.0768742 
0.102365 -0.0825793 -0.0988516 0.114151 -0.0993396 -0.0895884 -0.3668 0.00924329 -0.0999467 
-0.38581 0.000316886 -0.0919098 0.106928 -0.125026 -0.0722883 -0.393033 -0.0253699 -0.0746098 
0.0997048 -0.150713 -0.0549883 -0.414019 -0.0386236 -0.0445955 -0.400256 -0.0510566 -0.0573097 
-0.0136691 -0.140465 -0.028653 -0.0307028 -0.145064 -0.0425936 -0.0116932 -0.136138 -0.0506304 
0.0191029 -0.143972 -0.0494041 0.017127 -0.148299 -0.0274266 0.0498991 -0.151806 -0.0481777 
0.0479231 -0.156133 -0.0262003 0.0806952 -0.15964 -0.0469514 0.0787192 -0.163967 -0.024974 
-0.38847 -0.067817 -0.0480465 -0.390446 -0.0721443 -0.0260691 -0.376683 -0.0845773 -0.0387833 
-0.0516884 -0.158318 -0.0125793 -0.0687221 -0.162917 -0.0265198 -0.0497124 -0.15399 -0.0345567 
-0.364897 -0.101338 -0.0295201 -0.334101 -0.109172 -0.0282937 -0.336077 -0.113499 -0.0063163 
-0.303305 -0.117006 -0.0270674 -0.30528 -0.121333 -0.00508996 -0.291518 -0.133766 -0.0178042 
-0.1513 -0.160503 0.00104176 -0.168334 -0.165102 -0.0128988 -0.149324 -0.156175 -0.0209357 
-0.118528 -0.164009 -0.0197093 -0.120504 -0.168337 0.00226811 -0.0877317 -0.171843 -0.018483 
-0.279732 -0.150526 -0.00854099 -0.248935 -0.15836 -0.00731465 -0.218139 -0.166194 -0.0060883 
-0.187343 -0.174028 -0.00486196 -0.217994 0.0636223 -0.190896 -0.237004 0.0546959 -0.18286 
-0.189174 0.0514611 -0.167693 -0.187198 0.0557884 -0.18967 -0.175412 0.039028 -0.180407 
-0.256014 0.0457695 -0.174823 -0.275023 0.0368431 -0.166786 -0.165601 0.0179404 -0.149166 
-0.163625 0.0222677 -0.171144 -0.134805 0.0101064 -0.14794 -0.132829 0.0144337 -0.169917 
-0.104009 0.00227247 -0.146714 -0.102033 0.00659975 -0.168691 -0.073213 -0.00556149 -0.145487 
-0.0712371 -0.0012342 -0.167465 -0.0424169 -0.0133954 -0.144261 -0.0404409 -0.00906815 -0.166238 
-0.0116208 -0.0212294 -0.143034 -0.00964482 -0.0169021 -0.165012 0.0191753 -0.0290633 -0.141808 
0.0211513 -0.0247361 -0.163786 0.0499715 -0.0368973 -0.140582 0.0519474 -0.03257 -0.162559 
0.0807676 -0.0447313 -0.139355 0.0827435 -0.040404 -0.161333 0.09453 -0.0571643 -0.15207 
-0.326805 0.0314234 -0.137998 -0.313043 0.0189903 -0.150712 -0.294033 0.0279167 -0.158749 
0.0735444 -0.070418 -0.122055 0.106317 -0.0739247 -0.142806 0.104341 -0.078252 -0.120829 
0.135137 -0.0860859 -0.119603 0.137113 -0.0817586 -0.14158 0.148899 -0.098519 -0.132317 
-0.364824 0.0135706 -0.121924 -0.362848 0.0178979 -0.143902 -0.381858 0.00897146 -0.135865 
-0.332052 0.0100639 -0.142675 0.127914 -0.111773 -0.102303 0.141676 -0.124206 -0.115017 
-0.389081 -0.0167153 -0.118565 0.12069 -0.137459 -0.0850026 0.134453 -0.149893 -0.0977168 
-0.396304 -0.0424021 -0.101265 0.0210789 -0.139644 -0.0713815 0.00404522 -0.144243 -0.0853221 
0.0230548 -0.135317 -0.093359 0.053851 -0.143151 -0.0921326 0.051875 -0.147478 -0.0701552 
0.0656375 -0.159911 -0.0828694 0.0964336 -0.167745 -0.0816431 0.115443 -0.158819 -0.0896799 
-0.403527 -0.0680888 -0.0839645 -0.0477365 -0.149663 -0.0565342 -0.0647702 -0.154262 -0.0704747 
-0.0457605 -0.145336 -0.0785116 -0.0149644 -0.15317 -0.0772853 0.0774239 -0.176672 -0.0736062 
-0.391741 -0.0848492 -0.0747013 -0.360945 -0.0926831 -0.073475 -0.362921 -0.0970104 -0.0514975 
-0.330149 -0.100517 -0.0722486 -0.332125 -0.104844 -0.0502712 -0.318362 -0.117277 -0.0629854 
-0.0857557 -0.167516 -0.0404604 -0.102789 -0.172115 -0.054401 -0.0837798 -0.163189 -0.0624379 
-0.306576 -0.134038 -0.0537222 -0.27578 -0.141872 -0.0524959 -0.277756 -0.146199 -0.0305184 
-0.244984 -0.149706 -0.0512695 -0.246959 -0.154033 -0.0292921 -0.214187 -0.15754 -0.0500432 
-0.216163 -0.161867 -0.0280657 -0.183391 -0.165374 -0.0488168 -0.185367 -0.169701 -0.0268394 
-0.152595 -0.173208 -0.0475905 -0.121799 -0.181042 -0.0463642 -0.216019 0.0679496 -0.212874 
-0.214043 0.0722769 -0.234851 -0.233052 0.0633505 -0.226814 -0.185222 0.0601157 -0.211647 
-0.183246 0.0644429 -0.233625 -0.17146 0.0476826 -0.224362 -0.240275 0.0376637 -0.209514 
-0.161649 0.0265949 -0.193121 -0.159673 0.0309222 -0.215099 -0.147887 0.0141619 -0.205835 
-0.100057 0.010927 -0.190668 -0.0980813 0.0152543 -0.212646 -0.117091 0.00632793 -0.204609 
-0.0692611 0.00309309 -0.189442 -0.0672852 0.00742038 -0.211419 -0.038465 -0.00474086 -0.188216 
-0.036489 -0.000413576 -0.210193 -0.00766887 -0.0125748 -0.186989 -0.00569292 -0.00824753 -0.208967 
0.0231272 -0.0204088 -0.185763 0.0251032 -0.0160815 -0.20774 0.0539234 -0.0282427 -0.184537 
0.0558993 -0.0239154 -0.206514 0.0847195 -0.0360767 -0.18331 0.0866954 -0.0317494 -0.205288 
0.115516 -0.0439106 -0.182084 0.117492 -0.0395833 -0.204061 0.129278 -0.0563437 -0.194798 
-0.259285 0.0287373 -0.201477 -0.278295 0.0198109 -0.193441 -0.136101 -0.00259847 -0.196572 
0.108292 -0.0695974 -0.164784 0.141065 -0.0731041 -0.185535 0.139089 -0.0774313 -0.163558 
0.152851 -0.0898644 -0.176272 -0.297304 0.0108845 -0.185404 -0.316314 0.00195813 -0.177367 
0.162662 -0.110952 -0.145031 0.164638 -0.106625 -0.167009 0.176424 -0.123385 -0.157745 
-0.368096 -0.00346161 -0.148579 -0.354333 -0.0158947 -0.161293 -0.335324 -0.00696827 -0.16933 
0.138405 -0.141238 -0.141672 0.157414 -0.132312 -0.149709 -0.373343 -0.0248211 -0.153256 
-0.392352 -0.0337475 -0.145219 0.0250308 -0.13099 -0.115336 0.00799712 -0.135589 -0.129277 
0.0270068 -0.126662 -0.137314 0.0578029 -0.134496 -0.136088 0.0558269 -0.138824 -0.11411 
0.0695894 -0.151257 -0.126824 0.117419 -0.154492 -0.111657 0.100385 -0.159091 -0.125598 
0.119395 -0.150164 -0.133635 -0.399576 -0.0594342 -0.127919 -0.0437846 -0.141009 -0.100489 
-0.0608183 -0.145608 -0.11443 -0.0418086 -0.136681 -0.122466 -0.0110125 -0.144515 -0.12124 
-0.0129885 -0.148843 -0.0992627 0.0813758 -0.168017 -0.117561 0.0793999 -0.172344 -0.0955837 
-0.387789 -0.0761946 -0.118656 -0.389765 -0.0805219 -0.0966788 -0.356993 -0.0840285 -0.11743 
-0.358969 -0.0883558 -0.0954524 -0.345206 -0.100789 -0.108167 -0.0818038 -0.158861 -0.0844153 
-0.0988375 -0.163461 -0.0983559 -0.0798279 -0.154534 -0.106393 -0.33342 -0.117549 -0.0989034 
-0.302624 -0.125383 -0.0976771 -0.3046 -0.12971 -0.0756997 -0.290837 -0.142144 -0.0884139 
-0.119823 -0.176714 -0.0683416 -0.136857 -0.181313 -0.0822822 -0.117847 -0.172387 -0.090319 
-0.279051 -0.158904 -0.0791507 -0.248255 -0.166738 -0.0779243 -0.217459 -0.174572 -0.076698 
-0.186663 -0.182406 -0.0754717 -0.155866 -0.19024 -0.0742453 -0.181271 0.0687702 -0.255602 
-0.179295 0.0730975 -0.27758 -0.198304 0.0641711 -0.269543 -0.167508 0.0563372 -0.268317 
-0.217314 0.0552447 -0.261506 -0.236323 0.0463183 -0.253469 -0.157698 0.0352495 -0.237076 
-0.155722 0.0395768 -0.259053 -0.143935 0.0228165 -0.24979 -0.0653092 0.0117477 -0.233397 
-0.0633332 0.016075 -0.255374 -0.0823429 0.00714855 -0.247338 -0.0345131 0.00391371 -0.232171 
-0.0325371 0.008241 -0.254148 -0.0207506 -0.00851936 -0.244885 0.150264 -0.04309 -0.224813 
0.15224 -0.0387627 -0.24679 0.13323 -0.0476891 -0.238753 0.164026 -0.0555231 -0.237527 
-0.257309 0.0330646 -0.223455 -0.255333 0.0373919 -0.245432 -0.274343 0.0284655 -0.237396 
-0.134125 0.00172881 -0.21855 -0.132149 0.0060561 -0.240527 -0.101352 -0.00177785 -0.239301 
-0.00896415 -0.0252797 -0.235622 0.021832 -0.0331137 -0.234395 0.0526281 -0.0409476 -0.233169 
0.0834242 -0.0487816 -0.231943 0.11422 -0.0566155 -0.230716 0.14304 -0.0687768 -0.207512 
0.156803 -0.0812098 -0.220227 -0.281566 0.00277875 -0.220095 0.166613 -0.102297 -0.188986 
0.168589 -0.0979702 -0.210963 0.180376 -0.114731 -0.2017 -0.300575 -0.00614765 -0.212059 
-0.319585 -0.0150741 -0.204022 0.173153 -0.140417 -0.1844 -0.338595 -0.0240005 -0.195985 
-0.357604 -0.0329269 -0.187948 0.135134 -0.15827 -0.168326 0.154143 -0.149344 -0.176363 
-0.376614 -0.0418533 -0.179911 -0.395624 -0.0507797 -0.171874 -0.00903655 -0.140188 -0.143218 
-0.0260702 -0.144787 -0.157158 -0.0070606 -0.135861 -0.165195 0.0237355 -0.143695 -0.163969 
0.0545316 -0.151529 -0.162742 0.0853278 -0.159363 -0.161516 0.0833518 -0.16369 -0.139539 
0.116124 -0.167197 -0.16029 -0.383837 -0.06754 -0.162611 -0.385813 -0.0718673 -0.140634 
-0.372051 -0.0843004 -0.153348 -0.0640895 -0.16264 -0.141084 -0.0450799 -0.153714 -0.149121 
-0.360264 -0.101061 -0.144085 -0.329468 -0.108895 -0.142858 -0.331444 -0.113222 -0.120881 
-0.298672 -0.116729 -0.141632 -0.300648 -0.121056 -0.119655 -0.286885 -0.133489 -0.132369 
-0.102109 -0.180493 -0.125011 -0.0830991 -0.171566 -0.133048 -0.275099 -0.150249 -0.123106 
-0.277075 -0.154577 -0.101128 -0.244303 -0.158083 -0.121879 -0.246279 -0.162411 -0.0999018 
-0.232516 -0.174844 -0.112616 -0.140128 -0.198346 -0.108937 -0.121118 -0.189419 -0.116974 
-0.22073 -0.191604 -0.103353 -0.189934 -0.199438 -0.102126 -0.159138 -0.207272 -0.1009 
-0.177319 0.0774248 -0.299557 -0.175343 0.0817521 -0.321535 -0.194352 0.0728257 -0.313498 
-0.163556 0.0649917 -0.312272 -0.215338 0.059572 -0.283484 -0.213362 0.0638993 -0.305461 
-0.232372 0.0549729 -0.297424 -0.153746 0.0439041 -0.281031 -0.15177 0.0482314 -0.303008 
-0.139983 0.031471 -0.293745 -0.0613573 0.0204022 -0.277352 -0.0593813 0.0247295 -0.299329 
-0.078391 0.0158031 -0.291292 -0.0305612 0.0125683 -0.276125 -0.0285852 0.0168956 -0.298103 
-0.0167987 0.00013522 -0.28884 -0.239595 0.0292861 -0.280124 -0.130173 0.0103834 -0.262504 
-0.128197 0.0147107 -0.284482 -0.0993765 0.00254944 -0.261278 -0.0974006 0.00687672 -0.283256 
-0.0069882 -0.0209524 -0.257599 -0.00501224 -0.0166251 -0.279577 0.0238079 -0.0287864 -0.256373 
0.0257839 -0.0244591 -0.27835 0.054604 -0.0366203 -0.255146 0.05658 -0.032293 -0.277124 
0.0854002 -0.0444543 -0.25392 0.0873761 -0.040127 -0.275897 0.116196 -0.0522882 -0.252694 
0.118172 -0.0479609 -0.274671 0.148968 -0.0557949 -0.273445 0.177789 -0.0679561 -0.250241 
0.179764 -0.0636289 -0.272218 0.191551 -0.0803892 -0.262955 -0.258604 0.0203597 -0.272087 
-0.277614 0.0114333 -0.26405 0.170565 -0.0936429 -0.232941 0.184328 -0.106076 -0.245655 
-0.284837 -0.0142534 -0.24675 0.194138 -0.127164 -0.214415 0.196114 -0.122836 -0.236392 
0.207901 -0.139597 -0.227129 -0.303847 -0.0231798 -0.238713 -0.322856 -0.0321062 -0.230677 
0.169882 -0.157449 -0.211055 0.188891 -0.148523 -0.219092 -0.374638 -0.037526 -0.201889 
-0.372662 -0.0331987 -0.223866 -0.391672 -0.0421251 -0.215829 -0.341866 -0.0410326 -0.22264 
-0.00508464 -0.131533 -0.187172 -0.0221183 -0.136133 -0.201113 -0.00310869 -0.127206 -0.20915 
0.0276874 -0.13504 -0.207924 0.0257115 -0.139367 -0.185946 0.0584835 -0.142874 -0.206697 
0.0565076 -0.147201 -0.18472 0.0892797 -0.150708 -0.205471 0.0873037 -0.155035 -0.183493 
0.120076 -0.158542 -0.204245 0.1181 -0.162869 -0.182267 0.150872 -0.166376 -0.203018 
-0.381861 -0.0632127 -0.184589 -0.379885 -0.0588854 -0.206566 -0.368099 -0.0756458 -0.197303 
-0.0431039 -0.149386 -0.171099 -0.0601376 -0.153985 -0.185039 -0.0411279 -0.145059 -0.193076 
-0.356312 -0.0924062 -0.18804 -0.358288 -0.0967334 -0.166062 -0.325516 -0.10024 -0.186813 
-0.327492 -0.104567 -0.164836 -0.31373 -0.117 -0.17755 -0.0811232 -0.167239 -0.155025 
-0.0981568 -0.171838 -0.168966 -0.0791472 -0.162912 -0.177002 -0.301943 -0.133761 -0.168287 
-0.271147 -0.141595 -0.16706 -0.273123 -0.145922 -0.145083 -0.259361 -0.158355 -0.157797 
-0.119142 -0.185092 -0.138951 -0.136176 -0.189691 -0.152892 -0.117166 -0.180765 -0.160929 
-0.247574 -0.175115 -0.148534 -0.216778 -0.182949 -0.147308 -0.218754 -0.187277 -0.12533 
-0.185982 -0.190783 -0.146081 -0.187958 -0.195111 -0.124104 -0.155186 -0.198617 -0.144855 
-0.157162 -0.202945 -0.122878 -0.173367 0.0860794 -0.343512 -0.171391 0.0904067 -0.36549 
-0.1904 0.0814803 -0.357453 -0.159604 0.0736463 -0.356226 -0.197624 0.0557935 -0.340153 
-0.149794 0.0525587 -0.324986 -0.147818 0.056886 -0.346963 -0.118998 0.0447247 -0.323759 
-0.117022 0.049052 -0.345737 -0.0882015 0.0368908 -0.322533 -0.0862255 0.0412181 -0.34451 
-0.0574054 0.0290568 -0.321307 -0.0554294 0.0333841 -0.343284 -0.0266093 0.0212229 -0.32008 
-0.0246333 0.0255502 -0.342058 0.00418685 0.0133889 -0.318854 0.00616281 0.0177162 -0.340831 
0.0179493 0.000955842 -0.331568 -0.216633 0.0468671 -0.332116 -0.235643 0.0379407 -0.324079 
-0.126221 0.019038 -0.306459 -0.0954246 0.011204 -0.305233 -0.00303629 -0.0122978 -0.301554 
0.0297358 -0.0158045 -0.322305 0.0277598 -0.0201318 -0.300328 0.0585559 -0.0279658 -0.299101 
0.0605319 -0.0236385 -0.321079 0.0893521 -0.0357997 -0.297875 0.091328 -0.0314724 -0.319852 
0.103115 -0.0482328 -0.310589 0.212537 -0.0671355 -0.29297 0.214512 -0.0628082 -0.314947 
0.195503 -0.0717346 -0.30691 0.226299 -0.0795686 -0.305684 -0.242866 0.012254 -0.306779 
0.114901 -0.0649931 -0.301326 0.145697 -0.0728271 -0.3001 0.176493 -0.080661 -0.298873 
0.205313 -0.0928223 -0.275669 0.219076 -0.105255 -0.288384 -0.261876 0.00332755 -0.298742 
-0.280885 -0.00559885 -0.290705 0.19809 -0.118509 -0.258369 0.211853 -0.130942 -0.271084 
-0.288108 -0.0312856 -0.273405 0.20463 -0.156629 -0.253784 -0.307118 -0.040212 -0.265368 
-0.326128 -0.0491384 -0.257331 0.0296634 -0.130713 -0.229901 0.0126297 -0.135312 -0.243842 
0.0316393 -0.126385 -0.251878 0.0624354 -0.134219 -0.250652 0.0604595 -0.138547 -0.228675 
0.0932316 -0.142053 -0.249426 0.0912556 -0.146381 -0.227448 0.124028 -0.149887 -0.248199 
0.122052 -0.154215 -0.226222 0.154824 -0.157721 -0.246973 0.152848 -0.162049 -0.224996 
0.18562 -0.165555 -0.245747 -0.377909 -0.0545582 -0.228543 -0.364147 -0.0669912 -0.241258 
-0.345137 -0.0580648 -0.249295 -0.039152 -0.140732 -0.215054 -0.0561857 -0.145331 -0.228994 
-0.037176 -0.136404 -0.237031 -0.00637993 -0.144238 -0.235805 -0.35236 -0.0837516 -0.231994 
-0.354336 -0.0880789 -0.210017 -0.340574 -0.100512 -0.222731 -0.0771713 -0.158584 -0.19898 
-0.0942049 -0.163184 -0.21292 -0.0751953 -0.154257 -0.220957 -0.328787 -0.117272 -0.213468 
-0.297991 -0.125106 -0.212242 -0.299967 -0.129434 -0.190264 -0.267195 -0.13294 -0.211015 
-0.269171 -0.137267 -0.189038 -0.255409 -0.149701 -0.201752 -0.115191 -0.176437 -0.182906 
-0.132224 -0.181036 -0.196847 -0.113215 -0.17211 -0.204884 -0.243622 -0.166461 -0.192489 
-0.245598 -0.170788 -0.170511 -0.212826 -0.174295 -0.191263 -0.214802 -0.178622 -0.169285 
-0.18203 -0.182129 -0.190036 -0.184006 -0.186456 -0.168059 -0.151234 -0.189963 -0.18881 
-0.15321 -0.19429 -0.166832 0.022585 0.073417 -0.397409 0.024561 0.0777443 -0.419386 
0.00555137 0.0688179 -0.41135 0.0363475 0.0609839 -0.410123 -0.138619 0.0869 -0.386241 
-0.136643 0.0912273 -0.408218 -0.155652 0.0823009 -0.400181 -0.124856 0.0744669 -0.398955 
-0.0462303 0.0633982 -0.382562 -0.0442544 0.0677254 -0.404539 -0.063264 0.058799 -0.396502 
-0.0154342 0.0555642 -0.381335 -0.0134583 0.0598915 -0.403313 0.0153619 0.0477302 -0.380109 
0.048134 0.0442236 -0.40086 0.046158 0.0398963 -0.378883 0.0599205 0.0274632 -0.391597 
-0.174662 0.0733745 -0.392144 -0.193672 0.0644481 -0.384108 -0.145842 0.0612133 -0.368941 
-0.11307 0.0577066 -0.389692 -0.115046 0.0533793 -0.367714 -0.0842496 0.0455453 -0.366488 
-0.0822736 0.0498726 -0.388465 -0.0534535 0.0377114 -0.365262 -0.0226574 0.0298774 -0.364035 
0.00813876 0.0220435 -0.362809 0.0389349 0.0142095 -0.361583 0.0717069 0.0107029 -0.382334 
0.069731 0.00637558 -0.360356 0.0834934 -0.00605749 -0.37307 -0.214657 0.0511944 -0.354093 
-0.212681 0.0555217 -0.376071 -0.231691 0.0465953 -0.368034 0.0317117 -0.0114772 -0.344282 
0.0625079 -0.0193112 -0.343056 0.0952799 -0.0228178 -0.363807 0.093304 -0.0271451 -0.34183 
0.107066 -0.0395782 -0.354544 -0.238914 0.0209085 -0.350734 0.116877 -0.0606658 -0.323303 
0.118853 -0.0563386 -0.345281 0.147673 -0.0684998 -0.322077 0.149649 -0.0641725 -0.344054 
0.178469 -0.0763337 -0.320851 0.180445 -0.0720065 -0.342828 0.211241 -0.0798404 -0.341602 
0.223028 -0.0966008 -0.332339 -0.246137 -0.00477823 -0.333434 0.234814 -0.113361 -0.323075 
0.232838 -0.117688 -0.301098 0.246601 -0.130121 -0.313812 -0.265147 -0.0137046 -0.325397 
-0.284156 -0.022631 -0.31736 0.225615 -0.143375 -0.283798 0.239378 -0.155808 -0.296512 
-0.29138 -0.0483178 -0.30006 0.0336153 -0.122058 -0.273856 0.0165816 -0.126657 -0.287796 
0.0355912 -0.117731 -0.295833 0.0663874 -0.125565 -0.294607 0.0644114 -0.129892 -0.27263 
0.0971835 -0.133399 -0.293381 0.0952075 -0.137726 -0.271403 0.12798 -0.141233 -0.292154 
0.126004 -0.14556 -0.270177 0.158776 -0.149067 -0.290928 0.1568 -0.153394 -0.26895 
0.189572 -0.156901 -0.289702 0.187596 -0.161228 -0.267724 0.220368 -0.164735 -0.288475 
-0.310389 -0.0572442 -0.292023 -0.329399 -0.0661706 -0.283986 -0.0352001 -0.132077 -0.259008 
-0.0522338 -0.136676 -0.272949 -0.0332241 -0.12775 -0.280986 -0.00242802 -0.135584 -0.27976 
-0.00440397 -0.139911 -0.257782 -0.348408 -0.075097 -0.275949 -0.367418 -0.0840234 -0.267912 
-0.0732193 -0.14993 -0.242935 -0.090253 -0.154529 -0.256875 -0.0712434 -0.145603 -0.264912 
-0.355632 -0.100784 -0.258649 -0.324835 -0.108618 -0.257423 -0.326811 -0.112945 -0.235445 
-0.294039 -0.116452 -0.256197 -0.296015 -0.120779 -0.234219 -0.282253 -0.133212 -0.246933 
-0.111239 -0.167783 -0.226861 -0.128272 -0.172382 -0.240802 -0.109263 -0.163455 -0.248838 
-0.270466 -0.149972 -0.23767 -0.23967 -0.157806 -0.236444 -0.241646 -0.162134 -0.214466 
-0.227884 -0.174567 -0.227181 -0.149258 -0.185635 -0.210787 -0.166292 -0.190235 -0.224728 
-0.147282 -0.181308 -0.232765 -0.216097 -0.191327 -0.217917 -0.185301 -0.199161 -0.216691 
0.178614 0.153483 -0.505659 0.18059 0.15781 -0.527636 0.16158 0.148884 -0.519599 
0.192376 0.14105 -0.518373 0.109799 0.143464 -0.490811 0.111775 0.147791 -0.512789 
0.0927649 0.138865 -0.504752 0.140595 0.13563 -0.489585 0.142571 0.139957 -0.511563 
0.171391 0.127796 -0.488359 0.185153 0.115363 -0.501073 0.0717793 0.125611 -0.474738 
0.0737553 0.129938 -0.496715 0.0547457 0.121012 -0.488678 0.102575 0.117777 -0.473511 
0.133372 0.109943 -0.472285 0.164168 0.102109 -0.471059 0.17793 0.0896762 -0.483773 
0.0337601 0.107758 -0.458664 0.035736 0.112086 -0.480641 0.0167264 0.103159 -0.472605 
0.0645562 0.0999244 -0.457438 0.0953523 0.0920904 -0.456211 0.126148 0.0842565 -0.454985 
0.156945 0.0764225 -0.453759 0.189717 0.0729159 -0.47451 0.187741 0.0685886 -0.452532 
0.201503 0.0561555 -0.465246 -0.00425917 0.0899055 -0.44259 -0.00228322 0.0942328 -0.464568 
-0.0212928 0.0853064 -0.456531 0.0265369 0.0820716 -0.441364 0.0573331 0.0742376 -0.440138 
0.0881292 0.0664037 -0.438911 0.118925 0.0585697 -0.437685 0.149721 0.0507358 -0.436459 
0.180518 0.0429018 -0.435232 0.19428 0.0304687 -0.447946 -0.134667 0.0955546 -0.430196 
-0.132691 0.0998819 -0.452173 -0.1517 0.0909555 -0.444136 -0.103871 0.0877206 -0.428969 
-0.101895 0.0920479 -0.450947 -0.0730745 0.0798867 -0.427743 -0.0710986 0.084214 -0.44972 
-0.0422784 0.0720527 -0.426517 -0.0403025 0.07638 -0.448494 -0.0114823 0.0642188 -0.42529 
0.0501099 0.0485509 -0.422837 0.080906 0.0407169 -0.421611 0.111702 0.032883 -0.420385 
0.142498 0.025049 -0.419158 0.173294 0.0172151 -0.417932 0.187057 0.00478199 -0.430646 
-0.158924 0.0652687 -0.426836 -0.111094 0.0620339 -0.411669 -0.0802977 0.0541999 -0.410443 
0.0736829 0.0150302 -0.404311 0.104479 0.0071962 -0.403085 0.135275 -0.000637751 -0.401858 
0.166071 -0.0084717 -0.400632 0.179834 -0.0209048 -0.413346 -0.177933 0.0563423 -0.418799 
-0.196943 0.0474159 -0.410762 0.0972559 -0.0184906 -0.385785 0.128052 -0.0263245 -0.384558 
0.158848 -0.0341585 -0.383332 0.19162 -0.0376651 -0.404083 0.189644 -0.0419924 -0.382106 
0.203407 -0.0544255 -0.39482 -0.215952 0.0384895 -0.402726 -0.234962 0.0295631 -0.394689 
0.120829 -0.0520113 -0.367258 0.151625 -0.0598452 -0.366032 0.182421 -0.0676792 -0.364806 
0.215193 -0.0711858 -0.385557 0.213217 -0.0755131 -0.363579 0.244013 -0.0833471 -0.362353 
0.245989 -0.0790198 -0.38433 0.257776 -0.0957801 -0.375067 -0.242185 0.00387635 -0.377389 
0.23679 -0.109034 -0.345053 0.250553 -0.121467 -0.357767 -0.249408 -0.0218104 -0.360089 
0.243329 -0.147154 -0.340467 -0.268418 -0.0307368 -0.352052 -0.287428 -0.0396632 -0.344015 
0.0375672 -0.113404 -0.317811 0.0205335 -0.118003 -0.331751 0.0395431 -0.109076 -0.339788 
0.0703393 -0.11691 -0.338562 0.0683633 -0.121238 -0.316584 0.101135 -0.124744 -0.337336 
0.0991594 -0.129072 -0.315358 0.131931 -0.132578 -0.336109 0.129956 -0.136905 -0.314132 
0.162728 -0.140412 -0.334883 0.160752 -0.144739 -0.312905 0.193524 -0.148246 -0.333656 
0.191548 -0.152573 -0.311679 0.22432 -0.15608 -0.33243 0.222344 -0.160407 -0.310453 
-0.294651 -0.06535 -0.326715 -0.0312482 -0.123422 -0.302963 -0.0482819 -0.128022 -0.316904 
-0.0292722 -0.119095 -0.324941 0.00152389 -0.126929 -0.323714 -0.000452066 -0.131256 -0.301737 
-0.315636 -0.0786037 -0.2967 -0.301874 -0.0910367 -0.309415 -0.0692674 -0.141275 -0.28689 
-0.0863011 -0.145874 -0.30083 -0.0672915 -0.136948 -0.308867 -0.353656 -0.0964565 -0.280627 
-0.32286 -0.10429 -0.2794 -0.290087 -0.107797 -0.300151 -0.292063 -0.112124 -0.278174 
-0.278301 -0.124557 -0.290888 -0.107287 -0.159128 -0.270816 -0.12432 -0.163727 -0.284757 
-0.105311 -0.154801 -0.292793 -0.266514 -0.141318 -0.281625 -0.26849 -0.145645 -0.259648 
-0.235718 -0.149152 -0.280399 -0.237694 -0.153479 -0.258421 -0.204922 -0.156986 -0.279172 
-0.206898 -0.161313 -0.257195 -0.174126 -0.16482 -0.277946 -0.176102 -0.169147 -0.255969 
-0.14333 -0.172654 -0.27672 -0.145306 -0.176981 -0.254742 -0.214121 -0.187 -0.239895 
-0.183325 -0.194834 -0.238669 0.213362 0.154303 -0.548387 0.215338 0.158631 -0.570365 
0.196328 0.149704 -0.562328 0.244158 0.146469 -0.547161 0.246134 0.150797 -0.569138 
0.274954 0.138636 -0.545935 0.27693 0.142963 -0.567912 0.30575 0.130802 -0.544708 
0.307726 0.135129 -0.566686 0.319513 0.118368 -0.557423 0.113751 0.152119 -0.534766 
0.115726 0.156446 -0.556744 0.0967168 0.147519 -0.548707 0.144547 0.144285 -0.53354 
0.146523 0.148612 -0.555517 0.177319 0.140778 -0.554291 0.206139 0.128617 -0.531087 
0.236935 0.120783 -0.529861 0.267731 0.112949 -0.528635 0.298527 0.105115 -0.527408 
0.331299 0.101608 -0.548159 0.329323 0.0972809 -0.526182 0.343086 0.0848478 -0.538896 
0.0757313 0.134266 -0.518693 0.0777072 0.138593 -0.54067 0.0586976 0.129667 -0.532633 
0.198916 0.10293 -0.513787 0.229712 0.0950959 -0.512561 0.260508 0.087262 -0.511335 
0.291304 0.079428 -0.510108 0.3221 0.0715941 -0.508882 0.335863 0.059161 -0.521596 
0.00691588 0.124247 -0.503845 0.00889183 0.128574 -0.525823 -0.0101178 0.119648 -0.517786 
0.037712 0.116413 -0.502619 0.039688 0.12074 -0.524596 0.191693 0.0772431 -0.496487 
0.222489 0.0694092 -0.495261 0.253285 0.0615752 -0.494034 0.284081 0.0537413 -0.492808 
0.314877 0.0459073 -0.491582 0.328639 0.0334743 -0.504296 -0.0618995 0.114228 -0.488998 
-0.0599235 0.118555 -0.510975 -0.0789332 0.109629 -0.502938 -0.0311034 0.106394 -0.487771 
-0.0291274 0.110721 -0.509749 -0.000307263 0.0985601 -0.486545 0.215266 0.0437224 -0.477961 
0.246062 0.0358885 -0.476734 0.276858 0.0280545 -0.475508 0.307654 0.0202206 -0.474282 
0.340426 0.0167139 -0.495033 0.33845 0.0123866 -0.473055 0.352212 -4.64464e-05 -0.48577 
-0.0999188 0.0963752 -0.472924 -0.0979428 0.100702 -0.494902 -0.116952 0.0917761 -0.486865 
-0.0691226 0.0885413 -0.471698 -0.0383265 0.0807073 -0.470471 0.208042 0.0180357 -0.460661 
0.238839 0.0102017 -0.459434 0.269635 0.00236777 -0.458208 0.300431 -0.00546618 -0.456982 
0.331227 -0.0133001 -0.455755 0.344989 -0.0257332 -0.46847 -0.135962 0.0828497 -0.478828 
-0.154972 0.0739233 -0.470791 0.200819 -0.00765108 -0.443361 0.231615 -0.015485 -0.442134 
0.262412 -0.023319 -0.440908 0.293208 -0.0311529 -0.439682 0.30697 -0.043586 -0.452396 
0.32598 -0.0346596 -0.460433 -0.162195 0.0482365 -0.453491 0.193596 -0.0333378 -0.426061 
0.224392 -0.0411718 -0.424834 0.255188 -0.0490057 -0.423608 0.285984 -0.0568397 -0.422381 
0.299747 -0.0692728 -0.435096 -0.181204 0.0393101 -0.445454 -0.200214 0.0303837 -0.437417 
0.217169 -0.0668586 -0.407534 0.247965 -0.0746925 -0.406308 0.278761 -0.0825265 -0.405081 
0.292524 -0.0949595 -0.417796 -0.219224 0.0214573 -0.42938 -0.238233 0.0125309 -0.421343 
0.271538 -0.108213 -0.387781 0.285301 -0.120646 -0.400496 -0.245456 -0.0131558 -0.404043 
0.247281 -0.138499 -0.384422 0.266291 -0.129573 -0.392459 -0.25268 -0.0388426 -0.386743 
0.0723152 -0.112583 -0.360539 0.0552815 -0.117182 -0.37448 0.0742912 -0.108256 -0.382517 
0.105087 -0.11609 -0.38129 0.103111 -0.120417 -0.359313 0.135883 -0.123924 -0.380064 
0.133907 -0.128251 -0.358087 0.16668 -0.131758 -0.378838 0.164704 -0.136085 -0.35686 
0.197476 -0.139592 -0.377611 0.1955 -0.143919 -0.355634 0.228272 -0.147425 -0.376385 
0.226296 -0.151753 -0.354408 -0.271689 -0.047769 -0.378706 -0.290699 -0.0566954 -0.37067 
0.00349984 -0.122602 -0.345692 -0.0135338 -0.127201 -0.359633 0.00547579 -0.118275 -0.367669 
0.0362719 -0.126109 -0.366443 -0.297922 -0.0823822 -0.35337 -0.0653155 -0.132621 -0.330845 
-0.0823492 -0.13722 -0.344785 -0.0633396 -0.128293 -0.352822 -0.0325435 -0.136127 -0.351596 
-0.305145 -0.108069 -0.336069 -0.0895723 -0.162907 -0.327485 -0.293359 -0.124829 -0.326806 
-0.262563 -0.132663 -0.32558 -0.264539 -0.136991 -0.303602 -0.231766 -0.140497 -0.324354 
-0.233742 -0.144824 -0.302376 -0.20097 -0.148331 -0.323127 -0.202946 -0.152658 -0.30115 
-0.170174 -0.156165 -0.321901 -0.17215 -0.160492 -0.299923 -0.139378 -0.163999 -0.320675 
-0.141354 -0.168326 -0.298697 -0.108582 -0.171833 -0.319448 0.212067 0.141599 -0.59702 
0.193057 0.132672 -0.588983 0.242863 0.133765 -0.595793 0.273659 0.125931 -0.594567 
0.304455 0.118097 -0.593341 0.333275 0.105935 -0.570137 0.335251 0.110263 -0.592114 
0.364071 0.0981015 -0.56891 0.366047 0.102429 -0.590888 0.377834 0.0856684 -0.581625 
0.0796832 0.14292 -0.562647 0.0816591 0.147248 -0.584625 0.0626495 0.138321 -0.576588 
0.112455 0.139414 -0.583399 0.143251 0.13158 -0.582172 0.174047 0.123746 -0.580946 
0.356848 0.0724147 -0.55161 0.38962 0.0689081 -0.572361 0.387644 0.0645808 -0.550384 
0.41844 0.0567468 -0.549158 0.420416 0.0610741 -0.571135 0.432203 0.0443137 -0.561872 
0.0108678 0.132901 -0.5478 0.0128437 0.137229 -0.569778 -0.00616589 0.128302 -0.561741 
0.0416639 0.125067 -0.546574 0.0436399 0.129395 -0.568551 0.349625 0.046728 -0.53431 
0.380421 0.038894 -0.533084 0.411217 0.03106 -0.531858 0.42498 0.018627 -0.544572 
-0.0271515 0.115049 -0.531726 -0.0251755 0.119376 -0.553704 -0.0441852 0.11045 -0.545667 
0.342402 0.0210412 -0.51701 0.373198 0.0132072 -0.515784 0.403994 0.00537329 -0.514558 
0.417757 -0.00705978 -0.527272 -0.0631948 0.101523 -0.53763 -0.0822044 0.0925967 -0.529593 
0.365975 -0.0124795 -0.498484 0.379737 -0.0249126 -0.511198 0.398747 -0.0159862 -0.519235 
-0.101214 0.0836703 -0.521556 -0.120224 0.0747439 -0.51352 0.341718 -0.0427654 -0.495124 
0.360728 -0.033839 -0.503161 -0.139233 0.0658175 -0.505483 -0.158243 0.0568911 -0.497446 
0.320733 -0.0560191 -0.46511 0.334495 -0.0684521 -0.477824 -0.165466 0.0312044 -0.480146 
0.296476 -0.0863049 -0.461751 0.315485 -0.0773785 -0.469787 -0.184476 0.0222779 -0.472109 
-0.203485 0.0133515 -0.464072 0.289253 -0.111992 -0.44445 -0.224471 9.78548e-05 -0.434058 
-0.210708 -0.0123352 -0.446772 0.282029 -0.137678 -0.42715 -0.229718 -0.0212616 -0.438735 
-0.248728 -0.030188 -0.430698 0.045471 -0.0960945 -0.405721 0.0284373 -0.100694 -0.419661 
0.047447 -0.0917672 -0.427698 0.0782431 -0.0996011 -0.426472 0.0762671 -0.103928 -0.404494 
0.109039 -0.107435 -0.425245 0.107063 -0.111762 -0.403268 0.139835 -0.115269 -0.424019 
0.137859 -0.119596 -0.402041 0.170631 -0.123103 -0.422793 0.168655 -0.12743 -0.400815 
0.201428 -0.130937 -0.421566 0.199452 -0.135264 -0.399589 0.232224 -0.138771 -0.42034 
0.230248 -0.143098 -0.398362 0.26302 -0.146605 -0.419114 -0.255951 -0.0558748 -0.413398 
0.00745175 -0.113947 -0.389647 -0.00958193 -0.118546 -0.403587 0.0094277 -0.10962 -0.411624 
0.0382479 -0.121781 -0.38842 -0.276936 -0.0691285 -0.383384 -0.263174 -0.0815615 -0.396098 
-0.0613636 -0.123966 -0.374799 -0.0783973 -0.128565 -0.38874 -0.0593877 -0.119639 -0.396777 
-0.0285916 -0.127473 -0.395551 -0.0305675 -0.1318 -0.373573 -0.28416 -0.0948152 -0.366084 
-0.270397 -0.107248 -0.378798 -0.0993829 -0.141819 -0.358726 -0.116417 -0.146418 -0.372666 
-0.0974069 -0.137492 -0.380703 -0.291383 -0.120502 -0.348784 -0.258611 -0.124009 -0.369535 
-0.260587 -0.128336 -0.347557 -0.227815 -0.131843 -0.368308 -0.22979 -0.13617 -0.346331 
-0.197018 -0.139677 -0.367082 -0.198994 -0.144004 -0.345105 -0.166222 -0.147511 -0.365856 
-0.168198 -0.151838 -0.343878 -0.135426 -0.155344 -0.364629 -0.137402 -0.159672 -0.342652 
-0.106606 -0.167506 -0.341426 0.0836351 0.151575 -0.606602 0.085611 0.155902 -0.62858 
0.0666014 0.146976 -0.620543 0.114431 0.143741 -0.605376 0.116407 0.148068 -0.627353 
0.128194 0.131308 -0.61809 0.176023 0.128073 -0.602923 0.177999 0.1324 -0.624901 
0.15899 0.123474 -0.616864 0.208795 0.124566 -0.623674 0.239592 0.116732 -0.622448 
0.270388 0.108898 -0.621222 0.301184 0.101064 -0.619995 0.33198 0.0932305 -0.618769 
0.362776 0.0853966 -0.617543 0.391596 0.0732353 -0.594339 0.393572 0.0775626 -0.616316 
0.405359 0.0608023 -0.607053 0.0456158 0.133722 -0.590529 0.0475918 0.138049 -0.612506 
0.0285821 0.129123 -0.604469 0.13998 0.114547 -0.608827 0.417145 0.0440419 -0.59779 
0.445965 0.0318807 -0.574586 0.447941 0.036208 -0.596564 0.459728 0.0194476 -0.5873 
0.0095725 0.120197 -0.596432 -0.00943713 0.11127 -0.588395 0.438742 0.00619391 -0.557286 
0.452505 -0.00623915 -0.57 -0.0284468 0.102344 -0.580359 -0.0474564 0.0934173 -0.572322 
0.414485 -0.024092 -0.553927 0.433495 -0.0151656 -0.561963 -0.066466 0.0844909 -0.564285 
-0.0854756 0.0755645 -0.556248 0.3935 -0.0373456 -0.523912 0.407262 -0.0497787 -0.536627 
-0.104485 0.0666381 -0.548211 -0.123495 0.0577117 -0.540174 0.355481 -0.0551985 -0.507839 
0.369243 -0.0676315 -0.520553 0.388253 -0.0587051 -0.52859 -0.142505 0.0487853 -0.532137 
-0.161514 0.0398589 -0.524101 0.331224 -0.0854843 -0.504479 0.350233 -0.0765579 -0.512516 
-0.168737 0.0141722 -0.506801 0.310238 -0.098738 -0.474465 0.324001 -0.111171 -0.487179 
-0.189723 0.000918477 -0.476786 -0.17596 -0.0115146 -0.4895 0.149034 -0.085255 -0.463296 
0.132001 -0.0898541 -0.477237 0.15101 -0.0809277 -0.485274 0.181806 -0.0887617 -0.484048 
0.179831 -0.093089 -0.46207 0.212603 -0.0965956 -0.482821 0.210627 -0.100923 -0.460844 
0.243399 -0.10443 -0.481595 0.241423 -0.108757 -0.459617 0.274195 -0.112264 -0.480369 
0.272219 -0.116591 -0.458391 0.304991 -0.120097 -0.479142 -0.19497 -0.020441 -0.481464 
-0.21398 -0.0293674 -0.473427 0.0494229 -0.0874399 -0.449675 0.0323892 -0.092039 -0.463616 
0.0513989 -0.0831126 -0.471653 0.082195 -0.0909466 -0.470426 0.080219 -0.0952739 -0.448449 
0.112991 -0.0987805 -0.4692 0.111015 -0.103108 -0.447223 0.141811 -0.110942 -0.445996 
0.172607 -0.118776 -0.44477 0.203404 -0.12661 -0.443544 0.2342 -0.134444 -0.442317 
0.264996 -0.142278 -0.441091 -0.234965 -0.0426211 -0.443412 -0.221203 -0.0550542 -0.456127 
0.0114037 -0.105293 -0.433602 -0.00563002 -0.109892 -0.447542 0.0133796 -0.100965 -0.455579 
-0.242188 -0.0683078 -0.426112 -0.228426 -0.0807409 -0.438827 -0.0266156 -0.123146 -0.417528 
-0.0436493 -0.127745 -0.431469 -0.0246397 -0.118818 -0.439505 -0.249412 -0.0939946 -0.408812 
-0.235649 -0.106428 -0.421527 -0.095431 -0.133164 -0.402681 -0.112465 -0.137763 -0.416621 
-0.093455 -0.128837 -0.424658 -0.0626589 -0.136671 -0.423432 -0.256635 -0.119681 -0.391512 
-0.223863 -0.123188 -0.412263 -0.225839 -0.127515 -0.390286 -0.193067 -0.131022 -0.411037 
-0.195042 -0.135349 -0.38906 -0.16227 -0.138856 -0.409811 -0.164246 -0.143183 -0.387833 
-0.131474 -0.14669 -0.408584 -0.13345 -0.151017 -0.386607 0.0803638 0.134543 -0.633257 
0.11116 0.126709 -0.632031 0.172752 0.111041 -0.629578 0.203548 0.103207 -0.628352 
0.234344 0.0953729 -0.627125 0.265141 0.087539 -0.625899 0.295937 0.079705 -0.624673 
0.326733 0.0718711 -0.623446 0.357529 0.0640371 -0.62222 0.388325 0.0562032 -0.620994 
0.0443205 0.121017 -0.639161 0.0253109 0.112091 -0.631124 0.0751166 0.113183 -0.637935 
0.105913 0.105349 -0.636708 0.136709 0.0975153 -0.635482 0.167505 0.0896814 -0.634256 
0.198301 0.0818474 -0.633029 0.229097 0.0740134 -0.631803 0.259893 0.0661795 -0.630576 
0.290689 0.0583455 -0.62935 0.321486 0.0505116 -0.628124 0.352282 0.0426776 -0.626897 
0.383078 0.0348437 -0.625671 0.413874 0.0270097 -0.624445 0.442694 0.0148485 -0.601241 
0.42566 0.0102494 -0.615182 0.00630127 0.103164 -0.623087 -0.0127084 0.094238 -0.61505 
0.435471 -0.0108383 -0.583941 0.418437 -0.0154374 -0.597881 -0.031718 0.0853116 -0.607013 
-0.0507276 0.0763852 -0.598977 0.411214 -0.0411241 -0.580581 -0.0697372 0.0674588 -0.59094 
-0.0887469 0.0585324 -0.582903 0.403991 -0.0668109 -0.563281 -0.107757 0.049606 -0.574866 
-0.126766 0.0406795 -0.566829 0.365972 -0.0846637 -0.547208 0.384981 -0.0757373 -0.555245 
-0.147752 0.0274259 -0.536815 -0.133989 0.0149928 -0.549529 0.191006 -0.0587476 -0.523325 
0.173972 -0.0633467 -0.537266 0.192982 -0.0544203 -0.545303 0.223778 -0.0622543 -0.544076 
0.221802 -0.0665816 -0.522099 0.254574 -0.0700882 -0.54285 0.252598 -0.0744155 -0.520872 
0.28537 -0.0779222 -0.541623 0.283394 -0.0822495 -0.519646 0.297156 -0.0946826 -0.53236 
0.327952 -0.102517 -0.531134 0.346962 -0.0935901 -0.539171 -0.152999 0.00606639 -0.541492 
-0.172009 -0.00286001 -0.533455 0.12219 -0.0687665 -0.508478 0.105157 -0.0733656 -0.522418 
0.124166 -0.0644392 -0.530455 0.154962 -0.0722731 -0.529229 0.152986 -0.0766004 -0.507251 
0.183782 -0.0844344 -0.506025 0.214579 -0.0922683 -0.504799 0.245375 -0.100102 -0.503572 
0.276171 -0.107936 -0.502346 0.308943 -0.111443 -0.523097 0.306967 -0.11577 -0.50112 
-0.179232 -0.0285468 -0.516155 0.0533748 -0.0787853 -0.49363 0.0363411 -0.0833844 -0.507571 
0.0553508 -0.074458 -0.515608 0.0861469 -0.082292 -0.514381 0.0841709 -0.0866193 -0.492404 
0.114967 -0.0944532 -0.491178 -0.200217 -0.0418005 -0.486141 -0.186455 -0.0542335 -0.498855 
0.0153556 -0.0966381 -0.477557 -0.00167811 -0.101237 -0.491497 0.0173315 -0.0923108 -0.499534 
-0.20744 -0.0674872 -0.468841 -0.193678 -0.0799203 -0.481555 -0.0226637 -0.114491 -0.461483 
-0.0396974 -0.11909 -0.475423 -0.0206877 -0.110164 -0.48346 -0.214664 -0.093174 -0.451541 
-0.200901 -0.105607 -0.464255 -0.060683 -0.132344 -0.445409 -0.0777166 -0.136943 -0.45935 
-0.058707 -0.128016 -0.467387 -0.221887 -0.118861 -0.434241 -0.189115 -0.122367 -0.454992 
-0.191091 -0.126695 -0.433014 -0.158318 -0.130201 -0.453766 -0.160294 -0.134529 -0.431788 
-0.127522 -0.138035 -0.452539 -0.129498 -0.142363 -0.430562 -0.0967263 -0.145869 -0.451313 
0.0390733 0.0996577 -0.643838 0.0698695 0.0918237 -0.642612 0.0836319 0.0793907 -0.655326 
0.102642 0.0883171 -0.663363 0.133438 0.0804831 -0.662137 0.162258 0.0683219 -0.638933 
0.145224 0.0637228 -0.652873 0.17602 0.0558888 -0.651647 0.19503 0.0648152 -0.659684 
0.225826 0.0569813 -0.658458 0.256622 0.0491473 -0.657231 0.287418 0.0413134 -0.656005 
0.318214 0.0334794 -0.654779 0.34901 0.0256455 -0.653552 0.379807 0.0178115 -0.652326 
0.408627 0.00565026 -0.629122 0.391593 0.00105115 -0.643063 0.00105408 0.0818049 -0.627765 
0.0148165 0.0693718 -0.640479 0.0338262 0.0782982 -0.648516 0.0646223 0.0704643 -0.647289 
0.157011 0.0469624 -0.64361 0.401404 -0.0200365 -0.611822 0.38437 -0.0246356 -0.625763 
-0.0369652 0.0639521 -0.611691 -0.0232027 0.051519 -0.624405 -0.00419311 0.0604454 -0.632442 
0.332588 -0.0300553 -0.596975 0.315555 -0.0346545 -0.610915 0.334564 -0.0257281 -0.618952 
0.346351 -0.0424884 -0.609689 0.39418 -0.0457233 -0.594522 0.377147 -0.0503224 -0.608463 
-0.0749844 0.0460993 -0.595617 -0.061222 0.0336662 -0.608331 -0.0422124 0.0425926 -0.616368 
0.232977 -0.0322402 -0.583354 0.215943 -0.0368394 -0.597294 0.234953 -0.027913 -0.605331 
0.265749 -0.0357469 -0.604105 0.263773 -0.0400742 -0.582127 0.296545 -0.0435809 -0.602878 
0.294569 -0.0479082 -0.580901 0.325365 -0.0557421 -0.579675 0.358137 -0.0592488 -0.600426 
0.356161 -0.0635761 -0.578448 0.386957 -0.07141 -0.577222 -0.113004 0.0282465 -0.579543 
-0.0992412 0.0158134 -0.592258 -0.0802316 0.0247398 -0.600294 0.194957 -0.0500931 -0.56728 
0.177924 -0.0546922 -0.581221 0.196933 -0.0457658 -0.589257 0.225754 -0.057927 -0.566054 
0.25655 -0.065761 -0.564827 0.287346 -0.0735949 -0.563601 0.318142 -0.0814289 -0.562375 
0.348938 -0.0892628 -0.561148 -0.118251 0.00688701 -0.584221 -0.137261 -0.00203939 -0.576184 
0.095346 -0.0522779 -0.553659 0.0783123 -0.0568771 -0.567599 0.0973219 -0.0479507 -0.575636 
0.128118 -0.0557846 -0.57441 0.126142 -0.0601119 -0.552433 0.158914 -0.0636186 -0.573184 
0.156938 -0.0679459 -0.551206 0.310919 -0.107116 -0.545074 -0.158246 -0.0152931 -0.54617 
-0.144484 -0.0277261 -0.558884 0.0881228 -0.0779647 -0.536359 0.0710892 -0.0825638 -0.550299 
-0.165469 -0.0409798 -0.52887 -0.151707 -0.0534129 -0.541584 0.0193075 -0.0879836 -0.521511 
0.00227379 -0.0925827 -0.535452 0.0212834 -0.0836563 -0.543489 0.0520795 -0.0914902 -0.542263 
-0.172692 -0.0666666 -0.511569 -0.15893 -0.0790997 -0.524284 -0.0187118 -0.105836 -0.505438 
-0.0357455 -0.110435 -0.519378 -0.0167358 -0.101509 -0.527415 -0.179916 -0.0923534 -0.494269 
-0.166153 -0.104786 -0.506984 -0.056731 -0.123689 -0.489364 -0.0737647 -0.128288 -0.503305 
-0.0547551 -0.119362 -0.511341 -0.187139 -0.11804 -0.476969 -0.154367 -0.121547 -0.49772 
-0.156343 -0.125874 -0.475743 -0.12357 -0.129381 -0.496494 -0.125546 -0.133708 -0.474517 
-0.0927744 -0.137215 -0.495268 -0.0947503 -0.141542 -0.47329 0.0973943 0.0669576 -0.66804 
0.12819 0.0591237 -0.666814 0.189783 0.0434557 -0.664361 0.220579 0.0356218 -0.663135 
0.251375 0.0277878 -0.661909 0.282171 0.0199539 -0.660682 0.312967 0.0121199 -0.659456 
0.343763 0.00428599 -0.65823 0.374559 -0.00354797 -0.657003 0.028579 0.0569388 -0.653193 
0.0593751 0.0491048 -0.651967 0.0731375 0.0366717 -0.664681 0.0921471 0.0455981 -0.672718 
0.120967 0.0334369 -0.649514 0.103934 0.0288378 -0.663455 0.151763 0.0256029 -0.648288 
0.18256 0.017769 -0.647061 0.213356 0.00993504 -0.645835 0.244152 0.00210109 -0.644609 
0.274948 -0.00573287 -0.643382 0.305744 -0.0135668 -0.642156 0.33654 -0.0214008 -0.64093 
0.367336 -0.0292347 -0.639703 -0.00944029 0.039086 -0.637119 0.0213558 0.031252 -0.635893 
0.0351183 0.0188189 -0.648607 0.0541279 0.0277453 -0.656644 0.11572 0.0120774 -0.654191 
0.14454 -8.38114e-05 -0.630988 0.127507 -0.00468293 -0.644928 0.175336 -0.00791776 -0.629761 
0.206133 -0.0157517 -0.628535 0.236929 -0.0235857 -0.627309 0.267725 -0.0314196 -0.626082 
0.298521 -0.0392536 -0.624856 0.360113 -0.0549215 -0.622403 -0.0474596 0.0212332 -0.621046 
-0.0336971 0.00880008 -0.63376 -0.0146875 0.0177265 -0.641797 0.0161086 0.00989253 -0.64057 
0.0757249 -0.0101027 -0.61614 0.0586912 -0.0147018 -0.630081 0.0777009 -0.00577537 -0.638118 
0.0894874 -0.0225357 -0.628854 0.139293 -0.0214433 -0.635665 0.168113 -0.0336045 -0.612461 
0.15108 -0.0382036 -0.626402 0.198909 -0.0414385 -0.611235 -0.0854788 0.00338035 -0.604972 
-0.0717164 -0.00905272 -0.617686 -0.0527067 -0.00012632 -0.625723 0.0685018 -0.0357894 -0.59884 
0.0514681 -0.0403885 -0.612781 0.101274 -0.0392961 -0.619591 0.0992979 -0.0436234 -0.597614 
0.13207 -0.04713 -0.618365 0.130094 -0.0514573 -0.596387 0.16089 -0.0592913 -0.595161 
-0.123498 -0.0144725 -0.588898 -0.0927019 -0.0223064 -0.587672 -0.0789395 -0.0347395 -0.600386 
0.0612786 -0.0614762 -0.58154 0.044245 -0.0660753 -0.595481 -0.130721 -0.0401592 -0.571598 
-0.0999251 -0.0479932 -0.570372 -0.0861626 -0.0604262 -0.583086 0.0232594 -0.079329 -0.565466 
0.0062257 -0.0839281 -0.579407 0.0252353 -0.0750017 -0.587444 0.0540555 -0.0871629 -0.56424 
-0.137944 -0.065846 -0.554298 -0.107148 -0.0736799 -0.553072 -0.0933858 -0.086113 -0.565786 
-0.0147599 -0.0971818 -0.549393 -0.0317936 -0.101781 -0.563333 -0.0127839 -0.0928545 -0.57137 
-0.145167 -0.0915327 -0.536998 -0.131405 -0.103966 -0.549712 -0.112395 -0.0950394 -0.557749 
-0.0527791 -0.115035 -0.533319 -0.0698128 -0.119634 -0.54726 -0.0508032 -0.110707 -0.555296 
-0.152391 -0.117219 -0.519698 -0.119619 -0.120726 -0.540449 -0.121595 -0.125053 -0.518472 
-0.0888224 -0.12856 -0.539223 -0.0907984 -0.132887 -0.517245 0.0869 0.0242387 -0.677395 
0.0488807 0.00638587 -0.661321 0.0796768 -0.00144809 -0.660095 0.110473 -0.00928204 -0.658869 
-0.0199347 -0.00363299 -0.646474 0.0108614 -0.0114669 -0.645248 0.0416576 -0.0193009 -0.644021 
0.10325 -0.0349688 -0.641569 0.134046 -0.0428028 -0.640342 -0.0579539 -0.0214858 -0.6304 
-0.0271578 -0.0293197 -0.629174 -0.0133954 -0.0417528 -0.641888 0.00561426 -0.0328264 -0.649925 
0.0344344 -0.0449876 -0.626721 0.0174007 -0.0495868 -0.640662 -0.0651771 -0.0471725 -0.6131 
-0.034381 -0.0550065 -0.611874 -0.00160888 -0.0585132 -0.632625 -0.00358484 -0.0628405 -0.610648 
0.0272113 -0.0706744 -0.609421 -0.0724002 -0.0728593 -0.5958 -0.0586378 -0.0852924 -0.608514 
-0.0396281 -0.076366 -0.616551 -0.010808 -0.0885272 -0.593347 -0.0278417 -0.0931263 -0.607288 
-0.0796233 -0.0985461 -0.5785 -0.0468513 -0.102053 -0.599251 -0.0488272 -0.10638 -0.577274 
-0.117643 -0.116399 -0.562426 -0.0868465 -0.124233 -0.5612 0.000367071 -0.0541859 -0.654602 
-0.0448753 -0.0977254 -0.621229 
POLYGONS 6449 19344
OFFSETS vtktypeint64
0 3 6 9 12 15 18 21 24 
27 30 33 36 39 42 45 48 51 
54 57 60 63 66 69 72 75 78 
81 84 87 90 93 96 99 102 105 
108 111 114 117 120 123 126 129 132 
135 138 141 144 147 150 153 156 159 
162 165 168 171 174 177 180 183 186 
189 192 195 198 201 204 207 210 213 
216 219 222 225 228 231 234 237 240 
243 246 249 252 255 258 261 264 267 
270 273 276 279 282 285 288 291 294 
297 300 303 306 309 312 315 318 321 
324 327 330 333 336 339 342 345 348 
351 354 357 360 363 366 369 372 375 
378 381 384 387 390 393 396 399 402 
405 408 411 414 417 420 423 426 429 
432 435 438 441 444 447 450 453 456 
459 462 465 468 471 474 477 480 483 
486 489 492 495 498 501 504 507 510 
513 516 519 522 525 528 531 534 537 
540 543 546 549 552 555 558 561 564 
567 570 573 576 579 582 585 588 591 
594 597 600 603 606 609 612 615 618 
621 624 627 630 633 636 639 642 645 
648 651 654 657 660 663 666 669 672 
675 678 681 684 687 690 693 696 699 
702 705 708 711 714 717 720 723 726 
729 732 735 738 741 744 747 750 753 
756 759 762 765 768 771 774 777 780 
783 786 789 792 795 798 801 804 807 
810 813 816 819 822 825 828 831 834 
837 840 843 846 849 852 855 858 861 
864 867 870 873 876 879 882 885 888 
891 894 897 900 903 906 909 912 915 
918 921 924 927 930 933 936 939 942 
945 948 951 954 957 960 963 966 969 
972 975 978 981 984 987 990 993 996 
999 1002 1005 1008 1011 1014 1017 1020 1023 
1026 1029 1032 1035 1038 1041 1044 1047 1050 
1053 1056 1059 1062 1065 1068 1071 1074 1077 
1080 1083 1086 1089 1092 1095 1098 1101 1104 
1107 1110 1113 1116 1119 1122 1125 1128 1131 
1134 1137 1140 1143 1146 1149 1152 1155 1158 
1161 1164 1167 1170 1173 1176 1179 1182 1185 
1188 1191 1194 1197 1200 1203 1206 1209 1212 
1215 1218 1221 1224 1227 1230 1233 1236 1239 
1242 1245 1248 1251 1254 1257 1260 1263 1266 
1269 1272 1275 1278 1281 1284 1287 1290 1293 
1296 1299 1302 1305 1308 1311 1314 1317 1320 
1323 1326 1329 1332 1335 1338 1341 1344 1347 
1350 1353 1356 1359 1362 1365 1368 1371 1374 
1377 1380 1383 1386 1389 1392 1395 1398 1401 
1404 1407 1410 1413 1416 1419 1422 1425 1428 
1431 1434 1437 1440 1443 1446 1449 1452 1455 
1458 1461 1464 1467 1470 1473 1476 1479 1482 
1485 1488 1491 1494 1497 1500 1503 1506 1509 
1512 1515 1518 1521 1524 1527 1530 1533 1536 
1539 1542 1545 1548 1551 1554 1557 1560 1563 
1566 1569 1572 1575 1578 1581 1584 1587 1590 
1593 1596 1599 1602 1605 1608 1611 1614 1617 
1620 1623 1626 1629 1632 1635 1638 1641 1644 
1647 1650 1653 1656 1659 1662 1665 1668 1671 
1674 1677 1680 1683 1686 1689 1692 1695 1698 
1701 1704 1707 1710 1713 1716 1719 1722 1725 
1728 1731 1734 1737 1740 1743 1746 1749 1752 
1755 1758 1761 1764 1767 1770 1773 1776 1779 
1782 1785 1788 1791 1794 1797 1800 1803 1806 
1809 1812 1815 1818 1821 1824 1827 1830 1833 
1836 1839 1842 1845 1848 1851 1854 1857 1860 
1863 1866 1869 1872 1875 1878 1881 1884 1887 
1890 1893 1896 1899 1902 1905 1908 1911 1914 
1917 1920 1923 1926 1929 1932 1935 1938 1941 
1944 1947 1950 1953 1956 1959 1962 1965 1968 
1971 1974 1977 1980 1983 1986 1989 1992 1995 
1998 2001 2004 2007 2010 2013 2016 2019 2022 
2025 2028 2031 2034 2037 2040 2043 2046 2049 
2052 2055 2058 2061 2064 2067 2070 2073 2076 
2079 2082 2085 2088 2091 2094 2097 2100 2103 
2106 2109 2112 2115 2118 2121 2124 2127 2130 
2133 2136 2139 2142 2145 2148 2151 2154 2157 
2160 2163 2166 2169 2172 2175 2178 2181 2184 
2187 2190 2193 2196 2199 2202 2205 2208 2211 
2214 2217 2220 2223 2226 2229 2232 2235 2238 
2241 2244 2247 2250 2253 2256 2259 2262 2265 
2268 2271 2274 2277 2280 2283 2286 2289 2292 
2295 2298 2301 2304 2307 2310 2313 2316 2319 
2322 2325 2328 2331 2334 2337 2340 2343 2346 
2349 2352 2355 2358 2361 2364 2367 2370 2373 
2376 2379 2382 2385 2388 2391 2394 2397 2400 
2403 2406 2409 2412 2415 2418 2421 2424 2427 
2430 2433 2436 2439 2442 2445 2448 2451 2454 
2457 2460 2463 2466 2469 2472 2475 2478 2481 
2484 2487 2490 2493 2496 2499 2502 2505 2508 
2511 2514 2517 2520 2523 2526 2529 2532 2535 
2538 2541 2544 2547 2550 2553 2556 2559 2562 
2565 2568 2571 2574 2577 2580 2583 2586 2589 
2592 2595 2598 2601 2604 2607 2610 2613 2616 
2619 2622 2625 2628 2631 2634 2637 2640 2643 
2646 2649 2652 2655 2658 2661 2664 2667 2670 
2673 2676 2679 2682 2685 2688 2691 2694 2697 
2700 2703 2706 2709 2712 2715 2718 2721 2724 
2727 2730 2733 2736 2739 2742 2745 2748 2751 
2754 2757 2760 2763 2766 2769 2772 2775 2778 
2781 2784 2787 2790 2793 2796 2799 2802 2805 
2808 2811 2814 2817 2820 2823 2826 2829 2832 
2835 2838 2841 2844 2847 2850 2853 2856 2859 
2862 2865 2868 2871 2874 2877 2880 2883 2886 
2889 2892 2895 2898 2901 2904 2907 2910 2913 
2916 2919 2922 2925 2928 2931 2934 2937 2940 
2943 2946 2949 2952 2955 2958 2961 2964 2967 
2970 2973 2976 2979 2982 2985 2988 2991 2994 
2997 3000 3003 3006 3009 3012 3015 3018 3021 
3024 3027 3030 3033 3036 3039 3042 3045 3048 
3051 3054 3057 3060 3063 3066 3069 3072 3075 
3078 3081 3084 3087 3090 3093 3096 3099 3102 
3105 3108 3111 3114 3117 3120 3123 3126 3129 
3132 3135 3138 3141 3144 3147 3150 3153 3156 
3159 3162 3165 3168 3171 3174 3177 3180 3183 
3186 3189 3192 3195 3198 3201 3204 3207 3210 
3213 3216 3219 3222 3225 3228 3231 3234 3237 
3240 3243 3246 3249 3252 3255 3258 3261 3264 
3267 3270 3273 3276 3279 3282 3285 3288 3291 
3294 3297 3300 3303 3306 3309 3312 3315 3318 
3321 3324 3327 3330 3333 3336 3339 3342 3345 
3348 3351 3354 3357 3360 3363 3366 3369 3372 
3375 3378 3381 3384 3387 3390 3393 3396 3399 
3402 3405 3408 3411 3414 3417 3420 3423 3426 
3429 3432 3435 3438 3441 3444 3447 3450 3453 
3456 3459 3462 3465 3468 3471 3474 3477 3480 
3483 3486 3489 3492 3495 3498 3501 3504 3507 
3510 3513 3516 3519 3522 3525 3528 3531 3534 
3537 3540 3543 3546 3549 3552 3555 3558 3561 
3564 3567 3570 3573 3576 3579 3582 3585 3588 
3591 3594 3597 3600 3603 3606 3609 3612 3615 
3618 3621 3624 3627 3630 3633 3636 3639 3642 
3645 3648 3651 3654 3657 3660 3663 3666 3669 
3672 3675 3678 3681 3684 3687 3690 3693 3696 
3699 3702 3705 3708 3711 3714 3717 3720 3723 
3726 3729 3732 3735 3738 3741 3744 3747 3750 
3753 3756 3759 3762 3765 3768 3771 3774 3777 
3780 3783 3786 3789 3792 3795 3798 3801 3804 
3807 3810 3813 3816 3819 3822 3825 3828 3831 
3834 3837 3840 3843 3846 3849 3852 3855 3858 
3861 3864 3867 3870 3873 3876 3879 3882 3885 
3888 3891 3894 3897 3900 3903 3906 3909 3912 
3915 3918 3921 3924 3927 3930 3933 3936 3939 
3942 3945 3948 3951 3954 3957 3960 3963 3966 
3969 3972 3975 3978 3981 3984 3987 3990 3993 
3996 3999 4002 4005 4008 4011 4014 4017 4020 
4023 4026 4029 4032 4035 4038 4041 4044 4047 
4050 4053 4056 4059 4062 4065 4068 4071 4074 
4077 4080 4083 4086 4089 4092 4095 4098 4101 
4104 4107 4110 4113 4116 4119 4122 4125 4128 
4131 4134 4137 4140 4143 4146 4149 4152 4155 
4158 4161 4164 4167 4170 4173 4176 4179 4182 
4185 4188 4191 4194 4197 4200 4203 4206 4209 
4212 4215 4218 4221 4224 4227 4230 4233 4236 
4239 4242 4245 4248 4251 4254 4257 4260 4263 
4266 4269 4272 4275 4278 4281 4284 4287 4290 
4293 4296 4299 4302 4305 4308 4311 4314 4317 
4320 4323 4326 4329 4332 4335 4338 4341 4344 
4347 4350 4353 4356 4359 4362 4365 4368 4371 
4374 4377 4380 4383 4386 4389 4392 4395 4398 
4401 4404 4407 4410 4413 4416 4419 4422 4425 
4428 4431 4434 4437 4440 4443 4446 4449 4452 
4455 4458 4461 4464 4467 4470 4473 4476 4479 
4482 4485 4488 4491 4494 4497 4500 4503 4506 
4509 4512 4515 4518 4521 4524 4527 4530 4533 
4536 4539 4542 4545 4548 4551 4554 4557 4560 
4563 4566 4569 4572 4575 4578 4581 4584 4587 
4590 4593 4596 4599 4602 4605 4608 4611 4614 
4617 4620 4623 4626 4629 4632 4635 4638 4641 
4644 4647 4650 4653 4656 4659 4662 4665 4668 
4671 4674 4677 4680 4683 4686 4689 4692 4695 
4698 4701 4704 4707 4710 4713 4716 4719 4722 
4725 4728 4731 4734 4737 4740 4743 4746 4749 
4752 4755 4758 4761 4764 4767 4770 4773 4776 
4779 4782 4785 4788 4791 4794 4797 4800 4803 
4806 4809 4812 4815 4818 4821 4824 4827 4830 
4833 4836 4839 4842 4845 4848 4851 4854 4857 
4860 4863 4866 4869 4872 4875 4878 4881 4884 
4887 4890 4893 4896 4899 4902 4905 4908 4911 
4914 4917 4920 4923 4926 4929 4932 4935 4938 
4941 4944 4947 4950 4953 4956 4959 4962 4965 
4968 4971 4974 4977 4980 4983 4986 4989 4992 
4995 4998 5001 5004 5007 5010 5013 5016 5019 
5022 5025 5028 5031 5034 5037 5040 5043 5046 
5049 5052 5055 5058 5061 5064 5067 5070 5073 
5076 5079 5082 5085 5088 5091 5094 5097 5100 
5103 5106 5109 5112 5115 5118 5121 5124 5127 
5130 5133 5136 5139 5142 5145 5148 5151 5154 
5157 5160 5163 5166 5169 5172 5175 5178 5181 
5184 5187 5190 5193 5196 5199 5202 5205 5208 
5211 5214 5217 5220 5223 5226 5229 5232 5235 
5238 5241 5244 5247 5250 5253 5256 5259 5262 
5265 5268 5271 5274 5277 5280 5283 5286 5289 
5292 5295 5298 5301 5304 5307 5310 5313 5316 
5319 5322 5325 5328 5331 5334 5337 5340 5343 
5346 5349 5352 5355 5358 5361 5364 5367 5370 
5373 5376 5379 5382 5385 5388 5391 5394 5397 
5400 5403 5406 5409 5412 5415 5418 5421 5424 
5427 5430 5433 5436 5439 5442 5445 5448 5451 
5454 5457 5460 5463 5466 5469 5472 5475 5478 
5481 5484 5487 5490 5493 5496 5499 5502 5505 
5508 5511 5514 5517 5520 5523 5526 5529 5532 
5535 5538 5541 5544 5547 5550 5553 5556 5559 
5562 5565 5568 5571 5574 5577 5580 5583 5586 
5589 5592 5595 5598 5601 5604 5607 5610 5613 
5616 5619 5622 5625 5628 5631 5634 5637 5640 
5643 5646 5649 5652 5655 5658 5661 5664 5667 
5670 5673 5676 5679 5682 5685 5688 5691 5694 
5697 5700 5703 5706 5709 5712 5715 5718 5721 
5724 5727 5730 5733 5736 5739 5742 5745 5748 
5751 5754 5757 5760 5763 5766 5769 5772 5775 
5778 5781 5784 5787 5790 5793 5796 5799 5802 
5805 5808 5811 5814 5817 5820 5823 5826 5829 
5832 5835 5838 5841 5844 5847 5850 5853 5856 
5859 5862 5865 5868 5871 5874 5877 5880 5883 
5886 5889 5892 5895 5898 5901 5904 5907 5910 
5913 5916 5919 5922 5925 5928 5931 5934 5937 
5940 5943 5946 5949 5952 5955 5958 5961 5964 
5967 5970 5973 5976 5979 5982 5985 5988 5991 
5994 5997 6000 6003 6006 6009 6012 6015 6018 
6021 6024 6027 6030 6033 6036 6039 6042 6045 
6048 6051 6054 6057 6060 6063 6066 6069 6072 
6075 6078 6081 6084 6087 6090 6093 6096 6099 
6102 6105 6108 6111 6114 6117 6120 6123 6126 
6129 6132 6135 6138 6141 6144 6147 6150 6153 
6156 6159 6162 6165 6168 6171 6174 6177 6180 
6183 6186 6189 6192 6195 6198 6201 6204 6207 
6210 6213 6216 6219 6222 6225 6228 6231 6234 
6237 6240 6243 6246 6249 6252 6255 6258 6261 
6264 6267 6270 6273 6276 6279 6282 6285 6288 
6291 6294 6297 6300 6303 6306 6309 6312 6315 
6318 6321 6324 6327 6330 6333 6336 6339 6342 
6345 6348 6351 6354 6357 6360 6363 6366 6369 
6372 6375 6378 6381 6384 6387 6390 6393 6396 
6399 6402 6405 6408 6411 6414 6417 6420 6423 
6426 6429 6432 6435 6438 6441 6444 6447 6450 
6453 6456 6459 6462 6465 6468 6471 6474 6477 
6480 6483 6486 6489 6492 6495 6498 6501 6504 
6507 6510 6513 6516 6519 6522 6525 6528 6531 
6534 6537 6540 6543 6546 6549 6552 6555 6558 
6561 6564 6567 6570 6573 6576 6579 6582 6585 
6588 6591 6594 6597 6600 6603 6606 6609 6612 
6615 6618 6621 6624 6627 6630 6633 6636 6639 
6642 6645 6648 6651 6654 6657 6660 6663 6666 
6669 6672 6675 6678 6681 6684 6687 6690 6693 
6696 6699 6702 6705 6708 6711 6714 6717 6720 
6723 6726 6729 6732 6735 6738 6741 6744 6747 
6750 6753 6756 6759 6762 6765 6768 6771 6774 
6777 6780 6783 6786 6789 6792 6795 6798 6801 
6804 6807 6810 6813 6816 6819 6822 6825 6828 
6831 6834 6837 6840 6843 6846 6849 6852 6855 
6858 6861 6864 6867 6870 6873 6876 6879 6882 
6885 6888 6891 6894 6897 6900 6903 6906 6909 
6912 6915 6918 6921 6924 6927 6930 6933 6936 
6939 6942 6945 6948 6951 6954 6957 6960 6963 
6966 6969 6972 6975 6978 6981 6984 6987 6990 
6993 6996 6999 7002 7005 7008 7011 7014 7017 
7020 7023 7026 7029 7032 7035 7038 7041 7044 
7047 7050 7053 7056 7059 7062 7065 7068 7071 
7074 7077 7080 7083 7086 7089 7092 7095 7098 
7101 7104 7107 7110 7113 7116 7119 7122 7125 
7128 7131 7134 7137 7140 7143 7146 7149 7152 
7155 7158 7161 7164 7167 7170 7173 7176 7179 
7182 7185 7188 7191 7194 7197 7200 7203 7206 
7209 7212 7215 7218 7221 7224 7227 7230 7233 
7236 7239 7242 7245 7248 7251 7254 7257 7260 
7263 7266 7269 7272 7275 7278 7281 7284 7287 
7290 7293 7296 7299 7302 7305 7308 7311 7314 
7317 7320 7323 7326 7329 7332 7335 7338 7341 
7344 7347 7350 7353 7356 7359 7362 7365 7368 
7371 7374 7377 7380 7383 7386 7389 7392 7395 
7398 7401 7404 7407 7410 7413 7416 7419 7422 
7425 7428 7431 7434 7437 7440 7443 7446 7449 
7452 7455 7458 7461 7464 7467 7470 7473 7476 
7479 7482 7485 7488 7491 7494 7497 7500 7503 
7506 7509 7512 7515 7518 7521 7524 7527 7530 
7533 7536 7539 7542 7545 7548 7551 7554 7557 
7560 7563 7566 7569 7572 7575 7578 7581 7584 
7587 7590 7593 7596 7599 7602 7605 7608 7611 
7614 7617 7620 7623 7626 7629 7632 7635 7638 
7641 7644 7647 7650 7653 7656 7659 7662 7665 
7668 7671 7674 7677 7680 7683 7686 7689 7692 
7695 7698 7701 7704 7707 7710 7713 7716 7719 
7722 7725 7728 7731 7734 7737 7740 7743 7746 
7749 7752 7755 7758 7761 7764 7767 7770 7773 
7776 7779 7782 7785 7788 7791 7794 7797 7800 
7803 7806 7809 7812 7815 7818 7821 7824 7827 
7830 7833 7836 7839 7842 7845 7848 7851 7854 
7857 7860 7863 7866 7869 7872 7875 7878 7881 
7884 7887 7890 7893 7896 7899 7902 7905 7908 
7911 7914 7917 7920 7923 7926 7929 7932 7935 
7938 7941 7944 7947 7950 7953 7956 7959 7962 
7965 7968 7971 7974 7977 7980 7983 7986 7989 
7992 7995 7998 8001 8004 8007 8010 8013 8016 
8019 8022 8025 8028 8031 8034 8037 8040 8043 
8046 8049 8052 8055 8058 8061 8064 8067 8070 
8073 8076 8079 8082 8085 8088 8091 8094 8097 
8100 8103 8106 8109 8112 8115 8118 8121 8124 
8127 8130 8133 8136 8139 8142 8145 8148 8151 
8154 8157 8160 8163 8166 8169 8172 8175 8178 
8181 8184 8187 8190 8193 8196 8199 8202 8205 
8208 8211 8214 8217 8220 8223 8226 8229 8232 
8235 8238 8241 8244 8247 8250 8253 8256 8259 
8262 8265 8268 8271 8274 8277 8280 8283 8286 
8289 8292 8295 8298 8301 8304 8307 8310 8313 
8316 8319 8322 8325 8328 8331 8334 8337 8340 
8343 8346 8349 8352 8355 8358 8361 8364 8367 
8370 8373 8376 8379 8382 8385 8388 8391 8394 
8397 8400 8403 8406 8409 8412 8415 8418 8421 
8424 8427 8430 8433 8436 8439 8442 8445 8448 
8451 8454 8457 8460 8463 8466 8469 8472 8475 
8478 8481 8484 8487 8490 8493 8496 8499 8502 
8505 8508 8511 8514 8517 8520 8523 8526 8529 
8532 8535 8538 8541 8544 8547 8550 8553 8556 
8559 8562 8565 8568 8571 8574 8577 8580 8583 
8586 8589 8592 8595 8598 8601 8604 8607 8610 
8613 8616 8619 8622 8625 8628 8631 8634 8637 
8640 8643 8646 8649 8652 8655 8658 8661 8664 
8667 8670 8673 8676 8679 8682 8685 8688 8691 
8694 8697 8700 8703 8706 8709 8712 8715 8718 
8721 8724 8727 8730 8733 8736 8739 8742 8745 
8748 8751 8754 8757 8760 8763 8766 8769 8772 
8775 8778 8781 8784 8787 8790 8793 8796 8799 
8802 8805 8808 8811 8814 8817 8820 8823 8826 
8829 8832 8835 8838 8841 8844 8847 8850 8853 
8856 8859 8862 8865 8868 8871 8874 8877 8880 
8883 8886 8889 8892 8895 8898 8901 8904 8907 
8910 8913 8916 8919 8922 8925 8928 8931 8934 
8937 8940 8943 8946 8949 8952 8955 8958 8961 
8964 8967 8970 8973 8976 8979 8982 8985 8988 
8991 8994 8997 9000 9003 9006 9009 9012 9015 
9018 9021 9024 9027 9030 9033 9036 9039 9042 
9045 9048 9051 9054 9057 9060 9063 9066 9069 
9072 9075 9078 9081 9084 9087 9090 9093 9096 
9099 9102 9105 9108 9111 9114 9117 9120 9123 
9126 9129 9132 9135 9138 9141 9144 9147 9150 
9153 9156 9159 9162 9165 9168 9171 9174 9177 
9180 9183 9186 9189 9192 9195 9198 9201 9204 
9207 9210 9213 9216 9219 9222 9225 9228 9231 
9234 9237 9240 9243 9246 9249 9252 9255 9258 
9261 9264 9267 9270 9273 9276 9279 9282 9285 
9288 9291 9294 9297 9300 9303 9306 9309 9312 
9315 9318 9321 9324 9327 9330 9333 9336 9339 
9342 9345 9348 9351 9354 9357 9360 9363 9366 
9369 9372 9375 9378 9381 9384 9387 9390 9393 
9396 9399 9402 9405 9408 9411 9414 9417 9420 
9423 9426 9429 9432 9435 9438 9441 9444 9447 
9450 9453 9456 9459 9462 9465 9468 9471 9474 
9477 9480 9483 9486 9489 9492 9495 9498 9501 
9504 9507 9510 9513 9516 9519 9522 9525 9528 
9531 9534 9537 9540 9543 9546 9549 9552 9555 
9558 9561 9564 9567 9570 9573 9576 9579 9582 
9585 9588 9591 9594 9597 9600 9603 9606 9609 
9612 9615 9618 9621 9624 9627 9630 9633 9636 
9639 9642 9645 9648 9651 9654 9657 9660 9663 
9666 9669 9672 9675 9678 9681 9684 9687 9690 
9693 9696 9699 9702 9705 9708 9711 9714 9717 
9720 9723 9726 9729 9732 9735 9738 9741 9744 
9747 9750 9753 9756 9759 9762 9765 9768 9771 
9774 9777 9780 9783 9786 9789 9792 9795 9798 
9801 9804 9807 9810 9813 9816 9819 9822 9825 
9828 9831 9834 9837 9840 9843 9846 9849 9852 
9855 9858 9861 9864 9867 9870 9873 9876 9879 
9882 9885 9888 9891 9894 9897 9900 9903 9906 
9909 9912 9915 9918 9921 9924 9927 9930 9933 
9936 9939 9942 9945 9948 9951 9954 9957 9960 
9963 9966 9969 9972 9975 9978 9981 9984 9987 
9990 9993 9996 9999 10002 10005 10008 10011 10014 
10017 10020 10023 10026 10029 10032 10035 10038 10041 
10044 10047 10050 10053 10056 10059 10062 10065 10068 
10071 10074 10077 10080 10083 10086 10089 10092 10095 
10098 10101 10104 10107 10110 10113 10116 10119 10122 
10125 10128 10131 10134 10137 10140 10143 10146 10149 
10152 10155 10158 10161 10164 10167 10170 10173 10176 
10179 10182 10185 10188 10191 10194 10197 10200 10203 
10206 10209 10212 10215 10218 10221 10224 10227 10230 
10233 10236 10239 10242 10245 10248 10251 10254 10257 
10260 10263 10266 10269 10272 10275 10278 10281 10284 
10287 10290 10293 10296 10299 10302 10305 10308 10311 
10314 10317 10320 10323 10326 10329 10332 10335 10338 
10341 10344 10347 10350 10353 10356 10359 10362 10365 
10368 10371 10374 10377 10380 10383 10386 10389 10392 
10395 10398 10401 10404 10407 10410 10413 10416 10419 
10422 10425 10428 10431 10434 10437 10440 10443 10446 
10449 10452 10455 10458 10461 10464 10467 10470 10473 
10476 10479 10482 10485 10488 10491 10494 10497 10500 
10503 10506 10509 10512 10515 10518 10521 10524 10527 
10530 10533 10536 10539 10542 10545 10548 10551 10554 
10557 10560 10563 10566 10569 10572 10575 10578 10581 
10584 10587 10590 10593 10596 10599 10602 10605 10608 
10611 10614 10617 10620 10623 10626 10629 10632 10635 
10638 10641 10644 10647 10650 10653 10656 10659 10662 
10665 10668 10671 10674 10677 10680 10683 10686 10689 
10692 10695 10698 10701 10704 10707 10710 10713 10716 
10719 10722 10725 10728 10731 10734 10737 10740 10743 
10746 10749 10752 10755 10758 10761 10764 10767 10770 
10773 10776 10779 10782 10785 10788 10791 10794 10797 
10800 10803 10806 10809 10812 10815 10818 10821 10824 
10827 10830 10833 10836 10839 10842 10845 10848 10851 
10854 10857 10860 10863 10866 10869 10872 10875 10878 
10881 10884 10887 10890 10893 10896 10899 10902 10905 
10908 10911 10914 10917 10920 10923 10926 10929 10932 
10935 10938 10941 10944 10947 10950 10953 10956 10959 
10962 10965 10968 10971 10974 10977 10980 10983 10986 
10989 10992 10995 10998 11001 11004 11007 11010 11013 
11016 11019 11022 11025 11028 11031 11034 11037 11040 
11043 11046 11049 11052 11055 11058 11061 11064 11067 
11070 11073 11076 11079 11082 11085 11088 11091 11094 
11097 11100 11103 11106 11109 11112 11115 11118 11121 
11124 11127 11130 11133 11136 11139 11142 11145 11148 
11151 11154 11157 11160 11163 11166 11169 11172 11175 
11178 11181 11184 11187 11190 11193 11196 11199 11202 
11205 11208 11211 11214 11217 11220 11223 11226 11229 
11232 11235 11238 11241 11244 11247 11250 11253 11256 
11259 11262 11265 11268 11271 11274 11277 11280 11283 
11286 11289 11292 11295 11298 11301 11304 11307 11310 
11313 11316 11319 11322 11325 11328 11331 11334 11337 
11340 11343 11346 11349 11352 11355 11358 11361 11364 
11367 11370 11373 11376 11379 11382 11385 11388 11391 
11394 11397 11400 11403 11406 11409 11412 11415 11418 
11421 11424 11427 11430 11433 11436 11439 11442 11445 
11448 11451 11454 11457 11460 11463 11466 11469 11472 
11475 11478 11481 11484 11487 11490 11493 11496 11499 
11502 11505 11508 11511 11514 11517 11520 11523 11526 
11529 11532 11535 11538 11541 11544 11547 11550 11553 
11556 11559 11562 11565 11568 11571 11574 11577 11580 
11583 11586 11589 11592 11595 11598 11601 11604 11607 
11610 11613 11616 11619 11622 11625 11628 11631 11634 
11637 11640 11643 11646 11649 11652 11655 11658 11661 
11664 11667 11670 11673 11676 11679 11682 11685 11688 
11691 11694 11697 11700 11703 11706 11709 11712 11715 
11718 11721 11724 11727 11730 11733 11736 11739 11742 
11745 11748 11751 11754 11757 11760 11763 11766 11769 
11772 11775 11778 11781 11784 11787 11790 11793 11796 
11799 11802 11805 11808 11811 11814 11817 11820 11823 
11826 11829 11832 11835 11838 11841 11844 11847 11850 
11853 11856 11859 11862 11865 11868 11871 11874 11877 
11880 11883 11886 11889 11892 11895 11898 11901 11904 
11907 11910 11913 11916 11919 11922 11925 11928 11931 
11934 11937 11940 11943 11946 11949 11952 11955 11958 
11961 11964 11967 11970 11973 11976 11979 11982 11985 
11988 11991 11994 11997 12000 12003 12006 12009 12012 
12015 12018 12021 12024 12027 12030 12033 12036 12039 
12042 12045 12048 12051 12054 12057 12060 12063 12066 
12069 12072 12075 12078 12081 12084 12087 12090 12093 
12096 12099 12102 12105 12108 12111 12114 12117 12120 
12123 12126 12129 12132 12135 12138 12141 12144 12147 
12150 12153 12156 12159 12162 12165 12168 12171 12174 
12177 12180 12183 12186 12189 12192 12195 12198 12201 
12204 12207 12210 12213 12216 12219 12222 12225 12228 
12231 12234 12237 12240 12243 12246 12249 12252 12255 
12258 12261 12264 12267 12270 12273 12276 12279 12282 
12285 12288 12291 12294 12297 12300 12303 12306 12309 
12312 12315 12318 12321 12324 12327 12330 12333 12336 
12339 12342 12345 12348 12351 12354 12357 12360 12363 
12366 12369 12372 12375 12378 12381 12384 12387 12390 
12393 12396 12399 12402 12405 12408 12411 12414 12417 
12420 12423 12426 12429 12432 12435 12438 12441 12444 
12447 12450 12453 12456 12459 12462 12465 12468 12471 
12474 12477 12480 12483 12486 12489 12492 12495 12498 
12501 12504 12507 12510 12513 12516 12519 12522 12525 
12528 12531 12534 12537 12540 12543 12546 12549 12552 
12555 12558 12561 12564 12567 12570 12573 12576 12579 
12582 12585 12588 12591 12594 12597 12600 12603 12606 
12609 12612 12615 12618 12621 12624 12627 12630 12633 
12636 12639 12642 12645 12648 12651 12654 12657 12660 
12663 12666 12669 12672 12675 12678 12681 12684 12687 
12690 12693 12696 12699 12702 12705 12708 12711 12714 
12717 12720 12723 12726 12729 12732 12735 12738 12741 
12744 12747 12750 12753 12756 12759 12762 12765 12768 
12771 12774 12777 12780 12783 12786 12789 12792 12795 
12798 12801 12804 12807 12810 12813 12816 12819 12822 
12825 12828 12831 12834 12837 12840 12843 12846 12849 
12852 12855 12858 12861 12864 12867 12870 12873 12876 
12879 12882 12885 12888 12891 12894 12897 12900 12903 
12906 12909 12912 12915 12918 12921 12924 12927 12930 
12933 12936 12939 12942 12945 12948 12951 12954 12957 
12960 12963 12966 12969 12972 12975 12978 12981 12984 
12987 12990 12993 12996 12999 13002 13005 13008 13011 
13014 13017 13020 13023 13026 13029 13032 13035 13038 
13041 13044 13047 13050 13053 13056 13059 13062 13065 
13068 13071 13074 13077 13080 13083 13086 13089 13092 
13095 13098 13101 13104 13107 13110 13113 13116 13119 
13122 13125 13128 13131 13134 13137 13140 13143 13146 
13149 13152 13155 13158 13161 13164 13167 13170 13173 
13176 13179 13182 13185 13188 13191 13194 13197 13200 
13203 13206 13209 13212 13215 13218 13221 13224 13227 
13230 13233 13236 13239 13242 13245 13248 13251 13254 
13257 13260 13263 13266 13269 13272 13275 13278 13281 
13284 13287 13290 13293 13296 13299 13302 13305 13308 
13311 13314 13317 13320 13323 13326 13329 13332 13335 
13338 13341 13344 13347 13350 13353 13356 13359 13362 
13365 13368 13371 13374 13377 13380 13383 13386 13389 
13392 13395 13398 13401 13404 13407 13410 13413 13416 
13419 13422 13425 13428 13431 13434 13437 13440 13443 
13446 13449 13452 13455 13458 13461 13464 13467 13470 
13473 13476 13479 13482 13485 13488 13491 13494 13497 
13500 13503 13506 13509 13512 13515 13518 13521 13524 
13527 13530 13533 13536 13539 13542 13545 13548 13551 
13554 13557 13560 13563 13566 13569 13572 13575 13578 
13581 13584 13587 13590 13593 13596 13599 13602 13605 
13608 13611 13614 13617 13620 13623 13626 13629 13632 
13635 13638 13641 13644 13647 13650 13653 13656 13659 
13662 13665 13668 13671 13674 13677 13680 13683 13686 
13689 13692 13695 13698 13701 13704 13707 13710 13713 
13716 13719 13722 13725 13728 13731 13734 13737 13740 
13743 13746 13749 13752 13755 13758 13761 13764 13767 
13770 13773 13776 13779 13782 13785 13788 13791 13794 
13797 13800 13803 13806 13809 13812 13815 13818 13821 
13824 13827 13830 13833 13836 13839 13842 13845 13848 
13851 13854 13857 13860 13863 13866 13869 13872 13875 
13878 13881 13884 13887 13890 13893 13896 13899 13902 
13905 13908 13911 13914 13917 13920 13923 13926 13929 
13932 13935 13938 13941 13944 13947 13950 13953 13956 
13959 13962 13965 13968 13971 13974 13977 13980 13983 
13986 13989 13992 13995 13998 14001 14004 14007 14010 
14013 14016 14019 14022 14025 14028 14031 14034 14037 
14040 14043 14046 14049 14052 14055 14058 14061 14064 
14067 14070 14073 14076 14079 14082 14085 14088 14091 
14094 14097 14100 14103 14106 14109 14112 14115 14118 
14121 14124 14127 14130 14133 14136 14139 14142 14145 
14148 14151 14154 14157 14160 14163 14166 14169 14172 
14175 14178 14181 14184 14187 14190 14193 14196 14199 
14202 14205 14208 14211 14214 14217 14220 14223 14226 
14229 14232 14235 14238 14241 14244 14247 14250 14253 
14256 14259 14262 14265 14268 14271 14274 14277 14280 
14283 14286 14289 14292 14295 14298 14301 14304 14307 
14310 14313 14316 14319 14322 14325 14328 14331 14334 
14337 14340 14343 14346 14349 14352 14355 14358 14361 
14364 14367 14370 14373 14376 14379 14382 14385 14388 
14391 14394 14397 14400 14403 14406 14409 14412 14415 
14418 14421 14424 14427 14430 14433 14436 14439 14442 
14445 14448 14451 14454 14457 14460 14463 14466 14469 
14472 14475 14478 14481 14484 14487 14490 14493 14496 
14499 14502 14505 14508 14511 14514 14517 14520 14523 
14526 14529 14532 14535 14538 14541 14544 14547 14550 
14553 14556 14559 14562 14565 14568 14571 14574 14577 
14580 14583 14586 14589 14592 14595 14598 14601 14604 
14607 14610 14613 14616 14619 14622 14625 14628 14631 
14634 14637 14640 14643 14646 14649 14652 14655 14658 
14661 14664 14667 14670 14673 14676 14679 14682 14685 
14688 14691 14694 14697 14700 14703 14706 14709 14712 
14715 14718 14721 14724 14727 14730 14733 14736 14739 
14742 14745 14748 14751 14754 14757 14760 14763 14766 
14769 14772 14775 14778 14781 14784 14787 14790 14793 
14796 14799 14802 14805 14808 14811 14814 14817 14820 
14823 14826 14829 14832 14835 14838 14841 14844 14847 
14850 14853 14856 14859 14862 14865 14868 14871 14874 
14877 14880 14883 14886 14889 14892 14895 14898 14901 
14904 14907 14910 14913 14916 14919 14922 14925 14928 
14931 14934 14937 14940 14943 14946 14949 14952 14955 
14958 14961 14964 14967 14970 14973 14976 14979 14982 
14985 14988 14991 14994 14997 15000 15003 15006 15009 
15012 15015 15018 15021 15024 15027 15030 15033 15036 
15039 15042 15045 15048 15051 15054 15057 15060 15063 
15066 15069 15072 15075 15078 15081 15084 15087 15090 
15093 15096 15099 15102 15105 15108 15111 15114 15117 
15120 15123 15126 15129 15132 15135 15138 15141 15144 
15147 15150 15153 15156 15159 15162 15165 15168 15171 
15174 15177 15180 15183 15186 15189 15192 15195 15198 
15201 15204 15207 15210 15213 15216 15219 15222 15225 
15228 15231 15234 15237 15240 15243 15246 15249 15252 
15255 15258 15261 15264 15267 15270 15273 15276 15279 
15282 15285 15288 15291 15294 15297 15300 15303 15306 
15309 15312 15315 15318 15321 15324 15327 15330 15333 
15336 15339 15342 15345 15348 15351 15354 15357 15360 
15363 15366 15369 15372 15375 15378 15381 15384 15387 
15390 15393 15396 15399 15402 15405 15408 15411 15414 
15417 15420 15423 15426 15429 15432 15435 15438 15441 
15444 15447 15450 15453 15456 15459 15462 15465 15468 
15471 15474 15477 15480 15483 15486 15489 15492 15495 
15498 15501 15504 15507 15510 15513 15516 15519 15522 
15525 15528 15531 15534 15537 15540 15543 15546 15549 
15552 15555 15558 15561 15564 15567 15570 15573 15576 
15579 15582 15585 15588 15591 15594 15597 15600 15603 
15606 15609 15612 15615 15618 15621 15624 15627 15630 
15633 15636 15639 15642 15645 15648 15651 15654 15657 
15660 15663 15666 15669 15672 15675 15678 15681 15684 
15687 15690 15693 15696 15699 15702 15705 15708 15711 
15714 15717 15720 15723 15726 15729 15732 15735 15738 
15741 15744 15747 15750 15753 15756 15759 15762 15765 
15768 15771 15774 15777 15780 15783 15786 15789 15792 
15795 15798 15801 15804 15807 15810 15813 15816 15819 
15822 15825 15828 15831 15834 15837 15840 15843 15846 
15849 15852 15855 15858 15861 15864 15867 15870 15873 
15876 15879 15882 15885 15888 15891 15894 15897 15900 
15903 15906 15909 15912 15915 15918 15921 15924 15927 
15930 15933 15936 15939 15942 15945 15948 15951 15954 
15957 15960 15963 15966 15969 15972 15975 15978 15981 
15984 15987 15990 15993 15996 15999 16002 16005 16008 
16011 16014 16017 16020 16023 16026 16029 16032 16035 
16038 16041 16044 16047 16050 16053 16056 16059 16062 
16065 16068 16071 16074 16077 16080 16083 16086 16089 
16092 16095 16098 16101 16104 16107 16110 16113 16116 
16119 16122 16125 16128 16131 16134 16137 16140 16143 
16146 16149 16152 16155 16158 16161 16164 16167 16170 
16173 16176 16179 16182 16185 16188 16191 16194 16197 
16200 16203 16206 16209 16212 16215 16218 16221 16224 
16227 16230 16233 16236 16239 16242 16245 16248 16251 
16254 16257 16260 16263 16266 16269 16272 16275 16278 
16281 16284 16287 16290 16293 16296 16299 16302 16305 
16308 16311 16314 16317 16320 16323 16326 16329 16332 
16335 16338 16341 16344 16347 16350 16353 16356 16359 
16362 16365 16368 16371 16374 16377 16380 16383 16386 
16389 16392 16395 16398 16401 16404 16407 16410 16413 
16416 16419 16422 16425 16428 16431 16434 16437 16440 
16443 16446 16449 16452 16455 16458 16461 16464 16467 
16470 16473 16476 16479 16482 16485 16488 16491 16494 
16497 16500 16503 16506 16509 16512 16515 16518 16521 
16524 16527 16530 16533 16536 16539 16542 16545 16548 
16551 16554 16557 16560 16563 16566 16569 16572 16575 
16578 16581 16584 16587 16590 16593 16596 16599 16602 
16605 16608 16611 16614 16617 16620 16623 16626 16629 
16632 16635 16638 16641 16644 16647 16650 16653 16656 
16659 16662 16665 16668 16671 16674 16677 16680 16683 
16686 16689 16692 16695 16698 16701 16704 16707 16710 
16713 16716 16719 16722 16725 16728 16731 16734 16737 
16740 16743 16746 16749 16752 16755 16758 16761 16764 
16767 16770 16773 16776 16779 16782 16785 16788 16791 
16794 16797 16800 16803 16806 16809 16812 16815 16818 
16821 16824 16827 16830 16833 16836 16839 16842 16845 
16848 16851 16854 16857 16860 16863 16866 16869 16872 
16875 16878 16881 16884 16887 16890 16893 16896 16899 
16902 16905 16908 16911 16914 16917 16920 16923 16926 
16929 16932 16935 16938 16941 16944 16947 16950 16953 
16956 16959 16962 16965 16968 16971 16974 16977 16980 
16983 16986 16989 16992 16995 16998 17001 17004 17007 
17010 17013 17016 17019 17022 17025 17028 17031 17034 
17037 17040 17043 17046 17049 17052 17055 17058 17061 
17064 17067 17070 17073 17076 17079 17082 17085 17088 
17091 17094 17097 17100 17103 17106 17109 17112 17115 
17118 17121 17124 17127 17130 17133 17136 17139 17142 
17145 17148 17151 17154 17157 17160 17163 17166 17169 
17172 17175 17178 17181 17184 17187 17190 17193 17196 
17199 17202 17205 17208 17211 17214 17217 17220 17223 
17226 17229 17232 17235 17238 17241 17244 17247 17250 
17253 17256 17259 17262 17265 17268 17271 17274 17277 
17280 17283 17286 17289 17292 17295 17298 17301 17304 
17307 17310 17313 17316 17319 17322 17325 17328 17331 
17334 17337 17340 17343 17346 17349 17352 17355 17358 
17361 17364 17367 17370 17373 17376 17379 17382 17385 
17388 17391 17394 17397 17400 17403 17406 17409 17412 
17415 17418 17421 17424 17427 17430 17433 17436 17439 
17442 17445 17448 17451 17454 17457 17460 17463 17466 
17469 17472 17475 17478 17481 17484 17487 17490 17493 
17496 17499 17502 17505 17508 17511 17514 17517 17520 
17523 17526 17529 17532 17535 17538 17541 17544 17547 
17550 17553 17556 17559 17562 17565 17568 17571 17574 
17577 17580 17583 17586 17589 17592 17595 17598 17601 
17604 17607 17610 17613 17616 17619 17622 17625 17628 
17631 17634 17637 17640 17643 17646 17649 17652 17655 
17658 17661 17664 17667 17670 17673 17676 17679 17682 
17685 17688 17691 17694 17697 17700 17703 17706 17709 
17712 17715 17718 17721 17724 17727 17730 17733 17736 
17739 17742 17745 17748 17751 17754 17757 17760 17763 
17766 17769 17772 17775 17778 17781 17784 17787 17790 
17793 17796 17799 17802 17805 17808 17811 17814 17817 
17820 17823 17826 17829 17832 17835 17838 17841 17844 
17847 17850 17853 17856 17859 17862 17865 17868 17871 
17874 17877 17880 17883 17886 17889 17892 17895 17898 
17901 17904 17907 17910 17913 17916 17919 17922 17925 
17928 17931 17934 17937 17940 17943 17946 17949 17952 
17955 17958 17961 17964 17967 17970 17973 17976 17979 
17982 17985 17988 17991 17994 17997 18000 18003 18006 
18009 18012 18015 18018 18021 18024 18027 18030 18033 
18036 18039 18042 18045 18048 18051 18054 18057 18060 
18063 18066 18069 18072 18075 18078 18081 18084 18087 
18090 18093 18096 18099 18102 18105 18108 18111 18114 
18117 18120 18123 18126 18129 18132 18135 18138 18141 
18144 18147 18150 18153 18156 18159 18162 18165 18168 
18171 18174 18177 18180 18183 18186 18189 18192 18195 
18198 18201 18204 18207 18210 18213 18216 18219 18222 
18225 18228 18231 18234 18237 18240 18243 18246 18249 
18252 18255 18258 18261 18264 18267 18270 18273 18276 
18279 18282 18285 18288 18291 18294 18297 18300 18303 
18306 18309 18312 18315 18318 18321 18324 18327 18330 
18333 18336 18339 18342 18345 18348 18351 18354 18357 
18360 18363 18366 18369 18372 18375 18378 18381 18384 
18387 18390 18393 18396 18399 18402 18405 18408 18411 
18414 18417 18420 18423 18426 18429 18432 18435 18438 
18441 18444 18447 18450 18453 18456 18459 18462 18465 
18468 18471 18474 18477 18480 18483 18486 18489 18492 
18495 18498 18501 18504 18507 18510 18513 18516 18519 
18522 18525 18528 18531 18534 18537 18540 18543 18546 
18549 18552 18555 18558 18561 18564 18567 18570 18573 
18576 18579 18582 18585 18588 18591 18594 18597 18600 
18603 18606 18609 18612 18615 18618 18621 18624 18627 
18630 18633 18636 18639 18642 18645 18648 18651 18654 
18657 18660 18663 18666 18669 18672 18675 18678 18681 
18684 18687 18690 18693 18696 18699 18702 18705 18708 
18711 18714 18717 18720 18723 18726 18729 18732 18735 
18738 18741 18744 18747 18750 18753 18756 18759 18762 
18765 18768 18771 18774 18777 18780 18783 18786 18789 
18792 18795 18798 18801 18804 18807 18810 18813 18816 
18819 18822 18825 18828 18831 18834 18837 18840 18843 
18846 18849 18852 18855 18858 18861 18864 18867 18870 
18873 18876 18879 18882 18885 18888 18891 18894 18897 
18900 18903 18906 18909 18912 18915 18918 18921 18924 
18927 18930 18933 18936 18939 18942 18945 18948 18951 
18954 18957 18960 18963 18966 18969 18972 18975 18978 
18981 18984 18987 18990 18993 18996 18999 19002 19005 
19008 19011 19014 19017 19020 19023 19026 19029 19032 
19035 19038 19041 19044 19047 19050 19053 19056 19059 
19062 19065 19068 19071 19074 19077 19080 19083 19086 
19089 19092 19095 19098 19101 19104 19107 19110 19113 
19116 19119 19122 19125 19128 19131 19134 19137 19140 
19143 19146 19149 19152 19155 19158 19161 19164 19167 
19170 19173 19176 19179 19182 19185 19188 19191 19194 
19197 19200 19203 19206 19209 19212 19215 19218 19221 
19224 19227 19230 19233 19236 19239 19242 19245 19248 
19251 19254 19257 19260 19263 19266 19269 19272 19275 
19278 19281 19284 19287 19290 19293 19296 19299 19302 
19305 19308 19311 19314 19317 19320 19323 19326 19329 
19332 19335 19338 19341 19344 
CONNECTIVITY vtktypeint64
0 1 2 0 3 4 1 0 4 
3 5 6 4 3 6 6 5 7 
8 9 10 9 8 11 0 2 12 
12 13 14 12 14 0 0 14 3 
5 3 15 15 3 14 16 7 5 
16 5 17 17 5 15 17 18 19 
16 17 19 19 18 20 21 22 23 
21 24 25 22 21 25 10 26 8 
25 24 27 11 8 26 28 29 30 
13 29 28 13 28 14 14 28 31 
15 14 32 32 14 31 17 15 33 
33 15 32 18 17 34 34 17 33 
35 20 18 35 18 36 36 18 34 
35 36 37 38 21 23 39 38 23 
40 41 24 40 24 38 38 24 21 
27 24 41 28 30 42 42 43 44 
42 44 28 28 44 31 32 31 45 
45 31 44 33 32 46 46 32 45 
34 33 47 47 33 46 36 34 48 
48 34 47 49 37 36 49 36 50 
50 36 48 50 51 52 49 50 52 
51 53 54 52 51 54 39 55 38 
54 53 56 40 38 55 44 43 57 
45 44 57 58 45 57 58 59 60 
58 60 45 45 60 46 47 46 61 
61 46 60 48 47 62 62 47 61 
50 48 63 63 48 62 64 65 51 
64 51 63 63 51 50 53 51 65 
66 53 65 56 53 66 60 59 67 
61 60 67 68 61 67 62 61 68 
69 62 68 63 62 69 70 63 69 
64 63 70 71 72 73 72 71 74 
75 76 77 75 78 79 76 75 79 
78 80 81 79 78 81 80 82 83 
81 80 83 82 84 85 83 82 85 
85 84 86 87 88 89 73 88 87 
73 87 71 71 87 90 91 74 71 
90 91 71 92 75 77 93 92 77 
78 75 94 94 75 92 80 78 95 
95 78 94 82 80 96 96 80 95 
84 82 97 97 82 96 98 86 84 
98 84 99 99 84 97 99 100 101 
98 99 101 100 102 103 101 100 103 
102 104 105 103 102 105 104 106 107 
105 104 107 107 106 108 109 110 111 
89 110 109 89 109 87 87 109 112 
113 114 90 113 90 112 112 90 87 
91 90 114 115 92 93 116 115 93 
94 92 117 117 92 115 95 94 118 
118 94 117 96 95 119 119 95 118 
97 96 120 120 96 119 99 97 121 
121 97 120 100 99 122 122 99 121 
102 100 123 123 100 122 104 102 124 
124 102 123 106 104 125 125 104 124 
126 108 106 126 106 127 127 106 125 
127 128 129 126 127 129 128 130 131 
129 128 131 111 132 109 131 130 133 
112 109 132 134 112 132 113 112 134 
135 136 137 116 136 135 115 116 135 
115 135 2 115 2 1 4 115 1 
117 115 4 6 117 4 118 117 6 
7 118 6 7 138 118 138 119 118 
120 119 139 139 119 138 121 120 140 
140 120 139 122 121 141 141 121 140 
123 122 142 142 122 141 124 123 143 
143 123 142 125 124 144 144 124 143 
127 125 145 145 125 144 9 145 10 
9 128 145 128 127 145 11 128 9 
11 146 128 146 130 128 147 133 130 
146 147 130 148 149 150 137 149 148 
137 148 135 135 148 151 2 152 12 
2 135 152 135 151 152 12 152 13 
7 16 138 19 138 16 139 138 19 
20 139 19 20 153 139 153 140 139 
141 140 154 154 140 153 142 141 155 
155 141 154 143 142 156 156 142 155 
22 156 23 22 144 156 144 143 156 
25 144 22 145 144 25 27 145 25 
27 157 145 10 145 26 26 145 157 
26 157 158 11 26 158 11 158 159 
11 159 146 147 146 159 148 150 160 
151 148 160 161 151 160 29 162 30 
29 151 162 29 152 151 151 161 162 
13 152 29 20 35 153 37 153 35 
37 163 153 163 154 153 155 154 164 
164 154 163 156 155 165 165 155 164 
23 165 39 156 165 23 41 40 166 
41 166 167 27 41 167 27 167 168 
27 168 157 158 157 168 30 162 169 
42 30 169 169 43 42 170 43 169 
37 49 163 52 163 49 164 163 52 
54 164 52 165 164 54 56 165 54 
56 171 165 39 165 55 55 165 171 
55 171 172 40 55 172 40 172 173 
40 173 166 167 166 173 43 170 174 
57 43 174 58 57 175 57 174 175 
175 59 58 176 59 175 65 64 177 
178 65 177 178 179 65 179 66 65 
171 56 66 171 66 180 180 66 179 
172 171 180 59 176 181 67 59 181 
68 67 182 67 181 182 69 68 183 
68 182 183 184 183 185 184 70 183 
70 69 183 70 184 186 64 70 186 
64 186 187 64 187 177 178 177 187 
184 185 188 186 184 188 189 190 191 
189 192 193 190 189 193 193 192 194 
195 196 197 191 196 195 191 195 189 
189 195 198 192 189 199 199 189 198 
200 194 192 200 192 201 201 192 199 
200 201 202 203 204 205 203 206 207 
204 203 207 197 207 206 197 206 195 
195 206 208 198 195 209 209 195 208 
199 198 210 210 198 209 201 199 211 
211 199 210 212 202 201 212 201 213 
213 201 211 212 213 214 215 216 217 
215 218 219 216 215 219 218 220 221 
219 218 221 220 222 223 221 220 223 
222 224 225 223 222 225 224 226 227 
225 224 227 226 228 229 227 226 229 
228 230 231 229 228 231 230 232 233 
231 230 233 205 233 232 205 232 203 
203 232 234 206 203 235 235 203 234 
208 206 236 236 206 235 209 208 237 
237 208 236 210 209 238 238 209 237 
211 210 239 239 210 238 72 239 73 
72 213 239 213 211 239 213 72 74 
213 74 214 214 74 240 241 242 243 
217 242 241 215 217 241 215 241 77 
215 77 76 79 215 76 218 215 79 
81 218 79 220 218 81 83 220 81 
222 220 83 85 222 83 224 222 85 
86 224 85 86 244 224 244 226 224 
228 226 245 245 226 244 230 228 246 
246 228 245 232 230 247 247 230 246 
234 232 248 248 232 247 235 234 249 
249 234 248 236 235 250 250 235 249 
237 236 251 251 236 250 238 237 252 
252 237 251 88 252 89 88 239 252 
239 238 252 73 239 88 74 91 240 
240 91 253 254 241 243 255 254 243 
77 254 93 241 254 77 86 98 244 
101 244 98 245 244 101 103 245 101 
246 245 103 105 246 103 247 246 105 
107 247 105 248 247 107 108 248 107 
108 256 248 256 249 248 250 249 257 
257 249 256 251 250 258 258 250 257 
110 258 111 110 252 258 252 251 258 
89 252 110 114 113 259 114 259 260 
114 260 91 91 260 253 261 262 263 
255 262 261 255 261 254 254 261 264 
93 264 116 254 264 93 108 126 256 
129 256 126 257 256 129 131 257 129 
258 257 131 133 258 131 133 265 258 
111 258 132 132 258 265 132 266 134 
265 266 132 134 266 267 113 134 267 
113 267 268 113 268 259 260 259 268 
269 270 271 263 270 269 263 269 261 
261 269 272 136 272 137 136 264 272 
264 261 272 116 264 136 265 147 273 
133 147 265 274 275 266 274 266 273 
273 266 265 267 266 275 276 269 271 
277 276 271 149 276 150 149 272 276 
272 269 276 137 272 149 159 158 278 
159 278 279 147 159 279 147 279 280 
147 280 273 274 273 280 276 277 281 
150 276 281 150 281 160 160 281 282 
161 160 283 160 282 283 283 162 161 
284 162 283 168 285 286 167 285 168 
278 158 168 278 168 287 287 168 286 
279 278 287 162 284 288 169 162 288 
170 289 290 170 169 289 169 288 289 
289 291 290 173 292 293 172 292 173 
285 167 173 293 285 173 170 290 174 
290 291 294 290 294 174 174 294 175 
294 176 175 295 176 294 179 296 297 
178 296 179 180 179 298 179 297 298 
292 172 180 298 292 180 176 295 299 
181 176 299 300 299 301 300 182 299 
182 181 299 182 302 183 300 302 182 
183 302 185 187 303 304 186 303 187 
296 178 187 304 296 187 300 301 305 
302 300 305 306 302 305 185 302 306 
185 306 188 188 306 307 303 186 188 
307 303 188 308 309 310 308 311 312 
309 308 312 312 311 313 314 308 310 
315 314 310 190 314 191 190 311 314 
311 308 314 311 316 313 311 190 316 
190 193 316 316 193 194 317 316 194 
318 319 320 315 319 318 314 315 318 
314 318 197 314 197 196 191 314 196 
194 321 317 200 321 194 321 200 202 
322 321 202 323 324 325 324 323 326 
327 328 329 327 330 331 328 327 331 
330 332 333 331 330 333 333 332 334 
335 336 337 335 205 204 335 204 336 
336 204 338 320 207 318 320 338 207 
338 204 207 197 318 207 202 339 322 
212 339 202 339 212 214 340 339 214 
341 342 343 325 342 341 325 341 323 
323 341 344 345 326 323 344 345 323 
346 347 348 346 217 216 346 216 347 
347 216 349 329 219 327 329 349 219 
349 216 219 221 327 219 330 327 221 
223 330 221 332 330 223 332 350 334 
332 223 350 223 225 350 227 351 225 
225 351 350 229 352 227 227 352 351 
231 353 229 229 353 352 337 233 335 
337 353 233 353 231 233 205 335 233 
214 240 340 340 240 354 355 341 343 
356 355 343 344 341 357 357 341 355 
358 345 344 358 344 359 359 344 357 
348 358 359 346 348 359 346 359 243 
346 243 242 217 346 242 240 253 354 
354 253 360 361 355 356 362 361 356 
357 355 363 363 355 361 359 357 364 
364 357 363 243 364 255 359 364 243 
365 366 367 365 367 360 365 360 260 
260 360 253 368 361 362 369 368 362 
363 361 370 370 361 368 262 370 263 
262 364 370 364 363 370 255 364 262 
268 366 365 268 267 366 267 371 366 
260 268 365 372 373 374 369 373 372 
369 372 368 368 372 375 270 375 271 
270 370 375 370 368 375 263 370 270 
275 376 377 274 376 275 371 267 275 
377 371 275 372 374 378 378 379 380 
378 380 372 372 380 375 271 380 277 
375 380 271 280 381 382 279 381 280 
376 274 280 382 376 280 380 379 383 
277 380 383 277 383 281 281 383 384 
282 281 385 281 384 385 386 385 387 
386 283 385 283 282 385 283 386 284 
286 388 389 285 388 286 287 286 390 
286 389 390 381 279 287 390 381 287 
386 387 391 284 386 391 284 391 288 
288 391 392 393 392 394 393 289 392 
289 288 392 289 393 291 293 395 396 
292 395 293 388 285 293 396 388 293 
393 394 397 398 397 399 294 397 398 
294 393 397 294 291 393 294 398 295 
297 400 401 296 400 297 298 297 402 
297 401 402 395 292 298 402 395 298 
398 399 403 295 398 403 295 403 299 
299 403 404 404 301 299 405 301 404 
304 406 407 303 406 304 400 296 304 
407 400 304 301 405 408 305 301 408 
306 305 409 305 408 409 307 306 410 
306 409 410 406 303 307 410 406 307 
411 412 413 412 411 414 415 416 417 
413 416 415 413 415 411 411 415 418 
419 414 411 419 411 420 420 411 418 
419 420 421 422 415 417 423 422 417 
309 422 310 309 418 422 418 415 422 
312 418 309 420 418 312 313 424 425 
312 313 425 312 425 421 312 421 420 
425 424 426 427 422 423 428 427 423 
310 427 315 422 427 310 313 316 424 
317 429 430 316 317 430 316 430 426 
316 426 424 430 429 431 432 433 434 
433 432 435 436 437 438 436 439 440 
437 436 440 440 439 441 442 443 444 
442 445 446 443 442 446 428 446 445 
427 428 445 427 445 320 427 320 319 
315 427 319 317 321 429 429 321 322 
429 322 431 431 322 447 448 449 450 
448 325 324 448 324 449 449 324 451 
326 452 432 326 432 451 326 451 324 
451 432 434 453 435 432 453 432 454 
454 432 452 454 455 456 453 454 456 
455 329 328 455 328 456 456 328 457 
438 331 436 438 457 331 457 328 331 
333 436 331 439 436 333 334 458 459 
333 334 459 333 459 441 333 441 439 
458 460 461 459 458 461 460 462 463 
461 460 463 462 464 465 463 462 465 
444 465 464 442 444 464 442 464 337 
442 337 336 338 442 336 445 442 338 
320 445 338 466 322 339 466 467 322 
467 447 322 339 340 466 468 469 470 
450 469 468 448 450 468 448 468 343 
448 343 342 325 448 342 452 345 471 
326 345 452 347 471 348 347 454 471 
454 452 471 349 454 347 455 454 349 
329 455 349 334 350 458 351 458 350 
460 458 351 352 460 351 462 460 352 
353 462 352 464 462 353 337 464 353 
472 467 466 473 467 472 340 354 472 
466 340 472 474 468 470 475 474 470 
343 474 356 468 474 343 345 358 471 
348 471 358 476 473 472 477 473 476 
354 360 476 472 354 476 478 474 475 
479 478 475 356 478 362 474 478 356 
367 477 476 367 366 477 366 480 477 
360 367 476 481 478 479 482 481 479 
362 481 369 478 481 362 483 484 485 
483 485 480 483 480 371 371 480 366 
486 487 488 482 487 486 481 482 486 
481 486 374 481 374 373 369 481 373 
377 484 483 377 376 484 376 489 484 
371 377 483 486 488 490 374 486 490 
374 490 378 378 490 491 491 379 378 
492 379 491 382 493 494 381 493 382 
489 376 382 494 489 382 379 492 495 
383 379 495 384 383 496 383 495 496 
497 496 498 497 385 496 385 384 496 
385 497 387 389 499 500 388 499 389 
390 389 501 389 500 501 493 381 390 
501 493 390 497 498 502 387 497 502 
387 502 391 391 502 503 392 391 504 
391 503 504 504 394 392 505 394 504 
396 506 507 395 506 396 499 388 396 
507 499 396 394 505 508 397 394 508 
508 399 397 509 399 508 401 400 510 
511 401 510 511 512 401 512 402 401 
506 395 402 512 506 402 399 509 513 
403 399 513 404 403 514 403 513 514 
514 405 404 515 405 514 407 516 517 
406 516 407 510 400 407 510 407 518 
518 407 517 511 510 518 405 515 519 
408 405 519 409 408 520 408 519 520 
410 409 521 409 520 521 516 406 410 
521 516 410 522 523 524 522 525 526 
523 522 526 525 413 412 525 412 526 
526 412 527 527 412 414 528 527 414 
529 522 524 530 529 524 416 529 417 
416 525 529 525 522 529 413 525 416 
414 531 528 419 531 414 531 419 421 
532 531 421 533 534 535 534 533 536 
537 529 530 538 537 530 417 537 423 
529 537 417 539 421 425 539 540 421 
540 532 421 425 426 539 541 542 543 
535 544 533 542 541 545 536 533 544 
546 547 548 538 547 546 538 546 537 
537 546 549 423 549 428 537 549 423 
539 550 540 551 552 550 430 551 550 
430 550 539 430 539 426 430 431 551 
553 554 555 543 554 553 541 543 553 
541 553 434 541 434 433 435 556 557 
433 435 557 433 557 545 433 545 541 
556 558 559 557 556 559 558 560 561 
559 558 561 560 438 437 560 437 561 
561 437 562 440 563 437 437 563 562 
441 564 565 441 565 440 440 565 563 
565 564 566 567 568 569 548 568 567 
546 548 567 546 567 444 546 444 443 
446 546 443 549 546 446 428 549 446 
551 570 552 570 551 431 570 431 571 
571 431 447 572 573 574 572 450 449 
572 449 573 573 449 575 555 451 553 
555 575 451 575 449 451 434 553 451 
435 453 556 456 556 453 558 556 456 
457 558 456 560 558 457 438 560 457 
441 459 564 564 576 566 564 459 576 
459 461 576 463 577 461 461 577 576 
569 465 567 569 577 465 577 463 465 
444 567 465 447 467 571 571 467 578 
579 580 581 574 580 579 572 574 579 
572 579 470 572 470 469 450 572 469 
467 473 578 578 473 582 583 579 581 
584 583 581 470 583 475 579 583 470 
473 477 582 582 477 585 586 583 584 
587 586 584 475 586 479 583 586 475 
588 589 590 588 590 585 588 585 480 
480 585 477 591 586 587 592 591 587 
479 591 482 586 591 479 485 589 588 
485 484 589 484 593 589 480 485 588 
487 591 592 487 592 488 488 592 594 
482 591 487 595 596 597 595 597 593 
595 593 489 489 593 484 488 594 598 
490 488 598 491 490 599 490 598 599 
599 492 491 600 492 599 494 596 595 
494 493 596 493 601 596 489 494 595 
492 600 602 495 492 602 496 495 603 
495 602 603 603 498 496 604 498 603 
500 605 606 499 605 500 501 500 607 
500 606 607 601 493 501 607 601 501 
498 604 608 502 498 608 503 502 609 
502 608 609 610 609 611 610 504 609 
504 503 609 504 610 505 507 612 613 
506 612 507 605 499 507 613 605 507 
610 611 614 505 610 614 505 614 508 
508 614 615 615 509 508 616 509 615 
617 618 619 617 512 511 617 619 512 
619 620 512 612 506 512 620 612 512 
509 616 621 513 509 621 514 513 622 
513 621 622 515 623 624 515 514 623 
514 622 623 624 625 626 623 625 624 
626 627 628 625 627 626 628 517 516 
628 627 517 627 629 517 618 617 518 
618 518 629 629 518 517 511 518 617 
515 624 519 520 519 624 626 520 624 
521 520 626 628 521 626 516 521 628 
630 631 632 630 524 523 630 523 631 
631 523 633 526 634 523 523 634 633 
635 636 634 635 634 527 527 634 526 
527 528 635 637 638 639 632 638 637 
632 637 630 630 637 640 524 640 530 
630 640 524 635 641 636 642 643 641 
531 642 641 531 641 635 531 635 528 
531 532 642 534 644 645 535 534 645 
536 646 647 536 647 534 534 647 644 
647 646 648 649 637 639 650 649 639 
640 637 651 651 637 649 530 651 538 
640 651 530 642 652 643 652 642 532 
652 532 653 653 532 540 542 654 655 
543 542 655 542 656 654 542 545 656 
654 656 645 544 535 656 645 656 535 
544 646 536 544 656 646 656 657 646 
658 648 646 658 646 659 659 646 657 
659 660 661 658 659 661 661 660 662 
649 650 663 547 664 548 547 649 664 
547 651 649 649 663 664 538 651 547 
665 540 550 665 666 540 666 653 540 
550 552 665 667 668 669 667 670 671 
668 667 671 670 555 554 670 554 671 
671 554 672 655 554 543 672 554 655 
545 557 656 559 656 557 657 656 559 
561 657 559 659 657 561 562 659 561 
660 659 562 660 673 662 660 562 673 
562 563 673 565 674 563 563 674 673 
674 565 566 675 674 566 568 676 677 
569 568 677 664 568 548 676 568 664 
665 678 666 679 680 678 570 679 678 
570 678 665 570 665 552 570 571 679 
681 682 683 669 682 681 667 669 681 
667 681 574 667 574 573 575 667 573 
670 667 575 555 670 575 566 684 675 
576 684 566 577 685 576 576 685 684 
677 577 569 685 577 677 679 686 680 
686 679 571 686 571 687 687 571 578 
688 689 690 683 689 688 681 683 688 
681 688 581 681 581 580 574 681 580 
691 692 693 691 693 687 691 687 582 
582 687 578 688 690 694 694 581 688 
694 695 581 695 584 581 696 692 691 
697 692 696 582 585 696 691 582 696 
584 695 587 695 698 587 699 700 701 
697 699 701 696 699 697 696 589 699 
696 590 589 585 590 696 587 698 592 
698 702 592 703 700 699 704 700 703 
589 593 703 699 589 703 705 706 594 
705 594 702 702 594 592 705 707 706 
597 704 703 597 596 704 596 708 704 
593 597 703 594 706 598 706 707 709 
706 709 598 598 709 599 600 710 711 
600 599 710 599 709 710 710 712 711 
713 714 715 713 715 708 713 708 601 
601 708 596 600 711 602 711 712 716 
711 716 602 602 716 603 716 604 603 
717 604 716 606 718 719 605 718 606 
714 713 607 714 607 719 719 607 606 
601 607 713 604 717 720 608 604 720 
609 608 721 608 720 721 721 611 609 
722 611 721 613 723 724 612 723 613 
718 605 613 724 718 613 611 722 725 
614 611 725 615 614 726 614 725 726 
726 616 615 727 616 726 619 728 729 
618 728 619 620 619 730 619 729 730 
723 612 620 730 723 620 616 727 731 
621 616 731 622 621 732 621 731 732 
623 622 733 622 732 733 625 623 734 
623 733 734 627 625 735 625 734 735 
629 627 736 627 735 736 728 618 629 
736 728 629 737 738 739 737 632 631 
737 631 738 738 631 740 633 741 631 
631 741 740 742 743 741 742 741 634 
634 741 633 634 636 742 744 745 746 
745 744 747 638 737 739 638 739 639 
639 739 748 632 737 638 742 749 743 
750 751 749 641 750 749 641 749 742 
641 742 636 641 643 750 752 753 754 
752 645 644 752 644 753 753 644 755 
746 647 744 746 755 647 755 644 647 
648 756 757 647 648 757 647 757 747 
647 747 744 757 756 758 639 748 650 
748 759 650 750 760 751 761 762 760 
652 761 760 652 760 750 652 750 643 
652 653 761 763 764 765 763 766 767 
764 763 767 766 768 769 767 766 769 
754 769 768 752 754 768 752 768 655 
752 655 654 645 752 654 648 658 756 
756 770 758 756 658 770 658 661 770 
662 771 772 662 772 661 661 772 770 
771 773 774 772 771 774 774 773 775 
776 663 650 776 650 777 777 650 759 
663 776 664 761 778 762 778 761 653 
778 653 779 779 653 666 780 781 782 
765 781 780 763 765 780 763 780 669 
763 669 668 671 763 668 766 763 671 
672 766 671 768 766 672 655 768 672 
662 673 771 674 771 673 773 771 674 
675 783 784 674 675 784 674 784 775 
674 775 773 783 785 786 784 783 786 
777 786 785 776 777 785 776 785 677 
776 677 676 664 776 676 787 666 678 
787 788 666 788 779 666 678 680 787 
789 790 791 782 790 789 780 782 789 
780 789 683 780 683 682 669 780 682 
675 684 783 685 783 684 785 783 685 
677 785 685 787 792 788 793 794 792 
686 793 792 686 792 787 686 787 680 
686 687 793 689 789 791 689 791 690 
690 791 795 683 789 689 693 794 793 
693 692 794 692 796 794 687 693 793 
797 694 690 797 690 798 798 690 795 
694 797 695 799 800 801 799 801 796 
799 796 697 697 796 692 797 798 802 
802 695 797 802 803 695 803 698 695 
804 805 806 800 804 806 799 804 800 
799 700 804 799 701 700 697 701 799 
807 808 809 807 803 808 807 702 803 
702 698 803 810 805 804 811 805 810 
700 704 810 804 700 810 807 809 812 
702 807 812 702 812 705 705 812 813 
707 814 815 707 705 814 705 813 814 
814 816 815 817 811 810 818 811 817 
704 708 817 810 704 817 707 815 709 
815 816 819 815 819 709 709 819 710 
819 712 710 820 712 819 715 818 817 
715 714 818 714 821 818 708 715 817 
712 820 822 716 712 822 822 717 716 
823 717 822 719 824 825 718 824 719 
821 714 719 825 821 719 717 823 826 
720 717 826 721 720 827 720 826 827 
827 722 721 828 722 827 724 829 830 
723 829 724 824 718 724 830 824 724 
722 828 831 725 722 831 726 725 832 
725 831 832 832 727 726 833 727 832 
729 834 835 728 834 729 730 729 836 
729 835 836 829 723 730 836 829 730 
727 833 837 731 727 837 732 731 838 
731 837 838 733 732 839 732 838 839 
734 733 840 733 839 840 735 734 841 
734 840 841 736 735 842 735 841 842 
834 728 736 842 834 736 738 843 739 
844 843 738 844 738 845 845 738 740 
846 847 845 846 845 741 741 845 740 
741 743 846 848 849 850 848 746 745 
848 745 849 849 745 851 747 852 853 
747 853 745 745 853 851 853 852 854 
843 855 856 843 856 739 739 856 748 
844 855 843 846 857 847 858 859 857 
749 858 857 749 857 846 749 846 743 
749 751 858 753 860 861 754 753 861 
850 755 848 850 860 755 860 753 755 
746 848 755 747 757 852 758 862 863 
757 758 863 757 863 854 757 854 852 
862 864 865 863 862 865 865 864 866 
748 856 759 856 867 759 858 868 859 
869 870 868 760 869 868 760 868 858 
760 858 751 760 762 869 764 871 872 
765 764 872 767 873 764 764 873 871 
769 874 767 767 874 873 861 769 754 
874 769 861 758 770 862 772 862 770 
864 862 772 864 875 866 864 772 875 
772 774 875 875 774 775 876 875 775 
877 878 879 877 867 878 877 777 867 
777 759 867 869 880 870 881 882 880 
778 881 880 778 880 869 778 869 762 
778 779 881 781 883 884 782 781 884 
872 781 765 883 781 872 775 885 876 
784 885 775 879 786 877 879 885 786 
885 784 786 777 877 786 886 882 881 
887 882 886 779 788 886 881 779 886 
790 888 889 791 790 889 884 790 782 
888 790 884 886 890 887 891 892 890 
792 891 890 792 890 886 792 886 788 
792 794 891 893 894 895 893 889 894 
893 795 889 795 791 889 896 892 891 
897 892 896 794 796 896 891 794 896 
898 893 895 899 898 895 795 898 798 
893 898 795 801 897 896 801 800 897 
800 900 897 796 801 896 898 899 901 
902 901 903 802 901 902 802 898 901 
802 798 898 802 902 803 806 904 905 
805 904 806 900 800 806 905 900 806 
808 906 809 902 903 907 907 803 902 
907 908 803 808 803 906 906 803 908 
909 910 911 909 911 904 909 904 811 
811 904 805 809 906 812 906 908 912 
906 912 812 812 912 813 814 813 913 
813 912 913 816 914 915 816 814 914 
814 913 914 914 916 915 917 910 909 
918 910 917 811 818 917 909 811 917 
816 915 819 820 919 920 819 919 820 
819 916 919 819 915 916 919 921 920 
922 918 917 923 918 922 818 821 922 
917 818 922 820 920 822 823 924 925 
822 924 823 822 921 924 822 920 921 
924 926 925 927 928 929 923 927 929 
922 927 923 922 824 927 922 825 824 
821 825 922 823 925 826 925 926 930 
925 930 826 826 930 827 828 931 932 
828 827 931 827 930 931 931 933 932 
934 935 936 928 934 936 927 934 928 
927 829 934 927 830 829 824 830 927 
828 932 831 932 933 937 932 937 831 
831 937 832 833 938 939 833 832 938 
832 937 938 939 940 941 938 940 939 
941 942 943 940 942 941 942 944 943 
945 946 947 945 948 949 947 948 945 
949 835 834 949 948 835 948 950 835 
935 934 836 935 836 950 950 836 835 
829 836 934 833 939 837 838 837 939 
941 838 939 839 838 941 943 839 941 
943 944 951 943 951 839 839 951 840 
946 945 841 946 841 951 951 841 840 
842 841 945 949 842 945 834 842 949 
845 952 844 845 847 952 849 953 954 
850 849 954 851 955 849 849 955 953 
853 956 851 851 956 955 956 853 854 
957 956 854 855 958 959 856 855 959 
952 855 844 952 960 855 960 958 855 
961 962 960 857 961 960 857 960 952 
857 952 847 857 859 961 963 964 965 
963 966 967 964 963 967 966 968 969 
967 966 969 968 861 860 968 860 969 
969 860 970 954 860 850 970 860 954 
854 971 957 863 971 854 865 972 863 
863 972 971 972 865 866 973 972 866 
974 975 976 974 959 975 974 867 959 
867 856 959 961 977 962 978 979 977 
868 978 977 868 977 961 868 961 859 
868 870 978 980 981 982 965 981 980 
963 965 980 963 980 872 963 872 871 
873 963 871 966 963 873 874 966 873 
968 966 874 861 968 874 866 983 973 
875 983 866 876 984 985 876 985 875 
875 985 983 976 985 984 974 976 984 
974 984 879 974 879 878 867 974 878 
978 986 979 987 988 986 880 987 986 
880 986 978 880 978 870 880 882 987 
989 990 991 982 990 989 980 982 989 
980 989 884 980 884 883 872 980 883 
876 885 984 879 984 885 987 992 988 
992 987 882 992 882 993 993 882 887 
888 989 991 888 991 889 889 991 994 
884 989 888 995 887 890 995 996 887 
996 993 887 890 892 995 894 997 998 
895 894 998 994 894 889 997 894 994 
995 999 996 999 995 892 999 892 1000 
1000 892 897 895 998 899 998 1001 899 
1002 1003 1004 1002 1004 1000 1002 1000 900 
900 1000 897 1005 901 899 1005 899 1006 
1006 899 1001 901 1005 903 1007 1008 1009 
1003 1007 1009 1002 1007 1003 1002 904 1007 
1002 905 904 900 905 1002 1005 1006 1010 
903 1005 1010 903 1010 907 907 1010 1011 
1011 908 907 1012 908 1011 1013 1014 1015 
1008 1013 1015 1007 1013 1008 1007 910 1013 
1007 911 910 904 911 1007 908 1012 1016 
912 908 1016 913 912 1017 912 1016 1017 
914 913 1018 913 1017 1018 1018 916 914 
1019 916 1018 1020 1014 1013 1021 1014 1020 
910 918 1020 1013 910 1020 916 1019 1022 
919 916 1022 1022 921 919 1023 921 1022 
1024 1021 1020 1025 1021 1024 918 923 1024 
1020 918 1024 921 1023 1026 924 921 1026 
926 1027 1028 926 924 1027 924 1026 1027 
1027 1029 1028 929 1025 1024 929 928 1025 
928 1030 1025 923 929 1024 926 1028 930 
1028 1029 1031 1028 1031 930 930 1031 931 
933 1032 1033 933 931 1032 931 1031 1032 
1033 1034 1035 1032 1034 1033 1034 1036 1035 
936 1037 1038 935 1037 936 1030 928 936 
1038 1030 936 933 1033 937 938 937 1033 
1035 938 1033 1035 1036 1039 1035 1039 938 
938 1039 940 942 940 1040 940 1039 1040 
944 1041 1042 944 942 1041 942 1040 1041 
1042 947 946 1042 1041 947 1041 1043 947 
948 947 1044 947 1043 1044 950 948 1045 
948 1044 1045 1037 935 950 1045 1037 950 
944 1042 951 946 951 1042 1046 1047 1048 
1046 954 953 1046 953 1047 1047 953 1049 
955 1050 953 953 1050 1049 956 1051 955 
955 1051 1050 1051 956 957 1052 1051 957 
1053 1054 1055 1053 959 958 1053 958 1054 
1054 958 1056 960 1057 958 958 1057 1056 
1057 960 962 1058 1057 962 1059 1060 1061 
1059 965 964 1059 964 1060 1060 964 1062 
967 1063 964 964 1063 1062 969 1064 967 
967 1064 1063 1048 970 1046 1048 1064 970 
1064 969 970 954 1046 970 957 1065 1052 
971 1065 957 972 1066 971 971 1066 1065 
1066 972 973 1067 1066 973 1068 1069 1070 
1055 1069 1068 1053 1055 1068 1053 1068 976 
1053 976 975 959 1053 975 1071 962 977 
1071 1072 962 1072 1058 962 977 979 1071 
981 1059 1061 981 1061 982 982 1061 1073 
965 1059 981 973 1074 1067 983 1074 973 
1070 985 1068 1070 1074 985 1074 983 985 
976 1068 985 1071 1075 1072 1076 1077 1075 
986 1076 1075 986 1075 1071 986 1071 979 
986 988 1076 990 1078 1079 991 990 1079 
1073 990 982 1078 990 1073 1076 1080 1077 
1081 1082 1080 992 1081 1080 992 1080 1076 
992 1076 988 992 993 1081 1083 1084 1085 
1083 1079 1084 1083 994 1079 994 991 1079 
1081 1086 1082 1086 1081 993 1086 993 1087 
1087 993 996 997 1083 1085 997 1085 998 
998 1085 1088 994 1083 997 1089 996 999 
1089 1090 996 1090 1087 996 999 1000 1089 
1091 1092 1093 1091 1088 1092 1091 1001 1088 
1001 998 1088 1004 1090 1089 1004 1003 1090 
1003 1094 1090 1000 1004 1089 1091 1093 1095 
1095 1001 1091 1095 1096 1001 1096 1006 1001 
1009 1097 1098 1008 1097 1009 1094 1003 1009 
1098 1094 1009 1006 1096 1099 1010 1006 1099 
1011 1010 1100 1010 1099 1100 1012 1101 1102 
1012 1011 1101 1011 1100 1101 1101 1103 1102 
1015 1104 1105 1014 1104 1015 1097 1008 1015 
1105 1097 1015 1012 1102 1016 1102 1103 1106 
1102 1106 1016 1016 1106 1017 1018 1017 1107 
1017 1106 1107 1107 1019 1018 1108 1019 1107 
1014 1021 1104 1104 1021 1109 1019 1108 1110 
1022 1019 1110 1023 1111 1112 1023 1022 1111 
1022 1110 1111 1111 1113 1112 1021 1025 1109 
1109 1025 1114 1023 1112 1026 1112 1113 1115 
1112 1115 1026 1026 1115 1027 1029 1116 1117 
1029 1027 1116 1027 1115 1116 1117 1118 1119 
1116 1118 1117 1118 1120 1119 1121 1122 1123 
1121 1123 1114 1121 1114 1030 1030 1114 1025 
1029 1117 1031 1032 1031 1117 1119 1032 1117 
1119 1120 1124 1119 1124 1032 1032 1124 1034 
1036 1125 1126 1036 1034 1125 1034 1124 1125 
1126 1127 1128 1125 1127 1126 1128 1129 1130 
1127 1129 1128 1130 1131 1132 1129 1131 1130 
1131 1133 1132 1134 1135 1136 1122 1134 1136 
1121 1134 1122 1121 1037 1134 1121 1038 1037 
1030 1038 1121 1036 1126 1039 1040 1039 1126 
1128 1040 1126 1041 1040 1128 1130 1041 1128 
1043 1041 1130 1132 1043 1130 1132 1133 1137 
1132 1137 1043 1043 1137 1044 1135 1134 1045 
1135 1045 1137 1137 1045 1044 1037 1045 1134 
1138 1139 1140 1138 1141 1142 1139 1138 1142 
1141 1048 1047 1141 1047 1142 1142 1047 1143 
1049 1144 1047 1047 1144 1143 1050 1145 1049 
1049 1145 1144 1051 1146 1050 1050 1146 1145 
1146 1051 1052 1147 1146 1052 1054 1148 1149 
1055 1054 1149 1150 1151 1148 1150 1148 1056 
1056 1148 1054 1056 1057 1152 1150 1056 1152 
1057 1058 1152 1060 1153 1154 1061 1060 1154 
1062 1155 1060 1060 1155 1153 1140 1063 1138 
1140 1155 1063 1155 1062 1063 1064 1138 1063 
1141 1138 1064 1048 1141 1064 1052 1156 1147 
1065 1156 1052 1066 1157 1065 1065 1157 1156 
1067 1158 1159 1067 1159 1066 1066 1159 1157 
1158 1070 1069 1158 1069 1159 1159 1069 1160 
1149 1069 1055 1160 1069 1149 1150 1161 1151 
1152 1161 1150 1162 1161 1152 1162 1152 1058 
1162 1058 1163 1163 1058 1072 1164 1165 1166 
1164 1154 1165 1164 1073 1154 1073 1061 1154 
1067 1074 1158 1070 1158 1074 1072 1167 1163 
1075 1167 1072 1167 1075 1077 1168 1167 1077 
1078 1164 1166 1078 1166 1079 1079 1166 1169 
1073 1164 1078 1077 1170 1168 1080 1170 1077 
1170 1080 1082 1171 1170 1082 1084 1172 1173 
1085 1084 1173 1169 1084 1079 1172 1084 1169 
1174 1082 1086 1174 1175 1082 1175 1171 1082 
1086 1087 1174 1176 1177 1178 1176 1173 1177 
1176 1088 1173 1088 1085 1173 1179 1175 1174 
1180 1175 1179 1087 1090 1179 1174 1087 1179 
1092 1176 1178 1092 1178 1093 1093 1178 1181 
1088 1176 1092 1182 1180 1179 1183 1180 1182 
1090 1094 1182 1179 1090 1182 1093 1181 1184 
1095 1093 1184 1096 1185 1186 1096 1095 1185 
1095 1184 1185 1185 1187 1186 1188 1189 1190 
1183 1188 1190 1182 1188 1183 1182 1097 1188 
1182 1098 1097 1094 1098 1182 1096 1186 1099 
1186 1187 1191 1186 1191 1099 1099 1191 1100 
1101 1100 1192 1100 1191 1192 1192 1103 1101 
1193 1103 1192 1105 1189 1188 1105 1104 1189 
1104 1194 1189 1097 1105 1188 1103 1193 1195 
1106 1103 1195 1107 1106 1196 1106 1195 1196 
1196 1108 1107 1197 1108 1196 1104 1109 1194 
1194 1109 1198 1108 1197 1199 1110 1108 1199 
1111 1110 1200 1110 1199 1200 1113 1201 1202 
1113 1111 1201 1111 1200 1201 1201 1203 1202 
1204 1205 1206 1204 1206 1198 1204 1198 1114 
1114 1198 1109 1113 1202 1115 1202 1203 1207 
1202 1207 1115 1115 1207 1116 1118 1116 1208 
1116 1207 1208 1120 1209 1210 1120 1118 1209 
1118 1208 1209 1210 1211 1212 1209 1211 1210 
1211 1213 1212 1214 1215 1216 1205 1214 1216 
1204 1214 1205 1204 1122 1214 1204 1123 1122 
1114 1123 1204 1120 1210 1124 1125 1124 1210 
1212 1125 1210 1212 1213 1217 1212 1217 1125 
1125 1217 1127 1129 1127 1218 1127 1217 1218 
1131 1129 1219 1129 1218 1219 1133 1220 1221 
1133 1131 1220 1131 1219 1220 1215 1221 1220 
1214 1221 1215 1214 1135 1221 1214 1136 1135 
1122 1136 1214 1133 1221 1137 1135 1137 1221 
1222 1223 1224 1222 1225 1226 1223 1222 1226 
1226 1225 1227 1228 1229 1230 1228 1140 1139 
1228 1139 1229 1229 1139 1231 1142 1232 1139 
1139 1232 1231 1224 1143 1222 1224 1232 1143 
1232 1142 1143 1144 1222 1143 1225 1222 1144 
1225 1233 1227 1225 1144 1233 1144 1145 1233 
1146 1234 1145 1145 1234 1233 1234 1146 1147 
1235 1234 1147 1148 1236 1149 1148 1151 1236 
1153 1237 1238 1154 1153 1238 1230 1155 1228 
1230 1237 1155 1237 1153 1155 1140 1228 1155 
1147 1239 1235 1156 1239 1147 1157 1240 1156 
1156 1240 1239 1159 1241 1157 1157 1241 1240 
1160 1242 1159 1159 1242 1241 1236 1160 1149 
1236 1243 1160 1243 1242 1160 1151 1243 1236 
1151 1161 1243 1161 1244 1243 1245 1246 1244 
1245 1244 1162 1162 1244 1161 1162 1163 1245 
1165 1247 1248 1166 1165 1248 1238 1165 1154 
1247 1165 1238 1245 1249 1246 1250 1251 1249 
1167 1250 1249 1167 1249 1245 1167 1245 1163 
1167 1168 1250 1166 1248 1169 1248 1252 1169 
1250 1253 1251 1254 1255 1253 1170 1254 1253 
1170 1253 1250 1170 1250 1168 1170 1171 1254 
1172 1256 1257 1173 1172 1257 1252 1172 1169 
1256 1172 1252 1254 1258 1255 1258 1254 1171 
1258 1171 1259 1259 1171 1175 1177 1260 1261 
1178 1177 1261 1257 1177 1173 1260 1177 1257 
1175 1180 1259 1259 1180 1262 1178 1261 1181 
1261 1263 1181 1180 1183 1262 1262 1183 1264 
1181 1263 1265 1184 1181 1265 1185 1184 1266 
1184 1265 1266 1187 1267 1268 1187 1185 1267 
1185 1266 1267 1267 1269 1268 1190 1270 1271 
1189 1270 1190 1264 1183 1190 1271 1264 1190 
1187 1268 1191 1268 1269 1272 1268 1272 1191 
1191 1272 1192 1193 1273 1274 1193 1192 1273 
1192 1272 1273 1273 1275 1274 1189 1194 1270 
1270 1194 1276 1193 1274 1195 1274 1275 1277 
1274 1277 1195 1195 1277 1196 1197 1278 1279 
1197 1196 1278 1196 1277 1278 1279 1280 1281 
1278 1280 1279 1280 1282 1281 1283 1284 1285 
1283 1285 1276 1283 1276 1198 1198 1276 1194 
1197 1279 1199 1200 1199 1279 1281 1200 1279 
1281 1282 1286 1281 1286 1200 1200 1286 1201 
1203 1287 1288 1203 1201 1287 1201 1286 1287 
1288 1289 1290 1287 1289 1288 1290 1291 1292 
1289 1291 1290 1291 1293 1292 1206 1284 1283 
1206 1205 1284 1205 1294 1284 1198 1206 1283 
1203 1288 1207 1208 1207 1288 1290 1208 1288 
1209 1208 1290 1292 1209 1290 1292 1293 1295 
1292 1295 1209 1209 1295 1211 1213 1296 1297 
1213 1211 1296 1211 1295 1296 1297 1298 1299 
1296 1298 1297 1299 1300 1301 1298 1300 1299 
1300 1302 1301 1216 1303 1304 1215 1303 1216 
1294 1205 1216 1304 1294 1216 1213 1297 1217 
1218 1217 1297 1299 1218 1297 1219 1218 1299 
1301 1219 1299 1301 1302 1305 1301 1305 1219 
1219 1305 1220 1303 1215 1220 1305 1303 1220 
1306 1307 1308 1306 1309 1310 1307 1306 1310 
1309 1224 1223 1309 1223 1310 1310 1223 1311 
1226 1312 1223 1223 1312 1311 1312 1226 1227 
1313 1312 1227 1314 1315 1316 1314 1230 1229 
1314 1229 1315 1315 1229 1317 1308 1231 1306 
1308 1317 1231 1317 1229 1231 1232 1306 1231 
1309 1306 1232 1224 1309 1232 1227 1318 1313 
1233 1318 1227 1234 1319 1233 1233 1319 1318 
1235 1320 1321 1235 1321 1234 1234 1321 1319 
1321 1320 1322 1237 1314 1316 1237 1316 1238 
1238 1316 1323 1230 1314 1237 1235 1239 1320 
1320 1324 1322 1320 1239 1324 1239 1240 1324 
1325 1326 1324 1325 1324 1241 1241 1324 1240 
1327 1325 1241 1327 1241 1328 1328 1241 1242 
1243 1329 1242 1242 1329 1328 1244 1330 1243 
1243 1330 1329 1330 1244 1246 1331 1330 1246 
1247 1332 1333 1248 1247 1333 1323 1247 1238 
1332 1247 1323 1325 1334 1326 1327 1334 1325 
1246 1335 1331 1249 1335 1246 1335 1249 1251 
1336 1335 1251 1337 1338 1339 1337 1333 1338 
1337 1252 1333 1252 1248 1333 1251 1340 1336 
1253 1340 1251 1340 1253 1255 1341 1340 1255 
1342 1343 1344 1339 1343 1342 1337 1339 1342 
1337 1342 1257 1337 1257 1256 1252 1337 1256 
1345 1255 1258 1345 1346 1255 1346 1341 1255 
1258 1259 1345 1260 1342 1344 1260 1344 1261 
1261 1344 1347 1257 1342 1260 1345 1348 1346 
1348 1345 1259 1348 1259 1349 1349 1259 1262 
1261 1347 1263 1347 1350 1263 1351 1352 1353 
1351 1353 1349 1351 1349 1264 1264 1349 1262 
1263 1350 1354 1265 1263 1354 1266 1265 1355 
1265 1354 1355 1267 1266 1356 1266 1355 1356 
1269 1357 1358 1269 1267 1357 1267 1356 1357 
1358 1359 1360 1357 1359 1358 1359 1361 1360 
1271 1352 1351 1271 1270 1352 1270 1362 1352 
1264 1271 1351 1269 1358 1272 1273 1272 1358 
1360 1273 1358 1275 1363 1364 1273 1363 1275 
1273 1361 1363 1273 1360 1361 1364 1365 1366 
1363 1365 1364 1365 1367 1366 1368 1369 1370 
1368 1370 1362 1368 1362 1276 1276 1362 1270 
1275 1364 1277 1278 1277 1364 1366 1278 1364 
1366 1367 1371 1366 1371 1278 1278 1371 1280 
1282 1372 1373 1282 1280 1372 1280 1371 1372 
1373 1374 1375 1372 1374 1373 1374 1376 1375 
1285 1369 1368 1285 1284 1369 1284 1377 1369 
1276 1285 1368 1282 1373 1286 1287 1286 1373 
1375 1287 1373 1375 1376 1378 1375 1378 1287 
1287 1378 1289 1291 1289 1379 1289 1378 1379 
1293 1380 1381 1293 1291 1380 1291 1379 1380 
1381 1382 1383 1380 1382 1381 1383 1384 1385 
1382 1384 1383 1385 1386 1387 1384 1386 1385 
1386 1388 1387 1389 1390 1391 1389 1391 1377 
1389 1377 1294 1294 1377 1284 1293 1381 1295 
1296 1295 1381 1383 1296 1381 1298 1296 1383 
1385 1298 1383 1300 1298 1385 1387 1300 1385 
1302 1392 1393 1300 1392 1302 1300 1388 1392 
1300 1387 1388 1390 1393 1392 1389 1393 1390 
1389 1303 1393 1389 1304 1303 1294 1304 1389 
1302 1393 1305 1303 1305 1393 1394 1395 1396 
1394 1308 1307 1394 1307 1395 1395 1307 1397 
1310 1398 1307 1307 1398 1397 1311 1399 1310 
1310 1399 1398 1312 1400 1311 1311 1400 1399 
1400 1312 1313 1401 1400 1313 1315 1402 1403 
1316 1315 1403 1396 1317 1394 1396 1402 1317 
1402 1315 1317 1308 1394 1317 1313 1404 1401 
1318 1404 1313 1319 1405 1318 1318 1405 1404 
1321 1406 1319 1319 1406 1405 1406 1321 1322 
1407 1406 1322 1408 1409 1410 1408 1403 1409 
1408 1323 1403 1323 1316 1403 1411 1322 1324 
1411 1412 1322 1412 1407 1322 1324 1326 1411 
1328 1413 1327 1328 1329 1414 1413 1328 1414 
1329 1330 1415 1414 1329 1415 1330 1331 1415 
1416 1417 1418 1410 1417 1416 1408 1410 1416 
1408 1416 1333 1408 1333 1332 1323 1408 1332 
1411 1419 1412 1420 1421 1419 1334 1420 1419 
1334 1419 1411 1334 1411 1326 1334 1422 1420 
1327 1422 1334 1327 1423 1422 1327 1413 1423 
1414 1423 1413 1424 1423 1414 1415 1424 1414 
1425 1424 1415 1426 1427 1425 1335 1426 1425 
1335 1425 1415 1335 1415 1331 1335 1336 1426 
1338 1416 1418 1338 1418 1339 1339 1418 1428 
1333 1416 1338 1420 1429 1421 1422 1429 1420 
1426 1430 1427 1431 1432 1430 1340 1431 1430 
1340 1430 1426 1340 1426 1336 1340 1341 1431 
1343 1433 1434 1344 1343 1434 1428 1343 1339 
1433 1343 1428 1431 1435 1432 1435 1431 1341 
1435 1341 1436 1436 1341 1346 1344 1434 1347 
1434 1437 1347 1438 1346 1348 1438 1439 1346 
1439 1436 1346 1348 1349 1438 1440 1441 1350 
1440 1350 1437 1437 1350 1347 1441 1442 1443 
1440 1442 1441 1442 1444 1443 1445 1446 1447 
1439 1445 1447 1438 1445 1439 1438 1352 1445 
1438 1353 1352 1349 1353 1438 1350 1441 1354 
1355 1354 1441 1443 1355 1441 1443 1444 1448 
1443 1448 1355 1355 1448 1356 1357 1356 1449 
1356 1448 1449 1359 1357 1450 1357 1449 1450 
1450 1361 1359 1451 1361 1450 1452 1446 1445 
1453 1446 1452 1352 1362 1452 1445 1352 1452 
1361 1451 1454 1363 1361 1454 1365 1363 1455 
1363 1454 1455 1367 1456 1457 1367 1365 1456 
1365 1455 1456 1456 1458 1457 1459 1460 1461 
1453 1459 1461 1452 1459 1453 1452 1369 1459 
1452 1370 1369 1362 1370 1452 1367 1457 1371 
1457 1458 1462 1457 1462 1371 1371 1462 1372 
1374 1372 1463 1372 1462 1463 1376 1464 1465 
1376 1374 1464 1374 1463 1464 1465 1466 1467 
1464 1466 1465 1467 1468 1469 1466 1468 1467 
1469 1470 1471 1468 1470 1469 1471 1472 1473 
1470 1472 1471 1473 1474 1475 1472 1474 1473 
1474 1476 1475 1477 1460 1459 1478 1460 1477 
1369 1377 1477 1459 1369 1477 1376 1465 1378 
1379 1378 1465 1467 1379 1465 1380 1379 1467 
1469 1380 1467 1382 1380 1469 1471 1382 1469 
1384 1382 1471 1473 1384 1471 1386 1384 1473 
1475 1386 1473 1388 1479 1480 1386 1479 1388 
1386 1476 1479 1386 1475 1476 1478 1480 1479 
1477 1480 1478 1477 1390 1480 1477 1391 1390 
1377 1391 1477 1388 1480 1392 1390 1392 1480 
1481 1482 1483 1481 1396 1395 1481 1395 1482 
1482 1395 1484 1397 1485 1395 1395 1485 1484 
1398 1486 1397 1397 1486 1485 1399 1487 1398 
1398 1487 1486 1400 1488 1399 1399 1488 1487 
1401 1489 1490 1401 1490 1400 1400 1490 1488 
1490 1489 1491 1402 1481 1483 1402 1483 1403 
1403 1483 1492 1396 1481 1402 1401 1404 1489 
1489 1493 1491 1489 1404 1493 1404 1405 1493 
1406 1494 1405 1405 1494 1493 1494 1406 1407 
1495 1494 1407 1409 1496 1497 1410 1409 1497 
1492 1409 1403 1496 1409 1492 1407 1412 1495 
1495 1412 1498 1417 1499 1500 1418 1417 1500 
1497 1417 1410 1499 1417 1497 1501 1412 1419 
1501 1502 1412 1502 1498 1412 1419 1421 1501 
1423 1503 1422 1423 1424 1504 1503 1423 1504 
1424 1425 1505 1504 1424 1505 1425 1427 1505 
1506 1507 1508 1506 1500 1507 1506 1428 1500 
1428 1418 1500 1501 1509 1502 1510 1511 1509 
1429 1510 1509 1429 1509 1501 1429 1501 1421 
1429 1512 1510 1422 1512 1429 1422 1513 1512 
1422 1503 1513 1504 1513 1503 1514 1513 1504 
1514 1515 1516 1514 1504 1515 1504 1505 1515 
1427 1430 1517 1427 1517 1505 1505 1517 1515 
1430 1432 1517 1433 1506 1508 1433 1508 1434 
1434 1508 1518 1428 1506 1433 1510 1519 1511 
1512 1519 1510 1515 1520 1516 1517 1520 1515 
1521 1520 1517 1522 1523 1521 1435 1522 1521 
1435 1521 1517 1435 1517 1432 1435 1436 1522 
1434 1518 1437 1518 1524 1437 1525 1523 1522 
1526 1523 1525 1436 1439 1525 1522 1436 1525 
1437 1524 1527 1440 1437 1527 1442 1440 1528 
1440 1527 1528 1528 1444 1442 1529 1444 1528 
1530 1531 1532 1526 1530 1532 1525 1530 1526 
1525 1446 1530 1525 1447 1446 1439 1447 1525 
1444 1529 1533 1448 1444 1533 1449 1448 1534 
1448 1533 1534 1450 1449 1535 1449 1534 1535 
1535 1451 1450 1536 1451 1535 1537 1531 1530 
1538 1531 1537 1446 1453 1537 1530 1446 1537 
1451 1536 1539 1454 1451 1539 1455 1454 1540 
1454 1539 1540 1456 1455 1541 1455 1540 1541 
1458 1542 1543 1458 1456 1542 1456 1541 1542 
1543 1544 1545 1542 1544 1543 1545 1546 1547 
1544 1546 1545 1547 1548 1549 1546 1548 1547 
1549 1550 1551 1548 1550 1549 1551 1552 1553 
1550 1552 1551 1553 1554 1555 1552 1554 1553 
1554 1556 1555 1461 1538 1537 1461 1460 1538 
1460 1557 1538 1453 1461 1537 1458 1543 1462 
1463 1462 1543 1545 1463 1543 1464 1463 1545 
1547 1464 1545 1466 1464 1547 1549 1466 1547 
1468 1466 1549 1551 1468 1549 1470 1468 1551 
1553 1470 1551 1472 1470 1553 1555 1472 1553 
1555 1556 1558 1555 1558 1472 1472 1558 1474 
1476 1559 1560 1476 1474 1559 1474 1558 1559 
1560 1559 1557 1560 1557 1478 1478 1557 1460 
1476 1560 1479 1478 1479 1560 1561 1562 1563 
1561 1564 1565 1562 1561 1565 1564 1566 1567 
1565 1564 1567 1567 1566 1568 1482 1569 1570 
1483 1482 1570 1563 1484 1561 1563 1569 1484 
1569 1482 1484 1485 1561 1484 1564 1561 1485 
1486 1564 1485 1566 1564 1486 1566 1571 1568 
1566 1486 1571 1486 1487 1571 1488 1572 1487 
1487 1572 1571 1490 1573 1488 1488 1573 1572 
1573 1490 1491 1574 1573 1491 1575 1576 1577 
1575 1570 1576 1575 1492 1570 1492 1483 1570 
1491 1578 1574 1493 1578 1491 1494 1579 1493 
1493 1579 1578 1495 1580 1581 1495 1581 1494 
1494 1581 1579 1581 1580 1582 1583 1584 1585 
1577 1584 1583 1575 1577 1583 1575 1583 1497 
1575 1497 1496 1492 1575 1496 1580 1586 1587 
1580 1495 1586 1495 1498 1586 1582 1580 1587 
1499 1583 1585 1499 1585 1500 1500 1585 1588 
1497 1583 1499 1589 1502 1590 1589 1586 1502 
1586 1498 1502 1589 1590 1591 1507 1592 1593 
1508 1507 1593 1588 1507 1500 1592 1507 1588 
1502 1509 1590 1511 1594 1595 1509 1511 1595 
1509 1595 1591 1509 1591 1590 1594 1512 1513 
1594 1513 1595 1595 1513 1596 1597 1598 1596 
1597 1596 1514 1514 1596 1513 1514 1516 1597 
1508 1593 1518 1593 1599 1518 1511 1519 1594 
1512 1594 1519 1597 1600 1598 1601 1602 1600 
1520 1601 1600 1520 1600 1597 1520 1597 1516 
1520 1521 1603 1601 1520 1603 1521 1523 1603 
1518 1599 1524 1599 1604 1524 1601 1605 1602 
1605 1606 1607 1605 1601 1606 1601 1603 1606 
1523 1526 1606 1603 1523 1606 1524 1604 1608 
1527 1524 1608 1528 1527 1609 1527 1608 1609 
1529 1610 1611 1529 1528 1610 1528 1609 1610 
1610 1612 1611 1532 1607 1606 1532 1531 1607 
1531 1613 1607 1526 1532 1606 1529 1611 1533 
1611 1612 1614 1611 1614 1533 1533 1614 1534 
1535 1534 1615 1534 1614 1615 1536 1616 1617 
1536 1535 1616 1535 1615 1616 1616 1618 1617 
1619 1620 1621 1619 1622 1623 1621 1622 1619 
1623 1624 1625 1622 1624 1623 1624 1626 1625 
1531 1538 1613 1613 1538 1627 1536 1617 1539 
1617 1618 1628 1617 1628 1539 1539 1628 1540 
1541 1540 1629 1540 1628 1629 1542 1541 1630 
1541 1629 1630 1544 1542 1631 1542 1630 1631 
1546 1544 1632 1544 1631 1632 1620 1619 1548 
1620 1548 1632 1632 1548 1546 1550 1548 1619 
1623 1550 1619 1552 1550 1623 1625 1552 1623 
1625 1626 1633 1625 1633 1552 1552 1633 1554 
1556 1634 1635 1556 1554 1634 1554 1633 1634 
1635 1636 1637 1634 1636 1635 1637 1636 1627 
1637 1627 1557 1557 1627 1538 1556 1635 1558 
1559 1558 1635 1637 1559 1635 1557 1559 1637 
1562 1638 1639 1563 1562 1639 1565 1640 1562 
1562 1640 1638 1567 1641 1565 1565 1641 1640 
1568 1642 1643 1568 1643 1567 1567 1643 1641 
1643 1642 1644 1569 1645 1646 1570 1569 1646 
1639 1569 1563 1645 1569 1639 1568 1571 1642 
1642 1647 1644 1642 1571 1647 1571 1572 1647 
1573 1648 1572 1572 1648 1647 1648 1573 1574 
1649 1648 1574 1576 1650 1651 1577 1576 1651 
1646 1576 1570 1650 1576 1646 1574 1652 1649 
1578 1652 1574 1579 1653 1578 1578 1653 1652 
1581 1654 1579 1579 1654 1653 1654 1581 1582 
1655 1654 1582 1584 1656 1657 1585 1584 1657 
1651 1584 1577 1656 1584 1651 1587 1586 1658 
1587 1658 1659 1587 1659 1582 1582 1659 1655 
1585 1657 1588 1657 1660 1588 1586 1589 1658 
1591 1661 1662 1589 1591 1662 1589 1662 1659 
1589 1659 1658 1661 1663 1664 1662 1661 1664 
1664 1663 1665 1592 1666 1667 1593 1592 1667 
1660 1592 1588 1666 1592 1660 1591 1595 1661 
1596 1661 1595 1663 1661 1596 1598 1668 1669 
1596 1598 1669 1596 1669 1665 1596 1665 1663 
1669 1668 1670 1593 1667 1599 1667 1671 1599 
1598 1600 1668 1602 1672 1673 1600 1602 1673 
1600 1673 1670 1600 1670 1668 1673 1672 1674 
1675 1676 1604 1675 1604 1671 1671 1604 1599 
1676 1677 1678 1675 1677 1676 1677 1679 1678 
1602 1605 1672 1672 1605 1607 1672 1607 1674 
1674 1607 1680 1604 1676 1608 1609 1608 1676 
1678 1609 1676 1678 1679 1681 1678 1681 1609 
1609 1681 1610 1612 1682 1683 1612 1610 1682 
1610 1681 1682 1682 1684 1683 1685 1686 1687 
1685 1688 1689 1687 1688 1685 1689 1690 1691 
1688 1690 1689 1690 1692 1691 1693 1694 1695 
1693 1695 1680 1693 1680 1613 1613 1680 1607 
1612 1683 1614 1683 1684 1696 1683 1696 1614 
1614 1696 1615 1616 1615 1697 1615 1696 1697 
1618 1698 1699 1618 1616 1698 1616 1697 1698 
1699 1700 1701 1698 1700 1699 1701 1702 1703 
1700 1702 1701 1703 1704 1705 1702 1704 1703 
1705 1706 1707 1704 1706 1705 1707 1621 1620 
1707 1706 1621 1706 1708 1621 1686 1685 1622 
1686 1622 1708 1708 1622 1621 1624 1622 1685 
1689 1624 1685 1626 1624 1689 1626 1689 1709 
1709 1689 1691 1710 1691 1692 1710 1711 1691 
1711 1709 1691 1694 1711 1710 1694 1693 1711 
1693 1712 1711 1613 1627 1712 1693 1613 1712 
1618 1699 1628 1629 1628 1699 1701 1629 1699 
1630 1629 1701 1703 1630 1701 1631 1630 1703 
1705 1631 1703 1632 1631 1705 1707 1632 1705 
1620 1632 1707 1626 1709 1633 1634 1633 1709 
1711 1634 1709 1636 1634 1711 1712 1636 1711 
1627 1636 1712 1638 1713 1714 1639 1638 1714 
1640 1715 1638 1638 1715 1713 1641 1716 1640 
1640 1716 1715 1643 1717 1641 1641 1717 1716 
1717 1643 1644 1718 1717 1644 1719 1720 1721 
1719 1646 1645 1719 1645 1720 1720 1645 1722 
1714 1645 1639 1722 1645 1714 1644 1723 1718 
1647 1723 1644 1648 1724 1647 1647 1724 1723 
1724 1648 1649 1725 1724 1649 1650 1719 1721 
1650 1721 1651 1651 1721 1726 1646 1719 1650 
1649 1727 1725 1652 1727 1649 1653 1728 1652 
1652 1728 1727 1654 1729 1653 1653 1729 1728 
1655 1730 1731 1655 1731 1654 1654 1731 1729 
1731 1730 1732 1656 1733 1734 1657 1656 1734 
1726 1656 1651 1733 1656 1726 1730 1659 1735 
1655 1659 1730 1736 1732 1730 1736 1730 1737 
1737 1730 1735 1736 1737 1738 1657 1734 1660 
1734 1739 1660 1659 1662 1735 1664 1735 1662 
1737 1735 1664 1665 1740 1741 1664 1665 1741 
1664 1741 1738 1664 1738 1737 1741 1740 1742 
1666 1743 1744 1667 1666 1744 1739 1666 1660 
1743 1666 1739 1665 1669 1740 1670 1745 1746 
1669 1670 1746 1669 1746 1742 1669 1742 1740 
1746 1745 1747 1748 1749 1671 1748 1671 1744 
1744 1671 1667 1748 1750 1749 1670 1673 1745 
1745 1673 1674 1745 1674 1747 1747 1674 1751 
1671 1749 1675 1749 1750 1752 1749 1752 1675 
1675 1752 1677 1679 1753 1754 1679 1677 1753 
1677 1752 1753 1753 1755 1754 1756 1757 1758 
1756 1759 1760 1758 1759 1756 1760 1761 1762 
1759 1761 1760 1762 1763 1764 1761 1763 1762 
1764 1763 1751 1764 1751 1680 1680 1751 1674 
1679 1754 1681 1754 1755 1765 1754 1765 1681 
1681 1765 1682 1684 1766 1767 1684 1682 1766 
1682 1765 1766 1766 1768 1767 1769 1770 1771 
1769 1772 1773 1771 1772 1769 1773 1687 1686 
1773 1772 1687 1772 1774 1687 1757 1756 1688 
1757 1688 1774 1774 1688 1687 1690 1688 1756 
1760 1690 1756 1692 1690 1760 1692 1760 1775 
1775 1760 1762 1695 1694 1775 1695 1775 1764 
1764 1775 1762 1680 1695 1764 1684 1767 1696 
1767 1768 1776 1767 1776 1696 1696 1776 1697 
1698 1697 1777 1697 1776 1777 1700 1698 1778 
1698 1777 1778 1702 1700 1779 1700 1778 1779 
1704 1702 1780 1702 1779 1780 1770 1769 1706 
1770 1706 1780 1780 1706 1704 1708 1706 1769 
1773 1708 1769 1686 1708 1773 1692 1775 1710 
1694 1710 1775 1781 1782 1783 1781 1714 1713 
1781 1713 1782 1782 1713 1784 1715 1785 1713 
1713 1785 1784 1716 1786 1715 1715 1786 1785 
1717 1787 1716 1716 1787 1786 1787 1717 1718 
1788 1787 1718 1720 1789 1790 1721 1720 1790 
1783 1722 1781 1783 1789 1722 1789 1720 1722 
1714 1781 1722 1718 1791 1788 1723 1791 1718 
1724 1792 1723 1723 1792 1791 1725 1793 1794 
1725 1794 1724 1724 1794 1792 1793 1795 1796 
1794 1793 1796 1795 1797 1798 1796 1795 1798 
1797 1799 1800 1798 1797 1800 1800 1799 1801 
1721 1790 1726 1790 1802 1726 1725 1727 1793 
1728 1793 1727 1795 1793 1728 1729 1795 1728 
1797 1795 1729 1731 1797 1729 1799 1797 1731 
1732 1803 1804 1731 1732 1804 1731 1804 1801 
1731 1801 1799 1804 1803 1805 1733 1806 1807 
1734 1733 1807 1802 1733 1726 1806 1733 1802 
1732 1736 1803 1738 1808 1809 1736 1738 1809 
1736 1809 1805 1736 1805 1803 1808 1810 1811 
1809 1808 1811 1811 1810 1812 1734 1807 1739 
1807 1813 1739 1738 1741 1808 1742 1808 1741 
1742 1814 1808 1814 1810 1808 1815 1812 1810 
1814 1815 1810 1743 1816 1817 1744 1743 1817 
1813 1743 1739 1816 1743 1813 1742 1746 1814 
1814 1746 1747 1814 1747 1815 1815 1747 1818 
1744 1817 1819 1748 1744 1819 1819 1750 1748 
1820 1750 1819 1821 1822 1823 1821 1824 1825 
1823 1824 1821 1825 1826 1827 1824 1826 1825 
1827 1828 1829 1826 1828 1827 1829 1828 1818 
1829 1818 1751 1751 1818 1747 1750 1820 1830 
1752 1750 1830 1753 1752 1831 1752 1830 1831 
1831 1755 1753 1832 1755 1831 1833 1834 1835 
1833 1836 1837 1835 1836 1833 1822 1837 1836 
1821 1837 1822 1821 1757 1837 1821 1758 1757 
1759 1758 1821 1825 1759 1821 1761 1759 1825 
1827 1761 1825 1763 1761 1827 1829 1763 1827 
1751 1763 1829 1755 1832 1838 1765 1755 1838 
1766 1765 1839 1765 1838 1839 1768 1840 1841 
1768 1766 1840 1766 1839 1840 1841 1842 1843 
1840 1842 1841 1843 1844 1845 1842 1844 1843 
1845 1846 1847 1844 1846 1845 1847 1848 1849 
1846 1848 1847 1849 1771 1770 1849 1848 1771 
1848 1850 1771 1834 1833 1772 1834 1772 1850 
1850 1772 1771 1774 1772 1833 1837 1774 1833 
1757 1774 1837 1768 1841 1776 1777 1776 1841 
1843 1777 1841 1778 1777 1843 1845 1778 1843 
1779 1778 1845 1847 1779 1845 1780 1779 1847 
1849 1780 1847 1770 1780 1849 1851 1852 1853 
1852 1851 1854 1782 1855 1783 1856 1855 1782 
1856 1782 1857 1857 1782 1784 1853 1785 1851 
1853 1857 1785 1857 1784 1785 1851 1858 1854 
1851 1785 1858 1785 1786 1858 1859 1860 1858 
1859 1858 1787 1787 1858 1786 1787 1788 1859 
1789 1861 1862 1790 1789 1862 1855 1789 1783 
1855 1863 1789 1863 1861 1789 1856 1863 1855 
1859 1864 1860 1788 1864 1859 1788 1791 1864 
1791 1865 1864 1792 1866 1791 1791 1866 1865 
1794 1867 1792 1792 1867 1866 1796 1868 1794 
1794 1868 1867 1798 1869 1796 1796 1869 1868 
1800 1870 1798 1798 1870 1869 1801 1871 1872 
1801 1872 1800 1800 1872 1870 1872 1871 1873 
1790 1862 1802 1862 1874 1802 1801 1804 1871 
1805 1875 1876 1804 1805 1876 1804 1876 1873 
1804 1873 1871 1875 1877 1878 1876 1875 1878 
1878 1877 1879 1806 1880 1881 1807 1806 1881 
1874 1806 1802 1880 1806 1874 1805 1809 1875 
1811 1875 1809 1877 1875 1811 1877 1811 1812 
1877 1812 1879 1879 1812 1882 1807 1881 1813 
1881 1883 1813 1812 1815 1882 1882 1815 1884 
1816 1885 1817 1816 1886 1885 1816 1813 1886 
1813 1883 1886 1887 1888 1889 1887 1890 1891 
1889 1890 1887 1891 1892 1893 1890 1892 1891 
1893 1894 1895 1892 1894 1893 1895 1894 1884 
1895 1884 1818 1818 1884 1815 1817 1885 1819 
1820 1896 1897 1819 1896 1820 1819 1886 1896 
1819 1885 1886 1896 1898 1897 1899 1900 1901 
1888 1899 1901 1887 1899 1888 1887 1822 1899 
1887 1823 1822 1824 1823 1887 1891 1824 1887 
1826 1824 1891 1893 1826 1891 1828 1826 1893 
1895 1828 1893 1818 1828 1895 1820 1897 1830 
1897 1898 1902 1897 1902 1830 1830 1902 1831 
1832 1903 1904 1832 1831 1903 1831 1902 1903 
1904 1905 1906 1903 1905 1904 1905 1907 1906 
1908 1909 1910 1908 1911 1912 1910 1911 1908 
1912 1835 1834 1912 1911 1835 1911 1913 1835 
1900 1899 1836 1900 1836 1913 1913 1836 1835 
1822 1836 1899 1832 1904 1838 1839 1838 1904 
1906 1839 1904 1906 1907 1914 1906 1914 1839 
1839 1914 1840 1842 1840 1915 1840 1914 1915 
1844 1842 1916 1842 1915 1916 1846 1844 1917 
1844 1916 1917 1909 1908 1848 1909 1848 1917 
1917 1848 1846 1850 1848 1908 1912 1850 1908 
1834 1850 1912 1852 1918 1919 1853 1852 1919 
1854 1920 1921 1854 1921 1852 1852 1921 1918 
1921 1920 1922 1857 1923 1924 1856 1857 1924 
1919 1857 1853 1923 1857 1919 1854 1858 1920 
1860 1925 1926 1858 1860 1926 1858 1926 1922 
1858 1922 1920 1925 1927 1928 1926 1925 1928 
1927 1929 1930 1928 1927 1930 1929 1931 1932 
1930 1929 1932 1931 1933 1934 1932 1931 1934 
1933 1935 1936 1934 1933 1936 1935 1937 1938 
1936 1935 1938 1937 1939 1940 1938 1937 1940 
1939 1941 1942 1940 1939 1942 1942 1941 1943 
1861 1944 1862 1945 1944 1861 1945 1861 1946 
1946 1861 1863 1924 1863 1856 1946 1863 1924 
1860 1864 1925 1865 1925 1864 1927 1925 1865 
1866 1927 1865 1929 1927 1866 1867 1929 1866 
1931 1929 1867 1868 1931 1867 1933 1931 1868 
1869 1933 1868 1935 1933 1869 1870 1935 1869 
1937 1935 1870 1872 1937 1870 1939 1937 1872 
1873 1939 1872 1873 1947 1939 1947 1941 1939 
1948 1943 1941 1948 1941 1949 1949 1941 1947 
1949 1950 1951 1948 1949 1951 1951 1950 1952 
1953 1954 1955 1944 1956 1954 1944 1954 1874 
1944 1874 1862 1874 1954 1953 1945 1956 1944 
1873 1876 1947 1878 1947 1876 1949 1947 1878 
1879 1949 1878 1879 1957 1949 1957 1950 1949 
1958 1952 1950 1957 1958 1950 1880 1953 1955 
1880 1955 1881 1881 1955 1959 1874 1953 1880 
1957 1882 1960 1879 1882 1957 1961 1958 1957 
1960 1961 1957 1881 1959 1883 1959 1962 1883 
1963 1964 1965 1963 1966 1967 1965 1966 1963 
1966 1968 1967 1960 1969 1970 1960 1882 1969 
1882 1884 1969 1961 1960 1970 1883 1962 1886 
1962 1971 1886 1972 1973 1974 1972 1889 1888 
1972 1974 1889 1974 1975 1889 1964 1963 1890 
1964 1890 1975 1975 1890 1889 1892 1890 1963 
1967 1892 1963 1967 1968 1976 1967 1976 1892 
1892 1976 1894 1969 1884 1894 1976 1969 1894 
1886 1971 1977 1896 1886 1977 1898 1978 1979 
1898 1896 1978 1896 1977 1978 1979 1980 1981 
1978 1980 1979 1980 1982 1981 1983 1984 1985 
1973 1983 1985 1972 1983 1973 1972 1900 1983 
1972 1901 1900 1888 1901 1972 1898 1979 1902 
1903 1902 1979 1981 1903 1979 1981 1982 1986 
1981 1986 1903 1903 1986 1905 1907 1987 1988 
1907 1905 1987 1905 1986 1987 1988 1989 1990 
1987 1989 1988 1990 1991 1992 1989 1991 1990 
1992 1993 1994 1991 1993 1992 1994 1910 1909 
1994 1993 1910 1993 1995 1910 1911 1910 1996 
1910 1995 1996 1984 1983 1913 1984 1913 1996 
1996 1913 1911 1900 1913 1983 1907 1988 1914 
1915 1914 1988 1990 1915 1988 1916 1915 1990 
1992 1916 1990 1917 1916 1992 1994 1917 1992 
1909 1917 1994 1997 1998 1999 1997 2000 2001 
1998 1997 2001 2001 2000 2002 1918 1997 1999 
1918 1999 1919 1919 1999 2003 1921 1997 1918 
2000 1997 1921 1922 2004 2005 1921 1922 2005 
1921 2005 2002 1921 2002 2000 2005 2004 2006 
2007 2008 2009 2007 2010 2011 2008 2007 2011 
2010 2012 2013 2011 2010 2013 2012 2014 2015 
2013 2012 2015 2014 2016 2017 2015 2014 2017 
2016 2018 2019 2017 2016 2019 2018 2020 2021 
2019 2018 2021 2020 2022 2023 2021 2020 2023 
2023 2022 2024 1923 2025 2026 1924 1923 2026 
2003 1923 1919 2025 1923 2003 1922 1926 2004 
2004 2027 2006 2004 1926 2027 1926 1928 2027 
2009 1930 2007 2009 2027 1930 2027 1928 1930 
1932 2007 1930 2010 2007 1932 1934 2010 1932 
2012 2010 1934 1936 2012 1934 2014 2012 1936 
1938 2014 1936 2016 2014 1938 1940 2016 1938 
2018 2016 1940 1942 2018 1940 2020 2018 1942 
1943 2020 1942 1943 2028 2020 2028 2022 2020 
2029 2024 2022 2029 2022 2030 2030 2022 2028 
2029 2030 2031 1946 2032 2033 1945 1946 2033 
2026 1946 1924 2032 1946 2026 1943 1948 2028 
1951 2028 1948 2030 2028 1951 1952 2034 2035 
1951 1952 2035 1951 2035 2031 1951 2031 2030 
2035 2034 2036 1954 2037 1955 2038 2037 1954 
2038 1954 2039 2039 1954 1956 2033 1956 1945 
2039 1956 2033 2034 2040 2041 2034 1952 2040 
1952 1958 2040 2036 2034 2041 2037 2042 2043 
2037 2043 1955 1955 2043 1959 2038 2042 2037 
2044 2045 2046 2044 2047 2048 2046 2047 2044 
2047 2049 2048 2050 2051 2052 2050 2052 2040 
2050 2040 1961 1961 2040 1958 1959 2043 1962 
2043 2053 1962 2054 2055 2056 2054 2057 2058 
2056 2057 2054 2045 2058 2057 2044 2058 2045 
2044 1964 2058 2044 1965 1964 1966 1965 2044 
2048 1966 2044 1968 2059 2060 1966 2059 1968 
1966 2049 2059 1966 2048 2049 2051 2060 2059 
2050 2060 2051 2050 1969 2060 2050 1970 1969 
1961 1970 2050 2061 2062 1971 2061 1971 2053 
2053 1971 1962 2062 2063 2064 2061 2063 2062 
2063 2065 2064 2066 2067 2068 2055 2066 2068 
2054 2066 2055 2054 1973 2066 2054 1974 1973 
1975 1974 2054 2058 1975 2054 1964 1975 2058 
1968 2060 1976 1969 1976 2060 1971 2062 1977 
1978 1977 2062 2064 1978 2062 2064 2065 2069 
2064 2069 1978 1978 2069 1980 1982 2070 2071 
1982 1980 2070 1980 2069 2070 2070 2072 2071 
2073 2074 2075 2067 2073 2075 2066 2073 2067 
2066 1984 2073 2066 1985 1984 1973 1985 2066 
1982 2071 1986 2071 2072 2076 2071 2076 1986 
1986 2076 1987 1989 1987 2077 1987 2076 2077 
1991 1989 2078 1989 2077 2078 1993 1991 2079 
1991 2078 2079 1995 1993 2080 1993 2079 2080 
2074 2073 1996 2074 1996 2080 2080 1996 1995 
1984 1996 2073 2081 2082 2083 2082 2081 2084 
1998 2085 2086 1999 1998 2086 2083 2001 2081 
2083 2085 2001 2085 1998 2001 2002 2087 2088 
2001 2002 2088 2001 2088 2084 2001 2084 2081 
2088 2087 2089 2090 2091 2092 2090 2093 2094 
2091 2090 2094 2094 2093 2095 2096 2097 2098 
2097 2096 2099 2100 2101 2102 2100 2086 2101 
2100 2003 2086 2003 1999 2086 2002 2005 2087 
2006 2103 2104 2005 2006 2104 2005 2104 2089 
2005 2089 2087 2103 2009 2008 2103 2008 2104 
2104 2008 2105 2092 2011 2090 2092 2105 2011 
2105 2008 2011 2013 2090 2011 2093 2090 2013 
2093 2106 2095 2093 2013 2106 2013 2015 2106 
2017 2107 2015 2015 2107 2106 2019 2108 2017 
2017 2108 2107 2021 2109 2019 2019 2109 2108 
2023 2110 2021 2021 2110 2109 2024 2111 2096 
2024 2096 2110 2024 2110 2023 2110 2096 2098 
2112 2099 2096 2111 2112 2096 2025 2100 2102 
2025 2102 2026 2026 2102 2113 2003 2100 2025 
2006 2027 2103 2009 2103 2027 2024 2029 2111 
2031 2114 2115 2029 2031 2115 2029 2115 2112 
2029 2112 2111 2115 2114 2116 2032 2117 2118 
2033 2032 2118 2113 2032 2026 2117 2032 2113 
2031 2035 2114 2114 2035 2036 2114 2036 2116 
2116 2036 2119 2039 2120 2121 2038 2039 2121 
2118 2039 2033 2120 2039 2118 2041 2122 2123 
2040 2122 2041 2119 2036 2041 2123 2119 2041 
2042 2124 2125 2043 2042 2125 2121 2042 2038 
2124 2042 2121 2126 2127 2128 2126 2046 2045 
2126 2128 2046 2128 2129 2046 2047 2046 2130 
2046 2129 2130 2049 2131 2132 2049 2047 2131 
2047 2130 2131 2132 2052 2051 2132 2131 2052 
2131 2133 2052 2122 2040 2052 2133 2122 2052 
2134 2135 2053 2134 2053 2125 2125 2053 2043 
2134 2136 2135 2056 2137 2138 2055 2137 2056 
2127 2126 2057 2127 2057 2138 2138 2057 2056 
2045 2057 2126 2049 2132 2059 2051 2059 2132 
2053 2135 2061 2135 2136 2139 2135 2139 2061 
2061 2139 2063 2065 2140 2141 2065 2063 2140 
2063 2139 2140 2141 2142 2143 2140 2142 2141 
2142 2144 2143 2068 2145 2146 2067 2145 2068 
2137 2055 2068 2146 2137 2068 2065 2141 2069 
2070 2069 2141 2143 2070 2141 2072 2147 2148 
2070 2147 2072 2070 2144 2147 2070 2143 2144 
2148 2149 2150 2147 2149 2148 2149 2151 2150 
2075 2152 2153 2074 2152 2075 2145 2067 2075 
2153 2145 2075 2072 2148 2076 2077 2076 2148 
2150 2077 2148 2150 2151 2154 2150 2154 2077 
2077 2154 2078 2079 2078 2155 2078 2154 2155 
2080 2079 2156 2079 2155 2156 2152 2074 2080 
2156 2152 2080 2157 2158 2159 2158 2157 2160 
2161 2162 2163 2159 2162 2161 2157 2159 2161 
2157 2161 2083 2157 2083 2082 2084 2164 2165 
2082 2084 2165 2082 2165 2160 2082 2160 2157 
2165 2164 2166 2167 2168 2169 2167 2170 2171 
2168 2167 2171 2171 2170 2172 2085 2161 2163 
2085 2163 2086 2086 2163 2173 2083 2161 2085 
2084 2088 2164 2089 2174 2175 2088 2089 2175 
2088 2175 2166 2088 2166 2164 2174 2176 2177 
2175 2174 2177 2169 2177 2176 2167 2169 2176 
2167 2176 2092 2167 2092 2091 2094 2167 2091 
2170 2167 2094 2095 2178 2179 2094 2095 2179 
2094 2179 2172 2094 2172 2170 2178 2180 2181 
2179 2178 2181 2180 2182 2183 2181 2180 2183 
2182 2184 2185 2183 2182 2185 2184 2186 2187 
2185 2184 2187 2186 2098 2097 2186 2097 2187 
2187 2097 2188 2099 2189 2190 2099 2190 2097 
2097 2190 2188 2190 2189 2191 2101 2192 2193 
2102 2101 2193 2173 2101 2086 2192 2101 2173 
2089 2104 2174 2105 2174 2104 2176 2174 2105 
2092 2176 2105 2095 2106 2178 2107 2178 2106 
2180 2178 2107 2108 2180 2107 2182 2180 2108 
2109 2182 2108 2184 2182 2109 2110 2184 2109 
2186 2184 2110 2098 2186 2110 2189 2112 2194 
2099 2112 2189 2195 2191 2189 2194 2195 2189 
2102 2193 2113 2193 2196 2113 2112 2115 2194 
2116 2197 2198 2115 2116 2198 2115 2198 2195 
2115 2195 2194 2198 2197 2199 2117 2200 2201 
2118 2117 2201 2196 2117 2113 2200 2117 2196 
2197 2202 2203 2197 2116 2202 2116 2119 2202 
2199 2197 2203 2204 2205 2206 2204 2121 2120 
2204 2120 2205 2205 2120 2207 2201 2120 2118 
2207 2120 2201 2208 2209 2210 2208 2211 2212 
2210 2211 2208 2212 2213 2214 2211 2213 2212 
2214 2215 2216 2213 2215 2214 2216 2217 2218 
2215 2217 2216 2218 2123 2122 2218 2217 2123 
2217 2219 2123 2202 2119 2123 2219 2202 2123 
2124 2220 2125 2204 2206 2221 2221 2121 2204 
2221 2222 2121 2124 2121 2220 2220 2121 2222 
2223 2224 2225 2209 2223 2225 2208 2223 2209 
2208 2127 2223 2208 2128 2127 2129 2128 2208 
2212 2129 2208 2130 2129 2212 2214 2130 2212 
2131 2130 2214 2216 2131 2214 2133 2131 2216 
2218 2133 2216 2122 2133 2218 2125 2220 2134 
2136 2226 2227 2134 2226 2136 2134 2222 2226 
2134 2220 2222 2227 2228 2229 2226 2228 2227 
2228 2230 2229 2231 2232 2233 2224 2231 2233 
2223 2231 2224 2223 2137 2231 2223 2138 2137 
2127 2138 2223 2136 2227 2139 2140 2139 2227 
2229 2140 2227 2229 2230 2234 2229 2234 2140 
2140 2234 2142 2144 2235 2236 2144 2142 2235 
2142 2234 2235 2235 2237 2236 2238 2239 2240 
2232 2238 2240 2231 2238 2232 2231 2145 2238 
2231 2146 2145 2137 2146 2231 2144 2236 2147 
2236 2237 2241 2236 2241 2147 2147 2241 2149 
2151 2242 2243 2151 2149 2242 2149 2241 2242 
2243 2244 2245 2242 2244 2243 2245 2246 2247 
2244 2246 2245 2239 2247 2246 2238 2247 2239 
2238 2152 2247 2238 2153 2152 2145 2153 2238 
2151 2243 2154 2155 2154 2243 2245 2155 2243 
2156 2155 2245 2247 2156 2245 2152 2156 2247 
2248 2249 2250 2249 2248 2251 2158 2248 2250 
2158 2250 2159 2159 2250 2252 2160 2253 2254 
2158 2160 2254 2158 2254 2251 2158 2251 2248 
2253 2255 2256 2254 2253 2256 2255 2257 2258 
2256 2255 2258 2257 2259 2260 2258 2257 2260 
2259 2261 2262 2260 2259 2262 2261 2263 2264 
2262 2261 2264 2264 2263 2265 2162 2266 2267 
2163 2162 2267 2252 2162 2159 2266 2162 2252 
2160 2165 2253 2166 2253 2165 2166 2268 2253 
2268 2255 2253 2257 2255 2269 2269 2255 2268 
2168 2269 2169 2168 2259 2269 2259 2257 2269 
2171 2259 2168 2261 2259 2171 2172 2261 2171 
2172 2270 2261 2270 2263 2261 2271 2265 2263 
2271 2263 2272 2272 2263 2270 2272 2273 2274 
2271 2272 2274 2273 2275 2276 2274 2273 2276 
2276 2275 2277 2278 2279 2280 2279 2278 2281 
2163 2267 2173 2267 2282 2173 2166 2175 2268 
2177 2268 2175 2269 2268 2177 2169 2269 2177 
2172 2179 2270 2181 2270 2179 2272 2270 2181 
2183 2272 2181 2273 2272 2183 2185 2273 2183 
2275 2273 2185 2275 2283 2277 2275 2185 2283 
2185 2187 2283 2188 2284 2187 2187 2284 2283 
2190 2285 2188 2188 2285 2284 2191 2286 2278 
2191 2278 2285 2191 2285 2190 2285 2278 2280 
2287 2281 2278 2286 2287 2278 2192 2288 2289 
2193 2192 2289 2282 2192 2173 2288 2192 2282 
2286 2195 2290 2191 2195 2286 2291 2287 2286 
2290 2291 2286 2193 2289 2196 2289 2292 2196 
2195 2198 2290 2290 2198 2199 2290 2199 2291 
2291 2199 2293 2200 2294 2295 2201 2200 2295 
2292 2200 2196 2294 2200 2292 2296 2297 2298 
2296 2299 2300 2298 2299 2296 2300 2301 2302 
2299 2301 2300 2302 2303 2304 2301 2303 2302 
2304 2305 2306 2303 2305 2304 2306 2203 2202 
2306 2305 2203 2305 2307 2203 2293 2199 2203 
2307 2293 2203 2205 2308 2206 2309 2308 2205 
2309 2205 2310 2310 2205 2207 2295 2207 2201 
2310 2207 2295 2311 2312 2313 2311 2210 2209 
2311 2313 2210 2313 2314 2210 2297 2296 2211 
2297 2211 2314 2314 2211 2210 2213 2211 2296 
2300 2213 2296 2215 2213 2300 2302 2215 2300 
2217 2215 2302 2304 2217 2302 2219 2217 2304 
2306 2219 2304 2202 2219 2306 2206 2308 2221 
2222 2315 2316 2221 2315 2222 2221 2309 2315 
2221 2308 2309 2315 2317 2316 2318 2319 2320 
2312 2318 2320 2311 2318 2312 2311 2224 2318 
2311 2225 2224 2209 2225 2311 2222 2316 2226 
2316 2317 2321 2316 2321 2226 2226 2321 2228 
2230 2322 2323 2230 2228 2322 2228 2321 2322 
2323 2324 2325 2322 2324 2323 2324 2326 2325 
2327 2328 2329 2319 2327 2329 2318 2327 2319 
2318 2232 2327 2318 2233 2232 2224 2233 2318 
2230 2323 2234 2235 2234 2323 2325 2235 2323 
2237 2330 2331 2235 2330 2237 2235 2326 2330 
2235 2325 2326 2331 2332 2333 2330 2332 2331 
2333 2334 2335 2332 2334 2333 2335 2336 2337 
2334 2336 2335 2328 2337 2336 2327 2337 2328 
2327 2239 2337 2327 2240 2239 2232 2240 2327 
2237 2331 2241 2242 2241 2331 2333 2242 2331 
2244 2242 2333 2335 2244 2333 2246 2244 2335 
2337 2246 2335 2239 2246 2337 2338 2339 2340 
2339 2338 2341 2342 2343 2344 2343 2342 2345 
2346 2347 2348 2346 2349 2350 2347 2346 2350 
2340 2350 2349 2340 2349 2338 2338 2349 2351 
2352 2341 2338 2352 2338 2353 2353 2338 2351 
2352 2353 2354 2249 2355 2356 2250 2249 2356 
2251 2357 2342 2251 2342 2355 2251 2355 2249 
2355 2342 2344 2358 2345 2342 2358 2342 2359 
2359 2342 2357 2359 2360 2361 2358 2359 2361 
2348 2361 2360 2348 2360 2346 2346 2360 2362 
2349 2346 2363 2363 2346 2362 2351 2349 2364 
2364 2349 2363 2353 2351 2365 2365 2351 2364 
2366 2354 2353 2366 2353 2367 2367 2353 2365 
2366 2367 2368 2369 2370 2371 2369 2356 2370 
2369 2252 2356 2252 2250 2356 2251 2254 2357 
2256 2357 2254 2359 2357 2256 2258 2359 2256 
2360 2359 2258 2260 2360 2258 2362 2360 2260 
2262 2362 2260 2363 2362 2262 2264 2363 2262 
2364 2363 2264 2265 2364 2264 2265 2372 2364 
2372 2365 2364 2367 2365 2373 2373 2365 2372 
2374 2368 2367 2374 2367 2375 2375 2367 2373 
2374 2375 2376 2266 2369 2371 2266 2371 2267 
2267 2371 2377 2252 2369 2266 2265 2271 2372 
2274 2372 2271 2373 2372 2274 2276 2373 2274 
2375 2373 2276 2277 2378 2379 2276 2277 2379 
2276 2379 2376 2276 2376 2375 2378 2380 2381 
2379 2378 2381 2380 2382 2383 2381 2380 2383 
2382 2280 2279 2382 2279 2383 2383 2279 2384 
2384 2279 2281 2385 2384 2281 2267 2377 2282 
2377 2386 2282 2277 2283 2378 2284 2378 2283 
2380 2378 2284 2285 2380 2284 2382 2380 2285 
2280 2382 2285 2387 2287 2388 2387 2385 2287 
2385 2281 2287 2387 2388 2389 2288 2390 2391 
2289 2288 2391 2386 2288 2282 2390 2288 2386 
2388 2291 2392 2287 2291 2388 2393 2389 2388 
2392 2393 2388 2289 2391 2292 2391 2394 2292 
2395 2396 2397 2395 2398 2399 2397 2398 2395 
2399 2400 2401 2398 2400 2399 2401 2402 2403 
2400 2402 2401 2403 2404 2405 2402 2404 2403 
2405 2406 2407 2404 2406 2405 2392 2406 2408 
2392 2293 2406 2392 2291 2293 2293 2407 2406 
2393 2392 2408 2294 2409 2410 2295 2294 2410 
2394 2294 2292 2409 2294 2394 2411 2412 2413 
2411 2414 2415 2413 2414 2411 2396 2415 2414 
2395 2415 2396 2395 2297 2415 2395 2298 2297 
2299 2298 2395 2399 2299 2395 2301 2299 2399 
2401 2301 2399 2303 2301 2401 2403 2303 2401 
2305 2303 2403 2405 2305 2403 2307 2305 2405 
2407 2307 2405 2293 2307 2407 2310 2416 2417 
2309 2310 2417 2410 2310 2295 2416 2310 2410 
2418 2419 2420 2412 2418 2420 2411 2418 2412 
2411 2312 2418 2411 2313 2312 2314 2313 2411 
2415 2314 2411 2297 2314 2415 2309 2417 2421 
2315 2309 2421 2317 2422 2423 2317 2315 2422 
2315 2421 2422 2423 2424 2425 2422 2424 2423 
2424 2426 2425 2427 2428 2429 2419 2427 2429 
2418 2427 2419 2418 2319 2427 2418 2320 2319 
2312 2320 2418 2317 2423 2321 2322 2321 2423 
2425 2322 2423 2425 2426 2430 2425 2430 2322 
2322 2430 2324 2326 2431 2432 2326 2324 2431 
2324 2430 2431 2431 2433 2432 2434 2435 2436 
2428 2434 2436 2427 2434 2428 2427 2328 2434 
2427 2329 2328 2319 2329 2427 2326 2432 2330 
2432 2433 2437 2432 2437 2330 2330 2437 2332 
2334 2332 2438 2332 2437 2438 2435 2434 2336 
2435 2336 2438 2438 2336 2334 2328 2336 2434 
2439 2440 2441 2440 2439 2442 2443 2444 2445 
2443 2446 2447 2444 2443 2447 2441 2447 2446 
2441 2446 2439 2439 2446 2448 2449 2442 2439 
2448 2449 2439 2450 2451 2452 2445 2451 2450 
2445 2450 2443 2443 2450 2453 2446 2443 2454 
2454 2443 2453 2448 2446 2455 2455 2446 2454 
2456 2449 2448 2455 2456 2448 2457 2458 2459 
2452 2458 2457 2452 2457 2450 2450 2457 2460 
2453 2450 2461 2461 2450 2460 2454 2453 2462 
2462 2453 2461 2455 2454 2463 2463 2454 2462 
2464 2456 2455 2464 2455 2465 2465 2455 2463 
2464 2465 2466 2467 2468 2469 2459 2468 2467 
2459 2467 2457 2457 2467 2470 2460 2457 2471 
2471 2457 2470 2461 2460 2472 2472 2460 2471 
2462 2461 2473 2473 2461 2472 2463 2462 2474 
2474 2462 2473 2465 2463 2475 2475 2463 2474 
2476 2466 2465 2475 2476 2465 2477 2478 2479 
2477 2480 2481 2478 2477 2481 2480 2482 2483 
2481 2480 2483 2482 2484 2485 2483 2482 2485 
2469 2485 2484 2469 2484 2467 2467 2484 2486 
2339 2486 2340 2339 2470 2486 2470 2467 2486 
2341 2470 2339 2341 2487 2470 2487 2471 2470 
2472 2471 2488 2488 2471 2487 2473 2472 2489 
2489 2472 2488 2474 2473 2490 2490 2473 2489 
2475 2474 2491 2491 2474 2490 2492 2476 2475 
2491 2492 2475 2343 2477 2479 2343 2479 2344 
2344 2479 2493 2345 2477 2343 2345 2494 2477 
2494 2480 2477 2482 2480 2495 2495 2480 2494 
2347 2495 2348 2347 2484 2495 2484 2482 2495 
2350 2484 2347 2486 2484 2350 2340 2486 2350 
2341 2352 2487 2354 2487 2352 2354 2496 2487 
2496 2488 2487 2489 2488 2497 2497 2488 2496 
2490 2489 2498 2498 2489 2497 2491 2490 2499 
2499 2490 2498 2500 2492 2491 2499 2500 2491 
2355 2501 2502 2356 2355 2502 2493 2355 2344 
2501 2355 2493 2345 2358 2494 2361 2494 2358 
2495 2494 2361 2348 2495 2361 2354 2366 2496 
2368 2496 2366 2368 2503 2496 2503 2497 2496 
2498 2497 2504 2504 2497 2503 2499 2498 2505 
2505 2498 2504 2506 2500 2499 2506 2499 2507 
2507 2499 2505 2506 2507 2508 2370 2509 2510 
2371 2370 2510 2502 2370 2356 2509 2370 2502 
2368 2374 2503 2376 2503 2374 2376 2511 2503 
2511 2504 2503 2505 2504 2512 2512 2504 2511 
2507 2505 2513 2513 2505 2512 2514 2508 2507 
2514 2507 2515 2515 2507 2513 2515 2516 2517 
2514 2515 2517 2517 2516 2518 2371 2510 2377 
2510 2519 2377 2376 2379 2511 2381 2511 2379 
2512 2511 2381 2383 2512 2381 2513 2512 2383 
2384 2513 2383 2515 2513 2384 2385 2515 2384 
2385 2520 2515 2520 2516 2515 2521 2518 2516 
2520 2521 2516 2377 2519 2386 2519 2522 2386 
2385 2387 2520 2520 2387 2389 2520 2389 2521 
2521 2389 2523 2390 2524 2525 2391 2390 2525 
2522 2390 2386 2524 2390 2522 2526 2527 2528 
2526 2529 2530 2528 2529 2526 2530 2531 2532 
2529 2531 2530 2532 2533 2534 2531 2533 2532 
2534 2535 2536 2533 2535 2534 2536 2537 2538 
2535 2537 2536 2538 2539 2540 2537 2539 2538 
2540 2539 2523 2540 2523 2393 2393 2523 2389 
2391 2525 2394 2525 2541 2394 2542 2543 2544 
2542 2545 2546 2544 2545 2542 2527 2546 2545 
2526 2546 2527 2526 2396 2546 2526 2397 2396 
2398 2397 2526 2530 2398 2526 2400 2398 2530 
2532 2400 2530 2402 2400 2532 2534 2402 2532 
2404 2402 2534 2536 2404 2534 2406 2404 2536 
2538 2406 2536 2408 2406 2538 2540 2408 2538 
2393 2408 2540 2409 2547 2410 2409 2548 2547 
2409 2394 2548 2394 2541 2548 2549 2550 2551 
2543 2549 2551 2542 2549 2543 2542 2412 2549 
2542 2413 2412 2414 2413 2542 2546 2414 2542 
2396 2414 2546 2416 2552 2417 2416 2410 2547 
2416 2547 2552 2552 2547 2553 2554 2547 2548 
2554 2555 2547 2555 2553 2547 2554 2556 2555 
2557 2558 2559 2550 2557 2559 2549 2557 2550 
2549 2419 2557 2549 2420 2419 2412 2420 2549 
2417 2552 2421 2422 2421 2552 2553 2422 2552 
2424 2422 2553 2555 2424 2553 2426 2560 2561 
2424 2560 2426 2424 2556 2560 2424 2555 2556 
2561 2562 2563 2560 2562 2561 2563 2564 2565 
2562 2564 2563 2565 2566 2567 2564 2566 2565 
2567 2568 2569 2566 2568 2567 2558 2569 2568 
2557 2569 2558 2557 2428 2569 2557 2429 2428 
2419 2429 2557 2426 2561 2430 2431 2430 2561 
2563 2431 2561 2433 2431 2563 2433 2563 2570 
2570 2563 2565 2567 2571 2565 2571 2570 2565 
2436 2435 2571 2436 2571 2569 2569 2571 2567 
2428 2436 2569 2433 2570 2437 2438 2437 2570 
2571 2438 2570 2435 2438 2571 2572 2573 2574 
2572 2575 2576 2573 2572 2576 2575 2577 2578 
2576 2575 2578 2577 2579 2580 2578 2577 2580 
2580 2579 2581 2582 2583 2584 2582 2585 2586 
2583 2582 2586 2585 2441 2440 2585 2440 2586 
2586 2440 2587 2442 2588 2572 2442 2572 2587 
2442 2587 2440 2587 2572 2574 2575 2572 2589 
2589 2572 2588 2577 2575 2590 2590 2575 2589 
2579 2577 2591 2591 2577 2590 2592 2581 2579 
2592 2579 2593 2593 2579 2591 2592 2593 2594 
2595 2596 2597 2584 2596 2595 2582 2584 2595 
2582 2595 2445 2582 2445 2444 2447 2582 2444 
2585 2582 2447 2441 2585 2447 2588 2449 2598 
2442 2449 2588 2589 2588 2599 2599 2588 2598 
2590 2589 2600 2600 2589 2599 2591 2590 2601 
2601 2590 2600 2593 2591 2602 2602 2591 2601 
2603 2594 2593 2602 2603 2593 2604 2605 2606 
2604 2607 2608 2605 2604 2608 2597 2608 2607 
2595 2597 2607 2595 2607 2452 2595 2452 2451 
2445 2595 2451 2598 2456 2609 2449 2456 2598 
2599 2598 2610 2610 2598 2609 2600 2599 2611 
2611 2599 2610 2601 2600 2612 2612 2600 2611 
2602 2601 2613 2613 2601 2612 2614 2603 2602 
2613 2614 2602 2615 2616 2617 2615 2618 2619 
2616 2615 2619 2606 2619 2618 2606 2618 2604 
2604 2618 2620 2458 2620 2459 2458 2607 2620 
2607 2604 2620 2452 2607 2458 2456 2464 2609 
2466 2609 2464 2466 2621 2609 2621 2610 2609 
2611 2610 2622 2622 2610 2621 2612 2611 2623 
2623 2611 2622 2613 2612 2624 2624 2612 2623 
2625 2614 2613 2625 2613 2626 2626 2613 2624 
2625 2626 2627 2628 2629 2630 2617 2629 2628 
2617 2628 2615 2615 2628 2631 2618 2615 2632 
2632 2615 2631 2468 2632 2469 2468 2620 2632 
2620 2618 2632 2459 2620 2468 2621 2476 2633 
2466 2476 2621 2622 2621 2634 2634 2621 2633 
2623 2622 2635 2635 2622 2634 2624 2623 2636 
2636 2623 2635 2626 2624 2637 2637 2624 2636 
2638 2627 2626 2637 2638 2626 2478 2639 2640 
2479 2478 2640 2630 2481 2628 2630 2639 2481 
2639 2478 2481 2483 2628 2481 2631 2628 2483 
2485 2631 2483 2632 2631 2485 2469 2632 2485 
2633 2492 2641 2476 2492 2633 2634 2633 2642 
2642 2633 2641 2635 2634 2643 2643 2634 2642 
2636 2635 2644 2644 2635 2643 2645 2646 2637 
2645 2637 2644 2644 2637 2636 2638 2637 2646 
2479 2640 2493 2640 2647 2493 2641 2500 2648 
2492 2500 2641 2642 2641 2649 2649 2641 2648 
2643 2642 2650 2650 2642 2649 2644 2643 2651 
2651 2643 2650 2652 2645 2644 2651 2652 2644 
2501 2653 2654 2502 2501 2654 2647 2501 2493 
2653 2501 2647 2500 2506 2648 2508 2648 2506 
2508 2655 2648 2655 2649 2648 2650 2649 2656 
2656 2649 2655 2651 2650 2657 2657 2650 2656 
2658 2652 2651 2657 2658 2651 2509 2659 2660 
2510 2509 2660 2654 2509 2502 2659 2509 2654 
2508 2514 2655 2517 2655 2514 2656 2655 2517 
2518 2656 2517 2518 2661 2656 2661 2657 2656 
2662 2658 2657 2661 2662 2657 2510 2660 2519 
2660 2663 2519 2661 2664 2665 2661 2518 2664 
2518 2521 2664 2662 2661 2665 2519 2663 2522 
2663 2666 2522 2667 2668 2669 2667 2670 2671 
2669 2670 2667 2671 2672 2673 2670 2672 2671 
2673 2674 2675 2672 2674 2673 2675 2676 2677 
2674 2676 2675 2677 2678 2679 2676 2678 2677 
2679 2678 2664 2679 2664 2523 2523 2664 2521 
2524 2680 2681 2525 2524 2681 2666 2524 2522 
2680 2524 2666 2682 2683 2684 2682 2528 2527 
2682 2684 2528 2684 2685 2528 2668 2667 2529 
2668 2529 2685 2685 2529 2528 2531 2529 2667 
2671 2531 2667 2533 2531 2671 2673 2533 2671 
2535 2533 2673 2675 2535 2673 2537 2535 2675 
2677 2537 2675 2539 2537 2677 2679 2539 2677 
2523 2539 2679 2525 2681 2541 2681 2686 2541 
2687 2688 2689 2687 2544 2543 2687 2689 2544 
2689 2690 2544 2683 2682 2545 2683 2545 2690 
2690 2545 2544 2527 2545 2682 2541 2686 2548 
2686 2691 2548 2551 2688 2687 2551 2550 2688 
2550 2692 2688 2543 2551 2687 2548 2691 2693 
2554 2548 2693 2556 2694 2695 2556 2554 2694 
2554 2693 2694 2695 2696 2697 2694 2696 2695 
2697 2698 2699 2696 2698 2697 2699 2700 2701 
2698 2700 2699 2701 2702 2703 2700 2702 2701 
2703 2559 2558 2703 2702 2559 2702 2704 2559 
2692 2550 2559 2704 2692 2559 2556 2695 2560 
2562 2560 2695 2697 2562 2695 2564 2562 2697 
2699 2564 2697 2566 2564 2699 2701 2566 2699 
2568 2566 2701 2703 2568 2701 2558 2568 2703 
2573 2705 2706 2574 2573 2706 2576 2707 2573 
2573 2707 2705 2578 2708 2576 2576 2708 2707 
2580 2709 2578 2578 2709 2708 2581 2710 2711 
2581 2711 2580 2580 2711 2709 2710 2712 2713 
2711 2710 2713 2713 2712 2714 2715 2716 2717 
2715 2584 2583 2715 2583 2716 2716 2583 2718 
2586 2719 2583 2583 2719 2718 2587 2720 2586 
2586 2720 2719 2706 2587 2574 2720 2587 2706 
2581 2592 2710 2594 2710 2592 2594 2721 2710 
2721 2712 2710 2722 2714 2712 2722 2712 2723 
2723 2712 2721 2723 2724 2725 2722 2723 2725 
2725 2724 2726 2727 2728 2729 2727 2730 2731 
2728 2727 2731 2717 2731 2730 2715 2717 2730 
2715 2730 2597 2715 2597 2596 2584 2715 2596 
2721 2603 2732 2594 2603 2721 2723 2721 2733 
2733 2721 2732 2724 2723 2734 2734 2723 2733 
2735 2726 2724 2734 2735 2724 2736 2737 2738 
2729 2737 2736 2727 2729 2736 2727 2736 2606 
2727 2606 2605 2608 2727 2605 2730 2727 2608 
2597 2730 2608 2732 2614 2739 2603 2614 2732 
2733 2732 2740 2740 2732 2739 2734 2733 2741 
2741 2733 2740 2742 2735 2734 2741 2742 2734 
2616 2743 2744 2617 2616 2744 2738 2619 2736 
2738 2743 2619 2743 2616 2619 2606 2736 2619 
2614 2625 2739 2627 2739 2625 2627 2745 2739 
2745 2740 2739 2746 2747 2741 2746 2741 2745 
2745 2741 2740 2742 2741 2747 2629 2748 2749 
2630 2629 2749 2744 2629 2617 2748 2629 2744 
2745 2750 2751 2745 2627 2750 2627 2638 2750 
2746 2745 2751 2639 2752 2753 2640 2639 2753 
2749 2639 2630 2752 2639 2749 2646 2645 2754 
2646 2754 2755 2646 2755 2638 2638 2755 2750 
2640 2753 2647 2753 2756 2647 2754 2757 2758 
2754 2645 2757 2645 2652 2757 2755 2754 2758 
2653 2759 2760 2654 2653 2760 2756 2653 2647 
2759 2653 2756 2652 2658 2757 2757 2658 2761 
2659 2762 2660 2659 2763 2762 2659 2654 2763 
2654 2760 2763 2658 2662 2761 2761 2662 2764 
2762 2765 2766 2762 2766 2660 2660 2766 2663 
2763 2765 2762 2767 2768 2769 2767 2770 2771 
2769 2770 2767 2771 2772 2773 2770 2772 2771 
2773 2774 2775 2772 2774 2773 2775 2776 2777 
2774 2776 2775 2777 2778 2779 2776 2778 2777 
2779 2780 2781 2778 2780 2779 2781 2665 2664 
2781 2780 2665 2780 2782 2665 2764 2662 2665 
2782 2764 2665 2663 2766 2666 2766 2783 2666 
2784 2785 2786 2768 2784 2786 2768 2767 2784 
2767 2787 2784 2669 2668 2787 2669 2787 2771 
2771 2787 2767 2670 2669 2771 2773 2670 2771 
2672 2670 2773 2775 2672 2773 2674 2672 2775 
2777 2674 2775 2676 2674 2777 2779 2676 2777 
2678 2676 2779 2781 2678 2779 2664 2678 2781 
2680 2788 2681 2680 2789 2788 2680 2666 2789 
2666 2783 2789 2790 2791 2792 2790 2793 2794 
2792 2793 2790 2785 2794 2793 2784 2794 2785 
2784 2683 2794 2784 2684 2683 2685 2684 2784 
2787 2685 2784 2668 2685 2787 2788 2795 2686 
2681 2788 2686 2796 2788 2789 2795 2788 2796 
2797 2798 2799 2791 2797 2799 2790 2797 2791 
2790 2688 2797 2790 2689 2688 2690 2689 2790 
2794 2690 2790 2683 2690 2794 2795 2800 2691 
2686 2795 2691 2801 2795 2796 2801 2802 2795 
2802 2800 2795 2802 2803 2804 2801 2803 2802 
2804 2805 2806 2803 2805 2804 2806 2807 2808 
2805 2807 2806 2808 2809 2810 2807 2809 2808 
2798 2810 2809 2798 2797 2810 2797 2811 2810 
2688 2692 2811 2797 2688 2811 2691 2800 2693 
2694 2693 2800 2802 2694 2800 2696 2694 2802 
2804 2696 2802 2698 2696 2804 2806 2698 2804 
2700 2698 2806 2808 2700 2806 2702 2700 2808 
2810 2702 2808 2704 2702 2810 2811 2704 2810 
2692 2704 2811 2812 2813 2814 2812 2815 2816 
2813 2812 2816 2816 2815 2817 2818 2819 2820 
2818 2706 2705 2818 2705 2819 2819 2705 2821 
2707 2822 2705 2705 2822 2821 2708 2823 2707 
2707 2823 2822 2709 2824 2708 2708 2824 2823 
2711 2825 2709 2709 2825 2824 2713 2826 2711 
2711 2826 2825 2714 2827 2828 2714 2828 2713 
2713 2828 2826 2828 2827 2829 2830 2831 2832 
2814 2831 2830 2812 2814 2830 2812 2830 2717 
2812 2717 2716 2718 2812 2716 2815 2812 2718 
2815 2833 2817 2815 2718 2833 2718 2719 2833 
2820 2720 2818 2820 2833 2720 2833 2719 2720 
2706 2818 2720 2714 2722 2827 2827 2834 2829 
2827 2722 2834 2722 2725 2834 2726 2835 2836 
2726 2836 2725 2725 2836 2834 2836 2835 2837 
2728 2838 2839 2729 2728 2839 2832 2731 2830 
2832 2838 2731 2838 2728 2731 2717 2830 2731 
2835 2735 2840 2726 2735 2835 2841 2837 2835 
2840 2841 2835 2737 2842 2843 2738 2737 2843 
2839 2737 2729 2842 2737 2839 2840 2844 2845 
2840 2735 2844 2735 2742 2844 2841 2840 2845 
2743 2846 2847 2744 2743 2847 2843 2743 2738 
2846 2743 2843 2747 2746 2848 2747 2848 2849 
2747 2849 2742 2742 2849 2844 2748 2850 2851 
2749 2748 2851 2847 2748 2744 2850 2748 2847 
2751 2750 2852 2751 2852 2853 2746 2751 2853 
2746 2853 2854 2746 2854 2848 2849 2848 2854 
2752 2855 2856 2753 2752 2856 2851 2752 2749 
2855 2752 2851 2852 2857 2858 2852 2750 2857 
2750 2755 2857 2853 2852 2858 2753 2856 2756 
2856 2859 2756 2758 2757 2860 2758 2860 2861 
2758 2861 2755 2755 2861 2857 2759 2862 2760 
2759 2863 2862 2759 2756 2863 2756 2859 2863 
2864 2865 2866 2864 2867 2868 2866 2867 2864 
2868 2869 2870 2867 2869 2868 2870 2871 2872 
2869 2871 2870 2872 2873 2874 2871 2873 2872 
2860 2873 2875 2860 2761 2873 2860 2757 2761 
2761 2874 2873 2861 2860 2875 2862 2876 2877 
2862 2877 2760 2760 2877 2763 2863 2876 2862 
2878 2879 2880 2878 2881 2882 2880 2881 2878 
2882 2883 2884 2881 2883 2882 2865 2884 2883 
2865 2864 2884 2864 2885 2884 2868 2886 2864 
2886 2885 2864 2870 2887 2868 2887 2886 2868 
2872 2888 2870 2888 2887 2870 2874 2889 2872 
2889 2888 2872 2761 2764 2889 2874 2761 2889 
2765 2890 2766 2765 2891 2890 2765 2763 2891 
2763 2877 2891 2892 2893 2894 2879 2892 2894 
2878 2892 2879 2878 2768 2892 2878 2769 2768 
2770 2769 2878 2882 2770 2878 2772 2770 2882 
2884 2772 2882 2774 2772 2884 2885 2774 2884 
2776 2774 2885 2886 2776 2885 2778 2776 2886 
2887 2778 2886 2780 2778 2887 2888 2780 2887 
2782 2780 2888 2889 2782 2888 2764 2782 2889 
2890 2895 2783 2766 2890 2783 2896 2890 2891 
2895 2890 2896 2897 2898 2899 2893 2897 2899 
2892 2897 2893 2892 2785 2897 2892 2786 2785 
2768 2786 2892 2895 2900 2789 2783 2895 2789 
2901 2895 2896 2900 2895 2901 2902 2903 2904 
2902 2792 2791 2902 2904 2792 2904 2905 2792 
2898 2897 2793 2898 2793 2905 2905 2793 2792 
2785 2793 2897 2900 2906 2796 2789 2900 2796 
2907 2900 2901 2907 2908 2900 2908 2906 2900 
2908 2909 2910 2907 2909 2908 2910 2911 2912 
2909 2911 2910 2912 2913 2914 2911 2913 2912 
2903 2914 2913 2902 2914 2903 2902 2798 2914 
2902 2799 2798 2791 2799 2902 2796 2906 2801 
2803 2801 2906 2908 2803 2906 2805 2803 2908 
2910 2805 2908 2807 2805 2910 2912 2807 2910 
2809 2807 2912 2914 2809 2912 2798 2809 2914 
2813 2915 2814 2813 2816 2916 2915 2813 2916 
2816 2817 2916 2819 2917 2820 2819 2821 2918 
2917 2819 2918 2821 2822 2919 2918 2821 2919 
2822 2823 2920 2919 2822 2920 2823 2824 2921 
2920 2823 2921 2824 2825 2922 2921 2824 2922 
2825 2826 2923 2922 2825 2923 2826 2828 2924 
2923 2826 2924 2828 2829 2924 2831 2925 2926 
2832 2831 2926 2915 2831 2814 2915 2927 2831 
2927 2925 2831 2916 2927 2915 2928 2927 2916 
2817 2928 2916 2817 2833 2928 2833 2929 2928 
2917 2833 2820 2917 2930 2833 2930 2929 2833 
2918 2930 2917 2931 2930 2918 2919 2931 2918 
2932 2931 2919 2920 2932 2919 2933 2932 2920 
2921 2933 2920 2934 2933 2921 2922 2934 2921 
2935 2934 2922 2923 2935 2922 2936 2935 2923 
2924 2936 2923 2937 2936 2924 2829 2937 2924 
2829 2834 2937 2834 2938 2937 2939 2940 2938 
2939 2938 2836 2836 2938 2834 2836 2837 2939 
2838 2941 2942 2839 2838 2942 2926 2838 2832 
2941 2838 2926 2943 2940 2939 2944 2940 2943 
2837 2841 2943 2939 2837 2943 2842 2945 2946 
2843 2842 2946 2942 2842 2839 2945 2842 2942 
2845 2944 2943 2845 2844 2944 2844 2947 2944 
2841 2845 2943 2846 2948 2949 2847 2846 2949 
2946 2846 2843 2948 2846 2946 2844 2849 2947 
2947 2849 2950 2850 2951 2952 2851 2850 2952 
2949 2850 2847 2951 2850 2949 2854 2953 2954 
2853 2953 2854 2950 2849 2854 2954 2950 2854 
2855 2955 2856 2855 2956 2955 2855 2851 2956 
2851 2952 2956 2957 2958 2959 2957 2960 2961 
2959 2960 2957 2961 2962 2963 2960 2962 2961 
2963 2964 2965 2962 2964 2963 2964 2966 2965 
2858 2967 2968 2857 2967 2858 2953 2853 2858 
2968 2953 2858 2955 2969 2970 2955 2970 2856 
2856 2970 2859 2956 2969 2955 2971 2972 2973 
2971 2974 2975 2973 2974 2971 2958 2975 2974 
2958 2957 2975 2957 2976 2975 2961 2977 2957 
2977 2976 2957 2963 2978 2961 2978 2977 2961 
2965 2979 2963 2979 2978 2963 2980 2965 2966 
2980 2981 2965 2981 2979 2965 2981 2980 2967 
2981 2967 2861 2861 2967 2857 2859 2970 2863 
2970 2982 2863 2983 2984 2985 2983 2986 2987 
2985 2986 2983 2972 2987 2986 2972 2971 2987 
2971 2988 2987 2866 2865 2988 2866 2988 2975 
2975 2988 2971 2867 2866 2975 2976 2867 2975 
2869 2867 2976 2977 2869 2976 2871 2869 2977 
2978 2871 2977 2873 2871 2978 2979 2873 2978 
2875 2873 2979 2981 2875 2979 2861 2875 2981 
2876 2989 2877 2876 2990 2989 2876 2863 2990 
2863 2982 2990 2991 2992 2993 2984 2991 2993 
2983 2991 2984 2983 2879 2991 2983 2880 2879 
2881 2880 2983 2987 2881 2983 2883 2881 2987 
2988 2883 2987 2865 2883 2988 2989 2994 2891 
2877 2989 2891 2995 2989 2990 2994 2989 2995 
2996 2997 2998 2992 2996 2998 2991 2996 2992 
2991 2893 2996 2991 2894 2893 2879 2894 2991 
2994 2999 2896 2891 2994 2896 3000 2994 2995 
2999 2994 3000 3001 3002 3003 2997 3001 3003 
2996 3001 2997 2996 2898 3001 2996 2899 2898 
2893 2899 2996 2999 3004 2901 2896 2999 2901 
3005 2999 3000 3005 3006 2999 3006 3004 2999 
3006 3007 3008 3005 3007 3006 3008 3009 3010 
3007 3009 3008 3010 2904 2903 3010 3009 2904 
3009 3011 2904 3002 3001 2905 3002 2905 3011 
3011 2905 2904 2898 2905 3001 2901 3004 2907 
2909 2907 3004 3006 2909 3004 2911 2909 3006 
3008 2911 3006 2913 2911 3008 3010 2913 3008 
2903 2913 3010 2925 3012 2926 2925 2927 3013 
3012 2925 3013 3014 3013 2927 3014 2927 3015 
3015 2927 2928 2929 3016 2928 2928 3016 3015 
3017 3018 3016 3017 3016 2930 2930 3016 2929 
3019 3017 2930 3019 2930 3020 3020 2930 2931 
2932 3021 2931 2931 3021 3020 2933 3022 2932 
2932 3022 3021 2934 3023 2933 2933 3023 3022 
2935 3024 2934 2934 3024 3023 2936 3025 2935 
2935 3025 3024 2937 3026 2936 2936 3026 3025 
3027 3028 3026 3027 3026 2938 2938 3026 2937 
2938 2940 3027 2941 3029 2942 2941 3030 3029 
2926 3030 2941 2926 3031 3030 2926 3012 3031 
3013 3031 3012 3032 3031 3013 3014 3032 3013 
3017 3033 3018 3019 3033 3017 3034 3028 3027 
3035 3028 3034 2940 2944 3034 3027 2940 3034 
2945 3036 2946 2945 3037 3036 2942 3037 2945 
2942 3038 3037 2942 3029 3038 3030 3038 3029 
3039 3040 3041 3041 3042 3039 3043 3035 3034 
3044 3035 3043 2944 2947 3043 3034 2944 3043 
2948 3045 2949 2948 3046 3045 2946 3046 2948 
2946 3047 3046 2946 3036 3047 3037 3047 3036 
3048 3049 3050 3048 3051 3052 3050 3051 3048 
3052 3053 3054 3051 3053 3052 3040 3054 3053 
3040 3039 3054 3039 3055 3054 3056 3039 3042 
3056 3057 3039 3057 3055 3039 3044 3057 3056 
3044 3043 3057 3043 3058 3057 2947 2950 3058 
3043 2947 3058 2951 3059 2952 2951 3060 3059 
2949 3060 2951 2949 3061 3060 2949 3045 3061 
3046 3061 3045 3062 3063 3064 3049 3062 3064 
3049 3048 3062 3048 3065 3062 3052 3066 3048 
3066 3065 3048 3054 3067 3052 3067 3066 3052 
3055 3068 3054 3068 3067 3054 3057 3069 3055 
3069 3068 3055 2954 2953 3069 2954 3069 3058 
3058 3069 3057 2950 2954 3058 3059 3070 3071 
3059 3071 2952 2952 3071 2956 3060 3070 3059 
3072 3073 3074 3072 3075 3076 3074 3075 3072 
3076 3077 3078 3075 3077 3076 3063 3078 3077 
3062 3078 3063 3062 2958 3078 3062 2959 2958 
2960 2959 3062 3065 2960 3062 2962 2960 3065 
3066 2962 3065 2964 2962 3066 3067 2964 3066 
2966 2964 3067 2966 3067 3079 3079 3067 3068 
2968 2967 3079 2968 3079 3069 3069 3079 3068 
2953 2968 3069 2969 3080 2970 2969 3081 3080 
2969 2956 3081 2956 3071 3081 3082 3073 3072 
3083 3073 3082 2973 2972 3082 2973 3082 3076 
3076 3082 3072 2974 2973 3076 3078 2974 3076 
2958 2974 3078 2966 3079 2980 2967 2980 3079 
3080 3084 2982 2970 3080 2982 3085 3080 3081 
3084 3080 3085 3086 3087 3088 3086 2985 2984 
3086 3088 2985 3088 3089 2985 3083 3082 2986 
3083 2986 3089 3089 2986 2985 2972 2986 3082 
3084 3090 2990 2982 3084 2990 3091 3084 3085 
3090 3084 3091 3092 3093 3094 3087 3092 3094 
3086 3092 3087 3086 2992 3092 3086 2993 2992 
2984 2993 3086 3090 3095 2995 2990 3090 2995 
3096 3090 3091 3095 3090 3096 3097 3098 3099 
3093 3097 3099 3092 3097 3093 3092 2997 3097 
3092 2998 2997 2992 2998 3092 3095 3100 3000 
2995 3095 3000 3101 3095 3096 3101 3102 3095 
3102 3100 3095 3102 3103 3104 3101 3103 3102 
3104 3105 3106 3103 3105 3104 3098 3106 3105 
3097 3106 3098 3097 3002 3106 3097 3003 3002 
2997 3003 3097 3000 3100 3005 3007 3005 3100 
3102 3007 3100 3009 3007 3102 3104 3009 3102 
3011 3009 3104 3106 3011 3104 3002 3011 3106 
3015 3107 3014 3015 3016 3108 3107 3015 3108 
3016 3018 3108 3020 3109 3019 3020 3021 3110 
3109 3020 3110 3021 3022 3111 3110 3021 3111 
3022 3023 3112 3111 3022 3112 3023 3024 3113 
3112 3023 3113 3024 3025 3114 3113 3024 3114 
3025 3026 3115 3114 3025 3115 3026 3028 3115 
3031 3116 3030 3031 3032 3117 3116 3031 3117 
3032 3118 3117 3014 3118 3032 3014 3119 3118 
3014 3107 3119 3119 3120 3121 3119 3107 3120 
3107 3108 3120 3018 3033 3122 3018 3122 3108 
3108 3122 3120 3033 3019 3109 3033 3109 3122 
3122 3109 3123 3110 3124 3109 3124 3123 3109 
3111 3125 3110 3125 3124 3110 3112 3126 3111 
3126 3125 3111 3113 3127 3112 3127 3126 3112 
3114 3128 3113 3128 3127 3113 3115 3129 3114 
3129 3128 3114 3028 3035 3129 3115 3028 3129 
3038 3130 3037 3038 3030 3116 3038 3116 3130 
3130 3116 3131 3132 3117 3133 3132 3131 3117 
3131 3116 3117 3118 3133 3117 3120 3134 3121 
3134 3135 3136 3134 3120 3135 3120 3122 3135 
3123 3137 3122 3137 3135 3122 3124 3138 3123 
3138 3137 3123 3125 3139 3124 3139 3138 3124 
3126 3140 3125 3140 3139 3125 3127 3141 3126 
3141 3140 3126 3041 3040 3141 3041 3141 3128 
3128 3141 3127 3042 3041 3128 3042 3128 3142 
3142 3128 3129 3035 3044 3142 3129 3035 3142 
3047 3143 3046 3047 3144 3143 3037 3144 3047 
3037 3145 3144 3037 3130 3145 3131 3145 3130 
3146 3145 3131 3132 3146 3131 3147 3148 3149 
3149 3150 3147 3135 3151 3136 3151 3152 3153 
3151 3135 3152 3135 3137 3152 3138 3154 3137 
3154 3152 3137 3050 3049 3154 3050 3154 3139 
3139 3154 3138 3051 3050 3139 3140 3051 3139 
3053 3051 3140 3141 3053 3140 3040 3053 3141 
3042 3142 3056 3044 3056 3142 3061 3155 3060 
3061 3156 3155 3046 3156 3061 3046 3157 3156 
3046 3143 3157 3144 3157 3143 3158 3148 3147 
3159 3148 3158 3160 3147 3150 3160 3161 3147 
3161 3158 3147 3161 3162 3163 3160 3162 3161 
3153 3163 3162 3153 3152 3163 3152 3164 3163 
3064 3063 3164 3064 3164 3154 3154 3164 3152 
3049 3064 3154 3070 3165 3071 3070 3060 3155 
3070 3155 3165 3165 3155 3166 3167 3155 3156 
3166 3155 3167 3168 3159 3158 3169 3159 3168 
3074 3073 3168 3074 3168 3161 3161 3168 3158 
3075 3074 3161 3163 3075 3161 3077 3075 3163 
3164 3077 3163 3063 3077 3164 3165 3170 3081 
3071 3165 3081 3166 3171 3165 3171 3170 3165 
3172 3166 3167 3171 3166 3172 3173 3174 3175 
3169 3173 3175 3169 3168 3173 3168 3176 3173 
3073 3083 3176 3168 3073 3176 3170 3177 3085 
3081 3170 3085 3171 3178 3170 3178 3177 3170 
3179 3171 3172 3178 3171 3179 3180 3181 3182 
3174 3180 3182 3173 3180 3174 3173 3087 3180 
3173 3088 3087 3089 3088 3173 3176 3089 3173 
3083 3089 3176 3177 3183 3091 3085 3177 3091 
3184 3178 3185 3184 3183 3178 3183 3177 3178 
3179 3185 3178 3186 3187 3188 3181 3186 3188 
3180 3186 3181 3180 3093 3186 3180 3094 3093 
3087 3094 3180 3183 3189 3096 3091 3183 3096 
3190 3183 3184 3190 3191 3183 3191 3189 3183 
3191 3192 3193 3190 3192 3191 3187 3193 3192 
3186 3193 3187 3186 3098 3193 3186 3099 3098 
3093 3099 3186 3096 3189 3101 3103 3101 3189 
3191 3103 3189 3105 3103 3191 3193 3105 3191 
3098 3105 3193 3119 3194 3118 3119 3121 3194 
3133 3195 3132 3133 3118 3194 3133 3194 3195 
3195 3194 3196 3121 3134 3197 3121 3197 3194 
3194 3197 3196 3134 3136 3197 3145 3198 3144 
3145 3146 3199 3198 3145 3199 3146 3132 3195 
3146 3195 3199 3199 3195 3200 3149 3148 3200 
3149 3200 3196 3196 3200 3195 3150 3149 3196 
3150 3196 3201 3201 3196 3197 3136 3151 3202 
3136 3202 3197 3197 3202 3201 3151 3153 3202 
3157 3203 3156 3157 3144 3198 3157 3198 3203 
3203 3198 3204 3205 3199 3206 3205 3204 3199 
3204 3198 3199 3206 3207 3208 3206 3199 3207 
3199 3200 3207 3148 3159 3207 3200 3148 3207 
3150 3201 3160 3162 3160 3201 3202 3162 3201 
3153 3162 3202 3203 3209 3167 3156 3203 3167 
3204 3210 3203 3210 3209 3203 3211 3204 3205 
3211 3212 3204 3212 3210 3204 3208 3212 3211 
3208 3207 3212 3207 3213 3212 3159 3169 3213 
3207 3159 3213 3209 3214 3172 3167 3209 3172 
3215 3210 3216 3215 3214 3210 3214 3209 3210 
3216 3217 3218 3216 3210 3217 3210 3212 3217 
3175 3174 3217 3175 3217 3213 3213 3217 3212 
3169 3175 3213 3214 3219 3179 3172 3214 3179 
3220 3214 3215 3220 3221 3214 3221 3219 3214 
3218 3221 3220 3217 3221 3218 3217 3181 3221 
3217 3182 3181 3174 3182 3217 3185 3222 3184 
3185 3179 3219 3185 3219 3222 3222 3219 3223 
3188 3187 3223 3188 3223 3221 3221 3223 3219 
3181 3188 3221 3184 3222 3190 3192 3190 3222 
3223 3192 3222 3187 3192 3223 3206 3224 3205 
3206 3208 3224 3205 3224 3211 3208 3211 3224 
3216 3225 3215 3216 3218 3225 3215 3225 3220 
3218 3220 3225 
CELL_DATA 6448
SCALARS Scalars float
LOOKUP_TABLE default
1 1 1 1 1 1 1 1 1 
1 1 1 1 1 1 1 1 1 
1 1 1 1 1 1 1 1 1 
1 1 1 1 1 1 1 1 1 
1 1 1 1 1 1 1 1 1 
1 1 1 1 1 1 1 1 1 
1 1 1 1 1 1 1 1 1 
1 1 1 1 1 1 1 1 1 
1 1 1 1 1 1 1 1 1 
1 1 1 1 1 1 1 1 1 
1 1 1 1 1 1 1 1 1 
1 1 1 1 1 1 1 1 1 
1 1 1 1 1 1 1 1 1 
1 1 1 1 1 1 1 1 1 
1 1 1 1 1 1 1 1 1 
1 1 1 1 1 1 1 1 1 
1 1 1 1 1 1 1 1 1 
1 1 1 1 1 1 1 1 1 
1 1 1 1 1 1 1 1 1 
1 1 1 1 1 1 1 1 1 
1 1 1 1 1 1 1 1 1 
1 1 1 1 1 1 1 1 1 
1 1 1 1 1 1 1 1 1 
1 1 1 1 1 1 1 1 1 
1 1 1 1 1 1 1 1 1 
1 1 1 1 1 1 1 1 1 
1 1 1 1 1 1 1 1 1 
1 1 1 1 1 1 1 1 1 
1 1 1 1 1 1 1 1 1 
1 1 1 1 1 1 1 1 1 
1 1 1 1 1 1 1 1 1 
1 1 1 1 1 1 1 1 1 
1 1 1 1 1 1 1 1 1 
1 1 1 1 1 1 1 1 1 
1 1 1 1 1 1 1 1 1 
1 1 1 1 1 1 1 1 1 
1 1 1 1 1 1 1 1 1 
1 1 1 1 1 1 1 1 1 
1 1 1 1 1 1 1 1 1 
1 1 1 1 1 1 1 1 1 
1 1 1 1 1 1 1 1 1 
1 1 1 1 1 1 1 1 1 
1 1 1 1 1 1 1 1 1 
1 1 1 1 1 1 1 1 1 
1 1 1 1 1 1 1 1 1 
1 1 1 1 1 1 1 1 1 
1 1 1 1 1 1 1 1 1 
1 1 1 1 1 1 1 1 1 
1 1 1 1 1 1 1 1 1 
1 1 1 1 1 1 1 1 1 
1 1 1 1 1 1 1 1 1 
1 1 1 1 1 1 1 1 1 
1 1 1 1 1 1 1 1 1 
1 1 1 1 1 1 1 1 1 
1 1 1 1 1 1 1 1 1 
1 1 1 1 1 1 1 1 1 
1 1 1 1 1 1 1 1 1 
1 1 1 1 1 1 1 1 1 
1 1 1 1 1 1 1 1 1 
1 1 1 1 1 1 1 1 1 
1 1 1 1 1 1 1 1 1 
1 1 1 1 1 1 1 1 1 
1 1 1 1 1 1 1 1 1 
1 1 1 1 1 1 1 1 1 
1 1 1 1 1 1 1 1 1 
1 1 1 1 1 1 1 1 1 
1 1 1 1 1 1 1 1 1 
1 1 1 1 1 1 1 1 1 
1 1 1 1 1 1 1 1 1 
1 1 1 1 1 1 1 1 1 
1 1 1 1 1 1 1 1 1 
1 1 1 1 1 1 1 1 1 
1 1 1 1 1 1 1 1 1 
1 1 1 1 1 1 1 1 1 
1 1 1 1 1 1 1 1 1 
1 1 1 1 1 1 1 1 1 
1 1 1 1 1 1 1 1 1 
1 1 1 1 1 1 1 1 1 
1 1 1 1 1 1 1 1 1 
1 1 1 1 1 1 1 1 1 
1 1 1 1 1 1 1 1 1 
1 1 1 1 1 1 1 1 1 
1 1 1 1 1 1 1 1 1 
1 1 1 1 1 1 1 1 1 
1 1 1 1 1 1 1 1 1 
1 1 1 1 1 1 1 1 1 
1 1 1 1 1 1 1 1 1 
1 1 1 1 1 1 1 1 1 
1 1 1 1 1 1 1 1 1 
1 1 1 1 1 1 1 1 1 
1 1 1 1 1 1 1 1 1 
1 1 1 1 1 1 1 1 1 
1 1 1 1 1 1 1 1 1 
1 1 1 1 1 1 1 1 1 
1 1 1 1 1 1 1 1 1 
1 1 1 1 1 1 1 1 1 
1 1 1 1 1 1 1 1 1 
1 1 1 1 1 1 1 1 1 
1 1 1 1 1 1 1 1 1 
1 1 1 1 1 1 1 1 1 
1 1 1 1 1 1 1 1 1 
1 1 1 1 1 1 1 1 1 
1 1 1 1 1 1 1 1 1 
1 1 1 1 1 1 1 1 1 
1 1 1 1 1 1 1 1 1 
1 1 1 1 1 1 1 1 1 
1 1 1 1 1 1 1 1 1 
1 1 1 1 1 1 1 1 1 
1 1 1 1 1 1 1 1 1 
1 1 1 1 1 1 1 1 1 
1 1 1 1 1 1 1 1 1 
1 1 1 1 1 1 1 1 1 
1 1 1 1 1 1 1 1 1 
1 1 1 1 1 1 1 1 1 
1 1 1 1 1 1 1 1 1 
1 1 1 1 1 1 1 1 1 
1 1 1 1 1 1 1 1 1 
1 1 1 1 1 1 1 1 1 
1 1 1 1 1 1 1 1 1 
1 1 1 1 1 1 1 1 1 
1 1 1 1 1 1 1 1 1 
1 1 1 1 1 1 1 1 1 
1 1 1 1 1 1 1 1 1 
1 1 1 1 1 1 1 1 1 
1 1 1 1 1 1 1 1 1 
1 1 1 1 1 1 1 1 1 
1 1 1 1 1 1 1 1 1 
1 1 1 1 1 1 1 1 1 
1 1 1 1 1 1 1 1 1 
1 1 1 1 1 1 1 1 1 
1 1 1 1 1 1 1 1 1 
1 1 1 1 1 1 1 1 1 
1 1 1 1 1 1 1 1 1 
1 1 1 1 1 1 1 1 1 
1 1 1 1 1 1 1 1 1 
1 1 1 1 1 1 1 1 1 
1 1 1 1 1 1 1 1 1 
1 1 1 1 1 1 1 1 1 
1 1 1 1 1 1 1 1 1 
1 1 1 1 1 1 1 1 1 
1 1 1 1 1 1 1 1 1 
1 1 1 1 1 1 1 1 1 
1 1 1 1 1 1 1 1 1 
1 1 1 1 1 1 1 1 1 
1 1 1 1 1 1 1 1 1 
1 1 1 1 1 1 1 1 1 
1 1 1 1 1 1 1 1 1 
1 1 1 1 1 1 1 1 1 
1 1 1 1 1 1 1 1 1 
1 1 1 1 1 1 1 1 1 
1 1 1 1 1 1 1 1 1 
1 1 1 1 1 1 1 1 1 
1 1 1 1 1 1 1 1 1 
1 1 1 1 1 1 1 1 1 
1 1 1 1 1 1 1 1 1 
1 1 1 1 1 1 1 1 1 
1 1 1 1 1 1 1 1 1 
1 1 1 1 1 1 1 1 1 
1 1 1 1 1 1 1 1 1 
1 1 1 1 1 1 1 1 1 
1 1 1 1 1 1 1 1 1 
1 1 1 1 1 1 1 1 1 
1 1 1 1 1 1 1 1 1 
1 1 1 1 1 1 1 1 1 
1 1 1 1 1 1 1 1 1 
1 1 1 1 1 1 1 1 1 
1 1 1 1 1 1 1 1 1 
1 1 1 1 1 1 1 1 1 
1 1 1 1 1 1 1 1 1 
1 1 1 1 1 1 1 1 1 
1 1 1 1 1 1 1 1 1 
1 1 1 1 1 1 1 1 1 
1 1 1 1 1 1 1 1 1 
1 1 1 1 1 1 1 1 1 
1 1 1 1 1 1 1 1 1 
1 1 1 1 1 1 1 1 1 
1 1 1 1 1 1 1 1 1 
1 1 1 1 1 1 1 1 1 
1 1 1 1 1 1 1 1 1 
1 1 1 1 1 1 1 1 1 
1 1 1 1 1 1 1 1 1 
1 1 1 1 1 1 1 1 1 
1 1 1 1 1 1 1 1 1 
1 1 1 1 1 1 1 1 1 
1 1 1 1 1 1 1 1 1 
1 1 1 1 1 1 1 1 1 
1 1 1 1 1 1 1 1 1 
1 1 1 1 1 1 1 1 1 
1 1 1 1 1 1 1 1 1 
1 1 1 1 1 1 1 1 1 
1 1 1 1 1 1 1 1 1 
1 1 1 1 1 1 1 1 1 
1 1 1 1 1 1 1 1 1 
1 1 1 1 1 1 1 1 1 
1 1 1 1 1 1 1 1 1 
1 1 1 1 1 1 1 1 1 
1 1 1 1 1 1 1 1 1 
1 1 1 1 1 1 1 1 1 
1 1 1 1 1 1 1 1 1 
1 1 1 1 1 1 1 1 1 
1 1 1 1 1 1 1 1 1 
1 1 1 1 1 1 1 1 1 
1 1 1 1 1 1 1 1 1 
1 1 1 1 1 1 1 1 1 
1 1 1 1 1 1 1 1 1 
1 1 1 1 1 1 1 1 1 
1 1 1 1 1 1 1 1 1 
1 1 1 1 1 1 1 1 1 
1 1 1 1 1 1 1 1 1 
1 1 1 1 1 1 1 1 1 
1 1 1 1 1 1 1 1 1 
1 1 1 1 1 1 1 1 1 
1 1 1 1 1 1 1 1 1 
1 1 1 1 1 1 1 1 1 
1 1 1 1 1 1 1 1 1 
1 1 1 1 1 1 1 1 1 
1 1 1 1 1 1 1 1 1 
1 1 1 1 1 1 1 1 1 
1 1 1 1 1 1 1 1 1 
1 1 1 1 1 1 1 1 1 
1 1 1 1 1 1 1 1 1 
1 1 1 1 1 1 1 1 1 
1 1 1 1 1 1 1 1 1 
1 1 1 1 1 1 1 1 1 
1 1 1 1 1 1 1 1 1 
1 1 1 1 1 1 1 1 1 
1 1 1 1 1 1 1 1 1 
1 1 1 1 1 1 1 1 1 
1 1 1 1 1 1 1 1 1 
1 1 1 1 1 1 1 1 1 
1 1 1 1 1 1 1 1 1 
1 1 1 1 1 1 1 1 1 
1 1 1 1 1 1 1 1 1 
1 1 1 1 1 1 1 1 1 
1 1 1 1 1 1 1 1 1 
1 1 1 1 1 1 1 1 1 
1 1 1 1 1 1 1 1 1 
1 1 1 1 1 1 1 1 1 
1 1 1 1 1 1 1 1 1 
1 1 1 1 1 1 1 1 1 
1 1 1 1 1 1 1 1 1 
1 1 1 1 1 1 1 1 1 
1 1 1 1 1 1 1 1 1 
1 1 1 1 1 1 1 1 1 
1 1 1 1 1 1 1 1 1 
1 1 1 1 1 1 1 1 1 
1 1 1 1 1 1 1 1 1 
1 1 1 1 1 1 1 1 1 
1 1 1 1 1 1 1 1 1 
1 1 1 1 1 1 1 1 1 
1 1 1 1 1 1 1 1 1 
1 1 1 1 1 1 1 1 1 
1 1 1 1 1 1 1 1 1 
1 1 1 1 1 1 1 1 1 
1 1 1 1 1 1 1 1 1 
1 1 1 1 1 1 1 1 1 
1 1 1 1 1 1 1 1 1 
1 1 1 1 1 1 1 1 1 
1 1 1 1 1 1 1 1 1 
1 1 1 1 1 1 1 1 1 
1 1 1 1 1 1 1 1 1 
1 1 1 1 1 1 1 1 1 
1 1 1 1 1 1 1 1 1 
1 1 1 1 1 1 1 1 1 
1 1 1 1 1 1 1 1 1 
1 1 1 1 1 1 1 1 1 
1 1 1 1 1 1 1 1 1 
1 1 1 1 1 1 1 1 1 
1 1 1 1 1 1 1 1 1 
1 1 1 1 1 1 1 1 1 
1 1 1 1 1 1 1 1 1 
1 1 1 1 1 1 1 1 1 
1 1 1 1 1 1 1 1 1 
1 1 1 1 1 1 1 1 1 
1 1 1 1 1 1 1 1 1 
1 1 1 1 1 1 1 1 1 
1 1 1 1 1 1 1 1 1 
1 1 1 1 1 1 1 1 1 
1 1 1 1 1 1 1 1 1 
1 1 1 1 1 1 1 1 1 
1 1 1 1 1 1 1 1 1 
1 1 1 1 1 1 1 1 1 
1 1 1 1 1 1 1 1 1 
1 1 1 1 1 1 1 1 1 
1 1 1 1 1 1 1 1 1 
1 1 1 1 1 1 1 1 1 
1 1 1 1 1 1 1 1 1 
1 1 1 1 1 1 1 1 1 
1 1 1 1 1 1 1 1 1 
1 1 1 1 1 1 1 1 1 
1 1 1 1 1 1 1 1 1 
1 1 1 1 1 1 1 1 1 
1 1 1 1 1 1 1 1 1 
1 1 1 1 1 1 1 1 1 
1 1 1 1 1 1 1 1 1 
1 1 1 1 1 1 1 1 1 
1 1 1 1 1 1 1 1 1 
1 1 1 1 1 1 1 1 1 
1 1 1 1 1 1 1 1 1 
1 1 1 1 1 1 1 1 1 
1 1 1 1 1 1 1 1 1 
1 1 1 1 1 1 1 1 1 
1 1 1 1 1 1 1 1 1 
1 1 1 1 1 1 1 1 1 
1 1 1 1 1 1 1 1 1 
1 1 1 1 1 1 1 1 1 
1 1 1 1 1 1 1 1 1 
1 1 1 1 1 1 1 1 1 
1 1 1 1 1 1 1 1 1 
1 1 1 1 1 1 1 1 1 
1 1 1 1 1 1 1 1 1 
1 1 1 1 1 1 1 1 1 
1 1 1 1 1 1 1 1 1 
1 1 1 1 1 1 1 1 1 
1 1 1 1 1 1 1 1 1 
1 1 1 1 1 1 1 1 1 
1 1 1 1 1 1 1 1 1 
1 1 1 1 1 1 1 1 1 
1 1 1 1 1 1 1 1 1 
1 1 1 1 1 1 1 1 1 
1 1 1 1 1 1 1 1 1 
1 1 1 1 1 1 1 1 1 
1 1 1 1 1 1 1 1 1 
1 1 1 1 1 1 1 1 1 
1 1 1 1 1 1 1 1 1 
1 1 1 1 1 1 1 1 1 
1 1 1 1 1 1 1 1 1 
1 1 1 1 1 1 1 1 1 
1 1 1 1 1 1 1 1 1 
1 1 1 1 1 1 1 1 1 
1 1 1 1 1 1 1 1 1 
1 1 1 1 1 1 1 1 1 
1 1 1 1 1 1 1 1 1 
1 1 1 1 1 1 1 1 1 
1 1 1 1 1 1 1 1 1 
1 1 1 1 1 1 1 1 1 
1 1 1 1 1 1 1 1 1 
1 1 1 1 1 1 1 1 1 
1 1 1 1 1 1 1 1 1 
1 1 1 1 1 1 1 1 1 
1 1 1 1 1 1 1 1 1 
1 1 1 1 1 1 1 1 1 
1 1 1 1 1 1 1 1 1 
1 1 1 1 1 1 1 1 1 
1 1 1 1 1 1 1 1 1 
1 1 1 1 1 1 1 1 1 
1 1 1 1 1 1 1 1 1 
1 1 1 1 1 1 1 1 1 
1 1 1 1 1 1 1 1 1 
1 1 1 1 1 1 1 1 1 
1 1 1 1 1 1 1 1 1 
1 1 1 1 1 1 1 1 1 
1 1 1 1 1 1 1 1 1 
1 1 1 1 1 1 1 1 1 
1 1 1 1 1 1 1 1 1 
1 1 1 1 1 1 1 1 1 
1 1 1 1 1 1 1 1 1 
1 1 1 1 1 1 1 1 1 
1 1 1 1 1 1 1 1 1 
1 1 1 1 1 1 1 1 1 
1 1 1 1 1 1 1 1 1 
1 1 1 1 1 1 1 1 1 
1 1 1 1 1 1 1 1 1 
1 1 1 1 1 1 1 1 1 
1 1 1 1 1 1 1 1 1 
1 1 1 1 1 1 1 1 1 
1 1 1 1 1 1 1 1 1 
1 1 1 1 1 1 1 1 1 
1 1 1 1 1 1 1 1 1 
1 1 1 1 1 1 1 1 1 
1 1 1 1 1 1 1 1 1 
1 1 1 1 1 1 1 1 1 
1 1 1 1 1 1 1 1 1 
1 1 1 1 1 1 1 1 1 
1 1 1 1 1 1 1 1 1 
1 1 1 1 1 1 1 1 1 
1 1 1 1 1 1 1 1 1 
1 1 1 1 1 1 1 1 1 
1 1 1 1 1 1 1 1 1 
1 1 1 1 1 1 1 1 1 
1 1 1 1 1 1 1 1 1 
1 1 1 1 1 1 1 1 1 
1 1 1 1 1 1 1 1 1 
1 1 1 1 1 1 1 1 1 
1 1 1 1 1 1 1 1 1 
1 1 1 1 1 1 1 1 1 
1 1 1 1 1 1 1 1 1 
1 1 1 1 1 1 1 1 1 
1 1 1 1 1 1 1 1 1 
1 1 1 1 1 1 1 1 1 
1 1 1 1 1 1 1 1 1 
1 1 1 1 1 1 1 1 1 
1 1 1 1 1 1 1 1 1 
1 1 1 1 1 1 1 1 1 
1 1 1 1 1 1 1 1 1 
1 1 1 1 1 1 1 1 1 
1 1 1 1 1 1 1 1 1 
1 1 1 1 1 1 1 1 1 
1 1 1 1 1 1 1 1 1 
1 1 1 1 1 1 1 1 1 
1 1 1 1 1 1 1 1 1 
1 1 1 1 1 1 1 1 1 
1 1 1 1 1 1 1 1 1 
1 1 1 1 1 1 1 1 1 
1 1 1 1 1 1 1 1 1 
1 1 1 1 1 1 1 1 1 
1 1 1 1 1 1 1 1 1 
1 1 1 1 1 1 1 1 1 
1 1 1 1 1 1 1 1 1 
1 1 1 1 1 1 1 1 1 
1 1 1 1 1 1 1 1 1 
1 1 1 1 1 1 1 1 1 
1 1 1 1 1 1 1 1 1 
1 1 1 1 1 1 1 1 1 
1 1 1 1 1 1 1 1 1 
1 1 1 1 1 1 1 1 1 
1 1 1 1 1 1 1 1 1 
1 1 1 1 1 1 1 1 1 
1 1 1 1 1 1 1 1 1 
1 1 1 1 1 1 1 1 1 
1 1 1 1 1 1 1 1 1 
1 1 1 1 1 1 1 1 1 
1 1 1 1 1 1 1 1 1 
1 1 1 1 1 1 1 1 1 
1 1 1 1 1 1 1 1 1 
1 1 1 1 1 1 1 1 1 
1 1 1 1 1 1 1 1 1 
1 1 1 1 1 1 1 1 1 
1 1 1 1 1 1 1 1 1 
1 1 1 1 1 1 1 1 1 
1 1 1 1 1 1 1 1 1 
1 1 1 1 1 1 1 1 1 
1 1 1 1 1 1 1 1 1 
1 1 1 1 1 1 1 1 1 
1 1 1 1 1 1 1 1 1 
1 1 1 1 1 1 1 1 1 
1 1 1 1 1 1 1 1 1 
1 1 1 1 1 1 1 1 1 
1 1 1 1 1 1 1 1 1 
1 1 1 1 1 1 1 1 1 
1 1 1 1 1 1 1 1 1 
1 1 1 1 1 1 1 1 1 
1 1 1 1 1 1 1 1 1 
1 1 1 1 1 1 1 1 1 
1 1 1 1 1 1 1 1 1 
1 1 1 1 1 1 1 1 1 
1 1 1 1 1 1 1 1 1 
1 1 1 1 1 1 1 1 1 
1 1 1 1 1 1 1 1 1 
1 1 1 1 1 1 1 1 1 
1 1 1 1 1 1 1 1 1 
1 1 1 1 1 1 1 1 1 
1 1 1 1 1 1 1 1 1 
1 1 1 1 1 1 1 1 1 
1 1 1 1 1 1 1 1 1 
1 1 1 1 1 1 1 1 1 
1 1 1 1 1 1 1 1 1 
1 1 1 1 1 1 1 1 1 
1 1 1 1 1 1 1 1 1 
1 1 1 1 1 1 1 1 1 
1 1 1 1 1 1 1 1 1 
1 1 1 1 1 1 1 1 1 
1 1 1 1 1 1 1 1 1 
1 1 1 1 1 1 1 1 1 
1 1 1 1 1 1 1 1 1 
1 1 1 1 1 1 1 1 1 
1 1 1 1 1 1 1 1 1 
1 1 1 1 1 1 1 1 1 
1 1 1 1 1 1 1 1 1 
1 1 1 1 1 1 1 1 1 
1 1 1 1 1 1 1 1 1 
1 1 1 1 1 1 1 1 1 
1 1 1 1 1 1 1 1 1 
1 1 1 1 1 1 1 1 1 
1 1 1 1 1 1 1 1 1 
1 1 1 1 1 1 1 1 1 
1 1 1 1 1 1 1 1 1 
1 1 1 1 1 1 1 1 1 
1 1 1 1 1 1 1 1 1 
1 1 1 1 1 1 1 1 1 
1 1 1 1 1 1 1 1 1 
1 1 1 1 1 1 1 1 1 
1 1 1 1 1 1 1 1 1 
1 1 1 1 1 1 1 1 1 
1 1 1 1 1 1 1 1 1 
1 1 1 1 1 1 1 1 1 
1 1 1 1 1 1 1 1 1 
1 1 1 1 1 1 1 1 1 
1 1 1 1 1 1 1 1 1 
1 1 1 1 1 1 1 1 1 
1 1 1 1 1 1 1 1 1 
1 1 1 1 1 1 1 1 1 
1 1 1 1 1 1 1 1 1 
1 1 1 1 1 1 1 1 1 
1 1 1 1 1 1 1 1 1 
1 1 1 1 1 1 1 1 1 
1 1 1 1 1 1 1 1 1 
1 1 1 1 1 1 1 1 1 
1 1 1 1 1 1 1 1 1 
1 1 1 1 1 1 1 1 1 
1 1 1 1 1 1 1 1 1 
1 1 1 1 1 1 1 1 1 
1 1 1 1 1 1 1 1 1 
1 1 1 1 1 1 1 1 1 
1 1 1 1 1 1 1 1 1 
1 1 1 1 1 1 1 1 1 
1 1 1 1 1 1 1 1 1 
1 1 1 1 1 1 1 1 1 
1 1 1 1 1 1 1 1 1 
1 1 1 1 1 1 1 1 1 
1 1 1 1 1 1 1 1 1 
1 1 1 1 1 1 1 1 1 
1 1 1 1 1 1 1 1 1 
1 1 1 1 1 1 1 1 1 
1 1 1 1 1 1 1 1 1 
1 1 1 1 1 1 1 1 1 
1 1 1 1 1 1 1 1 1 
1 1 1 1 1 1 1 1 1 
1 1 1 1 1 1 1 1 1 
1 1 1 1 1 1 1 1 1 
1 1 1 1 1 1 1 1 1 
1 1 1 1 1 1 1 1 1 
1 1 1 1 1 1 1 1 1 
1 1 1 1 1 1 1 1 1 
1 1 1 1 1 1 1 1 1 
1 1 1 1 1 1 1 1 1 
1 1 1 1 1 1 1 1 1 
1 1 1 1 1 1 1 1 1 
1 1 1 1 1 1 1 1 1 
1 1 1 1 1 1 1 1 1 
1 1 1 1 1 1 1 1 1 
1 1 1 1 1 1 1 1 1 
1 1 1 1 1 1 1 1 1 
1 1 1 1 1 1 1 1 1 
1 1 1 1 1 1 1 1 1 
1 1 1 1 1 1 1 1 1 
1 1 1 1 1 1 1 1 1 
1 1 1 1 1 1 1 1 1 
1 1 1 1 1 1 1 1 1 
1 1 1 1 1 1 1 1 1 
1 1 1 1 1 1 1 1 1 
1 1 1 1 1 1 1 1 1 
1 1 1 1 1 1 1 1 1 
1 1 1 1 1 1 1 1 1 
1 1 1 1 1 1 1 1 1 
1 1 1 1 1 1 1 1 1 
1 1 1 1 1 1 1 1 1 
1 1 1 1 1 1 1 1 1 
1 1 1 1 1 1 1 1 1 
1 1 1 1 1 1 1 1 1 
1 1 1 1 1 1 1 1 1 
1 1 1 1 1 1 1 1 1 
1 1 1 1 1 1 1 1 1 
1 1 1 1 1 1 1 1 1 
1 1 1 1 1 1 1 1 1 
1 1 1 1 1 1 1 1 1 
1 1 1 1 1 1 1 1 1 
1 1 1 1 1 1 1 1 1 
1 1 1 1 1 1 1 1 1 
1 1 1 1 1 1 1 1 1 
1 1 1 1 1 1 1 1 1 
1 1 1 1 1 1 1 1 1 
1 1 1 1 1 1 1 1 1 
1 1 1 1 1 1 1 1 1 
1 1 1 1 1 1 1 1 1 
1 1 1 1 1 1 1 1 1 
1 1 1 1 1 1 1 1 1 
1 1 1 1 1 1 1 1 1 
1 1 1 1 1 1 1 1 1 
1 1 1 1 1 1 1 1 1 
1 1 1 1 1 1 1 1 1 
1 1 1 1 1 1 1 1 1 
1 1 1 1 1 1 1 1 1 
1 1 1 1 1 1 1 1 1 
1 1 1 1 1 1 1 1 1 
1 1 1 1 1 1 1 1 1 
1 1 1 1 1 1 1 1 1 
1 1 1 1 1 1 1 1 1 
1 1 1 1 1 1 1 1 1 
1 1 1 1 1 1 1 1 1 
1 1 1 1 1 1 1 1 1 
1 1 1 1 1 1 1 1 1 
1 1 1 1 1 1 1 1 1 
1 1 1 1 1 1 1 1 1 
1 1 1 1 1 1 1 1 1 
1 1 1 1 1 1 1 1 1 
1 1 1 1 1 1 1 1 1 
1 1 1 1 1 1 1 1 1 
1 1 1 1 1 1 1 1 1 
1 1 1 1 1 1 1 1 1 
1 1 1 1 1 1 1 1 1 
1 1 1 1 1 1 1 1 1 
1 1 1 1 1 1 1 1 1 
1 1 1 1 1 1 1 1 1 
1 1 1 1 1 1 1 1 1 
1 1 1 1 1 1 1 1 1 
1 1 1 1 1 1 1 1 1 
1 1 1 1 1 1 1 1 1 
1 1 1 1 1 1 1 1 1 
1 1 1 1 1 1 1 1 1 
1 1 1 1 1 1 1 1 1 
1 1 1 1 1 1 1 1 1 
1 1 1 1 1 1 1 1 1 
1 1 1 1 1 1 1 1 1 
1 1 1 1 1 1 1 1 1 
1 1 1 1 1 1 1 1 1 
1 1 1 1 1 1 1 1 1 
1 1 1 1 1 1 1 1 1 
1 1 1 1 1 1 1 1 1 
1 1 1 1 1 1 1 1 1 
1 1 1 1 1 1 1 1 1 
1 1 1 1 1 1 1 1 1 
1 1 1 1 1 1 1 1 1 
1 1 1 1 1 1 1 1 1 
1 1 1 1 1 1 1 1 1 
1 1 1 1 1 1 1 1 1 
1 1 1 1 1 1 1 1 1 
1 1 1 1 1 1 1 1 1 
1 1 1 1 1 1 1 1 1 
1 1 1 1 1 1 1 1 1 
1 1 1 1 1 1 1 1 1 
1 1 1 1 1 1 1 1 1 
1 1 1 1 1 1 1 1 1 
1 1 1 1 1 1 1 1 1 
1 1 1 1 1 1 1 1 1 
1 1 1 1 1 1 1 1 1 
1 1 1 1 1 1 1 1 1 
1 1 1 1 1 1 1 1 1 
1 1 1 1 1 1 1 1 1 
1 1 1 1 1 1 1 1 1 
1 1 1 1 1 1 1 1 1 
1 1 1 1 1 1 1 1 1 
1 1 1 1 1 1 1 1 1 
1 1 1 1 1 1 1 1 1 
1 1 1 1 1 1 1 1 1 
1 1 1 1 1 1 1 1 1 
1 1 1 1 1 1 1 1 1 
1 1 1 1 1 1 1 1 1 
1 1 1 1 1 1 1 1 1 
1 1 1 1 1 1 1 1 1 
1 1 1 1 1 1 1 1 1 
1 1 1 1 1 1 1 1 1 
1 1 1 1 1 1 1 1 1 
1 1 1 1 1 1 1 1 1 
1 1 1 1 1 1 1 1 1 
1 1 1 1 1 1 1 1 1 
1 1 1 1 1 1 1 1 1 
1 1 1 1 1 1 1 1 1 
1 1 1 1 1 1 1 1 1 
1 1 1 1 1 1 1 1 1 
1 1 1 1 1 1 1 1 1 
1 1 1 1 1 1 1 1 1 
1 1 1 1 1 1 1 1 1 
1 1 1 1 1 1 1 1 1 
1 1 1 1 1 1 1 1 1 
1 1 1 1 1 1 1 1 1 
1 1 1 1 1 1 1 1 1 
1 1 1 1 1 1 1 1 1 
1 1 1 1 1 1 1 1 1 
1 1 1 1 1 1 1 1 1 
1 1 1 1 1 1 1 1 1 
1 1 1 1 1 1 1 1 1 
1 1 1 1 1 1 1 1 1 
1 1 1 1 1 1 1 1 1 
1 1 1 1 1 1 1 1 1 
1 1 1 1 1 1 1 1 1 
1 1 1 1 1 1 1 1 1 
1 1 1 1 1 1 1 1 1 
1 1 1 1 1 1 1 1 1 
1 1 1 1 1 1 1 1 1 
1 1 1 1 1 1 1 1 1 
1 1 1 1 1 1 1 1 1 
1 1 1 1 1 1 1 1 1 
1 1 1 1 1 1 1 1 1 
1 1 1 1 1 1 1 1 1 
1 1 1 1 1 1 1 1 1 
1 1 1 1 1 1 1 1 1 
1 1 1 1 1 1 1 1 1 
1 1 1 1 1 1 1 1 1 
1 1 1 1 1 1 1 1 1 
1 1 1 1 1 1 1 1 1 
1 1 1 1 1 1 1 1 1 
1 1 1 1 1 1 1 1 1 
1 1 1 1 1 1 1 1 1 
1 1 1 1 1 1 1 1 1 
1 1 1 1 1 1 1 1 1 
1 1 1 1 1 1 1 1 1 
1 1 1 1 1 1 1 1 1 
1 1 1 1 1 1 1 1 1 
1 1 1 1 1 1 1 1 1 
1 1 1 1 1 1 1 1 1 
1 1 1 1 1 1 1 1 1 
1 1 1 1 1 1 1 1 1 
1 1 1 1 1 1 1 1 1 
1 1 1 1 1 1 1 1 1 
1 1 1 1 1 1 1 1 1 
1 1 1 1 1 1 1 1 1 
1 1 1 1 1 1 1 1 1 
1 1 1 1 1 1 1 1 1 
1 1 1 1 1 1 1 1 1 
1 1 1 1 1 1 1 1 1 
1 1 1 1 1 1 1 1 1 
1 1 1 1 1 1 1 1 1 
1 1 1 1 1 1 1 1 1 
1 1 1 1 1 1 1 1 1 
1 1 1 1 1 1 1 1 1 
1 1 1 1 1 1 1 1 1 
1 1 1 1 1 1 1 1 1 
1 1 1 1 1 1 1 1 1 
1 1 1 1 1 1 1 1 1 
1 1 1 1 1 1 1 1 1 
1 1 1 1 1 1 1 1 1 
1 1 1 1 1 1 1 1 1 
1 1 1 1 1 1 1 1 1 
1 1 1 1 1 1 1 1 1 
1 1 1 1 1 1 1 1 1 
1 1 1 1 
