# vtk DataFile Version 5.1
vtk output
ASCII
DATASET POLYDATA
POINTS 3150 float
0.201173 -0.0293189 0.642233 0.202513 -0.0212682 0.62128 0.184936 -0.0339025 0.627368 
0.232761 -0.03294 0.642861 0.2341 -0.0248894 0.621908 0.264348 -0.0365611 0.643489 
0.265688 -0.0285105 0.622536 0.279698 -0.0447659 0.629252 -0.181443 -0.014755 0.647501 
-0.180103 -0.00670441 0.626548 -0.19768 -0.0193387 0.632636 -0.149855 -0.0183762 0.648129 
-0.148516 -0.0103255 0.627176 -0.118268 -0.0219973 0.648757 -0.116928 -0.0139467 0.627804 
-0.0866805 -0.0256184 0.649385 -0.085341 -0.0175678 0.628432 -0.055093 -0.0292396 0.650013 
-0.0537535 -0.0211889 0.62906 -0.0235055 -0.0328607 0.650641 -0.0221661 -0.0248101 0.629688 
0.00808195 -0.0364818 0.651269 0.00942142 -0.0284312 0.630316 0.0396694 -0.0401029 0.651897 
0.0410089 -0.0320523 0.630944 0.0712569 -0.0437241 0.652525 0.0725964 -0.0356735 0.631572 
0.102844 -0.0473452 0.653153 0.104184 -0.0392946 0.6322 0.134432 -0.0509663 0.653781 
0.135771 -0.0429157 0.632828 0.166019 -0.0545875 0.654409 0.167359 -0.0465368 0.633456 
0.197607 -0.0582086 0.655037 0.229194 -0.0618297 0.655665 0.244544 -0.0700345 0.641428 
0.262121 -0.0574002 0.63534 -0.185009 -0.0436448 0.660305 -0.201247 -0.0482285 0.64544 
-0.153422 -0.0472659 0.660933 -0.121834 -0.050887 0.661561 -0.0902469 -0.0545082 0.662189 
-0.0586594 -0.0581293 0.662817 -0.0270719 -0.0617504 0.663445 0.00451553 -0.0653716 0.664073 
0.036103 -0.0689927 0.664701 0.0676905 -0.0726138 0.665329 0.099278 -0.076235 0.665957 
0.130865 -0.0798561 0.666585 0.146215 -0.0880609 0.652348 0.163792 -0.0754266 0.64626 
0.19538 -0.0790477 0.646888 0.226967 -0.0826688 0.647516 -0.188576 -0.0725345 0.673109 
-0.204813 -0.0771182 0.658244 -0.156988 -0.0761557 0.673737 -0.125401 -0.0797768 0.674365 
-0.0938133 -0.0833979 0.674993 -0.0622258 -0.087019 0.675621 -0.0306384 -0.0906402 0.676249 
0.000949111 -0.0942613 0.676877 0.0325366 -0.0978824 0.677505 0.0641241 -0.101504 0.678133 
0.0794741 -0.109708 0.663896 0.097051 -0.0970741 0.657808 0.128638 -0.100695 0.658436 
-0.190803 -0.0933736 0.66496 -0.159215 -0.0969948 0.665588 -0.127628 -0.100616 0.666216 
-0.0960403 -0.104237 0.666844 -0.0644528 -0.107858 0.667472 -0.0328653 -0.111479 0.6681 
-0.00127783 -0.1151 0.668728 0.0303096 -0.118722 0.669356 0.0618971 -0.122343 0.669984 
-0.234806 0.066368 0.578732 -0.233467 0.0744186 0.557778 -0.251044 0.0617843 0.563866 
-0.203219 0.0627468 0.57936 -0.201879 0.0707975 0.558406 -0.171631 0.0591257 0.579988 
-0.170292 0.0671763 0.559034 -0.140044 0.0555046 0.580616 -0.138704 0.0635552 0.559662 
-0.108456 0.0518834 0.581244 -0.107117 0.0599341 0.56029 -0.0768687 0.0482623 0.581871 
-0.0755292 0.0563129 0.560918 -0.0452812 0.0446412 0.582499 -0.0439417 0.0526918 0.561546 
-0.0299312 0.0364364 0.568262 0.144244 0.0229144 0.586267 0.145583 0.030965 0.565314 
0.128006 0.0183307 0.571402 0.175831 0.0192933 0.586895 0.177171 0.0273439 0.565942 
0.191181 0.0110885 0.572658 -0.237033 0.0455288 0.570582 -0.223022 0.0292734 0.577298 
-0.206785 0.0338571 0.592163 -0.175198 0.030236 0.592791 -0.14361 0.0266148 0.593419 
-0.112023 0.0229937 0.594047 -0.0804351 0.0193726 0.594675 -0.0488476 0.0157514 0.595303 
-0.0159207 0.0201809 0.574978 -0.0172602 0.0121303 0.595931 0.0143273 0.00850918 0.596559 
0.0156668 0.0165598 0.575606 0.0459148 0.00488805 0.597187 0.0472543 0.0129387 0.576234 
0.0775023 0.00126692 0.597815 0.0788417 0.00931754 0.576862 0.10909 -0.00235421 0.598443 
0.110429 0.00569641 0.57749 0.140677 -0.00597534 0.599071 0.172265 -0.00959647 0.599699 
0.205192 -0.00516698 0.579374 0.203852 -0.0132176 0.600327 0.23544 -0.0168387 0.600955 
0.236779 -0.00878811 0.580002 0.267027 -0.0204599 0.601583 0.268367 -0.0124092 0.58063 
0.298615 -0.024081 0.602211 0.299954 -0.0160304 0.581258 0.330202 -0.0277021 0.602839 
0.331542 -0.0196515 0.581886 0.36179 -0.0313233 0.603467 0.363129 -0.0232726 0.582514 
0.393377 -0.0349444 0.604095 0.394717 -0.0268938 0.583142 0.408727 -0.0431492 0.589858 
-0.210351 0.00496734 0.604967 -0.226589 0.00038366 0.590102 -0.178764 0.00134621 0.605595 
-0.147176 -0.00227492 0.606223 -0.115589 -0.00589605 0.606851 -0.0840015 -0.00951718 0.607479 
-0.0524141 -0.0131383 0.608107 -0.0208266 -0.0167594 0.608735 0.0107609 -0.0203806 0.609363 
0.0423484 -0.0240017 0.609991 0.0739359 -0.0276228 0.610619 0.105523 -0.031244 0.611247 
0.137111 -0.0348651 0.611875 0.168698 -0.0384862 0.612503 0.295048 -0.0529707 0.615015 
0.326636 -0.0565919 0.615643 0.341986 -0.0647967 0.601406 0.359563 -0.0521624 0.595318 
0.39115 -0.0557835 0.595946 -0.213918 -0.0239224 0.617771 -0.230155 -0.0285061 0.602906 
0.259894 -0.0782394 0.627191 0.275244 -0.0864442 0.612954 0.292821 -0.0738099 0.606866 
0.324409 -0.077431 0.607494 -0.249072 -0.049191 0.629947 -0.247732 -0.0411404 0.608994 
-0.265309 -0.0537747 0.615082 -0.217484 -0.0528121 0.630575 0.145328 -0.100849 0.623246 
0.162905 -0.0882151 0.617158 0.194492 -0.0918362 0.617786 0.22608 -0.0954573 0.618414 
0.257667 -0.0990785 0.619042 -0.251299 -0.0700301 0.621798 -0.219711 -0.0736513 0.622426 
-0.188124 -0.0772724 0.623054 -0.189463 -0.085323 0.644007 -0.156536 -0.0808935 0.623682 
-0.157876 -0.0889442 0.644635 -0.124949 -0.0845147 0.62431 -0.126288 -0.0925653 0.645263 
-0.110938 -0.10077 0.631026 0.0785866 -0.122497 0.634794 0.0961635 -0.109863 0.628706 
0.127751 -0.113484 0.629334 -0.0969277 -0.117026 0.637742 -0.0653403 -0.120647 0.63837 
-0.0337528 -0.124268 0.638998 -0.00216531 -0.127889 0.639626 0.0294222 -0.13151 0.640254 
0.0610096 -0.135131 0.640882 -0.196973 0.107738 0.52465 -0.195634 0.115788 0.503696 
-0.213211 0.103154 0.509784 -0.181623 0.099533 0.510412 -0.232127 0.0824692 0.536825 
-0.230788 0.0905198 0.515872 -0.248365 0.0778855 0.52196 -0.20054 0.0788481 0.537453 
-0.167613 0.0832776 0.517128 -0.168952 0.0752269 0.538081 -0.137365 0.0716058 0.538709 
-0.136025 0.0796564 0.517756 -0.105777 0.0679847 0.539337 -0.104438 0.0760353 0.518384 
-0.0741897 0.0643636 0.539965 -0.0728503 0.0724142 0.519012 -0.0588397 0.0561587 0.525728 
0.0521602 0.049879 0.542477 0.0534996 0.0579297 0.521524 0.0359227 0.0452954 0.527612 
0.0837476 0.0462579 0.543105 0.0850871 0.0543085 0.522152 0.115335 0.0426368 0.543733 
0.116675 0.0506874 0.52278 0.146923 0.0390156 0.544361 0.148262 0.0470663 0.523408 
0.17851 0.0353945 0.544989 0.17985 0.0434451 0.524036 0.210098 0.0317734 0.545617 
0.211437 0.039824 0.524664 0.241685 0.0281523 0.546245 0.243024 0.0362029 0.525292 
0.273272 0.0245311 0.546873 0.274612 0.0325818 0.52592 0.30486 0.02091 0.547501 
0.306199 0.0289606 0.526548 0.32021 0.0127052 0.533264 0.368035 0.0136677 0.548757 
0.369374 0.0217184 0.527804 0.351797 0.00908405 0.533892 0.399622 0.0100466 0.549385 
0.400962 0.0180972 0.528432 0.43121 0.00642548 0.550013 0.432549 0.0144761 0.52906 
0.44656 -0.00177934 0.535776 -0.267281 0.0572006 0.549001 -0.265942 0.0652512 0.528048 
-0.283518 0.0526169 0.534136 -0.0448292 0.0399033 0.532444 -0.0145812 0.0282316 0.554025 
-0.0132417 0.0362822 0.533072 0.0170063 0.0246104 0.554653 0.0183457 0.032661 0.5337 
0.0485937 0.0209893 0.555281 0.0801812 0.0173682 0.555909 0.111769 0.013747 0.556537 
0.206531 0.00288364 0.558421 0.238119 -0.000737486 0.559049 0.269706 -0.00435862 0.559677 
0.301294 -0.00797975 0.560305 0.33422 -0.00355025 0.53998 0.332881 -0.0116009 0.560933 
0.364469 -0.015222 0.561561 0.396056 -0.0188431 0.562189 0.427643 -0.0224643 0.562817 
0.442993 -0.0306691 0.54858 -0.269508 0.0363615 0.540852 -0.23926 0.0246897 0.562433 
-0.255497 0.020106 0.547568 0.424077 -0.051354 0.575621 0.439427 -0.0595588 0.561384 
-0.242826 -0.00420002 0.575237 -0.259064 -0.00878371 0.560372 0.357336 -0.0730015 0.587169 
0.388923 -0.0766226 0.587797 0.404273 -0.0848274 0.57356 0.42185 -0.0721931 0.567472 
-0.309568 -0.0258475 0.586785 -0.308228 -0.0177969 0.565832 -0.325805 -0.0304312 0.57192 
-0.27798 -0.0294686 0.587413 -0.276641 -0.021418 0.56646 -0.246393 -0.0330898 0.588041 
0.290594 -0.094649 0.598717 0.305944 -0.102854 0.58448 0.323521 -0.0902195 0.578392 
0.355109 -0.0938406 0.57902 0.386696 -0.0974617 0.579648 -0.311795 -0.0466866 0.578636 
-0.297784 -0.0629421 0.585352 -0.281547 -0.0583584 0.600217 0.144441 -0.113638 0.594143 
0.162017 -0.101004 0.588055 0.193605 -0.104625 0.588683 0.225192 -0.108246 0.589311 
0.25678 -0.111867 0.589939 0.288367 -0.115488 0.590567 -0.283774 -0.0791975 0.592068 
-0.252186 -0.0828186 0.592696 -0.220599 -0.0864398 0.593323 -0.189011 -0.0900609 0.593951 
-0.157424 -0.093682 0.594579 -0.125836 -0.0973032 0.595207 -0.111826 -0.113559 0.601923 
0.0776991 -0.135285 0.605691 0.0952761 -0.122651 0.599603 0.126864 -0.126272 0.600231 
-0.0978152 -0.129814 0.608639 -0.0662277 -0.133435 0.609267 -0.0346403 -0.137056 0.609895 
-0.00305278 -0.140677 0.610523 0.0285347 -0.144299 0.611151 0.0601222 -0.14792 0.611779 
-0.162707 0.120218 0.483371 -0.161367 0.128269 0.462418 -0.178944 0.115634 0.468506 
-0.131119 0.116597 0.483999 -0.12978 0.124647 0.463046 -0.115769 0.108392 0.469762 
0.279518 0.0695221 0.492163 0.280857 0.0775727 0.47121 0.26328 0.0649384 0.477298 
0.311105 0.065901 0.492791 0.312445 0.0739516 0.471838 0.342693 0.0622799 0.493419 
0.344032 0.0703305 0.472466 0.37428 0.0586587 0.494047 0.37562 0.0667094 0.473094 
0.405868 0.0550376 0.494675 0.407207 0.0630882 0.473722 0.421218 0.0468328 0.480438 
-0.196521 0.103 0.474594 -0.214098 0.0903656 0.480682 -0.166273 0.0913282 0.496175 
-0.134686 0.0877071 0.496803 -0.101759 0.0921366 0.476478 -0.103098 0.0840859 0.497431 
-0.0715108 0.0804648 0.498059 -0.0701713 0.0885154 0.477106 -0.0561608 0.07226 0.483822 
0.118014 0.058738 0.501827 0.119354 0.0667887 0.480874 0.101777 0.0541543 0.486962 
0.149602 0.0551169 0.502455 0.150941 0.0631675 0.481502 0.181189 0.0514958 0.503083 
0.182528 0.0595464 0.48213 0.212776 0.0478746 0.503711 0.214116 0.0559253 0.482758 
0.244364 0.0442535 0.504339 0.245703 0.0523041 0.483386 0.275951 0.0406324 0.504967 
0.307539 0.0370112 0.505595 0.339126 0.0333901 0.506223 0.370714 0.029769 0.506851 
0.402301 0.0261479 0.507479 0.435228 0.0305773 0.487154 0.433889 0.0225267 0.508107 
0.449239 0.0143219 0.49387 -0.29619 0.076923 0.506467 -0.29485 0.0849736 0.485514 
-0.312427 0.0723393 0.491602 -0.264602 0.0733018 0.507095 -0.263263 0.0813525 0.486142 
-0.231675 0.0777313 0.48677 -0.0434897 0.0479539 0.511491 -0.0421503 0.0560046 0.490538 
-0.0119023 0.0443328 0.512119 -0.0105628 0.0523834 0.491166 0.0196852 0.0407117 0.512747 
0.0210247 0.0487623 0.491794 0.0526122 0.0451412 0.492422 0.0841996 0.04152 0.49305 
0.33556 0.00450037 0.519027 0.445672 -0.0145678 0.506674 -0.298416 0.0560839 0.498318 
-0.284406 0.0398284 0.505034 0.442106 -0.0434576 0.519478 -0.271735 0.0155224 0.532703 
-0.287972 0.0109387 0.517838 0.43854 -0.0723473 0.532281 -0.306889 -0.00974626 0.544879 
-0.305549 -0.00169564 0.523926 -0.323126 -0.0143299 0.530014 -0.275301 -0.0133674 0.545507 
0.403386 -0.0976159 0.544457 0.420963 -0.0849816 0.538369 -0.326693 -0.0432197 0.542817 
0.321294 -0.111059 0.570242 0.352882 -0.11468 0.57087 0.368232 -0.122885 0.556633 
0.385809 -0.11025 0.550545 -0.312682 -0.0594751 0.549533 -0.281095 -0.0630963 0.550161 
-0.282434 -0.0711469 0.571114 -0.267084 -0.0793517 0.556877 0.143553 -0.126426 0.565041 
0.16113 -0.113792 0.558953 0.192717 -0.117413 0.559581 0.224305 -0.121034 0.560209 
0.255892 -0.124655 0.560837 0.28748 -0.128277 0.561465 0.319067 -0.131898 0.562093 
0.350655 -0.135519 0.562721 -0.253074 -0.0956071 0.563593 -0.221486 -0.0992283 0.564221 
-0.189899 -0.102849 0.564849 -0.158311 -0.106471 0.565477 -0.126724 -0.110092 0.566105 
-0.0951363 -0.113713 0.566733 -0.0964757 -0.121763 0.587686 -0.0811257 -0.129968 0.573449 
0.0614616 -0.139869 0.590826 0.0452242 -0.144453 0.575961 0.0628011 -0.131818 0.569873 
0.0943886 -0.13544 0.570501 0.125976 -0.139061 0.571129 -0.0671152 -0.146224 0.580165 
-0.0355277 -0.149845 0.580793 -0.00394025 -0.153466 0.581421 0.0276472 -0.157087 0.582049 
-0.12844 0.132698 0.442093 -0.127101 0.140749 0.42114 -0.144678 0.128114 0.427228 
-0.0968529 0.129077 0.442721 -0.0955134 0.137128 0.421768 -0.0815029 0.120872 0.428484 
0.282197 0.0856234 0.450257 0.283536 0.093674 0.429304 0.265959 0.0810397 0.435392 
0.313784 0.0820022 0.450885 0.315124 0.0900529 0.429932 0.345372 0.0783811 0.451513 
0.346711 0.0864317 0.43056 0.360722 0.0701763 0.437276 -0.195182 0.111051 0.453641 
-0.193842 0.119101 0.432688 -0.211419 0.106467 0.438776 -0.162255 0.11548 0.433316 
-0.100419 0.100187 0.455525 -0.0674924 0.104617 0.4352 -0.0688318 0.0965661 0.456153 
-0.0534818 0.0883612 0.441916 0.215455 0.0639759 0.461805 0.216795 0.0720265 0.440852 
0.199218 0.0593922 0.44694 0.247043 0.0603548 0.462433 0.248382 0.0684054 0.44148 
0.374732 0.0539209 0.443992 0.40632 0.0502997 0.44462 0.42033 0.0340443 0.451336 
-0.261923 0.0894031 0.465189 -0.260584 0.0974537 0.444236 -0.278161 0.0848194 0.450324 
-0.230336 0.085782 0.465817 -0.228996 0.0938326 0.444864 -0.0408108 0.0640552 0.469585 
-0.0394713 0.0721058 0.448632 -0.00922331 0.0604341 0.470213 -0.00788384 0.0684847 0.44926 
0.0223642 0.0568129 0.470841 0.0237036 0.0648635 0.449888 0.0539516 0.0531918 0.471469 
0.0552911 0.0612424 0.450516 0.0855391 0.0495707 0.472097 0.0868786 0.0576213 0.451144 
0.118466 0.0540002 0.451772 0.150054 0.050379 0.4524 0.181641 0.0467579 0.453028 
0.433001 0.00973823 0.479005 0.416764 0.00515454 0.46414 -0.328665 0.0677556 0.476737 
-0.327325 0.0758062 0.455784 -0.344902 0.0631719 0.461872 -0.295738 0.0721851 0.456412 
0.429435 -0.0191515 0.491809 0.413197 -0.0237352 0.476943 -0.330891 0.0469165 0.468588 
-0.300643 0.0352447 0.490169 -0.316881 0.030661 0.475304 0.427208 -0.0399906 0.483659 
0.441219 -0.0562461 0.490375 -0.335797 0.00997612 0.502345 -0.334458 0.0180267 0.481392 
-0.352035 0.00539243 0.487479 -0.30421 0.00635499 0.502973 0.422302 -0.076931 0.517416 
0.406065 -0.0815147 0.502551 0.423642 -0.0688804 0.496463 -0.338024 -0.010863 0.494195 
-0.324014 -0.0271184 0.500911 0.402498 -0.110404 0.515355 -0.310003 -0.0433739 0.507627 
-0.311343 -0.0514245 0.52858 -0.295993 -0.0596293 0.514343 0.367344 -0.135673 0.527531 
0.384921 -0.123039 0.521443 -0.281982 -0.0758848 0.521059 -0.250395 -0.0795059 0.521687 
-0.251734 -0.0875565 0.54264 -0.218807 -0.083127 0.522315 -0.220147 -0.0911776 0.543268 
-0.18722 -0.0867481 0.522943 -0.188559 -0.0947988 0.543896 -0.155632 -0.0903693 0.523571 
-0.156972 -0.0984199 0.544524 -0.141622 -0.106625 0.530287 0.127316 -0.13101 0.550176 
0.111078 -0.135594 0.535311 0.128655 -0.122959 0.529223 0.160242 -0.126581 0.529851 
0.19183 -0.130202 0.530479 0.223417 -0.133823 0.531107 0.255005 -0.137444 0.531735 
0.286592 -0.141065 0.532363 0.31818 -0.144686 0.532991 0.349767 -0.148307 0.533619 
-0.127611 -0.12288 0.537003 -0.0960237 -0.126501 0.537631 -0.0644362 -0.130122 0.538259 
-0.0657757 -0.138173 0.559212 -0.0328488 -0.133744 0.538887 -0.0341883 -0.141794 0.55984 
-0.0012613 -0.137365 0.539515 -0.00260077 -0.145415 0.560468 0.0303262 -0.140986 0.540143 
0.0289867 -0.149036 0.561096 0.0619137 -0.144607 0.540771 0.0935011 -0.148228 0.541399 
-0.094174 0.145178 0.400815 -0.0928345 0.153229 0.379862 -0.110411 0.140594 0.38595 
-0.078824 0.136973 0.386578 0.253288 0.105346 0.407723 0.254628 0.113396 0.38677 
0.237051 0.100762 0.392858 0.284876 0.101725 0.408351 0.286215 0.109775 0.387398 
0.300226 0.0935198 0.394114 -0.160915 0.123531 0.412363 -0.159576 0.131581 0.39141 
-0.177153 0.118947 0.397498 -0.127988 0.12796 0.392038 -0.0661529 0.112667 0.414247 
-0.0648134 0.120718 0.393294 -0.0345654 0.109046 0.414875 -0.0332259 0.117097 0.393922 
-0.0192154 0.100841 0.400638 0.218134 0.0800771 0.419899 0.219474 0.0881278 0.398946 
0.201897 0.0754934 0.405034 0.249722 0.076456 0.420527 0.314236 0.0772644 0.40083 
0.344484 0.0655926 0.422411 0.328247 0.0610089 0.407546 -0.227657 0.101883 0.423911 
-0.226317 0.109934 0.402958 -0.243894 0.0972995 0.409046 -0.19473 0.106313 0.403586 
-0.0381318 0.0801564 0.427679 -0.00520489 0.0845859 0.407354 -0.00654437 0.0765353 0.428307 
0.0250431 0.0729142 0.428935 0.0263826 0.0809648 0.407982 0.0566306 0.069293 0.429563 
0.0579701 0.0773437 0.40861 0.0882181 0.0656719 0.430191 0.0895575 0.0737225 0.409238 
0.119806 0.0620508 0.430819 0.121145 0.0701014 0.409866 0.151393 0.0584296 0.431447 
0.152732 0.0664803 0.410494 0.18298 0.0548085 0.432075 0.18432 0.0628591 0.411122 
0.342257 0.0447535 0.414262 0.373845 0.0411324 0.41489 0.404093 0.0294606 0.436471 
0.387855 0.0248769 0.421605 -0.325986 0.0838569 0.434831 -0.324646 0.0919075 0.413878 
-0.342223 0.0792732 0.419966 -0.294398 0.0802357 0.435459 -0.293059 0.0882863 0.414506 
-0.261471 0.0846652 0.415134 0.400526 0.000570861 0.449274 0.384289 -0.00401282 0.434409 
-0.345789 0.0503834 0.43277 0.398299 -0.0202683 0.441125 0.41231 -0.0365237 0.447841 
-0.364706 0.0296985 0.45981 -0.363366 0.0377491 0.438857 -0.380943 0.0251148 0.444945 
-0.333118 0.0260774 0.460438 0.424981 -0.0608298 0.47551 0.408744 -0.0654134 0.460645 
-0.366933 0.00885937 0.451661 -0.352922 -0.00739606 0.458377 0.405177 -0.0943032 0.473449 
-0.338912 -0.0236515 0.465093 -0.324901 -0.0399069 0.471809 0.386261 -0.114988 0.50049 
0.370023 -0.119572 0.485625 0.3876 -0.106937 0.479537 -0.310891 -0.0561624 0.478525 
-0.29688 -0.0724178 0.485241 0.287932 -0.133014 0.51141 0.271694 -0.137598 0.496545 
0.289271 -0.124964 0.490457 0.320859 -0.128585 0.491085 0.319519 -0.136636 0.512038 
0.352446 -0.132206 0.491713 0.351107 -0.140257 0.512666 -0.28287 -0.0886732 0.491957 
-0.251282 -0.0922944 0.492585 -0.219695 -0.0959155 0.493213 -0.188107 -0.0995366 0.493841 
-0.15652 -0.103158 0.494469 -0.124932 -0.106779 0.495097 -0.126272 -0.11483 0.51605 
-0.110922 -0.123034 0.501813 0.0948406 -0.140177 0.520446 0.0786031 -0.144761 0.505581 
0.0961801 -0.132127 0.499493 0.127768 -0.135748 0.500121 0.159355 -0.139369 0.500749 
0.190943 -0.14299 0.501377 0.22253 -0.146611 0.502005 0.254117 -0.150232 0.502633 
-0.0969112 -0.13929 0.508529 -0.0653237 -0.142911 0.509157 -0.0337362 -0.146532 0.509785 
-0.00214877 -0.150153 0.510413 0.0294387 -0.153774 0.511041 0.0610262 -0.157395 0.511669 
-0.0599075 0.157658 0.359537 -0.0585681 0.165709 0.338584 -0.076145 0.153075 0.344672 
-0.0445575 0.149453 0.3453 0.22438 0.125068 0.365189 0.225719 0.133119 0.344236 
0.208142 0.120484 0.350324 0.255967 0.121447 0.365817 0.257307 0.129498 0.344864 
0.287555 0.117826 0.366445 0.288894 0.125876 0.345492 0.302905 0.109621 0.352208 
-0.126649 0.136011 0.371085 -0.125309 0.144061 0.350132 -0.142886 0.131427 0.35622 
-0.093722 0.14044 0.35076 -0.063474 0.128769 0.372341 -0.030547 0.133198 0.352016 
-0.0318865 0.125147 0.372969 -0.000299 0.121526 0.373597 0.00104047 0.129577 0.352644 
0.0312885 0.117905 0.374225 0.032628 0.125956 0.353272 0.0466385 0.1097 0.359988 
0.189226 0.0997995 0.377365 0.190565 0.10785 0.356412 0.172988 0.0952158 0.3625 
0.220813 0.0961784 0.377993 0.299338 0.0807313 0.365012 -0.19339 0.114363 0.382633 
-0.192051 0.122414 0.36168 -0.209628 0.10978 0.367768 -0.160463 0.118793 0.362308 
-0.00386542 0.0926365 0.386401 0.0277221 0.0890154 0.387029 0.060649 0.0934449 0.366704 
0.0593095 0.0853943 0.387657 0.090897 0.0817732 0.388285 0.0922365 0.0898238 0.367332 
0.122484 0.078152 0.388913 0.123824 0.0862026 0.367959 0.154072 0.0745309 0.389541 
0.155411 0.0825815 0.368587 0.185659 0.0709098 0.390169 0.313349 0.0644759 0.371727 
0.327359 0.0482204 0.378443 -0.291719 0.096337 0.393553 -0.29038 0.104388 0.3726 
-0.307957 0.0917533 0.378687 -0.260132 0.0927158 0.394181 -0.258792 0.100766 0.373228 
-0.227205 0.0971453 0.373856 0.34137 0.031965 0.385159 0.371618 0.0202932 0.40674 
0.35538 0.0157096 0.391875 -0.358461 0.0746895 0.4051 -0.357121 0.0827401 0.384147 
-0.374698 0.0701058 0.390235 -0.325534 0.079119 0.384775 0.369391 -0.000545883 0.398591 
0.383401 -0.0168013 0.405307 -0.360687 0.0538504 0.396951 -0.346677 0.0375949 0.403667 
0.396073 -0.0411074 0.432976 0.379835 -0.0456911 0.418111 -0.364254 0.0249606 0.409755 
-0.381831 0.0123263 0.415843 0.392506 -0.0699971 0.44578 0.376269 -0.0745808 0.430915 
-0.36782 -0.00392912 0.422559 -0.35381 -0.0201846 0.429275 0.357352 -0.0952657 0.457956 
0.341115 -0.0998494 0.443091 0.358692 -0.0872151 0.437003 0.38894 -0.0988869 0.458584 
-0.339799 -0.03644 0.435991 -0.325789 -0.0526954 0.442707 0.322198 -0.120534 0.470132 
0.305961 -0.125118 0.455267 0.323538 -0.112484 0.449179 0.353786 -0.124155 0.47076 
-0.311778 -0.0689509 0.449423 -0.297768 -0.0852063 0.456139 0.223869 -0.138561 0.481052 
0.207632 -0.143144 0.466186 0.225209 -0.13051 0.460098 0.256796 -0.134131 0.460726 
0.255457 -0.142182 0.48168 0.288384 -0.137752 0.461354 -0.283757 -0.101462 0.462855 
-0.25217 -0.105083 0.463483 -0.220582 -0.108704 0.464111 -0.188995 -0.112325 0.464739 
-0.157407 -0.115946 0.465367 -0.12582 -0.119567 0.465995 -0.0942323 -0.123189 0.466622 
-0.0955717 -0.131239 0.487576 -0.0626448 -0.12681 0.46725 -0.0639843 -0.13486 0.488204 
-0.0310573 -0.130431 0.467878 -0.0323968 -0.138481 0.488832 0.000530178 -0.134052 0.468506 
-0.000809296 -0.142103 0.48946 0.0321177 -0.137673 0.469134 0.0307782 -0.145724 0.490088 
0.0637051 -0.141294 0.469762 0.0623657 -0.149345 0.490715 0.0952926 -0.144915 0.47039 
0.12688 -0.148536 0.471018 0.158468 -0.152158 0.471646 0.190055 -0.155779 0.472274 
0.163884 0.148412 0.322027 0.165223 0.156462 0.301074 0.147646 0.143828 0.307162 
0.195471 0.144791 0.322655 0.196811 0.152841 0.301702 0.227059 0.141169 0.323283 
0.228398 0.14922 0.30233 0.242409 0.132965 0.309046 -0.0923825 0.148491 0.329807 
-0.091043 0.156542 0.308854 -0.10862 0.143907 0.314942 -0.0594555 0.15292 0.309482 
-0.0292075 0.141249 0.331063 -0.0278681 0.149299 0.31011 -0.0138575 0.133044 0.316826 
0.12873 0.123143 0.334203 0.130069 0.131194 0.313249 0.112492 0.118559 0.319337 
0.160317 0.119522 0.334831 0.191905 0.115901 0.335459 0.256419 0.116709 0.315761 
0.286667 0.105037 0.337343 0.27043 0.100454 0.322477 -0.159124 0.126843 0.341355 
-0.157784 0.134894 0.320401 -0.175361 0.12226 0.326489 -0.126197 0.131273 0.321029 
0.000153003 0.116788 0.323541 0.0317405 0.113167 0.324169 0.0619885 0.101496 0.34575 
0.063328 0.109546 0.324797 0.093576 0.0978744 0.346378 0.0949154 0.105925 0.325425 
0.125163 0.0942533 0.347006 0.156751 0.0906321 0.347634 0.28444 0.0841982 0.329193 
0.298451 0.0679428 0.335909 -0.28904 0.112438 0.351646 -0.287701 0.120489 0.330693 
-0.305278 0.107855 0.336781 -0.257453 0.108817 0.352274 -0.256113 0.116868 0.331321 
-0.225865 0.105196 0.352902 -0.224526 0.113247 0.331949 -0.192938 0.109625 0.332577 
0.312461 0.0516874 0.342625 0.326472 0.0354319 0.349341 -0.324194 0.0871696 0.363822 
-0.322855 0.0952202 0.342869 -0.340432 0.0825859 0.348957 0.339143 0.0111259 0.37701 
0.322905 0.00654219 0.362145 -0.359348 0.061901 0.375998 -0.343998 0.0536962 0.361761 
0.336916 -0.00971325 0.368861 0.367164 -0.021385 0.390442 0.350927 -0.0259687 0.375577 
-0.347564 0.0248064 0.374565 0.363598 -0.0502747 0.403246 0.34736 -0.0548584 0.388381 
-0.365141 0.0121721 0.380653 -0.382718 -0.000462182 0.386741 0.360031 -0.0791645 0.41605 
0.343794 -0.0837482 0.401184 -0.368708 -0.0167176 0.393457 -0.354697 -0.0329731 0.400173 
0.324877 -0.104433 0.428226 0.30864 -0.109017 0.41336 0.326217 -0.0963825 0.407272 
-0.340687 -0.0492285 0.406889 -0.326676 -0.0654839 0.413605 0.258136 -0.126081 0.439773 
0.241898 -0.130664 0.424908 0.259475 -0.11803 0.41882 0.291063 -0.121651 0.419448 
0.289723 -0.129702 0.440401 -0.314005 -0.08979 0.441274 -0.330243 -0.0943737 0.426408 
-0.219243 -0.100653 0.443157 -0.23548 -0.105237 0.428292 -0.217903 -0.0926028 0.422204 
-0.186316 -0.0962239 0.422832 -0.187655 -0.104275 0.443785 -0.154728 -0.099845 0.42346 
-0.156068 -0.107896 0.444413 -0.123141 -0.103466 0.424088 -0.12448 -0.111517 0.445041 
-0.10913 -0.119722 0.430804 0.159807 -0.144107 0.450693 0.14357 -0.148691 0.435828 
0.161147 -0.136056 0.42974 0.192734 -0.139677 0.430368 0.191395 -0.147728 0.451321 
0.224321 -0.143299 0.430996 -0.316232 -0.110629 0.433124 -0.284645 -0.11425 0.433752 
-0.253057 -0.117871 0.43438 -0.0951197 -0.135977 0.43752 -0.0635322 -0.139598 0.438148 
-0.0319448 -0.143219 0.438776 -0.000357293 -0.14684 0.439404 0.0312302 -0.150462 0.440032 
0.0628177 -0.154083 0.44066 0.0944051 -0.157704 0.441288 0.125993 -0.161325 0.441916 
0.131409 0.139244 0.292296 0.132748 0.147295 0.271343 0.115171 0.134661 0.277431 
0.164336 0.143674 0.271971 0.195923 0.140053 0.272599 0.226171 0.128381 0.29418 
0.209934 0.123797 0.279315 -0.124857 0.139324 0.300076 -0.123518 0.147374 0.279123 
-0.141095 0.13474 0.285211 -0.0919305 0.143753 0.279751 -0.060343 0.140132 0.280379 
-0.0287555 0.136511 0.281007 -0.014745 0.120255 0.287723 0.0962549 0.113976 0.304472 
0.0975944 0.122026 0.283519 0.0800174 0.109392 0.289607 0.223944 0.107542 0.286031 
0.255532 0.103921 0.286659 0.269542 0.0876652 0.293375 -0.191599 0.117676 0.311624 
-0.190259 0.125727 0.290671 -0.207836 0.113092 0.296759 -0.158672 0.122106 0.291299 
-0.000734468 0.104 0.294439 0.030853 0.100379 0.295067 0.0624405 0.0967577 0.295695 
0.282213 0.0633591 0.321044 0.265976 0.0587754 0.306179 -0.321515 0.103271 0.321916 
-0.320176 0.111321 0.300963 -0.337753 0.0986872 0.307051 -0.288588 0.1077 0.301591 
-0.257001 0.104079 0.302219 -0.225413 0.100458 0.302847 0.279986 0.04252 0.312895 
0.310234 0.0308482 0.334476 0.293997 0.0262646 0.319611 -0.356669 0.0780022 0.334092 
-0.35533 0.0860529 0.313139 -0.372907 0.0734186 0.319227 0.308007 0.0100091 0.326327 
0.322018 -0.00624631 0.333043 -0.360235 0.0491125 0.346896 -0.376473 0.0445288 0.332031 
0.334689 -0.0305524 0.360712 0.318452 -0.0351361 0.345847 -0.363802 0.0202227 0.3597 
-0.380039 0.0156391 0.344835 0.331123 -0.0594421 0.373516 0.314885 -0.0640258 0.35865 
-0.383606 -0.0132507 0.357639 0.327556 -0.0883319 0.386319 0.311319 -0.0929155 0.371454 
-0.369595 -0.0295061 0.364354 -0.355585 -0.0457616 0.37107 0.292402 -0.1136 0.398495 
0.276165 -0.118184 0.38363 0.293742 -0.10555 0.377542 -0.341574 -0.062017 0.377786 
-0.327564 -0.0782724 0.384502 0.225661 -0.135248 0.410043 0.209423 -0.139832 0.395178 
0.227 -0.127197 0.38909 0.258588 -0.130818 0.389718 -0.33113 -0.107162 0.397306 
-0.236368 -0.118026 0.39919 -0.218791 -0.105391 0.393102 -0.187203 -0.109012 0.39373 
-0.155616 -0.112634 0.394358 -0.124028 -0.116255 0.394986 -0.0924408 -0.119876 0.395614 
-0.0937802 -0.127926 0.416567 -0.0608533 -0.123497 0.396242 -0.0621928 -0.131548 0.417195 
-0.0292658 -0.127118 0.39687 -0.0306053 -0.135169 0.417823 -0.0152553 -0.143373 0.403586 
0.127332 -0.153274 0.420963 0.111095 -0.157858 0.406098 0.128672 -0.145224 0.40001 
0.160259 -0.148845 0.400638 0.191847 -0.152466 0.401266 -0.31712 -0.123418 0.404022 
-0.285532 -0.127039 0.40465 -0.253945 -0.13066 0.405278 -0.00124476 -0.159629 0.410302 
0.0303427 -0.16325 0.41093 0.0619302 -0.166871 0.411558 0.0935177 -0.170492 0.412186 
-0.090591 0.151804 0.258798 -0.0892515 0.159854 0.237845 -0.106828 0.14722 0.243933 
-0.0590035 0.148183 0.259426 -0.0576641 0.156233 0.238473 -0.0274161 0.144561 0.260054 
-0.0260766 0.152612 0.239101 -0.012066 0.136357 0.245817 0.131861 0.134506 0.242241 
0.114284 0.121872 0.248329 0.163448 0.130885 0.242869 0.195036 0.127264 0.243497 
0.209046 0.111009 0.250213 -0.157332 0.130156 0.270346 -0.155993 0.138207 0.249393 
-0.17357 0.125573 0.255481 -0.124405 0.134586 0.250021 0.000605007 0.112051 0.273486 
0.00194448 0.120101 0.252533 0.0321925 0.108429 0.274114 0.033532 0.11648 0.253161 
0.06378 0.104808 0.274742 0.0651194 0.112859 0.253789 0.0967069 0.109238 0.254417 
0.223057 0.0947533 0.256929 0.253305 0.0830815 0.27851 0.237067 0.0784978 0.263645 
-0.287249 0.115751 0.280638 -0.285909 0.123802 0.259685 -0.303486 0.111167 0.265773 
-0.255661 0.11213 0.281266 -0.254322 0.12018 0.260313 -0.224074 0.108509 0.281894 
-0.222734 0.116559 0.260941 -0.191147 0.112938 0.261569 0.251078 0.0622424 0.270361 
0.265088 0.0459869 0.277077 -0.321063 0.098533 0.271861 -0.33864 0.0858987 0.277949 
0.277759 0.0216809 0.304746 0.261522 0.0170972 0.289881 -0.389144 0.0688349 0.304362 
-0.387805 0.0768855 0.283409 -0.405381 0.0642512 0.289497 -0.356217 0.0732644 0.284037 
0.275533 0.000841761 0.296596 0.305781 -0.01083 0.318178 0.289543 -0.0154137 0.303312 
-0.39271 0.0399451 0.317166 -0.408948 0.0353614 0.302301 0.303554 -0.0316691 0.310028 
0.317564 -0.0479246 0.316744 -0.394937 0.019106 0.309016 -0.380927 0.00285057 0.315732 
0.313998 -0.0768143 0.329548 -0.366916 -0.0134049 0.322448 -0.368256 -0.0214555 0.343401 
-0.352906 -0.0296603 0.329164 0.295081 -0.0974992 0.356589 0.278844 -0.102083 0.341724 
0.296421 -0.0894486 0.335636 -0.356472 -0.0585501 0.341968 0.259927 -0.122768 0.368765 
0.24369 -0.127352 0.3539 0.261267 -0.114717 0.347812 -0.343801 -0.0828561 0.369637 
-0.360039 -0.0874398 0.354772 0.193186 -0.144415 0.380313 0.176949 -0.148999 0.365448 
0.194525 -0.136365 0.35936 0.226113 -0.139986 0.359988 -0.346028 -0.103695 0.361488 
-0.332018 -0.119951 0.368204 -0.252605 -0.122609 0.384325 -0.268843 -0.127193 0.36946 
-0.251266 -0.114559 0.363372 -0.219678 -0.11818 0.364 -0.188091 -0.121801 0.364628 
-0.156503 -0.125422 0.365256 -0.124916 -0.129043 0.365884 -0.0933282 -0.132664 0.366512 
-0.0617408 -0.136285 0.36714 -0.0301533 -0.139907 0.367768 0.00143418 -0.143528 0.368396 
9.47097e-05 -0.151578 0.389349 0.0330217 -0.147149 0.369024 0.0316822 -0.155199 0.389977 
0.0646091 -0.15077 0.369652 0.0632697 -0.158821 0.390605 0.0961966 -0.154391 0.37028 
0.0948571 -0.162442 0.391233 0.127784 -0.158012 0.370908 0.159372 -0.161633 0.371536 
-0.318007 -0.136206 0.37492 -0.28642 -0.139827 0.375548 -0.123066 0.142636 0.229068 
-0.121726 0.150687 0.208115 -0.139303 0.138053 0.214203 -0.090139 0.147066 0.208743 
-0.0585515 0.143445 0.209371 -0.026964 0.139824 0.209999 -0.0129535 0.123568 0.216715 
0.130973 0.121718 0.213139 0.113396 0.109084 0.219227 0.162561 0.118097 0.213767 
0.192809 0.106425 0.235348 0.176571 0.101841 0.220483 -0.189807 0.120989 0.240616 
-0.188468 0.129039 0.219663 -0.206045 0.116405 0.225751 -0.15688 0.125418 0.220291 
0.00105701 0.107313 0.223431 0.0326445 0.103692 0.224059 0.064232 0.10007 0.224687 
0.0958194 0.0964493 0.225315 0.190582 0.0855859 0.227199 0.22083 0.0739141 0.24878 
0.204592 0.0693305 0.233915 -0.286797 0.111013 0.230583 -0.304374 0.0983788 0.236671 
-0.255209 0.107392 0.231211 -0.223622 0.103771 0.231839 0.218603 0.053075 0.240631 
0.248851 0.0414033 0.262212 0.232613 0.0368196 0.247346 -0.354878 0.081315 0.263084 
-0.353538 0.0893656 0.242131 -0.371115 0.0767313 0.248219 -0.321951 0.0857445 0.242759 
0.246624 0.0205641 0.254062 0.260635 0.0043087 0.260778 -0.388692 0.064097 0.254306 
-0.406269 0.0514627 0.260394 0.273306 -0.0199974 0.288447 0.257068 -0.024581 0.273582 
-0.409835 0.0225729 0.273198 0.271079 -0.0408365 0.280298 0.301327 -0.0525082 0.301879 
0.285089 -0.0570919 0.287014 -0.395825 0.00631751 0.279914 -0.381814 -0.00993793 0.28663 
0.29776 -0.081398 0.314683 0.281523 -0.0859817 0.299818 -0.369143 -0.034244 0.314299 
-0.385381 -0.0388277 0.299434 0.262606 -0.106667 0.326859 0.246369 -0.11125 0.311994 
0.263946 -0.098616 0.305906 -0.37137 -0.0550831 0.30615 -0.35736 -0.0713385 0.312866 
0.227452 -0.131935 0.339035 0.211215 -0.136519 0.32417 0.228792 -0.123885 0.318082 
-0.360926 -0.100228 0.32567 -0.123576 -0.120993 0.344931 -0.139814 -0.125576 0.330066 
-0.122237 -0.112942 0.323978 -0.0906493 -0.116563 0.324606 -0.0919888 -0.124614 0.345559 
-0.0590618 -0.120184 0.325234 -0.0604013 -0.128235 0.346187 -0.0450513 -0.13644 0.33195 
0.129124 -0.149962 0.349955 0.112886 -0.154545 0.33509 0.130463 -0.141911 0.329002 
0.162051 -0.145532 0.32963 0.160711 -0.153583 0.350583 0.193638 -0.149153 0.330258 
-0.346916 -0.116484 0.332386 -0.315328 -0.120105 0.333014 -0.316668 -0.128155 0.353967 
-0.283741 -0.123726 0.333642 -0.28508 -0.131777 0.354595 -0.252153 -0.127347 0.33427 
-0.220566 -0.130968 0.334898 -0.188978 -0.134589 0.335526 -0.157391 -0.138211 0.336154 
-0.0310408 -0.152695 0.338666 0.000546713 -0.156316 0.339293 0.0321342 -0.159937 0.339921 
0.0637217 -0.163558 0.340549 0.0953091 -0.16718 0.341177 -0.155541 0.133469 0.199338 
-0.154201 0.14152 0.178385 -0.171778 0.128885 0.184473 -0.122614 0.137898 0.179013 
-0.0910265 0.134277 0.179641 -0.059439 0.130656 0.180269 -0.0278515 0.127035 0.180897 
-0.013841 0.11078 0.187613 0.130086 0.108929 0.184037 0.112509 0.0962951 0.190124 
0.160334 0.0972576 0.205618 0.144096 0.092674 0.190752 -0.25387 0.115443 0.210258 
-0.25253 0.123493 0.189305 -0.270107 0.110859 0.195393 -0.222282 0.111821 0.210886 
-0.220943 0.119872 0.189933 -0.189355 0.116251 0.190561 0.000169539 0.0945242 0.194328 
0.0304175 0.0828524 0.21591 0.0141801 0.0782687 0.201044 0.062005 0.0792313 0.216538 
0.077355 0.0710265 0.2023 0.094932 0.0836608 0.196212 0.158107 0.0764185 0.197468 
0.189694 0.0727974 0.198096 0.203705 0.056542 0.204812 -0.320611 0.0937951 0.221806 
-0.319272 0.101846 0.200852 -0.336849 0.0892114 0.20694 -0.287684 0.0982246 0.20148 
0.0281906 0.0620133 0.20776 0.0597781 0.0583922 0.208388 0.216376 0.0322359 0.232481 
0.200139 0.0276522 0.217616 -0.354426 0.0765771 0.213028 -0.372002 0.0639428 0.219116 
0.214149 0.0113968 0.224332 0.244397 -0.000274982 0.245913 0.22816 -0.00485867 0.231048 
-0.389579 0.0513085 0.225204 -0.407156 0.0386742 0.231292 0.240831 -0.0291647 0.258717 
0.224593 -0.0337484 0.243852 -0.410723 0.00978445 0.244096 0.238604 -0.0500038 0.250568 
0.268852 -0.0616756 0.272149 0.252614 -0.0662593 0.257284 -0.396712 -0.00647099 0.250812 
-0.382702 -0.0227264 0.257528 0.265285 -0.0905653 0.284953 0.249048 -0.095149 0.270088 
-0.386268 -0.0516162 0.270332 0.230131 -0.115834 0.297129 0.213894 -0.120418 0.282263 
0.231471 -0.107783 0.276176 -0.372258 -0.0678716 0.277048 -0.358247 -0.084127 0.283764 
0.210327 -0.149307 0.295067 -0.344237 -0.100382 0.29048 -0.345576 -0.108433 0.311433 
-0.330226 -0.116638 0.297195 -0.219226 -0.122918 0.313945 -0.235464 -0.127501 0.299079 
-0.217887 -0.114867 0.292991 -0.186299 -0.118488 0.293619 -0.187639 -0.126539 0.314573 
-0.154712 -0.122109 0.294247 -0.156051 -0.13016 0.3152 -0.123124 -0.12573 0.294875 
-0.0915368 -0.129352 0.295503 -0.0599493 -0.132973 0.296131 -0.0283618 -0.136594 0.296759 
-0.0297013 -0.144644 0.317712 0.00322566 -0.140215 0.297387 0.00188619 -0.148266 0.31834 
0.0172362 -0.15647 0.304103 0.0966486 -0.159129 0.320224 0.0804111 -0.163713 0.305359 
0.0979881 -0.151078 0.299271 0.129576 -0.154699 0.299899 0.161163 -0.158321 0.300527 
0.192751 -0.161942 0.301155 -0.316216 -0.132893 0.303911 -0.284628 -0.136514 0.304539 
-0.253041 -0.140136 0.305167 0.0312467 -0.172726 0.310819 0.0628342 -0.176347 0.311447 
-0.188016 0.124302 0.169607 -0.186676 0.132352 0.148654 -0.204253 0.119718 0.154742 
-0.155089 0.128731 0.149282 -0.123501 0.12511 0.14991 -0.0919139 0.121489 0.150538 
-0.0603265 0.117868 0.151166 -0.028739 0.114247 0.151794 -0.0147285 0.0979911 0.15851 
0.127859 0.0880903 0.175887 -0.253418 0.110705 0.160202 -0.270995 0.0980704 0.16629 
-0.22183 0.107084 0.16083 -0.000717933 0.0817357 0.165226 0.0132926 0.0654802 0.171942 
0.0940445 0.0708723 0.16711 0.0764676 0.058238 0.173198 0.125632 0.0672512 0.167738 
0.157219 0.06363 0.168366 0.187467 0.0519583 0.189947 0.17123 0.0473746 0.175082 
-0.320159 0.0890572 0.17175 -0.337736 0.0764229 0.177838 -0.288572 0.0854361 0.172378 
0.0273031 0.0492248 0.178658 0.0588906 0.0456037 0.179286 0.185241 0.0311191 0.181798 
0.199251 0.0148637 0.188514 -0.38824 0.0593591 0.204251 -0.3869 0.0674097 0.183298 
-0.404477 0.0547754 0.189386 -0.355313 0.0637886 0.183926 0.211922 -0.00944235 0.216183 
0.195685 -0.014026 0.201318 -0.408044 0.0258857 0.20219 0.209695 -0.0302815 0.208034 
0.223706 -0.0465369 0.21475 -0.41161 -0.00300405 0.214994 0.236377 -0.070843 0.242419 
0.220139 -0.0754267 0.227553 -0.3976 -0.0192595 0.22171 -0.383589 -0.0355149 0.228426 
0.23281 -0.0997327 0.255222 0.216573 -0.104316 0.240357 -0.387156 -0.0644047 0.241229 
0.213006 -0.133206 0.253161 -0.373145 -0.0806601 0.247945 -0.359135 -0.0969155 0.254661 
0.19409 -0.153891 0.280202 0.177853 -0.158475 0.265337 0.195429 -0.14584 0.259249 
-0.345124 -0.113171 0.261377 -0.331114 -0.129426 0.268093 -0.236351 -0.14029 0.269977 
-0.218774 -0.127656 0.263889 -0.187187 -0.131277 0.264517 -0.155599 -0.134898 0.265145 
-0.124012 -0.138519 0.265773 -0.0924242 -0.14214 0.266401 -0.0608368 -0.145761 0.267029 
-0.0292493 -0.149382 0.267657 0.00233819 -0.153003 0.268285 0.0339257 -0.156625 0.268913 
0.0325862 -0.164675 0.289866 0.0655131 -0.160246 0.269541 0.0641737 -0.168296 0.290494 
0.0971006 -0.163867 0.270169 0.128688 -0.167488 0.270797 0.160276 -0.171109 0.271425 
-0.317103 -0.145682 0.274809 -0.285516 -0.149303 0.275437 -0.253928 -0.152924 0.276065 
-0.122162 0.133161 0.128957 -0.120822 0.141211 0.108004 -0.138399 0.128577 0.114092 
-0.0905745 0.129539 0.129585 -0.089235 0.13759 0.108632 -0.0752245 0.121335 0.115348 
-0.220491 0.115134 0.139877 -0.219151 0.123185 0.118924 -0.236728 0.110551 0.125012 
-0.187564 0.119564 0.119552 -0.155976 0.115943 0.12018 -0.0612139 0.105079 0.122064 
-0.0296265 0.101458 0.122692 -0.0156159 0.0852026 0.129408 -0.287232 0.0934867 0.151425 
-0.285893 0.101537 0.130472 -0.30347 0.088903 0.13656 -0.254305 0.0979162 0.1311 
-0.0016054 0.0689472 0.136124 0.0124051 0.0526917 0.14284 0.0918176 0.0500332 0.158961 
0.107168 0.0418283 0.144724 0.124745 0.0544627 0.138636 0.154993 0.0427909 0.160217 
0.138755 0.0382072 0.145352 -0.353974 0.0718392 0.162973 -0.352634 0.0798899 0.14202 
-0.370211 0.0672556 0.148108 -0.321047 0.0762687 0.142648 0.0264157 0.0364363 0.149556 
0.0580031 0.0328152 0.150184 0.0895906 0.029194 0.150812 0.152766 0.0219518 0.152068 
0.183014 0.01028 0.173649 0.166776 0.00569635 0.158784 -0.387788 0.0546212 0.154196 
-0.405365 0.0419869 0.160284 0.180787 -0.0105591 0.1655 0.194797 -0.0268145 0.172215 
-0.408931 0.0130972 0.173088 0.207468 -0.0511206 0.199884 0.191231 -0.0557043 0.185019 
-0.412498 -0.0157925 0.185891 0.205241 -0.0719597 0.191735 0.219252 -0.0882151 0.198451 
-0.398487 -0.032048 0.192607 -0.384477 -0.0483034 0.199323 0.200335 -0.1089 0.225492 
0.184098 -0.113484 0.210627 0.201675 -0.100849 0.204539 -0.370466 -0.0645589 0.206039 
-0.371806 -0.0726095 0.226992 -0.356456 -0.0808143 0.212755 0.196769 -0.13779 0.238296 
0.180531 -0.142374 0.223431 -0.360022 -0.109704 0.225559 -0.122672 -0.130468 0.24482 
-0.13891 -0.135052 0.229955 -0.121333 -0.122418 0.223867 -0.0897453 -0.126039 0.224495 
-0.0910848 -0.134089 0.245448 -0.0581578 -0.12966 0.225123 -0.0594973 -0.137711 0.246076 
-0.0265703 -0.133281 0.225751 -0.0279098 -0.141332 0.246704 0.00501714 -0.136902 0.226379 
0.00367766 -0.144953 0.247332 0.0366046 -0.140523 0.227007 0.0352651 -0.148574 0.24796 
0.0506151 -0.156779 0.233723 0.161615 -0.163058 0.250472 0.145378 -0.167642 0.235607 
0.162955 -0.155008 0.229519 -0.346012 -0.125959 0.232275 -0.314424 -0.129581 0.232903 
-0.315764 -0.137631 0.253856 -0.282837 -0.133202 0.233531 -0.284176 -0.141252 0.254484 
-0.251249 -0.136823 0.234159 -0.252589 -0.144873 0.255112 -0.219662 -0.140444 0.234787 
-0.188074 -0.144065 0.235415 -0.156487 -0.147686 0.236043 0.0646257 -0.173034 0.240439 
0.0962131 -0.176655 0.241067 0.127801 -0.180276 0.241695 -0.186224 0.127614 0.0985991 
-0.184885 0.135665 0.077646 -0.202462 0.123031 0.0837339 -0.154637 0.123993 0.0992271 
-0.153297 0.132044 0.078274 -0.12171 0.128423 0.078902 -0.0901225 0.124802 0.07953 
-0.0761119 0.108546 0.0862459 -0.284553 0.109588 0.109519 -0.283214 0.117639 0.0885659 
-0.300791 0.105004 0.0946538 -0.252966 0.105967 0.110147 -0.251626 0.114017 0.0891939 
-0.220039 0.110396 0.0898219 -0.0621014 0.0922907 0.0929618 -0.0305139 0.0886696 0.0935898 
-0.0165034 0.0724141 0.100306 -0.351295 0.0879405 0.121067 -0.349955 0.0959911 0.100114 
-0.367532 0.0833568 0.106202 -0.319707 0.0843194 0.121695 -0.318368 0.09237 0.100742 
-0.00249287 0.0561587 0.107022 0.0115177 0.0399032 0.113738 0.122518 0.0336235 0.130487 
-0.386449 0.0626719 0.133243 -0.385109 0.0707225 0.11229 -0.402686 0.0580882 0.118378 
0.0255282 0.0236478 0.120453 0.0571157 0.0200267 0.121081 0.0887031 0.0164055 0.121709 
0.120291 0.0127844 0.122337 0.151878 0.00916329 0.122965 0.165889 -0.00709215 0.129681 
-0.406252 0.0291984 0.131181 0.17856 -0.0313982 0.15735 0.162322 -0.0359819 0.142485 
-0.409819 0.000308702 0.143985 0.176333 -0.0522373 0.149201 0.190343 -0.0684928 0.155917 
-0.395808 -0.0159467 0.150701 -0.397148 -0.0239974 0.171654 -0.381798 -0.0322022 0.157417 
0.203014 -0.0927988 0.183586 0.186777 -0.0973825 0.168721 -0.385364 -0.0610919 0.170221 
0.16786 -0.118067 0.195762 0.151623 -0.122651 0.180897 0.1692 -0.110017 0.174809 
-0.371354 -0.0773474 0.176937 -0.357343 -0.0936028 0.183653 0.164294 -0.146957 0.208566 
0.148057 -0.151541 0.193701 -0.343333 -0.109858 0.190369 -0.344672 -0.117909 0.211322 
-0.329322 -0.126114 0.197085 -0.155147 -0.139636 0.21509 -0.171385 -0.144219 0.200225 
-0.153808 -0.131585 0.194137 -0.12222 -0.135206 0.194765 -0.0906328 -0.138827 0.195393 
-0.0590453 -0.142448 0.196021 -0.0274578 -0.14607 0.196649 0.00412967 -0.149691 0.197277 
0.0357171 -0.153312 0.197905 0.0673046 -0.156933 0.198533 0.0659651 -0.164984 0.219486 
0.0988921 -0.160554 0.199161 0.0975526 -0.168605 0.220114 0.13048 -0.164175 0.199789 
0.12914 -0.172226 0.220742 -0.315312 -0.142369 0.203801 -0.283724 -0.14599 0.204429 
-0.252137 -0.149611 0.205057 -0.220549 -0.153232 0.205685 -0.188962 -0.156854 0.206313 
-0.250287 0.122068 0.0682408 -0.248947 0.130119 0.0472878 -0.266524 0.117484 0.0533757 
-0.218699 0.118447 0.0688688 -0.21736 0.126498 0.0479157 -0.185772 0.122876 0.0485437 
-0.154185 0.119255 0.0491717 -0.122597 0.115634 0.0497997 -0.0910099 0.112013 0.0504277 
-0.0769994 0.0957576 0.0571436 -0.317028 0.100421 0.0797887 -0.315689 0.108471 0.0588356 
-0.333266 0.0958369 0.0649236 -0.284101 0.10485 0.0594636 -0.0629889 0.0795022 0.0638595 
-0.0314014 0.0758811 0.0644875 -0.0173909 0.0596256 0.0712034 -0.350843 0.0832026 0.0710115 
-0.36842 0.0705683 0.0770995 -0.00338035 0.0433702 0.0779194 0.0106302 0.0271147 0.0846353 
-0.385996 0.057934 0.0831874 -0.403573 0.0452997 0.0892753 0.0246407 0.0108593 0.0913512 
0.0548887 -0.000812445 0.112932 0.0386512 -0.00539613 0.0980671 0.0864762 -0.00443358 0.11356 
0.118064 -0.00805471 0.114188 0.149651 -0.0116758 0.114816 -0.42249 0.0246148 0.116316 
-0.42115 0.0326654 0.0953633 -0.438727 0.0200311 0.101451 0.0526618 -0.0216516 0.104783 
0.0842492 -0.0252727 0.105411 0.115837 -0.0288938 0.106039 0.147424 -0.032515 0.106667 
0.161435 -0.0487704 0.113383 -0.424717 0.00377564 0.108167 -0.410706 -0.0124798 0.114883 
0.175445 -0.0650258 0.120099 0.189456 -0.0812813 0.126815 -0.396696 -0.0287352 0.121599 
-0.382685 -0.0449907 0.128315 0.170539 -0.101966 0.153856 0.154302 -0.10655 0.138991 
0.171879 -0.0939156 0.132903 -0.368675 -0.0612461 0.135031 -0.370014 -0.0692967 0.155984 
-0.354664 -0.0775015 0.141747 0.135385 -0.127235 0.166032 0.119148 -0.131819 0.151167 
0.136725 -0.119184 0.145079 -0.340654 -0.093757 0.148463 -0.341993 -0.101808 0.169416 
-0.326643 -0.110012 0.155179 -0.0892933 -0.130777 0.17444 -0.105531 -0.13536 0.159575 
-0.0879538 -0.122726 0.153487 -0.0563663 -0.126347 0.154115 -0.0577058 -0.134398 0.175068 
-0.0247789 -0.129968 0.154743 -0.0261183 -0.138019 0.175696 0.00680862 -0.133589 0.155371 
0.00546914 -0.14164 0.176324 0.0383961 -0.137211 0.155999 0.0370566 -0.145261 0.176952 
0.0524066 -0.153466 0.162714 0.100232 -0.152503 0.178208 0.0839941 -0.157087 0.163342 
0.101571 -0.144453 0.157254 0.131819 -0.156125 0.178836 -0.312633 -0.126268 0.161895 
-0.313972 -0.134318 0.182848 -0.281045 -0.129889 0.162523 -0.282385 -0.13794 0.183476 
-0.249458 -0.13351 0.163151 -0.250797 -0.141561 0.184104 -0.21787 -0.137131 0.163778 
-0.21921 -0.145182 0.184732 -0.186283 -0.140752 0.164406 -0.187622 -0.148803 0.18536 
-0.154695 -0.144374 0.165034 -0.123108 -0.147995 0.165662 0.0664172 -0.169721 0.16943 
-0.282762 0.112901 0.0385106 -0.281422 0.120951 0.0175575 -0.298999 0.108317 0.0236454 
-0.249835 0.11733 0.0181855 -0.218247 0.113709 0.0188135 -0.18666 0.110088 0.0194415 
-0.155072 0.106467 0.0200694 -0.123485 0.102846 0.0206974 -0.0918974 0.0992246 0.0213254 
-0.0778869 0.0829691 0.0280413 -0.316576 0.0956827 0.0297334 -0.334153 0.0830484 0.0358213 
-0.0638764 0.0667137 0.0347573 -0.0322889 0.0630926 0.0353853 -0.0182783 0.0468371 0.0421012 
-0.384657 0.0659846 0.0622343 -0.383318 0.0740352 0.0412813 -0.400894 0.0614009 0.0473692 
-0.35173 0.0704141 0.0419092 -0.00426782 0.0305817 0.0488171 0.00974271 0.0143262 0.055533 
-0.404461 0.0325112 0.0601731 0.0237532 -0.00192919 0.0622489 0.0377638 -0.0181846 0.0689649 
-0.423377 0.0118263 0.0872141 -0.408027 0.00362145 0.0729769 0.0517743 -0.0344401 0.0756808 
0.0820223 -0.0461118 0.0972619 0.0657848 -0.0506955 0.0823967 0.11361 -0.0497329 0.0978898 
0.145197 -0.0533541 0.0985178 -0.411594 -0.0252683 0.0857808 0.0797954 -0.0669509 0.0891126 
0.111383 -0.0705721 0.0897406 0.141631 -0.0822438 0.111322 0.125393 -0.0868275 0.0964566 
0.173218 -0.085865 0.11195 -0.397583 -0.0415237 0.0924967 -0.383573 -0.0577792 0.0992126 
0.138064 -0.111134 0.124126 0.121827 -0.115717 0.10926 -0.369562 -0.0740346 0.105929 
-0.337975 -0.0776557 0.106557 -0.339314 -0.0857064 0.12751 -0.323964 -0.0939112 0.113272 
-0.0550269 -0.118297 0.133162 -0.0712643 -0.12288 0.118296 -0.0536874 -0.110246 0.112208 
-0.0220999 -0.113867 0.112836 -0.0234394 -0.121918 0.133789 0.00948756 -0.117488 0.113464 
0.00814809 -0.125539 0.134417 0.041075 -0.121109 0.114092 0.0397356 -0.12916 0.135045 
0.0550856 -0.137365 0.120808 0.102911 -0.136402 0.136301 0.086673 -0.140986 0.121436 
0.10425 -0.128352 0.115348 -0.309954 -0.110167 0.119988 -0.311293 -0.118217 0.140941 
-0.278366 -0.113788 0.120616 -0.279706 -0.121838 0.141569 -0.246779 -0.117409 0.121244 
-0.248118 -0.125459 0.142197 -0.215191 -0.12103 0.121872 -0.216531 -0.129081 0.142825 
-0.183604 -0.124651 0.1225 -0.184943 -0.132702 0.143453 -0.152016 -0.128272 0.123128 
-0.153356 -0.136323 0.144081 -0.120429 -0.131893 0.123756 -0.121768 -0.139944 0.144709 
-0.0888413 -0.135515 0.124384 0.0690961 -0.15362 0.127524 0.0677566 -0.161671 0.148477 
-0.216908 0.12176 -0.0021396 -0.215568 0.12981 -0.0230927 -0.233145 0.117176 -0.0170047 
-0.18532 0.118139 -0.00151161 -0.183981 0.126189 -0.0224647 -0.16997 0.109934 -0.0157488 
-0.28231 0.108163 -0.0115448 -0.299887 0.0955285 -0.00545684 -0.250722 0.104542 -0.0109168 
-0.15596 0.0936783 -0.00903283 -0.124372 0.0900572 -0.00840484 -0.0927849 0.0864361 -0.00777686 
-0.0787743 0.0701806 -0.00106093 -0.350391 0.0784647 0.0209562 -0.349051 0.0865154 3.11244e-06 
-0.366628 0.0738811 0.00609105 -0.317464 0.0828942 0.000631099 -0.0647638 0.0539252 0.00565499 
-0.0331763 0.0503041 0.00628298 -0.0191658 0.0340486 0.0129989 -0.384205 0.0612468 0.012179 
-0.401782 0.0486124 0.0182669 -0.00515529 0.0177932 0.0197148 0.00885524 0.00153775 0.0264308 
-0.405348 0.0197227 0.0310708 0.0228658 -0.0147177 0.0331467 0.0368763 -0.0309731 0.0398626 
-0.408915 -0.00916705 0.0438747 0.0508868 -0.0472286 0.0465785 0.0648974 -0.063484 0.0532945 
-0.394904 -0.0254225 0.0505906 -0.396244 -0.0334731 0.0715436 -0.380894 -0.0416779 0.0573065 
0.0789079 -0.0797394 0.0600104 0.109156 -0.0914112 0.0815914 0.0929184 -0.0959949 0.0667263 
-0.366883 -0.0579334 0.0640224 -0.368223 -0.065984 0.0849755 -0.352873 -0.0741888 0.0707383 
0.105589 -0.120301 0.0943953 0.089352 -0.124885 0.0795302 -0.338862 -0.0904442 0.0774543 
-0.324852 -0.1067 0.0841702 -0.0875018 -0.127464 0.103431 -0.103739 -0.132048 0.0885661 
-0.0861623 -0.119413 0.0824782 -0.0545749 -0.123034 0.0831062 -0.0229874 -0.126656 0.0837341 
0.00860009 -0.130277 0.0843621 0.0401876 -0.133898 0.0849901 0.071775 -0.137519 0.0856181 
0.0704356 -0.14557 0.106571 -0.310841 -0.122955 0.0908861 -0.279254 -0.126576 0.0915141 
-0.247666 -0.130197 0.0921421 -0.216079 -0.133818 0.0927701 -0.184491 -0.13744 0.0933981 
-0.152904 -0.141061 0.0940261 -0.121316 -0.144682 0.094654 -0.249383 0.112592 -0.0318699 
-0.248043 0.120643 -0.0528229 -0.26562 0.108009 -0.046735 -0.216456 0.117022 -0.0521949 
-0.184868 0.113401 -0.051567 -0.15462 0.101729 -0.0299859 -0.153281 0.10978 -0.050939 
-0.13927 0.0935241 -0.044223 -0.316124 0.0909449 -0.020322 -0.314785 0.0989955 -0.041275 
-0.332362 0.0863612 -0.0351871 -0.283197 0.0953744 -0.040647 -0.12526 0.0772687 -0.0375071 
-0.0936724 0.0736476 -0.0368791 -0.0796618 0.0573921 -0.0301632 -0.349939 0.0737269 -0.0290992 
-0.367516 0.0610926 -0.0230112 -0.0656513 0.0411367 -0.0234473 -0.0340638 0.0375156 -0.0228193 
-0.00381581 0.0258438 -0.00123824 -0.00247634 0.0338944 -0.0221913 0.0115342 0.017639 -0.0154754 
-0.385092 0.0484583 -0.0169233 -0.402669 0.0358239 -0.0108353 0.0242052 -0.00666706 0.0121936 
0.0255447 0.00138356 -0.00875946 0.0395552 -0.0148719 -0.00204354 -0.406236 0.0069342 0.00196851 
0.0522263 -0.0391779 0.0256255 0.0535658 -0.0311273 0.00467239 0.0675763 -0.0473827 0.0113883 
-0.409802 -0.0219555 0.0147724 0.0802474 -0.0716888 0.0390573 0.0815868 -0.0636382 0.0181042 
0.0955974 -0.0798936 0.0248202 -0.395792 -0.038211 0.0214883 -0.381781 -0.0544664 0.0282042 
0.0920309 -0.108783 0.037624 -0.367771 -0.0707219 0.0349201 -0.35376 -0.0869773 0.0416361 
-0.0532354 -0.114984 0.0621531 -0.0694729 -0.119567 0.047288 -0.0518959 -0.106933 0.0412 
-0.0203084 -0.110554 0.041828 -0.0216479 -0.118605 0.0627811 0.011279 -0.114175 0.042456 
0.00993957 -0.122226 0.0634091 0.0428665 -0.117797 0.043084 0.041527 -0.125847 0.064037 
0.074454 -0.121418 0.043712 0.0731145 -0.129468 0.064665 -0.33975 -0.103233 0.048352 
-0.308162 -0.106854 0.04898 -0.309502 -0.114904 0.069933 -0.294152 -0.123109 0.0556959 
-0.151564 -0.13301 0.073073 -0.167802 -0.137594 0.0582079 -0.150225 -0.12496 0.0521199 
-0.118637 -0.128581 0.0527479 -0.119977 -0.136631 0.073701 -0.0870498 -0.132202 0.0533759 
-0.280141 -0.139365 0.0624118 -0.248554 -0.142986 0.0630398 -0.216966 -0.146607 0.0636678 
-0.185379 -0.150228 0.0642958 -0.281858 0.103425 -0.0616001 -0.280518 0.111476 -0.0825532 
-0.298095 0.0988413 -0.0764652 -0.248931 0.107854 -0.0819252 -0.217343 0.104233 -0.0812972 
-0.185756 0.100612 -0.0806692 -0.154168 0.0969911 -0.0800412 -0.140158 0.0807356 -0.0733253 
-0.315672 0.086207 -0.0703773 -0.333249 0.0735727 -0.0642894 -0.126147 0.0644802 -0.0666094 
-0.0945598 0.0608591 -0.0659814 -0.0805493 0.0446036 -0.0592655 -0.350826 0.0609384 -0.0582014 
-0.368403 0.0483041 -0.0521135 -0.0665388 0.0283482 -0.0525496 -0.0349513 0.0247271 -0.0519216 
-0.00336381 0.0211059 -0.0512936 0.0106467 0.0048505 -0.0445777 -0.38598 0.0356698 -0.0460256 
-0.403557 0.0230354 -0.0399376 0.0246572 -0.0114049 -0.0378617 0.0386678 -0.0276604 -0.0311458 
-0.407123 -0.00585429 -0.0271338 0.0526783 -0.0439158 -0.0244299 0.0829263 -0.0555876 -0.00284883 
0.0842658 -0.0475369 -0.0238019 0.0982763 -0.0637924 -0.017086 -0.41069 -0.034744 -0.0143299 
0.110947 -0.0880984 0.010583 0.112287 -0.0800478 -0.01037 0.126297 -0.0963033 -0.00365412 
-0.396679 -0.0509995 -0.00761397 -0.382669 -0.0672549 -0.000898049 0.0911435 -0.121572 0.00852175 
0.10872 -0.108938 0.00243381 -0.368658 -0.0835104 0.00581788 -0.354648 -0.0997658 0.0125338 
-0.0857103 -0.124151 0.0324228 -0.101948 -0.128735 0.0175577 -0.0843709 -0.116101 0.0114698 
-0.0527834 -0.119722 0.0120977 -0.0211959 -0.123343 0.0127257 0.0103916 -0.126964 0.0133537 
0.041979 -0.130585 0.0139817 0.0735665 -0.134206 0.0146097 -0.340637 -0.116021 0.0192497 
-0.30905 -0.119642 0.0198777 -0.277462 -0.123263 0.0205057 -0.278802 -0.131314 0.0414588 
-0.245875 -0.126885 0.0211337 -0.247214 -0.134935 0.0420868 -0.214287 -0.130506 0.0217617 
-0.215627 -0.138556 0.0427147 -0.1827 -0.134127 0.0223897 -0.184039 -0.142178 0.0433427 
-0.151112 -0.137748 0.0230176 -0.119525 -0.141369 0.0236456 -0.281406 0.0986871 -0.111655 
-0.298983 0.0860528 -0.105568 -0.249818 0.095066 -0.111027 -0.218231 0.0914448 -0.110399 
-0.186643 0.0878237 -0.109771 -0.155056 0.0842026 -0.109144 -0.141045 0.0679471 -0.102428 
-0.31656 0.0734185 -0.0994796 -0.334137 0.0607842 -0.0933916 -0.127035 0.0516917 -0.0957117 
-0.0954473 0.0480706 -0.0950837 -0.0651993 0.0363988 -0.0735026 -0.0638598 0.0444494 -0.0944557 
-0.0498493 0.028194 -0.0877398 -0.351714 0.0481499 -0.0873037 -0.36929 0.0355156 -0.0812158 
-0.0358388 0.0119386 -0.0810238 -0.00425128 0.00831744 -0.0803959 0.0259967 -0.00335431 -0.0588148 
0.0273362 0.00469631 -0.0797679 0.0413467 -0.0115591 -0.0730519 -0.386867 0.0228813 -0.0751278 
-0.404444 0.010247 -0.0690399 0.0540178 -0.0358652 -0.045383 0.0553573 -0.0278146 -0.066336 
0.0693678 -0.04407 -0.0596201 -0.408011 -0.0186428 -0.056236 0.0833783 -0.0603254 -0.0529042 
0.113626 -0.0719972 -0.0313231 0.114966 -0.0639466 -0.0522762 0.128976 -0.080202 -0.0455603 
-0.411577 -0.0475325 -0.0434322 0.12541 -0.109092 -0.0327564 -0.397567 -0.063788 -0.0367162 
-0.365979 -0.0674091 -0.0360883 -0.367319 -0.0754597 -0.0151352 -0.351969 -0.0836645 -0.0293723 
-0.0198564 -0.115292 -0.00822734 -0.0360939 -0.119876 -0.0230925 -0.018517 -0.107242 -0.0291804 
0.0130705 -0.110863 -0.0285524 0.011731 -0.118913 -0.00759935 0.044658 -0.114484 -0.0279244 
0.0433185 -0.122534 -0.00697137 0.0762455 -0.118105 -0.0272964 0.074906 -0.126156 -0.00634338 
0.107833 -0.121726 -0.0266685 -0.337958 -0.09992 -0.0226564 -0.339298 -0.107971 -0.00170334 
-0.306371 -0.103541 -0.0220284 -0.30771 -0.111592 -0.00107536 -0.274783 -0.107162 -0.0214004 
-0.276123 -0.115213 -0.00044737 -0.243196 -0.110783 -0.0207725 -0.244535 -0.118834 0.000180616 
-0.211608 -0.114404 -0.0201445 -0.212948 -0.122455 0.000808603 -0.180021 -0.118026 -0.0195165 
-0.18136 -0.126076 0.00143659 -0.148433 -0.121647 -0.0188885 -0.149773 -0.129697 0.00206458 
-0.116846 -0.125268 -0.0182605 -0.118185 -0.133319 0.00269256 -0.0852583 -0.128889 -0.0176325 
-0.0536709 -0.13251 -0.0170045 -0.282293 0.0858986 -0.140758 -0.29987 0.0732643 -0.13467 
-0.250706 0.0822775 -0.14013 -0.219118 0.0786563 -0.139502 -0.187531 0.0750352 -0.138874 
-0.155943 0.0714141 -0.138246 -0.141933 0.0551586 -0.13153 -0.317447 0.06063 -0.128582 
-0.335024 0.0479957 -0.122494 -0.127922 0.0389032 -0.124814 -0.0963348 0.0352821 -0.124186 
-0.0647473 0.031661 -0.123558 -0.0507368 0.0154055 -0.116842 -0.352601 0.0353614 -0.116406 
-0.370178 0.0227271 -0.110318 -0.0367262 -0.000849924 -0.110126 -0.00513875 -0.00447105 -0.109498 
0.0264487 -0.00809218 -0.10887 0.0404593 -0.0243476 -0.102154 -0.387755 0.0100928 -0.10423 
-0.405332 -0.00254154 -0.0981422 0.0544698 -0.0406031 -0.0954383 0.0847178 -0.0522748 -0.0738572 
0.0860573 -0.0442242 -0.0948103 0.100068 -0.0604796 -0.0880944 -0.408898 -0.0314313 -0.0853383 
0.114078 -0.0767351 -0.0813785 0.128089 -0.0929905 -0.0746625 -0.394888 -0.0476867 -0.0786224 
-0.396227 -0.0557374 -0.0576693 -0.380877 -0.0639422 -0.0719065 0.0775849 -0.110054 -0.0482495 
0.0613475 -0.114638 -0.0631146 0.0789244 -0.102004 -0.0692026 0.092935 -0.118259 -0.0624867 
0.124522 -0.12188 -0.0618587 -0.366867 -0.0801976 -0.0651905 -0.352856 -0.096453 -0.0584746 
-0.0523314 -0.12446 -0.0379576 -0.0685689 -0.129043 -0.0528227 -0.0509919 -0.116409 -0.0589107 
-0.0194044 -0.12003 -0.0582827 0.012183 -0.123651 -0.0576547 0.0437705 -0.127272 -0.0570267 
0.106945 -0.134515 -0.0557707 -0.338846 -0.112708 -0.0517587 -0.307258 -0.11633 -0.0511307 
-0.275671 -0.119951 -0.0505027 -0.244083 -0.123572 -0.0498747 -0.212496 -0.127193 -0.0492467 
-0.180908 -0.130814 -0.0486188 -0.149321 -0.134435 -0.0479908 -0.117733 -0.138056 -0.0473628 
-0.0861458 -0.141678 -0.0467348 -0.283181 0.0731101 -0.16986 -0.300758 0.0604758 -0.163772 
-0.251593 0.069489 -0.169232 -0.220006 0.0658678 -0.168604 -0.188418 0.0622467 -0.167976 
-0.156831 0.0586256 -0.167348 -0.126583 0.0469538 -0.145767 -0.125243 0.0550045 -0.16672 
-0.111233 0.038749 -0.160004 -0.318335 0.0478415 -0.157684 -0.335912 0.0352072 -0.151596 
-0.0972222 0.0224936 -0.153288 -0.0656348 0.0188725 -0.15266 -0.0353868 0.0072007 -0.131079 
-0.0340473 0.0152513 -0.152032 -0.0200368 -0.00100411 -0.145316 0.0277882 -4.15609e-05 -0.129823 
0.0291277 0.00800906 -0.150776 0.0115507 -0.00462524 -0.144688 0.0431382 -0.00824637 -0.14406 
-0.353488 0.0225729 -0.145508 -0.371065 0.00993857 -0.13942 -0.00602622 -0.0172596 -0.1386 
0.0558093 -0.0325524 -0.116391 0.0571487 -0.0245018 -0.137344 0.0711593 -0.0407573 -0.130629 
-0.388642 -0.00269573 -0.133332 -0.406219 -0.01533 -0.127244 0.0851698 -0.0570127 -0.123913 
0.115418 -0.0686844 -0.102332 0.116757 -0.0606338 -0.123285 0.147005 -0.0723056 -0.101704 
0.148345 -0.0642549 -0.122657 0.162355 -0.0805104 -0.115941 -0.409786 -0.0442198 -0.114441 
0.143439 -0.101195 -0.0888997 0.158789 -0.1094 -0.103137 -0.395775 -0.0604752 -0.107725 
-0.381765 -0.0767307 -0.101009 0.0135225 -0.115601 -0.0786078 -0.00271495 -0.120184 -0.0934729 
0.014862 -0.10755 -0.0995608 0.0464495 -0.111171 -0.0989328 0.04511 -0.119222 -0.0779798 
0.0780369 -0.114792 -0.0983049 0.109624 -0.118413 -0.0976769 0.108285 -0.126464 -0.0767238 
0.141212 -0.122034 -0.0970489 -0.367754 -0.0929861 -0.0942928 -0.336167 -0.0966072 -0.0936648 
-0.337506 -0.104658 -0.0727118 -0.322156 -0.112863 -0.0869489 -0.0848063 -0.133627 -0.0676879 
-0.101044 -0.138211 -0.082553 -0.0834669 -0.125576 -0.0886409 -0.0518794 -0.129197 -0.0880129 
-0.0202919 -0.132819 -0.087385 -0.308146 -0.129118 -0.080233 -0.276558 -0.132739 -0.079605 
-0.244971 -0.13636 -0.078977 -0.213383 -0.139981 -0.078349 -0.181796 -0.143603 -0.077721 
-0.150208 -0.147224 -0.077093 -0.118621 -0.150845 -0.0764651 -0.284068 0.0603216 -0.198962 
-0.301645 0.0476873 -0.192874 -0.252481 0.0567005 -0.198334 -0.220893 0.0530794 -0.197706 
-0.189306 0.0494582 -0.197078 -0.157718 0.0458371 -0.19645 -0.126131 0.042216 -0.195822 
-0.11212 0.0259605 -0.189106 -0.352149 0.0306235 -0.166461 -0.35081 0.0386741 -0.187414 
-0.368386 0.0260398 -0.181326 -0.319222 0.035053 -0.186786 -0.0981097 0.00970509 -0.18239 
-0.0665222 0.00608396 -0.181763 -0.0349348 0.00246283 -0.181135 -0.00468675 -0.00920893 -0.159553 
-0.00334728 -0.0011583 -0.180507 0.0282402 -0.00477943 -0.179879 0.0584882 -0.0164512 -0.158297 
0.0598277 -0.00840056 -0.179251 0.0738382 -0.024656 -0.172535 -0.371953 -0.00284992 -0.168523 
0.0865093 -0.0489621 -0.144866 0.0878487 -0.0409114 -0.165819 0.118097 -0.0525832 -0.144238 
0.119436 -0.0445326 -0.165191 0.133447 -0.060788 -0.158475 -0.38953 -0.0154842 -0.162435 
-0.407107 -0.0281185 -0.156347 0.147457 -0.0770434 -0.151759 0.177705 -0.0887152 -0.130178 
0.179045 -0.0806646 -0.151131 0.193055 -0.09692 -0.144415 -0.410673 -0.0570083 -0.143543 
0.110964 -0.110363 -0.11863 0.0947264 -0.114946 -0.133495 0.112303 -0.102312 -0.139583 
0.143891 -0.105933 -0.138955 0.142551 -0.113984 -0.118002 0.175478 -0.109554 -0.138327 
-0.396663 -0.0732637 -0.136827 -0.365075 -0.0768849 -0.136199 -0.366415 -0.0849355 -0.115246 
-0.351065 -0.0931403 -0.129483 -0.0505399 -0.121147 -0.108966 -0.0667774 -0.12573 -0.123831 
-0.0492004 -0.113096 -0.129919 -0.017613 -0.116717 -0.129291 -0.0189524 -0.124768 -0.108338 
0.0139745 -0.120338 -0.128663 0.045562 -0.12396 -0.128035 0.0771495 -0.127581 -0.127407 
-0.337054 -0.109396 -0.122767 -0.305467 -0.113017 -0.122139 -0.306806 -0.121067 -0.101186 
-0.291456 -0.129272 -0.115423 -0.117281 -0.142794 -0.0974181 -0.133519 -0.147378 -0.112283 
-0.115942 -0.134744 -0.118371 -0.0843543 -0.138365 -0.117743 -0.277446 -0.145528 -0.108707 
-0.245858 -0.149149 -0.108079 -0.214271 -0.15277 -0.107451 -0.182683 -0.156391 -0.106823 
-0.151096 -0.160012 -0.106195 -0.317883 0.0431036 -0.207739 -0.316543 0.0511542 -0.228693 
-0.33412 0.0385199 -0.222605 -0.284956 0.0475331 -0.228065 -0.253368 0.043912 -0.227437 
-0.221781 0.0402909 -0.226809 -0.190193 0.0366697 -0.226181 -0.158606 0.0330486 -0.225553 
-0.127018 0.0294275 -0.224925 -0.0967702 0.0177557 -0.203344 -0.0954308 0.0258063 -0.224297 
-0.0814202 0.0095509 -0.217581 -0.351697 0.0258856 -0.216517 -0.369274 0.0132513 -0.210429 
-0.0674097 -0.00670454 -0.210865 -0.0358222 -0.0103257 -0.210237 -0.00423475 -0.0139468 -0.209609 
0.0273527 -0.0175679 -0.208981 0.0589402 -0.0211891 -0.208353 0.0891882 -0.0328608 -0.186772 
0.0905277 -0.0248102 -0.207725 0.120776 -0.0364819 -0.186144 0.122115 -0.0284313 -0.207097 
0.136126 -0.0446868 -0.200381 -0.37284 -0.0156384 -0.197625 0.148797 -0.0689928 -0.172712 
0.150136 -0.0609422 -0.193665 0.164147 -0.0771976 -0.186949 -0.390417 -0.0282727 -0.191537 
-0.407994 -0.040907 -0.185449 0.178157 -0.0934531 -0.180233 0.192168 -0.109709 -0.173517 
-0.411561 -0.0697968 -0.172645 0.0469015 -0.115909 -0.148988 0.030664 -0.120493 -0.163853 
0.0482409 -0.107858 -0.169941 0.0798284 -0.111479 -0.169313 0.078489 -0.11953 -0.14836 
0.111416 -0.115101 -0.168685 0.143003 -0.118722 -0.168057 0.174591 -0.122343 -0.167429 
-0.39755 -0.0860522 -0.165929 -0.365963 -0.0896733 -0.165301 -0.334375 -0.0932945 -0.164673 
-0.335715 -0.101345 -0.14372 -0.320365 -0.10955 -0.157957 -0.0830149 -0.130314 -0.138696 
-0.0992523 -0.134898 -0.153561 -0.0816754 -0.122264 -0.159649 -0.0500879 -0.125885 -0.159021 
-0.0185004 -0.129506 -0.158393 0.0130871 -0.133127 -0.157765 -0.306354 -0.125805 -0.151241 
-0.274767 -0.129426 -0.150613 -0.276106 -0.137477 -0.12966 -0.243179 -0.133048 -0.149985 
-0.244519 -0.141098 -0.129032 -0.211592 -0.136669 -0.149357 -0.212931 -0.144719 -0.128404 
-0.180004 -0.14029 -0.148729 -0.181344 -0.14834 -0.127776 -0.148417 -0.143911 -0.148101 
-0.149756 -0.151962 -0.127148 -0.116829 -0.147532 -0.147473 -0.252029 0.0519626 -0.24839 
-0.250689 0.0600132 -0.269343 -0.268266 0.0473789 -0.263255 -0.220441 0.0483415 -0.247762 
-0.219102 0.0563921 -0.268715 -0.205091 0.0401367 -0.261999 -0.317431 0.0383657 -0.257795 
-0.335008 0.0257314 -0.251707 -0.285843 0.0347446 -0.257167 -0.191081 0.0238812 -0.255283 
-0.159493 0.0202601 -0.254655 -0.127906 0.016639 -0.254027 -0.0963182 0.0130178 -0.253399 
-0.0660702 0.00134608 -0.231818 -0.0647307 0.00939671 -0.252771 -0.0344827 -0.00227505 -0.23119 
-0.0331433 0.00577558 -0.252143 -0.00289527 -0.00589618 -0.230562 -0.0015558 0.00215445 -0.251515 
0.0286922 -0.00951731 -0.229934 0.0300317 -0.00146668 -0.250887 0.0602797 -0.0131384 -0.229306 
0.0616192 -0.00508781 -0.250259 0.0918672 -0.0167596 -0.228678 0.0932066 -0.00870894 -0.249631 
0.123455 -0.0203807 -0.22805 0.124794 -0.0123301 -0.249003 0.138805 -0.0285855 -0.242287 
-0.352584 0.0130971 -0.245619 -0.370161 0.000462826 -0.239531 0.151476 -0.0528916 -0.214618 
0.152815 -0.044841 -0.235571 0.166826 -0.0610964 -0.228855 -0.373728 -0.0284269 -0.226727 
0.179497 -0.0854024 -0.201186 0.180836 -0.0773518 -0.222139 0.194847 -0.0936073 -0.215423 
-0.391305 -0.0410612 -0.220639 -0.408882 -0.0536955 -0.214551 0.112755 -0.10705 -0.189638 
0.0965179 -0.111634 -0.204503 0.114095 -0.0989993 -0.210591 0.128105 -0.115255 -0.203875 
0.17593 -0.114292 -0.188382 0.159693 -0.118876 -0.203248 0.17727 -0.106242 -0.209335 
-0.394871 -0.069951 -0.207835 -0.396211 -0.0780016 -0.186882 -0.380861 -0.0862064 -0.201119 
-0.017161 -0.121455 -0.179346 -0.0333984 -0.126039 -0.194212 -0.0158215 -0.113405 -0.2003 
0.015766 -0.117026 -0.199672 0.0144265 -0.125076 -0.178718 0.0473535 -0.120647 -0.199044 
0.078941 -0.124268 -0.198416 0.142116 -0.13151 -0.19716 -0.36685 -0.102462 -0.194403 
-0.335263 -0.106083 -0.193776 -0.303675 -0.109704 -0.193148 -0.305015 -0.117755 -0.172194 
-0.272088 -0.113325 -0.19252 -0.273427 -0.121376 -0.171566 -0.258077 -0.129581 -0.185804 
-0.10014 -0.147686 -0.182664 -0.0825628 -0.135052 -0.188752 -0.0509754 -0.138673 -0.188124 
-0.244067 -0.145836 -0.179088 -0.212479 -0.149457 -0.17846 -0.180892 -0.153078 -0.177832 
-0.149304 -0.156699 -0.177204 -0.117717 -0.160321 -0.176576 -0.251577 0.0472247 -0.298445 
-0.269154 0.0345904 -0.292357 -0.219989 0.0436036 -0.297817 -0.189741 0.0319319 -0.276236 
-0.188402 0.0399825 -0.297189 -0.174391 0.023727 -0.290473 -0.318318 0.0255773 -0.286897 
-0.335895 0.0129429 -0.280809 -0.286731 0.0219561 -0.286269 -0.160381 0.0074716 -0.283757 
-0.128793 0.00385047 -0.283129 -0.0972057 0.00022934 -0.282501 -0.0656182 -0.00339179 -0.281873 
-0.0340307 -0.00701292 -0.281245 -0.00244327 -0.0106341 -0.280617 0.0291442 -0.0142552 -0.279989 
0.0607317 -0.0178763 -0.279361 0.0923192 -0.0214974 -0.278733 0.123907 -0.0251186 -0.278105 
0.154155 -0.0367903 -0.256524 0.155494 -0.0287397 -0.277477 0.169505 -0.0449951 -0.270761 
-0.353472 0.000308636 -0.274721 -0.371049 -0.0123257 -0.268633 0.182176 -0.0693012 -0.243092 
0.183515 -0.0612506 -0.264045 0.197526 -0.077506 -0.25733 -0.374615 -0.0412154 -0.255829 
0.210197 -0.101812 -0.229661 0.211536 -0.0937615 -0.250614 0.225547 -0.110017 -0.243898 
-0.393532 -0.0619003 -0.228788 -0.378182 -0.0701052 -0.243026 0.048693 -0.112596 -0.219997 
0.0324555 -0.11718 -0.234862 0.0500324 -0.104546 -0.24095 0.0816199 -0.108167 -0.240322 
0.0802804 -0.116217 -0.219369 0.113207 -0.111788 -0.239694 0.144795 -0.115409 -0.239066 
0.143455 -0.12346 -0.218113 0.176382 -0.11903 -0.238438 0.20797 -0.122651 -0.23781 
-0.381748 -0.0989949 -0.230222 -0.0496359 -0.130623 -0.209077 -0.0658734 -0.135206 -0.223942 
-0.0482964 -0.122572 -0.23003 -0.0167089 -0.126193 -0.229402 0.0148785 -0.129814 -0.228774 
-0.367738 -0.11525 -0.223506 -0.33615 -0.118871 -0.222878 -0.304563 -0.122493 -0.22225 
-0.272975 -0.126114 -0.221622 -0.241388 -0.129735 -0.220994 -0.242727 -0.137785 -0.200041 
-0.227377 -0.14599 -0.214278 -0.101027 -0.160475 -0.211766 -0.0834503 -0.147841 -0.217854 
-0.213367 -0.162246 -0.207562 -0.181779 -0.165867 -0.206934 -0.150192 -0.169488 -0.206306 
-0.118604 -0.173109 -0.205678 -0.252464 0.0344362 -0.327547 -0.270041 0.0218019 -0.321459 
-0.220877 0.0308151 -0.326919 -0.189289 0.027194 -0.326291 -0.159041 0.0155222 -0.30471 
-0.157702 0.0235728 -0.325663 -0.127454 0.0119011 -0.304082 -0.126114 0.0199517 -0.325035 
-0.0958662 0.00827996 -0.303454 -0.0945268 0.0163306 -0.324407 -0.0642788 0.00465883 -0.302826 
-0.0629393 0.0127095 -0.323779 -0.0326913 0.0010377 -0.302198 -0.0313518 0.00908833 -0.323151 
-0.0011038 -0.00258343 -0.30157 0.000235679 0.0054672 -0.322523 0.0304837 -0.00620456 -0.300942 
0.0318232 0.00184607 -0.321895 0.0620712 -0.00982569 -0.300314 0.0634106 -0.00177506 -0.321267 
0.0774212 -0.0180305 -0.314551 -0.319205 0.0127888 -0.315999 -0.336782 0.000154446 -0.309911 
-0.287618 0.00916762 -0.315371 0.0914317 -0.0342859 -0.307836 0.123019 -0.0379071 -0.307208 
0.154607 -0.0415282 -0.30658 0.184855 -0.0532 -0.284999 0.186194 -0.0451493 -0.305952 
0.216442 -0.0568211 -0.284371 0.217782 -0.0487705 -0.305324 0.231792 -0.0650259 -0.298608 
-0.355699 -0.0205305 -0.28287 -0.340349 -0.0287353 -0.297108 0.212876 -0.0857108 -0.271567 
0.228226 -0.0939156 -0.285804 -0.357926 -0.0413696 -0.29102 -0.375503 -0.0540039 -0.284932 
0.146134 -0.107358 -0.260019 0.129897 -0.111942 -0.274884 0.147474 -0.0993077 -0.280972 
0.161484 -0.115563 -0.274256 0.209309 -0.114601 -0.258763 0.193072 -0.119184 -0.273628 
0.210649 -0.10655 -0.279716 -0.379069 -0.0828937 -0.272128 -0.0153695 -0.118142 -0.250355 
-0.0316069 -0.122726 -0.26522 -0.01403 -0.110092 -0.271308 0.0175575 -0.113713 -0.27068 
0.016218 -0.121764 -0.249727 0.049145 -0.117334 -0.270052 0.0807324 -0.120955 -0.269424 
0.11232 -0.124576 -0.268796 0.175495 -0.131819 -0.26754 -0.365059 -0.0991491 -0.265412 
-0.366398 -0.1072 -0.244459 -0.351048 -0.115405 -0.258696 -0.0667608 -0.147995 -0.253044 
-0.0491839 -0.13536 -0.259132 -0.337038 -0.13166 -0.25198 -0.30545 -0.135281 -0.251352 
-0.273863 -0.138902 -0.250724 -0.242275 -0.142523 -0.250096 -0.210688 -0.146144 -0.249468 
-0.212027 -0.154195 -0.228515 -0.196677 -0.1624 -0.242752 -0.148852 -0.161437 -0.227259 
-0.16509 -0.166021 -0.242124 -0.147513 -0.153387 -0.248212 -0.115925 -0.157008 -0.247584 
-0.117265 -0.165059 -0.226631 -0.0843378 -0.160629 -0.246956 -0.182667 -0.178655 -0.236036 
-0.18795 0.0352446 -0.347244 -0.18661 0.0432952 -0.368197 -0.204187 0.0306609 -0.362109 
-0.156362 0.0316235 -0.346616 -0.155023 0.0396741 -0.367569 -0.124775 0.0280023 -0.345988 
-0.123435 0.036053 -0.366941 -0.0931873 0.0243812 -0.34536 -0.0918478 0.0324318 -0.366313 
-0.0615998 0.0207601 -0.344732 -0.0602603 0.0288107 -0.365685 -0.0300123 0.017139 -0.344104 
-0.0286728 0.0251896 -0.365057 0.00157515 0.0135178 -0.343476 0.00291463 0.0215684 -0.36443 
0.0331626 0.00989669 -0.342848 0.0345021 0.0179473 -0.363802 0.0485126 0.00169188 -0.357086 
-0.253352 0.0216477 -0.35665 -0.270929 0.00901343 -0.350562 -0.221764 0.0180266 -0.356022 
0.0625232 -0.0145636 -0.35037 0.0927712 -0.0262353 -0.328789 0.0941106 -0.0181847 -0.349742 
0.124359 -0.0298564 -0.328161 0.125698 -0.0218058 -0.349114 0.155946 -0.0334776 -0.327533 
0.157286 -0.025427 -0.348486 0.187534 -0.0370987 -0.326905 0.188873 -0.0290481 -0.347858 
0.219121 -0.0407198 -0.326277 0.220461 -0.0326692 -0.34723 0.234471 -0.0489246 -0.340514 
-0.321432 -0.00805037 -0.324149 -0.306082 -0.0162552 -0.338386 -0.288505 -0.00362087 -0.344474 
0.247142 -0.0732307 -0.312845 0.248482 -0.0651801 -0.333798 0.262492 -0.0814355 -0.327082 
-0.323659 -0.0288895 -0.332298 -0.341236 -0.0415238 -0.32621 0.243576 -0.10212 -0.300041 
0.258926 -0.110325 -0.314278 -0.358813 -0.0541581 -0.320122 -0.37639 -0.0667924 -0.314034 
0.0504844 -0.109283 -0.291005 0.034247 -0.113867 -0.30587 0.0518239 -0.101233 -0.311958 
0.0834114 -0.104854 -0.31133 0.0820719 -0.112905 -0.290377 0.114999 -0.108475 -0.310702 
0.113659 -0.116526 -0.289749 0.146586 -0.112096 -0.310074 0.178174 -0.115717 -0.309446 
0.176834 -0.123768 -0.288493 0.209761 -0.119338 -0.308818 0.241349 -0.12296 -0.30819 
-0.379957 -0.0956822 -0.30123 -0.0324944 -0.135515 -0.294322 -0.0149175 -0.12288 -0.30041 
0.01667 -0.126501 -0.299782 -0.365946 -0.111938 -0.294514 -0.334359 -0.115559 -0.293886 
-0.335698 -0.123609 -0.272933 -0.302771 -0.11918 -0.293258 -0.304111 -0.12723 -0.272305 
-0.288761 -0.135435 -0.286542 -0.114586 -0.148957 -0.268537 -0.130823 -0.153541 -0.283402 
-0.113246 -0.140907 -0.28949 -0.0816588 -0.144528 -0.288862 -0.0829983 -0.152578 -0.267909 
-0.0500714 -0.148149 -0.288234 -0.27475 -0.151691 -0.279826 -0.243163 -0.155312 -0.279198 
-0.211575 -0.158933 -0.27857 -0.179988 -0.162554 -0.277942 -0.181327 -0.170605 -0.256989 
-0.1484 -0.166175 -0.277314 -0.0273334 0.0332402 -0.386011 -0.0259939 0.0412908 -0.406964 
-0.0435709 0.0286565 -0.400876 0.0042541 0.0296191 -0.385383 0.00559358 0.0376697 -0.406336 
0.0358416 0.0259979 -0.384755 0.0371811 0.0340486 -0.405708 0.0511916 0.0177931 -0.398992 
-0.220425 0.0260772 -0.376975 -0.219085 0.0341279 -0.397928 -0.236662 0.0214936 -0.39184 
-0.187498 0.0305067 -0.3973 -0.15591 0.0268856 -0.396672 -0.124323 0.0232645 -0.396044 
-0.0927353 0.0196433 -0.395416 -0.0611478 0.0160222 -0.394788 0.0638626 -0.00651294 -0.371323 
0.0652021 0.00153769 -0.392276 0.0954501 -0.0101341 -0.370695 0.0967896 -0.00208344 -0.391648 
0.127038 -0.0137552 -0.370067 0.128377 -0.00570457 -0.39102 0.158625 -0.0173763 -0.369439 
0.159965 -0.0093257 -0.390392 0.190213 -0.0209975 -0.368811 0.191552 -0.0129468 -0.389764 
0.2218 -0.0246186 -0.368183 0.223139 -0.016568 -0.389136 0.23715 -0.0328234 -0.38242 
-0.254239 0.00885924 -0.385752 -0.271816 -0.00377506 -0.379664 0.249821 -0.0571295 -0.354751 
0.251161 -0.0490788 -0.375704 0.265171 -0.0653343 -0.368988 -0.289393 -0.0164094 -0.373576 
-0.30697 -0.0290437 -0.367488 0.261605 -0.094224 -0.356184 -0.324547 -0.041678 -0.3614 
-0.342124 -0.0543123 -0.355312 0.116338 -0.100424 -0.331655 0.100101 -0.105008 -0.34652 
0.117678 -0.0923738 -0.352608 0.149265 -0.0959949 -0.35198 0.147926 -0.104046 -0.331027 
0.180853 -0.0996161 -0.351352 0.179513 -0.107667 -0.330399 0.21244 -0.103237 -0.350724 
0.211101 -0.111288 -0.329771 0.244028 -0.106858 -0.350096 0.242688 -0.114909 -0.329143 
-0.36104 -0.0749972 -0.328271 -0.34569 -0.083202 -0.342508 0.0180095 -0.118451 -0.320735 
0.00177201 -0.123034 -0.3356 0.019349 -0.1104 -0.341688 0.0509364 -0.114021 -0.34106 
0.0825239 -0.117642 -0.340432 -0.364607 -0.103887 -0.315467 -0.349257 -0.112092 -0.329704 
-0.0333819 -0.148303 -0.323425 -0.0158049 -0.135669 -0.329512 -0.335246 -0.128347 -0.322988 
-0.303659 -0.131968 -0.32236 -0.272071 -0.135589 -0.321732 -0.273411 -0.14364 -0.300779 
-0.240484 -0.139211 -0.321104 -0.241823 -0.147261 -0.300151 -0.208896 -0.142832 -0.320477 
-0.210236 -0.150882 -0.299523 -0.177309 -0.146453 -0.319849 -0.178648 -0.154503 -0.298895 
-0.145721 -0.150074 -0.319221 -0.147061 -0.158125 -0.298267 -0.114134 -0.153695 -0.318593 
-0.0825463 -0.157316 -0.317965 -0.0509588 -0.160937 -0.317337 -0.0246544 0.0493414 -0.427917 
-0.023315 0.0573921 -0.44887 -0.0408919 0.0447578 -0.442782 0.00693305 0.0457203 -0.427289 
0.00827252 0.0537709 -0.448242 0.0385205 0.0420992 -0.426661 0.03986 0.0501498 -0.447614 
0.070108 0.0384781 -0.426033 0.0714475 0.0465287 -0.446986 0.101695 0.0348569 -0.425405 
0.103035 0.0429075 -0.446358 0.133283 0.0312358 -0.424777 0.134622 0.0392864 -0.44573 
0.148633 0.023031 -0.439014 -0.154571 0.0349362 -0.417625 -0.153231 0.0429868 -0.438578 
-0.170808 0.0303525 -0.43249 -0.122983 0.0313151 -0.416997 -0.121644 0.0393657 -0.43795 
-0.0913958 0.027694 -0.416369 -0.0900563 0.0357446 -0.437322 -0.0598083 0.0240728 -0.415741 
-0.0584688 0.0321235 -0.436694 0.0665416 0.00958831 -0.413229 0.0981291 0.00596718 -0.412601 
0.129717 0.00234605 -0.411973 0.162643 0.00677554 -0.432298 0.161304 -0.00127508 -0.411345 
0.192891 -0.00489621 -0.410717 0.194231 0.00315441 -0.43167 0.224479 -0.00851734 -0.410089 
0.225818 -0.000466717 -0.431042 0.239829 -0.0167222 -0.424326 -0.221312 0.0132887 -0.406077 
-0.205962 0.00508392 -0.420314 -0.188385 0.0177182 -0.426402 0.2525 -0.0410282 -0.396657 
0.253839 -0.0329776 -0.41761 0.284088 -0.0446493 -0.396029 0.285427 -0.0365987 -0.416982 
0.299437 -0.0528542 -0.410266 -0.255127 -0.00392925 -0.414854 -0.272703 -0.0165636 -0.408766 
-0.223539 -0.00755038 -0.414226 0.280521 -0.0735391 -0.383225 0.295871 -0.0817439 -0.397462 
-0.29028 -0.0291979 -0.402678 -0.307857 -0.0418322 -0.39659 0.276955 -0.102429 -0.370421 
0.292305 -0.110634 -0.384659 -0.325434 -0.0544665 -0.390502 -0.343011 -0.0671008 -0.384414 
0.0522759 -0.105971 -0.362013 0.0360384 -0.110554 -0.376879 0.0536154 -0.09792 -0.382966 
0.0852029 -0.101541 -0.382338 0.0838634 -0.109592 -0.361385 0.11679 -0.105162 -0.38171 
0.148378 -0.108783 -0.381083 0.179965 -0.112405 -0.380455 0.211553 -0.116026 -0.379827 
0.24314 -0.119647 -0.379199 0.274728 -0.123268 -0.378571 -0.346578 -0.0959905 -0.371611 
-0.0144655 -0.127618 -0.350466 -0.0307029 -0.132202 -0.365331 -0.013126 -0.119568 -0.371419 
0.0184615 -0.123189 -0.370791 -0.350144 -0.12488 -0.358807 -0.302319 -0.123918 -0.343314 
-0.318557 -0.128501 -0.358179 -0.30098 -0.115867 -0.364267 -0.269392 -0.119488 -0.363639 
-0.270732 -0.127539 -0.342686 -0.255382 -0.135744 -0.356923 -0.0496194 -0.152887 -0.33829 
-0.0658568 -0.15747 -0.353155 -0.0482799 -0.144836 -0.359243 -0.336134 -0.141136 -0.352091 
-0.241371 -0.151999 -0.350207 -0.209784 -0.15562 -0.349579 -0.178196 -0.159241 -0.348951 
-0.146609 -0.162862 -0.348323 -0.115021 -0.166484 -0.347695 -0.0834338 -0.170105 -0.347067 
0.111507 0.108738 -0.492919 0.112847 0.116788 -0.513872 0.0952698 0.104154 -0.507784 
0.143095 0.105117 -0.492291 0.144434 0.113167 -0.513244 0.174682 0.101495 -0.491663 
0.176022 0.109546 -0.512616 0.20627 0.0978743 -0.491035 0.207609 0.105925 -0.511988 
0.22162 0.0896695 -0.505272 0.0447659 0.0870902 -0.481371 0.0461054 0.0951408 -0.502324 
0.0285284 0.0825065 -0.496236 0.0763534 0.083469 -0.480743 0.0776928 0.0915197 -0.501696 
0.107941 0.0798479 -0.480115 0.139528 0.0762268 -0.479487 0.171116 0.0726057 -0.478859 
0.202703 0.0689845 -0.478231 0.23563 0.073414 -0.498556 0.234291 0.0653634 -0.477603 
0.249641 0.0571586 -0.49184 -0.0851504 0.072685 -0.471079 -0.083811 0.0807356 -0.492032 
-0.101388 0.0681013 -0.485944 -0.0698004 0.0644801 -0.485316 -0.0219755 0.0654427 -0.469823 
-0.020636 0.0734933 -0.490776 -0.038213 0.060859 -0.484688 0.009612 0.0618216 -0.469195 
0.0109515 0.0698722 -0.490148 0.0411995 0.0582004 -0.468567 0.0727869 0.0545793 -0.467939 
0.104374 0.0509582 -0.467311 0.135962 0.047337 -0.466683 0.167549 0.0437159 -0.466055 
0.199137 0.0400948 -0.465427 0.230724 0.0364737 -0.464799 0.263651 0.0409031 -0.485124 
0.262312 0.0328525 -0.464171 0.293899 0.0292314 -0.463543 0.295239 0.037282 -0.484496 
0.309249 0.0210266 -0.47778 -0.120304 0.0474163 -0.458903 -0.118965 0.055467 -0.479856 
-0.136542 0.0428327 -0.473768 -0.0887168 0.0437952 -0.458275 -0.0557899 0.0482247 -0.4786 
-0.0571294 0.0401741 -0.457647 0.163983 0.0148262 -0.453251 0.19557 0.011205 -0.452623 
0.227158 0.00758391 -0.451995 0.258745 0.00396278 -0.451367 0.290333 0.000341647 -0.450739 
0.305683 -0.00786317 -0.464976 -0.154119 0.0301983 -0.46768 -0.171696 0.017564 -0.461592 
0.255179 -0.024927 -0.438563 0.286766 -0.0285481 -0.437935 0.302116 -0.0367529 -0.452172 
-0.190612 -0.00312089 -0.434551 -0.175262 -0.0113257 -0.448788 0.314788 -0.061059 -0.424503 
0.316127 -0.0530083 -0.445456 0.330138 -0.0692638 -0.438741 -0.257353 -0.0247684 -0.423003 
-0.225766 -0.0283895 -0.422375 -0.210416 -0.0365943 -0.436612 -0.192839 -0.02396 -0.4427 
0.311221 -0.0899487 -0.4117 0.326571 -0.0981535 -0.425937 -0.291168 -0.0419864 -0.43178 
-0.308745 -0.0546207 -0.425693 -0.25958 -0.0456075 -0.431152 -0.227993 -0.0492286 -0.430524 
0.0865423 -0.0934905 -0.403292 0.0703049 -0.0980742 -0.418157 0.0878818 -0.0854399 -0.424245 
0.119469 -0.0890611 -0.423617 0.11813 -0.0971117 -0.402664 0.151057 -0.0926822 -0.422989 
0.149717 -0.100733 -0.402036 0.182644 -0.0963033 -0.422361 0.181305 -0.104354 -0.401408 
0.214232 -0.0999244 -0.421733 0.212892 -0.107975 -0.40078 0.245819 -0.103546 -0.421105 
0.24448 -0.111596 -0.400152 0.277407 -0.107167 -0.420477 0.276067 -0.115217 -0.399524 
0.308994 -0.110788 -0.419849 -0.327661 -0.0753056 -0.398652 -0.312311 -0.0835104 -0.412889 
0.019801 -0.115138 -0.391744 0.00356348 -0.119722 -0.406609 0.0211404 -0.107087 -0.412697 
0.0527279 -0.110709 -0.412069 -0.331228 -0.104195 -0.385848 -0.315878 -0.1124 -0.400085 
-0.0469404 -0.136786 -0.380196 -0.0631779 -0.141369 -0.395061 -0.0456009 -0.128735 -0.401149 
-0.0140135 -0.132356 -0.400521 -0.334794 -0.133085 -0.373044 -0.301867 -0.128656 -0.393369 
-0.27028 -0.132277 -0.392741 -0.238692 -0.135898 -0.392113 -0.240032 -0.143948 -0.37116 
-0.207105 -0.139519 -0.391485 -0.208444 -0.14757 -0.370532 -0.193094 -0.155774 -0.384769 
-0.0820943 -0.162054 -0.36802 -0.0983318 -0.166638 -0.382885 -0.0807548 -0.154004 -0.388973 
-0.179084 -0.17203 -0.378053 -0.147496 -0.175651 -0.377425 -0.115909 -0.179272 -0.376797 
0.114186 0.124839 -0.534825 0.115526 0.13289 -0.555778 0.0979487 0.120255 -0.54969 
0.145774 0.121218 -0.534197 0.147113 0.129268 -0.55515 0.177361 0.117597 -0.533569 
0.178701 0.125647 -0.554522 0.208949 0.113976 -0.532941 0.210288 0.122026 -0.553894 
0.240536 0.110354 -0.532313 0.241876 0.118405 -0.553266 0.255886 0.10215 -0.54655 
0.0474448 0.103191 -0.523277 0.0487843 0.111242 -0.54423 0.0312074 0.0986077 -0.538142 
0.0790323 0.0995703 -0.522649 0.0803718 0.107621 -0.543602 0.23697 0.0814646 -0.519509 
0.269897 0.0858941 -0.539834 0.268557 0.0778435 -0.518881 0.300145 0.0742224 -0.518253 
0.301484 0.082273 -0.539206 0.315495 0.0660176 -0.53249 -0.050884 0.0851651 -0.512357 
-0.0495445 0.0932157 -0.53331 -0.0671215 0.0805814 -0.527222 -0.0192965 0.0815439 -0.511729 
-0.0179571 0.0895946 -0.532682 0.0122909 0.0779228 -0.511101 0.0136304 0.0859734 -0.532054 
0.264991 0.0489538 -0.506077 0.296578 0.0453326 -0.505449 0.329505 0.0497621 -0.525774 
0.328166 0.0417115 -0.504821 0.359753 0.0380904 -0.504193 0.361093 0.046141 -0.525146 
0.391341 0.0344692 -0.503565 0.39268 0.0425199 -0.524518 0.406691 0.0262644 -0.517802 
-0.0846984 0.0679471 -0.521134 -0.102275 0.0553128 -0.515046 -0.0544504 0.0562753 -0.499553 
0.324599 0.0128218 -0.492017 0.356187 0.00920063 -0.491389 0.387774 0.0055795 -0.490761 
0.403124 -0.00262531 -0.504998 -0.119852 0.0426785 -0.508958 -0.137429 0.0300442 -0.50287 
0.321033 -0.016068 -0.479213 0.336383 -0.0242728 -0.493451 0.35396 -0.0116385 -0.499538 
0.385547 -0.0152596 -0.49891 -0.155006 0.0174099 -0.496782 -0.172583 0.00477554 -0.490694 
0.317466 -0.0449577 -0.46641 0.350393 -0.0405282 -0.486735 0.349054 -0.0485789 -0.465782 
0.364404 -0.0567837 -0.480019 -0.17615 -0.0241142 -0.477891 0.345488 -0.0774686 -0.452978 
0.360838 -0.0856734 -0.467215 -0.193727 -0.0367485 -0.471803 -0.211303 -0.0493828 -0.465715 
0.152396 -0.0846316 -0.443942 0.136159 -0.0892152 -0.458807 0.153736 -0.0765809 -0.464895 
0.185323 -0.0802021 -0.464267 0.183984 -0.0882527 -0.443314 0.216911 -0.0838232 -0.463639 
0.215571 -0.0918738 -0.442686 0.248498 -0.0874443 -0.463011 0.247159 -0.095495 -0.442058 
0.280086 -0.0910655 -0.462383 0.278746 -0.0991161 -0.44143 0.311673 -0.0946866 -0.461755 
0.310334 -0.102737 -0.440802 0.343261 -0.0983077 -0.461127 -0.293395 -0.0628255 -0.43993 
-0.261807 -0.0664466 -0.439302 -0.246457 -0.0746514 -0.453539 -0.22888 -0.0620171 -0.459627 
0.0540674 -0.102658 -0.433022 0.0378299 -0.107242 -0.447887 0.0554069 -0.0946073 -0.453975 
0.0869943 -0.0982284 -0.453347 0.118582 -0.10185 -0.452719 -0.295622 -0.0836646 -0.448079 
-0.313199 -0.0962989 -0.441991 -0.264034 -0.0872857 -0.447451 -0.012674 -0.124305 -0.421474 
-0.0289115 -0.128889 -0.436339 -0.0113345 -0.116255 -0.442427 0.020253 -0.119876 -0.441799 
-0.316765 -0.125189 -0.429187 -0.0794154 -0.145953 -0.409926 -0.0956528 -0.150537 -0.424791 
-0.0780759 -0.137902 -0.430879 -0.0464884 -0.141523 -0.430251 -0.302755 -0.141444 -0.422471 
-0.271167 -0.145065 -0.421843 -0.23958 -0.148686 -0.421215 -0.207992 -0.152307 -0.420587 
-0.176405 -0.155929 -0.419959 -0.177744 -0.163979 -0.399006 -0.144817 -0.15955 -0.419331 
-0.146157 -0.1676 -0.398378 -0.11323 -0.163171 -0.418703 -0.114569 -0.171221 -0.39775 
0.148453 0.137319 -0.576103 0.149792 0.14537 -0.597056 0.132215 0.132735 -0.590968 
0.18004 0.133698 -0.575475 0.18138 0.141749 -0.596428 0.19539 0.125493 -0.589712 
0.0501238 0.119293 -0.565183 0.0514633 0.127343 -0.586136 0.0338863 0.114709 -0.580048 
0.0817113 0.115672 -0.564555 0.0830507 0.123722 -0.585508 0.114638 0.120101 -0.58488 
0.209401 0.109238 -0.582996 0.240988 0.105617 -0.582368 0.271236 0.0939448 -0.560787 
0.272576 0.101995 -0.58174 0.286586 0.0857399 -0.575024 -0.0166176 0.0976452 -0.553635 
-0.0152781 0.105696 -0.574588 -0.0328551 0.0930615 -0.5685 0.0149699 0.0940241 -0.553007 
0.0163094 0.102075 -0.57396 0.300597 0.0694845 -0.568308 0.330845 0.0578128 -0.546727 
0.332184 0.0658634 -0.56768 0.362432 0.0541916 -0.546099 0.363772 0.0622423 -0.567052 
0.39402 0.0505705 -0.545471 0.395359 0.0586211 -0.566424 0.40937 0.0423657 -0.559708 
-0.050432 0.0804272 -0.562412 -0.068009 0.0677929 -0.556324 0.422041 0.0180596 -0.532039 
0.42338 0.0261102 -0.552992 0.437391 0.00985481 -0.546277 -0.0855859 0.0551586 -0.550236 
-0.103163 0.0425243 -0.544148 0.402237 -0.0154138 -0.534101 0.419814 -0.0027795 -0.540189 
-0.12074 0.02989 -0.538061 -0.138317 0.0172557 -0.531973 0.351733 -0.0324776 -0.507688 
0.38332 -0.0360987 -0.50706 0.39867 -0.0443036 -0.521297 -0.155894 0.00462135 -0.525885 
-0.173471 -0.00801295 -0.519797 0.381093 -0.0569379 -0.515209 0.363516 -0.0695722 -0.509121 
-0.177037 -0.0369027 -0.506993 0.3446 -0.0902571 -0.48208 0.328363 -0.0948408 -0.496945 
0.34594 -0.0822065 -0.503033 -0.194614 -0.049537 -0.500905 -0.212191 -0.0621713 -0.494817 
0.0883338 -0.0901778 -0.4743 0.0720963 -0.0947615 -0.489165 0.0896733 -0.0821272 -0.495253 
0.121261 -0.0857483 -0.494625 0.119921 -0.0937989 -0.473672 0.152848 -0.0893694 -0.493997 
0.184436 -0.0929906 -0.493369 0.216023 -0.0966117 -0.492741 0.247611 -0.100233 -0.492113 
0.279198 -0.103854 -0.491485 0.310786 -0.107475 -0.490857 -0.229768 -0.0748056 -0.488729 
-0.247345 -0.0874399 -0.482641 0.0215924 -0.111825 -0.462752 0.00535496 -0.116409 -0.477617 
0.0229319 -0.103775 -0.483705 0.0545194 -0.107396 -0.483077 -0.297849 -0.104504 -0.456228 
-0.282499 -0.112709 -0.470465 -0.264922 -0.100074 -0.476553 -0.0451489 -0.133473 -0.451204 
-0.0613864 -0.138056 -0.466069 -0.0438095 -0.125422 -0.472157 -0.012222 -0.129043 -0.471529 
-0.301415 -0.133393 -0.443424 -0.268488 -0.128964 -0.463749 -0.269828 -0.137015 -0.442796 
-0.236901 -0.132585 -0.463121 -0.23824 -0.140636 -0.442168 -0.205313 -0.136206 -0.462493 
-0.206653 -0.144257 -0.44154 -0.173726 -0.139827 -0.461865 -0.175065 -0.147878 -0.440912 
-0.142138 -0.143449 -0.461237 -0.143478 -0.151499 -0.440284 -0.110551 -0.14707 -0.460609 
-0.11189 -0.15512 -0.439656 -0.0789634 -0.150691 -0.459981 0.0528027 0.135394 -0.607089 
0.0541422 0.143445 -0.628042 0.0365653 0.13081 -0.621954 0.0843902 0.131773 -0.606461 
0.0857297 0.139823 -0.627414 0.115978 0.128152 -0.605833 0.117317 0.136202 -0.626786 
0.147565 0.124531 -0.605205 0.131328 0.119947 -0.62007 0.179153 0.120909 -0.604577 
0.0176488 0.110125 -0.594913 0.0189883 0.118176 -0.615866 0.00141137 0.105542 -0.609778 
0.145338 0.103691 -0.613354 0.176926 0.10007 -0.612726 0.208513 0.0964491 -0.612098 
0.240101 0.092828 -0.61147 0.270349 0.0811563 -0.589889 0.254111 0.0765726 -0.604754 
-0.0161656 0.0929073 -0.60369 -0.0337425 0.080273 -0.597602 0.268122 0.0603171 -0.598039 
0.299709 0.056696 -0.597411 0.331297 0.0530749 -0.596783 0.362884 0.0494538 -0.596155 
0.393132 0.037782 -0.574574 0.376895 0.0331983 -0.589439 -0.0513195 0.0676387 -0.591515 
-0.0688964 0.0550044 -0.585427 0.390905 0.0169429 -0.582723 0.421153 0.00527112 -0.561142 
0.404916 0.000687441 -0.576007 -0.0864734 0.0423701 -0.579339 -0.10405 0.0297358 -0.573251 
0.401349 -0.0282023 -0.563203 -0.121627 0.0171015 -0.567163 -0.139204 0.00446716 -0.561075 
0.382433 -0.0488872 -0.536162 0.366195 -0.0534709 -0.551027 0.383772 -0.0408366 -0.557115 
-0.156781 -0.00816714 -0.554987 -0.174358 -0.0208015 -0.548899 0.347279 -0.0741559 -0.523986 
0.331042 -0.0787395 -0.538851 0.348618 -0.0661052 -0.544939 -0.177925 -0.0496912 -0.536095 
0.154188 -0.0813188 -0.51495 0.13795 -0.0859025 -0.529815 0.155527 -0.0732682 -0.535903 
0.187115 -0.0768893 -0.535275 0.185775 -0.0849399 -0.514322 0.218702 -0.0805105 -0.534647 
0.217363 -0.0885611 -0.513694 0.25029 -0.0841316 -0.534019 0.24895 -0.0921822 -0.513066 
0.281877 -0.0877527 -0.533391 0.280538 -0.0958033 -0.512438 0.313465 -0.0913738 -0.532763 
0.312125 -0.0994245 -0.51181 -0.195501 -0.0623255 -0.530007 -0.213078 -0.0749598 -0.523919 
0.0558589 -0.0993452 -0.50403 0.0396214 -0.103929 -0.518895 0.0571983 -0.0912945 -0.524983 
0.0887858 -0.0949157 -0.524355 0.120373 -0.0985368 -0.523727 -0.231995 -0.0956447 -0.496878 
-0.216645 -0.10385 -0.511115 -0.0108825 -0.120993 -0.492482 -0.02712 -0.125576 -0.507347 
-0.00954304 -0.112942 -0.513435 0.0220444 -0.116563 -0.512807 -0.267149 -0.120913 -0.484702 
-0.251799 -0.129118 -0.49894 -0.234222 -0.116484 -0.505027 -0.109211 -0.139019 -0.481562 
-0.125449 -0.143603 -0.496428 -0.107872 -0.130968 -0.502515 -0.0762844 -0.13459 -0.501888 
-0.0776239 -0.14264 -0.480934 -0.0446969 -0.138211 -0.50126 -0.237788 -0.145374 -0.492224 
-0.206201 -0.148995 -0.491596 -0.174613 -0.152616 -0.490968 -0.143026 -0.156237 -0.49034 
0.0519153 0.122605 -0.636191 0.0672653 0.114401 -0.650429 0.0848422 0.127035 -0.656516 
0.11643 0.123414 -0.655888 0.13044 0.107158 -0.649173 0.0181008 0.105387 -0.644969 
0.000523897 0.0927531 -0.638881 0.0496883 0.101766 -0.644341 0.144451 0.0909029 -0.642457 
0.174699 0.0792312 -0.620876 0.158461 0.0746475 -0.635741 0.206286 0.07561 -0.620248 
0.237874 0.0719889 -0.61962 -0.0170531 0.0801188 -0.632793 -0.03463 0.0674845 -0.626705 
0.172472 0.058392 -0.629025 0.204059 0.0547709 -0.628397 0.235647 0.0511498 -0.627769 
0.267234 0.0475286 -0.627141 0.297482 0.0358569 -0.60556 0.281245 0.0312732 -0.620425 
0.32907 0.0322358 -0.604932 0.360657 0.0286146 -0.604304 -0.0522069 0.0548502 -0.620617 
-0.0697839 0.0422159 -0.614529 0.295255 0.0150178 -0.613709 0.326843 0.0113966 -0.613081 
0.35843 0.00777551 -0.612453 0.388678 -0.00389624 -0.590872 0.372441 -0.00847993 -0.605737 
-0.0873608 0.0295816 -0.608441 -0.104938 0.0169473 -0.602353 0.385112 -0.032786 -0.578068 
0.368874 -0.0373697 -0.592933 -0.122515 0.00431297 -0.596265 -0.140092 -0.00832133 -0.590177 
0.223608 -0.0435701 -0.568404 0.207371 -0.0481538 -0.583269 0.224948 -0.0355195 -0.589357 
0.256535 -0.0391406 -0.588729 0.255195 -0.0471912 -0.567776 0.270546 -0.055396 -0.582013 
0.349958 -0.0580546 -0.565892 0.33372 -0.0626383 -0.580757 0.351297 -0.050004 -0.586845 
-0.159008 -0.0290063 -0.563136 -0.143658 -0.0372111 -0.577373 0.125279 -0.0615964 -0.557484 
0.109042 -0.0661801 -0.572349 0.126619 -0.0535458 -0.578437 0.158206 -0.0571669 -0.577809 
0.156867 -0.0652176 -0.556856 0.189794 -0.0607881 -0.577181 0.188454 -0.0688387 -0.556228 
0.220042 -0.0724598 -0.5556 0.251629 -0.076081 -0.554972 0.284556 -0.0716515 -0.575297 
0.283217 -0.0797021 -0.554344 0.316144 -0.0752726 -0.574669 0.314804 -0.0833232 -0.553716 
-0.161235 -0.0498454 -0.571285 -0.178812 -0.0624797 -0.565197 0.0585378 -0.0832439 -0.545936 
0.0423003 -0.0878276 -0.560802 0.0598773 -0.0751933 -0.566889 0.0914648 -0.0788144 -0.566261 
0.0901253 -0.0868651 -0.545308 0.121713 -0.0904862 -0.54468 -0.197728 -0.0831646 -0.538156 
-0.182378 -0.0913694 -0.552394 0.0233839 -0.108513 -0.53376 0.00714644 -0.113096 -0.548626 
0.0247234 -0.100462 -0.554714 -0.201295 -0.112054 -0.525353 -0.185945 -0.120259 -0.53959 
-0.0749449 -0.126539 -0.522841 -0.0911824 -0.131123 -0.537706 -0.0736055 -0.118488 -0.543794 
-0.042018 -0.122109 -0.543166 -0.0433575 -0.13016 -0.522213 -0.0104305 -0.125731 -0.542538 
-0.236449 -0.137323 -0.513177 -0.204861 -0.140944 -0.512549 -0.171934 -0.136515 -0.532874 
-0.173274 -0.144565 -0.511921 -0.140347 -0.140136 -0.532246 -0.141686 -0.148186 -0.511293 
-0.108759 -0.143757 -0.531618 0.0826153 0.106196 -0.664666 0.114203 0.102575 -0.664038 
0.0158739 0.0845483 -0.653118 0.0474614 0.0809272 -0.65249 0.0628114 0.0727224 -0.666727 
0.0803883 0.0853567 -0.672815 0.110636 0.0736849 -0.651234 0.0943989 0.0691012 -0.666099 
0.142224 0.0700638 -0.650606 -0.01928 0.0592797 -0.640942 -0.00392999 0.0510749 -0.655179 
0.013647 0.0637092 -0.661267 0.0452344 0.0600881 -0.660639 0.10707 0.0447952 -0.63843 
0.0908324 0.0402115 -0.653295 0.138657 0.041174 -0.637802 0.170245 0.0375529 -0.637174 
0.201832 0.0339318 -0.636546 0.23342 0.0303107 -0.635918 0.265007 0.0266895 -0.63529 
-0.0544339 0.0340111 -0.628766 -0.0390839 0.0258063 -0.643003 -0.0215069 0.0384406 -0.649091 
0.103503 0.0159054 -0.625626 0.087266 0.0113217 -0.640491 0.135091 0.0122843 -0.624998 
0.166678 0.00866317 -0.62437 0.198266 0.00504204 -0.623742 0.229853 0.00142091 -0.623114 
0.261441 -0.00220022 -0.622486 0.293028 -0.00582135 -0.621858 0.324616 -0.00944248 -0.62123 
0.356203 -0.0130636 -0.620602 -0.0895878 0.00874247 -0.61659 -0.0742378 0.000537654 -0.630827 
-0.0566608 0.013172 -0.636915 0.0683496 -0.00936318 -0.61345 0.0521121 -0.0139469 -0.628315 
0.0696891 -0.00131256 -0.634403 0.0999371 -0.0129843 -0.612822 0.131525 -0.0166054 -0.612194 
0.163112 -0.0202266 -0.611566 0.194699 -0.0238477 -0.610938 0.226287 -0.0274688 -0.61031 
0.257874 -0.03109 -0.609682 0.289462 -0.0347111 -0.609054 0.321049 -0.0383322 -0.608426 
0.352637 -0.0419534 -0.607798 -0.124742 -0.0165261 -0.604414 -0.109392 -0.024731 -0.618651 
-0.0918147 -0.0120967 -0.624739 0.0647832 -0.0382529 -0.600646 0.0485457 -0.0428366 -0.615511 
0.0963707 -0.0418741 -0.600018 0.127958 -0.0454952 -0.59939 0.159546 -0.0491163 -0.598762 
0.191133 -0.0527374 -0.598134 0.285896 -0.0636008 -0.59625 0.317483 -0.067222 -0.595622 
-0.128308 -0.0454159 -0.59161 -0.112958 -0.0536207 -0.605848 0.0296293 -0.0635215 -0.588471 
0.0133918 -0.0681052 -0.603336 0.0309688 -0.0554709 -0.609424 0.0612168 -0.0671427 -0.587843 
0.0928042 -0.0707638 -0.587215 -0.163462 -0.0706845 -0.579435 -0.148112 -0.0788893 -0.593672 
-0.130535 -0.066255 -0.59976 -0.00552462 -0.0887902 -0.576295 -0.0217621 -0.0933738 -0.59116 
-0.00418514 -0.0807395 -0.597248 0.0260629 -0.0924113 -0.575667 -0.167028 -0.0995743 -0.566631 
-0.151678 -0.107779 -0.580868 -0.0406785 -0.114059 -0.564119 -0.056916 -0.118642 -0.578984 
-0.039339 -0.106008 -0.585072 -0.00909103 -0.11768 -0.563491 -0.170595 -0.128464 -0.553827 
-0.137668 -0.124035 -0.574152 -0.139007 -0.132085 -0.553199 -0.10608 -0.127656 -0.573524 
-0.10742 -0.135706 -0.552571 -0.0744929 -0.131277 -0.572896 0.0781614 0.0645176 -0.680964 
0.01142 0.0428701 -0.669416 0.0430075 0.0392489 -0.668788 0.074595 0.0356278 -0.66816 
-0.0237339 0.0176015 -0.65724 0.00785359 0.0139803 -0.656612 0.0232036 0.00577551 -0.67085 
0.0407805 0.0184098 -0.676937 0.0710285 0.00673806 -0.655356 0.0547911 0.00215438 -0.670222 
-0.0588878 -0.00766716 -0.645064 -0.0273003 -0.0112883 -0.644436 -0.0119503 -0.0194931 -0.658674 
0.00562665 -0.0068588 -0.664762 0.0358746 -0.0185305 -0.64318 0.0196372 -0.0231142 -0.658046 
0.0372141 -0.0104799 -0.664134 -0.0940417 -0.0329358 -0.632889 -0.0624542 -0.0365569 -0.632261 
-0.0471042 -0.0447617 -0.646498 -0.0295273 -0.0321274 -0.652586 0.0323082 -0.0474203 -0.630377 
0.0160708 -0.052004 -0.645242 -0.0976081 -0.0618255 -0.620085 -0.0822581 -0.0700303 -0.634322 
-0.0646812 -0.057396 -0.64041 -0.00284567 -0.0726889 -0.618201 -0.0190831 -0.0772726 -0.633066 
-0.00150619 -0.0646383 -0.639154 -0.132762 -0.0870941 -0.607909 -0.101175 -0.0907153 -0.607281 
-0.0858245 -0.0989201 -0.621518 -0.0379996 -0.0979575 -0.606025 -0.054237 -0.102541 -0.62089 
-0.0366601 -0.0899069 -0.626978 -0.136328 -0.115984 -0.595105 -0.104741 -0.119605 -0.594477 
-0.071814 -0.115176 -0.614802 -0.0731535 -0.123226 -0.593849 0.0385536 -0.0024293 -0.685087 
0.0033997 -0.0276979 -0.672911 -0.0317542 -0.0529665 -0.660735 -0.000166719 -0.0565877 -0.660107 
-0.0669081 -0.0782351 -0.648559 -0.0353206 -0.0818563 -0.647931 -0.0704745 -0.107125 -0.635755 

POLYGONS 6297 18888
OFFSETS vtktypeint64
0 3 6 9 12 15 18 21 24 
27 30 33 36 39 42 45 48 51 
54 57 60 63 66 69 72 75 78 
81 84 87 90 93 96 99 102 105 
108 111 114 117 120 123 126 129 132 
135 138 141 144 147 150 153 156 159 
162 165 168 171 174 177 180 183 186 
189 192 195 198 201 204 207 210 213 
216 219 222 225 228 231 234 237 240 
243 246 249 252 255 258 261 264 267 
270 273 276 279 282 285 288 291 294 
297 300 303 306 309 312 315 318 321 
324 327 330 333 336 339 342 345 348 
351 354 357 360 363 366 369 372 375 
378 381 384 387 390 393 396 399 402 
405 408 411 414 417 420 423 426 429 
432 435 438 441 444 447 450 453 456 
459 462 465 468 471 474 477 480 483 
486 489 492 495 498 501 504 507 510 
513 516 519 522 525 528 531 534 537 
540 543 546 549 552 555 558 561 564 
567 570 573 576 579 582 585 588 591 
594 597 600 603 606 609 612 615 618 
621 624 627 630 633 636 639 642 645 
648 651 654 657 660 663 666 669 672 
675 678 681 684 687 690 693 696 699 
702 705 708 711 714 717 720 723 726 
729 732 735 738 741 744 747 750 753 
756 759 762 765 768 771 774 777 780 
783 786 789 792 795 798 801 804 807 
810 813 816 819 822 825 828 831 834 
837 840 843 846 849 852 855 858 861 
864 867 870 873 876 879 882 885 888 
891 894 897 900 903 906 909 912 915 
918 921 924 927 930 933 936 939 942 
945 948 951 954 957 960 963 966 969 
972 975 978 981 984 987 990 993 996 
999 1002 1005 1008 1011 1014 1017 1020 1023 
1026 1029 1032 1035 1038 1041 1044 1047 1050 
1053 1056 1059 1062 1065 1068 1071 1074 1077 
1080 1083 1086 1089 1092 1095 1098 1101 1104 
1107 1110 1113 1116 1119 1122 1125 1128 1131 
1134 1137 1140 1143 1146 1149 1152 1155 1158 
1161 1164 1167 1170 1173 1176 1179 1182 1185 
1188 1191 1194 1197 1200 1203 1206 1209 1212 
1215 1218 1221 1224 1227 1230 1233 1236 1239 
1242 1245 1248 1251 1254 1257 1260 1263 1266 
1269 1272 1275 1278 1281 1284 1287 1290 1293 
1296 1299 1302 1305 1308 1311 1314 1317 1320 
1323 1326 1329 1332 1335 1338 1341 1344 1347 
1350 1353 1356 1359 1362 1365 1368 1371 1374 
1377 1380 1383 1386 1389 1392 1395 1398 1401 
1404 1407 1410 1413 1416 1419 1422 1425 1428 
1431 1434 1437 1440 1443 1446 1449 1452 1455 
1458 1461 1464 1467 1470 1473 1476 1479 1482 
1485 1488 1491 1494 1497 1500 1503 1506 1509 
1512 1515 1518 1521 1524 1527 1530 1533 1536 
1539 1542 1545 1548 1551 1554 1557 1560 1563 
1566 1569 1572 1575 1578 1581 1584 1587 1590 
1593 1596 1599 1602 1605 1608 1611 1614 1617 
1620 1623 1626 1629 1632 1635 1638 1641 1644 
1647 1650 1653 1656 1659 1662 1665 1668 1671 
1674 1677 1680 1683 1686 1689 1692 1695 1698 
1701 1704 1707 1710 1713 1716 1719 1722 1725 
1728 1731 1734 1737 1740 1743 1746 1749 1752 
1755 1758 1761 1764 1767 1770 1773 1776 1779 
1782 1785 1788 1791 1794 1797 1800 1803 1806 
1809 1812 1815 1818 1821 1824 1827 1830 1833 
1836 1839 1842 1845 1848 1851 1854 1857 1860 
1863 1866 1869 1872 1875 1878 1881 1884 1887 
1890 1893 1896 1899 1902 1905 1908 1911 1914 
1917 1920 1923 1926 1929 1932 1935 1938 1941 
1944 1947 1950 1953 1956 1959 1962 1965 1968 
1971 1974 1977 1980 1983 1986 1989 1992 1995 
1998 2001 2004 2007 2010 2013 2016 2019 2022 
2025 2028 2031 2034 2037 2040 2043 2046 2049 
2052 2055 2058 2061 2064 2067 2070 2073 2076 
2079 2082 2085 2088 2091 2094 2097 2100 2103 
2106 2109 2112 2115 2118 2121 2124 2127 2130 
2133 2136 2139 2142 2145 2148 2151 2154 2157 
2160 2163 2166 2169 2172 2175 2178 2181 2184 
2187 2190 2193 2196 2199 2202 2205 2208 2211 
2214 2217 2220 2223 2226 2229 2232 2235 2238 
2241 2244 2247 2250 2253 2256 2259 2262 2265 
2268 2271 2274 2277 2280 2283 2286 2289 2292 
2295 2298 2301 2304 2307 2310 2313 2316 2319 
2322 2325 2328 2331 2334 2337 2340 2343 2346 
2349 2352 2355 2358 2361 2364 2367 2370 2373 
2376 2379 2382 2385 2388 2391 2394 2397 2400 
2403 2406 2409 2412 2415 2418 2421 2424 2427 
2430 2433 2436 2439 2442 2445 2448 2451 2454 
2457 2460 2463 2466 2469 2472 2475 2478 2481 
2484 2487 2490 2493 2496 2499 2502 2505 2508 
2511 2514 2517 2520 2523 2526 2529 2532 2535 
2538 2541 2544 2547 2550 2553 2556 2559 2562 
2565 2568 2571 2574 2577 2580 2583 2586 2589 
2592 2595 2598 2601 2604 2607 2610 2613 2616 
2619 2622 2625 2628 2631 2634 2637 2640 2643 
2646 2649 2652 2655 2658 2661 2664 2667 2670 
2673 2676 2679 2682 2685 2688 2691 2694 2697 
2700 2703 2706 2709 2712 2715 2718 2721 2724 
2727 2730 2733 2736 2739 2742 2745 2748 2751 
2754 2757 2760 2763 2766 2769 2772 2775 2778 
2781 2784 2787 2790 2793 2796 2799 2802 2805 
2808 2811 2814 2817 2820 2823 2826 2829 2832 
2835 2838 2841 2844 2847 2850 2853 2856 2859 
2862 2865 2868 2871 2874 2877 2880 2883 2886 
2889 2892 2895 2898 2901 2904 2907 2910 2913 
2916 2919 2922 2925 2928 2931 2934 2937 2940 
2943 2946 2949 2952 2955 2958 2961 2964 2967 
2970 2973 2976 2979 2982 2985 2988 2991 2994 
2997 3000 3003 3006 3009 3012 3015 3018 3021 
3024 3027 3030 3033 3036 3039 3042 3045 3048 
3051 3054 3057 3060 3063 3066 3069 3072 3075 
3078 3081 3084 3087 3090 3093 3096 3099 3102 
3105 3108 3111 3114 3117 3120 3123 3126 3129 
3132 3135 3138 3141 3144 3147 3150 3153 3156 
3159 3162 3165 3168 3171 3174 3177 3180 3183 
3186 3189 3192 3195 3198 3201 3204 3207 3210 
3213 3216 3219 3222 3225 3228 3231 3234 3237 
3240 3243 3246 3249 3252 3255 3258 3261 3264 
3267 3270 3273 3276 3279 3282 3285 3288 3291 
3294 3297 3300 3303 3306 3309 3312 3315 3318 
3321 3324 3327 3330 3333 3336 3339 3342 3345 
3348 3351 3354 3357 3360 3363 3366 3369 3372 
3375 3378 3381 3384 3387 3390 3393 3396 3399 
3402 3405 3408 3411 3414 3417 3420 3423 3426 
3429 3432 3435 3438 3441 3444 3447 3450 3453 
3456 3459 3462 3465 3468 3471 3474 3477 3480 
3483 3486 3489 3492 3495 3498 3501 3504 3507 
3510 3513 3516 3519 3522 3525 3528 3531 3534 
3537 3540 3543 3546 3549 3552 3555 3558 3561 
3564 3567 3570 3573 3576 3579 3582 3585 3588 
3591 3594 3597 3600 3603 3606 3609 3612 3615 
3618 3621 3624 3627 3630 3633 3636 3639 3642 
3645 3648 3651 3654 3657 3660 3663 3666 3669 
3672 3675 3678 3681 3684 3687 3690 3693 3696 
3699 3702 3705 3708 3711 3714 3717 3720 3723 
3726 3729 3732 3735 3738 3741 3744 3747 3750 
3753 3756 3759 3762 3765 3768 3771 3774 3777 
3780 3783 3786 3789 3792 3795 3798 3801 3804 
3807 3810 3813 3816 3819 3822 3825 3828 3831 
3834 3837 3840 3843 3846 3849 3852 3855 3858 
3861 3864 3867 3870 3873 3876 3879 3882 3885 
3888 3891 3894 3897 3900 3903 3906 3909 3912 
3915 3918 3921 3924 3927 3930 3933 3936 3939 
3942 3945 3948 3951 3954 3957 3960 3963 3966 
3969 3972 3975 3978 3981 3984 3987 3990 3993 
3996 3999 4002 4005 4008 4011 4014 4017 4020 
4023 4026 4029 4032 4035 4038 4041 4044 4047 
4050 4053 4056 4059 4062 4065 4068 4071 4074 
4077 4080 4083 4086 4089 4092 4095 4098 4101 
4104 4107 4110 4113 4116 4119 4122 4125 4128 
4131 4134 4137 4140 4143 4146 4149 4152 4155 
4158 4161 4164 4167 4170 4173 4176 4179 4182 
4185 4188 4191 4194 4197 4200 4203 4206 4209 
4212 4215 4218 4221 4224 4227 4230 4233 4236 
4239 4242 4245 4248 4251 4254 4257 4260 4263 
4266 4269 4272 4275 4278 4281 4284 4287 4290 
4293 4296 4299 4302 4305 4308 4311 4314 4317 
4320 4323 4326 4329 4332 4335 4338 4341 4344 
4347 4350 4353 4356 4359 4362 4365 4368 4371 
4374 4377 4380 4383 4386 4389 4392 4395 4398 
4401 4404 4407 4410 4413 4416 4419 4422 4425 
4428 4431 4434 4437 4440 4443 4446 4449 4452 
4455 4458 4461 4464 4467 4470 4473 4476 4479 
4482 4485 4488 4491 4494 4497 4500 4503 4506 
4509 4512 4515 4518 4521 4524 4527 4530 4533 
4536 4539 4542 4545 4548 4551 4554 4557 4560 
4563 4566 4569 4572 4575 4578 4581 4584 4587 
4590 4593 4596 4599 4602 4605 4608 4611 4614 
4617 4620 4623 4626 4629 4632 4635 4638 4641 
4644 4647 4650 4653 4656 4659 4662 4665 4668 
4671 4674 4677 4680 4683 4686 4689 4692 4695 
4698 4701 4704 4707 4710 4713 4716 4719 4722 
4725 4728 4731 4734 4737 4740 4743 4746 4749 
4752 4755 4758 4761 4764 4767 4770 4773 4776 
4779 4782 4785 4788 4791 4794 4797 4800 4803 
4806 4809 4812 4815 4818 4821 4824 4827 4830 
4833 4836 4839 4842 4845 4848 4851 4854 4857 
4860 4863 4866 4869 4872 4875 4878 4881 4884 
4887 4890 4893 4896 4899 4902 4905 4908 4911 
4914 4917 4920 4923 4926 4929 4932 4935 4938 
4941 4944 4947 4950 4953 4956 4959 4962 4965 
4968 4971 4974 4977 4980 4983 4986 4989 4992 
4995 4998 5001 5004 5007 5010 5013 5016 5019 
5022 5025 5028 5031 5034 5037 5040 5043 5046 
5049 5052 5055 5058 5061 5064 5067 5070 5073 
5076 5079 5082 5085 5088 5091 5094 5097 5100 
5103 5106 5109 5112 5115 5118 5121 5124 5127 
5130 5133 5136 5139 5142 5145 5148 5151 5154 
5157 5160 5163 5166 5169 5172 5175 5178 5181 
5184 5187 5190 5193 5196 5199 5202 5205 5208 
5211 5214 5217 5220 5223 5226 5229 5232 5235 
5238 5241 5244 5247 5250 5253 5256 5259 5262 
5265 5268 5271 5274 5277 5280 5283 5286 5289 
5292 5295 5298 5301 5304 5307 5310 5313 5316 
5319 5322 5325 5328 5331 5334 5337 5340 5343 
5346 5349 5352 5355 5358 5361 5364 5367 5370 
5373 5376 5379 5382 5385 5388 5391 5394 5397 
5400 5403 5406 5409 5412 5415 5418 5421 5424 
5427 5430 5433 5436 5439 5442 5445 5448 5451 
5454 5457 5460 5463 5466 5469 5472 5475 5478 
5481 5484 5487 5490 5493 5496 5499 5502 5505 
5508 5511 5514 5517 5520 5523 5526 5529 5532 
5535 5538 5541 5544 5547 5550 5553 5556 5559 
5562 5565 5568 5571 5574 5577 5580 5583 5586 
5589 5592 5595 5598 5601 5604 5607 5610 5613 
5616 5619 5622 5625 5628 5631 5634 5637 5640 
5643 5646 5649 5652 5655 5658 5661 5664 5667 
5670 5673 5676 5679 5682 5685 5688 5691 5694 
5697 5700 5703 5706 5709 5712 5715 5718 5721 
5724 5727 5730 5733 5736 5739 5742 5745 5748 
5751 5754 5757 5760 5763 5766 5769 5772 5775 
5778 5781 5784 5787 5790 5793 5796 5799 5802 
5805 5808 5811 5814 5817 5820 5823 5826 5829 
5832 5835 5838 5841 5844 5847 5850 5853 5856 
5859 5862 5865 5868 5871 5874 5877 5880 5883 
5886 5889 5892 5895 5898 5901 5904 5907 5910 
5913 5916 5919 5922 5925 5928 5931 5934 5937 
5940 5943 5946 5949 5952 5955 5958 5961 5964 
5967 5970 5973 5976 5979 5982 5985 5988 5991 
5994 5997 6000 6003 6006 6009 6012 6015 6018 
6021 6024 6027 6030 6033 6036 6039 6042 6045 
6048 6051 6054 6057 6060 6063 6066 6069 6072 
6075 6078 6081 6084 6087 6090 6093 6096 6099 
6102 6105 6108 6111 6114 6117 6120 6123 6126 
6129 6132 6135 6138 6141 6144 6147 6150 6153 
6156 6159 6162 6165 6168 6171 6174 6177 6180 
6183 6186 6189 6192 6195 6198 6201 6204 6207 
6210 6213 6216 6219 6222 6225 6228 6231 6234 
6237 6240 6243 6246 6249 6252 6255 6258 6261 
6264 6267 6270 6273 6276 6279 6282 6285 6288 
6291 6294 6297 6300 6303 6306 6309 6312 6315 
6318 6321 6324 6327 6330 6333 6336 6339 6342 
6345 6348 6351 6354 6357 6360 6363 6366 6369 
6372 6375 6378 6381 6384 6387 6390 6393 6396 
6399 6402 6405 6408 6411 6414 6417 6420 6423 
6426 6429 6432 6435 6438 6441 6444 6447 6450 
6453 6456 6459 6462 6465 6468 6471 6474 6477 
6480 6483 6486 6489 6492 6495 6498 6501 6504 
6507 6510 6513 6516 6519 6522 6525 6528 6531 
6534 6537 6540 6543 6546 6549 6552 6555 6558 
6561 6564 6567 6570 6573 6576 6579 6582 6585 
6588 6591 6594 6597 6600 6603 6606 6609 6612 
6615 6618 6621 6624 6627 6630 6633 6636 6639 
6642 6645 6648 6651 6654 6657 6660 6663 6666 
6669 6672 6675 6678 6681 6684 6687 6690 6693 
6696 6699 6702 6705 6708 6711 6714 6717 6720 
6723 6726 6729 6732 6735 6738 6741 6744 6747 
6750 6753 6756 6759 6762 6765 6768 6771 6774 
6777 6780 6783 6786 6789 6792 6795 6798 6801 
6804 6807 6810 6813 6816 6819 6822 6825 6828 
6831 6834 6837 6840 6843 6846 6849 6852 6855 
6858 6861 6864 6867 6870 6873 6876 6879 6882 
6885 6888 6891 6894 6897 6900 6903 6906 6909 
6912 6915 6918 6921 6924 6927 6930 6933 6936 
6939 6942 6945 6948 6951 6954 6957 6960 6963 
6966 6969 6972 6975 6978 6981 6984 6987 6990 
6993 6996 6999 7002 7005 7008 7011 7014 7017 
7020 7023 7026 7029 7032 7035 7038 7041 7044 
7047 7050 7053 7056 7059 7062 7065 7068 7071 
7074 7077 7080 7083 7086 7089 7092 7095 7098 
7101 7104 7107 7110 7113 7116 7119 7122 7125 
7128 7131 7134 7137 7140 7143 7146 7149 7152 
7155 7158 7161 7164 7167 7170 7173 7176 7179 
7182 7185 7188 7191 7194 7197 7200 7203 7206 
7209 7212 7215 7218 7221 7224 7227 7230 7233 
7236 7239 7242 7245 7248 7251 7254 7257 7260 
7263 7266 7269 7272 7275 7278 7281 7284 7287 
7290 7293 7296 7299 7302 7305 7308 7311 7314 
7317 7320 7323 7326 7329 7332 7335 7338 7341 
7344 7347 7350 7353 7356 7359 7362 7365 7368 
7371 7374 7377 7380 7383 7386 7389 7392 7395 
7398 7401 7404 7407 7410 7413 7416 7419 7422 
7425 7428 7431 7434 7437 7440 7443 7446 7449 
7452 7455 7458 7461 7464 7467 7470 7473 7476 
7479 7482 7485 7488 7491 7494 7497 7500 7503 
7506 7509 7512 7515 7518 7521 7524 7527 7530 
7533 7536 7539 7542 7545 7548 7551 7554 7557 
7560 7563 7566 7569 7572 7575 7578 7581 7584 
7587 7590 7593 7596 7599 7602 7605 7608 7611 
7614 7617 7620 7623 7626 7629 7632 7635 7638 
7641 7644 7647 7650 7653 7656 7659 7662 7665 
7668 7671 7674 7677 7680 7683 7686 7689 7692 
7695 7698 7701 7704 7707 7710 7713 7716 7719 
7722 7725 7728 7731 7734 7737 7740 7743 7746 
7749 7752 7755 7758 7761 7764 7767 7770 7773 
7776 7779 7782 7785 7788 7791 7794 7797 7800 
7803 7806 7809 7812 7815 7818 7821 7824 7827 
7830 7833 7836 7839 7842 7845 7848 7851 7854 
7857 7860 7863 7866 7869 7872 7875 7878 7881 
7884 7887 7890 7893 7896 7899 7902 7905 7908 
7911 7914 7917 7920 7923 7926 7929 7932 7935 
7938 7941 7944 7947 7950 7953 7956 7959 7962 
7965 7968 7971 7974 7977 7980 7983 7986 7989 
7992 7995 7998 8001 8004 8007 8010 8013 8016 
8019 8022 8025 8028 8031 8034 8037 8040 8043 
8046 8049 8052 8055 8058 8061 8064 8067 8070 
8073 8076 8079 8082 8085 8088 8091 8094 8097 
8100 8103 8106 8109 8112 8115 8118 8121 8124 
8127 8130 8133 8136 8139 8142 8145 8148 8151 
8154 8157 8160 8163 8166 8169 8172 8175 8178 
8181 8184 8187 8190 8193 8196 8199 8202 8205 
8208 8211 8214 8217 8220 8223 8226 8229 8232 
8235 8238 8241 8244 8247 8250 8253 8256 8259 
8262 8265 8268 8271 8274 8277 8280 8283 8286 
8289 8292 8295 8298 8301 8304 8307 8310 8313 
8316 8319 8322 8325 8328 8331 8334 8337 8340 
8343 8346 8349 8352 8355 8358 8361 8364 8367 
8370 8373 8376 8379 8382 8385 8388 8391 8394 
8397 8400 8403 8406 8409 8412 8415 8418 8421 
8424 8427 8430 8433 8436 8439 8442 8445 8448 
8451 8454 8457 8460 8463 8466 8469 8472 8475 
8478 8481 8484 8487 8490 8493 8496 8499 8502 
8505 8508 8511 8514 8517 8520 8523 8526 8529 
8532 8535 8538 8541 8544 8547 8550 8553 8556 
8559 8562 8565 8568 8571 8574 8577 8580 8583 
8586 8589 8592 8595 8598 8601 8604 8607 8610 
8613 8616 8619 8622 8625 8628 8631 8634 8637 
8640 8643 8646 8649 8652 8655 8658 8661 8664 
8667 8670 8673 8676 8679 8682 8685 8688 8691 
8694 8697 8700 8703 8706 8709 8712 8715 8718 
8721 8724 8727 8730 8733 8736 8739 8742 8745 
8748 8751 8754 8757 8760 8763 8766 8769 8772 
8775 8778 8781 8784 8787 8790 8793 8796 8799 
8802 8805 8808 8811 8814 8817 8820 8823 8826 
8829 8832 8835 8838 8841 8844 8847 8850 8853 
8856 8859 8862 8865 8868 8871 8874 8877 8880 
8883 8886 8889 8892 8895 8898 8901 8904 8907 
8910 8913 8916 8919 8922 8925 8928 8931 8934 
8937 8940 8943 8946 8949 8952 8955 8958 8961 
8964 8967 8970 8973 8976 8979 8982 8985 8988 
8991 8994 8997 9000 9003 9006 9009 9012 9015 
9018 9021 9024 9027 9030 9033 9036 9039 9042 
9045 9048 9051 9054 9057 9060 9063 9066 9069 
9072 9075 9078 9081 9084 9087 9090 9093 9096 
9099 9102 9105 9108 9111 9114 9117 9120 9123 
9126 9129 9132 9135 9138 9141 9144 9147 9150 
9153 9156 9159 9162 9165 9168 9171 9174 9177 
9180 9183 9186 9189 9192 9195 9198 9201 9204 
9207 9210 9213 9216 9219 9222 9225 9228 9231 
9234 9237 9240 9243 9246 9249 9252 9255 9258 
9261 9264 9267 9270 9273 9276 9279 9282 9285 
9288 9291 9294 9297 9300 9303 9306 9309 9312 
9315 9318 9321 9324 9327 9330 9333 9336 9339 
9342 9345 9348 9351 9354 9357 9360 9363 9366 
9369 9372 9375 9378 9381 9384 9387 9390 9393 
9396 9399 9402 9405 9408 9411 9414 9417 9420 
9423 9426 9429 9432 9435 9438 9441 9444 9447 
9450 9453 9456 9459 9462 9465 9468 9471 9474 
9477 9480 9483 9486 9489 9492 9495 9498 9501 
9504 9507 9510 9513 9516 9519 9522 9525 9528 
9531 9534 9537 9540 9543 9546 9549 9552 9555 
9558 9561 9564 9567 9570 9573 9576 9579 9582 
9585 9588 9591 9594 9597 9600 9603 9606 9609 
9612 9615 9618 9621 9624 9627 9630 9633 9636 
9639 9642 9645 9648 9651 9654 9657 9660 9663 
9666 9669 9672 9675 9678 9681 9684 9687 9690 
9693 9696 9699 9702 9705 9708 9711 9714 9717 
9720 9723 9726 9729 9732 9735 9738 9741 9744 
9747 9750 9753 9756 9759 9762 9765 9768 9771 
9774 9777 9780 9783 9786 9789 9792 9795 9798 
9801 9804 9807 9810 9813 9816 9819 9822 9825 
9828 9831 9834 9837 9840 9843 9846 9849 9852 
9855 9858 9861 9864 9867 9870 9873 9876 9879 
9882 9885 9888 9891 9894 9897 9900 9903 9906 
9909 9912 9915 9918 9921 9924 9927 9930 9933 
9936 9939 9942 9945 9948 9951 9954 9957 9960 
9963 9966 9969 9972 9975 9978 9981 9984 9987 
9990 9993 9996 9999 10002 10005 10008 10011 10014 
10017 10020 10023 10026 10029 10032 10035 10038 10041 
10044 10047 10050 10053 10056 10059 10062 10065 10068 
10071 10074 10077 10080 10083 10086 10089 10092 10095 
10098 10101 10104 10107 10110 10113 10116 10119 10122 
10125 10128 10131 10134 10137 10140 10143 10146 10149 
10152 10155 10158 10161 10164 10167 10170 10173 10176 
10179 10182 10185 10188 10191 10194 10197 10200 10203 
10206 10209 10212 10215 10218 10221 10224 10227 10230 
10233 10236 10239 10242 10245 10248 10251 10254 10257 
10260 10263 10266 10269 10272 10275 10278 10281 10284 
10287 10290 10293 10296 10299 10302 10305 10308 10311 
10314 10317 10320 10323 10326 10329 10332 10335 10338 
10341 10344 10347 10350 10353 10356 10359 10362 10365 
10368 10371 10374 10377 10380 10383 10386 10389 10392 
10395 10398 10401 10404 10407 10410 10413 10416 10419 
10422 10425 10428 10431 10434 10437 10440 10443 10446 
10449 10452 10455 10458 10461 10464 10467 10470 10473 
10476 10479 10482 10485 10488 10491 10494 10497 10500 
10503 10506 10509 10512 10515 10518 10521 10524 10527 
10530 10533 10536 10539 10542 10545 10548 10551 10554 
10557 10560 10563 10566 10569 10572 10575 10578 10581 
10584 10587 10590 10593 10596 10599 10602 10605 10608 
10611 10614 10617 10620 10623 10626 10629 10632 10635 
10638 10641 10644 10647 10650 10653 10656 10659 10662 
10665 10668 10671 10674 10677 10680 10683 10686 10689 
10692 10695 10698 10701 10704 10707 10710 10713 10716 
10719 10722 10725 10728 10731 10734 10737 10740 10743 
10746 10749 10752 10755 10758 10761 10764 10767 10770 
10773 10776 10779 10782 10785 10788 10791 10794 10797 
10800 10803 10806 10809 10812 10815 10818 10821 10824 
10827 10830 10833 10836 10839 10842 10845 10848 10851 
10854 10857 10860 10863 10866 10869 10872 10875 10878 
10881 10884 10887 10890 10893 10896 10899 10902 10905 
10908 10911 10914 10917 10920 10923 10926 10929 10932 
10935 10938 10941 10944 10947 10950 10953 10956 10959 
10962 10965 10968 10971 10974 10977 10980 10983 10986 
10989 10992 10995 10998 11001 11004 11007 11010 11013 
11016 11019 11022 11025 11028 11031 11034 11037 11040 
11043 11046 11049 11052 11055 11058 11061 11064 11067 
11070 11073 11076 11079 11082 11085 11088 11091 11094 
11097 11100 11103 11106 11109 11112 11115 11118 11121 
11124 11127 11130 11133 11136 11139 11142 11145 11148 
11151 11154 11157 11160 11163 11166 11169 11172 11175 
11178 11181 11184 11187 11190 11193 11196 11199 11202 
11205 11208 11211 11214 11217 11220 11223 11226 11229 
11232 11235 11238 11241 11244 11247 11250 11253 11256 
11259 11262 11265 11268 11271 11274 11277 11280 11283 
11286 11289 11292 11295 11298 11301 11304 11307 11310 
11313 11316 11319 11322 11325 11328 11331 11334 11337 
11340 11343 11346 11349 11352 11355 11358 11361 11364 
11367 11370 11373 11376 11379 11382 11385 11388 11391 
11394 11397 11400 11403 11406 11409 11412 11415 11418 
11421 11424 11427 11430 11433 11436 11439 11442 11445 
11448 11451 11454 11457 11460 11463 11466 11469 11472 
11475 11478 11481 11484 11487 11490 11493 11496 11499 
11502 11505 11508 11511 11514 11517 11520 11523 11526 
11529 11532 11535 11538 11541 11544 11547 11550 11553 
11556 11559 11562 11565 11568 11571 11574 11577 11580 
11583 11586 11589 11592 11595 11598 11601 11604 11607 
11610 11613 11616 11619 11622 11625 11628 11631 11634 
11637 11640 11643 11646 11649 11652 11655 11658 11661 
11664 11667 11670 11673 11676 11679 11682 11685 11688 
11691 11694 11697 11700 11703 11706 11709 11712 11715 
11718 11721 11724 11727 11730 11733 11736 11739 11742 
11745 11748 11751 11754 11757 11760 11763 11766 11769 
11772 11775 11778 11781 11784 11787 11790 11793 11796 
11799 11802 11805 11808 11811 11814 11817 11820 11823 
11826 11829 11832 11835 11838 11841 11844 11847 11850 
11853 11856 11859 11862 11865 11868 11871 11874 11877 
11880 11883 11886 11889 11892 11895 11898 11901 11904 
11907 11910 11913 11916 11919 11922 11925 11928 11931 
11934 11937 11940 11943 11946 11949 11952 11955 11958 
11961 11964 11967 11970 11973 11976 11979 11982 11985 
11988 11991 11994 11997 12000 12003 12006 12009 12012 
12015 12018 12021 12024 12027 12030 12033 12036 12039 
12042 12045 12048 12051 12054 12057 12060 12063 12066 
12069 12072 12075 12078 12081 12084 12087 12090 12093 
12096 12099 12102 12105 12108 12111 12114 12117 12120 
12123 12126 12129 12132 12135 12138 12141 12144 12147 
12150 12153 12156 12159 12162 12165 12168 12171 12174 
12177 12180 12183 12186 12189 12192 12195 12198 12201 
12204 12207 12210 12213 12216 12219 12222 12225 12228 
12231 12234 12237 12240 12243 12246 12249 12252 12255 
12258 12261 12264 12267 12270 12273 12276 12279 12282 
12285 12288 12291 12294 12297 12300 12303 12306 12309 
12312 12315 12318 12321 12324 12327 12330 12333 12336 
12339 12342 12345 12348 12351 12354 12357 12360 12363 
12366 12369 12372 12375 12378 12381 12384 12387 12390 
12393 12396 12399 12402 12405 12408 12411 12414 12417 
12420 12423 12426 12429 12432 12435 12438 12441 12444 
12447 12450 12453 12456 12459 12462 12465 12468 12471 
12474 12477 12480 12483 12486 12489 12492 12495 12498 
12501 12504 12507 12510 12513 12516 12519 12522 12525 
12528 12531 12534 12537 12540 12543 12546 12549 12552 
12555 12558 12561 12564 12567 12570 12573 12576 12579 
12582 12585 12588 12591 12594 12597 12600 12603 12606 
12609 12612 12615 12618 12621 12624 12627 12630 12633 
12636 12639 12642 12645 12648 12651 12654 12657 12660 
12663 12666 12669 12672 12675 12678 12681 12684 12687 
12690 12693 12696 12699 12702 12705 12708 12711 12714 
12717 12720 12723 12726 12729 12732 12735 12738 12741 
12744 12747 12750 12753 12756 12759 12762 12765 12768 
12771 12774 12777 12780 12783 12786 12789 12792 12795 
12798 12801 12804 12807 12810 12813 12816 12819 12822 
12825 12828 12831 12834 12837 12840 12843 12846 12849 
12852 12855 12858 12861 12864 12867 12870 12873 12876 
12879 12882 12885 12888 12891 12894 12897 12900 12903 
12906 12909 12912 12915 12918 12921 12924 12927 12930 
12933 12936 12939 12942 12945 12948 12951 12954 12957 
12960 12963 12966 12969 12972 12975 12978 12981 12984 
12987 12990 12993 12996 12999 13002 13005 13008 13011 
13014 13017 13020 13023 13026 13029 13032 13035 13038 
13041 13044 13047 13050 13053 13056 13059 13062 13065 
13068 13071 13074 13077 13080 13083 13086 13089 13092 
13095 13098 13101 13104 13107 13110 13113 13116 13119 
13122 13125 13128 13131 13134 13137 13140 13143 13146 
13149 13152 13155 13158 13161 13164 13167 13170 13173 
13176 13179 13182 13185 13188 13191 13194 13197 13200 
13203 13206 13209 13212 13215 13218 13221 13224 13227 
13230 13233 13236 13239 13242 13245 13248 13251 13254 
13257 13260 13263 13266 13269 13272 13275 13278 13281 
13284 13287 13290 13293 13296 13299 13302 13305 13308 
13311 13314 13317 13320 13323 13326 13329 13332 13335 
13338 13341 13344 13347 13350 13353 13356 13359 13362 
13365 13368 13371 13374 13377 13380 13383 13386 13389 
13392 13395 13398 13401 13404 13407 13410 13413 13416 
13419 13422 13425 13428 13431 13434 13437 13440 13443 
13446 13449 13452 13455 13458 13461 13464 13467 13470 
13473 13476 13479 13482 13485 13488 13491 13494 13497 
13500 13503 13506 13509 13512 13515 13518 13521 13524 
13527 13530 13533 13536 13539 13542 13545 13548 13551 
13554 13557 13560 13563 13566 13569 13572 13575 13578 
13581 13584 13587 13590 13593 13596 13599 13602 13605 
13608 13611 13614 13617 13620 13623 13626 13629 13632 
13635 13638 13641 13644 13647 13650 13653 13656 13659 
13662 13665 13668 13671 13674 13677 13680 13683 13686 
13689 13692 13695 13698 13701 13704 13707 13710 13713 
13716 13719 13722 13725 13728 13731 13734 13737 13740 
13743 13746 13749 13752 13755 13758 13761 13764 13767 
13770 13773 13776 13779 13782 13785 13788 13791 13794 
13797 13800 13803 13806 13809 13812 13815 13818 13821 
13824 13827 13830 13833 13836 13839 13842 13845 13848 
13851 13854 13857 13860 13863 13866 13869 13872 13875 
13878 13881 13884 13887 13890 13893 13896 13899 13902 
13905 13908 13911 13914 13917 13920 13923 13926 13929 
13932 13935 13938 13941 13944 13947 13950 13953 13956 
13959 13962 13965 13968 13971 13974 13977 13980 13983 
13986 13989 13992 13995 13998 14001 14004 14007 14010 
14013 14016 14019 14022 14025 14028 14031 14034 14037 
14040 14043 14046 14049 14052 14055 14058 14061 14064 
14067 14070 14073 14076 14079 14082 14085 14088 14091 
14094 14097 14100 14103 14106 14109 14112 14115 14118 
14121 14124 14127 14130 14133 14136 14139 14142 14145 
14148 14151 14154 14157 14160 14163 14166 14169 14172 
14175 14178 14181 14184 14187 14190 14193 14196 14199 
14202 14205 14208 14211 14214 14217 14220 14223 14226 
14229 14232 14235 14238 14241 14244 14247 14250 14253 
14256 14259 14262 14265 14268 14271 14274 14277 14280 
14283 14286 14289 14292 14295 14298 14301 14304 14307 
14310 14313 14316 14319 14322 14325 14328 14331 14334 
14337 14340 14343 14346 14349 14352 14355 14358 14361 
14364 14367 14370 14373 14376 14379 14382 14385 14388 
14391 14394 14397 14400 14403 14406 14409 14412 14415 
14418 14421 14424 14427 14430 14433 14436 14439 14442 
14445 14448 14451 14454 14457 14460 14463 14466 14469 
14472 14475 14478 14481 14484 14487 14490 14493 14496 
14499 14502 14505 14508 14511 14514 14517 14520 14523 
14526 14529 14532 14535 14538 14541 14544 14547 14550 
14553 14556 14559 14562 14565 14568 14571 14574 14577 
14580 14583 14586 14589 14592 14595 14598 14601 14604 
14607 14610 14613 14616 14619 14622 14625 14628 14631 
14634 14637 14640 14643 14646 14649 14652 14655 14658 
14661 14664 14667 14670 14673 14676 14679 14682 14685 
14688 14691 14694 14697 14700 14703 14706 14709 14712 
14715 14718 14721 14724 14727 14730 14733 14736 14739 
14742 14745 14748 14751 14754 14757 14760 14763 14766 
14769 14772 14775 14778 14781 14784 14787 14790 14793 
14796 14799 14802 14805 14808 14811 14814 14817 14820 
14823 14826 14829 14832 14835 14838 14841 14844 14847 
14850 14853 14856 14859 14862 14865 14868 14871 14874 
14877 14880 14883 14886 14889 14892 14895 14898 14901 
14904 14907 14910 14913 14916 14919 14922 14925 14928 
14931 14934 14937 14940 14943 14946 14949 14952 14955 
14958 14961 14964 14967 14970 14973 14976 14979 14982 
14985 14988 14991 14994 14997 15000 15003 15006 15009 
15012 15015 15018 15021 15024 15027 15030 15033 15036 
15039 15042 15045 15048 15051 15054 15057 15060 15063 
15066 15069 15072 15075 15078 15081 15084 15087 15090 
15093 15096 15099 15102 15105 15108 15111 15114 15117 
15120 15123 15126 15129 15132 15135 15138 15141 15144 
15147 15150 15153 15156 15159 15162 15165 15168 15171 
15174 15177 15180 15183 15186 15189 15192 15195 15198 
15201 15204 15207 15210 15213 15216 15219 15222 15225 
15228 15231 15234 15237 15240 15243 15246 15249 15252 
15255 15258 15261 15264 15267 15270 15273 15276 15279 
15282 15285 15288 15291 15294 15297 15300 15303 15306 
15309 15312 15315 15318 15321 15324 15327 15330 15333 
15336 15339 15342 15345 15348 15351 15354 15357 15360 
15363 15366 15369 15372 15375 15378 15381 15384 15387 
15390 15393 15396 15399 15402 15405 15408 15411 15414 
15417 15420 15423 15426 15429 15432 15435 15438 15441 
15444 15447 15450 15453 15456 15459 15462 15465 15468 
15471 15474 15477 15480 15483 15486 15489 15492 15495 
15498 15501 15504 15507 15510 15513 15516 15519 15522 
15525 15528 15531 15534 15537 15540 15543 15546 15549 
15552 15555 15558 15561 15564 15567 15570 15573 15576 
15579 15582 15585 15588 15591 15594 15597 15600 15603 
15606 15609 15612 15615 15618 15621 15624 15627 15630 
15633 15636 15639 15642 15645 15648 15651 15654 15657 
15660 15663 15666 15669 15672 15675 15678 15681 15684 
15687 15690 15693 15696 15699 15702 15705 15708 15711 
15714 15717 15720 15723 15726 15729 15732 15735 15738 
15741 15744 15747 15750 15753 15756 15759 15762 15765 
15768 15771 15774 15777 15780 15783 15786 15789 15792 
15795 15798 15801 15804 15807 15810 15813 15816 15819 
15822 15825 15828 15831 15834 15837 15840 15843 15846 
15849 15852 15855 15858 15861 15864 15867 15870 15873 
15876 15879 15882 15885 15888 15891 15894 15897 15900 
15903 15906 15909 15912 15915 15918 15921 15924 15927 
15930 15933 15936 15939 15942 15945 15948 15951 15954 
15957 15960 15963 15966 15969 15972 15975 15978 15981 
15984 15987 15990 15993 15996 15999 16002 16005 16008 
16011 16014 16017 16020 16023 16026 16029 16032 16035 
16038 16041 16044 16047 16050 16053 16056 16059 16062 
16065 16068 16071 16074 16077 16080 16083 16086 16089 
16092 16095 16098 16101 16104 16107 16110 16113 16116 
16119 16122 16125 16128 16131 16134 16137 16140 16143 
16146 16149 16152 16155 16158 16161 16164 16167 16170 
16173 16176 16179 16182 16185 16188 16191 16194 16197 
16200 16203 16206 16209 16212 16215 16218 16221 16224 
16227 16230 16233 16236 16239 16242 16245 16248 16251 
16254 16257 16260 16263 16266 16269 16272 16275 16278 
16281 16284 16287 16290 16293 16296 16299 16302 16305 
16308 16311 16314 16317 16320 16323 16326 16329 16332 
16335 16338 16341 16344 16347 16350 16353 16356 16359 
16362 16365 16368 16371 16374 16377 16380 16383 16386 
16389 16392 16395 16398 16401 16404 16407 16410 16413 
16416 16419 16422 16425 16428 16431 16434 16437 16440 
16443 16446 16449 16452 16455 16458 16461 16464 16467 
16470 16473 16476 16479 16482 16485 16488 16491 16494 
16497 16500 16503 16506 16509 16512 16515 16518 16521 
16524 16527 16530 16533 16536 16539 16542 16545 16548 
16551 16554 16557 16560 16563 16566 16569 16572 16575 
16578 16581 16584 16587 16590 16593 16596 16599 16602 
16605 16608 16611 16614 16617 16620 16623 16626 16629 
16632 16635 16638 16641 16644 16647 16650 16653 16656 
16659 16662 16665 16668 16671 16674 16677 16680 16683 
16686 16689 16692 16695 16698 16701 16704 16707 16710 
16713 16716 16719 16722 16725 16728 16731 16734 16737 
16740 16743 16746 16749 16752 16755 16758 16761 16764 
16767 16770 16773 16776 16779 16782 16785 16788 16791 
16794 16797 16800 16803 16806 16809 16812 16815 16818 
16821 16824 16827 16830 16833 16836 16839 16842 16845 
16848 16851 16854 16857 16860 16863 16866 16869 16872 
16875 16878 16881 16884 16887 16890 16893 16896 16899 
16902 16905 16908 16911 16914 16917 16920 16923 16926 
16929 16932 16935 16938 16941 16944 16947 16950 16953 
16956 16959 16962 16965 16968 16971 16974 16977 16980 
16983 16986 16989 16992 16995 16998 17001 17004 17007 
17010 17013 17016 17019 17022 17025 17028 17031 17034 
17037 17040 17043 17046 17049 17052 17055 17058 17061 
17064 17067 17070 17073 17076 17079 17082 17085 17088 
17091 17094 17097 17100 17103 17106 17109 17112 17115 
17118 17121 17124 17127 17130 17133 17136 17139 17142 
17145 17148 17151 17154 17157 17160 17163 17166 17169 
17172 17175 17178 17181 17184 17187 17190 17193 17196 
17199 17202 17205 17208 17211 17214 17217 17220 17223 
17226 17229 17232 17235 17238 17241 17244 17247 17250 
17253 17256 17259 17262 17265 17268 17271 17274 17277 
17280 17283 17286 17289 17292 17295 17298 17301 17304 
17307 17310 17313 17316 17319 17322 17325 17328 17331 
17334 17337 17340 17343 17346 17349 17352 17355 17358 
17361 17364 17367 17370 17373 17376 17379 17382 17385 
17388 17391 17394 17397 17400 17403 17406 17409 17412 
17415 17418 17421 17424 17427 17430 17433 17436 17439 
17442 17445 17448 17451 17454 17457 17460 17463 17466 
17469 17472 17475 17478 17481 17484 17487 17490 17493 
17496 17499 17502 17505 17508 17511 17514 17517 17520 
17523 17526 17529 17532 17535 17538 17541 17544 17547 
17550 17553 17556 17559 17562 17565 17568 17571 17574 
17577 17580 17583 17586 17589 17592 17595 17598 17601 
17604 17607 17610 17613 17616 17619 17622 17625 17628 
17631 17634 17637 17640 17643 17646 17649 17652 17655 
17658 17661 17664 17667 17670 17673 17676 17679 17682 
17685 17688 17691 17694 17697 17700 17703 17706 17709 
17712 17715 17718 17721 17724 17727 17730 17733 17736 
17739 17742 17745 17748 17751 17754 17757 17760 17763 
17766 17769 17772 17775 17778 17781 17784 17787 17790 
17793 17796 17799 17802 17805 17808 17811 17814 17817 
17820 17823 17826 17829 17832 17835 17838 17841 17844 
17847 17850 17853 17856 17859 17862 17865 17868 17871 
17874 17877 17880 17883 17886 17889 17892 17895 17898 
17901 17904 17907 17910 17913 17916 17919 17922 17925 
17928 17931 17934 17937 17940 17943 17946 17949 17952 
17955 17958 17961 17964 17967 17970 17973 17976 17979 
17982 17985 17988 17991 17994 17997 18000 18003 18006 
18009 18012 18015 18018 18021 18024 18027 18030 18033 
18036 18039 18042 18045 18048 18051 18054 18057 18060 
18063 18066 18069 18072 18075 18078 18081 18084 18087 
18090 18093 18096 18099 18102 18105 18108 18111 18114 
18117 18120 18123 18126 18129 18132 18135 18138 18141 
18144 18147 18150 18153 18156 18159 18162 18165 18168 
18171 18174 18177 18180 18183 18186 18189 18192 18195 
18198 18201 18204 18207 18210 18213 18216 18219 18222 
18225 18228 18231 18234 18237 18240 18243 18246 18249 
18252 18255 18258 18261 18264 18267 18270 18273 18276 
18279 18282 18285 18288 18291 18294 18297 18300 18303 
18306 18309 18312 18315 18318 18321 18324 18327 18330 
18333 18336 18339 18342 18345 18348 18351 18354 18357 
18360 18363 18366 18369 18372 18375 18378 18381 18384 
18387 18390 18393 18396 18399 18402 18405 18408 18411 
18414 18417 18420 18423 18426 18429 18432 18435 18438 
18441 18444 18447 18450 18453 18456 18459 18462 18465 
18468 18471 18474 18477 18480 18483 18486 18489 18492 
18495 18498 18501 18504 18507 18510 18513 18516 18519 
18522 18525 18528 18531 18534 18537 18540 18543 18546 
18549 18552 18555 18558 18561 18564 18567 18570 18573 
18576 18579 18582 18585 18588 18591 18594 18597 18600 
18603 18606 18609 18612 18615 18618 18621 18624 18627 
18630 18633 18636 18639 18642 18645 18648 18651 18654 
18657 18660 18663 18666 18669 18672 18675 18678 18681 
18684 18687 18690 18693 18696 18699 18702 18705 18708 
18711 18714 18717 18720 18723 18726 18729 18732 18735 
18738 18741 18744 18747 18750 18753 18756 18759 18762 
18765 18768 18771 18774 18777 18780 18783 18786 18789 
18792 18795 18798 18801 18804 18807 18810 18813 18816 
18819 18822 18825 18828 18831 18834 18837 18840 18843 
18846 18849 18852 18855 18858 18861 18864 18867 18870 
18873 18876 18879 18882 18885 18888 
CONNECTIVITY vtktypeint64
0 1 2 0 3 4 1 0 4 
3 5 6 4 3 6 6 5 7 
8 9 10 8 11 12 9 8 12 
11 13 14 12 11 14 13 15 16 
14 13 16 15 17 18 16 15 18 
17 19 20 18 17 20 19 21 22 
20 19 22 21 23 24 22 21 24 
23 25 26 24 23 26 25 27 28 
26 25 28 27 29 30 28 27 30 
29 31 32 30 29 32 2 32 31 
2 31 0 0 31 33 3 0 34 
34 0 33 35 36 5 35 5 34 
34 5 3 7 5 36 37 8 10 
38 37 10 11 8 39 39 8 37 
13 11 40 40 11 39 15 13 41 
41 13 40 17 15 42 42 15 41 
19 17 43 43 17 42 21 19 44 
44 19 43 23 21 45 45 21 44 
25 23 46 46 23 45 27 25 47 
47 25 46 29 27 48 48 27 47 
49 50 31 49 31 48 48 31 29 
33 31 50 51 33 50 34 33 51 
52 34 51 35 34 52 53 37 38 
54 53 38 39 37 55 55 37 53 
40 39 56 56 39 55 41 40 57 
57 40 56 42 41 58 58 41 57 
43 42 59 59 42 58 44 43 60 
60 43 59 45 44 61 61 44 60 
46 45 62 62 45 61 63 64 47 
63 47 62 62 47 46 48 47 64 
65 48 64 49 48 65 53 54 66 
55 53 66 67 55 66 56 55 67 
68 56 67 57 56 68 69 57 68 
58 57 69 70 58 69 59 58 70 
71 59 70 60 59 71 72 60 71 
61 60 72 73 61 72 62 61 73 
74 62 73 63 62 74 75 76 77 
75 78 79 76 75 79 78 80 81 
79 78 81 80 82 83 81 80 83 
82 84 85 83 82 85 84 86 87 
85 84 87 86 88 89 87 86 89 
89 88 90 91 92 93 91 94 95 
92 91 95 95 94 96 75 77 97 
97 98 99 97 99 75 75 99 78 
80 78 100 100 78 99 82 80 101 
101 80 100 84 82 102 102 82 101 
86 84 103 103 84 102 88 86 104 
104 86 103 105 90 88 105 88 106 
106 88 104 106 107 108 105 106 108 
107 109 110 108 107 110 109 111 112 
110 109 112 111 113 114 112 111 114 
93 114 113 93 113 91 91 113 115 
94 91 116 116 91 115 117 96 94 
117 94 118 118 94 116 118 119 120 
117 118 120 119 121 122 120 119 122 
121 123 124 122 121 124 123 125 126 
124 123 126 125 127 128 126 125 128 
127 129 130 128 127 130 130 129 131 
132 99 98 133 132 98 100 99 134 
134 99 132 101 100 135 135 100 134 
102 101 136 136 101 135 103 102 137 
137 102 136 104 103 138 138 103 137 
106 104 139 139 104 138 107 106 140 
140 106 139 109 107 141 141 107 140 
111 109 142 142 109 141 113 111 143 
143 111 142 115 113 144 144 113 143 
116 115 145 145 115 144 1 145 2 
1 118 145 118 116 145 4 118 1 
119 118 4 6 119 4 121 119 6 
7 121 6 7 146 121 146 123 121 
125 123 147 147 123 146 148 149 127 
148 127 147 147 127 125 129 127 149 
150 129 149 131 129 150 151 132 133 
152 151 133 9 151 10 9 134 151 
134 132 151 12 134 9 135 134 12 
14 135 12 136 135 14 16 136 14 
137 136 16 18 137 16 138 137 18 
20 138 18 139 138 20 22 139 20 
140 139 22 24 140 22 141 140 24 
26 141 24 142 141 26 28 142 26 
143 142 28 30 143 28 144 143 30 
32 144 30 145 144 32 2 145 32 
36 35 153 36 153 154 7 36 154 
7 154 155 7 155 146 147 146 155 
156 147 155 148 147 156 157 158 159 
152 158 157 152 157 151 151 157 160 
10 160 38 151 160 10 50 161 162 
49 161 50 51 50 163 50 162 163 
52 51 164 51 163 164 153 35 52 
153 52 165 165 52 164 154 153 165 
157 159 166 160 157 166 167 160 166 
160 54 38 160 168 54 160 167 168 
169 54 168 169 170 171 168 170 169 
171 172 173 170 172 171 172 174 173 
64 175 176 63 175 64 65 64 177 
64 176 177 161 49 65 177 161 65 
54 169 66 67 66 169 171 67 169 
68 67 171 173 68 171 173 174 178 
173 178 68 68 178 69 70 69 179 
69 178 179 71 70 180 70 179 180 
72 71 181 71 180 181 73 72 182 
72 181 182 74 73 183 73 182 183 
175 63 74 183 175 74 184 185 186 
185 184 187 188 189 190 186 189 188 
186 188 184 184 188 191 192 187 184 
192 184 193 193 184 191 193 194 195 
192 193 195 194 196 197 195 194 197 
196 198 199 197 196 199 199 198 200 
201 202 203 201 204 205 202 201 205 
204 206 207 205 204 207 206 208 209 
207 206 209 208 210 211 209 208 211 
210 212 213 211 210 213 212 214 215 
213 212 215 214 216 217 215 214 217 
216 218 219 217 216 219 219 218 220 
221 222 223 221 224 225 222 221 225 
224 226 227 225 224 227 227 226 228 
229 230 231 190 230 229 188 190 229 
188 229 77 188 77 76 79 188 76 
191 188 79 81 191 79 193 191 81 
83 193 81 194 193 83 85 194 83 
196 194 85 87 196 85 198 196 87 
198 232 200 198 87 232 87 89 232 
90 233 234 90 234 89 89 234 232 
233 235 236 234 233 236 203 236 235 
203 235 201 201 235 237 204 201 238 
238 201 237 206 204 239 239 204 238 
92 239 93 92 208 239 208 206 239 
95 208 92 210 208 95 96 210 95 
96 240 210 240 212 210 214 212 241 
241 212 240 216 214 242 242 214 241 
218 216 243 243 216 242 244 220 218 
244 218 245 245 218 243 223 244 245 
223 245 221 221 245 246 224 221 247 
247 221 246 226 224 248 248 224 247 
249 228 226 248 249 226 229 231 250 
251 250 252 97 250 251 97 229 250 
97 77 229 97 251 98 90 105 233 
108 233 105 235 233 108 110 235 108 
237 235 110 112 237 110 238 237 112 
114 238 112 239 238 114 93 239 114 
96 117 240 120 240 117 241 240 120 
122 241 120 242 241 122 124 242 122 
243 242 124 126 243 124 245 243 126 
128 245 126 246 245 128 130 246 128 
247 246 130 131 247 130 131 253 247 
253 248 247 254 249 248 253 254 248 
255 251 252 256 255 252 98 255 133 
251 255 98 149 148 257 149 258 150 
257 258 149 150 258 259 131 150 259 
131 259 260 131 260 253 254 253 260 
261 262 263 261 264 265 262 261 265 
256 265 264 256 264 255 255 264 266 
133 266 152 255 266 133 155 154 267 
268 155 267 268 269 155 269 156 155 
257 148 156 257 156 270 270 156 269 
258 257 270 271 258 270 259 258 271 
261 263 272 272 273 274 272 274 261 
261 274 264 158 274 159 158 266 274 
266 264 274 152 266 158 162 275 276 
161 275 162 163 162 277 162 276 277 
164 163 278 163 277 278 165 164 279 
164 278 279 267 154 165 267 165 280 
280 165 279 268 267 280 274 273 281 
159 274 281 159 281 166 166 281 282 
167 166 283 166 282 283 168 167 284 
167 283 284 170 168 285 168 284 285 
172 170 286 170 285 286 286 174 172 
287 174 286 176 288 289 175 288 176 
177 176 290 176 289 290 275 161 177 
290 275 177 174 287 291 178 174 291 
179 178 292 178 291 292 180 179 293 
179 292 293 181 180 294 180 293 294 
182 181 295 181 294 295 183 182 296 
182 295 296 288 175 183 296 288 183 
297 298 299 297 300 301 298 297 301 
301 300 302 303 304 305 303 306 307 
304 303 307 306 308 309 307 306 309 
308 310 311 309 308 311 310 312 313 
311 310 313 313 312 314 185 315 316 
186 185 316 187 317 297 187 297 315 
187 315 185 315 297 299 300 297 318 
318 297 317 319 302 300 319 300 320 
320 300 318 320 321 322 319 320 322 
322 321 323 324 325 326 324 327 328 
325 324 328 327 329 330 328 327 330 
329 331 332 330 329 332 331 333 334 
332 331 334 305 334 333 305 333 303 
303 333 335 306 303 336 336 303 335 
308 306 337 337 306 336 310 308 338 
338 308 337 312 310 339 339 310 338 
340 314 312 340 312 341 341 312 339 
340 341 342 343 344 345 343 346 347 
344 343 347 346 190 189 346 189 347 
347 189 348 316 189 186 348 189 316 
187 192 317 195 317 192 318 317 195 
197 318 195 320 318 197 199 320 197 
321 320 199 200 349 350 199 200 350 
199 350 323 199 323 321 349 351 352 
350 349 352 351 353 354 352 351 354 
353 203 202 353 202 354 354 202 355 
205 356 202 202 356 355 326 207 324 
326 356 207 356 205 207 209 324 207 
327 324 209 211 327 209 329 327 211 
213 329 211 331 329 213 215 331 213 
333 331 215 217 333 215 335 333 217 
219 335 217 336 335 219 220 336 219 
220 357 336 357 337 336 222 357 223 
222 338 357 338 337 357 225 338 222 
339 338 225 227 339 225 341 339 227 
341 227 228 341 228 342 342 228 358 
343 345 359 230 360 231 230 343 360 
230 346 343 343 359 360 190 346 230 
200 232 349 234 349 232 351 349 234 
236 351 234 353 351 236 203 353 236 
220 244 357 223 357 244 228 249 358 
358 249 361 362 250 231 362 231 363 
363 231 360 250 362 252 249 254 361 
361 254 364 365 366 367 363 366 365 
363 365 362 362 365 368 252 368 256 
362 368 252 260 369 370 259 369 260 
364 254 260 370 364 260 262 365 367 
262 367 263 263 367 371 265 365 262 
368 365 265 256 368 265 269 268 372 
269 373 270 372 373 269 374 270 373 
374 375 270 375 271 270 369 259 271 
375 369 271 263 371 376 272 263 376 
273 377 378 273 272 377 272 376 377 
377 379 378 276 380 381 275 380 276 
277 276 382 276 381 382 278 277 383 
277 382 383 279 278 384 278 383 384 
280 279 385 279 384 385 372 268 280 
372 280 386 386 280 385 373 372 386 
387 373 386 374 373 387 273 378 281 
378 379 388 378 388 281 281 388 282 
283 282 389 282 388 389 284 283 390 
283 389 390 285 284 391 284 390 391 
286 285 392 285 391 392 287 393 394 
287 286 393 286 392 393 393 395 394 
396 397 398 396 289 288 396 398 289 
398 399 289 290 289 400 289 399 400 
380 275 290 400 380 290 287 394 291 
394 395 401 394 401 291 291 401 292 
293 292 402 292 401 402 294 293 403 
293 402 403 295 294 404 294 403 404 
397 396 296 397 296 404 404 296 295 
288 296 396 405 406 407 405 408 409 
406 405 409 409 408 410 411 412 413 
411 414 415 412 411 415 414 416 417 
415 414 417 417 416 418 419 420 421 
419 299 298 419 298 420 420 298 422 
407 301 405 407 422 301 422 298 301 
302 405 301 302 423 405 423 408 405 
424 410 408 424 408 425 425 408 423 
424 425 426 427 428 429 427 430 431 
428 427 431 413 431 430 411 413 430 
411 430 305 411 305 304 307 411 304 
414 411 307 309 414 307 416 414 309 
416 432 418 416 309 432 309 311 432 
313 433 311 311 433 432 433 313 314 
434 433 314 435 436 437 435 438 439 
436 435 439 421 439 438 419 421 438 
419 438 316 419 316 315 299 419 315 
302 319 423 322 423 319 425 423 322 
323 440 441 322 323 441 322 441 426 
322 426 425 440 442 443 441 440 443 
442 444 445 443 442 445 444 446 447 
445 444 447 446 448 449 447 446 449 
448 326 325 448 325 449 449 325 450 
328 451 325 325 451 450 330 452 328 
328 452 451 429 332 427 429 452 332 
452 330 332 334 427 332 430 427 334 
305 430 334 453 314 340 453 454 314 
454 434 314 340 342 453 455 456 457 
455 345 344 455 344 456 456 344 458 
437 347 435 437 458 347 458 344 347 
348 435 347 438 435 348 316 438 348 
323 350 440 352 440 350 442 440 352 
354 442 352 444 442 354 355 444 354 
446 444 355 356 446 355 448 446 356 
326 448 356 459 454 453 460 454 459 
342 358 459 453 342 459 455 457 461 
462 461 463 359 461 462 359 455 461 
359 345 455 359 462 360 459 464 460 
464 459 358 464 358 465 465 358 361 
466 467 468 463 467 466 463 466 462 
462 466 469 360 469 363 462 469 360 
470 471 472 470 472 465 470 465 364 
364 465 361 466 468 473 366 474 367 
366 466 474 366 469 466 466 473 474 
363 469 366 370 471 470 370 369 471 
369 475 471 364 370 470 476 477 371 
476 371 474 474 371 367 476 478 477 
375 479 480 374 479 375 475 369 375 
480 475 375 371 477 376 477 478 481 
477 481 376 376 481 377 379 482 483 
379 377 482 377 481 482 483 484 485 
482 484 483 485 486 487 484 486 485 
487 488 489 486 488 487 488 490 489 
491 492 493 491 381 380 491 493 381 
493 494 381 382 381 495 381 494 495 
383 382 496 382 495 496 384 383 497 
383 496 497 385 384 498 384 497 498 
386 385 499 385 498 499 387 386 500 
386 499 500 479 374 387 500 479 387 
379 483 388 389 388 483 485 389 483 
390 389 485 487 390 485 391 390 487 
489 391 487 489 490 501 489 501 391 
391 501 392 393 392 502 392 501 502 
395 503 504 395 393 503 393 502 503 
504 505 506 503 505 504 506 507 508 
505 507 506 508 509 510 507 509 508 
510 398 397 510 509 398 509 511 398 
399 398 512 398 511 512 492 491 400 
492 400 512 512 400 399 380 400 491 
395 504 401 402 401 504 506 402 504 
403 402 506 508 403 506 404 403 508 
510 404 508 397 404 510 513 514 515 
514 513 516 517 518 519 517 520 521 
518 517 521 521 520 522 523 524 525 
523 407 406 523 406 524 524 406 526 
515 409 513 515 526 409 526 406 409 
410 527 528 409 410 528 409 528 516 
409 516 513 527 529 530 528 527 530 
530 529 531 532 533 534 519 533 532 
519 532 517 517 532 535 412 535 413 
412 520 535 520 517 535 520 536 522 
520 412 536 412 415 536 537 538 536 
537 536 417 417 536 415 417 418 537 
539 540 541 539 421 420 539 420 540 
540 420 542 525 422 523 525 542 422 
542 420 422 407 523 422 410 424 527 
426 527 424 426 543 527 543 529 527 
544 531 529 544 529 545 545 529 543 
545 546 547 544 545 547 546 548 549 
547 546 549 548 550 551 549 548 551 
550 552 553 551 550 553 552 554 555 
553 552 555 554 556 557 555 554 557 
534 557 556 532 534 556 532 556 429 
532 429 428 431 532 428 535 532 431 
413 535 431 537 558 538 418 558 537 
418 432 558 432 559 558 560 561 559 
560 559 433 433 559 432 433 434 560 
562 563 564 562 565 566 563 562 566 
565 437 436 565 436 566 566 436 567 
541 439 539 541 567 439 567 436 439 
421 539 439 426 441 543 443 543 441 
545 543 443 445 545 443 546 545 445 
447 546 445 548 546 447 449 548 447 
550 548 449 450 550 449 552 550 450 
451 552 450 554 552 451 452 554 451 
556 554 452 429 556 452 568 561 560 
569 561 568 434 454 568 560 434 568 
456 562 564 456 564 457 457 564 570 
458 562 456 565 562 458 437 565 458 
568 571 569 571 568 454 571 454 572 
572 454 460 573 574 575 461 573 576 
461 570 573 461 457 570 574 573 570 
461 576 463 577 460 464 577 578 460 
578 572 460 464 465 577 573 575 579 
467 580 468 467 573 580 467 576 573 
573 579 580 463 576 467 472 578 577 
472 471 578 471 581 578 465 472 577 
468 580 582 473 468 582 582 474 473 
583 474 582 584 585 586 584 586 581 
584 581 475 475 581 471 474 583 587 
476 474 587 587 478 476 588 478 587 
589 590 591 589 592 593 591 592 589 
593 594 595 592 594 593 585 595 594 
584 595 585 584 479 595 584 480 479 
475 480 584 478 588 596 481 478 596 
482 481 597 481 596 597 484 482 598 
482 597 598 486 484 599 484 598 599 
488 486 600 486 599 600 490 601 602 
490 488 601 488 600 601 601 603 602 
604 605 606 604 493 492 604 606 493 
606 607 493 494 493 608 493 607 608 
495 494 609 494 608 609 496 495 610 
495 609 610 497 496 611 496 610 611 
590 589 498 590 498 611 611 498 497 
499 498 589 593 499 589 500 499 593 
595 500 593 479 500 595 490 602 501 
602 603 612 602 612 501 501 612 502 
503 502 613 502 612 613 505 503 614 
503 613 614 507 505 615 505 614 615 
509 507 616 507 615 616 511 509 617 
509 616 617 605 604 512 605 512 617 
617 512 511 492 512 604 618 619 620 
619 618 621 622 623 624 622 625 626 
623 622 626 625 627 628 626 625 628 
628 627 629 630 631 632 630 515 514 
630 514 631 631 514 633 516 634 618 
516 618 633 516 633 514 633 618 620 
635 621 618 635 618 636 636 618 634 
636 637 638 635 636 638 637 639 640 
638 637 640 640 639 641 642 643 644 
624 643 642 624 642 622 622 642 645 
518 645 519 518 625 645 625 622 645 
521 625 518 627 625 521 627 521 522 
627 522 629 629 522 646 647 648 649 
647 525 524 647 524 648 648 524 650 
632 526 630 632 650 526 650 524 526 
515 630 526 516 528 634 530 634 528 
636 634 530 531 636 530 531 651 636 
651 637 636 639 637 652 652 637 651 
653 641 639 653 639 654 654 639 652 
654 655 656 653 654 656 655 657 658 
656 655 658 657 659 660 658 657 660 
644 660 659 644 659 642 642 659 661 
533 661 534 533 645 661 645 642 661 
519 645 533 522 662 646 536 662 522 
662 536 538 663 662 538 664 665 666 
664 667 668 665 664 668 667 541 540 
667 540 668 668 540 669 649 542 647 
649 669 542 669 540 542 525 647 542 
531 544 651 547 651 544 652 651 547 
549 652 547 654 652 549 551 654 549 
655 654 551 553 655 551 657 655 553 
555 657 553 659 657 555 557 659 555 
661 659 557 534 661 557 538 670 663 
558 670 538 671 672 670 671 670 559 
559 670 558 559 561 671 673 674 675 
673 564 563 673 563 674 674 563 676 
666 566 664 666 676 566 676 563 566 
567 664 566 667 664 567 541 667 567 
671 677 672 677 671 561 677 561 678 
678 561 569 673 675 679 679 564 673 
679 680 564 680 570 564 681 569 571 
681 682 569 682 678 569 571 572 681 
574 683 684 575 574 684 680 574 570 
683 574 680 685 682 681 686 682 685 
572 578 685 681 572 685 575 684 687 
579 575 687 687 580 579 688 580 687 
689 690 691 686 689 691 686 685 689 
685 692 689 578 581 692 685 578 692 
580 688 693 582 580 693 693 583 582 
694 583 693 695 696 697 690 695 697 
690 689 695 689 698 695 586 585 698 
586 698 692 692 698 689 581 586 692 
583 694 699 587 583 699 699 588 587 
700 588 699 701 702 703 701 704 705 
703 704 701 705 591 590 705 704 591 
704 706 591 696 695 592 696 592 706 
706 592 591 594 592 695 698 594 695 
585 594 698 588 700 707 596 588 707 
597 596 708 596 707 708 598 597 709 
597 708 709 599 598 710 598 709 710 
600 599 711 599 710 711 601 600 712 
600 711 712 603 713 714 603 601 713 
601 712 713 714 715 716 713 715 714 
716 717 718 715 717 716 718 719 720 
717 719 718 720 721 722 719 721 720 
722 723 724 721 723 722 724 606 605 
724 723 606 723 725 606 607 606 726 
606 725 726 608 607 727 607 726 727 
609 608 728 608 727 728 702 701 610 
702 610 728 728 610 609 611 610 701 
705 611 701 590 611 705 603 714 612 
613 612 714 716 613 714 614 613 716 
718 614 716 615 614 718 720 615 718 
616 615 720 722 616 720 617 616 722 
724 617 722 605 617 724 729 730 731 
729 732 733 730 729 733 732 734 735 
733 732 735 735 734 736 737 738 739 
737 620 619 737 619 738 738 619 740 
621 741 742 621 742 619 619 742 740 
742 741 743 744 745 746 731 745 744 
731 744 729 729 744 747 732 729 748 
748 729 747 623 748 624 623 734 748 
734 732 748 734 749 736 734 623 749 
623 626 749 750 751 749 750 749 628 
628 749 626 628 629 750 752 753 754 
752 632 631 752 631 753 753 631 755 
739 633 737 739 755 633 755 631 633 
620 737 633 621 635 741 741 756 743 
741 635 756 635 638 756 640 757 638 
638 757 756 641 758 759 641 759 640 
640 759 757 758 760 761 759 758 761 
746 761 760 746 760 744 744 760 762 
747 744 763 763 744 762 643 763 644 
643 748 763 748 747 763 624 748 643 
750 764 751 764 750 629 764 629 765 
765 629 646 766 767 768 766 769 770 
767 766 770 769 771 772 770 769 772 
771 649 648 771 648 772 772 648 773 
754 650 752 754 773 650 773 648 650 
632 752 650 641 653 758 656 758 653 
760 758 656 658 760 656 762 760 658 
660 762 658 763 762 660 644 763 660 
646 774 765 662 774 646 774 662 663 
775 774 663 776 777 778 768 777 776 
766 768 776 766 776 666 766 666 665 
668 766 665 769 766 668 669 769 668 
771 769 669 649 771 669 779 663 670 
779 780 663 780 775 663 670 672 779 
674 781 675 776 778 782 776 782 674 
776 674 676 781 674 782 666 776 676 
779 783 780 784 785 783 677 784 783 
677 783 779 677 779 672 677 678 784 
675 781 679 781 680 679 781 782 680 
782 786 680 787 785 784 788 785 787 
678 682 787 784 678 787 683 789 790 
684 683 790 786 683 680 789 683 786 
791 788 787 792 788 791 682 686 791 
787 682 791 684 790 793 687 684 793 
793 688 687 794 688 793 795 796 797 
792 795 797 791 795 792 791 690 795 
791 691 690 686 691 791 688 794 798 
693 688 798 798 694 693 799 694 798 
800 801 802 800 803 804 802 803 800 
796 804 803 795 804 796 795 696 804 
795 697 696 690 697 795 805 699 694 
805 694 806 806 694 799 699 805 700 
807 808 809 807 810 811 809 810 807 
811 812 813 810 812 811 813 814 815 
812 814 813 814 816 815 817 818 819 
817 820 821 819 820 817 821 703 702 
821 820 703 820 822 703 801 800 704 
801 704 822 822 704 703 706 704 800 
804 706 800 696 706 804 805 806 823 
700 805 823 700 823 707 707 823 824 
708 707 825 707 824 825 808 807 709 
808 709 825 825 709 708 710 709 807 
811 710 807 711 710 811 813 711 811 
712 711 813 815 712 813 815 816 826 
815 826 712 712 826 713 715 713 827 
713 826 827 717 715 828 715 827 828 
719 717 829 717 828 829 721 719 830 
719 829 830 723 721 831 721 830 831 
725 723 832 723 831 832 726 725 833 
725 832 833 818 817 727 818 727 833 
833 727 726 728 727 817 821 728 817 
702 728 821 834 835 836 834 731 730 
834 730 835 835 730 837 733 838 730 
730 838 837 839 840 838 839 838 735 
735 838 733 735 736 839 841 842 843 
841 739 738 841 738 842 842 738 844 
740 845 738 738 845 844 742 846 740 
740 846 845 846 742 743 847 846 743 
848 849 850 836 849 848 834 836 848 
834 848 746 834 746 745 731 834 745 
839 851 840 736 851 839 736 749 851 
749 852 851 852 749 751 853 852 751 
854 855 856 854 754 753 854 753 855 
855 753 857 843 755 841 843 857 755 
857 753 755 739 841 755 743 858 847 
756 858 743 757 859 756 756 859 858 
759 860 757 757 860 859 850 761 848 
850 860 761 860 759 761 746 848 761 
861 751 764 861 862 751 862 853 751 
764 765 861 863 864 865 863 768 767 
863 767 864 864 767 866 770 867 767 
767 867 866 772 868 770 770 868 867 
856 773 854 856 868 773 868 772 773 
754 854 773 861 869 862 870 871 869 
774 870 869 774 869 861 774 861 765 
774 775 870 872 873 874 865 873 872 
863 865 872 863 872 778 863 778 777 
768 863 777 870 875 871 875 870 775 
875 775 876 876 775 780 877 872 874 
878 877 874 778 877 782 872 877 778 
879 780 783 879 880 780 880 876 780 
783 785 879 881 877 878 882 881 878 
782 881 786 877 881 782 883 880 879 
884 880 883 785 788 883 879 785 883 
789 881 882 789 882 790 790 882 885 
786 881 789 886 884 883 887 884 886 
788 792 886 883 788 886 790 885 888 
793 790 888 888 794 793 889 794 888 
890 891 892 887 890 892 886 890 887 
886 796 890 886 797 796 792 797 886 
794 889 893 798 794 893 893 799 798 
894 799 893 895 896 897 895 802 801 
895 897 802 897 898 802 891 890 803 
891 803 898 898 803 802 796 803 890 
799 894 806 894 899 806 809 900 901 
808 900 809 810 809 902 809 901 902 
812 810 903 810 902 903 814 812 904 
812 903 904 816 905 906 816 814 905 
814 904 905 906 907 908 905 907 906 
908 909 910 907 909 908 909 911 910 
912 913 914 912 819 818 912 914 819 
914 915 819 820 819 916 819 915 916 
896 895 822 896 822 916 916 822 820 
801 822 895 806 899 917 823 806 917 
824 823 918 823 917 918 825 824 919 
824 918 919 900 808 825 919 900 825 
816 906 826 827 826 906 908 827 906 
828 827 908 910 828 908 910 911 920 
910 920 828 828 920 829 830 829 921 
829 920 921 831 830 922 830 921 922 
832 831 923 831 922 923 913 912 833 
913 833 923 923 833 832 818 833 912 
924 925 926 924 927 928 925 924 928 
927 929 930 928 927 930 930 929 931 
835 932 933 836 835 933 837 934 835 
835 934 932 838 935 837 837 935 934 
935 838 840 936 935 840 937 938 939 
937 843 842 937 842 938 938 842 940 
926 844 924 926 940 844 940 842 844 
845 924 844 927 924 845 846 927 845 
929 927 846 847 941 942 846 847 942 
846 942 931 846 931 929 941 943 944 
942 941 944 943 945 946 944 943 946 
945 850 849 945 849 946 946 849 947 
933 849 836 947 849 933 840 948 936 
851 948 840 949 950 948 949 948 852 
852 948 851 852 853 949 951 952 953 
951 954 955 952 951 955 954 956 957 
955 954 957 956 856 855 956 855 957 
957 855 958 939 857 937 939 958 857 
958 855 857 843 937 857 847 858 941 
859 941 858 943 941 859 860 943 859 
945 943 860 850 945 860 949 959 950 
959 949 853 959 853 960 960 853 862 
864 961 962 865 864 962 953 866 951 
953 961 866 961 864 866 867 951 866 
954 951 867 868 954 867 956 954 868 
856 956 868 963 862 869 963 964 862 
964 960 862 869 871 963 965 966 967 
965 874 873 965 873 966 966 873 968 
962 873 865 968 873 962 963 969 964 
970 971 969 875 970 969 875 969 963 
875 963 871 875 876 970 972 965 967 
973 972 967 874 972 878 965 972 874 
970 974 971 974 970 876 974 876 975 
975 876 880 972 973 976 976 878 972 
976 977 878 977 882 878 880 884 975 
975 884 978 979 980 885 979 885 977 
977 885 882 979 981 980 982 983 984 
982 984 978 982 978 887 887 978 884 
885 980 888 980 889 888 980 981 889 
981 985 889 986 987 988 983 986 988 
982 986 983 982 891 986 982 892 891 
887 892 982 989 893 889 989 889 990 
990 889 985 893 989 894 991 992 993 
991 897 896 991 993 897 993 994 897 
987 986 898 987 898 994 994 898 897 
891 898 986 989 990 995 995 894 989 
995 996 894 996 899 894 997 998 999 
997 901 900 997 999 901 999 1000 901 
902 901 1001 901 1000 1001 903 902 1002 
902 1001 1002 904 903 1003 903 1002 1003 
905 904 1004 904 1003 1004 907 905 1005 
905 1004 1005 909 907 1006 907 1005 1006 
911 1007 1008 911 909 1007 909 1006 1007 
1008 1009 1010 1007 1009 1008 1010 1011 1012 
1009 1011 1010 1012 1013 1014 1011 1013 1012 
1014 914 913 1014 1013 914 1013 1015 914 
915 914 1016 914 1015 1016 992 991 916 
992 916 1016 1016 916 915 896 916 991 
899 996 1017 917 899 1017 918 917 1018 
917 1017 1018 998 997 919 998 919 1018 
1018 919 918 900 919 997 911 1008 920 
921 920 1008 1010 921 1008 922 921 1010 
1012 922 1010 923 922 1012 1014 923 1012 
913 923 1014 1019 1020 1021 1019 926 925 
1019 925 1020 1020 925 1022 928 1023 925 
925 1023 1022 930 1024 928 928 1024 1023 
1024 930 931 1025 1024 931 932 1026 1027 
933 932 1027 934 1028 932 932 1028 1026 
1029 1030 1028 1029 1028 935 935 1028 934 
935 936 1029 1031 1032 1033 1031 939 938 
1031 938 1032 1032 938 1034 1021 940 1019 
1021 1034 940 1034 938 940 926 1019 940 
931 1035 1025 942 1035 931 944 1036 942 
942 1036 1035 946 1037 944 944 1037 1036 
947 1038 946 946 1038 1037 1027 947 933 
1038 947 1027 1029 1039 1030 1040 1041 1039 
948 1040 1039 948 1039 1029 948 1029 936 
948 950 1040 952 1042 1043 953 952 1043 
955 1044 952 952 1044 1042 957 1045 955 
955 1045 1044 1033 958 1031 1033 1045 958 
1045 957 958 939 1031 958 1040 1046 1041 
1047 1048 1046 959 1047 1046 959 1046 1040 
959 1040 950 959 960 1047 1049 1050 1051 
1049 962 961 1049 961 1050 1050 961 1052 
1043 961 953 1052 961 1043 1047 1053 1048 
1053 1047 960 1053 960 1054 1054 960 964 
966 1055 1056 967 966 1056 1051 968 1049 
1051 1055 968 1055 966 968 962 1049 968 
1057 964 969 1057 1058 964 1058 1054 964 
969 971 1057 967 1056 973 1056 1059 973 
1057 1060 1058 1061 1062 1060 974 1061 1060 
974 1060 1057 974 1057 971 974 975 1061 
973 1059 1063 976 973 1063 1063 977 976 
1064 977 1063 1065 1062 1061 1066 1062 1065 
975 978 1065 1061 975 1065 1067 979 977 
1067 977 1068 1068 977 1064 979 1067 981 
1069 1070 1071 1066 1069 1071 1065 1069 1066 
1065 983 1069 1065 984 983 978 984 1065 
1067 1068 1072 1072 981 1067 1072 1073 981 
1073 985 981 1074 1075 1076 1070 1074 1076 
1069 1074 1070 1069 987 1074 1069 988 987 
983 988 1069 985 1073 990 1073 1077 990 
1078 1079 1080 1078 1081 1082 1080 1081 1078 
1082 1083 1084 1081 1083 1082 1083 1085 1084 
1086 1087 1088 1086 1089 1090 1088 1089 1086 
1090 993 992 1090 1089 993 1089 1091 993 
1075 1074 994 1075 994 1091 1091 994 993 
987 994 1074 990 1077 1092 995 990 1092 
996 1093 1094 996 995 1093 995 1092 1093 
1094 1095 1096 1093 1095 1094 1096 999 998 
1096 1095 999 1095 1097 999 1000 999 1098 
999 1097 1098 1001 1000 1099 1000 1098 1099 
1002 1001 1100 1001 1099 1100 1079 1078 1003 
1079 1003 1100 1100 1003 1002 1004 1003 1078 
1082 1004 1078 1005 1004 1082 1084 1005 1082 
1084 1085 1101 1084 1101 1005 1005 1101 1006 
1007 1006 1102 1006 1101 1102 1009 1007 1103 
1007 1102 1103 1011 1009 1104 1009 1103 1104 
1013 1011 1105 1011 1104 1105 1087 1086 1015 
1087 1015 1105 1105 1015 1013 1016 1015 1086 
1090 1016 1086 992 1016 1090 996 1094 1017 
1018 1017 1094 1096 1018 1094 998 1018 1096 
1106 1107 1108 1106 1021 1020 1106 1020 1107 
1107 1020 1109 1022 1110 1020 1020 1110 1109 
1023 1111 1022 1022 1111 1110 1024 1112 1023 
1023 1112 1111 1112 1024 1025 1113 1112 1025 
1026 1114 1115 1027 1026 1115 1116 1117 1114 
1116 1114 1028 1028 1114 1026 1028 1030 1116 
1118 1119 1120 1118 1121 1122 1119 1118 1122 
1121 1033 1032 1121 1032 1122 1122 1032 1123 
1108 1034 1106 1108 1123 1034 1123 1032 1034 
1021 1106 1034 1025 1124 1113 1035 1124 1025 
1125 1126 1124 1125 1124 1036 1036 1124 1035 
1036 1037 1127 1125 1036 1127 1128 1127 1037 
1128 1037 1129 1129 1037 1038 1115 1038 1027 
1129 1038 1115 1116 1130 1117 1030 1130 1116 
1030 1039 1130 1039 1131 1130 1131 1039 1041 
1132 1131 1041 1133 1134 1135 1133 1043 1042 
1133 1042 1134 1134 1042 1136 1120 1044 1118 
1120 1136 1044 1136 1042 1044 1045 1118 1044 
1121 1118 1045 1033 1121 1045 1125 1137 1126 
1127 1137 1125 1138 1137 1127 1128 1138 1127 
1139 1041 1046 1139 1140 1041 1140 1132 1041 
1046 1048 1139 1050 1141 1142 1051 1050 1142 
1135 1052 1133 1135 1141 1052 1141 1050 1052 
1043 1133 1052 1139 1143 1140 1144 1145 1143 
1053 1144 1143 1053 1143 1139 1053 1139 1048 
1053 1054 1144 1055 1146 1147 1056 1055 1147 
1142 1055 1051 1146 1055 1142 1148 1145 1144 
1149 1145 1148 1054 1058 1148 1144 1054 1148 
1056 1147 1059 1147 1150 1059 1148 1151 1149 
1152 1153 1151 1060 1152 1151 1060 1151 1148 
1060 1148 1058 1060 1062 1152 1059 1150 1154 
1063 1059 1154 1154 1064 1063 1155 1064 1154 
1156 1153 1152 1157 1153 1156 1062 1066 1156 
1152 1062 1156 1064 1155 1068 1155 1158 1068 
1159 1160 1161 1157 1159 1161 1156 1159 1157 
1156 1070 1159 1156 1071 1070 1066 1071 1156 
1068 1158 1162 1072 1068 1162 1162 1073 1072 
1163 1073 1162 1076 1160 1159 1076 1075 1160 
1075 1164 1160 1070 1076 1159 1165 1166 1077 
1165 1077 1163 1163 1077 1073 1165 1167 1166 
1168 1169 1170 1168 1171 1172 1170 1171 1168 
1172 1173 1174 1171 1173 1172 1174 1080 1079 
1174 1173 1080 1173 1175 1080 1081 1080 1176 
1080 1175 1176 1083 1081 1177 1081 1176 1177 
1085 1178 1179 1085 1083 1178 1083 1177 1178 
1179 1180 1181 1178 1180 1179 1180 1182 1181 
1183 1184 1185 1183 1088 1087 1183 1185 1088 
1185 1186 1088 1089 1088 1187 1088 1186 1187 
1091 1089 1188 1089 1187 1188 1164 1075 1091 
1188 1164 1091 1077 1166 1092 1166 1167 1189 
1166 1189 1092 1092 1189 1093 1095 1093 1190 
1093 1189 1190 1097 1095 1191 1095 1190 1191 
1169 1168 1098 1169 1098 1191 1191 1098 1097 
1099 1098 1168 1172 1099 1168 1100 1099 1172 
1174 1100 1172 1079 1100 1174 1085 1179 1101 
1102 1101 1179 1181 1102 1179 1181 1182 1192 
1181 1192 1102 1102 1192 1103 1104 1103 1193 
1103 1192 1193 1184 1183 1105 1184 1105 1193 
1193 1105 1104 1087 1105 1183 1194 1195 1196 
1194 1108 1107 1194 1107 1195 1195 1107 1197 
1109 1198 1107 1107 1198 1197 1110 1199 1109 
1109 1199 1198 1111 1200 1110 1110 1200 1199 
1112 1201 1111 1111 1201 1200 1201 1112 1113 
1202 1201 1113 1114 1203 1115 1114 1117 1203 
1119 1204 1205 1120 1119 1205 1122 1206 1119 
1119 1206 1204 1196 1123 1194 1196 1206 1123 
1206 1122 1123 1108 1194 1123 1113 1207 1202 
1124 1207 1113 1207 1124 1126 1208 1207 1126 
1129 1209 1210 1128 1129 1210 1203 1129 1115 
1203 1211 1129 1211 1209 1129 1117 1211 1203 
1117 1130 1211 1130 1212 1211 1213 1214 1212 
1213 1212 1131 1131 1212 1130 1131 1132 1213 
1134 1215 1216 1135 1134 1216 1136 1217 1134 
1134 1217 1215 1205 1136 1120 1217 1136 1205 
1126 1218 1208 1137 1218 1126 1138 1219 1137 
1137 1219 1218 1210 1138 1128 1219 1138 1210 
1213 1220 1214 1220 1213 1132 1220 1132 1221 
1221 1132 1140 1222 1223 1224 1222 1142 1141 
1222 1141 1223 1223 1141 1225 1216 1141 1135 
1225 1141 1216 1226 1140 1143 1226 1227 1140 
1227 1221 1140 1143 1145 1226 1146 1222 1224 
1146 1224 1147 1147 1224 1228 1142 1222 1146 
1226 1229 1227 1229 1226 1145 1229 1145 1230 
1230 1145 1149 1147 1228 1150 1228 1231 1150 
1232 1149 1151 1232 1233 1149 1233 1230 1149 
1151 1153 1232 1150 1231 1234 1154 1150 1234 
1234 1155 1154 1235 1155 1234 1236 1233 1232 
1237 1233 1236 1153 1157 1236 1232 1153 1236 
1155 1235 1158 1235 1238 1158 1161 1237 1236 
1161 1160 1237 1160 1239 1237 1157 1161 1236 
1158 1238 1240 1162 1158 1240 1240 1163 1162 
1241 1163 1240 1242 1243 1244 1242 1244 1239 
1242 1239 1164 1164 1239 1160 1163 1241 1245 
1165 1163 1245 1245 1167 1165 1246 1167 1245 
1170 1247 1248 1169 1247 1170 1171 1170 1249 
1170 1248 1249 1173 1171 1250 1171 1249 1250 
1175 1173 1251 1173 1250 1251 1176 1175 1252 
1175 1251 1252 1177 1176 1253 1176 1252 1253 
1178 1177 1254 1177 1253 1254 1180 1178 1255 
1178 1254 1255 1182 1256 1257 1182 1180 1256 
1180 1255 1256 1257 1258 1259 1256 1258 1257 
1259 1185 1184 1259 1258 1185 1258 1260 1185 
1186 1185 1261 1185 1260 1261 1187 1186 1262 
1186 1261 1262 1243 1242 1188 1243 1188 1262 
1262 1188 1187 1164 1188 1242 1167 1246 1263 
1189 1167 1263 1190 1189 1264 1189 1263 1264 
1191 1190 1265 1190 1264 1265 1247 1169 1191 
1265 1247 1191 1182 1257 1192 1193 1192 1257 
1259 1193 1257 1184 1193 1259 1266 1267 1268 
1266 1269 1270 1267 1266 1270 1270 1269 1271 
1272 1273 1274 1272 1196 1195 1272 1195 1273 
1273 1195 1275 1197 1276 1195 1195 1276 1275 
1268 1198 1266 1268 1276 1198 1276 1197 1198 
1199 1266 1198 1269 1266 1199 1269 1277 1271 
1269 1199 1277 1199 1200 1277 1201 1278 1200 
1200 1278 1277 1278 1201 1202 1279 1278 1202 
1280 1281 1282 1280 1205 1204 1280 1204 1281 
1281 1204 1283 1274 1206 1272 1274 1283 1206 
1283 1204 1206 1196 1272 1206 1202 1284 1279 
1207 1284 1202 1284 1207 1208 1285 1284 1208 
1209 1286 1210 1287 1286 1209 1287 1209 1288 
1288 1209 1211 1289 1290 1288 1289 1288 1212 
1212 1288 1211 1212 1214 1289 1291 1292 1293 
1291 1216 1215 1291 1215 1292 1292 1215 1294 
1282 1217 1280 1282 1294 1217 1294 1215 1217 
1205 1280 1217 1208 1295 1285 1218 1295 1208 
1219 1296 1218 1218 1296 1295 1286 1219 1210 
1286 1297 1219 1297 1296 1219 1287 1297 1286 
1289 1298 1290 1299 1300 1298 1220 1299 1298 
1220 1298 1289 1220 1289 1214 1220 1221 1299 
1223 1301 1302 1224 1223 1302 1293 1225 1291 
1293 1301 1225 1301 1223 1225 1216 1291 1225 
1299 1303 1300 1303 1299 1221 1303 1221 1304 
1304 1221 1227 1224 1302 1228 1302 1305 1228 
1306 1227 1229 1306 1307 1227 1307 1304 1227 
1229 1230 1306 1228 1305 1231 1305 1308 1231 
1306 1309 1307 1309 1306 1230 1309 1230 1310 
1310 1230 1233 1231 1308 1311 1234 1231 1311 
1311 1235 1234 1312 1235 1311 1313 1314 1315 
1313 1315 1310 1313 1310 1237 1237 1310 1233 
1316 1317 1238 1316 1238 1312 1312 1238 1235 
1316 1318 1317 1319 1314 1313 1320 1314 1319 
1237 1239 1319 1313 1237 1319 1238 1317 1240 
1317 1241 1240 1317 1318 1241 1318 1321 1241 
1322 1323 1324 1322 1325 1326 1324 1325 1322 
1326 1327 1328 1325 1327 1326 1328 1329 1330 
1327 1329 1328 1330 1331 1332 1329 1331 1330 
1332 1333 1334 1331 1333 1332 1333 1335 1334 
1336 1337 1338 1320 1336 1338 1319 1336 1320 
1319 1243 1336 1319 1244 1243 1239 1244 1319 
1241 1321 1339 1245 1241 1339 1246 1340 1341 
1246 1245 1340 1245 1339 1340 1341 1342 1343 
1340 1342 1341 1343 1344 1345 1342 1344 1343 
1345 1248 1247 1345 1344 1248 1344 1346 1248 
1249 1248 1347 1248 1346 1347 1250 1249 1348 
1249 1347 1348 1323 1322 1251 1323 1251 1348 
1348 1251 1250 1252 1251 1322 1326 1252 1322 
1253 1252 1326 1328 1253 1326 1254 1253 1328 
1330 1254 1328 1255 1254 1330 1332 1255 1330 
1256 1255 1332 1334 1256 1332 1334 1335 1349 
1334 1349 1256 1256 1349 1258 1260 1258 1350 
1258 1349 1350 1261 1260 1351 1260 1350 1351 
1337 1336 1262 1337 1262 1351 1351 1262 1261 
1243 1262 1336 1246 1341 1263 1264 1263 1341 
1343 1264 1341 1265 1264 1343 1345 1265 1343 
1247 1265 1345 1352 1353 1354 1352 1355 1356 
1353 1352 1356 1355 1268 1267 1355 1267 1356 
1356 1267 1357 1270 1358 1267 1267 1358 1357 
1358 1270 1271 1359 1358 1271 1360 1361 1362 
1360 1363 1364 1361 1360 1364 1363 1274 1273 
1363 1273 1364 1364 1273 1365 1354 1275 1352 
1354 1365 1275 1365 1273 1275 1276 1352 1275 
1355 1352 1276 1268 1355 1276 1271 1366 1359 
1277 1366 1271 1278 1367 1277 1277 1367 1366 
1367 1278 1279 1368 1367 1279 1369 1370 1371 
1369 1372 1373 1370 1369 1373 1362 1373 1372 
1360 1362 1372 1360 1372 1282 1360 1282 1281 
1283 1360 1281 1363 1360 1283 1274 1363 1283 
1279 1374 1368 1284 1374 1279 1374 1284 1285 
1375 1374 1285 1288 1376 1287 1288 1290 1376 
1377 1378 1379 1371 1378 1377 1369 1371 1377 
1369 1377 1293 1369 1293 1292 1294 1369 1292 
1372 1369 1294 1282 1372 1294 1285 1380 1375 
1295 1380 1285 1296 1381 1295 1295 1381 1380 
1297 1382 1296 1296 1382 1381 1376 1297 1287 
1376 1383 1297 1383 1382 1297 1290 1383 1376 
1290 1298 1383 1298 1384 1383 1384 1298 1300 
1385 1384 1300 1301 1377 1379 1301 1379 1302 
1302 1379 1386 1293 1377 1301 1387 1300 1303 
1387 1388 1300 1388 1385 1300 1303 1304 1387 
1302 1386 1305 1386 1389 1305 1387 1390 1388 
1390 1387 1304 1390 1304 1391 1391 1304 1307 
1392 1393 1308 1392 1308 1389 1389 1308 1305 
1392 1394 1393 1395 1307 1309 1395 1396 1307 
1396 1391 1307 1309 1310 1395 1308 1393 1311 
1393 1312 1311 1393 1394 1312 1394 1397 1312 
1398 1399 1400 1396 1398 1400 1395 1398 1396 
1395 1314 1398 1395 1315 1314 1310 1315 1395 
1312 1397 1401 1316 1312 1401 1401 1318 1316 
1402 1318 1401 1403 1399 1398 1404 1399 1403 
1314 1320 1403 1398 1314 1403 1405 1406 1321 
1405 1321 1402 1402 1321 1318 1405 1407 1406 
1408 1409 1410 1408 1324 1323 1408 1410 1324 
1410 1411 1324 1325 1324 1412 1324 1411 1412 
1327 1325 1413 1325 1412 1413 1329 1327 1414 
1327 1413 1414 1331 1329 1415 1329 1414 1415 
1333 1331 1416 1331 1415 1416 1335 1417 1418 
1335 1333 1417 1333 1416 1417 1418 1419 1420 
1417 1419 1418 1420 1421 1422 1419 1421 1420 
1404 1422 1421 1403 1422 1404 1403 1337 1422 
1403 1338 1337 1320 1338 1403 1321 1406 1339 
1406 1407 1423 1406 1423 1339 1339 1423 1340 
1342 1340 1424 1340 1423 1424 1344 1342 1425 
1342 1424 1425 1346 1344 1426 1344 1425 1426 
1347 1346 1427 1346 1426 1427 1409 1408 1348 
1409 1348 1427 1427 1348 1347 1323 1348 1408 
1335 1418 1349 1350 1349 1418 1420 1350 1418 
1351 1350 1420 1422 1351 1420 1337 1351 1422 
1428 1429 1430 1428 1431 1432 1429 1428 1432 
1431 1354 1353 1431 1353 1432 1432 1353 1433 
1356 1434 1353 1353 1434 1433 1357 1435 1356 
1356 1435 1434 1358 1436 1357 1357 1436 1435 
1436 1358 1359 1437 1436 1359 1438 1439 1440 
1438 1362 1361 1438 1361 1439 1439 1361 1441 
1430 1364 1428 1430 1441 1364 1441 1361 1364 
1365 1428 1364 1431 1428 1365 1354 1431 1365 
1359 1442 1437 1366 1442 1359 1367 1443 1366 
1366 1443 1442 1443 1367 1368 1444 1443 1368 
1370 1445 1446 1371 1370 1446 1440 1373 1438 
1440 1445 1373 1445 1370 1373 1362 1438 1373 
1368 1447 1444 1374 1447 1368 1447 1374 1375 
1448 1447 1375 1378 1449 1450 1379 1378 1450 
1446 1378 1371 1449 1378 1446 1375 1451 1448 
1380 1451 1375 1452 1453 1451 1452 1451 1381 
1381 1451 1380 1381 1382 1454 1452 1381 1454 
1382 1383 1455 1454 1382 1455 1383 1384 1456 
1455 1383 1456 1384 1385 1456 1457 1458 1459 
1457 1450 1458 1457 1386 1450 1386 1379 1450 
1452 1460 1453 1454 1460 1452 1461 1460 1454 
1455 1461 1454 1462 1461 1455 1456 1462 1455 
1463 1462 1456 1463 1456 1385 1463 1385 1464 
1464 1385 1388 1457 1459 1465 1465 1386 1457 
1465 1466 1386 1466 1389 1386 1388 1467 1464 
1390 1467 1388 1467 1390 1391 1468 1467 1391 
1389 1466 1469 1392 1389 1469 1469 1394 1392 
1470 1394 1469 1471 1472 1473 1471 1473 1468 
1471 1468 1396 1396 1468 1391 1474 1475 1397 
1474 1397 1470 1470 1397 1394 1474 1476 1475 
1477 1478 1479 1472 1477 1479 1471 1477 1472 
1471 1399 1477 1471 1400 1399 1396 1400 1471 
1397 1475 1401 1402 1480 1481 1401 1480 1402 
1401 1476 1480 1401 1475 1476 1480 1482 1481 
1483 1484 1485 1483 1486 1487 1485 1486 1483 
1487 1488 1489 1486 1488 1487 1489 1490 1491 
1488 1490 1489 1491 1492 1493 1490 1492 1491 
1492 1494 1493 1495 1496 1497 1478 1495 1497 
1478 1477 1495 1477 1498 1495 1399 1404 1498 
1477 1399 1498 1402 1481 1405 1407 1499 1500 
1405 1499 1407 1405 1482 1499 1405 1481 1482 
1500 1501 1502 1499 1501 1500 1502 1503 1504 
1501 1503 1502 1504 1505 1506 1503 1505 1504 
1506 1507 1508 1505 1507 1506 1508 1410 1409 
1508 1507 1410 1507 1509 1410 1411 1410 1510 
1410 1509 1510 1484 1483 1412 1484 1412 1510 
1510 1412 1411 1413 1412 1483 1487 1413 1483 
1414 1413 1487 1489 1414 1487 1415 1414 1489 
1491 1415 1489 1416 1415 1491 1493 1416 1491 
1493 1494 1511 1493 1511 1416 1416 1511 1417 
1496 1495 1419 1496 1419 1511 1511 1419 1417 
1421 1419 1495 1498 1421 1495 1404 1421 1498 
1407 1500 1423 1424 1423 1500 1502 1424 1500 
1425 1424 1502 1504 1425 1502 1426 1425 1504 
1506 1426 1504 1427 1426 1506 1508 1427 1506 
1409 1427 1508 1512 1513 1514 1512 1430 1429 
1512 1429 1513 1513 1429 1515 1432 1516 1429 
1429 1516 1515 1433 1517 1432 1432 1517 1516 
1434 1518 1433 1433 1518 1517 1435 1519 1434 
1434 1519 1518 1436 1520 1435 1435 1520 1519 
1520 1436 1437 1521 1520 1437 1439 1522 1523 
1440 1439 1523 1514 1441 1512 1514 1522 1441 
1522 1439 1441 1430 1512 1441 1437 1524 1521 
1442 1524 1437 1443 1525 1442 1442 1525 1524 
1525 1443 1444 1526 1525 1444 1527 1528 1529 
1527 1446 1445 1527 1445 1528 1528 1445 1530 
1523 1445 1440 1530 1445 1523 1444 1531 1526 
1447 1531 1444 1531 1447 1448 1532 1531 1448 
1449 1527 1529 1449 1529 1450 1450 1529 1533 
1446 1527 1449 1448 1534 1532 1451 1534 1448 
1534 1451 1453 1535 1534 1453 1458 1536 1459 
1458 1537 1536 1458 1450 1537 1450 1533 1537 
1453 1538 1535 1460 1538 1453 1539 1540 1538 
1539 1538 1461 1461 1538 1460 1461 1462 1541 
1539 1461 1541 1462 1463 1542 1541 1462 1542 
1463 1464 1542 1459 1536 1465 1536 1466 1465 
1536 1537 1466 1537 1543 1466 1539 1544 1540 
1541 1544 1539 1545 1544 1541 1545 1546 1547 
1545 1541 1546 1541 1542 1546 1464 1467 1548 
1464 1548 1542 1542 1548 1546 1467 1468 1548 
1466 1543 1549 1469 1466 1549 1549 1470 1469 
1550 1470 1549 1551 1547 1546 1552 1547 1551 
1473 1472 1551 1473 1551 1548 1548 1551 1546 
1468 1473 1548 1470 1550 1553 1474 1470 1553 
1476 1554 1555 1476 1474 1554 1474 1553 1554 
1554 1556 1555 1557 1558 1559 1557 1560 1561 
1559 1560 1557 1561 1562 1563 1560 1562 1561 
1563 1564 1565 1562 1564 1563 1564 1566 1565 
1567 1568 1569 1552 1567 1569 1551 1567 1552 
1551 1478 1567 1551 1479 1478 1472 1479 1551 
1476 1555 1480 1482 1570 1571 1480 1570 1482 
1480 1556 1570 1480 1555 1556 1571 1572 1573 
1570 1572 1571 1573 1574 1575 1572 1574 1573 
1575 1576 1577 1574 1576 1575 1577 1578 1579 
1576 1578 1577 1579 1580 1581 1578 1580 1579 
1581 1582 1583 1580 1582 1581 1583 1485 1484 
1583 1582 1485 1582 1584 1485 1558 1557 1486 
1558 1486 1584 1584 1486 1485 1488 1486 1557 
1561 1488 1557 1490 1488 1561 1563 1490 1561 
1492 1490 1563 1565 1492 1563 1494 1585 1586 
1492 1585 1494 1492 1566 1585 1492 1565 1566 
1568 1586 1585 1567 1586 1568 1567 1496 1586 
1567 1497 1496 1478 1497 1567 1482 1571 1499 
1501 1499 1571 1573 1501 1571 1503 1501 1573 
1575 1503 1573 1505 1503 1575 1577 1505 1575 
1507 1505 1577 1579 1507 1577 1509 1507 1579 
1581 1509 1579 1510 1509 1581 1583 1510 1581 
1484 1510 1583 1494 1586 1511 1496 1511 1586 
1587 1588 1589 1587 1590 1591 1588 1587 1591 
1591 1590 1592 1513 1593 1594 1514 1513 1594 
1515 1595 1513 1513 1595 1593 1589 1516 1587 
1589 1595 1516 1595 1515 1516 1517 1587 1516 
1590 1587 1517 1590 1596 1592 1590 1517 1596 
1517 1518 1596 1519 1597 1518 1518 1597 1596 
1520 1598 1519 1519 1598 1597 1598 1520 1521 
1599 1598 1521 1600 1601 1602 1600 1523 1522 
1600 1522 1601 1601 1522 1603 1594 1522 1514 
1603 1522 1594 1521 1604 1599 1524 1604 1521 
1525 1605 1524 1524 1605 1604 1605 1525 1526 
1606 1605 1526 1528 1607 1608 1529 1528 1608 
1602 1530 1600 1602 1607 1530 1607 1528 1530 
1523 1600 1530 1526 1609 1606 1531 1609 1526 
1609 1531 1532 1610 1609 1532 1529 1608 1533 
1608 1611 1533 1532 1612 1610 1534 1612 1532 
1612 1534 1535 1613 1612 1535 1533 1611 1537 
1611 1614 1537 1535 1615 1613 1538 1615 1535 
1615 1538 1540 1616 1615 1540 1617 1618 1543 
1617 1543 1614 1614 1543 1537 1617 1619 1618 
1540 1620 1616 1544 1620 1540 1621 1622 1620 
1621 1620 1545 1545 1620 1544 1545 1547 1621 
1543 1618 1549 1550 1623 1624 1549 1623 1550 
1549 1619 1623 1549 1618 1619 1623 1625 1624 
1626 1622 1621 1627 1622 1626 1547 1552 1626 
1621 1547 1626 1550 1624 1553 1624 1625 1628 
1624 1628 1553 1553 1628 1554 1628 1556 1554 
1629 1556 1628 1630 1631 1632 1630 1559 1558 
1630 1632 1559 1632 1633 1559 1560 1559 1634 
1559 1633 1634 1562 1560 1635 1560 1634 1635 
1564 1562 1636 1562 1635 1636 1566 1637 1638 
1566 1564 1637 1564 1636 1637 1627 1638 1637 
1626 1638 1627 1626 1568 1638 1626 1569 1568 
1552 1569 1626 1556 1629 1639 1570 1556 1639 
1572 1570 1640 1570 1639 1640 1574 1572 1641 
1572 1640 1641 1576 1574 1642 1574 1641 1642 
1578 1576 1643 1576 1642 1643 1580 1578 1644 
1578 1643 1644 1582 1580 1645 1580 1644 1645 
1631 1630 1584 1631 1584 1645 1645 1584 1582 
1558 1584 1630 1566 1638 1585 1568 1585 1638 
1646 1647 1648 1646 1589 1588 1646 1588 1647 
1647 1588 1649 1591 1650 1588 1588 1650 1649 
1592 1651 1652 1592 1652 1591 1591 1652 1650 
1652 1651 1653 1654 1655 1656 1654 1594 1593 
1654 1593 1655 1655 1593 1657 1648 1595 1646 
1648 1657 1595 1657 1593 1595 1589 1646 1595 
1592 1596 1651 1651 1658 1653 1651 1596 1658 
1596 1597 1658 1598 1659 1597 1597 1659 1658 
1659 1598 1599 1660 1659 1599 1601 1661 1662 
1602 1601 1662 1656 1603 1654 1656 1661 1603 
1661 1601 1603 1594 1654 1603 1599 1663 1660 
1604 1663 1599 1605 1664 1604 1604 1664 1663 
1606 1665 1666 1606 1666 1605 1605 1666 1664 
1666 1665 1667 1607 1668 1669 1608 1607 1669 
1662 1607 1602 1668 1607 1662 1606 1609 1665 
1610 1670 1671 1609 1610 1671 1609 1671 1667 
1609 1667 1665 1671 1670 1672 1608 1669 1611 
1669 1673 1611 1610 1612 1670 1613 1674 1675 
1612 1613 1675 1612 1675 1672 1612 1672 1670 
1675 1674 1676 1611 1673 1614 1673 1677 1614 
1613 1615 1674 1616 1678 1679 1615 1616 1679 
1615 1679 1676 1615 1676 1674 1679 1678 1680 
1614 1677 1681 1617 1614 1681 1681 1619 1617 
1682 1619 1681 1616 1620 1678 1678 1620 1622 
1678 1622 1680 1680 1622 1683 1619 1682 1684 
1623 1619 1684 1684 1625 1623 1685 1625 1684 
1686 1687 1688 1686 1689 1690 1688 1689 1686 
1690 1691 1692 1689 1691 1690 1692 1693 1694 
1691 1693 1692 1694 1695 1696 1693 1695 1694 
1696 1695 1683 1696 1683 1627 1627 1683 1622 
1625 1685 1697 1628 1625 1697 1629 1698 1699 
1629 1628 1698 1628 1697 1698 1698 1700 1699 
1701 1702 1703 1701 1704 1705 1703 1704 1701 
1705 1632 1631 1705 1704 1632 1704 1706 1632 
1687 1686 1633 1687 1633 1706 1706 1633 1632 
1634 1633 1686 1690 1634 1686 1635 1634 1690 
1692 1635 1690 1636 1635 1692 1694 1636 1692 
1637 1636 1694 1696 1637 1694 1627 1637 1696 
1629 1699 1639 1699 1700 1707 1699 1707 1639 
1639 1707 1640 1641 1640 1708 1640 1707 1708 
1642 1641 1709 1641 1708 1709 1643 1642 1710 
1642 1709 1710 1702 1701 1644 1702 1644 1710 
1710 1644 1643 1645 1644 1701 1705 1645 1701 
1631 1645 1705 1711 1712 1713 1711 1648 1647 
1711 1647 1712 1712 1647 1714 1649 1715 1647 
1647 1715 1714 1650 1716 1649 1649 1716 1715 
1652 1717 1650 1650 1717 1716 1717 1652 1653 
1718 1717 1653 1655 1719 1720 1656 1655 1720 
1713 1657 1711 1713 1719 1657 1719 1655 1657 
1648 1711 1657 1653 1721 1718 1658 1721 1653 
1659 1722 1658 1658 1722 1721 1722 1659 1660 
1723 1722 1660 1661 1724 1725 1662 1661 1725 
1720 1661 1656 1724 1661 1720 1660 1726 1723 
1663 1726 1660 1664 1727 1663 1663 1727 1726 
1666 1728 1664 1664 1728 1727 1728 1666 1667 
1729 1728 1667 1668 1730 1731 1669 1668 1731 
1725 1668 1662 1730 1668 1725 1667 1732 1729 
1671 1732 1667 1732 1671 1672 1733 1732 1672 
1669 1731 1673 1731 1734 1673 1672 1735 1733 
1675 1735 1672 1676 1736 1737 1676 1737 1675 
1675 1737 1735 1737 1736 1738 1673 1734 1677 
1734 1739 1677 1676 1679 1736 1680 1740 1741 
1679 1680 1741 1679 1741 1738 1679 1738 1736 
1741 1740 1742 1677 1739 1743 1681 1677 1743 
1743 1682 1681 1744 1682 1743 1740 1745 1746 
1740 1680 1745 1680 1683 1745 1742 1740 1746 
1682 1744 1747 1684 1682 1747 1747 1685 1684 
1748 1685 1747 1749 1750 1751 1749 1688 1687 
1749 1751 1688 1751 1752 1688 1689 1688 1753 
1688 1752 1753 1691 1689 1754 1689 1753 1754 
1693 1691 1755 1691 1754 1755 1695 1693 1756 
1693 1755 1756 1745 1683 1695 1756 1745 1695 
1685 1748 1757 1697 1685 1757 1698 1697 1758 
1697 1757 1758 1700 1759 1760 1700 1698 1759 
1698 1758 1759 1760 1761 1762 1759 1761 1760 
1762 1763 1764 1761 1763 1762 1764 1765 1766 
1763 1765 1764 1766 1703 1702 1766 1765 1703 
1765 1767 1703 1704 1703 1768 1703 1767 1768 
1750 1749 1706 1750 1706 1768 1768 1706 1704 
1687 1706 1749 1700 1760 1707 1708 1707 1760 
1762 1708 1760 1709 1708 1762 1764 1709 1762 
1710 1709 1764 1766 1710 1764 1702 1710 1766 
1712 1769 1770 1713 1712 1770 1714 1771 1712 
1712 1771 1769 1715 1772 1714 1714 1772 1771 
1716 1773 1715 1715 1773 1772 1717 1774 1716 
1716 1774 1773 1774 1717 1718 1775 1774 1718 
1719 1776 1777 1720 1719 1777 1770 1719 1713 
1776 1719 1770 1718 1778 1775 1721 1778 1718 
1722 1779 1721 1721 1779 1778 1723 1780 1781 
1723 1781 1722 1722 1781 1779 1781 1780 1782 
1724 1783 1784 1725 1724 1784 1777 1724 1720 
1783 1724 1777 1723 1726 1780 1780 1785 1782 
1780 1726 1785 1726 1727 1785 1728 1786 1727 
1727 1786 1785 1729 1787 1788 1729 1788 1728 
1728 1788 1786 1788 1787 1789 1730 1790 1791 
1731 1730 1791 1784 1730 1725 1790 1730 1784 
1729 1732 1787 1733 1792 1793 1732 1733 1793 
1732 1793 1789 1732 1789 1787 1793 1792 1794 
1731 1791 1734 1791 1795 1734 1733 1735 1792 
1792 1796 1794 1792 1735 1796 1735 1737 1796 
1738 1797 1798 1738 1798 1737 1737 1798 1796 
1798 1797 1799 1734 1795 1739 1795 1800 1739 
1738 1741 1797 1797 1741 1742 1797 1742 1799 
1799 1742 1801 1739 1800 1802 1743 1739 1802 
1744 1803 1804 1744 1743 1803 1743 1802 1803 
1803 1805 1804 1806 1807 1808 1806 1809 1810 
1808 1809 1806 1810 1811 1812 1809 1811 1810 
1812 1813 1814 1811 1813 1812 1814 1746 1745 
1814 1813 1746 1813 1815 1746 1801 1742 1746 
1815 1801 1746 1744 1804 1747 1748 1816 1817 
1747 1816 1748 1747 1805 1816 1747 1804 1805 
1817 1818 1819 1816 1818 1817 1819 1820 1821 
1818 1820 1819 1821 1822 1823 1820 1822 1821 
1823 1824 1825 1822 1824 1823 1825 1826 1827 
1824 1826 1825 1827 1828 1829 1826 1828 1827 
1829 1830 1831 1828 1830 1829 1831 1751 1750 
1831 1830 1751 1830 1832 1751 1752 1751 1833 
1751 1832 1833 1807 1806 1753 1807 1753 1833 
1833 1753 1752 1754 1753 1806 1810 1754 1806 
1755 1754 1810 1812 1755 1810 1756 1755 1812 
1814 1756 1812 1745 1756 1814 1748 1817 1757 
1758 1757 1817 1819 1758 1817 1759 1758 1819 
1821 1759 1819 1761 1759 1821 1823 1761 1821 
1763 1761 1823 1825 1763 1823 1765 1763 1825 
1827 1765 1825 1767 1765 1827 1829 1767 1827 
1768 1767 1829 1831 1768 1829 1750 1768 1831 
1769 1834 1835 1770 1769 1835 1771 1836 1769 
1769 1836 1834 1772 1837 1771 1771 1837 1836 
1773 1838 1772 1772 1838 1837 1774 1839 1773 
1773 1839 1838 1839 1774 1775 1840 1839 1775 
1776 1841 1842 1777 1776 1842 1835 1776 1770 
1841 1776 1835 1775 1843 1840 1778 1843 1775 
1779 1844 1778 1778 1844 1843 1781 1845 1779 
1779 1845 1844 1845 1781 1782 1846 1845 1782 
1783 1847 1848 1784 1783 1848 1842 1783 1777 
1847 1783 1842 1782 1849 1846 1785 1849 1782 
1786 1850 1785 1785 1850 1849 1788 1851 1786 
1786 1851 1850 1851 1788 1789 1852 1851 1789 
1790 1853 1854 1791 1790 1854 1848 1790 1784 
1853 1790 1848 1789 1855 1852 1793 1855 1789 
1794 1856 1857 1794 1857 1793 1793 1857 1855 
1857 1856 1858 1791 1854 1795 1854 1859 1795 
1794 1796 1856 1856 1860 1858 1856 1796 1860 
1796 1798 1860 1860 1798 1799 1861 1860 1799 
1862 1863 1800 1862 1800 1859 1859 1800 1795 
1862 1864 1863 1865 1866 1867 1867 1868 1865 
1799 1801 1861 1861 1801 1869 1800 1863 1802 
1863 1864 1870 1863 1870 1802 1802 1870 1803 
1870 1805 1803 1871 1805 1870 1872 1873 1874 
1872 1808 1807 1872 1874 1808 1874 1875 1808 
1809 1808 1876 1808 1875 1876 1811 1809 1877 
1809 1876 1877 1866 1865 1813 1866 1813 1877 
1877 1813 1811 1865 1868 1878 1865 1878 1813 
1813 1878 1815 1869 1801 1815 1878 1869 1815 
1805 1871 1879 1816 1805 1879 1818 1816 1880 
1816 1879 1880 1820 1818 1881 1818 1880 1881 
1822 1820 1882 1820 1881 1882 1824 1822 1883 
1822 1882 1883 1826 1824 1884 1824 1883 1884 
1828 1826 1885 1826 1884 1885 1830 1828 1886 
1828 1885 1886 1832 1830 1887 1830 1886 1887 
1873 1872 1833 1873 1833 1887 1887 1833 1832 
1807 1833 1872 1834 1888 1889 1835 1834 1889 
1836 1890 1834 1834 1890 1888 1837 1891 1836 
1836 1891 1890 1838 1892 1837 1837 1892 1891 
1839 1893 1838 1838 1893 1892 1840 1894 1895 
1840 1895 1839 1839 1895 1893 1895 1894 1896 
1841 1897 1898 1842 1841 1898 1889 1841 1835 
1897 1841 1889 1840 1843 1894 1894 1899 1896 
1894 1843 1899 1843 1844 1899 1845 1900 1844 
1844 1900 1899 1846 1901 1902 1846 1902 1845 
1845 1902 1900 1902 1901 1903 1904 1905 1906 
1905 1904 1907 1847 1908 1909 1848 1847 1909 
1898 1847 1842 1908 1847 1898 1846 1849 1901 
1901 1910 1903 1901 1849 1910 1849 1850 1910 
1906 1851 1904 1906 1910 1851 1910 1850 1851 
1852 1911 1912 1851 1852 1912 1851 1912 1907 
1851 1907 1904 1912 1911 1913 1853 1914 1915 
1854 1853 1915 1909 1853 1848 1914 1853 1909 
1852 1855 1911 1911 1916 1913 1911 1855 1916 
1855 1857 1916 1858 1917 1918 1858 1918 1857 
1857 1918 1916 1917 1919 1920 1918 1917 1920 
1920 1919 1921 1854 1915 1859 1915 1922 1859 
1858 1860 1917 1861 1917 1860 1861 1923 1917 
1923 1919 1917 1924 1921 1919 1923 1924 1919 
1859 1922 1925 1862 1859 1925 1925 1864 1862 
1926 1864 1925 1927 1928 1929 1927 1930 1931 
1929 1930 1927 1931 1867 1866 1931 1930 1867 
1930 1932 1867 1868 1933 1934 1868 1867 1933 
1867 1932 1933 1923 1933 1935 1923 1869 1933 
1923 1861 1869 1869 1934 1933 1924 1923 1935 
1864 1926 1936 1870 1864 1936 1871 1937 1938 
1871 1870 1937 1870 1936 1937 1937 1939 1938 
1940 1941 1942 1940 1874 1873 1940 1942 1874 
1942 1943 1874 1875 1874 1944 1874 1943 1944 
1928 1927 1876 1928 1876 1944 1944 1876 1875 
1877 1876 1927 1931 1877 1927 1866 1877 1931 
1868 1934 1878 1869 1878 1934 1871 1938 1879 
1938 1939 1945 1938 1945 1879 1879 1945 1880 
1881 1880 1946 1880 1945 1946 1882 1881 1947 
1881 1946 1947 1883 1882 1948 1882 1947 1948 
1884 1883 1949 1883 1948 1949 1885 1884 1950 
1884 1949 1950 1886 1885 1951 1885 1950 1951 
1941 1940 1887 1941 1887 1951 1951 1887 1886 
1873 1887 1940 1888 1952 1953 1889 1888 1953 
1890 1954 1888 1888 1954 1952 1891 1955 1890 
1890 1955 1954 1892 1956 1891 1891 1956 1955 
1893 1957 1892 1892 1957 1956 1895 1958 1893 
1893 1958 1957 1958 1895 1896 1959 1958 1896 
1960 1961 1962 1960 1898 1897 1960 1897 1961 
1961 1897 1963 1953 1897 1889 1963 1897 1953 
1896 1964 1959 1899 1964 1896 1900 1965 1899 
1899 1965 1964 1902 1966 1900 1900 1966 1965 
1903 1967 1968 1903 1968 1902 1902 1968 1966 
1967 1906 1905 1967 1905 1968 1968 1905 1969 
1907 1970 1971 1907 1971 1905 1905 1971 1969 
1971 1970 1972 1908 1960 1962 1908 1962 1909 
1909 1962 1973 1898 1960 1908 1903 1910 1967 
1906 1967 1910 1907 1912 1970 1913 1974 1975 
1912 1913 1975 1912 1975 1972 1912 1972 1970 
1974 1976 1977 1975 1974 1977 1977 1976 1978 
1914 1979 1980 1915 1914 1980 1973 1914 1909 
1979 1914 1973 1913 1916 1974 1918 1974 1916 
1976 1974 1918 1976 1981 1978 1976 1918 1981 
1918 1920 1981 1921 1982 1983 1921 1983 1920 
1920 1983 1981 1983 1982 1984 1915 1980 1922 
1980 1985 1922 1986 1987 1988 1986 1989 1990 
1988 1989 1986 1982 1989 1991 1982 1924 1989 
1982 1921 1924 1924 1990 1989 1984 1982 1991 
1922 1985 1992 1925 1922 1992 1926 1993 1994 
1926 1925 1993 1925 1992 1993 1993 1995 1994 
1996 1997 1998 1996 1999 2000 1998 1999 1996 
2000 1929 1928 2000 1999 1929 1999 2001 1929 
1930 1929 2002 1929 2001 2002 1932 1930 2003 
1930 2002 2003 1987 1986 1933 1987 1933 2003 
2003 1933 1932 1935 1933 1986 1990 1935 1986 
1924 1935 1990 1926 1994 1936 1994 1995 2004 
1994 2004 1936 1936 2004 1937 1939 2005 2006 
1939 1937 2005 1937 2004 2005 2005 2007 2006 
2008 2009 2010 2008 1942 1941 2008 2010 1942 
2010 2011 1942 1997 1996 1943 1997 1943 2011 
2011 1943 1942 1944 1943 1996 2000 1944 1996 
1928 1944 2000 1939 2006 1945 2006 2007 2012 
2006 2012 1945 1945 2012 1946 1947 1946 2013 
1946 2012 2013 1948 1947 2014 1947 2013 2014 
1949 1948 2015 1948 2014 2015 1950 1949 2016 
1949 2015 2016 2009 2008 1951 2009 1951 2016 
2016 1951 1950 1941 1951 2008 2017 2018 2019 
2017 1953 1952 2017 1952 2018 2018 1952 2020 
1954 2021 1952 1952 2021 2020 1955 2022 1954 
1954 2022 2021 1956 2023 1955 1955 2023 2022 
1957 2024 1956 1956 2024 2023 1958 2025 1957 
1957 2025 2024 1959 2026 2027 1959 2027 1958 
1958 2027 2025 2027 2026 2028 1961 2029 2030 
1962 1961 2030 2019 1963 2017 2019 2029 1963 
2029 1961 1963 1953 2017 1963 1959 1964 2026 
2026 2031 2028 2026 1964 2031 1964 1965 2031 
1966 2032 1965 1965 2032 2031 1968 2033 1966 
1966 2033 2032 1969 2034 1968 1968 2034 2033 
1971 2035 1969 1969 2035 2034 1972 2036 2037 
1972 2037 1971 1971 2037 2035 2036 2038 2039 
2037 2036 2039 2039 2038 2040 1962 2030 1973 
2030 2041 1973 1972 1975 2036 1977 2036 1975 
2038 2036 1977 1978 2042 2043 1977 1978 2043 
1977 2043 2040 1977 2040 2038 2043 2042 2044 
1979 2045 2046 1980 1979 2046 2041 1979 1973 
2045 1979 2041 1978 1981 2042 2042 2047 2044 
2042 1981 2047 1981 1983 2047 2047 1983 1984 
2048 2047 1984 1980 2046 1985 2046 2049 1985 
2050 2051 2052 2050 2053 2054 2052 2053 2050 
2054 1988 1987 2054 2053 1988 2053 2055 1988 
1989 1988 2056 1988 2055 2056 1991 1989 2057 
1989 2056 2057 2048 1984 1991 2057 2048 1991 
1985 2049 2058 1992 1985 2058 1993 1992 2059 
1992 2058 2059 1995 2060 2061 1995 1993 2060 
1993 2059 2060 2060 2062 2061 2063 2064 2065 
2063 1998 1997 2063 2065 1998 2065 2066 1998 
1999 1998 2067 1998 2066 2067 2001 1999 2068 
1999 2067 2068 2051 2050 2002 2051 2002 2068 
2068 2002 2001 2003 2002 2050 2054 2003 2050 
1987 2003 2054 1995 2061 2004 2061 2062 2069 
2061 2069 2004 2004 2069 2005 2007 2070 2071 
2007 2005 2070 2005 2069 2070 2071 2072 2073 
2070 2072 2071 2073 2074 2075 2072 2074 2073 
2075 2076 2077 2074 2076 2075 2077 2078 2079 
2076 2078 2077 2079 2010 2009 2079 2078 2010 
2078 2080 2010 2064 2063 2011 2064 2011 2080 
2080 2011 2010 1997 2011 2063 2007 2071 2012 
2013 2012 2071 2073 2013 2071 2014 2013 2073 
2075 2014 2073 2015 2014 2075 2077 2015 2075 
2016 2015 2077 2079 2016 2077 2009 2016 2079 
2081 2082 2083 2081 2084 2085 2082 2081 2085 
2085 2084 2086 2018 2087 2088 2019 2018 2088 
2020 2089 2018 2018 2089 2087 2083 2021 2081 
2083 2089 2021 2089 2020 2021 2022 2081 2021 
2084 2081 2022 2084 2090 2086 2084 2022 2090 
2022 2023 2090 2024 2091 2023 2023 2091 2090 
2025 2092 2024 2024 2092 2091 2027 2093 2025 
2025 2093 2092 2028 2094 2095 2028 2095 2027 
2027 2095 2093 2094 2096 2097 2095 2094 2097 
2096 2098 2099 2097 2096 2099 2098 2100 2101 
2099 2098 2101 2100 2102 2103 2101 2100 2103 
2102 2104 2105 2103 2102 2105 2104 2106 2107 
2105 2104 2107 2107 2106 2108 2029 2109 2110 
2030 2029 2110 2088 2029 2019 2109 2029 2088 
2028 2031 2094 2032 2094 2031 2096 2094 2032 
2033 2096 2032 2098 2096 2033 2034 2098 2033 
2100 2098 2034 2035 2100 2034 2102 2100 2035 
2037 2102 2035 2104 2102 2037 2039 2104 2037 
2106 2104 2039 2040 2111 2112 2039 2040 2112 
2039 2112 2108 2039 2108 2106 2112 2111 2113 
2030 2110 2041 2110 2114 2041 2040 2043 2111 
2044 2115 2116 2043 2044 2116 2043 2116 2113 
2043 2113 2111 2116 2115 2117 2045 2118 2119 
2046 2045 2119 2114 2045 2041 2118 2045 2114 
2120 2121 2122 2122 2123 2120 2124 2044 2047 
2124 2125 2044 2115 2044 2126 2126 2044 2125 
2115 2126 2117 2047 2048 2124 2127 2128 2049 
2127 2049 2119 2119 2049 2046 2127 2129 2128 
2130 2131 2132 2130 2133 2134 2132 2133 2130 
2134 2052 2051 2134 2133 2052 2133 2135 2052 
2053 2052 2136 2052 2135 2136 2121 2120 2055 
2121 2055 2136 2136 2055 2053 2120 2123 2137 
2120 2137 2055 2055 2137 2056 2125 2124 2057 
2125 2057 2137 2137 2057 2056 2048 2057 2124 
2049 2128 2058 2128 2129 2138 2128 2138 2058 
2058 2138 2059 2060 2059 2139 2059 2138 2139 
2062 2140 2141 2062 2060 2140 2060 2139 2140 
2141 2142 2143 2140 2142 2141 2142 2144 2143 
2065 2145 2146 2064 2145 2065 2066 2065 2147 
2065 2146 2147 2131 2130 2067 2131 2067 2147 
2147 2067 2066 2068 2067 2130 2134 2068 2130 
2051 2068 2134 2062 2141 2069 2070 2069 2141 
2143 2070 2141 2143 2144 2148 2143 2148 2070 
2070 2148 2072 2074 2072 2149 2072 2148 2149 
2076 2074 2150 2074 2149 2150 2078 2076 2151 
2076 2150 2151 2080 2078 2152 2078 2151 2152 
2145 2064 2080 2152 2145 2080 2082 2153 2154 
2083 2082 2154 2085 2155 2082 2082 2155 2153 
2086 2156 2157 2086 2157 2085 2085 2157 2155 
2157 2156 2158 2087 2159 2160 2088 2087 2160 
2089 2161 2087 2087 2161 2159 2154 2089 2083 
2161 2089 2154 2086 2090 2156 2156 2162 2158 
2156 2090 2162 2090 2091 2162 2092 2163 2091 
2091 2163 2162 2093 2164 2092 2092 2164 2163 
2095 2165 2093 2093 2165 2164 2097 2166 2095 
2095 2166 2165 2099 2167 2097 2097 2167 2166 
2101 2168 2099 2099 2168 2167 2103 2169 2101 
2101 2169 2168 2105 2170 2103 2103 2170 2169 
2107 2171 2105 2105 2171 2170 2108 2172 2173 
2108 2173 2107 2107 2173 2171 2173 2172 2174 
2109 2175 2176 2110 2109 2176 2160 2109 2088 
2175 2109 2160 2108 2112 2172 2113 2177 2178 
2112 2113 2178 2112 2178 2174 2112 2174 2172 
2178 2177 2179 2110 2176 2114 2176 2180 2114 
2113 2116 2177 2117 2181 2182 2116 2117 2182 
2116 2182 2179 2116 2179 2177 2182 2181 2183 
2118 2184 2119 2118 2185 2184 2118 2114 2185 
2114 2180 2185 2186 2187 2188 2186 2189 2190 
2188 2189 2186 2190 2122 2121 2190 2189 2122 
2189 2191 2122 2123 2192 2193 2123 2122 2192 
2122 2191 2192 2193 2126 2125 2193 2192 2126 
2192 2194 2126 2181 2117 2126 2181 2126 2195 
2195 2126 2194 2183 2181 2195 2119 2184 2127 
2184 2129 2127 2184 2185 2129 2185 2196 2129 
2197 2198 2199 2197 2132 2131 2197 2199 2132 
2199 2200 2132 2133 2132 2201 2132 2200 2201 
2187 2186 2135 2187 2135 2201 2201 2135 2133 
2136 2135 2186 2190 2136 2186 2121 2136 2190 
2123 2193 2137 2125 2137 2193 2129 2196 2202 
2138 2129 2202 2139 2138 2203 2138 2202 2203 
2140 2139 2204 2139 2203 2204 2142 2140 2205 
2140 2204 2205 2144 2206 2207 2144 2142 2206 
2142 2205 2206 2206 2208 2207 2146 2209 2210 
2145 2209 2146 2198 2197 2147 2198 2147 2210 
2210 2147 2146 2131 2147 2197 2144 2207 2148 
2207 2208 2211 2207 2211 2148 2148 2211 2149 
2150 2149 2212 2149 2211 2212 2151 2150 2213 
2150 2212 2213 2152 2151 2214 2151 2213 2214 
2209 2145 2152 2214 2209 2152 2153 2215 2216 
2154 2153 2216 2155 2217 2153 2153 2217 2215 
2157 2218 2155 2155 2218 2217 2158 2219 2220 
2158 2220 2157 2157 2220 2218 2219 2221 2222 
2220 2219 2222 2221 2223 2224 2222 2221 2224 
2223 2225 2226 2224 2223 2226 2225 2227 2228 
2226 2225 2228 2227 2229 2230 2228 2227 2230 
2229 2231 2232 2230 2229 2232 2231 2233 2234 
2232 2231 2234 2234 2233 2235 2159 2236 2237 
2160 2159 2237 2161 2238 2159 2159 2238 2236 
2216 2161 2154 2238 2161 2216 2158 2162 2219 
2163 2219 2162 2221 2219 2163 2164 2221 2163 
2223 2221 2164 2165 2223 2164 2225 2223 2165 
2166 2225 2165 2227 2225 2166 2167 2227 2166 
2229 2227 2167 2168 2229 2167 2231 2229 2168 
2169 2231 2168 2233 2231 2169 2233 2239 2235 
2233 2169 2239 2169 2170 2239 2171 2240 2170 
2170 2240 2239 2173 2241 2171 2171 2241 2240 
2174 2242 2243 2174 2243 2173 2173 2243 2241 
2242 2244 2245 2243 2242 2245 2245 2244 2246 
2175 2247 2176 2175 2248 2247 2175 2160 2248 
2160 2237 2248 2174 2178 2242 2179 2242 2178 
2179 2249 2242 2249 2244 2242 2250 2246 2244 
2249 2250 2244 2247 2251 2252 2247 2252 2176 
2176 2252 2180 2248 2251 2247 2253 2254 2255 
2255 2256 2253 2257 2179 2182 2257 2258 2179 
2249 2179 2259 2259 2179 2258 2249 2259 2250 
2182 2183 2257 2180 2252 2185 2252 2260 2185 
2261 2262 2263 2261 2264 2265 2263 2264 2261 
2265 2188 2187 2265 2264 2188 2264 2266 2188 
2189 2188 2267 2188 2266 2267 2191 2189 2268 
2189 2267 2268 2254 2253 2192 2254 2192 2268 
2268 2192 2191 2253 2256 2269 2253 2269 2192 
2192 2269 2194 2258 2257 2195 2258 2195 2269 
2269 2195 2194 2183 2195 2257 2270 2271 2196 
2270 2196 2260 2260 2196 2185 2270 2272 2271 
2199 2273 2274 2198 2273 2199 2262 2261 2200 
2262 2200 2274 2274 2200 2199 2201 2200 2261 
2265 2201 2261 2187 2201 2265 2196 2271 2202 
2271 2272 2275 2271 2275 2202 2202 2275 2203 
2204 2203 2276 2203 2275 2276 2205 2204 2277 
2204 2276 2277 2206 2205 2278 2205 2277 2278 
2208 2279 2280 2208 2206 2279 2206 2278 2279 
2279 2281 2280 2282 2283 2284 2282 2285 2286 
2284 2285 2282 2286 2210 2209 2286 2285 2210 
2285 2287 2210 2273 2198 2210 2287 2273 2210 
2208 2280 2211 2280 2281 2288 2280 2288 2211 
2211 2288 2212 2283 2282 2213 2283 2213 2288 
2288 2213 2212 2214 2213 2282 2286 2214 2282 
2209 2214 2286 2289 2290 2291 2289 2292 2293 
2290 2289 2293 2292 2294 2295 2293 2292 2295 
2294 2296 2297 2295 2294 2297 2296 2298 2299 
2297 2296 2299 2298 2300 2301 2299 2298 2301 
2300 2302 2303 2301 2300 2303 2302 2304 2305 
2303 2302 2305 2305 2304 2306 2215 2307 2308 
2216 2215 2308 2217 2309 2215 2215 2309 2307 
2291 2218 2289 2291 2309 2218 2309 2217 2218 
2220 2289 2218 2292 2289 2220 2222 2292 2220 
2294 2292 2222 2224 2294 2222 2296 2294 2224 
2226 2296 2224 2298 2296 2226 2228 2298 2226 
2300 2298 2228 2230 2300 2228 2302 2300 2230 
2232 2302 2230 2304 2302 2232 2304 2310 2306 
2304 2232 2310 2232 2234 2310 2235 2311 2312 
2235 2312 2234 2234 2312 2310 2311 2313 2314 
2312 2311 2314 2313 2315 2316 2314 2313 2316 
2315 2317 2318 2316 2315 2318 2317 2319 2320 
2318 2317 2320 2320 2319 2321 2236 2322 2237 
2323 2322 2236 2323 2236 2324 2324 2236 2238 
2308 2238 2216 2324 2238 2308 2235 2239 2311 
2240 2311 2239 2313 2311 2240 2241 2313 2240 
2315 2313 2241 2243 2315 2241 2317 2315 2243 
2245 2317 2243 2319 2317 2245 2246 2325 2326 
2245 2246 2326 2245 2326 2321 2245 2321 2319 
2326 2325 2327 2322 2328 2329 2322 2329 2237 
2237 2329 2248 2323 2328 2322 2325 2250 2330 
2246 2250 2325 2331 2327 2325 2330 2331 2325 
2251 2332 2333 2252 2251 2333 2329 2251 2248 
2332 2251 2329 2334 2335 2336 2334 2337 2338 
2336 2337 2334 2338 2339 2340 2337 2339 2338 
2340 2255 2254 2340 2339 2255 2339 2341 2255 
2256 2342 2343 2256 2255 2342 2255 2341 2342 
2343 2259 2258 2343 2342 2259 2342 2344 2259 
2330 2250 2259 2330 2259 2345 2345 2259 2344 
2331 2330 2345 2252 2333 2260 2333 2346 2260 
2263 2347 2348 2262 2347 2263 2264 2263 2349 
2263 2348 2349 2335 2334 2266 2335 2266 2349 
2349 2266 2264 2267 2266 2334 2338 2267 2334 
2268 2267 2338 2340 2268 2338 2254 2268 2340 
2256 2343 2269 2258 2269 2343 2260 2346 2350 
2270 2260 2350 2272 2351 2352 2272 2270 2351 
2270 2350 2351 2352 2353 2354 2351 2353 2352 
2353 2355 2354 2356 2357 2358 2356 2359 2360 
2358 2359 2356 2360 2274 2273 2360 2359 2274 
2359 2361 2274 2347 2262 2274 2361 2347 2274 
2272 2352 2275 2276 2275 2352 2354 2276 2352 
2354 2355 2362 2354 2362 2276 2276 2362 2277 
2278 2277 2363 2277 2362 2363 2279 2278 2364 
2278 2363 2364 2281 2365 2366 2281 2279 2365 
2279 2364 2365 2366 2284 2283 2366 2365 2284 
2365 2367 2284 2357 2356 2285 2357 2285 2367 
2367 2285 2284 2287 2285 2356 2360 2287 2356 
2273 2287 2360 2281 2366 2288 2283 2288 2366 
2368 2369 2370 2368 2371 2372 2369 2368 2372 
2371 2373 2374 2372 2371 2374 2374 2373 2375 
2376 2377 2378 2376 2291 2290 2376 2290 2377 
2377 2290 2379 2293 2380 2290 2290 2380 2379 
2295 2381 2293 2293 2381 2380 2297 2382 2295 
2295 2382 2381 2299 2383 2297 2297 2383 2382 
2370 2301 2368 2370 2383 2301 2383 2299 2301 
2303 2368 2301 2371 2368 2303 2305 2371 2303 
2373 2371 2305 2306 2384 2385 2305 2306 2385 
2305 2385 2375 2305 2375 2373 2384 2386 2387 
2385 2384 2387 2386 2388 2389 2387 2386 2389 
2388 2390 2391 2389 2388 2391 2390 2392 2393 
2391 2390 2393 2392 2394 2395 2393 2392 2395 
2395 2394 2396 2307 2397 2398 2308 2307 2398 
2378 2309 2376 2378 2397 2309 2397 2307 2309 
2291 2376 2309 2306 2310 2384 2312 2384 2310 
2386 2384 2312 2314 2386 2312 2388 2386 2314 
2316 2388 2314 2390 2388 2316 2318 2390 2316 
2392 2390 2318 2320 2392 2318 2394 2392 2320 
2321 2399 2400 2320 2321 2400 2320 2400 2396 
2320 2396 2394 2400 2399 2401 2324 2402 2403 
2323 2324 2403 2398 2324 2308 2402 2324 2398 
2321 2326 2399 2399 2326 2327 2399 2327 2401 
2401 2327 2404 2328 2405 2406 2329 2328 2406 
2403 2328 2323 2405 2328 2403 2407 2408 2409 
2407 2410 2411 2409 2410 2407 2411 2412 2413 
2410 2412 2411 2413 2414 2415 2412 2414 2413 
2415 2416 2417 2414 2416 2415 2417 2416 2404 
2417 2404 2331 2331 2404 2327 2332 2418 2333 
2332 2419 2418 2332 2329 2419 2329 2406 2419 
2420 2421 2422 2420 2336 2335 2420 2422 2336 
2422 2423 2336 2337 2336 2424 2336 2423 2424 
2408 2407 2339 2408 2339 2424 2424 2339 2337 
2341 2339 2407 2411 2341 2407 2342 2341 2411 
2413 2342 2411 2344 2342 2413 2415 2344 2413 
2345 2344 2415 2417 2345 2415 2331 2345 2417 
2418 2425 2346 2333 2418 2346 2426 2418 2419 
2425 2418 2426 2348 2427 2428 2347 2427 2348 
2421 2420 2349 2421 2349 2428 2428 2349 2348 
2335 2349 2420 2346 2425 2350 2425 2426 2429 
2425 2429 2350 2350 2429 2351 2353 2351 2430 
2351 2429 2430 2355 2431 2432 2355 2353 2431 
2353 2430 2431 2432 2433 2434 2431 2433 2432 
2434 2435 2436 2433 2435 2434 2436 2437 2438 
2435 2437 2436 2438 2439 2440 2437 2439 2438 
2440 2358 2357 2440 2439 2358 2439 2441 2358 
2359 2358 2442 2358 2441 2442 2361 2359 2443 
2359 2442 2443 2427 2347 2361 2443 2427 2361 
2355 2432 2362 2363 2362 2432 2434 2363 2432 
2364 2363 2434 2436 2364 2434 2365 2364 2436 
2438 2365 2436 2367 2365 2438 2440 2367 2438 
2357 2367 2440 2444 2445 2446 2444 2447 2448 
2445 2444 2448 2447 2449 2450 2448 2447 2450 
2449 2451 2452 2450 2449 2452 2451 2453 2454 
2452 2451 2454 2453 2455 2456 2454 2453 2456 
2456 2455 2457 2458 2459 2460 2458 2461 2462 
2459 2458 2462 2461 2463 2464 2462 2461 2464 
2463 2465 2466 2464 2463 2466 2446 2466 2465 
2444 2446 2465 2444 2465 2370 2444 2370 2369 
2372 2444 2369 2447 2444 2372 2374 2447 2372 
2449 2447 2374 2375 2449 2374 2375 2467 2449 
2467 2451 2449 2453 2451 2468 2468 2451 2467 
2455 2453 2469 2469 2453 2468 2470 2457 2455 
2470 2455 2471 2471 2455 2469 2471 2472 2473 
2470 2471 2473 2472 2474 2475 2473 2472 2475 
2475 2474 2476 2377 2477 2378 2478 2477 2377 
2478 2377 2479 2479 2377 2379 2460 2380 2458 
2460 2479 2380 2479 2379 2380 2381 2458 2380 
2461 2458 2381 2382 2461 2381 2463 2461 2382 
2383 2463 2382 2465 2463 2383 2370 2465 2383 
2375 2385 2467 2387 2467 2385 2468 2467 2387 
2389 2468 2387 2469 2468 2389 2391 2469 2389 
2471 2469 2391 2393 2471 2391 2472 2471 2393 
2395 2472 2393 2474 2472 2395 2396 2480 2481 
2395 2396 2481 2395 2481 2476 2395 2476 2474 
2480 2482 2483 2481 2480 2483 2483 2482 2484 
2397 2485 2486 2398 2397 2486 2477 2397 2378 
2477 2487 2397 2487 2485 2397 2478 2487 2477 
2396 2400 2480 2401 2480 2400 2401 2488 2480 
2488 2482 2480 2489 2484 2482 2488 2489 2482 
2402 2490 2491 2403 2402 2491 2486 2402 2398 
2490 2402 2486 2488 2404 2492 2401 2404 2488 
2493 2489 2488 2492 2493 2488 2405 2494 2495 
2406 2405 2495 2491 2405 2403 2494 2405 2491 
2496 2497 2498 2496 2499 2500 2498 2499 2496 
2500 2409 2408 2500 2499 2409 2499 2501 2409 
2410 2409 2502 2409 2501 2502 2412 2410 2503 
2410 2502 2503 2414 2412 2504 2412 2503 2504 
2416 2414 2505 2414 2504 2505 2492 2404 2416 
2492 2416 2506 2506 2416 2505 2493 2492 2506 
2406 2495 2419 2495 2507 2419 2508 2509 2510 
2508 2422 2421 2508 2510 2422 2510 2511 2422 
2497 2496 2423 2497 2423 2511 2511 2423 2422 
2424 2423 2496 2500 2424 2496 2408 2424 2500 
2419 2507 2426 2507 2512 2426 2513 2514 2515 
2513 2516 2517 2515 2516 2513 2516 2518 2517 
2519 2520 2521 2509 2519 2521 2508 2519 2509 
2508 2427 2519 2508 2428 2427 2421 2428 2508 
2426 2512 2522 2429 2426 2522 2514 2513 2430 
2514 2430 2522 2522 2430 2429 2431 2430 2513 
2517 2431 2513 2517 2518 2523 2517 2523 2431 
2431 2523 2433 2435 2433 2524 2433 2523 2524 
2437 2435 2525 2435 2524 2525 2439 2437 2526 
2437 2525 2526 2441 2439 2527 2439 2526 2527 
2442 2441 2528 2441 2527 2528 2520 2519 2443 
2520 2443 2528 2528 2443 2442 2427 2443 2519 
2529 2530 2531 2529 2532 2533 2530 2529 2533 
2532 2534 2535 2533 2532 2535 2534 2536 2537 
2535 2534 2537 2537 2536 2538 2539 2540 2541 
2539 2542 2543 2540 2539 2543 2531 2543 2542 
2531 2542 2529 2529 2542 2544 2532 2529 2545 
2545 2529 2544 2534 2532 2546 2546 2532 2545 
2536 2534 2547 2547 2534 2546 2548 2538 2536 
2548 2536 2549 2549 2536 2547 2548 2549 2550 
2551 2552 2553 2552 2551 2554 2555 2556 2557 
2555 2558 2559 2556 2555 2559 2541 2559 2558 
2541 2558 2539 2539 2558 2560 2542 2539 2561 
2561 2539 2560 2544 2542 2562 2562 2542 2561 
2545 2544 2563 2563 2544 2562 2546 2545 2564 
2564 2545 2563 2547 2546 2565 2565 2546 2564 
2549 2547 2566 2566 2547 2565 2567 2550 2549 
2567 2549 2568 2568 2549 2566 2568 2569 2570 
2567 2568 2570 2570 2569 2571 2572 2573 2574 
2553 2573 2572 2553 2572 2551 2551 2572 2575 
2576 2554 2551 2576 2551 2577 2577 2551 2575 
2557 2576 2577 2555 2557 2577 2555 2577 2446 
2555 2446 2445 2448 2555 2445 2558 2555 2448 
2450 2558 2448 2560 2558 2450 2452 2560 2450 
2561 2560 2452 2454 2561 2452 2562 2561 2454 
2456 2562 2454 2563 2562 2456 2457 2563 2456 
2457 2578 2563 2578 2564 2563 2565 2564 2579 
2579 2564 2578 2566 2565 2580 2580 2565 2579 
2568 2566 2581 2581 2566 2580 2569 2568 2582 
2582 2568 2581 2583 2571 2569 2582 2583 2569 
2459 2584 2585 2460 2459 2585 2574 2462 2572 
2574 2584 2462 2584 2459 2462 2464 2572 2462 
2575 2572 2464 2466 2575 2464 2577 2575 2466 
2446 2577 2466 2457 2470 2578 2473 2578 2470 
2579 2578 2473 2475 2579 2473 2580 2579 2475 
2476 2580 2475 2476 2586 2580 2586 2581 2580 
2582 2581 2587 2587 2581 2586 2588 2583 2582 
2587 2588 2582 2479 2589 2478 2479 2590 2589 
2479 2460 2590 2460 2585 2590 2476 2481 2586 
2483 2586 2481 2587 2586 2483 2484 2591 2592 
2483 2484 2592 2483 2592 2588 2483 2588 2587 
2592 2591 2593 2485 2594 2486 2485 2487 2595 
2594 2485 2595 2487 2596 2595 2478 2596 2487 
2478 2597 2596 2478 2589 2597 2590 2597 2589 
2591 2489 2598 2484 2489 2591 2599 2593 2591 
2598 2599 2591 2490 2600 2601 2491 2490 2601 
2594 2490 2486 2594 2602 2490 2602 2600 2490 
2595 2602 2594 2603 2602 2595 2596 2603 2595 
2604 2605 2606 2604 2607 2608 2606 2607 2604 
2608 2609 2610 2607 2609 2608 2610 2611 2612 
2609 2611 2610 2612 2613 2614 2611 2613 2612 
2614 2615 2616 2613 2615 2614 2616 2617 2618 
2615 2617 2616 2598 2617 2619 2598 2493 2617 
2598 2489 2493 2493 2618 2617 2599 2598 2619 
2494 2620 2495 2494 2621 2620 2494 2491 2621 
2491 2601 2621 2622 2623 2624 2622 2498 2497 
2622 2624 2498 2624 2625 2498 2605 2604 2499 
2605 2499 2625 2625 2499 2498 2501 2499 2604 
2608 2501 2604 2502 2501 2608 2610 2502 2608 
2503 2502 2610 2612 2503 2610 2504 2503 2612 
2614 2504 2612 2505 2504 2614 2616 2505 2614 
2506 2505 2616 2618 2506 2616 2493 2506 2618 
2620 2626 2507 2495 2620 2507 2627 2620 2621 
2626 2620 2627 2628 2629 2630 2628 2510 2509 
2628 2630 2510 2630 2631 2510 2623 2622 2511 
2623 2511 2631 2631 2511 2510 2497 2511 2622 
2626 2632 2512 2507 2626 2512 2514 2633 2515 
2514 2626 2633 2514 2632 2626 2627 2633 2626 
2516 2515 2634 2515 2633 2634 2518 2635 2636 
2518 2516 2635 2516 2634 2635 2636 2637 2638 
2635 2637 2636 2637 2639 2638 2640 2641 2642 
2629 2640 2642 2628 2640 2629 2628 2520 2640 
2628 2521 2520 2509 2521 2628 2512 2632 2522 
2514 2522 2632 2518 2636 2523 2524 2523 2636 
2638 2524 2636 2638 2639 2643 2638 2643 2524 
2524 2643 2525 2526 2525 2644 2525 2643 2644 
2527 2526 2645 2526 2644 2645 2641 2640 2528 
2641 2528 2645 2645 2528 2527 2520 2528 2640 
2646 2647 2648 2646 2649 2650 2647 2646 2650 
2649 2651 2652 2650 2649 2652 2651 2653 2654 
2652 2651 2654 2653 2655 2656 2654 2653 2656 
2656 2655 2657 2658 2659 2660 2658 2661 2662 
2659 2658 2662 2648 2662 2661 2646 2648 2661 
2646 2661 2531 2646 2531 2530 2533 2646 2530 
2649 2646 2533 2535 2649 2533 2651 2649 2535 
2537 2651 2535 2653 2651 2537 2538 2653 2537 
2538 2663 2653 2663 2655 2653 2664 2657 2655 
2664 2655 2665 2665 2655 2663 2665 2666 2667 
2664 2665 2667 2667 2666 2668 2669 2670 2671 
2669 2672 2673 2670 2669 2673 2672 2674 2675 
2673 2672 2675 2660 2675 2674 2658 2660 2674 
2658 2674 2541 2658 2541 2540 2543 2658 2540 
2661 2658 2543 2531 2661 2543 2538 2548 2663 
2550 2663 2548 2550 2676 2663 2676 2665 2663 
2666 2665 2677 2677 2665 2676 2678 2668 2666 
2678 2666 2679 2679 2666 2677 2679 2680 2681 
2678 2679 2681 2680 2682 2683 2681 2680 2683 
2683 2682 2684 2552 2685 2686 2553 2552 2686 
2554 2687 2669 2554 2669 2685 2554 2685 2552 
2685 2669 2671 2556 2687 2557 2556 2672 2687 
2672 2669 2687 2559 2672 2556 2674 2672 2559 
2541 2674 2559 2550 2567 2676 2570 2676 2567 
2677 2676 2570 2571 2677 2570 2571 2688 2677 
2688 2679 2677 2680 2679 2689 2689 2679 2688 
2682 2680 2690 2690 2680 2689 2691 2684 2682 
2690 2691 2682 2573 2692 2693 2574 2573 2693 
2686 2573 2553 2692 2573 2686 2554 2576 2687 
2557 2687 2576 2688 2583 2694 2571 2583 2688 
2695 2696 2689 2695 2689 2694 2694 2689 2688 
2690 2689 2696 2697 2690 2696 2691 2690 2697 
2584 2698 2699 2585 2584 2699 2693 2584 2574 
2698 2584 2693 2694 2588 2700 2583 2588 2694 
2701 2695 2694 2701 2694 2702 2702 2694 2700 
2701 2702 2703 2585 2699 2590 2699 2704 2590 
2588 2592 2700 2593 2700 2592 2593 2705 2700 
2705 2702 2700 2706 2703 2702 2705 2706 2702 
2597 2707 2708 2596 2597 2708 2704 2597 2590 
2707 2597 2704 2709 2710 2711 2709 2712 2713 
2711 2712 2709 2713 2714 2715 2712 2714 2713 
2715 2716 2717 2714 2716 2715 2717 2718 2719 
2716 2718 2717 2719 2720 2721 2718 2720 2719 
2705 2720 2722 2705 2599 2720 2705 2593 2599 
2599 2721 2720 2706 2705 2722 2600 2723 2601 
2600 2602 2724 2723 2600 2724 2725 2724 2602 
2725 2602 2726 2726 2602 2603 2708 2603 2596 
2726 2603 2708 2727 2728 2729 2727 2606 2605 
2727 2729 2606 2729 2730 2606 2607 2606 2731 
2606 2730 2731 2710 2709 2609 2710 2609 2731 
2731 2609 2607 2611 2609 2709 2713 2611 2709 
2613 2611 2713 2715 2613 2713 2615 2613 2715 
2717 2615 2715 2617 2615 2717 2719 2617 2717 
2619 2617 2719 2721 2619 2719 2599 2619 2721 
2723 2732 2733 2723 2733 2601 2601 2733 2621 
2724 2732 2723 2734 2732 2724 2725 2734 2724 
2735 2736 2737 2735 2624 2623 2735 2737 2624 
2737 2738 2624 2728 2727 2625 2728 2625 2738 
2738 2625 2624 2605 2625 2727 2621 2733 2627 
2733 2739 2627 2740 2741 2742 2740 2630 2629 
2740 2742 2630 2742 2743 2630 2736 2735 2631 
2736 2631 2743 2743 2631 2630 2623 2631 2735 
2627 2739 2744 2633 2627 2744 2634 2633 2745 
2633 2744 2745 2635 2634 2746 2634 2745 2746 
2637 2635 2747 2635 2746 2747 2639 2748 2749 
2639 2637 2748 2637 2747 2748 2749 2750 2751 
2748 2750 2749 2751 2752 2753 2750 2752 2751 
2741 2753 2752 2740 2753 2741 2740 2641 2753 
2740 2642 2641 2629 2642 2740 2639 2749 2643 
2644 2643 2749 2751 2644 2749 2645 2644 2751 
2753 2645 2751 2641 2645 2753 2754 2755 2756 
2754 2757 2758 2755 2754 2758 2758 2757 2759 
2760 2761 2762 2760 2763 2764 2761 2760 2764 
2763 2648 2647 2763 2647 2764 2764 2647 2765 
2756 2650 2754 2756 2765 2650 2765 2647 2650 
2652 2754 2650 2757 2754 2652 2757 2766 2759 
2757 2652 2766 2652 2654 2766 2656 2767 2654 
2654 2767 2766 2657 2768 2769 2657 2769 2656 
2656 2769 2767 2769 2768 2770 2771 2772 2773 
2771 2774 2775 2772 2771 2775 2762 2775 2774 
2760 2762 2774 2760 2774 2660 2760 2660 2659 
2662 2760 2659 2763 2760 2662 2648 2763 2662 
2657 2664 2768 2768 2776 2770 2768 2664 2776 
2664 2667 2776 2668 2777 2778 2668 2778 2667 
2667 2778 2776 2777 2779 2780 2778 2777 2780 
2779 2781 2782 2780 2779 2782 2782 2781 2783 
2670 2784 2785 2671 2670 2785 2773 2673 2771 
2773 2784 2673 2784 2670 2673 2675 2771 2673 
2774 2771 2675 2660 2774 2675 2668 2678 2777 
2681 2777 2678 2779 2777 2681 2683 2779 2681 
2781 2779 2683 2684 2786 2787 2683 2684 2787 
2683 2787 2783 2683 2783 2781 2787 2786 2788 
2685 2789 2790 2686 2685 2790 2785 2685 2671 
2789 2685 2785 2786 2791 2792 2786 2684 2791 
2684 2691 2791 2788 2786 2792 2692 2793 2794 
2693 2692 2794 2790 2692 2686 2793 2692 2790 
2696 2695 2795 2696 2796 2697 2795 2796 2696 
2697 2796 2797 2697 2797 2691 2691 2797 2791 
2698 2798 2799 2699 2698 2799 2794 2698 2693 
2798 2698 2794 2695 2701 2795 2800 2796 2795 
2800 2795 2703 2800 2703 2801 2701 2703 2795 
2797 2796 2800 2699 2799 2704 2799 2802 2704 
2803 2804 2805 2803 2805 2801 2803 2801 2706 
2706 2801 2703 2707 2806 2807 2708 2707 2807 
2802 2707 2704 2806 2707 2802 2808 2809 2810 
2808 2811 2812 2810 2811 2808 2812 2711 2710 
2812 2811 2711 2811 2813 2711 2712 2711 2814 
2711 2813 2814 2714 2712 2815 2712 2814 2815 
2716 2714 2816 2714 2815 2816 2718 2716 2817 
2716 2816 2817 2720 2718 2818 2718 2817 2818 
2804 2803 2722 2804 2722 2818 2818 2722 2720 
2706 2722 2803 2726 2819 2820 2725 2726 2820 
2807 2726 2708 2819 2726 2807 2821 2822 2823 
2821 2729 2728 2821 2823 2729 2823 2824 2729 
2809 2808 2730 2809 2730 2824 2824 2730 2729 
2731 2730 2808 2812 2731 2808 2710 2731 2812 
2732 2825 2733 2826 2825 2732 2826 2732 2827 
2827 2732 2734 2820 2734 2725 2827 2734 2820 
2828 2829 2830 2828 2737 2736 2828 2830 2737 
2830 2831 2737 2822 2821 2738 2822 2738 2831 
2831 2738 2737 2728 2738 2821 2825 2832 2739 
2733 2825 2739 2833 2825 2826 2833 2834 2825 
2834 2832 2825 2834 2835 2836 2833 2835 2834 
2836 2837 2838 2835 2837 2836 2838 2839 2840 
2837 2839 2838 2840 2841 2842 2839 2841 2840 
2842 2843 2844 2841 2843 2842 2844 2742 2741 
2844 2843 2742 2843 2845 2742 2829 2828 2743 
2829 2743 2845 2845 2743 2742 2736 2743 2828 
2739 2832 2744 2745 2744 2832 2834 2745 2832 
2746 2745 2834 2836 2746 2834 2747 2746 2836 
2838 2747 2836 2748 2747 2838 2840 2748 2838 
2750 2748 2840 2842 2750 2840 2752 2750 2842 
2844 2752 2842 2741 2752 2844 2846 2847 2848 
2846 2849 2850 2847 2846 2850 2849 2851 2852 
2850 2849 2852 2853 2756 2755 2854 2852 2851 
2755 2758 2855 2853 2755 2855 2758 2759 2855 
2856 2857 2858 2848 2857 2856 2846 2848 2856 
2846 2856 2762 2846 2762 2761 2764 2846 2761 
2849 2846 2764 2765 2849 2764 2851 2849 2765 
2851 2859 2854 2851 2765 2859 2853 2859 2756 
2756 2859 2765 2855 2859 2853 2860 2859 2855 
2759 2860 2855 2759 2766 2860 2766 2861 2860 
2767 2862 2766 2766 2862 2861 2863 2864 2862 
2863 2862 2769 2769 2862 2767 2769 2770 2863 
2772 2865 2866 2773 2772 2866 2858 2775 2856 
2858 2865 2775 2865 2772 2775 2762 2856 2775 
2863 2867 2864 2770 2867 2863 2770 2776 2867 
2776 2868 2867 2778 2869 2776 2776 2869 2868 
2780 2870 2778 2778 2870 2869 2871 2872 2870 
2871 2870 2782 2782 2870 2780 2782 2783 2871 
2784 2873 2874 2785 2784 2874 2866 2784 2773 
2873 2784 2866 2871 2875 2872 2876 2877 2875 
2787 2876 2875 2787 2875 2871 2787 2871 2783 
2787 2788 2876 2789 2878 2879 2790 2789 2879 
2874 2789 2785 2878 2789 2874 2792 2877 2876 
2792 2791 2877 2791 2880 2877 2788 2792 2876 
2793 2881 2882 2794 2793 2882 2879 2793 2790 
2881 2793 2879 2883 2884 2885 2883 2885 2880 
2883 2880 2797 2797 2880 2791 2798 2886 2887 
2799 2798 2887 2882 2798 2794 2886 2798 2882 
2888 2889 2890 2884 2888 2890 2883 2888 2884 
2883 2801 2888 2883 2800 2801 2797 2800 2883 
2799 2887 2802 2887 2891 2802 2892 2893 2894 
2892 2895 2896 2894 2895 2892 2896 2897 2898 
2895 2897 2896 2898 2899 2900 2897 2899 2898 
2900 2901 2902 2899 2901 2900 2902 2903 2904 
2901 2903 2902 2889 2904 2903 2888 2904 2889 
2888 2804 2904 2888 2805 2804 2801 2805 2888 
2806 2905 2906 2807 2806 2906 2891 2806 2802 
2905 2806 2891 2907 2908 2909 2907 2810 2809 
2907 2909 2810 2909 2910 2810 2811 2810 2911 
2810 2910 2911 2893 2892 2813 2893 2813 2911 
2911 2813 2811 2814 2813 2892 2896 2814 2892 
2815 2814 2896 2898 2815 2896 2816 2815 2898 
2900 2816 2898 2817 2816 2900 2902 2817 2900 
2818 2817 2902 2904 2818 2902 2804 2818 2904 
2819 2912 2820 2819 2913 2912 2819 2807 2913 
2807 2906 2913 2914 2915 2916 2914 2823 2822 
2914 2916 2823 2916 2917 2823 2908 2907 2824 
2908 2824 2917 2917 2824 2823 2809 2824 2907 
2827 2918 2826 2827 2919 2918 2820 2919 2827 
2820 2920 2919 2820 2912 2920 2913 2920 2912 
2921 2922 2923 2921 2924 2925 2923 2924 2921 
2925 2830 2829 2925 2924 2830 2924 2926 2830 
2915 2914 2831 2915 2831 2926 2926 2831 2830 
2822 2831 2914 2826 2918 2833 2918 2919 2927 
2918 2927 2833 2833 2927 2835 2837 2835 2928 
2835 2927 2928 2839 2837 2929 2837 2928 2929 
2841 2839 2930 2839 2929 2930 2922 2921 2843 
2922 2843 2930 2930 2843 2841 2845 2843 2921 
2925 2845 2921 2829 2845 2925 2847 2931 2848 
2932 2931 2847 2932 2847 2933 2933 2847 2850 
2852 2934 2850 2850 2934 2933 2934 2852 2854 
2935 2934 2854 2857 2936 2937 2858 2857 2937 
2931 2857 2848 2931 2938 2857 2938 2936 2857 
2932 2938 2931 2854 2939 2935 2859 2939 2854 
2940 2941 2939 2940 2939 2860 2860 2939 2859 
2860 2861 2942 2940 2860 2942 2861 2862 2943 
2942 2861 2943 2862 2864 2943 2865 2944 2945 
2866 2865 2945 2937 2865 2858 2944 2865 2937 
2940 2946 2941 2942 2946 2940 2947 2946 2942 
2943 2947 2942 2948 2947 2943 2864 2948 2943 
2864 2867 2948 2867 2949 2948 2950 2951 2949 
2950 2949 2868 2868 2949 2867 2868 2869 2952 
2950 2868 2952 2869 2870 2953 2952 2869 2953 
2870 2872 2953 2873 2954 2955 2874 2873 2955 
2945 2873 2866 2954 2873 2945 2950 2956 2951 
2952 2956 2950 2957 2956 2952 2953 2957 2952 
2958 2957 2953 2959 2960 2958 2875 2959 2958 
2875 2958 2953 2875 2953 2872 2875 2877 2959 
2878 2961 2962 2879 2878 2962 2955 2878 2874 
2961 2878 2955 2963 2960 2959 2964 2960 2963 
2877 2880 2963 2959 2877 2963 2881 2965 2966 
2882 2881 2966 2962 2881 2879 2965 2881 2962 
2967 2968 2969 2967 2970 2971 2969 2970 2967 
2970 2972 2971 2973 2974 2975 2964 2973 2975 
2963 2973 2964 2963 2884 2973 2963 2885 2884 
2880 2885 2963 2886 2976 2887 2886 2977 2976 
2886 2882 2977 2882 2966 2977 2978 2979 2980 
2978 2981 2982 2980 2981 2978 2982 2983 2984 
2981 2983 2982 2968 2984 2983 2968 2967 2984 
2967 2985 2984 2971 2986 2967 2986 2985 2967 
2987 2971 2972 2987 2988 2971 2988 2986 2971 
2988 2989 2990 2987 2989 2988 2974 2990 2989 
2973 2990 2974 2973 2889 2990 2973 2890 2889 
2884 2890 2973 2976 2991 2992 2976 2992 2887 
2887 2992 2891 2977 2991 2976 2993 2994 2995 
2993 2996 2997 2995 2996 2993 2979 2997 2996 
2979 2978 2997 2978 2998 2997 2894 2893 2998 
2894 2998 2982 2982 2998 2978 2895 2894 2982 
2984 2895 2982 2897 2895 2984 2985 2897 2984 
2899 2897 2985 2986 2899 2985 2901 2899 2986 
2988 2901 2986 2903 2901 2988 2990 2903 2988 
2889 2903 2990 2905 2999 2906 2905 3000 2999 
2905 2891 3000 2891 2992 3000 3001 3002 3003 
2994 3001 3003 2993 3001 2994 2993 2908 3001 
2993 2909 2908 2910 2909 2993 2997 2910 2993 
2911 2910 2997 2998 2911 2997 2893 2911 2998 
2999 3004 2913 2906 2999 2913 3005 2999 3000 
3004 2999 3005 3006 3007 3008 3006 3009 3010 
3008 3009 3006 3010 2916 2915 3010 3009 2916 
3009 3011 2916 3002 3001 2917 3002 2917 3011 
3011 2917 2916 2908 2917 3001 2920 3012 2919 
2920 2913 3004 2920 3004 3012 3012 3004 3013 
3014 3004 3005 3014 3015 3004 3015 3013 3004 
3015 3016 3017 3014 3016 3015 3017 2923 2922 
3017 3016 2923 3016 3018 2923 3007 3006 2924 
3007 2924 3018 3018 2924 2923 2926 2924 3006 
3010 2926 3006 2915 2926 3010 2919 3012 2927 
2928 2927 3012 3013 2928 3012 2929 2928 3013 
3015 2929 3013 2930 2929 3015 3017 2930 3015 
2922 2930 3017 2933 3019 2932 2933 2934 3020 
3019 2933 3020 2934 2935 3020 2936 3021 2937 
2936 2938 3022 3021 2936 3022 2938 3023 3022 
2932 3023 2938 2932 3024 3023 2932 3019 3024 
3024 3025 3026 3024 3019 3025 3019 3020 3025 
2935 2939 3027 2935 3027 3020 3020 3027 3025 
2939 2941 3027 2944 3028 2945 2944 3029 3028 
2937 3029 2944 2937 3030 3029 2937 3021 3030 
3022 3030 3021 3031 3030 3022 3023 3031 3022 
3032 3026 3025 3033 3026 3032 3027 3034 3025 
3034 3032 3025 2941 2946 3035 2941 3035 3027 
3027 3035 3034 2946 2947 3036 3035 2946 3036 
2947 2948 3037 3036 2947 3037 2948 2949 3038 
3037 2948 3038 2949 2951 3038 2954 3039 2955 
2954 3040 3039 2945 3040 2954 2945 3041 3040 
2945 3028 3041 3029 3041 3028 3042 3033 3032 
3043 3033 3042 3034 3044 3032 3044 3042 3032 
3035 3045 3034 3045 3044 3034 3036 3046 3035 
3046 3045 3035 3037 3047 3036 3047 3046 3036 
3038 3048 3037 3048 3047 3037 2951 2956 3049 
2951 3049 3038 3038 3049 3048 2956 2957 3050 
3049 2956 3050 2957 2958 3051 3050 2957 3051 
2958 2960 3051 2961 3052 2962 2961 3053 3052 
2955 3053 2961 2955 3054 3053 2955 3039 3054 
3040 3054 3039 3055 3056 3057 3043 3055 3057 
3043 3042 3055 3042 3058 3055 3044 3059 3042 
3059 3058 3042 3045 3060 3044 3060 3059 3044 
3046 3061 3045 3061 3060 3045 3047 3062 3046 
3062 3061 3046 3048 3063 3047 3063 3062 3047 
3049 3064 3048 3064 3063 3048 3050 3065 3049 
3065 3064 3049 3051 3066 3050 3066 3065 3050 
2960 2964 3066 3051 2960 3066 2965 3067 2966 
2965 3068 3067 2962 3068 2965 2962 3069 3068 
2962 3052 3069 3053 3069 3052 3070 3056 3055 
3071 3056 3070 3058 3072 3055 3072 3070 3055 
3059 3073 3058 3073 3072 3058 3060 3074 3059 
3074 3073 3059 3061 3075 3060 3075 3074 3060 
2969 2968 3075 2969 3075 3062 3062 3075 3061 
2970 2969 3062 3063 2970 3062 2972 2970 3063 
2972 3063 3076 3076 3063 3064 3065 3077 3064 
3077 3076 3064 2975 2974 3077 2975 3077 3066 
3066 3077 3065 2964 2975 3066 3067 3078 2977 
2966 3067 2977 3079 3067 3068 3078 3067 3079 
3080 3081 3082 3071 3080 3082 3071 3070 3080 
3070 3083 3080 3072 3084 3070 3084 3083 3070 
2980 2979 3084 2980 3084 3073 3073 3084 3072 
2981 2980 3073 3074 2981 3073 2983 2981 3074 
3075 2983 3074 2968 2983 3075 2972 3076 2987 
2989 2987 3076 3077 2989 3076 2974 2989 3077 
2991 3085 2992 2991 3086 3085 2977 3086 2991 
2977 3087 3086 2977 3078 3087 3079 3087 3078 
3088 3089 3090 3081 3088 3090 3081 3080 3088 
3080 3091 3088 2995 2994 3091 2995 3091 3083 
3083 3091 3080 2996 2995 3083 3084 2996 3083 
2979 2996 3084 3085 3092 3000 2992 3085 3000 
3093 3085 3086 3092 3085 3093 3094 3095 3096 
3089 3094 3096 3089 3088 3094 3088 3097 3094 
3003 3002 3097 3003 3097 3091 3091 3097 3088 
2994 3003 3091 3092 3098 3005 3000 3092 3005 
3099 3092 3093 3099 3100 3092 3100 3098 3092 
3100 3101 3102 3099 3101 3100 3102 3008 3007 
3102 3101 3008 3101 3103 3008 3095 3094 3009 
3095 3009 3103 3103 3009 3008 3011 3009 3094 
3097 3011 3094 3002 3011 3097 3005 3098 3014 
3016 3014 3098 3100 3016 3098 3018 3016 3100 
3102 3018 3100 3007 3018 3102 3024 3104 3023 
3024 3026 3104 3030 3105 3029 3030 3031 3106 
3105 3030 3106 3031 3023 3104 3031 3104 3106 
3106 3104 3107 3026 3033 3107 3104 3026 3107 
3041 3108 3040 3041 3029 3105 3041 3105 3108 
3108 3105 3109 3110 3106 3111 3110 3109 3106 
3109 3105 3106 3111 3112 3113 3111 3106 3112 
3106 3107 3112 3033 3043 3112 3107 3033 3112 
3054 3114 3053 3054 3040 3108 3054 3108 3114 
3114 3108 3115 3116 3109 3117 3116 3115 3109 
3115 3108 3109 3117 3118 3119 3117 3109 3118 
3120 3118 3110 3110 3118 3109 3113 3118 3120 
3112 3118 3113 3112 3056 3118 3112 3057 3056 
3043 3057 3112 3069 3121 3068 3069 3053 3114 
3069 3114 3121 3121 3114 3122 3123 3115 3124 
3123 3122 3115 3122 3114 3115 3116 3124 3115 
3125 3119 3118 3126 3119 3125 3056 3071 3125 
3118 3056 3125 3121 3127 3079 3068 3121 3079 
3128 3122 3129 3128 3127 3122 3127 3121 3122 
3123 3129 3122 3130 3131 3132 3126 3130 3132 
3125 3130 3126 3125 3081 3130 3125 3082 3081 
3071 3082 3125 3087 3133 3086 3087 3079 3127 
3087 3127 3133 3133 3127 3134 3135 3127 3128 
3134 3127 3135 3136 3137 3138 3131 3136 3138 
3130 3136 3131 3130 3089 3136 3130 3090 3089 
3081 3090 3130 3133 3139 3093 3086 3133 3093 
3134 3140 3133 3140 3139 3133 3141 3134 3135 
3141 3142 3134 3142 3140 3134 3137 3142 3141 
3136 3142 3137 3136 3095 3142 3136 3096 3095 
3089 3096 3136 3093 3139 3099 3101 3099 3139 
3140 3101 3139 3103 3101 3140 3142 3103 3140 
3095 3103 3142 3111 3143 3110 3111 3113 3143 
3117 3144 3116 3120 3110 3143 3119 3144 3117 
3113 3120 3143 3124 3145 3123 3124 3116 3144 
3124 3144 3145 3145 3144 3146 3119 3126 3146 
3144 3119 3146 3129 3147 3128 3129 3123 3145 
3129 3145 3147 3147 3145 3148 3132 3131 3148 
3132 3148 3146 3146 3148 3145 3126 3132 3146 
3147 3149 3135 3128 3147 3135 3138 3137 3149 
3138 3149 3148 3148 3149 3147 3131 3138 3148 
3135 3149 3141 3137 3141 3149 
CELL_DATA 6296
SCALARS Scalars float
LOOKUP_TABLE default
1 1 1 1 1 1 1 1 1 
1 1 1 1 1 1 1 1 1 
1 1 1 1 1 1 1 1 1 
1 1 1 1 1 1 1 1 1 
1 1 1 1 1 1 1 1 1 
1 1 1 1 1 1 1 1 1 
1 1 1 1 1 1 1 1 1 
1 1 1 1 1 1 1 1 1 
1 1 1 1 1 1 1 1 1 
1 1 1 1 1 1 1 1 1 
1 1 1 1 1 1 1 1 1 
1 1 1 1 1 1 1 1 1 
1 1 1 1 1 1 1 1 1 
1 1 1 1 1 1 1 1 1 
1 1 1 1 1 1 1 1 1 
1 1 1 1 1 1 1 1 1 
1 1 1 1 1 1 1 1 1 
1 1 1 1 1 1 1 1 1 
1 1 1 1 1 1 1 1 1 
1 1 1 1 1 1 1 1 1 
1 1 1 1 1 1 1 1 1 
1 1 1 1 1 1 1 1 1 
1 1 1 1 1 1 1 1 1 
1 1 1 1 1 1 1 1 1 
1 1 1 1 1 1 1 1 1 
1 1 1 1 1 1 1 1 1 
1 1 1 1 1 1 1 1 1 
1 1 1 1 1 1 1 1 1 
1 1 1 1 1 1 1 1 1 
1 1 1 1 1 1 1 1 1 
1 1 1 1 1 1 1 1 1 
1 1 1 1 1 1 1 1 1 
1 1 1 1 1 1 1 1 1 
1 1 1 1 1 1 1 1 1 
1 1 1 1 1 1 1 1 1 
1 1 1 1 1 1 1 1 1 
1 1 1 1 1 1 1 1 1 
1 1 1 1 1 1 1 1 1 
1 1 1 1 1 1 1 1 1 
1 1 1 1 1 1 1 1 1 
1 1 1 1 1 1 1 1 1 
1 1 1 1 1 1 1 1 1 
1 1 1 1 1 1 1 1 1 
1 1 1 1 1 1 1 1 1 
1 1 1 1 1 1 1 1 1 
1 1 1 1 1 1 1 1 1 
1 1 1 1 1 1 1 1 1 
1 1 1 1 1 1 1 1 1 
1 1 1 1 1 1 1 1 1 
1 1 1 1 1 1 1 1 1 
1 1 1 1 1 1 1 1 1 
1 1 1 1 1 1 1 1 1 
1 1 1 1 1 1 1 1 1 
1 1 1 1 1 1 1 1 1 
1 1 1 1 1 1 1 1 1 
1 1 1 1 1 1 1 1 1 
1 1 1 1 1 1 1 1 1 
1 1 1 1 1 1 1 1 1 
1 1 1 1 1 1 1 1 1 
1 1 1 1 1 1 1 1 1 
1 1 1 1 1 1 1 1 1 
1 1 1 1 1 1 1 1 1 
1 1 1 1 1 1 1 1 1 
1 1 1 1 1 1 1 1 1 
1 1 1 1 1 1 1 1 1 
1 1 1 1 1 1 1 1 1 
1 1 1 1 1 1 1 1 1 
1 1 1 1 1 1 1 1 1 
1 1 1 1 1 1 1 1 1 
1 1 1 1 1 1 1 1 1 
1 1 1 1 1 1 1 1 1 
1 1 1 1 1 1 1 1 1 
1 1 1 1 1 1 1 1 1 
1 1 1 1 1 1 1 1 1 
1 1 1 1 1 1 1 1 1 
1 1 1 1 1 1 1 1 1 
1 1 1 1 1 1 1 1 1 
1 1 1 1 1 1 1 1 1 
1 1 1 1 1 1 1 1 1 
1 1 1 1 1 1 1 1 1 
1 1 1 1 1 1 1 1 1 
1 1 1 1 1 1 1 1 1 
1 1 1 1 1 1 1 1 1 
1 1 1 1 1 1 1 1 1 
1 1 1 1 1 1 1 1 1 
1 1 1 1 1 1 1 1 1 
1 1 1 1 1 1 1 1 1 
1 1 1 1 1 1 1 1 1 
1 1 1 1 1 1 1 1 1 
1 1 1 1 1 1 1 1 1 
1 1 1 1 1 1 1 1 1 
1 1 1 1 1 1 1 1 1 
1 1 1 1 1 1 1 1 1 
1 1 1 1 1 1 1 1 1 
1 1 1 1 1 1 1 1 1 
1 1 1 1 1 1 1 1 1 
1 1 1 1 1 1 1 1 1 
1 1 1 1 1 1 1 1 1 
1 1 1 1 1 1 1 1 1 
1 1 1 1 1 1 1 1 1 
1 1 1 1 1 1 1 1 1 
1 1 1 1 1 1 1 1 1 
1 1 1 1 1 1 1 1 1 
1 1 1 1 1 1 1 1 1 
1 1 1 1 1 1 1 1 1 
1 1 1 1 1 1 1 1 1 
1 1 1 1 1 1 1 1 1 
1 1 1 1 1 1 1 1 1 
1 1 1 1 1 1 1 1 1 
1 1 1 1 1 1 1 1 1 
1 1 1 1 1 1 1 1 1 
1 1 1 1 1 1 1 1 1 
1 1 1 1 1 1 1 1 1 
1 1 1 1 1 1 1 1 1 
1 1 1 1 1 1 1 1 1 
1 1 1 1 1 1 1 1 1 
1 1 1 1 1 1 1 1 1 
1 1 1 1 1 1 1 1 1 
1 1 1 1 1 1 1 1 1 
1 1 1 1 1 1 1 1 1 
1 1 1 1 1 1 1 1 1 
1 1 1 1 1 1 1 1 1 
1 1 1 1 1 1 1 1 1 
1 1 1 1 1 1 1 1 1 
1 1 1 1 1 1 1 1 1 
1 1 1 1 1 1 1 1 1 
1 1 1 1 1 1 1 1 1 
1 1 1 1 1 1 1 1 1 
1 1 1 1 1 1 1 1 1 
1 1 1 1 1 1 1 1 1 
1 1 1 1 1 1 1 1 1 
1 1 1 1 1 1 1 1 1 
1 1 1 1 1 1 1 1 1 
1 1 1 1 1 1 1 1 1 
1 1 1 1 1 1 1 1 1 
1 1 1 1 1 1 1 1 1 
1 1 1 1 1 1 1 1 1 
1 1 1 1 1 1 1 1 1 
1 1 1 1 1 1 1 1 1 
1 1 1 1 1 1 1 1 1 
1 1 1 1 1 1 1 1 1 
1 1 1 1 1 1 1 1 1 
1 1 1 1 1 1 1 1 1 
1 1 1 1 1 1 1 1 1 
1 1 1 1 1 1 1 1 1 
1 1 1 1 1 1 1 1 1 
1 1 1 1 1 1 1 1 1 
1 1 1 1 1 1 1 1 1 
1 1 1 1 1 1 1 1 1 
1 1 1 1 1 1 1 1 1 
1 1 1 1 1 1 1 1 1 
1 1 1 1 1 1 1 1 1 
1 1 1 1 1 1 1 1 1 
1 1 1 1 1 1 1 1 1 
1 1 1 1 1 1 1 1 1 
1 1 1 1 1 1 1 1 1 
1 1 1 1 1 1 1 1 1 
1 1 1 1 1 1 1 1 1 
1 1 1 1 1 1 1 1 1 
1 1 1 1 1 1 1 1 1 
1 1 1 1 1 1 1 1 1 
1 1 1 1 1 1 1 1 1 
1 1 1 1 1 1 1 1 1 
1 1 1 1 1 1 1 1 1 
1 1 1 1 1 1 1 1 1 
1 1 1 1 1 1 1 1 1 
1 1 1 1 1 1 1 1 1 
1 1 1 1 1 1 1 1 1 
1 1 1 1 1 1 1 1 1 
1 1 1 1 1 1 1 1 1 
1 1 1 1 1 1 1 1 1 
1 1 1 1 1 1 1 1 1 
1 1 1 1 1 1 1 1 1 
1 1 1 1 1 1 1 1 1 
1 1 1 1 1 1 1 1 1 
1 1 1 1 1 1 1 1 1 
1 1 1 1 1 1 1 1 1 
1 1 1 1 1 1 1 1 1 
1 1 1 1 1 1 1 1 1 
1 1 1 1 1 1 1 1 1 
1 1 1 1 1 1 1 1 1 
1 1 1 1 1 1 1 1 1 
1 1 1 1 1 1 1 1 1 
1 1 1 1 1 1 1 1 1 
1 1 1 1 1 1 1 1 1 
1 1 1 1 1 1 1 1 1 
1 1 1 1 1 1 1 1 1 
1 1 1 1 1 1 1 1 1 
1 1 1 1 1 1 1 1 1 
1 1 1 1 1 1 1 1 1 
1 1 1 1 1 1 1 1 1 
1 1 1 1 1 1 1 1 1 
1 1 1 1 1 1 1 1 1 
1 1 1 1 1 1 1 1 1 
1 1 1 1 1 1 1 1 1 
1 1 1 1 1 1 1 1 1 
1 1 1 1 1 1 1 1 1 
1 1 1 1 1 1 1 1 1 
1 1 1 1 1 1 1 1 1 
1 1 1 1 1 1 1 1 1 
1 1 1 1 1 1 1 1 1 
1 1 1 1 1 1 1 1 1 
1 1 1 1 1 1 1 1 1 
1 1 1 1 1 1 1 1 1 
1 1 1 1 1 1 1 1 1 
1 1 1 1 1 1 1 1 1 
1 1 1 1 1 1 1 1 1 
1 1 1 1 1 1 1 1 1 
1 1 1 1 1 1 1 1 1 
1 1 1 1 1 1 1 1 1 
1 1 1 1 1 1 1 1 1 
1 1 1 1 1 1 1 1 1 
1 1 1 1 1 1 1 1 1 
1 1 1 1 1 1 1 1 1 
1 1 1 1 1 1 1 1 1 
1 1 1 1 1 1 1 1 1 
1 1 1 1 1 1 1 1 1 
1 1 1 1 1 1 1 1 1 
1 1 1 1 1 1 1 1 1 
1 1 1 1 1 1 1 1 1 
1 1 1 1 1 1 1 1 1 
1 1 1 1 1 1 1 1 1 
1 1 1 1 1 1 1 1 1 
1 1 1 1 1 1 1 1 1 
1 1 1 1 1 1 1 1 1 
1 1 1 1 1 1 1 1 1 
1 1 1 1 1 1 1 1 1 
1 1 1 1 1 1 1 1 1 
1 1 1 1 1 1 1 1 1 
1 1 1 1 1 1 1 1 1 
1 1 1 1 1 1 1 1 1 
1 1 1 1 1 1 1 1 1 
1 1 1 1 1 1 1 1 1 
1 1 1 1 1 1 1 1 1 
1 1 1 1 1 1 1 1 1 
1 1 1 1 1 1 1 1 1 
1 1 1 1 1 1 1 1 1 
1 1 1 1 1 1 1 1 1 
1 1 1 1 1 1 1 1 1 
1 1 1 1 1 1 1 1 1 
1 1 1 1 1 1 1 1 1 
1 1 1 1 1 1 1 1 1 
1 1 1 1 1 1 1 1 1 
1 1 1 1 1 1 1 1 1 
1 1 1 1 1 1 1 1 1 
1 1 1 1 1 1 1 1 1 
1 1 1 1 1 1 1 1 1 
1 1 1 1 1 1 1 1 1 
1 1 1 1 1 1 1 1 1 
1 1 1 1 1 1 1 1 1 
1 1 1 1 1 1 1 1 1 
1 1 1 1 1 1 1 1 1 
1 1 1 1 1 1 1 1 1 
1 1 1 1 1 1 1 1 1 
1 1 1 1 1 1 1 1 1 
1 1 1 1 1 1 1 1 1 
1 1 1 1 1 1 1 1 1 
1 1 1 1 1 1 1 1 1 
1 1 1 1 1 1 1 1 1 
1 1 1 1 1 1 1 1 1 
1 1 1 1 1 1 1 1 1 
1 1 1 1 1 1 1 1 1 
1 1 1 1 1 1 1 1 1 
1 1 1 1 1 1 1 1 1 
1 1 1 1 1 1 1 1 1 
1 1 1 1 1 1 1 1 1 
1 1 1 1 1 1 1 1 1 
1 1 1 1 1 1 1 1 1 
1 1 1 1 1 1 1 1 1 
1 1 1 1 1 1 1 1 1 
1 1 1 1 1 1 1 1 1 
1 1 1 1 1 1 1 1 1 
1 1 1 1 1 1 1 1 1 
1 1 1 1 1 1 1 1 1 
1 1 1 1 1 1 1 1 1 
1 1 1 1 1 1 1 1 1 
1 1 1 1 1 1 1 1 1 
1 1 1 1 1 1 1 1 1 
1 1 1 1 1 1 1 1 1 
1 1 1 1 1 1 1 1 1 
1 1 1 1 1 1 1 1 1 
1 1 1 1 1 1 1 1 1 
1 1 1 1 1 1 1 1 1 
1 1 1 1 1 1 1 1 1 
1 1 1 1 1 1 1 1 1 
1 1 1 1 1 1 1 1 1 
1 1 1 1 1 1 1 1 1 
1 1 1 1 1 1 1 1 1 
1 1 1 1 1 1 1 1 1 
1 1 1 1 1 1 1 1 1 
1 1 1 1 1 1 1 1 1 
1 1 1 1 1 1 1 1 1 
1 1 1 1 1 1 1 1 1 
1 1 1 1 1 1 1 1 1 
1 1 1 1 1 1 1 1 1 
1 1 1 1 1 1 1 1 1 
1 1 1 1 1 1 1 1 1 
1 1 1 1 1 1 1 1 1 
1 1 1 1 1 1 1 1 1 
1 1 1 1 1 1 1 1 1 
1 1 1 1 1 1 1 1 1 
1 1 1 1 1 1 1 1 1 
1 1 1 1 1 1 1 1 1 
1 1 1 1 1 1 1 1 1 
1 1 1 1 1 1 1 1 1 
1 1 1 1 1 1 1 1 1 
1 1 1 1 1 1 1 1 1 
1 1 1 1 1 1 1 1 1 
1 1 1 1 1 1 1 1 1 
1 1 1 1 1 1 1 1 1 
1 1 1 1 1 1 1 1 1 
1 1 1 1 1 1 1 1 1 
1 1 1 1 1 1 1 1 1 
1 1 1 1 1 1 1 1 1 
1 1 1 1 1 1 1 1 1 
1 1 1 1 1 1 1 1 1 
1 1 1 1 1 1 1 1 1 
1 1 1 1 1 1 1 1 1 
1 1 1 1 1 1 1 1 1 
1 1 1 1 1 1 1 1 1 
1 1 1 1 1 1 1 1 1 
1 1 1 1 1 1 1 1 1 
1 1 1 1 1 1 1 1 1 
1 1 1 1 1 1 1 1 1 
1 1 1 1 1 1 1 1 1 
1 1 1 1 1 1 1 1 1 
1 1 1 1 1 1 1 1 1 
1 1 1 1 1 1 1 1 1 
1 1 1 1 1 1 1 1 1 
1 1 1 1 1 1 1 1 1 
1 1 1 1 1 1 1 1 1 
1 1 1 1 1 1 1 1 1 
1 1 1 1 1 1 1 1 1 
1 1 1 1 1 1 1 1 1 
1 1 1 1 1 1 1 1 1 
1 1 1 1 1 1 1 1 1 
1 1 1 1 1 1 1 1 1 
1 1 1 1 1 1 1 1 1 
1 1 1 1 1 1 1 1 1 
1 1 1 1 1 1 1 1 1 
1 1 1 1 1 1 1 1 1 
1 1 1 1 1 1 1 1 1 
1 1 1 1 1 1 1 1 1 
1 1 1 1 1 1 1 1 1 
1 1 1 1 1 1 1 1 1 
1 1 1 1 1 1 1 1 1 
1 1 1 1 1 1 1 1 1 
1 1 1 1 1 1 1 1 1 
1 1 1 1 1 1 1 1 1 
1 1 1 1 1 1 1 1 1 
1 1 1 1 1 1 1 1 1 
1 1 1 1 1 1 1 1 1 
1 1 1 1 1 1 1 1 1 
1 1 1 1 1 1 1 1 1 
1 1 1 1 1 1 1 1 1 
1 1 1 1 1 1 1 1 1 
1 1 1 1 1 1 1 1 1 
1 1 1 1 1 1 1 1 1 
1 1 1 1 1 1 1 1 1 
1 1 1 1 1 1 1 1 1 
1 1 1 1 1 1 1 1 1 
1 1 1 1 1 1 1 1 1 
1 1 1 1 1 1 1 1 1 
1 1 1 1 1 1 1 1 1 
1 1 1 1 1 1 1 1 1 
1 1 1 1 1 1 1 1 1 
1 1 1 1 1 1 1 1 1 
1 1 1 1 1 1 1 1 1 
1 1 1 1 1 1 1 1 1 
1 1 1 1 1 1 1 1 1 
1 1 1 1 1 1 1 1 1 
1 1 1 1 1 1 1 1 1 
1 1 1 1 1 1 1 1 1 
1 1 1 1 1 1 1 1 1 
1 1 1 1 1 1 1 1 1 
1 1 1 1 1 1 1 1 1 
1 1 1 1 1 1 1 1 1 
1 1 1 1 1 1 1 1 1 
1 1 1 1 1 1 1 1 1 
1 1 1 1 1 1 1 1 1 
1 1 1 1 1 1 1 1 1 
1 1 1 1 1 1 1 1 1 
1 1 1 1 1 1 1 1 1 
1 1 1 1 1 1 1 1 1 
1 1 1 1 1 1 1 1 1 
1 1 1 1 1 1 1 1 1 
1 1 1 1 1 1 1 1 1 
1 1 1 1 1 1 1 1 1 
1 1 1 1 1 1 1 1 1 
1 1 1 1 1 1 1 1 1 
1 1 1 1 1 1 1 1 1 
1 1 1 1 1 1 1 1 1 
1 1 1 1 1 1 1 1 1 
1 1 1 1 1 1 1 1 1 
1 1 1 1 1 1 1 1 1 
1 1 1 1 1 1 1 1 1 
1 1 1 1 1 1 1 1 1 
1 1 1 1 1 1 1 1 1 
1 1 1 1 1 1 1 1 1 
1 1 1 1 1 1 1 1 1 
1 1 1 1 1 1 1 1 1 
1 1 1 1 1 1 1 1 1 
1 1 1 1 1 1 1 1 1 
1 1 1 1 1 1 1 1 1 
1 1 1 1 1 1 1 1 1 
1 1 1 1 1 1 1 1 1 
1 1 1 1 1 1 1 1 1 
1 1 1 1 1 1 1 1 1 
1 1 1 1 1 1 1 1 1 
1 1 1 1 1 1 1 1 1 
1 1 1 1 1 1 1 1 1 
1 1 1 1 1 1 1 1 1 
1 1 1 1 1 1 1 1 1 
1 1 1 1 1 1 1 1 1 
1 1 1 1 1 1 1 1 1 
1 1 1 1 1 1 1 1 1 
1 1 1 1 1 1 1 1 1 
1 1 1 1 1 1 1 1 1 
1 1 1 1 1 1 1 1 1 
1 1 1 1 1 1 1 1 1 
1 1 1 1 1 1 1 1 1 
1 1 1 1 1 1 1 1 1 
1 1 1 1 1 1 1 1 1 
1 1 1 1 1 1 1 1 1 
1 1 1 1 1 1 1 1 1 
1 1 1 1 1 1 1 1 1 
1 1 1 1 1 1 1 1 1 
1 1 1 1 1 1 1 1 1 
1 1 1 1 1 1 1 1 1 
1 1 1 1 1 1 1 1 1 
1 1 1 1 1 1 1 1 1 
1 1 1 1 1 1 1 1 1 
1 1 1 1 1 1 1 1 1 
1 1 1 1 1 1 1 1 1 
1 1 1 1 1 1 1 1 1 
1 1 1 1 1 1 1 1 1 
1 1 1 1 1 1 1 1 1 
1 1 1 1 1 1 1 1 1 
1 1 1 1 1 1 1 1 1 
1 1 1 1 1 1 1 1 1 
1 1 1 1 1 1 1 1 1 
1 1 1 1 1 1 1 1 1 
1 1 1 1 1 1 1 1 1 
1 1 1 1 1 1 1 1 1 
1 1 1 1 1 1 1 1 1 
1 1 1 1 1 1 1 1 1 
1 1 1 1 1 1 1 1 1 
1 1 1 1 1 1 1 1 1 
1 1 1 1 1 1 1 1 1 
1 1 1 1 1 1 1 1 1 
1 1 1 1 1 1 1 1 1 
1 1 1 1 1 1 1 1 1 
1 1 1 1 1 1 1 1 1 
1 1 1 1 1 1 1 1 1 
1 1 1 1 1 1 1 1 1 
1 1 1 1 1 1 1 1 1 
1 1 1 1 1 1 1 1 1 
1 1 1 1 1 1 1 1 1 
1 1 1 1 1 1 1 1 1 
1 1 1 1 1 1 1 1 1 
1 1 1 1 1 1 1 1 1 
1 1 1 1 1 1 1 1 1 
1 1 1 1 1 1 1 1 1 
1 1 1 1 1 1 1 1 1 
1 1 1 1 1 1 1 1 1 
1 1 1 1 1 1 1 1 1 
1 1 1 1 1 1 1 1 1 
1 1 1 1 1 1 1 1 1 
1 1 1 1 1 1 1 1 1 
1 1 1 1 1 1 1 1 1 
1 1 1 1 1 1 1 1 1 
1 1 1 1 1 1 1 1 1 
1 1 1 1 1 1 1 1 1 
1 1 1 1 1 1 1 1 1 
1 1 1 1 1 1 1 1 1 
1 1 1 1 1 1 1 1 1 
1 1 1 1 1 1 1 1 1 
1 1 1 1 1 1 1 1 1 
1 1 1 1 1 1 1 1 1 
1 1 1 1 1 1 1 1 1 
1 1 1 1 1 1 1 1 1 
1 1 1 1 1 1 1 1 1 
1 1 1 1 1 1 1 1 1 
1 1 1 1 1 1 1 1 1 
1 1 1 1 1 1 1 1 1 
1 1 1 1 1 1 1 1 1 
1 1 1 1 1 1 1 1 1 
1 1 1 1 1 1 1 1 1 
1 1 1 1 1 1 1 1 1 
1 1 1 1 1 1 1 1 1 
1 1 1 1 1 1 1 1 1 
1 1 1 1 1 1 1 1 1 
1 1 1 1 1 1 1 1 1 
1 1 1 1 1 1 1 1 1 
1 1 1 1 1 1 1 1 1 
1 1 1 1 1 1 1 1 1 
1 1 1 1 1 1 1 1 1 
1 1 1 1 1 1 1 1 1 
1 1 1 1 1 1 1 1 1 
1 1 1 1 1 1 1 1 1 
1 1 1 1 1 1 1 1 1 
1 1 1 1 1 1 1 1 1 
1 1 1 1 1 1 1 1 1 
1 1 1 1 1 1 1 1 1 
1 1 1 1 1 1 1 1 1 
1 1 1 1 1 1 1 1 1 
1 1 1 1 1 1 1 1 1 
1 1 1 1 1 1 1 1 1 
1 1 1 1 1 1 1 1 1 
1 1 1 1 1 1 1 1 1 
1 1 1 1 1 1 1 1 1 
1 1 1 1 1 1 1 1 1 
1 1 1 1 1 1 1 1 1 
1 1 1 1 1 1 1 1 1 
1 1 1 1 1 1 1 1 1 
1 1 1 1 1 1 1 1 1 
1 1 1 1 1 1 1 1 1 
1 1 1 1 1 1 1 1 1 
1 1 1 1 1 1 1 1 1 
1 1 1 1 1 1 1 1 1 
1 1 1 1 1 1 1 1 1 
1 1 1 1 1 1 1 1 1 
1 1 1 1 1 1 1 1 1 
1 1 1 1 1 1 1 1 1 
1 1 1 1 1 1 1 1 1 
1 1 1 1 1 1 1 1 1 
1 1 1 1 1 1 1 1 1 
1 1 1 1 1 1 1 1 1 
1 1 1 1 1 1 1 1 1 
1 1 1 1 1 1 1 1 1 
1 1 1 1 1 1 1 1 1 
1 1 1 1 1 1 1 1 1 
1 1 1 1 1 1 1 1 1 
1 1 1 1 1 1 1 1 1 
1 1 1 1 1 1 1 1 1 
1 1 1 1 1 1 1 1 1 
1 1 1 1 1 1 1 1 1 
1 1 1 1 1 1 1 1 1 
1 1 1 1 1 1 1 1 1 
1 1 1 1 1 1 1 1 1 
1 1 1 1 1 1 1 1 1 
1 1 1 1 1 1 1 1 1 
1 1 1 1 1 1 1 1 1 
1 1 1 1 1 1 1 1 1 
1 1 1 1 1 1 1 1 1 
1 1 1 1 1 1 1 1 1 
1 1 1 1 1 1 1 1 1 
1 1 1 1 1 1 1 1 1 
1 1 1 1 1 1 1 1 1 
1 1 1 1 1 1 1 1 1 
1 1 1 1 1 1 1 1 1 
1 1 1 1 1 1 1 1 1 
1 1 1 1 1 1 1 1 1 
1 1 1 1 1 1 1 1 1 
1 1 1 1 1 1 1 1 1 
1 1 1 1 1 1 1 1 1 
1 1 1 1 1 1 1 1 1 
1 1 1 1 1 1 1 1 1 
1 1 1 1 1 1 1 1 1 
1 1 1 1 1 1 1 1 1 
1 1 1 1 1 1 1 1 1 
1 1 1 1 1 1 1 1 1 
1 1 1 1 1 1 1 1 1 
1 1 1 1 1 1 1 1 1 
1 1 1 1 1 1 1 1 1 
1 1 1 1 1 1 1 1 1 
1 1 1 1 1 1 1 1 1 
1 1 1 1 1 1 1 1 1 
1 1 1 1 1 1 1 1 1 
1 1 1 1 1 1 1 1 1 
1 1 1 1 1 1 1 1 1 
1 1 1 1 1 1 1 1 1 
1 1 1 1 1 1 1 1 1 
1 1 1 1 1 1 1 1 1 
1 1 1 1 1 1 1 1 1 
1 1 1 1 1 1 1 1 1 
1 1 1 1 1 1 1 1 1 
1 1 1 1 1 1 1 1 1 
1 1 1 1 1 1 1 1 1 
1 1 1 1 1 1 1 1 1 
1 1 1 1 1 1 1 1 1 
1 1 1 1 1 1 1 1 1 
1 1 1 1 1 1 1 1 1 
1 1 1 1 1 1 1 1 1 
1 1 1 1 1 1 1 1 1 
1 1 1 1 1 1 1 1 1 
1 1 1 1 1 1 1 1 1 
1 1 1 1 1 1 1 1 1 
1 1 1 1 1 1 1 1 1 
1 1 1 1 1 1 1 1 1 
1 1 1 1 1 1 1 1 1 
1 1 1 1 1 1 1 1 1 
1 1 1 1 1 1 1 1 1 
1 1 1 1 1 1 1 1 1 
1 1 1 1 1 1 1 1 1 
1 1 1 1 1 1 1 1 1 
1 1 1 1 1 1 1 1 1 
1 1 1 1 1 1 1 1 1 
1 1 1 1 1 1 1 1 1 
1 1 1 1 1 1 1 1 1 
1 1 1 1 1 1 1 1 1 
1 1 1 1 1 1 1 1 1 
1 1 1 1 1 1 1 1 1 
1 1 1 1 1 1 1 1 1 
1 1 1 1 1 1 1 1 1 
1 1 1 1 1 1 1 1 1 
1 1 1 1 1 1 1 1 1 
1 1 1 1 1 1 1 1 1 
1 1 1 1 1 1 1 1 1 
1 1 1 1 1 1 1 1 1 
1 1 1 1 1 1 1 1 1 
1 1 1 1 1 1 1 1 1 
1 1 1 1 1 1 1 1 1 
1 1 1 1 1 1 1 1 1 
1 1 1 1 1 1 1 1 1 
1 1 1 1 1 1 1 1 1 
1 1 1 1 1 1 1 1 1 
1 1 1 1 1 1 1 1 1 
1 1 1 1 1 1 1 1 1 
1 1 1 1 1 1 1 1 1 
1 1 1 1 1 1 1 1 1 
1 1 1 1 1 1 1 1 1 
1 1 1 1 1 1 1 1 1 
1 1 1 1 1 1 1 1 1 
1 1 1 1 1 1 1 1 1 
1 1 1 1 1 1 1 1 1 
1 1 1 1 1 1 1 1 1 
1 1 1 1 1 1 1 1 1 
1 1 1 1 1 1 1 1 1 
1 1 1 1 1 1 1 1 1 
1 1 1 1 1 1 1 1 1 
1 1 1 1 1 1 1 1 1 
1 1 1 1 1 1 1 1 1 
1 1 1 1 1 1 1 1 1 
1 1 1 1 1 1 1 1 1 
1 1 1 1 1 1 1 1 1 
1 1 1 1 1 1 1 1 1 
1 1 1 1 1 1 1 1 1 
1 1 1 1 1 1 1 1 1 
1 1 1 1 1 1 1 1 1 
1 1 1 1 1 1 1 1 1 
1 1 1 1 1 1 1 1 1 
1 1 1 1 1 1 1 1 1 
1 1 1 1 1 1 1 1 1 
1 1 1 1 1 1 1 1 1 
1 1 1 1 1 1 1 1 1 
1 1 1 1 1 1 1 1 1 
1 1 1 1 1 1 1 1 1 
1 1 1 1 1 1 1 1 1 
1 1 1 1 1 1 1 1 1 
1 1 1 1 1 1 1 1 1 
1 1 1 1 1 1 1 1 1 
1 1 1 1 1 1 1 1 1 
1 1 1 1 1 1 1 1 1 
1 1 1 1 1 1 1 1 1 
1 1 1 1 1 1 1 1 1 
1 1 1 1 1 1 1 1 1 
1 1 1 1 1 1 1 1 1 
1 1 1 1 1 1 1 1 1 
1 1 1 1 1 1 1 1 1 
1 1 1 1 1 1 1 1 1 
1 1 1 1 1 1 1 1 1 
1 1 1 1 1 1 1 1 1 
1 1 1 1 1 1 1 1 1 
1 1 1 1 1 1 1 1 1 
1 1 1 1 1 1 1 1 1 
1 1 1 1 1 1 1 1 1 
1 1 1 1 1 1 1 1 1 
1 1 1 1 1 1 1 1 1 
1 1 1 1 1 1 1 1 1 
1 1 1 1 1 1 1 1 1 
1 1 1 1 1 1 1 1 1 
1 1 1 1 1 1 1 1 1 
1 1 1 1 1 1 1 1 1 
1 1 1 1 1 1 1 1 1 
1 1 1 1 1 1 1 1 1 
1 1 1 1 1 1 1 1 1 
1 1 1 1 1 1 1 1 1 
1 1 1 1 1 1 1 1 1 
1 1 1 1 1 1 1 1 1 
1 1 1 1 1 1 1 1 1 
1 1 1 1 1 1 1 1 1 
1 1 1 1 1 1 1 1 1 
1 1 1 1 1 1 1 1 1 
1 1 1 1 1 1 1 1 1 
1 1 1 1 1 1 1 1 1 
1 1 1 1 1 1 1 1 1 
1 1 1 1 1 1 1 1 1 
1 1 1 1 1 1 1 1 1 
1 1 1 1 1 1 1 1 1 
1 1 1 1 1 1 1 1 1 
1 1 1 1 1 1 1 1 1 
1 1 1 1 1 1 1 1 1 
1 1 1 1 1 1 1 1 1 
1 1 1 1 1 1 1 1 1 
1 1 1 1 1 1 1 1 1 
1 1 1 1 1 1 1 1 1 
1 1 1 1 1 1 1 1 1 
1 1 1 1 1 1 1 1 1 
1 1 1 1 1 
