# vtk DataFile Version 5.1
vtk output
ASCII
DATASET POLYDATA
POINTS 3786 float
0.389476 -0.0481062 0.650494 0.390689 -0.0425982 0.630181 0.373643 -0.0527118 0.637359 
0.402982 -0.0579954 0.63768 0.179346 -0.0366317 0.662929 0.18056 -0.0311237 0.642616 
0.163513 -0.0412373 0.649795 0.208685 -0.0419153 0.663249 0.209899 -0.0364073 0.642936 
0.238025 -0.0471989 0.663569 0.239238 -0.0416909 0.643257 0.267364 -0.0524826 0.663889 
0.268578 -0.0469745 0.643577 0.296703 -0.0577662 0.66421 0.297917 -0.0522582 0.643897 
0.326043 -0.0630498 0.66453 0.327256 -0.0575418 0.644218 0.339549 -0.072939 0.651716 
0.385935 -0.068109 0.644858 0.115913 -0.0515753 0.676965 0.117127 -0.0460673 0.656653 
0.10008 -0.0561809 0.663831 0.145252 -0.0568589 0.677285 0.146466 -0.0513509 0.656973 
0.174592 -0.0621425 0.677606 0.188098 -0.0720317 0.664792 0.205145 -0.0619181 0.657613 
0.234484 -0.0672017 0.657934 0.263823 -0.0724854 0.658254 0.293163 -0.077769 0.658574 
0.322502 -0.0830526 0.658894 0.0818193 -0.0718025 0.691322 0.083033 -0.0662945 0.671009 
0.0659861 -0.0764081 0.678187 0.111159 -0.0770861 0.691642 0.124665 -0.0869753 0.678828 
0.141712 -0.0768617 0.67165 0.171051 -0.0821453 0.67197 0.0782786 -0.0918053 0.685686 
0.107618 -0.0970889 0.686006 0.376827 0.0447259 0.565518 0.378041 0.0502339 0.545205 
0.360994 0.0401203 0.552384 0.406166 0.0394423 0.565838 0.40738 0.0449503 0.545526 
0.419672 0.0295531 0.553024 0.284054 0.0350659 0.579234 0.285268 0.040574 0.558921 
0.268221 0.0304604 0.5661 0.313394 0.0297823 0.579554 0.314607 0.0352903 0.559242 
0.342733 0.0244987 0.579874 0.343947 0.0300067 0.559562 0.372073 0.0192151 0.580195 
0.401412 0.0139315 0.580515 0.431965 0.0141559 0.560523 0.430751 0.00864785 0.580835 
0.444257 -0.00124134 0.568021 0.161943 0.0306896 0.59263 0.163156 0.0361976 0.572317 
0.14611 0.026084 0.579495 0.191282 0.025406 0.59295 0.192496 0.030914 0.572637 
0.220621 0.0201224 0.59327 0.221835 0.0256304 0.572958 0.249961 0.0148387 0.59359 
0.251174 0.0203468 0.573278 0.2793 0.00955512 0.593911 0.308639 0.0042715 0.594231 
0.337979 -0.00101211 0.594551 0.367318 -0.00629573 0.594872 0.396657 -0.0115793 0.595192 
0.425997 -0.016863 0.595512 0.439503 -0.0267522 0.582698 0.0985097 0.015746 0.606666 
0.0997233 0.021254 0.586354 0.0826765 0.0111404 0.593532 0.127849 0.0104624 0.606986 
0.129063 0.0159704 0.586674 0.157188 0.00517877 0.607307 0.186528 -0.000104844 0.607627 
0.215867 -0.00538846 0.607947 0.245206 -0.0106721 0.608267 0.274546 -0.0159557 0.608588 
0.303885 -0.0212393 0.608908 0.333224 -0.0265229 0.609228 0.362564 -0.0318065 0.609548 
0.391903 -0.0370902 0.609869 0.421242 -0.0423738 0.610189 0.434749 -0.052263 0.597375 
0.0350766 0.000802424 0.620702 0.0362903 0.00631045 0.60039 0.0192434 -0.00380315 0.607568 
0.064416 -0.00448119 0.621023 0.0656296 0.00102683 0.60071 0.0937553 -0.00976481 0.621343 
0.123095 -0.0150484 0.621663 0.152434 -0.020332 0.621983 0.181773 -0.0256157 0.622304 
0.211113 -0.0308993 0.622624 0.240452 -0.0361829 0.622944 0.269791 -0.0414665 0.623264 
0.299131 -0.0467501 0.623585 0.32847 -0.0520337 0.623905 0.357809 -0.0573174 0.624225 
0.416488 -0.0678846 0.624866 0.429994 -0.0777738 0.612052 -0.0283564 -0.0141412 0.634739 
-0.0271428 -0.00863313 0.614426 -0.0441896 -0.0187467 0.621605 0.000982923 -0.0194248 0.635059 
0.00219657 -0.0139167 0.614747 0.0303223 -0.0247084 0.635379 0.0596616 -0.029992 0.6357 
0.089001 -0.0352756 0.63602 0.11834 -0.0405592 0.63634 0.14768 -0.0458429 0.63666 
0.353055 -0.0828282 0.638902 0.382394 -0.0881118 0.639222 0.395901 -0.098001 0.626409 
0.412947 -0.0878874 0.61923 -0.0624501 -0.0343684 0.649095 -0.0612365 -0.0288603 0.628783 
-0.0782833 -0.0389739 0.635961 -0.0331108 -0.039652 0.649416 -0.00377144 -0.0449356 0.649736 
0.0255679 -0.0502192 0.650056 0.0549073 -0.0555028 0.650376 0.0842466 -0.0607864 0.650697 
0.201604 -0.0819209 0.651978 0.230943 -0.0872045 0.652298 0.260283 -0.0924881 0.652618 
0.289622 -0.0977718 0.652939 0.303128 -0.107661 0.640125 0.320175 -0.0975473 0.632946 
0.349514 -0.102831 0.633267 0.378854 -0.108115 0.633587 -0.155223 -0.0440283 0.662811 
-0.154009 -0.0385203 0.642499 -0.171056 -0.0486339 0.649677 -0.125883 -0.0493119 0.663132 
-0.12467 -0.0438039 0.642819 -0.0965438 -0.0545956 0.663452 -0.0953302 -0.0490875 0.643139 
-0.0672045 -0.0598792 0.663772 -0.0378651 -0.0651628 0.664092 -0.0085258 -0.0704464 0.664413 
0.0208135 -0.07573 0.664733 0.0501529 -0.0810136 0.665053 0.122338 -0.10147 0.65288 
0.139385 -0.0913565 0.645702 0.168724 -0.0966401 0.646022 0.198063 -0.101924 0.646342 
0.227403 -0.107207 0.646662 0.256742 -0.112491 0.646983 0.286081 -0.117775 0.647303 
-0.189316 -0.0642555 0.677168 -0.188103 -0.0587475 0.656856 -0.205149 -0.0688611 0.664034 
-0.159977 -0.0695391 0.677488 -0.130638 -0.0748228 0.677809 -0.101298 -0.0801064 0.678129 
-0.0719589 -0.08539 0.678449 -0.0426195 -0.0906736 0.678769 -0.0132802 -0.0959572 0.67909 
0.0160592 -0.101241 0.67941 0.0295653 -0.11113 0.666596 0.0466122 -0.101016 0.659418 
0.0759515 -0.1063 0.659738 0.105291 -0.111584 0.660058 -0.192857 -0.0842583 0.671532 
-0.163518 -0.0895419 0.671853 -0.134178 -0.0948255 0.672173 -0.104839 -0.100109 0.672493 
-0.0925464 -0.115506 0.679992 -0.0767132 -0.110901 0.693126 -0.0473739 -0.116184 0.693446 
-0.0180345 -0.121468 0.693767 -0.00452838 -0.131357 0.680953 0.0125185 -0.121244 0.673774 
-0.0802539 -0.130904 0.68749 -0.0509146 -0.136187 0.687811 -0.0215752 -0.141471 0.688131 
0.349915 0.0610256 0.524573 0.351128 0.0665336 0.50426 0.334082 0.05642 0.511438 
0.379254 0.055742 0.524893 0.380468 0.06125 0.50458 0.408594 0.0504583 0.525213 
0.409807 0.0559664 0.504901 0.437933 0.0451747 0.525533 0.439147 0.0506827 0.505221 
0.451439 0.0352855 0.512719 0.286482 0.046082 0.538609 0.287695 0.05159 0.518296 
0.270649 0.0414764 0.525475 0.315821 0.0407984 0.538929 0.317035 0.0463064 0.518617 
0.34516 0.0355148 0.539249 0.433179 0.0196639 0.54021 0.446685 0.00977472 0.527396 
0.16437 0.0417056 0.552005 0.165584 0.0472137 0.531692 0.148537 0.0371001 0.538871 
0.193709 0.036422 0.552325 0.194923 0.04193 0.532013 0.223049 0.0311384 0.552645 
0.224262 0.0366464 0.532333 0.252388 0.0258548 0.552966 0.253602 0.0313628 0.532653 
0.44193 -0.0157361 0.542073 -0.163117 0.0743146 0.563159 -0.161903 0.0798226 0.542846 
-0.17895 0.069709 0.550025 -0.133778 0.069031 0.563479 -0.132564 0.074539 0.543166 
-0.104438 0.0637474 0.563799 -0.103225 0.0692554 0.543487 -0.0750991 0.0584638 0.564119 
-0.0738854 0.0639718 0.543807 -0.0457597 0.0531801 0.56444 -0.0445461 0.0586882 0.544127 
-0.0164204 0.0478965 0.56476 -0.0152067 0.0534046 0.544448 0.012919 0.0426129 0.56508 
0.0141326 0.0481209 0.544768 0.0422583 0.0373293 0.565401 0.0434719 0.0428373 0.545088 
0.0715976 0.0320457 0.565721 0.0728113 0.0375537 0.545408 0.100937 0.0267621 0.566041 
0.102151 0.0322701 0.545729 0.130276 0.0214784 0.566361 0.13149 0.0269865 0.546049 
0.42367 -0.0313577 0.569564 0.407837 -0.0359633 0.55643 0.424883 -0.0258497 0.549252 
-0.167871 0.0488038 0.577836 -0.183705 0.0441982 0.564701 -0.138532 0.0435202 0.578156 
-0.109193 0.0382366 0.578476 -0.0798535 0.0329529 0.578796 -0.0505141 0.0276693 0.579117 
-0.0211748 0.0223857 0.579437 0.00816459 0.0171021 0.579757 0.0375039 0.0118185 0.580077 
0.0668433 0.00653486 0.580398 0.418915 -0.0568685 0.584241 0.403082 -0.0614741 0.571107 
-0.172626 0.023293 0.592512 -0.188459 0.0186874 0.579378 -0.143286 0.0180094 0.592833 
-0.113947 0.0127257 0.593153 -0.0846078 0.00744213 0.593473 -0.0552685 0.00215851 0.593794 
-0.0259291 -0.0031251 0.594114 0.00341022 -0.00840872 0.594434 0.415375 -0.0768713 0.578605 
0.427667 -0.0922685 0.586104 -0.17738 -0.00221784 0.607189 -0.193213 -0.00682341 0.594055 
-0.148041 -0.00750145 0.60751 -0.118702 -0.0127851 0.60783 -0.0893622 -0.0180687 0.60815 
-0.0600228 -0.0233523 0.60847 0.393573 -0.112496 0.60046 0.41062 -0.102382 0.593282 
-0.180921 -0.0222206 0.601554 -0.168628 -0.0376178 0.609052 -0.152795 -0.0330123 0.622186 
-0.123456 -0.0382959 0.622507 -0.0941165 -0.0435795 0.622827 0.316634 -0.11755 0.627311 
0.345974 -0.122834 0.627631 0.35948 -0.132723 0.614817 0.376527 -0.122609 0.607639 
-0.173383 -0.0631287 0.623729 0.120011 -0.115965 0.626932 0.137058 -0.105851 0.619754 
0.166397 -0.111135 0.620074 0.195736 -0.116418 0.620394 0.225076 -0.121702 0.620714 
0.254415 -0.126986 0.621035 0.283754 -0.132269 0.621355 0.313094 -0.137553 0.621675 
0.342433 -0.142837 0.621995 -0.19043 -0.0732423 0.630907 -0.207476 -0.0833559 0.638086 
0.0272383 -0.125625 0.640648 0.0442851 -0.115511 0.63347 0.0736245 -0.120795 0.63379 
0.102964 -0.126078 0.63411 -0.195184 -0.0987531 0.645584 -0.165845 -0.104037 0.645905 
-0.136505 -0.10932 0.646225 -0.107166 -0.114604 0.646545 -0.0778266 -0.119888 0.646865 
-0.0790403 -0.125396 0.667178 -0.0655341 -0.135285 0.654364 -0.0203616 -0.135963 0.667818 
-0.0361948 -0.140568 0.654684 -0.0191479 -0.130455 0.647506 0.0101914 -0.135738 0.647826 
-0.0532416 -0.150682 0.661863 0.386436 0.0922688 0.469591 0.38765 0.0977769 0.449279 
0.370603 0.0876632 0.456457 0.415775 0.0869852 0.469911 0.416989 0.0924932 0.449599 
0.429281 0.077096 0.457097 0.323003 0.0773252 0.483627 0.324216 0.0828333 0.463315 
0.30717 0.0727197 0.470493 0.352342 0.0720416 0.483948 0.353556 0.0775497 0.463635 
0.381681 0.066758 0.484268 0.411021 0.0614744 0.484588 0.424527 0.0515852 0.471774 
0.288909 0.057098 0.497984 0.290123 0.0626061 0.477671 0.273076 0.0524925 0.48485 
0.318248 0.0518144 0.498304 0.436819 0.036188 0.479273 0.449112 0.0207908 0.486771 
-0.126596 0.105558 0.508177 -0.125382 0.111066 0.487865 -0.142429 0.100952 0.495043 
-0.0972568 0.100274 0.508497 -0.0960431 0.105782 0.488185 -0.0679174 0.0949906 0.508818 
-0.0667038 0.100499 0.488505 -0.0544113 0.0851014 0.496004 0.196137 0.0474381 0.5117 
0.19735 0.0529461 0.491388 0.180303 0.0428325 0.498566 0.225476 0.0421545 0.51202 
0.22669 0.0476625 0.491708 0.254815 0.0368708 0.512341 0.256029 0.0423789 0.492028 
0.444358 -0.00472004 0.501448 -0.13135 0.080047 0.522854 -0.147184 0.0754415 0.50972 
-0.102011 0.0747634 0.523174 -0.0726718 0.0694798 0.523494 -0.0421188 0.0697042 0.503502 
-0.0433324 0.0641962 0.523815 -0.0139931 0.0589126 0.524135 -0.0127794 0.0644206 0.503823 
0.0153463 0.053629 0.524455 0.0165599 0.059137 0.504143 0.0446856 0.0483453 0.524776 
0.0458992 0.0538534 0.504463 0.0740249 0.0430617 0.525096 0.0752386 0.0485698 0.504783 
0.103364 0.0377781 0.525416 0.104578 0.0432861 0.505104 0.132704 0.0324945 0.525736 
0.133917 0.0380025 0.505424 0.163257 0.0327189 0.505744 0.426097 -0.0203417 0.528939 
0.410264 -0.0249472 0.515805 0.427311 -0.0148336 0.508627 -0.164231 0.0653279 0.516898 
-0.181277 0.0552143 0.524076 0.40551 -0.0504581 0.530482 -0.199538 0.0395926 0.551567 
-0.198324 0.0451007 0.531255 -0.215371 0.0349871 0.538433 0.387249 -0.0660797 0.557973 
0.371416 -0.0706853 0.544838 0.388463 -0.0605717 0.53766 -0.204292 0.0140818 0.566244 
-0.220125 0.00947626 0.55311 0.382495 -0.0915905 0.572649 0.366661 -0.0961961 0.559515 
0.411834 -0.0968741 0.57297 -0.209047 -0.011429 0.580921 -0.22488 -0.0160346 0.567787 
0.37774 -0.117101 0.587326 0.361907 -0.121707 0.574192 -0.212587 -0.0314318 0.575285 
-0.184462 -0.0422234 0.595918 -0.200295 -0.046829 0.582784 0.226289 -0.116194 0.600402 
0.210456 -0.1208 0.587268 0.227503 -0.110686 0.580089 0.256842 -0.11597 0.58041 
0.255629 -0.121478 0.600722 0.269135 -0.131367 0.587908 0.343647 -0.137329 0.601683 
0.327813 -0.141934 0.588549 0.34486 -0.13182 0.58137 -0.189216 -0.0677342 0.610595 
-0.205049 -0.0723398 0.597461 0.0748381 -0.115287 0.613477 0.0590049 -0.119892 0.600343 
0.0760518 -0.109779 0.593165 0.105391 -0.115062 0.593485 0.104177 -0.12057 0.613798 
0.13473 -0.120346 0.593805 0.16407 -0.12563 0.594126 0.193409 -0.130913 0.594446 
0.281427 -0.146764 0.595407 0.310767 -0.152048 0.595727 -0.209804 -0.0978506 0.612138 
0.0114051 -0.13023 0.627514 -0.00442814 -0.134836 0.61438 0.0126187 -0.124722 0.607201 
0.0419581 -0.130006 0.607522 -0.197511 -0.113248 0.619636 -0.168172 -0.118531 0.619957 
-0.138832 -0.123815 0.620277 -0.109493 -0.129099 0.620597 -0.0801537 -0.134382 0.620917 
-0.0508143 -0.139666 0.621238 -0.052028 -0.145174 0.64155 -0.021475 -0.14495 0.621558 
0.330184 0.113852 0.428326 0.331398 0.11936 0.408013 0.314351 0.109247 0.415191 
0.359524 0.108568 0.428646 0.360737 0.114077 0.408333 0.37303 0.0986793 0.415832 
0.32543 0.0883413 0.443002 0.309597 0.0837357 0.429868 0.354769 0.0830577 0.443323 
0.385322 0.0832821 0.42333 0.413448 0.0724904 0.443963 0.397615 0.0678849 0.430829 
-0.119414 0.142085 0.452875 -0.118201 0.147593 0.432563 -0.135248 0.137479 0.439741 
-0.105908 0.132196 0.440061 0.261997 0.0733977 0.457039 0.263211 0.0789057 0.436726 
0.246164 0.0687921 0.443905 0.291336 0.0681141 0.457359 0.29255 0.0736221 0.437046 
0.409907 0.0524877 0.438328 0.4222 0.0370904 0.445826 -0.182847 0.127141 0.466912 
-0.181634 0.132649 0.446599 -0.198681 0.122536 0.453777 -0.169341 0.117252 0.454098 
-0.124169 0.116574 0.467552 -0.140002 0.111968 0.454418 -0.0936158 0.116798 0.44756 
-0.0948295 0.11129 0.467872 -0.0654901 0.106007 0.468193 -0.0642765 0.111515 0.44788 
-0.0361508 0.100723 0.468513 -0.0349371 0.106231 0.4482 -0.0226446 0.0908339 0.455699 
0.227903 0.0531705 0.471395 0.229117 0.0586785 0.451083 0.21207 0.0485649 0.458261 
0.257243 0.0478869 0.471716 0.433279 0.0161852 0.473637 0.417446 0.0115796 0.460503 
-0.216941 0.106914 0.481268 -0.215728 0.112422 0.460956 -0.232774 0.102308 0.468134 
-0.186388 0.107138 0.461276 -0.203435 0.0970248 0.468454 -0.157049 0.101855 0.461596 
-0.174096 0.0917411 0.468775 -0.158263 0.0963467 0.481909 -0.0409051 0.0752122 0.48319 
-0.0103521 0.0754367 0.463198 -0.0115658 0.0699286 0.48351 0.0177736 0.064645 0.48383 
0.0189872 0.070153 0.463518 0.0471129 0.0593614 0.484151 0.0483265 0.0648694 0.463838 
0.0764522 0.0540778 0.484471 0.0776659 0.0595858 0.464158 0.105792 0.0487942 0.484791 
0.107005 0.0543022 0.464479 0.135131 0.0435105 0.485111 0.136345 0.0490186 0.464799 
0.16447 0.0382269 0.485432 0.165684 0.043735 0.465119 0.195023 0.0384513 0.465439 
0.428524 -0.00932562 0.488314 0.412691 -0.0139312 0.47518 -0.251035 0.0866868 0.495625 
-0.249821 0.0921948 0.475312 -0.266868 0.0820812 0.482491 -0.221696 0.0814031 0.495945 
-0.208189 0.0715139 0.483131 -0.163017 0.0708359 0.496586 -0.17885 0.0662303 0.483451 
0.407937 -0.039442 0.489857 -0.255789 0.0611759 0.510302 -0.271622 0.0565704 0.497168 
-0.22645 0.0558923 0.510622 -0.195897 0.0561167 0.49063 -0.197111 0.0506087 0.510942 
0.389676 -0.0550636 0.517348 0.373843 -0.0596692 0.504213 0.39089 -0.0495556 0.497035 
-0.260544 0.0356651 0.524979 -0.276377 0.0310595 0.511844 -0.231204 0.0303815 0.525299 
0.355583 -0.0752908 0.531704 0.339749 -0.0798964 0.51857 0.356796 -0.0697828 0.511392 
-0.264084 0.0156623 0.519343 -0.251792 0.000265115 0.526842 -0.235959 0.00487069 0.539976 
0.350828 -0.100802 0.546381 0.334995 -0.105407 0.533247 -0.240713 -0.0206401 0.554653 
-0.256546 -0.0252457 0.541518 0.346074 -0.126312 0.561058 0.330241 -0.130918 0.547924 
-0.245467 -0.0461509 0.56933 -0.261301 -0.0507565 0.556195 -0.216128 -0.0514346 0.56965 
0.194623 -0.125405 0.574134 0.17879 -0.130011 0.560999 0.195836 -0.119897 0.553821 
0.225176 -0.125181 0.554141 0.254515 -0.130464 0.554462 0.283854 -0.135748 0.554782 
0.282641 -0.141256 0.575094 0.313194 -0.141032 0.555102 0.31198 -0.14654 0.575415 
-0.250222 -0.0716618 0.584006 -0.266055 -0.0762673 0.570872 -0.220882 -0.0769454 0.584327 
0.0566778 -0.134387 0.574395 0.0737247 -0.124274 0.567217 0.103064 -0.129557 0.567537 
0.132403 -0.134841 0.567857 0.161743 -0.140124 0.568178 -0.253762 -0.0916645 0.578371 
-0.224423 -0.0969482 0.578691 -0.195084 -0.102232 0.579011 -0.196297 -0.10774 0.599324 
-0.165744 -0.107515 0.579332 -0.166958 -0.113023 0.599644 -0.136405 -0.112799 0.579652 
-0.137619 -0.118307 0.599964 -0.107066 -0.118083 0.579972 -0.108279 -0.123591 0.600285 
-0.0947732 -0.13348 0.587471 -0.0202613 -0.139442 0.601245 -0.0360946 -0.144047 0.588111 
-0.0190477 -0.133933 0.580933 0.0102916 -0.139217 0.581253 0.039631 -0.144501 0.581573 
-0.0824808 -0.148877 0.594969 -0.0531414 -0.154161 0.59529 0.273933 0.135435 0.38706 
0.275147 0.140943 0.366748 0.2581 0.13083 0.373926 0.287439 0.125546 0.374246 
0.269179 0.109925 0.401737 0.253345 0.105319 0.388603 0.299732 0.110149 0.381745 
0.298518 0.104641 0.402057 0.329071 0.104865 0.382065 0.357197 0.0940737 0.402698 
0.341364 0.0894682 0.389564 -0.0876478 0.147817 0.412571 -0.0864342 0.153325 0.392258 
-0.103481 0.143212 0.399436 -0.0741417 0.137928 0.399757 0.264424 0.0844138 0.416414 
0.248591 0.0798082 0.40328 0.293764 0.0791302 0.416734 0.353656 0.0740709 0.397062 
0.381782 0.0632793 0.417695 0.365949 0.0586737 0.404561 -0.151081 0.132874 0.426607 
-0.149867 0.138382 0.406294 -0.166914 0.128268 0.413473 -0.120528 0.133098 0.406615 
-0.0924022 0.122306 0.427247 -0.0618492 0.122531 0.407255 -0.0630628 0.117023 0.427568 
-0.0337235 0.111739 0.427888 -0.0325098 0.117247 0.407575 -0.00438413 0.106455 0.428208 
-0.00317048 0.111964 0.407896 0.00912201 0.0965663 0.415394 0.230331 0.0641866 0.43077 
0.231544 0.0696946 0.410458 0.214497 0.059581 0.417636 0.378241 0.0432765 0.412059 
0.406367 0.0324849 0.432692 0.390534 0.0278793 0.419558 -0.214514 0.11793 0.440643 
-0.2133 0.123438 0.420331 -0.230347 0.113324 0.427509 -0.183961 0.118154 0.420651 
-0.155835 0.107363 0.441284 -0.00913849 0.0809447 0.442885 0.0214145 0.0811691 0.422893 
0.0202009 0.0756611 0.443205 0.0495402 0.0703775 0.443526 0.0507539 0.0758855 0.423213 
0.0630463 0.0604883 0.430712 0.137558 0.0545266 0.444486 0.138772 0.0600346 0.424174 
0.121725 0.049921 0.431352 0.166898 0.049243 0.444807 0.168111 0.054751 0.424494 
0.196237 0.0439594 0.445127 0.197451 0.0494674 0.424814 0.402826 0.0124821 0.427056 
0.415118 -0.00291514 0.434555 -0.248608 0.0977028 0.455 -0.247394 0.103211 0.434687 
-0.264441 0.0930972 0.441866 -0.189929 0.0871356 0.45564 0.0753388 0.045091 0.43821 
0.104678 0.0398074 0.438531 0.410364 -0.028426 0.449232 -0.282701 0.0774756 0.469356 
-0.281488 0.0829836 0.449044 -0.298535 0.07287 0.456222 -0.194683 0.0616248 0.470317 
0.392104 -0.0440476 0.476723 0.37627 -0.0486532 0.463588 0.393317 -0.0385396 0.45641 
-0.287456 0.0519648 0.484033 -0.303289 0.0473592 0.470899 0.371516 -0.074164 0.478265 
-0.29221 0.026454 0.49871 -0.308043 0.0218484 0.485576 0.337422 -0.0943912 0.492622 
0.354469 -0.0842776 0.485444 -0.326304 0.00622678 0.513067 -0.32509 0.0117348 0.492754 
-0.342137 0.0016212 0.499933 -0.296964 0.000943159 0.513387 -0.267625 -0.00434046 0.513707 
0.319162 -0.110013 0.520113 0.303329 -0.114618 0.506979 0.320376 -0.104505 0.4998 
-0.329844 -0.013776 0.507431 -0.317552 -0.0291732 0.51493 -0.301719 -0.0245677 0.528064 
-0.272379 -0.0298513 0.528384 0.314407 -0.135524 0.53479 0.298574 -0.140129 0.521655 
-0.305259 -0.0445704 0.522428 -0.292967 -0.0599677 0.529927 -0.277134 -0.0553621 0.543061 
0.104278 -0.124049 0.547225 0.0884445 -0.128655 0.53409 0.105491 -0.118541 0.526912 
0.134831 -0.123825 0.527232 0.133617 -0.129333 0.547545 0.16417 -0.129108 0.527553 
0.162956 -0.134616 0.547865 0.193509 -0.134392 0.527873 0.222849 -0.139676 0.528193 
0.252188 -0.144959 0.528513 0.281527 -0.150243 0.528834 -0.280675 -0.0753649 0.537426 
-0.268382 -0.0907621 0.544924 0.0408446 -0.138993 0.561261 0.0250114 -0.143598 0.548127 
0.0420583 -0.133485 0.540948 0.0713976 -0.138768 0.541269 -0.25609 -0.106159 0.552423 
-0.22675 -0.111443 0.552743 -0.197411 -0.116727 0.553063 -0.168071 -0.12201 0.553383 
-0.138732 -0.127294 0.553704 -0.109393 -0.132577 0.554024 -0.0800534 -0.137861 0.554344 
-0.0812671 -0.143369 0.574657 -0.0507141 -0.143145 0.554665 -0.0519278 -0.148653 0.574977 
-0.0213748 -0.148428 0.554985 0.00796459 -0.153712 0.555305 0.242267 0.126224 0.360792 
0.24348 0.131732 0.340479 0.226433 0.121619 0.347657 0.27282 0.126449 0.340799 
0.285112 0.111051 0.348298 0.208173 0.105997 0.375148 0.209387 0.111505 0.354836 
0.19234 0.101391 0.362014 0.237512 0.100713 0.375469 0.297405 0.0956542 0.355797 
0.32553 0.0848626 0.376429 0.309697 0.080257 0.363295 -0.148654 0.14389 0.385982 
-0.14744 0.149398 0.365669 -0.164487 0.139284 0.372848 -0.119314 0.138606 0.386302 
-0.118101 0.144114 0.36599 -0.0887612 0.13883 0.36631 -0.0606355 0.128039 0.386943 
-0.0594219 0.133547 0.36663 -0.0312962 0.122755 0.387263 -0.0300825 0.128263 0.366951 
-0.00195683 0.117472 0.387583 -0.000743177 0.12298 0.367271 0.0115493 0.107582 0.374769 
0.174079 0.0857699 0.389505 0.175293 0.0912779 0.369192 0.158246 0.0811643 0.376371 
0.203419 0.0804862 0.389825 0.232758 0.0752026 0.390145 0.32199 0.0648598 0.370794 
0.350115 0.0540682 0.391426 0.334282 0.0494626 0.378292 -0.182747 0.123662 0.400339 
-0.181534 0.12917 0.380026 -0.19858 0.119057 0.387204 0.0226282 0.0866771 0.40258 
0.0238418 0.0921851 0.382268 0.0519675 0.0813935 0.402901 0.0531812 0.0869015 0.382588 
0.0654736 0.0715043 0.390087 0.139986 0.0655427 0.403861 0.141199 0.0710507 0.383549 
0.124152 0.0609371 0.390727 0.169325 0.060259 0.404182 0.198664 0.0549754 0.404502 
0.346575 0.0340654 0.385791 0.3747 0.0232737 0.406424 0.358867 0.0186682 0.393289 
-0.24618 0.108719 0.414375 -0.244967 0.114227 0.394062 -0.262014 0.104113 0.401241 
-0.215627 0.108943 0.394383 0.0765525 0.0505991 0.417898 0.0777661 0.0561071 0.397585 
0.105892 0.0453155 0.418218 0.107105 0.0508235 0.397906 0.369946 -0.00223709 0.4211 
0.354113 -0.00684267 0.407966 0.399285 -0.00752071 0.421421 -0.280274 0.0884917 0.428732 
-0.27906 0.0939997 0.408419 -0.296107 0.0838861 0.415597 0.366405 -0.0222399 0.415465 
0.394531 -0.0330315 0.436098 0.378698 -0.0376371 0.422963 -0.343707 0.0735481 0.442768 
-0.342493 0.0790561 0.422455 -0.35954 0.0689425 0.429634 -0.314368 0.0682645 0.443088 
-0.313154 0.0737725 0.422776 0.373943 -0.0631479 0.43764 -0.347248 0.0535453 0.437132 
-0.334955 0.0381481 0.444631 -0.319122 0.0427536 0.457765 0.355683 -0.0787695 0.465131 
0.33985 -0.0833751 0.451997 0.356896 -0.0732615 0.444819 -0.323876 0.0172428 0.472442 
-0.33971 0.0126373 0.459308 0.321589 -0.0989967 0.479488 0.305756 -0.103602 0.466354 
0.322803 -0.0934887 0.459175 -0.328631 -0.00826799 0.487119 -0.327417 -0.00275996 0.466806 
-0.315125 -0.0181572 0.474305 0.301002 -0.129113 0.48103 -0.319879 -0.043668 0.488982 
0.282741 -0.144735 0.508521 0.266908 -0.14934 0.495387 0.283955 -0.139227 0.488209 
-0.307587 -0.0590652 0.49648 -0.295294 -0.0744624 0.503979 0.0726113 -0.13326 0.520956 
0.0567781 -0.137866 0.507822 0.0738249 -0.127752 0.500644 0.103164 -0.133036 0.500964 
0.132504 -0.138319 0.501284 0.161843 -0.143603 0.501605 0.191182 -0.148887 0.501925 
0.220522 -0.15417 0.502245 0.249861 -0.159454 0.502565 -0.283002 -0.0898596 0.511477 
-0.253662 -0.0951433 0.511798 -0.254876 -0.100651 0.53211 -0.224323 -0.100427 0.512118 
-0.225537 -0.105935 0.53243 -0.194984 -0.10571 0.512438 -0.196197 -0.111219 0.532751 
-0.165644 -0.110994 0.512758 -0.166858 -0.116502 0.533071 -0.153352 -0.126391 0.520257 
0.00917824 -0.148204 0.534993 -0.00665496 -0.152809 0.521858 0.0103919 -0.142696 0.51468 
0.0397312 -0.147979 0.515 -0.141059 -0.141789 0.527756 -0.11172 -0.147072 0.528076 
-0.0823805 -0.152356 0.528396 -0.0530412 -0.157639 0.528716 -0.0237018 -0.162923 0.529037 
0.151922 0.12758 0.333883 0.153135 0.133088 0.31357 0.136088 0.122975 0.320749 
0.181261 0.122297 0.334203 0.182475 0.127805 0.313891 0.2106 0.117013 0.334523 
0.211814 0.122521 0.314211 0.241153 0.117238 0.314531 0.269279 0.106446 0.335164 
0.253446 0.10184 0.32203 -0.116887 0.149622 0.345677 -0.115673 0.15513 0.325365 
-0.13272 0.145017 0.332543 -0.0875476 0.144338 0.345998 -0.0863339 0.149846 0.325685 
-0.0582082 0.139055 0.346318 -0.0569946 0.144563 0.326005 -0.0288689 0.133771 0.346638 
-0.0276552 0.139279 0.326326 -0.0153627 0.123882 0.333824 0.117828 0.107353 0.348239 
0.119042 0.112861 0.327927 0.101995 0.102748 0.335105 0.147167 0.10207 0.34856 
0.176507 0.0967859 0.34888 0.265738 0.0864431 0.329528 0.293864 0.0756514 0.350161 
0.278031 0.0710459 0.337027 -0.149767 0.134903 0.339721 -0.166814 0.124789 0.3469 
-0.00307024 0.108485 0.341323 0.0250555 0.0976932 0.361955 0.0262691 0.103201 0.341643 
0.0543948 0.0924096 0.362276 0.0556085 0.0979176 0.341963 0.0837341 0.0871259 0.362596 
0.0849478 0.092634 0.342284 0.113073 0.0818423 0.362916 0.142413 0.0765587 0.363237 
0.290323 0.0556487 0.344525 0.318449 0.044857 0.365158 0.302616 0.0402514 0.352024 
-0.214414 0.114451 0.37407 -0.2132 0.119959 0.353758 -0.230247 0.109846 0.360936 
-0.183861 0.114676 0.354078 0.0789798 0.0616151 0.377273 0.108319 0.0563315 0.377593 
0.314908 0.0248542 0.359523 0.343034 0.0140626 0.380155 0.327201 0.009457 0.367021 
-0.247294 0.0997321 0.368114 -0.264341 0.0896185 0.375293 0.33828 -0.0114482 0.394832 
0.322446 -0.0160538 0.381698 -0.31194 0.0792805 0.402463 -0.310727 0.0847885 0.382151 
-0.327774 0.0746749 0.389329 -0.281387 0.0795049 0.382471 0.334739 -0.031451 0.389197 
0.362865 -0.0422427 0.409829 0.347031 -0.0468482 0.396695 -0.346034 0.0590533 0.41682 
-0.332528 0.0491641 0.404006 0.35811 -0.0677535 0.424506 0.342277 -0.0723591 0.411372 
-0.349575 0.0390505 0.411184 -0.366622 0.0289369 0.418362 -0.350789 0.0335425 0.431497 
0.337523 -0.0978699 0.426049 -0.354329 0.0135397 0.425861 -0.342037 -0.00185751 0.43336 
0.303429 -0.118097 0.440405 0.320476 -0.107983 0.433227 -0.329744 -0.0172547 0.440858 
-0.317452 -0.0326519 0.448357 0.285168 -0.133719 0.467896 0.269335 -0.138324 0.454762 
0.286382 -0.128211 0.447584 -0.305159 -0.0480492 0.455855 -0.306373 -0.0535572 0.476168 
-0.292867 -0.0634464 0.463354 0.251075 -0.153946 0.482253 0.235241 -0.158551 0.469119 
0.252288 -0.148438 0.46194 -0.297621 -0.0889572 0.478031 0.0409449 -0.142471 0.494688 
0.0251117 -0.147077 0.481554 0.0421585 -0.136963 0.474375 0.0714979 -0.142247 0.474696 
0.100837 -0.147531 0.475016 0.130177 -0.152814 0.475336 0.159516 -0.158098 0.475656 
0.188855 -0.163381 0.475977 0.218195 -0.168665 0.476297 -0.285329 -0.104354 0.485529 
-0.255989 -0.109638 0.48585 -0.22665 -0.114922 0.48617 -0.197311 -0.120205 0.48649 
-0.167971 -0.125489 0.48681 -0.138632 -0.130772 0.487131 -0.139846 -0.136281 0.507443 
-0.109293 -0.136056 0.487451 -0.110506 -0.141564 0.507763 -0.0799532 -0.14134 0.487771 
-0.0811669 -0.146848 0.508084 -0.0506139 -0.146623 0.488091 -0.0518275 -0.152131 0.508404 
-0.0212745 -0.151907 0.488412 -0.0224882 -0.157415 0.508724 0.00806483 -0.157191 0.488732 
-0.0557809 0.150071 0.305693 -0.0545673 0.155579 0.28538 -0.0716141 0.145465 0.292559 
-0.0264416 0.144787 0.306013 -0.0252279 0.150295 0.285701 -0.0129354 0.134898 0.293199 
0.120255 0.118369 0.307614 0.121469 0.123877 0.287302 0.104422 0.113764 0.29448 
0.150808 0.118594 0.287622 0.180147 0.11331 0.287942 0.209487 0.108026 0.288263 
0.237613 0.0972347 0.308895 0.221779 0.0926292 0.295761 -0.148553 0.140411 0.319409 
-0.14734 0.145919 0.299096 -0.164387 0.135805 0.306275 -0.118 0.140635 0.299417 
-0.088661 0.135352 0.299737 -0.00185659 0.113993 0.32101 -0.000642937 0.119501 0.300698 
0.0274828 0.108709 0.32133 0.0286964 0.114217 0.301018 0.0568221 0.103426 0.321651 
0.0580358 0.108934 0.301338 0.0861614 0.098142 0.321971 0.0873751 0.10365 0.301659 
0.234072 0.0772319 0.30326 0.262198 0.0664403 0.323893 0.246364 0.0618347 0.310758 
-0.182647 0.120184 0.333766 -0.181433 0.125692 0.313453 -0.19848 0.115578 0.320631 
0.258657 0.0464375 0.318257 0.286783 0.0356459 0.33889 0.270949 0.0310403 0.325756 
-0.24608 0.10524 0.347802 -0.244866 0.110748 0.327489 -0.261913 0.100635 0.334668 
-0.215527 0.105465 0.32781 0.283242 0.0156431 0.333254 0.311367 0.00485143 0.353887 
0.295534 0.000245859 0.340753 -0.309513 0.0902966 0.361838 -0.308299 0.0958046 0.341526 
-0.325346 0.085691 0.348704 -0.280174 0.085013 0.362158 -0.27896 0.090521 0.341846 
0.306613 -0.0206594 0.368564 0.29078 -0.025265 0.35543 -0.343607 0.0700694 0.376195 
-0.342393 0.0755774 0.355882 -0.35944 0.0654638 0.363061 0.303072 -0.0406622 0.362928 
0.331198 -0.0514538 0.383561 0.315365 -0.0560594 0.370427 -0.347148 0.0500666 0.370559 
-0.334855 0.0346694 0.378058 0.326444 -0.0769646 0.398238 0.310611 -0.0815702 0.385104 
-0.351902 0.0245558 0.385236 -0.368949 0.0144422 0.392414 0.322903 -0.0969674 0.392602 
0.335196 -0.112365 0.400101 -0.356656 -0.000955052 0.399913 -0.344364 -0.0163523 0.407412 
0.301102 -0.132592 0.414457 0.318149 -0.122478 0.407279 -0.332071 -0.0317495 0.41491 
-0.319779 -0.0471467 0.422409 0.253502 -0.14293 0.441628 0.237669 -0.147535 0.428494 
0.254716 -0.137422 0.421315 0.284055 -0.142705 0.421636 -0.307486 -0.0625439 0.429907 
-0.295194 -0.0779411 0.437406 0.190069 -0.157873 0.455664 0.174236 -0.162479 0.44253 
0.191283 -0.152365 0.435352 0.220622 -0.157649 0.435672 0.219408 -0.163157 0.455985 
-0.282901 -0.0933383 0.444904 -0.284115 -0.0988464 0.465217 -0.270609 -0.108736 0.452403 
-0.0200609 -0.146399 0.468099 -0.0358941 -0.151004 0.454965 -0.0188472 -0.140891 0.447787 
0.0104921 -0.146175 0.448107 0.00927848 -0.151683 0.46842 0.0398315 -0.151458 0.448427 
0.0691708 -0.156742 0.448748 0.0985102 -0.162025 0.449068 0.12785 -0.167309 0.449388 
0.157189 -0.172593 0.449708 -0.258316 -0.124133 0.459902 -0.228977 -0.129416 0.460222 
-0.199638 -0.1347 0.460542 -0.170298 -0.139984 0.460862 -0.140959 -0.145267 0.461183 
-0.11162 -0.150551 0.461503 -0.0822803 -0.155834 0.461823 -0.0529409 -0.161118 0.462143 
-0.116787 0.146143 0.279104 -0.115573 0.151651 0.258792 -0.13262 0.141538 0.26597 
-0.0874473 0.14086 0.279424 -0.0862337 0.146368 0.259112 -0.0568943 0.141084 0.259432 
-0.027555 0.135801 0.259753 0.000570713 0.125009 0.280385 0.00178436 0.130517 0.260073 
0.0299101 0.119725 0.280706 0.0311237 0.125233 0.260393 0.0592494 0.114442 0.281026 
0.0604631 0.11995 0.260713 0.0885888 0.109158 0.281346 0.0898024 0.114666 0.261034 
0.119142 0.109382 0.261354 0.148481 0.104099 0.261674 0.17782 0.0988152 0.261994 
0.205946 0.0880236 0.282627 0.190113 0.083418 0.269493 -0.18022 0.1312 0.293141 
-0.179006 0.136708 0.272828 -0.196053 0.126594 0.280006 -0.149667 0.131424 0.273148 
0.202405 0.0680208 0.276992 0.231745 0.0627372 0.277312 0.244037 0.04734 0.28481 
-0.214313 0.110973 0.307497 -0.2131 0.116481 0.287185 -0.230147 0.106367 0.294363 
0.255116 0.0264347 0.312621 0.239283 0.0218291 0.299487 -0.277746 0.096029 0.321534 
-0.276533 0.101537 0.301221 -0.29358 0.0914234 0.308399 -0.247193 0.0962534 0.301541 
0.251575 0.00643193 0.306986 0.279701 -0.00435971 0.327619 0.263868 -0.00896529 0.314484 
-0.34118 0.0810854 0.33557 -0.339966 0.0865934 0.315257 -0.357013 0.0764798 0.322436 
-0.310627 0.0813098 0.315578 0.274947 -0.0298705 0.342295 0.259114 -0.0344761 0.329161 
-0.375273 0.0608582 0.349926 -0.37406 0.0663662 0.329614 -0.391106 0.0562526 0.336792 
0.271406 -0.0498733 0.33666 0.299532 -0.060665 0.357293 0.283698 -0.0652705 0.344158 
-0.378814 0.0408554 0.344291 -0.350688 0.0300638 0.364924 -0.366521 0.0254582 0.351789 
0.295991 -0.0806677 0.351657 0.308283 -0.096065 0.359156 -0.371276 -5.25986e-05 0.366466 
0.319362 -0.11697 0.386967 0.303529 -0.121576 0.373832 -0.358983 -0.0154498 0.373965 
-0.346691 -0.030847 0.381463 0.285269 -0.137197 0.401323 0.269435 -0.141803 0.388189 
0.286482 -0.131689 0.381011 -0.334398 -0.0462442 0.388962 -0.322106 -0.0616415 0.396461 
0.221836 -0.152141 0.41536 0.206002 -0.156747 0.402225 0.223049 -0.146633 0.395047 
0.252389 -0.151917 0.395367 -0.309813 -0.0770387 0.403959 -0.297521 -0.0924359 0.411458 
0.0117058 -0.140666 0.427795 -0.00412742 -0.145272 0.41466 0.0129194 -0.135158 0.407482 
0.0422588 -0.140442 0.407802 0.0410451 -0.14595 0.428115 0.0545513 -0.155839 0.415301 
0.129063 -0.161801 0.429076 0.11323 -0.166407 0.415941 0.130277 -0.156293 0.408763 
0.159616 -0.161577 0.409083 0.158403 -0.167085 0.429396 0.188956 -0.16686 0.409404 
-0.285228 -0.107833 0.418956 -0.255889 -0.113117 0.419277 -0.257103 -0.118625 0.439589 
-0.22655 -0.1184 0.419597 -0.227763 -0.123908 0.439909 -0.214257 -0.133798 0.427095 
-0.110406 -0.145043 0.44119 -0.126239 -0.149648 0.428056 -0.109192 -0.139535 0.420878 
-0.079853 -0.144818 0.421198 -0.0810666 -0.150326 0.441511 -0.0505136 -0.150102 0.421518 
-0.0517273 -0.15561 0.441831 -0.0211743 -0.155386 0.421839 0.0668438 -0.171237 0.4228 
0.0961831 -0.17652 0.42312 -0.201965 -0.149195 0.434594 -0.172625 -0.154478 0.434914 
-0.143286 -0.159762 0.435235 -0.0556807 0.146592 0.23912 -0.054467 0.1521 0.218807 
-0.0715139 0.141987 0.225986 -0.0263413 0.141309 0.23944 -0.0251277 0.146817 0.219128 
0.00299801 0.136025 0.23976 0.00421167 0.141533 0.219448 0.0165042 0.126136 0.226946 
-0.148453 0.136932 0.252836 -0.147239 0.14244 0.232523 -0.164286 0.132327 0.239702 
-0.1179 0.137157 0.232844 -0.0885607 0.131873 0.233164 0.0287966 0.110739 0.234445 
0.058136 0.105455 0.234765 0.0874753 0.100171 0.235085 0.116815 0.0948877 0.235406 
0.146154 0.0896041 0.235726 0.175493 0.0843205 0.236046 0.187786 0.0689232 0.243545 
-0.181333 0.122213 0.24688 -0.19838 0.112099 0.254058 0.200078 0.053526 0.251043 
0.228204 0.0427344 0.271676 0.212371 0.0381288 0.258542 -0.24598 0.101761 0.281229 
-0.244766 0.107269 0.260916 -0.261813 0.0971559 0.268095 -0.215427 0.101986 0.261237 
0.224663 0.0227316 0.266041 0.236956 0.00733438 0.273539 -0.309413 0.0868179 0.295265 
-0.308199 0.0923259 0.274953 -0.325246 0.0822123 0.282131 -0.27886 0.0870423 0.275273 
0.248035 -0.0135709 0.30135 0.232201 -0.0181764 0.288216 -0.372846 0.0718743 0.309301 
-0.371632 0.0773823 0.288989 -0.388679 0.0672687 0.296167 -0.342293 0.0720987 0.289309 
0.244494 -0.0335736 0.295715 0.256786 -0.0489709 0.303213 -0.393434 0.0417579 0.310844 
0.267865 -0.0698761 0.331024 0.252032 -0.0744817 0.31789 -0.381141 0.0263607 0.318343 
-0.368849 0.0109635 0.325841 0.264325 -0.0898789 0.325389 0.29245 -0.100671 0.346021 
0.276617 -0.105276 0.332887 -0.356556 -0.00443376 0.33334 -0.35777 -0.00994179 0.353652 
-0.344264 -0.019831 0.340838 0.287696 -0.126181 0.360698 0.271863 -0.130787 0.347564 
-0.349018 -0.0453418 0.355515 0.253602 -0.146409 0.375055 0.237769 -0.151014 0.361921 
0.254816 -0.140901 0.354742 -0.336725 -0.060739 0.363014 -0.324433 -0.0761362 0.370513 
0.203675 -0.171241 0.376277 0.220722 -0.161128 0.369099 -0.31214 -0.0915334 0.378011 
-0.299848 -0.106931 0.38551 -0.0199606 -0.149878 0.401526 -0.0357938 -0.154483 0.388392 
-0.018747 -0.14437 0.381214 0.0105924 -0.149653 0.381534 0.0399317 -0.154937 0.381854 
0.0692711 -0.16022 0.382175 0.0680574 -0.165728 0.402487 0.0986104 -0.165504 0.382495 
0.0973968 -0.171012 0.402807 0.12795 -0.170788 0.382815 0.157289 -0.176071 0.383135 
0.186628 -0.181355 0.383456 -0.287555 -0.122328 0.393008 -0.258216 -0.127611 0.393328 
-0.228877 -0.132895 0.393649 -0.199537 -0.138179 0.393969 -0.200751 -0.143687 0.414282 
-0.170198 -0.143462 0.394289 -0.171412 -0.14897 0.414602 -0.140859 -0.148746 0.39461 
-0.142072 -0.154254 0.414922 -0.111519 -0.15403 0.39493 -0.08218 -0.159313 0.39525 
-0.0528407 -0.164597 0.39557 -0.116686 0.142665 0.212531 -0.115473 0.148173 0.192219 
-0.13252 0.138059 0.199397 -0.0873471 0.137381 0.212851 -0.0861334 0.142889 0.192539 
-0.0567941 0.137605 0.192859 -0.0274547 0.132322 0.193179 0.0018846 0.127038 0.1935 
0.0300103 0.116247 0.214132 0.0312239 0.121755 0.19382 0.0593496 0.110963 0.214453 
0.0605633 0.116471 0.19414 0.0728558 0.101074 0.201639 -0.149566 0.127945 0.206575 
-0.166613 0.117832 0.213754 0.0851483 0.0856766 0.209137 0.114488 0.0803929 0.209458 
0.143827 0.0751093 0.209778 0.171953 0.0643177 0.230411 0.156119 0.0597121 0.217277 
-0.243553 0.112777 0.240604 -0.242339 0.118286 0.220291 -0.259386 0.108172 0.22747 
-0.214213 0.107494 0.240924 -0.213 0.113002 0.220612 -0.18366 0.107718 0.220932 
0.168412 0.0443149 0.224775 0.196538 0.0335232 0.245408 0.180704 0.0289177 0.232274 
-0.277646 0.0925503 0.25496 -0.276433 0.0980583 0.234648 -0.293479 0.0879447 0.241826 
0.192997 0.0135205 0.239772 0.221123 0.00272881 0.260405 0.205289 -0.00187676 0.247271 
-0.370419 0.0828903 0.268677 -0.369205 0.0883984 0.248364 -0.386252 0.0782848 0.255542 
-0.341079 0.0776067 0.268997 -0.339866 0.0831147 0.248684 -0.310526 0.0778311 0.249005 
0.217582 -0.017274 0.254769 0.229874 -0.0326712 0.262268 -0.391006 0.0527739 0.270219 
0.240953 -0.0535764 0.290079 0.22512 -0.058182 0.276945 -0.395761 0.0272631 0.284896 
0.237413 -0.0735792 0.284443 0.249705 -0.0889764 0.291942 -0.383468 0.0118659 0.292395 
-0.371176 -0.00353131 0.299893 0.260784 -0.109882 0.319753 0.244951 -0.114487 0.306619 
-0.358883 -0.0189285 0.307392 -0.346591 -0.0343257 0.31489 0.25603 -0.135393 0.33443 
0.240196 -0.139998 0.321296 -0.351345 -0.0598366 0.329567 0.221936 -0.15562 0.348787 
0.206103 -0.160225 0.335652 0.223149 -0.150112 0.328474 -0.339052 -0.0752338 0.337066 
-0.32676 -0.090631 0.344564 0.187842 -0.175847 0.363143 0.172009 -0.180452 0.350009 
0.189056 -0.170339 0.342831 -0.314467 -0.106028 0.352063 -0.285128 -0.111312 0.352383 
-0.286342 -0.11682 0.372696 -0.272836 -0.126709 0.359882 -0.110306 -0.148522 0.374617 
-0.126139 -0.153127 0.361483 -0.109092 -0.143014 0.354305 -0.0797527 -0.148297 0.354625 
-0.0809664 -0.153805 0.374938 -0.0504134 -0.153581 0.354945 -0.051627 -0.159089 0.375258 
-0.021074 -0.158864 0.355266 0.00826531 -0.164148 0.355586 0.0376047 -0.169432 0.355906 
0.066944 -0.174715 0.356226 0.0962833 -0.179999 0.356547 0.125623 -0.185282 0.356867 
0.154962 -0.190566 0.357187 -0.260543 -0.142106 0.36738 -0.231204 -0.14739 0.367701 
-0.201864 -0.152673 0.368021 -0.172525 -0.157957 0.368341 -0.143186 -0.163241 0.368661 
-0.148353 0.133454 0.186263 -0.147139 0.138962 0.16595 -0.164186 0.128848 0.173129 
-0.1178 0.133678 0.166271 -0.0884605 0.128394 0.166591 -0.0591211 0.123111 0.166911 
-0.0297818 0.117827 0.167231 -0.000442457 0.112543 0.167552 0.0288969 0.10726 0.167872 
0.0582362 0.101976 0.168192 0.0705287 0.086579 0.175691 -0.182447 0.113226 0.200619 
-0.181233 0.118734 0.180307 -0.19828 0.108621 0.187485 0.0828212 0.0711818 0.183189 
0.112161 0.0658982 0.18351 0.1415 0.0606146 0.18383 0.153792 0.0452173 0.191328 
-0.275219 0.103566 0.214335 -0.274005 0.109074 0.194023 -0.291052 0.0989608 0.201201 
-0.244666 0.103791 0.194343 -0.215327 0.0985071 0.194664 0.166085 0.0298201 0.198827 
0.178377 0.0144229 0.206326 -0.338652 0.0886228 0.228372 -0.337438 0.0941308 0.208059 
-0.354485 0.0840172 0.215238 -0.309313 0.0833391 0.228692 -0.308099 0.0888472 0.20838 
0.19067 -0.000974308 0.213824 0.202962 -0.0163715 0.221323 -0.371532 0.0739036 0.222416 
-0.388579 0.06379 0.229594 0.214041 -0.0372768 0.249134 0.198208 -0.0418823 0.236 
-0.406839 0.0481684 0.257085 -0.405626 0.0536764 0.236773 -0.422673 0.0435628 0.243951 
0.2105 -0.0572796 0.243498 0.222793 -0.0726768 0.250997 -0.41038 0.0281656 0.251449 
-0.398088 0.0127684 0.258948 0.233872 -0.093582 0.278808 0.218039 -0.0981876 0.265674 
-0.385795 -0.00262885 0.266447 -0.373503 -0.0180261 0.273945 0.230331 -0.113585 0.273172 
0.242624 -0.128982 0.280671 -0.36121 -0.0334233 0.281444 -0.348918 -0.0488205 0.288942 
0.237869 -0.154493 0.295348 -0.353672 -0.0743313 0.303619 0.190269 -0.164831 0.322518 
0.174436 -0.169436 0.309384 0.191483 -0.159323 0.302206 0.220822 -0.164606 0.302526 
-0.34138 -0.0897285 0.311118 -0.329087 -0.105126 0.318616 -0.0491997 -0.148073 0.334633 
-0.0650329 -0.152678 0.321499 -0.0479861 -0.142565 0.31432 -0.0186467 -0.147848 0.314641 
-0.0198604 -0.153356 0.334953 0.0106926 -0.153132 0.314961 0.00947896 -0.15864 0.335273 
0.040032 -0.158416 0.315281 0.0388183 -0.163924 0.335594 0.0693713 -0.163699 0.315601 
0.0681577 -0.169207 0.335914 0.0987106 -0.168983 0.315922 0.097497 -0.174491 0.336234 
0.12805 -0.174266 0.316242 0.126836 -0.179774 0.336555 0.157389 -0.17955 0.316562 
0.156176 -0.185058 0.336875 -0.316795 -0.120523 0.326115 -0.287455 -0.125807 0.326435 
-0.258116 -0.13109 0.326755 -0.25933 -0.136598 0.347068 -0.228777 -0.136374 0.327076 
-0.22999 -0.141882 0.347388 -0.199437 -0.141657 0.327396 -0.200651 -0.147165 0.347708 
-0.170098 -0.146941 0.327716 -0.171311 -0.152449 0.348029 -0.140758 -0.152225 0.328037 
-0.141972 -0.157733 0.348349 -0.111419 -0.157508 0.328357 -0.0820798 -0.162792 0.328677 
-0.0872468 0.133902 0.146278 -0.0860332 0.13941 0.125966 -0.10308 0.129297 0.133144 
-0.0737407 0.124013 0.133464 -0.180019 0.124242 0.159994 -0.178806 0.12975 0.139682 
-0.195852 0.119637 0.14686 -0.149466 0.124467 0.140002 -0.120127 0.119183 0.140322 
-0.0614482 0.108616 0.140963 -0.0321089 0.103332 0.141283 -0.00276952 0.0980487 0.141604 
0.0265698 0.0927651 0.141924 0.0559092 0.0874815 0.142244 0.0682017 0.0720842 0.149743 
-0.272792 0.114582 0.173711 -0.271578 0.12009 0.153398 -0.288625 0.109977 0.160576 
-0.243452 0.109299 0.174031 -0.242239 0.114807 0.153718 -0.214113 0.104015 0.174351 
-0.212899 0.109523 0.154039 0.0804942 0.056687 0.157241 0.109834 0.0514034 0.157562 
0.139173 0.0461198 0.157882 0.151465 0.0307226 0.16538 -0.306885 0.0943552 0.188067 
-0.305672 0.0998632 0.167755 -0.322719 0.0897496 0.174933 0.163758 0.0153254 0.172879 
0.17605 -7.18541e-05 0.180377 -0.370318 0.0794116 0.202103 -0.369105 0.0849196 0.181791 
-0.386152 0.074806 0.188969 -0.339765 0.079636 0.182111 0.188343 -0.0154691 0.187876 
0.200635 -0.0308663 0.195375 -0.404412 0.0591844 0.21646 -0.403198 0.0646924 0.196148 
-0.420245 0.0545788 0.203326 0.195881 -0.0563771 0.210052 -0.425 0.029068 0.218003 
0.208173 -0.0717743 0.21755 0.220466 -0.0871715 0.225049 -0.412707 0.0136708 0.225501 
-0.400415 -0.0017264 0.233 0.215712 -0.112682 0.239726 -0.388122 -0.0171236 0.240499 
-0.37583 -0.0325208 0.247997 0.22679 -0.133588 0.267537 0.210957 -0.138193 0.254402 
-0.363537 -0.047918 0.255496 -0.351245 -0.0633153 0.262994 0.222036 -0.159098 0.282213 
0.206203 -0.163704 0.269079 -0.338952 -0.0787125 0.270493 -0.340166 -0.0842205 0.290805 
-0.32666 -0.0941097 0.277991 -0.0174331 -0.14234 0.294328 -0.0332663 -0.146946 0.281194 
-0.0162194 -0.136832 0.274016 0.0131199 -0.142116 0.274336 0.0119063 -0.147624 0.294648 
0.0254124 -0.157513 0.281835 0.172109 -0.183931 0.283436 0.189156 -0.173818 0.276258 
-0.314367 -0.109507 0.28549 -0.315581 -0.115015 0.305802 -0.302075 -0.124904 0.292989 
-0.110205 -0.152 0.308044 -0.126039 -0.156606 0.29491 -0.108992 -0.146492 0.287732 
-0.0796525 -0.151776 0.288052 -0.0808661 -0.157284 0.308365 -0.0503131 -0.157059 0.288372 
0.0377049 -0.17291 0.289333 0.0670442 -0.178194 0.289653 0.0963836 -0.183478 0.289974 
0.125723 -0.188761 0.290294 0.155062 -0.194045 0.290614 -0.289782 -0.140301 0.300487 
-0.260443 -0.145585 0.300807 -0.231104 -0.150869 0.301128 -0.201764 -0.156152 0.301448 
-0.172425 -0.161436 0.301768 -0.143086 -0.166719 0.302088 -0.118913 0.124691 0.12001 
-0.1177 0.130199 0.0996975 -0.134746 0.120086 0.106876 -0.0883602 0.124916 0.100018 
-0.0760678 0.109518 0.107516 -0.211686 0.115031 0.133726 -0.210472 0.120539 0.113414 
-0.227519 0.110426 0.120592 -0.181133 0.115256 0.113734 -0.151793 0.109972 0.114054 
-0.0637753 0.0941212 0.115015 -0.0344359 0.0888375 0.115335 -0.00509658 0.0835539 0.115655 
0.0242428 0.0782703 0.115976 0.0535821 0.0729867 0.116296 0.0658746 0.0575895 0.123795 
-0.304458 0.105371 0.147442 -0.303244 0.110879 0.12713 -0.320291 0.100766 0.134308 
-0.273905 0.105596 0.12745 -0.244566 0.100312 0.12777 0.0781671 0.0421923 0.131293 
0.107506 0.0369086 0.131613 0.136846 0.031625 0.131934 0.149138 0.0162278 0.139432 
-0.338552 0.0851441 0.161799 -0.337338 0.0906521 0.141486 -0.354385 0.0805385 0.148665 
0.160217 -0.00467743 0.167243 0.144384 -0.009283 0.154109 -0.371432 0.0704249 0.155843 
-0.388479 0.0603113 0.163021 0.156676 -0.0246802 0.161608 0.184802 -0.0354719 0.18224 
0.168969 -0.0400774 0.169106 -0.405526 0.0501977 0.1702 -0.422572 0.0400841 0.177378 
0.181261 -0.0554746 0.176605 0.193554 -0.0708719 0.184103 -0.427327 0.0145733 0.192055 
0.204633 -0.0917771 0.211914 0.1888 -0.0963827 0.19878 -0.415034 -0.000823946 0.199553 
-0.402742 -0.0162212 0.207052 0.201092 -0.11178 0.206279 0.213385 -0.127177 0.213777 
-0.390449 -0.0316184 0.21455 -0.378157 -0.0470156 0.222049 0.20863 -0.152688 0.228454 
-0.365864 -0.0624128 0.229548 -0.353572 -0.07781 0.237046 0.19037 -0.16831 0.255945 
0.174536 -0.172915 0.242811 0.191583 -0.162802 0.235633 -0.341279 -0.0932072 0.244545 
-0.328987 -0.108604 0.252043 -0.0784388 -0.146268 0.26774 -0.094272 -0.150873 0.254605 
-0.0772252 -0.14076 0.247427 -0.0478858 -0.146043 0.247747 -0.0490995 -0.151551 0.26806 
-0.0185465 -0.151327 0.248068 0.0107928 -0.156611 0.248388 0.0401322 -0.161894 0.248708 
0.0389185 -0.167402 0.269021 0.0524247 -0.177291 0.256207 0.0975972 -0.17797 0.269661 
0.081764 -0.182575 0.256527 0.0988109 -0.172461 0.249349 0.111103 -0.187859 0.256847 
0.156276 -0.188537 0.270302 0.140443 -0.193142 0.257168 0.15749 -0.183029 0.249989 
-0.316694 -0.124002 0.259542 -0.304402 -0.139399 0.26704 -0.200551 -0.150644 0.281135 
-0.216384 -0.15525 0.268001 -0.199337 -0.145136 0.260823 -0.169998 -0.15042 0.261143 
-0.171211 -0.155928 0.281456 -0.140658 -0.155703 0.261463 -0.141872 -0.161211 0.281776 
-0.111319 -0.160987 0.261784 0.0647172 -0.192689 0.263705 0.123396 -0.203256 0.264346 
-0.292109 -0.154796 0.274539 -0.26277 -0.16008 0.274859 -0.233431 -0.165363 0.27518 
-0.179919 0.120764 0.0934214 -0.178705 0.126272 0.0731089 -0.195752 0.116158 0.0802872 
-0.15058 0.11548 0.0937417 -0.149366 0.120988 0.0734292 -0.120027 0.115704 0.0737494 
-0.0906873 0.110421 0.0740697 -0.0783948 0.0950236 0.0815683 -0.302031 0.116387 0.106817 
-0.300817 0.121895 0.0865047 -0.317864 0.111782 0.093683 -0.272691 0.111104 0.107137 
-0.271478 0.116612 0.086825 -0.243352 0.10582 0.107458 -0.242138 0.111328 0.0871453 
-0.212799 0.106044 0.0874655 -0.0661023 0.0796264 0.0890669 -0.036763 0.0743428 0.0893871 
-0.00742364 0.0690592 0.0897074 0.0219157 0.0637756 0.0900277 0.0512551 0.0584919 0.0903479 
0.0635475 0.0430947 0.0978465 -0.336124 0.0961601 0.121174 -0.334911 0.101668 0.100861 
-0.351958 0.0915545 0.10804 0.07584 0.0276975 0.105345 0.105179 0.0224139 0.105665 
0.134519 0.0171303 0.105986 0.146811 0.00173305 0.113484 -0.370218 0.0759329 0.13553 
-0.369005 0.0814409 0.115218 -0.386051 0.0713273 0.122396 0.142057 -0.0237778 0.128161 
-0.404312 0.0557057 0.149887 -0.403098 0.0612137 0.129575 -0.420145 0.0511001 0.136753 
0.154349 -0.039175 0.13566 0.166642 -0.0545722 0.143158 -0.424899 0.0255893 0.15143 
0.178934 -0.0699694 0.150657 0.191227 -0.0853666 0.158155 -0.412607 0.0101921 0.158928 
-0.413821 0.00468408 0.179241 -0.400314 -0.00520511 0.166427 0.186472 -0.110877 0.172832 
-0.388022 -0.0206023 0.173925 -0.389236 -0.0261104 0.194238 -0.375729 -0.0359995 0.181424 
0.197551 -0.131783 0.200643 0.181718 -0.136388 0.187509 -0.363437 -0.0513968 0.188923 
-0.364651 -0.0569048 0.209235 -0.351144 -0.066794 0.196421 0.192797 -0.157293 0.21532 
0.176964 -0.161899 0.202186 -0.355899 -0.0923048 0.211098 -0.0466722 -0.140535 0.227435 
-0.0625054 -0.145141 0.214301 -0.0454585 -0.135027 0.207122 -0.0161192 -0.140311 0.207443 
-0.0173328 -0.145819 0.227755 0.0132202 -0.145595 0.207763 0.0120065 -0.151103 0.228075 
0.0255126 -0.160992 0.215262 0.158703 -0.177521 0.229677 0.14287 -0.182126 0.216543 
0.159917 -0.172013 0.209364 -0.343606 -0.107702 0.218597 -0.331314 -0.123099 0.226095 
-0.110105 -0.155479 0.241471 -0.125938 -0.160085 0.228337 -0.108892 -0.149971 0.221159 
-0.0795522 -0.155255 0.221479 0.0378051 -0.176389 0.22276 0.0671445 -0.181673 0.22308 
0.0659308 -0.187181 0.243393 0.0964838 -0.186956 0.223401 0.125823 -0.19224 0.223721 
0.12461 -0.197748 0.244033 -0.319021 -0.138496 0.233594 -0.289682 -0.14378 0.233914 
-0.290896 -0.149288 0.254227 -0.260343 -0.149064 0.234234 -0.261556 -0.154572 0.254547 
-0.231003 -0.154347 0.234555 -0.232217 -0.159855 0.254867 -0.201664 -0.159631 0.234875 
-0.172325 -0.164915 0.235195 -0.142985 -0.170198 0.235515 -0.211585 0.111553 0.067153 
-0.210372 0.117061 0.0468406 -0.227419 0.106947 0.0540189 -0.181032 0.111777 0.0471608 
-0.151693 0.106493 0.0474811 -0.122354 0.10121 0.0478014 -0.0930144 0.0959261 0.0481216 
-0.0648887 0.0851344 0.0687544 -0.063675 0.0906425 0.0484419 -0.0513825 0.0752452 0.0559405 
-0.303144 0.107401 0.0605566 -0.320191 0.097287 0.0677349 -0.273805 0.102117 0.0608769 
-0.244465 0.0968333 0.0611972 -0.03909 0.059848 0.063439 -0.0097507 0.0545644 0.0637593 
0.0195886 0.0492808 0.0640796 0.048928 0.0439972 0.0643998 0.0612205 0.0286 0.0718984 
-0.337238 0.0871734 0.0749132 -0.354285 0.0770598 0.0820916 0.073513 0.0132027 0.079397 
0.102852 0.00791912 0.0797173 0.130978 -0.00287252 0.10035 0.115145 -0.00747809 0.0872158 
-0.371332 0.0669462 0.0892699 -0.388378 0.0568326 0.0964482 0.127437 -0.0228753 0.0947144 
0.13973 -0.0382725 0.102213 -0.405425 0.046719 0.103626 -0.422472 0.0366054 0.110805 
0.152022 -0.0536697 0.109712 0.164315 -0.069067 0.11721 -0.427226 0.0110946 0.125482 
0.175394 -0.0899722 0.145021 0.15956 -0.0945778 0.131887 -0.414934 -0.00430265 0.13298 
-0.402642 -0.0196999 0.140479 0.170639 -0.115483 0.159698 0.154806 -0.120089 0.146564 
-0.390349 -0.0350971 0.147977 -0.378057 -0.0504943 0.155476 0.165885 -0.140994 0.174375 
0.150052 -0.145599 0.161241 -0.365764 -0.0658915 0.162975 -0.353472 -0.0812887 0.170473 
0.161131 -0.166505 0.189052 0.145297 -0.17111 0.175918 -0.341179 -0.096686 0.177972 
-0.342393 -0.102194 0.198284 -0.328887 -0.112083 0.18547 -0.107678 -0.144463 0.200846 
-0.123511 -0.149068 0.187712 -0.106464 -0.138955 0.180534 -0.0771249 -0.144239 0.180854 
-0.0783386 -0.149747 0.201167 -0.0477856 -0.149522 0.181174 -0.0184463 -0.154806 0.181495 
0.0108931 -0.160089 0.181815 0.0402324 -0.165373 0.182135 0.0390188 -0.170881 0.202448 
0.0695718 -0.170657 0.182455 0.0683581 -0.176165 0.202768 0.0989111 -0.17594 0.182776 
0.0976975 -0.181448 0.203088 0.12825 -0.181224 0.183096 0.127037 -0.186732 0.203408 
-0.316594 -0.12748 0.192969 -0.317808 -0.132988 0.213281 -0.304302 -0.142878 0.200467 
-0.22979 -0.148839 0.214242 -0.245623 -0.153445 0.201108 -0.228576 -0.143331 0.19393 
-0.199237 -0.148615 0.19425 -0.20045 -0.154123 0.214562 -0.169897 -0.153898 0.19457 
-0.171111 -0.159406 0.214883 -0.140558 -0.159182 0.19489 -0.141772 -0.16469 0.215203 
-0.292009 -0.158275 0.207966 -0.26267 -0.163558 0.208286 -0.12114 0.106718 0.0274889 
-0.119926 0.112226 0.0071764 -0.136973 0.102112 0.0143547 -0.107634 0.0968285 0.014675 
-0.272591 0.107625 0.0405644 -0.271378 0.113133 0.0202519 -0.288424 0.103019 0.0274302 
-0.243252 0.102341 0.0408847 -0.242038 0.107849 0.0205722 -0.212699 0.102566 0.0208925 
-0.183359 0.0972822 0.0212127 -0.15402 0.0919985 0.021533 -0.0953414 0.0814313 0.0221735 
-0.0660021 0.0761477 0.0224938 -0.0537096 0.0607505 0.0299924 -0.336024 0.0926814 0.0546008 
-0.334811 0.0981894 0.0342883 -0.351857 0.0880758 0.0414666 -0.305471 0.0929058 0.0346086 
-0.0414171 0.0453533 0.037491 -0.0120778 0.0400696 0.0378112 0.0172616 0.034786 0.0381315 
0.0453873 0.0239944 0.0587642 0.0295541 0.0193888 0.0456301 -0.370118 0.0724542 0.0689574 
-0.368904 0.0779622 0.0486449 -0.385951 0.0678486 0.0558232 0.0418466 0.0039916 0.0531286 
0.0711859 -0.00129202 0.0534489 0.0993116 -0.0120837 0.0740817 0.0834784 -0.0166892 0.0609475 
-0.404212 0.052227 0.083314 -0.402998 0.057735 0.0630015 -0.420045 0.0476214 0.0701798 
0.0957709 -0.0320865 0.068446 0.123897 -0.0428781 0.0890788 0.108063 -0.0474837 0.0759446 
-0.424799 0.0221106 0.0848567 0.120356 -0.0628809 0.0834432 0.148482 -0.0736725 0.104076 
0.132648 -0.0782781 0.0909418 -0.429554 -0.0034002 0.0995336 0.143727 -0.0991833 0.118753 
0.127894 -0.103789 0.105619 -0.417261 -0.0187974 0.107032 -0.404969 -0.0341946 0.114531 
0.138973 -0.124694 0.13343 0.12314 -0.1293 0.120296 -0.392676 -0.0495918 0.122029 
-0.380384 -0.0649891 0.129528 0.135432 -0.144697 0.127794 0.147725 -0.160094 0.135293 
-0.368091 -0.0803863 0.137026 -0.355799 -0.0957835 0.144525 -0.0759113 -0.13873 0.160542 
-0.0917445 -0.143336 0.147407 -0.0746976 -0.133222 0.140229 -0.0453583 -0.138506 0.140549 
-0.046572 -0.144014 0.160862 -0.016019 -0.14379 0.14087 -0.0172326 -0.149298 0.161182 
0.0133204 -0.149073 0.14119 0.0121067 -0.154581 0.161502 0.0426597 -0.154357 0.14151 
0.0414461 -0.159865 0.161823 0.0719991 -0.159641 0.14183 0.0707854 -0.165149 0.162143 
0.101338 -0.164924 0.142151 0.100125 -0.170432 0.162463 0.130678 -0.170208 0.142471 
0.129464 -0.175716 0.162783 -0.343506 -0.111181 0.152024 -0.331214 -0.126578 0.159522 
-0.168684 -0.14839 0.174258 -0.184517 -0.152996 0.161123 -0.16747 -0.142882 0.153945 
-0.138131 -0.148166 0.154265 -0.139344 -0.153674 0.174578 -0.108791 -0.15345 0.154586 
-0.318921 -0.141975 0.167021 -0.289582 -0.147259 0.167341 -0.290795 -0.152767 0.187653 
-0.260242 -0.152542 0.167661 -0.261456 -0.15805 0.187974 -0.230903 -0.157826 0.167982 
-0.201564 -0.16311 0.168302 -0.211485 0.108074 0.000579993 -0.210272 0.113582 -0.0197325 
-0.227318 0.103468 -0.0125542 -0.182146 0.10279 0.00090026 -0.180932 0.108298 -0.0194122 
-0.152806 0.0975066 0.00122053 -0.151593 0.103015 -0.019092 -0.122253 0.097731 -0.0187717 
-0.0941278 0.0869393 0.00186106 -0.0929141 0.0924474 -0.0184514 -0.0806216 0.0770501 -0.0109528 
-0.304258 0.0984138 0.0142961 -0.303044 0.103922 -0.00601641 -0.320091 0.0938083 0.00116189 
-0.273705 0.0986382 -0.00569614 -0.244365 0.0933546 -0.00537588 -0.0683292 0.0616529 -0.00345428 
-0.0560367 0.0462557 0.0040443 -0.337138 0.0836947 0.0083402 -0.354184 0.0735811 0.0155185 
-0.0437442 0.0308585 0.0115429 -0.0144048 0.0255749 0.0118631 0.0137209 0.0147832 0.0324959 
-0.00211233 0.0101777 0.0193617 -0.371231 0.0634675 0.0226968 -0.388278 0.0533539 0.0298751 
0.0101802 -0.00521955 0.0268603 0.0383059 -0.0160112 0.047493 0.0224727 -0.0206168 0.0343589 
0.0676452 -0.0212948 0.0478133 -0.405325 0.0432403 0.0370534 -0.422372 0.0331267 0.0442317 
0.0347651 -0.036014 0.0418574 0.0641045 -0.0412976 0.0421777 0.0922302 -0.0520892 0.0628104 
0.076397 -0.0566948 0.0496763 -0.427126 0.00761585 0.0589086 0.0886895 -0.072092 0.0571748 
0.116815 -0.0828837 0.0778076 0.100982 -0.0874892 0.0646734 -0.414834 -0.00778136 0.0664072 
-0.416047 -0.0132894 0.0867197 -0.402541 -0.0231786 0.0739058 0.113274 -0.102886 0.072172 
0.125567 -0.118284 0.0796706 -0.390249 -0.0385758 0.0814043 -0.391462 -0.0440838 0.101717 
-0.377956 -0.053973 0.0889029 0.120813 -0.143794 0.0943474 -0.382711 -0.0794838 0.10358 
-0.073484 -0.127714 0.119917 -0.0893172 -0.13232 0.106782 -0.0722703 -0.122206 0.0996041 
-0.042931 -0.12749 0.0999244 -0.0441446 -0.132998 0.120237 -0.0135917 -0.132774 0.100245 
-0.0148053 -0.138282 0.120557 0.0157477 -0.138057 0.100565 0.014534 -0.143565 0.120877 
0.045087 -0.143341 0.100885 0.0438734 -0.148849 0.121198 0.0744264 -0.148624 0.101205 
0.0732127 -0.154133 0.121518 0.103766 -0.153908 0.101526 0.102552 -0.159416 0.121838 
0.131891 -0.1647 0.122158 -0.370418 -0.094881 0.111078 -0.358126 -0.110278 0.118577 
-0.136917 -0.142658 0.133953 -0.15275 -0.147264 0.120819 -0.135703 -0.13715 0.11364 
-0.106364 -0.142434 0.113961 -0.107578 -0.147942 0.134273 -0.345833 -0.125675 0.126076 
-0.316494 -0.130959 0.126396 -0.317707 -0.136467 0.146708 -0.287154 -0.136243 0.126716 
-0.288368 -0.141751 0.147029 -0.257815 -0.141526 0.127036 -0.259029 -0.147034 0.147349 
-0.228476 -0.14681 0.127357 -0.229689 -0.152318 0.147669 -0.199136 -0.152094 0.127677 
-0.20035 -0.157602 0.147989 -0.169797 -0.157377 0.127997 -0.272491 0.104146 -0.0260086 
-0.271277 0.109654 -0.0463211 -0.288324 0.0995407 -0.0391428 -0.243152 0.0988627 -0.0256884 
-0.241938 0.104371 -0.0460008 -0.212599 0.0990871 -0.0456806 -0.183259 0.0938035 -0.0453603 
-0.15392 0.0885198 -0.04504 -0.124581 0.0832362 -0.0447198 -0.0952412 0.0779526 -0.0443995 
-0.0829487 0.0625554 -0.0369009 -0.305371 0.0894271 -0.0319645 -0.322418 0.0793135 -0.0247862 
-0.0706562 0.0471582 -0.0294024 -0.0425305 0.0363665 -0.00876961 -0.0413169 0.0418746 -0.0290821 
-0.0290244 0.0264773 -0.0215835 -0.370018 0.0689755 0.00238433 -0.368804 0.0744835 -0.0179281 
-0.385851 0.0643699 -0.0107498 -0.339465 0.0691999 -0.0176079 -0.0167319 0.0110801 -0.0140849 
0.0113938 0.000288477 0.0065478 0.0126075 0.0057965 -0.0137647 0.0249 -0.00960071 -0.00626611 
-0.390605 0.0388591 0.00392703 0.0359788 -0.030506 0.0215449 0.0371924 -0.0249979 0.00123247 
0.0494849 -0.0403951 0.00873104 -0.407652 0.0287455 0.0111053 -0.424699 0.0186319 0.0182836 
0.0617774 -0.0557924 0.0162296 0.0740699 -0.0711896 0.0237282 -0.429453 -0.00687891 0.0329605 
0.0863624 -0.0865868 0.0312268 0.0986549 -0.101984 0.0387253 -0.417161 -0.0222761 0.0404591 
-0.404868 -0.0376733 0.0479577 0.110947 -0.117381 0.0462239 0.12324 -0.132778 0.0537225 
-0.392576 -0.0530706 0.0554562 -0.380283 -0.0684678 0.0629548 -0.0710567 -0.116698 0.0792917 
-0.0868899 -0.121304 0.0661575 -0.069843 -0.11119 0.0589792 -0.0405037 -0.116474 0.0592995 
-0.0417173 -0.121982 0.0796119 -0.0111644 -0.121758 0.0596197 -0.012378 -0.127266 0.0799322 
0.018175 -0.127041 0.05994 0.0169613 -0.132549 0.0802525 0.0475143 -0.132325 0.0602603 
0.0463007 -0.137833 0.0805727 0.0768537 -0.137608 0.0605805 0.07564 -0.143116 0.080893 
0.106193 -0.142892 0.0609008 0.104979 -0.1484 0.0812133 -0.367991 -0.083865 0.0704534 
-0.369205 -0.089373 0.0907659 -0.355698 -0.0992622 0.077952 -0.13449 -0.131642 0.093328 
-0.150323 -0.136248 0.0801938 -0.133276 -0.126134 0.0730155 -0.103937 -0.131418 0.0733358 
-0.10515 -0.136926 0.0936483 -0.343406 -0.114659 0.0854505 -0.34462 -0.120167 0.105763 
-0.331113 -0.130057 0.0929491 -0.197923 -0.146586 0.107364 -0.213756 -0.151191 0.0942302 
-0.196709 -0.141078 0.0870519 -0.16737 -0.146361 0.0873721 -0.168583 -0.151869 0.107685 
-0.318821 -0.145454 0.100448 -0.289482 -0.150737 0.100768 -0.260142 -0.156021 0.101088 
-0.230803 -0.161305 0.101408 -0.182046 0.0993115 -0.0656728 -0.180832 0.10482 -0.0859853 
-0.197879 0.0947059 -0.078807 -0.152706 0.0940279 -0.0653525 -0.151493 0.0995359 -0.085665 
-0.1392 0.0841387 -0.0781664 -0.273604 0.0951595 -0.0722692 -0.290651 0.0850459 -0.0650909 
-0.244265 0.0898759 -0.0719489 -0.214926 0.0845923 -0.0716287 -0.126908 0.0687415 -0.0706679 
-0.0975683 0.0634578 -0.0703476 -0.0694426 0.0526662 -0.0497148 -0.0682289 0.0581742 -0.0700273 
-0.0559364 0.042777 -0.0625288 -0.338251 0.0747079 -0.0379204 -0.337037 0.080216 -0.0582328 
-0.354084 0.0701024 -0.0510545 -0.307698 0.0749323 -0.0579126 -0.0436439 0.0273798 -0.0550302 
-0.0155182 0.0165881 -0.0343974 -0.0143046 0.0220962 -0.0547099 0.0138211 0.0113045 -0.0340772 
0.0150348 0.0168126 -0.0543896 0.0273273 0.00141534 -0.0468911 -0.371131 0.0599888 -0.0438762 
-0.388178 0.0498752 -0.0366979 0.0384061 -0.0194899 -0.01908 0.0396197 -0.0139819 -0.0393925 
0.0519122 -0.0293791 -0.0318939 -0.406438 0.0342535 -0.00920714 -0.405225 0.0397616 -0.0295196 
-0.422272 0.029648 -0.0223413 0.0629911 -0.0502843 -0.00408287 0.0642047 -0.0447763 -0.0243954 
0.0764972 -0.0601735 -0.0168968 -0.427026 0.00413714 -0.00766444 0.0875761 -0.0810788 0.0109143 
0.0887897 -0.0755707 -0.00939821 0.101082 -0.090968 -0.00189963 -0.43178 -0.0213737 0.00701244 
0.112161 -0.111873 0.0259114 0.113375 -0.106365 0.00559894 0.125667 -0.121762 0.0130975 
-0.419488 -0.0367709 0.014511 -0.407195 -0.0521681 0.0220096 -0.0686294 -0.105682 0.0386667 
-0.0844626 -0.110288 0.0255325 -0.0674157 -0.100174 0.0183542 -0.0380764 -0.105458 0.0186745 
-0.03929 -0.110966 0.038987 -0.00873705 -0.110742 0.0189948 -0.0099507 -0.11625 0.0393072 
0.0206023 -0.116025 0.019315 0.0193886 -0.121533 0.0396275 0.0499416 -0.121309 0.0196353 
0.048728 -0.126817 0.0399478 0.0622341 -0.136706 0.0271339 0.107407 -0.137384 0.0405883 
0.0915735 -0.14199 0.0274541 0.10862 -0.131876 0.0202758 -0.394903 -0.0675653 0.0295082 
-0.38261 -0.0829625 0.0370067 -0.102723 -0.12591 0.0530233 -0.118556 -0.130515 0.0398891 
-0.101509 -0.120401 0.0327108 0.0745266 -0.152103 0.0346324 -0.370318 -0.0983597 0.0445053 
-0.358025 -0.113757 0.0520039 -0.195496 -0.135569 0.0667394 -0.211329 -0.140175 0.0536052 
-0.194282 -0.130061 0.0464269 -0.164943 -0.135345 0.0467472 -0.166156 -0.140853 0.0670597 
-0.135603 -0.140629 0.0470674 -0.345733 -0.129154 0.0595025 -0.316394 -0.134438 0.0598227 
-0.317607 -0.139946 0.0801352 -0.287054 -0.139721 0.060143 -0.288268 -0.145229 0.0804555 
-0.257715 -0.145005 0.0604633 -0.258929 -0.150513 0.0807757 -0.228376 -0.150289 0.0607835 
-0.229589 -0.155797 0.081096 -0.213712 0.0901003 -0.0919411 -0.212498 0.0956084 -0.112254 
-0.229545 0.0854948 -0.105075 -0.183159 0.0903247 -0.111933 -0.15382 0.0850411 -0.111613 
-0.141527 0.0696439 -0.104115 -0.306484 0.0804404 -0.0782251 -0.305271 0.0859484 -0.0985375 
-0.322318 0.0758348 -0.0913592 -0.275931 0.0806648 -0.0982173 -0.246592 0.0753812 -0.097897 
-0.129235 0.0542467 -0.0966159 -0.0998953 0.0489631 -0.0962957 -0.070556 0.0436795 -0.0959754 
-0.0582635 0.0282822 -0.0884768 -0.339364 0.0657212 -0.0841809 -0.356411 0.0556076 -0.0770026 
-0.045971 0.012885 -0.0809783 -0.0166316 0.00760141 -0.080658 0.0127077 0.00231779 -0.0803377 
0.0250002 -0.0130794 -0.0728392 -0.373458 0.045494 -0.0698243 -0.390505 0.0353804 -0.062646 
0.0372927 -0.0284766 -0.0653406 0.0495852 -0.0438739 -0.057842 -0.407552 0.0252668 -0.0554677 
-0.424599 0.0151532 -0.0482894 0.0618777 -0.0592711 -0.0503434 0.0900034 -0.0700627 -0.0297107 
0.091217 -0.0645547 -0.0500232 0.10351 -0.0799519 -0.0425246 -0.429353 -0.0103576 -0.0336125 
0.114588 -0.100857 -0.0147135 0.115802 -0.0953491 -0.035026 0.128094 -0.110746 -0.0275274 
-0.417061 -0.0257548 -0.0261139 -0.418274 -0.0312629 -0.00580147 -0.404768 -0.041152 -0.0186154 
0.109834 -0.126368 -3.66614e-05 0.0940008 -0.130974 -0.0131708 0.111048 -0.12086 -0.0203491 
-0.392476 -0.0565493 -0.0111168 -0.393689 -0.0620573 0.00919568 -0.380183 -0.0719465 -0.00361823 
-0.100296 -0.114893 0.0123983 -0.116129 -0.119499 -0.000735827 -0.0990821 -0.109385 -0.00791413 
-0.0697428 -0.114669 -0.00759387 -0.0404035 -0.119953 -0.0072736 -0.0110641 -0.125236 -0.00695333 
0.0182752 -0.13052 -0.00663307 0.0476146 -0.135804 -0.0063128 0.0769539 -0.141087 -0.00599253 
0.0757403 -0.146595 0.01432 -0.367891 -0.0873437 0.00388034 -0.369104 -0.0928517 0.0241928 
-0.355598 -0.102741 0.0113789 -0.163729 -0.129837 0.0264347 -0.179562 -0.134443 0.0133005 
-0.162515 -0.124329 0.00612221 -0.133176 -0.129613 0.00644248 -0.13439 -0.135121 0.026755 
-0.343306 -0.118138 0.0188775 -0.344519 -0.123646 0.03919 -0.313966 -0.123422 0.0191978 
-0.31518 -0.12893 0.0395102 -0.284627 -0.128705 0.019518 -0.285841 -0.134213 0.0398305 
-0.255288 -0.133989 0.0198383 -0.256501 -0.139497 0.0401508 -0.225948 -0.139273 0.0201586 
-0.227162 -0.144781 0.040471 -0.196609 -0.144556 0.0204788 -0.245378 0.0808892 -0.118209 
-0.244165 0.0863972 -0.138522 -0.261212 0.0762836 -0.131344 -0.214825 0.0811136 -0.138202 
-0.185486 0.07583 -0.137881 -0.156147 0.0705464 -0.137561 -0.128021 0.0597547 -0.116928 
-0.126807 0.0652627 -0.137241 -0.114515 0.0498655 -0.129742 -0.307598 0.0714536 -0.124486 
-0.324645 0.06134 -0.117307 -0.278258 0.06617 -0.124165 -0.102222 0.0344683 -0.122244 
-0.072883 0.0291847 -0.121923 -0.0447573 0.0183931 -0.101291 -0.0435437 0.0239011 -0.121603 
-0.015418 0.0131094 -0.10097 -0.0142043 0.0186175 -0.121283 0.0139214 0.00782582 -0.10065 
0.015135 0.0133338 -0.120963 0.0274275 -0.00206337 -0.113464 -0.372245 0.051002 -0.0901368 
-0.371031 0.05651 -0.110449 -0.388078 0.0463964 -0.103271 -0.341691 0.0512264 -0.110129 
0.0385063 -0.0229686 -0.0856531 0.03972 -0.0174606 -0.105966 0.0520125 -0.0328578 -0.098467 
-0.392832 0.0208856 -0.0885941 0.0630913 -0.053763 -0.0706559 0.064305 -0.048255 -0.0909684 
0.0924307 -0.0590467 -0.0703356 0.0936443 -0.0535386 -0.0906481 0.12177 -0.0643303 -0.0700154 
0.122984 -0.0588222 -0.0903279 0.135276 -0.0742195 -0.0828293 -0.409879 0.010772 -0.0814158 
-0.426926 0.000658435 -0.0742375 0.117016 -0.0898411 -0.0553385 0.130522 -0.0997303 -0.0681524 
-0.43168 -0.0248524 -0.0595606 0.125767 -0.125241 -0.0534755 -0.419388 -0.0402496 -0.052062 
-0.407095 -0.0556468 -0.0445635 -0.0685292 -0.109161 -0.0279063 -0.0843624 -0.113767 -0.0410405 
-0.0673155 -0.103653 -0.0482188 -0.0379762 -0.108937 -0.0478986 -0.0391898 -0.114445 -0.0275861 
-0.00863681 -0.11422 -0.0475783 -0.00985046 -0.119728 -0.0272658 0.0207025 -0.119504 -0.047258 
0.0194889 -0.125012 -0.0269455 0.0500419 -0.124787 -0.0469378 0.0488282 -0.130295 -0.0266253 
0.0793812 -0.130071 -0.0466175 0.0781676 -0.135579 -0.026305 0.108721 -0.135355 -0.0462972 
-0.394803 -0.071044 -0.0370649 -0.38251 -0.0864412 -0.0295663 -0.131962 -0.124105 -0.01387 
-0.147795 -0.12871 -0.0270042 -0.130749 -0.118597 -0.0341825 -0.101409 -0.12388 -0.0338622 
-0.370218 -0.101838 -0.0220677 -0.357925 -0.117236 -0.0145692 -0.224735 -0.133765 -0.000153924 
-0.240568 -0.13837 -0.0132881 -0.223521 -0.128257 -0.0204664 -0.194182 -0.13354 -0.0201461 
-0.195395 -0.139048 0.000166343 -0.164842 -0.138824 -0.0198259 -0.345633 -0.132633 -0.00707059 
-0.316293 -0.137917 -0.00675033 -0.286954 -0.1432 -0.00643006 -0.257615 -0.148484 -0.00610979 
-0.277045 0.071678 -0.144478 -0.275831 0.0771861 -0.16479 -0.292878 0.0670725 -0.157612 
-0.246492 0.0719025 -0.16447 -0.217152 0.0666188 -0.16415 -0.187813 0.0613352 -0.16383 
-0.158474 0.0560516 -0.163509 -0.129134 0.050768 -0.163189 -0.116842 0.0353708 -0.15569 
-0.340478 0.0567345 -0.130442 -0.339264 0.0622425 -0.150754 -0.356311 0.0521289 -0.143576 
-0.309925 0.0569589 -0.150434 -0.104549 0.0199736 -0.148192 -0.0752101 0.0146899 -0.147872 
-0.0458708 0.00940632 -0.147551 -0.0165314 0.0041227 -0.147231 0.0128079 -0.00116091 -0.146911 
0.0409336 -0.0119526 -0.126278 0.0421473 -0.00644453 -0.146591 0.0544398 -0.0218417 -0.139092 
-0.373358 0.0420153 -0.136397 -0.390405 0.0319017 -0.129219 0.0655186 -0.042747 -0.111281 
0.0667323 -0.037239 -0.131593 0.094858 -0.0480306 -0.110961 0.0960716 -0.0425226 -0.131273 
0.124197 -0.0533142 -0.11064 0.125411 -0.0478062 -0.130953 0.137703 -0.0632034 -0.123454 
-0.395159 0.00639087 -0.114542 0.132949 -0.0887142 -0.108777 -0.412206 -0.00372273 -0.107364 
-0.429253 -0.0138363 -0.100186 0.145242 -0.104111 -0.101279 0.144028 -0.109619 -0.0809663 
0.157534 -0.119509 -0.0937802 -0.41696 -0.0292335 -0.092687 -0.418174 -0.0347416 -0.0723745 
-0.404668 -0.0446308 -0.0851884 -0.0367625 -0.103429 -0.068211 -0.0525957 -0.108034 -0.0813452 
-0.0355489 -0.0979206 -0.0885235 -0.00620951 -0.103204 -0.0882033 -0.00742316 -0.108712 -0.0678908 
0.0231298 -0.108488 -0.087883 0.0219162 -0.113996 -0.0675705 0.0524692 -0.113771 -0.0875627 
0.0512555 -0.119279 -0.0672502 0.0818085 -0.119055 -0.0872425 0.0805949 -0.124563 -0.06693 
0.094101 -0.134452 -0.0797439 0.12344 -0.139736 -0.0794236 0.140487 -0.129622 -0.0866019 
-0.392375 -0.060028 -0.0776898 -0.393589 -0.065536 -0.0573774 -0.380083 -0.0754252 -0.0701913 
-0.129535 -0.113089 -0.054495 -0.145368 -0.117694 -0.0676291 -0.128321 -0.107581 -0.0748075 
-0.0989819 -0.112864 -0.0744872 -0.100196 -0.118372 -0.0541747 -0.0696426 -0.118148 -0.0741669 
0.106394 -0.149849 -0.0722453 -0.36779 -0.0908224 -0.0626927 -0.369004 -0.0963304 -0.0423802 
-0.355498 -0.10622 -0.0551941 -0.192968 -0.128032 -0.0404586 -0.208801 -0.132638 -0.0535928 
-0.191754 -0.122524 -0.0607711 -0.162415 -0.127808 -0.0604508 -0.163629 -0.133316 -0.0401384 
-0.343205 -0.121617 -0.0476956 -0.344419 -0.127125 -0.0273831 -0.313866 -0.1269 -0.0473753 
-0.31508 -0.132408 -0.0270628 -0.284527 -0.132184 -0.047055 -0.28574 -0.137692 -0.0267425 
-0.255187 -0.137468 -0.0467348 -0.256401 -0.142976 -0.0264223 -0.225848 -0.142751 -0.0464145 
-0.279372 0.0571833 -0.170426 -0.265866 0.0472941 -0.18324 -0.248819 0.0574077 -0.190418 
-0.21948 0.0521241 -0.190098 -0.19014 0.0468405 -0.189778 -0.160801 0.0415568 -0.189457 
-0.131461 0.0362732 -0.189137 -0.103336 0.0254816 -0.168504 -0.102122 0.0309896 -0.188817 
-0.0898296 0.0155924 -0.181318 -0.0446571 0.0149143 -0.167864 -0.0434434 0.0204224 -0.188176 
-0.0604903 0.0103088 -0.180998 -0.031151 0.00502516 -0.180678 -0.341591 0.0477477 -0.176702 
-0.358638 0.0376341 -0.169524 -0.312252 0.0424641 -0.176382 -0.282913 0.0371805 -0.176062 
-0.0775372 0.000195173 -0.17382 -0.0188585 -0.0103721 -0.173179 0.0104809 -0.0156557 -0.172859 
0.0398202 -0.0209393 -0.172539 0.0679459 -0.0317309 -0.151906 0.0691596 -0.0262229 -0.172218 
0.0972853 -0.0370146 -0.151586 0.0984989 -0.0315065 -0.171898 0.126625 -0.0422982 -0.151265 
0.127838 -0.0367901 -0.171578 0.140131 -0.0521874 -0.164079 -0.375685 0.0275205 -0.162345 
-0.392732 0.0174069 -0.155167 0.15121 -0.0730926 -0.136268 0.152423 -0.0675846 -0.156581 
0.164716 -0.0829818 -0.149082 -0.397486 -0.00810389 -0.14049 0.146455 -0.0986034 -0.121591 
0.159961 -0.108493 -0.134405 -0.415747 -0.0237255 -0.112999 -0.402241 -0.0336147 -0.125813 
0.17104 -0.129398 -0.106594 0.172254 -0.12389 -0.126907 0.184546 -0.139287 -0.119408 
-0.406995 -0.0591255 -0.111137 -0.0977683 -0.107356 -0.0947997 -0.113601 -0.111962 -0.107934 
-0.0965546 -0.101848 -0.115112 -0.0672153 -0.107132 -0.114792 -0.0684289 -0.11264 -0.0944794 
-0.0378759 -0.112415 -0.114472 -0.00853657 -0.117699 -0.114151 0.0208028 -0.122983 -0.113831 
0.0501421 -0.128266 -0.113511 0.0794815 -0.13355 -0.113191 0.108821 -0.138833 -0.11287 
0.107607 -0.144341 -0.0925578 0.13816 -0.144117 -0.11255 0.167499 -0.149401 -0.11223 
-0.394702 -0.0745227 -0.103638 -0.38241 -0.08992 -0.0961394 -0.161201 -0.1223 -0.0807633 
-0.177035 -0.126905 -0.0938975 -0.159988 -0.116792 -0.101076 -0.130648 -0.122075 -0.100756 
-0.370117 -0.105317 -0.0886408 -0.357825 -0.120714 -0.0811422 -0.253974 -0.13196 -0.0670472 
-0.269807 -0.136565 -0.0801814 -0.25276 -0.126452 -0.0873597 -0.223421 -0.131735 -0.0870395 
-0.224634 -0.137243 -0.066727 -0.194081 -0.137019 -0.0867192 -0.345532 -0.136112 -0.0736436 
-0.316193 -0.141395 -0.0733234 -0.286854 -0.146679 -0.0730031 -0.188927 0.0523485 -0.21009 
-0.187713 0.0578565 -0.230403 -0.20476 0.0477429 -0.223224 -0.17542 0.0424593 -0.222904 
-0.281699 0.0426885 -0.196374 -0.280485 0.0481965 -0.216686 -0.297532 0.0380829 -0.209508 
-0.251146 0.0429129 -0.216366 -0.221807 0.0376293 -0.216046 -0.163128 0.0270621 -0.215405 
-0.133789 0.0217785 -0.215085 -0.104449 0.0164948 -0.214765 -0.0763235 0.0057032 -0.194132 
-0.0751099 0.0112112 -0.214445 -0.0457705 0.00592761 -0.214124 -0.0176448 -0.00486403 -0.193492 
-0.0164312 0.000643993 -0.213804 0.0116945 -0.0101476 -0.193171 0.0129082 -0.00463962 -0.213484 
0.0410339 -0.0154313 -0.192851 0.0422475 -0.00992324 -0.213164 0.05454 -0.0253205 -0.205665 
-0.343918 0.033253 -0.20265 -0.360965 0.0231394 -0.195472 -0.314579 0.0279693 -0.20233 
0.0668325 -0.0407177 -0.198166 0.0961719 -0.0460013 -0.197846 0.125511 -0.0512849 -0.197526 
0.153637 -0.0620765 -0.176893 0.154851 -0.0565685 -0.197206 0.182976 -0.0673602 -0.176573 
0.18419 -0.0618521 -0.196885 0.196482 -0.0772494 -0.189387 -0.378012 0.0130258 -0.188294 
-0.395059 0.00291216 -0.181115 0.178222 -0.092871 -0.161896 0.191728 -0.10276 -0.17471 
-0.399813 -0.0225987 -0.166438 0.173468 -0.118382 -0.147219 0.204021 -0.118157 -0.167211 
0.202807 -0.123665 -0.146899 0.216313 -0.133555 -0.159713 -0.404568 -0.0481095 -0.151761 
-0.0660016 -0.101624 -0.135104 -0.0818348 -0.106229 -0.148239 -0.064788 -0.0961156 -0.155417 
-0.0354486 -0.101399 -0.155097 -0.0366623 -0.106907 -0.134784 -0.00610927 -0.106683 -0.154776 
-0.00732292 -0.112191 -0.134464 0.0232301 -0.111966 -0.154456 0.0220164 -0.117475 -0.134144 
0.0525694 -0.11725 -0.154136 0.0513558 -0.122758 -0.133823 0.0819088 -0.122534 -0.153816 
0.0806951 -0.128042 -0.133503 0.111248 -0.127817 -0.153495 0.110034 -0.133325 -0.133183 
0.123541 -0.143215 -0.145997 0.168713 -0.143893 -0.132542 0.15288 -0.148498 -0.145676 
0.169927 -0.138385 -0.152855 0.199266 -0.143668 -0.152534 -0.409322 -0.0736203 -0.137085 
-0.158774 -0.111284 -0.121388 -0.174607 -0.115889 -0.134522 -0.15756 -0.105776 -0.141701 
-0.128221 -0.111059 -0.141381 -0.129435 -0.116567 -0.121068 -0.0988817 -0.116343 -0.14106 
0.135833 -0.158612 -0.138498 -0.397029 -0.0890175 -0.129586 -0.36769 -0.0943011 -0.129266 
-0.368904 -0.0998091 -0.108953 -0.355398 -0.109698 -0.121767 -0.251546 -0.120944 -0.107672 
-0.26738 -0.125549 -0.120806 -0.250333 -0.115436 -0.127985 -0.220993 -0.120719 -0.127664 
-0.222207 -0.126227 -0.107352 -0.191654 -0.126003 -0.127344 -0.192868 -0.131511 -0.107032 
-0.343105 -0.125096 -0.114269 -0.344319 -0.130604 -0.0939561 -0.313766 -0.130379 -0.113948 
-0.314979 -0.135887 -0.0936359 -0.284426 -0.135663 -0.113628 -0.28564 -0.141171 -0.0933156 
-0.220593 0.0431373 -0.236358 -0.219379 0.0486454 -0.256671 -0.236426 0.0385318 -0.249493 
-0.19004 0.0433617 -0.256351 -0.161914 0.0325701 -0.235718 -0.160701 0.0380781 -0.25603 
-0.132575 0.0272865 -0.235398 -0.131361 0.0327945 -0.25571 -0.119069 0.0173973 -0.248212 
-0.282812 0.0337018 -0.242635 -0.299859 0.0235882 -0.235456 -0.253473 0.0284182 -0.242314 
-0.106776 0.00200008 -0.240713 -0.0774369 -0.00328354 -0.240393 -0.0480976 -0.00856715 -0.240072 
-0.0187582 -0.0138508 -0.239752 0.0105811 -0.0191344 -0.239432 0.0399205 -0.024418 -0.239112 
0.0680462 -0.0352096 -0.218479 0.0692598 -0.0297016 -0.238791 0.0973855 -0.0404933 -0.218159 
0.0985992 -0.0349852 -0.238471 0.126725 -0.0457769 -0.217838 0.127939 -0.0402689 -0.238151 
0.156064 -0.0510605 -0.217518 0.157278 -0.0455525 -0.237831 0.16957 -0.0609497 -0.230332 
-0.346245 0.0187582 -0.228598 -0.363292 0.0086446 -0.22142 -0.316906 0.0134746 -0.228278 
0.181863 -0.0763469 -0.222833 0.209989 -0.0871385 -0.202201 0.211202 -0.0816305 -0.222513 
0.223495 -0.0970277 -0.215015 -0.380339 -0.001469 -0.214242 -0.397386 -0.0115826 -0.207063 
0.205234 -0.112649 -0.187524 0.21874 -0.122539 -0.200338 -0.40214 -0.0370934 -0.192386 
-0.034235 -0.0958912 -0.175409 -0.0500682 -0.100497 -0.188543 -0.0330213 -0.0903832 -0.195722 
-0.00368197 -0.0956668 -0.195401 -0.00489562 -0.101175 -0.175089 0.0256574 -0.10095 -0.195081 
0.0244437 -0.106458 -0.174769 0.0549967 -0.106234 -0.194761 0.0537831 -0.111742 -0.174448 
0.0843361 -0.111518 -0.19444 0.0831224 -0.117026 -0.174128 0.0966286 -0.126915 -0.186942 
0.229819 -0.143444 -0.172527 0.231033 -0.137936 -0.192839 0.243325 -0.153333 -0.185341 
-0.406895 -0.0626042 -0.17771 -0.127007 -0.105551 -0.161693 -0.142841 -0.110157 -0.174827 
-0.125794 -0.100043 -0.182005 -0.0964544 -0.105327 -0.181685 -0.097668 -0.110835 -0.161373 
-0.067115 -0.11061 -0.181365 0.108921 -0.142312 -0.179443 0.13826 -0.147596 -0.179123 
0.137047 -0.153104 -0.158811 0.1676 -0.152879 -0.178803 0.196939 -0.158163 -0.178483 
0.226278 -0.163447 -0.178162 -0.394602 -0.0780014 -0.170211 -0.395816 -0.0835095 -0.149898 
-0.38231 -0.0933987 -0.162712 -0.21978 -0.115211 -0.147977 -0.235613 -0.119817 -0.161111 
-0.218566 -0.109703 -0.168289 -0.189227 -0.114987 -0.167969 -0.19044 -0.120495 -0.147657 
-0.159887 -0.12027 -0.167649 -0.370017 -0.108796 -0.155214 -0.340678 -0.114079 -0.154894 
-0.341891 -0.119588 -0.134581 -0.311339 -0.119363 -0.154573 -0.312552 -0.124871 -0.134261 
-0.281999 -0.124647 -0.154253 -0.283213 -0.130155 -0.133941 -0.25266 -0.12993 -0.153933 
-0.221706 0.0341506 -0.282619 -0.238753 0.024037 -0.275441 -0.192367 0.028867 -0.282299 
-0.163028 0.0235834 -0.281978 -0.133688 0.0182998 -0.281658 -0.105563 0.00750811 -0.261025 
-0.104349 0.0130161 -0.281338 -0.0762233 0.00222449 -0.260705 -0.0750096 0.00773252 -0.281018 
-0.0468839 -0.00305913 -0.260385 -0.0456703 0.0024489 -0.280697 -0.0175446 -0.00834274 -0.260065 
-0.0163309 -0.00283472 -0.280377 0.0117948 -0.0136264 -0.259744 0.0130084 -0.00811833 -0.280057 
0.0411341 -0.01891 -0.259424 0.0423478 -0.0134019 -0.279737 0.0704735 -0.0241936 -0.259104 
0.0716871 -0.0186856 -0.279416 0.0839796 -0.0340828 -0.271918 -0.315692 0.0189826 -0.24859 
-0.314479 0.0244906 -0.268903 -0.331526 0.014377 -0.261725 -0.285139 0.019207 -0.268583 
-0.2558 0.0139234 -0.268262 0.0962721 -0.04948 -0.264419 0.125611 -0.0547636 -0.264099 
0.154951 -0.0600472 -0.263779 0.183076 -0.0708389 -0.243146 0.18429 -0.0653308 -0.263458 
0.212416 -0.0761225 -0.242826 0.213629 -0.0706145 -0.263138 0.225922 -0.0860117 -0.25564 
-0.348572 0.00426344 -0.254546 -0.365619 -0.00585016 -0.247368 0.237001 -0.106917 -0.227829 
0.238214 -0.101409 -0.248141 0.26634 -0.112201 -0.227508 0.267554 -0.106693 -0.247821 
0.279846 -0.12209 -0.240322 -0.382666 -0.0159638 -0.24019 -0.399713 -0.0260774 -0.233011 
0.232246 -0.132428 -0.213152 0.261586 -0.137711 -0.212831 0.275092 -0.147601 -0.225645 
-0.404467 -0.0515882 -0.218335 -0.0952407 -0.0998188 -0.201998 -0.111074 -0.104424 -0.215132 
-0.0940271 -0.0943107 -0.22231 -0.0646877 -0.0995944 -0.22199 -0.0659014 -0.105102 -0.201677 
-0.0353484 -0.104878 -0.22167 -0.00600903 -0.110162 -0.221349 0.0233303 -0.115445 -0.221029 
0.0526697 -0.120729 -0.220709 0.082009 -0.126012 -0.220389 0.111348 -0.131296 -0.220068 
0.110135 -0.136804 -0.199756 0.123641 -0.146693 -0.21257 0.227492 -0.157939 -0.198475 
0.211659 -0.162544 -0.211609 0.228706 -0.152431 -0.218787 0.258045 -0.157714 -0.218467 
-0.409222 -0.077099 -0.203658 -0.158674 -0.114762 -0.187961 -0.174507 -0.119368 -0.201096 
-0.15746 -0.109254 -0.208274 -0.128121 -0.114538 -0.207954 0.135933 -0.16209 -0.205071 
0.165273 -0.167374 -0.204751 0.194612 -0.172658 -0.204431 -0.396929 -0.0924962 -0.196159 
-0.36759 -0.0977798 -0.195839 -0.368804 -0.103288 -0.175526 -0.338251 -0.103063 -0.195519 
-0.339464 -0.108571 -0.175206 -0.308911 -0.108347 -0.195198 -0.310125 -0.113855 -0.174886 
-0.279572 -0.113631 -0.194878 -0.280786 -0.119139 -0.174566 -0.250233 -0.118914 -0.194558 
-0.251446 -0.124422 -0.174245 -0.220893 -0.124198 -0.194237 -0.191554 -0.129482 -0.193917 
-0.191153 0.034375 -0.302611 -0.18994 0.039883 -0.322924 -0.206987 0.0297694 -0.315745 
-0.161814 0.0290914 -0.302291 -0.1606 0.0345994 -0.322603 -0.132475 0.0238078 -0.301971 
-0.131261 0.0293158 -0.322283 -0.103135 0.0185242 -0.30165 -0.101922 0.0240322 -0.321963 
-0.073796 0.0132405 -0.30133 -0.0725823 0.0187486 -0.321643 -0.0602898 0.00335136 -0.314144 
0.0142221 -0.00261031 -0.300369 0.0154357 0.00289772 -0.320682 -0.00161113 -0.00721588 -0.313504 
0.0277282 -0.0124995 -0.313183 -0.254586 0.0194314 -0.288575 -0.253373 0.0249395 -0.308887 
-0.27042 0.0148259 -0.301709 -0.224033 0.0196558 -0.308567 -0.0479973 -0.0120459 -0.306645 
-0.018658 -0.0173295 -0.306325 0.0400207 -0.0278967 -0.305685 0.0693601 -0.0331803 -0.305364 
0.0974857 -0.043972 -0.284732 0.0986994 -0.0384639 -0.305044 0.126825 -0.0492556 -0.284411 
0.128039 -0.0437476 -0.304724 0.156164 -0.0545392 -0.284091 0.157378 -0.0490312 -0.304404 
0.185504 -0.0598228 -0.283771 0.186717 -0.0543148 -0.304083 0.214843 -0.0651064 -0.283451 
0.216057 -0.0595984 -0.303763 0.228349 -0.0749956 -0.296265 -0.316806 0.00999587 -0.294851 
-0.333853 -0.000117726 -0.287673 -0.287466 0.00471226 -0.294531 0.239428 -0.0959009 -0.268453 
0.240642 -0.0903928 -0.288766 0.268767 -0.101184 -0.268133 0.269981 -0.0956765 -0.288446 
0.282274 -0.111074 -0.280947 -0.3509 -0.0102313 -0.280494 -0.367946 -0.0203449 -0.273316 
0.293352 -0.131979 -0.253136 0.294566 -0.126471 -0.273449 0.306859 -0.141868 -0.26595 
-0.386207 -0.0359665 -0.245825 -0.372701 -0.0458557 -0.258639 -0.0341347 -0.09937 -0.241982 
-0.0499679 -0.103976 -0.255116 -0.0329211 -0.0938619 -0.262295 -0.00358173 -0.0991455 -0.261974 
-0.00479538 -0.104654 -0.241662 0.0257576 -0.104429 -0.261654 0.024544 -0.109937 -0.241342 
0.055097 -0.109713 -0.261334 0.0538833 -0.115221 -0.241021 0.0844363 -0.114996 -0.261014 
0.0832227 -0.120504 -0.240701 0.0967288 -0.130394 -0.253515 0.272765 -0.162095 -0.251593 
0.289812 -0.151982 -0.258772 -0.390961 -0.0614774 -0.231148 -0.377455 -0.0713666 -0.243962 
-0.126907 -0.10903 -0.228266 -0.14274 -0.113635 -0.2414 -0.125693 -0.103522 -0.248579 
-0.0963541 -0.108806 -0.248258 -0.0670148 -0.114089 -0.247938 0.109021 -0.145791 -0.246016 
0.138361 -0.151074 -0.245696 0.137147 -0.156582 -0.225384 0.1677 -0.156358 -0.245376 
0.166486 -0.161866 -0.225063 0.197039 -0.161642 -0.245056 0.195826 -0.16715 -0.224743 
0.226379 -0.166925 -0.244735 0.255718 -0.172209 -0.244415 -0.395716 -0.0869882 -0.216472 
-0.382209 -0.0968774 -0.229285 -0.249019 -0.113406 -0.21487 -0.264852 -0.118012 -0.228004 
-0.247805 -0.107898 -0.235183 -0.218466 -0.113182 -0.234862 -0.21968 -0.11869 -0.21455 
-0.189127 -0.118465 -0.234542 -0.19034 -0.123973 -0.21423 -0.159787 -0.123749 -0.234222 
-0.369917 -0.112275 -0.221787 -0.340578 -0.117558 -0.221467 -0.311238 -0.122842 -0.221146 
-0.281899 -0.128125 -0.220826 -0.188726 0.0453911 -0.343236 -0.187512 0.0508991 -0.363549 
-0.204559 0.0407855 -0.35637 -0.159387 0.0401074 -0.342916 -0.158173 0.0456155 -0.363228 
-0.130047 0.0348238 -0.342596 -0.128834 0.0403319 -0.362908 -0.100708 0.0295402 -0.342275 
-0.0994944 0.0350482 -0.362588 -0.0713687 0.0242566 -0.341955 -0.070155 0.0297646 -0.362268 
-0.0578625 0.0143674 -0.354769 -0.22282 0.0251639 -0.32888 -0.221606 0.0306719 -0.349192 
-0.238653 0.0205583 -0.342014 -0.0467837 -0.00653783 -0.326958 -0.04557 -0.00102981 -0.34727 
-0.0174443 -0.0118215 -0.326638 -0.0162307 -0.00631342 -0.34695 0.0131087 -0.011597 -0.34663 
0.0412344 -0.0223887 -0.325997 0.042448 -0.0168807 -0.34631 0.0705737 -0.0276723 -0.325677 
0.0717873 -0.0221643 -0.345989 0.099913 -0.0329559 -0.325357 0.101127 -0.0274479 -0.345669 
0.113419 -0.0428451 -0.338171 -0.2557 0.0104447 -0.334835 -0.272747 0.000331094 -0.327657 
0.125712 -0.0582423 -0.330672 0.155051 -0.0635259 -0.330352 0.18439 -0.0688096 -0.330031 
0.21373 -0.0740932 -0.329711 0.241855 -0.0848848 -0.309078 0.243069 -0.0793768 -0.329391 
0.271195 -0.0901684 -0.308758 0.272408 -0.0846604 -0.329071 0.300534 -0.095452 -0.308438 
0.301748 -0.089944 -0.32875 0.31404 -0.105341 -0.321252 -0.319133 -0.00449889 -0.320799 
-0.33618 -0.0146125 -0.313621 -0.289794 -0.00978251 -0.320479 0.29578 -0.120963 -0.293761 
0.309286 -0.130852 -0.306575 -0.353227 -0.0247261 -0.306442 -0.370273 -0.0348397 -0.299264 
0.304532 -0.156363 -0.291898 -0.375028 -0.0603505 -0.284587 -0.0658011 -0.108581 -0.26825 
-0.0816343 -0.113187 -0.281385 -0.0645875 -0.103073 -0.288563 -0.0352481 -0.108357 -0.288243 
-0.00590879 -0.11364 -0.287922 0.0234306 -0.118924 -0.287602 0.0527699 -0.124208 -0.287282 
0.0821093 -0.129491 -0.286962 0.111449 -0.134775 -0.286641 0.110235 -0.140283 -0.266329 
0.123741 -0.150172 -0.279143 0.256932 -0.166701 -0.264728 0.241098 -0.171306 -0.277862 
0.258145 -0.161193 -0.28504 0.287485 -0.166476 -0.28472 -0.379782 -0.0858613 -0.26991 
-0.158574 -0.118241 -0.254534 -0.174407 -0.122847 -0.267669 -0.15736 -0.112733 -0.274847 
-0.128021 -0.118017 -0.274527 -0.0986812 -0.1233 -0.274206 0.136034 -0.165569 -0.271644 
0.165373 -0.170853 -0.271324 0.194712 -0.176136 -0.271004 0.224052 -0.18142 -0.270683 
-0.36749 -0.101259 -0.262412 -0.368703 -0.106767 -0.242099 -0.33815 -0.106542 -0.262092 
-0.339364 -0.11205 -0.241779 -0.308811 -0.111826 -0.261771 -0.310025 -0.117334 -0.241459 
-0.279472 -0.117109 -0.261451 -0.280685 -0.122617 -0.241139 -0.250132 -0.122393 -0.261131 
-0.220793 -0.127677 -0.260811 -0.191454 -0.13296 -0.26049 -0.156959 0.0511235 -0.383541 
-0.155746 0.0566315 -0.403853 -0.172793 0.0465179 -0.396675 -0.12762 0.0458399 -0.383221 
-0.126406 0.0513479 -0.403533 -0.0982807 0.0405563 -0.3829 -0.0970671 0.0460643 -0.403213 
-0.0689414 0.0352727 -0.38258 -0.0677277 0.0407807 -0.402893 -0.039602 0.029989 -0.38226 
-0.0383884 0.0354971 -0.402572 -0.0260959 0.0200998 -0.395074 -0.191053 0.0308963 -0.369184 
-0.177547 0.0210071 -0.381998 -0.0443564 0.00447822 -0.367583 -0.0138034 0.00470263 -0.387575 
-0.015017 -0.000805398 -0.367263 0.0143223 -0.00608901 -0.366942 0.015536 -0.000580988 -0.387255 
0.0436617 -0.0113726 -0.366622 0.0448753 -0.0058646 -0.386935 0.073001 -0.0166562 -0.366302 
0.0742147 -0.0111482 -0.386614 0.0865071 -0.0265454 -0.379116 -0.225147 0.0106691 -0.354828 
-0.211641 0.000779914 -0.367642 -0.194594 0.0108935 -0.37482 0.0987996 -0.0419427 -0.371617 
0.126925 -0.0527343 -0.350984 0.128139 -0.0472263 -0.371297 0.156265 -0.0580179 -0.350664 
0.157478 -0.0525099 -0.370977 0.185604 -0.0633015 -0.350344 0.186818 -0.0577935 -0.370656 
0.214943 -0.0685851 -0.350024 0.216157 -0.0630771 -0.370336 0.244283 -0.0738688 -0.349703 
0.245496 -0.0683607 -0.370016 0.257789 -0.083758 -0.362517 -0.28858 -0.00427448 -0.340791 
-0.287366 0.00123355 -0.361104 -0.304413 -0.00888005 -0.353925 -0.259241 -0.0095581 -0.340471 
-0.275074 -0.0141637 -0.353605 -0.245734 -0.0194473 -0.353285 -0.228688 -0.00933369 -0.360463 
0.270081 -0.0991552 -0.355019 0.299421 -0.104439 -0.354698 0.311713 -0.119836 -0.3472 
-0.32146 -0.0189937 -0.346747 -0.338507 -0.0291073 -0.339569 -0.262781 -0.0295609 -0.346107 
0.324006 -0.135233 -0.339701 0.322792 -0.140741 -0.319389 0.336298 -0.15063 -0.332203 
-0.355554 -0.0392209 -0.332391 -0.3726 -0.0493344 -0.325212 -0.0340345 -0.102849 -0.308555 
-0.0498677 -0.107454 -0.321689 -0.0328208 -0.0973406 -0.328868 -0.00348149 -0.102624 -0.328547 
-0.00469514 -0.108132 -0.308235 0.0258579 -0.107908 -0.328227 0.0246442 -0.113416 -0.307915 
0.0551972 -0.113191 -0.327907 0.0539836 -0.1187 -0.307594 0.0845366 -0.118475 -0.327587 
0.0833229 -0.123983 -0.307274 0.113876 -0.123759 -0.327266 0.112662 -0.129267 -0.306954 
0.126168 -0.139156 -0.319768 0.302204 -0.170858 -0.317846 0.319251 -0.160744 -0.325024 
-0.377355 -0.0748453 -0.310535 -0.126807 -0.112509 -0.294839 -0.14264 -0.117114 -0.307973 
-0.125593 -0.107001 -0.315152 -0.0962539 -0.112284 -0.314831 -0.0974675 -0.117792 -0.294519 
-0.0669145 -0.117568 -0.314511 0.138461 -0.154553 -0.312269 0.137247 -0.160061 -0.291957 
0.1678 -0.159837 -0.311949 0.166587 -0.165345 -0.291636 0.19714 -0.16512 -0.311629 
0.195926 -0.170628 -0.291316 0.226479 -0.170404 -0.311308 0.225265 -0.175912 -0.290996 
0.255818 -0.175688 -0.310988 0.285158 -0.180971 -0.310668 -0.365062 -0.0902425 -0.303037 
-0.366276 -0.0957505 -0.282724 -0.335723 -0.0955261 -0.302717 -0.336937 -0.101034 -0.282404 
-0.306384 -0.10081 -0.302396 -0.307597 -0.106318 -0.282084 -0.277044 -0.106093 -0.302076 
-0.278258 -0.111601 -0.281764 -0.247705 -0.111377 -0.301756 -0.248919 -0.116885 -0.281443 
-0.218366 -0.116661 -0.301435 -0.219579 -0.122169 -0.281123 -0.189026 -0.121944 -0.301115 
-0.19024 -0.127452 -0.280803 -0.159687 -0.127228 -0.300795 -0.125193 0.0568559 -0.423846 
-0.123979 0.062364 -0.444158 -0.141026 0.0522504 -0.43698 -0.0958534 0.0515723 -0.423525 
-0.0946398 0.0570803 -0.443838 -0.0665141 0.0462887 -0.423205 -0.0653004 0.0517967 -0.443518 
-0.0371747 0.0410051 -0.422885 -0.0359611 0.0465131 -0.443197 -0.00783537 0.0357215 -0.422565 
-0.00662172 0.0412295 -0.442877 0.021504 0.0304379 -0.422244 0.0227176 0.0359459 -0.442557 
0.0350101 0.0205487 -0.435058 -0.158073 0.0421368 -0.429801 -0.17512 0.0320232 -0.422623 
-0.0125897 0.0102107 -0.407888 0.0167496 0.00492704 -0.407567 0.0473026 0.00515145 -0.42756 
0.046089 -0.000356578 -0.407247 0.0754283 -0.00564019 -0.406927 0.076642 -0.000132168 -0.427239 
0.0889344 -0.0155294 -0.419741 -0.179874 0.00651235 -0.407946 0.100013 -0.0364346 -0.39193 
0.101227 -0.0309266 -0.412242 0.129353 -0.0417182 -0.391609 0.130566 -0.0362102 -0.411922 
0.158692 -0.0470019 -0.391289 0.159906 -0.0414938 -0.411602 0.188031 -0.0522855 -0.390969 
0.189245 -0.0467774 -0.411281 0.217371 -0.0575691 -0.390649 0.218584 -0.0520611 -0.410961 
0.24671 -0.0628527 -0.390328 0.247924 -0.0573447 -0.410641 0.260216 -0.0727419 -0.403142 
-0.196921 -0.00360125 -0.400768 -0.213968 -0.0137148 -0.39359 0.271295 -0.0936471 -0.375331 
0.272509 -0.0881391 -0.395644 0.284801 -0.103536 -0.388145 -0.289693 -0.0132612 -0.387052 
-0.30674 -0.0233748 -0.379874 -0.277401 -0.0286584 -0.379553 -0.231015 -0.0238284 -0.386411 
-0.248061 -0.033942 -0.379233 0.297094 -0.118934 -0.380647 0.325219 -0.129725 -0.360014 
0.326433 -0.124217 -0.380326 0.338725 -0.139614 -0.372828 -0.323787 -0.0334884 -0.372695 
-0.340834 -0.043602 -0.365517 -0.265108 -0.0440556 -0.372055 0.0270715 -0.1024 -0.34854 
0.0112383 -0.107005 -0.361674 0.0282852 -0.0968918 -0.368852 0.0576245 -0.102175 -0.368532 
0.0564109 -0.107683 -0.348219 0.0869639 -0.107459 -0.368212 0.0857502 -0.112967 -0.347899 
0.0992563 -0.122856 -0.360713 0.333971 -0.165125 -0.358151 -0.357881 -0.0537156 -0.358339 
-0.374928 -0.0638292 -0.35116 -0.0657009 -0.11206 -0.334824 -0.0815341 -0.116665 -0.347958 
-0.0644872 -0.106552 -0.355136 -0.0351479 -0.111835 -0.354816 -0.00580855 -0.117119 -0.354495 
0.111549 -0.138253 -0.353214 0.140888 -0.143537 -0.352894 0.139675 -0.149045 -0.332582 
0.153181 -0.158934 -0.345396 0.286371 -0.175463 -0.33098 0.270538 -0.180069 -0.344114 
0.287585 -0.169955 -0.351293 0.316924 -0.175239 -0.350973 -0.362635 -0.0792264 -0.343662 
-0.363849 -0.0847345 -0.323349 -0.333296 -0.08451 -0.343341 -0.334509 -0.0900181 -0.323029 
-0.321003 -0.0999073 -0.335843 -0.158473 -0.12172 -0.321107 -0.174306 -0.126325 -0.334242 
-0.15726 -0.116212 -0.34142 -0.12792 -0.121495 -0.3411 -0.0985809 -0.126779 -0.340779 
0.165473 -0.174332 -0.337897 0.194813 -0.179615 -0.337577 0.224152 -0.184899 -0.337256 
0.253491 -0.190182 -0.336936 -0.308711 -0.115304 -0.328344 -0.279371 -0.120588 -0.328024 
-0.250032 -0.125872 -0.327704 -0.220693 -0.131155 -0.327384 -0.191353 -0.136439 -0.327063 
-0.000653705 0.0722483 -0.477866 0.000559945 0.0777564 -0.498179 -0.0164869 0.0676428 -0.491001 
0.0286856 0.0669647 -0.477546 0.0298993 0.0724728 -0.497859 0.0421918 0.0570755 -0.49036 
-0.122765 0.067872 -0.464471 -0.121552 0.07338 -0.484783 -0.138599 0.0632664 -0.477605 
-0.0934261 0.0625884 -0.46415 -0.0922125 0.0680964 -0.484463 -0.0640868 0.0573048 -0.46383 
-0.0628731 0.0628128 -0.484142 -0.0347474 0.0520211 -0.46351 -0.0335338 0.0575292 -0.483822 
-0.00540807 0.0467375 -0.463189 0.0239313 0.0414539 -0.462869 0.0544843 0.0416783 -0.482861 
0.0532706 0.0361703 -0.462549 0.08261 0.0308867 -0.462229 0.0838236 0.0363947 -0.482541 
0.111949 0.0256031 -0.461908 0.113163 0.0311111 -0.482221 0.125455 0.0157139 -0.474722 
-0.143353 0.0377556 -0.462928 0.0485163 0.0106595 -0.447872 0.0778556 0.00537586 -0.447552 
0.107195 9.22424e-05 -0.447232 0.137748 0.000316652 -0.467224 0.136534 -0.00519137 -0.446911 
0.165874 -0.010475 -0.446591 0.167087 -0.00496696 -0.466903 0.17938 -0.0203642 -0.459405 
-0.1604 0.027642 -0.45575 -0.177447 0.0175284 -0.448571 0.102441 -0.0254186 -0.432555 
0.13178 -0.0307022 -0.432234 0.161119 -0.0359858 -0.431914 0.191672 -0.0357614 -0.451906 
0.190459 -0.0412694 -0.431594 0.219798 -0.046553 -0.431274 0.221012 -0.041045 -0.451586 
0.249137 -0.0518367 -0.430953 0.250351 -0.0463286 -0.451266 0.262643 -0.0617258 -0.443767 
-0.195707 0.00190678 -0.42108 -0.194494 0.0074148 -0.441393 -0.21154 -0.00269879 -0.434215 
0.257889 -0.0872367 -0.42909 -0.216295 -0.0282096 -0.419538 0.270182 -0.102634 -0.421592 
0.282474 -0.118031 -0.414093 -0.29202 -0.027756 -0.413 -0.309067 -0.0378696 -0.405822 
-0.279728 -0.0431532 -0.405501 -0.233342 -0.0383232 -0.412359 -0.250389 -0.0484368 -0.405181 
0.294767 -0.133428 -0.406595 0.324106 -0.138712 -0.406274 0.336398 -0.154109 -0.398776 
-0.326114 -0.0479832 -0.398643 -0.343161 -0.0580968 -0.391465 -0.267435 -0.0585504 -0.398003 
-0.0339342 -0.106327 -0.375128 -0.0497674 -0.110933 -0.388262 -0.0327206 -0.100819 -0.395441 
-0.00338125 -0.106103 -0.39512 -0.0045949 -0.111611 -0.374808 0.0259581 -0.111387 -0.3948 
0.0552974 -0.11667 -0.39448 0.0846368 -0.121954 -0.39416 0.113976 -0.127237 -0.393839 
0.112762 -0.132745 -0.373527 0.126269 -0.142635 -0.386341 0.318138 -0.169731 -0.371285 
0.302305 -0.174336 -0.384419 0.319352 -0.164223 -0.391597 -0.361421 -0.0737184 -0.363974 
-0.330868 -0.073494 -0.383966 -0.332082 -0.079002 -0.363654 -0.318576 -0.0888912 -0.376468 
-0.126707 -0.115987 -0.361412 -0.14254 -0.120593 -0.374546 -0.125493 -0.110479 -0.381725 
-0.0961536 -0.115763 -0.381404 -0.0973673 -0.121271 -0.361092 -0.0668143 -0.121047 -0.381084 
0.138561 -0.158032 -0.378842 0.1679 -0.163315 -0.378522 0.166687 -0.168823 -0.358209 
0.19724 -0.168599 -0.378202 0.196026 -0.174107 -0.357889 0.226579 -0.173883 -0.377881 
0.225366 -0.179391 -0.357569 0.255919 -0.179166 -0.377561 0.254705 -0.184674 -0.357249 
0.285258 -0.18445 -0.377241 -0.306283 -0.104288 -0.368969 -0.307497 -0.109796 -0.348657 
-0.276944 -0.109572 -0.368649 -0.278158 -0.11508 -0.348337 -0.247605 -0.114856 -0.368329 
-0.248818 -0.120364 -0.348016 -0.218265 -0.120139 -0.368009 -0.219479 -0.125647 -0.347696 
-0.188926 -0.125423 -0.367688 -0.19014 -0.130931 -0.347376 -0.159587 -0.130707 -0.367368 
0.0406217 0.129002 -0.547525 0.0418353 0.13451 -0.567837 0.0247885 0.124397 -0.560659 
0.069961 0.123719 -0.547205 0.0711747 0.129227 -0.567517 0.0993004 0.118435 -0.546884 
0.100514 0.123943 -0.567197 0.12864 0.113152 -0.546564 0.129853 0.11866 -0.566876 
0.157979 0.107868 -0.546244 0.159193 0.113376 -0.566556 0.187318 0.102584 -0.545923 
0.188532 0.108092 -0.566236 0.200825 0.0926951 -0.558737 0.00652796 0.108775 -0.533168 
0.00774161 0.114283 -0.553481 -0.00930525 0.10417 -0.546302 0.0358673 0.103492 -0.532848 
0.0652066 0.098208 -0.532528 0.094546 0.0929244 -0.532207 0.123885 0.0876407 -0.531887 
0.153225 0.0823571 -0.531567 0.182564 0.0770735 -0.531247 0.213117 0.0772979 -0.551239 
0.211903 0.0717899 -0.530926 0.241243 0.0665063 -0.530606 0.242456 0.0720143 -0.550919 
0.254749 0.0566171 -0.54342 -0.0275657 0.088548 -0.518812 -0.0263521 0.094056 -0.539124 
-0.043399 0.0839424 -0.531946 0.0017736 0.0832644 -0.518491 0.0311129 0.0779808 -0.518171 
0.0604523 0.0726972 -0.517851 0.0897916 0.0674135 -0.517531 0.119131 0.0621299 -0.51721 
0.14847 0.0568463 -0.51689 0.17781 0.0515627 -0.51657 0.207149 0.0462791 -0.516249 
0.236488 0.0409955 -0.515929 0.249995 0.0311063 -0.528743 -0.0909988 0.0736044 -0.504775 
-0.0897852 0.0791125 -0.525088 -0.106832 0.0689989 -0.517909 -0.0616595 0.0683208 -0.504455 
-0.0604458 0.0738288 -0.524767 -0.0323201 0.0630372 -0.504135 0.0556979 0.0471863 -0.503174 
0.0850373 0.0419027 -0.502854 0.114377 0.0366191 -0.502533 0.143716 0.0313355 -0.502213 
0.173055 0.0260519 -0.501893 0.202395 0.0207683 -0.501573 0.231734 0.0154846 -0.501252 
0.262287 0.0157091 -0.521245 0.261073 0.010201 -0.500932 0.274579 0.000311839 -0.513746 
-0.123879 0.0588853 -0.510731 -0.140926 0.0487717 -0.503553 0.138962 0.00582468 -0.487536 
0.168301 0.000541062 -0.487216 0.19764 -0.00474255 -0.486896 0.22698 -0.0100262 -0.486575 
0.256319 -0.0153098 -0.486255 0.269825 -0.025199 -0.499069 -0.14568 0.0232608 -0.488876 
0.192886 -0.0302534 -0.472219 0.222225 -0.035537 -0.471899 0.251565 -0.0408206 -0.471578 
0.282118 -0.0405962 -0.491571 0.280904 -0.0461042 -0.471258 0.29441 -0.0559934 -0.484072 
-0.162727 0.0131472 -0.481698 -0.179774 0.00303364 -0.474519 0.27615 -0.071615 -0.456581 
0.289656 -0.0815042 -0.469395 -0.196821 -0.00707996 -0.467341 -0.213868 -0.0171936 -0.460163 
0.271395 -0.0971259 -0.441904 0.284901 -0.107015 -0.454718 -0.218622 -0.0427044 -0.445486 
0.29598 -0.12792 -0.426907 0.297194 -0.122412 -0.44722 0.309486 -0.137809 -0.439721 
-0.295561 -0.0477588 -0.418636 -0.235669 -0.052818 -0.438308 -0.252716 -0.0629316 -0.431129 
-0.0021676 -0.100595 -0.415433 -0.0180008 -0.105201 -0.428567 -0.000953945 -0.0950869 -0.435745 
0.0283854 -0.100371 -0.435425 0.0271717 -0.105879 -0.415113 0.0577247 -0.105654 -0.435105 
0.0565111 -0.111162 -0.414792 0.0870641 -0.110938 -0.434785 0.0858504 -0.116446 -0.414472 
0.116403 -0.116221 -0.434464 0.11519 -0.121729 -0.414152 0.145743 -0.121505 -0.434144 
0.144529 -0.127013 -0.413832 0.158035 -0.136902 -0.426645 0.321779 -0.153207 -0.432222 
0.334071 -0.168604 -0.424724 -0.329655 -0.067986 -0.404279 -0.300315 -0.0732696 -0.403959 
-0.269762 -0.0730452 -0.423951 -0.286809 -0.0831588 -0.416773 -0.0656006 -0.115539 -0.401397 
-0.0814339 -0.120144 -0.414531 -0.064387 -0.11003 -0.421709 -0.0350477 -0.115314 -0.421389 
0.139775 -0.152524 -0.399155 0.170328 -0.152299 -0.419147 0.169114 -0.157807 -0.398834 
0.199667 -0.157583 -0.418827 0.198453 -0.163091 -0.398514 0.229006 -0.162867 -0.418506 
0.227793 -0.168375 -0.398194 0.241299 -0.178264 -0.411008 0.286471 -0.178942 -0.397553 
0.270638 -0.183547 -0.410688 0.287685 -0.173434 -0.417866 0.317024 -0.178718 -0.417546 
-0.30507 -0.0987804 -0.389282 -0.291564 -0.10867 -0.402096 -0.187712 -0.119915 -0.388001 
-0.203546 -0.12452 -0.401135 -0.186499 -0.114407 -0.408313 -0.157159 -0.11969 -0.407993 
-0.158373 -0.125198 -0.38768 -0.12782 -0.124974 -0.407673 -0.0984807 -0.130258 -0.407352 
0.253591 -0.193661 -0.403509 -0.279271 -0.124067 -0.394597 -0.249932 -0.12935 -0.394277 
-0.220592 -0.134634 -0.393957 0.043049 0.140018 -0.58815 0.0442626 0.145526 -0.608462 
0.0272158 0.135413 -0.601284 0.0723883 0.134735 -0.58783 0.073602 0.140243 -0.608142 
0.101728 0.129451 -0.587509 0.102941 0.134959 -0.607822 0.115234 0.119562 -0.600323 
-0.0203841 0.125075 -0.574113 -0.0191704 0.130583 -0.594426 -0.0362173 0.120469 -0.587248 
0.00895526 0.119791 -0.573793 0.0101689 0.125299 -0.594106 0.127526 0.104165 -0.592825 
0.156866 0.0988812 -0.592504 0.186205 0.0935976 -0.592184 0.214331 0.0828059 -0.571551 
0.215544 0.088314 -0.591864 0.227837 0.0729168 -0.584365 -0.0544778 0.104848 -0.559757 
-0.0532641 0.110356 -0.580069 -0.070311 0.100242 -0.572891 -0.0251384 0.0995641 -0.559437 
0.240129 0.0575195 -0.576867 0.268255 0.0467279 -0.556234 0.269469 0.0522359 -0.576546 
0.297594 0.0414443 -0.555914 0.298808 0.0469523 -0.576226 0.3111 0.0315551 -0.568727 
-0.0885715 0.0846205 -0.5454 -0.0873578 0.0901285 -0.565713 -0.104405 0.0800149 -0.558534 
-0.0592322 0.0793369 -0.54508 0.263501 0.0212171 -0.541557 0.29284 0.0159335 -0.541237 
0.323393 0.0161579 -0.561229 0.322179 0.0106498 -0.540916 0.351519 0.00536623 -0.540596 
0.352732 0.0108743 -0.560909 0.365025 -0.00452296 -0.55341 -0.109159 0.0545041 -0.543858 
0.288086 -0.00957735 -0.52656 0.317425 -0.014861 -0.52624 0.346764 -0.0201446 -0.525919 
0.377317 -0.0199202 -0.545912 0.376104 -0.0254282 -0.525599 0.38961 -0.0353174 -0.538413 
-0.126206 0.0443905 -0.536679 -0.143253 0.0342769 -0.529501 0.283331 -0.0350882 -0.511883 
0.312671 -0.0403718 -0.511563 0.326177 -0.050261 -0.524377 0.343224 -0.0401474 -0.531555 
0.372563 -0.045431 -0.531235 -0.161513 0.0186553 -0.50201 -0.1603 0.0241633 -0.522323 
-0.177346 0.0140497 -0.515144 0.307916 -0.0658826 -0.496886 0.321422 -0.0757718 -0.5097 
-0.182101 -0.0114611 -0.500467 0.287329 -0.095999 -0.495343 0.304376 -0.0858854 -0.502521 
-0.199148 -0.0215747 -0.493289 -0.216195 -0.0316883 -0.486111 0.269068 -0.111621 -0.467852 
0.253235 -0.116226 -0.480987 0.270282 -0.106113 -0.488165 -0.220949 -0.0571991 -0.471434 
0.0295991 -0.0948625 -0.455738 0.0137658 -0.0994681 -0.468872 0.0308127 -0.0893545 -0.47605 
0.060152 -0.0946381 -0.47573 0.0589384 -0.100146 -0.455417 0.0894914 -0.0999217 -0.47541 
0.0882777 -0.10543 -0.455097 0.118831 -0.105205 -0.475089 0.117617 -0.110713 -0.454777 
0.14817 -0.110489 -0.474769 0.146956 -0.115997 -0.454457 0.177509 -0.115773 -0.474449 
0.176296 -0.121281 -0.454136 0.189802 -0.13117 -0.46695 0.265527 -0.131623 -0.473488 
0.293653 -0.142415 -0.452855 0.27782 -0.147021 -0.465989 -0.237996 -0.0673127 -0.464256 
-0.255043 -0.0774263 -0.457077 -0.033834 -0.109806 -0.441701 -0.0496672 -0.114412 -0.454835 
-0.0326204 -0.104298 -0.462014 -0.00328101 -0.109582 -0.461693 0.171541 -0.146791 -0.439459 
0.202094 -0.146567 -0.459452 0.200881 -0.152075 -0.439139 0.231434 -0.151851 -0.459131 
0.23022 -0.157359 -0.438819 0.260773 -0.157134 -0.458811 0.259559 -0.162642 -0.438499 
0.288899 -0.167926 -0.438178 0.318238 -0.173209 -0.437858 -0.273303 -0.093048 -0.429586 
-0.259797 -0.102937 -0.4424 -0.155946 -0.114182 -0.428305 -0.171779 -0.118788 -0.44144 
-0.154732 -0.108674 -0.448618 -0.125393 -0.113958 -0.448298 -0.126606 -0.119466 -0.427985 
-0.0960534 -0.119242 -0.447977 -0.0972671 -0.12475 -0.427665 -0.0667141 -0.124525 -0.447657 
0.254805 -0.188153 -0.423822 -0.278057 -0.118559 -0.41491 -0.247505 -0.118334 -0.434902 
-0.248718 -0.123842 -0.414589 -0.218165 -0.123618 -0.434582 -0.219379 -0.129126 -0.414269 
-0.188826 -0.128902 -0.434261 -0.0472961 0.141375 -0.615059 -0.0460825 0.146883 -0.635371 
-0.0631293 0.136769 -0.628193 -0.0179568 0.136091 -0.614738 -0.0167431 0.141599 -0.635051 
0.0113826 0.130807 -0.614418 0.0125962 0.136315 -0.634731 0.0419356 0.131032 -0.63441 
0.0712749 0.125748 -0.63409 0.100614 0.120464 -0.63377 0.112907 0.105067 -0.626271 
-0.0520505 0.115864 -0.600382 -0.0678837 0.111258 -0.613516 0.125199 0.0896701 -0.618773 
0.154539 0.0843864 -0.618452 0.183878 0.0791028 -0.618132 0.213217 0.0738192 -0.617812 
0.241343 0.0630276 -0.597179 0.242557 0.0685356 -0.617492 0.254849 0.0531384 -0.609993 
-0.0861442 0.0956365 -0.586025 -0.0849305 0.101145 -0.606338 -0.101977 0.091031 -0.599159 
0.267142 0.0377412 -0.602494 0.296481 0.0324575 -0.602174 0.324607 0.0216659 -0.581541 
0.32582 0.0271739 -0.601854 0.338113 0.0117767 -0.594355 -0.106732 0.0655201 -0.584482 
0.350405 -0.0036205 -0.586857 0.378531 -0.0144121 -0.566224 0.379745 -0.00890412 -0.586537 
0.392037 -0.0243013 -0.579038 -0.124992 0.0498985 -0.556992 -0.123779 0.0554065 -0.577304 
-0.140825 0.0452929 -0.570126 0.373777 -0.039923 -0.551547 0.357943 -0.0445285 -0.564681 
0.37499 -0.0344149 -0.57186 -0.14558 0.0197821 -0.555449 0.339683 -0.0601502 -0.53719 
0.353189 -0.0700394 -0.550004 -0.162627 0.00966853 -0.548271 -0.179674 -0.000445067 -0.541092 
0.334929 -0.085661 -0.522514 0.348435 -0.0955502 -0.535328 -0.184428 -0.0259559 -0.526415 
0.124799 -0.0741865 -0.510079 0.108966 -0.0787921 -0.523213 0.126012 -0.0686784 -0.530391 
0.155352 -0.0739621 -0.530071 0.154138 -0.0794701 -0.509758 0.184691 -0.0792457 -0.529751 
0.183477 -0.0847537 -0.509438 0.196984 -0.0946429 -0.522252 0.285002 -0.110494 -0.521291 
0.302048 -0.10038 -0.52847 0.331388 -0.105664 -0.528149 -0.202688 -0.0415775 -0.498925 
-0.189182 -0.0514667 -0.511739 0.0320264 -0.0838464 -0.496363 0.0161931 -0.088452 -0.509497 
0.03324 -0.0783384 -0.516675 0.0625793 -0.083622 -0.516355 0.0613657 -0.0891301 -0.496042 
0.0919187 -0.0889056 -0.516034 0.090705 -0.0944137 -0.495722 0.120044 -0.0996973 -0.495402 
0.149384 -0.104981 -0.495081 0.178723 -0.110265 -0.494761 0.209276 -0.11004 -0.514753 
0.208062 -0.115548 -0.494441 0.238615 -0.115324 -0.514433 0.237402 -0.120832 -0.494121 
0.267955 -0.120607 -0.514113 -0.206229 -0.0615803 -0.50456 -0.223276 -0.0716939 -0.497382 
-0.0314067 -0.09879 -0.482326 -0.0472399 -0.103396 -0.49546 -0.0301931 -0.093282 -0.502639 
-0.000853705 -0.0985656 -0.502318 -0.00206736 -0.104074 -0.482006 0.203308 -0.141059 -0.479764 
0.232647 -0.146343 -0.479444 0.261987 -0.151626 -0.479124 -0.241536 -0.0873155 -0.469891 
-0.22803 -0.0972047 -0.482705 -0.0948398 -0.113734 -0.46829 -0.110673 -0.118339 -0.481424 
-0.0936261 -0.108226 -0.488602 -0.0642868 -0.113509 -0.488282 -0.0655004 -0.119017 -0.46797 
-0.246291 -0.112826 -0.455214 -0.215738 -0.112602 -0.475207 -0.216952 -0.11811 -0.454894 
-0.186399 -0.117886 -0.474886 -0.187612 -0.123394 -0.454574 -0.157059 -0.123169 -0.474566 
-0.12772 -0.128453 -0.474246 -0.0484095 0.132388 -0.661319 -0.0654564 0.122274 -0.654141 
-0.0190702 0.127104 -0.660999 0.0102692 0.121821 -0.660679 0.0396085 0.116537 -0.660358 
0.0677342 0.105745 -0.639726 0.051901 0.10114 -0.65286 0.0970735 0.100462 -0.639405 
-0.0837169 0.106653 -0.62665 -0.0825033 0.112161 -0.646963 -0.0995501 0.102047 -0.639784 
0.0641935 0.0857425 -0.645361 0.0935328 0.0804589 -0.645041 0.122872 0.0751753 -0.644721 
0.152212 0.0698917 -0.6444 0.181551 0.0646081 -0.64408 0.21089 0.0593244 -0.64376 
0.239016 0.0485328 -0.623127 0.223183 0.0439272 -0.636261 -0.104304 0.0765362 -0.625107 
0.235475 0.02853 -0.628763 0.264815 0.0232464 -0.628443 0.294154 0.0179628 -0.628122 
0.323493 0.0126792 -0.627802 0.351619 0.00188752 -0.607169 0.352833 0.00739555 -0.627482 
0.365125 -0.00800167 -0.619983 -0.122565 0.0609146 -0.597617 -0.121351 0.0664226 -0.617929 
-0.138398 0.056309 -0.610751 0.377418 -0.0233989 -0.612485 0.38971 -0.0387961 -0.604986 
-0.143153 0.0307982 -0.596074 0.355616 -0.0590233 -0.590629 0.372663 -0.0489097 -0.597808 
-0.161413 0.0151766 -0.568583 -0.160199 0.0206846 -0.588896 -0.177246 0.010571 -0.581717 
0.16132 -0.0429432 -0.56506 0.145487 -0.0475488 -0.578194 0.162533 -0.0374352 -0.585373 
0.174826 -0.0528324 -0.577874 0.350862 -0.0845341 -0.575953 -0.182001 -0.0149398 -0.56704 
0.0978867 -0.0578868 -0.551024 0.0820535 -0.0624924 -0.564158 0.0991004 -0.0523788 -0.571336 
0.12844 -0.0576624 -0.571016 0.127226 -0.0631704 -0.550704 0.156565 -0.068454 -0.550383 
0.187118 -0.0682296 -0.570376 0.185905 -0.0737377 -0.550063 0.216458 -0.0735132 -0.570055 
0.215244 -0.0790213 -0.549743 0.245797 -0.0787969 -0.569735 0.244583 -0.0843049 -0.549423 
0.25809 -0.0941941 -0.562236 0.303262 -0.0948721 -0.548782 0.287429 -0.0994777 -0.561916 
0.304476 -0.0893641 -0.569094 0.333815 -0.0946477 -0.568774 0.332601 -0.100156 -0.548462 
-0.186755 -0.0404506 -0.552364 0.0344537 -0.0728304 -0.536988 0.0186205 -0.077436 -0.550122 
0.0356673 -0.0673224 -0.5573 0.0650067 -0.072606 -0.55698 0.063793 -0.078114 -0.536667 
0.0931323 -0.0833976 -0.536347 0.21049 -0.104532 -0.535066 0.239829 -0.109816 -0.534746 
0.270382 -0.109591 -0.554738 0.269168 -0.115099 -0.534425 -0.191509 -0.0659615 -0.537687 
-0.0289794 -0.087774 -0.522951 -0.0448126 -0.0923795 -0.536085 -0.0277657 -0.0822659 -0.543264 
0.0015736 -0.0875496 -0.542943 0.000359946 -0.0930576 -0.522631 -0.208556 -0.0760751 -0.530508 
-0.225603 -0.0861887 -0.52333 -0.121752 -0.0974339 -0.509235 -0.137585 -0.10204 -0.522369 
-0.120538 -0.0919259 -0.529548 -0.0911988 -0.0972095 -0.529227 -0.0924125 -0.102718 -0.508915 
-0.0618595 -0.102493 -0.528907 -0.0630731 -0.108001 -0.508595 -0.213311 -0.101586 -0.515832 
-0.214524 -0.107094 -0.495519 -0.183971 -0.106869 -0.515511 -0.185185 -0.112378 -0.495199 
-0.154632 -0.112153 -0.515191 -0.155846 -0.117661 -0.494879 -0.126506 -0.122945 -0.494558 
-0.0178565 0.132612 -0.681311 -0.0166429 0.13812 -0.701624 -0.0336897 0.128007 -0.694446 
-0.0043504 0.122723 -0.694125 -0.0507366 0.117893 -0.687267 -0.0677835 0.107779 -0.680089 
0.00794209 0.107326 -0.686627 0.0360678 0.0965342 -0.665994 0.0202346 0.0919286 -0.679128 
-0.0848303 0.0976659 -0.672911 -0.101877 0.0875522 -0.665732 0.0313134 0.0710234 -0.651317 
0.0154802 0.0664178 -0.664451 0.0606528 0.0657397 -0.650997 0.0899921 0.0604561 -0.650677 
0.119331 0.0551725 -0.650356 0.148671 0.0498889 -0.650036 0.17801 0.0446053 -0.649716 
0.207349 0.0393217 -0.649396 -0.120138 0.0719306 -0.638242 -0.118924 0.0774387 -0.658554 
-0.135971 0.0673251 -0.651376 0.0277727 0.0510206 -0.656953 0.0571121 0.045737 -0.656632 
0.0864514 0.0404533 -0.656312 0.115791 0.0351697 -0.655992 0.14513 0.0298861 -0.655672 
0.174469 0.0246025 -0.655351 0.203809 0.0193189 -0.655031 0.233148 0.0140353 -0.654711 
0.262487 0.00875164 -0.654391 0.291827 0.00346802 -0.65407 0.321166 -0.0018156 -0.65375 
0.349292 -0.0126072 -0.633117 0.333459 -0.0172128 -0.646251 -0.140725 0.0418142 -0.636699 
0.345751 -0.03261 -0.638753 0.373877 -0.0434017 -0.61812 0.358044 -0.0480072 -0.631254 
-0.14548 0.0163034 -0.622022 0.105068 -0.0213599 -0.606326 0.0892352 -0.0259655 -0.61946 
0.106282 -0.0158519 -0.626638 0.135621 -0.0211355 -0.626318 0.134408 -0.0266436 -0.606005 
0.164961 -0.0264191 -0.625998 0.163747 -0.0319272 -0.605685 0.1943 -0.0317028 -0.625677 
0.193086 -0.0372108 -0.605365 0.206593 -0.0471 -0.618179 0.310444 -0.0583453 -0.604084 
0.294611 -0.0629508 -0.617218 0.311657 -0.0528372 -0.624396 0.340997 -0.0581208 -0.624076 
0.339783 -0.0636289 -0.603764 -0.162526 0.00618982 -0.614844 -0.179573 -0.00392378 -0.607665 
0.0709747 -0.0415871 -0.591969 0.0551415 -0.0461927 -0.605103 0.0721883 -0.0360791 -0.612282 
0.100314 -0.0468708 -0.591649 0.129653 -0.0521544 -0.591329 0.188332 -0.0627216 -0.590688 
0.218885 -0.0624972 -0.61068 0.217671 -0.0680052 -0.590368 0.248224 -0.0677808 -0.61036 
0.247011 -0.0732888 -0.590047 0.277564 -0.0730644 -0.61004 0.27635 -0.0785725 -0.589727 
0.305689 -0.0838561 -0.589407 0.335029 -0.0891397 -0.589087 -0.184328 -0.0294346 -0.592989 
0.036881 -0.0618143 -0.577612 0.0210478 -0.0664199 -0.590747 0.0380946 -0.0563063 -0.597925 
0.0662203 -0.067098 -0.577292 0.271596 -0.104083 -0.57505 -0.189082 -0.0549454 -0.578312 
-0.0558914 -0.0714743 -0.563896 -0.0717246 -0.0760799 -0.577031 -0.0546778 -0.0659663 -0.584209 
-0.0253384 -0.0712499 -0.583889 -0.0265521 -0.0767579 -0.563576 0.0040009 -0.0765335 -0.583568 
0.00278725 -0.0820415 -0.563256 -0.193836 -0.0804562 -0.563635 -0.148664 -0.0811343 -0.55018 
-0.164497 -0.0857398 -0.563314 -0.14745 -0.0756262 -0.570493 -0.118111 -0.0809099 -0.570173 
-0.119324 -0.0864179 -0.54986 -0.0887715 -0.0861935 -0.569852 -0.0899852 -0.0917015 -0.54954 
-0.0606458 -0.0969851 -0.54922 -0.212097 -0.0960778 -0.536144 -0.181544 -0.0958534 -0.556136 
-0.182758 -0.101361 -0.535824 -0.153418 -0.106645 -0.535503 -0.0201836 0.118117 -0.70726 
-0.0530637 0.103398 -0.713215 -0.0701105 0.0932847 -0.706037 -0.0237243 0.0981147 -0.712895 
0.00440138 0.087323 -0.692262 -0.0114318 0.0827175 -0.705397 -0.0871574 0.0831711 -0.698859 
-0.104204 0.0730575 -0.69168 -0.000352985 0.0618122 -0.677585 -0.0161862 0.0572066 -0.69072 
-0.121251 0.0629439 -0.684502 -0.138298 0.0528303 -0.677324 -0.0344467 0.041585 -0.663229 
-0.0502799 0.0369794 -0.676363 -0.033233 0.047093 -0.683541 -0.00510735 0.0363014 -0.662909 
0.024232 0.0310178 -0.662588 0.0535713 0.0257342 -0.662268 0.0829107 0.0204505 -0.661948 
0.11225 0.0151669 -0.661628 0.141589 0.00988331 -0.661307 0.170929 0.0045997 -0.660987 
0.200268 -0.000683919 -0.660667 0.213774 -0.0105731 -0.673481 0.230821 -0.000459509 -0.680659 
0.26016 -0.00574312 -0.680339 0.2895 -0.0110267 -0.680018 0.317625 -0.0218184 -0.659386 
0.301792 -0.026424 -0.67252 -0.143052 0.0273195 -0.662647 -0.0392011 0.0160742 -0.648552 
-0.0550343 0.0114686 -0.661686 -0.00986171 0.0107906 -0.648232 0.0194776 0.00550697 -0.647911 
0.048817 0.000223349 -0.647591 0.0781563 -0.00506027 -0.647271 0.107496 -0.0103439 -0.646951 
0.136835 -0.0156275 -0.64663 0.166174 -0.0209111 -0.64631 0.195514 -0.0261947 -0.64599 
0.226067 -0.0259703 -0.665982 0.224853 -0.0314783 -0.64567 0.238359 -0.0413675 -0.658484 
0.312871 -0.0473292 -0.644709 0.297038 -0.0519348 -0.657843 0.34221 -0.0526128 -0.644389 
-0.147807 0.00180866 -0.64797 -0.0427418 -0.00392859 -0.654188 -0.0146161 -0.0147202 -0.633555 
-0.0304493 -0.0193258 -0.646689 0.0147233 -0.0200038 -0.633235 0.0440626 -0.0252875 -0.632914 
0.073402 -0.0305711 -0.632594 0.220099 -0.0569892 -0.630993 0.250652 -0.0567648 -0.650985 
0.249438 -0.0622728 -0.630672 0.279991 -0.0620484 -0.650665 0.278777 -0.0675564 -0.630352 
-0.164854 -0.00830494 -0.640792 -0.1819 -0.0184185 -0.633613 -0.0487098 -0.0349474 -0.619198 
-0.064543 -0.039553 -0.632332 -0.0474961 -0.0294394 -0.639511 -0.0193704 -0.040231 -0.618878 
0.00996891 -0.0455147 -0.618558 0.0393083 -0.0507983 -0.618237 -0.186655 -0.0439294 -0.618937 
-0.141482 -0.0446074 -0.605482 -0.157315 -0.049213 -0.618616 -0.140269 -0.0390994 -0.625795 
-0.110929 -0.044383 -0.625474 -0.112143 -0.049891 -0.605162 -0.0815898 -0.0496666 -0.625154 
-0.0828035 -0.0551746 -0.604842 -0.0534641 -0.0604582 -0.604521 -0.0241248 -0.0657419 -0.604201 
0.00521455 -0.0710255 -0.603881 -0.191409 -0.0694402 -0.60426 -0.146237 -0.0701182 -0.590805 
-0.16207 -0.0747238 -0.603939 -0.116897 -0.0754018 -0.590485 -0.0875579 -0.0806854 -0.590165 
-0.179117 -0.0848374 -0.596761 -0.18033 -0.0903454 -0.576449 -0.0566044 0.0833955 -0.718851 
-0.027265 0.0781119 -0.718531 -0.0906981 0.0631683 -0.704494 -0.0771919 0.0532791 -0.717308 
-0.0601451 0.0633927 -0.724487 -0.0320194 0.0526011 -0.703854 -0.0478526 0.0479955 -0.716988 
-0.124792 0.0429411 -0.690138 -0.111286 0.0330519 -0.702952 -0.0942388 0.0431655 -0.71013 
-0.0661131 0.0323739 -0.689497 -0.0819463 0.0277683 -0.702631 -0.0648995 0.0378819 -0.70981 
0.22728 -0.0204623 -0.686295 0.25662 -0.0257459 -0.685974 0.285959 -0.0310295 -0.685654 
-0.128332 0.0229383 -0.695773 -0.145379 0.0128247 -0.688595 -0.100207 0.0121467 -0.675141 
-0.11604 0.0075411 -0.688275 -0.0989932 0.0176547 -0.695453 -0.0708675 0.00686305 -0.67482 
0.251865 -0.0512567 -0.671297 0.281205 -0.0565403 -0.670977 -0.150134 -0.0126861 -0.673918 
-0.103748 -0.00785612 -0.680776 -0.0756218 -0.0186478 -0.660143 -0.091455 -0.0232533 -0.673278 
-0.0462825 -0.0239314 -0.659823 -0.168394 -0.0283077 -0.646427 -0.137841 -0.0280833 -0.66642 
-0.139055 -0.0335913 -0.646107 -0.108502 -0.0333669 -0.666099 -0.109716 -0.038875 -0.645787 
-0.0803762 -0.0441586 -0.645467 -0.173149 -0.0538185 -0.631751 -0.177903 -0.0793294 -0.617074 
-0.0636858 0.0433899 -0.730122 -0.0977795 0.0231627 -0.715766 -0.131873 0.00293552 -0.701409 
-0.135414 -0.0170673 -0.707045 -0.152461 -0.0271809 -0.699866 -0.107288 -0.0278589 -0.686412 
-0.123121 -0.0324645 -0.699546 -0.140168 -0.0425781 -0.692368 -0.138955 -0.0370701 -0.71268 

POLYGONS 7569 22704
OFFSETS vtktypeint64
0 3 6 9 12 15 18 21 24 
27 30 33 36 39 42 45 48 51 
54 57 60 63 66 69 72 75 78 
81 84 87 90 93 96 99 102 105 
108 111 114 117 120 123 126 129 132 
135 138 141 144 147 150 153 156 159 
162 165 168 171 174 177 180 183 186 
189 192 195 198 201 204 207 210 213 
216 219 222 225 228 231 234 237 240 
243 246 249 252 255 258 261 264 267 
270 273 276 279 282 285 288 291 294 
297 300 303 306 309 312 315 318 321 
324 327 330 333 336 339 342 345 348 
351 354 357 360 363 366 369 372 375 
378 381 384 387 390 393 396 399 402 
405 408 411 414 417 420 423 426 429 
432 435 438 441 444 447 450 453 456 
459 462 465 468 471 474 477 480 483 
486 489 492 495 498 501 504 507 510 
513 516 519 522 525 528 531 534 537 
540 543 546 549 552 555 558 561 564 
567 570 573 576 579 582 585 588 591 
594 597 600 603 606 609 612 615 618 
621 624 627 630 633 636 639 642 645 
648 651 654 657 660 663 666 669 672 
675 678 681 684 687 690 693 696 699 
702 705 708 711 714 717 720 723 726 
729 732 735 738 741 744 747 750 753 
756 759 762 765 768 771 774 777 780 
783 786 789 792 795 798 801 804 807 
810 813 816 819 822 825 828 831 834 
837 840 843 846 849 852 855 858 861 
864 867 870 873 876 879 882 885 888 
891 894 897 900 903 906 909 912 915 
918 921 924 927 930 933 936 939 942 
945 948 951 954 957 960 963 966 969 
972 975 978 981 984 987 990 993 996 
999 1002 1005 1008 1011 1014 1017 1020 1023 
1026 1029 1032 1035 1038 1041 1044 1047 1050 
1053 1056 1059 1062 1065 1068 1071 1074 1077 
1080 1083 1086 1089 1092 1095 1098 1101 1104 
1107 1110 1113 1116 1119 1122 1125 1128 1131 
1134 1137 1140 1143 1146 1149 1152 1155 1158 
1161 1164 1167 1170 1173 1176 1179 1182 1185 
1188 1191 1194 1197 1200 1203 1206 1209 1212 
1215 1218 1221 1224 1227 1230 1233 1236 1239 
1242 1245 1248 1251 1254 1257 1260 1263 1266 
1269 1272 1275 1278 1281 1284 1287 1290 1293 
1296 1299 1302 1305 1308 1311 1314 1317 1320 
1323 1326 1329 1332 1335 1338 1341 1344 1347 
1350 1353 1356 1359 1362 1365 1368 1371 1374 
1377 1380 1383 1386 1389 1392 1395 1398 1401 
1404 1407 1410 1413 1416 1419 1422 1425 1428 
1431 1434 1437 1440 1443 1446 1449 1452 1455 
1458 1461 1464 1467 1470 1473 1476 1479 1482 
1485 1488 1491 1494 1497 1500 1503 1506 1509 
1512 1515 1518 1521 1524 1527 1530 1533 1536 
1539 1542 1545 1548 1551 1554 1557 1560 1563 
1566 1569 1572 1575 1578 1581 1584 1587 1590 
1593 1596 1599 1602 1605 1608 1611 1614 1617 
1620 1623 1626 1629 1632 1635 1638 1641 1644 
1647 1650 1653 1656 1659 1662 1665 1668 1671 
1674 1677 1680 1683 1686 1689 1692 1695 1698 
1701 1704 1707 1710 1713 1716 1719 1722 1725 
1728 1731 1734 1737 1740 1743 1746 1749 1752 
1755 1758 1761 1764 1767 1770 1773 1776 1779 
1782 1785 1788 1791 1794 1797 1800 1803 1806 
1809 1812 1815 1818 1821 1824 1827 1830 1833 
1836 1839 1842 1845 1848 1851 1854 1857 1860 
1863 1866 1869 1872 1875 1878 1881 1884 1887 
1890 1893 1896 1899 1902 1905 1908 1911 1914 
1917 1920 1923 1926 1929 1932 1935 1938 1941 
1944 1947 1950 1953 1956 1959 1962 1965 1968 
1971 1974 1977 1980 1983 1986 1989 1992 1995 
1998 2001 2004 2007 2010 2013 2016 2019 2022 
2025 2028 2031 2034 2037 2040 2043 2046 2049 
2052 2055 2058 2061 2064 2067 2070 2073 2076 
2079 2082 2085 2088 2091 2094 2097 2100 2103 
2106 2109 2112 2115 2118 2121 2124 2127 2130 
2133 2136 2139 2142 2145 2148 2151 2154 2157 
2160 2163 2166 2169 2172 2175 2178 2181 2184 
2187 2190 2193 2196 2199 2202 2205 2208 2211 
2214 2217 2220 2223 2226 2229 2232 2235 2238 
2241 2244 2247 2250 2253 2256 2259 2262 2265 
2268 2271 2274 2277 2280 2283 2286 2289 2292 
2295 2298 2301 2304 2307 2310 2313 2316 2319 
2322 2325 2328 2331 2334 2337 2340 2343 2346 
2349 2352 2355 2358 2361 2364 2367 2370 2373 
2376 2379 2382 2385 2388 2391 2394 2397 2400 
2403 2406 2409 2412 2415 2418 2421 2424 2427 
2430 2433 2436 2439 2442 2445 2448 2451 2454 
2457 2460 2463 2466 2469 2472 2475 2478 2481 
2484 2487 2490 2493 2496 2499 2502 2505 2508 
2511 2514 2517 2520 2523 2526 2529 2532 2535 
2538 2541 2544 2547 2550 2553 2556 2559 2562 
2565 2568 2571 2574 2577 2580 2583 2586 2589 
2592 2595 2598 2601 2604 2607 2610 2613 2616 
2619 2622 2625 2628 2631 2634 2637 2640 2643 
2646 2649 2652 2655 2658 2661 2664 2667 2670 
2673 2676 2679 2682 2685 2688 2691 2694 2697 
2700 2703 2706 2709 2712 2715 2718 2721 2724 
2727 2730 2733 2736 2739 2742 2745 2748 2751 
2754 2757 2760 2763 2766 2769 2772 2775 2778 
2781 2784 2787 2790 2793 2796 2799 2802 2805 
2808 2811 2814 2817 2820 2823 2826 2829 2832 
2835 2838 2841 2844 2847 2850 2853 2856 2859 
2862 2865 2868 2871 2874 2877 2880 2883 2886 
2889 2892 2895 2898 2901 2904 2907 2910 2913 
2916 2919 2922 2925 2928 2931 2934 2937 2940 
2943 2946 2949 2952 2955 2958 2961 2964 2967 
2970 2973 2976 2979 2982 2985 2988 2991 2994 
2997 3000 3003 3006 3009 3012 3015 3018 3021 
3024 3027 3030 3033 3036 3039 3042 3045 3048 
3051 3054 3057 3060 3063 3066 3069 3072 3075 
3078 3081 3084 3087 3090 3093 3096 3099 3102 
3105 3108 3111 3114 3117 3120 3123 3126 3129 
3132 3135 3138 3141 3144 3147 3150 3153 3156 
3159 3162 3165 3168 3171 3174 3177 3180 3183 
3186 3189 3192 3195 3198 3201 3204 3207 3210 
3213 3216 3219 3222 3225 3228 3231 3234 3237 
3240 3243 3246 3249 3252 3255 3258 3261 3264 
3267 3270 3273 3276 3279 3282 3285 3288 3291 
3294 3297 3300 3303 3306 3309 3312 3315 3318 
3321 3324 3327 3330 3333 3336 3339 3342 3345 
3348 3351 3354 3357 3360 3363 3366 3369 3372 
3375 3378 3381 3384 3387 3390 3393 3396 3399 
3402 3405 3408 3411 3414 3417 3420 3423 3426 
3429 3432 3435 3438 3441 3444 3447 3450 3453 
3456 3459 3462 3465 3468 3471 3474 3477 3480 
3483 3486 3489 3492 3495 3498 3501 3504 3507 
3510 3513 3516 3519 3522 3525 3528 3531 3534 
3537 3540 3543 3546 3549 3552 3555 3558 3561 
3564 3567 3570 3573 3576 3579 3582 3585 3588 
3591 3594 3597 3600 3603 3606 3609 3612 3615 
3618 3621 3624 3627 3630 3633 3636 3639 3642 
3645 3648 3651 3654 3657 3660 3663 3666 3669 
3672 3675 3678 3681 3684 3687 3690 3693 3696 
3699 3702 3705 3708 3711 3714 3717 3720 3723 
3726 3729 3732 3735 3738 3741 3744 3747 3750 
3753 3756 3759 3762 3765 3768 3771 3774 3777 
3780 3783 3786 3789 3792 3795 3798 3801 3804 
3807 3810 3813 3816 3819 3822 3825 3828 3831 
3834 3837 3840 3843 3846 3849 3852 3855 3858 
3861 3864 3867 3870 3873 3876 3879 3882 3885 
3888 3891 3894 3897 3900 3903 3906 3909 3912 
3915 3918 3921 3924 3927 3930 3933 3936 3939 
3942 3945 3948 3951 3954 3957 3960 3963 3966 
3969 3972 3975 3978 3981 3984 3987 3990 3993 
3996 3999 4002 4005 4008 4011 4014 4017 4020 
4023 4026 4029 4032 4035 4038 4041 4044 4047 
4050 4053 4056 4059 4062 4065 4068 4071 4074 
4077 4080 4083 4086 4089 4092 4095 4098 4101 
4104 4107 4110 4113 4116 4119 4122 4125 4128 
4131 4134 4137 4140 4143 4146 4149 4152 4155 
4158 4161 4164 4167 4170 4173 4176 4179 4182 
4185 4188 4191 4194 4197 4200 4203 4206 4209 
4212 4215 4218 4221 4224 4227 4230 4233 4236 
4239 4242 4245 4248 4251 4254 4257 4260 4263 
4266 4269 4272 4275 4278 4281 4284 4287 4290 
4293 4296 4299 4302 4305 4308 4311 4314 4317 
4320 4323 4326 4329 4332 4335 4338 4341 4344 
4347 4350 4353 4356 4359 4362 4365 4368 4371 
4374 4377 4380 4383 4386 4389 4392 4395 4398 
4401 4404 4407 4410 4413 4416 4419 4422 4425 
4428 4431 4434 4437 4440 4443 4446 4449 4452 
4455 4458 4461 4464 4467 4470 4473 4476 4479 
4482 4485 4488 4491 4494 4497 4500 4503 4506 
4509 4512 4515 4518 4521 4524 4527 4530 4533 
4536 4539 4542 4545 4548 4551 4554 4557 4560 
4563 4566 4569 4572 4575 4578 4581 4584 4587 
4590 4593 4596 4599 4602 4605 4608 4611 4614 
4617 4620 4623 4626 4629 4632 4635 4638 4641 
4644 4647 4650 4653 4656 4659 4662 4665 4668 
4671 4674 4677 4680 4683 4686 4689 4692 4695 
4698 4701 4704 4707 4710 4713 4716 4719 4722 
4725 4728 4731 4734 4737 4740 4743 4746 4749 
4752 4755 4758 4761 4764 4767 4770 4773 4776 
4779 4782 4785 4788 4791 4794 4797 4800 4803 
4806 4809 4812 4815 4818 4821 4824 4827 4830 
4833 4836 4839 4842 4845 4848 4851 4854 4857 
4860 4863 4866 4869 4872 4875 4878 4881 4884 
4887 4890 4893 4896 4899 4902 4905 4908 4911 
4914 4917 4920 4923 4926 4929 4932 4935 4938 
4941 4944 4947 4950 4953 4956 4959 4962 4965 
4968 4971 4974 4977 4980 4983 4986 4989 4992 
4995 4998 5001 5004 5007 5010 5013 5016 5019 
5022 5025 5028 5031 5034 5037 5040 5043 5046 
5049 5052 5055 5058 5061 5064 5067 5070 5073 
5076 5079 5082 5085 5088 5091 5094 5097 5100 
5103 5106 5109 5112 5115 5118 5121 5124 5127 
5130 5133 5136 5139 5142 5145 5148 5151 5154 
5157 5160 5163 5166 5169 5172 5175 5178 5181 
5184 5187 5190 5193 5196 5199 5202 5205 5208 
5211 5214 5217 5220 5223 5226 5229 5232 5235 
5238 5241 5244 5247 5250 5253 5256 5259 5262 
5265 5268 5271 5274 5277 5280 5283 5286 5289 
5292 5295 5298 5301 5304 5307 5310 5313 5316 
5319 5322 5325 5328 5331 5334 5337 5340 5343 
5346 5349 5352 5355 5358 5361 5364 5367 5370 
5373 5376 5379 5382 5385 5388 5391 5394 5397 
5400 5403 5406 5409 5412 5415 5418 5421 5424 
5427 5430 5433 5436 5439 5442 5445 5448 5451 
5454 5457 5460 5463 5466 5469 5472 5475 5478 
5481 5484 5487 5490 5493 5496 5499 5502 5505 
5508 5511 5514 5517 5520 5523 5526 5529 5532 
5535 5538 5541 5544 5547 5550 5553 5556 5559 
5562 5565 5568 5571 5574 5577 5580 5583 5586 
5589 5592 5595 5598 5601 5604 5607 5610 5613 
5616 5619 5622 5625 5628 5631 5634 5637 5640 
5643 5646 5649 5652 5655 5658 5661 5664 5667 
5670 5673 5676 5679 5682 5685 5688 5691 5694 
5697 5700 5703 5706 5709 5712 5715 5718 5721 
5724 5727 5730 5733 5736 5739 5742 5745 5748 
5751 5754 5757 5760 5763 5766 5769 5772 5775 
5778 5781 5784 5787 5790 5793 5796 5799 5802 
5805 5808 5811 5814 5817 5820 5823 5826 5829 
5832 5835 5838 5841 5844 5847 5850 5853 5856 
5859 5862 5865 5868 5871 5874 5877 5880 5883 
5886 5889 5892 5895 5898 5901 5904 5907 5910 
5913 5916 5919 5922 5925 5928 5931 5934 5937 
5940 5943 5946 5949 5952 5955 5958 5961 5964 
5967 5970 5973 5976 5979 5982 5985 5988 5991 
5994 5997 6000 6003 6006 6009 6012 6015 6018 
6021 6024 6027 6030 6033 6036 6039 6042 6045 
6048 6051 6054 6057 6060 6063 6066 6069 6072 
6075 6078 6081 6084 6087 6090 6093 6096 6099 
6102 6105 6108 6111 6114 6117 6120 6123 6126 
6129 6132 6135 6138 6141 6144 6147 6150 6153 
6156 6159 6162 6165 6168 6171 6174 6177 6180 
6183 6186 6189 6192 6195 6198 6201 6204 6207 
6210 6213 6216 6219 6222 6225 6228 6231 6234 
6237 6240 6243 6246 6249 6252 6255 6258 6261 
6264 6267 6270 6273 6276 6279 6282 6285 6288 
6291 6294 6297 6300 6303 6306 6309 6312 6315 
6318 6321 6324 6327 6330 6333 6336 6339 6342 
6345 6348 6351 6354 6357 6360 6363 6366 6369 
6372 6375 6378 6381 6384 6387 6390 6393 6396 
6399 6402 6405 6408 6411 6414 6417 6420 6423 
6426 6429 6432 6435 6438 6441 6444 6447 6450 
6453 6456 6459 6462 6465 6468 6471 6474 6477 
6480 6483 6486 6489 6492 6495 6498 6501 6504 
6507 6510 6513 6516 6519 6522 6525 6528 6531 
6534 6537 6540 6543 6546 6549 6552 6555 6558 
6561 6564 6567 6570 6573 6576 6579 6582 6585 
6588 6591 6594 6597 6600 6603 6606 6609 6612 
6615 6618 6621 6624 6627 6630 6633 6636 6639 
6642 6645 6648 6651 6654 6657 6660 6663 6666 
6669 6672 6675 6678 6681 6684 6687 6690 6693 
6696 6699 6702 6705 6708 6711 6714 6717 6720 
6723 6726 6729 6732 6735 6738 6741 6744 6747 
6750 6753 6756 6759 6762 6765 6768 6771 6774 
6777 6780 6783 6786 6789 6792 6795 6798 6801 
6804 6807 6810 6813 6816 6819 6822 6825 6828 
6831 6834 6837 6840 6843 6846 6849 6852 6855 
6858 6861 6864 6867 6870 6873 6876 6879 6882 
6885 6888 6891 6894 6897 6900 6903 6906 6909 
6912 6915 6918 6921 6924 6927 6930 6933 6936 
6939 6942 6945 6948 6951 6954 6957 6960 6963 
6966 6969 6972 6975 6978 6981 6984 6987 6990 
6993 6996 6999 7002 7005 7008 7011 7014 7017 
7020 7023 7026 7029 7032 7035 7038 7041 7044 
7047 7050 7053 7056 7059 7062 7065 7068 7071 
7074 7077 7080 7083 7086 7089 7092 7095 7098 
7101 7104 7107 7110 7113 7116 7119 7122 7125 
7128 7131 7134 7137 7140 7143 7146 7149 7152 
7155 7158 7161 7164 7167 7170 7173 7176 7179 
7182 7185 7188 7191 7194 7197 7200 7203 7206 
7209 7212 7215 7218 7221 7224 7227 7230 7233 
7236 7239 7242 7245 7248 7251 7254 7257 7260 
7263 7266 7269 7272 7275 7278 7281 7284 7287 
7290 7293 7296 7299 7302 7305 7308 7311 7314 
7317 7320 7323 7326 7329 7332 7335 7338 7341 
7344 7347 7350 7353 7356 7359 7362 7365 7368 
7371 7374 7377 7380 7383 7386 7389 7392 7395 
7398 7401 7404 7407 7410 7413 7416 7419 7422 
7425 7428 7431 7434 7437 7440 7443 7446 7449 
7452 7455 7458 7461 7464 7467 7470 7473 7476 
7479 7482 7485 7488 7491 7494 7497 7500 7503 
7506 7509 7512 7515 7518 7521 7524 7527 7530 
7533 7536 7539 7542 7545 7548 7551 7554 7557 
7560 7563 7566 7569 7572 7575 7578 7581 7584 
7587 7590 7593 7596 7599 7602 7605 7608 7611 
7614 7617 7620 7623 7626 7629 7632 7635 7638 
7641 7644 7647 7650 7653 7656 7659 7662 7665 
7668 7671 7674 7677 7680 7683 7686 7689 7692 
7695 7698 7701 7704 7707 7710 7713 7716 7719 
7722 7725 7728 7731 7734 7737 7740 7743 7746 
7749 7752 7755 7758 7761 7764 7767 7770 7773 
7776 7779 7782 7785 7788 7791 7794 7797 7800 
7803 7806 7809 7812 7815 7818 7821 7824 7827 
7830 7833 7836 7839 7842 7845 7848 7851 7854 
7857 7860 7863 7866 7869 7872 7875 7878 7881 
7884 7887 7890 7893 7896 7899 7902 7905 7908 
7911 7914 7917 7920 7923 7926 7929 7932 7935 
7938 7941 7944 7947 7950 7953 7956 7959 7962 
7965 7968 7971 7974 7977 7980 7983 7986 7989 
7992 7995 7998 8001 8004 8007 8010 8013 8016 
8019 8022 8025 8028 8031 8034 8037 8040 8043 
8046 8049 8052 8055 8058 8061 8064 8067 8070 
8073 8076 8079 8082 8085 8088 8091 8094 8097 
8100 8103 8106 8109 8112 8115 8118 8121 8124 
8127 8130 8133 8136 8139 8142 8145 8148 8151 
8154 8157 8160 8163 8166 8169 8172 8175 8178 
8181 8184 8187 8190 8193 8196 8199 8202 8205 
8208 8211 8214 8217 8220 8223 8226 8229 8232 
8235 8238 8241 8244 8247 8250 8253 8256 8259 
8262 8265 8268 8271 8274 8277 8280 8283 8286 
8289 8292 8295 8298 8301 8304 8307 8310 8313 
8316 8319 8322 8325 8328 8331 8334 8337 8340 
8343 8346 8349 8352 8355 8358 8361 8364 8367 
8370 8373 8376 8379 8382 8385 8388 8391 8394 
8397 8400 8403 8406 8409 8412 8415 8418 8421 
8424 8427 8430 8433 8436 8439 8442 8445 8448 
8451 8454 8457 8460 8463 8466 8469 8472 8475 
8478 8481 8484 8487 8490 8493 8496 8499 8502 
8505 8508 8511 8514 8517 8520 8523 8526 8529 
8532 8535 8538 8541 8544 8547 8550 8553 8556 
8559 8562 8565 8568 8571 8574 8577 8580 8583 
8586 8589 8592 8595 8598 8601 8604 8607 8610 
8613 8616 8619 8622 8625 8628 8631 8634 8637 
8640 8643 8646 8649 8652 8655 8658 8661 8664 
8667 8670 8673 8676 8679 8682 8685 8688 8691 
8694 8697 8700 8703 8706 8709 8712 8715 8718 
8721 8724 8727 8730 8733 8736 8739 8742 8745 
8748 8751 8754 8757 8760 8763 8766 8769 8772 
8775 8778 8781 8784 8787 8790 8793 8796 8799 
8802 8805 8808 8811 8814 8817 8820 8823 8826 
8829 8832 8835 8838 8841 8844 8847 8850 8853 
8856 8859 8862 8865 8868 8871 8874 8877 8880 
8883 8886 8889 8892 8895 8898 8901 8904 8907 
8910 8913 8916 8919 8922 8925 8928 8931 8934 
8937 8940 8943 8946 8949 8952 8955 8958 8961 
8964 8967 8970 8973 8976 8979 8982 8985 8988 
8991 8994 8997 9000 9003 9006 9009 9012 9015 
9018 9021 9024 9027 9030 9033 9036 9039 9042 
9045 9048 9051 9054 9057 9060 9063 9066 9069 
9072 9075 9078 9081 9084 9087 9090 9093 9096 
9099 9102 9105 9108 9111 9114 9117 9120 9123 
9126 9129 9132 9135 9138 9141 9144 9147 9150 
9153 9156 9159 9162 9165 9168 9171 9174 9177 
9180 9183 9186 9189 9192 9195 9198 9201 9204 
9207 9210 9213 9216 9219 9222 9225 9228 9231 
9234 9237 9240 9243 9246 9249 9252 9255 9258 
9261 9264 9267 9270 9273 9276 9279 9282 9285 
9288 9291 9294 9297 9300 9303 9306 9309 9312 
9315 9318 9321 9324 9327 9330 9333 9336 9339 
9342 9345 9348 9351 9354 9357 9360 9363 9366 
9369 9372 9375 9378 9381 9384 9387 9390 9393 
9396 9399 9402 9405 9408 9411 9414 9417 9420 
9423 9426 9429 9432 9435 9438 9441 9444 9447 
9450 9453 9456 9459 9462 9465 9468 9471 9474 
9477 9480 9483 9486 9489 9492 9495 9498 9501 
9504 9507 9510 9513 9516 9519 9522 9525 9528 
9531 9534 9537 9540 9543 9546 9549 9552 9555 
9558 9561 9564 9567 9570 9573 9576 9579 9582 
9585 9588 9591 9594 9597 9600 9603 9606 9609 
9612 9615 9618 9621 9624 9627 9630 9633 9636 
9639 9642 9645 9648 9651 9654 9657 9660 9663 
9666 9669 9672 9675 9678 9681 9684 9687 9690 
9693 9696 9699 9702 9705 9708 9711 9714 9717 
9720 9723 9726 9729 9732 9735 9738 9741 9744 
9747 9750 9753 9756 9759 9762 9765 9768 9771 
9774 9777 9780 9783 9786 9789 9792 9795 9798 
9801 9804 9807 9810 9813 9816 9819 9822 9825 
9828 9831 9834 9837 9840 9843 9846 9849 9852 
9855 9858 9861 9864 9867 9870 9873 9876 9879 
9882 9885 9888 9891 9894 9897 9900 9903 9906 
9909 9912 9915 9918 9921 9924 9927 9930 9933 
9936 9939 9942 9945 9948 9951 9954 9957 9960 
9963 9966 9969 9972 9975 9978 9981 9984 9987 
9990 9993 9996 9999 10002 10005 10008 10011 10014 
10017 10020 10023 10026 10029 10032 10035 10038 10041 
10044 10047 10050 10053 10056 10059 10062 10065 10068 
10071 10074 10077 10080 10083 10086 10089 10092 10095 
10098 10101 10104 10107 10110 10113 10116 10119 10122 
10125 10128 10131 10134 10137 10140 10143 10146 10149 
10152 10155 10158 10161 10164 10167 10170 10173 10176 
10179 10182 10185 10188 10191 10194 10197 10200 10203 
10206 10209 10212 10215 10218 10221 10224 10227 10230 
10233 10236 10239 10242 10245 10248 10251 10254 10257 
10260 10263 10266 10269 10272 10275 10278 10281 10284 
10287 10290 10293 10296 10299 10302 10305 10308 10311 
10314 10317 10320 10323 10326 10329 10332 10335 10338 
10341 10344 10347 10350 10353 10356 10359 10362 10365 
10368 10371 10374 10377 10380 10383 10386 10389 10392 
10395 10398 10401 10404 10407 10410 10413 10416 10419 
10422 10425 10428 10431 10434 10437 10440 10443 10446 
10449 10452 10455 10458 10461 10464 10467 10470 10473 
10476 10479 10482 10485 10488 10491 10494 10497 10500 
10503 10506 10509 10512 10515 10518 10521 10524 10527 
10530 10533 10536 10539 10542 10545 10548 10551 10554 
10557 10560 10563 10566 10569 10572 10575 10578 10581 
10584 10587 10590 10593 10596 10599 10602 10605 10608 
10611 10614 10617 10620 10623 10626 10629 10632 10635 
10638 10641 10644 10647 10650 10653 10656 10659 10662 
10665 10668 10671 10674 10677 10680 10683 10686 10689 
10692 10695 10698 10701 10704 10707 10710 10713 10716 
10719 10722 10725 10728 10731 10734 10737 10740 10743 
10746 10749 10752 10755 10758 10761 10764 10767 10770 
10773 10776 10779 10782 10785 10788 10791 10794 10797 
10800 10803 10806 10809 10812 10815 10818 10821 10824 
10827 10830 10833 10836 10839 10842 10845 10848 10851 
10854 10857 10860 10863 10866 10869 10872 10875 10878 
10881 10884 10887 10890 10893 10896 10899 10902 10905 
10908 10911 10914 10917 10920 10923 10926 10929 10932 
10935 10938 10941 10944 10947 10950 10953 10956 10959 
10962 10965 10968 10971 10974 10977 10980 10983 10986 
10989 10992 10995 10998 11001 11004 11007 11010 11013 
11016 11019 11022 11025 11028 11031 11034 11037 11040 
11043 11046 11049 11052 11055 11058 11061 11064 11067 
11070 11073 11076 11079 11082 11085 11088 11091 11094 
11097 11100 11103 11106 11109 11112 11115 11118 11121 
11124 11127 11130 11133 11136 11139 11142 11145 11148 
11151 11154 11157 11160 11163 11166 11169 11172 11175 
11178 11181 11184 11187 11190 11193 11196 11199 11202 
11205 11208 11211 11214 11217 11220 11223 11226 11229 
11232 11235 11238 11241 11244 11247 11250 11253 11256 
11259 11262 11265 11268 11271 11274 11277 11280 11283 
11286 11289 11292 11295 11298 11301 11304 11307 11310 
11313 11316 11319 11322 11325 11328 11331 11334 11337 
11340 11343 11346 11349 11352 11355 11358 11361 11364 
11367 11370 11373 11376 11379 11382 11385 11388 11391 
11394 11397 11400 11403 11406 11409 11412 11415 11418 
11421 11424 11427 11430 11433 11436 11439 11442 11445 
11448 11451 11454 11457 11460 11463 11466 11469 11472 
11475 11478 11481 11484 11487 11490 11493 11496 11499 
11502 11505 11508 11511 11514 11517 11520 11523 11526 
11529 11532 11535 11538 11541 11544 11547 11550 11553 
11556 11559 11562 11565 11568 11571 11574 11577 11580 
11583 11586 11589 11592 11595 11598 11601 11604 11607 
11610 11613 11616 11619 11622 11625 11628 11631 11634 
11637 11640 11643 11646 11649 11652 11655 11658 11661 
11664 11667 11670 11673 11676 11679 11682 11685 11688 
11691 11694 11697 11700 11703 11706 11709 11712 11715 
11718 11721 11724 11727 11730 11733 11736 11739 11742 
11745 11748 11751 11754 11757 11760 11763 11766 11769 
11772 11775 11778 11781 11784 11787 11790 11793 11796 
11799 11802 11805 11808 11811 11814 11817 11820 11823 
11826 11829 11832 11835 11838 11841 11844 11847 11850 
11853 11856 11859 11862 11865 11868 11871 11874 11877 
11880 11883 11886 11889 11892 11895 11898 11901 11904 
11907 11910 11913 11916 11919 11922 11925 11928 11931 
11934 11937 11940 11943 11946 11949 11952 11955 11958 
11961 11964 11967 11970 11973 11976 11979 11982 11985 
11988 11991 11994 11997 12000 12003 12006 12009 12012 
12015 12018 12021 12024 12027 12030 12033 12036 12039 
12042 12045 12048 12051 12054 12057 12060 12063 12066 
12069 12072 12075 12078 12081 12084 12087 12090 12093 
12096 12099 12102 12105 12108 12111 12114 12117 12120 
12123 12126 12129 12132 12135 12138 12141 12144 12147 
12150 12153 12156 12159 12162 12165 12168 12171 12174 
12177 12180 12183 12186 12189 12192 12195 12198 12201 
12204 12207 12210 12213 12216 12219 12222 12225 12228 
12231 12234 12237 12240 12243 12246 12249 12252 12255 
12258 12261 12264 12267 12270 12273 12276 12279 12282 
12285 12288 12291 12294 12297 12300 12303 12306 12309 
12312 12315 12318 12321 12324 12327 12330 12333 12336 
12339 12342 12345 12348 12351 12354 12357 12360 12363 
12366 12369 12372 12375 12378 12381 12384 12387 12390 
12393 12396 12399 12402 12405 12408 12411 12414 12417 
12420 12423 12426 12429 12432 12435 12438 12441 12444 
12447 12450 12453 12456 12459 12462 12465 12468 12471 
12474 12477 12480 12483 12486 12489 12492 12495 12498 
12501 12504 12507 12510 12513 12516 12519 12522 12525 
12528 12531 12534 12537 12540 12543 12546 12549 12552 
12555 12558 12561 12564 12567 12570 12573 12576 12579 
12582 12585 12588 12591 12594 12597 12600 12603 12606 
12609 12612 12615 12618 12621 12624 12627 12630 12633 
12636 12639 12642 12645 12648 12651 12654 12657 12660 
12663 12666 12669 12672 12675 12678 12681 12684 12687 
12690 12693 12696 12699 12702 12705 12708 12711 12714 
12717 12720 12723 12726 12729 12732 12735 12738 12741 
12744 12747 12750 12753 12756 12759 12762 12765 12768 
12771 12774 12777 12780 12783 12786 12789 12792 12795 
12798 12801 12804 12807 12810 12813 12816 12819 12822 
12825 12828 12831 12834 12837 12840 12843 12846 12849 
12852 12855 12858 12861 12864 12867 12870 12873 12876 
12879 12882 12885 12888 12891 12894 12897 12900 12903 
12906 12909 12912 12915 12918 12921 12924 12927 12930 
12933 12936 12939 12942 12945 12948 12951 12954 12957 
12960 12963 12966 12969 12972 12975 12978 12981 12984 
12987 12990 12993 12996 12999 13002 13005 13008 13011 
13014 13017 13020 13023 13026 13029 13032 13035 13038 
13041 13044 13047 13050 13053 13056 13059 13062 13065 
13068 13071 13074 13077 13080 13083 13086 13089 13092 
13095 13098 13101 13104 13107 13110 13113 13116 13119 
13122 13125 13128 13131 13134 13137 13140 13143 13146 
13149 13152 13155 13158 13161 13164 13167 13170 13173 
13176 13179 13182 13185 13188 13191 13194 13197 13200 
13203 13206 13209 13212 13215 13218 13221 13224 13227 
13230 13233 13236 13239 13242 13245 13248 13251 13254 
13257 13260 13263 13266 13269 13272 13275 13278 13281 
13284 13287 13290 13293 13296 13299 13302 13305 13308 
13311 13314 13317 13320 13323 13326 13329 13332 13335 
13338 13341 13344 13347 13350 13353 13356 13359 13362 
13365 13368 13371 13374 13377 13380 13383 13386 13389 
13392 13395 13398 13401 13404 13407 13410 13413 13416 
13419 13422 13425 13428 13431 13434 13437 13440 13443 
13446 13449 13452 13455 13458 13461 13464 13467 13470 
13473 13476 13479 13482 13485 13488 13491 13494 13497 
13500 13503 13506 13509 13512 13515 13518 13521 13524 
13527 13530 13533 13536 13539 13542 13545 13548 13551 
13554 13557 13560 13563 13566 13569 13572 13575 13578 
13581 13584 13587 13590 13593 13596 13599 13602 13605 
13608 13611 13614 13617 13620 13623 13626 13629 13632 
13635 13638 13641 13644 13647 13650 13653 13656 13659 
13662 13665 13668 13671 13674 13677 13680 13683 13686 
13689 13692 13695 13698 13701 13704 13707 13710 13713 
13716 13719 13722 13725 13728 13731 13734 13737 13740 
13743 13746 13749 13752 13755 13758 13761 13764 13767 
13770 13773 13776 13779 13782 13785 13788 13791 13794 
13797 13800 13803 13806 13809 13812 13815 13818 13821 
13824 13827 13830 13833 13836 13839 13842 13845 13848 
13851 13854 13857 13860 13863 13866 13869 13872 13875 
13878 13881 13884 13887 13890 13893 13896 13899 13902 
13905 13908 13911 13914 13917 13920 13923 13926 13929 
13932 13935 13938 13941 13944 13947 13950 13953 13956 
13959 13962 13965 13968 13971 13974 13977 13980 13983 
13986 13989 13992 13995 13998 14001 14004 14007 14010 
14013 14016 14019 14022 14025 14028 14031 14034 14037 
14040 14043 14046 14049 14052 14055 14058 14061 14064 
14067 14070 14073 14076 14079 14082 14085 14088 14091 
14094 14097 14100 14103 14106 14109 14112 14115 14118 
14121 14124 14127 14130 14133 14136 14139 14142 14145 
14148 14151 14154 14157 14160 14163 14166 14169 14172 
14175 14178 14181 14184 14187 14190 14193 14196 14199 
14202 14205 14208 14211 14214 14217 14220 14223 14226 
14229 14232 14235 14238 14241 14244 14247 14250 14253 
14256 14259 14262 14265 14268 14271 14274 14277 14280 
14283 14286 14289 14292 14295 14298 14301 14304 14307 
14310 14313 14316 14319 14322 14325 14328 14331 14334 
14337 14340 14343 14346 14349 14352 14355 14358 14361 
14364 14367 14370 14373 14376 14379 14382 14385 14388 
14391 14394 14397 14400 14403 14406 14409 14412 14415 
14418 14421 14424 14427 14430 14433 14436 14439 14442 
14445 14448 14451 14454 14457 14460 14463 14466 14469 
14472 14475 14478 14481 14484 14487 14490 14493 14496 
14499 14502 14505 14508 14511 14514 14517 14520 14523 
14526 14529 14532 14535 14538 14541 14544 14547 14550 
14553 14556 14559 14562 14565 14568 14571 14574 14577 
14580 14583 14586 14589 14592 14595 14598 14601 14604 
14607 14610 14613 14616 14619 14622 14625 14628 14631 
14634 14637 14640 14643 14646 14649 14652 14655 14658 
14661 14664 14667 14670 14673 14676 14679 14682 14685 
14688 14691 14694 14697 14700 14703 14706 14709 14712 
14715 14718 14721 14724 14727 14730 14733 14736 14739 
14742 14745 14748 14751 14754 14757 14760 14763 14766 
14769 14772 14775 14778 14781 14784 14787 14790 14793 
14796 14799 14802 14805 14808 14811 14814 14817 14820 
14823 14826 14829 14832 14835 14838 14841 14844 14847 
14850 14853 14856 14859 14862 14865 14868 14871 14874 
14877 14880 14883 14886 14889 14892 14895 14898 14901 
14904 14907 14910 14913 14916 14919 14922 14925 14928 
14931 14934 14937 14940 14943 14946 14949 14952 14955 
14958 14961 14964 14967 14970 14973 14976 14979 14982 
14985 14988 14991 14994 14997 15000 15003 15006 15009 
15012 15015 15018 15021 15024 15027 15030 15033 15036 
15039 15042 15045 15048 15051 15054 15057 15060 15063 
15066 15069 15072 15075 15078 15081 15084 15087 15090 
15093 15096 15099 15102 15105 15108 15111 15114 15117 
15120 15123 15126 15129 15132 15135 15138 15141 15144 
15147 15150 15153 15156 15159 15162 15165 15168 15171 
15174 15177 15180 15183 15186 15189 15192 15195 15198 
15201 15204 15207 15210 15213 15216 15219 15222 15225 
15228 15231 15234 15237 15240 15243 15246 15249 15252 
15255 15258 15261 15264 15267 15270 15273 15276 15279 
15282 15285 15288 15291 15294 15297 15300 15303 15306 
15309 15312 15315 15318 15321 15324 15327 15330 15333 
15336 15339 15342 15345 15348 15351 15354 15357 15360 
15363 15366 15369 15372 15375 15378 15381 15384 15387 
15390 15393 15396 15399 15402 15405 15408 15411 15414 
15417 15420 15423 15426 15429 15432 15435 15438 15441 
15444 15447 15450 15453 15456 15459 15462 15465 15468 
15471 15474 15477 15480 15483 15486 15489 15492 15495 
15498 15501 15504 15507 15510 15513 15516 15519 15522 
15525 15528 15531 15534 15537 15540 15543 15546 15549 
15552 15555 15558 15561 15564 15567 15570 15573 15576 
15579 15582 15585 15588 15591 15594 15597 15600 15603 
15606 15609 15612 15615 15618 15621 15624 15627 15630 
15633 15636 15639 15642 15645 15648 15651 15654 15657 
15660 15663 15666 15669 15672 15675 15678 15681 15684 
15687 15690 15693 15696 15699 15702 15705 15708 15711 
15714 15717 15720 15723 15726 15729 15732 15735 15738 
15741 15744 15747 15750 15753 15756 15759 15762 15765 
15768 15771 15774 15777 15780 15783 15786 15789 15792 
15795 15798 15801 15804 15807 15810 15813 15816 15819 
15822 15825 15828 15831 15834 15837 15840 15843 15846 
15849 15852 15855 15858 15861 15864 15867 15870 15873 
15876 15879 15882 15885 15888 15891 15894 15897 15900 
15903 15906 15909 15912 15915 15918 15921 15924 15927 
15930 15933 15936 15939 15942 15945 15948 15951 15954 
15957 15960 15963 15966 15969 15972 15975 15978 15981 
15984 15987 15990 15993 15996 15999 16002 16005 16008 
16011 16014 16017 16020 16023 16026 16029 16032 16035 
16038 16041 16044 16047 16050 16053 16056 16059 16062 
16065 16068 16071 16074 16077 16080 16083 16086 16089 
16092 16095 16098 16101 16104 16107 16110 16113 16116 
16119 16122 16125 16128 16131 16134 16137 16140 16143 
16146 16149 16152 16155 16158 16161 16164 16167 16170 
16173 16176 16179 16182 16185 16188 16191 16194 16197 
16200 16203 16206 16209 16212 16215 16218 16221 16224 
16227 16230 16233 16236 16239 16242 16245 16248 16251 
16254 16257 16260 16263 16266 16269 16272 16275 16278 
16281 16284 16287 16290 16293 16296 16299 16302 16305 
16308 16311 16314 16317 16320 16323 16326 16329 16332 
16335 16338 16341 16344 16347 16350 16353 16356 16359 
16362 16365 16368 16371 16374 16377 16380 16383 16386 
16389 16392 16395 16398 16401 16404 16407 16410 16413 
16416 16419 16422 16425 16428 16431 16434 16437 16440 
16443 16446 16449 16452 16455 16458 16461 16464 16467 
16470 16473 16476 16479 16482 16485 16488 16491 16494 
16497 16500 16503 16506 16509 16512 16515 16518 16521 
16524 16527 16530 16533 16536 16539 16542 16545 16548 
16551 16554 16557 16560 16563 16566 16569 16572 16575 
16578 16581 16584 16587 16590 16593 16596 16599 16602 
16605 16608 16611 16614 16617 16620 16623 16626 16629 
16632 16635 16638 16641 16644 16647 16650 16653 16656 
16659 16662 16665 16668 16671 16674 16677 16680 16683 
16686 16689 16692 16695 16698 16701 16704 16707 16710 
16713 16716 16719 16722 16725 16728 16731 16734 16737 
16740 16743 16746 16749 16752 16755 16758 16761 16764 
16767 16770 16773 16776 16779 16782 16785 16788 16791 
16794 16797 16800 16803 16806 16809 16812 16815 16818 
16821 16824 16827 16830 16833 16836 16839 16842 16845 
16848 16851 16854 16857 16860 16863 16866 16869 16872 
16875 16878 16881 16884 16887 16890 16893 16896 16899 
16902 16905 16908 16911 16914 16917 16920 16923 16926 
16929 16932 16935 16938 16941 16944 16947 16950 16953 
16956 16959 16962 16965 16968 16971 16974 16977 16980 
16983 16986 16989 16992 16995 16998 17001 17004 17007 
17010 17013 17016 17019 17022 17025 17028 17031 17034 
17037 17040 17043 17046 17049 17052 17055 17058 17061 
17064 17067 17070 17073 17076 17079 17082 17085 17088 
17091 17094 17097 17100 17103 17106 17109 17112 17115 
17118 17121 17124 17127 17130 17133 17136 17139 17142 
17145 17148 17151 17154 17157 17160 17163 17166 17169 
17172 17175 17178 17181 17184 17187 17190 17193 17196 
17199 17202 17205 17208 17211 17214 17217 17220 17223 
17226 17229 17232 17235 17238 17241 17244 17247 17250 
17253 17256 17259 17262 17265 17268 17271 17274 17277 
17280 17283 17286 17289 17292 17295 17298 17301 17304 
17307 17310 17313 17316 17319 17322 17325 17328 17331 
17334 17337 17340 17343 17346 17349 17352 17355 17358 
17361 17364 17367 17370 17373 17376 17379 17382 17385 
17388 17391 17394 17397 17400 17403 17406 17409 17412 
17415 17418 17421 17424 17427 17430 17433 17436 17439 
17442 17445 17448 17451 17454 17457 17460 17463 17466 
17469 17472 17475 17478 17481 17484 17487 17490 17493 
17496 17499 17502 17505 17508 17511 17514 17517 17520 
17523 17526 17529 17532 17535 17538 17541 17544 17547 
17550 17553 17556 17559 17562 17565 17568 17571 17574 
17577 17580 17583 17586 17589 17592 17595 17598 17601 
17604 17607 17610 17613 17616 17619 17622 17625 17628 
17631 17634 17637 17640 17643 17646 17649 17652 17655 
17658 17661 17664 17667 17670 17673 17676 17679 17682 
17685 17688 17691 17694 17697 17700 17703 17706 17709 
17712 17715 17718 17721 17724 17727 17730 17733 17736 
17739 17742 17745 17748 17751 17754 17757 17760 17763 
17766 17769 17772 17775 17778 17781 17784 17787 17790 
17793 17796 17799 17802 17805 17808 17811 17814 17817 
17820 17823 17826 17829 17832 17835 17838 17841 17844 
17847 17850 17853 17856 17859 17862 17865 17868 17871 
17874 17877 17880 17883 17886 17889 17892 17895 17898 
17901 17904 17907 17910 17913 17916 17919 17922 17925 
17928 17931 17934 17937 17940 17943 17946 17949 17952 
17955 17958 17961 17964 17967 17970 17973 17976 17979 
17982 17985 17988 17991 17994 17997 18000 18003 18006 
18009 18012 18015 18018 18021 18024 18027 18030 18033 
18036 18039 18042 18045 18048 18051 18054 18057 18060 
18063 18066 18069 18072 18075 18078 18081 18084 18087 
18090 18093 18096 18099 18102 18105 18108 18111 18114 
18117 18120 18123 18126 18129 18132 18135 18138 18141 
18144 18147 18150 18153 18156 18159 18162 18165 18168 
18171 18174 18177 18180 18183 18186 18189 18192 18195 
18198 18201 18204 18207 18210 18213 18216 18219 18222 
18225 18228 18231 18234 18237 18240 18243 18246 18249 
18252 18255 18258 18261 18264 18267 18270 18273 18276 
18279 18282 18285 18288 18291 18294 18297 18300 18303 
18306 18309 18312 18315 18318 18321 18324 18327 18330 
18333 18336 18339 18342 18345 18348 18351 18354 18357 
18360 18363 18366 18369 18372 18375 18378 18381 18384 
18387 18390 18393 18396 18399 18402 18405 18408 18411 
18414 18417 18420 18423 18426 18429 18432 18435 18438 
18441 18444 18447 18450 18453 18456 18459 18462 18465 
18468 18471 18474 18477 18480 18483 18486 18489 18492 
18495 18498 18501 18504 18507 18510 18513 18516 18519 
18522 18525 18528 18531 18534 18537 18540 18543 18546 
18549 18552 18555 18558 18561 18564 18567 18570 18573 
18576 18579 18582 18585 18588 18591 18594 18597 18600 
18603 18606 18609 18612 18615 18618 18621 18624 18627 
18630 18633 18636 18639 18642 18645 18648 18651 18654 
18657 18660 18663 18666 18669 18672 18675 18678 18681 
18684 18687 18690 18693 18696 18699 18702 18705 18708 
18711 18714 18717 18720 18723 18726 18729 18732 18735 
18738 18741 18744 18747 18750 18753 18756 18759 18762 
18765 18768 18771 18774 18777 18780 18783 18786 18789 
18792 18795 18798 18801 18804 18807 18810 18813 18816 
18819 18822 18825 18828 18831 18834 18837 18840 18843 
18846 18849 18852 18855 18858 18861 18864 18867 18870 
18873 18876 18879 18882 18885 18888 18891 18894 18897 
18900 18903 18906 18909 18912 18915 18918 18921 18924 
18927 18930 18933 18936 18939 18942 18945 18948 18951 
18954 18957 18960 18963 18966 18969 18972 18975 18978 
18981 18984 18987 18990 18993 18996 18999 19002 19005 
19008 19011 19014 19017 19020 19023 19026 19029 19032 
19035 19038 19041 19044 19047 19050 19053 19056 19059 
19062 19065 19068 19071 19074 19077 19080 19083 19086 
19089 19092 19095 19098 19101 19104 19107 19110 19113 
19116 19119 19122 19125 19128 19131 19134 19137 19140 
19143 19146 19149 19152 19155 19158 19161 19164 19167 
19170 19173 19176 19179 19182 19185 19188 19191 19194 
19197 19200 19203 19206 19209 19212 19215 19218 19221 
19224 19227 19230 19233 19236 19239 19242 19245 19248 
19251 19254 19257 19260 19263 19266 19269 19272 19275 
19278 19281 19284 19287 19290 19293 19296 19299 19302 
19305 19308 19311 19314 19317 19320 19323 19326 19329 
19332 19335 19338 19341 19344 19347 19350 19353 19356 
19359 19362 19365 19368 19371 19374 19377 19380 19383 
19386 19389 19392 19395 19398 19401 19404 19407 19410 
19413 19416 19419 19422 19425 19428 19431 19434 19437 
19440 19443 19446 19449 19452 19455 19458 19461 19464 
19467 19470 19473 19476 19479 19482 19485 19488 19491 
19494 19497 19500 19503 19506 19509 19512 19515 19518 
19521 19524 19527 19530 19533 19536 19539 19542 19545 
19548 19551 19554 19557 19560 19563 19566 19569 19572 
19575 19578 19581 19584 19587 19590 19593 19596 19599 
19602 19605 19608 19611 19614 19617 19620 19623 19626 
19629 19632 19635 19638 19641 19644 19647 19650 19653 
19656 19659 19662 19665 19668 19671 19674 19677 19680 
19683 19686 19689 19692 19695 19698 19701 19704 19707 
19710 19713 19716 19719 19722 19725 19728 19731 19734 
19737 19740 19743 19746 19749 19752 19755 19758 19761 
19764 19767 19770 19773 19776 19779 19782 19785 19788 
19791 19794 19797 19800 19803 19806 19809 19812 19815 
19818 19821 19824 19827 19830 19833 19836 19839 19842 
19845 19848 19851 19854 19857 19860 19863 19866 19869 
19872 19875 19878 19881 19884 19887 19890 19893 19896 
19899 19902 19905 19908 19911 19914 19917 19920 19923 
19926 19929 19932 19935 19938 19941 19944 19947 19950 
19953 19956 19959 19962 19965 19968 19971 19974 19977 
19980 19983 19986 19989 19992 19995 19998 20001 20004 
20007 20010 20013 20016 20019 20022 20025 20028 20031 
20034 20037 20040 20043 20046 20049 20052 20055 20058 
20061 20064 20067 20070 20073 20076 20079 20082 20085 
20088 20091 20094 20097 20100 20103 20106 20109 20112 
20115 20118 20121 20124 20127 20130 20133 20136 20139 
20142 20145 20148 20151 20154 20157 20160 20163 20166 
20169 20172 20175 20178 20181 20184 20187 20190 20193 
20196 20199 20202 20205 20208 20211 20214 20217 20220 
20223 20226 20229 20232 20235 20238 20241 20244 20247 
20250 20253 20256 20259 20262 20265 20268 20271 20274 
20277 20280 20283 20286 20289 20292 20295 20298 20301 
20304 20307 20310 20313 20316 20319 20322 20325 20328 
20331 20334 20337 20340 20343 20346 20349 20352 20355 
20358 20361 20364 20367 20370 20373 20376 20379 20382 
20385 20388 20391 20394 20397 20400 20403 20406 20409 
20412 20415 20418 20421 20424 20427 20430 20433 20436 
20439 20442 20445 20448 20451 20454 20457 20460 20463 
20466 20469 20472 20475 20478 20481 20484 20487 20490 
20493 20496 20499 20502 20505 20508 20511 20514 20517 
20520 20523 20526 20529 20532 20535 20538 20541 20544 
20547 20550 20553 20556 20559 20562 20565 20568 20571 
20574 20577 20580 20583 20586 20589 20592 20595 20598 
20601 20604 20607 20610 20613 20616 20619 20622 20625 
20628 20631 20634 20637 20640 20643 20646 20649 20652 
20655 20658 20661 20664 20667 20670 20673 20676 20679 
20682 20685 20688 20691 20694 20697 20700 20703 20706 
20709 20712 20715 20718 20721 20724 20727 20730 20733 
20736 20739 20742 20745 20748 20751 20754 20757 20760 
20763 20766 20769 20772 20775 20778 20781 20784 20787 
20790 20793 20796 20799 20802 20805 20808 20811 20814 
20817 20820 20823 20826 20829 20832 20835 20838 20841 
20844 20847 20850 20853 20856 20859 20862 20865 20868 
20871 20874 20877 20880 20883 20886 20889 20892 20895 
20898 20901 20904 20907 20910 20913 20916 20919 20922 
20925 20928 20931 20934 20937 20940 20943 20946 20949 
20952 20955 20958 20961 20964 20967 20970 20973 20976 
20979 20982 20985 20988 20991 20994 20997 21000 21003 
21006 21009 21012 21015 21018 21021 21024 21027 21030 
21033 21036 21039 21042 21045 21048 21051 21054 21057 
21060 21063 21066 21069 21072 21075 21078 21081 21084 
21087 21090 21093 21096 21099 21102 21105 21108 21111 
21114 21117 21120 21123 21126 21129 21132 21135 21138 
21141 21144 21147 21150 21153 21156 21159 21162 21165 
21168 21171 21174 21177 21180 21183 21186 21189 21192 
21195 21198 21201 21204 21207 21210 21213 21216 21219 
21222 21225 21228 21231 21234 21237 21240 21243 21246 
21249 21252 21255 21258 21261 21264 21267 21270 21273 
21276 21279 21282 21285 21288 21291 21294 21297 21300 
21303 21306 21309 21312 21315 21318 21321 21324 21327 
21330 21333 21336 21339 21342 21345 21348 21351 21354 
21357 21360 21363 21366 21369 21372 21375 21378 21381 
21384 21387 21390 21393 21396 21399 21402 21405 21408 
21411 21414 21417 21420 21423 21426 21429 21432 21435 
21438 21441 21444 21447 21450 21453 21456 21459 21462 
21465 21468 21471 21474 21477 21480 21483 21486 21489 
21492 21495 21498 21501 21504 21507 21510 21513 21516 
21519 21522 21525 21528 21531 21534 21537 21540 21543 
21546 21549 21552 21555 21558 21561 21564 21567 21570 
21573 21576 21579 21582 21585 21588 21591 21594 21597 
21600 21603 21606 21609 21612 21615 21618 21621 21624 
21627 21630 21633 21636 21639 21642 21645 21648 21651 
21654 21657 21660 21663 21666 21669 21672 21675 21678 
21681 21684 21687 21690 21693 21696 21699 21702 21705 
21708 21711 21714 21717 21720 21723 21726 21729 21732 
21735 21738 21741 21744 21747 21750 21753 21756 21759 
21762 21765 21768 21771 21774 21777 21780 21783 21786 
21789 21792 21795 21798 21801 21804 21807 21810 21813 
21816 21819 21822 21825 21828 21831 21834 21837 21840 
21843 21846 21849 21852 21855 21858 21861 21864 21867 
21870 21873 21876 21879 21882 21885 21888 21891 21894 
21897 21900 21903 21906 21909 21912 21915 21918 21921 
21924 21927 21930 21933 21936 21939 21942 21945 21948 
21951 21954 21957 21960 21963 21966 21969 21972 21975 
21978 21981 21984 21987 21990 21993 21996 21999 22002 
22005 22008 22011 22014 22017 22020 22023 22026 22029 
22032 22035 22038 22041 22044 22047 22050 22053 22056 
22059 22062 22065 22068 22071 22074 22077 22080 22083 
22086 22089 22092 22095 22098 22101 22104 22107 22110 
22113 22116 22119 22122 22125 22128 22131 22134 22137 
22140 22143 22146 22149 22152 22155 22158 22161 22164 
22167 22170 22173 22176 22179 22182 22185 22188 22191 
22194 22197 22200 22203 22206 22209 22212 22215 22218 
22221 22224 22227 22230 22233 22236 22239 22242 22245 
22248 22251 22254 22257 22260 22263 22266 22269 22272 
22275 22278 22281 22284 22287 22290 22293 22296 22299 
22302 22305 22308 22311 22314 22317 22320 22323 22326 
22329 22332 22335 22338 22341 22344 22347 22350 22353 
22356 22359 22362 22365 22368 22371 22374 22377 22380 
22383 22386 22389 22392 22395 22398 22401 22404 22407 
22410 22413 22416 22419 22422 22425 22428 22431 22434 
22437 22440 22443 22446 22449 22452 22455 22458 22461 
22464 22467 22470 22473 22476 22479 22482 22485 22488 
22491 22494 22497 22500 22503 22506 22509 22512 22515 
22518 22521 22524 22527 22530 22533 22536 22539 22542 
22545 22548 22551 22554 22557 22560 22563 22566 22569 
22572 22575 22578 22581 22584 22587 22590 22593 22596 
22599 22602 22605 22608 22611 22614 22617 22620 22623 
22626 22629 22632 22635 22638 22641 22644 22647 22650 
22653 22656 22659 22662 22665 22668 22671 22674 22677 
22680 22683 22686 22689 22692 22695 22698 22701 22704 

CONNECTIVITY vtktypeint64
0 1 2 1 0 3 4 5 6 
4 7 8 5 4 8 7 9 10 
8 7 10 9 11 12 10 9 12 
11 13 14 12 11 14 13 15 16 
14 13 16 16 15 17 0 2 18 
3 0 18 19 20 21 19 22 23 
20 19 23 6 23 22 6 22 4 
4 22 24 25 26 7 25 7 24 
24 7 4 9 7 26 27 9 26 
11 9 27 28 11 27 13 11 28 
29 13 28 15 13 29 30 15 29 
17 15 30 31 32 33 21 32 31 
21 31 19 19 31 34 35 36 22 
35 22 34 34 22 19 24 22 36 
37 24 36 25 24 37 31 33 38 
34 31 38 39 34 38 35 34 39 
40 41 42 40 43 44 41 40 44 
44 43 45 46 47 48 46 49 50 
47 46 50 49 51 52 50 49 52 
42 52 51 42 51 40 40 51 53 
43 40 54 54 40 53 55 45 43 
55 43 56 56 43 54 55 56 57 
58 59 60 58 61 62 59 58 62 
61 63 64 62 61 64 63 65 66 
64 63 66 48 66 65 48 65 46 
46 65 67 49 46 68 68 46 67 
51 49 69 69 49 68 53 51 70 
70 51 69 54 53 71 71 53 70 
56 54 72 72 54 71 73 57 56 
72 73 56 74 75 76 74 77 78 
75 74 78 60 78 77 60 77 58 
58 77 79 61 58 80 80 58 79 
63 61 81 81 61 80 65 63 82 
82 63 81 67 65 83 83 65 82 
68 67 84 84 67 83 69 68 85 
85 68 84 70 69 86 86 69 85 
71 70 87 87 70 86 72 71 88 
88 71 87 89 73 72 88 89 72 
90 91 92 90 93 94 91 90 94 
76 94 93 76 93 74 74 93 95 
77 74 96 96 74 95 79 77 97 
97 77 96 80 79 98 98 79 97 
81 80 99 99 80 98 82 81 100 
100 81 99 83 82 101 101 82 100 
84 83 102 102 83 101 85 84 103 
103 84 102 86 85 104 104 85 103 
1 104 2 1 87 104 87 86 104 
3 87 1 3 105 87 105 88 87 
106 89 88 105 106 88 107 108 109 
107 110 111 108 107 111 92 111 110 
92 110 90 90 110 112 93 90 113 
113 90 112 95 93 114 114 93 113 
96 95 115 115 95 114 97 96 116 
116 96 115 5 116 6 5 98 116 
98 97 116 8 98 5 99 98 8 
10 99 8 100 99 10 12 100 10 
101 100 12 14 101 12 102 101 14 
16 102 14 103 102 16 17 103 16 
17 117 103 117 104 103 2 118 18 
2 104 118 104 117 118 18 118 119 
3 18 119 3 119 120 3 120 105 
106 105 120 121 122 123 109 122 121 
109 121 107 107 121 124 110 107 125 
125 107 124 112 110 126 126 110 125 
113 112 127 127 112 126 114 113 128 
128 113 127 20 128 21 20 115 128 
115 114 128 23 115 20 116 115 23 
6 116 23 26 25 129 26 130 27 
129 130 26 27 131 28 130 131 27 
28 132 29 131 132 28 133 29 132 
133 134 29 134 30 29 117 17 30 
117 30 135 135 30 134 118 117 135 
136 118 135 119 118 136 137 138 139 
137 140 141 138 137 141 140 142 143 
141 140 143 123 143 142 123 142 121 
121 142 144 124 121 145 145 121 144 
125 124 146 146 124 145 126 125 147 
147 125 146 127 126 148 148 126 147 
32 148 33 32 128 148 128 127 148 
21 128 32 36 149 150 35 149 36 
37 36 151 36 150 151 129 25 37 
129 37 152 152 37 151 130 129 152 
153 130 152 131 130 153 154 131 153 
132 131 154 155 132 154 133 132 155 
156 157 158 139 157 156 139 156 137 
137 156 159 140 137 160 160 137 159 
142 140 161 161 140 160 144 142 162 
162 142 161 145 144 163 163 144 162 
146 145 164 164 145 163 147 146 165 
165 146 164 166 167 148 166 148 165 
165 148 147 33 148 167 33 167 38 
38 167 168 39 38 169 38 168 169 
149 35 39 169 149 39 156 158 170 
159 156 170 171 159 170 160 159 171 
172 160 171 161 160 172 173 161 172 
173 174 175 173 175 161 161 175 162 
163 162 176 176 162 175 164 163 177 
177 163 176 178 179 165 178 165 177 
177 165 164 166 165 179 175 174 180 
176 175 180 181 176 180 177 176 181 
182 177 181 178 177 182 183 184 185 
183 186 187 184 183 187 186 188 189 
187 186 189 188 190 191 189 188 191 
191 190 192 193 194 195 193 196 197 
194 193 197 185 197 196 185 196 183 
183 196 198 41 198 42 41 186 198 
186 183 198 44 186 41 188 186 44 
45 188 44 45 199 188 199 190 188 
200 192 190 199 200 190 201 202 203 
201 204 205 202 201 205 204 206 207 
205 204 207 206 208 209 207 206 209 
195 209 208 193 195 208 193 208 48 
193 48 47 50 193 47 196 193 50 
52 196 50 198 196 52 42 198 52 
45 55 199 199 55 57 199 57 200 
200 57 210 211 212 213 211 214 215 
212 211 215 214 216 217 215 214 217 
216 218 219 217 216 219 218 220 221 
219 218 221 220 222 223 221 220 223 
222 224 225 223 222 225 224 226 227 
225 224 227 226 228 229 227 226 229 
228 230 231 229 228 231 230 232 233 
231 230 233 203 233 232 201 203 232 
201 232 60 201 60 59 62 201 59 
204 201 62 64 204 62 206 204 64 
66 206 64 208 206 66 48 208 66 
234 235 236 234 236 210 234 210 73 
73 210 57 237 211 213 238 237 213 
214 211 239 239 211 237 216 214 240 
240 214 239 218 216 241 241 216 240 
220 218 242 242 218 241 222 220 243 
243 220 242 224 222 244 244 222 243 
226 224 245 245 224 244 228 226 246 
246 226 245 75 246 76 75 230 246 
230 228 246 78 230 75 232 230 78 
60 232 78 247 235 234 248 235 247 
73 89 247 234 73 247 249 237 238 
250 249 238 239 237 251 251 237 249 
240 239 252 252 239 251 241 240 253 
253 240 252 242 241 254 254 241 253 
243 242 255 255 242 254 244 243 256 
256 243 255 91 256 92 91 245 256 
245 244 256 94 245 91 246 245 94 
76 246 94 247 257 248 257 247 89 
257 89 258 258 89 106 259 249 250 
260 259 250 251 249 261 261 249 259 
252 251 262 262 251 261 253 252 263 
263 252 262 254 253 264 264 253 263 
108 264 109 108 255 264 255 254 264 
111 255 108 256 255 111 92 256 111 
120 265 266 119 265 120 258 106 120 
266 258 120 259 260 267 267 268 269 
267 269 259 259 269 261 262 261 270 
270 261 269 263 262 271 271 262 270 
122 271 123 122 264 271 264 263 271 
109 264 122 134 133 272 134 273 135 
272 273 134 274 135 273 274 275 135 
275 136 135 265 119 136 275 265 136 
138 269 268 138 268 139 139 268 276 
141 269 138 270 269 141 143 270 141 
271 270 143 123 271 143 150 277 278 
149 277 150 151 150 279 150 278 279 
152 151 280 151 279 280 153 152 281 
152 280 281 154 153 282 153 281 282 
155 154 283 154 282 283 272 133 155 
272 155 284 284 155 283 273 272 284 
285 273 284 274 273 285 157 286 287 
158 157 287 276 157 139 286 157 276 
167 288 289 166 288 167 168 167 290 
167 289 290 169 168 291 168 290 291 
277 149 169 291 277 169 158 287 292 
170 158 292 171 170 293 170 292 293 
172 171 294 171 293 294 173 172 295 
172 294 295 174 296 297 174 173 296 
173 295 296 296 298 297 299 300 301 
299 179 178 299 301 179 301 302 179 
288 166 179 302 288 179 174 297 180 
297 298 303 297 303 180 180 303 181 
300 299 182 300 182 303 303 182 181 
178 182 299 304 305 306 304 307 308 
305 304 308 308 307 309 310 311 312 
310 313 314 311 310 314 306 314 313 
306 313 304 304 313 315 307 304 316 
316 304 315 317 309 307 316 317 307 
318 319 320 312 319 318 312 318 310 
310 318 321 184 321 185 184 313 321 
313 310 321 187 313 184 315 313 187 
189 315 187 316 315 189 316 322 317 
316 189 322 189 191 322 322 191 192 
323 322 192 324 325 326 324 327 328 
325 324 328 327 329 330 328 327 330 
330 329 331 332 333 334 332 335 336 
333 332 336 335 337 338 336 335 338 
320 338 337 318 320 337 318 337 195 
318 195 194 197 318 194 321 318 197 
185 321 197 192 200 323 323 200 339 
340 324 326 341 340 326 327 324 342 
342 324 340 329 327 343 343 327 342 
344 331 329 344 329 345 345 329 343 
345 346 347 344 345 347 346 348 349 
347 346 349 348 350 351 349 348 351 
350 352 353 351 350 353 352 354 355 
353 352 355 354 356 357 355 354 357 
356 203 202 356 202 357 357 202 358 
334 205 332 334 358 205 358 202 205 
207 332 205 335 332 207 209 335 207 
337 335 209 195 337 209 359 360 361 
359 361 339 359 339 210 210 339 200 
212 362 363 213 212 363 341 215 340 
341 362 215 362 212 215 217 340 215 
342 340 217 219 342 217 343 342 219 
221 343 219 345 343 221 223 345 221 
346 345 223 225 346 223 348 346 225 
227 348 225 350 348 227 229 350 227 
352 350 229 231 352 229 354 352 231 
233 354 231 356 354 233 203 356 233 
236 360 359 236 235 360 235 364 360 
210 236 359 365 366 367 365 363 366 
365 238 363 238 213 363 368 369 370 
368 370 364 368 364 248 248 364 235 
371 365 367 372 371 367 238 371 250 
365 371 238 373 369 368 374 369 373 
248 257 375 248 375 368 368 375 373 
257 258 375 376 371 372 377 376 372 
250 376 260 371 376 250 378 374 373 
379 374 378 266 265 378 266 378 375 
375 378 373 258 266 375 376 377 380 
381 380 382 267 380 381 267 376 380 
267 260 376 267 381 268 383 384 385 
383 386 387 385 386 383 386 388 387 
389 390 391 379 389 391 378 389 379 
378 274 389 378 275 274 265 275 378 
392 381 382 393 392 382 268 392 276 
381 392 268 394 395 396 394 397 398 
396 397 394 398 278 277 398 397 278 
397 399 278 279 278 400 278 399 400 
280 279 401 279 400 401 384 383 281 
384 281 401 401 281 280 282 281 383 
387 282 383 387 388 402 387 402 282 
282 402 283 284 283 403 283 402 403 
390 389 285 390 285 403 403 285 284 
274 285 389 286 392 393 286 393 287 
287 393 404 276 392 286 405 406 407 
405 289 288 405 407 289 407 408 289 
395 394 290 395 290 408 408 290 289 
291 290 394 398 291 394 277 291 398 
287 404 409 292 287 409 293 292 410 
292 409 410 294 293 411 293 410 411 
295 294 412 294 411 412 296 295 413 
295 412 413 298 414 415 298 296 414 
296 413 414 415 301 300 415 414 301 
414 416 301 406 405 302 406 302 416 
416 302 301 288 302 405 298 415 303 
300 303 415 417 418 419 417 420 421 
418 417 421 421 420 422 423 417 419 
424 423 419 420 417 425 425 417 423 
306 305 426 306 426 420 306 420 425 
422 420 426 427 428 426 427 426 308 
308 426 305 308 309 427 429 430 431 
430 429 432 433 434 435 433 436 437 
434 433 437 424 437 436 423 424 436 
423 436 312 423 312 311 314 423 311 
425 423 314 306 425 314 427 438 428 
438 427 309 438 309 439 439 309 317 
440 441 442 441 440 443 444 429 431 
445 444 431 446 432 429 446 429 447 
447 429 444 447 448 449 446 447 449 
448 450 451 449 448 451 451 450 452 
453 454 455 435 454 453 435 453 433 
433 453 456 319 456 320 319 436 456 
436 433 456 312 436 319 457 317 322 
457 458 317 458 439 317 322 323 457 
459 460 461 442 462 440 460 459 463 
464 465 466 443 440 462 445 464 466 
444 445 466 444 466 326 444 326 325 
328 444 325 447 444 328 330 447 328 
448 447 330 331 448 330 331 467 448 
467 450 448 468 452 450 468 450 469 
469 450 467 469 470 471 468 469 471 
470 472 473 471 470 473 472 474 475 
473 472 475 474 476 477 475 474 477 
476 478 479 477 476 479 478 480 481 
479 478 481 480 334 333 480 333 481 
481 333 482 455 336 453 455 482 336 
482 333 336 338 453 336 456 453 338 
320 456 338 483 458 457 484 458 483 
323 339 483 457 323 483 485 486 487 
461 486 485 461 485 459 459 485 488 
489 463 459 488 489 459 490 466 465 
491 490 465 326 490 341 466 490 326 
331 344 467 347 467 344 469 467 347 
349 469 347 470 469 349 351 470 349 
472 470 351 353 472 351 474 472 353 
355 474 353 476 474 355 357 476 355 
478 476 357 358 478 357 480 478 358 
334 480 358 361 484 483 361 360 484 
360 492 484 339 361 483 493 485 487 
494 493 487 488 485 495 495 485 493 
496 489 488 496 488 497 497 488 495 
491 496 497 490 491 497 490 497 363 
490 363 362 341 490 362 498 499 500 
498 500 492 498 492 364 364 492 360 
501 493 494 502 501 494 495 493 503 
503 493 501 366 503 367 366 497 503 
497 495 503 363 497 366 504 505 506 
499 504 506 498 504 499 498 369 504 
498 370 369 364 370 498 501 502 507 
507 508 509 507 509 501 501 509 503 
367 509 372 503 509 367 510 505 504 
511 505 510 369 374 510 504 369 510 
512 509 508 513 512 508 372 512 377 
509 512 372 514 511 510 515 511 514 
374 379 514 510 374 514 516 512 513 
517 516 513 377 518 380 377 512 518 
512 516 518 380 518 382 519 520 521 
519 385 384 519 521 385 521 522 385 
386 385 523 385 522 523 388 524 525 
388 386 524 386 523 524 525 526 527 
524 526 525 515 527 526 514 527 515 
514 390 527 514 391 390 379 391 514 
528 516 517 529 528 517 518 516 530 
530 516 528 382 530 393 518 530 382 
396 531 532 395 531 396 397 396 533 
396 532 533 399 397 534 397 533 534 
400 399 535 399 534 535 520 519 401 
520 401 535 535 401 400 384 401 519 
388 525 402 403 402 525 527 403 525 
390 403 527 528 529 536 530 528 536 
537 530 536 530 404 393 530 538 404 
530 537 538 539 404 538 539 540 541 
538 540 539 541 542 543 540 542 541 
543 544 545 542 544 543 544 546 545 
547 548 549 547 407 406 547 549 407 
549 550 407 408 407 551 407 550 551 
531 395 408 551 531 408 404 539 409 
410 409 539 541 410 539 411 410 541 
543 411 541 412 411 543 545 412 543 
545 546 552 545 552 412 412 552 413 
414 413 553 413 552 553 548 547 416 
548 416 553 553 416 414 406 416 547 
554 555 556 555 554 557 558 554 556 
559 558 556 560 557 554 560 554 561 
561 554 558 561 419 418 561 418 560 
560 418 562 563 564 562 563 562 421 
421 562 418 421 422 563 565 566 567 
566 565 568 569 558 559 570 569 559 
561 558 571 571 558 569 419 571 424 
561 571 419 563 572 564 573 574 572 
426 573 572 426 572 563 426 563 422 
426 428 573 575 576 577 575 431 430 
575 430 576 576 430 578 432 579 565 
432 565 578 432 578 430 578 565 567 
580 568 565 580 565 581 581 565 579 
581 582 583 580 581 583 582 584 585 
583 582 585 585 584 586 587 588 589 
570 588 587 569 570 587 569 587 435 
569 435 434 437 569 434 571 569 437 
424 571 437 573 590 574 591 592 590 
438 591 590 438 590 573 438 573 428 
438 439 591 593 594 595 593 442 441 
593 441 594 594 441 596 443 597 575 
443 575 596 443 596 441 596 575 577 
431 597 445 575 597 431 432 446 579 
449 579 446 581 579 449 451 581 449 
582 581 451 452 582 451 452 598 582 
598 584 582 599 586 584 599 584 600 
600 584 598 600 601 602 599 600 602 
602 601 603 604 605 606 604 607 608 
605 604 608 607 609 610 608 607 610 
589 610 609 587 589 609 587 609 455 
587 455 454 435 587 454 591 611 592 
611 591 439 611 439 612 612 439 458 
613 614 615 595 614 613 593 595 613 
593 613 461 593 461 460 463 593 460 
463 616 593 442 593 462 462 593 616 
462 597 443 462 616 597 464 597 465 
465 597 616 445 597 464 452 468 598 
471 598 468 600 598 471 473 600 471 
601 600 473 601 617 603 601 473 617 
473 475 617 477 618 475 475 618 617 
606 479 604 606 618 479 618 477 479 
481 604 479 607 604 481 482 607 481 
609 607 482 455 609 482 458 484 612 
612 484 619 620 621 622 615 621 620 
613 615 620 613 620 487 613 487 486 
461 613 486 616 489 623 463 489 616 
465 623 491 616 623 465 624 625 626 
624 626 619 624 619 492 492 619 484 
627 620 622 628 627 622 487 627 494 
620 627 487 489 496 623 491 623 496 
500 625 624 500 499 625 499 629 625 
492 500 624 630 627 628 631 630 628 
494 630 502 627 630 494 506 632 633 
505 632 506 629 499 506 633 629 506 
634 635 636 631 635 634 631 634 630 
630 634 637 502 638 507 502 630 638 
630 637 638 507 638 508 639 640 641 
639 641 632 639 632 511 511 632 505 
634 636 642 642 643 644 642 644 634 
634 644 637 638 637 645 645 637 644 
508 645 513 638 645 508 646 640 639 
647 640 646 511 515 646 639 511 646 
644 643 648 648 649 650 648 650 644 
644 650 645 513 650 517 645 650 513 
651 652 653 651 654 655 653 654 651 
655 656 657 654 656 655 657 521 520 
657 656 521 656 658 521 522 521 659 
521 658 659 523 522 660 522 659 660 
524 523 661 523 660 661 647 646 526 
647 526 661 661 526 524 515 526 646 
650 649 662 662 517 650 662 663 517 
663 529 517 664 665 666 664 532 531 
664 666 532 666 667 532 652 651 533 
652 533 667 667 533 532 534 533 651 
655 534 651 535 534 655 657 535 655 
520 535 657 529 663 668 536 529 668 
537 536 669 536 668 669 538 537 670 
537 669 670 540 538 671 538 670 671 
542 540 672 540 671 672 544 542 673 
542 672 673 546 674 675 546 544 674 
544 673 674 675 676 677 674 676 675 
677 549 548 677 676 549 676 678 549 
550 549 679 549 678 679 665 664 551 
665 551 679 679 551 550 531 551 664 
546 675 552 553 552 675 677 553 675 
548 553 677 680 681 682 680 556 555 
680 555 681 681 555 683 683 555 557 
684 683 557 685 686 687 682 686 685 
682 685 680 680 685 688 556 688 559 
680 688 556 557 689 684 560 689 557 
690 691 689 690 689 562 562 689 560 
562 564 690 692 693 694 692 695 696 
693 692 696 695 567 566 695 566 696 
696 566 697 568 698 699 568 699 566 
566 699 697 698 700 701 699 698 701 
700 702 703 701 700 703 703 702 704 
705 706 707 687 706 705 687 705 685 
685 705 708 688 685 709 709 685 708 
559 709 570 688 709 559 690 710 691 
711 712 710 572 711 710 572 710 690 
572 690 564 572 574 711 713 714 715 
694 714 713 692 694 713 692 713 577 
692 577 576 578 692 576 695 692 578 
567 695 578 568 580 698 583 698 580 
700 698 583 585 700 583 702 700 585 
586 716 717 585 586 717 585 717 704 
585 704 702 716 718 719 717 716 719 
719 718 720 721 722 723 707 722 721 
707 721 705 705 721 724 708 705 725 
725 705 724 588 725 589 588 709 725 
709 708 725 570 709 588 711 726 712 
727 728 726 590 727 726 590 726 711 
590 711 574 590 592 727 729 730 731 
729 595 594 729 594 730 730 594 732 
715 596 713 715 732 596 732 594 596 
577 713 596 586 599 716 602 716 599 
718 716 602 603 733 734 602 603 734 
602 734 720 602 720 718 733 735 736 
734 733 736 723 736 735 721 723 735 
721 735 606 721 606 605 608 721 605 
724 721 608 610 724 608 725 724 610 
589 725 610 737 728 727 738 728 737 
592 611 739 592 739 727 727 739 737 
611 612 739 740 741 742 731 741 740 
729 731 740 729 740 615 729 615 614 
595 729 614 603 617 733 618 733 617 
735 733 618 606 735 618 737 743 738 
743 744 745 743 737 744 737 739 744 
612 619 744 739 612 744 746 747 748 
746 749 750 747 746 750 742 750 749 
740 742 749 740 749 622 740 622 621 
615 740 621 626 745 744 626 625 745 
625 751 745 619 626 744 746 748 752 
752 753 754 752 754 746 746 754 749 
622 754 628 749 754 622 755 756 757 
755 757 751 755 751 629 629 751 625 
758 754 753 759 758 753 628 758 631 
754 758 628 760 761 762 756 760 762 
755 760 756 755 632 760 755 633 632 
629 633 755 635 763 636 758 759 764 
764 631 758 764 765 631 635 631 763 
763 631 765 641 761 760 641 640 761 
640 766 761 632 641 760 636 763 642 
763 643 642 763 765 643 765 767 643 
768 769 770 768 770 766 768 766 647 
647 766 640 643 767 771 648 643 771 
771 649 648 772 649 771 773 774 775 
773 653 652 773 775 653 775 776 653 
654 653 777 653 776 777 656 654 778 
654 777 778 658 656 779 656 778 779 
659 658 780 658 779 780 660 659 781 
659 780 781 769 768 661 769 661 781 
781 661 660 647 661 768 649 772 782 
662 649 782 663 783 784 663 662 783 
662 782 783 784 785 786 783 785 784 
786 787 788 785 787 786 788 789 790 
787 789 788 789 791 790 792 793 794 
792 666 665 792 794 666 794 795 666 
774 773 667 774 667 795 795 667 666 
652 667 773 663 784 668 669 668 784 
786 669 784 670 669 786 788 670 786 
671 670 788 790 671 788 790 791 796 
790 796 671 671 796 672 673 672 797 
672 796 797 674 673 798 673 797 798 
676 674 799 674 798 799 678 676 800 
676 799 800 793 792 679 793 679 800 
800 679 678 665 679 792 801 802 803 
801 804 805 802 801 805 804 806 807 
805 804 807 806 682 681 806 681 807 
807 681 808 809 810 808 809 808 683 
683 808 681 683 684 809 811 812 813 
811 814 815 812 811 815 814 816 817 
815 814 817 816 818 819 817 816 819 
819 818 820 821 822 823 803 822 821 
803 821 801 801 821 824 804 801 825 
825 801 824 686 825 687 686 806 825 
806 804 825 682 806 686 809 826 810 
827 828 826 689 827 826 689 826 809 
689 809 684 689 691 827 693 829 830 
694 693 830 813 696 811 813 829 696 
829 693 696 697 811 696 814 811 697 
699 814 697 816 814 699 701 816 699 
818 816 701 818 831 820 818 701 831 
701 703 831 704 832 833 704 833 703 
703 833 831 832 834 835 833 832 835 
834 836 837 835 834 837 823 837 836 
823 836 821 821 836 838 824 821 839 
839 821 838 706 839 707 706 825 839 
825 824 839 687 825 706 827 840 828 
841 842 840 710 841 840 710 840 827 
710 827 691 710 712 841 843 844 845 
843 715 714 843 714 844 844 714 846 
830 714 694 846 714 830 704 717 832 
719 832 717 834 832 719 720 834 719 
720 847 834 847 836 834 838 836 848 
848 836 847 722 848 723 722 839 848 
839 838 848 707 839 722 841 849 842 
850 851 849 726 850 849 726 849 841 
726 841 712 726 728 850 730 852 853 
731 730 853 845 732 843 845 852 732 
852 730 732 715 843 732 720 734 847 
736 847 734 848 847 736 723 848 736 
854 851 850 855 851 854 728 738 854 
850 728 854 856 857 858 856 742 741 
856 741 857 857 741 859 853 741 731 
859 741 853 854 860 855 861 862 860 
743 861 860 743 860 854 743 854 738 
743 745 861 747 863 748 856 858 864 
856 864 747 856 747 750 863 747 864 
742 856 750 865 862 861 866 862 865 
745 751 865 861 745 865 863 752 748 
867 868 869 869 864 867 869 753 864 
863 864 752 752 864 753 757 866 865 
757 756 866 756 870 866 751 757 865 
869 868 871 871 753 869 871 872 753 
872 759 753 762 873 874 761 873 762 
870 756 762 874 870 762 759 872 875 
764 759 875 875 765 764 876 765 875 
877 878 879 877 879 873 877 873 766 
766 873 761 880 881 767 880 767 876 
876 767 765 880 882 881 883 884 885 
878 883 885 877 883 878 877 769 883 
877 770 769 766 770 877 767 881 771 
881 772 771 881 882 772 882 886 772 
887 888 889 887 775 774 887 889 775 
889 890 775 776 775 891 775 890 891 
777 776 892 776 891 892 778 777 893 
777 892 893 779 778 894 778 893 894 
780 779 895 779 894 895 884 883 781 
884 781 895 895 781 780 769 781 883 
772 886 896 782 772 896 783 782 897 
782 896 897 785 783 898 783 897 898 
787 785 899 785 898 899 789 787 900 
787 899 900 791 901 902 791 789 901 
789 900 901 902 903 904 901 903 902 
904 905 906 903 905 904 906 907 908 
905 907 906 908 909 910 907 909 908 
910 794 793 910 909 794 909 911 794 
888 887 795 888 795 911 911 795 794 
774 795 887 791 902 796 797 796 902 
904 797 902 798 797 904 906 798 904 
799 798 906 908 799 906 800 799 908 
910 800 908 793 800 910 912 913 914 
912 915 916 913 912 916 916 915 917 
918 919 920 918 803 802 918 802 919 
919 802 921 805 922 802 802 922 921 
807 923 805 805 923 922 924 925 923 
924 923 808 808 923 807 808 810 924 
926 927 928 926 813 812 926 812 927 
927 812 929 815 930 812 812 930 929 
914 817 912 914 930 817 930 815 817 
819 912 817 915 912 819 820 931 932 
819 820 932 819 932 917 819 917 915 
931 933 934 932 931 934 933 935 936 
934 933 936 935 937 938 936 935 938 
920 938 937 918 920 937 918 937 823 
918 823 822 803 918 822 924 939 925 
940 941 939 826 940 939 826 939 924 
826 924 810 826 828 940 942 943 944 
928 943 942 926 928 942 926 942 830 
926 830 829 813 926 829 820 831 931 
833 931 831 933 931 833 835 933 833 
935 933 835 837 935 835 937 935 837 
823 937 837 940 945 941 946 947 945 
840 946 945 840 945 940 840 940 828 
840 842 946 948 949 950 948 845 844 
948 844 949 949 844 951 944 846 942 
944 951 846 951 844 846 830 942 846 
946 952 947 953 954 952 849 953 952 
849 952 946 849 946 842 849 851 953 
955 956 957 955 958 959 956 955 959 
950 959 958 948 950 958 948 958 853 
948 853 852 845 948 852 960 954 953 
961 954 960 851 855 960 953 851 960 
962 963 964 957 963 962 955 957 962 
955 962 858 955 858 857 859 955 857 
958 955 859 853 958 859 960 965 961 
966 967 965 860 966 965 860 965 960 
860 960 855 860 862 966 962 964 968 
968 858 962 968 969 858 969 864 858 
970 967 966 971 967 970 862 866 970 
966 862 970 867 972 973 868 867 973 
969 867 864 972 867 969 970 974 971 
974 970 866 974 866 975 975 866 870 
868 973 976 871 868 976 976 872 871 
977 872 976 874 978 979 873 978 874 
975 870 874 979 975 874 872 977 980 
875 872 980 980 876 875 981 876 980 
982 983 984 982 879 878 982 984 879 
984 985 879 978 873 879 985 978 879 
876 981 986 880 876 986 986 882 880 
987 882 986 988 989 990 988 991 992 
990 991 988 983 992 991 982 992 983 
982 884 992 982 885 884 878 885 982 
993 994 886 993 886 987 987 886 882 
993 995 994 996 997 998 996 999 1000 
998 999 996 1000 889 888 1000 999 889 
999 1001 889 890 889 1002 889 1001 1002 
891 890 1003 890 1002 1003 892 891 1004 
891 1003 1004 893 892 1005 892 1004 1005 
989 988 894 989 894 1005 1005 894 893 
895 894 988 992 895 988 884 895 992 
886 994 896 994 995 1006 994 1006 896 
896 1006 897 898 897 1007 897 1006 1007 
899 898 1008 898 1007 1008 900 899 1009 
899 1008 1009 901 900 1010 900 1009 1010 
903 901 1011 901 1010 1011 905 903 1012 
903 1011 1012 907 905 1013 905 1012 1013 
997 996 909 997 909 1013 1013 909 907 
911 909 996 1000 911 996 888 911 1000 
1014 1015 1016 1014 1017 1018 1015 1014 1018 
1017 914 913 1017 913 1018 1018 913 1019 
916 1020 913 913 1020 1019 917 1021 1022 
917 1022 916 916 1022 1020 1021 1023 1024 
1022 1021 1024 1023 1025 1026 1024 1023 1026 
1025 1027 1028 1026 1025 1028 1027 920 919 
1027 919 1028 1028 919 1029 921 1030 919 
919 1030 1029 922 1031 921 921 1031 1030 
1032 1033 1031 1032 1031 923 923 1031 922 
923 925 1032 1034 1035 1036 1034 928 927 
1034 927 1035 1035 927 1037 1016 929 1014 
1016 1037 929 1037 927 929 930 1014 929 
1017 1014 930 914 1017 930 917 932 1021 
934 1021 932 1023 1021 934 936 1023 934 
1025 1023 936 938 1025 936 1027 1025 938 
920 1027 938 1032 1038 1033 925 1038 1032 
925 939 1038 939 1039 1038 1039 939 941 
1040 1039 941 1041 1042 1043 1036 1042 1041 
1034 1036 1041 1034 1041 944 1034 944 943 
928 1034 943 1044 941 945 1044 1045 941 
1045 1040 941 945 947 1044 1046 1047 1048 
1046 950 949 1046 949 1047 1047 949 1049 
1043 951 1041 1043 1049 951 1049 949 951 
944 1041 951 1044 1050 1045 1051 1052 1050 
952 1051 1050 952 1050 1044 952 1044 947 
952 954 1051 1053 1054 1055 1053 957 956 
1053 956 1054 1054 956 1056 1048 959 1046 
1048 1056 959 1056 956 959 950 1046 959 
1057 1052 1051 1058 1052 1057 954 961 1057 
1051 954 1057 1059 1060 1061 1055 1060 1059 
1053 1055 1059 1053 1059 964 1053 964 963 
957 1053 963 1057 1062 1058 1063 1064 1062 
965 1063 1062 965 1062 1057 965 1057 961 
965 967 1063 1059 1061 1065 1066 1065 1067 
968 1065 1066 968 1059 1065 968 964 1059 
968 1066 969 1063 1068 1064 1068 1063 967 
1068 967 1069 1069 967 971 972 1066 1067 
972 1067 973 973 1067 1070 969 1066 972 
1071 971 974 1071 1072 971 1072 1069 971 
974 975 1071 973 1070 1073 976 973 1073 
1073 977 976 1074 977 1073 1075 1076 1077 
1072 1075 1077 1071 1075 1072 1071 978 1075 
1071 979 978 975 979 1071 977 1074 1078 
980 977 1078 1078 981 980 1079 981 1078 
1080 1081 1082 1080 984 983 1080 1082 984 
1082 1083 984 1076 1075 985 1076 985 1083 
1083 985 984 978 985 1075 981 1079 1084 
986 981 1084 1084 987 986 1085 987 1084 
1086 1087 1088 1086 1089 1090 1088 1089 1086 
1089 1091 1090 1092 1093 1094 1092 1095 1096 
1094 1095 1092 1096 990 989 1096 1095 990 
1095 1097 990 1081 1080 991 1081 991 1097 
1097 991 990 983 991 1080 987 1085 1098 
993 987 1098 995 1099 1100 995 993 1099 
993 1098 1099 1100 1101 1102 1099 1101 1100 
1101 1103 1102 1104 1105 1106 1104 1107 1108 
1106 1107 1104 1108 1109 1110 1107 1109 1108 
1110 998 997 1110 1109 998 1109 1111 998 
1087 1086 999 1087 999 1111 1111 999 998 
1001 999 1086 1090 1001 1086 1090 1091 1112 
1090 1112 1001 1001 1112 1002 1003 1002 1113 
1002 1112 1113 1093 1092 1004 1093 1004 1113 
1113 1004 1003 1005 1004 1092 1096 1005 1092 
989 1005 1096 995 1100 1006 1007 1006 1100 
1102 1007 1100 1102 1103 1114 1102 1114 1007 
1007 1114 1008 1009 1008 1115 1008 1114 1115 
1010 1009 1116 1009 1115 1116 1105 1104 1011 
1105 1011 1116 1116 1011 1010 1012 1011 1104 
1108 1012 1104 1013 1012 1108 1110 1013 1108 
997 1013 1110 1117 1118 1119 1117 1120 1121 
1118 1117 1121 1120 1122 1123 1121 1120 1123 
1123 1122 1124 1125 1126 1127 1125 1016 1015 
1125 1015 1126 1126 1015 1128 1018 1129 1015 
1015 1129 1128 1119 1019 1117 1119 1129 1019 
1129 1018 1019 1020 1117 1019 1120 1117 1020 
1022 1120 1020 1122 1120 1022 1122 1130 1124 
1122 1022 1130 1022 1024 1130 1026 1131 1024 
1024 1131 1130 1028 1132 1026 1026 1132 1131 
1029 1133 1028 1028 1133 1132 1030 1134 1029 
1029 1134 1133 1031 1135 1030 1030 1135 1134 
1135 1031 1033 1136 1135 1033 1035 1137 1138 
1036 1035 1138 1127 1037 1125 1127 1137 1037 
1137 1035 1037 1016 1125 1037 1033 1139 1136 
1038 1139 1033 1140 1141 1139 1140 1139 1039 
1039 1139 1038 1039 1040 1140 1142 1143 1144 
1142 1043 1042 1142 1042 1143 1143 1042 1145 
1138 1042 1036 1145 1042 1138 1140 1146 1141 
1146 1140 1040 1146 1040 1147 1147 1040 1045 
1148 1149 1150 1148 1048 1047 1148 1047 1149 
1149 1047 1151 1144 1049 1142 1144 1151 1049 
1151 1047 1049 1043 1142 1049 1152 1045 1050 
1152 1153 1045 1153 1147 1045 1050 1052 1152 
1154 1155 1156 1154 1055 1054 1154 1054 1155 
1155 1054 1157 1150 1056 1148 1150 1157 1056 
1157 1054 1056 1048 1148 1056 1152 1158 1153 
1158 1152 1052 1158 1052 1159 1159 1052 1058 
1060 1154 1156 1060 1156 1061 1061 1156 1160 
1055 1154 1060 1161 1058 1062 1161 1162 1058 
1162 1159 1058 1062 1064 1161 1061 1160 1163 
1065 1061 1163 1163 1067 1065 1164 1067 1163 
1161 1165 1162 1166 1167 1165 1068 1166 1165 
1068 1165 1161 1068 1161 1064 1068 1069 1166 
1168 1169 1070 1168 1070 1164 1164 1070 1067 
1168 1170 1169 1171 1167 1166 1172 1167 1171 
1069 1072 1171 1166 1069 1171 1070 1169 1073 
1169 1074 1073 1169 1170 1074 1170 1173 1074 
1174 1175 1176 1172 1174 1176 1171 1174 1172 
1171 1076 1174 1171 1077 1076 1072 1077 1171 
1074 1173 1177 1078 1074 1177 1177 1079 1078 
1178 1079 1177 1082 1179 1180 1081 1179 1082 
1175 1174 1083 1175 1083 1180 1180 1083 1082 
1076 1083 1174 1079 1178 1181 1084 1079 1181 
1181 1085 1084 1182 1085 1181 1183 1184 1185 
1183 1088 1087 1183 1185 1088 1185 1186 1088 
1089 1088 1187 1088 1186 1187 1091 1188 1189 
1091 1089 1188 1089 1187 1188 1189 1190 1191 
1188 1190 1189 1191 1094 1093 1191 1190 1094 
1190 1192 1094 1095 1094 1193 1094 1192 1193 
1097 1095 1194 1095 1193 1194 1179 1081 1097 
1194 1179 1097 1085 1182 1195 1098 1085 1195 
1099 1098 1196 1098 1195 1196 1101 1099 1197 
1099 1196 1197 1103 1198 1199 1103 1101 1198 
1101 1197 1198 1199 1200 1201 1198 1200 1199 
1201 1202 1203 1200 1202 1201 1203 1106 1105 
1203 1202 1106 1202 1204 1106 1107 1106 1205 
1106 1204 1205 1109 1107 1206 1107 1205 1206 
1184 1183 1111 1184 1111 1206 1206 1111 1109 
1087 1111 1183 1091 1189 1112 1113 1112 1189 
1191 1113 1189 1093 1113 1191 1103 1199 1114 
1115 1114 1199 1201 1115 1199 1116 1115 1201 
1203 1116 1201 1105 1116 1203 1207 1208 1209 
1207 1210 1211 1208 1207 1211 1210 1119 1118 
1210 1118 1211 1211 1118 1212 1121 1213 1118 
1118 1213 1212 1123 1214 1121 1121 1214 1213 
1124 1215 1216 1124 1216 1123 1123 1216 1214 
1215 1217 1218 1216 1215 1218 1218 1217 1219 
1126 1220 1221 1127 1126 1221 1209 1128 1207 
1209 1220 1128 1220 1126 1128 1129 1207 1128 
1210 1207 1129 1119 1210 1129 1124 1130 1215 
1131 1215 1130 1217 1215 1131 1217 1222 1219 
1217 1131 1222 1131 1132 1222 1133 1223 1132 
1132 1223 1222 1134 1224 1133 1133 1224 1223 
1225 1226 1224 1225 1224 1135 1135 1224 1134 
1135 1136 1225 1227 1228 1229 1227 1230 1231 
1228 1227 1231 1230 1138 1137 1230 1137 1231 
1231 1137 1232 1221 1137 1127 1232 1137 1221 
1225 1233 1226 1234 1235 1233 1139 1234 1233 
1139 1233 1225 1139 1225 1136 1139 1141 1234 
1236 1237 1238 1229 1237 1236 1227 1229 1236 
1227 1236 1144 1227 1144 1143 1145 1227 1143 
1230 1227 1145 1138 1230 1145 1234 1239 1235 
1240 1241 1239 1146 1240 1239 1146 1239 1234 
1146 1234 1141 1146 1147 1240 1242 1243 1244 
1242 1245 1246 1243 1242 1246 1245 1150 1149 
1245 1149 1246 1246 1149 1247 1238 1151 1236 
1238 1247 1151 1247 1149 1151 1144 1236 1151 
1240 1248 1241 1248 1240 1147 1248 1147 1249 
1249 1147 1153 1155 1242 1244 1155 1244 1156 
1156 1244 1250 1157 1242 1155 1245 1242 1157 
1150 1245 1157 1251 1153 1158 1251 1252 1153 
1252 1249 1153 1158 1159 1251 1156 1250 1160 
1250 1253 1160 1251 1254 1252 1254 1251 1159 
1254 1159 1255 1255 1159 1162 1160 1253 1256 
1163 1160 1256 1256 1164 1163 1257 1164 1256 
1258 1162 1165 1258 1259 1162 1259 1255 1162 
1165 1167 1258 1164 1257 1260 1168 1164 1260 
1260 1170 1168 1261 1170 1260 1262 1259 1258 
1263 1259 1262 1167 1172 1262 1258 1167 1262 
1170 1261 1173 1261 1264 1173 1265 1266 1267 
1263 1265 1267 1262 1265 1263 1262 1175 1265 
1262 1176 1175 1172 1176 1262 1173 1264 1268 
1177 1173 1268 1268 1178 1177 1269 1178 1268 
1270 1271 1272 1266 1270 1272 1265 1270 1266 
1265 1179 1270 1265 1180 1179 1175 1180 1265 
1178 1269 1273 1181 1178 1273 1182 1274 1275 
1182 1181 1274 1181 1273 1274 1274 1276 1275 
1277 1278 1279 1277 1280 1281 1279 1280 1277 
1281 1282 1283 1280 1282 1281 1283 1185 1184 
1283 1282 1185 1282 1284 1185 1186 1185 1285 
1185 1284 1285 1187 1186 1286 1186 1285 1286 
1188 1187 1287 1187 1286 1287 1190 1188 1288 
1188 1287 1288 1192 1190 1289 1190 1288 1289 
1193 1192 1290 1192 1289 1290 1271 1270 1194 
1271 1194 1290 1290 1194 1193 1179 1194 1270 
1182 1275 1195 1275 1276 1291 1275 1291 1195 
1195 1291 1196 1197 1196 1292 1196 1291 1292 
1198 1197 1293 1197 1292 1293 1200 1198 1294 
1198 1293 1294 1202 1200 1295 1200 1294 1295 
1278 1277 1204 1278 1204 1295 1295 1204 1202 
1205 1204 1277 1281 1205 1277 1206 1205 1281 
1283 1206 1281 1184 1206 1283 1296 1297 1298 
1296 1209 1208 1296 1208 1297 1297 1208 1299 
1211 1300 1208 1208 1300 1299 1212 1301 1211 
1211 1301 1300 1213 1302 1212 1212 1302 1301 
1214 1303 1213 1213 1303 1302 1216 1304 1214 
1214 1304 1303 1218 1305 1216 1216 1305 1304 
1305 1218 1219 1306 1305 1219 1307 1308 1309 
1298 1308 1307 1296 1298 1307 1296 1307 1221 
1296 1221 1220 1209 1296 1220 1219 1310 1306 
1222 1310 1219 1223 1311 1222 1222 1311 1310 
1224 1312 1223 1223 1312 1311 1312 1224 1226 
1313 1312 1226 1314 1315 1316 1314 1229 1228 
1314 1228 1315 1315 1228 1317 1231 1318 1228 
1228 1318 1317 1309 1232 1307 1309 1318 1232 
1318 1231 1232 1221 1307 1232 1226 1319 1313 
1233 1319 1226 1319 1233 1235 1320 1319 1235 
1321 1322 1323 1321 1324 1325 1322 1321 1325 
1316 1325 1324 1314 1316 1324 1314 1324 1238 
1314 1238 1237 1229 1314 1237 1235 1326 1320 
1239 1326 1235 1326 1239 1241 1327 1326 1241 
1243 1328 1329 1244 1243 1329 1323 1246 1321 
1323 1328 1246 1328 1243 1246 1247 1321 1246 
1324 1321 1247 1238 1324 1247 1330 1241 1248 
1330 1331 1241 1331 1327 1241 1248 1249 1330 
1332 1333 1334 1332 1329 1333 1332 1250 1329 
1250 1244 1329 1330 1335 1331 1335 1330 1249 
1335 1249 1336 1336 1249 1252 1332 1334 1337 
1337 1250 1332 1337 1338 1250 1338 1253 1250 
1339 1252 1254 1339 1340 1252 1340 1336 1252 
1254 1255 1339 1253 1338 1341 1256 1253 1341 
1341 1257 1256 1342 1257 1341 1339 1343 1340 
1343 1339 1255 1343 1255 1344 1344 1255 1259 
1257 1342 1345 1260 1257 1345 1345 1261 1260 
1346 1261 1345 1259 1263 1344 1344 1263 1347 
1261 1346 1264 1346 1348 1264 1349 1350 1351 
1349 1267 1266 1349 1351 1267 1351 1352 1267 
1347 1263 1267 1352 1347 1267 1264 1348 1353 
1268 1264 1353 1353 1269 1268 1354 1269 1353 
1355 1356 1357 1355 1358 1359 1357 1358 1355 
1359 1360 1361 1358 1360 1359 1361 1362 1363 
1360 1362 1361 1363 1364 1365 1362 1364 1363 
1365 1366 1367 1364 1366 1365 1367 1368 1369 
1366 1368 1367 1369 1370 1371 1368 1370 1369 
1350 1371 1370 1349 1371 1350 1349 1271 1371 
1349 1272 1271 1266 1272 1349 1269 1354 1372 
1273 1269 1372 1274 1273 1373 1273 1372 1373 
1276 1374 1375 1276 1274 1374 1274 1373 1374 
1375 1376 1377 1374 1376 1375 1377 1378 1379 
1376 1378 1377 1379 1380 1381 1378 1380 1379 
1381 1382 1383 1380 1382 1381 1383 1279 1278 
1383 1382 1279 1382 1384 1279 1280 1279 1385 
1279 1384 1385 1356 1355 1282 1356 1282 1385 
1385 1282 1280 1284 1282 1355 1359 1284 1355 
1285 1284 1359 1361 1285 1359 1286 1285 1361 
1363 1286 1361 1287 1286 1363 1365 1287 1363 
1288 1287 1365 1367 1288 1365 1289 1288 1367 
1369 1289 1367 1290 1289 1369 1371 1290 1369 
1271 1290 1371 1276 1375 1291 1292 1291 1375 
1377 1292 1375 1293 1292 1377 1379 1293 1377 
1294 1293 1379 1381 1294 1379 1295 1294 1381 
1383 1295 1381 1278 1295 1383 1386 1387 1388 
1387 1386 1389 1390 1391 1392 1390 1298 1297 
1390 1297 1391 1391 1297 1393 1299 1394 1297 
1297 1394 1393 1388 1300 1386 1388 1394 1300 
1394 1299 1300 1386 1395 1389 1386 1300 1395 
1300 1301 1395 1302 1396 1301 1301 1396 1395 
1303 1397 1302 1302 1397 1396 1304 1398 1303 
1303 1398 1397 1305 1399 1304 1304 1399 1398 
1399 1305 1306 1400 1399 1306 1401 1402 1403 
1401 1404 1405 1402 1401 1405 1404 1406 1407 
1405 1404 1407 1392 1407 1406 1390 1392 1406 
1390 1406 1309 1390 1309 1308 1298 1390 1308 
1306 1408 1400 1310 1408 1306 1311 1409 1310 
1310 1409 1408 1312 1410 1311 1311 1410 1409 
1410 1312 1313 1411 1410 1313 1412 1413 1414 
1403 1413 1412 1401 1403 1412 1401 1412 1316 
1401 1316 1315 1317 1401 1315 1404 1401 1317 
1318 1404 1317 1406 1404 1318 1309 1406 1318 
1313 1415 1411 1319 1415 1313 1415 1319 1320 
1416 1415 1320 1417 1418 1419 1417 1323 1322 
1417 1322 1418 1418 1322 1420 1414 1325 1412 
1414 1420 1325 1420 1322 1325 1316 1412 1325 
1320 1421 1416 1326 1421 1320 1421 1326 1327 
1422 1421 1327 1423 1424 1425 1419 1424 1423 
1417 1419 1423 1417 1423 1329 1417 1329 1328 
1323 1417 1328 1327 1331 1422 1422 1331 1426 
1333 1423 1425 1333 1425 1334 1334 1425 1427 
1329 1423 1333 1331 1428 1426 1335 1428 1331 
1428 1335 1336 1429 1428 1336 1334 1427 1430 
1337 1334 1430 1430 1338 1337 1431 1338 1430 
1336 1340 1429 1429 1340 1432 1338 1431 1433 
1341 1338 1433 1433 1342 1341 1434 1342 1433 
1435 1340 1343 1435 1436 1340 1436 1432 1340 
1343 1344 1435 1342 1434 1437 1345 1342 1437 
1437 1346 1345 1438 1346 1437 1439 1436 1435 
1440 1436 1439 1344 1347 1439 1435 1344 1439 
1441 1442 1348 1441 1348 1438 1438 1348 1346 
1441 1443 1442 1444 1445 1446 1444 1447 1448 
1446 1447 1444 1447 1449 1448 1351 1450 1451 
1350 1450 1351 1440 1439 1352 1440 1352 1451 
1451 1352 1351 1347 1352 1439 1348 1442 1353 
1354 1452 1453 1353 1452 1354 1353 1443 1452 
1353 1442 1443 1452 1454 1453 1455 1456 1457 
1455 1458 1459 1457 1458 1455 1459 1357 1356 
1459 1458 1357 1458 1460 1357 1445 1444 1358 
1445 1358 1460 1460 1358 1357 1360 1358 1444 
1448 1360 1444 1448 1449 1461 1448 1461 1360 
1360 1461 1362 1364 1362 1462 1362 1461 1462 
1366 1364 1463 1364 1462 1463 1368 1366 1464 
1366 1463 1464 1370 1368 1465 1368 1464 1465 
1450 1350 1370 1465 1450 1370 1354 1453 1372 
1453 1454 1466 1453 1466 1372 1372 1466 1373 
1374 1373 1467 1373 1466 1467 1376 1374 1468 
1374 1467 1468 1378 1376 1469 1376 1468 1469 
1380 1378 1470 1378 1469 1470 1382 1380 1471 
1380 1470 1471 1456 1455 1384 1456 1384 1471 
1471 1384 1382 1385 1384 1455 1459 1385 1455 
1356 1385 1459 1472 1473 1474 1472 1388 1387 
1472 1387 1473 1473 1387 1475 1475 1387 1389 
1476 1475 1389 1477 1478 1479 1477 1392 1391 
1477 1391 1478 1478 1391 1480 1393 1481 1391 
1391 1481 1480 1474 1394 1472 1474 1481 1394 
1481 1393 1394 1388 1472 1394 1389 1482 1476 
1395 1482 1389 1396 1483 1395 1395 1483 1482 
1397 1484 1396 1396 1484 1483 1398 1485 1397 
1397 1485 1484 1399 1486 1398 1398 1486 1485 
1486 1399 1400 1487 1486 1400 1488 1489 1490 
1488 1403 1402 1488 1402 1489 1489 1402 1491 
1405 1492 1402 1402 1492 1491 1479 1407 1477 
1479 1492 1407 1492 1405 1407 1392 1477 1407 
1400 1493 1487 1408 1493 1400 1409 1494 1408 
1408 1494 1493 1410 1495 1409 1409 1495 1494 
1495 1410 1411 1496 1495 1411 1497 1498 1499 
1490 1498 1497 1488 1490 1497 1488 1497 1414 
1488 1414 1413 1403 1488 1413 1500 1411 1415 
1500 1501 1411 1501 1496 1411 1415 1416 1500 
1418 1502 1503 1419 1418 1503 1499 1420 1497 
1499 1502 1420 1502 1418 1420 1414 1497 1420 
1500 1504 1501 1505 1506 1504 1421 1505 1504 
1421 1504 1500 1421 1500 1416 1421 1422 1505 
1424 1507 1508 1425 1424 1508 1503 1424 1419 
1507 1424 1503 1505 1509 1506 1509 1505 1422 
1509 1422 1510 1510 1422 1426 1425 1508 1427 
1508 1511 1427 1512 1426 1428 1512 1513 1426 
1513 1510 1426 1428 1429 1512 1427 1511 1514 
1430 1427 1514 1514 1431 1430 1515 1431 1514 
1512 1516 1513 1516 1512 1429 1516 1429 1517 
1517 1429 1432 1431 1515 1518 1433 1431 1518 
1518 1434 1433 1519 1434 1518 1432 1436 1517 
1517 1436 1520 1434 1519 1521 1437 1434 1521 
1521 1438 1437 1522 1438 1521 1523 1524 1525 
1523 1525 1520 1523 1520 1440 1440 1520 1436 
1438 1522 1526 1441 1438 1526 1526 1443 1441 
1527 1443 1526 1528 1529 1530 1528 1531 1532 
1530 1531 1528 1532 1446 1445 1532 1531 1446 
1531 1533 1446 1447 1446 1534 1446 1533 1534 
1449 1535 1536 1449 1447 1535 1447 1534 1535 
1535 1537 1536 1538 1539 1540 1540 1541 1538 
1542 1543 1544 1524 1542 1544 1523 1542 1524 
1523 1450 1542 1523 1451 1450 1440 1451 1523 
1443 1527 1545 1452 1443 1545 1545 1454 1452 
1546 1454 1545 1547 1548 1549 1547 1550 1551 
1549 1550 1547 1551 1552 1553 1550 1552 1551 
1553 1457 1456 1553 1552 1457 1552 1554 1457 
1529 1528 1458 1529 1458 1554 1554 1458 1457 
1460 1458 1528 1532 1460 1528 1445 1460 1532 
1449 1536 1461 1536 1537 1555 1536 1555 1461 
1461 1555 1462 1539 1538 1463 1539 1463 1555 
1555 1463 1462 1538 1541 1556 1538 1556 1463 
1463 1556 1464 1543 1542 1465 1543 1465 1556 
1556 1465 1464 1450 1465 1542 1454 1546 1557 
1466 1454 1557 1467 1466 1558 1466 1557 1558 
1468 1467 1559 1467 1558 1559 1548 1547 1469 
1548 1469 1559 1559 1469 1468 1470 1469 1547 
1551 1470 1547 1471 1470 1551 1553 1471 1551 
1456 1471 1553 1560 1561 1562 1560 1563 1564 
1561 1560 1564 1563 1474 1473 1563 1473 1564 
1564 1473 1565 1475 1566 1473 1473 1566 1565 
1566 1475 1476 1567 1566 1476 1568 1569 1570 
1568 1571 1572 1569 1568 1572 1571 1573 1574 
1572 1571 1574 1573 1479 1478 1573 1478 1574 
1574 1478 1575 1562 1480 1560 1562 1575 1480 
1575 1478 1480 1481 1560 1480 1563 1560 1481 
1474 1563 1481 1476 1576 1567 1482 1576 1476 
1483 1577 1482 1482 1577 1576 1484 1578 1483 
1483 1578 1577 1485 1579 1484 1484 1579 1578 
1486 1580 1485 1485 1580 1579 1580 1486 1487 
1581 1580 1487 1582 1583 1584 1570 1583 1582 
1568 1570 1582 1568 1582 1490 1568 1490 1489 
1491 1568 1489 1571 1568 1491 1492 1571 1491 
1573 1571 1492 1479 1573 1492 1487 1585 1581 
1493 1585 1487 1494 1586 1493 1493 1586 1585 
1495 1587 1494 1494 1587 1586 1587 1495 1496 
1588 1587 1496 1589 1590 1591 1584 1590 1589 
1582 1584 1589 1582 1589 1499 1582 1499 1498 
1490 1582 1498 1496 1501 1588 1588 1501 1592 
1593 1594 1595 1591 1594 1593 1589 1591 1593 
1589 1593 1503 1589 1503 1502 1499 1589 1502 
1501 1596 1592 1504 1596 1501 1596 1504 1506 
1597 1596 1506 1507 1593 1595 1507 1595 1508 
1508 1595 1598 1503 1593 1507 1506 1599 1597 
1509 1599 1506 1599 1509 1510 1600 1599 1510 
1601 1602 1511 1601 1511 1598 1598 1511 1508 
1601 1603 1602 1510 1513 1600 1600 1513 1604 
1511 1602 1514 1515 1605 1606 1514 1605 1515 
1514 1603 1605 1514 1602 1603 1605 1607 1606 
1608 1513 1516 1608 1609 1513 1609 1604 1513 
1516 1517 1608 1515 1606 1518 1519 1610 1611 
1518 1610 1519 1518 1607 1610 1518 1606 1607 
1610 1612 1611 1613 1609 1608 1614 1609 1613 
1517 1520 1613 1608 1517 1613 1519 1611 1521 
1611 1522 1521 1611 1612 1522 1612 1615 1522 
1616 1617 1618 1616 1619 1620 1618 1619 1616 
1620 1621 1622 1619 1621 1620 1621 1623 1622 
1624 1625 1626 1614 1624 1626 1613 1624 1614 
1613 1524 1624 1613 1525 1524 1520 1525 1613 
1522 1615 1627 1526 1522 1627 1627 1527 1526 
1628 1527 1627 1629 1630 1631 1629 1530 1529 
1629 1631 1530 1631 1632 1530 1617 1616 1531 
1617 1531 1632 1632 1531 1530 1533 1531 1616 
1620 1533 1616 1534 1533 1620 1622 1534 1620 
1622 1623 1633 1622 1633 1534 1534 1633 1535 
1537 1634 1635 1537 1535 1634 1535 1633 1634 
1635 1540 1539 1635 1634 1540 1634 1636 1540 
1541 1637 1638 1541 1540 1637 1540 1636 1637 
1625 1638 1637 1624 1638 1625 1624 1543 1638 
1624 1544 1543 1524 1544 1624 1527 1628 1639 
1545 1527 1639 1546 1640 1641 1546 1545 1640 
1545 1639 1640 1641 1642 1643 1640 1642 1641 
1643 1644 1645 1642 1644 1643 1645 1549 1548 
1645 1644 1549 1644 1646 1549 1550 1549 1647 
1549 1646 1647 1552 1550 1648 1550 1647 1648 
1630 1629 1554 1630 1554 1648 1648 1554 1552 
1529 1554 1629 1537 1635 1555 1539 1555 1635 
1541 1638 1556 1543 1556 1638 1546 1641 1557 
1558 1557 1641 1643 1558 1641 1559 1558 1643 
1645 1559 1643 1548 1559 1645 1649 1650 1651 
1649 1562 1561 1649 1561 1650 1650 1561 1652 
1564 1653 1561 1561 1653 1652 1565 1654 1564 
1564 1654 1653 1566 1655 1565 1565 1655 1654 
1567 1656 1657 1567 1657 1566 1566 1657 1655 
1657 1656 1658 1569 1659 1660 1570 1569 1660 
1572 1661 1569 1569 1661 1659 1574 1662 1572 
1572 1662 1661 1651 1575 1649 1651 1662 1575 
1662 1574 1575 1562 1649 1575 1567 1576 1656 
1656 1663 1658 1656 1576 1663 1576 1577 1663 
1578 1664 1577 1577 1664 1663 1579 1665 1578 
1578 1665 1664 1580 1666 1579 1579 1666 1665 
1666 1580 1581 1667 1666 1581 1583 1668 1669 
1584 1583 1669 1660 1583 1570 1668 1583 1660 
1581 1670 1667 1585 1670 1581 1586 1671 1585 
1585 1671 1670 1672 1673 1671 1672 1671 1587 
1587 1671 1586 1587 1588 1672 1590 1674 1675 
1591 1590 1675 1669 1590 1584 1674 1590 1669 
1672 1676 1673 1676 1672 1588 1676 1588 1677 
1677 1588 1592 1594 1678 1679 1595 1594 1679 
1675 1594 1591 1678 1594 1675 1592 1680 1677 
1596 1680 1592 1680 1596 1597 1681 1680 1597 
1595 1679 1598 1679 1682 1598 1683 1597 1599 
1683 1684 1597 1684 1681 1597 1599 1600 1683 
1598 1682 1685 1601 1598 1685 1685 1603 1601 
1686 1603 1685 1687 1684 1683 1688 1684 1687 
1600 1604 1687 1683 1600 1687 1603 1686 1689 
1605 1603 1689 1689 1607 1605 1690 1607 1689 
1691 1688 1687 1692 1688 1691 1604 1609 1691 
1687 1604 1691 1607 1690 1693 1610 1607 1693 
1693 1612 1610 1694 1612 1693 1695 1692 1691 
1696 1692 1695 1609 1614 1695 1691 1609 1695 
1697 1698 1615 1697 1615 1694 1694 1615 1612 
1697 1699 1698 1700 1701 1702 1700 1703 1704 
1702 1703 1700 1704 1618 1617 1704 1703 1618 
1703 1705 1618 1619 1618 1706 1618 1705 1706 
1621 1619 1707 1619 1706 1707 1623 1708 1709 
1623 1621 1708 1621 1707 1708 1709 1710 1711 
1708 1710 1709 1711 1712 1713 1710 1712 1711 
1713 1714 1715 1712 1714 1713 1696 1715 1714 
1695 1715 1696 1695 1625 1715 1695 1626 1625 
1614 1626 1695 1615 1698 1627 1628 1716 1717 
1627 1716 1628 1627 1699 1716 1627 1698 1699 
1716 1718 1717 1719 1720 1721 1719 1722 1723 
1721 1722 1719 1723 1724 1725 1722 1724 1723 
1725 1726 1727 1724 1726 1725 1701 1727 1726 
1700 1727 1701 1700 1630 1727 1700 1631 1630 
1632 1631 1700 1704 1632 1700 1617 1632 1704 
1623 1709 1633 1634 1633 1709 1711 1634 1709 
1636 1634 1711 1713 1636 1711 1637 1636 1713 
1715 1637 1713 1625 1637 1715 1628 1717 1639 
1717 1718 1728 1717 1728 1639 1639 1728 1640 
1642 1640 1729 1640 1728 1729 1720 1719 1644 
1720 1644 1729 1729 1644 1642 1646 1644 1719 
1723 1646 1719 1647 1646 1723 1725 1647 1723 
1648 1647 1725 1727 1648 1725 1630 1648 1727 
1730 1731 1732 1731 1730 1733 1734 1735 1736 
1734 1737 1738 1735 1734 1738 1737 1651 1650 
1737 1650 1738 1738 1650 1739 1652 1740 1650 
1650 1740 1739 1653 1741 1652 1652 1741 1740 
1732 1654 1730 1732 1741 1654 1741 1653 1654 
1730 1742 1733 1730 1654 1742 1654 1655 1742 
1657 1743 1655 1655 1743 1742 1743 1657 1658 
1744 1743 1658 1745 1746 1747 1745 1660 1659 
1745 1659 1746 1746 1659 1748 1736 1661 1734 
1736 1748 1661 1748 1659 1661 1662 1734 1661 
1737 1734 1662 1651 1737 1662 1658 1749 1744 
1663 1749 1658 1664 1750 1663 1663 1750 1749 
1665 1751 1664 1664 1751 1750 1752 1753 1751 
1752 1751 1666 1666 1751 1665 1666 1667 1752 
1754 1755 1756 1747 1755 1754 1745 1747 1754 
1745 1754 1669 1745 1669 1668 1660 1745 1668 
1752 1757 1753 1667 1757 1752 1667 1670 1757 
1670 1758 1757 1759 1760 1758 1759 1758 1671 
1671 1758 1670 1671 1673 1759 1761 1762 1763 
1756 1762 1761 1754 1756 1761 1754 1761 1675 
1754 1675 1674 1669 1754 1674 1759 1764 1760 
1765 1766 1764 1676 1765 1764 1676 1764 1759 
1676 1759 1673 1676 1677 1765 1678 1761 1763 
1678 1763 1679 1679 1763 1767 1675 1761 1678 
1765 1768 1766 1769 1770 1768 1680 1769 1768 
1680 1768 1765 1680 1765 1677 1680 1681 1769 
1679 1767 1682 1767 1771 1682 1772 1770 1769 
1773 1770 1772 1681 1684 1772 1769 1681 1772 
1682 1771 1774 1685 1682 1774 1774 1686 1685 
1775 1686 1774 1776 1773 1772 1777 1773 1776 
1684 1688 1776 1772 1684 1776 1686 1775 1778 
1689 1686 1778 1778 1690 1689 1779 1690 1778 
1776 1780 1777 1780 1776 1688 1780 1688 1781 
1781 1688 1692 1690 1779 1782 1693 1690 1782 
1782 1694 1693 1783 1694 1782 1784 1785 1786 
1784 1787 1788 1786 1787 1784 1788 1789 1790 
1787 1789 1788 1790 1791 1792 1789 1791 1790 
1792 1793 1794 1791 1793 1792 1794 1795 1796 
1793 1795 1794 1796 1797 1798 1795 1797 1796 
1798 1799 1800 1797 1799 1798 1800 1799 1781 
1800 1781 1696 1696 1781 1692 1694 1783 1801 
1697 1694 1801 1801 1699 1697 1802 1699 1801 
1803 1804 1805 1803 1806 1807 1805 1806 1803 
1807 1702 1701 1807 1806 1702 1806 1808 1702 
1785 1784 1703 1785 1703 1808 1808 1703 1702 
1705 1703 1784 1788 1705 1784 1706 1705 1788 
1790 1706 1788 1707 1706 1790 1792 1707 1790 
1708 1707 1792 1794 1708 1792 1710 1708 1794 
1796 1710 1794 1712 1710 1796 1798 1712 1796 
1714 1712 1798 1800 1714 1798 1696 1714 1800 
1699 1802 1809 1716 1699 1809 1718 1810 1811 
1718 1716 1810 1716 1809 1810 1811 1812 1813 
1810 1812 1811 1813 1721 1720 1813 1812 1721 
1812 1814 1721 1722 1721 1815 1721 1814 1815 
1804 1803 1724 1804 1724 1815 1815 1724 1722 
1726 1724 1803 1807 1726 1803 1701 1726 1807 
1718 1811 1728 1729 1728 1811 1813 1729 1811 
1720 1729 1813 1816 1817 1818 1816 1819 1820 
1817 1816 1820 1819 1821 1822 1820 1819 1822 
1821 1732 1731 1821 1731 1822 1822 1731 1823 
1733 1824 1825 1733 1825 1731 1731 1825 1823 
1825 1824 1826 1827 1828 1829 1827 1736 1735 
1827 1735 1828 1828 1735 1830 1738 1831 1735 
1735 1831 1830 1818 1739 1816 1818 1831 1739 
1831 1738 1739 1740 1816 1739 1819 1816 1740 
1741 1819 1740 1821 1819 1741 1732 1821 1741 
1733 1742 1824 1824 1832 1826 1824 1742 1832 
1742 1743 1832 1832 1743 1744 1833 1832 1744 
1746 1834 1835 1747 1746 1835 1829 1748 1827 
1829 1834 1748 1834 1746 1748 1736 1827 1748 
1744 1836 1833 1749 1836 1744 1750 1837 1749 
1749 1837 1836 1838 1839 1837 1838 1837 1751 
1751 1837 1750 1751 1753 1838 1755 1840 1841 
1756 1755 1841 1835 1755 1747 1840 1755 1835 
1838 1842 1839 1843 1844 1842 1757 1843 1842 
1757 1842 1838 1757 1838 1753 1757 1758 1845 
1843 1757 1845 1758 1760 1845 1762 1846 1847 
1763 1762 1847 1841 1762 1756 1846 1762 1841 
1843 1848 1844 1845 1848 1843 1849 1848 1845 
1850 1851 1849 1764 1850 1849 1764 1849 1845 
1764 1845 1760 1764 1766 1850 1763 1847 1767 
1847 1852 1767 1850 1853 1851 1854 1855 1853 
1768 1854 1853 1768 1853 1850 1768 1850 1766 
1768 1770 1854 1856 1857 1771 1856 1771 1852 
1852 1771 1767 1856 1858 1857 1854 1859 1855 
1859 1854 1770 1859 1770 1860 1860 1770 1773 
1771 1857 1774 1775 1861 1862 1774 1861 1775 
1774 1858 1861 1774 1857 1858 1861 1863 1862 
1773 1777 1860 1860 1777 1864 1775 1862 1778 
1862 1779 1778 1862 1863 1779 1863 1865 1779 
1866 1867 1868 1866 1869 1870 1868 1869 1866 
1870 1871 1872 1869 1871 1870 1872 1873 1874 
1871 1873 1872 1874 1875 1876 1873 1875 1874 
1876 1877 1878 1875 1877 1876 1878 1879 1880 
1877 1879 1878 1780 1881 1880 1780 1880 1864 
1780 1864 1777 1879 1864 1880 1780 1781 1881 
1779 1865 1882 1782 1779 1882 1882 1783 1782 
1883 1783 1882 1884 1885 1886 1884 1887 1888 
1886 1887 1884 1867 1888 1887 1866 1888 1867 
1866 1785 1888 1866 1786 1785 1787 1786 1866 
1870 1787 1866 1789 1787 1870 1872 1789 1870 
1791 1789 1872 1874 1791 1872 1793 1791 1874 
1876 1793 1874 1795 1793 1876 1878 1795 1876 
1797 1795 1878 1880 1797 1878 1799 1797 1880 
1881 1799 1880 1781 1799 1881 1783 1883 1889 
1801 1783 1889 1802 1890 1891 1802 1801 1890 
1801 1889 1890 1891 1892 1893 1890 1892 1891 
1893 1894 1895 1892 1894 1893 1895 1896 1897 
1894 1896 1895 1897 1898 1899 1896 1898 1897 
1899 1805 1804 1899 1898 1805 1898 1900 1805 
1885 1884 1806 1885 1806 1900 1900 1806 1805 
1808 1806 1884 1888 1808 1884 1785 1808 1888 
1802 1891 1809 1810 1809 1891 1893 1810 1891 
1812 1810 1893 1895 1812 1893 1814 1812 1895 
1897 1814 1895 1815 1814 1897 1899 1815 1897 
1804 1815 1899 1901 1902 1903 1901 1904 1905 
1902 1901 1905 1904 1818 1817 1904 1817 1905 
1905 1817 1906 1820 1907 1817 1817 1907 1906 
1822 1908 1820 1820 1908 1907 1823 1909 1822 
1822 1909 1908 1825 1910 1823 1823 1910 1909 
1910 1825 1826 1911 1910 1826 1828 1912 1913 
1829 1828 1913 1903 1830 1901 1903 1912 1830 
1912 1828 1830 1831 1901 1830 1904 1901 1831 
1818 1904 1831 1826 1914 1911 1832 1914 1826 
1833 1915 1916 1833 1916 1832 1832 1916 1914 
1916 1915 1917 1918 1919 1920 1918 1835 1834 
1918 1834 1919 1919 1834 1921 1913 1834 1829 
1921 1834 1913 1833 1836 1915 1915 1922 1917 
1915 1836 1922 1836 1837 1922 1839 1923 1924 
1839 1924 1837 1837 1924 1922 1924 1923 1925 
1840 1918 1920 1840 1920 1841 1841 1920 1926 
1835 1918 1840 1839 1842 1923 1844 1927 1928 
1842 1844 1928 1842 1928 1925 1842 1925 1923 
1928 1927 1929 1846 1930 1931 1847 1846 1931 
1926 1846 1841 1930 1846 1926 1844 1848 1927 
1927 1932 1929 1927 1848 1932 1848 1849 1932 
1932 1849 1851 1933 1932 1851 1847 1931 1852 
1931 1934 1852 1851 1935 1933 1853 1935 1851 
1935 1853 1855 1936 1935 1855 1852 1934 1937 
1856 1852 1937 1937 1858 1856 1938 1858 1937 
1855 1939 1936 1859 1939 1855 1939 1859 1860 
1940 1939 1860 1858 1938 1941 1861 1858 1941 
1941 1863 1861 1942 1863 1941 1943 1944 1945 
1943 1946 1947 1945 1946 1943 1947 1948 1949 
1946 1948 1947 1949 1950 1951 1948 1950 1949 
1951 1952 1953 1950 1952 1951 1953 1954 1955 
1952 1954 1953 1955 1956 1957 1954 1956 1955 
1957 1956 1940 1957 1940 1864 1864 1940 1860 
1958 1959 1865 1958 1865 1942 1942 1865 1863 
1958 1960 1959 1961 1962 1963 1961 1964 1965 
1963 1964 1961 1944 1965 1964 1943 1965 1944 
1943 1867 1965 1943 1868 1867 1869 1868 1943 
1947 1869 1943 1871 1869 1947 1949 1871 1947 
1873 1871 1949 1951 1873 1949 1875 1873 1951 
1953 1875 1951 1877 1875 1953 1955 1877 1953 
1879 1877 1955 1957 1879 1955 1864 1879 1957 
1865 1959 1882 1883 1966 1967 1882 1966 1883 
1882 1960 1966 1882 1959 1960 1966 1968 1967 
1969 1970 1971 1969 1972 1973 1971 1972 1969 
1962 1973 1972 1961 1973 1962 1961 1885 1973 
1961 1886 1885 1887 1886 1961 1965 1887 1961 
1867 1887 1965 1883 1967 1889 1967 1968 1974 
1967 1974 1889 1889 1974 1890 1892 1890 1975 
1890 1974 1975 1894 1892 1976 1892 1975 1976 
1896 1894 1977 1894 1976 1977 1970 1969 1898 
1970 1898 1977 1977 1898 1896 1900 1898 1969 
1973 1900 1969 1885 1900 1973 1978 1979 1980 
1978 1981 1982 1979 1978 1982 1982 1981 1983 
1902 1984 1985 1903 1902 1985 1905 1986 1902 
1902 1986 1984 1906 1987 1905 1905 1987 1986 
1980 1907 1978 1980 1987 1907 1987 1906 1907 
1908 1978 1907 1981 1978 1908 1981 1988 1983 
1981 1908 1988 1908 1909 1988 1910 1989 1909 
1909 1989 1988 1911 1990 1991 1911 1991 1910 
1910 1991 1989 1991 1990 1992 1993 1994 1995 
1993 1913 1912 1993 1912 1994 1994 1912 1996 
1985 1912 1903 1996 1912 1985 1911 1914 1990 
1990 1997 1992 1990 1914 1997 1914 1916 1997 
1917 1998 1999 1917 1999 1916 1916 1999 1997 
1998 2000 2001 1999 1998 2001 2001 2000 2002 
1919 2003 2004 1920 1919 2004 1995 1921 1993 
1995 2003 1921 2003 1919 1921 1913 1993 1921 
1917 1922 1998 1924 1998 1922 2000 1998 1924 
1925 2005 2006 1924 1925 2006 1924 2006 2002 
1924 2002 2000 2006 2005 2007 2008 2009 2010 
2008 2004 2009 2008 1926 2004 1926 1920 2004 
1925 1928 2005 1929 2011 2012 1928 1929 2012 
1928 2012 2007 1928 2007 2005 2012 2011 2013 
1930 2008 2010 1930 2010 1931 1931 2010 2014 
1926 2008 1930 1929 1932 2011 1933 2015 2016 
1932 1933 2016 1932 2016 2013 1932 2013 2011 
2016 2015 2017 1931 2014 1934 2014 2018 1934 
1933 1935 2015 1936 2019 2020 1935 1936 2020 
1935 2020 2017 1935 2017 2015 2020 2019 2021 
1934 2018 2022 1937 1934 2022 2022 1938 1937 
2023 1938 2022 2024 2025 2026 2024 2027 2028 
2026 2027 2024 2028 2029 2030 2027 2029 2028 
2030 2031 2032 2029 2031 2030 2032 2033 2034 
2031 2033 2032 2033 2035 2034 2036 1936 1939 
2036 2037 1936 2019 1936 2038 2038 1936 2037 
2019 2038 2021 1939 1940 2036 1938 2023 2039 
1941 1938 2039 2039 1942 1941 2040 1942 2039 
2041 2042 2043 2025 2041 2043 2024 2041 2025 
2024 1944 2041 2024 1945 1944 1946 1945 2024 
2028 1946 2024 1948 1946 2028 2030 1948 2028 
1950 1948 2030 2032 1950 2030 1952 1950 2032 
2034 1952 2032 2034 2035 2044 2034 2044 1952 
1952 2044 1954 2037 2036 1956 2037 1956 2044 
2044 1956 1954 1940 1956 2036 1942 2040 2045 
1958 1942 2045 2045 1960 1958 2046 1960 2045 
2047 2048 2049 2047 2050 2051 2049 2050 2047 
2051 1963 1962 2051 2050 1963 2050 2052 1963 
2042 2041 1964 2042 1964 2052 2052 1964 1963 
1944 1964 2041 1960 2046 2053 1966 1960 2053 
1968 2054 2055 1968 1966 2054 1966 2053 2054 
2055 2056 2057 2054 2056 2055 2057 2058 2059 
2056 2058 2057 2059 2060 2061 2058 2060 2059 
2048 2061 2060 2047 2061 2048 2047 1970 2061 
2047 1971 1970 1972 1971 2047 2051 1972 2047 
1962 1972 2051 1968 2055 1974 1975 1974 2055 
2057 1975 2055 1976 1975 2057 2059 1976 2057 
1977 1976 2059 2061 1977 2059 1970 1977 2061 
2062 2063 2064 2062 1980 1979 2062 1979 2063 
2063 1979 2065 1982 2066 1979 1979 2066 2065 
2066 1982 1983 2067 2066 1983 2068 2069 2070 
2068 1985 1984 2068 1984 2069 2069 1984 2071 
1986 2072 1984 1984 2072 2071 2064 1987 2062 
2064 2072 1987 2072 1986 1987 1980 2062 1987 
1983 2073 2067 1988 2073 1983 1989 2074 1988 
1988 2074 2073 1991 2075 1989 1989 2075 2074 
2075 1991 1992 2076 2075 1992 1994 2077 2078 
1995 1994 2078 2070 1996 2068 2070 2077 1996 
2077 1994 1996 1985 2068 1996 1992 2079 2076 
1997 2079 1992 1999 2080 1997 1997 2080 2079 
2001 2081 1999 1999 2081 2080 2081 2001 2002 
2082 2081 2002 2003 2083 2084 2004 2003 2084 
2078 2003 1995 2083 2003 2078 2002 2085 2082 
2006 2085 2002 2085 2006 2007 2086 2085 2007 
2009 2087 2088 2010 2009 2088 2084 2009 2004 
2087 2009 2084 2007 2089 2086 2012 2089 2007 
2013 2090 2091 2013 2091 2012 2012 2091 2089 
2091 2090 2092 2010 2088 2014 2088 2093 2014 
2013 2016 2090 2017 2094 2095 2016 2017 2095 
2016 2095 2092 2016 2092 2090 2095 2094 2096 
2097 2098 2018 2097 2018 2093 2093 2018 2014 
2097 2099 2098 2100 2017 2020 2100 2101 2017 
2094 2017 2102 2102 2017 2101 2094 2102 2096 
2020 2021 2100 2018 2098 2022 2023 2103 2104 
2022 2103 2023 2022 2099 2103 2022 2098 2099 
2103 2105 2104 2106 2107 2108 2106 2026 2025 
2106 2108 2026 2108 2109 2026 2027 2026 2110 
2026 2109 2110 2029 2027 2111 2027 2110 2111 
2031 2029 2112 2029 2111 2112 2033 2031 2113 
2031 2112 2113 2035 2114 2115 2035 2033 2114 
2033 2113 2114 2101 2115 2114 2100 2115 2101 
2100 2037 2115 2100 2038 2037 2021 2038 2100 
2023 2104 2039 2040 2116 2117 2039 2116 2040 
2039 2105 2116 2039 2104 2105 2116 2118 2117 
2119 2120 2121 2119 2122 2123 2121 2122 2119 
2107 2123 2122 2106 2123 2107 2106 2042 2123 
2106 2043 2042 2025 2043 2106 2035 2115 2044 
2037 2044 2115 2040 2117 2045 2046 2124 2125 
2045 2124 2046 2045 2118 2124 2045 2117 2118 
2125 2126 2127 2124 2126 2125 2127 2128 2129 
2126 2128 2127 2129 2130 2131 2128 2130 2129 
2131 2132 2133 2130 2132 2131 2133 2049 2048 
2133 2132 2049 2132 2134 2049 2120 2119 2050 
2120 2050 2134 2134 2050 2049 2052 2050 2119 
2123 2052 2119 2042 2052 2123 2046 2125 2053 
2054 2053 2125 2127 2054 2125 2056 2054 2127 
2129 2056 2127 2058 2056 2129 2131 2058 2129 
2060 2058 2131 2133 2060 2131 2048 2060 2133 
2135 2136 2137 2135 2064 2063 2135 2063 2136 
2136 2063 2138 2065 2139 2063 2063 2139 2138 
2066 2140 2065 2065 2140 2139 2067 2141 2142 
2067 2142 2066 2066 2142 2140 2142 2141 2143 
2069 2144 2145 2070 2069 2145 2071 2146 2069 
2069 2146 2144 2137 2072 2135 2137 2146 2072 
2146 2071 2072 2064 2135 2072 2067 2073 2141 
2141 2147 2143 2141 2073 2147 2073 2074 2147 
2075 2148 2074 2074 2148 2147 2076 2149 2150 
2076 2150 2075 2075 2150 2148 2149 2151 2152 
2150 2149 2152 2151 2153 2154 2152 2151 2154 
2154 2153 2155 2156 2157 2158 2156 2078 2077 
2156 2077 2157 2157 2077 2159 2145 2077 2070 
2159 2077 2145 2076 2079 2149 2080 2149 2079 
2151 2149 2080 2081 2151 2080 2153 2151 2081 
2082 2160 2161 2081 2082 2161 2081 2161 2155 
2081 2155 2153 2161 2160 2162 2083 2156 2158 
2083 2158 2084 2084 2158 2163 2078 2156 2083 
2082 2085 2160 2086 2164 2165 2085 2086 2165 
2085 2165 2162 2085 2162 2160 2164 2166 2167 
2165 2164 2167 2166 2168 2169 2167 2166 2169 
2169 2168 2170 2087 2171 2172 2088 2087 2172 
2163 2087 2084 2171 2087 2163 2086 2089 2164 
2091 2164 2089 2166 2164 2091 2092 2166 2091 
2092 2173 2166 2173 2168 2166 2174 2170 2168 
2173 2174 2168 2088 2172 2093 2172 2175 2093 
2092 2095 2173 2173 2095 2096 2173 2096 2174 
2174 2096 2176 2093 2175 2177 2097 2093 2177 
2177 2099 2097 2178 2099 2177 2179 2180 2181 
2179 2182 2183 2181 2182 2179 2183 2184 2185 
2182 2184 2183 2185 2186 2187 2184 2186 2185 
2187 2188 2189 2186 2188 2187 2189 2190 2191 
2188 2190 2189 2191 2102 2101 2191 2190 2102 
2190 2192 2102 2176 2096 2102 2192 2176 2102 
2099 2178 2193 2103 2099 2193 2193 2105 2103 
2194 2105 2193 2195 2196 2197 2195 2108 2107 
2195 2197 2108 2197 2198 2108 2180 2179 2109 
2180 2109 2198 2198 2109 2108 2110 2109 2179 
2183 2110 2179 2111 2110 2183 2185 2111 2183 
2112 2111 2185 2187 2112 2185 2113 2112 2187 
2189 2113 2187 2114 2113 2189 2191 2114 2189 
2101 2114 2191 2105 2194 2199 2116 2105 2199 
2199 2118 2116 2200 2118 2199 2201 2202 2203 
2201 2204 2205 2203 2204 2201 2205 2121 2120 
2205 2204 2121 2204 2206 2121 2196 2195 2122 
2196 2122 2206 2206 2122 2121 2107 2122 2195 
2118 2200 2207 2124 2118 2207 2126 2124 2208 
2124 2207 2208 2128 2126 2209 2126 2208 2209 
2130 2128 2210 2128 2209 2210 2202 2201 2132 
2202 2132 2210 2210 2132 2130 2134 2132 2201 
2205 2134 2201 2120 2134 2205 2211 2212 2213 
2211 2137 2136 2211 2136 2212 2212 2136 2214 
2138 2215 2136 2136 2215 2214 2139 2216 2138 
2138 2216 2215 2140 2217 2139 2139 2217 2216 
2142 2218 2140 2140 2218 2217 2218 2142 2143 
2219 2218 2143 2220 2221 2222 2220 2145 2144 
2220 2144 2221 2221 2144 2223 2213 2146 2211 
2213 2223 2146 2223 2144 2146 2137 2211 2146 
2143 2224 2219 2147 2224 2143 2148 2225 2147 
2147 2225 2224 2150 2226 2148 2148 2226 2225 
2152 2227 2150 2150 2227 2226 2154 2228 2152 
2152 2228 2227 2155 2229 2230 2155 2230 2154 
2154 2230 2228 2230 2229 2231 2157 2232 2233 
2158 2157 2233 2222 2159 2220 2222 2232 2159 
2232 2157 2159 2145 2220 2159 2155 2161 2229 
2162 2234 2235 2161 2162 2235 2161 2235 2231 
2161 2231 2229 2234 2236 2237 2235 2234 2237 
2236 2238 2239 2237 2236 2239 2239 2238 2240 
2158 2233 2163 2233 2241 2163 2162 2165 2234 
2167 2234 2165 2236 2234 2167 2169 2236 2167 
2238 2236 2169 2238 2169 2170 2238 2170 2240 
2240 2170 2242 2171 2243 2244 2172 2171 2244 
2241 2171 2163 2243 2171 2241 2245 2174 2246 
2245 2242 2174 2242 2170 2174 2245 2246 2247 
2248 2249 2175 2248 2175 2244 2244 2175 2172 
2248 2250 2249 2251 2252 2253 2251 2254 2255 
2253 2254 2251 2255 2256 2257 2254 2256 2255 
2257 2258 2259 2256 2258 2257 2259 2260 2261 
2258 2260 2259 2260 2262 2261 2246 2263 2264 
2246 2174 2263 2174 2176 2263 2247 2246 2264 
2175 2249 2177 2178 2265 2266 2177 2265 2178 
2177 2250 2265 2177 2249 2250 2265 2267 2266 
2268 2269 2270 2268 2271 2272 2270 2271 2268 
2272 2181 2180 2272 2271 2181 2271 2273 2181 
2252 2251 2182 2252 2182 2273 2273 2182 2181 
2184 2182 2251 2255 2184 2251 2186 2184 2255 
2257 2186 2255 2188 2186 2257 2259 2188 2257 
2190 2188 2259 2261 2190 2259 2261 2262 2274 
2261 2274 2190 2190 2274 2192 2263 2176 2192 
2274 2263 2192 2178 2266 2193 2194 2275 2276 
2193 2275 2194 2193 2267 2275 2193 2266 2267 
2275 2277 2276 2278 2279 2280 2278 2281 2282 
2280 2281 2278 2269 2282 2281 2268 2282 2269 
2268 2196 2282 2268 2197 2196 2198 2197 2268 
2272 2198 2268 2180 2198 2272 2194 2276 2199 
2200 2283 2284 2199 2283 2200 2199 2277 2283 
2199 2276 2277 2284 2285 2286 2283 2285 2284 
2286 2287 2288 2285 2287 2286 2288 2289 2290 
2287 2289 2288 2290 2203 2202 2290 2289 2203 
2289 2291 2203 2279 2278 2204 2279 2204 2291 
2291 2204 2203 2206 2204 2278 2282 2206 2278 
2196 2206 2282 2200 2284 2207 2208 2207 2284 
2286 2208 2284 2209 2208 2286 2288 2209 2286 
2210 2209 2288 2290 2210 2288 2202 2210 2290 
2212 2292 2213 2293 2292 2212 2293 2212 2294 
2294 2212 2214 2215 2295 2214 2214 2295 2294 
2216 2296 2215 2215 2296 2295 2217 2297 2216 
2216 2297 2296 2218 2298 2217 2217 2298 2297 
2219 2299 2300 2219 2300 2218 2218 2300 2298 
2300 2299 2301 2302 2303 2304 2303 2302 2305 
2221 2306 2307 2222 2221 2307 2223 2308 2221 
2221 2308 2306 2292 2223 2213 2292 2309 2223 
2309 2308 2223 2293 2309 2292 2219 2224 2299 
2299 2310 2301 2299 2224 2310 2224 2225 2310 
2304 2226 2302 2304 2310 2226 2310 2225 2226 
2302 2311 2305 2302 2226 2311 2226 2227 2311 
2228 2312 2227 2227 2312 2311 2230 2313 2228 
2228 2313 2312 2231 2314 2315 2231 2315 2230 
2230 2315 2313 2314 2316 2317 2315 2314 2317 
2316 2318 2319 2317 2316 2319 2319 2318 2320 
2232 2321 2322 2233 2232 2322 2307 2232 2222 
2321 2232 2307 2231 2235 2314 2237 2314 2235 
2316 2314 2237 2239 2316 2237 2318 2316 2239 
2240 2323 2324 2239 2240 2324 2239 2324 2320 
2239 2320 2318 2324 2323 2325 2233 2322 2241 
2322 2326 2241 2323 2242 2327 2240 2242 2323 
2328 2325 2323 2327 2328 2323 2243 2329 2244 
2243 2330 2329 2243 2241 2330 2241 2326 2330 
2242 2245 2327 2247 2331 2332 2245 2247 2332 
2245 2332 2328 2245 2328 2327 2332 2331 2333 
2244 2329 2248 2329 2250 2248 2329 2330 2250 
2330 2334 2250 2335 2336 2337 2335 2338 2339 
2337 2338 2335 2339 2253 2252 2339 2338 2253 
2338 2340 2253 2254 2253 2341 2253 2340 2341 
2256 2254 2342 2254 2341 2342 2258 2256 2343 
2256 2342 2343 2260 2258 2344 2258 2343 2344 
2262 2345 2346 2262 2260 2345 2260 2344 2345 
2346 2264 2263 2346 2345 2264 2345 2347 2264 
2331 2247 2264 2331 2264 2348 2348 2264 2347 
2333 2331 2348 2250 2334 2349 2265 2250 2349 
2349 2267 2265 2350 2267 2349 2351 2352 2353 
2351 2270 2269 2351 2353 2270 2353 2354 2270 
2336 2335 2271 2336 2271 2354 2354 2271 2270 
2273 2271 2335 2339 2273 2335 2252 2273 2339 
2262 2346 2274 2263 2274 2346 2267 2350 2355 
2275 2267 2355 2355 2277 2275 2356 2277 2355 
2357 2358 2359 2357 2360 2361 2359 2360 2357 
2361 2280 2279 2361 2360 2280 2360 2362 2280 
2352 2351 2281 2352 2281 2362 2362 2281 2280 
2269 2281 2351 2277 2356 2363 2283 2277 2363 
2285 2283 2364 2283 2363 2364 2287 2285 2365 
2285 2364 2365 2358 2357 2289 2358 2289 2365 
2365 2289 2287 2291 2289 2357 2361 2291 2357 
2279 2291 2361 2366 2367 2368 2367 2366 2369 
2370 2371 2372 2370 2293 2294 2370 2294 2371 
2371 2294 2373 2295 2374 2294 2294 2374 2373 
2368 2296 2366 2368 2374 2296 2374 2295 2296 
2366 2375 2369 2366 2296 2375 2296 2297 2375 
2298 2376 2297 2297 2376 2375 2300 2377 2298 
2298 2377 2376 2301 2378 2379 2301 2379 2300 
2300 2379 2377 2378 2304 2303 2378 2303 2379 
2379 2303 2380 2305 2381 2382 2305 2382 2303 
2303 2382 2380 2381 2383 2384 2382 2381 2384 
2383 2385 2386 2384 2383 2386 2386 2385 2387 
2306 2388 2389 2307 2306 2389 2308 2390 2306 
2306 2390 2388 2372 2309 2370 2372 2390 2309 
2390 2308 2309 2293 2370 2309 2301 2310 2378 
2304 2378 2310 2305 2311 2381 2312 2381 2311 
2383 2381 2312 2313 2383 2312 2385 2383 2313 
2385 2391 2387 2385 2313 2391 2313 2315 2391 
2317 2392 2315 2315 2392 2391 2319 2393 2317 
2317 2393 2392 2320 2394 2395 2320 2395 2319 
2319 2395 2393 2394 2396 2397 2395 2394 2397 
2397 2396 2398 2321 2399 2400 2322 2321 2400 
2389 2321 2307 2399 2321 2389 2320 2324 2394 
2325 2394 2324 2325 2401 2394 2401 2396 2394 
2402 2398 2396 2401 2402 2396 2322 2400 2326 
2400 2403 2326 2401 2328 2404 2325 2328 2401 
2405 2402 2401 2405 2401 2406 2406 2401 2404 
2405 2406 2407 2326 2403 2330 2403 2408 2330 
2409 2410 2411 2409 2412 2413 2411 2412 2409 
2413 2414 2415 2412 2414 2413 2415 2416 2417 
2414 2416 2415 2417 2418 2419 2416 2418 2417 
2419 2420 2421 2418 2420 2419 2421 2422 2423 
2420 2422 2421 2422 2424 2423 2425 2328 2332 
2425 2426 2328 2404 2328 2427 2427 2328 2426 
2427 2428 2406 2427 2406 2404 2332 2333 2425 
2407 2406 2428 2330 2408 2334 2408 2429 2334 
2430 2431 2432 2430 2433 2434 2432 2433 2430 
2434 2337 2336 2434 2433 2337 2433 2435 2337 
2410 2409 2338 2410 2338 2435 2435 2338 2337 
2340 2338 2409 2413 2340 2409 2341 2340 2413 
2415 2341 2413 2342 2341 2415 2417 2342 2415 
2343 2342 2417 2419 2343 2417 2344 2343 2419 
2421 2344 2419 2345 2344 2421 2423 2345 2421 
2423 2424 2436 2423 2436 2345 2345 2436 2347 
2426 2425 2348 2426 2348 2436 2436 2348 2347 
2333 2348 2425 2334 2429 2437 2349 2334 2437 
2350 2438 2439 2350 2349 2438 2349 2437 2438 
2438 2440 2439 2441 2442 2443 2441 2444 2445 
2443 2444 2441 2445 2446 2447 2444 2446 2445 
2431 2447 2446 2430 2447 2431 2430 2352 2447 
2430 2353 2352 2354 2353 2430 2434 2354 2430 
2336 2354 2434 2350 2439 2355 2356 2448 2449 
2355 2448 2356 2355 2440 2448 2355 2439 2440 
2449 2450 2451 2448 2450 2449 2451 2452 2453 
2450 2452 2451 2442 2453 2452 2441 2453 2442 
2441 2358 2453 2441 2359 2358 2360 2359 2441 
2445 2360 2441 2362 2360 2445 2447 2362 2445 
2352 2362 2447 2356 2449 2363 2364 2363 2449 
2451 2364 2449 2365 2364 2451 2453 2365 2451 
2358 2365 2453 2454 2455 2456 2454 2368 2367 
2454 2367 2455 2455 2367 2457 2369 2458 2459 
2369 2459 2367 2367 2459 2457 2458 2460 2461 
2459 2458 2461 2461 2460 2462 2371 2463 2464 
2372 2371 2464 2373 2465 2371 2371 2465 2463 
2456 2374 2454 2456 2465 2374 2465 2373 2374 
2368 2454 2374 2369 2375 2458 2376 2458 2375 
2460 2458 2376 2460 2466 2462 2460 2376 2466 
2376 2377 2466 2379 2467 2377 2377 2467 2466 
2380 2468 2379 2379 2468 2467 2382 2469 2380 
2380 2469 2468 2384 2470 2382 2382 2470 2469 
2386 2471 2384 2384 2471 2470 2387 2472 2473 
2387 2473 2386 2386 2473 2471 2472 2474 2475 
2473 2472 2475 2474 2476 2477 2475 2474 2477 
2476 2478 2479 2477 2476 2479 2479 2478 2480 
2388 2481 2482 2389 2388 2482 2390 2483 2388 
2388 2483 2481 2464 2390 2372 2483 2390 2464 
2387 2391 2472 2392 2472 2391 2474 2472 2392 
2393 2474 2392 2476 2474 2393 2395 2476 2393 
2478 2476 2395 2478 2484 2480 2478 2395 2484 
2395 2397 2484 2398 2485 2486 2398 2486 2397 
2397 2486 2484 2486 2485 2487 2399 2488 2489 
2400 2399 2489 2482 2399 2389 2488 2399 2482 
2485 2402 2490 2398 2402 2485 2491 2487 2485 
2490 2491 2485 2400 2489 2403 2489 2492 2403 
2493 2494 2495 2493 2496 2497 2495 2496 2493 
2497 2498 2499 2496 2498 2497 2499 2500 2501 
2498 2500 2499 2501 2502 2503 2500 2502 2501 
2502 2504 2503 2402 2405 2490 2407 2505 2506 
2405 2407 2506 2405 2506 2491 2405 2491 2490 
2506 2505 2507 2403 2492 2408 2492 2508 2408 
2509 2510 2511 2509 2512 2513 2511 2512 2509 
2513 2411 2410 2513 2512 2411 2512 2514 2411 
2494 2493 2412 2494 2412 2514 2514 2412 2411 
2414 2412 2493 2497 2414 2493 2416 2414 2497 
2499 2416 2497 2418 2416 2499 2501 2418 2499 
2420 2418 2501 2503 2420 2501 2503 2504 2515 
2503 2515 2420 2420 2515 2422 2424 2516 2517 
2424 2422 2516 2422 2515 2516 2517 2427 2426 
2517 2516 2427 2516 2518 2427 2428 2427 2519 
2427 2518 2519 2505 2407 2428 2505 2428 2520 
2520 2428 2519 2507 2505 2520 2521 2522 2429 
2521 2429 2508 2508 2429 2408 2521 2523 2522 
2524 2525 2526 2524 2527 2528 2526 2527 2524 
2528 2432 2431 2528 2527 2432 2527 2529 2432 
2510 2509 2433 2510 2433 2529 2529 2433 2432 
2435 2433 2509 2513 2435 2509 2410 2435 2513 
2424 2517 2436 2426 2436 2517 2429 2522 2437 
2522 2523 2530 2522 2530 2437 2437 2530 2438 
2440 2531 2532 2440 2438 2531 2438 2530 2531 
2532 2533 2534 2531 2533 2532 2534 2535 2536 
2533 2535 2534 2536 2443 2442 2536 2535 2443 
2535 2537 2443 2525 2524 2444 2525 2444 2537 
2537 2444 2443 2446 2444 2524 2528 2446 2524 
2431 2446 2528 2440 2532 2448 2450 2448 2532 
2534 2450 2532 2452 2450 2534 2536 2452 2534 
2442 2452 2536 2455 2538 2539 2456 2455 2539 
2457 2540 2455 2455 2540 2538 2459 2541 2457 
2457 2541 2540 2461 2542 2459 2459 2542 2541 
2462 2543 2544 2462 2544 2461 2461 2544 2542 
2543 2545 2546 2544 2543 2546 2545 2547 2548 
2546 2545 2548 2547 2549 2550 2548 2547 2550 
2549 2551 2552 2550 2549 2552 2551 2553 2554 
2552 2551 2554 2553 2555 2556 2554 2553 2556 
2556 2555 2557 2558 2559 2560 2558 2464 2463 
2558 2463 2559 2559 2463 2561 2465 2562 2463 
2463 2562 2561 2539 2465 2456 2562 2465 2539 
2462 2466 2543 2467 2543 2466 2545 2543 2467 
2468 2545 2467 2547 2545 2468 2469 2547 2468 
2549 2547 2469 2470 2549 2469 2551 2549 2470 
2471 2551 2470 2553 2551 2471 2473 2553 2471 
2555 2553 2473 2555 2563 2557 2555 2473 2563 
2473 2475 2563 2477 2564 2475 2475 2564 2563 
2479 2565 2477 2477 2565 2564 2480 2566 2567 
2480 2567 2479 2479 2567 2565 2566 2568 2569 
2567 2566 2569 2569 2568 2570 2481 2571 2572 
2482 2481 2572 2560 2483 2558 2560 2571 2483 
2571 2481 2483 2464 2558 2483 2480 2484 2566 
2486 2566 2484 2568 2566 2486 2487 2573 2574 
2486 2487 2574 2486 2574 2570 2486 2570 2568 
2573 2575 2576 2574 2573 2576 2576 2575 2577 
2488 2578 2579 2489 2488 2579 2572 2488 2482 
2578 2488 2572 2573 2491 2580 2487 2491 2573 
2575 2573 2581 2581 2573 2580 2582 2577 2575 
2581 2582 2575 2489 2579 2492 2579 2583 2492 
2584 2585 2586 2584 2587 2588 2586 2587 2584 
2588 2495 2494 2588 2587 2495 2587 2589 2495 
2496 2495 2590 2495 2589 2590 2498 2496 2591 
2496 2590 2591 2500 2498 2592 2498 2591 2592 
2502 2500 2593 2500 2592 2593 2504 2594 2595 
2504 2502 2594 2502 2593 2594 2594 2596 2595 
2597 2491 2506 2597 2598 2491 2580 2491 2599 
2599 2491 2598 2599 2600 2581 2599 2581 2580 
2506 2507 2597 2582 2581 2600 2492 2583 2508 
2583 2601 2508 2602 2603 2604 2602 2511 2510 
2602 2604 2511 2604 2605 2511 2585 2584 2512 
2585 2512 2605 2605 2512 2511 2514 2512 2584 
2588 2514 2584 2494 2514 2588 2504 2595 2515 
2595 2596 2606 2595 2606 2515 2515 2606 2516 
2518 2516 2607 2516 2606 2607 2519 2518 2608 
2518 2607 2608 2598 2597 2520 2598 2520 2608 
2608 2520 2519 2507 2520 2597 2508 2601 2609 
2521 2508 2609 2523 2610 2611 2523 2521 2610 
2521 2609 2610 2611 2612 2613 2610 2612 2611 
2613 2614 2615 2612 2614 2613 2615 2616 2617 
2614 2616 2615 2617 2618 2619 2616 2618 2617 
2619 2526 2525 2619 2618 2526 2618 2620 2526 
2527 2526 2621 2526 2620 2621 2603 2602 2529 
2603 2529 2621 2621 2529 2527 2510 2529 2602 
2523 2611 2530 2531 2530 2611 2613 2531 2611 
2533 2531 2613 2615 2533 2613 2535 2533 2615 
2617 2535 2615 2537 2535 2617 2619 2537 2617 
2525 2537 2619 2622 2623 2624 2622 2625 2626 
2623 2622 2626 2625 2627 2628 2626 2625 2628 
2627 2629 2630 2628 2627 2630 2629 2631 2632 
2630 2629 2632 2632 2631 2633 2634 2635 2636 
2635 2634 2637 2638 2639 2640 2638 2539 2538 
2638 2538 2639 2639 2538 2641 2624 2540 2622 
2624 2641 2540 2641 2538 2540 2541 2622 2540 
2625 2622 2541 2542 2625 2541 2627 2625 2542 
2544 2627 2542 2629 2627 2544 2546 2629 2544 
2631 2629 2546 2631 2642 2633 2631 2546 2642 
2546 2548 2642 2550 2643 2548 2548 2643 2642 
2636 2552 2634 2636 2643 2552 2643 2550 2552 
2634 2644 2637 2634 2552 2644 2552 2554 2644 
2556 2645 2554 2554 2645 2644 2557 2646 2647 
2557 2647 2556 2556 2647 2645 2646 2648 2649 
2647 2646 2649 2648 2650 2651 2649 2648 2651 
2650 2652 2653 2651 2650 2653 2652 2654 2655 
2653 2652 2655 2655 2654 2656 2559 2657 2658 
2560 2559 2658 2561 2659 2559 2559 2659 2657 
2640 2562 2638 2640 2659 2562 2659 2561 2562 
2539 2638 2562 2557 2563 2646 2564 2646 2563 
2648 2646 2564 2565 2648 2564 2650 2648 2565 
2567 2650 2565 2652 2650 2567 2569 2652 2567 
2654 2652 2569 2570 2660 2661 2569 2570 2661 
2569 2661 2656 2569 2656 2654 2660 2662 2663 
2661 2660 2663 2663 2662 2664 2571 2665 2666 
2572 2571 2666 2658 2571 2560 2665 2571 2658 
2570 2574 2660 2576 2660 2574 2662 2660 2576 
2577 2667 2668 2576 2577 2668 2576 2668 2664 
2576 2664 2662 2668 2667 2669 2578 2670 2579 
2578 2671 2670 2578 2572 2671 2572 2666 2671 
2672 2673 2674 2672 2675 2676 2674 2675 2672 
2676 2677 2678 2675 2677 2676 2678 2679 2680 
2677 2679 2678 2680 2681 2682 2679 2681 2680 
2681 2683 2682 2667 2684 2685 2667 2577 2684 
2577 2582 2684 2669 2667 2685 2670 2686 2583 
2579 2670 2583 2687 2670 2671 2686 2670 2687 
2688 2689 2690 2688 2586 2585 2688 2690 2586 
2690 2691 2586 2587 2586 2692 2586 2691 2692 
2673 2672 2589 2673 2589 2692 2692 2589 2587 
2590 2589 2672 2676 2590 2672 2591 2590 2676 
2678 2591 2676 2592 2591 2678 2680 2592 2678 
2593 2592 2680 2682 2593 2680 2682 2683 2693 
2682 2693 2593 2593 2693 2594 2596 2694 2695 
2596 2594 2694 2594 2693 2694 2695 2696 2697 
2694 2696 2695 2697 2698 2699 2696 2698 2697 
2699 2599 2598 2699 2698 2599 2698 2700 2599 
2600 2599 2701 2599 2700 2701 2684 2582 2600 
2701 2684 2600 2686 2702 2601 2583 2686 2601 
2703 2686 2687 2702 2686 2703 2704 2705 2706 
2704 2707 2708 2706 2707 2704 2708 2709 2710 
2707 2709 2708 2710 2604 2603 2710 2709 2604 
2709 2711 2604 2689 2688 2605 2689 2605 2711 
2711 2605 2604 2585 2605 2688 2596 2695 2606 
2607 2606 2695 2697 2607 2695 2608 2607 2697 
2699 2608 2697 2598 2608 2699 2601 2702 2609 
2702 2703 2712 2702 2712 2609 2609 2712 2610 
2612 2610 2713 2610 2712 2713 2614 2612 2714 
2612 2713 2714 2616 2614 2715 2614 2714 2715 
2705 2704 2618 2705 2618 2715 2715 2618 2616 
2620 2618 2704 2708 2620 2704 2621 2620 2708 
2710 2621 2708 2603 2621 2710 2716 2717 2718 
2716 2719 2720 2717 2716 2720 2719 2721 2722 
2720 2719 2722 2721 2723 2724 2722 2721 2724 
2723 2725 2726 2724 2723 2726 2726 2725 2727 
2728 2729 2730 2718 2729 2728 2716 2718 2728 
2716 2728 2624 2716 2624 2623 2626 2716 2623 
2719 2716 2626 2628 2719 2626 2721 2719 2628 
2630 2721 2628 2723 2721 2630 2632 2723 2630 
2725 2723 2632 2633 2731 2732 2632 2633 2732 
2632 2732 2727 2632 2727 2725 2731 2733 2734 
2732 2731 2734 2733 2636 2635 2733 2635 2734 
2734 2635 2735 2637 2736 2737 2637 2737 2635 
2635 2737 2735 2736 2738 2739 2737 2736 2739 
2738 2740 2741 2739 2738 2741 2741 2740 2742 
2639 2743 2744 2640 2639 2744 2730 2641 2728 
2730 2743 2641 2743 2639 2641 2624 2728 2641 
2633 2642 2731 2643 2731 2642 2733 2731 2643 
2636 2733 2643 2637 2644 2736 2645 2736 2644 
2738 2736 2645 2647 2738 2645 2740 2738 2647 
2740 2745 2742 2740 2647 2745 2647 2649 2745 
2651 2746 2649 2649 2746 2745 2653 2747 2651 
2651 2747 2746 2655 2748 2653 2653 2748 2747 
2656 2749 2750 2656 2750 2655 2655 2750 2748 
2749 2751 2752 2750 2749 2752 2751 2753 2754 
2752 2751 2754 2754 2753 2755 2657 2756 2757 
2658 2657 2757 2659 2758 2657 2657 2758 2756 
2744 2659 2640 2758 2659 2744 2656 2661 2749 
2663 2749 2661 2751 2749 2663 2664 2751 2663 
2664 2759 2751 2759 2753 2751 2760 2755 2753 
2759 2760 2753 2665 2761 2762 2666 2665 2762 
2757 2665 2658 2761 2665 2757 2664 2668 2759 
2759 2668 2669 2759 2669 2760 2760 2669 2763 
2666 2762 2671 2762 2764 2671 2765 2766 2767 
2765 2674 2673 2765 2767 2674 2767 2768 2674 
2675 2674 2769 2674 2768 2769 2677 2675 2770 
2675 2769 2770 2679 2677 2771 2677 2770 2771 
2681 2679 2772 2679 2771 2772 2683 2773 2774 
2683 2681 2773 2681 2772 2773 2773 2775 2774 
2776 2777 2778 2776 2685 2684 2776 2778 2685 
2778 2779 2685 2763 2669 2685 2779 2763 2685 
2671 2764 2687 2764 2780 2687 2781 2782 2783 
2781 2690 2689 2781 2783 2690 2783 2784 2690 
2691 2690 2785 2690 2784 2785 2766 2765 2692 
2766 2692 2785 2785 2692 2691 2673 2692 2765 
2683 2774 2693 2774 2775 2786 2774 2786 2693 
2693 2786 2694 2696 2694 2787 2694 2786 2787 
2698 2696 2788 2696 2787 2788 2700 2698 2789 
2698 2788 2789 2777 2776 2701 2777 2701 2789 
2789 2701 2700 2684 2701 2776 2790 2791 2703 
2790 2703 2780 2780 2703 2687 2791 2792 2793 
2790 2792 2791 2793 2794 2795 2792 2794 2793 
2795 2796 2797 2794 2796 2795 2797 2706 2705 
2797 2796 2706 2796 2798 2706 2707 2706 2799 
2706 2798 2799 2709 2707 2800 2707 2799 2800 
2782 2781 2711 2782 2711 2800 2800 2711 2709 
2689 2711 2781 2703 2791 2712 2713 2712 2791 
2793 2713 2791 2714 2713 2793 2795 2714 2793 
2715 2714 2795 2797 2715 2795 2705 2715 2797 
2801 2802 2803 2801 2804 2805 2802 2801 2805 
2804 2806 2807 2805 2804 2807 2806 2808 2809 
2807 2806 2809 2808 2810 2811 2809 2808 2811 
2811 2810 2812 2717 2813 2718 2801 2803 2814 
2801 2814 2717 2801 2717 2720 2813 2717 2814 
2722 2801 2720 2804 2801 2722 2724 2804 2722 
2806 2804 2724 2726 2806 2724 2808 2806 2726 
2727 2808 2726 2727 2815 2808 2815 2810 2808 
2816 2812 2810 2816 2810 2817 2817 2810 2815 
2817 2818 2819 2816 2817 2819 2818 2820 2821 
2819 2818 2821 2820 2822 2823 2821 2820 2823 
2823 2822 2824 2729 2825 2730 2729 2826 2825 
2718 2826 2729 2718 2827 2826 2718 2813 2827 
2814 2827 2813 2727 2732 2815 2734 2815 2732 
2817 2815 2734 2735 2817 2734 2818 2817 2735 
2737 2818 2735 2820 2818 2737 2739 2820 2737 
2822 2820 2739 2822 2828 2824 2822 2739 2828 
2739 2741 2828 2742 2829 2830 2742 2830 2741 
2741 2830 2828 2829 2831 2832 2830 2829 2832 
2831 2833 2834 2832 2831 2834 2833 2835 2836 
2834 2833 2836 2835 2837 2838 2836 2835 2838 
2838 2837 2839 2840 2841 2842 2843 2744 2743 
2844 2841 2840 2743 2845 2843 2730 2845 2743 
2730 2846 2845 2730 2825 2846 2826 2846 2825 
2742 2745 2829 2746 2829 2745 2831 2829 2746 
2747 2831 2746 2833 2831 2747 2748 2833 2747 
2835 2833 2748 2750 2835 2748 2837 2835 2750 
2837 2847 2839 2837 2750 2847 2750 2752 2847 
2754 2848 2752 2752 2848 2847 2848 2754 2755 
2849 2848 2755 2756 2850 2851 2757 2756 2851 
2842 2758 2840 2842 2850 2758 2850 2756 2758 
2840 2852 2844 2840 2758 2852 2843 2852 2744 
2744 2852 2758 2845 2852 2843 2853 2760 2854 
2853 2849 2760 2849 2755 2760 2853 2854 2855 
2761 2856 2857 2762 2761 2857 2851 2761 2757 
2856 2761 2851 2858 2859 2860 2858 2861 2862 
2860 2861 2858 2862 2863 2864 2861 2863 2862 
2864 2865 2866 2863 2865 2864 2866 2867 2868 
2865 2867 2866 2868 2869 2870 2867 2869 2868 
2869 2871 2870 2854 2872 2873 2854 2760 2872 
2760 2763 2872 2855 2854 2873 2762 2857 2764 
2857 2874 2764 2875 2876 2877 2875 2878 2879 
2877 2878 2875 2879 2767 2766 2879 2878 2767 
2878 2880 2767 2859 2858 2768 2859 2768 2880 
2880 2768 2767 2769 2768 2858 2862 2769 2858 
2770 2769 2862 2864 2770 2862 2771 2770 2864 
2866 2771 2864 2772 2771 2866 2868 2772 2866 
2773 2772 2868 2870 2773 2868 2775 2881 2882 
2773 2881 2775 2773 2871 2881 2773 2870 2871 
2882 2883 2884 2881 2883 2882 2884 2885 2886 
2883 2885 2884 2886 2887 2888 2885 2887 2886 
2888 2778 2777 2888 2887 2778 2887 2889 2778 
2779 2778 2890 2778 2889 2890 2872 2763 2779 
2890 2872 2779 2891 2892 2780 2891 2780 2874 
2874 2780 2764 2892 2893 2894 2891 2893 2892 
2894 2895 2896 2893 2895 2894 2896 2897 2898 
2895 2897 2896 2898 2899 2900 2897 2899 2898 
2900 2901 2902 2899 2901 2900 2902 2903 2904 
2901 2903 2902 2904 2783 2782 2904 2903 2783 
2903 2905 2783 2876 2875 2784 2876 2784 2905 
2905 2784 2783 2785 2784 2875 2879 2785 2875 
2766 2785 2879 2775 2882 2786 2787 2786 2882 
2884 2787 2882 2788 2787 2884 2886 2788 2884 
2789 2788 2886 2888 2789 2886 2777 2789 2888 
2780 2892 2790 2792 2790 2892 2894 2792 2892 
2794 2792 2894 2896 2794 2894 2796 2794 2896 
2898 2796 2896 2798 2796 2898 2900 2798 2898 
2799 2798 2900 2902 2799 2900 2800 2799 2902 
2904 2800 2902 2782 2800 2904 2906 2907 2908 
2906 2909 2910 2907 2906 2910 2909 2911 2912 
2910 2909 2912 2911 2913 2914 2912 2911 2914 
2913 2915 2916 2914 2913 2916 2915 2917 2918 
2916 2915 2918 2918 2917 2919 2802 2920 2921 
2803 2802 2921 2908 2805 2906 2908 2920 2805 
2920 2802 2805 2807 2906 2805 2909 2906 2807 
2809 2909 2807 2911 2909 2809 2811 2911 2809 
2913 2911 2811 2812 2913 2811 2812 2922 2913 
2922 2915 2913 2917 2915 2923 2923 2915 2922 
2924 2919 2917 2924 2917 2925 2925 2917 2923 
2925 2926 2927 2924 2925 2927 2927 2926 2928 
2803 2921 2814 2921 2929 2814 2812 2816 2922 
2819 2922 2816 2923 2922 2819 2821 2923 2819 
2925 2923 2821 2823 2925 2821 2926 2925 2823 
2824 2930 2931 2823 2824 2931 2823 2931 2928 
2823 2928 2926 2930 2932 2933 2931 2930 2933 
2932 2934 2935 2933 2932 2935 2934 2936 2937 
2935 2934 2937 2936 2938 2939 2937 2936 2939 
2938 2940 2941 2939 2938 2941 2941 2940 2942 
2827 2943 2944 2826 2827 2944 2929 2827 2814 
2943 2827 2929 2824 2828 2930 2830 2930 2828 
2932 2930 2830 2832 2932 2830 2934 2932 2832 
2834 2934 2832 2936 2934 2834 2836 2936 2834 
2938 2936 2836 2838 2938 2836 2940 2938 2838 
2839 2945 2946 2838 2839 2946 2838 2946 2942 
2838 2942 2940 2946 2945 2947 2841 2948 2949 
2842 2841 2949 2948 2841 2844 2950 2948 2844 
2846 2951 2952 2845 2846 2952 2944 2846 2826 
2951 2846 2944 2839 2847 2945 2945 2953 2947 
2945 2847 2953 2847 2848 2953 2849 2954 2955 
2849 2955 2848 2848 2955 2953 2955 2954 2956 
2850 2957 2958 2851 2850 2958 2949 2850 2842 
2957 2850 2949 2844 2959 2950 2852 2959 2844 
2952 2852 2845 2959 2852 2952 2960 2961 2962 
2960 2963 2964 2962 2963 2960 2964 2965 2966 
2963 2965 2964 2965 2967 2966 2849 2853 2954 
2954 2853 2855 2954 2855 2956 2956 2855 2968 
2856 2969 2970 2857 2856 2970 2958 2856 2851 
2969 2856 2958 2971 2972 2973 2971 2860 2859 
2971 2973 2860 2973 2974 2860 2861 2860 2975 
2860 2974 2975 2961 2960 2863 2961 2863 2975 
2975 2863 2861 2865 2863 2960 2964 2865 2960 
2867 2865 2964 2966 2867 2964 2966 2967 2976 
2966 2976 2867 2867 2976 2869 2871 2977 2978 
2871 2869 2977 2869 2976 2977 2977 2979 2978 
2980 2981 2982 2980 2873 2872 2980 2982 2873 
2982 2983 2873 2968 2855 2873 2983 2968 2873 
2984 2985 2874 2984 2874 2970 2970 2874 2857 
2985 2986 2987 2984 2986 2985 2986 2988 2987 
2989 2990 2991 2989 2877 2876 2989 2991 2877 
2991 2992 2877 2878 2877 2993 2877 2992 2993 
2972 2971 2880 2972 2880 2993 2993 2880 2878 
2859 2880 2971 2871 2978 2881 2978 2979 2994 
2978 2994 2881 2881 2994 2883 2885 2883 2995 
2883 2994 2995 2887 2885 2996 2885 2995 2996 
2889 2887 2997 2887 2996 2997 2981 2980 2890 
2981 2890 2997 2997 2890 2889 2872 2890 2980 
2874 2985 2891 2893 2891 2985 2987 2893 2985 
2987 2988 2998 2987 2998 2893 2893 2998 2895 
2897 2895 2999 2895 2998 2999 2899 2897 3000 
2897 2999 3000 2901 2899 3001 2899 3000 3001 
2903 2901 3002 2901 3001 3002 2990 2989 2905 
2990 2905 3002 3002 2905 2903 2876 2905 2989 
3003 3004 3005 3003 3006 3007 3004 3003 3007 
3007 3006 3008 3009 3010 3011 3009 3012 3013 
3010 3009 3013 3012 3014 3015 3013 3012 3015 
3014 3016 3017 3015 3014 3017 3005 3017 3016 
3005 3016 3003 3003 3016 3018 3006 3003 3019 
3019 3003 3018 3020 3008 3006 3020 3006 3021 
3021 3006 3019 3021 3022 3023 3020 3021 3023 
3022 3024 3025 3023 3022 3025 3025 3024 3026 
2907 3009 3011 2907 3011 2908 2908 3011 3027 
2910 3009 2907 3012 3009 2910 2912 3012 2910 
3014 3012 2912 2914 3014 2912 3016 3014 2914 
2916 3016 2914 3018 3016 2916 2918 3018 2916 
3019 3018 2918 2919 3019 2918 2919 3028 3019 
3028 3021 3019 3022 3021 3029 3029 3021 3028 
3024 3022 3030 3030 3022 3029 3031 3026 3024 
3031 3024 3032 3032 3024 3030 3032 3033 3034 
3031 3032 3034 3034 3033 3035 2920 3036 3037 
2921 2920 3037 3027 2920 2908 3036 2920 3027 
2919 2924 3028 2927 3028 2924 3029 3028 2927 
2928 3029 2927 2928 3038 3029 3038 3030 3029 
3032 3030 3039 3039 3030 3038 3033 3032 3040 
3040 3032 3039 3041 3035 3033 3041 3033 3042 
3042 3033 3040 3042 3043 3044 3041 3042 3044 
3043 3045 3046 3044 3043 3046 3046 3045 3047 
3048 3049 3050 3048 3037 3049 3048 2929 3037 
2929 2921 3037 2928 2931 3038 2933 3038 2931 
3039 3038 2933 2935 3039 2933 3040 3039 2935 
2937 3040 2935 3042 3040 2937 2939 3042 2937 
3043 3042 2939 2941 3043 2939 3045 3043 2941 
3045 2941 2942 3045 2942 3047 3047 2942 3051 
2943 3048 3050 2943 3050 2944 2944 3050 3052 
2929 3048 2943 2942 3053 3051 2946 3053 2942 
3053 2946 2947 3054 3053 2947 2948 3055 3056 
2949 2948 3056 3055 2948 2950 3057 3055 2950 
2951 3058 3059 2952 2951 3059 3052 2951 2944 
3058 2951 3052 2947 3060 3054 2953 3060 2947 
2955 3061 2953 2953 3061 3060 3061 2955 2956 
3062 3061 2956 2957 3063 3064 2958 2957 3064 
3056 2957 2949 3063 2957 3056 2950 3065 3057 
2959 3065 2950 3059 2959 2952 3065 2959 3059 
3066 3067 3068 3066 3069 3070 3068 3069 3066 
3070 2962 2961 3070 3069 2962 3069 3071 2962 
2963 2962 3072 2962 3071 3072 2965 2963 3073 
2963 3072 3073 2967 3074 3075 2967 2965 3074 
2965 3073 3074 3074 3076 3075 3077 3078 3079 
3077 3079 3062 3077 3062 2968 2968 3062 2956 
2969 3080 2970 3081 2958 3064 3081 3080 2958 
3081 3082 3080 3080 2969 2958 3081 3083 3082 
3084 3085 3086 3084 3087 3088 3086 3087 3084 
3088 2973 2972 3088 3087 2973 3087 3089 2973 
3067 3066 2974 3067 2974 3089 3089 2974 2973 
2975 2974 3066 3070 2975 3066 2961 2975 3070 
2967 3075 2976 3075 3076 3090 3075 3090 2976 
2976 3090 2977 2979 3091 3092 2979 2977 3091 
2977 3090 3091 3092 3093 3094 3091 3093 3092 
3094 3095 3096 3093 3095 3094 3096 3097 3098 
3095 3097 3096 3098 2982 2981 3098 3097 2982 
3097 3099 2982 3078 3077 2983 3078 2983 3099 
3099 2983 2982 2968 2983 3077 2970 3080 2984 
2986 2984 3080 3082 2986 3080 2988 3100 3101 
2986 3100 2988 2986 3083 3100 2986 3082 3083 
3101 3102 3103 3100 3102 3101 3103 3104 3105 
3102 3104 3103 3105 3106 3107 3104 3106 3105 
3107 3108 3109 3106 3108 3107 3109 2991 2990 
3109 3108 2991 3108 3110 2991 3085 3084 2992 
3085 2992 3110 3110 2992 2991 2993 2992 3084 
3088 2993 3084 2972 2993 3088 2979 3092 2994 
2995 2994 3092 3094 2995 3092 2996 2995 3094 
3096 2996 3094 2997 2996 3096 3098 2997 3096 
2981 2997 3098 2988 3101 2998 2999 2998 3101 
3103 2999 3101 3000 2999 3103 3105 3000 3103 
3001 3000 3105 3107 3001 3105 3002 3001 3107 
3109 3002 3107 2990 3002 3109 3111 3112 3113 
3111 3114 3115 3112 3111 3115 3114 3116 3117 
3115 3114 3117 3116 3118 3119 3117 3116 3119 
3118 3120 3121 3119 3118 3121 3120 3122 3123 
3121 3120 3123 3123 3122 3124 3125 3126 3127 
3113 3126 3125 3113 3125 3111 3111 3125 3128 
3114 3111 3129 3129 3111 3128 3116 3114 3130 
3130 3114 3129 3118 3116 3131 3131 3116 3130 
3120 3118 3132 3132 3118 3131 3122 3120 3133 
3133 3120 3132 3134 3124 3122 3134 3122 3135 
3135 3122 3133 3135 3136 3137 3134 3135 3137 
3137 3136 3138 3139 3140 3141 3127 3140 3139 
3127 3139 3125 3125 3139 3142 3128 3125 3143 
3143 3125 3142 3129 3128 3144 3144 3128 3143 
3130 3129 3145 3145 3129 3144 3131 3130 3146 
3146 3130 3145 3132 3131 3147 3147 3131 3146 
3133 3132 3148 3148 3132 3147 3135 3133 3149 
3149 3133 3148 3136 3135 3150 3150 3135 3149 
3151 3138 3136 3150 3151 3136 3152 3153 3154 
3152 3155 3156 3153 3152 3156 3141 3156 3155 
3141 3155 3139 3139 3155 3157 3004 3157 3005 
3004 3142 3157 3142 3139 3157 3007 3142 3004 
3143 3142 3007 3008 3143 3007 3008 3158 3143 
3158 3144 3143 3145 3144 3159 3159 3144 3158 
3146 3145 3160 3160 3145 3159 3147 3146 3161 
3161 3146 3160 3148 3147 3162 3162 3147 3161 
3149 3148 3163 3163 3148 3162 3150 3149 3164 
3164 3149 3163 3165 3151 3150 3165 3150 3166 
3166 3150 3164 3165 3166 3167 3010 3168 3169 
3011 3010 3169 3154 3013 3152 3154 3168 3013 
3168 3010 3013 3015 3152 3013 3155 3152 3015 
3017 3155 3015 3157 3155 3017 3005 3157 3017 
3008 3020 3158 3023 3158 3020 3159 3158 3023 
3025 3159 3023 3160 3159 3025 3026 3160 3025 
3026 3170 3160 3170 3161 3160 3162 3161 3171 
3171 3161 3170 3163 3162 3172 3172 3162 3171 
3164 3163 3173 3173 3163 3172 3166 3164 3174 
3174 3164 3173 3175 3167 3166 3174 3175 3166 
3011 3169 3027 3169 3176 3027 3026 3031 3170 
3034 3170 3031 3171 3170 3034 3035 3171 3034 
3035 3177 3171 3177 3172 3171 3173 3172 3178 
3178 3172 3177 3174 3173 3179 3179 3173 3178 
3180 3175 3174 3180 3174 3181 3181 3174 3179 
3180 3181 3182 3036 3183 3184 3037 3036 3184 
3176 3036 3027 3183 3036 3176 3035 3041 3177 
3044 3177 3041 3178 3177 3044 3046 3178 3044 
3179 3178 3046 3047 3179 3046 3047 3185 3179 
3185 3181 3179 3186 3182 3181 3185 3186 3181 
3049 3187 3188 3050 3049 3188 3184 3049 3037 
3187 3049 3184 3185 3051 3189 3047 3051 3185 
3190 3186 3185 3189 3190 3185 3050 3188 3052 
3188 3191 3052 3051 3053 3189 3054 3192 3193 
3053 3054 3193 3053 3193 3190 3053 3190 3189 
3193 3192 3194 3055 3195 3056 3055 3057 3195 
3058 3196 3197 3059 3058 3197 3191 3058 3052 
3196 3058 3191 3198 3199 3200 3198 3201 3202 
3200 3201 3198 3202 3203 3204 3201 3203 3202 
3204 3205 3206 3203 3205 3204 3206 3207 3208 
3205 3207 3206 3208 3209 3210 3207 3209 3208 
3209 3211 3210 3054 3060 3192 3192 3212 3194 
3192 3060 3212 3060 3061 3212 3212 3061 3062 
3213 3212 3062 3063 3214 3064 3063 3056 3195 
3063 3195 3214 3214 3195 3215 3057 3215 3195 
3057 3216 3215 3057 3065 3216 3216 3217 3215 
3197 3065 3059 3216 3065 3197 3218 3219 3220 
3218 3068 3067 3218 3220 3068 3220 3221 3068 
3199 3198 3069 3199 3069 3221 3221 3069 3068 
3071 3069 3198 3202 3071 3198 3072 3071 3202 
3204 3072 3202 3073 3072 3204 3206 3073 3204 
3074 3073 3206 3208 3074 3206 3076 3074 3208 
3076 3208 3222 3222 3208 3210 3223 3210 3211 
3223 3224 3210 3224 3222 3210 3224 3225 3226 
3223 3225 3224 3226 3227 3228 3225 3227 3226 
3227 3229 3228 3230 3231 3232 3230 3079 3078 
3230 3232 3079 3232 3233 3079 3213 3062 3079 
3233 3213 3079 3064 3214 3081 3083 3081 3214 
3083 3214 3234 3234 3214 3215 3235 3215 3217 
3234 3215 3235 3236 3237 3238 3236 3239 3240 
3238 3239 3236 3240 3086 3085 3240 3239 3086 
3239 3241 3086 3087 3086 3242 3086 3241 3242 
3219 3218 3089 3219 3089 3242 3242 3089 3087 
3067 3089 3218 3076 3222 3090 3091 3090 3222 
3224 3091 3222 3093 3091 3224 3226 3093 3224 
3095 3093 3226 3228 3095 3226 3228 3229 3243 
3228 3243 3095 3095 3243 3097 3231 3230 3099 
3231 3099 3243 3243 3099 3097 3078 3099 3230 
3083 3234 3100 3234 3235 3244 3234 3244 3100 
3100 3244 3102 3104 3102 3245 3102 3244 3245 
3106 3104 3246 3104 3245 3246 3237 3236 3108 
3237 3108 3246 3246 3108 3106 3110 3108 3236 
3240 3110 3236 3085 3110 3240 3247 3248 3249 
3247 3250 3251 3248 3247 3251 3250 3252 3253 
3251 3250 3253 3253 3252 3254 3255 3256 3257 
3255 3258 3259 3256 3255 3259 3249 3259 3258 
3247 3249 3258 3247 3258 3113 3247 3113 3112 
3115 3247 3112 3250 3247 3115 3117 3250 3115 
3252 3250 3117 3252 3260 3254 3252 3117 3260 
3117 3119 3260 3121 3261 3119 3119 3261 3260 
3123 3262 3121 3121 3262 3261 3124 3263 3264 
3124 3264 3123 3123 3264 3262 3264 3263 3265 
3266 3267 3268 3257 3267 3266 3257 3266 3255 
3255 3266 3269 3126 3269 3127 3126 3258 3269 
3258 3255 3269 3113 3258 3126 3124 3134 3263 
3263 3270 3265 3263 3134 3270 3134 3137 3270 
3138 3271 3272 3138 3272 3137 3137 3272 3270 
3271 3273 3274 3272 3271 3274 3274 3273 3275 
3276 3277 3278 3268 3277 3276 3268 3276 3266 
3266 3276 3279 3140 3279 3141 3140 3269 3279 
3269 3266 3279 3127 3269 3140 3271 3151 3280 
3138 3151 3271 3273 3271 3281 3281 3271 3280 
3282 3275 3273 3282 3273 3283 3283 3273 3281 
3283 3284 3285 3282 3283 3285 3285 3284 3286 
3153 3276 3278 3153 3278 3154 3154 3278 3287 
3156 3276 3153 3279 3276 3156 3141 3279 3156 
3151 3165 3280 3167 3280 3165 3167 3288 3280 
3288 3281 3280 3283 3281 3289 3289 3281 3288 
3284 3283 3290 3290 3283 3289 3291 3286 3284 
3291 3284 3292 3292 3284 3290 3291 3292 3293 
3168 3294 3295 3169 3168 3295 3287 3168 3154 
3294 3168 3287 3288 3175 3296 3167 3175 3288 
3289 3288 3297 3297 3288 3296 3298 3299 3290 
3298 3290 3297 3297 3290 3289 3292 3290 3299 
3300 3292 3299 3293 3292 3300 3301 3302 3303 
3301 3295 3302 3301 3176 3295 3176 3169 3295 
3175 3180 3296 3182 3296 3180 3182 3304 3296 
3304 3297 3296 3305 3298 3297 3304 3305 3297 
3183 3301 3303 3183 3303 3184 3184 3303 3306 
3176 3301 3183 3304 3307 3308 3304 3182 3307 
3182 3186 3307 3305 3304 3308 3187 3309 3310 
3188 3187 3310 3306 3187 3184 3309 3187 3306 
3311 3312 3313 3311 3313 3307 3311 3307 3190 
3190 3307 3186 3188 3310 3191 3310 3314 3191 
3315 3316 3317 3315 3318 3319 3317 3318 3315 
3319 3320 3321 3318 3320 3319 3321 3322 3323 
3320 3322 3321 3323 3324 3325 3322 3324 3323 
3325 3326 3327 3324 3326 3325 3326 3328 3327 
3311 3329 3312 3330 3331 3329 3193 3330 3329 
3193 3329 3311 3193 3311 3190 3193 3194 3330 
3196 3332 3333 3197 3196 3333 3314 3196 3191 
3332 3196 3314 3334 3335 3336 3334 3200 3199 
3334 3336 3200 3336 3337 3200 3316 3315 3201 
3316 3201 3337 3337 3201 3200 3203 3201 3315 
3319 3203 3315 3205 3203 3319 3321 3205 3319 
3207 3205 3321 3323 3207 3321 3209 3207 3323 
3325 3209 3323 3211 3209 3325 3211 3325 3338 
3338 3325 3327 3339 3327 3328 3339 3340 3327 
3340 3338 3327 3340 3341 3342 3339 3341 3340 
3342 3343 3344 3341 3343 3342 3331 3344 3343 
3331 3330 3344 3330 3345 3344 3194 3212 3346 
3194 3346 3330 3330 3346 3345 3212 3213 3346 
3216 3347 3217 3216 3348 3347 3216 3197 3348 
3197 3333 3348 3349 3350 3351 3349 3352 3353 
3351 3352 3349 3353 3354 3355 3352 3354 3353 
3355 3220 3219 3355 3354 3220 3354 3356 3220 
3335 3334 3221 3335 3221 3356 3356 3221 3220 
3199 3221 3334 3211 3338 3223 3225 3223 3338 
3340 3225 3338 3227 3225 3340 3342 3227 3340 
3229 3227 3342 3229 3342 3357 3357 3342 3344 
3232 3231 3357 3232 3357 3345 3345 3357 3344 
3233 3232 3345 3346 3233 3345 3213 3233 3346 
3347 3358 3235 3217 3347 3235 3359 3347 3348 
3359 3360 3347 3360 3358 3347 3360 3361 3362 
3359 3361 3360 3362 3238 3237 3362 3361 3238 
3361 3363 3238 3350 3349 3239 3350 3239 3363 
3363 3239 3238 3241 3239 3349 3353 3241 3349 
3242 3241 3353 3355 3242 3353 3219 3242 3355 
3229 3357 3243 3231 3243 3357 3235 3358 3244 
3245 3244 3358 3360 3245 3358 3246 3245 3360 
3362 3246 3360 3237 3246 3362 3364 3365 3366 
3364 3367 3368 3365 3364 3368 3367 3369 3370 
3368 3367 3370 3369 3249 3248 3369 3248 3370 
3370 3248 3371 3251 3372 3248 3248 3372 3371 
3253 3373 3251 3251 3373 3372 3373 3253 3254 
3374 3373 3254 3375 3364 3366 3376 3375 3366 
3256 3375 3257 3256 3367 3375 3367 3364 3375 
3259 3367 3256 3369 3367 3259 3249 3369 3259 
3254 3377 3374 3260 3377 3254 3261 3378 3260 
3260 3378 3377 3262 3379 3261 3261 3379 3378 
3264 3380 3262 3262 3380 3379 3265 3381 3382 
3265 3382 3264 3264 3382 3380 3382 3381 3383 
3384 3385 3386 3376 3385 3384 3375 3376 3384 
3375 3384 3268 3375 3268 3267 3257 3375 3267 
3265 3270 3381 3381 3387 3383 3381 3270 3387 
3270 3272 3387 3274 3388 3272 3272 3388 3387 
3275 3389 3390 3275 3390 3274 3274 3390 3388 
3390 3389 3391 3277 3384 3386 3277 3386 3278 
3278 3386 3392 3268 3384 3277 3275 3282 3389 
3389 3393 3391 3389 3282 3393 3282 3285 3393 
3286 3394 3395 3286 3395 3285 3285 3395 3393 
3395 3394 3396 3397 3398 3399 3397 3392 3398 
3397 3287 3392 3287 3278 3392 3400 3286 3291 
3400 3401 3286 3394 3286 3402 3402 3286 3401 
3394 3402 3396 3291 3293 3400 3294 3397 3399 
3294 3399 3295 3295 3399 3403 3287 3397 3294 
3299 3298 3404 3400 3405 3401 3400 3299 3405 
3400 3300 3299 3404 3405 3299 3293 3300 3400 
3302 3406 3407 3303 3302 3407 3403 3302 3295 
3406 3302 3403 3404 3305 3408 3298 3305 3404 
3409 3405 3404 3408 3409 3404 3303 3407 3306 
3407 3410 3306 3411 3412 3413 3411 3414 3415 
3413 3414 3411 3415 3416 3417 3414 3416 3415 
3416 3418 3417 3308 3419 3420 3307 3419 3308 
3408 3305 3308 3408 3308 3421 3421 3308 3420 
3409 3408 3421 3309 3422 3310 3309 3423 3422 
3309 3306 3423 3306 3410 3423 3424 3425 3426 
3424 3427 3428 3426 3427 3424 3428 3429 3430 
3427 3429 3428 3412 3430 3429 3412 3411 3430 
3411 3431 3430 3415 3432 3411 3432 3431 3411 
3417 3433 3415 3433 3432 3415 3434 3417 3418 
3434 3435 3417 3435 3433 3417 3435 3436 3437 
3434 3436 3435 3437 3313 3312 3437 3436 3313 
3436 3438 3313 3419 3307 3313 3438 3419 3313 
3422 3439 3440 3422 3440 3310 3310 3440 3314 
3423 3439 3422 3441 3442 3443 3441 3444 3445 
3443 3444 3441 3425 3445 3444 3424 3445 3425 
3424 3316 3445 3424 3317 3316 3318 3317 3424 
3428 3318 3424 3320 3318 3428 3430 3320 3428 
3322 3320 3430 3431 3322 3430 3324 3322 3431 
3432 3324 3431 3326 3324 3432 3433 3326 3432 
3328 3326 3433 3328 3433 3446 3446 3433 3435 
3437 3447 3435 3447 3446 3435 3312 3329 3448 
3312 3448 3437 3437 3448 3447 3329 3331 3448 
3332 3449 3333 3332 3450 3449 3332 3314 3450 
3314 3440 3450 3451 3452 3453 3451 3454 3455 
3453 3454 3451 3442 3455 3454 3441 3455 3442 
3441 3335 3455 3441 3336 3335 3337 3336 3441 
3445 3337 3441 3316 3337 3445 3328 3446 3339 
3341 3339 3446 3447 3341 3446 3343 3341 3447 
3448 3343 3447 3331 3343 3448 3449 3456 3348 
3333 3449 3348 3457 3449 3450 3457 3458 3449 
3458 3456 3449 3458 3459 3460 3457 3459 3458 
3460 3351 3350 3460 3459 3351 3459 3461 3351 
3352 3351 3462 3351 3461 3462 3452 3451 3354 
3452 3354 3462 3462 3354 3352 3356 3354 3451 
3455 3356 3451 3335 3356 3455 3348 3456 3359 
3361 3359 3456 3458 3361 3456 3363 3361 3458 
3460 3363 3458 3350 3363 3460 3365 3463 3464 
3366 3365 3464 3368 3465 3365 3365 3465 3463 
3370 3466 3368 3368 3466 3465 3371 3467 3370 
3370 3467 3466 3468 3469 3467 3468 3467 3372 
3372 3467 3371 3372 3373 3470 3468 3372 3470 
3373 3374 3470 3471 3472 3473 3471 3464 3472 
3471 3376 3464 3376 3366 3464 3468 3474 3469 
3470 3474 3468 3475 3474 3470 3374 3475 3470 
3374 3377 3475 3377 3476 3475 3378 3477 3377 
3377 3477 3476 3379 3478 3378 3378 3478 3477 
3380 3479 3379 3379 3479 3478 3480 3481 3479 
3480 3479 3382 3382 3479 3380 3382 3383 3480 
3385 3471 3473 3385 3473 3386 3386 3473 3482 
3376 3471 3385 3480 3483 3481 3383 3483 3480 
3383 3387 3483 3387 3484 3483 3388 3485 3387 
3387 3485 3484 3390 3486 3388 3388 3486 3485 
3391 3487 3488 3391 3488 3390 3390 3488 3486 
3488 3487 3489 3490 3491 3492 3490 3482 3491 
3490 3392 3482 3392 3386 3482 3391 3393 3487 
3487 3493 3489 3487 3393 3493 3393 3395 3493 
3493 3395 3396 3494 3493 3396 3398 3490 3492 
3398 3492 3399 3399 3492 3495 3392 3490 3398 
3402 3496 3497 3401 3496 3402 3494 3396 3402 
3497 3494 3402 3498 3499 3500 3498 3495 3499 
3498 3403 3495 3403 3399 3495 3501 3502 3503 
3503 3504 3501 3401 3405 3496 3496 3405 3505 
3406 3498 3500 3406 3500 3407 3407 3500 3506 
3403 3498 3406 3507 3508 3509 3507 3510 3511 
3509 3510 3507 3502 3511 3510 3502 3501 3511 
3501 3512 3511 3513 3501 3504 3513 3514 3501 
3514 3512 3501 3514 3515 3516 3513 3515 3514 
3516 3517 3518 3515 3517 3516 3517 3519 3518 
3520 3521 3522 3520 3523 3524 3522 3523 3520 
3524 3523 3505 3524 3505 3409 3409 3505 3405 
3407 3506 3410 3506 3525 3410 3526 3527 3528 
3526 3529 3530 3528 3529 3526 3508 3530 3529 
3508 3507 3530 3507 3531 3530 3413 3412 3531 
3413 3531 3511 3511 3531 3507 3414 3413 3511 
3512 3414 3511 3416 3414 3512 3514 3416 3512 
3418 3416 3514 3418 3514 3532 3532 3514 3516 
3518 3533 3516 3533 3532 3516 3534 3518 3519 
3534 3535 3518 3535 3533 3518 3521 3535 3534 
3520 3535 3521 3520 3419 3535 3520 3420 3419 
3421 3420 3520 3524 3421 3520 3409 3421 3524 
3410 3525 3423 3525 3536 3423 3537 3538 3539 
3537 3540 3541 3539 3540 3537 3527 3541 3540 
3526 3541 3527 3526 3425 3541 3526 3426 3425 
3427 3426 3526 3530 3427 3526 3429 3427 3530 
3531 3429 3530 3412 3429 3531 3418 3532 3434 
3436 3434 3532 3533 3436 3532 3438 3436 3533 
3535 3438 3533 3419 3438 3535 3439 3542 3543 
3440 3439 3543 3536 3439 3423 3542 3439 3536 
3544 3545 3546 3544 3547 3548 3546 3547 3544 
3548 3549 3550 3547 3549 3548 3538 3550 3549 
3537 3550 3538 3537 3442 3550 3537 3443 3442 
3444 3443 3537 3541 3444 3537 3425 3444 3541 
3551 3552 3450 3551 3450 3543 3543 3450 3440 
3552 3553 3554 3551 3553 3552 3554 3555 3556 
3553 3555 3554 3545 3556 3555 3545 3544 3556 
3544 3557 3556 3453 3452 3557 3453 3557 3548 
3548 3557 3544 3454 3453 3548 3550 3454 3548 
3442 3454 3550 3450 3552 3457 3459 3457 3552 
3554 3459 3552 3461 3459 3554 3556 3461 3554 
3462 3461 3556 3557 3462 3556 3452 3462 3557 
3558 3559 3560 3559 3558 3561 3463 3562 3563 
3464 3463 3563 3560 3465 3558 3560 3562 3465 
3562 3463 3465 3558 3564 3561 3558 3465 3564 
3465 3466 3564 3565 3566 3564 3565 3564 3467 
3467 3564 3466 3467 3469 3565 3472 3567 3568 
3473 3472 3568 3563 3472 3464 3567 3472 3563 
3569 3566 3565 3570 3566 3569 3469 3474 3571 
3469 3571 3565 3565 3571 3569 3474 3475 3572 
3571 3474 3572 3475 3476 3573 3572 3475 3573 
3476 3477 3574 3573 3476 3574 3477 3478 3575 
3574 3477 3575 3478 3479 3576 3575 3478 3576 
3479 3481 3576 3577 3578 3579 3577 3568 3578 
3577 3482 3568 3482 3473 3568 3569 3580 3570 
3571 3580 3569 3581 3580 3571 3572 3581 3571 
3582 3581 3572 3573 3582 3572 3583 3582 3573 
3574 3583 3573 3584 3583 3574 3575 3584 3574 
3585 3584 3575 3576 3585 3575 3586 3585 3576 
3481 3586 3576 3481 3483 3586 3483 3587 3586 
3484 3588 3483 3483 3588 3587 3485 3589 3484 
3484 3589 3588 3486 3590 3485 3485 3590 3589 
3591 3592 3590 3591 3590 3488 3488 3590 3486 
3488 3489 3591 3491 3577 3579 3491 3579 3492 
3492 3579 3593 3482 3577 3491 3591 3594 3592 
3595 3596 3594 3493 3595 3594 3493 3594 3591 
3493 3591 3489 3493 3494 3595 3492 3593 3495 
3593 3597 3495 3598 3599 3600 3598 3601 3602 
3600 3601 3598 3602 3603 3604 3601 3603 3602 
3604 3605 3606 3603 3605 3604 3605 3607 3606 
3608 3609 3610 3608 3611 3612 3610 3611 3608 
3596 3612 3611 3595 3612 3596 3595 3496 3612 
3595 3497 3496 3494 3497 3595 3499 3613 3614 
3500 3499 3614 3597 3499 3495 3613 3499 3597 
3615 3616 3617 3599 3615 3617 3599 3598 3615 
3598 3618 3615 3602 3619 3598 3619 3618 3598 
3503 3502 3619 3503 3619 3604 3604 3619 3602 
3504 3503 3604 3504 3604 3620 3620 3604 3606 
3621 3606 3607 3621 3622 3606 3622 3620 3606 
3622 3623 3624 3621 3623 3622 3624 3625 3626 
3623 3625 3624 3609 3626 3625 3609 3608 3626 
3608 3627 3626 3612 3628 3608 3628 3627 3608 
3496 3505 3628 3612 3496 3628 3500 3614 3506 
3614 3629 3506 3630 3631 3632 3616 3630 3632 
3616 3615 3630 3615 3633 3630 3509 3508 3633 
3509 3633 3618 3618 3633 3615 3510 3509 3618 
3619 3510 3618 3502 3510 3619 3504 3620 3513 
3515 3513 3620 3622 3515 3620 3517 3515 3622 
3624 3517 3622 3519 3517 3624 3519 3624 3634 
3634 3624 3626 3522 3521 3634 3522 3634 3627 
3627 3634 3626 3523 3522 3627 3628 3523 3627 
3505 3523 3628 3506 3629 3525 3629 3635 3525 
3636 3637 3638 3636 3639 3640 3638 3639 3636 
3640 3641 3642 3639 3641 3640 3631 3642 3641 
3630 3642 3631 3630 3527 3642 3630 3528 3527 
3529 3528 3630 3633 3529 3630 3508 3529 3633 
3519 3634 3534 3521 3534 3634 3525 3635 3536 
3635 3643 3536 3644 3645 3646 3644 3647 3648 
3646 3647 3644 3648 3649 3650 3647 3649 3648 
3637 3650 3649 3637 3636 3650 3636 3651 3650 
3539 3538 3651 3539 3651 3640 3640 3651 3636 
3540 3539 3640 3642 3540 3640 3527 3540 3642 
3542 3652 3543 3653 3536 3643 3653 3652 3536 
3653 3654 3652 3652 3542 3536 3645 3654 3653 
3645 3644 3654 3644 3655 3654 3546 3545 3655 
3546 3655 3648 3648 3655 3644 3547 3546 3648 
3650 3547 3648 3549 3547 3650 3651 3549 3650 
3538 3549 3651 3543 3652 3551 3553 3551 3652 
3654 3553 3652 3555 3553 3654 3655 3555 3654 
3545 3555 3655 3559 3656 3560 3559 3561 3656 
3562 3657 3658 3563 3562 3658 3656 3562 3560 
3656 3659 3562 3659 3657 3562 3660 3661 3659 
3564 3660 3659 3564 3659 3656 3564 3656 3561 
3564 3566 3660 3567 3662 3663 3568 3567 3663 
3658 3567 3563 3662 3567 3658 3664 3661 3660 
3665 3661 3664 3566 3570 3664 3660 3566 3664 
3578 3666 3667 3579 3578 3667 3663 3578 3568 
3666 3578 3663 3668 3669 3670 3665 3668 3670 
3665 3664 3668 3664 3671 3668 3570 3580 3672 
3570 3672 3664 3664 3672 3671 3580 3581 3673 
3672 3580 3673 3581 3582 3674 3673 3581 3674 
3582 3583 3675 3674 3582 3675 3583 3584 3676 
3675 3583 3676 3584 3585 3677 3676 3584 3677 
3585 3586 3678 3677 3585 3678 3679 3678 3586 
3679 3586 3680 3680 3586 3587 3588 3681 3587 
3587 3681 3680 3589 3682 3588 3588 3682 3681 
3683 3684 3682 3683 3682 3590 3590 3682 3589 
3590 3592 3683 3579 3667 3593 3667 3685 3593 
3686 3669 3668 3687 3669 3686 3671 3688 3668 
3688 3686 3668 3672 3689 3671 3689 3688 3671 
3673 3690 3672 3690 3689 3672 3674 3691 3673 
3691 3690 3673 3675 3692 3674 3692 3691 3674 
3676 3693 3675 3693 3692 3675 3677 3694 3676 
3694 3693 3676 3678 3695 3677 3695 3694 3677 
3696 3678 3679 3696 3697 3678 3697 3695 3678 
3696 3698 3697 3699 3684 3683 3700 3684 3699 
3592 3594 3701 3592 3701 3683 3683 3701 3699 
3594 3596 3701 3593 3685 3597 3685 3702 3597 
3686 3703 3687 3703 3704 3705 3703 3686 3704 
3686 3688 3704 3689 3706 3688 3706 3704 3688 
3690 3707 3689 3707 3706 3689 3691 3708 3690 
3708 3707 3690 3600 3599 3708 3600 3708 3692 
3692 3708 3691 3601 3600 3692 3693 3601 3692 
3603 3601 3693 3694 3603 3693 3605 3603 3694 
3695 3605 3694 3607 3605 3695 3607 3695 3709 
3709 3695 3697 3710 3697 3698 3710 3711 3697 
3711 3709 3697 3711 3712 3713 3710 3712 3711 
3700 3713 3712 3699 3713 3700 3699 3609 3713 
3699 3610 3609 3611 3610 3699 3701 3611 3699 
3596 3611 3701 3613 3714 3715 3614 3613 3715 
3702 3613 3597 3714 3613 3702 3716 3717 3718 
3705 3716 3718 3705 3704 3716 3704 3719 3716 
3706 3720 3704 3720 3719 3704 3707 3721 3706 
3721 3720 3706 3617 3616 3721 3617 3721 3708 
3708 3721 3707 3599 3617 3708 3607 3709 3621 
3623 3621 3709 3711 3623 3709 3625 3623 3711 
3713 3625 3711 3609 3625 3713 3614 3715 3629 
3715 3722 3629 3723 3724 3725 3723 3726 3727 
3725 3726 3723 3727 3728 3729 3726 3728 3727 
3717 3729 3728 3717 3716 3729 3716 3730 3729 
3719 3731 3716 3731 3730 3716 3720 3732 3719 
3732 3731 3719 3632 3631 3732 3632 3732 3721 
3721 3732 3720 3616 3632 3721 3629 3722 3635 
3722 3733 3635 3734 3724 3723 3735 3724 3734 
3727 3736 3723 3736 3734 3723 3729 3737 3727 
3737 3736 3727 3638 3637 3737 3638 3737 3730 
3730 3737 3729 3639 3638 3730 3731 3639 3730 
3641 3639 3731 3732 3641 3731 3631 3641 3732 
3738 3739 3643 3738 3643 3733 3733 3643 3635 
3735 3739 3738 3734 3739 3735 3734 3645 3739 
3734 3646 3645 3647 3646 3734 3736 3647 3734 
3649 3647 3736 3737 3649 3736 3637 3649 3737 
3643 3739 3653 3645 3653 3739 3657 3740 3658 
3657 3659 3741 3740 3657 3741 3659 3661 3741 
3662 3742 3663 3662 3743 3742 3658 3743 3662 
3658 3744 3743 3658 3740 3744 3744 3745 3746 
3744 3740 3745 3740 3741 3745 3661 3665 3745 
3741 3661 3745 3666 3747 3667 3666 3748 3747 
3663 3748 3666 3663 3749 3748 3663 3742 3749 
3749 3750 3751 3749 3742 3750 3752 3750 3743 
3743 3750 3742 3746 3750 3752 3745 3750 3746 
3745 3669 3750 3745 3670 3669 3665 3670 3745 
3680 3753 3679 3680 3681 3754 3753 3680 3754 
3681 3682 3755 3754 3681 3755 3682 3684 3755 
3747 3756 3757 3747 3757 3667 3667 3757 3685 
3756 3758 3759 3756 3747 3758 3760 3758 3748 
3748 3758 3747 3751 3758 3760 3751 3750 3758 
3750 3761 3758 3669 3687 3761 3750 3669 3761 
3679 3753 3696 3698 3696 3753 3698 3753 3762 
3762 3753 3754 3755 3763 3754 3763 3762 3754 
3684 3700 3763 3755 3684 3763 3685 3757 3702 
3757 3764 3702 3758 3765 3759 3765 3766 3767 
3765 3758 3766 3758 3761 3766 3687 3703 3768 
3687 3768 3761 3761 3768 3766 3703 3705 3768 
3698 3762 3710 3712 3710 3762 3763 3712 3762 
3700 3712 3763 3714 3769 3715 3770 3702 3764 
3770 3769 3702 3770 3771 3769 3769 3714 3702 
3771 3772 3773 3770 3772 3771 3767 3773 3772 
3767 3766 3773 3766 3774 3773 3718 3717 3774 
3718 3774 3768 3768 3774 3766 3705 3718 3768 
3769 3775 3722 3715 3769 3722 3725 3724 3775 
3725 3775 3771 3771 3775 3769 3726 3725 3771 
3773 3726 3771 3728 3726 3773 3774 3728 3773 
3717 3728 3774 3775 3776 3733 3722 3775 3733 
3724 3735 3776 3775 3724 3776 3733 3776 3738 
3735 3738 3776 3744 3777 3743 3744 3746 3777 
3749 3778 3748 3752 3743 3777 3751 3778 3749 
3746 3752 3777 3756 3779 3757 3760 3748 3778 
3759 3779 3756 3751 3760 3778 3779 3780 3781 
3779 3781 3757 3757 3781 3764 3782 3783 3780 
3765 3782 3780 3765 3780 3779 3765 3779 3759 
3765 3767 3782 3764 3781 3784 3770 3764 3784 
3783 3782 3772 3783 3772 3784 3784 3772 3770 
3767 3772 3782 3780 3785 3781 3780 3783 3785 
3781 3785 3784 3783 3784 3785 
CELL_DATA 7568
SCALARS Scalars float
LOOKUP_TABLE default
1 1 1 1 1 1 1 1 1 
1 1 1 1 1 1 1 1 1 
1 1 1 1 1 1 1 1 1 
1 1 1 1 1 1 1 1 1 
1 1 1 1 1 1 1 1 1 
1 1 1 1 1 1 1 1 1 
1 1 1 1 1 1 1 1 1 
1 1 1 1 1 1 1 1 1 
1 1 1 1 1 1 1 1 1 
1 1 1 1 1 1 1 1 1 
1 1 1 1 1 1 1 1 1 
1 1 1 1 1 1 1 1 1 
1 1 1 1 1 1 1 1 1 
1 1 1 1 1 1 1 1 1 
1 1 1 1 1 1 1 1 1 
1 1 1 1 1 1 1 1 1 
1 1 1 1 1 1 1 1 1 
1 1 1 1 1 1 1 1 1 
1 1 1 1 1 1 1 1 1 
1 1 1 1 1 1 1 1 1 
1 1 1 1 1 1 1 1 1 
1 1 1 1 1 1 1 1 1 
1 1 1 1 1 1 1 1 1 
1 1 1 1 1 1 1 1 1 
1 1 1 1 1 1 1 1 1 
1 1 1 1 1 1 1 1 1 
1 1 1 1 1 1 1 1 1 
1 1 1 1 1 1 1 1 1 
1 1 1 1 1 1 1 1 1 
1 1 1 1 1 1 1 1 1 
1 1 1 1 1 1 1 1 1 
1 1 1 1 1 1 1 1 1 
1 1 1 1 1 1 1 1 1 
1 1 1 1 1 1 1 1 1 
1 1 1 1 1 1 1 1 1 
1 1 1 1 1 1 1 1 1 
1 1 1 1 1 1 1 1 1 
1 1 1 1 1 1 1 1 1 
1 1 1 1 1 1 1 1 1 
1 1 1 1 1 1 1 1 1 
1 1 1 1 1 1 1 1 1 
1 1 1 1 1 1 1 1 1 
1 1 1 1 1 1 1 1 1 
1 1 1 1 1 1 1 1 1 
1 1 1 1 1 1 1 1 1 
1 1 1 1 1 1 1 1 1 
1 1 1 1 1 1 1 1 1 
1 1 1 1 1 1 1 1 1 
1 1 1 1 1 1 1 1 1 
1 1 1 1 1 1 1 1 1 
1 1 1 1 1 1 1 1 1 
1 1 1 1 1 1 1 1 1 
1 1 1 1 1 1 1 1 1 
1 1 1 1 1 1 1 1 1 
1 1 1 1 1 1 1 1 1 
1 1 1 1 1 1 1 1 1 
1 1 1 1 1 1 1 1 1 
1 1 1 1 1 1 1 1 1 
1 1 1 1 1 1 1 1 1 
1 1 1 1 1 1 1 1 1 
1 1 1 1 1 1 1 1 1 
1 1 1 1 1 1 1 1 1 
1 1 1 1 1 1 1 1 1 
1 1 1 1 1 1 1 1 1 
1 1 1 1 1 1 1 1 1 
1 1 1 1 1 1 1 1 1 
1 1 1 1 1 1 1 1 1 
1 1 1 1 1 1 1 1 1 
1 1 1 1 1 1 1 1 1 
1 1 1 1 1 1 1 1 1 
1 1 1 1 1 1 1 1 1 
1 1 1 1 1 1 1 1 1 
1 1 1 1 1 1 1 1 1 
1 1 1 1 1 1 1 1 1 
1 1 1 1 1 1 1 1 1 
1 1 1 1 1 1 1 1 1 
1 1 1 1 1 1 1 1 1 
1 1 1 1 1 1 1 1 1 
1 1 1 1 1 1 1 1 1 
1 1 1 1 1 1 1 1 1 
1 1 1 1 1 1 1 1 1 
1 1 1 1 1 1 1 1 1 
1 1 1 1 1 1 1 1 1 
1 1 1 1 1 1 1 1 1 
1 1 1 1 1 1 1 1 1 
1 1 1 1 1 1 1 1 1 
1 1 1 1 1 1 1 1 1 
1 1 1 1 1 1 1 1 1 
1 1 1 1 1 1 1 1 1 
1 1 1 1 1 1 1 1 1 
1 1 1 1 1 1 1 1 1 
1 1 1 1 1 1 1 1 1 
1 1 1 1 1 1 1 1 1 
1 1 1 1 1 1 1 1 1 
1 1 1 1 1 1 1 1 1 
1 1 1 1 1 1 1 1 1 
1 1 1 1 1 1 1 1 1 
1 1 1 1 1 1 1 1 1 
1 1 1 1 1 1 1 1 1 
1 1 1 1 1 1 1 1 1 
1 1 1 1 1 1 1 1 1 
1 1 1 1 1 1 1 1 1 
1 1 1 1 1 1 1 1 1 
1 1 1 1 1 1 1 1 1 
1 1 1 1 1 1 1 1 1 
1 1 1 1 1 1 1 1 1 
1 1 1 1 1 1 1 1 1 
1 1 1 1 1 1 1 1 1 
1 1 1 1 1 1 1 1 1 
1 1 1 1 1 1 1 1 1 
1 1 1 1 1 1 1 1 1 
1 1 1 1 1 1 1 1 1 
1 1 1 1 1 1 1 1 1 
1 1 1 1 1 1 1 1 1 
1 1 1 1 1 1 1 1 1 
1 1 1 1 1 1 1 1 1 
1 1 1 1 1 1 1 1 1 
1 1 1 1 1 1 1 1 1 
1 1 1 1 1 1 1 1 1 
1 1 1 1 1 1 1 1 1 
1 1 1 1 1 1 1 1 1 
1 1 1 1 1 1 1 1 1 
1 1 1 1 1 1 1 1 1 
1 1 1 1 1 1 1 1 1 
1 1 1 1 1 1 1 1 1 
1 1 1 1 1 1 1 1 1 
1 1 1 1 1 1 1 1 1 
1 1 1 1 1 1 1 1 1 
1 1 1 1 1 1 1 1 1 
1 1 1 1 1 1 1 1 1 
1 1 1 1 1 1 1 1 1 
1 1 1 1 1 1 1 1 1 
1 1 1 1 1 1 1 1 1 
1 1 1 1 1 1 1 1 1 
1 1 1 1 1 1 1 1 1 
1 1 1 1 1 1 1 1 1 
1 1 1 1 1 1 1 1 1 
1 1 1 1 1 1 1 1 1 
1 1 1 1 1 1 1 1 1 
1 1 1 1 1 1 1 1 1 
1 1 1 1 1 1 1 1 1 
1 1 1 1 1 1 1 1 1 
1 1 1 1 1 1 1 1 1 
1 1 1 1 1 1 1 1 1 
1 1 1 1 1 1 1 1 1 
1 1 1 1 1 1 1 1 1 
1 1 1 1 1 1 1 1 1 
1 1 1 1 1 1 1 1 1 
1 1 1 1 1 1 1 1 1 
1 1 1 1 1 1 1 1 1 
1 1 1 1 1 1 1 1 1 
1 1 1 1 1 1 1 1 1 
1 1 1 1 1 1 1 1 1 
1 1 1 1 1 1 1 1 1 
1 1 1 1 1 1 1 1 1 
1 1 1 1 1 1 1 1 1 
1 1 1 1 1 1 1 1 1 
1 1 1 1 1 1 1 1 1 
1 1 1 1 1 1 1 1 1 
1 1 1 1 1 1 1 1 1 
1 1 1 1 1 1 1 1 1 
1 1 1 1 1 1 1 1 1 
1 1 1 1 1 1 1 1 1 
1 1 1 1 1 1 1 1 1 
1 1 1 1 1 1 1 1 1 
1 1 1 1 1 1 1 1 1 
1 1 1 1 1 1 1 1 1 
1 1 1 1 1 1 1 1 1 
1 1 1 1 1 1 1 1 1 
1 1 1 1 1 1 1 1 1 
1 1 1 1 1 1 1 1 1 
1 1 1 1 1 1 1 1 1 
1 1 1 1 1 1 1 1 1 
1 1 1 1 1 1 1 1 1 
1 1 1 1 1 1 1 1 1 
1 1 1 1 1 1 1 1 1 
1 1 1 1 1 1 1 1 1 
1 1 1 1 1 1 1 1 1 
1 1 1 1 1 1 1 1 1 
1 1 1 1 1 1 1 1 1 
1 1 1 1 1 1 1 1 1 
1 1 1 1 1 1 1 1 1 
1 1 1 1 1 1 1 1 1 
1 1 1 1 1 1 1 1 1 
1 1 1 1 1 1 1 1 1 
1 1 1 1 1 1 1 1 1 
1 1 1 1 1 1 1 1 1 
1 1 1 1 1 1 1 1 1 
1 1 1 1 1 1 1 1 1 
1 1 1 1 1 1 1 1 1 
1 1 1 1 1 1 1 1 1 
1 1 1 1 1 1 1 1 1 
1 1 1 1 1 1 1 1 1 
1 1 1 1 1 1 1 1 1 
1 1 1 1 1 1 1 1 1 
1 1 1 1 1 1 1 1 1 
1 1 1 1 1 1 1 1 1 
1 1 1 1 1 1 1 1 1 
1 1 1 1 1 1 1 1 1 
1 1 1 1 1 1 1 1 1 
1 1 1 1 1 1 1 1 1 
1 1 1 1 1 1 1 1 1 
1 1 1 1 1 1 1 1 1 
1 1 1 1 1 1 1 1 1 
1 1 1 1 1 1 1 1 1 
1 1 1 1 1 1 1 1 1 
1 1 1 1 1 1 1 1 1 
1 1 1 1 1 1 1 1 1 
1 1 1 1 1 1 1 1 1 
1 1 1 1 1 1 1 1 1 
1 1 1 1 1 1 1 1 1 
1 1 1 1 1 1 1 1 1 
1 1 1 1 1 1 1 1 1 
1 1 1 1 1 1 1 1 1 
1 1 1 1 1 1 1 1 1 
1 1 1 1 1 1 1 1 1 
1 1 1 1 1 1 1 1 1 
1 1 1 1 1 1 1 1 1 
1 1 1 1 1 1 1 1 1 
1 1 1 1 1 1 1 1 1 
1 1 1 1 1 1 1 1 1 
1 1 1 1 1 1 1 1 1 
1 1 1 1 1 1 1 1 1 
1 1 1 1 1 1 1 1 1 
1 1 1 1 1 1 1 1 1 
1 1 1 1 1 1 1 1 1 
1 1 1 1 1 1 1 1 1 
1 1 1 1 1 1 1 1 1 
1 1 1 1 1 1 1 1 1 
1 1 1 1 1 1 1 1 1 
1 1 1 1 1 1 1 1 1 
1 1 1 1 1 1 1 1 1 
1 1 1 1 1 1 1 1 1 
1 1 1 1 1 1 1 1 1 
1 1 1 1 1 1 1 1 1 
1 1 1 1 1 1 1 1 1 
1 1 1 1 1 1 1 1 1 
1 1 1 1 1 1 1 1 1 
1 1 1 1 1 1 1 1 1 
1 1 1 1 1 1 1 1 1 
1 1 1 1 1 1 1 1 1 
1 1 1 1 1 1 1 1 1 
1 1 1 1 1 1 1 1 1 
1 1 1 1 1 1 1 1 1 
1 1 1 1 1 1 1 1 1 
1 1 1 1 1 1 1 1 1 
1 1 1 1 1 1 1 1 1 
1 1 1 1 1 1 1 1 1 
1 1 1 1 1 1 1 1 1 
1 1 1 1 1 1 1 1 1 
1 1 1 1 1 1 1 1 1 
1 1 1 1 1 1 1 1 1 
1 1 1 1 1 1 1 1 1 
1 1 1 1 1 1 1 1 1 
1 1 1 1 1 1 1 1 1 
1 1 1 1 1 1 1 1 1 
1 1 1 1 1 1 1 1 1 
1 1 1 1 1 1 1 1 1 
1 1 1 1 1 1 1 1 1 
1 1 1 1 1 1 1 1 1 
1 1 1 1 1 1 1 1 1 
1 1 1 1 1 1 1 1 1 
1 1 1 1 1 1 1 1 1 
1 1 1 1 1 1 1 1 1 
1 1 1 1 1 1 1 1 1 
1 1 1 1 1 1 1 1 1 
1 1 1 1 1 1 1 1 1 
1 1 1 1 1 1 1 1 1 
1 1 1 1 1 1 1 1 1 
1 1 1 1 1 1 1 1 1 
1 1 1 1 1 1 1 1 1 
1 1 1 1 1 1 1 1 1 
1 1 1 1 1 1 1 1 1 
1 1 1 1 1 1 1 1 1 
1 1 1 1 1 1 1 1 1 
1 1 1 1 1 1 1 1 1 
1 1 1 1 1 1 1 1 1 
1 1 1 1 1 1 1 1 1 
1 1 1 1 1 1 1 1 1 
1 1 1 1 1 1 1 1 1 
1 1 1 1 1 1 1 1 1 
1 1 1 1 1 1 1 1 1 
1 1 1 1 1 1 1 1 1 
1 1 1 1 1 1 1 1 1 
1 1 1 1 1 1 1 1 1 
1 1 1 1 1 1 1 1 1 
1 1 1 1 1 1 1 1 1 
1 1 1 1 1 1 1 1 1 
1 1 1 1 1 1 1 1 1 
1 1 1 1 1 1 1 1 1 
1 1 1 1 1 1 1 1 1 
1 1 1 1 1 1 1 1 1 
1 1 1 1 1 1 1 1 1 
1 1 1 1 1 1 1 1 1 
1 1 1 1 1 1 1 1 1 
1 1 1 1 1 1 1 1 1 
1 1 1 1 1 1 1 1 1 
1 1 1 1 1 1 1 1 1 
1 1 1 1 1 1 1 1 1 
1 1 1 1 1 1 1 1 1 
1 1 1 1 1 1 1 1 1 
1 1 1 1 1 1 1 1 1 
1 1 1 1 1 1 1 1 1 
1 1 1 1 1 1 1 1 1 
1 1 1 1 1 1 1 1 1 
1 1 1 1 1 1 1 1 1 
1 1 1 1 1 1 1 1 1 
1 1 1 1 1 1 1 1 1 
1 1 1 1 1 1 1 1 1 
1 1 1 1 1 1 1 1 1 
1 1 1 1 1 1 1 1 1 
1 1 1 1 1 1 1 1 1 
1 1 1 1 1 1 1 1 1 
1 1 1 1 1 1 1 1 1 
1 1 1 1 1 1 1 1 1 
1 1 1 1 1 1 1 1 1 
1 1 1 1 1 1 1 1 1 
1 1 1 1 1 1 1 1 1 
1 1 1 1 1 1 1 1 1 
1 1 1 1 1 1 1 1 1 
1 1 1 1 1 1 1 1 1 
1 1 1 1 1 1 1 1 1 
1 1 1 1 1 1 1 1 1 
1 1 1 1 1 1 1 1 1 
1 1 1 1 1 1 1 1 1 
1 1 1 1 1 1 1 1 1 
1 1 1 1 1 1 1 1 1 
1 1 1 1 1 1 1 1 1 
1 1 1 1 1 1 1 1 1 
1 1 1 1 1 1 1 1 1 
1 1 1 1 1 1 1 1 1 
1 1 1 1 1 1 1 1 1 
1 1 1 1 1 1 1 1 1 
1 1 1 1 1 1 1 1 1 
1 1 1 1 1 1 1 1 1 
1 1 1 1 1 1 1 1 1 
1 1 1 1 1 1 1 1 1 
1 1 1 1 1 1 1 1 1 
1 1 1 1 1 1 1 1 1 
1 1 1 1 1 1 1 1 1 
1 1 1 1 1 1 1 1 1 
1 1 1 1 1 1 1 1 1 
1 1 1 1 1 1 1 1 1 
1 1 1 1 1 1 1 1 1 
1 1 1 1 1 1 1 1 1 
1 1 1 1 1 1 1 1 1 
1 1 1 1 1 1 1 1 1 
1 1 1 1 1 1 1 1 1 
1 1 1 1 1 1 1 1 1 
1 1 1 1 1 1 1 1 1 
1 1 1 1 1 1 1 1 1 
1 1 1 1 1 1 1 1 1 
1 1 1 1 1 1 1 1 1 
1 1 1 1 1 1 1 1 1 
1 1 1 1 1 1 1 1 1 
1 1 1 1 1 1 1 1 1 
1 1 1 1 1 1 1 1 1 
1 1 1 1 1 1 1 1 1 
1 1 1 1 1 1 1 1 1 
1 1 1 1 1 1 1 1 1 
1 1 1 1 1 1 1 1 1 
1 1 1 1 1 1 1 1 1 
1 1 1 1 1 1 1 1 1 
1 1 1 1 1 1 1 1 1 
1 1 1 1 1 1 1 1 1 
1 1 1 1 1 1 1 1 1 
1 1 1 1 1 1 1 1 1 
1 1 1 1 1 1 1 1 1 
1 1 1 1 1 1 1 1 1 
1 1 1 1 1 1 1 1 1 
1 1 1 1 1 1 1 1 1 
1 1 1 1 1 1 1 1 1 
1 1 1 1 1 1 1 1 1 
1 1 1 1 1 1 1 1 1 
1 1 1 1 1 1 1 1 1 
1 1 1 1 1 1 1 1 1 
1 1 1 1 1 1 1 1 1 
1 1 1 1 1 1 1 1 1 
1 1 1 1 1 1 1 1 1 
1 1 1 1 1 1 1 1 1 
1 1 1 1 1 1 1 1 1 
1 1 1 1 1 1 1 1 1 
1 1 1 1 1 1 1 1 1 
1 1 1 1 1 1 1 1 1 
1 1 1 1 1 1 1 1 1 
1 1 1 1 1 1 1 1 1 
1 1 1 1 1 1 1 1 1 
1 1 1 1 1 1 1 1 1 
1 1 1 1 1 1 1 1 1 
1 1 1 1 1 1 1 1 1 
1 1 1 1 1 1 1 1 1 
1 1 1 1 1 1 1 1 1 
1 1 1 1 1 1 1 1 1 
1 1 1 1 1 1 1 1 1 
1 1 1 1 1 1 1 1 1 
1 1 1 1 1 1 1 1 1 
1 1 1 1 1 1 1 1 1 
1 1 1 1 1 1 1 1 1 
1 1 1 1 1 1 1 1 1 
1 1 1 1 1 1 1 1 1 
1 1 1 1 1 1 1 1 1 
1 1 1 1 1 1 1 1 1 
1 1 1 1 1 1 1 1 1 
1 1 1 1 1 1 1 1 1 
1 1 1 1 1 1 1 1 1 
1 1 1 1 1 1 1 1 1 
1 1 1 1 1 1 1 1 1 
1 1 1 1 1 1 1 1 1 
1 1 1 1 1 1 1 1 1 
1 1 1 1 1 1 1 1 1 
1 1 1 1 1 1 1 1 1 
1 1 1 1 1 1 1 1 1 
1 1 1 1 1 1 1 1 1 
1 1 1 1 1 1 1 1 1 
1 1 1 1 1 1 1 1 1 
1 1 1 1 1 1 1 1 1 
1 1 1 1 1 1 1 1 1 
1 1 1 1 1 1 1 1 1 
1 1 1 1 1 1 1 1 1 
1 1 1 1 1 1 1 1 1 
1 1 1 1 1 1 1 1 1 
1 1 1 1 1 1 1 1 1 
1 1 1 1 1 1 1 1 1 
1 1 1 1 1 1 1 1 1 
1 1 1 1 1 1 1 1 1 
1 1 1 1 1 1 1 1 1 
1 1 1 1 1 1 1 1 1 
1 1 1 1 1 1 1 1 1 
1 1 1 1 1 1 1 1 1 
1 1 1 1 1 1 1 1 1 
1 1 1 1 1 1 1 1 1 
1 1 1 1 1 1 1 1 1 
1 1 1 1 1 1 1 1 1 
1 1 1 1 1 1 1 1 1 
1 1 1 1 1 1 1 1 1 
1 1 1 1 1 1 1 1 1 
1 1 1 1 1 1 1 1 1 
1 1 1 1 1 1 1 1 1 
1 1 1 1 1 1 1 1 1 
1 1 1 1 1 1 1 1 1 
1 1 1 1 1 1 1 1 1 
1 1 1 1 1 1 1 1 1 
1 1 1 1 1 1 1 1 1 
1 1 1 1 1 1 1 1 1 
1 1 1 1 1 1 1 1 1 
1 1 1 1 1 1 1 1 1 
1 1 1 1 1 1 1 1 1 
1 1 1 1 1 1 1 1 1 
1 1 1 1 1 1 1 1 1 
1 1 1 1 1 1 1 1 1 
1 1 1 1 1 1 1 1 1 
1 1 1 1 1 1 1 1 1 
1 1 1 1 1 1 1 1 1 
1 1 1 1 1 1 1 1 1 
1 1 1 1 1 1 1 1 1 
1 1 1 1 1 1 1 1 1 
1 1 1 1 1 1 1 1 1 
1 1 1 1 1 1 1 1 1 
1 1 1 1 1 1 1 1 1 
1 1 1 1 1 1 1 1 1 
1 1 1 1 1 1 1 1 1 
1 1 1 1 1 1 1 1 1 
1 1 1 1 1 1 1 1 1 
1 1 1 1 1 1 1 1 1 
1 1 1 1 1 1 1 1 1 
1 1 1 1 1 1 1 1 1 
1 1 1 1 1 1 1 1 1 
1 1 1 1 1 1 1 1 1 
1 1 1 1 1 1 1 1 1 
1 1 1 1 1 1 1 1 1 
1 1 1 1 1 1 1 1 1 
1 1 1 1 1 1 1 1 1 
1 1 1 1 1 1 1 1 1 
1 1 1 1 1 1 1 1 1 
1 1 1 1 1 1 1 1 1 
1 1 1 1 1 1 1 1 1 
1 1 1 1 1 1 1 1 1 
1 1 1 1 1 1 1 1 1 
1 1 1 1 1 1 1 1 1 
1 1 1 1 1 1 1 1 1 
1 1 1 1 1 1 1 1 1 
1 1 1 1 1 1 1 1 1 
1 1 1 1 1 1 1 1 1 
1 1 1 1 1 1 1 1 1 
1 1 1 1 1 1 1 1 1 
1 1 1 1 1 1 1 1 1 
1 1 1 1 1 1 1 1 1 
1 1 1 1 1 1 1 1 1 
1 1 1 1 1 1 1 1 1 
1 1 1 1 1 1 1 1 1 
1 1 1 1 1 1 1 1 1 
1 1 1 1 1 1 1 1 1 
1 1 1 1 1 1 1 1 1 
1 1 1 1 1 1 1 1 1 
1 1 1 1 1 1 1 1 1 
1 1 1 1 1 1 1 1 1 
1 1 1 1 1 1 1 1 1 
1 1 1 1 1 1 1 1 1 
1 1 1 1 1 1 1 1 1 
1 1 1 1 1 1 1 1 1 
1 1 1 1 1 1 1 1 1 
1 1 1 1 1 1 1 1 1 
1 1 1 1 1 1 1 1 1 
1 1 1 1 1 1 1 1 1 
1 1 1 1 1 1 1 1 1 
1 1 1 1 1 1 1 1 1 
1 1 1 1 1 1 1 1 1 
1 1 1 1 1 1 1 1 1 
1 1 1 1 1 1 1 1 1 
1 1 1 1 1 1 1 1 1 
1 1 1 1 1 1 1 1 1 
1 1 1 1 1 1 1 1 1 
1 1 1 1 1 1 1 1 1 
1 1 1 1 1 1 1 1 1 
1 1 1 1 1 1 1 1 1 
1 1 1 1 1 1 1 1 1 
1 1 1 1 1 1 1 1 1 
1 1 1 1 1 1 1 1 1 
1 1 1 1 1 1 1 1 1 
1 1 1 1 1 1 1 1 1 
1 1 1 1 1 1 1 1 1 
1 1 1 1 1 1 1 1 1 
1 1 1 1 1 1 1 1 1 
1 1 1 1 1 1 1 1 1 
1 1 1 1 1 1 1 1 1 
1 1 1 1 1 1 1 1 1 
1 1 1 1 1 1 1 1 1 
1 1 1 1 1 1 1 1 1 
1 1 1 1 1 1 1 1 1 
1 1 1 1 1 1 1 1 1 
1 1 1 1 1 1 1 1 1 
1 1 1 1 1 1 1 1 1 
1 1 1 1 1 1 1 1 1 
1 1 1 1 1 1 1 1 1 
1 1 1 1 1 1 1 1 1 
1 1 1 1 1 1 1 1 1 
1 1 1 1 1 1 1 1 1 
1 1 1 1 1 1 1 1 1 
1 1 1 1 1 1 1 1 1 
1 1 1 1 1 1 1 1 1 
1 1 1 1 1 1 1 1 1 
1 1 1 1 1 1 1 1 1 
1 1 1 1 1 1 1 1 1 
1 1 1 1 1 1 1 1 1 
1 1 1 1 1 1 1 1 1 
1 1 1 1 1 1 1 1 1 
1 1 1 1 1 1 1 1 1 
1 1 1 1 1 1 1 1 1 
1 1 1 1 1 1 1 1 1 
1 1 1 1 1 1 1 1 1 
1 1 1 1 1 1 1 1 1 
1 1 1 1 1 1 1 1 1 
1 1 1 1 1 1 1 1 1 
1 1 1 1 1 1 1 1 1 
1 1 1 1 1 1 1 1 1 
1 1 1 1 1 1 1 1 1 
1 1 1 1 1 1 1 1 1 
1 1 1 1 1 1 1 1 1 
1 1 1 1 1 1 1 1 1 
1 1 1 1 1 1 1 1 1 
1 1 1 1 1 1 1 1 1 
1 1 1 1 1 1 1 1 1 
1 1 1 1 1 1 1 1 1 
1 1 1 1 1 1 1 1 1 
1 1 1 1 1 1 1 1 1 
1 1 1 1 1 1 1 1 1 
1 1 1 1 1 1 1 1 1 
1 1 1 1 1 1 1 1 1 
1 1 1 1 1 1 1 1 1 
1 1 1 1 1 1 1 1 1 
1 1 1 1 1 1 1 1 1 
1 1 1 1 1 1 1 1 1 
1 1 1 1 1 1 1 1 1 
1 1 1 1 1 1 1 1 1 
1 1 1 1 1 1 1 1 1 
1 1 1 1 1 1 1 1 1 
1 1 1 1 1 1 1 1 1 
1 1 1 1 1 1 1 1 1 
1 1 1 1 1 1 1 1 1 
1 1 1 1 1 1 1 1 1 
1 1 1 1 1 1 1 1 1 
1 1 1 1 1 1 1 1 1 
1 1 1 1 1 1 1 1 1 
1 1 1 1 1 1 1 1 1 
1 1 1 1 1 1 1 1 1 
1 1 1 1 1 1 1 1 1 
1 1 1 1 1 1 1 1 1 
1 1 1 1 1 1 1 1 1 
1 1 1 1 1 1 1 1 1 
1 1 1 1 1 1 1 1 1 
1 1 1 1 1 1 1 1 1 
1 1 1 1 1 1 1 1 1 
1 1 1 1 1 1 1 1 1 
1 1 1 1 1 1 1 1 1 
1 1 1 1 1 1 1 1 1 
1 1 1 1 1 1 1 1 1 
1 1 1 1 1 1 1 1 1 
1 1 1 1 1 1 1 1 1 
1 1 1 1 1 1 1 1 1 
1 1 1 1 1 1 1 1 1 
1 1 1 1 1 1 1 1 1 
1 1 1 1 1 1 1 1 1 
1 1 1 1 1 1 1 1 1 
1 1 1 1 1 1 1 1 1 
1 1 1 1 1 1 1 1 1 
1 1 1 1 1 1 1 1 1 
1 1 1 1 1 1 1 1 1 
1 1 1 1 1 1 1 1 1 
1 1 1 1 1 1 1 1 1 
1 1 1 1 1 1 1 1 1 
1 1 1 1 1 1 1 1 1 
1 1 1 1 1 1 1 1 1 
1 1 1 1 1 1 1 1 1 
1 1 1 1 1 1 1 1 1 
1 1 1 1 1 1 1 1 1 
1 1 1 1 1 1 1 1 1 
1 1 1 1 1 1 1 1 1 
1 1 1 1 1 1 1 1 1 
1 1 1 1 1 1 1 1 1 
1 1 1 1 1 1 1 1 1 
1 1 1 1 1 1 1 1 1 
1 1 1 1 1 1 1 1 1 
1 1 1 1 1 1 1 1 1 
1 1 1 1 1 1 1 1 1 
1 1 1 1 1 1 1 1 1 
1 1 1 1 1 1 1 1 1 
1 1 1 1 1 1 1 1 1 
1 1 1 1 1 1 1 1 1 
1 1 1 1 1 1 1 1 1 
1 1 1 1 1 1 1 1 1 
1 1 1 1 1 1 1 1 1 
1 1 1 1 1 1 1 1 1 
1 1 1 1 1 1 1 1 1 
1 1 1 1 1 1 1 1 1 
1 1 1 1 1 1 1 1 1 
1 1 1 1 1 1 1 1 1 
1 1 1 1 1 1 1 1 1 
1 1 1 1 1 1 1 1 1 
1 1 1 1 1 1 1 1 1 
1 1 1 1 1 1 1 1 1 
1 1 1 1 1 1 1 1 1 
1 1 1 1 1 1 1 1 1 
1 1 1 1 1 1 1 1 1 
1 1 1 1 1 1 1 1 1 
1 1 1 1 1 1 1 1 1 
1 1 1 1 1 1 1 1 1 
1 1 1 1 1 1 1 1 1 
1 1 1 1 1 1 1 1 1 
1 1 1 1 1 1 1 1 1 
1 1 1 1 1 1 1 1 1 
1 1 1 1 1 1 1 1 1 
1 1 1 1 1 1 1 1 1 
1 1 1 1 1 1 1 1 1 
1 1 1 1 1 1 1 1 1 
1 1 1 1 1 1 1 1 1 
1 1 1 1 1 1 1 1 1 
1 1 1 1 1 1 1 1 1 
1 1 1 1 1 1 1 1 1 
1 1 1 1 1 1 1 1 1 
1 1 1 1 1 1 1 1 1 
1 1 1 1 1 1 1 1 1 
1 1 1 1 1 1 1 1 1 
1 1 1 1 1 1 1 1 1 
1 1 1 1 1 1 1 1 1 
1 1 1 1 1 1 1 1 1 
1 1 1 1 1 1 1 1 1 
1 1 1 1 1 1 1 1 1 
1 1 1 1 1 1 1 1 1 
1 1 1 1 1 1 1 1 1 
1 1 1 1 1 1 1 1 1 
1 1 1 1 1 1 1 1 1 
1 1 1 1 1 1 1 1 1 
1 1 1 1 1 1 1 1 1 
1 1 1 1 1 1 1 1 1 
1 1 1 1 1 1 1 1 1 
1 1 1 1 1 1 1 1 1 
1 1 1 1 1 1 1 1 1 
1 1 1 1 1 1 1 1 1 
1 1 1 1 1 1 1 1 1 
1 1 1 1 1 1 1 1 1 
1 1 1 1 1 1 1 1 1 
1 1 1 1 1 1 1 1 1 
1 1 1 1 1 1 1 1 1 
1 1 1 1 1 1 1 1 1 
1 1 1 1 1 1 1 1 1 
1 1 1 1 1 1 1 1 1 
1 1 1 1 1 1 1 1 1 
1 1 1 1 1 1 1 1 1 
1 1 1 1 1 1 1 1 1 
1 1 1 1 1 1 1 1 1 
1 1 1 1 1 1 1 1 1 
1 1 1 1 1 1 1 1 1 
1 1 1 1 1 1 1 1 1 
1 1 1 1 1 1 1 1 1 
1 1 1 1 1 1 1 1 1 
1 1 1 1 1 1 1 1 1 
1 1 1 1 1 1 1 1 1 
1 1 1 1 1 1 1 1 1 
1 1 1 1 1 1 1 1 1 
1 1 1 1 1 1 1 1 1 
1 1 1 1 1 1 1 1 1 
1 1 1 1 1 1 1 1 1 
1 1 1 1 1 1 1 1 1 
1 1 1 1 1 1 1 1 1 
1 1 1 1 1 1 1 1 1 
1 1 1 1 1 1 1 1 1 
1 1 1 1 1 1 1 1 1 
1 1 1 1 1 1 1 1 1 
1 1 1 1 1 1 1 1 1 
1 1 1 1 1 1 1 1 1 
1 1 1 1 1 1 1 1 1 
1 1 1 1 1 1 1 1 1 
1 1 1 1 1 1 1 1 1 
1 1 1 1 1 1 1 1 1 
1 1 1 1 1 1 1 1 1 
1 1 1 1 1 1 1 1 1 
1 1 1 1 1 1 1 1 1 
1 1 1 1 1 1 1 1 1 
1 1 1 1 1 1 1 1 1 
1 1 1 1 1 1 1 1 1 
1 1 1 1 1 1 1 1 1 
1 1 1 1 1 1 1 1 1 
1 1 1 1 1 1 1 1 1 
1 1 1 1 1 1 1 1 1 
1 1 1 1 1 1 1 1 1 
1 1 1 1 1 1 1 1 1 
1 1 1 1 1 1 1 1 1 
1 1 1 1 1 1 1 1 1 
1 1 1 1 1 1 1 1 1 
1 1 1 1 1 1 1 1 1 
1 1 1 1 1 1 1 1 1 
1 1 1 1 1 1 1 1 1 
1 1 1 1 1 1 1 1 1 
1 1 1 1 1 1 1 1 1 
1 1 1 1 1 1 1 1 1 
1 1 1 1 1 1 1 1 1 
1 1 1 1 1 1 1 1 1 
1 1 1 1 1 1 1 1 1 
1 1 1 1 1 1 1 1 1 
1 1 1 1 1 1 1 1 1 
1 1 1 1 1 1 1 1 1 
1 1 1 1 1 1 1 1 1 
1 1 1 1 1 1 1 1 1 
1 1 1 1 1 1 1 1 1 
1 1 1 1 1 1 1 1 1 
1 1 1 1 1 1 1 1 1 
1 1 1 1 1 1 1 1 1 
1 1 1 1 1 1 1 1 1 
1 1 1 1 1 1 1 1 1 
1 1 1 1 1 1 1 1 1 
1 1 1 1 1 1 1 1 1 
1 1 1 1 1 1 1 1 1 
1 1 1 1 1 1 1 1 1 
1 1 1 1 1 1 1 1 1 
1 1 1 1 1 1 1 1 1 
1 1 1 1 1 1 1 1 1 
1 1 1 1 1 1 1 1 1 
1 1 1 1 1 1 1 1 1 
1 1 1 1 1 1 1 1 1 
1 1 1 1 1 1 1 1 1 
1 1 1 1 1 1 1 1 1 
1 1 1 1 1 1 1 1 1 
1 1 1 1 1 1 1 1 1 
1 1 1 1 1 1 1 1 1 
1 1 1 1 1 1 1 1 1 
1 1 1 1 1 1 1 1 1 
1 1 1 1 1 1 1 1 1 
1 1 1 1 1 1 1 1 1 
1 1 1 1 1 1 1 1 1 
1 1 1 1 1 1 1 1 1 
1 1 1 1 1 1 1 1 1 
1 1 1 1 1 1 1 1 1 
1 1 1 1 1 1 1 1 1 
1 1 1 1 1 1 1 1 1 
1 1 1 1 1 1 1 1 1 
1 1 1 1 1 1 1 1 1 
1 1 1 1 1 1 1 1 1 
1 1 1 1 1 1 1 1 1 
1 1 1 1 1 1 1 1 1 
1 1 1 1 1 1 1 1 1 
1 1 1 1 1 1 1 1 1 
1 1 1 1 1 1 1 1 1 
1 1 1 1 1 1 1 1 1 
1 1 1 1 1 1 1 1 1 
1 1 1 1 1 1 1 1 1 
1 1 1 1 1 1 1 1 1 
1 1 1 1 1 1 1 1 1 
1 1 1 1 1 1 1 1 1 
1 1 1 1 1 1 1 1 1 
1 1 1 1 1 1 1 1 1 
1 1 1 1 1 1 1 1 1 
1 1 1 1 1 1 1 1 1 
1 1 1 1 1 1 1 1 1 
1 1 1 1 1 1 1 1 1 
1 1 1 1 1 1 1 1 1 
1 1 1 1 1 1 1 1 1 
1 1 1 1 1 1 1 1 1 
1 1 1 1 1 1 1 1 1 
1 1 1 1 1 1 1 1 1 
1 1 1 1 1 1 1 1 1 
1 1 1 1 1 1 1 1 1 
1 1 1 1 1 1 1 1 1 
1 1 1 1 1 1 1 1 1 
1 1 1 1 1 1 1 1 1 
1 1 1 1 1 1 1 1 1 
1 1 1 1 1 1 1 1 1 
1 1 1 1 1 1 1 1 1 
1 1 1 1 1 1 1 1 1 
1 1 1 1 1 1 1 1 1 
1 1 1 1 1 1 1 1 1 
1 1 1 1 1 1 1 1 1 
1 1 1 1 1 1 1 1 1 
1 1 1 1 1 1 1 1 1 
1 1 1 1 1 1 1 1 1 
1 1 1 1 1 1 1 1 1 
1 1 1 1 1 1 1 1 1 
1 1 1 1 1 1 1 1 1 
1 1 1 1 1 1 1 1 1 
1 1 1 1 1 1 1 1 1 
1 1 1 1 1 1 1 1 1 
1 1 1 1 1 1 1 1 1 
1 1 1 1 1 1 1 1 1 
1 1 1 1 1 1 1 1 1 
1 1 1 1 1 1 1 1 1 
1 1 1 1 1 1 1 1 1 
1 1 1 1 1 1 1 1 1 
1 1 1 1 1 1 1 1 1 
1 1 1 1 1 1 1 1 1 
1 1 1 1 1 1 1 1 1 
1 1 1 1 1 1 1 1 1 
1 1 1 1 1 1 1 1 1 
1 1 1 1 1 1 1 1 1 
1 1 1 1 1 1 1 1 1 
1 1 1 1 1 1 1 1 1 
1 1 1 1 1 1 1 1 1 
1 1 1 1 1 1 1 1 1 
1 1 1 1 1 1 1 1 1 
1 1 1 1 1 1 1 1 1 
1 1 1 1 1 1 1 1 1 
1 1 1 1 1 1 1 1 1 
1 1 1 1 1 1 1 1 
