# vtk DataFile Version 5.1
vtk output
ASCII
DATASET POLYDATA
POINTS 4146 float
-0.186576 -0.0388258 0.767105 -0.187401 -0.0330402 0.74685 -0.203209 -0.04414 0.755294 
-0.173712 -0.047829 0.753039 -0.18952 -0.0589288 0.761483 -0.186108 -0.00136608 0.711963 
-0.186933 0.00441947 0.691708 -0.202741 -0.00668037 0.700152 -0.173243 -0.0103693 0.697897 
-0.188226 -0.0272547 0.726595 -0.20486 -0.0325689 0.714785 -0.159554 -0.025158 0.704085 
-0.158729 -0.0309436 0.72434 -0.129231 -0.0346325 0.722084 -0.130056 -0.0288469 0.70183 
-0.116366 -0.0436357 0.708018 -0.206979 -0.0584575 0.729417 -0.160847 -0.0568321 0.738972 
-0.131349 -0.0605211 0.736717 -0.102677 -0.0584244 0.714207 -0.101852 -0.06421 0.734461 
-0.0723538 -0.0678989 0.732206 -0.073179 -0.0621133 0.711951 -0.0594895 -0.0769021 0.71814 
-0.193289 -0.0732463 0.735606 -0.162966 -0.0827207 0.753605 -0.179599 -0.088035 0.741794 
-0.133468 -0.0864096 0.751349 -0.10397 -0.0900985 0.749094 -0.0744725 -0.0937874 0.746838 
-0.0457999 -0.0916908 0.724328 -0.0449747 -0.0974763 0.744583 -0.0154768 -0.101165 0.742327 
-0.0163021 -0.0953797 0.722072 -0.00261252 -0.110168 0.728261 -0.16591 -0.102824 0.747983 
-0.136412 -0.106513 0.745727 -0.106914 -0.110202 0.743472 -0.0774164 -0.11389 0.741216 
-0.0637268 -0.128679 0.747404 -0.0470934 -0.123365 0.759215 -0.0175955 -0.127054 0.75696 
-0.00473121 -0.136057 0.742893 -0.0500373 -0.143468 0.753593 -0.0205395 -0.147157 0.751337 
0.261065 0.0325372 0.593723 0.26024 0.0383227 0.573469 0.244432 0.0272229 0.581913 
0.290563 0.0288483 0.591468 0.289738 0.0346338 0.571213 0.320061 0.0251593 0.589212 
0.319236 0.0309449 0.568957 0.332925 0.0161562 0.575146 -0.213019 0.0656711 0.644444 
-0.213844 0.0714566 0.624189 -0.229652 0.0603568 0.632633 -0.183521 0.0619822 0.642188 
-0.184346 0.0677677 0.621934 -0.170656 0.052979 0.628122 0.199951 0.0140264 0.612867 
0.199126 0.0198119 0.592612 0.183317 0.00871211 0.601056 0.229449 0.0103375 0.610611 
0.228623 0.016123 0.590356 0.258946 0.00664858 0.608356 0.288444 0.00295968 0.6061 
0.301309 -0.00604351 0.592034 0.317117 0.00505632 0.58359 -0.215137 0.0397825 0.659077 
-0.231771 0.0344682 0.647266 -0.185639 0.0360936 0.656821 -0.156967 0.0381902 0.634311 
-0.156142 0.0324047 0.654565 -0.126644 0.0287158 0.65231 -0.127469 0.0345013 0.632055 
-0.097146 0.0250269 0.650054 -0.0979712 0.0308124 0.6298 -0.0842817 0.0160237 0.635988 
0.168334 -0.00817328 0.629755 0.167509 -0.00238772 0.6095 0.151701 -0.0134876 0.617944 
0.197832 -0.0118622 0.627499 0.22733 -0.0155511 0.625244 0.256828 -0.01924 0.622988 
0.269692 -0.0282432 0.608922 0.2855 -0.0171433 0.600478 -0.217256 0.0138939 0.673709 
-0.233889 0.00857965 0.661898 -0.187758 0.010205 0.671453 -0.15826 0.00651612 0.669198 
-0.128763 0.00282721 0.666942 -0.0992647 -0.000861697 0.664687 -0.0705921 0.00123495 0.642177 
-0.0697669 -0.0045506 0.662431 -0.0402691 -0.00823951 0.660176 -0.0410943 -0.00245396 0.639921 
-0.0107712 -0.0119284 0.65792 -0.0115965 -0.00614286 0.637666 0.0187266 -0.0156173 0.655665 
0.0179013 -0.00983177 0.63541 0.0315909 -0.0246205 0.641599 0.10722 -0.026684 0.648898 
0.106395 -0.0208985 0.628644 0.0905865 -0.0319983 0.637088 0.136718 -0.0303729 0.646643 
0.135893 -0.0245874 0.626388 0.166216 -0.0340619 0.644387 0.195713 -0.0377508 0.642132 
0.208578 -0.0467539 0.628065 0.224386 -0.0356541 0.619621 0.253884 -0.039343 0.617366 
-0.2202 -0.0062091 0.668087 -0.20651 -0.0209978 0.674275 -0.160379 -0.0193725 0.68383 
-0.130881 -0.0230614 0.681575 -0.101383 -0.0267503 0.679319 -0.0718856 -0.0304392 0.677064 
-0.0423878 -0.0341281 0.674808 -0.0128899 -0.037817 0.672553 0.0166079 -0.0415059 0.670297 
0.0452805 -0.0394093 0.647787 0.0461057 -0.0451948 0.668042 0.0756035 -0.0488837 0.665786 
0.0747783 -0.0430982 0.645531 0.105101 -0.0525726 0.663531 0.134599 -0.0562615 0.661275 
0.147463 -0.0652647 0.647209 0.163272 -0.0541649 0.638765 0.19277 -0.0578538 0.636509 
-0.221493 -0.0378832 0.702974 -0.222319 -0.0320977 0.682719 -0.238127 -0.0431975 0.691163 
-0.103502 -0.0526389 0.693952 -0.0740043 -0.0563278 0.691696 -0.0445064 -0.0600167 0.689441 
-0.0150086 -0.0637056 0.687185 0.0144892 -0.0673945 0.68493 0.043987 -0.0710834 0.682674 
0.0734848 -0.0747723 0.680419 0.0863491 -0.0837755 0.666352 0.102157 -0.0726756 0.657908 
0.131655 -0.0763645 0.655653 -0.223612 -0.0637718 0.717606 -0.240246 -0.0690861 0.705796 
-0.0466251 -0.0859052 0.704073 -0.0171273 -0.0895941 0.701818 0.0123705 -0.093283 0.699562 
0.0418683 -0.096972 0.697307 0.0547326 -0.105975 0.68324 0.0705409 -0.0948753 0.674796 
-0.226556 -0.0838748 0.711984 -0.197058 -0.0875637 0.709729 -0.183369 -0.102352 0.715917 
0.0102518 -0.119172 0.714195 0.0397496 -0.122861 0.711939 0.052614 -0.131864 0.697873 
-0.169679 -0.117141 0.722106 -0.140181 -0.12083 0.71985 -0.110683 -0.124519 0.717595 
-0.0811856 -0.128208 0.715339 -0.067496 -0.142997 0.721527 0.00813312 -0.14506 0.728827 
0.0209974 -0.154063 0.714761 0.0368057 -0.142964 0.706317 -0.0538064 -0.157785 0.727716 
-0.0243086 -0.161474 0.72546 0.00518919 -0.165163 0.723205 0.354264 0.110707 0.50255 
0.353439 0.116493 0.482295 0.337631 0.105393 0.490739 0.383762 0.107018 0.500294 
0.382937 0.112804 0.48004 0.41326 0.103329 0.498039 0.412435 0.109115 0.477784 
0.426124 0.0943263 0.483972 0.29315 0.0921965 0.521693 0.292325 0.0979821 0.501439 
0.276516 0.0868822 0.509883 0.322648 0.0885076 0.519438 0.321822 0.0942932 0.499183 
0.352145 0.0848187 0.517182 0.381643 0.0811298 0.514927 0.411141 0.0774409 0.512671 
0.424005 0.0684377 0.498605 0.261533 0.0699968 0.538581 0.260708 0.0757824 0.518327 
0.2449 0.0646826 0.526771 0.291031 0.0663079 0.536326 0.320529 0.062619 0.53407 
0.350027 0.0589301 0.531815 0.379525 0.0552412 0.529559 0.409022 0.0515523 0.527304 
0.421887 0.0425491 0.513237 -0.242048 0.10682 0.591558 -0.242873 0.112605 0.571303 
-0.258682 0.101505 0.579747 -0.21255 0.103131 0.589302 -0.213376 0.108916 0.569047 
-0.183053 0.0994419 0.587047 -0.183878 0.105227 0.566792 -0.153555 0.095753 0.584791 
-0.15438 0.101539 0.564536 -0.14069 0.0867498 0.570725 0.200419 0.0514861 0.557725 
0.199594 0.0572716 0.53747 0.183786 0.0461718 0.545914 0.229917 0.0477972 0.555469 
0.229092 0.0535827 0.535215 0.259415 0.0441083 0.553214 0.288913 0.0404194 0.550958 
0.31841 0.0367305 0.548703 0.347908 0.0330415 0.546447 0.377406 0.0293526 0.544192 
0.406904 0.0256637 0.541936 0.419768 0.0166605 0.52787 -0.244992 0.0867166 0.585935 
-0.231303 0.0719279 0.592124 -0.214669 0.0772422 0.603935 -0.185171 0.0735533 0.601679 
-0.155673 0.0698644 0.599424 -0.127001 0.071961 0.576913 -0.126176 0.0661755 0.597168 
-0.0966778 0.0624866 0.594912 -0.097503 0.0682721 0.574658 -0.0838135 0.0534834 0.580846 
0.109807 0.0366642 0.579124 0.108982 0.0424498 0.558869 0.0931734 0.0313499 0.567313 
0.139305 0.0329753 0.576868 0.13848 0.0387609 0.556614 0.168803 0.0292864 0.574613 
0.167977 0.035072 0.554358 0.1983 0.0255975 0.572357 0.227798 0.0219086 0.570102 
0.345789 0.00715297 0.56108 0.358654 -0.00185022 0.547013 0.374462 0.00924962 0.538569 
0.40396 0.00556071 0.536314 -0.233421 0.0460393 0.606756 -0.157792 0.0439758 0.614056 
-0.128294 0.0402869 0.6118 -0.0987965 0.036598 0.609545 -0.0701239 0.0386946 0.587035 
-0.0692987 0.0329091 0.607289 -0.0398008 0.0292202 0.605034 -0.0406261 0.0350057 0.584779 
-0.010303 0.0255313 0.602778 -0.0111283 0.0313168 0.582524 0.0191948 0.0218424 0.600523 
0.0183695 0.0276279 0.580268 0.0486926 0.0181535 0.598267 0.0478674 0.023939 0.578013 
0.0781904 0.0144645 0.596012 0.0773652 0.0202501 0.575757 0.107688 0.0107756 0.593756 
0.137186 0.00708674 0.591501 0.166684 0.00339783 0.589245 0.314173 -0.0150467 0.577968 
0.343671 -0.0187356 0.575712 0.356535 -0.0277388 0.561646 -0.23554 0.0201508 0.621389 
-0.0714173 0.0070205 0.621922 -0.0419195 0.0033316 0.619666 -0.0124217 -0.000357309 0.617411 
0.0170761 -0.00404622 0.615155 0.0465739 -0.00773512 0.6129 0.0760717 -0.011424 0.610644 
0.10557 -0.0151129 0.608389 0.135067 -0.0188018 0.606133 0.282556 -0.0372464 0.594856 
0.295421 -0.0462496 0.580789 0.311229 -0.0351497 0.572345 0.340727 -0.0388386 0.57009 
-0.237659 -0.00573782 0.636021 0.0444552 -0.0336237 0.627532 0.073953 -0.0373126 0.625277 
0.221442 -0.0557571 0.613999 0.234306 -0.0647603 0.599933 0.250115 -0.0536605 0.591489 
0.279613 -0.0573494 0.589233 -0.223144 -0.0263121 0.662464 -0.239777 -0.0316264 0.650654 
0.143694 -0.0795822 0.621332 0.159503 -0.0684823 0.612888 0.189 -0.0721713 0.610632 
0.218498 -0.0758602 0.608377 -0.284258 -0.0448229 0.681608 -0.285083 -0.0390373 0.661353 
-0.300892 -0.0501372 0.669797 -0.25476 -0.0485118 0.679352 -0.255586 -0.0427262 0.659098 
0.0992135 -0.0927787 0.652286 0.112078 -0.101782 0.63822 0.127886 -0.090682 0.629776 
-0.287202 -0.0649259 0.675986 -0.257704 -0.0686148 0.67373 -0.244015 -0.0834036 0.679919 
0.0509635 -0.120293 0.657363 0.0667717 -0.109193 0.648919 0.0962695 -0.112882 0.646664 
-0.230325 -0.0981923 0.686107 -0.200827 -0.101881 0.683852 -0.187138 -0.11667 0.69004 
0.0359805 -0.137178 0.686062 0.019347 -0.142492 0.674251 0.0351552 -0.131392 0.665807 
-0.173448 -0.131459 0.696229 -0.14395 -0.135148 0.693973 -0.114453 -0.138837 0.691718 
-0.0849547 -0.142525 0.689462 -0.0554569 -0.146214 0.687206 -0.0546317 -0.152 0.707461 
-0.0259591 -0.149903 0.684951 -0.0251339 -0.155689 0.705206 0.00353872 -0.153592 0.682695 
0.00436396 -0.159378 0.70295 0.38423 0.144478 0.445152 0.383405 0.150264 0.424898 
0.367597 0.139164 0.433342 0.397095 0.135475 0.431086 0.323116 0.125967 0.464296 
0.322291 0.131753 0.444041 0.306482 0.120653 0.452485 0.352614 0.122278 0.46204 
0.351788 0.128064 0.441786 0.382112 0.118589 0.459785 0.410784 0.120686 0.437275 
0.411609 0.114901 0.457529 0.424474 0.105897 0.443463 0.262002 0.107457 0.483439 
0.261176 0.113242 0.463185 0.245368 0.102142 0.471629 0.291499 0.103768 0.481184 
0.290674 0.109553 0.460929 0.320997 0.100079 0.478928 0.422355 0.0800088 0.458095 
-0.212082 0.14059 0.53416 -0.212907 0.146376 0.513905 -0.228716 0.135276 0.522349 
-0.182584 0.136902 0.531905 -0.18341 0.142687 0.51165 -0.153086 0.133213 0.529649 
-0.153912 0.138998 0.509394 -0.140222 0.124209 0.515583 0.200887 0.0889458 0.502583 
0.200062 0.0947313 0.482328 0.184254 0.0836315 0.490772 0.230385 0.0852569 0.500327 
0.22956 0.0910424 0.480073 0.259883 0.081568 0.498072 0.436045 0.0652201 0.464284 
0.43687 0.0594345 0.484539 0.449734 0.0504313 0.470472 -0.243699 0.118391 0.551048 
-0.244524 0.124176 0.530793 -0.260332 0.113076 0.539237 -0.214201 0.114702 0.548793 
-0.184703 0.111013 0.546537 -0.155205 0.107324 0.544282 -0.126533 0.109421 0.521771 
-0.125707 0.103635 0.542026 -0.112843 0.094632 0.52796 0.139773 0.070435 0.521726 
0.138948 0.0762205 0.501472 0.123139 0.0651207 0.509916 0.169271 0.0667461 0.519471 
0.168446 0.0725316 0.499216 0.198769 0.0630572 0.517215 0.228266 0.0593683 0.51496 
0.434751 0.0335459 0.499171 0.447615 0.0245427 0.485105 -0.262451 0.0871879 0.55387 
-0.127826 0.0777466 0.556659 -0.0991535 0.0798432 0.534148 -0.0983283 0.0740577 0.554403 
-0.0688304 0.0703688 0.552147 -0.0696557 0.0761543 0.531893 -0.0559661 0.0613656 0.538081 
0.0786586 0.0519242 0.54087 0.0778334 0.0577098 0.520615 0.0620251 0.0466099 0.529059 
0.108156 0.0482353 0.538614 0.107331 0.0540209 0.51836 0.137654 0.0445464 0.536359 
0.167152 0.0408575 0.534103 0.415999 0.00234308 0.501993 0.431807 0.0134429 0.493549 
-0.247936 0.0666136 0.580313 -0.264569 0.0612993 0.568502 -0.0709491 0.0444802 0.56678 
-0.0422766 0.0465768 0.54427 -0.0414513 0.0407913 0.564524 -0.0119535 0.0371024 0.562269 
-0.0127787 0.0428879 0.542014 0.0175443 0.0334135 0.560013 0.0167191 0.039199 0.539759 
0.0470421 0.0297246 0.557758 0.0462169 0.0355101 0.537503 0.0765399 0.0260357 0.555502 
0.371518 -0.0108534 0.532947 0.384382 -0.0198566 0.518881 0.400191 -0.00875676 0.510437 
-0.250055 0.040725 0.594946 -0.266688 0.0354108 0.583135 0.352766 -0.0420563 0.535769 
0.368574 -0.0309564 0.527325 -0.252173 0.0148365 0.609578 -0.268807 0.00952219 0.597767 
0.308285 -0.0552527 0.566723 0.321149 -0.0642559 0.552657 0.336958 -0.0531561 0.544213 
-0.254292 -0.0110521 0.62421 -0.270926 -0.0163664 0.6124 0.230537 -0.0790778 0.574056 
0.246346 -0.067978 0.565612 0.275843 -0.0716669 0.563356 0.305341 -0.0753558 0.561101 
-0.315406 -0.0295629 0.643354 -0.316232 -0.0237773 0.623099 -0.33204 -0.0348772 0.631543 
-0.285909 -0.0332518 0.641098 -0.286734 -0.0274662 0.620844 -0.256411 -0.0369407 0.638843 
0.156559 -0.0885854 0.607266 0.169423 -0.0975886 0.593199 0.185231 -0.0864887 0.584755 
0.214729 -0.0901776 0.5825 -0.31835 -0.0496659 0.637732 -0.288853 -0.0533548 0.635476 
-0.288027 -0.0591404 0.655731 -0.275163 -0.0681435 0.641665 0.108309 -0.116099 0.612343 
0.124117 -0.104999 0.603899 0.153615 -0.108688 0.601643 -0.261473 -0.0829323 0.647853 
-0.231976 -0.0866212 0.645598 -0.23115 -0.0924067 0.665852 -0.218286 -0.10141 0.651786 
0.0471943 -0.13461 0.631486 0.0630026 -0.12351 0.623042 0.0925004 -0.127199 0.620787 
-0.204596 -0.116199 0.657975 -0.175099 -0.119888 0.655719 -0.174273 -0.125673 0.675974 
-0.161409 -0.134676 0.661907 0.0155778 -0.15681 0.648374 0.0313861 -0.14571 0.63993 
-0.14772 -0.149465 0.668096 -0.118222 -0.153154 0.66584 -0.0887239 -0.156843 0.663585 
-0.0592261 -0.160532 0.661329 -0.0297282 -0.164221 0.659074 -0.000230434 -0.16791 0.656818 
0.384698 0.181938 0.39001 0.383873 0.187723 0.369756 0.368065 0.176623 0.3782 
0.397563 0.172935 0.375944 0.353082 0.159738 0.406898 0.352257 0.165524 0.386644 
0.336448 0.154424 0.395088 0.38258 0.156049 0.404643 0.411252 0.158146 0.382133 
0.412078 0.15236 0.402387 0.424942 0.143357 0.388321 0.291968 0.141227 0.426042 
0.291142 0.147013 0.405787 0.275334 0.135913 0.414231 0.321465 0.137538 0.423786 
0.32064 0.143324 0.403532 0.350963 0.133849 0.421531 0.409959 0.126472 0.41702 
0.422823 0.117468 0.402954 0.260351 0.119028 0.44293 0.259526 0.124813 0.422675 
0.243718 0.113713 0.431119 0.289849 0.115339 0.440674 0.420705 0.0915799 0.417586 
-0.213733 0.152162 0.493651 -0.214558 0.157947 0.473396 -0.230366 0.146847 0.48184 
-0.184235 0.148473 0.491395 -0.18506 0.154258 0.47114 -0.154737 0.144784 0.48914 
-0.155562 0.150569 0.468885 -0.125239 0.141095 0.486884 -0.126064 0.14688 0.466629 
-0.112375 0.132092 0.472818 0.199237 0.100517 0.462073 0.198412 0.106302 0.441819 
0.182603 0.0952026 0.450263 0.228735 0.096828 0.459818 0.227909 0.102614 0.439563 
0.434394 0.0767912 0.423774 0.435219 0.0710056 0.444029 0.448084 0.0620024 0.429963 
-0.245349 0.129962 0.510539 -0.246174 0.135747 0.490284 -0.261983 0.124648 0.498728 
-0.127358 0.115206 0.501517 -0.0986853 0.117303 0.479006 -0.09786 0.111517 0.499261 
-0.0849957 0.102514 0.485195 0.138122 0.0820061 0.481217 0.137297 0.0877917 0.460962 
0.121489 0.0766918 0.469406 0.16762 0.0783172 0.478961 0.166795 0.0841027 0.458707 
0.462598 0.0414281 0.456406 0.461773 0.0472137 0.436151 0.475463 0.0324249 0.44234 
-0.306463 0.111451 0.529682 -0.307289 0.117237 0.509427 -0.323097 0.106137 0.517871 
-0.276966 0.107762 0.527427 -0.277791 0.113548 0.507172 -0.0999787 0.0856288 0.513893 
-0.0713061 0.0877254 0.491383 -0.0704809 0.0819399 0.511638 -0.0409831 0.078251 0.509382 
-0.0418083 0.0840365 0.489128 -0.0114853 0.0745621 0.507127 -0.0123105 0.0803476 0.486872 
0.0180125 0.0708731 0.504871 0.0171873 0.0766587 0.484617 0.0475103 0.0671842 0.502616 
0.0466851 0.0729698 0.482361 0.0770082 0.0634953 0.50036 0.0761829 0.0692809 0.480106 
0.106506 0.0598064 0.498105 0.105681 0.065592 0.47785 0.443846 0.0102253 0.459228 
0.459655 0.0213251 0.450784 -0.309407 0.0913481 0.52406 -0.295718 0.0765594 0.530248 
-0.279084 0.0818736 0.542059 -0.0431018 0.0523624 0.524015 -0.013604 0.0486735 0.521759 
0.0158938 0.0449846 0.519504 0.0453917 0.0412957 0.517248 0.41223 -0.0119744 0.476116 
0.428038 -0.00087456 0.467672 -0.281203 0.0559851 0.556692 -0.297836 0.0506708 0.544881 
0.380613 -0.0341741 0.493004 0.396421 -0.0230742 0.48456 -0.283322 0.0300965 0.571324 
-0.299955 0.0247822 0.559513 0.36563 -0.0510595 0.521703 0.378495 -0.0600626 0.507636 
-0.28544 0.00420791 0.585957 -0.302074 -0.00110638 0.574146 0.334014 -0.0732591 0.538591 
0.346878 -0.0822623 0.524524 0.362686 -0.0711625 0.51608 -0.317057 -0.0179918 0.602844 
-0.317882 -0.0122062 0.58259 -0.33369 -0.023306 0.591034 -0.287559 -0.0216807 0.600589 
0.226768 -0.0933953 0.548179 0.242576 -0.0822954 0.539735 0.272074 -0.0859843 0.537479 
0.301572 -0.0896732 0.535224 0.33107 -0.0933622 0.532968 -0.319176 -0.0438803 0.617477 
-0.320001 -0.0380948 0.597222 -0.306311 -0.0528835 0.603411 0.152789 -0.102903 0.581389 
0.136156 -0.108217 0.569578 0.151964 -0.0971173 0.561134 0.181462 -0.100806 0.558878 
0.21096 -0.104495 0.556623 -0.292622 -0.0676723 0.609599 -0.263124 -0.0713612 0.607344 
-0.262299 -0.0771467 0.627598 -0.249434 -0.0861499 0.613532 0.104539 -0.130417 0.586466 
0.120348 -0.119317 0.578022 -0.235745 -0.100939 0.619721 -0.222055 -0.115727 0.625909 
0.0434252 -0.148928 0.605609 0.0592334 -0.137828 0.597165 0.0887312 -0.141517 0.59491 
-0.208366 -0.130516 0.632098 -0.178868 -0.134205 0.629842 -0.165178 -0.148994 0.63603 
0.0118087 -0.171127 0.622497 0.0276169 -0.160027 0.614053 -0.151489 -0.163783 0.642219 
-0.121991 -0.167471 0.639963 -0.092493 -0.17116 0.637708 -0.0629952 -0.174849 0.635452 
-0.0334974 -0.178538 0.633197 -0.00399959 -0.182227 0.630941 0.321934 0.174998 0.368644 
0.321108 0.180784 0.34839 0.3053 0.169684 0.356834 0.334798 0.165995 0.354578 
0.380929 0.16762 0.364133 0.290317 0.152798 0.385532 0.289492 0.158584 0.365278 
0.273684 0.147484 0.373722 0.319815 0.149109 0.383277 0.348488 0.151206 0.360767 
0.377985 0.147517 0.358511 0.408308 0.138043 0.37651 0.391675 0.132729 0.3647 
0.258701 0.130599 0.40242 0.257875 0.136384 0.382166 0.242067 0.125284 0.39061 
0.405364 0.11794 0.370888 0.419054 0.103151 0.377076 -0.156387 0.156355 0.44863 
-0.157213 0.16214 0.428375 -0.173021 0.151041 0.436819 -0.12689 0.152666 0.446375 
-0.127715 0.158451 0.42612 -0.114025 0.143663 0.432308 0.197586 0.112088 0.421564 
0.196761 0.117874 0.401309 0.180953 0.106774 0.409753 0.227084 0.108399 0.419308 
0.226259 0.114185 0.399054 0.416935 0.0772624 0.391709 -0.218327 0.14363 0.447519 
-0.234135 0.13253 0.455963 -0.188829 0.139941 0.445263 -0.0995105 0.123088 0.458752 
-0.100336 0.128874 0.438497 -0.0866462 0.114085 0.444685 0.136472 0.0935772 0.440707 
0.135647 0.0993628 0.420453 0.119839 0.0882629 0.428897 0.16597 0.0898883 0.438452 
0.165145 0.0956739 0.418197 0.430625 0.0624737 0.397897 0.444314 0.047685 0.404086 
-0.278616 0.119333 0.486917 -0.279441 0.125119 0.466662 -0.29525 0.114019 0.475106 
-0.249943 0.12143 0.464407 -0.0721314 0.093511 0.471128 -0.0729566 0.0992965 0.450874 
-0.0426336 0.0898221 0.468873 -0.0434588 0.0956076 0.448618 -0.0131358 0.0861332 0.466617 
-0.013961 0.0919187 0.446363 0.0163621 0.0824443 0.464362 0.0155368 0.0882298 0.444107 
0.0458599 0.0787553 0.462106 0.0450346 0.0845409 0.441852 0.0753577 0.0750664 0.459851 
0.0745325 0.080852 0.439596 0.104856 0.0713775 0.457595 0.10403 0.0771631 0.437341 
0.458004 0.0328962 0.410274 0.471694 0.0181075 0.416463 -0.310233 0.0971337 0.503805 
-0.297368 0.0881305 0.489739 0.440077 -0.0040922 0.433351 0.455885 0.00700764 0.424907 
-0.299487 0.0622419 0.504371 0.408461 -0.0262919 0.450239 0.424269 -0.015192 0.441795 
-0.31447 0.0453565 0.53307 -0.315295 0.051142 0.512815 -0.331103 0.0400422 0.521259 
0.376844 -0.0484915 0.467127 0.392652 -0.0373917 0.458683 -0.317414 0.0252535 0.527448 
-0.303724 0.0104647 0.533636 0.374725 -0.0743801 0.481759 -0.318707 -0.00642066 0.562335 
-0.319533 -0.000635105 0.54208 -0.335341 -0.0117349 0.550524 0.359742 -0.0912655 0.510458 
0.372607 -0.100269 0.496392 -0.350324 -0.0286203 0.579223 -0.351149 -0.0228348 0.558968 
-0.366957 -0.0339346 0.567412 0.210135 -0.0987095 0.536368 0.193501 -0.104024 0.524557 
0.209309 -0.092924 0.516113 0.238807 -0.0966129 0.513858 0.268305 -0.100302 0.511602 
0.297803 -0.103991 0.509347 0.327301 -0.10768 0.507091 0.356798 -0.111369 0.504836 
-0.353268 -0.0487234 0.573601 -0.32377 -0.0524123 0.571345 -0.294272 -0.0561012 0.56909 
-0.293447 -0.0618867 0.589344 -0.280583 -0.0708899 0.575278 0.132387 -0.122535 0.543701 
0.148195 -0.111435 0.535257 0.177693 -0.115124 0.533001 -0.266893 -0.0856787 0.581467 
-0.253203 -0.100467 0.587655 0.087906 -0.135731 0.574655 0.0712725 -0.141045 0.562844 
0.0870808 -0.129946 0.5544 0.116579 -0.133634 0.552145 -0.239514 -0.115256 0.593844 
-0.225824 -0.130045 0.600032 0.039656 -0.163245 0.579732 0.0554643 -0.152145 0.571288 
-0.212135 -0.144834 0.606221 -0.182637 -0.148523 0.603965 -0.153139 -0.152211 0.601709 
-0.152314 -0.157997 0.621964 -0.13945 -0.167 0.607898 -0.00482483 -0.176442 0.610687 
-0.0214583 -0.181756 0.598876 -0.00565006 -0.170656 0.590432 0.0238478 -0.174345 0.588176 
-0.12576 -0.181789 0.614086 -0.0962622 -0.185478 0.611831 -0.0667644 -0.189167 0.609575 
-0.0372666 -0.192856 0.60732 0.288667 0.16437 0.345023 0.287841 0.170155 0.324768 
0.272033 0.159055 0.333212 0.318164 0.160681 0.342767 0.301531 0.155366 0.330957 
0.25705 0.14217 0.361911 0.256225 0.147955 0.341656 0.240417 0.136856 0.3501 
0.315221 0.140578 0.337145 0.344718 0.136889 0.33489 0.375041 0.127414 0.352889 
0.358408 0.1221 0.341078 -0.158038 0.167926 0.408121 -0.158863 0.173712 0.387866 
-0.174671 0.162612 0.39631 -0.12854 0.164237 0.405865 -0.129365 0.170023 0.38561 
-0.115676 0.155234 0.391799 0.225434 0.11997 0.378799 0.224608 0.125756 0.358544 
0.2088 0.114656 0.366988 0.372098 0.107311 0.347267 0.402421 0.0978367 0.365266 
0.385787 0.0925225 0.353455 -0.189654 0.145726 0.425009 -0.19048 0.151512 0.404754 
-0.206288 0.140412 0.413198 -0.101161 0.13466 0.418242 -0.101986 0.140445 0.397987 
-0.0716632 0.130971 0.415987 -0.0724884 0.136756 0.395732 -0.0587988 0.121967 0.40192 
0.164319 0.101459 0.397942 0.163494 0.107245 0.377688 0.147686 0.0961451 0.386132 
0.192992 0.103556 0.375432 0.399477 0.0777337 0.359643 0.413166 0.062945 0.365832 
-0.250769 0.127216 0.444152 -0.251594 0.133001 0.423897 -0.267402 0.121901 0.432341 
-0.222096 0.129312 0.421642 -0.0737818 0.105082 0.430619 -0.0451093 0.107179 0.408109 
-0.044284 0.101393 0.428364 -0.0147862 0.0977043 0.426108 -0.0156115 0.10349 0.405853 
0.0147116 0.0940154 0.423852 0.0138864 0.0998009 0.403598 0.0442094 0.0903265 0.421597 
0.0433842 0.096112 0.401342 0.0737072 0.0866375 0.419341 0.072882 0.0924231 0.399087 
0.103205 0.0829486 0.417086 0.10238 0.0887342 0.396831 0.131878 0.0850453 0.394576 
0.426856 0.0481562 0.37202 0.440545 0.0333675 0.378209 -0.311883 0.108705 0.463296 
-0.312708 0.11449 0.443041 -0.328517 0.10339 0.451485 -0.28321 0.110801 0.440785 
0.45506 0.0127932 0.404652 0.438427 0.00747891 0.392841 -0.314002 0.0828162 0.477928 
-0.330635 0.0775019 0.466117 0.423444 -0.00940648 0.42154 0.40681 -0.0147208 0.409729 
0.422618 -0.00362092 0.401285 -0.31612 0.0569276 0.492561 -0.332754 0.0516133 0.48075 
0.391827 -0.0316061 0.438428 0.375194 -0.0369204 0.426617 0.391002 -0.0258206 0.418173 
-0.334873 0.0257247 0.495382 0.373075 -0.062809 0.44125 -0.320358 0.00515045 0.521826 
-0.336991 -0.000163834 0.510015 0.370956 -0.0886976 0.455882 -0.33911 -0.0260524 0.524647 
0.368838 -0.114586 0.470515 -0.354093 -0.0429378 0.553346 -0.32542 -0.0408412 0.530836 
-0.324595 -0.0466267 0.55109 -0.311731 -0.0556299 0.537024 0.206365 -0.113027 0.510491 
0.21923 -0.12203 0.496425 0.235038 -0.11093 0.487981 0.264536 -0.114619 0.485725 
0.294034 -0.118308 0.48347 0.323531 -0.121997 0.481214 0.353029 -0.125686 0.478959 
-0.298041 -0.0704186 0.543213 -0.284352 -0.0852074 0.549401 0.128618 -0.136852 0.517824 
0.144426 -0.125752 0.50938 0.173924 -0.129441 0.507124 0.203422 -0.13313 0.504869 
-0.270662 -0.0999961 0.55559 -0.241164 -0.103685 0.553334 -0.240339 -0.109471 0.573589 
-0.227475 -0.118474 0.559523 0.0675033 -0.155363 0.536967 0.0833116 -0.144263 0.528523 
0.112809 -0.147952 0.526268 -0.213785 -0.133263 0.565711 -0.21296 -0.139048 0.585966 
-0.200096 -0.148051 0.5719 0.0230225 -0.168559 0.567922 0.00638903 -0.173874 0.556111 
0.0221973 -0.162774 0.547667 0.0516951 -0.166463 0.545411 -0.186406 -0.16284 0.578088 
-0.156908 -0.166529 0.575832 -0.12741 -0.170218 0.573577 -0.126585 -0.176003 0.593832 
-0.0979127 -0.173907 0.571321 -0.0970874 -0.179692 0.591576 -0.0684149 -0.177596 0.569066 
-0.0675896 -0.183381 0.589321 -0.038917 -0.181285 0.56681 -0.0380918 -0.18707 0.587065 
-0.00941922 -0.184973 0.564555 0.2554 0.153741 0.321401 0.254574 0.159526 0.301147 
0.238766 0.148427 0.309591 0.284898 0.150052 0.319146 0.268264 0.144738 0.307335 
-0.130191 0.175808 0.365356 -0.131016 0.181594 0.345101 -0.146824 0.170494 0.353545 
-0.117326 0.166805 0.351289 0.223783 0.131541 0.338289 0.222958 0.137327 0.318035 
0.20715 0.126227 0.326479 0.281954 0.129949 0.313524 0.312277 0.120475 0.331523 
0.295643 0.11516 0.319712 0.341774 0.116786 0.329267 -0.191305 0.157297 0.384499 
-0.19213 0.163083 0.364244 -0.207938 0.151983 0.372688 -0.162632 0.159394 0.361989 
-0.102811 0.146231 0.377733 -0.103637 0.152016 0.357478 -0.0733136 0.142542 0.375477 
-0.0741389 0.148327 0.355222 -0.0438158 0.138853 0.373222 -0.0446411 0.144638 0.352967 
-0.0309515 0.12985 0.359155 0.162669 0.113031 0.357433 0.161844 0.118816 0.337178 
0.146035 0.107716 0.345622 0.192167 0.109342 0.355177 0.191341 0.115127 0.334923 
0.309333 0.100372 0.325901 0.338831 0.0966826 0.323645 0.369154 0.0872082 0.341644 
0.35252 0.0818939 0.329834 -0.222921 0.135098 0.401387 -0.223747 0.140883 0.381132 
-0.239555 0.129783 0.389576 -0.0459345 0.112964 0.387854 -0.0172619 0.115061 0.365344 
-0.0164367 0.109275 0.385598 0.0130611 0.105586 0.383343 0.0122359 0.111372 0.363088 
0.0425589 0.101898 0.381087 0.0417337 0.107683 0.360833 0.0720568 0.0982087 0.378832 
0.0712315 0.103994 0.358577 0.101555 0.0945197 0.376576 0.100729 0.100305 0.356322 
0.131052 0.0908308 0.374321 0.130227 0.0966164 0.354066 0.36621 0.0671052 0.336022 
0.396533 0.0576307 0.354021 0.379899 0.0523164 0.34221 -0.284036 0.116587 0.420531 
-0.284861 0.122373 0.400276 -0.300669 0.111273 0.40872 -0.255363 0.118684 0.39802 
0.393589 0.0375277 0.348399 0.423912 0.0280532 0.366398 0.407278 0.0227389 0.354587 
-0.316477 0.100173 0.417164 -0.332286 0.089073 0.425608 0.420968 0.00795018 0.360776 
0.434657 -0.00683856 0.366964 -0.334404 0.0631844 0.44024 0.403041 -0.0290382 0.383852 
0.418849 -0.0179384 0.375408 -0.336523 0.0372958 0.454873 0.371424 -0.0512379 0.40074 
0.387233 -0.0401381 0.392296 -0.338642 0.0114073 0.469505 0.369306 -0.0771265 0.415373 
-0.34076 -0.0144813 0.484138 0.367187 -0.103015 0.430005 -0.355743 -0.0313667 0.512837 
-0.356569 -0.0255811 0.492582 -0.372377 -0.036681 0.501026 0.365068 -0.128904 0.444638 
-0.358687 -0.0514697 0.507214 -0.32919 -0.0551586 0.504959 -0.299692 -0.0588475 0.502703 
-0.298867 -0.0646331 0.522958 -0.286002 -0.0736363 0.508892 0.202596 -0.127344 0.484614 
0.185963 -0.132659 0.472803 0.201771 -0.121559 0.464359 0.231269 -0.125248 0.462104 
0.260767 -0.128937 0.459848 0.290265 -0.132626 0.457593 0.319762 -0.136315 0.455337 
0.34926 -0.140003 0.453082 -0.272313 -0.088425 0.51508 -0.271487 -0.0942106 0.535335 
-0.258623 -0.103214 0.521269 0.124849 -0.15117 0.491947 0.140657 -0.14007 0.483503 
0.170155 -0.143759 0.481247 -0.244934 -0.118002 0.527457 -0.231244 -0.132791 0.533646 
0.0637342 -0.16968 0.51109 0.0795424 -0.15858 0.502646 0.10904 -0.162269 0.500391 
-0.217554 -0.14758 0.539834 -0.203865 -0.162369 0.546023 -0.0102445 -0.179188 0.5443 
-0.0268779 -0.184502 0.532489 -0.0110697 -0.173402 0.524045 0.0184281 -0.177091 0.52179 
0.0479259 -0.18078 0.519534 -0.190175 -0.177157 0.552211 -0.160677 -0.180846 0.549955 
-0.13118 -0.184535 0.5477 -0.101682 -0.188224 0.545444 -0.072184 -0.191913 0.543189 
-0.0426862 -0.195602 0.540933 -0.102343 0.18369 0.322591 -0.103168 0.189476 0.302336 
-0.118977 0.178376 0.31078 -0.0894789 0.174687 0.308524 0.192635 0.146801 0.300035 
0.19181 0.152587 0.279781 0.176001 0.141487 0.288225 0.205499 0.137798 0.285969 
0.251631 0.139423 0.295524 -0.163458 0.16518 0.341734 -0.164283 0.170965 0.321479 
-0.180091 0.159865 0.329923 -0.134785 0.167276 0.319224 -0.104462 0.157802 0.337223 
-0.0757893 0.159898 0.314713 -0.0749641 0.154113 0.334968 -0.0620998 0.14511 0.320901 
0.161018 0.124602 0.316923 0.160193 0.130387 0.296669 0.144385 0.119287 0.305113 
0.190516 0.120913 0.314668 0.219189 0.123009 0.292158 0.248687 0.11932 0.289902 
0.27901 0.109846 0.307901 0.262376 0.104532 0.296091 -0.195899 0.148765 0.338367 
-0.211708 0.137666 0.346811 -0.0484102 0.130321 0.32709 -0.0180872 0.120846 0.345089 
-0.0189124 0.126632 0.324834 0.0114107 0.117158 0.342833 0.0105854 0.122943 0.322579 
0.0409085 0.113469 0.340578 0.0400832 0.119254 0.320323 0.0704063 0.10978 0.338322 
0.069581 0.115565 0.318068 0.0999041 0.106091 0.336067 0.0990789 0.111876 0.315812 
0.129402 0.102402 0.333811 0.128577 0.108188 0.313557 0.276066 0.089743 0.302279 
0.306389 0.0802685 0.320278 0.289755 0.0749542 0.308468 0.335887 0.0765796 0.318023 
-0.256188 0.124469 0.377766 -0.257014 0.130255 0.357511 -0.272822 0.119155 0.365955 
-0.227516 0.126566 0.355255 0.303445 0.0601655 0.314656 0.332943 0.0564766 0.3124 
0.363266 0.0470021 0.3304 0.346632 0.0416878 0.318589 -0.317303 0.105958 0.396909 
-0.318128 0.111744 0.376654 -0.333936 0.100644 0.385098 -0.28863 0.108055 0.374399 
0.360322 0.0268991 0.324777 0.390645 0.0174246 0.342777 0.374011 0.0121104 0.330966 
-0.348919 0.0837587 0.413797 -0.349744 0.0895443 0.393542 -0.365553 0.0784444 0.401986 
0.387701 -0.00267838 0.337154 0.418024 -0.0121528 0.355154 0.40139 -0.0174671 0.343343 
-0.351863 0.0636557 0.408175 -0.338174 0.048867 0.414363 0.386407 -0.0343525 0.372042 
0.369774 -0.0396668 0.360231 0.385582 -0.028567 0.351787 -0.340292 0.0229784 0.428996 
0.367655 -0.0655554 0.374863 -0.342411 -0.0029102 0.443628 0.365537 -0.0914439 0.389496 
-0.357394 -0.0197956 0.472327 -0.358219 -0.01401 0.452072 -0.374027 -0.0251099 0.460516 
0.350554 -0.108329 0.418195 0.33392 -0.113644 0.406384 0.349728 -0.102544 0.39794 
-0.359513 -0.0456842 0.486959 -0.360338 -0.0398986 0.466705 -0.346648 -0.0546874 0.472893 
0.348435 -0.134218 0.432827 0.331801 -0.139532 0.421016 -0.332959 -0.0694761 0.479082 
-0.303461 -0.073165 0.476826 -0.289771 -0.0879537 0.483015 0.182194 -0.146976 0.446926 
0.198002 -0.135876 0.438482 0.2275 -0.139565 0.436227 0.256998 -0.143254 0.433971 
0.286495 -0.146943 0.431716 0.315993 -0.150632 0.42946 -0.276082 -0.102742 0.489203 
-0.262392 -0.117531 0.495392 0.121079 -0.165487 0.46607 0.136888 -0.154387 0.457626 
0.166385 -0.158076 0.45537 -0.248703 -0.13232 0.50158 -0.235013 -0.147109 0.507769 
0.0471007 -0.174995 0.49928 0.0304672 -0.180309 0.487469 0.0462755 -0.169209 0.479025 
0.0757733 -0.172898 0.476769 0.105271 -0.176587 0.474514 -0.221324 -0.161897 0.513957 
-0.191826 -0.165586 0.511702 -0.191001 -0.171372 0.531956 -0.162328 -0.169275 0.509446 
-0.161503 -0.175061 0.529701 -0.148638 -0.184064 0.515634 -0.0730092 -0.186128 0.522934 
-0.0896427 -0.191442 0.511123 -0.0738345 -0.180342 0.502679 -0.0443367 -0.184031 0.500424 
-0.0435114 -0.189816 0.520679 -0.0148389 -0.18772 0.498168 0.014659 -0.191409 0.495913 
-0.134949 -0.198853 0.521823 -0.105451 -0.202542 0.519567 -0.13561 0.173062 0.298969 
-0.136435 0.178847 0.278714 -0.152244 0.167748 0.287158 -0.106938 0.175158 0.276459 
-0.0766146 0.165684 0.294458 -0.0774398 0.17147 0.274203 -0.0637502 0.156681 0.280392 
0.0708745 0.147239 0.28318 0.0700493 0.153025 0.262926 0.054241 0.141925 0.27137 
0.100372 0.143551 0.280925 0.0995471 0.149336 0.26067 0.12987 0.139862 0.278669 
0.129045 0.145647 0.258415 0.159368 0.136173 0.276414 0.158543 0.141958 0.256159 
0.188041 0.138269 0.253904 0.20173 0.123481 0.260092 -0.196725 0.154551 0.318113 
-0.19755 0.160337 0.297858 -0.213358 0.149237 0.306302 -0.168052 0.156648 0.295602 
-0.0492354 0.136106 0.306835 -0.0500607 0.141892 0.28658 -0.0197376 0.132418 0.30458 
-0.0205629 0.138203 0.284325 0.00976018 0.128729 0.302324 0.00893495 0.134514 0.282069 
0.039258 0.12504 0.300068 0.0384328 0.130825 0.279814 0.0687558 0.121351 0.297813 
0.0982536 0.117662 0.295557 0.127751 0.113973 0.293302 0.21542 0.108692 0.266281 
0.244917 0.105003 0.264025 0.258607 0.0902142 0.270214 -0.228341 0.132351 0.335001 
-0.229166 0.138137 0.314746 -0.244975 0.127037 0.32319 0.273122 0.06964 0.296657 
0.256488 0.0643257 0.284846 -0.289455 0.113841 0.354144 -0.290281 0.119626 0.333889 
-0.306089 0.108526 0.342333 -0.260783 0.115937 0.331634 0.270178 0.0495369 0.291035 
0.300501 0.0400625 0.309034 0.283867 0.0347482 0.297223 0.329999 0.0363736 0.306778 
-0.35057 0.0953298 0.373288 -0.351395 0.101115 0.353033 -0.367203 0.0900155 0.361477 
-0.321897 0.0974265 0.350777 0.297557 0.0199594 0.303411 0.32788 0.010485 0.321411 
0.311247 0.0051707 0.3096 0.357378 0.00679608 0.319155 -0.352688 0.0694413 0.38792 
-0.353514 0.0752268 0.367665 -0.339824 0.0604381 0.373854 0.324936 -0.00961804 0.315788 
0.355259 -0.0190925 0.333788 0.338626 -0.0244068 0.321977 0.384757 -0.0227814 0.331532 
-0.341943 0.0345495 0.388486 0.353141 -0.0449811 0.34842 0.336507 -0.0502954 0.336609 
-0.344061 0.00866091 0.403119 0.351022 -0.0708697 0.363053 0.334388 -0.0761839 0.351242 
-0.359044 -0.00822448 0.431818 -0.35987 -0.00243893 0.411563 -0.375678 -0.0135388 0.420007 
0.348903 -0.0967582 0.377685 0.33227 -0.102073 0.365874 -0.377797 -0.0394273 0.434639 
0.330151 -0.127961 0.380507 -0.364107 -0.0542161 0.440828 -0.334609 -0.057905 0.438572 
-0.333784 -0.0636905 0.458827 -0.305111 -0.0615939 0.436317 -0.304286 -0.0673794 0.456571 
-0.291422 -0.0763826 0.442505 0.226674 -0.13378 0.415972 0.210041 -0.139094 0.404161 
0.225849 -0.127994 0.395717 0.239539 -0.142783 0.401906 0.315168 -0.144846 0.409205 
0.298534 -0.150161 0.397395 0.314343 -0.139061 0.388951 -0.277732 -0.0911714 0.448694 
-0.276907 -0.0969569 0.468948 -0.264043 -0.10596 0.454882 0.16556 -0.152291 0.435116 
0.148927 -0.157605 0.423305 0.164735 -0.146505 0.414861 0.194233 -0.150194 0.412605 
0.253228 -0.157572 0.408094 0.282726 -0.161261 0.405839 -0.250353 -0.120749 0.461071 
-0.249528 -0.126534 0.481325 -0.236664 -0.135538 0.467259 0.104446 -0.170801 0.454259 
0.0878124 -0.176116 0.442448 0.103621 -0.165016 0.434004 0.133118 -0.168705 0.431749 
-0.238782 -0.161426 0.481892 0.0138337 -0.185623 0.475658 -0.00279976 -0.190937 0.463847 
0.0130085 -0.179838 0.455403 0.0425063 -0.183527 0.453148 0.0720041 -0.187215 0.450892 
-0.225093 -0.176215 0.48808 -0.195595 -0.179904 0.485824 -0.166097 -0.183593 0.483569 
-0.136599 -0.187282 0.481313 -0.135774 -0.193067 0.501568 -0.107101 -0.190971 0.479058 
-0.106276 -0.196756 0.499313 -0.0776036 -0.194659 0.476802 -0.0481058 -0.198348 0.474547 
-0.018608 -0.202037 0.472291 0.0713427 0.184699 0.228039 0.0705175 0.190485 0.207784 
0.0547092 0.179385 0.216228 0.0842071 0.175696 0.213972 -0.078265 0.177255 0.253949 
-0.0790903 0.183041 0.233694 -0.0948985 0.171941 0.242138 -0.0654007 0.168252 0.239882 
0.0397262 0.162499 0.244927 0.038901 0.168285 0.224672 0.0230927 0.157185 0.233116 
0.069224 0.158811 0.242671 0.0978966 0.160907 0.220161 0.0987218 0.155122 0.240415 
0.12822 0.151433 0.23816 0.127394 0.157218 0.217905 0.141084 0.14243 0.224094 
-0.168877 0.162433 0.275348 -0.169702 0.168219 0.255093 -0.185511 0.157119 0.263537 
-0.140205 0.16453 0.252837 -0.110707 0.160841 0.250582 -0.0508859 0.147678 0.266326 
-0.0517111 0.153463 0.246071 -0.0213881 0.143989 0.26407 -0.0222133 0.149774 0.243815 
0.00810971 0.1403 0.261815 0.00728448 0.146085 0.24156 0.0376075 0.136611 0.259559 
0.154774 0.127641 0.230282 0.185097 0.118166 0.248281 0.168463 0.112852 0.236471 
-0.201319 0.146019 0.271981 -0.217127 0.134919 0.280425 0.182153 0.0980633 0.242659 
0.21165 0.0943744 0.240404 0.241974 0.0849 0.258403 0.22534 0.0795857 0.246592 
-0.261608 0.121723 0.311379 -0.262433 0.127508 0.291124 -0.278241 0.116409 0.299568 
-0.232935 0.123819 0.288869 0.23903 0.0647969 0.252781 0.252719 0.0500082 0.258969 
-0.322722 0.103212 0.330523 -0.323548 0.108998 0.310268 -0.339356 0.0978977 0.318712 
-0.29405 0.105309 0.308012 0.267234 0.0294339 0.285412 0.2506 0.0241196 0.273602 
-0.355164 0.0867979 0.327156 -0.370972 0.0756981 0.3356 0.26429 0.00933088 0.27979 
0.294613 -0.000143581 0.297789 0.27798 -0.00545786 0.285978 -0.357283 0.0609093 0.341788 
-0.343593 0.0461206 0.347977 0.291669 -0.0202466 0.292167 0.321992 -0.0297211 0.310166 
0.305359 -0.0350353 0.298355 -0.345712 0.020232 0.362609 0.319048 -0.0498241 0.304544 
0.332738 -0.0646128 0.310732 -0.360695 0.00334663 0.391308 -0.36152 0.00913218 0.371053 
-0.377328 -0.00196766 0.379497 0.330619 -0.0905014 0.325365 -0.392311 -0.018853 0.408196 
-0.393137 -0.0130675 0.387941 -0.408945 -0.0241673 0.396385 0.3285 -0.11639 0.339997 
-0.395255 -0.0389561 0.402574 -0.365757 -0.042645 0.400318 -0.364932 -0.0484305 0.420573 
-0.352068 -0.0574337 0.406507 0.313517 -0.133275 0.368696 0.296884 -0.13859 0.356885 
0.312692 -0.12749 0.348441 -0.338378 -0.0722225 0.412695 -0.308881 -0.0759114 0.41044 
-0.295191 -0.0907001 0.416628 0.206272 -0.153412 0.378284 0.22208 -0.142312 0.36984 
0.251578 -0.146001 0.367585 0.252403 -0.151786 0.38784 0.265267 -0.160789 0.373773 
0.294765 -0.164478 0.371518 -0.281501 -0.105489 0.422817 -0.267812 -0.120278 0.429005 
0.145158 -0.171922 0.397428 0.160966 -0.160822 0.388984 0.190464 -0.164511 0.386728 
0.278957 -0.175578 0.379962 -0.254122 -0.135066 0.435194 -0.240433 -0.149855 0.441382 
0.0711789 -0.18143 0.430638 0.0545454 -0.186744 0.418827 0.0703536 -0.175644 0.410383 
0.0998515 -0.179333 0.408127 0.129349 -0.183022 0.405872 -0.226743 -0.164644 0.447571 
-0.225918 -0.170429 0.467825 -0.213054 -0.179433 0.453759 -0.0489311 -0.192563 0.454292 
-0.0655646 -0.197877 0.442481 -0.0497563 -0.186777 0.434037 -0.0202585 -0.190466 0.431782 
-0.0194332 -0.196252 0.452037 0.00923933 -0.194155 0.429526 0.0387371 -0.197844 0.427271 
-0.199364 -0.194221 0.459947 -0.169866 -0.19791 0.457692 -0.140368 -0.201599 0.455436 
-0.110871 -0.205288 0.453181 -0.0813728 -0.208977 0.450925 0.00857793 0.177759 0.206673 
0.0077527 0.183545 0.186418 -0.00805555 0.172445 0.194862 0.0380757 0.174071 0.204417 
0.0372505 0.179856 0.184162 0.0667483 0.176167 0.181907 0.0804379 0.161378 0.188095 
-0.14103 0.170315 0.232583 -0.141855 0.176101 0.212328 -0.157663 0.165001 0.220772 
-0.111532 0.166627 0.230327 -0.112357 0.172412 0.210072 -0.0828594 0.168723 0.207817 
-0.0525364 0.159249 0.225816 -0.0533616 0.165034 0.205561 -0.0230386 0.15556 0.223561 
-0.0238638 0.161345 0.203306 0.00645924 0.151871 0.221305 0.0941275 0.14659 0.194284 
0.12445 0.137115 0.212283 0.107817 0.131801 0.200472 -0.173472 0.153901 0.229216 
-0.18928 0.142801 0.23766 0.121507 0.117012 0.206661 0.151004 0.113323 0.204405 
0.164694 0.0985346 0.210594 -0.233761 0.129605 0.268614 -0.234586 0.135391 0.248359 
-0.250394 0.124291 0.256803 -0.205088 0.131702 0.246104 0.178384 0.0837459 0.216782 
0.208707 0.0742714 0.234781 0.192073 0.0689571 0.222971 -0.294875 0.111094 0.287758 
-0.2957 0.11688 0.267503 -0.311508 0.10578 0.275947 -0.266202 0.113191 0.265247 
0.205763 0.0541684 0.229159 0.236086 0.0446939 0.247158 0.219452 0.0393796 0.235348 
-0.327317 0.0946801 0.284391 -0.343125 0.0835803 0.292835 0.233142 0.0245909 0.241536 
0.246831 0.00980215 0.247724 -0.358108 0.0666949 0.321534 -0.345244 0.0576917 0.307467 
0.260521 -0.00498659 0.253913 0.27421 -0.0197753 0.260101 -0.347362 0.0318031 0.3221 
0.2879 -0.0345641 0.26629 0.30159 -0.0493528 0.272478 -0.349481 0.00591454 0.336732 
0.315279 -0.0641416 0.278667 0.328969 -0.0789303 0.284855 -0.365289 -0.00518529 0.345176 
-0.381098 -0.0162851 0.35362 0.32685 -0.104819 0.299488 -0.396081 -0.0331705 0.382319 
-0.383216 -0.0421737 0.368253 0.324731 -0.130707 0.31412 -0.369527 -0.0569624 0.374441 
-0.340029 -0.0606514 0.372186 -0.339204 -0.0664369 0.39244 -0.310531 -0.0643403 0.36993 
-0.309706 -0.0701258 0.390185 -0.296841 -0.079129 0.376119 0.221255 -0.136526 0.349586 
0.204621 -0.14184 0.337775 0.22043 -0.130741 0.329331 0.249927 -0.134429 0.327075 
0.250753 -0.140215 0.34733 0.263617 -0.149218 0.333264 0.293115 -0.152907 0.331008 
0.308923 -0.141807 0.322564 -0.283152 -0.0939177 0.382307 -0.282327 -0.0997033 0.402562 
-0.269462 -0.108706 0.388496 0.189638 -0.158726 0.366474 0.173005 -0.16404 0.354663 
0.188813 -0.15294 0.346219 0.277307 -0.164007 0.339452 0.278132 -0.169793 0.359707 
-0.271581 -0.134595 0.403128 0.128524 -0.177237 0.385617 0.111891 -0.182551 0.373806 
0.127699 -0.171451 0.365362 0.157197 -0.17514 0.363107 -0.257891 -0.149384 0.409317 
-0.244202 -0.164173 0.415505 0.0379119 -0.192058 0.407016 0.0212784 -0.197373 0.395205 
0.0370867 -0.186273 0.386761 0.0665845 -0.189962 0.384506 0.0960823 -0.193651 0.38225 
-0.230512 -0.178961 0.421694 -0.201015 -0.18265 0.419438 -0.200189 -0.188436 0.439693 
-0.171517 -0.186339 0.417182 -0.170691 -0.192125 0.437437 -0.142019 -0.190028 0.414927 
-0.141194 -0.195814 0.435182 -0.112521 -0.193717 0.412671 -0.111696 -0.199502 0.432926 
-0.0830233 -0.197406 0.410416 -0.082198 -0.203191 0.430671 -0.0535255 -0.201095 0.40816 
-0.0240276 -0.204784 0.405905 0.00547017 -0.208473 0.403649 -0.0541869 0.17082 0.185307 
-0.0550121 0.176605 0.165052 -0.0708203 0.165506 0.173496 -0.024689 0.167131 0.183051 
-0.0255143 0.172916 0.162796 0.00398354 0.169228 0.160541 0.0334814 0.165539 0.158285 
0.0638044 0.156064 0.176285 0.0471709 0.15075 0.164474 -0.174297 0.159687 0.208961 
-0.175122 0.165472 0.188706 -0.19093 0.154373 0.19715 -0.145624 0.161784 0.186451 
-0.116126 0.158095 0.184195 -0.0866286 0.154406 0.18194 0.0608605 0.135961 0.170662 
0.0903583 0.132272 0.168407 0.104048 0.117484 0.174595 -0.205913 0.137487 0.225849 
-0.206739 0.143273 0.205594 -0.222547 0.132173 0.214038 0.117737 0.102695 0.180784 
0.14806 0.0932203 0.198783 0.131427 0.087906 0.186972 -0.296525 0.122665 0.247248 
-0.297351 0.128451 0.226993 -0.313159 0.117351 0.235437 -0.267028 0.118976 0.244993 
-0.267853 0.124762 0.224738 -0.238355 0.121073 0.222482 0.145117 0.0731173 0.193161 
0.17544 0.0636428 0.21116 0.158806 0.0583286 0.199349 -0.328142 0.100466 0.264136 
-0.328967 0.106251 0.243881 -0.344775 0.0951514 0.252325 0.172496 0.0435398 0.205538 
0.202819 0.0340654 0.223537 0.186185 0.0287511 0.211726 -0.359758 0.078266 0.281024 
-0.360584 0.0840515 0.260769 -0.376392 0.0729517 0.269213 0.199875 0.0139623 0.217915 
0.230198 0.00448787 0.235914 0.213564 -0.000826415 0.224103 -0.362702 0.058163 0.275402 
-0.349013 0.0433742 0.28159 0.227254 -0.0156152 0.230291 0.257577 -0.0250896 0.248291 
0.240943 -0.0304039 0.23648 -0.351131 0.0174857 0.296223 0.254633 -0.0451926 0.242668 
0.284956 -0.0546671 0.260668 0.268323 -0.0599814 0.248857 -0.366114 0.000600261 0.324922 
-0.36694 0.00638581 0.304667 -0.382748 -0.00471402 0.313111 0.282012 -0.0747701 0.255045 
0.312335 -0.0842446 0.273045 0.295702 -0.0895589 0.261234 -0.397731 -0.0215994 0.34181 
-0.398556 -0.0158139 0.321555 -0.414365 -0.0269137 0.329999 0.310217 -0.110133 0.287677 
0.293583 -0.115447 0.275866 -0.400675 -0.0417024 0.336187 -0.371177 -0.0453913 0.333932 
-0.370352 -0.0511769 0.354186 -0.357488 -0.0601801 0.34012 0.219604 -0.124955 0.309076 
0.202971 -0.130269 0.297265 0.218779 -0.119169 0.288821 0.248277 -0.122858 0.286566 
0.249102 -0.128644 0.306821 0.261967 -0.137647 0.292754 0.308098 -0.136022 0.30231 
0.291464 -0.141336 0.290499 -0.343798 -0.0749688 0.346309 -0.3143 -0.0786577 0.344053 
-0.300611 -0.0934465 0.350242 0.187988 -0.147155 0.325964 0.171354 -0.152469 0.314153 
0.187163 -0.141369 0.305709 0.275656 -0.152436 0.298943 0.276481 -0.158221 0.319198 
-0.286921 -0.108235 0.35643 -0.273232 -0.123024 0.362619 0.169236 -0.178358 0.328786 
-0.259542 -0.137813 0.368807 -0.258717 -0.143598 0.389062 -0.245852 -0.152601 0.374996 
0.0952571 -0.187865 0.361996 0.0786236 -0.193179 0.350185 0.0944318 -0.18208 0.341741 
0.12393 -0.185768 0.339485 0.153427 -0.189457 0.33723 -0.232163 -0.16739 0.381184 
-0.231338 -0.173176 0.401439 -0.218473 -0.182179 0.387372 -0.0543507 -0.195309 0.387906 
-0.0709842 -0.200623 0.376095 -0.0551759 -0.189524 0.367651 -0.0256781 -0.193213 0.365395 
-0.0248529 -0.198998 0.38565 0.0038197 -0.196901 0.36314 0.00464494 -0.202687 0.383395 
0.0333175 -0.20059 0.360884 0.0628153 -0.204279 0.358629 -0.204784 -0.196968 0.393561 
-0.175286 -0.200657 0.391305 -0.145788 -0.204345 0.38905 -0.11629 -0.208034 0.386794 
-0.0867924 -0.211723 0.384539 -0.0874538 0.160191 0.161685 -0.0882791 0.165977 0.14143 
-0.104087 0.154877 0.149874 -0.0587813 0.162288 0.139175 -0.0292834 0.158599 0.136919 
0.000214379 0.15491 0.134664 0.0297122 0.151221 0.132408 0.0434018 0.136432 0.138597 
-0.178891 0.151155 0.162829 -0.194699 0.140055 0.171273 -0.149393 0.147466 0.160574 
-0.119896 0.143777 0.158318 0.0570913 0.121644 0.144785 0.0874144 0.112169 0.162784 
0.0707809 0.106855 0.150974 -0.268678 0.130548 0.204483 -0.269503 0.136333 0.184228 
-0.285312 0.125233 0.192672 -0.23918 0.126859 0.202228 -0.240006 0.132644 0.181973 
-0.210508 0.128955 0.179717 0.0844704 0.0920662 0.157162 0.113968 0.0883773 0.154907 
0.127658 0.0735886 0.161095 -0.30112 0.114133 0.201116 -0.316928 0.103034 0.20956 
0.141347 0.0587998 0.167284 0.155037 0.0440111 0.173472 -0.361409 0.0898371 0.240515 
-0.362234 0.0956227 0.22026 -0.378042 0.0845228 0.228704 -0.332736 0.0919337 0.218004 
0.168727 0.0292223 0.179661 0.182416 0.0144336 0.185849 -0.393025 0.0676374 0.257403 
-0.393851 0.073423 0.237148 -0.409659 0.0623231 0.245592 0.196106 -0.000355144 0.192037 
0.209795 -0.0151439 0.198226 -0.395969 0.0475344 0.25178 -0.365646 0.0380599 0.26978 
-0.38228 0.0327457 0.257969 0.223485 -0.0299326 0.204414 0.237174 -0.0447214 0.210603 
-0.36859 0.0179569 0.264157 -0.354901 0.00316818 0.270346 0.251689 -0.0652957 0.237046 
0.235056 -0.0706099 0.225235 -0.370709 -0.00793166 0.27879 -0.386517 -0.0190315 0.287234 
0.248745 -0.0853987 0.231424 0.279068 -0.0948731 0.249423 0.262435 -0.100187 0.237612 
-0.4015 -0.0359169 0.315933 -0.388636 -0.0449201 0.301866 0.217954 -0.113384 0.268567 
0.20132 -0.118698 0.256756 0.217129 -0.107598 0.248312 0.246627 -0.111287 0.246056 
0.247452 -0.117073 0.266311 0.27695 -0.120762 0.264056 -0.374946 -0.0597088 0.308055 
-0.345448 -0.0633977 0.305799 -0.344623 -0.0691833 0.326054 -0.315951 -0.0670866 0.303544 
-0.315125 -0.0728722 0.323798 -0.302261 -0.0818754 0.309732 0.186337 -0.135584 0.285455 
0.169704 -0.140898 0.273644 0.185512 -0.129798 0.2652 0.274831 -0.14665 0.278688 
-0.288572 -0.0966641 0.315921 -0.287746 -0.10245 0.336175 -0.274882 -0.111453 0.322109 
0.167585 -0.166786 0.288276 -0.261192 -0.126242 0.328298 -0.260367 -0.132027 0.348552 
-0.247503 -0.14103 0.334486 0.152602 -0.183672 0.316975 0.135969 -0.188986 0.305164 
0.151777 -0.177886 0.29672 -0.249622 -0.166919 0.349119 0.0324923 -0.194805 0.34063 
0.0158588 -0.200119 0.328819 0.031667 -0.189019 0.320375 0.0611649 -0.192708 0.318119 
0.0619901 -0.198494 0.338374 0.0906627 -0.196397 0.315864 0.12016 -0.200086 0.313608 
-0.235932 -0.181708 0.355307 -0.206434 -0.185397 0.353051 -0.205609 -0.191182 0.373306 
-0.192745 -0.200185 0.35924 -0.117115 -0.202249 0.36654 -0.133749 -0.207563 0.354729 
-0.117941 -0.196463 0.346285 -0.0884429 -0.200152 0.344029 -0.0876177 -0.205938 0.364284 
-0.0589451 -0.203841 0.341774 -0.0294473 -0.20753 0.339518 5.05446e-05 -0.211219 0.337263 
-0.179055 -0.214974 0.365428 -0.149557 -0.218663 0.363173 -0.150219 0.153252 0.140319 
-0.151044 0.159037 0.120064 -0.166852 0.147937 0.128508 -0.120721 0.149563 0.138064 
-0.121546 0.155348 0.117809 -0.0920482 0.151659 0.115553 -0.0625504 0.14797 0.113298 
-0.0330526 0.144282 0.111042 -0.00355478 0.140593 0.108787 0.0267683 0.131118 0.126786 
0.0101348 0.125804 0.114975 -0.211333 0.134741 0.159463 -0.212158 0.140526 0.139208 
-0.227966 0.129427 0.147652 -0.18266 0.136837 0.136952 0.0238243 0.111015 0.121164 
0.0533222 0.107326 0.118908 0.0670117 0.0925375 0.125097 -0.273272 0.122016 0.158351 
-0.289081 0.110916 0.166795 -0.243775 0.118327 0.156096 0.0807013 0.0777487 0.131285 
0.111024 0.0682743 0.149284 0.0943908 0.06296 0.137474 -0.333562 0.0977193 0.19775 
-0.334387 0.103505 0.177495 -0.350195 0.092405 0.185939 -0.304889 0.0998159 0.175239 
0.10808 0.0481713 0.143662 0.137578 0.0444824 0.141407 0.151268 0.0296936 0.147595 
-0.366003 0.0813052 0.194383 -0.381812 0.0702053 0.202827 0.164957 0.0149049 0.153784 
0.178647 0.000116127 0.159972 -0.396795 0.05332 0.231526 -0.38393 0.0443168 0.217459 
0.192336 -0.0146726 0.16616 0.206026 -0.0294614 0.172349 -0.370241 0.029528 0.223648 
-0.369415 0.0237425 0.243903 -0.356551 0.0147393 0.229836 0.220541 -0.0500357 0.198792 
0.203907 -0.0553499 0.186981 -0.372359 0.00363945 0.23828 -0.388168 -0.00746039 0.246724 
-0.371534 -0.0021461 0.258535 0.217597 -0.0701387 0.19317 0.231286 -0.0849274 0.199358 
-0.403151 -0.0243458 0.275423 -0.403976 -0.0185602 0.255168 -0.419784 -0.0296601 0.263612 
0.245801 -0.105502 0.225802 0.229168 -0.110816 0.213991 -0.406095 -0.0444488 0.269801 
-0.376597 -0.0481377 0.267545 -0.375772 -0.0539233 0.2878 -0.347099 -0.0518266 0.26529 
-0.346274 -0.0576122 0.285544 -0.333409 -0.0666154 0.271478 0.197551 -0.133016 0.230879 
0.21336 -0.121916 0.222435 -0.31972 -0.0814041 0.277667 -0.30603 -0.0961928 0.283855 
0.165935 -0.155215 0.247767 0.181743 -0.144115 0.239323 -0.292341 -0.110982 0.290044 
-0.278651 -0.12577 0.296232 0.163816 -0.181104 0.262399 -0.264962 -0.140559 0.302421 
-0.251272 -0.155348 0.308609 0.119335 -0.1943 0.293354 0.102702 -0.199615 0.281543 
0.11851 -0.188515 0.273099 0.148008 -0.192204 0.270843 -0.237582 -0.170137 0.314798 
-0.236757 -0.175922 0.335052 -0.223893 -0.184925 0.320986 -0.0597703 -0.198056 0.321519 
-0.0764038 -0.20337 0.309708 -0.0605956 -0.19227 0.301264 -0.0310977 -0.195959 0.299009 
-0.0302725 -0.201744 0.319264 -0.00159993 -0.199648 0.296753 -0.00077469 -0.205433 0.317008 
0.0278979 -0.203337 0.294498 0.0573957 -0.207026 0.292242 0.0868935 -0.210715 0.289987 
-0.210203 -0.199714 0.327174 -0.180706 -0.203403 0.324919 -0.17988 -0.209188 0.345174 
-0.151208 -0.207092 0.322663 -0.150382 -0.212877 0.342918 -0.12171 -0.210781 0.320408 
-0.0922121 -0.21447 0.318152 -0.154813 0.14472 0.0941874 -0.170621 0.13362 0.102631 
-0.125315 0.141031 0.0919318 -0.0958174 0.137342 0.0896763 -0.0663196 0.133653 0.0874208 
-0.0368218 0.129964 0.0851653 -0.0064987 0.12049 0.103165 -0.0231322 0.115175 0.0913538 
-0.2446 0.124112 0.135841 -0.245425 0.129898 0.115586 -0.261233 0.118798 0.12403 
-0.215927 0.126209 0.113331 -0.18643 0.12252 0.111075 -0.00944263 0.100387 0.0975422 
0.0200552 0.0966977 0.0952867 0.049553 0.0930088 0.0930312 0.0632426 0.07822 0.0992197 
-0.305714 0.105601 0.154985 -0.306539 0.111387 0.13473 -0.322348 0.100287 0.143174 
-0.277042 0.107698 0.132474 0.0769321 0.0634313 0.105408 0.0906217 0.0486425 0.111597 
-0.366829 0.0870907 0.174128 -0.367654 0.0928763 0.153873 -0.383462 0.0817765 0.162317 
-0.338156 0.0891874 0.151618 0.104311 0.0338538 0.117785 0.134634 0.0243793 0.135784 
0.118001 0.019065 0.123974 -0.398445 0.0648911 0.191016 -0.39927 0.0706766 0.170761 
-0.415079 0.0595768 0.179205 0.13169 0.0042763 0.130162 0.162013 -0.00519816 0.148161 
0.14538 -0.0105124 0.136351 -0.401389 0.044788 0.185394 -0.387699 0.0299993 0.191582 
0.159069 -0.0253012 0.142539 0.189393 -0.0347756 0.160538 0.172759 -0.0400899 0.148727 
-0.37401 0.0152106 0.197771 -0.36032 0.000421815 0.203959 0.186449 -0.0548787 0.154916 
0.200138 -0.0696674 0.161104 -0.376129 -0.010678 0.212403 -0.391937 -0.0217779 0.220847 
0.214653 -0.0902417 0.187548 0.19802 -0.095556 0.175737 -0.40692 -0.0386632 0.249546 
-0.394055 -0.0476664 0.23548 0.212534 -0.11613 0.20218 0.195901 -0.121445 0.190369 
-0.380366 -0.0624552 0.241668 -0.350868 -0.0661441 0.239413 -0.32137 -0.069833 0.237157 
-0.320545 -0.0756185 0.257412 -0.307681 -0.0846217 0.243346 0.180918 -0.13833 0.219068 
0.164284 -0.143644 0.207257 0.180093 -0.132544 0.198813 -0.293991 -0.0994105 0.249534 
-0.293166 -0.105196 0.269789 -0.280302 -0.114199 0.255723 0.162166 -0.169533 0.22189 
-0.266612 -0.128988 0.261911 -0.265787 -0.134774 0.282166 -0.252922 -0.143777 0.2681 
0.147183 -0.186418 0.250589 0.130549 -0.191732 0.238778 0.146357 -0.180633 0.230334 
-0.255041 -0.169665 0.282732 -0.031923 -0.190173 0.278754 -0.0485565 -0.195488 0.266943 
-0.0327482 -0.184388 0.258499 -0.0032504 -0.188077 0.256244 -0.00242516 -0.193862 0.276499 
0.0262474 -0.191766 0.253988 0.0270727 -0.197551 0.274243 0.0557452 -0.195454 0.251733 
0.0565705 -0.20124 0.271988 0.085243 -0.199143 0.249477 0.0860683 -0.204929 0.269732 
0.114741 -0.202832 0.247222 -0.241352 -0.184454 0.28892 -0.211854 -0.188143 0.286665 
-0.211029 -0.193928 0.30692 -0.198164 -0.202932 0.292853 -0.122535 -0.204995 0.300153 
-0.139169 -0.210309 0.288342 -0.12336 -0.19921 0.279898 -0.0938625 -0.202899 0.277643 
-0.0930373 -0.208684 0.297898 -0.0643647 -0.206587 0.275387 -0.184475 -0.21772 0.299042 
-0.154977 -0.221409 0.296786 -0.187255 0.128306 0.0908206 -0.18808 0.134091 0.0705659 
-0.203888 0.122991 0.0790099 -0.158582 0.130402 0.0683104 -0.129084 0.126713 0.0660548 
-0.0995865 0.123024 0.0637993 -0.0700887 0.119335 0.0615438 -0.0405909 0.115647 0.0592883 
-0.0269013 0.100858 0.0654767 -0.277867 0.113484 0.11222 -0.278692 0.119269 0.0919649 
-0.2945 0.108169 0.100409 -0.249194 0.11558 0.0897094 -0.219696 0.111891 0.0874539 
-0.0132118 0.0860691 0.0716652 0.016286 0.0823802 0.0694097 0.0457838 0.0786913 0.0671542 
0.0594734 0.0639025 0.0733426 -0.338981 0.0949729 0.131363 -0.339806 0.100758 0.111108 
-0.355615 0.0896587 0.119552 -0.310309 0.0970696 0.108853 0.073163 0.0491138 0.0795311 
0.0868525 0.0343251 0.0857196 -0.371423 0.0785588 0.127996 -0.387231 0.067459 0.13644 
0.100542 0.0195363 0.0919081 0.114232 0.00474758 0.0980965 -0.403039 0.0563591 0.144884 
-0.418848 0.0452593 0.153328 0.127921 -0.0100412 0.104285 0.141611 -0.0248299 0.110473 
-0.405158 0.0304706 0.159517 -0.391469 0.0156818 0.165705 0.1553 -0.0396186 0.116662 
0.16899 -0.0544074 0.12285 -0.376954 -0.00489247 0.192149 -0.393587 -0.0102067 0.180338 
0.182679 -0.0691961 0.129039 0.196369 -0.0839849 0.135227 -0.40857 -0.0270921 0.209037 
-0.409396 -0.0213066 0.188782 -0.425204 -0.0324064 0.197226 0.19425 -0.109873 0.14986 
-0.411514 -0.0471952 0.203414 -0.382016 -0.0508841 0.201159 -0.381191 -0.0566696 0.221413 
-0.352519 -0.054573 0.198903 -0.351693 -0.0603585 0.219158 -0.338829 -0.0693617 0.205092 
0.179267 -0.126759 0.178559 0.162634 -0.132073 0.166748 0.178442 -0.120973 0.158304 
-0.325139 -0.0841505 0.21128 -0.31145 -0.0989392 0.217469 0.160515 -0.157962 0.18138 
-0.29776 -0.113728 0.223657 -0.284071 -0.128517 0.229846 0.145532 -0.174847 0.210079 
0.128899 -0.180161 0.198268 0.144707 -0.169062 0.189824 -0.270381 -0.143305 0.236034 
-0.256692 -0.158094 0.242223 0.113916 -0.197047 0.226967 0.0972821 -0.202361 0.215156 
0.11309 -0.191261 0.206712 -0.243002 -0.172883 0.248411 -0.242177 -0.178668 0.268666 
-0.229313 -0.187672 0.254599 -0.0946878 -0.197113 0.257388 -0.111321 -0.202427 0.245577 
-0.095513 -0.191327 0.237133 -0.0660152 -0.195016 0.234878 -0.06519 -0.200802 0.255133 
-0.0365174 -0.198705 0.232622 -0.00701955 -0.202394 0.230367 0.0224783 -0.206083 0.228111 
0.0519761 -0.209772 0.225856 0.0814739 -0.213461 0.2236 -0.215623 -0.20246 0.260788 
-0.186125 -0.206149 0.258532 -0.1853 -0.211935 0.278787 -0.156627 -0.209838 0.256277 
-0.155802 -0.215624 0.276532 -0.127129 -0.213527 0.254021 -0.191849 0.119774 0.0446889 
-0.207657 0.108674 0.0531328 -0.162351 0.116085 0.0424333 -0.132854 0.112396 0.0401778 
-0.103356 0.108707 0.0379223 -0.0738579 0.105018 0.0356668 -0.0443601 0.101329 0.0334112 
-0.014037 0.0918546 0.0514105 -0.0148623 0.0976402 0.0311557 -0.0011727 0.0828515 0.0373442 
-0.282461 0.104952 0.0660879 -0.29827 0.0938519 0.0745319 -0.252963 0.101263 0.0638324 
-0.223466 0.097574 0.0615768 0.0125169 0.0680627 0.0435327 0.0420147 0.0643738 0.0412772 
0.0557042 0.0495851 0.0474656 -0.372248 0.0843444 0.107742 -0.373073 0.0901299 0.0874869 
-0.388882 0.0790301 0.0959309 -0.343576 0.086441 0.0852314 -0.314078 0.0827521 0.0829759 
0.0693938 0.0347963 0.0536541 0.0830834 0.0200076 0.0598426 -0.403865 0.0621447 0.12463 
-0.40469 0.0679303 0.104375 -0.420498 0.0568304 0.112819 0.0967729 0.00521885 0.0660311 
0.110462 -0.0095699 0.0722195 -0.405983 0.0362561 0.139262 -0.406809 0.0420417 0.119007 
-0.393119 0.0272529 0.125196 0.124152 -0.0243586 0.078408 0.137842 -0.0391474 0.0845965 
-0.395238 0.00136436 0.139828 0.151531 -0.0539361 0.090785 0.165221 -0.0687249 0.0969734 
-0.410221 -0.015521 0.168527 -0.411046 -0.00973548 0.148272 -0.426854 -0.0208353 0.156716 
0.17891 -0.0835136 0.103162 0.1926 -0.0983023 0.10935 -0.412339 -0.0414096 0.18316 
-0.413165 -0.0356241 0.162905 -0.382842 -0.0450985 0.180904 -0.383667 -0.039313 0.160649 
-0.369977 -0.0541017 0.166838 0.177617 -0.115188 0.138049 0.160983 -0.120502 0.126238 
0.176792 -0.109402 0.117794 -0.356288 -0.0688904 0.173026 -0.32679 -0.0725794 0.170771 
-0.325965 -0.0783649 0.191025 -0.3131 -0.0873681 0.176959 0.146 -0.137387 0.154937 
0.129367 -0.142702 0.143126 0.145175 -0.131602 0.134682 -0.299411 -0.102157 0.183148 
-0.298586 -0.107942 0.203402 -0.285721 -0.116946 0.189336 0.143882 -0.163276 0.16957 
0.127248 -0.16859 0.157759 -0.272032 -0.131734 0.195525 -0.271206 -0.13752 0.215779 
-0.258342 -0.146523 0.201713 0.125129 -0.194479 0.172391 -0.244653 -0.161312 0.207902 
-0.243827 -0.167097 0.228156 -0.230963 -0.176101 0.21409 -0.0668404 -0.189231 0.214623 
-0.0834739 -0.194545 0.202812 -0.0676657 -0.183445 0.194368 -0.0381678 -0.187134 0.192113 
-0.0373426 -0.19292 0.212368 -0.00867002 -0.190823 0.189857 -0.00784479 -0.196609 0.210112 
0.0208278 -0.194512 0.187602 0.021653 -0.200298 0.207857 0.0503256 -0.198201 0.185346 
0.0511508 -0.203986 0.205601 0.0798234 -0.20189 0.183091 0.0806487 -0.207675 0.203346 
0.109321 -0.205579 0.180835 -0.217273 -0.190889 0.220278 -0.216448 -0.196675 0.240533 
-0.187776 -0.194578 0.218023 -0.18695 -0.200364 0.238278 -0.158278 -0.198267 0.215767 
-0.157453 -0.204053 0.236022 -0.12878 -0.201956 0.213512 -0.127955 -0.207742 0.233767 
-0.0992822 -0.205645 0.211256 -0.224291 0.10336 0.0413221 -0.225116 0.109145 0.0210674 
-0.240924 0.0980452 0.0295114 -0.195618 0.105456 0.0188118 -0.16612 0.101767 0.0165563 
-0.136623 0.0980784 0.0143008 -0.107125 0.0943895 0.0120453 -0.077627 0.0907005 0.00978976 
-0.0481292 0.0870116 0.00753423 -0.0186314 0.0833227 0.00527871 -0.00494185 0.068534 0.0114672 
-0.314903 0.0885377 0.0627211 -0.315728 0.0943232 0.0424664 -0.331537 0.0832234 0.0509104 
-0.28623 0.0906343 0.0402109 -0.256733 0.0869454 0.0379553 0.00874771 0.0537452 0.0176557 
0.0382455 0.0500563 0.0154001 0.0519351 0.0352676 0.0215886 -0.376843 0.0758125 0.0616099 
-0.392651 0.0647126 0.0700539 -0.347345 0.0721235 0.0593544 0.0656246 0.0204789 0.0277771 
0.0793142 0.00569012 0.0339656 -0.408459 0.0536128 0.0784979 -0.424267 0.0425129 0.0869419 
0.0930038 -0.00909862 0.040154 0.106693 -0.0238874 0.0463425 -0.410578 0.0277242 0.0931304 
-0.396888 0.0129355 0.0993188 0.120383 -0.0386761 0.052531 0.134072 -0.0534648 0.0587195 
-0.411871 -0.00394992 0.128018 -0.412696 0.00183563 0.107763 -0.428505 -0.00926421 0.116207 
0.147762 -0.0682536 0.0649079 0.161452 -0.0830423 0.0710964 -0.41399 -0.0298385 0.14265 
-0.414815 -0.0240529 0.122395 -0.401126 -0.0388417 0.128584 0.175966 -0.103617 0.0975396 
0.159333 -0.108931 0.0857289 -0.387436 -0.0536304 0.134772 -0.357938 -0.0573193 0.132517 
-0.357113 -0.0631049 0.152771 -0.32844 -0.0610082 0.130261 -0.327615 -0.0667938 0.150516 
-0.314751 -0.075797 0.13645 0.14435 -0.125816 0.114428 0.127716 -0.131131 0.102617 
0.143525 -0.120031 0.0941729 -0.301061 -0.0905857 0.142638 -0.300236 -0.0963713 0.162893 
-0.287372 -0.105374 0.148827 0.125598 -0.157019 0.117249 -0.273682 -0.120163 0.155015 
-0.272857 -0.125949 0.17527 -0.259993 -0.134952 0.161204 0.123479 -0.182908 0.131882 
-0.246303 -0.149741 0.167392 -0.245478 -0.155526 0.187647 -0.232613 -0.164529 0.173581 
-0.0389931 -0.181349 0.171858 -0.0556266 -0.186663 0.160047 -0.0398183 -0.175563 0.151603 
-0.0103205 -0.179252 0.149348 -0.00949526 -0.185037 0.169603 0.0191773 -0.182941 0.147092 
0.0200026 -0.188726 0.167347 0.0486751 -0.18663 0.144837 0.0495004 -0.192415 0.165092 
0.078173 -0.190319 0.142581 0.0789982 -0.196104 0.162836 0.107671 -0.194008 0.140326 
0.108496 -0.199793 0.160581 -0.234732 -0.190418 0.188213 -0.100107 -0.199859 0.191002 
-0.116741 -0.205174 0.179191 -0.100933 -0.194074 0.170747 -0.0714348 -0.197763 0.168491 
-0.221043 -0.205207 0.194401 -0.191545 -0.208896 0.192146 -0.162047 -0.212585 0.18989 
-0.132549 -0.216273 0.187635 -0.257558 0.092731 0.0177006 -0.258383 0.0985165 -0.00255414 
-0.274191 0.0874167 0.00588986 -0.228885 0.0948276 -0.00480966 -0.199387 0.0911387 -0.00706518 
-0.16989 0.0874498 -0.0093207 -0.140392 0.0837609 -0.0115762 -0.110894 0.080072 -0.0138317 
-0.0813962 0.0763831 -0.0160873 -0.0518984 0.0726942 -0.0183428 -0.0224006 0.0690053 -0.0205983 
-0.00871101 0.0542165 -0.0144098 -0.34817 0.0779091 0.0390996 -0.348995 0.0836947 0.0188449 
-0.364803 0.0725948 0.0272889 -0.319497 0.0800058 0.0165894 -0.29 0.0763168 0.0143339 
0.00497855 0.0394278 -0.00822135 0.0344764 0.0357389 -0.0104769 0.0481659 0.0209501 -0.0042884 
-0.409284 0.0593983 0.0582431 -0.41011 0.0651839 0.0379884 -0.425918 0.0540841 0.0464324 
-0.380612 0.061495 0.0357329 0.0618555 0.00616139 0.00190008 0.0755451 -0.00862735 0.00808855 
-0.411403 0.0335098 0.0728756 -0.412228 0.0392953 0.0526209 -0.398539 0.0245066 0.0588094 
0.0892346 -0.0234161 0.014277 0.102924 -0.0382048 0.0204655 -0.414347 0.0134067 0.0672533 
-0.430155 0.0023069 0.0756973 -0.413522 0.00762118 0.0875081 0.116614 -0.0529936 0.026654 
0.130303 -0.0677823 0.0328424 -0.445138 -0.0145785 0.104396 -0.445963 -0.00879294 0.0841413 
-0.461772 -0.0198928 0.0925853 0.144818 -0.0883566 0.0592857 0.128185 -0.0936709 0.0474749 
-0.448082 -0.0346815 0.0987738 -0.418584 -0.0383704 0.0965183 -0.389086 -0.0420593 0.0942628 
-0.388261 -0.0478449 0.114518 -0.359589 -0.0457482 0.0920072 -0.358763 -0.0515338 0.112262 
-0.345899 -0.060537 0.0981957 0.141874 -0.10846 0.0536634 0.155564 -0.123248 0.0598519 
-0.33221 -0.0753257 0.104384 -0.302712 -0.0790146 0.102129 -0.301886 -0.0848002 0.122383 
-0.289022 -0.0938034 0.108317 0.140581 -0.140134 0.0885506 0.153445 -0.149137 0.0744843 
-0.275333 -0.108592 0.114506 -0.274507 -0.114378 0.13476 -0.261643 -0.123381 0.120694 
0.138462 -0.166022 0.103183 0.151326 -0.175026 0.0891168 -0.247953 -0.13817 0.126883 
-0.247128 -0.143955 0.147137 -0.234264 -0.152958 0.133071 -0.0111457 -0.173466 0.129093 
-0.0277792 -0.178781 0.117282 -0.011971 -0.167681 0.108838 0.0175269 -0.17137 0.106583 
0.0183521 -0.177155 0.126838 0.0470247 -0.175059 0.104327 0.0478499 -0.180844 0.124582 
0.0607142 -0.189847 0.110516 0.106846 -0.188222 0.120071 0.090212 -0.193536 0.10826 
0.10602 -0.182436 0.0998163 0.135518 -0.186125 0.0975608 -0.236383 -0.178847 0.147704 
-0.07226 -0.191977 0.148237 -0.0888935 -0.197291 0.136426 -0.0730853 -0.186192 0.127982 
-0.0435875 -0.189881 0.125726 0.0744038 -0.204636 0.116704 -0.222693 -0.193636 0.153892 
-0.221868 -0.199421 0.174147 -0.193195 -0.197325 0.151636 -0.19237 -0.20311 0.171891 
-0.163697 -0.201013 0.149381 -0.162872 -0.206799 0.169636 -0.1342 -0.204702 0.147125 
-0.133374 -0.210488 0.16738 -0.104702 -0.208391 0.14487 -0.141217 0.0895464 -0.031831 
-0.142042 0.095332 -0.0520857 -0.157851 0.0842322 -0.0436417 -0.128353 0.0805432 -0.0458972 
-0.290825 0.0821024 -0.00592089 -0.29165 0.087888 -0.0261756 -0.307458 0.0767881 -0.0177316 
-0.262152 0.084199 -0.0284312 -0.232654 0.0805101 -0.0306867 -0.203157 0.0768212 -0.0329422 
-0.173659 0.0731323 -0.0351977 -0.114663 0.0657545 -0.0397088 -0.0851654 0.0620656 -0.0419643 
-0.0548423 0.0525911 -0.0239651 -0.0714758 0.0472769 -0.0357758 -0.0253445 0.0489022 -0.0262206 
0.00415331 0.0452133 -0.0284761 0.00332808 0.0509989 -0.0487308 -0.0124802 0.039899 -0.0402868 
0.0170176 0.0362101 -0.0425424 -0.381437 0.0672805 0.0154781 -0.382262 0.0730661 -0.0047766 
-0.39807 0.0619663 0.0036674 -0.352764 0.0693772 -0.00703212 -0.323267 0.0656883 -0.00928764 
-0.0577862 0.0324881 -0.0295873 -0.0282884 0.0287992 -0.0318428 0.0307072 0.0214214 -0.0363539 
0.0443968 0.00663266 -0.0301654 -0.413879 0.0508664 0.0121114 -0.429687 0.0397666 0.0205554 
0.0580863 -0.00815608 -0.0239769 0.0717759 -0.0229448 -0.0177885 -0.415997 0.0249778 0.0267439 
-0.402308 0.0101891 0.0329323 0.0854655 -0.0377336 -0.0116 0.099155 -0.0525223 -0.00541152 
-0.418116 -0.000910736 0.0413763 -0.433924 -0.0120106 0.0498203 0.112845 -0.067311 0.000776959 
0.126534 -0.0820998 0.00696543 -0.448907 -0.028896 0.0785191 -0.420235 -0.0267993 0.0560088 
-0.41941 -0.0325849 0.0762635 -0.406545 -0.0415881 0.0621973 0.140224 -0.0968885 0.0131539 
0.141049 -0.102674 0.0334086 0.153913 -0.111677 0.0193424 -0.392856 -0.0563768 0.0683858 
-0.363358 -0.0600657 0.0661302 -0.33386 -0.0637546 0.0638747 -0.333035 -0.0695402 0.0841295 
-0.304362 -0.0674435 0.0616192 -0.303537 -0.0732291 0.0818739 -0.290673 -0.0822323 0.0678077 
0.151795 -0.137566 0.0339749 -0.276983 -0.097021 0.0739961 -0.276158 -0.102807 0.0942509 
-0.263294 -0.11181 0.0801846 0.149676 -0.163454 0.0486073 -0.249604 -0.126598 0.0863731 
-0.248779 -0.132384 0.106628 -0.235914 -0.141387 0.0925616 0.0461994 -0.169273 0.0840726 
0.0295659 -0.174587 0.0722619 0.0453742 -0.163488 0.0638179 0.0590638 -0.178276 0.0700064 
0.134693 -0.18034 0.0773061 0.118059 -0.185654 0.0654953 0.133868 -0.174554 0.0570513 
-0.238033 -0.167276 0.107194 -0.0739105 -0.180406 0.107727 -0.090544 -0.18572 0.0959164 
-0.0747358 -0.17462 0.0874724 -0.0452379 -0.178309 0.0852169 -0.0444127 -0.184095 0.105472 
-0.0157401 -0.181998 0.0829614 0.0137577 -0.185687 0.0807059 0.0727533 -0.193065 0.0761948 
0.0735786 -0.198851 0.0964496 0.102251 -0.196754 0.0739393 -0.224344 -0.182065 0.113383 
-0.223518 -0.18785 0.133637 -0.194846 -0.185753 0.111127 -0.19402 -0.191539 0.131382 
-0.165348 -0.189442 0.108871 -0.164523 -0.195228 0.129126 -0.13585 -0.193131 0.106616 
-0.135025 -0.198917 0.126871 -0.106352 -0.19682 0.10436 -0.105527 -0.202606 0.124615 
-0.145811 0.0810145 -0.0779627 -0.16162 0.0699147 -0.0695187 -0.115488 0.0715401 -0.0599635 
-0.116314 0.0773256 -0.0802182 -0.102624 0.0625369 -0.0740298 -0.324092 0.0714738 -0.0295424 
-0.324917 0.0772594 -0.0497971 -0.340725 0.0661595 -0.0413531 -0.295419 0.0735705 -0.0520526 
-0.265921 0.0698816 -0.0543082 -0.236424 0.0661927 -0.0565637 -0.206926 0.0625038 -0.0588192 
-0.177428 0.0588148 -0.0610747 -0.0889345 0.0477481 -0.0678413 -0.0586115 0.0382737 -0.0498421 
-0.0594367 0.0440592 -0.0700968 -0.0291137 0.0345848 -0.0520976 -0.0299389 0.0403703 -0.0723523 
-0.00044108 0.0366814 -0.0746078 0.029882 0.027207 -0.0566086 0.0290567 0.0329925 -0.0768634 
0.0427463 0.0182038 -0.0706749 -0.386031 0.0587486 -0.0306536 -0.40184 0.0476488 -0.0222096 
-0.356534 0.0550597 -0.0329091 0.0572611 -0.00237053 -0.0442317 0.0564359 0.00341502 -0.0644864 
0.0701254 -0.0113737 -0.0582979 -0.417648 0.0365489 -0.0137656 -0.433456 0.0254491 -0.00532163 
0.0846402 -0.031948 -0.0318547 0.083815 -0.0261625 -0.0521095 0.0975045 -0.0409512 -0.045921 
-0.418941 0.00487482 0.0211216 -0.435575 -0.000439465 0.00931084 0.112019 -0.0615255 -0.0194778 
0.111194 -0.0557399 -0.0397325 0.124884 -0.0705287 -0.033544 -0.450558 -0.0173249 0.0380096 
-0.451383 -0.0115393 0.0177548 -0.467191 -0.0226391 0.0261988 0.122765 -0.0964173 -0.0189116 
-0.453502 -0.0374279 0.0323873 -0.424004 -0.0411168 0.0301318 -0.394506 -0.0448057 0.0278763 
-0.393681 -0.0505912 0.048131 -0.365008 -0.0484946 0.0256207 -0.364183 -0.0542802 0.0458755 
-0.33551 -0.0521835 0.0233652 -0.334685 -0.0579691 0.04362 -0.306013 -0.0558724 0.0211097 
-0.305187 -0.061658 0.0413644 -0.292323 -0.0706611 0.0272982 0.136455 -0.111206 -0.0127231 
0.150144 -0.125995 -0.00653463 -0.278634 -0.0854499 0.0334867 -0.277808 -0.0912354 0.0537414 
-0.264944 -0.100239 0.0396751 0.148025 -0.151883 0.00809784 -0.251254 -0.115027 0.0458636 
-0.250429 -0.120813 0.0661183 -0.237565 -0.129816 0.0520521 0.133042 -0.168769 0.0367966 
0.116409 -0.174083 0.0249858 0.132217 -0.162983 0.0165418 -0.223875 -0.144605 0.0582405 
-0.22305 -0.15039 0.0784953 -0.210186 -0.159394 0.064429 -0.0165654 -0.176213 0.0627066 
-0.0331988 -0.181527 0.0508959 -0.0173906 -0.170427 0.0424519 0.0121072 -0.174116 0.0401964 
0.0129325 -0.179902 0.0604511 0.041605 -0.177805 0.0379409 0.0711029 -0.181494 0.0356853 
0.0719281 -0.187279 0.0559401 0.100601 -0.185183 0.0334298 0.101426 -0.190968 0.0536846 
-0.225169 -0.176279 0.0931278 -0.196496 -0.174182 0.0706175 -0.195671 -0.179968 0.0908722 
-0.166998 -0.177871 0.068362 -0.166173 -0.183657 0.0886167 -0.137501 -0.18156 0.0661065 
-0.136675 -0.187346 0.0863612 -0.108003 -0.185249 0.0638509 -0.107177 -0.191035 0.0841057 
-0.0785049 -0.188938 0.0615954 -0.0490071 -0.192627 0.0593399 -0.149581 0.0666971 -0.10384 
-0.165389 0.0555972 -0.0953957 -0.120083 0.0630081 -0.106095 -0.106393 0.0482194 -0.0999068 
-0.328686 0.0629419 -0.0756741 -0.344494 0.0518421 -0.0672301 -0.299188 0.059253 -0.0779297 
-0.269691 0.0555641 -0.0801852 -0.240193 0.0518752 -0.0824407 -0.210695 0.0481863 -0.0846962 
-0.181197 0.0444974 -0.0869517 -0.0927037 0.0334307 -0.0937183 -0.0632059 0.0297418 -0.0959738 
-0.0337081 0.0260528 -0.0982293 -0.00421024 0.0223639 -0.100485 0.0252876 0.018675 -0.10274 
0.0556106 0.00920058 -0.0847412 0.0547854 0.0149861 -0.104996 0.0684749 0.000197389 -0.0988074 
-0.418473 0.0423345 -0.0340204 -0.419298 0.0481201 -0.0542751 -0.435107 0.0370202 -0.0458311 
-0.389801 0.0444311 -0.0565306 -0.360303 0.0407422 -0.0587862 0.0829898 -0.0203769 -0.0723642 
0.0821645 -0.0145914 -0.092619 0.0958541 -0.0293801 -0.0864305 -0.420592 0.0164459 -0.0193879 
-0.421417 0.0222315 -0.0396426 -0.407727 0.00744274 -0.0334542 0.110369 -0.0499544 -0.0599873 
0.109544 -0.0441688 -0.080242 0.123233 -0.0589576 -0.0740535 -0.423536 -0.0036571 -0.0250102 
-0.439344 -0.0147569 -0.0165662 0.137748 -0.0795319 -0.0476103 0.136923 -0.0737463 -0.0678651 
0.150612 -0.0885351 -0.0616766 -0.454327 -0.0316423 0.0121326 -0.425654 -0.0295457 -0.0103777 
-0.424829 -0.0353312 0.00987704 -0.396157 -0.0332346 -0.0126332 -0.395331 -0.0390201 0.00762152 
-0.366659 -0.0369235 -0.0148887 -0.365834 -0.042709 0.005366 -0.337161 -0.0406124 -0.0171443 
-0.336336 -0.046398 0.00311048 -0.307663 -0.0443013 -0.0193998 -0.306838 -0.0500869 0.000854961 
-0.293974 -0.05909 -0.0132113 0.135629 -0.10542 -0.0329778 0.148494 -0.114424 -0.0470441 
-0.280284 -0.0738788 -0.00702283 -0.279459 -0.0796643 0.0132319 -0.266594 -0.0886675 -0.000834358 
0.146375 -0.140312 -0.0324116 -0.252905 -0.103456 0.00535412 -0.25208 -0.109242 0.0256089 
-0.239215 -0.118245 0.0115426 0.144256 -0.166201 -0.0177792 -0.225526 -0.133034 0.0177311 
-0.224701 -0.138819 0.0379858 -0.211836 -0.147822 0.0239195 0.0407798 -0.172019 0.0176861 
0.0241463 -0.177334 0.00587537 0.0399546 -0.166234 -0.00256862 0.0694524 -0.169923 -0.00482414 
0.0702776 -0.175708 0.0154306 0.0989502 -0.173612 -0.00707966 0.0997754 -0.179397 0.0131751 
0.128448 -0.177301 -0.00933518 -0.198147 -0.162611 0.030108 -0.197321 -0.168397 0.0503628 
-0.184457 -0.1774 0.0362965 -0.0498323 -0.186841 0.0390852 -0.0664658 -0.192156 0.0272744 
-0.0506576 -0.181056 0.0188304 -0.0211598 -0.184745 0.0165749 0.00833806 -0.188434 0.0143194 
-0.170768 -0.192189 0.042485 -0.14127 -0.195878 0.0402294 -0.111772 -0.199567 0.0379739 
-0.0822741 -0.203255 0.0357184 -0.241018 0.0576607 -0.102695 -0.241843 0.0634463 -0.12295 
-0.257651 0.0523465 -0.114506 -0.21152 0.0539718 -0.104951 -0.212345 0.0597574 -0.125206 
-0.182022 0.0502829 -0.107206 -0.182848 0.0560685 -0.127461 -0.15335 0.0523796 -0.129717 
-0.123852 0.0486907 -0.131972 -0.110162 0.0339019 -0.125784 0.0244623 0.0244606 -0.122995 
0.0236371 0.0302461 -0.14325 0.00782885 0.0191463 -0.134806 0.0373267 0.0154574 -0.137061 
-0.390626 0.0502167 -0.0767854 -0.391451 0.0560023 -0.0970401 -0.407259 0.0449024 -0.0885961 
-0.361128 0.0465278 -0.0790409 -0.361953 0.0523133 -0.0992956 -0.332455 0.0486244 -0.101551 
-0.302958 0.0449355 -0.103807 -0.27346 0.0412466 -0.106062 -0.0964728 0.0191132 -0.119595 
-0.066975 0.0154243 -0.121851 -0.0374772 0.0117354 -0.124106 -0.0079794 0.00804647 -0.126362 
0.0510162 0.00066866 -0.130873 0.0813393 -0.0088058 -0.112874 0.080514 -0.00302025 -0.133128 
0.0942036 -0.017809 -0.12694 -0.423067 0.0338026 -0.0801521 -0.438876 0.0227027 -0.0717081 
0.108718 -0.0383833 -0.100497 0.107893 -0.0325977 -0.120751 0.138216 -0.0420722 -0.102752 
0.137391 -0.0362866 -0.123007 0.151081 -0.0510754 -0.116819 -0.425186 0.00791401 -0.0655197 
-0.411497 -0.00687474 -0.0593312 0.136098 -0.0679608 -0.0881198 0.148962 -0.076964 -0.102186 
-0.427305 -0.0179746 -0.0508872 -0.443113 -0.0290744 -0.0424432 0.163477 -0.0975382 -0.0757429 
0.162651 -0.0917527 -0.0959976 0.176341 -0.106541 -0.0898091 -0.429424 -0.0438631 -0.0362547 
-0.399926 -0.0475521 -0.0385102 -0.370428 -0.051241 -0.0407658 -0.34093 -0.0549299 -0.0430213 
-0.311432 -0.0586188 -0.0452768 -0.281934 -0.0623077 -0.0475323 -0.281109 -0.0680932 -0.0272776 
-0.268245 -0.0770964 -0.0413438 0.161358 -0.123427 -0.0611104 0.174222 -0.13243 -0.0751766 
-0.254555 -0.0918852 -0.0351554 -0.25373 -0.0976707 -0.0149006 -0.240866 -0.106674 -0.0289669 
0.142606 -0.15463 -0.0582887 0.158414 -0.14353 -0.0667327 -0.227176 -0.121463 -0.0227784 
-0.226351 -0.127248 -0.00252368 -0.213487 -0.136251 -0.0165899 0.0686271 -0.164137 -0.0250789 
0.0519937 -0.169452 -0.0368896 0.0678019 -0.158352 -0.0453336 0.0814915 -0.17314 -0.0391451 
0.127623 -0.171515 -0.0295899 0.110989 -0.176829 -0.0414007 0.126798 -0.16573 -0.0498447 
-0.199797 -0.15104 -0.0104015 -0.198972 -0.156826 0.00985327 -0.186108 -0.165829 -0.004213 
0.00751283 -0.182648 -0.00593537 -0.00912066 -0.187962 -0.0177461 0.00668759 -0.176862 -0.0261901 
0.0361854 -0.180551 -0.0284456 0.095181 -0.187929 -0.0329567 -0.172418 -0.180618 0.00197548 
-0.171593 -0.186403 0.0222302 -0.14292 -0.184307 -0.000280042 -0.142095 -0.190092 0.0199747 
-0.113422 -0.187995 -0.00253556 -0.112597 -0.193781 0.0177192 -0.0839245 -0.191684 -0.00479108 
-0.0830993 -0.19747 0.0154637 -0.0544267 -0.195373 -0.0070466 -0.0249289 -0.199062 -0.00930212 
-0.303783 0.0507211 -0.124061 -0.304608 0.0565066 -0.144316 -0.320416 0.0454068 -0.135872 
-0.274285 0.0470322 -0.126317 -0.27511 0.0528177 -0.146572 -0.245612 0.0491288 -0.148827 
-0.216115 0.0454399 -0.151083 -0.186617 0.041751 -0.153338 -0.157119 0.0380621 -0.155594 
-0.127621 0.0343732 -0.157849 -0.0972981 0.0248987 -0.13985 -0.0981233 0.0306843 -0.160105 
-0.0844337 0.0158956 -0.153916 0.0198679 0.0159287 -0.169127 0.00405969 0.00482884 -0.160683 
0.050191 0.00645421 -0.151128 0.0493658 0.0122398 -0.171382 0.0796888 0.00276531 -0.153383 
0.0788636 0.00855086 -0.173638 0.0925531 -0.00623788 -0.167449 -0.39522 0.0416848 -0.122917 
-0.411028 0.0305849 -0.114473 -0.365722 0.0379959 -0.125173 -0.336225 0.034307 -0.127428 
-0.0707442 0.00110681 -0.147728 -0.0412464 -0.00258209 -0.149983 -0.0117486 -0.006271 -0.152239 
0.107068 -0.0268122 -0.141006 0.106243 -0.0210266 -0.161261 0.136566 -0.0305011 -0.143262 
0.135741 -0.0247155 -0.163516 0.14943 -0.0395043 -0.157328 -0.426837 0.0194851 -0.106029 
-0.442645 0.00838528 -0.0975851 0.163945 -0.0600786 -0.130885 0.16312 -0.054293 -0.15114 
0.176809 -0.0690818 -0.144951 -0.42813 -0.012189 -0.0711419 -0.444764 -0.0175033 -0.0829527 
0.161826 -0.0859671 -0.116252 0.174691 -0.0949703 -0.130319 -0.430249 -0.0380776 -0.0565095 
-0.431074 -0.032292 -0.0767642 -0.400751 -0.0417665 -0.058765 -0.401576 -0.0359809 -0.0790197 
-0.372078 -0.0396699 -0.0812752 -0.371253 -0.0454554 -0.0610205 -0.342581 -0.0433588 -0.0835308 
-0.341755 -0.0491443 -0.063276 -0.313083 -0.0470477 -0.0857863 -0.312258 -0.0528332 -0.0655315 
-0.299393 -0.0618364 -0.0795978 0.172572 -0.120859 -0.115686 -0.285704 -0.0766252 -0.0734093 
-0.256206 -0.0803141 -0.0756649 -0.255381 -0.0860996 -0.0554101 -0.242516 -0.0951028 -0.0694764 
0.170453 -0.146747 -0.101054 -0.228827 -0.109892 -0.0632879 -0.228001 -0.115677 -0.0430332 
-0.215137 -0.12468 -0.0570994 0.138837 -0.168947 -0.0841657 0.154645 -0.157847 -0.0926097 
-0.201448 -0.139469 -0.050911 -0.200622 -0.145255 -0.0306562 -0.187758 -0.154258 -0.0447225 
0.0353602 -0.174766 -0.0487004 0.0187267 -0.18008 -0.0605111 0.0345349 -0.16898 -0.0689551 
0.0640327 -0.172669 -0.0712106 0.0935306 -0.176358 -0.0734662 0.0943558 -0.182144 -0.0532114 
0.123028 -0.180047 -0.0757217 -0.174068 -0.169047 -0.038534 -0.173243 -0.174832 -0.0182793 
-0.144571 -0.172735 -0.0407895 -0.143745 -0.178521 -0.0205348 -0.130881 -0.187524 -0.0346011 
-0.0257541 -0.193277 -0.0295569 -0.0423876 -0.198591 -0.0413676 -0.0265794 -0.187491 -0.0498116 
0.00291843 -0.19118 -0.0520671 -0.117192 -0.202313 -0.0284126 -0.0876937 -0.206002 -0.0306681 
-0.0581959 -0.209691 -0.0329236 -0.33705 0.0400925 -0.147683 -0.337875 0.0458781 -0.167938 
-0.353683 0.0347782 -0.159494 -0.308377 0.0421892 -0.170193 -0.278879 0.0385003 -0.172449 
-0.249382 0.0348114 -0.174704 -0.219884 0.0311225 -0.17696 -0.190386 0.0274335 -0.179215 
-0.160888 0.0237446 -0.181471 -0.13139 0.0200557 -0.183726 -0.101892 0.0163668 -0.185982 
-0.0715694 0.00689237 -0.167983 -0.0723947 0.0126779 -0.188237 -0.0420716 0.00320346 -0.170238 
-0.0428968 0.00898901 -0.190493 -0.0125738 -0.000485445 -0.172494 -0.013399 0.00530011 -0.192748 
0.0160988 0.0016112 -0.195004 0.0455966 -0.0020777 -0.197259 0.0750944 -0.00576661 -0.199515 
0.105417 -0.0152411 -0.181516 0.104592 -0.00945552 -0.20177 0.134915 -0.01893 -0.183771 
0.13409 -0.0131444 -0.204026 0.14778 -0.0279332 -0.197838 -0.427662 0.0252707 -0.126284 
-0.428487 0.0310562 -0.146539 -0.444295 0.0199564 -0.138095 -0.398989 0.0273673 -0.148794 
-0.369491 0.0236784 -0.15105 0.162294 -0.0485075 -0.171394 0.161469 -0.0427219 -0.191649 
0.175159 -0.0575106 -0.185461 -0.446414 -0.00593219 -0.123462 0.189674 -0.0780849 -0.159017 
0.188848 -0.0722994 -0.179272 0.202538 -0.0870881 -0.173084 -0.448533 -0.0318208 -0.10883 
-0.402401 -0.0301954 -0.0992745 -0.419035 -0.0355097 -0.111085 -0.403227 -0.0244098 -0.119529 
-0.373729 -0.0280987 -0.121785 -0.372904 -0.0338843 -0.10153 -0.360039 -0.0428875 -0.115596 
0.187555 -0.103974 -0.144385 0.200419 -0.112977 -0.158451 -0.434843 -0.0466095 -0.102641 
-0.34635 -0.0576762 -0.109408 -0.316852 -0.0613651 -0.111663 -0.287354 -0.065054 -0.113919 
-0.286529 -0.0708396 -0.0936641 -0.257856 -0.068743 -0.116174 -0.257031 -0.0745285 -0.0959196 
-0.244167 -0.0835317 -0.109986 0.185436 -0.129862 -0.129752 0.1983 -0.138865 -0.143819 
-0.230477 -0.0983204 -0.103797 -0.229652 -0.104106 -0.0835426 -0.216788 -0.113109 -0.0976089 
0.166684 -0.161065 -0.126931 0.182492 -0.149965 -0.135375 -0.203098 -0.127898 -0.0914204 
-0.202273 -0.133683 -0.0711657 -0.189408 -0.142687 -0.085232 0.0632075 -0.166884 -0.0914654 
0.046574 -0.172198 -0.103276 0.0623823 -0.161098 -0.11172 0.0918801 -0.164787 -0.113976 
0.0927053 -0.170573 -0.0937209 0.10557 -0.179576 -0.107787 0.135067 -0.183265 -0.110043 
0.150876 -0.172165 -0.118487 -0.175719 -0.157475 -0.0790435 -0.174894 -0.163261 -0.0587887 
-0.162029 -0.172264 -0.072855 0.0149575 -0.194398 -0.0863881 0.0307658 -0.183298 -0.0948321 
0.119259 -0.194364 -0.101599 -0.14834 -0.187053 -0.0666665 -0.118842 -0.190742 -0.0689221 
-0.118017 -0.196527 -0.0486673 -0.0893442 -0.194431 -0.0711776 -0.0885189 -0.200216 -0.0509228 
-0.0598464 -0.19812 -0.0734331 -0.0590211 -0.203905 -0.0531784 -0.0303485 -0.201809 -0.0756886 
-0.000850727 -0.205497 -0.0779441 -0.102718 0.0221524 -0.206237 -0.103543 0.0279379 -0.226491 
-0.119351 0.0168381 -0.218047 -0.0898534 0.0131492 -0.220303 0.0742692 1.89424e-05 -0.21977 
0.0734439 0.0058045 -0.240024 0.0576357 -0.00529534 -0.23158 0.103767 -0.00366996 -0.222025 
0.102942 0.00211559 -0.24228 0.133265 -0.00735887 -0.224281 0.13244 -0.00157332 -0.244535 
0.146129 -0.0163621 -0.238347 -0.370317 0.029464 -0.171304 -0.371142 0.0352495 -0.191559 
-0.38695 0.0241497 -0.183115 -0.341644 0.0315606 -0.193815 -0.312146 0.0278717 -0.19607 
-0.282649 0.0241828 -0.198326 -0.253151 0.0204939 -0.200581 -0.223653 0.016805 -0.202837 
-0.194155 0.0131161 -0.205092 -0.164657 0.00942717 -0.207348 -0.135159 0.00573826 -0.209603 
-0.0761638 -0.00163955 -0.214114 -0.046666 -0.00532846 -0.21637 -0.0171682 -0.00901736 -0.218625 
0.0123296 -0.0127063 -0.220881 0.0418274 -0.0163952 -0.223136 0.160644 -0.0369364 -0.211904 
0.159819 -0.0311508 -0.232159 0.190142 -0.0406253 -0.214159 0.189317 -0.0348397 -0.234414 
0.203006 -0.0496284 -0.228226 -0.432256 0.0167387 -0.172416 -0.448065 0.00563891 -0.163972 
-0.402758 0.0130498 -0.174671 0.188023 -0.0665138 -0.199527 0.216696 -0.0644172 -0.222037 
0.217521 -0.0702027 -0.201782 0.230385 -0.0792059 -0.215849 -0.450183 -0.0202497 -0.149339 
0.215402 -0.0960913 -0.18715 0.228267 -0.105095 -0.201216 -0.436494 -0.0350384 -0.143151 
-0.435668 -0.040824 -0.122896 -0.406996 -0.0387273 -0.145406 -0.377498 -0.0424162 -0.147662 
-0.348 -0.0461051 -0.149917 -0.347175 -0.0518907 -0.129663 -0.318502 -0.049794 -0.152173 
-0.317677 -0.0555796 -0.131918 -0.289005 -0.0534829 -0.154428 -0.288179 -0.0592685 -0.134174 
-0.275315 -0.0682717 -0.14824 0.213283 -0.12198 -0.172517 0.226148 -0.130983 -0.186584 
-0.261625 -0.0830604 -0.142051 -0.232128 -0.0867493 -0.144307 -0.231302 -0.0925349 -0.124052 
-0.218438 -0.101538 -0.138118 0.194531 -0.153183 -0.169696 0.21034 -0.142083 -0.17814 
-0.204749 -0.116327 -0.13193 -0.203923 -0.122112 -0.111675 -0.191059 -0.131116 -0.125741 
0.162915 -0.175382 -0.152808 0.178723 -0.164283 -0.161252 -0.177369 -0.145904 -0.119553 
-0.176544 -0.15169 -0.0992982 -0.16368 -0.160693 -0.113365 0.0299405 -0.177512 -0.115087 
0.0133071 -0.182826 -0.126898 0.0291153 -0.171727 -0.135342 0.0586131 -0.175416 -0.137597 
0.0881109 -0.179104 -0.139853 0.117609 -0.182793 -0.142108 0.118434 -0.188579 -0.121853 
0.147107 -0.186482 -0.144364 -0.14999 -0.175482 -0.107176 -0.149165 -0.181267 -0.0869213 
-0.136301 -0.190271 -0.100988 -0.00167596 -0.199712 -0.0981989 -0.0183094 -0.205026 -0.11001 
-0.0025012 -0.193926 -0.118454 -0.122611 -0.205059 -0.0947991 -0.0931133 -0.208748 -0.0970546 
-0.0636155 -0.212437 -0.0993101 -0.0341177 -0.216126 -0.101566 0.0726187 0.01159 -0.260279 
0.0717935 0.0173756 -0.280534 0.0559852 0.00627577 -0.27209 0.102117 0.00790114 -0.262535 
0.101291 0.0136867 -0.282789 0.131614 0.00421224 -0.26479 0.130789 0.00999779 -0.285045 
0.161112 0.00052333 -0.267046 0.160287 0.00630888 -0.2873 0.173976 -0.00847986 -0.281112 
-0.312972 0.0336573 -0.216325 -0.313797 0.0394428 -0.23658 -0.329605 0.028343 -0.228136 
-0.283474 0.0299683 -0.21858 -0.284299 0.0357539 -0.238835 -0.253976 0.0262794 -0.220836 
-0.254801 0.032065 -0.241091 -0.224478 0.0225905 -0.223091 -0.225303 0.0283761 -0.243346 
-0.19498 0.0189016 -0.225347 -0.195806 0.0246872 -0.245602 -0.165482 0.0152127 -0.227603 
-0.166308 0.0209983 -0.247857 -0.135985 0.0115238 -0.229858 -0.13681 0.0173094 -0.250113 
-0.107312 0.0136205 -0.252368 -0.076989 0.004146 -0.234369 -0.0778143 0.00993156 -0.254624 
-0.0474912 0.000457097 -0.236625 -0.0483165 0.00624265 -0.256879 -0.0346269 -0.00854609 -0.250691 
0.0115044 -0.00692072 -0.241136 0.0106792 -0.00113516 -0.26139 -0.00512909 -0.012235 -0.252946 
0.0410022 -0.0106096 -0.243391 0.040177 -0.00482407 -0.263646 0.158993 -0.0253652 -0.252413 
0.187666 -0.0232686 -0.274924 0.188491 -0.0290542 -0.254669 0.201356 -0.0380573 -0.268735 
-0.374911 0.020932 -0.217436 -0.390719 0.00983221 -0.208992 -0.345413 0.0172431 -0.219692 
-0.0209373 -0.0233348 -0.244502 0.21587 -0.0586316 -0.242292 0.215045 -0.0528461 -0.262547 
0.228735 -0.0676348 -0.256358 -0.4352 -0.00336428 -0.178038 -0.422336 -0.0123675 -0.192104 
-0.406528 -0.00126763 -0.200548 0.24325 -0.0882091 -0.229915 0.242424 -0.0824236 -0.25017 
0.256114 -0.0972123 -0.243981 -0.437319 -0.0292529 -0.163405 -0.408646 -0.0271562 -0.185916 
-0.407821 -0.0329418 -0.165661 -0.379148 -0.0308451 -0.188171 -0.378323 -0.0366307 -0.167916 
-0.349651 -0.034534 -0.190427 -0.348825 -0.0403196 -0.170172 -0.320153 -0.0382229 -0.192682 
-0.319328 -0.0440085 -0.172428 -0.306463 -0.0530117 -0.186494 0.224497 -0.119412 -0.227093 
0.240306 -0.108312 -0.235537 -0.292774 -0.0678004 -0.180305 -0.263276 -0.0714893 -0.182561 
-0.262451 -0.0772749 -0.162306 -0.233778 -0.0751782 -0.184816 -0.232953 -0.0809638 -0.164562 
-0.220089 -0.089967 -0.178628 0.222379 -0.145301 -0.212461 -0.206399 -0.104756 -0.172439 
-0.205574 -0.110541 -0.152185 -0.192709 -0.119544 -0.166251 0.190762 -0.1675 -0.195573 
0.20657 -0.1564 -0.204017 -0.17902 -0.134333 -0.160062 -0.178195 -0.140119 -0.139808 
-0.16533 -0.149122 -0.153874 0.0577879 -0.16963 -0.157852 0.0411544 -0.174944 -0.169663 
0.0569627 -0.163844 -0.178107 0.0864605 -0.167533 -0.180362 0.0872857 -0.173319 -0.160107 
0.115958 -0.171222 -0.182618 0.116784 -0.177008 -0.162363 0.145456 -0.174911 -0.184873 
0.146281 -0.180697 -0.164618 0.174954 -0.1786 -0.187129 -0.151641 -0.163911 -0.147686 
-0.150816 -0.169696 -0.127431 -0.137951 -0.178699 -0.141497 -0.00332643 -0.188141 -0.138708 
-0.0199599 -0.193455 -0.150519 -0.00415167 -0.182355 -0.158963 0.0253461 -0.186044 -0.161219 
-0.124262 -0.193488 -0.135309 -0.123436 -0.199274 -0.115054 -0.0947638 -0.197177 -0.137564 
-0.0939386 -0.202963 -0.117309 -0.065266 -0.200866 -0.13982 -0.0644407 -0.206652 -0.119565 
-0.0357682 -0.204555 -0.142075 -0.0349429 -0.21034 -0.12182 -0.255626 0.0378505 -0.261345 
-0.256452 0.0436361 -0.2816 -0.27226 0.0325363 -0.273156 -0.242762 0.0288474 -0.275412 
-0.137635 0.0230949 -0.270368 -0.13846 0.0288805 -0.290622 -0.154269 0.0177806 -0.282178 
-0.108137 0.019406 -0.272623 -0.108963 0.0251916 -0.292878 -0.095273 0.0104028 -0.286689 
0.0393517 0.000961484 -0.283901 0.0385265 0.00674704 -0.304155 0.0227182 -0.0043528 -0.295711 
0.0680243 0.00305813 -0.306411 0.0975221 -0.000630775 -0.308666 0.12702 -0.00431968 -0.310922 
0.156518 -0.00800859 -0.313177 0.186841 -0.017483 -0.295178 0.186016 -0.0116975 -0.315433 
0.216339 -0.021172 -0.297434 0.215513 -0.0153864 -0.317689 0.245836 -0.0248609 -0.299689 
0.245011 -0.0190753 -0.319944 0.258701 -0.033864 -0.313756 -0.346239 0.0230287 -0.239946 
-0.347064 0.0288142 -0.260201 -0.362872 0.0177144 -0.251757 -0.316741 0.0193398 -0.242202 
-0.333374 0.0140255 -0.254013 -0.303876 0.0103366 -0.256268 -0.288068 0.0214364 -0.264712 
-0.229073 0.0140586 -0.269223 -0.199575 0.0103697 -0.271479 -0.170077 0.0066808 -0.273734 
-0.0815834 -0.00438591 -0.280501 -0.0520856 -0.00807482 -0.282756 -0.0217626 -0.0175493 -0.264757 
-0.0225878 -0.0117637 -0.285012 0.00691 -0.0154526 -0.287267 0.21422 -0.0470605 -0.282801 
0.243718 -0.0507494 -0.285057 0.256582 -0.0597526 -0.299123 -0.407353 0.00451792 -0.220803 
-0.408178 0.0103035 -0.241058 -0.423986 -0.000796358 -0.232614 -0.37868 0.00661457 -0.243313 
-0.319685 -0.000763241 -0.247824 0.241599 -0.076638 -0.270424 0.254463 -0.0856412 -0.284491 
-0.426105 -0.0266849 -0.217981 0.252345 -0.11153 -0.269858 -0.412415 -0.0414737 -0.211793 
-0.382918 -0.0451626 -0.214048 -0.35342 -0.0488515 -0.216304 -0.323922 -0.0525404 -0.218559 
-0.294424 -0.0562293 -0.220815 -0.293599 -0.0620149 -0.20056 -0.264926 -0.0599182 -0.22307 
-0.264101 -0.0657038 -0.202816 -0.251237 -0.0747069 -0.216882 0.220728 -0.133729 -0.25297 
0.236536 -0.12263 -0.261414 -0.237547 -0.0894957 -0.210693 -0.208049 -0.0931846 -0.212949 
-0.207224 -0.0989702 -0.192694 -0.19436 -0.107973 -0.20676 0.218609 -0.159618 -0.238338 
-0.18067 -0.122762 -0.200572 -0.179845 -0.128548 -0.180317 -0.166981 -0.137551 -0.194383 
0.144631 -0.169126 -0.205128 0.127997 -0.17444 -0.216939 0.143806 -0.16334 -0.225383 
0.173303 -0.167029 -0.227638 0.174129 -0.172815 -0.207383 0.202801 -0.170718 -0.229894 
-0.153291 -0.15234 -0.188195 -0.152466 -0.158125 -0.16794 -0.139602 -0.167128 -0.182007 
0.0245209 -0.180259 -0.181473 0.00788742 -0.185573 -0.193284 0.0236957 -0.174473 -0.201728 
0.0531935 -0.178162 -0.203984 0.0826913 -0.181851 -0.206239 0.112189 -0.18554 -0.208495 
-0.125912 -0.181917 -0.175818 -0.125087 -0.187703 -0.155563 -0.0964143 -0.185606 -0.178074 
-0.095589 -0.191392 -0.157819 -0.0669165 -0.189295 -0.180329 -0.0660912 -0.19508 -0.160074 
-0.0374186 -0.192984 -0.182585 -0.0365934 -0.198769 -0.16233 -0.00792083 -0.196673 -0.18484 
-0.260221 0.0293186 -0.307477 -0.276029 0.0182188 -0.299033 -0.229898 0.0198442 -0.289478 
-0.230723 0.0256297 -0.309733 -0.2004 0.0161553 -0.291734 -0.201225 0.0219408 -0.311988 
-0.170902 0.0124664 -0.293989 -0.171727 0.0182519 -0.314244 -0.14223 0.014563 -0.316499 
-0.112732 0.0108741 -0.318755 -0.0824087 0.00139964 -0.300756 -0.0832339 0.00718519 -0.32101 
-0.0695444 -0.00760355 -0.314822 0.0347573 -0.00757043 -0.330032 0.0189491 -0.0186703 -0.321588 
0.0642552 -0.0112593 -0.332288 0.093753 -0.0149482 -0.334543 0.123251 -0.0186372 -0.336799 
0.152749 -0.0223261 -0.339054 0.182246 -0.026015 -0.34131 0.211744 -0.0297039 -0.343566 
0.241242 -0.0333928 -0.345821 0.271565 -0.0428672 -0.327822 0.27074 -0.0370817 -0.348077 
0.284429 -0.0518704 -0.341888 -0.350833 0.0144968 -0.286078 -0.366641 0.00339694 -0.277634 
-0.337143 -0.00029197 -0.27989 -0.291837 0.00711896 -0.290589 -0.307646 -0.00398088 -0.282145 
-0.0558548 -0.0223923 -0.308633 -0.026357 -0.0260812 -0.310889 0.00314084 -0.0297701 -0.313144 
0.269446 -0.0687558 -0.313189 0.282311 -0.077759 -0.327256 -0.411947 -0.00401399 -0.266935 
-0.427756 -0.0151138 -0.258491 -0.382449 -0.0077029 -0.26919 -0.323454 -0.0150807 -0.273701 
0.267328 -0.0946444 -0.298557 0.280192 -0.103648 -0.312623 -0.414066 -0.0299026 -0.252302 
-0.413241 -0.0356881 -0.232047 -0.384568 -0.0335915 -0.254558 -0.383743 -0.039377 -0.234303 
-0.35507 -0.0372804 -0.256813 -0.354245 -0.0430659 -0.236558 -0.325572 -0.0409693 -0.259069 
-0.324747 -0.0467548 -0.238814 -0.296075 -0.0446582 -0.261324 -0.295249 -0.0504437 -0.24107 
-0.266577 -0.0483471 -0.26358 -0.265752 -0.0541327 -0.243325 -0.252887 -0.0631358 -0.257391 
0.248576 -0.125847 -0.295735 0.264384 -0.114747 -0.304179 -0.239198 -0.0779246 -0.251203 
-0.238373 -0.0837101 -0.230948 -0.2097 -0.0816135 -0.253458 -0.208875 -0.087399 -0.233204 
-0.19601 -0.0964022 -0.24727 0.216959 -0.148047 -0.278847 0.232767 -0.136947 -0.287291 
-0.182321 -0.111191 -0.241081 -0.181496 -0.116977 -0.220827 -0.168631 -0.12598 -0.234893 
0.172478 -0.161243 -0.247893 0.155845 -0.166558 -0.259704 0.171653 -0.155458 -0.268148 
0.201151 -0.159147 -0.270403 0.201976 -0.164932 -0.250148 -0.154942 -0.140768 -0.228704 
-0.154116 -0.146554 -0.20845 -0.141252 -0.155557 -0.222516 0.0818661 -0.176065 -0.226494 
0.0652326 -0.18138 -0.238305 0.0810408 -0.17028 -0.246749 0.110539 -0.173969 -0.249004 
0.111364 -0.179754 -0.228749 0.140036 -0.177658 -0.25126 -0.127563 -0.170346 -0.216328 
-0.126737 -0.176131 -0.196073 -0.0980647 -0.174035 -0.218583 -0.0972395 -0.17982 -0.198328 
-0.0843752 -0.188824 -0.212395 -0.00874606 -0.190887 -0.205095 -0.0253795 -0.196201 -0.216906 
-0.0095713 -0.185102 -0.22535 0.0199265 -0.18879 -0.227605 0.0494243 -0.192479 -0.229861 
-0.0706856 -0.203612 -0.206206 -0.0411878 -0.207301 -0.208462 -0.261046 0.0351042 -0.327732 
-0.261871 0.0408897 -0.347987 -0.27768 0.0297899 -0.339543 -0.231548 0.0314153 -0.329987 
-0.232373 0.0372008 -0.350242 -0.20205 0.0277264 -0.332243 -0.202876 0.0335119 -0.352498 
-0.172553 0.0240375 -0.334499 -0.173378 0.029823 -0.354753 -0.143055 0.0203486 -0.336754 
-0.14388 0.0261341 -0.357009 -0.113557 0.0166597 -0.33901 -0.114382 0.0224452 -0.359264 
-0.0840591 0.0129707 -0.341265 -0.0848844 0.0187563 -0.36152 -0.0711948 0.00396756 -0.355331 
0.0929277 -0.00916269 -0.354798 0.0921025 -0.00337714 -0.375053 0.0762943 -0.014477 -0.366609 
0.122426 -0.0128516 -0.357054 0.1216 -0.00706605 -0.377308 0.151923 -0.0165405 -0.359309 
0.151098 -0.010755 -0.379564 0.181421 -0.0202294 -0.361565 0.180596 -0.0144439 -0.38182 
0.210919 -0.0239183 -0.36382 0.210094 -0.0181328 -0.384075 0.240417 -0.0276072 -0.366076 
0.239592 -0.0218217 -0.386331 0.269915 -0.0312961 -0.368331 0.269089 -0.0255106 -0.388586 
0.282779 -0.0402993 -0.382398 -0.292663 0.0129045 -0.310844 -0.293488 0.0186901 -0.331099 
-0.309296 0.00759023 -0.322655 -0.05668 -0.0166067 -0.328888 -0.0575053 -0.0108212 -0.349143 
-0.0271822 -0.0202956 -0.331144 -0.0280074 -0.0145101 -0.351398 0.0023156 -0.0239846 -0.333399 
0.00149037 -0.018199 -0.353654 0.0309882 -0.0218879 -0.355909 0.060486 -0.0255768 -0.358165 
0.297294 -0.0608736 -0.355954 0.296469 -0.0550881 -0.376209 0.310158 -0.0698768 -0.370021 
-0.354602 0.000179301 -0.311955 -0.37041 -0.0109205 -0.303511 -0.324279 -0.00929516 -0.293956 
-0.325104 -0.00350961 -0.314211 0.295175 -0.0867622 -0.341322 0.308039 -0.0957654 -0.355388 
-0.414891 -0.024117 -0.272557 -0.385393 -0.0278059 -0.274812 -0.372529 -0.0368091 -0.288879 
0.276423 -0.117965 -0.3385 0.292231 -0.106865 -0.346944 -0.358839 -0.0515979 -0.28269 
-0.329342 -0.0552868 -0.284946 -0.299844 -0.0589757 -0.287201 -0.270346 -0.0626646 -0.289457 
-0.240848 -0.0663535 -0.291712 -0.240023 -0.072139 -0.271458 -0.227159 -0.0811422 -0.285524 
0.244806 -0.140165 -0.321612 0.260615 -0.129065 -0.330056 -0.213469 -0.095931 -0.279335 
-0.183971 -0.0996199 -0.281591 -0.183146 -0.105405 -0.261336 -0.170282 -0.114409 -0.275402 
0.170828 -0.149672 -0.288402 0.154194 -0.154987 -0.300213 0.170003 -0.143887 -0.308657 
0.1995 -0.147576 -0.310913 0.200326 -0.153361 -0.290658 0.228998 -0.151265 -0.313168 
-0.156592 -0.129197 -0.269214 -0.155767 -0.134983 -0.248959 -0.142903 -0.143986 -0.263025 
0.0802156 -0.164494 -0.267003 0.0635821 -0.169808 -0.278814 0.0793904 -0.158709 -0.287258 
0.108888 -0.162398 -0.289514 0.109713 -0.168183 -0.269259 0.138386 -0.166086 -0.291769 
0.139211 -0.171872 -0.271514 -0.129213 -0.158775 -0.256837 -0.128388 -0.16456 -0.236582 
-0.115523 -0.173564 -0.250649 0.0485991 -0.186694 -0.250115 0.0319656 -0.192008 -0.261926 
0.0477739 -0.180908 -0.27037 -0.101834 -0.188352 -0.24446 -0.0723361 -0.192041 -0.246716 
-0.0715109 -0.197827 -0.226461 -0.0428383 -0.19573 -0.248971 -0.042013 -0.201516 -0.228716 
-0.0133405 -0.199419 -0.251227 0.0161574 -0.203108 -0.253482 -0.233199 0.0429864 -0.370497 
-0.234024 0.0487719 -0.390752 -0.249832 0.0376721 -0.382308 -0.203701 0.0392975 -0.372752 
-0.204526 0.045083 -0.393007 -0.174203 0.0356086 -0.375008 -0.175028 0.0413941 -0.395263 
-0.144705 0.0319197 -0.377264 -0.14553 0.0377052 -0.397518 -0.115207 0.0282308 -0.379519 
-0.116033 0.0340163 -0.399774 -0.0857096 0.0245419 -0.381775 -0.0865349 0.0303274 -0.402029 
-0.0728453 0.0155387 -0.395841 0.120775 -0.00128049 -0.397563 0.11995 0.00450506 -0.417818 
0.104142 -0.00659477 -0.409374 0.150273 -0.0049694 -0.399819 0.149448 0.000816155 -0.420073 
0.179771 -0.0086583 -0.402074 0.178945 -0.00287275 -0.422329 0.209269 -0.0123472 -0.40433 
0.208443 -0.00656166 -0.424585 0.238766 -0.0160361 -0.406585 0.237941 -0.0102506 -0.42684 
0.268264 -0.019725 -0.408841 0.267439 -0.0139395 -0.429096 0.281128 -0.0287282 -0.422907 
-0.264815 0.0207867 -0.353609 -0.251951 0.0117835 -0.367675 -0.0583305 -0.00503563 -0.369398 
-0.0591557 0.000749922 -0.389652 -0.0288327 -0.00872454 -0.371653 -0.0296579 -0.00293898 -0.391908 
0.000665134 -0.0124134 -0.373909 -0.000160101 -0.00662789 -0.394163 0.0301629 -0.0161024 -0.376164 
0.0293377 -0.0103168 -0.396419 0.0596608 -0.0197913 -0.37842 0.0588355 -0.0140057 -0.398674 
0.0883333 -0.0176946 -0.40093 0.295643 -0.0493025 -0.396464 0.294818 -0.043517 -0.416719 
0.308508 -0.0583057 -0.41053 -0.296432 -0.00141296 -0.336721 -0.283567 -0.0104161 -0.350787 
-0.267759 0.000683688 -0.359231 0.323022 -0.07888 -0.384087 0.322197 -0.0730944 -0.404342 
0.335887 -0.0878832 -0.398153 -0.358371 -0.0141382 -0.337832 -0.37418 -0.025238 -0.329388 
-0.328873 -0.0178271 -0.340088 -0.299376 -0.021516 -0.342343 0.30427 -0.110083 -0.381265 
0.320078 -0.098983 -0.389709 -0.36049 -0.0400267 -0.3232 -0.359665 -0.0458123 -0.302945 
-0.330992 -0.0437157 -0.325455 -0.330167 -0.0495012 -0.305201 -0.301494 -0.0474046 -0.327711 
-0.300669 -0.0531901 -0.307456 -0.271996 -0.0510935 -0.329966 -0.271171 -0.056879 -0.309712 
-0.258307 -0.0658822 -0.323778 0.272654 -0.132283 -0.364377 0.288462 -0.121183 -0.372821 
-0.244617 -0.0806709 -0.317589 -0.21512 -0.0843599 -0.319845 -0.214294 -0.0901454 -0.29959 
-0.185622 -0.0880488 -0.3221 -0.184797 -0.0938343 -0.301846 -0.171932 -0.102838 -0.315912 
0.169177 -0.138101 -0.328912 0.152544 -0.143415 -0.340723 0.168352 -0.132316 -0.349167 
0.19785 -0.136005 -0.351422 0.198675 -0.14179 -0.331167 0.227348 -0.139693 -0.353678 
0.228173 -0.145479 -0.333423 0.256845 -0.143382 -0.355933 -0.158243 -0.117626 -0.309723 
-0.157417 -0.123412 -0.289469 -0.144553 -0.132415 -0.303535 0.108063 -0.156612 -0.309768 
0.0914295 -0.161926 -0.321579 0.107238 -0.150826 -0.330023 0.136736 -0.154515 -0.332279 
0.137561 -0.160301 -0.312024 -0.130863 -0.147204 -0.297347 -0.130038 -0.152989 -0.277092 
-0.117174 -0.161992 -0.291158 0.059813 -0.184126 -0.304691 0.0756212 -0.173026 -0.313135 
-0.103484 -0.176781 -0.28497 -0.102659 -0.182567 -0.264715 -0.0739866 -0.18047 -0.287225 
-0.0731613 -0.186256 -0.26697 -0.0444887 -0.184159 -0.289481 -0.0436635 -0.189945 -0.269226 
-0.0149909 -0.187848 -0.291736 -0.0141657 -0.193633 -0.271481 0.0145069 -0.191537 -0.293992 
0.0153321 -0.197322 -0.273737 0.0440047 -0.195226 -0.296247 -0.175854 0.0471797 -0.415517 
-0.176679 0.0529652 -0.435772 -0.192487 0.0418654 -0.427328 -0.146356 0.0434908 -0.417773 
-0.147181 0.0492763 -0.438028 -0.116858 0.0398019 -0.420029 -0.117683 0.0455874 -0.440283 
-0.0873601 0.036113 -0.422284 -0.0881853 0.0418985 -0.442539 -0.0578623 0.0324241 -0.42454 
-0.0586875 0.0382096 -0.444794 -0.0449979 0.0234209 -0.438606 0.119125 0.0102906 -0.438073 
0.118299 0.0160762 -0.458327 0.102491 0.00497633 -0.449883 0.148622 0.00660171 -0.440328 
0.147797 0.0123873 -0.460583 0.17812 0.0029128 -0.442584 0.177295 0.00869835 -0.462838 
0.207618 -0.000776105 -0.444839 0.206793 0.00500945 -0.465094 0.237116 -0.00446501 -0.447095 
0.236291 0.00132054 -0.46735 0.266614 -0.00815392 -0.44935 0.265788 -0.00236836 -0.469605 
0.296111 -0.0118428 -0.451606 0.295286 -0.00605727 -0.471861 0.308976 -0.020846 -0.465672 
-0.236968 0.0286689 -0.396374 -0.224104 0.0196657 -0.41044 -0.208295 0.0307656 -0.418884 
-0.059981 0.00653547 -0.409907 -0.0313084 0.00863212 -0.432417 -0.0304832 0.00284657 -0.412163 
-0.000985336 -0.000842338 -0.414418 -0.00181057 0.00494322 -0.434673 0.0285125 -0.00453124 -0.416674 
0.0276872 0.00125431 -0.436928 0.0580103 -0.00822015 -0.418929 0.0571851 -0.0024346 -0.439184 
0.0875081 -0.0119091 -0.421185 0.0866829 -0.0061235 -0.441439 0.293993 -0.0377314 -0.436973 
0.322665 -0.0356348 -0.459484 0.323491 -0.0414203 -0.439229 0.336355 -0.0504235 -0.453295 
-0.239912 0.00856589 -0.401996 -0.25572 -0.00253395 -0.393552 0.321372 -0.0673089 -0.424596 
0.350045 -0.0652122 -0.447107 0.35087 -0.0709978 -0.426852 0.363734 -0.080001 -0.440918 
-0.271528 -0.0136338 -0.385108 -0.287337 -0.0247336 -0.376664 0.347926 -0.0911008 -0.432474 
0.332118 -0.102201 -0.42403 -0.361315 -0.0342412 -0.343454 -0.348451 -0.0432444 -0.357521 
-0.332643 -0.0321445 -0.365965 -0.303145 -0.0358335 -0.36822 0.300501 -0.1244 -0.407142 
0.316309 -0.1133 -0.415586 -0.334761 -0.0580331 -0.351332 -0.305263 -0.061722 -0.353588 
-0.275766 -0.0654109 -0.355843 -0.246268 -0.0690998 -0.358099 -0.245443 -0.0748854 -0.337844 
-0.232578 -0.0838886 -0.35191 0.197025 -0.130219 -0.371677 0.180391 -0.135533 -0.383488 
0.196199 -0.124433 -0.391932 0.225697 -0.128122 -0.394187 0.226522 -0.133908 -0.373932 
0.255195 -0.131811 -0.396443 0.25602 -0.137597 -0.376188 0.284693 -0.1355 -0.398698 
-0.218889 -0.0986773 -0.345722 -0.189391 -0.102366 -0.347977 -0.159893 -0.106055 -0.350233 
-0.159068 -0.111841 -0.329978 -0.146204 -0.120844 -0.344044 0.13591 -0.14873 -0.352533 
0.119277 -0.154044 -0.364344 0.135085 -0.142944 -0.372788 0.164583 -0.146633 -0.375044 
-0.132514 -0.135633 -0.337856 -0.131689 -0.141418 -0.317601 -0.103016 -0.139322 -0.340111 
-0.102191 -0.145107 -0.319857 -0.0893266 -0.15411 -0.333923 0.074796 -0.167241 -0.33339 
0.0581625 -0.172555 -0.345201 0.0739707 -0.161455 -0.353645 0.103469 -0.165144 -0.3559 
-0.10431 -0.170996 -0.305224 -0.075637 -0.168899 -0.327735 -0.0748118 -0.174685 -0.30748 
-0.0461392 -0.172588 -0.32999 -0.045314 -0.178373 -0.309735 -0.0166414 -0.176277 -0.332246 
-0.0158162 -0.182062 -0.311991 0.0128564 -0.179966 -0.334501 0.0136817 -0.185751 -0.314246 
0.0423542 -0.183655 -0.336757 0.0431795 -0.18944 -0.316502 0.359813 0.0700162 -0.540524 
0.358987 0.0758018 -0.560778 0.343179 0.0647019 -0.552334 0.372677 0.061013 -0.55459 
0.356869 0.0499132 -0.546146 -0.145887 0.0809505 -0.472915 -0.146713 0.086736 -0.49317 
-0.162521 0.0756362 -0.484726 -0.11639 0.0772615 -0.47517 -0.117215 0.0830471 -0.495425 
-0.0868919 0.0735726 -0.477426 -0.0877171 0.0793582 -0.497681 -0.0573941 0.0698837 -0.479682 
-0.0582193 0.0756693 -0.499936 -0.0278962 0.0661948 -0.481937 -0.0287215 0.0719804 -0.502192 
0.00160157 0.0625059 -0.484193 0.000776337 0.0682915 -0.504447 0.0144659 0.0535027 -0.498259 
0.178588 0.0403725 -0.497726 0.177763 0.046158 -0.51798 0.161955 0.0350582 -0.509536 
0.208086 0.0366836 -0.499981 0.207261 0.0424691 -0.520236 0.237584 0.0329947 -0.502237 
0.236759 0.0387802 -0.522491 0.250448 0.0239915 -0.516303 -0.148006 0.0550619 -0.458283 
-0.16464 0.0497476 -0.470093 -0.118508 0.051373 -0.460538 -0.0890106 0.0476841 -0.462794 
-0.0595127 0.0439952 -0.465049 -0.0300149 0.0403063 -0.467305 -0.000517117 0.0366173 -0.46956 
0.0281555 0.038714 -0.49207 0.0289807 0.0329284 -0.471816 0.0584785 0.0292395 -0.474071 
0.0576533 0.0350251 -0.494326 0.0879763 0.0255506 -0.476327 0.0871511 0.0313362 -0.496581 
0.117474 0.0218617 -0.478582 0.116649 0.0276473 -0.498837 0.146972 0.0181728 -0.480838 
0.146147 0.0239584 -0.501092 0.17647 0.0144839 -0.483093 0.205968 0.010795 -0.485349 
0.235465 0.0071061 -0.487604 0.264138 0.00920274 -0.510114 0.264963 0.00341719 -0.48986 
0.294461 -0.000271717 -0.492115 0.293636 0.00551384 -0.51237 0.323959 -0.00396062 -0.494371 
0.323134 0.00182493 -0.514626 0.336823 -0.0129638 -0.508437 -0.180448 0.0386478 -0.461649 
-0.196256 0.0275479 -0.453205 -0.0321336 0.0144177 -0.452672 -0.00263581 0.0107288 -0.454928 
0.026862 0.00703986 -0.457183 0.0563598 0.00335096 -0.459439 0.0858576 -0.00033795 -0.461694 
0.32184 -0.0298492 -0.479738 0.350513 -0.0277526 -0.502249 0.351338 -0.0335381 -0.481994 
0.380836 -0.037227 -0.484249 0.380011 -0.0314415 -0.504504 0.3937 -0.0462302 -0.498316 
-0.212064 0.0164481 -0.444761 -0.227873 0.00534825 -0.436317 0.349219 -0.0594267 -0.467361 
0.362084 -0.0684299 -0.481428 0.377892 -0.05733 -0.489872 -0.243681 -0.00575158 -0.427873 
-0.259489 -0.0168514 -0.419429 0.359965 -0.0943184 -0.466795 -0.275297 -0.0279513 -0.410985 
-0.291106 -0.0390511 -0.402541 0.328348 -0.116518 -0.449907 0.344157 -0.105418 -0.458351 
-0.335587 -0.0522476 -0.371587 -0.306089 -0.0559365 -0.373843 -0.277416 -0.0538398 -0.396353 
-0.276591 -0.0596254 -0.376098 -0.263727 -0.0686286 -0.390164 0.224872 -0.122337 -0.414442 
0.208238 -0.127651 -0.426253 0.224047 -0.116551 -0.434697 0.253545 -0.12024 -0.436952 
0.25437 -0.126026 -0.416697 0.283042 -0.123929 -0.439208 0.283868 -0.129715 -0.418953 
0.31254 -0.127618 -0.441463 -0.250037 -0.0834173 -0.383976 -0.220539 -0.0871062 -0.386231 
-0.219714 -0.0928918 -0.365977 -0.191041 -0.0907951 -0.388487 -0.190216 -0.0965807 -0.368232 
-0.177352 -0.105584 -0.382298 0.163758 -0.140848 -0.395298 0.147124 -0.146162 -0.407109 
0.162932 -0.135062 -0.415553 0.19243 -0.138751 -0.417809 -0.163662 -0.120373 -0.37611 
-0.134164 -0.124062 -0.378365 -0.133339 -0.129847 -0.358111 -0.104667 -0.12775 -0.380621 
-0.103841 -0.133536 -0.360366 -0.0909771 -0.142539 -0.374433 0.0731455 -0.155669 -0.373899 
0.056512 -0.160984 -0.38571 0.0723203 -0.149884 -0.394154 0.101818 -0.153573 -0.39641 
0.102643 -0.159358 -0.376155 0.131316 -0.157262 -0.398665 -0.0772875 -0.157328 -0.368244 
-0.0764623 -0.163113 -0.347989 -0.0477897 -0.161017 -0.3705 -0.0469644 -0.166802 -0.350245 
-0.0182919 -0.164706 -0.372755 -0.0174666 -0.170491 -0.3525 0.0112059 -0.168395 -0.375011 
0.0120312 -0.17418 -0.354756 0.0407038 -0.172084 -0.377266 0.041529 -0.177869 -0.357011 
-0.0864237 0.111032 -0.532568 -0.0872489 0.116818 -0.552823 -0.103057 0.105718 -0.544379 
-0.0569258 0.107343 -0.534823 -0.0577511 0.113129 -0.555078 -0.027428 0.103655 -0.537079 
-0.0282533 0.10944 -0.557334 0.00206979 0.0999656 -0.539335 0.00124456 0.105751 -0.559589 
0.0315676 0.0962767 -0.54159 0.0307424 0.102062 -0.561845 0.0444319 0.0872735 -0.555656 
0.120061 0.08521 -0.548357 0.119236 0.0909955 -0.568611 0.103428 0.0798957 -0.560167 
0.149559 0.0815211 -0.550612 0.148734 0.0873066 -0.570867 0.179057 0.0778322 -0.552868 
0.178231 0.0836177 -0.573122 0.208554 0.0741433 -0.555123 0.207729 0.0799288 -0.575378 
0.238052 0.0704544 -0.557379 0.237227 0.0762399 -0.577633 0.26755 0.0667654 -0.559634 
0.266725 0.072551 -0.579889 0.297048 0.0630765 -0.56189 0.296223 0.0688621 -0.582144 
0.326546 0.0593876 -0.564145 0.325721 0.0651732 -0.5844 0.355218 0.0614843 -0.586655 
0.368908 0.0466955 -0.580467 -0.0885423 0.0851437 -0.517935 -0.105176 0.0798295 -0.529746 
-0.0590445 0.0814548 -0.520191 -0.0295467 0.0777659 -0.522447 -4.88979e-05 0.074077 -0.524702 
0.0294489 0.0703881 -0.526958 0.0581215 0.0724848 -0.549468 0.0589467 0.0666992 -0.529213 
0.0884445 0.0630103 -0.531469 0.0876193 0.0687959 -0.551723 0.117942 0.0593214 -0.533724 
0.14744 0.0556325 -0.53598 0.176938 0.0519436 -0.538235 0.206436 0.0482547 -0.540491 
0.235934 0.0445658 -0.542746 0.265431 0.0408769 -0.545002 0.294929 0.037188 -0.547257 
0.324427 0.0334991 -0.549513 0.3531 0.0355957 -0.572023 0.337291 0.0244959 -0.563579 
-0.149657 0.066633 -0.498792 -0.136792 0.0576298 -0.512858 -0.120984 0.0687296 -0.521302 
0.0273302 0.0444995 -0.512325 0.056828 0.0408106 -0.514581 0.0863259 0.0371217 -0.516836 
0.115824 0.0334328 -0.519092 0.145321 0.0297439 -0.521347 0.263313 0.0149883 -0.530369 
0.292811 0.0112994 -0.532625 0.305675 0.0022962 -0.546691 0.321483 0.013396 -0.555135 
-0.152601 0.04653 -0.504414 -0.168409 0.0354301 -0.49597 0.319364 -0.0124925 -0.540503 
0.349687 -0.021967 -0.522503 0.348862 -0.0161814 -0.542758 0.362552 -0.0309702 -0.53657 
-0.184217 0.0243303 -0.487526 -0.200025 0.0132305 -0.479082 0.376241 -0.0457589 -0.530381 
0.389931 -0.0605477 -0.524193 -0.215834 0.00213062 -0.470638 -0.231642 -0.00896922 -0.462194 
0.358314 -0.0827473 -0.507305 0.374123 -0.0716475 -0.515749 -0.24745 -0.0200691 -0.45375 
-0.263258 -0.0311689 -0.445306 0.343331 -0.0996327 -0.478606 0.326698 -0.104947 -0.490417 
0.342506 -0.0938472 -0.498861 -0.279067 -0.0422687 -0.436862 -0.294875 -0.0533686 -0.428418 
0.223221 -0.110766 -0.454951 0.206588 -0.11608 -0.466762 0.222396 -0.10498 -0.475206 
0.251894 -0.108669 -0.477462 0.252719 -0.114455 -0.457207 0.265584 -0.123458 -0.471273 
0.311715 -0.121832 -0.461718 0.295081 -0.127147 -0.473529 0.31089 -0.116047 -0.481973 
-0.281185 -0.0681573 -0.42223 -0.251687 -0.0718462 -0.424485 -0.250862 -0.0776318 -0.404231 
-0.237998 -0.0866349 -0.418297 0.162107 -0.129276 -0.435808 0.145474 -0.134591 -0.447619 
0.161282 -0.123491 -0.456063 0.19078 -0.12718 -0.458318 0.191605 -0.132965 -0.438063 
0.279273 -0.138247 -0.465085 -0.224308 -0.101424 -0.412108 -0.194811 -0.105113 -0.414364 
-0.165313 -0.108801 -0.416619 -0.164487 -0.114587 -0.396365 -0.135815 -0.11249 -0.418875 
-0.13499 -0.118276 -0.39862 -0.106317 -0.116179 -0.42113 -0.105492 -0.121965 -0.400876 
-0.0768193 -0.119868 -0.423386 -0.075994 -0.125654 -0.403131 -0.0631297 -0.134657 -0.417198 
0.130491 -0.151476 -0.41892 0.113857 -0.15679 -0.430731 0.129665 -0.145691 -0.439175 
-0.0781127 -0.151542 -0.388499 -0.0494401 -0.149446 -0.411009 -0.0486149 -0.155231 -0.390754 
-0.0199423 -0.153135 -0.413265 -0.0191171 -0.15892 -0.39301 0.00955548 -0.156824 -0.41552 
0.0103807 -0.162609 -0.395265 0.0390533 -0.160512 -0.417776 0.0398785 -0.166298 -0.397521 
0.0685511 -0.164201 -0.420031 0.0980489 -0.16789 -0.422287 0.0678897 0.207713 -0.642885 
0.0670645 0.213499 -0.66314 0.0512562 0.202399 -0.654696 0.0973875 0.204024 -0.64514 
0.0965623 0.20981 -0.665395 0.110252 0.195021 -0.659207 0.0362732 0.185514 -0.625997 
0.035448 0.191299 -0.646252 0.0196397 0.180199 -0.637808 0.065771 0.181825 -0.628252 
0.0952688 0.178136 -0.630508 0.123941 0.180232 -0.653018 0.124767 0.174447 -0.632764 
0.137631 0.165444 -0.64683 0.0341545 0.159625 -0.611364 0.017521 0.154311 -0.623175 
0.0636523 0.155936 -0.61362 0.0931501 0.152247 -0.615875 0.122648 0.148558 -0.618131 
0.135512 0.139555 -0.632197 -0.0269598 0.141114 -0.592221 -0.027785 0.1469 -0.612476 
-0.0435933 0.1358 -0.604032 0.00253801 0.137425 -0.594476 0.00171278 0.143211 -0.614731 
0.0320358 0.133736 -0.596732 0.0615336 0.130047 -0.598988 0.0910315 0.126359 -0.601243 
0.120529 0.12267 -0.603499 0.149202 0.124766 -0.626009 0.150027 0.118981 -0.605754 
0.179525 0.115292 -0.60801 0.1787 0.121077 -0.628264 0.192389 0.106289 -0.622076 
-0.0585763 0.118915 -0.575333 -0.0594015 0.1247 -0.595588 -0.0752098 0.1136 -0.587144 
-0.0290785 0.115226 -0.577588 0.000419321 0.111537 -0.579844 0.0299171 0.107848 -0.582099 
0.0594149 0.104159 -0.584355 0.0889128 0.10047 -0.586611 0.118411 0.0967811 -0.588866 
0.147908 0.0930922 -0.591122 0.177406 0.0894033 -0.593377 0.190271 0.0804001 -0.607443 
-0.0901928 0.0967149 -0.558445 -0.0773285 0.0877117 -0.572511 0.0572963 0.0782703 -0.569723 
0.0867941 0.0745814 -0.571978 0.20396 0.0656113 -0.601255 0.234283 0.0561369 -0.583256 
0.21765 0.0508226 -0.595066 0.263781 0.052448 -0.585511 0.293279 0.0487591 -0.587767 
0.322777 0.0450702 -0.590022 0.352274 0.0413813 -0.592278 -0.0931367 0.0766118 -0.564067 
-0.108945 0.065512 -0.555623 0.202667 0.0339372 -0.566368 0.186033 0.0286229 -0.578178 
0.201841 0.0397228 -0.586622 0.232164 0.0302483 -0.568623 0.261662 0.0265594 -0.570879 
0.29116 0.0228705 -0.573134 0.320658 0.0191816 -0.57539 -0.124753 0.0544122 -0.547179 
-0.140561 0.0433123 -0.538735 0.199723 0.0138342 -0.57199 0.229221 0.0101453 -0.574246 
0.259544 0.000670825 -0.556246 0.24291 -0.00464346 -0.568057 0.289041 -0.00301808 -0.558502 
-0.15637 0.0322125 -0.530291 -0.172178 0.0211127 -0.521847 0.2566 -0.0194322 -0.561869 
0.286097 -0.0231211 -0.564124 0.316421 -0.0325956 -0.546125 0.299787 -0.0379098 -0.557936 
0.345918 -0.0362845 -0.54838 -0.187986 0.0100128 -0.513403 -0.203794 -0.00108702 -0.504959 
0.314302 -0.0584841 -0.531492 0.297668 -0.0637984 -0.543303 0.3438 -0.062173 -0.533748 
0.373297 -0.065862 -0.536003 -0.219603 -0.0121869 -0.496515 -0.235411 -0.0232867 -0.488071 
0.311358 -0.0785872 -0.537115 0.340856 -0.0822761 -0.53937 0.354545 -0.0970648 -0.533182 
-0.251219 -0.0343865 -0.479627 -0.267027 -0.0454864 -0.471183 0.221571 -0.0991946 -0.495461 
0.204938 -0.104509 -0.507272 0.220746 -0.093409 -0.515716 0.250244 -0.0970979 -0.517971 
0.251069 -0.102883 -0.497716 0.279741 -0.100787 -0.520227 0.280567 -0.106572 -0.499972 
0.309239 -0.104476 -0.522482 0.310064 -0.110261 -0.502227 0.338737 -0.108165 -0.524738 
-0.282011 -0.0623717 -0.442485 -0.269146 -0.0713749 -0.456551 0.160457 -0.117705 -0.476317 
0.143823 -0.12302 -0.488128 0.159631 -0.11192 -0.496572 0.189129 -0.115609 -0.498828 
0.189955 -0.121394 -0.478573 0.278448 -0.132461 -0.485339 -0.255457 -0.0861637 -0.450362 
-0.225959 -0.0898526 -0.452618 -0.225134 -0.0956381 -0.432363 -0.196461 -0.0935415 -0.454873 
-0.195636 -0.099327 -0.434619 -0.166963 -0.0972304 -0.457129 -0.166138 -0.103016 -0.436874 
-0.137465 -0.100919 -0.459384 -0.13664 -0.106705 -0.43913 -0.107968 -0.104608 -0.46164 
-0.107142 -0.110394 -0.441385 -0.0784697 -0.108297 -0.463895 -0.0776445 -0.114083 -0.443641 
-0.0489719 -0.111986 -0.466151 -0.0481467 -0.117772 -0.445896 -0.0352824 -0.126775 -0.459963 
0.0993424 -0.136216 -0.457174 0.0827089 -0.14153 -0.468985 0.0985171 -0.130431 -0.477429 
0.128015 -0.134119 -0.479684 0.12884 -0.139905 -0.459429 -0.0502654 -0.14366 -0.431264 
-0.0215928 -0.141564 -0.453774 -0.0207676 -0.147349 -0.433519 0.00790501 -0.145252 -0.45603 
0.00873024 -0.151038 -0.435775 0.0374028 -0.148941 -0.458285 0.0382281 -0.154727 -0.43803 
0.0669006 -0.15263 -0.460541 0.0677259 -0.158416 -0.440286 0.0972237 -0.162105 -0.442541 
0.0367414 0.222973 -0.681139 0.0359162 0.228759 -0.701394 0.0201079 0.217659 -0.69295 
0.0662392 0.219284 -0.683394 0.065414 0.22507 -0.703649 0.0791036 0.210281 -0.697461 
0.0346227 0.197085 -0.666506 0.0179892 0.19177 -0.678317 0.0927931 0.195492 -0.691272 
0.106483 0.180704 -0.685084 0.00300623 0.174885 -0.649618 0.00218099 0.180671 -0.669873 
-0.0136273 0.169571 -0.661429 0.120172 0.165915 -0.678895 0.133862 0.151126 -0.672707 
-0.0286103 0.152685 -0.63273 -0.0294355 0.158471 -0.652985 -0.0452438 0.147371 -0.644541 
0.000887541 0.148996 -0.634986 0.131743 0.125238 -0.658074 -0.0473625 0.121482 -0.629909 
0.145433 0.110449 -0.651886 0.17493 0.10676 -0.654141 0.18862 0.0919712 -0.647953 
-0.0631707 0.110383 -0.621465 -0.078979 0.0992828 -0.613021 0.186501 0.0660826 -0.63332 
-0.0810976 0.0733942 -0.598388 0.201016 0.0455083 -0.606877 0.184383 0.040194 -0.618688 
-0.0969059 0.0622944 -0.589944 -0.112714 0.0511945 -0.5815 0.1694 0.0233086 -0.589989 
0.152766 0.0179944 -0.6018 0.168574 0.0290942 -0.610244 -0.128522 0.0400947 -0.573056 
-0.144331 0.0289949 -0.564612 0.167281 -0.00257993 -0.575357 0.150647 -0.00789421 -0.587168 
0.196779 -0.00626883 -0.577612 0.226277 -0.00995774 -0.579868 -0.160139 0.017895 -0.556168 
-0.175947 0.00679518 -0.547724 0.164337 -0.0226829 -0.580979 0.193835 -0.0263719 -0.583235 
0.223333 -0.0300608 -0.58549 0.253656 -0.0395352 -0.567491 0.237022 -0.0448495 -0.579302 
0.283154 -0.0432241 -0.569746 -0.191755 -0.00430465 -0.53928 -0.207564 -0.0154045 -0.530836 
0.251537 -0.0654238 -0.552858 0.234904 -0.0707381 -0.564669 0.281035 -0.0691127 -0.555114 
-0.223372 -0.0265043 -0.522392 -0.23918 -0.0376042 -0.513948 0.190423 -0.0839346 -0.533715 
0.173789 -0.0892488 -0.545526 0.189597 -0.078149 -0.55397 0.219095 -0.0818379 -0.556225 
0.219921 -0.0876235 -0.53597 0.249418 -0.0913124 -0.538226 0.278916 -0.0950013 -0.540481 
0.308414 -0.0986902 -0.542737 0.337912 -0.102379 -0.544992 -0.254988 -0.048704 -0.505504 
-0.270797 -0.0598038 -0.49706 0.0998106 -0.0987564 -0.512316 0.0831771 -0.104071 -0.524127 
0.0989854 -0.0929709 -0.532571 0.128483 -0.0966598 -0.534826 0.129308 -0.102445 -0.514571 
0.157981 -0.100349 -0.537082 0.158806 -0.106134 -0.516827 0.188304 -0.109823 -0.519082 
-0.257107 -0.0745926 -0.490872 -0.256282 -0.0803781 -0.470617 -0.227609 -0.0782815 -0.493127 
-0.226784 -0.084067 -0.472873 -0.198111 -0.0819704 -0.495383 -0.197286 -0.0877559 -0.475128 
-0.168614 -0.0856593 -0.497638 -0.167788 -0.0914448 -0.477384 -0.154924 -0.100448 -0.49145 
-0.0497972 -0.1062 -0.486406 -0.0664307 -0.111515 -0.498216 -0.0506224 -0.100415 -0.50666 
-0.0211246 -0.104104 -0.508916 -0.0202994 -0.109889 -0.488661 0.00837323 -0.107793 -0.511172 
0.00919846 -0.113578 -0.490917 0.037871 -0.111482 -0.513427 0.0386963 -0.117267 -0.493172 
0.0673689 -0.115171 -0.515683 0.0681941 -0.120956 -0.495428 0.0976919 -0.124645 -0.497683 
0.12719 -0.128334 -0.499939 -0.141235 -0.115237 -0.485261 -0.111737 -0.118926 -0.487517 
-0.0822389 -0.122615 -0.489772 -0.022418 -0.135778 -0.474029 0.00707977 -0.139467 -0.476284 
0.0365776 -0.143156 -0.47854 0.0660754 -0.146845 -0.480795 0.0645888 0.230855 -0.723904 
0.0637635 0.236641 -0.744159 0.0479553 0.225541 -0.735715 0.0774531 0.221852 -0.73797 
0.032147 0.214441 -0.727271 0.0163388 0.203341 -0.718827 0.0753344 0.195964 -0.723338 
0.00135576 0.186456 -0.690128 0.000530525 0.192242 -0.710383 -0.0152777 0.181142 -0.701939 
0.089024 0.181175 -0.717149 0.102714 0.166386 -0.710961 -0.0302607 0.164256 -0.67324 
-0.031086 0.170042 -0.693495 -0.0468942 0.158942 -0.685051 0.117228 0.145812 -0.684518 
0.100595 0.140498 -0.696328 -0.0490129 0.133054 -0.670418 0.11511 0.119923 -0.669885 
0.0984761 0.114609 -0.681696 -0.0511316 0.107165 -0.655786 0.112166 0.0998203 -0.675507 
0.142489 0.0903458 -0.657508 0.125855 0.0850315 -0.669319 0.171987 0.0866569 -0.659764 
-0.0661146 0.0902796 -0.627087 -0.0532503 0.0812764 -0.641153 0.14037 0.0644572 -0.642876 
0.123737 0.059143 -0.654686 0.169868 0.0607683 -0.645131 -0.0690586 0.0701766 -0.632709 
-0.0848668 0.0590767 -0.624265 0.137426 0.0443542 -0.648498 0.167749 0.0348798 -0.630499 
0.151116 0.0295655 -0.642309 -0.0998498 0.0421913 -0.595567 -0.0711772 0.044288 -0.618077 
-0.070352 0.0385024 -0.597822 -0.0574877 0.0294992 -0.611888 0.148997 0.0036769 -0.627677 
-0.131466 0.0199917 -0.578679 -0.101969 0.0163028 -0.580934 -0.0891042 0.00729957 -0.595 
-0.0732959 0.0183994 -0.603444 0.134014 -0.0132085 -0.598978 0.117381 -0.0185228 -0.610789 
0.133189 -0.00742294 -0.619233 -0.163083 -0.00220801 -0.561791 -0.150219 -0.0112112 -0.575857 
-0.13441 -0.000111359 -0.584301 -0.104912 -0.00380027 -0.586556 0.131895 -0.0390971 -0.584346 
0.115262 -0.0444114 -0.596156 0.161393 -0.042786 -0.586601 0.190891 -0.0464749 -0.588857 
0.220389 -0.0501638 -0.591112 -0.194699 -0.0244077 -0.544903 -0.181835 -0.0334109 -0.558969 
-0.166027 -0.022311 -0.567413 0.100279 -0.0612967 -0.567458 0.0836453 -0.066611 -0.579269 
0.0994536 -0.0555112 -0.587713 0.129777 -0.0649856 -0.569713 0.159274 -0.0686745 -0.571969 
0.188772 -0.0723635 -0.574224 0.21827 -0.0760524 -0.57648 -0.227141 -0.0408218 -0.548269 
-0.242949 -0.0519216 -0.539825 -0.197643 -0.0445107 -0.550525 0.0686623 -0.0834964 -0.55057 
0.0520288 -0.0888107 -0.56238 0.0678371 -0.0777109 -0.570825 0.0981601 -0.0871853 -0.552825 
0.127658 -0.0908742 -0.555081 0.157156 -0.0945631 -0.557336 -0.257932 -0.068807 -0.511127 
-0.22926 -0.0667104 -0.533637 -0.228435 -0.0724959 -0.513382 -0.199762 -0.0703993 -0.535892 
-0.198937 -0.0761848 -0.515638 -0.170264 -0.0740882 -0.538148 -0.169439 -0.0798737 -0.517893 
-0.140766 -0.0777771 -0.540403 -0.139941 -0.0835626 -0.520149 -0.127077 -0.0925658 -0.534215 
-0.0219498 -0.0983183 -0.529171 -0.0385833 -0.103633 -0.540981 -0.0227751 -0.0925327 -0.549425 
0.00672276 -0.0962216 -0.551681 0.00754799 -0.102007 -0.531426 0.0362206 -0.0999105 -0.553937 
0.0370458 -0.105696 -0.533682 0.0665436 -0.109385 -0.535937 -0.14206 -0.109451 -0.505516 
-0.113387 -0.107355 -0.528026 -0.112562 -0.11314 -0.507772 -0.0838894 -0.111043 -0.530282 
-0.0830641 -0.116829 -0.510027 -0.0543916 -0.114732 -0.532538 0.0608196 0.216538 -0.749781 
0.0292031 0.194338 -0.732893 0.0587009 0.190649 -0.735148 -0.00323863 0.177924 -0.73626 
-0.0190469 0.166824 -0.727816 0.0262592 0.174235 -0.738515 0.055757 0.170546 -0.740771 
0.08608 0.161072 -0.722771 0.0694466 0.155758 -0.734582 -0.0348551 0.155724 -0.719372 
-0.0506634 0.144625 -0.710928 0.0839614 0.135183 -0.708139 0.0673279 0.129869 -0.71995 
-0.0527821 0.118736 -0.696295 0.0810174 0.11508 -0.713761 0.094707 0.100292 -0.707573 
-0.0549008 0.0928475 -0.681663 0.109222 0.0797172 -0.68113 0.0925883 0.074403 -0.69294 
-0.0570195 0.0669589 -0.66703 0.107103 0.0538287 -0.666497 0.0904696 0.0485144 -0.678308 
-0.0720025 0.0500735 -0.638332 -0.0433299 0.0521702 -0.660842 -0.0425047 0.0463846 -0.640587 
-0.0296403 0.0373814 -0.654653 0.104159 0.0337257 -0.672119 0.134482 0.0242512 -0.65412 
0.117849 0.0189369 -0.665931 -0.0446233 0.0204961 -0.625955 -0.031759 0.0114929 -0.640021 
0.132364 -0.00163738 -0.639488 0.11573 -0.00695167 -0.651298 -0.0762399 -0.00170362 -0.609067 
-0.046742 -0.00539252 -0.611322 -0.0338777 -0.0143957 -0.625388 0.113611 -0.0328402 -0.636666 
-0.137354 -0.0202144 -0.589923 -0.107856 -0.0239033 -0.592179 -0.0783585 -0.0275922 -0.594434 
-0.0654942 -0.0365954 -0.6085 -0.049686 -0.0254955 -0.616944 0.0986283 -0.0497256 -0.607967 
0.0819949 -0.0550399 -0.619778 0.0978031 -0.0439401 -0.628222 -0.198468 -0.0387251 -0.57078 
-0.199294 -0.0329396 -0.591034 -0.215102 -0.0440394 -0.58259 -0.169796 -0.0366285 -0.59329 
-0.140298 -0.0403174 -0.595545 -0.1108 -0.0440063 -0.597801 -0.0813025 -0.0476952 -0.600056 
0.0670118 -0.0719253 -0.591079 0.0503784 -0.0772396 -0.60289 0.0661866 -0.0661398 -0.611334 
-0.230085 -0.0609248 -0.553892 -0.200587 -0.0646137 -0.556147 -0.201412 -0.0588282 -0.576402 
-0.171089 -0.0683026 -0.558403 -0.171915 -0.0625171 -0.578657 -0.142417 -0.066206 -0.580913 
-0.141592 -0.0719915 -0.560658 -0.128727 -0.0809947 -0.574724 0.00589752 -0.0904361 -0.571936 
-0.010736 -0.0957503 -0.583746 0.00507229 -0.0846505 -0.592191 0.0345701 -0.0883394 -0.594446 
0.0353953 -0.094125 -0.574191 -0.115038 -0.0957835 -0.568536 -0.114212 -0.101569 -0.548281 
-0.0855398 -0.0994724 -0.570791 -0.0847146 -0.105258 -0.550537 -0.056042 -0.103161 -0.573047 
-0.0552168 -0.108947 -0.552792 -0.0265442 -0.10685 -0.575302 -0.00618256 0.157821 -0.741882 
0.0233153 0.154132 -0.744137 0.0528131 0.150443 -0.746393 -0.0377991 0.135621 -0.724994 
-0.00830125 0.131933 -0.727249 0.0211966 0.128244 -0.729505 0.0506944 0.124555 -0.731761 
-0.0399178 0.109733 -0.710361 -0.0270534 0.10073 -0.724428 -0.0112452 0.11183 -0.732872 
0.0182526 0.108141 -0.735127 0.0485757 0.0986662 -0.717128 0.0319422 0.0933519 -0.728939 
0.0780735 0.0949773 -0.719384 -0.0420364 0.0838443 -0.695729 -0.0133639 0.085941 -0.718239 
-0.0125386 0.0801554 -0.697985 0.000325701 0.0711522 -0.712051 0.0456318 0.0785631 -0.72275 
0.0759548 0.0690887 -0.704751 0.0593213 0.0637744 -0.716562 -0.0441551 0.0579557 -0.681097 
-0.0146573 0.0542668 -0.683352 -0.00179299 0.0452636 -0.697418 0.0738361 0.0432001 -0.690119 
0.0572026 0.0378858 -0.701929 -0.016776 0.0283783 -0.66872 -0.00391168 0.0193751 -0.682786 
0.0717174 0.0173115 -0.675486 0.055084 0.0119973 -0.687297 0.101215 0.0136226 -0.677742 
-0.0188947 0.00248968 -0.654087 0.00977788 0.00458632 -0.676597 0.0106031 -0.00119923 -0.656343 
0.0392757 0.000897416 -0.678853 0.0401009 -0.00488814 -0.658598 0.0695987 -0.00857704 -0.660854 
0.0990966 -0.0122659 -0.663109 -0.0210134 -0.0233989 -0.639455 0.00848443 -0.0270878 -0.64171 
0.0379822 -0.0307767 -0.643966 0.0674801 -0.0344656 -0.646221 0.0969779 -0.0381545 -0.648477 
-0.0526299 -0.0455986 -0.622567 -0.0231321 -0.0492875 -0.624822 -0.0102677 -0.0582907 -0.638888 
0.00554051 -0.0471908 -0.647332 0.0350383 -0.0508797 -0.649588 0.0653614 -0.0603542 -0.631589 
0.0487279 -0.0656685 -0.643399 -0.202238 -0.0530426 -0.596657 -0.17274 -0.0567315 -0.598912 
-0.143242 -0.0604204 -0.601168 -0.113744 -0.0641093 -0.603423 -0.0842464 -0.0677982 -0.605679 
-0.0713821 -0.0768014 -0.619745 -0.0555738 -0.0657016 -0.628189 -0.0252508 -0.0751761 -0.61019 
-0.0418842 -0.0804903 -0.622 0.00342182 -0.0730794 -0.6327 0.00424705 -0.078865 -0.612445 
0.0329196 -0.0767683 -0.634955 0.0337449 -0.0825539 -0.614701 -0.115863 -0.0899979 -0.588791 
-0.0863651 -0.0936868 -0.591046 -0.0576925 -0.0915902 -0.613556 -0.0568673 -0.0973757 -0.593302 
-0.0273695 -0.101065 -0.595557 -0.0141891 0.0917265 -0.738494 0.0153087 0.0880376 -0.74075 
0.01319 0.062149 -0.726117 0.0426878 0.0584601 -0.728373 0.0110713 0.0362605 -0.711485 
0.0405692 0.0325715 -0.71374 0.00895265 0.0103719 -0.696852 0.0384505 0.00668297 -0.699108 
0.00259658 -0.0672939 -0.652955 0.0320944 -0.0709828 -0.65521 -0.0585177 -0.0858046 -0.633811 

POLYGONS 8289 24864
OFFSETS vtktypeint64
0 3 6 9 12 15 18 21 24 
27 30 33 36 39 42 45 48 51 
54 57 60 63 66 69 72 75 78 
81 84 87 90 93 96 99 102 105 
108 111 114 117 120 123 126 129 132 
135 138 141 144 147 150 153 156 159 
162 165 168 171 174 177 180 183 186 
189 192 195 198 201 204 207 210 213 
216 219 222 225 228 231 234 237 240 
243 246 249 252 255 258 261 264 267 
270 273 276 279 282 285 288 291 294 
297 300 303 306 309 312 315 318 321 
324 327 330 333 336 339 342 345 348 
351 354 357 360 363 366 369 372 375 
378 381 384 387 390 393 396 399 402 
405 408 411 414 417 420 423 426 429 
432 435 438 441 444 447 450 453 456 
459 462 465 468 471 474 477 480 483 
486 489 492 495 498 501 504 507 510 
513 516 519 522 525 528 531 534 537 
540 543 546 549 552 555 558 561 564 
567 570 573 576 579 582 585 588 591 
594 597 600 603 606 609 612 615 618 
621 624 627 630 633 636 639 642 645 
648 651 654 657 660 663 666 669 672 
675 678 681 684 687 690 693 696 699 
702 705 708 711 714 717 720 723 726 
729 732 735 738 741 744 747 750 753 
756 759 762 765 768 771 774 777 780 
783 786 789 792 795 798 801 804 807 
810 813 816 819 822 825 828 831 834 
837 840 843 846 849 852 855 858 861 
864 867 870 873 876 879 882 885 888 
891 894 897 900 903 906 909 912 915 
918 921 924 927 930 933 936 939 942 
945 948 951 954 957 960 963 966 969 
972 975 978 981 984 987 990 993 996 
999 1002 1005 1008 1011 1014 1017 1020 1023 
1026 1029 1032 1035 1038 1041 1044 1047 1050 
1053 1056 1059 1062 1065 1068 1071 1074 1077 
1080 1083 1086 1089 1092 1095 1098 1101 1104 
1107 1110 1113 1116 1119 1122 1125 1128 1131 
1134 1137 1140 1143 1146 1149 1152 1155 1158 
1161 1164 1167 1170 1173 1176 1179 1182 1185 
1188 1191 1194 1197 1200 1203 1206 1209 1212 
1215 1218 1221 1224 1227 1230 1233 1236 1239 
1242 1245 1248 1251 1254 1257 1260 1263 1266 
1269 1272 1275 1278 1281 1284 1287 1290 1293 
1296 1299 1302 1305 1308 1311 1314 1317 1320 
1323 1326 1329 1332 1335 1338 1341 1344 1347 
1350 1353 1356 1359 1362 1365 1368 1371 1374 
1377 1380 1383 1386 1389 1392 1395 1398 1401 
1404 1407 1410 1413 1416 1419 1422 1425 1428 
1431 1434 1437 1440 1443 1446 1449 1452 1455 
1458 1461 1464 1467 1470 1473 1476 1479 1482 
1485 1488 1491 1494 1497 1500 1503 1506 1509 
1512 1515 1518 1521 1524 1527 1530 1533 1536 
1539 1542 1545 1548 1551 1554 1557 1560 1563 
1566 1569 1572 1575 1578 1581 1584 1587 1590 
1593 1596 1599 1602 1605 1608 1611 1614 1617 
1620 1623 1626 1629 1632 1635 1638 1641 1644 
1647 1650 1653 1656 1659 1662 1665 1668 1671 
1674 1677 1680 1683 1686 1689 1692 1695 1698 
1701 1704 1707 1710 1713 1716 1719 1722 1725 
1728 1731 1734 1737 1740 1743 1746 1749 1752 
1755 1758 1761 1764 1767 1770 1773 1776 1779 
1782 1785 1788 1791 1794 1797 1800 1803 1806 
1809 1812 1815 1818 1821 1824 1827 1830 1833 
1836 1839 1842 1845 1848 1851 1854 1857 1860 
1863 1866 1869 1872 1875 1878 1881 1884 1887 
1890 1893 1896 1899 1902 1905 1908 1911 1914 
1917 1920 1923 1926 1929 1932 1935 1938 1941 
1944 1947 1950 1953 1956 1959 1962 1965 1968 
1971 1974 1977 1980 1983 1986 1989 1992 1995 
1998 2001 2004 2007 2010 2013 2016 2019 2022 
2025 2028 2031 2034 2037 2040 2043 2046 2049 
2052 2055 2058 2061 2064 2067 2070 2073 2076 
2079 2082 2085 2088 2091 2094 2097 2100 2103 
2106 2109 2112 2115 2118 2121 2124 2127 2130 
2133 2136 2139 2142 2145 2148 2151 2154 2157 
2160 2163 2166 2169 2172 2175 2178 2181 2184 
2187 2190 2193 2196 2199 2202 2205 2208 2211 
2214 2217 2220 2223 2226 2229 2232 2235 2238 
2241 2244 2247 2250 2253 2256 2259 2262 2265 
2268 2271 2274 2277 2280 2283 2286 2289 2292 
2295 2298 2301 2304 2307 2310 2313 2316 2319 
2322 2325 2328 2331 2334 2337 2340 2343 2346 
2349 2352 2355 2358 2361 2364 2367 2370 2373 
2376 2379 2382 2385 2388 2391 2394 2397 2400 
2403 2406 2409 2412 2415 2418 2421 2424 2427 
2430 2433 2436 2439 2442 2445 2448 2451 2454 
2457 2460 2463 2466 2469 2472 2475 2478 2481 
2484 2487 2490 2493 2496 2499 2502 2505 2508 
2511 2514 2517 2520 2523 2526 2529 2532 2535 
2538 2541 2544 2547 2550 2553 2556 2559 2562 
2565 2568 2571 2574 2577 2580 2583 2586 2589 
2592 2595 2598 2601 2604 2607 2610 2613 2616 
2619 2622 2625 2628 2631 2634 2637 2640 2643 
2646 2649 2652 2655 2658 2661 2664 2667 2670 
2673 2676 2679 2682 2685 2688 2691 2694 2697 
2700 2703 2706 2709 2712 2715 2718 2721 2724 
2727 2730 2733 2736 2739 2742 2745 2748 2751 
2754 2757 2760 2763 2766 2769 2772 2775 2778 
2781 2784 2787 2790 2793 2796 2799 2802 2805 
2808 2811 2814 2817 2820 2823 2826 2829 2832 
2835 2838 2841 2844 2847 2850 2853 2856 2859 
2862 2865 2868 2871 2874 2877 2880 2883 2886 
2889 2892 2895 2898 2901 2904 2907 2910 2913 
2916 2919 2922 2925 2928 2931 2934 2937 2940 
2943 2946 2949 2952 2955 2958 2961 2964 2967 
2970 2973 2976 2979 2982 2985 2988 2991 2994 
2997 3000 3003 3006 3009 3012 3015 3018 3021 
3024 3027 3030 3033 3036 3039 3042 3045 3048 
3051 3054 3057 3060 3063 3066 3069 3072 3075 
3078 3081 3084 3087 3090 3093 3096 3099 3102 
3105 3108 3111 3114 3117 3120 3123 3126 3129 
3132 3135 3138 3141 3144 3147 3150 3153 3156 
3159 3162 3165 3168 3171 3174 3177 3180 3183 
3186 3189 3192 3195 3198 3201 3204 3207 3210 
3213 3216 3219 3222 3225 3228 3231 3234 3237 
3240 3243 3246 3249 3252 3255 3258 3261 3264 
3267 3270 3273 3276 3279 3282 3285 3288 3291 
3294 3297 3300 3303 3306 3309 3312 3315 3318 
3321 3324 3327 3330 3333 3336 3339 3342 3345 
3348 3351 3354 3357 3360 3363 3366 3369 3372 
3375 3378 3381 3384 3387 3390 3393 3396 3399 
3402 3405 3408 3411 3414 3417 3420 3423 3426 
3429 3432 3435 3438 3441 3444 3447 3450 3453 
3456 3459 3462 3465 3468 3471 3474 3477 3480 
3483 3486 3489 3492 3495 3498 3501 3504 3507 
3510 3513 3516 3519 3522 3525 3528 3531 3534 
3537 3540 3543 3546 3549 3552 3555 3558 3561 
3564 3567 3570 3573 3576 3579 3582 3585 3588 
3591 3594 3597 3600 3603 3606 3609 3612 3615 
3618 3621 3624 3627 3630 3633 3636 3639 3642 
3645 3648 3651 3654 3657 3660 3663 3666 3669 
3672 3675 3678 3681 3684 3687 3690 3693 3696 
3699 3702 3705 3708 3711 3714 3717 3720 3723 
3726 3729 3732 3735 3738 3741 3744 3747 3750 
3753 3756 3759 3762 3765 3768 3771 3774 3777 
3780 3783 3786 3789 3792 3795 3798 3801 3804 
3807 3810 3813 3816 3819 3822 3825 3828 3831 
3834 3837 3840 3843 3846 3849 3852 3855 3858 
3861 3864 3867 3870 3873 3876 3879 3882 3885 
3888 3891 3894 3897 3900 3903 3906 3909 3912 
3915 3918 3921 3924 3927 3930 3933 3936 3939 
3942 3945 3948 3951 3954 3957 3960 3963 3966 
3969 3972 3975 3978 3981 3984 3987 3990 3993 
3996 3999 4002 4005 4008 4011 4014 4017 4020 
4023 4026 4029 4032 4035 4038 4041 4044 4047 
4050 4053 4056 4059 4062 4065 4068 4071 4074 
4077 4080 4083 4086 4089 4092 4095 4098 4101 
4104 4107 4110 4113 4116 4119 4122 4125 4128 
4131 4134 4137 4140 4143 4146 4149 4152 4155 
4158 4161 4164 4167 4170 4173 4176 4179 4182 
4185 4188 4191 4194 4197 4200 4203 4206 4209 
4212 4215 4218 4221 4224 4227 4230 4233 4236 
4239 4242 4245 4248 4251 4254 4257 4260 4263 
4266 4269 4272 4275 4278 4281 4284 4287 4290 
4293 4296 4299 4302 4305 4308 4311 4314 4317 
4320 4323 4326 4329 4332 4335 4338 4341 4344 
4347 4350 4353 4356 4359 4362 4365 4368 4371 
4374 4377 4380 4383 4386 4389 4392 4395 4398 
4401 4404 4407 4410 4413 4416 4419 4422 4425 
4428 4431 4434 4437 4440 4443 4446 4449 4452 
4455 4458 4461 4464 4467 4470 4473 4476 4479 
4482 4485 4488 4491 4494 4497 4500 4503 4506 
4509 4512 4515 4518 4521 4524 4527 4530 4533 
4536 4539 4542 4545 4548 4551 4554 4557 4560 
4563 4566 4569 4572 4575 4578 4581 4584 4587 
4590 4593 4596 4599 4602 4605 4608 4611 4614 
4617 4620 4623 4626 4629 4632 4635 4638 4641 
4644 4647 4650 4653 4656 4659 4662 4665 4668 
4671 4674 4677 4680 4683 4686 4689 4692 4695 
4698 4701 4704 4707 4710 4713 4716 4719 4722 
4725 4728 4731 4734 4737 4740 4743 4746 4749 
4752 4755 4758 4761 4764 4767 4770 4773 4776 
4779 4782 4785 4788 4791 4794 4797 4800 4803 
4806 4809 4812 4815 4818 4821 4824 4827 4830 
4833 4836 4839 4842 4845 4848 4851 4854 4857 
4860 4863 4866 4869 4872 4875 4878 4881 4884 
4887 4890 4893 4896 4899 4902 4905 4908 4911 
4914 4917 4920 4923 4926 4929 4932 4935 4938 
4941 4944 4947 4950 4953 4956 4959 4962 4965 
4968 4971 4974 4977 4980 4983 4986 4989 4992 
4995 4998 5001 5004 5007 5010 5013 5016 5019 
5022 5025 5028 5031 5034 5037 5040 5043 5046 
5049 5052 5055 5058 5061 5064 5067 5070 5073 
5076 5079 5082 5085 5088 5091 5094 5097 5100 
5103 5106 5109 5112 5115 5118 5121 5124 5127 
5130 5133 5136 5139 5142 5145 5148 5151 5154 
5157 5160 5163 5166 5169 5172 5175 5178 5181 
5184 5187 5190 5193 5196 5199 5202 5205 5208 
5211 5214 5217 5220 5223 5226 5229 5232 5235 
5238 5241 5244 5247 5250 5253 5256 5259 5262 
5265 5268 5271 5274 5277 5280 5283 5286 5289 
5292 5295 5298 5301 5304 5307 5310 5313 5316 
5319 5322 5325 5328 5331 5334 5337 5340 5343 
5346 5349 5352 5355 5358 5361 5364 5367 5370 
5373 5376 5379 5382 5385 5388 5391 5394 5397 
5400 5403 5406 5409 5412 5415 5418 5421 5424 
5427 5430 5433 5436 5439 5442 5445 5448 5451 
5454 5457 5460 5463 5466 5469 5472 5475 5478 
5481 5484 5487 5490 5493 5496 5499 5502 5505 
5508 5511 5514 5517 5520 5523 5526 5529 5532 
5535 5538 5541 5544 5547 5550 5553 5556 5559 
5562 5565 5568 5571 5574 5577 5580 5583 5586 
5589 5592 5595 5598 5601 5604 5607 5610 5613 
5616 5619 5622 5625 5628 5631 5634 5637 5640 
5643 5646 5649 5652 5655 5658 5661 5664 5667 
5670 5673 5676 5679 5682 5685 5688 5691 5694 
5697 5700 5703 5706 5709 5712 5715 5718 5721 
5724 5727 5730 5733 5736 5739 5742 5745 5748 
5751 5754 5757 5760 5763 5766 5769 5772 5775 
5778 5781 5784 5787 5790 5793 5796 5799 5802 
5805 5808 5811 5814 5817 5820 5823 5826 5829 
5832 5835 5838 5841 5844 5847 5850 5853 5856 
5859 5862 5865 5868 5871 5874 5877 5880 5883 
5886 5889 5892 5895 5898 5901 5904 5907 5910 
5913 5916 5919 5922 5925 5928 5931 5934 5937 
5940 5943 5946 5949 5952 5955 5958 5961 5964 
5967 5970 5973 5976 5979 5982 5985 5988 5991 
5994 5997 6000 6003 6006 6009 6012 6015 6018 
6021 6024 6027 6030 6033 6036 6039 6042 6045 
6048 6051 6054 6057 6060 6063 6066 6069 6072 
6075 6078 6081 6084 6087 6090 6093 6096 6099 
6102 6105 6108 6111 6114 6117 6120 6123 6126 
6129 6132 6135 6138 6141 6144 6147 6150 6153 
6156 6159 6162 6165 6168 6171 6174 6177 6180 
6183 6186 6189 6192 6195 6198 6201 6204 6207 
6210 6213 6216 6219 6222 6225 6228 6231 6234 
6237 6240 6243 6246 6249 6252 6255 6258 6261 
6264 6267 6270 6273 6276 6279 6282 6285 6288 
6291 6294 6297 6300 6303 6306 6309 6312 6315 
6318 6321 6324 6327 6330 6333 6336 6339 6342 
6345 6348 6351 6354 6357 6360 6363 6366 6369 
6372 6375 6378 6381 6384 6387 6390 6393 6396 
6399 6402 6405 6408 6411 6414 6417 6420 6423 
6426 6429 6432 6435 6438 6441 6444 6447 6450 
6453 6456 6459 6462 6465 6468 6471 6474 6477 
6480 6483 6486 6489 6492 6495 6498 6501 6504 
6507 6510 6513 6516 6519 6522 6525 6528 6531 
6534 6537 6540 6543 6546 6549 6552 6555 6558 
6561 6564 6567 6570 6573 6576 6579 6582 6585 
6588 6591 6594 6597 6600 6603 6606 6609 6612 
6615 6618 6621 6624 6627 6630 6633 6636 6639 
6642 6645 6648 6651 6654 6657 6660 6663 6666 
6669 6672 6675 6678 6681 6684 6687 6690 6693 
6696 6699 6702 6705 6708 6711 6714 6717 6720 
6723 6726 6729 6732 6735 6738 6741 6744 6747 
6750 6753 6756 6759 6762 6765 6768 6771 6774 
6777 6780 6783 6786 6789 6792 6795 6798 6801 
6804 6807 6810 6813 6816 6819 6822 6825 6828 
6831 6834 6837 6840 6843 6846 6849 6852 6855 
6858 6861 6864 6867 6870 6873 6876 6879 6882 
6885 6888 6891 6894 6897 6900 6903 6906 6909 
6912 6915 6918 6921 6924 6927 6930 6933 6936 
6939 6942 6945 6948 6951 6954 6957 6960 6963 
6966 6969 6972 6975 6978 6981 6984 6987 6990 
6993 6996 6999 7002 7005 7008 7011 7014 7017 
7020 7023 7026 7029 7032 7035 7038 7041 7044 
7047 7050 7053 7056 7059 7062 7065 7068 7071 
7074 7077 7080 7083 7086 7089 7092 7095 7098 
7101 7104 7107 7110 7113 7116 7119 7122 7125 
7128 7131 7134 7137 7140 7143 7146 7149 7152 
7155 7158 7161 7164 7167 7170 7173 7176 7179 
7182 7185 7188 7191 7194 7197 7200 7203 7206 
7209 7212 7215 7218 7221 7224 7227 7230 7233 
7236 7239 7242 7245 7248 7251 7254 7257 7260 
7263 7266 7269 7272 7275 7278 7281 7284 7287 
7290 7293 7296 7299 7302 7305 7308 7311 7314 
7317 7320 7323 7326 7329 7332 7335 7338 7341 
7344 7347 7350 7353 7356 7359 7362 7365 7368 
7371 7374 7377 7380 7383 7386 7389 7392 7395 
7398 7401 7404 7407 7410 7413 7416 7419 7422 
7425 7428 7431 7434 7437 7440 7443 7446 7449 
7452 7455 7458 7461 7464 7467 7470 7473 7476 
7479 7482 7485 7488 7491 7494 7497 7500 7503 
7506 7509 7512 7515 7518 7521 7524 7527 7530 
7533 7536 7539 7542 7545 7548 7551 7554 7557 
7560 7563 7566 7569 7572 7575 7578 7581 7584 
7587 7590 7593 7596 7599 7602 7605 7608 7611 
7614 7617 7620 7623 7626 7629 7632 7635 7638 
7641 7644 7647 7650 7653 7656 7659 7662 7665 
7668 7671 7674 7677 7680 7683 7686 7689 7692 
7695 7698 7701 7704 7707 7710 7713 7716 7719 
7722 7725 7728 7731 7734 7737 7740 7743 7746 
7749 7752 7755 7758 7761 7764 7767 7770 7773 
7776 7779 7782 7785 7788 7791 7794 7797 7800 
7803 7806 7809 7812 7815 7818 7821 7824 7827 
7830 7833 7836 7839 7842 7845 7848 7851 7854 
7857 7860 7863 7866 7869 7872 7875 7878 7881 
7884 7887 7890 7893 7896 7899 7902 7905 7908 
7911 7914 7917 7920 7923 7926 7929 7932 7935 
7938 7941 7944 7947 7950 7953 7956 7959 7962 
7965 7968 7971 7974 7977 7980 7983 7986 7989 
7992 7995 7998 8001 8004 8007 8010 8013 8016 
8019 8022 8025 8028 8031 8034 8037 8040 8043 
8046 8049 8052 8055 8058 8061 8064 8067 8070 
8073 8076 8079 8082 8085 8088 8091 8094 8097 
8100 8103 8106 8109 8112 8115 8118 8121 8124 
8127 8130 8133 8136 8139 8142 8145 8148 8151 
8154 8157 8160 8163 8166 8169 8172 8175 8178 
8181 8184 8187 8190 8193 8196 8199 8202 8205 
8208 8211 8214 8217 8220 8223 8226 8229 8232 
8235 8238 8241 8244 8247 8250 8253 8256 8259 
8262 8265 8268 8271 8274 8277 8280 8283 8286 
8289 8292 8295 8298 8301 8304 8307 8310 8313 
8316 8319 8322 8325 8328 8331 8334 8337 8340 
8343 8346 8349 8352 8355 8358 8361 8364 8367 
8370 8373 8376 8379 8382 8385 8388 8391 8394 
8397 8400 8403 8406 8409 8412 8415 8418 8421 
8424 8427 8430 8433 8436 8439 8442 8445 8448 
8451 8454 8457 8460 8463 8466 8469 8472 8475 
8478 8481 8484 8487 8490 8493 8496 8499 8502 
8505 8508 8511 8514 8517 8520 8523 8526 8529 
8532 8535 8538 8541 8544 8547 8550 8553 8556 
8559 8562 8565 8568 8571 8574 8577 8580 8583 
8586 8589 8592 8595 8598 8601 8604 8607 8610 
8613 8616 8619 8622 8625 8628 8631 8634 8637 
8640 8643 8646 8649 8652 8655 8658 8661 8664 
8667 8670 8673 8676 8679 8682 8685 8688 8691 
8694 8697 8700 8703 8706 8709 8712 8715 8718 
8721 8724 8727 8730 8733 8736 8739 8742 8745 
8748 8751 8754 8757 8760 8763 8766 8769 8772 
8775 8778 8781 8784 8787 8790 8793 8796 8799 
8802 8805 8808 8811 8814 8817 8820 8823 8826 
8829 8832 8835 8838 8841 8844 8847 8850 8853 
8856 8859 8862 8865 8868 8871 8874 8877 8880 
8883 8886 8889 8892 8895 8898 8901 8904 8907 
8910 8913 8916 8919 8922 8925 8928 8931 8934 
8937 8940 8943 8946 8949 8952 8955 8958 8961 
8964 8967 8970 8973 8976 8979 8982 8985 8988 
8991 8994 8997 9000 9003 9006 9009 9012 9015 
9018 9021 9024 9027 9030 9033 9036 9039 9042 
9045 9048 9051 9054 9057 9060 9063 9066 9069 
9072 9075 9078 9081 9084 9087 9090 9093 9096 
9099 9102 9105 9108 9111 9114 9117 9120 9123 
9126 9129 9132 9135 9138 9141 9144 9147 9150 
9153 9156 9159 9162 9165 9168 9171 9174 9177 
9180 9183 9186 9189 9192 9195 9198 9201 9204 
9207 9210 9213 9216 9219 9222 9225 9228 9231 
9234 9237 9240 9243 9246 9249 9252 9255 9258 
9261 9264 9267 9270 9273 9276 9279 9282 9285 
9288 9291 9294 9297 9300 9303 9306 9309 9312 
9315 9318 9321 9324 9327 9330 9333 9336 9339 
9342 9345 9348 9351 9354 9357 9360 9363 9366 
9369 9372 9375 9378 9381 9384 9387 9390 9393 
9396 9399 9402 9405 9408 9411 9414 9417 9420 
9423 9426 9429 9432 9435 9438 9441 9444 9447 
9450 9453 9456 9459 9462 9465 9468 9471 9474 
9477 9480 9483 9486 9489 9492 9495 9498 9501 
9504 9507 9510 9513 9516 9519 9522 9525 9528 
9531 9534 9537 9540 9543 9546 9549 9552 9555 
9558 9561 9564 9567 9570 9573 9576 9579 9582 
9585 9588 9591 9594 9597 9600 9603 9606 9609 
9612 9615 9618 9621 9624 9627 9630 9633 9636 
9639 9642 9645 9648 9651 9654 9657 9660 9663 
9666 9669 9672 9675 9678 9681 9684 9687 9690 
9693 9696 9699 9702 9705 9708 9711 9714 9717 
9720 9723 9726 9729 9732 9735 9738 9741 9744 
9747 9750 9753 9756 9759 9762 9765 9768 9771 
9774 9777 9780 9783 9786 9789 9792 9795 9798 
9801 9804 9807 9810 9813 9816 9819 9822 9825 
9828 9831 9834 9837 9840 9843 9846 9849 9852 
9855 9858 9861 9864 9867 9870 9873 9876 9879 
9882 9885 9888 9891 9894 9897 9900 9903 9906 
9909 9912 9915 9918 9921 9924 9927 9930 9933 
9936 9939 9942 9945 9948 9951 9954 9957 9960 
9963 9966 9969 9972 9975 9978 9981 9984 9987 
9990 9993 9996 9999 10002 10005 10008 10011 10014 
10017 10020 10023 10026 10029 10032 10035 10038 10041 
10044 10047 10050 10053 10056 10059 10062 10065 10068 
10071 10074 10077 10080 10083 10086 10089 10092 10095 
10098 10101 10104 10107 10110 10113 10116 10119 10122 
10125 10128 10131 10134 10137 10140 10143 10146 10149 
10152 10155 10158 10161 10164 10167 10170 10173 10176 
10179 10182 10185 10188 10191 10194 10197 10200 10203 
10206 10209 10212 10215 10218 10221 10224 10227 10230 
10233 10236 10239 10242 10245 10248 10251 10254 10257 
10260 10263 10266 10269 10272 10275 10278 10281 10284 
10287 10290 10293 10296 10299 10302 10305 10308 10311 
10314 10317 10320 10323 10326 10329 10332 10335 10338 
10341 10344 10347 10350 10353 10356 10359 10362 10365 
10368 10371 10374 10377 10380 10383 10386 10389 10392 
10395 10398 10401 10404 10407 10410 10413 10416 10419 
10422 10425 10428 10431 10434 10437 10440 10443 10446 
10449 10452 10455 10458 10461 10464 10467 10470 10473 
10476 10479 10482 10485 10488 10491 10494 10497 10500 
10503 10506 10509 10512 10515 10518 10521 10524 10527 
10530 10533 10536 10539 10542 10545 10548 10551 10554 
10557 10560 10563 10566 10569 10572 10575 10578 10581 
10584 10587 10590 10593 10596 10599 10602 10605 10608 
10611 10614 10617 10620 10623 10626 10629 10632 10635 
10638 10641 10644 10647 10650 10653 10656 10659 10662 
10665 10668 10671 10674 10677 10680 10683 10686 10689 
10692 10695 10698 10701 10704 10707 10710 10713 10716 
10719 10722 10725 10728 10731 10734 10737 10740 10743 
10746 10749 10752 10755 10758 10761 10764 10767 10770 
10773 10776 10779 10782 10785 10788 10791 10794 10797 
10800 10803 10806 10809 10812 10815 10818 10821 10824 
10827 10830 10833 10836 10839 10842 10845 10848 10851 
10854 10857 10860 10863 10866 10869 10872 10875 10878 
10881 10884 10887 10890 10893 10896 10899 10902 10905 
10908 10911 10914 10917 10920 10923 10926 10929 10932 
10935 10938 10941 10944 10947 10950 10953 10956 10959 
10962 10965 10968 10971 10974 10977 10980 10983 10986 
10989 10992 10995 10998 11001 11004 11007 11010 11013 
11016 11019 11022 11025 11028 11031 11034 11037 11040 
11043 11046 11049 11052 11055 11058 11061 11064 11067 
11070 11073 11076 11079 11082 11085 11088 11091 11094 
11097 11100 11103 11106 11109 11112 11115 11118 11121 
11124 11127 11130 11133 11136 11139 11142 11145 11148 
11151 11154 11157 11160 11163 11166 11169 11172 11175 
11178 11181 11184 11187 11190 11193 11196 11199 11202 
11205 11208 11211 11214 11217 11220 11223 11226 11229 
11232 11235 11238 11241 11244 11247 11250 11253 11256 
11259 11262 11265 11268 11271 11274 11277 11280 11283 
11286 11289 11292 11295 11298 11301 11304 11307 11310 
11313 11316 11319 11322 11325 11328 11331 11334 11337 
11340 11343 11346 11349 11352 11355 11358 11361 11364 
11367 11370 11373 11376 11379 11382 11385 11388 11391 
11394 11397 11400 11403 11406 11409 11412 11415 11418 
11421 11424 11427 11430 11433 11436 11439 11442 11445 
11448 11451 11454 11457 11460 11463 11466 11469 11472 
11475 11478 11481 11484 11487 11490 11493 11496 11499 
11502 11505 11508 11511 11514 11517 11520 11523 11526 
11529 11532 11535 11538 11541 11544 11547 11550 11553 
11556 11559 11562 11565 11568 11571 11574 11577 11580 
11583 11586 11589 11592 11595 11598 11601 11604 11607 
11610 11613 11616 11619 11622 11625 11628 11631 11634 
11637 11640 11643 11646 11649 11652 11655 11658 11661 
11664 11667 11670 11673 11676 11679 11682 11685 11688 
11691 11694 11697 11700 11703 11706 11709 11712 11715 
11718 11721 11724 11727 11730 11733 11736 11739 11742 
11745 11748 11751 11754 11757 11760 11763 11766 11769 
11772 11775 11778 11781 11784 11787 11790 11793 11796 
11799 11802 11805 11808 11811 11814 11817 11820 11823 
11826 11829 11832 11835 11838 11841 11844 11847 11850 
11853 11856 11859 11862 11865 11868 11871 11874 11877 
11880 11883 11886 11889 11892 11895 11898 11901 11904 
11907 11910 11913 11916 11919 11922 11925 11928 11931 
11934 11937 11940 11943 11946 11949 11952 11955 11958 
11961 11964 11967 11970 11973 11976 11979 11982 11985 
11988 11991 11994 11997 12000 12003 12006 12009 12012 
12015 12018 12021 12024 12027 12030 12033 12036 12039 
12042 12045 12048 12051 12054 12057 12060 12063 12066 
12069 12072 12075 12078 12081 12084 12087 12090 12093 
12096 12099 12102 12105 12108 12111 12114 12117 12120 
12123 12126 12129 12132 12135 12138 12141 12144 12147 
12150 12153 12156 12159 12162 12165 12168 12171 12174 
12177 12180 12183 12186 12189 12192 12195 12198 12201 
12204 12207 12210 12213 12216 12219 12222 12225 12228 
12231 12234 12237 12240 12243 12246 12249 12252 12255 
12258 12261 12264 12267 12270 12273 12276 12279 12282 
12285 12288 12291 12294 12297 12300 12303 12306 12309 
12312 12315 12318 12321 12324 12327 12330 12333 12336 
12339 12342 12345 12348 12351 12354 12357 12360 12363 
12366 12369 12372 12375 12378 12381 12384 12387 12390 
12393 12396 12399 12402 12405 12408 12411 12414 12417 
12420 12423 12426 12429 12432 12435 12438 12441 12444 
12447 12450 12453 12456 12459 12462 12465 12468 12471 
12474 12477 12480 12483 12486 12489 12492 12495 12498 
12501 12504 12507 12510 12513 12516 12519 12522 12525 
12528 12531 12534 12537 12540 12543 12546 12549 12552 
12555 12558 12561 12564 12567 12570 12573 12576 12579 
12582 12585 12588 12591 12594 12597 12600 12603 12606 
12609 12612 12615 12618 12621 12624 12627 12630 12633 
12636 12639 12642 12645 12648 12651 12654 12657 12660 
12663 12666 12669 12672 12675 12678 12681 12684 12687 
12690 12693 12696 12699 12702 12705 12708 12711 12714 
12717 12720 12723 12726 12729 12732 12735 12738 12741 
12744 12747 12750 12753 12756 12759 12762 12765 12768 
12771 12774 12777 12780 12783 12786 12789 12792 12795 
12798 12801 12804 12807 12810 12813 12816 12819 12822 
12825 12828 12831 12834 12837 12840 12843 12846 12849 
12852 12855 12858 12861 12864 12867 12870 12873 12876 
12879 12882 12885 12888 12891 12894 12897 12900 12903 
12906 12909 12912 12915 12918 12921 12924 12927 12930 
12933 12936 12939 12942 12945 12948 12951 12954 12957 
12960 12963 12966 12969 12972 12975 12978 12981 12984 
12987 12990 12993 12996 12999 13002 13005 13008 13011 
13014 13017 13020 13023 13026 13029 13032 13035 13038 
13041 13044 13047 13050 13053 13056 13059 13062 13065 
13068 13071 13074 13077 13080 13083 13086 13089 13092 
13095 13098 13101 13104 13107 13110 13113 13116 13119 
13122 13125 13128 13131 13134 13137 13140 13143 13146 
13149 13152 13155 13158 13161 13164 13167 13170 13173 
13176 13179 13182 13185 13188 13191 13194 13197 13200 
13203 13206 13209 13212 13215 13218 13221 13224 13227 
13230 13233 13236 13239 13242 13245 13248 13251 13254 
13257 13260 13263 13266 13269 13272 13275 13278 13281 
13284 13287 13290 13293 13296 13299 13302 13305 13308 
13311 13314 13317 13320 13323 13326 13329 13332 13335 
13338 13341 13344 13347 13350 13353 13356 13359 13362 
13365 13368 13371 13374 13377 13380 13383 13386 13389 
13392 13395 13398 13401 13404 13407 13410 13413 13416 
13419 13422 13425 13428 13431 13434 13437 13440 13443 
13446 13449 13452 13455 13458 13461 13464 13467 13470 
13473 13476 13479 13482 13485 13488 13491 13494 13497 
13500 13503 13506 13509 13512 13515 13518 13521 13524 
13527 13530 13533 13536 13539 13542 13545 13548 13551 
13554 13557 13560 13563 13566 13569 13572 13575 13578 
13581 13584 13587 13590 13593 13596 13599 13602 13605 
13608 13611 13614 13617 13620 13623 13626 13629 13632 
13635 13638 13641 13644 13647 13650 13653 13656 13659 
13662 13665 13668 13671 13674 13677 13680 13683 13686 
13689 13692 13695 13698 13701 13704 13707 13710 13713 
13716 13719 13722 13725 13728 13731 13734 13737 13740 
13743 13746 13749 13752 13755 13758 13761 13764 13767 
13770 13773 13776 13779 13782 13785 13788 13791 13794 
13797 13800 13803 13806 13809 13812 13815 13818 13821 
13824 13827 13830 13833 13836 13839 13842 13845 13848 
13851 13854 13857 13860 13863 13866 13869 13872 13875 
13878 13881 13884 13887 13890 13893 13896 13899 13902 
13905 13908 13911 13914 13917 13920 13923 13926 13929 
13932 13935 13938 13941 13944 13947 13950 13953 13956 
13959 13962 13965 13968 13971 13974 13977 13980 13983 
13986 13989 13992 13995 13998 14001 14004 14007 14010 
14013 14016 14019 14022 14025 14028 14031 14034 14037 
14040 14043 14046 14049 14052 14055 14058 14061 14064 
14067 14070 14073 14076 14079 14082 14085 14088 14091 
14094 14097 14100 14103 14106 14109 14112 14115 14118 
14121 14124 14127 14130 14133 14136 14139 14142 14145 
14148 14151 14154 14157 14160 14163 14166 14169 14172 
14175 14178 14181 14184 14187 14190 14193 14196 14199 
14202 14205 14208 14211 14214 14217 14220 14223 14226 
14229 14232 14235 14238 14241 14244 14247 14250 14253 
14256 14259 14262 14265 14268 14271 14274 14277 14280 
14283 14286 14289 14292 14295 14298 14301 14304 14307 
14310 14313 14316 14319 14322 14325 14328 14331 14334 
14337 14340 14343 14346 14349 14352 14355 14358 14361 
14364 14367 14370 14373 14376 14379 14382 14385 14388 
14391 14394 14397 14400 14403 14406 14409 14412 14415 
14418 14421 14424 14427 14430 14433 14436 14439 14442 
14445 14448 14451 14454 14457 14460 14463 14466 14469 
14472 14475 14478 14481 14484 14487 14490 14493 14496 
14499 14502 14505 14508 14511 14514 14517 14520 14523 
14526 14529 14532 14535 14538 14541 14544 14547 14550 
14553 14556 14559 14562 14565 14568 14571 14574 14577 
14580 14583 14586 14589 14592 14595 14598 14601 14604 
14607 14610 14613 14616 14619 14622 14625 14628 14631 
14634 14637 14640 14643 14646 14649 14652 14655 14658 
14661 14664 14667 14670 14673 14676 14679 14682 14685 
14688 14691 14694 14697 14700 14703 14706 14709 14712 
14715 14718 14721 14724 14727 14730 14733 14736 14739 
14742 14745 14748 14751 14754 14757 14760 14763 14766 
14769 14772 14775 14778 14781 14784 14787 14790 14793 
14796 14799 14802 14805 14808 14811 14814 14817 14820 
14823 14826 14829 14832 14835 14838 14841 14844 14847 
14850 14853 14856 14859 14862 14865 14868 14871 14874 
14877 14880 14883 14886 14889 14892 14895 14898 14901 
14904 14907 14910 14913 14916 14919 14922 14925 14928 
14931 14934 14937 14940 14943 14946 14949 14952 14955 
14958 14961 14964 14967 14970 14973 14976 14979 14982 
14985 14988 14991 14994 14997 15000 15003 15006 15009 
15012 15015 15018 15021 15024 15027 15030 15033 15036 
15039 15042 15045 15048 15051 15054 15057 15060 15063 
15066 15069 15072 15075 15078 15081 15084 15087 15090 
15093 15096 15099 15102 15105 15108 15111 15114 15117 
15120 15123 15126 15129 15132 15135 15138 15141 15144 
15147 15150 15153 15156 15159 15162 15165 15168 15171 
15174 15177 15180 15183 15186 15189 15192 15195 15198 
15201 15204 15207 15210 15213 15216 15219 15222 15225 
15228 15231 15234 15237 15240 15243 15246 15249 15252 
15255 15258 15261 15264 15267 15270 15273 15276 15279 
15282 15285 15288 15291 15294 15297 15300 15303 15306 
15309 15312 15315 15318 15321 15324 15327 15330 15333 
15336 15339 15342 15345 15348 15351 15354 15357 15360 
15363 15366 15369 15372 15375 15378 15381 15384 15387 
15390 15393 15396 15399 15402 15405 15408 15411 15414 
15417 15420 15423 15426 15429 15432 15435 15438 15441 
15444 15447 15450 15453 15456 15459 15462 15465 15468 
15471 15474 15477 15480 15483 15486 15489 15492 15495 
15498 15501 15504 15507 15510 15513 15516 15519 15522 
15525 15528 15531 15534 15537 15540 15543 15546 15549 
15552 15555 15558 15561 15564 15567 15570 15573 15576 
15579 15582 15585 15588 15591 15594 15597 15600 15603 
15606 15609 15612 15615 15618 15621 15624 15627 15630 
15633 15636 15639 15642 15645 15648 15651 15654 15657 
15660 15663 15666 15669 15672 15675 15678 15681 15684 
15687 15690 15693 15696 15699 15702 15705 15708 15711 
15714 15717 15720 15723 15726 15729 15732 15735 15738 
15741 15744 15747 15750 15753 15756 15759 15762 15765 
15768 15771 15774 15777 15780 15783 15786 15789 15792 
15795 15798 15801 15804 15807 15810 15813 15816 15819 
15822 15825 15828 15831 15834 15837 15840 15843 15846 
15849 15852 15855 15858 15861 15864 15867 15870 15873 
15876 15879 15882 15885 15888 15891 15894 15897 15900 
15903 15906 15909 15912 15915 15918 15921 15924 15927 
15930 15933 15936 15939 15942 15945 15948 15951 15954 
15957 15960 15963 15966 15969 15972 15975 15978 15981 
15984 15987 15990 15993 15996 15999 16002 16005 16008 
16011 16014 16017 16020 16023 16026 16029 16032 16035 
16038 16041 16044 16047 16050 16053 16056 16059 16062 
16065 16068 16071 16074 16077 16080 16083 16086 16089 
16092 16095 16098 16101 16104 16107 16110 16113 16116 
16119 16122 16125 16128 16131 16134 16137 16140 16143 
16146 16149 16152 16155 16158 16161 16164 16167 16170 
16173 16176 16179 16182 16185 16188 16191 16194 16197 
16200 16203 16206 16209 16212 16215 16218 16221 16224 
16227 16230 16233 16236 16239 16242 16245 16248 16251 
16254 16257 16260 16263 16266 16269 16272 16275 16278 
16281 16284 16287 16290 16293 16296 16299 16302 16305 
16308 16311 16314 16317 16320 16323 16326 16329 16332 
16335 16338 16341 16344 16347 16350 16353 16356 16359 
16362 16365 16368 16371 16374 16377 16380 16383 16386 
16389 16392 16395 16398 16401 16404 16407 16410 16413 
16416 16419 16422 16425 16428 16431 16434 16437 16440 
16443 16446 16449 16452 16455 16458 16461 16464 16467 
16470 16473 16476 16479 16482 16485 16488 16491 16494 
16497 16500 16503 16506 16509 16512 16515 16518 16521 
16524 16527 16530 16533 16536 16539 16542 16545 16548 
16551 16554 16557 16560 16563 16566 16569 16572 16575 
16578 16581 16584 16587 16590 16593 16596 16599 16602 
16605 16608 16611 16614 16617 16620 16623 16626 16629 
16632 16635 16638 16641 16644 16647 16650 16653 16656 
16659 16662 16665 16668 16671 16674 16677 16680 16683 
16686 16689 16692 16695 16698 16701 16704 16707 16710 
16713 16716 16719 16722 16725 16728 16731 16734 16737 
16740 16743 16746 16749 16752 16755 16758 16761 16764 
16767 16770 16773 16776 16779 16782 16785 16788 16791 
16794 16797 16800 16803 16806 16809 16812 16815 16818 
16821 16824 16827 16830 16833 16836 16839 16842 16845 
16848 16851 16854 16857 16860 16863 16866 16869 16872 
16875 16878 16881 16884 16887 16890 16893 16896 16899 
16902 16905 16908 16911 16914 16917 16920 16923 16926 
16929 16932 16935 16938 16941 16944 16947 16950 16953 
16956 16959 16962 16965 16968 16971 16974 16977 16980 
16983 16986 16989 16992 16995 16998 17001 17004 17007 
17010 17013 17016 17019 17022 17025 17028 17031 17034 
17037 17040 17043 17046 17049 17052 17055 17058 17061 
17064 17067 17070 17073 17076 17079 17082 17085 17088 
17091 17094 17097 17100 17103 17106 17109 17112 17115 
17118 17121 17124 17127 17130 17133 17136 17139 17142 
17145 17148 17151 17154 17157 17160 17163 17166 17169 
17172 17175 17178 17181 17184 17187 17190 17193 17196 
17199 17202 17205 17208 17211 17214 17217 17220 17223 
17226 17229 17232 17235 17238 17241 17244 17247 17250 
17253 17256 17259 17262 17265 17268 17271 17274 17277 
17280 17283 17286 17289 17292 17295 17298 17301 17304 
17307 17310 17313 17316 17319 17322 17325 17328 17331 
17334 17337 17340 17343 17346 17349 17352 17355 17358 
17361 17364 17367 17370 17373 17376 17379 17382 17385 
17388 17391 17394 17397 17400 17403 17406 17409 17412 
17415 17418 17421 17424 17427 17430 17433 17436 17439 
17442 17445 17448 17451 17454 17457 17460 17463 17466 
17469 17472 17475 17478 17481 17484 17487 17490 17493 
17496 17499 17502 17505 17508 17511 17514 17517 17520 
17523 17526 17529 17532 17535 17538 17541 17544 17547 
17550 17553 17556 17559 17562 17565 17568 17571 17574 
17577 17580 17583 17586 17589 17592 17595 17598 17601 
17604 17607 17610 17613 17616 17619 17622 17625 17628 
17631 17634 17637 17640 17643 17646 17649 17652 17655 
17658 17661 17664 17667 17670 17673 17676 17679 17682 
17685 17688 17691 17694 17697 17700 17703 17706 17709 
17712 17715 17718 17721 17724 17727 17730 17733 17736 
17739 17742 17745 17748 17751 17754 17757 17760 17763 
17766 17769 17772 17775 17778 17781 17784 17787 17790 
17793 17796 17799 17802 17805 17808 17811 17814 17817 
17820 17823 17826 17829 17832 17835 17838 17841 17844 
17847 17850 17853 17856 17859 17862 17865 17868 17871 
17874 17877 17880 17883 17886 17889 17892 17895 17898 
17901 17904 17907 17910 17913 17916 17919 17922 17925 
17928 17931 17934 17937 17940 17943 17946 17949 17952 
17955 17958 17961 17964 17967 17970 17973 17976 17979 
17982 17985 17988 17991 17994 17997 18000 18003 18006 
18009 18012 18015 18018 18021 18024 18027 18030 18033 
18036 18039 18042 18045 18048 18051 18054 18057 18060 
18063 18066 18069 18072 18075 18078 18081 18084 18087 
18090 18093 18096 18099 18102 18105 18108 18111 18114 
18117 18120 18123 18126 18129 18132 18135 18138 18141 
18144 18147 18150 18153 18156 18159 18162 18165 18168 
18171 18174 18177 18180 18183 18186 18189 18192 18195 
18198 18201 18204 18207 18210 18213 18216 18219 18222 
18225 18228 18231 18234 18237 18240 18243 18246 18249 
18252 18255 18258 18261 18264 18267 18270 18273 18276 
18279 18282 18285 18288 18291 18294 18297 18300 18303 
18306 18309 18312 18315 18318 18321 18324 18327 18330 
18333 18336 18339 18342 18345 18348 18351 18354 18357 
18360 18363 18366 18369 18372 18375 18378 18381 18384 
18387 18390 18393 18396 18399 18402 18405 18408 18411 
18414 18417 18420 18423 18426 18429 18432 18435 18438 
18441 18444 18447 18450 18453 18456 18459 18462 18465 
18468 18471 18474 18477 18480 18483 18486 18489 18492 
18495 18498 18501 18504 18507 18510 18513 18516 18519 
18522 18525 18528 18531 18534 18537 18540 18543 18546 
18549 18552 18555 18558 18561 18564 18567 18570 18573 
18576 18579 18582 18585 18588 18591 18594 18597 18600 
18603 18606 18609 18612 18615 18618 18621 18624 18627 
18630 18633 18636 18639 18642 18645 18648 18651 18654 
18657 18660 18663 18666 18669 18672 18675 18678 18681 
18684 18687 18690 18693 18696 18699 18702 18705 18708 
18711 18714 18717 18720 18723 18726 18729 18732 18735 
18738 18741 18744 18747 18750 18753 18756 18759 18762 
18765 18768 18771 18774 18777 18780 18783 18786 18789 
18792 18795 18798 18801 18804 18807 18810 18813 18816 
18819 18822 18825 18828 18831 18834 18837 18840 18843 
18846 18849 18852 18855 18858 18861 18864 18867 18870 
18873 18876 18879 18882 18885 18888 18891 18894 18897 
18900 18903 18906 18909 18912 18915 18918 18921 18924 
18927 18930 18933 18936 18939 18942 18945 18948 18951 
18954 18957 18960 18963 18966 18969 18972 18975 18978 
18981 18984 18987 18990 18993 18996 18999 19002 19005 
19008 19011 19014 19017 19020 19023 19026 19029 19032 
19035 19038 19041 19044 19047 19050 19053 19056 19059 
19062 19065 19068 19071 19074 19077 19080 19083 19086 
19089 19092 19095 19098 19101 19104 19107 19110 19113 
19116 19119 19122 19125 19128 19131 19134 19137 19140 
19143 19146 19149 19152 19155 19158 19161 19164 19167 
19170 19173 19176 19179 19182 19185 19188 19191 19194 
19197 19200 19203 19206 19209 19212 19215 19218 19221 
19224 19227 19230 19233 19236 19239 19242 19245 19248 
19251 19254 19257 19260 19263 19266 19269 19272 19275 
19278 19281 19284 19287 19290 19293 19296 19299 19302 
19305 19308 19311 19314 19317 19320 19323 19326 19329 
19332 19335 19338 19341 19344 19347 19350 19353 19356 
19359 19362 19365 19368 19371 19374 19377 19380 19383 
19386 19389 19392 19395 19398 19401 19404 19407 19410 
19413 19416 19419 19422 19425 19428 19431 19434 19437 
19440 19443 19446 19449 19452 19455 19458 19461 19464 
19467 19470 19473 19476 19479 19482 19485 19488 19491 
19494 19497 19500 19503 19506 19509 19512 19515 19518 
19521 19524 19527 19530 19533 19536 19539 19542 19545 
19548 19551 19554 19557 19560 19563 19566 19569 19572 
19575 19578 19581 19584 19587 19590 19593 19596 19599 
19602 19605 19608 19611 19614 19617 19620 19623 19626 
19629 19632 19635 19638 19641 19644 19647 19650 19653 
19656 19659 19662 19665 19668 19671 19674 19677 19680 
19683 19686 19689 19692 19695 19698 19701 19704 19707 
19710 19713 19716 19719 19722 19725 19728 19731 19734 
19737 19740 19743 19746 19749 19752 19755 19758 19761 
19764 19767 19770 19773 19776 19779 19782 19785 19788 
19791 19794 19797 19800 19803 19806 19809 19812 19815 
19818 19821 19824 19827 19830 19833 19836 19839 19842 
19845 19848 19851 19854 19857 19860 19863 19866 19869 
19872 19875 19878 19881 19884 19887 19890 19893 19896 
19899 19902 19905 19908 19911 19914 19917 19920 19923 
19926 19929 19932 19935 19938 19941 19944 19947 19950 
19953 19956 19959 19962 19965 19968 19971 19974 19977 
19980 19983 19986 19989 19992 19995 19998 20001 20004 
20007 20010 20013 20016 20019 20022 20025 20028 20031 
20034 20037 20040 20043 20046 20049 20052 20055 20058 
20061 20064 20067 20070 20073 20076 20079 20082 20085 
20088 20091 20094 20097 20100 20103 20106 20109 20112 
20115 20118 20121 20124 20127 20130 20133 20136 20139 
20142 20145 20148 20151 20154 20157 20160 20163 20166 
20169 20172 20175 20178 20181 20184 20187 20190 20193 
20196 20199 20202 20205 20208 20211 20214 20217 20220 
20223 20226 20229 20232 20235 20238 20241 20244 20247 
20250 20253 20256 20259 20262 20265 20268 20271 20274 
20277 20280 20283 20286 20289 20292 20295 20298 20301 
20304 20307 20310 20313 20316 20319 20322 20325 20328 
20331 20334 20337 20340 20343 20346 20349 20352 20355 
20358 20361 20364 20367 20370 20373 20376 20379 20382 
20385 20388 20391 20394 20397 20400 20403 20406 20409 
20412 20415 20418 20421 20424 20427 20430 20433 20436 
20439 20442 20445 20448 20451 20454 20457 20460 20463 
20466 20469 20472 20475 20478 20481 20484 20487 20490 
20493 20496 20499 20502 20505 20508 20511 20514 20517 
20520 20523 20526 20529 20532 20535 20538 20541 20544 
20547 20550 20553 20556 20559 20562 20565 20568 20571 
20574 20577 20580 20583 20586 20589 20592 20595 20598 
20601 20604 20607 20610 20613 20616 20619 20622 20625 
20628 20631 20634 20637 20640 20643 20646 20649 20652 
20655 20658 20661 20664 20667 20670 20673 20676 20679 
20682 20685 20688 20691 20694 20697 20700 20703 20706 
20709 20712 20715 20718 20721 20724 20727 20730 20733 
20736 20739 20742 20745 20748 20751 20754 20757 20760 
20763 20766 20769 20772 20775 20778 20781 20784 20787 
20790 20793 20796 20799 20802 20805 20808 20811 20814 
20817 20820 20823 20826 20829 20832 20835 20838 20841 
20844 20847 20850 20853 20856 20859 20862 20865 20868 
20871 20874 20877 20880 20883 20886 20889 20892 20895 
20898 20901 20904 20907 20910 20913 20916 20919 20922 
20925 20928 20931 20934 20937 20940 20943 20946 20949 
20952 20955 20958 20961 20964 20967 20970 20973 20976 
20979 20982 20985 20988 20991 20994 20997 21000 21003 
21006 21009 21012 21015 21018 21021 21024 21027 21030 
21033 21036 21039 21042 21045 21048 21051 21054 21057 
21060 21063 21066 21069 21072 21075 21078 21081 21084 
21087 21090 21093 21096 21099 21102 21105 21108 21111 
21114 21117 21120 21123 21126 21129 21132 21135 21138 
21141 21144 21147 21150 21153 21156 21159 21162 21165 
21168 21171 21174 21177 21180 21183 21186 21189 21192 
21195 21198 21201 21204 21207 21210 21213 21216 21219 
21222 21225 21228 21231 21234 21237 21240 21243 21246 
21249 21252 21255 21258 21261 21264 21267 21270 21273 
21276 21279 21282 21285 21288 21291 21294 21297 21300 
21303 21306 21309 21312 21315 21318 21321 21324 21327 
21330 21333 21336 21339 21342 21345 21348 21351 21354 
21357 21360 21363 21366 21369 21372 21375 21378 21381 
21384 21387 21390 21393 21396 21399 21402 21405 21408 
21411 21414 21417 21420 21423 21426 21429 21432 21435 
21438 21441 21444 21447 21450 21453 21456 21459 21462 
21465 21468 21471 21474 21477 21480 21483 21486 21489 
21492 21495 21498 21501 21504 21507 21510 21513 21516 
21519 21522 21525 21528 21531 21534 21537 21540 21543 
21546 21549 21552 21555 21558 21561 21564 21567 21570 
21573 21576 21579 21582 21585 21588 21591 21594 21597 
21600 21603 21606 21609 21612 21615 21618 21621 21624 
21627 21630 21633 21636 21639 21642 21645 21648 21651 
21654 21657 21660 21663 21666 21669 21672 21675 21678 
21681 21684 21687 21690 21693 21696 21699 21702 21705 
21708 21711 21714 21717 21720 21723 21726 21729 21732 
21735 21738 21741 21744 21747 21750 21753 21756 21759 
21762 21765 21768 21771 21774 21777 21780 21783 21786 
21789 21792 21795 21798 21801 21804 21807 21810 21813 
21816 21819 21822 21825 21828 21831 21834 21837 21840 
21843 21846 21849 21852 21855 21858 21861 21864 21867 
21870 21873 21876 21879 21882 21885 21888 21891 21894 
21897 21900 21903 21906 21909 21912 21915 21918 21921 
21924 21927 21930 21933 21936 21939 21942 21945 21948 
21951 21954 21957 21960 21963 21966 21969 21972 21975 
21978 21981 21984 21987 21990 21993 21996 21999 22002 
22005 22008 22011 22014 22017 22020 22023 22026 22029 
22032 22035 22038 22041 22044 22047 22050 22053 22056 
22059 22062 22065 22068 22071 22074 22077 22080 22083 
22086 22089 22092 22095 22098 22101 22104 22107 22110 
22113 22116 22119 22122 22125 22128 22131 22134 22137 
22140 22143 22146 22149 22152 22155 22158 22161 22164 
22167 22170 22173 22176 22179 22182 22185 22188 22191 
22194 22197 22200 22203 22206 22209 22212 22215 22218 
22221 22224 22227 22230 22233 22236 22239 22242 22245 
22248 22251 22254 22257 22260 22263 22266 22269 22272 
22275 22278 22281 22284 22287 22290 22293 22296 22299 
22302 22305 22308 22311 22314 22317 22320 22323 22326 
22329 22332 22335 22338 22341 22344 22347 22350 22353 
22356 22359 22362 22365 22368 22371 22374 22377 22380 
22383 22386 22389 22392 22395 22398 22401 22404 22407 
22410 22413 22416 22419 22422 22425 22428 22431 22434 
22437 22440 22443 22446 22449 22452 22455 22458 22461 
22464 22467 22470 22473 22476 22479 22482 22485 22488 
22491 22494 22497 22500 22503 22506 22509 22512 22515 
22518 22521 22524 22527 22530 22533 22536 22539 22542 
22545 22548 22551 22554 22557 22560 22563 22566 22569 
22572 22575 22578 22581 22584 22587 22590 22593 22596 
22599 22602 22605 22608 22611 22614 22617 22620 22623 
22626 22629 22632 22635 22638 22641 22644 22647 22650 
22653 22656 22659 22662 22665 22668 22671 22674 22677 
22680 22683 22686 22689 22692 22695 22698 22701 22704 
22707 22710 22713 22716 22719 22722 22725 22728 22731 
22734 22737 22740 22743 22746 22749 22752 22755 22758 
22761 22764 22767 22770 22773 22776 22779 22782 22785 
22788 22791 22794 22797 22800 22803 22806 22809 22812 
22815 22818 22821 22824 22827 22830 22833 22836 22839 
22842 22845 22848 22851 22854 22857 22860 22863 22866 
22869 22872 22875 22878 22881 22884 22887 22890 22893 
22896 22899 22902 22905 22908 22911 22914 22917 22920 
22923 22926 22929 22932 22935 22938 22941 22944 22947 
22950 22953 22956 22959 22962 22965 22968 22971 22974 
22977 22980 22983 22986 22989 22992 22995 22998 23001 
23004 23007 23010 23013 23016 23019 23022 23025 23028 
23031 23034 23037 23040 23043 23046 23049 23052 23055 
23058 23061 23064 23067 23070 23073 23076 23079 23082 
23085 23088 23091 23094 23097 23100 23103 23106 23109 
23112 23115 23118 23121 23124 23127 23130 23133 23136 
23139 23142 23145 23148 23151 23154 23157 23160 23163 
23166 23169 23172 23175 23178 23181 23184 23187 23190 
23193 23196 23199 23202 23205 23208 23211 23214 23217 
23220 23223 23226 23229 23232 23235 23238 23241 23244 
23247 23250 23253 23256 23259 23262 23265 23268 23271 
23274 23277 23280 23283 23286 23289 23292 23295 23298 
23301 23304 23307 23310 23313 23316 23319 23322 23325 
23328 23331 23334 23337 23340 23343 23346 23349 23352 
23355 23358 23361 23364 23367 23370 23373 23376 23379 
23382 23385 23388 23391 23394 23397 23400 23403 23406 
23409 23412 23415 23418 23421 23424 23427 23430 23433 
23436 23439 23442 23445 23448 23451 23454 23457 23460 
23463 23466 23469 23472 23475 23478 23481 23484 23487 
23490 23493 23496 23499 23502 23505 23508 23511 23514 
23517 23520 23523 23526 23529 23532 23535 23538 23541 
23544 23547 23550 23553 23556 23559 23562 23565 23568 
23571 23574 23577 23580 23583 23586 23589 23592 23595 
23598 23601 23604 23607 23610 23613 23616 23619 23622 
23625 23628 23631 23634 23637 23640 23643 23646 23649 
23652 23655 23658 23661 23664 23667 23670 23673 23676 
23679 23682 23685 23688 23691 23694 23697 23700 23703 
23706 23709 23712 23715 23718 23721 23724 23727 23730 
23733 23736 23739 23742 23745 23748 23751 23754 23757 
23760 23763 23766 23769 23772 23775 23778 23781 23784 
23787 23790 23793 23796 23799 23802 23805 23808 23811 
23814 23817 23820 23823 23826 23829 23832 23835 23838 
23841 23844 23847 23850 23853 23856 23859 23862 23865 
23868 23871 23874 23877 23880 23883 23886 23889 23892 
23895 23898 23901 23904 23907 23910 23913 23916 23919 
23922 23925 23928 23931 23934 23937 23940 23943 23946 
23949 23952 23955 23958 23961 23964 23967 23970 23973 
23976 23979 23982 23985 23988 23991 23994 23997 24000 
24003 24006 24009 24012 24015 24018 24021 24024 24027 
24030 24033 24036 24039 24042 24045 24048 24051 24054 
24057 24060 24063 24066 24069 24072 24075 24078 24081 
24084 24087 24090 24093 24096 24099 24102 24105 24108 
24111 24114 24117 24120 24123 24126 24129 24132 24135 
24138 24141 24144 24147 24150 24153 24156 24159 24162 
24165 24168 24171 24174 24177 24180 24183 24186 24189 
24192 24195 24198 24201 24204 24207 24210 24213 24216 
24219 24222 24225 24228 24231 24234 24237 24240 24243 
24246 24249 24252 24255 24258 24261 24264 24267 24270 
24273 24276 24279 24282 24285 24288 24291 24294 24297 
24300 24303 24306 24309 24312 24315 24318 24321 24324 
24327 24330 24333 24336 24339 24342 24345 24348 24351 
24354 24357 24360 24363 24366 24369 24372 24375 24378 
24381 24384 24387 24390 24393 24396 24399 24402 24405 
24408 24411 24414 24417 24420 24423 24426 24429 24432 
24435 24438 24441 24444 24447 24450 24453 24456 24459 
24462 24465 24468 24471 24474 24477 24480 24483 24486 
24489 24492 24495 24498 24501 24504 24507 24510 24513 
24516 24519 24522 24525 24528 24531 24534 24537 24540 
24543 24546 24549 24552 24555 24558 24561 24564 24567 
24570 24573 24576 24579 24582 24585 24588 24591 24594 
24597 24600 24603 24606 24609 24612 24615 24618 24621 
24624 24627 24630 24633 24636 24639 24642 24645 24648 
24651 24654 24657 24660 24663 24666 24669 24672 24675 
24678 24681 24684 24687 24690 24693 24696 24699 24702 
24705 24708 24711 24714 24717 24720 24723 24726 24729 
24732 24735 24738 24741 24744 24747 24750 24753 24756 
24759 24762 24765 24768 24771 24774 24777 24780 24783 
24786 24789 24792 24795 24798 24801 24804 24807 24810 
24813 24816 24819 24822 24825 24828 24831 24834 24837 
24840 24843 24846 24849 24852 24855 24858 24861 24864 

CONNECTIVITY vtktypeint64
0 1 2 1 0 3 0 2 4 
3 0 4 5 6 7 6 5 8 
9 5 7 10 9 7 11 8 5 
11 5 12 12 5 9 12 13 14 
11 12 14 14 13 15 1 9 10 
1 10 2 2 10 16 3 9 1 
3 17 9 17 12 9 13 12 18 
18 12 17 19 15 13 19 13 20 
20 13 18 20 21 22 19 20 22 
22 21 23 2 16 24 4 2 24 
3 4 24 3 24 25 3 25 17 
26 25 24 18 17 27 27 17 25 
20 18 28 28 18 27 21 20 29 
29 20 28 30 23 21 30 21 31 
31 21 29 31 32 33 30 31 33 
33 32 34 25 26 35 27 25 35 
36 27 35 28 27 36 37 28 36 
29 28 37 38 29 37 38 39 40 
38 40 29 29 40 31 32 31 41 
41 31 40 42 34 32 41 42 32 
40 39 43 41 40 43 44 41 43 
42 41 44 45 46 47 45 48 49 
46 45 49 48 50 51 49 48 51 
51 50 52 53 54 55 53 56 57 
54 53 57 57 56 58 59 60 61 
59 62 63 60 59 63 47 63 62 
47 62 45 45 62 64 48 45 65 
65 45 64 66 67 50 66 50 65 
65 50 48 52 50 67 68 53 55 
69 68 55 56 53 70 70 53 68 
71 58 56 71 56 72 72 56 70 
72 73 74 71 72 74 73 75 76 
74 73 76 76 75 77 78 79 80 
61 79 78 61 78 59 59 78 81 
62 59 82 82 59 81 64 62 83 
83 62 82 84 85 65 84 65 83 
83 65 64 66 65 85 86 68 69 
87 86 69 70 68 88 88 68 86 
72 70 89 89 70 88 73 72 90 
90 72 89 75 73 91 91 73 90 
92 77 75 92 75 93 93 75 91 
93 94 95 92 93 95 94 96 97 
95 94 97 96 98 99 97 96 99 
99 98 100 101 102 103 101 104 105 
102 101 105 80 105 104 80 104 78 
78 104 106 81 78 107 107 78 106 
108 109 82 108 82 107 107 82 81 
83 82 109 110 83 109 84 83 110 
86 87 111 6 112 7 6 86 112 
6 88 86 86 111 112 8 88 6 
8 113 88 113 89 88 90 89 114 
114 89 113 91 90 115 115 90 114 
93 91 116 116 91 115 94 93 117 
117 93 116 96 94 118 118 94 117 
98 96 119 119 96 118 120 100 98 
120 98 121 121 98 119 121 122 123 
120 121 123 103 123 122 103 122 101 
101 122 124 104 101 125 125 101 124 
126 127 106 126 106 125 125 106 104 
107 106 127 128 107 127 108 107 128 
129 130 131 129 112 130 129 10 112 
10 7 112 8 11 113 14 113 11 
114 113 14 15 114 14 15 132 114 
132 115 114 116 115 133 133 115 132 
117 116 134 134 116 133 118 117 135 
135 117 134 119 118 136 136 118 135 
121 119 137 137 119 136 122 121 138 
138 121 137 139 140 124 139 124 138 
138 124 122 125 124 140 141 125 140 
126 125 141 142 129 131 143 142 131 
10 142 16 129 142 10 15 19 132 
22 132 19 133 132 22 23 133 22 
23 144 133 144 134 133 135 134 145 
145 134 144 136 135 146 146 135 145 
137 136 147 147 136 146 148 149 138 
148 138 147 147 138 137 139 138 149 
142 143 150 16 142 150 16 150 24 
24 150 151 151 26 24 152 26 151 
23 30 144 33 144 30 145 144 33 
34 145 33 34 153 145 153 146 145 
147 146 154 154 146 153 155 148 147 
154 155 147 26 152 156 35 26 156 
36 35 157 35 156 157 37 36 158 
36 157 158 38 37 159 37 158 159 
159 39 38 160 39 159 153 42 161 
34 42 153 162 163 154 162 154 161 
161 154 153 155 154 163 39 160 164 
43 39 164 44 43 165 43 164 165 
161 42 44 161 44 166 166 44 165 
162 161 166 167 168 169 167 170 171 
168 167 171 170 172 173 171 170 173 
173 172 174 175 176 177 175 178 179 
176 175 179 169 179 178 169 178 167 
167 178 180 170 167 181 181 167 180 
172 170 182 182 170 181 183 174 172 
182 183 172 184 185 186 177 185 184 
177 184 175 175 184 187 178 175 188 
188 175 187 180 178 189 189 178 188 
181 180 190 190 180 189 182 181 191 
191 181 190 192 183 182 191 192 182 
193 194 195 193 196 197 194 193 197 
196 198 199 197 196 199 198 200 201 
199 198 201 201 200 202 203 204 205 
203 206 207 204 203 207 186 207 206 
186 206 184 184 206 208 187 184 209 
209 184 208 188 187 210 210 187 209 
189 188 211 211 188 210 190 189 212 
212 189 211 191 190 213 213 190 212 
214 192 191 213 214 191 193 195 215 
215 216 217 215 217 193 193 217 196 
198 196 218 218 196 217 200 198 219 
219 198 218 220 202 200 220 200 221 
221 200 219 221 222 223 220 221 223 
223 222 224 225 226 227 225 228 229 
226 225 229 228 230 231 229 228 231 
205 231 230 205 230 203 203 230 232 
206 203 233 233 203 232 46 233 47 
46 208 233 208 206 233 49 208 46 
209 208 49 51 209 49 210 209 51 
52 210 51 52 234 210 234 211 210 
235 236 212 235 212 234 234 212 211 
213 212 236 237 213 236 214 213 237 
54 217 216 54 216 55 55 216 238 
57 217 54 218 217 57 58 218 57 
58 239 218 239 219 218 221 219 240 
240 219 239 222 221 241 241 221 240 
242 224 222 242 222 243 243 222 241 
243 244 245 242 243 245 244 246 247 
245 244 247 246 248 249 247 246 249 
248 250 251 249 248 251 250 252 253 
251 250 253 227 253 252 227 252 225 
225 252 254 228 225 255 255 225 254 
230 228 256 256 228 255 60 256 61 
60 232 256 232 230 256 63 232 60 
233 232 63 47 233 63 67 66 257 
67 234 52 67 257 234 257 258 234 
259 235 234 258 259 234 55 238 69 
238 260 69 58 71 239 74 239 71 
240 239 74 76 240 74 241 240 76 
77 241 76 77 261 241 261 243 241 
244 243 262 262 243 261 246 244 263 
263 244 262 248 246 264 264 246 263 
250 248 265 265 248 264 252 250 266 
266 250 265 254 252 267 267 252 266 
255 254 268 268 254 267 79 268 80 
79 256 268 256 255 268 61 256 79 
85 84 269 85 269 270 66 85 270 
66 270 271 66 271 257 258 257 271 
272 258 271 259 258 272 69 260 87 
260 273 87 77 92 261 95 261 92 
262 261 95 97 262 95 263 262 97 
99 263 97 264 263 99 100 264 99 
100 274 264 274 265 264 266 265 275 
275 265 274 102 275 103 102 267 275 
267 266 275 105 267 102 268 267 105 
80 268 105 109 108 276 277 109 276 
277 278 109 278 110 109 269 84 110 
269 110 279 279 110 278 270 269 279 
280 111 87 280 87 281 281 87 273 
111 280 112 100 120 274 123 274 120 
275 274 123 103 275 123 127 282 283 
126 282 127 128 127 284 127 283 284 
276 108 128 276 128 285 285 128 284 
277 276 285 286 287 288 286 289 290 
287 286 290 281 290 289 280 281 289 
280 289 131 280 131 130 112 280 130 
140 139 291 292 140 291 292 293 140 
293 141 140 282 126 141 293 282 141 
286 288 294 289 286 294 295 289 294 
295 131 289 295 296 131 296 143 131 
149 297 298 148 297 149 291 139 149 
291 149 299 299 149 298 292 291 299 
143 296 300 150 143 300 151 150 301 
150 300 301 301 152 151 302 152 301 
303 304 305 303 305 297 303 297 155 
155 297 148 152 302 306 156 152 306 
157 156 307 156 306 307 158 157 308 
157 307 308 159 158 309 158 308 309 
160 310 311 160 159 310 159 309 310 
311 312 313 310 312 311 313 314 315 
312 314 313 304 315 314 303 315 304 
303 162 315 303 163 162 155 163 303 
160 311 164 165 164 311 313 165 311 
166 165 313 315 166 313 162 166 315 
316 317 318 317 316 319 320 321 322 
320 323 324 321 320 324 318 324 323 
318 323 316 316 323 325 326 319 316 
326 316 327 327 316 325 326 327 328 
329 330 331 329 332 333 330 329 333 
322 333 332 322 332 320 320 332 334 
168 334 169 168 323 334 323 320 334 
171 323 168 325 323 171 173 325 171 
327 325 173 327 173 174 327 174 328 
328 174 335 336 337 338 336 339 340 
337 336 340 339 341 342 340 339 342 
342 341 343 344 345 346 344 347 348 
345 344 348 331 348 347 331 347 329 
329 347 349 176 349 177 176 332 349 
332 329 349 179 332 176 334 332 179 
169 334 179 350 183 351 350 335 183 
335 174 183 350 351 352 353 354 355 
338 354 353 338 353 336 336 353 356 
339 336 357 357 336 356 341 339 358 
358 339 357 359 343 341 359 341 360 
360 341 358 359 360 361 362 363 364 
362 365 366 363 362 366 346 366 365 
346 365 344 344 365 367 347 344 368 
368 344 367 185 368 186 185 349 368 
349 347 368 177 349 185 351 192 369 
183 192 351 370 352 351 369 370 351 
194 353 355 194 355 195 195 355 371 
197 353 194 356 353 197 199 356 197 
357 356 199 201 357 199 358 357 201 
202 358 201 202 372 358 372 360 358 
373 361 360 373 360 374 374 360 372 
374 375 376 373 374 376 376 375 377 
378 379 380 378 381 382 379 378 382 
364 382 381 364 381 362 362 381 383 
365 362 384 384 362 383 204 384 205 
204 367 384 367 365 384 207 367 204 
368 367 207 186 368 207 369 385 386 
369 192 385 192 214 385 370 369 386 
387 215 195 387 195 388 388 195 371 
215 387 216 202 220 372 223 372 220 
374 372 223 224 374 223 224 389 374 
389 375 374 390 377 375 390 375 391 
391 375 389 391 392 393 390 391 393 
392 394 395 393 392 395 394 396 397 
395 394 397 380 397 396 380 396 378 
378 396 398 226 398 227 226 381 398 
381 378 398 229 381 226 383 381 229 
231 383 229 384 383 231 205 384 231 
236 235 399 400 236 399 400 401 236 
401 237 236 385 214 237 401 385 237 
402 387 388 403 402 388 216 402 238 
387 402 216 224 242 389 245 389 242 
391 389 245 247 391 245 392 391 247 
249 392 247 394 392 249 251 394 249 
396 394 251 253 396 251 398 396 253 
227 398 253 399 404 405 399 235 404 
235 259 404 400 399 405 406 402 403 
407 406 403 238 406 260 402 406 238 
271 270 408 409 271 408 409 410 271 
410 272 271 404 259 272 410 404 272 
411 406 407 412 411 407 260 411 273 
406 411 260 278 413 414 277 413 278 
279 278 415 278 414 415 408 270 279 
408 279 416 416 279 415 409 408 416 
417 418 419 417 420 421 418 417 421 
412 421 420 412 420 411 411 420 422 
273 422 281 411 422 273 283 282 423 
424 283 423 424 425 283 425 284 283 
285 284 426 284 425 426 413 277 285 
426 413 285 417 419 427 420 417 427 
420 427 428 429 288 287 420 430 422 
420 428 430 422 430 290 429 287 430 
290 430 287 281 422 290 293 431 432 
292 431 293 423 282 293 423 293 433 
433 293 432 424 423 433 288 429 294 
429 430 434 429 434 294 294 434 295 
296 435 436 296 295 435 295 434 435 
435 437 436 298 438 439 297 438 298 
299 298 440 298 439 440 431 292 299 
440 431 299 296 436 300 436 437 441 
436 441 300 300 441 301 302 442 443 
302 301 442 301 441 442 442 444 443 
305 445 446 304 445 305 438 297 305 
446 438 305 302 443 306 443 444 447 
443 447 306 306 447 307 308 307 448 
307 447 448 309 308 449 308 448 449 
310 309 450 309 449 450 312 310 451 
310 450 451 314 312 452 312 451 452 
445 304 314 452 445 314 453 454 455 
454 453 456 457 458 459 455 458 457 
455 457 453 453 457 460 461 456 453 
461 453 462 462 453 460 461 462 463 
464 465 466 464 467 468 465 464 468 
459 468 467 459 467 457 457 467 469 
317 469 318 317 460 469 460 457 469 
319 460 317 319 470 460 470 462 460 
471 463 462 470 471 462 472 473 474 
466 473 472 466 472 464 464 472 475 
321 475 322 321 467 475 467 464 475 
324 467 321 469 467 324 318 469 324 
319 326 470 470 326 328 470 328 471 
471 328 476 477 478 479 477 480 481 
478 477 481 480 482 483 481 480 483 
482 484 485 483 482 485 485 484 486 
487 488 489 487 490 491 488 487 491 
474 491 490 472 474 490 472 490 331 
472 331 330 333 472 330 475 472 333 
322 475 333 492 335 493 492 476 335 
476 328 335 492 493 494 495 496 497 
479 496 495 477 479 495 477 495 338 
477 338 337 340 477 337 480 477 340 
342 480 340 482 480 342 343 482 342 
343 498 482 498 484 482 499 486 484 
499 484 500 500 484 498 499 500 501 
502 503 504 502 505 506 503 502 506 
489 506 505 487 489 505 487 505 346 
487 346 345 348 487 345 490 487 348 
331 490 348 335 350 493 352 507 508 
350 352 508 350 508 494 350 494 493 
508 507 509 510 511 512 510 513 514 
511 510 514 497 514 513 495 497 513 
495 513 355 495 355 354 338 495 354 
343 359 498 361 498 359 361 515 498 
515 500 498 516 501 500 516 500 517 
517 500 515 517 518 519 516 517 519 
518 520 521 519 518 521 520 522 523 
521 520 523 522 524 525 523 522 525 
524 526 527 525 524 527 526 528 529 
527 526 529 504 529 528 502 504 528 
502 528 364 502 364 363 366 502 363 
505 502 366 346 505 366 507 530 531 
507 352 530 352 370 530 509 507 531 
510 512 532 532 533 534 532 534 510 
510 534 513 355 534 371 513 534 355 
361 373 515 376 515 373 517 515 376 
377 517 376 377 535 517 535 518 517 
520 518 536 536 518 535 522 520 537 
537 520 536 524 522 538 538 522 537 
379 538 380 379 526 538 526 524 538 
382 526 379 528 526 382 364 528 382 
386 539 540 385 539 386 530 370 386 
540 530 386 541 534 533 542 541 533 
371 541 388 534 541 371 377 390 535 
393 535 390 536 535 393 395 536 393 
537 536 395 397 537 395 538 537 397 
380 538 397 401 543 544 400 543 401 
539 385 401 544 539 401 545 541 542 
546 545 542 388 545 403 541 545 388 
405 404 547 405 547 548 405 548 400 
400 548 543 549 545 546 550 549 546 
403 549 407 545 549 403 410 409 551 
410 551 552 404 410 552 404 552 553 
404 553 547 548 547 553 554 555 556 
550 555 554 550 554 549 549 554 557 
407 557 412 549 557 407 414 558 559 
413 558 414 415 414 560 414 559 560 
416 415 561 415 560 561 551 409 416 
551 416 562 562 416 561 552 551 562 
418 563 419 554 556 564 554 565 557 
554 564 565 557 565 421 563 418 565 
421 565 418 412 557 421 566 567 568 
566 425 424 566 568 425 568 569 425 
426 425 570 425 569 570 558 413 426 
570 558 426 419 563 427 563 565 571 
563 571 427 427 571 428 430 572 573 
430 428 572 428 571 572 572 574 573 
432 575 576 431 575 432 567 566 433 
567 433 576 576 433 432 424 433 566 
430 573 434 573 574 577 573 577 434 
434 577 435 577 437 435 578 437 577 
439 579 580 438 579 439 440 439 581 
439 580 581 575 431 440 581 575 440 
437 578 582 441 437 582 442 441 583 
441 582 583 583 444 442 584 444 583 
446 585 586 445 585 446 579 438 446 
586 579 446 444 584 587 447 444 587 
448 447 588 447 587 588 449 448 589 
448 588 589 450 449 590 449 589 590 
451 450 591 450 590 591 452 451 592 
451 591 592 585 445 452 592 585 452 
593 594 595 594 593 596 454 597 455 
454 456 597 598 599 600 595 599 598 
595 598 593 593 598 601 459 458 602 
459 602 593 459 593 601 596 593 602 
597 458 455 597 603 458 603 602 458 
604 605 603 461 604 603 461 603 597 
461 597 456 461 463 604 606 607 608 
600 607 606 598 600 606 598 606 466 
598 466 465 468 598 465 601 598 468 
459 601 468 604 609 605 609 604 463 
609 463 610 610 463 471 611 612 613 
611 614 615 612 611 615 615 614 616 
617 618 619 617 620 621 618 617 621 
608 621 620 606 608 620 606 620 474 
606 474 473 466 606 473 471 476 610 
610 476 622 478 623 624 479 478 624 
481 625 478 478 625 623 613 483 611 
613 625 483 625 481 483 485 611 483 
614 611 485 486 626 627 485 486 627 
485 627 616 485 616 614 627 626 628 
629 630 631 629 632 633 630 629 633 
619 633 632 617 619 632 617 632 489 
617 489 488 491 617 488 620 617 491 
474 620 491 476 634 622 492 634 476 
634 492 494 635 634 494 636 637 638 
636 497 496 636 496 637 637 496 639 
624 496 479 639 496 624 486 499 626 
501 640 641 499 501 641 499 641 628 
499 628 626 640 642 643 641 640 643 
642 644 645 643 642 645 644 646 647 
645 644 647 646 648 649 647 646 649 
648 650 651 649 648 651 650 652 653 
651 650 653 631 653 652 629 631 652 
629 652 504 629 504 503 506 629 503 
632 629 506 489 632 506 494 654 635 
508 654 494 654 508 509 655 654 509 
511 656 512 636 638 657 636 657 511 
636 511 514 656 511 657 497 636 514 
501 516 640 519 640 516 642 640 519 
521 642 519 644 642 521 523 644 521 
646 644 523 525 646 523 648 646 525 
527 648 525 650 648 527 529 650 527 
652 650 529 504 652 529 531 658 659 
530 658 531 655 509 531 659 655 531 
512 656 532 656 533 532 656 657 533 
657 660 533 540 661 662 539 661 540 
658 530 540 662 658 540 663 664 665 
663 660 664 663 542 660 542 533 660 
544 666 667 543 666 544 661 539 544 
667 661 544 663 665 668 668 542 663 
668 669 542 669 546 542 543 548 666 
666 548 670 671 672 673 671 669 672 
671 550 669 550 546 669 553 552 674 
553 674 675 553 675 548 548 675 670 
676 677 678 673 677 676 671 673 676 
671 676 556 671 556 555 550 671 555 
679 680 681 679 559 558 679 681 559 
681 682 559 560 559 683 559 682 683 
561 560 684 560 683 684 562 561 685 
561 684 685 674 552 562 674 562 686 
686 562 685 675 674 686 676 678 687 
556 676 687 556 687 564 564 687 688 
565 689 690 565 564 689 564 688 689 
689 691 690 568 692 693 567 692 568 
569 568 694 568 693 694 680 679 570 
680 570 694 694 570 569 558 570 679 
565 690 571 690 691 695 690 695 571 
571 695 572 695 574 572 696 574 695 
697 698 699 697 576 575 697 699 576 
699 700 576 692 567 576 700 692 576 
574 696 701 577 574 701 701 578 577 
702 578 701 580 703 704 579 703 580 
698 697 581 698 581 704 704 581 580 
575 581 697 578 702 705 582 578 705 
583 582 706 582 705 706 584 707 708 
584 583 707 583 706 707 707 709 708 
710 711 712 710 586 585 710 712 586 
712 713 586 703 579 586 713 703 586 
584 708 587 708 709 714 708 714 587 
587 714 588 589 588 715 588 714 715 
590 589 716 589 715 716 591 590 717 
590 716 717 711 710 592 711 592 717 
717 592 591 585 592 710 718 719 720 
721 595 594 722 719 718 594 596 721 
723 724 725 720 724 723 718 720 723 
718 723 600 718 600 599 718 726 722 
718 599 726 721 726 595 595 726 599 
596 726 721 596 602 726 602 727 726 
728 729 727 728 727 603 603 727 602 
603 605 728 730 731 732 730 733 734 
731 730 734 734 733 735 736 737 738 
725 737 736 723 725 736 723 736 608 
723 608 607 600 723 607 728 739 729 
740 741 739 609 740 739 609 739 728 
609 728 605 609 610 740 742 743 744 
732 743 742 730 732 742 730 742 613 
730 613 612 615 730 612 733 730 615 
616 745 746 615 616 746 615 746 735 
615 735 733 745 747 748 746 745 748 
748 747 749 750 751 752 750 619 618 
750 618 751 751 618 753 738 621 736 
738 753 621 753 618 621 608 736 621 
740 754 741 754 740 610 754 610 755 
755 610 622 756 757 758 756 624 623 
756 623 757 757 623 759 744 625 742 
744 759 625 759 623 625 613 742 625 
616 627 745 628 745 627 628 760 745 
760 747 745 761 749 747 761 747 762 
762 747 760 762 763 764 761 762 764 
763 765 766 764 763 766 765 767 768 
766 765 768 767 769 770 768 767 770 
769 771 772 770 769 772 771 631 630 
771 630 772 772 630 773 752 633 750 
752 773 633 773 630 633 619 750 633 
622 774 755 634 774 622 774 634 635 
775 774 635 776 777 778 776 638 637 
776 637 777 777 637 779 758 639 756 
758 779 639 779 637 639 624 756 639 
628 641 760 643 760 641 762 760 643 
645 762 643 763 762 645 647 763 645 
765 763 647 649 765 647 767 765 649 
651 767 649 769 767 651 653 769 651 
771 769 653 631 771 653 780 635 654 
780 781 635 781 775 635 654 655 780 
782 776 778 783 782 778 638 782 657 
776 782 638 784 785 786 781 784 786 
780 784 781 780 658 784 780 659 658 
655 659 780 787 782 783 788 787 783 
657 787 660 782 787 657 789 790 791 
785 789 791 784 789 785 784 661 789 
784 662 661 658 662 784 664 787 788 
664 788 665 665 788 792 660 787 664 
667 790 789 667 666 790 666 793 790 
661 667 789 794 668 665 794 665 795 
795 665 792 668 794 669 666 670 793 
793 670 796 672 794 795 672 795 673 
673 795 797 669 794 672 670 675 796 
796 675 798 677 799 678 800 673 797 
800 799 673 800 801 799 799 677 673 
800 802 801 681 680 803 804 681 803 
804 805 681 805 682 681 683 682 806 
682 805 806 684 683 807 683 806 807 
685 684 808 684 807 808 686 685 809 
685 808 809 798 675 686 809 798 686 
678 799 687 688 687 799 801 688 799 
801 802 810 801 810 688 688 810 689 
810 691 689 811 691 810 693 812 813 
692 812 693 694 693 814 693 813 814 
803 680 694 803 694 815 815 694 814 
804 803 815 691 811 816 695 691 816 
696 817 818 696 695 817 695 816 817 
817 819 818 699 820 821 698 820 699 
700 699 822 699 821 822 812 692 700 
822 812 700 696 818 701 702 823 824 
701 823 702 701 819 823 701 818 819 
823 825 824 826 827 828 826 704 703 
826 828 704 828 829 704 820 698 704 
829 820 704 702 824 705 824 825 830 
824 830 705 705 830 706 707 706 831 
706 830 831 709 832 833 709 707 832 
707 831 832 833 834 835 832 834 833 
835 836 837 834 836 835 837 838 839 
836 838 837 839 712 711 839 838 712 
838 840 712 827 826 713 827 713 840 
840 713 712 703 713 826 709 833 714 
715 714 833 835 715 833 716 715 835 
837 716 835 717 716 837 839 717 837 
711 717 839 841 842 843 844 720 719 
845 842 841 719 722 844 846 847 848 
847 846 849 850 851 852 843 851 850 
841 843 850 841 850 725 841 725 724 
841 853 845 841 724 853 844 853 720 
720 853 724 854 855 853 726 854 853 
726 853 844 726 844 722 726 727 856 
854 726 856 727 729 856 857 858 859 
857 732 731 857 731 858 858 731 860 
848 734 846 848 860 734 860 731 734 
735 861 862 734 735 862 734 862 849 
734 849 846 861 863 864 862 861 864 
863 865 866 864 863 866 866 865 867 
868 869 870 868 871 872 869 868 872 
852 872 871 850 852 871 850 871 738 
850 738 737 725 850 737 854 873 855 
856 873 854 874 873 856 875 876 874 
739 875 874 739 874 856 739 856 729 
739 741 875 877 878 879 859 878 877 
857 859 877 857 877 744 857 744 743 
732 857 743 735 746 861 748 861 746 
863 861 748 749 863 748 749 880 863 
880 865 863 881 867 865 881 865 882 
882 865 880 882 883 884 881 882 884 
883 885 886 884 883 886 885 887 888 
886 885 888 887 889 890 888 887 890 
889 891 892 890 889 892 870 892 891 
868 870 891 868 891 752 868 752 751 
753 868 751 871 868 753 738 871 753 
875 893 876 894 895 893 754 894 893 
754 893 875 754 875 741 754 755 894 
896 897 898 896 758 757 896 757 897 
897 757 899 879 759 877 879 899 759 
899 757 759 744 877 759 749 761 880 
764 880 761 882 880 764 766 882 764 
883 882 766 768 883 766 885 883 768 
770 885 768 887 885 770 772 887 770 
889 887 772 773 889 772 891 889 773 
752 891 773 894 900 895 901 902 900 
774 901 900 774 900 894 774 894 755 
774 775 901 777 903 904 778 777 904 
898 779 896 898 903 779 903 777 779 
758 896 779 901 905 902 905 901 775 
905 775 906 906 775 781 778 904 783 
904 907 783 786 908 909 785 908 786 
906 781 786 909 906 786 783 907 788 
907 910 788 791 911 912 790 911 791 
908 785 791 912 908 791 788 910 792 
910 913 792 790 793 911 911 793 914 
792 913 795 913 915 795 793 796 914 
914 796 916 917 918 919 917 915 918 
917 797 915 797 795 915 796 798 916 
916 798 920 917 919 921 797 917 921 
797 921 800 800 921 922 802 923 924 
802 800 923 800 922 923 923 925 924 
926 927 928 926 805 804 926 928 805 
928 929 805 806 805 930 805 929 930 
807 806 931 806 930 931 808 807 932 
807 931 932 809 808 933 808 932 933 
920 798 809 933 920 809 802 924 810 
811 934 935 810 934 811 810 925 934 
810 924 925 934 936 935 813 937 938 
812 937 813 814 813 939 813 938 939 
927 926 815 927 815 939 939 815 814 
804 815 926 811 935 816 935 936 940 
935 940 816 816 940 817 940 819 817 
941 819 940 821 942 943 820 942 821 
822 821 944 821 943 944 937 812 822 
944 937 822 819 941 945 823 819 945 
945 825 823 946 825 945 947 948 949 
947 828 827 947 949 828 949 950 828 
829 828 951 828 950 951 942 820 829 
951 942 829 825 946 952 830 825 952 
831 830 953 830 952 953 832 831 954 
831 953 954 834 832 955 832 954 955 
836 834 956 834 955 956 838 836 957 
836 956 957 948 947 840 948 840 957 
957 840 838 827 840 947 958 959 960 
959 958 961 962 963 964 963 962 965 
842 966 843 842 845 966 967 968 969 
967 848 847 967 847 968 968 847 970 
849 971 958 849 958 970 849 970 847 
970 958 960 972 961 958 972 958 973 
973 958 971 972 973 974 975 976 977 
964 976 975 964 975 962 962 975 978 
852 851 979 852 979 962 852 962 978 
965 962 979 966 851 843 966 980 851 
980 979 851 981 982 980 853 981 980 
853 980 966 853 966 845 853 855 981 
858 983 984 859 858 984 969 860 967 
969 983 860 983 858 860 848 967 860 
849 862 971 864 971 862 973 971 864 
973 985 974 973 864 985 864 866 985 
867 986 987 867 987 866 866 987 985 
986 988 989 987 986 989 988 990 991 
989 988 991 990 992 993 991 990 993 
992 994 995 993 992 995 994 996 997 
995 994 997 977 997 996 975 977 996 
975 996 870 975 870 869 872 975 869 
978 975 872 852 978 872 981 998 982 
999 1000 998 873 999 998 873 998 981 
873 981 855 873 874 1001 999 873 1001 
874 876 1001 1002 1003 1004 1002 879 878 
1002 878 1003 1003 878 1005 984 878 859 
1005 878 984 867 881 986 884 986 881 
988 986 884 886 988 884 990 988 886 
888 990 886 992 990 888 890 992 888 
994 992 890 892 994 890 996 994 892 
870 996 892 999 1006 1000 1001 1006 999 
1007 1006 1001 1008 1009 1007 893 1008 1007 
893 1007 1001 893 1001 876 893 895 1008 
1010 1011 1012 1010 898 897 1010 897 1011 
1011 897 1013 1004 899 1002 1004 1013 899 
1013 897 899 879 1002 899 1008 1014 1009 
1015 1016 1014 900 1015 1014 900 1014 1008 
900 1008 895 900 902 1015 1017 1018 1019 
1012 1018 1017 1010 1012 1017 1010 1017 904 
1010 904 903 898 1010 903 1015 1020 1016 
1021 1022 1020 905 1021 1020 905 1020 1015 
905 1015 902 905 906 1021 1017 1019 1023 
1023 904 1017 1023 1024 904 1024 907 904 
1025 1026 1027 1022 1025 1027 1021 1025 1022 
1021 908 1025 1021 909 908 906 909 1021 
907 1024 910 1024 1028 910 912 1026 1025 
912 911 1026 911 1029 1026 908 912 1025 
910 1028 913 1028 1030 913 911 914 1029 
1029 914 1031 1032 1033 1034 1032 1030 1033 
1032 915 1030 915 913 1030 1035 1036 1037 
1035 1037 1031 1035 1031 916 916 1031 914 
918 1038 919 1032 1034 1039 1039 915 1032 
1039 1040 915 918 915 1038 1038 915 1040 
1041 1036 1035 1042 1036 1041 916 920 1041 
1035 916 1041 919 1038 921 1038 1040 1043 
1038 1043 921 921 1043 922 923 922 1044 
922 1043 1044 1044 925 923 1045 925 1044 
928 1046 1047 927 1046 928 929 928 1048 
928 1047 1048 930 929 1049 929 1048 1049 
931 930 1050 930 1049 1050 932 931 1051 
931 1050 1051 1042 1041 933 1042 933 1051 
1051 933 932 920 933 1041 925 1045 1052 
934 925 1052 1052 936 934 1053 936 1052 
938 1054 1055 937 1054 938 939 938 1056 
938 1055 1056 1046 927 939 1056 1046 939 
936 1053 1057 940 936 1057 1057 941 940 
1058 941 1057 1059 1060 1061 1059 943 942 
1059 1061 943 1061 1062 943 944 943 1063 
943 1062 1063 1054 937 944 1063 1054 944 
941 1058 1064 945 941 1064 946 1065 1066 
946 945 1065 945 1064 1065 1066 1067 1068 
1065 1067 1066 1067 1069 1068 1070 1071 1072 
1070 1073 1074 1072 1073 1070 1074 949 948 
1074 1073 949 1073 1075 949 950 949 1076 
949 1075 1076 1060 1059 951 1060 951 1076 
1076 951 950 942 951 1059 946 1066 952 
953 952 1066 1068 953 1066 1068 1069 1077 
1068 1077 953 953 1077 954 955 954 1078 
954 1077 1078 1071 1070 956 1071 956 1078 
1078 956 955 957 956 1070 1074 957 1070 
948 957 1074 1079 1080 1081 1079 960 959 
1079 959 1080 1080 959 1082 961 1083 1084 
961 1084 959 959 1084 1082 1084 1083 1085 
1086 1087 1088 1086 1089 1090 1087 1086 1090 
1089 1091 1092 1090 1089 1092 1091 1093 1094 
1092 1091 1094 1093 964 963 1093 963 1094 
1094 963 1095 1095 963 965 1096 1095 965 
1097 1098 1099 1097 969 968 1097 968 1098 
1098 968 1100 1081 970 1079 1081 1100 970 
1100 968 970 960 1079 970 961 972 1083 
974 1101 1102 972 974 1102 972 1102 1085 
972 1085 1083 1101 1103 1104 1102 1101 1104 
1103 1105 1106 1104 1103 1106 1105 1107 1108 
1106 1105 1108 1088 1108 1107 1088 1107 1086 
1086 1107 1109 1089 1086 1110 1110 1086 1109 
1091 1089 1111 1111 1089 1110 976 1111 977 
976 1093 1111 1093 1091 1111 964 1093 976 
965 1112 1096 979 1112 965 980 1113 979 
979 1113 1112 1113 980 982 1114 1113 982 
1115 1116 1117 1099 1116 1115 1097 1099 1115 
1097 1115 984 1097 984 983 969 1097 983 
974 985 1101 987 1101 985 1103 1101 987 
989 1103 987 1105 1103 989 991 1105 989 
1107 1105 991 993 1107 991 1109 1107 993 
995 1109 993 1110 1109 995 997 1110 995 
1111 1110 997 977 1111 997 1118 982 998 
1118 1119 982 1119 1114 982 998 1000 1118 
1120 1121 1122 1120 1004 1003 1120 1003 1121 
1121 1003 1123 1117 1005 1115 1117 1123 1005 
1123 1003 1005 984 1115 1005 1118 1124 1119 
1125 1126 1124 1006 1125 1124 1006 1124 1118 
1006 1118 1000 1006 1007 1127 1125 1006 1127 
1007 1009 1127 1128 1129 1130 1128 1012 1011 
1128 1011 1129 1129 1011 1131 1122 1013 1120 
1122 1131 1013 1131 1011 1013 1004 1120 1013 
1125 1132 1126 1132 1133 1134 1132 1125 1133 
1125 1127 1133 1009 1014 1135 1009 1135 1127 
1127 1135 1133 1014 1016 1135 1018 1136 1019 
1128 1130 1137 1137 1012 1128 1137 1138 1012 
1018 1012 1136 1136 1012 1138 1133 1139 1134 
1139 1140 1141 1139 1133 1140 1133 1135 1140 
1016 1020 1142 1016 1142 1135 1135 1142 1140 
1020 1022 1142 1019 1136 1023 1136 1024 1023 
1136 1138 1024 1138 1143 1024 1144 1141 1140 
1145 1141 1144 1027 1026 1144 1027 1144 1142 
1142 1144 1140 1022 1027 1142 1024 1143 1028 
1143 1146 1028 1147 1145 1144 1148 1145 1147 
1026 1029 1147 1144 1026 1147 1149 1150 1151 
1149 1146 1150 1149 1030 1146 1030 1028 1146 
1152 1148 1147 1153 1148 1152 1029 1031 1152 
1147 1029 1152 1033 1149 1151 1033 1151 1034 
1034 1151 1154 1030 1149 1033 1037 1153 1152 
1037 1036 1153 1036 1155 1153 1031 1037 1152 
1034 1154 1156 1039 1034 1156 1040 1157 1158 
1040 1039 1157 1039 1156 1157 1158 1159 1160 
1157 1159 1158 1159 1161 1160 1162 1163 1164 
1164 1165 1162 1166 1167 1168 1166 1168 1155 
1166 1155 1042 1042 1155 1036 1040 1158 1043 
1044 1043 1158 1160 1044 1158 1045 1169 1170 
1044 1169 1045 1044 1161 1169 1044 1160 1161 
1169 1171 1170 1172 1173 1174 1172 1047 1046 
1172 1174 1047 1174 1175 1047 1163 1162 1048 
1163 1048 1175 1175 1048 1047 1162 1165 1176 
1162 1176 1048 1048 1176 1049 1050 1049 1177 
1049 1176 1177 1167 1166 1051 1167 1051 1177 
1177 1051 1050 1042 1051 1166 1045 1170 1052 
1053 1178 1179 1052 1178 1053 1052 1171 1178 
1052 1170 1171 1178 1180 1179 1181 1182 1183 
1181 1055 1054 1181 1183 1055 1183 1184 1055 
1173 1172 1056 1173 1056 1184 1184 1056 1055 
1046 1056 1172 1053 1179 1057 1179 1058 1057 
1179 1180 1058 1180 1185 1058 1186 1187 1188 
1186 1061 1060 1186 1188 1061 1188 1189 1061 
1062 1061 1190 1061 1189 1190 1182 1181 1063 
1182 1063 1190 1190 1063 1062 1054 1063 1181 
1058 1185 1191 1064 1058 1191 1065 1064 1192 
1064 1191 1192 1067 1065 1193 1065 1192 1193 
1069 1194 1195 1069 1067 1194 1067 1193 1194 
1195 1196 1197 1194 1196 1195 1197 1072 1071 
1197 1196 1072 1196 1198 1072 1073 1072 1199 
1072 1198 1199 1075 1073 1200 1073 1199 1200 
1187 1186 1076 1187 1076 1200 1200 1076 1075 
1060 1076 1186 1069 1195 1077 1078 1077 1195 
1197 1078 1195 1071 1078 1197 1201 1202 1203 
1202 1201 1204 1205 1206 1207 1206 1205 1208 
1209 1210 1211 1203 1210 1209 1203 1209 1201 
1201 1209 1212 1213 1204 1201 1213 1201 1214 
1214 1201 1212 1214 1215 1216 1213 1214 1216 
1216 1215 1217 1218 1219 1220 1218 1081 1080 
1218 1080 1219 1219 1080 1221 1082 1222 1080 
1080 1222 1221 1207 1084 1205 1207 1222 1084 
1222 1082 1084 1085 1223 1224 1084 1085 1224 
1084 1224 1208 1084 1208 1205 1223 1225 1226 
1224 1223 1226 1225 1227 1228 1226 1225 1228 
1211 1228 1227 1211 1227 1209 1209 1227 1229 
1087 1229 1088 1087 1212 1229 1212 1209 1229 
1090 1212 1087 1214 1212 1090 1092 1214 1090 
1215 1214 1092 1215 1230 1217 1215 1092 1230 
1092 1094 1230 1231 1232 1230 1231 1230 1095 
1095 1230 1094 1095 1096 1231 1098 1233 1234 
1099 1098 1234 1220 1100 1218 1220 1233 1100 
1233 1098 1100 1081 1218 1100 1085 1102 1223 
1104 1223 1102 1225 1223 1104 1106 1225 1104 
1227 1225 1106 1108 1227 1106 1229 1227 1108 
1088 1229 1108 1231 1235 1232 1096 1235 1231 
1096 1112 1235 1112 1236 1235 1237 1238 1236 
1237 1236 1113 1113 1236 1112 1113 1114 1237 
1239 1240 1241 1239 1117 1116 1239 1116 1240 
1240 1116 1242 1234 1116 1099 1242 1116 1234 
1237 1243 1238 1243 1237 1114 1243 1114 1244 
1244 1114 1119 1245 1246 1247 1245 1122 1121 
1245 1121 1246 1246 1121 1248 1241 1123 1239 
1241 1248 1123 1248 1121 1123 1117 1239 1123 
1249 1119 1124 1249 1250 1119 1250 1244 1119 
1124 1126 1249 1129 1251 1252 1130 1129 1252 
1247 1131 1245 1247 1251 1131 1251 1129 1131 
1122 1245 1131 1249 1253 1250 1254 1255 1253 
1132 1254 1253 1132 1253 1249 1132 1249 1126 
1132 1134 1254 1130 1252 1256 1137 1130 1256 
1256 1138 1137 1257 1138 1256 1254 1258 1255 
1259 1260 1258 1139 1259 1258 1139 1258 1254 
1139 1254 1134 1139 1141 1259 1138 1257 1143 
1257 1261 1143 1259 1262 1260 1262 1259 1141 
1262 1141 1263 1263 1141 1145 1264 1265 1266 
1264 1261 1265 1264 1146 1261 1146 1143 1261 
1145 1148 1263 1263 1148 1267 1268 1269 1270 
1266 1269 1268 1264 1266 1268 1264 1268 1151 
1264 1151 1150 1146 1264 1150 1148 1153 1267 
1267 1153 1271 1268 1270 1272 1268 1154 1151 
1268 1273 1154 1268 1272 1273 1274 1154 1273 
1273 1275 1274 1276 1277 1278 1276 1278 1271 
1276 1271 1155 1155 1271 1153 1154 1274 1156 
1274 1275 1279 1274 1279 1156 1156 1279 1157 
1159 1157 1280 1157 1279 1280 1280 1161 1159 
1281 1161 1280 1164 1282 1283 1163 1282 1164 
1165 1284 1285 1165 1164 1284 1164 1283 1284 
1284 1286 1285 1168 1277 1276 1168 1167 1277 
1167 1287 1277 1155 1168 1276 1161 1281 1288 
1169 1161 1288 1288 1171 1169 1289 1171 1288 
1174 1290 1291 1173 1290 1174 1175 1174 1292 
1174 1291 1292 1282 1163 1175 1292 1282 1175 
1165 1285 1176 1285 1286 1293 1285 1293 1176 
1176 1293 1177 1287 1167 1177 1293 1287 1177 
1171 1289 1294 1178 1171 1294 1294 1180 1178 
1295 1180 1294 1296 1297 1298 1296 1183 1182 
1296 1298 1183 1298 1299 1183 1184 1183 1300 
1183 1299 1300 1290 1173 1184 1300 1290 1184 
1301 1302 1185 1301 1185 1295 1295 1185 1180 
1301 1303 1302 1304 1305 1306 1304 1307 1308 
1306 1307 1304 1308 1188 1187 1308 1307 1188 
1307 1309 1188 1189 1188 1310 1188 1309 1310 
1297 1296 1190 1297 1190 1310 1310 1190 1189 
1182 1190 1296 1185 1302 1191 1302 1303 1311 
1302 1311 1191 1191 1311 1192 1193 1192 1312 
1192 1311 1312 1194 1193 1313 1193 1312 1313 
1196 1194 1314 1194 1313 1314 1198 1196 1315 
1196 1314 1315 1305 1304 1199 1305 1199 1315 
1315 1199 1198 1200 1199 1304 1308 1200 1304 
1187 1200 1308 1316 1317 1318 1316 1319 1320 
1317 1316 1320 1319 1203 1202 1319 1202 1320 
1320 1202 1321 1321 1202 1204 1322 1321 1204 
1323 1324 1325 1323 1326 1327 1324 1323 1327 
1326 1207 1206 1326 1206 1327 1327 1206 1328 
1208 1329 1330 1208 1330 1206 1206 1330 1328 
1329 1331 1332 1330 1329 1332 1318 1332 1331 
1318 1331 1316 1316 1331 1333 1210 1333 1211 
1210 1319 1333 1319 1316 1333 1203 1319 1210 
1204 1334 1322 1213 1334 1204 1335 1336 1334 
1335 1334 1216 1216 1334 1213 1216 1217 1335 
1219 1337 1338 1220 1219 1338 1325 1221 1323 
1325 1337 1221 1337 1219 1221 1222 1323 1221 
1326 1323 1222 1207 1326 1222 1208 1224 1329 
1226 1329 1224 1331 1329 1226 1228 1331 1226 
1333 1331 1228 1211 1333 1228 1335 1339 1336 
1217 1339 1335 1217 1230 1339 1230 1340 1339 
1340 1230 1232 1341 1340 1232 1342 1343 1344 
1342 1234 1233 1342 1233 1343 1343 1233 1345 
1338 1233 1220 1345 1233 1338 1232 1346 1341 
1235 1346 1232 1347 1348 1346 1347 1346 1236 
1236 1346 1235 1236 1238 1347 1349 1350 1351 
1349 1241 1240 1349 1240 1350 1350 1240 1352 
1344 1242 1342 1344 1352 1242 1352 1240 1242 
1234 1342 1242 1347 1353 1348 1354 1355 1353 
1243 1354 1353 1243 1353 1347 1243 1347 1238 
1243 1244 1354 1246 1356 1357 1247 1246 1357 
1351 1248 1349 1351 1356 1248 1356 1246 1248 
1241 1349 1248 1354 1358 1355 1358 1354 1244 
1358 1244 1359 1359 1244 1250 1251 1360 1252 
1251 1361 1360 1251 1247 1361 1247 1357 1361 
1250 1362 1359 1253 1362 1250 1362 1253 1255 
1363 1362 1255 1252 1360 1256 1360 1257 1256 
1360 1361 1257 1361 1364 1257 1255 1365 1363 
1258 1365 1255 1365 1258 1260 1366 1365 1260 
1257 1364 1261 1364 1367 1261 1260 1368 1366 
1262 1368 1260 1368 1262 1263 1369 1368 1263 
1265 1370 1371 1266 1265 1371 1367 1265 1261 
1370 1265 1367 1263 1267 1369 1369 1267 1372 
1269 1373 1270 1269 1374 1373 1269 1266 1374 
1266 1371 1374 1267 1271 1372 1372 1271 1375 
1270 1373 1272 1373 1374 1376 1373 1376 1272 
1272 1376 1273 1275 1377 1378 1275 1273 1377 
1273 1376 1377 1378 1379 1380 1377 1379 1378 
1379 1381 1380 1382 1383 1384 1382 1385 1386 
1384 1385 1382 1385 1387 1386 1278 1388 1389 
1277 1388 1278 1375 1271 1278 1389 1375 1278 
1275 1378 1279 1280 1279 1378 1380 1280 1378 
1281 1390 1391 1280 1390 1281 1280 1381 1390 
1280 1380 1381 1390 1392 1391 1393 1394 1395 
1383 1393 1395 1382 1393 1383 1382 1282 1393 
1382 1283 1282 1284 1283 1382 1386 1284 1382 
1286 1396 1397 1284 1396 1286 1284 1387 1396 
1284 1386 1387 1397 1396 1388 1397 1388 1287 
1287 1388 1277 1281 1391 1288 1391 1289 1288 
1391 1392 1289 1392 1398 1289 1399 1400 1401 
1399 1291 1290 1399 1401 1291 1401 1402 1291 
1394 1393 1292 1394 1292 1402 1402 1292 1291 
1282 1292 1393 1286 1397 1293 1287 1293 1397 
1289 1398 1403 1294 1289 1403 1403 1295 1294 
1404 1295 1403 1405 1406 1407 1405 1298 1297 
1405 1407 1298 1407 1408 1298 1299 1298 1409 
1298 1408 1409 1400 1399 1300 1400 1300 1409 
1409 1300 1299 1290 1300 1399 1295 1404 1410 
1301 1295 1410 1303 1411 1412 1303 1301 1411 
1301 1410 1411 1412 1413 1414 1411 1413 1412 
1414 1415 1416 1413 1415 1414 1416 1417 1418 
1415 1417 1416 1418 1419 1420 1417 1419 1418 
1420 1306 1305 1420 1419 1306 1419 1421 1306 
1307 1306 1422 1306 1421 1422 1309 1307 1423 
1307 1422 1423 1406 1405 1310 1406 1310 1423 
1423 1310 1309 1297 1310 1405 1303 1412 1311 
1312 1311 1412 1414 1312 1412 1313 1312 1414 
1416 1313 1414 1314 1313 1416 1418 1314 1416 
1315 1314 1418 1420 1315 1418 1305 1315 1420 
1424 1425 1426 1424 1427 1428 1425 1424 1428 
1427 1318 1317 1427 1317 1428 1428 1317 1429 
1320 1430 1317 1317 1430 1429 1431 1432 1430 
1431 1430 1321 1321 1430 1320 1321 1322 1431 
1433 1434 1435 1433 1325 1324 1433 1324 1434 
1434 1324 1436 1327 1437 1324 1324 1437 1436 
1328 1438 1327 1327 1438 1437 1426 1330 1424 
1426 1438 1330 1438 1328 1330 1332 1424 1330 
1427 1424 1332 1318 1427 1332 1431 1439 1432 
1322 1439 1431 1322 1334 1439 1334 1440 1439 
1440 1334 1336 1441 1440 1336 1442 1443 1444 
1435 1443 1442 1433 1435 1442 1433 1442 1338 
1433 1338 1337 1325 1433 1337 1336 1445 1441 
1339 1445 1336 1446 1447 1445 1446 1445 1340 
1340 1445 1339 1340 1341 1446 1448 1449 1450 
1448 1451 1452 1449 1448 1452 1451 1344 1343 
1451 1343 1452 1452 1343 1453 1444 1345 1442 
1444 1453 1345 1453 1343 1345 1338 1442 1345 
1446 1454 1447 1455 1456 1454 1346 1455 1454 
1346 1454 1446 1346 1446 1341 1346 1348 1455 
1457 1458 1459 1450 1458 1457 1448 1450 1457 
1448 1457 1351 1448 1351 1350 1352 1448 1350 
1451 1448 1352 1344 1451 1352 1455 1460 1456 
1461 1462 1460 1353 1461 1460 1353 1460 1455 
1353 1455 1348 1353 1355 1461 1463 1464 1465 
1459 1464 1463 1457 1459 1463 1457 1463 1357 
1457 1357 1356 1351 1457 1356 1461 1466 1462 
1467 1468 1466 1358 1467 1466 1358 1466 1461 
1358 1461 1355 1358 1359 1467 1463 1465 1469 
1469 1357 1463 1469 1470 1357 1470 1361 1357 
1467 1471 1468 1472 1473 1471 1362 1472 1471 
1362 1471 1467 1362 1467 1359 1362 1363 1472 
1361 1470 1364 1470 1474 1364 1472 1475 1473 
1476 1477 1475 1365 1476 1475 1365 1475 1472 
1365 1472 1363 1365 1366 1476 1478 1479 1480 
1478 1474 1479 1478 1367 1474 1367 1364 1474 
1476 1481 1477 1482 1483 1481 1368 1482 1481 
1368 1481 1476 1368 1476 1366 1368 1369 1482 
1484 1485 1486 1480 1485 1484 1478 1480 1484 
1478 1484 1371 1478 1371 1370 1367 1478 1370 
1487 1483 1482 1488 1483 1487 1369 1372 1487 
1482 1369 1487 1484 1486 1489 1484 1374 1371 
1484 1490 1374 1484 1489 1490 1491 1374 1490 
1490 1492 1491 1493 1494 1495 1493 1496 1497 
1495 1496 1493 1496 1498 1497 1499 1488 1487 
1500 1488 1499 1372 1375 1499 1487 1372 1499 
1374 1491 1376 1491 1492 1501 1491 1501 1376 
1376 1501 1377 1379 1377 1502 1377 1501 1502 
1502 1381 1379 1503 1381 1502 1504 1505 1506 
1494 1504 1506 1493 1504 1494 1493 1383 1504 
1493 1384 1383 1385 1384 1493 1497 1385 1493 
1387 1507 1508 1385 1507 1387 1385 1498 1507 
1385 1497 1498 1500 1508 1507 1499 1508 1500 
1499 1388 1508 1499 1389 1388 1375 1389 1499 
1381 1503 1509 1390 1381 1509 1509 1392 1390 
1510 1392 1509 1395 1505 1504 1395 1394 1505 
1394 1511 1505 1383 1395 1504 1387 1508 1396 
1388 1396 1508 1512 1513 1398 1512 1398 1510 
1510 1398 1392 1512 1514 1513 1515 1516 1517 
1515 1401 1400 1515 1517 1401 1517 1518 1401 
1402 1401 1519 1401 1518 1519 1511 1394 1402 
1519 1511 1402 1398 1513 1403 1404 1520 1521 
1403 1520 1404 1403 1514 1520 1403 1513 1514 
1520 1522 1521 1523 1524 1525 1523 1526 1527 
1525 1526 1523 1527 1528 1529 1526 1528 1527 
1529 1407 1406 1529 1528 1407 1528 1530 1407 
1408 1407 1531 1407 1530 1531 1516 1515 1409 
1516 1409 1531 1531 1409 1408 1400 1409 1515 
1404 1521 1410 1521 1522 1532 1521 1532 1410 
1410 1532 1411 1413 1411 1533 1411 1532 1533 
1415 1413 1534 1413 1533 1534 1417 1415 1535 
1415 1534 1535 1419 1417 1536 1417 1535 1536 
1524 1523 1421 1524 1421 1536 1536 1421 1419 
1422 1421 1523 1527 1422 1523 1423 1422 1527 
1529 1423 1527 1406 1423 1529 1537 1538 1539 
1537 1426 1425 1537 1425 1538 1538 1425 1540 
1428 1541 1425 1425 1541 1540 1429 1542 1428 
1428 1542 1541 1430 1543 1429 1429 1543 1542 
1543 1430 1432 1544 1543 1432 1434 1545 1546 
1435 1434 1546 1436 1547 1434 1434 1547 1545 
1437 1548 1436 1436 1548 1547 1539 1438 1537 
1539 1548 1438 1548 1437 1438 1426 1537 1438 
1432 1549 1544 1439 1549 1432 1550 1551 1549 
1550 1549 1440 1440 1549 1439 1440 1441 1550 
1552 1553 1554 1552 1555 1556 1553 1552 1556 
1555 1444 1443 1555 1443 1556 1556 1443 1557 
1546 1443 1435 1557 1443 1546 1550 1558 1551 
1441 1558 1550 1441 1445 1558 1445 1559 1558 
1559 1445 1447 1560 1559 1447 1449 1561 1562 
1450 1449 1562 1554 1452 1552 1554 1561 1452 
1561 1449 1452 1453 1552 1452 1555 1552 1453 
1444 1555 1453 1447 1563 1560 1454 1563 1447 
1563 1454 1456 1564 1563 1456 1565 1566 1567 
1565 1459 1458 1565 1458 1566 1566 1458 1568 
1562 1458 1450 1568 1458 1562 1456 1569 1564 
1460 1569 1456 1569 1460 1462 1570 1569 1462 
1571 1572 1573 1567 1572 1571 1565 1567 1571 
1565 1571 1465 1565 1465 1464 1459 1565 1464 
1462 1574 1570 1466 1574 1462 1574 1466 1468 
1575 1574 1468 1571 1573 1576 1577 1576 1578 
1469 1576 1577 1469 1571 1576 1469 1465 1571 
1469 1577 1470 1468 1579 1575 1471 1579 1468 
1579 1471 1473 1580 1579 1473 1577 1578 1581 
1581 1470 1577 1581 1582 1470 1582 1474 1470 
1583 1473 1475 1583 1584 1473 1584 1580 1473 
1475 1477 1583 1479 1585 1586 1480 1479 1586 
1582 1479 1474 1585 1479 1582 1583 1587 1584 
1588 1589 1587 1481 1588 1587 1481 1587 1583 
1481 1583 1477 1481 1483 1588 1485 1590 1486 
1485 1591 1590 1485 1480 1591 1480 1586 1591 
1592 1593 1594 1592 1595 1596 1594 1595 1592 
1589 1596 1595 1589 1588 1596 1588 1597 1596 
1483 1488 1597 1588 1483 1597 1486 1590 1489 
1590 1591 1598 1590 1598 1489 1489 1598 1490 
1492 1599 1600 1492 1490 1599 1490 1598 1599 
1600 1601 1602 1599 1601 1600 1601 1603 1602 
1604 1605 1606 1593 1604 1606 1592 1604 1593 
1592 1494 1604 1592 1495 1494 1496 1495 1592 
1596 1496 1592 1498 1496 1596 1498 1596 1607 
1607 1596 1597 1488 1500 1607 1597 1488 1607 
1492 1600 1501 1502 1501 1600 1602 1502 1600 
1503 1608 1609 1502 1608 1503 1502 1603 1608 
1502 1602 1603 1608 1610 1609 1506 1605 1604 
1506 1505 1605 1505 1611 1605 1494 1506 1604 
1498 1607 1507 1500 1507 1607 1503 1609 1509 
1510 1612 1613 1509 1612 1510 1509 1610 1612 
1509 1609 1610 1612 1614 1613 1615 1616 1617 
1615 1617 1611 1615 1611 1511 1511 1611 1505 
1510 1613 1512 1613 1514 1512 1613 1614 1514 
1614 1618 1514 1619 1620 1621 1619 1622 1623 
1621 1622 1619 1623 1517 1516 1623 1622 1517 
1622 1624 1517 1518 1517 1625 1517 1624 1625 
1616 1615 1519 1616 1519 1625 1625 1519 1518 
1511 1519 1615 1514 1618 1626 1520 1514 1626 
1522 1627 1628 1522 1520 1627 1520 1626 1627 
1627 1629 1628 1630 1631 1632 1630 1633 1634 
1632 1633 1630 1634 1525 1524 1634 1633 1525 
1633 1635 1525 1526 1525 1636 1525 1635 1636 
1528 1526 1637 1526 1636 1637 1620 1619 1530 
1620 1530 1637 1637 1530 1528 1531 1530 1619 
1623 1531 1619 1516 1531 1623 1522 1628 1532 
1628 1629 1638 1628 1638 1532 1532 1638 1533 
1534 1533 1639 1533 1638 1639 1631 1630 1535 
1631 1535 1639 1639 1535 1534 1536 1535 1630 
1634 1536 1630 1524 1536 1634 1640 1641 1642 
1640 1643 1644 1641 1640 1644 1643 1539 1538 
1643 1538 1644 1644 1538 1645 1540 1646 1538 
1538 1646 1645 1541 1647 1540 1540 1647 1646 
1542 1648 1541 1541 1648 1647 1649 1650 1648 
1649 1648 1543 1543 1648 1542 1543 1544 1649 
1651 1652 1653 1651 1546 1545 1651 1545 1652 
1652 1545 1654 1642 1547 1640 1642 1654 1547 
1654 1545 1547 1548 1640 1547 1643 1640 1548 
1539 1643 1548 1649 1655 1650 1544 1655 1649 
1544 1549 1655 1549 1656 1655 1656 1549 1551 
1657 1656 1551 1553 1658 1659 1554 1553 1659 
1556 1660 1553 1553 1660 1658 1653 1557 1651 
1653 1660 1557 1660 1556 1557 1546 1651 1557 
1551 1661 1657 1558 1661 1551 1662 1663 1661 
1662 1661 1559 1559 1661 1558 1559 1560 1662 
1664 1665 1666 1664 1562 1561 1664 1561 1665 
1665 1561 1667 1659 1561 1554 1667 1561 1659 
1662 1668 1663 1560 1668 1662 1560 1563 1668 
1563 1669 1668 1669 1563 1564 1670 1669 1564 
1566 1671 1672 1567 1566 1672 1666 1568 1664 
1666 1671 1568 1671 1566 1568 1562 1664 1568 
1564 1673 1670 1569 1673 1564 1673 1569 1570 
1674 1673 1570 1572 1675 1573 1572 1676 1675 
1572 1567 1676 1567 1672 1676 1570 1677 1674 
1574 1677 1570 1677 1574 1575 1678 1677 1575 
1573 1675 1576 1578 1679 1680 1576 1679 1578 
1576 1676 1679 1576 1675 1676 1679 1681 1680 
1682 1575 1579 1682 1683 1575 1683 1678 1575 
1579 1580 1682 1680 1581 1578 1684 1685 1686 
1686 1681 1684 1686 1582 1681 1680 1681 1581 
1581 1681 1582 1682 1687 1683 1687 1682 1580 
1687 1580 1688 1688 1580 1584 1689 1690 1691 
1685 1690 1689 1686 1685 1689 1686 1689 1586 
1686 1586 1585 1582 1686 1585 1692 1584 1587 
1692 1693 1584 1693 1688 1584 1587 1589 1692 
1689 1691 1694 1689 1591 1586 1689 1695 1591 
1689 1694 1695 1696 1591 1695 1696 1697 1698 
1695 1697 1696 1697 1699 1698 1594 1700 1701 
1593 1700 1594 1693 1692 1595 1693 1595 1701 
1701 1595 1594 1589 1595 1692 1591 1696 1598 
1599 1598 1696 1698 1599 1696 1698 1699 1702 
1698 1702 1599 1599 1702 1601 1702 1603 1601 
1703 1603 1702 1606 1704 1705 1605 1704 1606 
1700 1593 1606 1705 1700 1606 1603 1703 1706 
1608 1603 1706 1706 1610 1608 1707 1610 1706 
1605 1611 1704 1704 1611 1708 1610 1707 1709 
1612 1610 1709 1709 1614 1612 1710 1614 1709 
1711 1712 1713 1711 1617 1616 1711 1713 1617 
1713 1714 1617 1708 1611 1617 1714 1708 1617 
1715 1716 1618 1715 1618 1710 1710 1618 1614 
1715 1717 1716 1718 1719 1720 1718 1721 1722 
1720 1721 1718 1722 1723 1724 1721 1723 1722 
1724 1621 1620 1724 1723 1621 1723 1725 1621 
1622 1621 1726 1621 1725 1726 1624 1622 1727 
1622 1726 1727 1712 1711 1625 1712 1625 1727 
1727 1625 1624 1616 1625 1711 1618 1716 1626 
1716 1717 1728 1716 1728 1626 1626 1728 1627 
1629 1729 1730 1629 1627 1729 1627 1728 1729 
1730 1731 1732 1729 1731 1730 1732 1632 1631 
1732 1731 1632 1731 1733 1632 1633 1632 1734 
1632 1733 1734 1719 1718 1635 1719 1635 1734 
1734 1635 1633 1636 1635 1718 1722 1636 1718 
1637 1636 1722 1724 1637 1722 1620 1637 1724 
1629 1730 1638 1639 1638 1730 1732 1639 1730 
1631 1639 1732 1641 1735 1736 1642 1641 1736 
1644 1737 1641 1641 1737 1735 1645 1738 1644 
1644 1738 1737 1646 1739 1645 1645 1739 1738 
1647 1740 1646 1646 1740 1739 1741 1742 1740 
1741 1740 1648 1648 1740 1647 1648 1650 1741 
1743 1744 1745 1743 1653 1652 1743 1652 1744 
1744 1652 1746 1654 1747 1652 1652 1747 1746 
1736 1654 1642 1747 1654 1736 1741 1748 1742 
1650 1748 1741 1650 1655 1748 1655 1749 1748 
1656 1750 1655 1655 1750 1749 1750 1656 1657 
1751 1750 1657 1752 1753 1754 1752 1659 1658 
1752 1658 1753 1753 1658 1755 1745 1660 1743 
1745 1755 1660 1755 1658 1660 1653 1743 1660 
1657 1756 1751 1661 1756 1657 1756 1661 1663 
1757 1756 1663 1758 1759 1760 1758 1666 1665 
1758 1665 1759 1759 1665 1761 1754 1667 1752 
1754 1761 1667 1761 1665 1667 1659 1752 1667 
1663 1762 1757 1668 1762 1663 1763 1764 1762 
1763 1762 1669 1669 1762 1668 1669 1670 1763 
1765 1766 1767 1760 1766 1765 1758 1760 1765 
1758 1765 1672 1758 1672 1671 1666 1758 1671 
1763 1768 1764 1769 1770 1768 1673 1769 1768 
1673 1768 1763 1673 1763 1670 1673 1674 1769 
1765 1767 1771 1771 1672 1765 1771 1772 1672 
1772 1676 1672 1769 1773 1770 1774 1775 1773 
1677 1774 1773 1677 1773 1769 1677 1769 1674 
1677 1678 1774 1676 1772 1776 1679 1676 1776 
1776 1681 1679 1777 1681 1776 1774 1778 1775 
1778 1774 1678 1778 1678 1779 1779 1678 1683 
1684 1780 1781 1685 1684 1781 1777 1684 1681 
1780 1684 1777 1782 1683 1687 1782 1783 1683 
1783 1779 1683 1687 1688 1782 1690 1784 1691 
1690 1785 1784 1690 1685 1785 1685 1781 1785 
1786 1783 1782 1787 1783 1786 1688 1693 1786 
1782 1688 1786 1691 1784 1694 1784 1785 1788 
1784 1788 1694 1694 1788 1695 1697 1695 1789 
1695 1788 1789 1699 1790 1791 1699 1697 1790 
1697 1789 1790 1790 1792 1791 1793 1794 1795 
1787 1793 1795 1786 1793 1787 1786 1700 1793 
1786 1701 1700 1693 1701 1786 1699 1791 1702 
1703 1796 1797 1702 1796 1703 1702 1792 1796 
1702 1791 1792 1796 1798 1797 1705 1794 1793 
1705 1704 1794 1704 1799 1794 1700 1705 1793 
1703 1797 1706 1707 1800 1801 1706 1800 1707 
1706 1798 1800 1706 1797 1798 1800 1802 1801 
1803 1804 1805 1803 1805 1799 1803 1799 1708 
1708 1799 1704 1707 1801 1709 1801 1710 1709 
1801 1802 1710 1802 1806 1710 1807 1808 1809 
1807 1810 1811 1809 1810 1807 1811 1812 1813 
1810 1812 1811 1813 1814 1815 1812 1814 1813 
1815 1816 1817 1814 1816 1815 1817 1713 1712 
1817 1816 1713 1816 1818 1713 1804 1803 1714 
1804 1714 1818 1818 1714 1713 1708 1714 1803 
1710 1806 1819 1715 1710 1819 1717 1820 1821 
1717 1715 1820 1715 1819 1820 1820 1822 1821 
1823 1824 1825 1823 1826 1827 1825 1826 1823 
1827 1720 1719 1827 1826 1720 1826 1828 1720 
1808 1807 1721 1808 1721 1828 1828 1721 1720 
1723 1721 1807 1811 1723 1807 1725 1723 1811 
1813 1725 1811 1726 1725 1813 1815 1726 1813 
1727 1726 1815 1817 1727 1815 1712 1727 1817 
1717 1821 1728 1821 1822 1829 1821 1829 1728 
1728 1829 1729 1731 1729 1830 1729 1829 1830 
1824 1823 1733 1824 1733 1830 1830 1733 1731 
1734 1733 1823 1827 1734 1823 1719 1734 1827 
1831 1832 1833 1831 1736 1735 1831 1735 1832 
1832 1735 1834 1737 1835 1735 1735 1835 1834 
1738 1836 1737 1737 1836 1835 1739 1837 1738 
1738 1837 1836 1740 1838 1739 1739 1838 1837 
1838 1740 1742 1839 1838 1742 1840 1841 1842 
1840 1745 1744 1840 1744 1841 1841 1744 1843 
1746 1844 1744 1744 1844 1843 1833 1747 1831 
1833 1844 1747 1844 1746 1747 1736 1831 1747 
1742 1845 1839 1748 1845 1742 1749 1846 1748 
1748 1846 1845 1750 1847 1749 1749 1847 1846 
1847 1750 1751 1848 1847 1751 1849 1850 1851 
1849 1754 1753 1849 1753 1850 1850 1753 1852 
1842 1755 1840 1842 1852 1755 1852 1753 1755 
1745 1840 1755 1751 1853 1848 1756 1853 1751 
1853 1756 1757 1854 1853 1757 1759 1855 1856 
1760 1759 1856 1851 1761 1849 1851 1855 1761 
1855 1759 1761 1754 1849 1761 1757 1857 1854 
1762 1857 1757 1857 1762 1764 1858 1857 1764 
1766 1859 1860 1767 1766 1860 1856 1766 1760 
1859 1766 1856 1764 1861 1858 1768 1861 1764 
1861 1768 1770 1862 1861 1770 1767 1860 1863 
1771 1767 1863 1863 1772 1771 1864 1772 1863 
1770 1865 1862 1773 1865 1770 1865 1773 1775 
1866 1865 1775 1867 1776 1772 1867 1772 1868 
1868 1772 1864 1776 1867 1777 1775 1869 1866 
1778 1869 1775 1869 1778 1779 1870 1869 1779 
1871 1872 1873 1868 1872 1871 1867 1868 1871 
1867 1871 1781 1867 1781 1780 1777 1867 1780 
1779 1783 1870 1870 1783 1874 1871 1873 1875 
1871 1785 1781 1871 1876 1785 1871 1875 1876 
1877 1785 1876 1877 1878 1879 1876 1878 1877 
1878 1880 1879 1881 1882 1883 1881 1883 1874 
1881 1874 1787 1787 1874 1783 1785 1877 1788 
1789 1788 1877 1879 1789 1877 1879 1880 1884 
1879 1884 1789 1789 1884 1790 1884 1792 1790 
1885 1792 1884 1795 1882 1881 1795 1794 1882 
1794 1886 1882 1787 1795 1881 1792 1885 1887 
1796 1792 1887 1887 1798 1796 1888 1798 1887 
1889 1890 1891 1889 1891 1886 1889 1886 1799 
1799 1886 1794 1798 1888 1892 1800 1798 1892 
1892 1802 1800 1893 1802 1892 1894 1895 1896 
1890 1894 1896 1889 1894 1890 1889 1804 1894 
1889 1805 1804 1799 1805 1889 1897 1898 1806 
1897 1806 1893 1893 1806 1802 1897 1899 1898 
1900 1901 1902 1900 1903 1904 1902 1903 1900 
1904 1809 1808 1904 1903 1809 1903 1905 1809 
1810 1809 1906 1809 1905 1906 1812 1810 1907 
1810 1906 1907 1814 1812 1908 1812 1907 1908 
1816 1814 1909 1814 1908 1909 1895 1894 1818 
1895 1818 1909 1909 1818 1816 1804 1818 1894 
1806 1898 1819 1898 1899 1910 1898 1910 1819 
1819 1910 1820 1822 1911 1912 1822 1820 1911 
1820 1910 1911 1912 1913 1914 1911 1913 1912 
1914 1825 1824 1914 1913 1825 1913 1915 1825 
1901 1900 1826 1901 1826 1915 1915 1826 1825 
1828 1826 1900 1904 1828 1900 1808 1828 1904 
1822 1912 1829 1830 1829 1912 1914 1830 1912 
1824 1830 1914 1832 1916 1917 1833 1832 1917 
1834 1918 1832 1832 1918 1916 1835 1919 1834 
1834 1919 1918 1836 1920 1835 1835 1920 1919 
1837 1921 1836 1836 1921 1920 1838 1922 1837 
1837 1922 1921 1839 1923 1924 1839 1924 1838 
1838 1924 1922 1924 1923 1925 1841 1926 1927 
1842 1841 1927 1843 1928 1841 1841 1928 1926 
1844 1929 1843 1843 1929 1928 1917 1844 1833 
1929 1844 1917 1839 1845 1923 1923 1930 1925 
1923 1845 1930 1845 1846 1930 1847 1931 1846 
1846 1931 1930 1931 1847 1848 1932 1931 1848 
1933 1934 1935 1933 1851 1850 1933 1850 1934 
1934 1850 1936 1852 1937 1850 1850 1937 1936 
1927 1852 1842 1937 1852 1927 1848 1938 1932 
1853 1938 1848 1938 1853 1854 1939 1938 1854 
1940 1941 1942 1935 1941 1940 1933 1935 1940 
1933 1940 1856 1933 1856 1855 1851 1933 1855 
1854 1943 1939 1857 1943 1854 1943 1857 1858 
1944 1943 1858 1859 1945 1860 1940 1942 1946 
1946 1856 1940 1946 1947 1856 1859 1856 1945 
1945 1856 1947 1858 1948 1944 1861 1948 1858 
1948 1861 1862 1949 1948 1862 1860 1945 1863 
1945 1864 1863 1945 1947 1864 1947 1950 1864 
1862 1951 1949 1865 1951 1862 1951 1865 1866 
1952 1951 1866 1953 1954 1955 1953 1950 1954 
1953 1868 1950 1868 1864 1950 1866 1956 1952 
1869 1956 1866 1956 1869 1870 1957 1956 1870 
1872 1958 1873 1953 1955 1959 1958 1868 1960 
1958 1872 1868 1960 1868 1961 1953 1959 1868 
1961 1868 1959 1961 1962 1960 1963 1964 1965 
1963 1965 1957 1963 1957 1874 1874 1957 1870 
1873 1958 1875 1876 1875 1958 1960 1876 1958 
1960 1962 1966 1960 1966 1876 1876 1966 1878 
1880 1967 1968 1880 1878 1967 1878 1966 1967 
1967 1969 1968 1970 1971 1972 1964 1970 1972 
1963 1970 1964 1963 1882 1970 1963 1883 1882 
1874 1883 1963 1880 1968 1884 1885 1973 1974 
1884 1973 1885 1884 1969 1973 1884 1968 1969 
1973 1975 1974 1976 1971 1970 1977 1971 1976 
1882 1886 1976 1970 1882 1976 1885 1974 1887 
1888 1978 1979 1887 1978 1888 1887 1975 1978 
1887 1974 1975 1978 1980 1979 1891 1977 1976 
1891 1890 1977 1890 1981 1977 1886 1891 1976 
1888 1979 1892 1893 1982 1983 1892 1982 1893 
1892 1980 1982 1892 1979 1980 1982 1984 1983 
1985 1986 1987 1985 1988 1989 1987 1988 1985 
1989 1990 1991 1988 1990 1989 1991 1992 1993 
1990 1992 1991 1993 1994 1995 1992 1994 1993 
1995 1996 1997 1994 1996 1995 1997 1896 1895 
1997 1996 1896 1996 1998 1896 1981 1890 1896 
1998 1981 1896 1893 1983 1897 1899 1999 2000 
1897 1999 1899 1897 1984 1999 1897 1983 1984 
2000 2001 2002 1999 2001 2000 2002 2003 2004 
2001 2003 2002 2004 2005 2006 2003 2005 2004 
2006 1902 1901 2006 2005 1902 2005 2007 1902 
1986 1985 1903 1986 1903 2007 2007 1903 1902 
1905 1903 1985 1989 1905 1985 1906 1905 1989 
1991 1906 1989 1907 1906 1991 1993 1907 1991 
1908 1907 1993 1995 1908 1993 1909 1908 1995 
1997 1909 1995 1895 1909 1997 1899 2000 1910 
1911 1910 2000 2002 1911 2000 1913 1911 2002 
2004 1913 2002 1915 1913 2004 2006 1915 2004 
1901 1915 2006 2008 2009 2010 2008 1917 1916 
2008 1916 2009 2009 1916 2011 1918 2012 1916 
1916 2012 2011 1919 2013 1918 1918 2013 2012 
1920 2014 1919 1919 2014 2013 1921 2015 1920 
1920 2015 2014 1922 2016 1921 1921 2016 2015 
1924 2017 1922 1922 2017 2016 2017 1924 1925 
2018 2017 1925 2019 2020 2021 2019 1927 1926 
2019 1926 2020 2020 1926 2022 1928 2023 1926 
1926 2023 2022 2010 1929 2008 2010 2023 1929 
2023 1928 1929 1917 2008 1929 1925 2024 2018 
1930 2024 1925 1931 2025 1930 1930 2025 2024 
2025 1931 1932 2026 2025 1932 1934 2027 2028 
1935 1934 2028 1936 2029 1934 1934 2029 2027 
2021 1937 2019 2021 2029 1937 2029 1936 1937 
1927 2019 1937 1932 2030 2026 1938 2030 1932 
2030 1938 1939 2031 2030 1939 1941 2032 2033 
1942 1941 2033 2028 1941 1935 2032 1941 2028 
1939 2034 2031 1943 2034 1939 2034 1943 1944 
2035 2034 1944 1942 2033 2036 1946 1942 2036 
2036 1947 1946 2037 1947 2036 1944 2038 2035 
1948 2038 1944 2038 1948 1949 2039 2038 1949 
2040 2041 2042 2040 2037 2041 2040 1950 2037 
1950 1947 2037 1949 2043 2039 1951 2043 1949 
2043 1951 1952 2044 2043 1952 1954 2045 1955 
2040 2042 2046 2046 1950 2040 2046 2047 1950 
1954 1950 2045 2045 1950 2047 2048 1952 1956 
2048 2049 1952 2049 2044 1952 1956 1957 2048 
1955 2045 1959 2045 2047 2050 2045 2050 1959 
1959 2050 1961 1962 2051 2052 1962 1961 2051 
1961 2050 2051 2052 2053 2054 2051 2053 2052 
2053 2055 2054 2056 2057 2058 2049 2056 2058 
2048 2056 2049 2048 1964 2056 2048 1965 1964 
1957 1965 2048 1962 2052 1966 1967 1966 2052 
2054 1967 2052 1969 2059 2060 1967 2059 1969 
1967 2055 2059 1967 2054 2055 2059 2061 2060 
1972 2057 2056 1972 1971 2057 1971 2062 2057 
1964 1972 2056 1969 2060 1973 1975 2063 2064 
1973 2063 1975 1973 2061 2063 1973 2060 2061 
2063 2065 2064 1971 1977 2062 2062 1977 2066 
1975 2064 1978 1980 2067 2068 1978 2067 1980 
1978 2065 2067 1978 2064 2065 2067 2069 2068 
2070 2071 2072 2070 2073 2074 2072 2073 2070 
2074 2075 2076 2073 2075 2074 2076 2077 2078 
2075 2077 2076 2078 2079 2080 2077 2079 2078 
2080 2081 2082 2079 2081 2080 2082 2081 2066 
2082 2066 1981 1981 2066 1977 1980 2068 1982 
2068 1984 1982 2068 2069 1984 2069 2083 1984 
2084 2085 2086 2084 1987 1986 2084 2086 1987 
2086 2087 1987 2071 2070 1988 2071 1988 2087 
2087 1988 1987 1990 1988 2070 2074 1990 2070 
1992 1990 2074 2076 1992 2074 1994 1992 2076 
2078 1994 2076 1996 1994 2078 2080 1996 2078 
1998 1996 2080 2082 1998 2080 1981 1998 2082 
1984 2083 2088 1999 1984 2088 2001 1999 2089 
1999 2088 2089 2003 2001 2090 2001 2089 2090 
2005 2003 2091 2003 2090 2091 2085 2084 2007 
2085 2007 2091 2091 2007 2005 1986 2007 2084 
2092 2093 2094 2092 2010 2009 2092 2009 2093 
2093 2009 2095 2011 2096 2009 2009 2096 2095 
2012 2097 2011 2011 2097 2096 2013 2098 2012 
2012 2098 2097 2014 2099 2013 2013 2099 2098 
2015 2100 2014 2014 2100 2099 2016 2101 2015 
2015 2101 2100 2017 2102 2016 2016 2102 2101 
2102 2017 2018 2103 2102 2018 2104 2105 2106 
2104 2021 2020 2104 2020 2105 2105 2020 2107 
2022 2108 2020 2020 2108 2107 2094 2023 2092 
2094 2108 2023 2108 2022 2023 2010 2092 2023 
2018 2109 2103 2024 2109 2018 2025 2110 2024 
2024 2110 2109 2110 2025 2026 2111 2110 2026 
2112 2113 2114 2112 2028 2027 2112 2027 2113 
2113 2027 2115 2106 2029 2104 2106 2115 2029 
2115 2027 2029 2021 2104 2029 2026 2116 2111 
2030 2116 2026 2116 2030 2031 2117 2116 2031 
2032 2118 2033 2112 2114 2119 2119 2028 2112 
2119 2120 2028 2032 2028 2118 2118 2028 2120 
2031 2121 2117 2034 2121 2031 2121 2034 2035 
2122 2121 2035 2118 2036 2033 2123 2124 2125 
2125 2120 2123 2125 2037 2120 2118 2120 2036 
2036 2120 2037 2035 2126 2122 2038 2126 2035 
2126 2038 2039 2127 2126 2039 2128 2129 2130 
2124 2129 2128 2125 2124 2128 2125 2128 2042 
2125 2042 2041 2037 2125 2041 2131 2039 2043 
2131 2132 2039 2132 2127 2039 2043 2044 2131 
2128 2130 2133 2042 2128 2133 2042 2133 2046 
2046 2133 2134 2047 2135 2136 2047 2046 2135 
2046 2134 2135 2136 2137 2138 2135 2137 2136 
2137 2139 2138 2131 2140 2132 2140 2131 2044 
2140 2044 2141 2141 2044 2049 2047 2136 2050 
2051 2050 2136 2138 2051 2136 2138 2139 2142 
2138 2142 2051 2051 2142 2053 2055 2143 2144 
2055 2053 2143 2053 2142 2143 2143 2145 2144 
2058 2057 2146 2058 2146 2147 2058 2147 2049 
2049 2147 2141 2055 2144 2059 2061 2148 2149 
2059 2148 2061 2059 2145 2148 2059 2144 2145 
2148 2150 2149 2146 2062 2151 2057 2062 2146 
2152 2147 2146 2151 2152 2146 2061 2149 2063 
2065 2153 2154 2063 2153 2065 2063 2150 2153 
2063 2149 2150 2153 2155 2154 2156 2157 2158 
2156 2159 2160 2158 2159 2156 2160 2161 2162 
2159 2161 2160 2161 2163 2162 2164 2165 2166 
2151 2166 2167 2151 2066 2166 2151 2062 2066 
2066 2164 2166 2152 2151 2167 2065 2154 2067 
2154 2069 2067 2154 2155 2069 2155 2168 2069 
2169 2170 2171 2169 2072 2071 2169 2171 2072 
2171 2172 2072 2157 2156 2073 2157 2073 2172 
2172 2073 2072 2075 2073 2156 2160 2075 2156 
2077 2075 2160 2162 2077 2160 2162 2163 2173 
2162 2173 2077 2077 2173 2079 2165 2164 2081 
2165 2081 2173 2173 2081 2079 2066 2081 2164 
2174 2175 2083 2174 2083 2168 2168 2083 2069 
2175 2176 2177 2174 2176 2175 2177 2178 2179 
2176 2178 2177 2179 2180 2181 2178 2180 2179 
2181 2086 2085 2181 2180 2086 2180 2182 2086 
2170 2169 2087 2170 2087 2182 2182 2087 2086 
2071 2087 2169 2083 2175 2088 2089 2088 2175 
2177 2089 2175 2090 2089 2177 2179 2090 2177 
2091 2090 2179 2181 2091 2179 2085 2091 2181 
2183 2184 2185 2184 2183 2186 2187 2188 2189 
2187 2094 2093 2187 2093 2188 2188 2093 2190 
2095 2191 2093 2093 2191 2190 2096 2192 2095 
2095 2192 2191 2097 2193 2096 2096 2193 2192 
2185 2098 2183 2185 2193 2098 2193 2097 2098 
2183 2194 2186 2183 2098 2194 2098 2099 2194 
2100 2195 2099 2099 2195 2194 2196 2197 2195 
2196 2195 2101 2101 2195 2100 2101 2102 2198 
2196 2101 2198 2103 2198 2102 2199 2200 2201 
2200 2199 2202 2203 2204 2205 2203 2106 2105 
2203 2105 2204 2204 2105 2206 2107 2207 2105 
2105 2207 2206 2189 2108 2187 2189 2207 2108 
2207 2107 2108 2094 2187 2108 2196 2208 2197 
2198 2208 2196 2209 2208 2198 2201 2109 2199 
2201 2209 2109 2103 2109 2198 2198 2109 2209 
2199 2210 2202 2199 2109 2210 2109 2110 2210 
2210 2110 2111 2211 2210 2111 2113 2212 2213 
2114 2113 2213 2205 2115 2203 2205 2212 2115 
2212 2113 2115 2106 2203 2115 2111 2214 2211 
2116 2214 2111 2214 2116 2117 2215 2214 2117 
2114 2213 2216 2119 2114 2216 2216 2120 2119 
2217 2120 2216 2117 2218 2215 2121 2218 2117 
2218 2121 2122 2219 2218 2122 2123 2220 2221 
2124 2123 2221 2217 2123 2120 2220 2123 2217 
2122 2222 2219 2126 2222 2122 2222 2126 2127 
2223 2222 2127 2129 2224 2130 2225 2124 2221 
2225 2224 2124 2225 2226 2224 2224 2129 2124 
2225 2227 2226 2228 2132 2229 2228 2223 2132 
2223 2127 2132 2228 2229 2230 2130 2224 2133 
2134 2133 2224 2226 2134 2224 2226 2227 2231 
2226 2231 2134 2134 2231 2135 2137 2135 2232 
2135 2231 2232 2139 2233 2234 2139 2137 2233 
2137 2232 2233 2234 2235 2236 2233 2235 2234 
2235 2237 2236 2132 2140 2229 2229 2140 2141 
2229 2141 2230 2230 2141 2238 2139 2234 2142 
2143 2142 2234 2236 2143 2234 2145 2239 2240 
2143 2239 2145 2143 2237 2239 2143 2236 2237 
2239 2241 2240 2141 2147 2238 2238 2147 2242 
2145 2240 2148 2150 2243 2244 2148 2243 2150 
2148 2241 2243 2148 2240 2241 2243 2245 2244 
2246 2247 2248 2248 2249 2246 2250 2251 2252 
2250 2252 2242 2250 2242 2152 2152 2242 2147 
2150 2244 2153 2244 2155 2153 2244 2245 2155 
2245 2253 2155 2254 2255 2256 2254 2257 2258 
2256 2257 2254 2258 2158 2157 2258 2257 2158 
2257 2259 2158 2159 2158 2260 2158 2259 2260 
2247 2246 2161 2247 2161 2260 2260 2161 2159 
2163 2261 2262 2161 2261 2163 2161 2249 2261 
2161 2246 2249 2262 2166 2165 2262 2261 2166 
2261 2263 2166 2251 2250 2167 2251 2167 2263 
2263 2167 2166 2152 2167 2250 2264 2265 2168 
2264 2168 2253 2253 2168 2155 2265 2266 2267 
2264 2266 2265 2267 2268 2269 2266 2268 2267 
2269 2270 2271 2268 2270 2269 2271 2272 2273 
2270 2272 2271 2255 2273 2272 2254 2273 2255 
2254 2170 2273 2254 2171 2170 2172 2171 2254 
2258 2172 2254 2157 2172 2258 2163 2262 2173 
2165 2173 2262 2168 2265 2174 2176 2174 2265 
2267 2176 2265 2178 2176 2267 2269 2178 2267 
2180 2178 2269 2271 2180 2269 2182 2180 2271 
2273 2182 2271 2170 2182 2273 2184 2274 2275 
2185 2184 2275 2186 2276 2277 2186 2277 2184 
2184 2277 2274 2277 2276 2278 2279 2280 2281 
2279 2189 2188 2279 2188 2280 2280 2188 2282 
2190 2283 2188 2188 2283 2282 2191 2284 2190 
2190 2284 2283 2192 2285 2191 2191 2285 2284 
2193 2286 2192 2192 2286 2285 2275 2193 2185 
2286 2193 2275 2186 2194 2276 2276 2287 2278 
2276 2194 2287 2194 2195 2287 2197 2288 2289 
2197 2289 2195 2195 2289 2287 2288 2290 2291 
2289 2288 2291 2290 2201 2200 2290 2200 2291 
2291 2200 2292 2202 2293 2294 2202 2294 2200 
2200 2294 2292 2294 2293 2295 2204 2296 2297 
2205 2204 2297 2206 2298 2204 2204 2298 2296 
2281 2207 2279 2281 2298 2207 2298 2206 2207 
2189 2279 2207 2197 2208 2288 2209 2288 2208 
2290 2288 2209 2201 2290 2209 2202 2210 2293 
2211 2299 2300 2210 2211 2300 2210 2300 2295 
2210 2295 2293 2300 2299 2301 2212 2302 2303 
2213 2212 2303 2297 2212 2205 2302 2212 2297 
2211 2214 2299 2215 2304 2305 2214 2215 2305 
2214 2305 2301 2214 2301 2299 2305 2304 2306 
2307 2216 2213 2307 2213 2308 2308 2213 2303 
2216 2307 2217 2215 2218 2304 2219 2309 2310 
2218 2219 2310 2218 2310 2306 2218 2306 2304 
2310 2309 2311 2312 2313 2314 2308 2313 2312 
2307 2308 2312 2307 2312 2221 2307 2221 2220 
2217 2307 2220 2219 2222 2309 2309 2222 2223 
2309 2223 2311 2311 2223 2315 2312 2314 2316 
2221 2312 2316 2221 2316 2225 2225 2316 2317 
2227 2318 2319 2227 2225 2318 2225 2317 2318 
2319 2320 2321 2318 2320 2319 2321 2322 2323 
2320 2322 2321 2323 2324 2325 2322 2324 2323 
2324 2326 2325 2223 2327 2315 2228 2327 2223 
2327 2228 2230 2328 2327 2230 2227 2319 2231 
2232 2231 2319 2321 2232 2319 2233 2232 2321 
2323 2233 2321 2235 2233 2323 2325 2235 2323 
2237 2329 2330 2235 2329 2237 2235 2326 2329 
2235 2325 2326 2329 2331 2330 2230 2238 2328 
2328 2238 2332 2237 2330 2239 2241 2333 2334 
2239 2333 2241 2239 2331 2333 2239 2330 2331 
2333 2335 2334 2336 2337 2338 2336 2338 2332 
2336 2332 2242 2242 2332 2238 2241 2334 2243 
2245 2339 2340 2243 2339 2245 2243 2335 2339 
2243 2334 2335 2339 2341 2340 2342 2343 2344 
2342 2345 2346 2344 2345 2342 2346 2248 2247 
2346 2345 2248 2345 2347 2248 2249 2348 2349 
2249 2248 2348 2248 2347 2348 2349 2350 2351 
2348 2350 2349 2337 2351 2350 2336 2351 2337 
2336 2251 2351 2336 2252 2251 2242 2252 2336 
2340 2352 2253 2245 2340 2253 2353 2340 2341 
2353 2354 2340 2354 2352 2340 2354 2355 2356 
2353 2355 2354 2356 2357 2358 2355 2357 2356 
2358 2359 2360 2357 2359 2358 2360 2256 2255 
2360 2359 2256 2359 2361 2256 2257 2256 2362 
2256 2361 2362 2343 2342 2259 2343 2259 2362 
2362 2259 2257 2260 2259 2342 2346 2260 2342 
2247 2260 2346 2249 2349 2261 2263 2261 2349 
2351 2263 2349 2251 2263 2351 2253 2352 2264 
2266 2264 2352 2354 2266 2352 2268 2266 2354 
2356 2268 2354 2270 2268 2356 2358 2270 2356 
2272 2270 2358 2360 2272 2358 2255 2272 2360 
2274 2363 2364 2275 2274 2364 2277 2365 2274 
2274 2365 2363 2365 2277 2278 2366 2365 2278 
2280 2367 2368 2281 2280 2368 2282 2369 2280 
2280 2369 2367 2283 2370 2282 2282 2370 2369 
2284 2371 2283 2283 2371 2370 2285 2372 2284 
2284 2372 2371 2286 2373 2285 2285 2373 2372 
2364 2286 2275 2373 2286 2364 2278 2374 2366 
2287 2374 2278 2289 2375 2287 2287 2375 2374 
2291 2376 2289 2289 2376 2375 2292 2377 2291 
2291 2377 2376 2294 2378 2292 2292 2378 2377 
2295 2379 2380 2295 2380 2294 2294 2380 2378 
2380 2379 2381 2382 2383 2384 2382 2297 2296 
2382 2296 2383 2383 2296 2385 2298 2386 2296 
2296 2386 2385 2368 2298 2281 2386 2298 2368 
2295 2300 2379 2301 2387 2388 2300 2301 2388 
2300 2388 2381 2300 2381 2379 2388 2387 2389 
2302 2390 2303 2382 2384 2391 2391 2297 2382 
2391 2392 2297 2302 2297 2390 2390 2297 2392 
2301 2305 2387 2306 2393 2394 2305 2306 2394 
2305 2394 2389 2305 2389 2387 2394 2393 2395 
2390 2396 2397 2390 2397 2303 2303 2397 2308 
2392 2396 2390 2306 2310 2393 2311 2398 2399 
2310 2311 2399 2310 2399 2395 2310 2395 2393 
2399 2398 2400 2313 2401 2314 2402 2308 2397 
2402 2401 2308 2402 2403 2401 2401 2313 2308 
2403 2404 2405 2402 2404 2403 2405 2406 2407 
2404 2406 2405 2407 2408 2409 2406 2408 2407 
2409 2410 2411 2408 2410 2409 2410 2412 2411 
2398 2315 2413 2311 2315 2398 2414 2400 2398 
2413 2414 2398 2314 2401 2316 2317 2316 2401 
2403 2317 2401 2318 2317 2403 2405 2318 2403 
2320 2318 2405 2407 2320 2405 2322 2320 2407 
2409 2322 2407 2324 2322 2409 2411 2324 2409 
2326 2415 2416 2324 2415 2326 2324 2412 2415 
2324 2411 2412 2415 2417 2416 2315 2327 2413 
2413 2327 2328 2413 2328 2414 2414 2328 2418 
2326 2416 2329 2331 2419 2420 2329 2419 2331 
2329 2417 2419 2329 2416 2417 2419 2421 2420 
2328 2332 2418 2418 2332 2422 2331 2420 2333 
2335 2423 2424 2333 2423 2335 2333 2421 2423 
2333 2420 2421 2423 2425 2424 2426 2427 2428 
2426 2429 2430 2428 2429 2426 2430 2431 2432 
2429 2431 2430 2432 2338 2337 2432 2431 2338 
2431 2433 2338 2422 2332 2338 2433 2422 2338 
2335 2424 2339 2341 2434 2435 2339 2434 2341 
2339 2425 2434 2339 2424 2425 2434 2436 2435 
2437 2438 2439 2437 2344 2343 2437 2439 2344 
2439 2440 2344 2345 2344 2441 2344 2440 2441 
2427 2426 2347 2427 2347 2441 2441 2347 2345 
2348 2347 2426 2430 2348 2426 2350 2348 2430 
2432 2350 2430 2337 2350 2432 2341 2435 2353 
2435 2436 2442 2435 2442 2353 2353 2442 2355 
2357 2355 2443 2355 2442 2443 2359 2357 2444 
2357 2443 2444 2361 2359 2445 2359 2444 2445 
2438 2437 2362 2438 2362 2445 2445 2362 2361 
2343 2362 2437 2446 2447 2448 2446 2449 2450 
2447 2446 2450 2449 2451 2452 2450 2449 2452 
2451 2364 2363 2451 2363 2452 2452 2363 2453 
2365 2454 2363 2363 2454 2453 2454 2365 2366 
2455 2454 2366 2456 2457 2458 2457 2456 2459 
2460 2461 2462 2460 2463 2464 2461 2460 2464 
2463 2368 2367 2463 2367 2464 2464 2367 2465 
2369 2466 2367 2367 2466 2465 2370 2467 2369 
2369 2467 2466 2448 2371 2446 2448 2467 2371 
2467 2370 2371 2372 2446 2371 2449 2446 2372 
2373 2449 2372 2451 2449 2373 2364 2451 2373 
2366 2468 2455 2374 2468 2366 2375 2469 2374 
2374 2469 2468 2376 2470 2375 2375 2470 2469 
2377 2471 2376 2376 2471 2470 2458 2378 2456 
2458 2471 2378 2471 2377 2378 2456 2472 2459 
2456 2378 2472 2378 2380 2472 2381 2473 2474 
2381 2474 2380 2380 2474 2472 2474 2473 2475 
2383 2476 2477 2384 2383 2477 2462 2385 2460 
2462 2476 2385 2476 2383 2385 2386 2460 2385 
2463 2460 2386 2368 2463 2386 2381 2388 2473 
2389 2478 2479 2388 2389 2479 2388 2479 2475 
2388 2475 2473 2478 2480 2481 2479 2478 2481 
2481 2480 2482 2384 2477 2483 2391 2384 2483 
2483 2392 2391 2484 2392 2483 2389 2394 2478 
2395 2478 2394 2395 2485 2478 2485 2480 2478 
2486 2482 2480 2485 2486 2480 2396 2487 2488 
2397 2396 2488 2484 2396 2392 2487 2396 2484 
2395 2399 2485 2400 2489 2490 2399 2400 2490 
2399 2490 2486 2399 2486 2485 2490 2489 2491 
2397 2488 2492 2402 2397 2492 2404 2402 2493 
2402 2492 2493 2406 2404 2494 2404 2493 2494 
2408 2406 2495 2406 2494 2495 2410 2408 2496 
2408 2495 2496 2412 2497 2498 2412 2410 2497 
2410 2496 2497 2497 2499 2498 2489 2414 2500 
2400 2414 2489 2501 2491 2489 2500 2501 2489 
2412 2498 2415 2417 2502 2503 2415 2502 2417 
2415 2499 2502 2415 2498 2499 2502 2504 2503 
2500 2505 2506 2500 2414 2505 2414 2418 2505 
2501 2500 2506 2417 2503 2419 2421 2507 2508 
2419 2507 2421 2419 2504 2507 2419 2503 2504 
2507 2509 2508 2510 2511 2512 2512 2513 2510 
2514 2515 2516 2514 2516 2505 2514 2505 2422 
2422 2505 2418 2421 2508 2423 2425 2517 2518 
2423 2517 2425 2423 2509 2517 2423 2508 2509 
2517 2519 2518 2520 2521 2522 2520 2428 2427 
2520 2522 2428 2522 2523 2428 2511 2510 2429 
2511 2429 2523 2523 2429 2428 2510 2513 2524 
2510 2524 2429 2429 2524 2431 2515 2514 2433 
2515 2433 2524 2524 2433 2431 2422 2433 2514 
2425 2518 2434 2436 2525 2526 2434 2525 2436 
2434 2519 2525 2434 2518 2519 2526 2527 2528 
2525 2527 2526 2528 2529 2530 2527 2529 2528 
2530 2531 2532 2529 2531 2530 2532 2439 2438 
2532 2531 2439 2531 2533 2439 2440 2439 2534 
2439 2533 2534 2521 2520 2441 2521 2441 2534 
2534 2441 2440 2427 2441 2520 2436 2526 2442 
2443 2442 2526 2528 2443 2526 2444 2443 2528 
2530 2444 2528 2445 2444 2530 2532 2445 2530 
2438 2445 2532 2535 2536 2537 2535 2538 2539 
2536 2535 2539 2538 2448 2447 2538 2447 2539 
2539 2447 2540 2450 2541 2447 2447 2541 2540 
2452 2542 2450 2450 2542 2541 2453 2543 2452 
2452 2543 2542 2454 2544 2453 2453 2544 2543 
2455 2545 2546 2455 2546 2454 2454 2546 2544 
2546 2545 2547 2457 2548 2549 2458 2457 2549 
2459 2550 2551 2459 2551 2457 2457 2551 2548 
2550 2552 2553 2551 2550 2553 2553 2552 2554 
2461 2555 2556 2462 2461 2556 2464 2557 2461 
2461 2557 2555 2465 2558 2464 2464 2558 2557 
2537 2466 2535 2537 2558 2466 2558 2465 2466 
2467 2535 2466 2538 2535 2467 2448 2538 2467 
2455 2468 2545 2545 2559 2547 2545 2468 2559 
2468 2469 2559 2470 2560 2469 2469 2560 2559 
2471 2561 2470 2470 2561 2560 2549 2471 2458 
2561 2471 2549 2459 2472 2550 2474 2550 2472 
2552 2550 2474 2475 2562 2563 2474 2475 2563 
2474 2563 2554 2474 2554 2552 2562 2564 2565 
2563 2562 2565 2565 2564 2566 2476 2567 2568 
2477 2476 2568 2556 2476 2462 2567 2476 2556 
2475 2479 2562 2481 2562 2479 2564 2562 2481 
2482 2569 2570 2481 2482 2570 2481 2570 2566 
2481 2566 2564 2570 2569 2571 2572 2483 2477 
2572 2477 2573 2573 2477 2568 2483 2572 2484 
2569 2486 2574 2482 2486 2569 2575 2571 2569 
2574 2575 2569 2487 2576 2488 2572 2573 2577 
2576 2484 2578 2576 2487 2484 2578 2484 2579 
2572 2577 2484 2579 2484 2577 2578 2580 2581 
2579 2580 2578 2581 2582 2583 2580 2582 2581 
2583 2584 2585 2582 2584 2583 2584 2586 2585 
2486 2490 2574 2574 2490 2491 2574 2491 2575 
2575 2491 2587 2488 2576 2492 2493 2492 2576 
2578 2493 2576 2494 2493 2578 2581 2494 2578 
2495 2494 2581 2583 2495 2581 2496 2495 2583 
2585 2496 2583 2585 2586 2588 2585 2588 2496 
2496 2588 2497 2499 2589 2590 2499 2497 2589 
2497 2588 2589 2589 2591 2590 2491 2501 2587 
2587 2501 2592 2499 2590 2502 2504 2593 2594 
2502 2593 2504 2502 2591 2593 2502 2590 2591 
2593 2595 2594 2506 2596 2597 2505 2596 2506 
2592 2501 2506 2597 2592 2506 2504 2594 2507 
2509 2598 2599 2507 2598 2509 2507 2595 2598 
2507 2594 2595 2598 2600 2599 2601 2602 2603 
2601 2512 2511 2601 2603 2512 2603 2604 2512 
2513 2605 2606 2513 2512 2605 2512 2604 2605 
2606 2516 2515 2606 2605 2516 2605 2607 2516 
2596 2505 2516 2607 2596 2516 2509 2599 2517 
2519 2608 2609 2517 2608 2519 2517 2600 2608 
2517 2599 2600 2609 2610 2611 2608 2610 2609 
2610 2612 2611 2613 2614 2615 2613 2522 2521 
2613 2615 2522 2615 2616 2522 2602 2601 2523 
2602 2523 2616 2616 2523 2522 2511 2523 2601 
2513 2606 2524 2515 2524 2606 2519 2609 2525 
2527 2525 2609 2611 2527 2609 2611 2612 2617 
2611 2617 2527 2527 2617 2529 2531 2529 2618 
2529 2617 2618 2533 2531 2619 2531 2618 2619 
2614 2613 2534 2614 2534 2619 2619 2534 2533 
2521 2534 2613 2620 2621 2622 2620 2537 2536 
2620 2536 2621 2621 2536 2623 2539 2624 2536 
2536 2624 2623 2540 2625 2539 2539 2625 2624 
2541 2626 2540 2540 2626 2625 2542 2627 2541 
2541 2627 2626 2543 2628 2542 2542 2628 2627 
2544 2629 2543 2543 2629 2628 2546 2630 2544 
2544 2630 2629 2547 2631 2632 2547 2632 2546 
2546 2632 2630 2631 2633 2634 2632 2631 2634 
2633 2635 2636 2634 2633 2636 2635 2549 2548 
2635 2548 2636 2636 2548 2637 2551 2638 2548 
2548 2638 2637 2553 2639 2551 2551 2639 2638 
2554 2640 2641 2554 2641 2553 2553 2641 2639 
2640 2642 2643 2641 2640 2643 2643 2642 2644 
2645 2646 2647 2645 2556 2555 2645 2555 2646 
2646 2555 2648 2557 2649 2555 2555 2649 2648 
2622 2558 2620 2622 2649 2558 2649 2557 2558 
2537 2620 2558 2547 2559 2631 2560 2631 2559 
2633 2631 2560 2561 2633 2560 2635 2633 2561 
2549 2635 2561 2554 2563 2640 2565 2640 2563 
2642 2640 2565 2566 2650 2651 2565 2566 2651 
2565 2651 2644 2565 2644 2642 2651 2650 2652 
2567 2645 2647 2567 2647 2568 2568 2647 2653 
2556 2645 2567 2566 2570 2650 2571 2654 2655 
2570 2571 2655 2570 2655 2652 2570 2652 2650 
2655 2654 2656 2568 2653 2573 2653 2657 2573 
2658 2659 2660 2658 2661 2662 2660 2661 2658 
2661 2663 2662 2654 2575 2664 2571 2575 2654 
2665 2656 2654 2664 2665 2654 2573 2657 2666 
2577 2573 2666 2659 2658 2579 2659 2579 2666 
2666 2579 2577 2580 2579 2658 2662 2580 2658 
2662 2663 2667 2662 2667 2580 2580 2667 2582 
2584 2582 2668 2582 2667 2668 2586 2669 2670 
2586 2584 2669 2584 2668 2669 2670 2671 2672 
2669 2671 2670 2671 2673 2672 2664 2587 2674 
2575 2587 2664 2675 2665 2664 2674 2675 2664 
2586 2670 2588 2589 2588 2670 2672 2589 2670 
2591 2676 2677 2589 2676 2591 2589 2673 2676 
2589 2672 2673 2676 2678 2677 2674 2679 2680 
2674 2587 2679 2587 2592 2679 2675 2674 2680 
2591 2677 2593 2595 2681 2682 2593 2681 2595 
2593 2678 2681 2593 2677 2678 2681 2683 2682 
2684 2685 2686 2684 2687 2688 2686 2687 2684 
2687 2689 2688 2597 2690 2691 2596 2690 2597 
2679 2592 2597 2691 2679 2597 2595 2682 2598 
2600 2692 2693 2598 2692 2600 2598 2683 2692 
2598 2682 2683 2692 2694 2693 2603 2695 2696 
2602 2695 2603 2685 2684 2604 2685 2604 2696 
2696 2604 2603 2605 2604 2684 2688 2605 2684 
2688 2689 2697 2688 2697 2605 2605 2697 2607 
2690 2596 2607 2697 2690 2607 2600 2693 2608 
2693 2694 2698 2693 2698 2608 2608 2698 2610 
2612 2699 2700 2612 2610 2699 2610 2698 2699 
2700 2701 2702 2699 2701 2700 2702 2703 2704 
2701 2703 2702 2704 2615 2614 2704 2703 2615 
2703 2705 2615 2616 2615 2706 2615 2705 2706 
2695 2602 2616 2706 2695 2616 2612 2700 2617 
2618 2617 2700 2702 2618 2700 2619 2618 2702 
2704 2619 2702 2614 2619 2704 2707 2708 2709 
2708 2707 2710 2711 2712 2713 2711 2714 2715 
2712 2711 2715 2714 2716 2717 2715 2714 2717 
2717 2716 2718 2719 2720 2721 2719 2622 2621 
2719 2621 2720 2720 2621 2722 2623 2723 2621 
2621 2723 2722 2624 2724 2623 2623 2724 2723 
2625 2725 2624 2624 2725 2724 2626 2726 2625 
2625 2726 2725 2627 2727 2626 2626 2727 2726 
2628 2728 2627 2627 2728 2727 2629 2729 2628 
2628 2729 2728 2709 2630 2707 2709 2729 2630 
2729 2629 2630 2707 2730 2710 2707 2630 2730 
2630 2632 2730 2634 2731 2632 2632 2731 2730 
2636 2732 2634 2634 2732 2731 2637 2733 2636 
2636 2733 2732 2638 2734 2637 2637 2734 2733 
2713 2639 2711 2713 2734 2639 2734 2638 2639 
2641 2711 2639 2714 2711 2641 2643 2714 2641 
2716 2714 2643 2644 2735 2736 2643 2644 2736 
2643 2736 2718 2643 2718 2716 2735 2737 2738 
2736 2735 2738 2738 2737 2739 2646 2740 2741 
2647 2646 2741 2648 2742 2646 2646 2742 2740 
2721 2649 2719 2721 2742 2649 2742 2648 2649 
2622 2719 2649 2644 2651 2735 2652 2735 2651 
2652 2743 2735 2743 2737 2735 2744 2739 2737 
2744 2737 2745 2745 2737 2743 2744 2745 2746 
2647 2741 2653 2741 2747 2653 2652 2655 2743 
2656 2743 2655 2656 2748 2743 2748 2745 2743 
2749 2746 2745 2748 2749 2745 2750 2751 2657 
2750 2657 2747 2747 2657 2653 2751 2660 2659 
2751 2750 2660 2750 2752 2660 2661 2660 2753 
2660 2752 2753 2663 2754 2755 2663 2661 2754 
2661 2753 2754 2755 2756 2757 2754 2756 2755 
2757 2758 2759 2756 2758 2757 2758 2760 2759 
2748 2665 2761 2656 2665 2748 2762 2749 2748 
2761 2762 2748 2657 2751 2666 2659 2666 2751 
2663 2755 2667 2668 2667 2755 2757 2668 2755 
2669 2668 2757 2759 2669 2757 2759 2760 2763 
2759 2763 2669 2669 2763 2671 2673 2764 2765 
2673 2671 2764 2671 2763 2764 2764 2766 2765 
2761 2767 2768 2761 2665 2767 2665 2675 2767 
2762 2761 2768 2673 2765 2676 2678 2769 2770 
2676 2769 2678 2676 2766 2769 2676 2765 2766 
2769 2771 2770 2680 2772 2773 2679 2772 2680 
2767 2675 2680 2773 2767 2680 2678 2770 2681 
2683 2774 2775 2681 2774 2683 2681 2771 2774 
2681 2770 2771 2774 2776 2775 2777 2778 2779 
2777 2686 2685 2777 2779 2686 2779 2780 2686 
2687 2686 2781 2686 2780 2781 2689 2782 2783 
2689 2687 2782 2687 2781 2782 2783 2691 2690 
2783 2782 2691 2782 2784 2691 2772 2679 2691 
2784 2772 2691 2683 2775 2692 2694 2785 2786 
2692 2785 2694 2692 2776 2785 2692 2775 2776 
2785 2787 2786 2788 2789 2790 2778 2788 2790 
2777 2788 2778 2777 2695 2788 2777 2696 2695 
2685 2696 2777 2689 2783 2697 2690 2697 2783 
2694 2786 2698 2786 2787 2791 2786 2791 2698 
2698 2791 2699 2701 2699 2792 2699 2791 2792 
2703 2701 2793 2701 2792 2793 2705 2703 2794 
2703 2793 2794 2789 2788 2706 2789 2706 2794 
2794 2706 2705 2695 2706 2788 2795 2796 2797 
2795 2798 2799 2796 2795 2799 2798 2800 2801 
2799 2798 2801 2800 2802 2803 2801 2800 2803 
2803 2802 2804 2805 2806 2807 2805 2808 2809 
2806 2805 2809 2808 2810 2811 2809 2808 2811 
2810 2812 2813 2811 2810 2813 2812 2814 2815 
2813 2812 2815 2814 2816 2817 2815 2814 2817 
2816 2818 2819 2817 2816 2819 2818 2709 2708 
2818 2708 2819 2819 2708 2820 2710 2821 2822 
2710 2822 2708 2708 2822 2820 2821 2823 2824 
2822 2821 2824 2824 2823 2825 2826 2827 2828 
2826 2829 2830 2827 2826 2830 2797 2830 2829 
2795 2797 2829 2795 2829 2713 2795 2713 2712 
2715 2795 2712 2798 2795 2715 2717 2798 2715 
2800 2798 2717 2718 2800 2717 2718 2831 2800 
2831 2802 2800 2832 2804 2802 2832 2802 2833 
2833 2802 2831 2832 2833 2834 2720 2835 2836 
2721 2720 2836 2722 2837 2720 2720 2837 2835 
2807 2723 2805 2807 2837 2723 2837 2722 2723 
2724 2805 2723 2808 2805 2724 2725 2808 2724 
2810 2808 2725 2726 2810 2725 2812 2810 2726 
2727 2812 2726 2814 2812 2727 2728 2814 2727 
2816 2814 2728 2729 2816 2728 2818 2816 2729 
2709 2818 2729 2710 2730 2821 2731 2821 2730 
2823 2821 2731 2823 2838 2825 2823 2731 2838 
2731 2732 2838 2828 2733 2826 2828 2838 2733 
2838 2732 2733 2734 2826 2733 2829 2826 2734 
2713 2829 2734 2718 2736 2831 2738 2831 2736 
2833 2831 2738 2739 2839 2840 2738 2739 2840 
2738 2840 2834 2738 2834 2833 2840 2839 2841 
2740 2842 2741 2843 2842 2740 2843 2740 2844 
2844 2740 2742 2836 2742 2721 2844 2742 2836 
2739 2744 2839 2746 2845 2846 2744 2746 2846 
2744 2846 2841 2744 2841 2839 2846 2845 2847 
2842 2848 2747 2741 2842 2747 2849 2842 2843 
2849 2850 2842 2850 2848 2842 2850 2851 2852 
2849 2851 2850 2852 2853 2854 2851 2853 2852 
2854 2855 2856 2853 2855 2854 2855 2857 2856 
2845 2858 2859 2845 2746 2858 2746 2749 2858 
2847 2845 2859 2747 2848 2750 2752 2750 2848 
2850 2752 2848 2753 2752 2850 2852 2753 2850 
2754 2753 2852 2854 2754 2852 2756 2754 2854 
2856 2756 2854 2856 2857 2860 2856 2860 2756 
2756 2860 2758 2760 2861 2862 2760 2758 2861 
2758 2860 2861 2862 2863 2864 2861 2863 2862 
2863 2865 2864 2749 2762 2858 2858 2762 2866 
2760 2862 2763 2764 2763 2862 2864 2764 2862 
2766 2867 2868 2764 2867 2766 2764 2865 2867 
2764 2864 2865 2867 2869 2868 2768 2870 2871 
2767 2870 2768 2866 2762 2768 2871 2866 2768 
2766 2868 2769 2771 2872 2873 2769 2872 2771 
2769 2869 2872 2769 2868 2869 2872 2874 2873 
2875 2876 2877 2875 2878 2879 2877 2878 2875 
2879 2880 2881 2878 2880 2879 2881 2882 2883 
2880 2882 2881 2883 2773 2772 2883 2882 2773 
2882 2884 2773 2870 2767 2773 2884 2870 2773 
2771 2873 2774 2776 2885 2886 2774 2885 2776 
2774 2874 2885 2774 2873 2874 2885 2887 2886 
2888 2889 2890 2888 2779 2778 2888 2890 2779 
2890 2891 2779 2876 2875 2780 2876 2780 2891 
2891 2780 2779 2781 2780 2875 2879 2781 2875 
2782 2781 2879 2881 2782 2879 2784 2782 2881 
2883 2784 2881 2772 2784 2883 2776 2886 2785 
2787 2892 2893 2785 2892 2787 2785 2887 2892 
2785 2886 2887 2893 2894 2895 2892 2894 2893 
2895 2896 2897 2894 2896 2895 2897 2898 2899 
2896 2898 2897 2889 2899 2898 2888 2899 2889 
2888 2789 2899 2888 2790 2789 2778 2790 2888 
2787 2893 2791 2792 2791 2893 2895 2792 2893 
2793 2792 2895 2897 2793 2895 2794 2793 2897 
2899 2794 2897 2789 2794 2899 2900 2901 2902 
2901 2900 2903 2904 2905 2906 2904 2907 2908 
2905 2904 2908 2908 2907 2909 2910 2911 2912 
2910 2797 2796 2910 2796 2911 2911 2796 2913 
2799 2914 2796 2796 2914 2913 2801 2915 2799 
2799 2915 2914 2803 2916 2801 2801 2916 2915 
2804 2917 2918 2804 2918 2803 2803 2918 2916 
2917 2919 2920 2918 2917 2920 2919 2921 2922 
2920 2919 2922 2922 2921 2923 2924 2925 2926 
2927 2807 2806 2928 2925 2924 2929 2927 2806 
2929 2806 2930 2930 2806 2809 2902 2811 2900 
2902 2930 2811 2930 2809 2811 2900 2931 2903 
2900 2811 2931 2811 2813 2931 2815 2932 2813 
2813 2932 2931 2817 2933 2815 2815 2933 2932 
2906 2819 2904 2906 2933 2819 2933 2817 2819 
2820 2904 2819 2907 2904 2820 2907 2934 2909 
2907 2820 2934 2820 2822 2934 2824 2935 2822 
2822 2935 2934 2825 2936 2937 2825 2937 2824 
2824 2937 2935 2936 2828 2827 2936 2827 2937 
2937 2827 2938 2912 2830 2910 2912 2938 2830 
2938 2827 2830 2797 2910 2830 2804 2832 2917 
2834 2917 2832 2834 2939 2917 2939 2919 2917 
2921 2919 2940 2940 2919 2939 2941 2923 2921 
2940 2941 2921 2942 2943 2944 2942 2836 2835 
2942 2835 2943 2943 2835 2945 2926 2837 2924 
2926 2945 2837 2945 2835 2837 2924 2946 2928 
2924 2837 2946 2927 2946 2807 2807 2946 2837 
2929 2946 2927 2825 2838 2936 2828 2936 2838 
2834 2840 2939 2841 2939 2840 2841 2947 2939 
2947 2940 2939 2948 2941 2940 2947 2948 2940 
2844 2942 2944 2844 2944 2843 2843 2944 2949 
2836 2942 2844 2841 2846 2947 2947 2846 2847 
2947 2847 2948 2948 2847 2950 2843 2949 2951 
2849 2843 2951 2851 2849 2952 2849 2951 2952 
2853 2851 2953 2851 2952 2953 2855 2853 2954 
2853 2953 2954 2857 2955 2956 2857 2855 2955 
2855 2954 2955 2956 2957 2958 2955 2957 2956 
2957 2959 2958 2859 2960 2961 2858 2960 2859 
2950 2847 2859 2961 2950 2859 2857 2956 2860 
2861 2860 2956 2958 2861 2956 2958 2959 2962 
2958 2962 2861 2861 2962 2863 2865 2963 2964 
2865 2863 2963 2863 2962 2963 2963 2965 2964 
2858 2866 2960 2960 2866 2966 2865 2964 2867 
2869 2967 2968 2867 2967 2869 2867 2965 2967 
2867 2964 2965 2967 2969 2968 2970 2971 2972 
2970 2973 2974 2972 2973 2970 2974 2871 2870 
2974 2973 2871 2973 2975 2871 2966 2866 2871 
2975 2966 2871 2869 2968 2872 2874 2976 2977 
2872 2976 2874 2872 2969 2976 2872 2968 2969 
2976 2978 2977 2979 2980 2981 2979 2877 2876 
2979 2981 2877 2981 2982 2877 2878 2877 2983 
2877 2982 2983 2880 2878 2984 2878 2983 2984 
2971 2970 2882 2971 2882 2984 2984 2882 2880 
2884 2882 2970 2974 2884 2970 2870 2884 2974 
2874 2977 2885 2887 2985 2986 2885 2985 2887 
2885 2978 2985 2885 2977 2978 2986 2987 2988 
2985 2987 2986 2988 2989 2990 2987 2989 2988 
2990 2991 2992 2989 2991 2990 2992 2890 2889 
2992 2991 2890 2991 2993 2890 2980 2979 2891 
2980 2891 2993 2993 2891 2890 2876 2891 2979 
2887 2986 2892 2894 2892 2986 2988 2894 2986 
2896 2894 2988 2990 2896 2988 2898 2896 2990 
2992 2898 2990 2889 2898 2992 2901 2994 2995 
2902 2901 2995 2903 2996 2997 2903 2997 2901 
2901 2997 2994 2996 2998 2999 2997 2996 2999 
2998 3000 3001 2999 2998 3001 3000 2906 2905 
3000 2905 3001 3001 2905 3002 2908 3003 2905 
2905 3003 3002 2909 3004 3005 2909 3005 2908 
2908 3005 3003 3005 3004 3006 2911 3007 3008 
2912 2911 3008 2913 3009 2911 2911 3009 3007 
2914 3010 2913 2913 3010 3009 2915 3011 2914 
2914 3011 3010 2916 3012 2915 2915 3012 3011 
2918 3013 2916 2916 3013 3012 2920 3014 2918 
2918 3014 3013 2922 3015 2920 2920 3015 3014 
2923 3016 3017 2923 3017 2922 2922 3017 3015 
3017 3016 3018 2925 3019 3020 2926 2925 3020 
3019 2925 2928 3021 3019 2928 2930 3022 3023 
2929 2930 3023 2995 2930 2902 3022 2930 2995 
2903 2931 2996 2932 2996 2931 2998 2996 2932 
2933 2998 2932 3000 2998 2933 2906 3000 2933 
2909 2934 3004 3004 3024 3006 3004 2934 3024 
2934 2935 3024 2937 3025 2935 2935 3025 3024 
2938 3026 2937 2937 3026 3025 3008 2938 2912 
3026 2938 3008 3016 2941 3027 2923 2941 3016 
3028 3018 3016 3027 3028 3016 2943 3029 3030 
2944 2943 3030 2945 3031 2943 2943 3031 3029 
3020 2945 2926 3031 2945 3020 2928 3032 3021 
2946 3032 2928 3023 2946 2929 3032 2946 3023 
3027 2948 3033 2941 2948 3027 3034 3028 3027 
3033 3034 3027 3035 3036 2949 3035 2949 3030 
3030 2949 2944 3036 3037 3038 3035 3037 3036 
3038 3039 3040 3037 3039 3038 3040 3041 3042 
3039 3041 3040 3042 3043 3044 3041 3043 3042 
3044 3045 3046 3043 3045 3044 3045 3047 3046 
3033 3048 3049 3033 2948 3048 2948 2950 3048 
3034 3033 3049 2949 3036 2951 2952 2951 3036 
3038 2952 3036 2953 2952 3038 3040 2953 3038 
2954 2953 3040 3042 2954 3040 2955 2954 3042 
3044 2955 3042 2957 2955 3044 3046 2957 3044 
2959 3050 3051 2957 3050 2959 2957 3047 3050 
2957 3046 3047 3051 3052 3053 3050 3052 3051 
3052 3054 3053 2961 3055 3056 2960 3055 2961 
3048 2950 2961 3056 3048 2961 2959 3051 2962 
2963 2962 3051 3053 2963 3051 2965 3057 3058 
2963 3057 2965 2963 3054 3057 2963 3053 3054 
3057 3059 3058 3060 3061 3062 3060 3063 3064 
3062 3063 3060 3064 3063 3055 3064 3055 2966 
2966 3055 2960 2965 3058 2967 2969 3065 3066 
2967 3065 2969 2967 3059 3065 2967 3058 3059 
3065 3067 3066 3068 3069 3070 3068 3071 3072 
3070 3071 3068 3072 2972 2971 3072 3071 2972 
3071 3073 2972 3061 3060 2973 3061 2973 3073 
3073 2973 2972 2975 2973 3060 3064 2975 3060 
2966 2975 3064 2969 3066 2976 2978 3074 3075 
2976 3074 2978 2976 3067 3074 2976 3066 3067 
3075 3076 3077 3074 3076 3075 3076 3078 3077 
3079 3080 3081 3079 2981 2980 3079 3081 2981 
3081 3082 2981 2982 2981 3083 2981 3082 3083 
3069 3068 2983 3069 2983 3083 3083 2983 2982 
2984 2983 3068 3072 2984 3068 2971 2984 3072 
2978 3075 2985 2987 2985 3075 3077 2987 3075 
3077 3078 3084 3077 3084 2987 2987 3084 2989 
2991 2989 3085 2989 3084 3085 3080 3079 2993 
3080 2993 3085 3085 2993 2991 2980 2993 3079 
3086 3087 3088 3086 3089 3090 3087 3086 3090 
3089 3091 3092 3090 3089 3092 3091 3093 3094 
3092 3091 3094 3093 3095 3096 3094 3093 3096 
3095 3097 3098 3096 3095 3098 3097 3099 3100 
3098 3097 3100 3100 3099 3101 3102 3103 3104 
3102 3105 3106 3103 3102 3106 3105 3107 3108 
3106 3105 3108 3107 3109 3110 3108 3107 3110 
3109 3111 3112 3110 3109 3112 3111 3113 3114 
3112 3111 3114 3113 3115 3116 3114 3113 3116 
3116 3115 3117 3118 3119 3120 3088 3119 3118 
3086 3088 3118 3086 3118 2995 3086 2995 2994 
2997 3086 2994 3089 3086 2997 2999 3089 2997 
3091 3089 2999 3001 3091 2999 3093 3091 3001 
3002 3093 3001 3095 3093 3002 3003 3095 3002 
3097 3095 3003 3005 3097 3003 3099 3097 3005 
3006 3121 3122 3005 3006 3122 3005 3122 3101 
3005 3101 3099 3121 3123 3124 3122 3121 3124 
3123 3125 3126 3124 3123 3126 3125 3008 3007 
3125 3007 3126 3126 3007 3127 3009 3128 3007 
3007 3128 3127 3104 3010 3102 3104 3128 3010 
3128 3009 3010 3011 3102 3010 3105 3102 3011 
3012 3105 3011 3107 3105 3012 3013 3107 3012 
3109 3107 3013 3014 3109 3013 3111 3109 3014 
3015 3111 3014 3113 3111 3015 3017 3113 3015 
3115 3113 3017 3018 3129 3130 3017 3018 3130 
3017 3130 3117 3017 3117 3115 3130 3129 3131 
3019 3132 3133 3020 3019 3133 3021 3134 3135 
3021 3135 3019 3019 3135 3132 3120 3135 3134 
3118 3120 3134 3118 3134 3023 3118 3023 3022 
2995 3118 3022 3006 3024 3121 3025 3121 3024 
3123 3121 3025 3026 3123 3025 3125 3123 3026 
3008 3125 3026 3129 3028 3136 3018 3028 3129 
3137 3131 3129 3136 3137 3129 3029 3138 3030 
3029 3031 3139 3138 3029 3139 3031 3140 3139 
3031 3020 3140 3020 3133 3140 3021 3032 3134 
3023 3134 3032 3136 3141 3142 3136 3028 3141 
3028 3034 3141 3137 3136 3142 3030 3138 3035 
3037 3035 3138 3139 3037 3138 3139 3140 3143 
3139 3143 3037 3037 3143 3039 3041 3039 3144 
3039 3143 3144 3043 3041 3145 3041 3144 3145 
3045 3043 3146 3043 3145 3146 3047 3147 3148 
3047 3045 3147 3045 3146 3147 3147 3149 3148 
3049 3150 3151 3048 3150 3049 3141 3034 3049 
3151 3141 3049 3047 3148 3050 3148 3149 3152 
3148 3152 3050 3050 3152 3052 3054 3153 3154 
3054 3052 3153 3052 3152 3153 3153 3155 3154 
3156 3157 3158 3156 3159 3160 3158 3159 3156 
3160 3056 3055 3160 3159 3056 3159 3161 3056 
3150 3048 3056 3161 3150 3056 3054 3154 3057 
3059 3162 3163 3057 3162 3059 3057 3155 3162 
3057 3154 3155 3162 3164 3163 3165 3166 3167 
3165 3168 3169 3167 3168 3165 3169 3170 3171 
3168 3170 3169 3157 3171 3170 3156 3171 3157 
3156 3061 3171 3156 3062 3061 3063 3062 3156 
3160 3063 3156 3055 3063 3160 3059 3163 3065 
3067 3172 3173 3065 3172 3067 3065 3164 3172 
3065 3163 3164 3172 3174 3173 3175 3176 3177 
3166 3175 3177 3165 3175 3166 3165 3069 3175 
3165 3070 3069 3071 3070 3165 3169 3071 3165 
3073 3071 3169 3171 3073 3169 3061 3073 3171 
3067 3173 3074 3173 3174 3178 3173 3178 3074 
3074 3178 3076 3078 3179 3180 3078 3076 3179 
3076 3178 3179 3180 3181 3182 3179 3181 3180 
3182 3081 3080 3182 3181 3081 3181 3183 3081 
3082 3081 3184 3081 3183 3184 3176 3175 3083 
3176 3083 3184 3184 3083 3082 3069 3083 3175 
3078 3180 3084 3085 3084 3180 3182 3085 3180 
3080 3085 3182 3185 3186 3187 3185 3188 3189 
3186 3185 3189 3188 3190 3191 3189 3188 3191 
3190 3192 3193 3191 3190 3193 3192 3194 3195 
3193 3192 3195 3194 3196 3197 3195 3194 3197 
3197 3196 3198 3199 3200 3201 3199 3202 3203 
3200 3199 3203 3202 3204 3205 3203 3202 3205 
3204 3206 3207 3205 3204 3207 3206 3208 3209 
3207 3206 3209 3208 3210 3211 3209 3208 3211 
3211 3210 3212 3087 3213 3088 3185 3187 3214 
3185 3214 3087 3185 3087 3090 3213 3087 3214 
3092 3185 3090 3188 3185 3092 3094 3188 3092 
3190 3188 3094 3096 3190 3094 3192 3190 3096 
3098 3192 3096 3194 3192 3098 3100 3194 3098 
3196 3194 3100 3101 3215 3216 3100 3101 3216 
3100 3216 3198 3100 3198 3196 3215 3217 3218 
3216 3215 3218 3217 3219 3220 3218 3217 3220 
3219 3221 3222 3220 3219 3222 3221 3223 3224 
3222 3221 3224 3223 3104 3103 3223 3103 3224 
3224 3103 3225 3201 3106 3199 3201 3225 3106 
3225 3103 3106 3108 3199 3106 3202 3199 3108 
3110 3202 3108 3204 3202 3110 3112 3204 3110 
3206 3204 3112 3114 3206 3112 3208 3206 3114 
3116 3208 3114 3210 3208 3116 3117 3226 3227 
3116 3117 3227 3116 3227 3212 3116 3212 3210 
3227 3226 3228 3119 3229 3120 3119 3230 3229 
3088 3230 3119 3088 3231 3230 3088 3213 3231 
3214 3231 3213 3101 3122 3215 3124 3215 3122 
3217 3215 3124 3126 3217 3124 3219 3217 3126 
3127 3219 3126 3221 3219 3127 3128 3221 3127 
3223 3221 3128 3104 3223 3128 3117 3130 3226 
3131 3232 3233 3130 3131 3233 3130 3233 3228 
3130 3228 3226 3233 3232 3234 3132 3235 3236 
3133 3132 3236 3135 3237 3132 3132 3237 3235 
3229 3135 3120 3229 3238 3135 3238 3237 3135 
3230 3238 3229 3232 3239 3240 3232 3131 3239 
3131 3137 3239 3234 3232 3240 3241 3242 3140 
3241 3140 3236 3236 3140 3133 3242 3243 3244 
3241 3243 3242 3244 3245 3246 3243 3245 3244 
3246 3247 3248 3245 3247 3246 3247 3249 3248 
3142 3250 3251 3141 3250 3142 3239 3137 3142 
3251 3239 3142 3140 3242 3143 3144 3143 3242 
3244 3144 3242 3145 3144 3244 3246 3145 3244 
3146 3145 3246 3248 3146 3246 3248 3249 3252 
3248 3252 3146 3146 3252 3147 3149 3253 3254 
3149 3147 3253 3147 3252 3253 3254 3255 3256 
3253 3255 3254 3255 3257 3256 3258 3259 3260 
3258 3261 3262 3260 3261 3258 3262 3263 3264 
3261 3263 3262 3264 3151 3150 3264 3263 3151 
3263 3265 3151 3250 3141 3151 3265 3250 3151 
3149 3254 3152 3153 3152 3254 3256 3153 3254 
3155 3266 3267 3153 3266 3155 3153 3257 3266 
3153 3256 3257 3266 3268 3267 3269 3270 3271 
3269 3272 3273 3271 3272 3269 3259 3273 3272 
3258 3273 3259 3258 3157 3273 3258 3158 3157 
3159 3158 3258 3262 3159 3258 3161 3159 3262 
3264 3161 3262 3150 3161 3264 3155 3267 3162 
3164 3274 3275 3162 3274 3164 3162 3268 3274 
3162 3267 3268 3274 3276 3275 3167 3277 3278 
3166 3277 3167 3270 3269 3168 3270 3168 3278 
3278 3168 3167 3170 3168 3269 3273 3170 3269 
3157 3170 3273 3164 3275 3172 3174 3279 3280 
3172 3279 3174 3172 3276 3279 3172 3275 3276 
3280 3281 3282 3279 3281 3280 3282 3283 3284 
3281 3283 3282 3284 3285 3286 3283 3285 3284 
3286 3287 3288 3285 3287 3286 3288 3177 3176 
3288 3287 3177 3287 3289 3177 3277 3166 3177 
3289 3277 3177 3174 3280 3178 3179 3178 3280 
3282 3179 3280 3181 3179 3282 3284 3181 3282 
3183 3181 3284 3286 3183 3284 3184 3183 3286 
3288 3184 3286 3176 3184 3288 3290 3291 3292 
3290 3293 3294 3291 3290 3294 3293 3295 3296 
3294 3293 3296 3295 3297 3298 3296 3295 3298 
3297 3299 3300 3298 3297 3300 3300 3299 3301 
3302 3303 3304 3302 3305 3306 3303 3302 3306 
3305 3307 3308 3306 3305 3308 3307 3309 3310 
3308 3307 3310 3309 3311 3312 3310 3309 3312 
3311 3313 3314 3312 3311 3314 3313 3315 3316 
3314 3313 3316 3316 3315 3317 3186 3318 3187 
3319 3318 3186 3319 3186 3320 3320 3186 3189 
3292 3191 3290 3292 3320 3191 3320 3189 3191 
3193 3290 3191 3293 3290 3193 3195 3293 3193 
3295 3293 3195 3197 3295 3195 3297 3295 3197 
3198 3297 3197 3198 3321 3297 3321 3299 3297 
3322 3301 3299 3322 3299 3323 3323 3299 3321 
3323 3324 3325 3322 3323 3325 3324 3326 3327 
3325 3324 3327 3326 3328 3329 3327 3326 3329 
3328 3330 3331 3329 3328 3331 3304 3331 3330 
3302 3304 3330 3302 3330 3201 3302 3201 3200 
3203 3302 3200 3305 3302 3203 3205 3305 3203 
3307 3305 3205 3207 3307 3205 3309 3307 3207 
3209 3309 3207 3311 3309 3209 3211 3311 3209 
3313 3311 3211 3212 3313 3211 3212 3332 3313 
3332 3315 3313 3333 3317 3315 3333 3315 3334 
3334 3315 3332 3333 3334 3335 3318 3336 3337 
3318 3337 3187 3187 3337 3214 3319 3336 3318 
3198 3216 3321 3218 3321 3216 3323 3321 3218 
3220 3323 3218 3324 3323 3220 3222 3324 3220 
3326 3324 3222 3224 3326 3222 3328 3326 3224 
3225 3328 3224 3330 3328 3225 3201 3330 3225 
3212 3227 3332 3228 3332 3227 3228 3338 3332 
3338 3334 3332 3339 3335 3334 3339 3334 3340 
3340 3334 3338 3339 3340 3341 3231 3342 3343 
3230 3231 3343 3337 3231 3214 3342 3231 3337 
3228 3233 3338 3344 3340 3338 3344 3338 3234 
3344 3234 3345 3233 3234 3338 3341 3340 3344 
3235 3346 3236 3347 3346 3235 3347 3235 3348 
3348 3235 3237 3238 3349 3237 3237 3349 3348 
3343 3238 3230 3349 3238 3343 3240 3350 3351 
3239 3350 3240 3345 3234 3240 3351 3345 3240 
3236 3346 3241 3346 3347 3352 3346 3352 3241 
3241 3352 3243 3245 3243 3353 3243 3352 3353 
3247 3245 3354 3245 3353 3354 3249 3355 3356 
3249 3247 3355 3247 3354 3355 3355 3357 3356 
3358 3359 3360 3358 3361 3362 3360 3361 3358 
3362 3363 3364 3361 3363 3362 3364 3251 3250 
3364 3363 3251 3363 3365 3251 3350 3239 3251 
3365 3350 3251 3249 3356 3252 3356 3357 3366 
3356 3366 3252 3252 3366 3253 3255 3253 3367 
3253 3366 3367 3257 3368 3369 3257 3255 3368 
3255 3367 3368 3368 3370 3369 3371 3372 3373 
3371 3260 3259 3371 3373 3260 3373 3374 3260 
3359 3358 3261 3359 3261 3374 3374 3261 3260 
3263 3261 3358 3362 3263 3358 3265 3263 3362 
3364 3265 3362 3250 3265 3364 3257 3369 3266 
3268 3375 3376 3266 3375 3268 3266 3370 3375 
3266 3369 3370 3376 3377 3378 3375 3377 3376 
3377 3379 3378 3380 3381 3382 3380 3271 3270 
3380 3382 3271 3382 3383 3271 3372 3371 3272 
3372 3272 3383 3383 3272 3271 3259 3272 3371 
3268 3376 3274 3276 3274 3376 3276 3376 3384 
3384 3376 3378 3385 3378 3379 3385 3386 3378 
3386 3384 3378 3386 3387 3388 3385 3387 3386 
3388 3389 3390 3387 3389 3388 3390 3391 3392 
3389 3391 3390 3392 3393 3394 3391 3393 3392 
3381 3394 3393 3380 3394 3381 3380 3277 3394 
3380 3278 3277 3270 3278 3380 3276 3384 3279 
3281 3279 3384 3386 3281 3384 3283 3281 3386 
3388 3283 3386 3285 3283 3388 3390 3285 3388 
3287 3285 3390 3392 3287 3390 3289 3287 3392 
3394 3289 3392 3277 3289 3394 3395 3396 3397 
3396 3395 3398 3395 3397 3399 3398 3395 3399 
3400 3401 3402 3400 3403 3404 3401 3400 3404 
3403 3405 3406 3404 3403 3406 3405 3407 3408 
3406 3405 3408 3407 3409 3410 3408 3407 3410 
3409 3411 3412 3410 3409 3412 3412 3411 3413 
3414 3415 3416 3414 3417 3418 3415 3414 3418 
3417 3419 3420 3418 3417 3420 3420 3419 3421 
3422 3400 3402 3423 3422 3402 3403 3400 3424 
3424 3400 3422 3405 3403 3425 3425 3403 3424 
3407 3405 3426 3426 3405 3425 3409 3407 3427 
3427 3407 3426 3411 3409 3428 3428 3409 3427 
3429 3413 3411 3429 3411 3430 3430 3411 3428 
3430 3431 3432 3429 3430 3432 3431 3433 3434 
3432 3431 3434 3433 3435 3436 3434 3433 3436 
3435 3437 3438 3436 3435 3438 3416 3438 3437 
3416 3437 3414 3414 3437 3439 3417 3414 3440 
3440 3414 3439 3419 3417 3441 3441 3417 3440 
3442 3421 3419 3442 3419 3443 3443 3419 3441 
3443 3444 3445 3442 3443 3445 3444 3446 3447 
3445 3444 3447 3447 3446 3448 3291 3449 3450 
3292 3291 3450 3423 3294 3422 3423 3449 3294 
3449 3291 3294 3296 3422 3294 3424 3422 3296 
3298 3424 3296 3425 3424 3298 3300 3425 3298 
3426 3425 3300 3301 3426 3300 3301 3451 3426 
3451 3427 3426 3428 3427 3452 3452 3427 3451 
3430 3428 3453 3453 3428 3452 3431 3430 3454 
3454 3430 3453 3433 3431 3455 3455 3431 3454 
3303 3455 3304 3303 3435 3455 3435 3433 3455 
3306 3435 3303 3437 3435 3306 3308 3437 3306 
3439 3437 3308 3310 3439 3308 3440 3439 3310 
3312 3440 3310 3441 3440 3312 3314 3441 3312 
3443 3441 3314 3316 3443 3314 3444 3443 3316 
3317 3444 3316 3317 3456 3444 3456 3446 3444 
3457 3448 3446 3457 3446 3458 3458 3446 3456 
3458 3459 3460 3457 3458 3460 3460 3459 3461 
3320 3462 3463 3319 3320 3463 3450 3320 3292 
3462 3320 3450 3301 3322 3451 3325 3451 3322 
3452 3451 3325 3327 3452 3325 3453 3452 3327 
3329 3453 3327 3454 3453 3329 3331 3454 3329 
3455 3454 3331 3304 3455 3331 3317 3333 3456 
3335 3456 3333 3335 3464 3456 3464 3458 3456 
3465 3466 3459 3465 3459 3464 3464 3459 3458 
3461 3459 3466 3336 3467 3468 3337 3336 3468 
3463 3336 3319 3467 3336 3463 3335 3339 3464 
3464 3339 3341 3464 3341 3465 3465 3341 3469 
3342 3470 3471 3343 3342 3471 3468 3342 3337 
3470 3342 3468 3344 3472 3473 3345 3472 3344 
3469 3341 3344 3473 3469 3344 3348 3474 3347 
3348 3349 3475 3474 3348 3475 3476 3343 3471 
3476 3475 3343 3476 3477 3475 3475 3349 3343 
3476 3478 3477 3479 3480 3481 3479 3482 3483 
3481 3482 3479 3483 3484 3485 3482 3484 3483 
3485 3351 3350 3485 3484 3351 3484 3486 3351 
3472 3345 3351 3486 3472 3351 3347 3474 3352 
3353 3352 3474 3475 3353 3474 3354 3353 3475 
3477 3354 3475 3477 3478 3487 3477 3487 3354 
3354 3487 3355 3357 3488 3489 3357 3355 3488 
3355 3487 3488 3489 3490 3491 3488 3490 3489 
3490 3492 3491 3493 3494 3495 3493 3360 3359 
3493 3495 3360 3495 3496 3360 3480 3479 3361 
3480 3361 3496 3496 3361 3360 3363 3361 3479 
3483 3363 3479 3365 3363 3483 3485 3365 3483 
3350 3365 3485 3357 3489 3366 3367 3366 3489 
3491 3367 3489 3491 3492 3497 3491 3497 3367 
3367 3497 3368 3370 3498 3499 3370 3368 3498 
3368 3497 3498 3499 3500 3501 3498 3500 3499 
3500 3502 3501 3503 3504 3505 3503 3506 3507 
3505 3506 3503 3507 3373 3372 3507 3506 3373 
3506 3508 3373 3494 3493 3374 3494 3374 3508 
3508 3374 3373 3359 3374 3493 3370 3499 3375 
3377 3375 3499 3501 3377 3499 3379 3509 3510 
3377 3509 3379 3377 3502 3509 3377 3501 3502 
3510 3511 3512 3509 3511 3510 3512 3513 3514 
3511 3513 3512 3514 3515 3516 3513 3515 3514 
3516 3517 3518 3515 3517 3516 3504 3518 3517 
3503 3518 3504 3503 3381 3518 3503 3382 3381 
3383 3382 3503 3507 3383 3503 3372 3383 3507 
3379 3510 3385 3387 3385 3510 3512 3387 3510 
3389 3387 3512 3514 3389 3512 3391 3389 3514 
3516 3391 3514 3393 3391 3516 3518 3393 3516 
3381 3393 3518 3519 3520 3521 3519 3522 3523 
3520 3519 3523 3522 3524 3525 3523 3522 3525 
3524 3526 3527 3525 3524 3527 3526 3528 3529 
3527 3526 3529 3529 3528 3530 3531 3532 3533 
3531 3534 3535 3532 3531 3535 3534 3536 3537 
3535 3534 3537 3536 3538 3539 3537 3536 3539 
3538 3540 3541 3539 3538 3541 3540 3542 3543 
3541 3540 3543 3542 3544 3545 3543 3542 3545 
3544 3546 3547 3545 3544 3547 3546 3397 3396 
3546 3396 3547 3547 3396 3548 3548 3396 3398 
3549 3548 3398 3550 3519 3521 3551 3550 3521 
3522 3519 3552 3552 3519 3550 3524 3522 3553 
3553 3522 3552 3526 3524 3554 3554 3524 3553 
3528 3526 3555 3555 3526 3554 3556 3530 3528 
3556 3528 3557 3557 3528 3555 3557 3558 3559 
3556 3557 3559 3533 3559 3558 3533 3558 3531 
3531 3558 3560 3534 3531 3561 3561 3531 3560 
3536 3534 3562 3562 3534 3561 3538 3536 3563 
3563 3536 3562 3540 3538 3564 3564 3538 3563 
3542 3540 3565 3565 3540 3564 3544 3542 3566 
3566 3542 3565 3546 3544 3567 3567 3544 3566 
3397 3546 3567 3397 3567 3568 3397 3568 3399 
3568 3567 3569 3549 3398 3399 3568 3549 3399 
3401 3570 3402 3571 3570 3401 3571 3401 3572 
3572 3401 3404 3551 3406 3550 3551 3572 3406 
3572 3404 3406 3408 3550 3406 3552 3550 3408 
3410 3552 3408 3553 3552 3410 3412 3553 3410 
3554 3553 3412 3413 3554 3412 3413 3573 3554 
3573 3555 3554 3557 3555 3574 3574 3555 3573 
3558 3557 3575 3575 3557 3574 3560 3558 3576 
3576 3558 3575 3561 3560 3577 3577 3560 3576 
3415 3577 3416 3415 3562 3577 3562 3561 3577 
3418 3562 3415 3563 3562 3418 3420 3563 3418 
3564 3563 3420 3421 3564 3420 3421 3578 3564 
3578 3565 3564 3566 3565 3579 3579 3565 3578 
3580 3581 3567 3580 3567 3579 3579 3567 3566 
3569 3567 3581 3570 3582 3583 3570 3583 3402 
3402 3583 3423 3571 3582 3570 3413 3429 3573 
3432 3573 3429 3574 3573 3432 3434 3574 3432 
3575 3574 3434 3436 3575 3434 3576 3575 3436 
3438 3576 3436 3577 3576 3438 3416 3577 3438 
3421 3442 3578 3445 3578 3442 3579 3578 3445 
3579 3584 3580 3579 3445 3584 3445 3447 3584 
3448 3585 3586 3448 3586 3447 3447 3586 3584 
3586 3585 3587 3449 3588 3589 3450 3449 3589 
3583 3449 3423 3588 3449 3583 3448 3457 3585 
3585 3590 3587 3585 3457 3590 3457 3460 3590 
3590 3460 3461 3591 3590 3461 3462 3592 3593 
3463 3462 3593 3589 3462 3450 3592 3462 3589 
3466 3594 3595 3465 3594 3466 3591 3461 3466 
3595 3591 3466 3467 3596 3597 3468 3467 3597 
3593 3467 3463 3596 3467 3593 3598 3599 3600 
3598 3600 3594 3598 3594 3469 3469 3594 3465 
3470 3601 3602 3471 3470 3602 3597 3470 3468 
3601 3470 3597 3603 3604 3605 3603 3606 3607 
3605 3606 3603 3606 3608 3607 3609 3610 3611 
3599 3609 3611 3598 3609 3599 3598 3472 3609 
3598 3473 3472 3469 3473 3598 3471 3602 3612 
3476 3471 3612 3478 3613 3614 3478 3476 3613 
3476 3612 3613 3613 3615 3614 3616 3617 3618 
3616 3619 3620 3618 3619 3616 3604 3620 3619 
3603 3620 3604 3603 3480 3620 3603 3481 3480 
3482 3481 3603 3607 3482 3603 3607 3608 3621 
3607 3621 3482 3482 3621 3484 3610 3609 3486 
3610 3486 3621 3621 3486 3484 3472 3486 3609 
3478 3614 3487 3614 3615 3622 3614 3622 3487 
3487 3622 3488 3490 3488 3623 3488 3622 3623 
3492 3624 3625 3492 3490 3624 3490 3623 3624 
3625 3626 3627 3624 3626 3625 3627 3628 3629 
3626 3628 3627 3629 3630 3631 3628 3630 3629 
3630 3632 3631 3633 3634 3635 3617 3633 3635 
3616 3633 3617 3616 3494 3633 3616 3495 3494 
3496 3495 3616 3620 3496 3616 3480 3496 3620 
3492 3625 3497 3498 3497 3625 3627 3498 3625 
3500 3498 3627 3629 3500 3627 3502 3500 3629 
3502 3629 3636 3636 3629 3631 3637 3631 3632 
3637 3638 3631 3638 3636 3631 3638 3639 3640 
3637 3639 3638 3640 3641 3642 3639 3641 3640 
3642 3643 3644 3641 3643 3642 3644 3505 3504 
3644 3643 3505 3643 3645 3505 3506 3505 3646 
3505 3645 3646 3634 3633 3508 3634 3508 3646 
3646 3508 3506 3494 3508 3633 3502 3636 3509 
3511 3509 3636 3638 3511 3636 3513 3511 3638 
3640 3513 3638 3515 3513 3640 3642 3515 3640 
3517 3515 3642 3644 3517 3642 3504 3517 3644 
3647 3648 3649 3647 3650 3651 3648 3647 3651 
3651 3650 3652 3653 3654 3655 3649 3654 3653 
3649 3653 3647 3647 3653 3656 3650 3647 3657 
3657 3647 3656 3658 3652 3650 3658 3650 3659 
3659 3650 3657 3658 3659 3660 3661 3653 3655 
3662 3661 3655 3656 3653 3663 3663 3653 3661 
3657 3656 3664 3664 3656 3663 3659 3657 3665 
3665 3657 3664 3666 3660 3659 3665 3666 3659 
3667 3668 3669 3667 3670 3671 3668 3667 3671 
3662 3671 3670 3662 3670 3661 3661 3670 3672 
3663 3661 3673 3673 3661 3672 3664 3663 3674 
3674 3663 3673 3665 3664 3675 3675 3664 3674 
3676 3666 3665 3676 3665 3677 3677 3665 3675 
3677 3678 3679 3676 3677 3679 3679 3678 3680 
3681 3682 3683 3669 3682 3681 3669 3681 3667 
3667 3681 3684 3670 3667 3685 3685 3667 3684 
3672 3670 3686 3686 3670 3685 3673 3672 3687 
3687 3672 3686 3674 3673 3688 3688 3673 3687 
3675 3674 3689 3689 3674 3688 3677 3675 3690 
3690 3675 3689 3678 3677 3691 3691 3677 3690 
3692 3680 3678 3691 3692 3678 3520 3693 3521 
3681 3683 3694 3681 3694 3520 3681 3520 3523 
3693 3520 3694 3525 3681 3523 3684 3681 3525 
3527 3684 3525 3685 3684 3527 3529 3685 3527 
3686 3685 3529 3530 3686 3529 3530 3695 3686 
3695 3687 3686 3688 3687 3696 3696 3687 3695 
3532 3696 3533 3532 3689 3696 3689 3688 3696 
3535 3689 3532 3690 3689 3535 3537 3690 3535 
3691 3690 3537 3691 3697 3692 3691 3537 3697 
3537 3539 3697 3698 3699 3697 3698 3697 3541 
3541 3697 3539 3541 3543 3700 3698 3541 3700 
3543 3545 3701 3700 3543 3701 3545 3547 3702 
3701 3545 3702 3547 3548 3703 3702 3547 3703 
3548 3549 3703 3693 3704 3705 3693 3705 3521 
3521 3705 3551 3694 3704 3693 3530 3556 3695 
3559 3695 3556 3696 3695 3559 3533 3696 3559 
3706 3707 3708 3699 3706 3708 3699 3698 3706 
3698 3709 3706 3700 3710 3698 3710 3709 3698 
3701 3711 3700 3711 3710 3700 3702 3712 3701 
3712 3711 3701 3568 3569 3712 3568 3712 3703 
3703 3712 3702 3549 3568 3703 3572 3713 3714 
3571 3572 3714 3705 3572 3551 3713 3572 3705 
3706 3715 3707 3709 3715 3706 3716 3715 3709 
3716 3717 3718 3716 3709 3717 3709 3710 3717 
3711 3719 3710 3719 3717 3710 3581 3580 3719 
3581 3719 3712 3712 3719 3711 3569 3581 3712 
3582 3720 3721 3583 3582 3721 3714 3582 3571 
3720 3582 3714 3717 3722 3718 3719 3722 3717 
3723 3722 3719 3724 3725 3723 3584 3724 3723 
3584 3723 3719 3584 3719 3580 3584 3586 3726 
3724 3584 3726 3586 3587 3726 3588 3727 3728 
3589 3588 3728 3721 3588 3583 3727 3588 3721 
3729 3725 3724 3730 3725 3729 3726 3731 3724 
3731 3729 3724 3587 3590 3732 3587 3732 3726 
3726 3732 3731 3590 3591 3732 3592 3733 3734 
3593 3592 3734 3728 3592 3589 3733 3592 3728 
3729 3735 3730 3731 3735 3729 3736 3735 3731 
3595 3594 3737 3595 3737 3731 3595 3731 3732 
3731 3737 3736 3591 3595 3732 3596 3738 3739 
3597 3596 3739 3734 3596 3593 3738 3596 3734 
3740 3741 3742 3740 3743 3744 3742 3743 3740 
3744 3745 3746 3743 3745 3744 3746 3747 3748 
3745 3747 3746 3748 3600 3599 3748 3747 3600 
3747 3749 3600 3737 3594 3600 3749 3737 3600 
3601 3750 3602 3601 3751 3750 3601 3597 3751 
3597 3739 3751 3752 3753 3754 3752 3755 3756 
3754 3755 3752 3741 3756 3755 3740 3756 3741 
3740 3604 3756 3740 3605 3604 3606 3605 3740 
3744 3606 3740 3608 3606 3744 3608 3744 3757 
3757 3744 3746 3611 3610 3757 3611 3757 3748 
3748 3757 3746 3599 3611 3748 3602 3750 3612 
3750 3751 3758 3750 3758 3612 3612 3758 3613 
3615 3759 3760 3615 3613 3759 3613 3758 3759 
3760 3761 3762 3759 3761 3760 3762 3763 3764 
3761 3763 3762 3764 3765 3766 3763 3765 3764 
3766 3767 3768 3765 3767 3766 3768 3769 3770 
3767 3769 3768 3770 3771 3772 3769 3771 3770 
3771 3773 3772 3774 3775 3776 3774 3777 3778 
3776 3777 3774 3753 3778 3777 3752 3778 3753 
3752 3617 3778 3752 3618 3617 3619 3618 3752 
3756 3619 3752 3604 3619 3756 3608 3757 3621 
3610 3621 3757 3615 3760 3622 3623 3622 3760 
3762 3623 3760 3624 3623 3762 3764 3624 3762 
3626 3624 3764 3766 3626 3764 3628 3626 3766 
3768 3628 3766 3630 3628 3768 3770 3630 3768 
3632 3630 3770 3632 3770 3779 3779 3770 3772 
3780 3772 3773 3780 3781 3772 3781 3779 3772 
3781 3782 3783 3780 3782 3781 3783 3784 3785 
3782 3784 3783 3785 3786 3787 3784 3786 3785 
3775 3787 3786 3775 3774 3787 3774 3788 3787 
3635 3634 3788 3635 3788 3778 3778 3788 3774 
3617 3635 3778 3632 3779 3637 3639 3637 3779 
3781 3639 3779 3641 3639 3781 3783 3641 3781 
3643 3641 3783 3785 3643 3783 3645 3643 3785 
3787 3645 3785 3646 3645 3787 3788 3646 3787 
3634 3646 3788 3789 3790 3791 3789 3792 3793 
3790 3789 3793 3793 3792 3794 3795 3789 3791 
3796 3795 3791 3648 3795 3649 3648 3792 3795 
3792 3789 3795 3792 3797 3794 3792 3648 3797 
3648 3651 3797 3797 3651 3652 3798 3797 3652 
3799 3800 3801 3796 3800 3799 3795 3796 3799 
3795 3799 3655 3795 3655 3654 3649 3795 3654 
3652 3802 3798 3658 3802 3652 3802 3658 3660 
3803 3802 3660 3804 3805 3806 3801 3805 3804 
3801 3804 3799 3799 3804 3807 3655 3807 3662 
3799 3807 3655 3660 3666 3803 3803 3666 3808 
3668 3804 3806 3668 3806 3669 3669 3806 3809 
3671 3804 3668 3807 3804 3671 3662 3807 3671 
3666 3810 3808 3676 3810 3666 3679 3811 3676 
3676 3811 3810 3811 3679 3680 3812 3811 3680 
3682 3813 3814 3683 3682 3814 3809 3682 3669 
3813 3682 3809 3680 3692 3812 3812 3692 3815 
3683 3814 3694 3814 3816 3694 3817 3692 3697 
3817 3818 3692 3818 3815 3692 3697 3699 3817 
3704 3819 3820 3705 3704 3820 3816 3704 3694 
3819 3704 3816 3821 3822 3823 3818 3821 3823 
3817 3821 3818 3817 3707 3821 3817 3708 3707 
3699 3708 3817 3713 3824 3825 3714 3713 3825 
3820 3713 3705 3824 3713 3820 3826 3822 3821 
3827 3822 3826 3707 3715 3828 3707 3828 3821 
3821 3828 3826 3715 3716 3829 3828 3715 3829 
3716 3718 3829 3720 3830 3831 3721 3720 3831 
3825 3720 3714 3830 3720 3825 3826 3832 3827 
3828 3832 3826 3833 3832 3828 3829 3833 3828 
3834 3833 3829 3835 3836 3834 3722 3835 3834 
3722 3834 3829 3722 3829 3718 3722 3723 3837 
3835 3722 3837 3723 3725 3837 3727 3838 3839 
3728 3727 3839 3831 3727 3721 3838 3727 3831 
3840 3836 3835 3841 3836 3840 3837 3842 3835 
3842 3840 3835 3725 3730 3842 3837 3725 3842 
3733 3843 3844 3734 3733 3844 3839 3733 3728 
3843 3733 3839 3845 3846 3847 3845 3848 3849 
3847 3848 3845 3841 3849 3848 3841 3840 3849 
3840 3850 3849 3842 3851 3840 3851 3850 3840 
3730 3735 3852 3730 3852 3842 3842 3852 3851 
3735 3736 3853 3852 3735 3853 3736 3737 3853 
3738 3854 3855 3739 3738 3855 3844 3738 3734 
3854 3738 3844 3856 3857 3858 3856 3859 3860 
3858 3859 3856 3860 3861 3862 3859 3861 3860 
3846 3862 3861 3846 3845 3862 3845 3863 3862 
3742 3741 3863 3742 3863 3849 3849 3863 3845 
3743 3742 3849 3850 3743 3849 3745 3743 3850 
3851 3745 3850 3747 3745 3851 3852 3747 3851 
3749 3747 3852 3853 3749 3852 3737 3749 3853 
3864 3865 3751 3864 3751 3855 3855 3751 3739 
3865 3866 3867 3864 3866 3865 3867 3868 3869 
3866 3868 3867 3869 3870 3871 3868 3870 3869 
3870 3872 3871 3873 3874 3875 3873 3876 3877 
3875 3876 3873 3877 3878 3879 3876 3878 3877 
3879 3880 3881 3878 3880 3879 3881 3882 3883 
3880 3882 3881 3857 3883 3882 3857 3856 3883 
3856 3884 3883 3860 3885 3856 3885 3884 3856 
3754 3753 3885 3754 3885 3862 3862 3885 3860 
3755 3754 3862 3863 3755 3862 3741 3755 3863 
3751 3865 3758 3759 3758 3865 3867 3759 3865 
3761 3759 3867 3869 3761 3867 3763 3761 3869 
3871 3763 3869 3871 3872 3886 3871 3886 3763 
3763 3886 3765 3767 3765 3887 3765 3886 3887 
3769 3767 3888 3767 3887 3888 3874 3873 3771 
3874 3771 3888 3888 3771 3769 3773 3771 3873 
3773 3873 3889 3889 3873 3877 3879 3890 3877 
3890 3889 3877 3881 3891 3879 3891 3890 3879 
3883 3892 3881 3892 3891 3881 3776 3775 3892 
3776 3892 3884 3884 3892 3883 3777 3776 3884 
3885 3777 3884 3753 3777 3885 3773 3889 3780 
3782 3780 3889 3890 3782 3889 3784 3782 3890 
3891 3784 3890 3786 3784 3891 3892 3786 3891 
3775 3786 3892 3893 3894 3895 3894 3893 3896 
3790 3897 3898 3791 3790 3898 3895 3793 3893 
3895 3897 3793 3897 3790 3793 3893 3793 3794 
3893 3794 3896 3896 3794 3899 3900 3901 3902 
3900 3898 3901 3900 3796 3898 3796 3791 3898 
3794 3903 3899 3797 3903 3794 3903 3797 3798 
3904 3903 3798 3905 3906 3907 3902 3906 3905 
3900 3902 3905 3900 3905 3801 3900 3801 3800 
3796 3900 3800 3908 3798 3802 3908 3909 3798 
3909 3904 3798 3802 3803 3908 3805 3905 3907 
3805 3907 3806 3806 3907 3910 3801 3905 3805 
3911 3909 3908 3912 3909 3911 3803 3808 3911 
3908 3803 3911 3806 3910 3809 3910 3913 3809 
3911 3914 3912 3915 3916 3914 3810 3915 3914 
3810 3914 3911 3810 3911 3808 3810 3811 3917 
3915 3810 3917 3811 3812 3917 3813 3918 3814 
3813 3919 3918 3813 3809 3919 3809 3913 3919 
3920 3916 3915 3921 3916 3920 3917 3922 3915 
3922 3920 3915 3812 3815 3922 3917 3812 3922 
3918 3923 3924 3918 3924 3814 3814 3924 3816 
3919 3923 3918 3920 3925 3921 3925 3926 3927 
3925 3920 3926 3920 3922 3926 3815 3818 3926 
3922 3815 3926 3819 3928 3820 3929 3816 3924 
3929 3928 3816 3929 3930 3928 3928 3819 3816 
3929 3931 3930 3823 3927 3926 3823 3822 3927 
3822 3932 3927 3818 3823 3926 3824 3933 3825 
3824 3820 3928 3824 3928 3933 3933 3928 3934 
3935 3930 3936 3935 3934 3930 3934 3928 3930 
3931 3936 3930 3937 3938 3939 3937 3939 3932 
3937 3932 3827 3827 3932 3822 3830 3940 3831 
3830 3941 3940 3825 3941 3830 3825 3942 3941 
3825 3933 3942 3934 3942 3933 3943 3942 3934 
3935 3943 3934 3944 3938 3937 3945 3938 3944 
3827 3832 3946 3827 3946 3937 3937 3946 3944 
3832 3833 3947 3946 3832 3947 3833 3834 3948 
3947 3833 3948 3834 3836 3948 3838 3949 3839 
3838 3950 3949 3831 3950 3838 3831 3951 3950 
3831 3940 3951 3941 3951 3940 3952 3953 3954 
3945 3952 3954 3945 3944 3952 3944 3955 3952 
3946 3956 3944 3956 3955 3944 3947 3957 3946 
3957 3956 3946 3948 3958 3947 3958 3957 3947 
3836 3841 3958 3948 3836 3958 3843 3959 3960 
3844 3843 3960 3949 3843 3839 3949 3961 3843 
3961 3959 3843 3950 3961 3949 3962 3963 3964 
3953 3962 3964 3953 3952 3962 3952 3965 3962 
3955 3966 3952 3966 3965 3952 3956 3967 3955 
3967 3966 3955 3847 3846 3967 3847 3967 3957 
3957 3967 3956 3848 3847 3957 3958 3848 3957 
3841 3848 3958 3854 3968 3855 3969 3844 3960 
3969 3968 3844 3969 3970 3968 3968 3854 3844 
3970 3971 3972 3969 3971 3970 3972 3973 3974 
3971 3973 3972 3974 3975 3976 3973 3975 3974 
3975 3977 3976 3978 3979 3980 3978 3981 3982 
3980 3981 3978 3982 3983 3984 3981 3983 3982 
3963 3984 3983 3963 3962 3984 3962 3985 3984 
3858 3857 3985 3858 3985 3965 3965 3985 3962 
3859 3858 3965 3966 3859 3965 3861 3859 3966 
3967 3861 3966 3846 3861 3967 3855 3968 3864 
3866 3864 3968 3970 3866 3968 3868 3866 3970 
3972 3868 3970 3870 3868 3972 3974 3870 3972 
3872 3870 3974 3872 3974 3986 3986 3974 3976 
3987 3976 3977 3987 3988 3976 3988 3986 3976 
3988 3989 3990 3987 3989 3988 3990 3875 3874 
3990 3989 3875 3989 3991 3875 3979 3978 3876 
3979 3876 3991 3991 3876 3875 3878 3876 3978 
3982 3878 3978 3880 3878 3982 3984 3880 3982 
3882 3880 3984 3985 3882 3984 3857 3882 3985 
3872 3986 3886 3887 3886 3986 3988 3887 3986 
3888 3887 3988 3990 3888 3988 3874 3888 3990 
3894 3992 3895 3894 3896 3992 3897 3993 3898 
3897 3895 3992 3897 3992 3993 3993 3992 3994 
3896 3899 3994 3992 3896 3994 3901 3995 3996 
3902 3901 3996 3993 3901 3898 3993 3997 3901 
3997 3995 3901 3994 3997 3993 3998 3997 3994 
3999 4000 3998 3903 3999 3998 3903 3998 3994 
3903 3994 3899 3903 3904 3999 3906 4001 4002 
3907 3906 4002 3996 3906 3902 4001 3906 3996 
4003 4000 3999 4004 4000 4003 3904 3909 4003 
3999 3904 4003 3907 4002 3910 4002 4005 3910 
4003 4006 4004 4006 4003 3909 4006 3909 4007 
4007 3909 3912 3910 4005 3913 4005 4008 3913 
4009 3912 3914 4009 4010 3912 4010 4007 3912 
3914 3916 4009 3913 4008 3919 4008 4011 3919 
4012 4010 4009 4013 4010 4012 3916 3921 4012 
4009 3916 4012 3923 4014 3924 4015 3919 4011 
4015 4014 3919 4015 4016 4014 4014 3923 3919 
4015 4017 4016 4012 4018 4013 4019 4020 4018 
3925 4019 4018 3925 4018 4012 3925 4012 3921 
3925 3927 4019 3924 4014 3929 3931 3929 4014 
3931 4014 4021 4021 4014 4016 4022 4016 4017 
4021 4016 4022 4023 4020 4019 4024 4020 4023 
3927 3932 4023 4019 3927 4023 3936 4025 3935 
3936 3931 4021 3936 4021 4025 4025 4021 4026 
4027 4021 4022 4026 4021 4027 3939 4024 4023 
3939 3938 4024 3938 4028 4024 3932 3939 4023 
3942 4029 3941 3942 3943 4030 4029 3942 4030 
3943 3935 4025 3943 4025 4030 4030 4025 4031 
4032 4026 4033 4032 4031 4026 4031 4025 4026 
4027 4033 4026 4034 4035 4036 4034 4036 4028 
4034 4028 3945 3945 4028 3938 4037 4038 4039 
4037 3950 3951 4037 3951 4038 4038 3951 4040 
4029 3951 3941 4029 4041 3951 4041 4040 3951 
4030 4041 4029 4042 4041 4030 4031 4042 4030 
4043 4042 4031 4032 4043 4031 4044 4045 4046 
4035 4044 4046 4034 4044 4035 4034 3953 4044 
4034 3954 3953 3945 3954 4034 3959 4047 3960 
4048 4047 3959 4048 3959 3961 4037 4039 4049 
4048 3950 4050 4048 3961 3950 4050 3950 4051 
4037 4049 3950 4051 3950 4049 4050 4052 4053 
4051 4052 4050 4052 4054 4053 4055 4056 4057 
4055 4058 4059 4057 4058 4055 4045 4059 4058 
4044 4059 4045 4044 3963 4059 4044 3964 3963 
3953 3964 4044 3960 4047 3969 3971 3969 4047 
4048 3971 4047 3973 3971 4048 4050 3973 4048 
3975 3973 4050 4053 3975 4050 3977 4060 4061 
3975 4060 3977 3975 4054 4060 3975 4053 4054 
4061 4062 4063 4060 4062 4061 4063 4064 4065 
4062 4064 4063 4065 3980 3979 4065 4064 3980 
4064 4066 3980 4056 4055 3981 4056 3981 4066 
4066 3981 3980 3983 3981 4055 4059 3983 4055 
3963 3983 4059 3977 4061 3987 3989 3987 4061 
4063 3989 4061 3991 3989 4063 4065 3991 4063 
3979 3991 4065 3995 4067 3996 3995 3997 4068 
4067 3995 4068 3997 3998 4069 4068 3997 4069 
3998 4000 4069 4001 4070 4002 4001 3996 4067 
4001 4067 4070 4070 4067 4071 4068 4072 4067 
4072 4071 4067 4069 4073 4068 4073 4072 4068 
4000 4004 4073 4069 4000 4073 4070 4074 4005 
4002 4070 4005 4075 4071 4076 4075 4074 4071 
4074 4070 4071 4072 4076 4071 4077 4076 4072 
4077 4078 4079 4077 4072 4078 4072 4073 4078 
4004 4006 4080 4004 4080 4073 4073 4080 4078 
4006 4007 4080 4074 4081 4008 4005 4074 4008 
4082 4074 4075 4082 4083 4074 4083 4081 4074 
4082 4084 4083 4078 4085 4079 4085 4086 4087 
4085 4078 4086 4078 4080 4086 4007 4010 4086 
4080 4007 4086 4081 4088 4011 4008 4081 4011 
4083 4089 4081 4089 4088 4081 4090 4083 4084 
4089 4083 4090 4091 4087 4086 4092 4087 4091 
4010 4013 4091 4086 4010 4091 4011 4088 4015 
4017 4015 4088 4017 4088 4093 4093 4088 4089 
4094 4089 4090 4093 4089 4094 4095 4092 4091 
4096 4092 4095 4013 4018 4097 4013 4097 4091 
4091 4097 4095 4018 4020 4097 4093 4098 4022 
4017 4093 4022 4099 4093 4094 4099 4100 4093 
4100 4098 4093 4100 4101 4102 4099 4101 4100 
4096 4102 4101 4096 4095 4102 4095 4103 4102 
4097 4104 4095 4104 4103 4095 4020 4024 4104 
4097 4020 4104 4098 4105 4027 4022 4098 4027 
4100 4106 4098 4106 4105 4098 4102 4107 4100 
4107 4106 4100 4103 4108 4102 4108 4107 4102 
4104 4109 4103 4109 4108 4103 4024 4028 4109 
4104 4024 4109 4033 4110 4032 4033 4027 4105 
4033 4105 4110 4110 4105 4111 4112 4106 4113 
4112 4111 4106 4111 4105 4106 4107 4113 4106 
4114 4113 4107 4114 4115 4116 4114 4107 4115 
4107 4108 4115 4036 4035 4115 4036 4115 4109 
4109 4115 4108 4028 4036 4109 4038 4117 4039 
4038 4040 4118 4117 4038 4118 4040 4041 4119 
4118 4040 4119 4041 4042 4120 4119 4041 4120 
4042 4043 4121 4120 4042 4121 4043 4122 4121 
4032 4122 4043 4032 4123 4122 4032 4110 4123 
4123 4124 4125 4123 4110 4124 4110 4111 4124 
4126 4111 4112 4126 4127 4111 4127 4124 4111 
4127 4128 4129 4126 4128 4127 4116 4129 4128 
4115 4129 4116 4115 4045 4129 4115 4046 4045 
4035 4046 4115 4039 4117 4049 4051 4049 4117 
4118 4051 4117 4052 4051 4118 4119 4052 4118 
4054 4052 4119 4054 4119 4130 4130 4119 4120 
4121 4131 4120 4131 4130 4120 4132 4121 4122 
4132 4133 4121 4133 4131 4121 4125 4133 4132 
4125 4124 4133 4124 4134 4133 4057 4056 4134 
4057 4134 4127 4127 4134 4124 4058 4057 4127 
4129 4058 4127 4045 4058 4129 4054 4130 4060 
4062 4060 4130 4131 4062 4130 4064 4062 4131 
4133 4064 4131 4066 4064 4133 4134 4066 4133 
4056 4066 4134 4076 4135 4075 4076 4077 4136 
4135 4076 4136 4077 4079 4136 4075 4135 4082 
4084 4082 4135 4084 4135 4137 4137 4135 4136 
4079 4085 4138 4079 4138 4136 4136 4138 4137 
4085 4087 4138 4137 4139 4090 4084 4137 4090 
4138 4140 4137 4140 4139 4137 4087 4092 4140 
4138 4087 4140 4139 4141 4094 4090 4139 4094 
4140 4142 4139 4142 4141 4139 4092 4096 4142 
4140 4092 4142 4094 4141 4099 4101 4099 4141 
4142 4101 4141 4096 4101 4142 4113 4143 4112 
4113 4114 4144 4143 4113 4144 4114 4116 4144 
4123 4145 4122 4123 4125 4145 4112 4143 4126 
4128 4126 4143 4144 4128 4143 4116 4128 4144 
4122 4145 4132 4125 4132 4145 
CELL_DATA 8288
SCALARS Scalars float
LOOKUP_TABLE default
1 1 1 1 1 1 1 1 1 
1 1 1 1 1 1 1 1 1 
1 1 1 1 1 1 1 1 1 
1 1 1 1 1 1 1 1 1 
1 1 1 1 1 1 1 1 1 
1 1 1 1 1 1 1 1 1 
1 1 1 1 1 1 1 1 1 
1 1 1 1 1 1 1 1 1 
1 1 1 1 1 1 1 1 1 
1 1 1 1 1 1 1 1 1 
1 1 1 1 1 1 1 1 1 
1 1 1 1 1 1 1 1 1 
1 1 1 1 1 1 1 1 1 
1 1 1 1 1 1 1 1 1 
1 1 1 1 1 1 1 1 1 
1 1 1 1 1 1 1 1 1 
1 1 1 1 1 1 1 1 1 
1 1 1 1 1 1 1 1 1 
1 1 1 1 1 1 1 1 1 
1 1 1 1 1 1 1 1 1 
1 1 1 1 1 1 1 1 1 
1 1 1 1 1 1 1 1 1 
1 1 1 1 1 1 1 1 1 
1 1 1 1 1 1 1 1 1 
1 1 1 1 1 1 1 1 1 
1 1 1 1 1 1 1 1 1 
1 1 1 1 1 1 1 1 1 
1 1 1 1 1 1 1 1 1 
1 1 1 1 1 1 1 1 1 
1 1 1 1 1 1 1 1 1 
1 1 1 1 1 1 1 1 1 
1 1 1 1 1 1 1 1 1 
1 1 1 1 1 1 1 1 1 
1 1 1 1 1 1 1 1 1 
1 1 1 1 1 1 1 1 1 
1 1 1 1 1 1 1 1 1 
1 1 1 1 1 1 1 1 1 
1 1 1 1 1 1 1 1 1 
1 1 1 1 1 1 1 1 1 
1 1 1 1 1 1 1 1 1 
1 1 1 1 1 1 1 1 1 
1 1 1 1 1 1 1 1 1 
1 1 1 1 1 1 1 1 1 
1 1 1 1 1 1 1 1 1 
1 1 1 1 1 1 1 1 1 
1 1 1 1 1 1 1 1 1 
1 1 1 1 1 1 1 1 1 
1 1 1 1 1 1 1 1 1 
1 1 1 1 1 1 1 1 1 
1 1 1 1 1 1 1 1 1 
1 1 1 1 1 1 1 1 1 
1 1 1 1 1 1 1 1 1 
1 1 1 1 1 1 1 1 1 
1 1 1 1 1 1 1 1 1 
1 1 1 1 1 1 1 1 1 
1 1 1 1 1 1 1 1 1 
1 1 1 1 1 1 1 1 1 
1 1 1 1 1 1 1 1 1 
1 1 1 1 1 1 1 1 1 
1 1 1 1 1 1 1 1 1 
1 1 1 1 1 1 1 1 1 
1 1 1 1 1 1 1 1 1 
1 1 1 1 1 1 1 1 1 
1 1 1 1 1 1 1 1 1 
1 1 1 1 1 1 1 1 1 
1 1 1 1 1 1 1 1 1 
1 1 1 1 1 1 1 1 1 
1 1 1 1 1 1 1 1 1 
1 1 1 1 1 1 1 1 1 
1 1 1 1 1 1 1 1 1 
1 1 1 1 1 1 1 1 1 
1 1 1 1 1 1 1 1 1 
1 1 1 1 1 1 1 1 1 
1 1 1 1 1 1 1 1 1 
1 1 1 1 1 1 1 1 1 
1 1 1 1 1 1 1 1 1 
1 1 1 1 1 1 1 1 1 
1 1 1 1 1 1 1 1 1 
1 1 1 1 1 1 1 1 1 
1 1 1 1 1 1 1 1 1 
1 1 1 1 1 1 1 1 1 
1 1 1 1 1 1 1 1 1 
1 1 1 1 1 1 1 1 1 
1 1 1 1 1 1 1 1 1 
1 1 1 1 1 1 1 1 1 
1 1 1 1 1 1 1 1 1 
1 1 1 1 1 1 1 1 1 
1 1 1 1 1 1 1 1 1 
1 1 1 1 1 1 1 1 1 
1 1 1 1 1 1 1 1 1 
1 1 1 1 1 1 1 1 1 
1 1 1 1 1 1 1 1 1 
1 1 1 1 1 1 1 1 1 
1 1 1 1 1 1 1 1 1 
1 1 1 1 1 1 1 1 1 
1 1 1 1 1 1 1 1 1 
1 1 1 1 1 1 1 1 1 
1 1 1 1 1 1 1 1 1 
1 1 1 1 1 1 1 1 1 
1 1 1 1 1 1 1 1 1 
1 1 1 1 1 1 1 1 1 
1 1 1 1 1 1 1 1 1 
1 1 1 1 1 1 1 1 1 
1 1 1 1 1 1 1 1 1 
1 1 1 1 1 1 1 1 1 
1 1 1 1 1 1 1 1 1 
1 1 1 1 1 1 1 1 1 
1 1 1 1 1 1 1 1 1 
1 1 1 1 1 1 1 1 1 
1 1 1 1 1 1 1 1 1 
1 1 1 1 1 1 1 1 1 
1 1 1 1 1 1 1 1 1 
1 1 1 1 1 1 1 1 1 
1 1 1 1 1 1 1 1 1 
1 1 1 1 1 1 1 1 1 
1 1 1 1 1 1 1 1 1 
1 1 1 1 1 1 1 1 1 
1 1 1 1 1 1 1 1 1 
1 1 1 1 1 1 1 1 1 
1 1 1 1 1 1 1 1 1 
1 1 1 1 1 1 1 1 1 
1 1 1 1 1 1 1 1 1 
1 1 1 1 1 1 1 1 1 
1 1 1 1 1 1 1 1 1 
1 1 1 1 1 1 1 1 1 
1 1 1 1 1 1 1 1 1 
1 1 1 1 1 1 1 1 1 
1 1 1 1 1 1 1 1 1 
1 1 1 1 1 1 1 1 1 
1 1 1 1 1 1 1 1 1 
1 1 1 1 1 1 1 1 1 
1 1 1 1 1 1 1 1 1 
1 1 1 1 1 1 1 1 1 
1 1 1 1 1 1 1 1 1 
1 1 1 1 1 1 1 1 1 
1 1 1 1 1 1 1 1 1 
1 1 1 1 1 1 1 1 1 
1 1 1 1 1 1 1 1 1 
1 1 1 1 1 1 1 1 1 
1 1 1 1 1 1 1 1 1 
1 1 1 1 1 1 1 1 1 
1 1 1 1 1 1 1 1 1 
1 1 1 1 1 1 1 1 1 
1 1 1 1 1 1 1 1 1 
1 1 1 1 1 1 1 1 1 
1 1 1 1 1 1 1 1 1 
1 1 1 1 1 1 1 1 1 
1 1 1 1 1 1 1 1 1 
1 1 1 1 1 1 1 1 1 
1 1 1 1 1 1 1 1 1 
1 1 1 1 1 1 1 1 1 
1 1 1 1 1 1 1 1 1 
1 1 1 1 1 1 1 1 1 
1 1 1 1 1 1 1 1 1 
1 1 1 1 1 1 1 1 1 
1 1 1 1 1 1 1 1 1 
1 1 1 1 1 1 1 1 1 
1 1 1 1 1 1 1 1 1 
1 1 1 1 1 1 1 1 1 
1 1 1 1 1 1 1 1 1 
1 1 1 1 1 1 1 1 1 
1 1 1 1 1 1 1 1 1 
1 1 1 1 1 1 1 1 1 
1 1 1 1 1 1 1 1 1 
1 1 1 1 1 1 1 1 1 
1 1 1 1 1 1 1 1 1 
1 1 1 1 1 1 1 1 1 
1 1 1 1 1 1 1 1 1 
1 1 1 1 1 1 1 1 1 
1 1 1 1 1 1 1 1 1 
1 1 1 1 1 1 1 1 1 
1 1 1 1 1 1 1 1 1 
1 1 1 1 1 1 1 1 1 
1 1 1 1 1 1 1 1 1 
1 1 1 1 1 1 1 1 1 
1 1 1 1 1 1 1 1 1 
1 1 1 1 1 1 1 1 1 
1 1 1 1 1 1 1 1 1 
1 1 1 1 1 1 1 1 1 
1 1 1 1 1 1 1 1 1 
1 1 1 1 1 1 1 1 1 
1 1 1 1 1 1 1 1 1 
1 1 1 1 1 1 1 1 1 
1 1 1 1 1 1 1 1 1 
1 1 1 1 1 1 1 1 1 
1 1 1 1 1 1 1 1 1 
1 1 1 1 1 1 1 1 1 
1 1 1 1 1 1 1 1 1 
1 1 1 1 1 1 1 1 1 
1 1 1 1 1 1 1 1 1 
1 1 1 1 1 1 1 1 1 
1 1 1 1 1 1 1 1 1 
1 1 1 1 1 1 1 1 1 
1 1 1 1 1 1 1 1 1 
1 1 1 1 1 1 1 1 1 
1 1 1 1 1 1 1 1 1 
1 1 1 1 1 1 1 1 1 
1 1 1 1 1 1 1 1 1 
1 1 1 1 1 1 1 1 1 
1 1 1 1 1 1 1 1 1 
1 1 1 1 1 1 1 1 1 
1 1 1 1 1 1 1 1 1 
1 1 1 1 1 1 1 1 1 
1 1 1 1 1 1 1 1 1 
1 1 1 1 1 1 1 1 1 
1 1 1 1 1 1 1 1 1 
1 1 1 1 1 1 1 1 1 
1 1 1 1 1 1 1 1 1 
1 1 1 1 1 1 1 1 1 
1 1 1 1 1 1 1 1 1 
1 1 1 1 1 1 1 1 1 
1 1 1 1 1 1 1 1 1 
1 1 1 1 1 1 1 1 1 
1 1 1 1 1 1 1 1 1 
1 1 1 1 1 1 1 1 1 
1 1 1 1 1 1 1 1 1 
1 1 1 1 1 1 1 1 1 
1 1 1 1 1 1 1 1 1 
1 1 1 1 1 1 1 1 1 
1 1 1 1 1 1 1 1 1 
1 1 1 1 1 1 1 1 1 
1 1 1 1 1 1 1 1 1 
1 1 1 1 1 1 1 1 1 
1 1 1 1 1 1 1 1 1 
1 1 1 1 1 1 1 1 1 
1 1 1 1 1 1 1 1 1 
1 1 1 1 1 1 1 1 1 
1 1 1 1 1 1 1 1 1 
1 1 1 1 1 1 1 1 1 
1 1 1 1 1 1 1 1 1 
1 1 1 1 1 1 1 1 1 
1 1 1 1 1 1 1 1 1 
1 1 1 1 1 1 1 1 1 
1 1 1 1 1 1 1 1 1 
1 1 1 1 1 1 1 1 1 
1 1 1 1 1 1 1 1 1 
1 1 1 1 1 1 1 1 1 
1 1 1 1 1 1 1 1 1 
1 1 1 1 1 1 1 1 1 
1 1 1 1 1 1 1 1 1 
1 1 1 1 1 1 1 1 1 
1 1 1 1 1 1 1 1 1 
1 1 1 1 1 1 1 1 1 
1 1 1 1 1 1 1 1 1 
1 1 1 1 1 1 1 1 1 
1 1 1 1 1 1 1 1 1 
1 1 1 1 1 1 1 1 1 
1 1 1 1 1 1 1 1 1 
1 1 1 1 1 1 1 1 1 
1 1 1 1 1 1 1 1 1 
1 1 1 1 1 1 1 1 1 
1 1 1 1 1 1 1 1 1 
1 1 1 1 1 1 1 1 1 
1 1 1 1 1 1 1 1 1 
1 1 1 1 1 1 1 1 1 
1 1 1 1 1 1 1 1 1 
1 1 1 1 1 1 1 1 1 
1 1 1 1 1 1 1 1 1 
1 1 1 1 1 1 1 1 1 
1 1 1 1 1 1 1 1 1 
1 1 1 1 1 1 1 1 1 
1 1 1 1 1 1 1 1 1 
1 1 1 1 1 1 1 1 1 
1 1 1 1 1 1 1 1 1 
1 1 1 1 1 1 1 1 1 
1 1 1 1 1 1 1 1 1 
1 1 1 1 1 1 1 1 1 
1 1 1 1 1 1 1 1 1 
1 1 1 1 1 1 1 1 1 
1 1 1 1 1 1 1 1 1 
1 1 1 1 1 1 1 1 1 
1 1 1 1 1 1 1 1 1 
1 1 1 1 1 1 1 1 1 
1 1 1 1 1 1 1 1 1 
1 1 1 1 1 1 1 1 1 
1 1 1 1 1 1 1 1 1 
1 1 1 1 1 1 1 1 1 
1 1 1 1 1 1 1 1 1 
1 1 1 1 1 1 1 1 1 
1 1 1 1 1 1 1 1 1 
1 1 1 1 1 1 1 1 1 
1 1 1 1 1 1 1 1 1 
1 1 1 1 1 1 1 1 1 
1 1 1 1 1 1 1 1 1 
1 1 1 1 1 1 1 1 1 
1 1 1 1 1 1 1 1 1 
1 1 1 1 1 1 1 1 1 
1 1 1 1 1 1 1 1 1 
1 1 1 1 1 1 1 1 1 
1 1 1 1 1 1 1 1 1 
1 1 1 1 1 1 1 1 1 
1 1 1 1 1 1 1 1 1 
1 1 1 1 1 1 1 1 1 
1 1 1 1 1 1 1 1 1 
1 1 1 1 1 1 1 1 1 
1 1 1 1 1 1 1 1 1 
1 1 1 1 1 1 1 1 1 
1 1 1 1 1 1 1 1 1 
1 1 1 1 1 1 1 1 1 
1 1 1 1 1 1 1 1 1 
1 1 1 1 1 1 1 1 1 
1 1 1 1 1 1 1 1 1 
1 1 1 1 1 1 1 1 1 
1 1 1 1 1 1 1 1 1 
1 1 1 1 1 1 1 1 1 
1 1 1 1 1 1 1 1 1 
1 1 1 1 1 1 1 1 1 
1 1 1 1 1 1 1 1 1 
1 1 1 1 1 1 1 1 1 
1 1 1 1 1 1 1 1 1 
1 1 1 1 1 1 1 1 1 
1 1 1 1 1 1 1 1 1 
1 1 1 1 1 1 1 1 1 
1 1 1 1 1 1 1 1 1 
1 1 1 1 1 1 1 1 1 
1 1 1 1 1 1 1 1 1 
1 1 1 1 1 1 1 1 1 
1 1 1 1 1 1 1 1 1 
1 1 1 1 1 1 1 1 1 
1 1 1 1 1 1 1 1 1 
1 1 1 1 1 1 1 1 1 
1 1 1 1 1 1 1 1 1 
1 1 1 1 1 1 1 1 1 
1 1 1 1 1 1 1 1 1 
1 1 1 1 1 1 1 1 1 
1 1 1 1 1 1 1 1 1 
1 1 1 1 1 1 1 1 1 
1 1 1 1 1 1 1 1 1 
1 1 1 1 1 1 1 1 1 
1 1 1 1 1 1 1 1 1 
1 1 1 1 1 1 1 1 1 
1 1 1 1 1 1 1 1 1 
1 1 1 1 1 1 1 1 1 
1 1 1 1 1 1 1 1 1 
1 1 1 1 1 1 1 1 1 
1 1 1 1 1 1 1 1 1 
1 1 1 1 1 1 1 1 1 
1 1 1 1 1 1 1 1 1 
1 1 1 1 1 1 1 1 1 
1 1 1 1 1 1 1 1 1 
1 1 1 1 1 1 1 1 1 
1 1 1 1 1 1 1 1 1 
1 1 1 1 1 1 1 1 1 
1 1 1 1 1 1 1 1 1 
1 1 1 1 1 1 1 1 1 
1 1 1 1 1 1 1 1 1 
1 1 1 1 1 1 1 1 1 
1 1 1 1 1 1 1 1 1 
1 1 1 1 1 1 1 1 1 
1 1 1 1 1 1 1 1 1 
1 1 1 1 1 1 1 1 1 
1 1 1 1 1 1 1 1 1 
1 1 1 1 1 1 1 1 1 
1 1 1 1 1 1 1 1 1 
1 1 1 1 1 1 1 1 1 
1 1 1 1 1 1 1 1 1 
1 1 1 1 1 1 1 1 1 
1 1 1 1 1 1 1 1 1 
1 1 1 1 1 1 1 1 1 
1 1 1 1 1 1 1 1 1 
1 1 1 1 1 1 1 1 1 
1 1 1 1 1 1 1 1 1 
1 1 1 1 1 1 1 1 1 
1 1 1 1 1 1 1 1 1 
1 1 1 1 1 1 1 1 1 
1 1 1 1 1 1 1 1 1 
1 1 1 1 1 1 1 1 1 
1 1 1 1 1 1 1 1 1 
1 1 1 1 1 1 1 1 1 
1 1 1 1 1 1 1 1 1 
1 1 1 1 1 1 1 1 1 
1 1 1 1 1 1 1 1 1 
1 1 1 1 1 1 1 1 1 
1 1 1 1 1 1 1 1 1 
1 1 1 1 1 1 1 1 1 
1 1 1 1 1 1 1 1 1 
1 1 1 1 1 1 1 1 1 
1 1 1 1 1 1 1 1 1 
1 1 1 1 1 1 1 1 1 
1 1 1 1 1 1 1 1 1 
1 1 1 1 1 1 1 1 1 
1 1 1 1 1 1 1 1 1 
1 1 1 1 1 1 1 1 1 
1 1 1 1 1 1 1 1 1 
1 1 1 1 1 1 1 1 1 
1 1 1 1 1 1 1 1 1 
1 1 1 1 1 1 1 1 1 
1 1 1 1 1 1 1 1 1 
1 1 1 1 1 1 1 1 1 
1 1 1 1 1 1 1 1 1 
1 1 1 1 1 1 1 1 1 
1 1 1 1 1 1 1 1 1 
1 1 1 1 1 1 1 1 1 
1 1 1 1 1 1 1 1 1 
1 1 1 1 1 1 1 1 1 
1 1 1 1 1 1 1 1 1 
1 1 1 1 1 1 1 1 1 
1 1 1 1 1 1 1 1 1 
1 1 1 1 1 1 1 1 1 
1 1 1 1 1 1 1 1 1 
1 1 1 1 1 1 1 1 1 
1 1 1 1 1 1 1 1 1 
1 1 1 1 1 1 1 1 1 
1 1 1 1 1 1 1 1 1 
1 1 1 1 1 1 1 1 1 
1 1 1 1 1 1 1 1 1 
1 1 1 1 1 1 1 1 1 
1 1 1 1 1 1 1 1 1 
1 1 1 1 1 1 1 1 1 
1 1 1 1 1 1 1 1 1 
1 1 1 1 1 1 1 1 1 
1 1 1 1 1 1 1 1 1 
1 1 1 1 1 1 1 1 1 
1 1 1 1 1 1 1 1 1 
1 1 1 1 1 1 1 1 1 
1 1 1 1 1 1 1 1 1 
1 1 1 1 1 1 1 1 1 
1 1 1 1 1 1 1 1 1 
1 1 1 1 1 1 1 1 1 
1 1 1 1 1 1 1 1 1 
1 1 1 1 1 1 1 1 1 
1 1 1 1 1 1 1 1 1 
1 1 1 1 1 1 1 1 1 
1 1 1 1 1 1 1 1 1 
1 1 1 1 1 1 1 1 1 
1 1 1 1 1 1 1 1 1 
1 1 1 1 1 1 1 1 1 
1 1 1 1 1 1 1 1 1 
1 1 1 1 1 1 1 1 1 
1 1 1 1 1 1 1 1 1 
1 1 1 1 1 1 1 1 1 
1 1 1 1 1 1 1 1 1 
1 1 1 1 1 1 1 1 1 
1 1 1 1 1 1 1 1 1 
1 1 1 1 1 1 1 1 1 
1 1 1 1 1 1 1 1 1 
1 1 1 1 1 1 1 1 1 
1 1 1 1 1 1 1 1 1 
1 1 1 1 1 1 1 1 1 
1 1 1 1 1 1 1 1 1 
1 1 1 1 1 1 1 1 1 
1 1 1 1 1 1 1 1 1 
1 1 1 1 1 1 1 1 1 
1 1 1 1 1 1 1 1 1 
1 1 1 1 1 1 1 1 1 
1 1 1 1 1 1 1 1 1 
1 1 1 1 1 1 1 1 1 
1 1 1 1 1 1 1 1 1 
1 1 1 1 1 1 1 1 1 
1 1 1 1 1 1 1 1 1 
1 1 1 1 1 1 1 1 1 
1 1 1 1 1 1 1 1 1 
1 1 1 1 1 1 1 1 1 
1 1 1 1 1 1 1 1 1 
1 1 1 1 1 1 1 1 1 
1 1 1 1 1 1 1 1 1 
1 1 1 1 1 1 1 1 1 
1 1 1 1 1 1 1 1 1 
1 1 1 1 1 1 1 1 1 
1 1 1 1 1 1 1 1 1 
1 1 1 1 1 1 1 1 1 
1 1 1 1 1 1 1 1 1 
1 1 1 1 1 1 1 1 1 
1 1 1 1 1 1 1 1 1 
1 1 1 1 1 1 1 1 1 
1 1 1 1 1 1 1 1 1 
1 1 1 1 1 1 1 1 1 
1 1 1 1 1 1 1 1 1 
1 1 1 1 1 1 1 1 1 
1 1 1 1 1 1 1 1 1 
1 1 1 1 1 1 1 1 1 
1 1 1 1 1 1 1 1 1 
1 1 1 1 1 1 1 1 1 
1 1 1 1 1 1 1 1 1 
1 1 1 1 1 1 1 1 1 
1 1 1 1 1 1 1 1 1 
1 1 1 1 1 1 1 1 1 
1 1 1 1 1 1 1 1 1 
1 1 1 1 1 1 1 1 1 
1 1 1 1 1 1 1 1 1 
1 1 1 1 1 1 1 1 1 
1 1 1 1 1 1 1 1 1 
1 1 1 1 1 1 1 1 1 
1 1 1 1 1 1 1 1 1 
1 1 1 1 1 1 1 1 1 
1 1 1 1 1 1 1 1 1 
1 1 1 1 1 1 1 1 1 
1 1 1 1 1 1 1 1 1 
1 1 1 1 1 1 1 1 1 
1 1 1 1 1 1 1 1 1 
1 1 1 1 1 1 1 1 1 
1 1 1 1 1 1 1 1 1 
1 1 1 1 1 1 1 1 1 
1 1 1 1 1 1 1 1 1 
1 1 1 1 1 1 1 1 1 
1 1 1 1 1 1 1 1 1 
1 1 1 1 1 1 1 1 1 
1 1 1 1 1 1 1 1 1 
1 1 1 1 1 1 1 1 1 
1 1 1 1 1 1 1 1 1 
1 1 1 1 1 1 1 1 1 
1 1 1 1 1 1 1 1 1 
1 1 1 1 1 1 1 1 1 
1 1 1 1 1 1 1 1 1 
1 1 1 1 1 1 1 1 1 
1 1 1 1 1 1 1 1 1 
1 1 1 1 1 1 1 1 1 
1 1 1 1 1 1 1 1 1 
1 1 1 1 1 1 1 1 1 
1 1 1 1 1 1 1 1 1 
1 1 1 1 1 1 1 1 1 
1 1 1 1 1 1 1 1 1 
1 1 1 1 1 1 1 1 1 
1 1 1 1 1 1 1 1 1 
1 1 1 1 1 1 1 1 1 
1 1 1 1 1 1 1 1 1 
1 1 1 1 1 1 1 1 1 
1 1 1 1 1 1 1 1 1 
1 1 1 1 1 1 1 1 1 
1 1 1 1 1 1 1 1 1 
1 1 1 1 1 1 1 1 1 
1 1 1 1 1 1 1 1 1 
1 1 1 1 1 1 1 1 1 
1 1 1 1 1 1 1 1 1 
1 1 1 1 1 1 1 1 1 
1 1 1 1 1 1 1 1 1 
1 1 1 1 1 1 1 1 1 
1 1 1 1 1 1 1 1 1 
1 1 1 1 1 1 1 1 1 
1 1 1 1 1 1 1 1 1 
1 1 1 1 1 1 1 1 1 
1 1 1 1 1 1 1 1 1 
1 1 1 1 1 1 1 1 1 
1 1 1 1 1 1 1 1 1 
1 1 1 1 1 1 1 1 1 
1 1 1 1 1 1 1 1 1 
1 1 1 1 1 1 1 1 1 
1 1 1 1 1 1 1 1 1 
1 1 1 1 1 1 1 1 1 
1 1 1 1 1 1 1 1 1 
1 1 1 1 1 1 1 1 1 
1 1 1 1 1 1 1 1 1 
1 1 1 1 1 1 1 1 1 
1 1 1 1 1 1 1 1 1 
1 1 1 1 1 1 1 1 1 
1 1 1 1 1 1 1 1 1 
1 1 1 1 1 1 1 1 1 
1 1 1 1 1 1 1 1 1 
1 1 1 1 1 1 1 1 1 
1 1 1 1 1 1 1 1 1 
1 1 1 1 1 1 1 1 1 
1 1 1 1 1 1 1 1 1 
1 1 1 1 1 1 1 1 1 
1 1 1 1 1 1 1 1 1 
1 1 1 1 1 1 1 1 1 
1 1 1 1 1 1 1 1 1 
1 1 1 1 1 1 1 1 1 
1 1 1 1 1 1 1 1 1 
1 1 1 1 1 1 1 1 1 
1 1 1 1 1 1 1 1 1 
1 1 1 1 1 1 1 1 1 
1 1 1 1 1 1 1 1 1 
1 1 1 1 1 1 1 1 1 
1 1 1 1 1 1 1 1 1 
1 1 1 1 1 1 1 1 1 
1 1 1 1 1 1 1 1 1 
1 1 1 1 1 1 1 1 1 
1 1 1 1 1 1 1 1 1 
1 1 1 1 1 1 1 1 1 
1 1 1 1 1 1 1 1 1 
1 1 1 1 1 1 1 1 1 
1 1 1 1 1 1 1 1 1 
1 1 1 1 1 1 1 1 1 
1 1 1 1 1 1 1 1 1 
1 1 1 1 1 1 1 1 1 
1 1 1 1 1 1 1 1 1 
1 1 1 1 1 1 1 1 1 
1 1 1 1 1 1 1 1 1 
1 1 1 1 1 1 1 1 1 
1 1 1 1 1 1 1 1 1 
1 1 1 1 1 1 1 1 1 
1 1 1 1 1 1 1 1 1 
1 1 1 1 1 1 1 1 1 
1 1 1 1 1 1 1 1 1 
1 1 1 1 1 1 1 1 1 
1 1 1 1 1 1 1 1 1 
1 1 1 1 1 1 1 1 1 
1 1 1 1 1 1 1 1 1 
1 1 1 1 1 1 1 1 1 
1 1 1 1 1 1 1 1 1 
1 1 1 1 1 1 1 1 1 
1 1 1 1 1 1 1 1 1 
1 1 1 1 1 1 1 1 1 
1 1 1 1 1 1 1 1 1 
1 1 1 1 1 1 1 1 1 
1 1 1 1 1 1 1 1 1 
1 1 1 1 1 1 1 1 1 
1 1 1 1 1 1 1 1 1 
1 1 1 1 1 1 1 1 1 
1 1 1 1 1 1 1 1 1 
1 1 1 1 1 1 1 1 1 
1 1 1 1 1 1 1 1 1 
1 1 1 1 1 1 1 1 1 
1 1 1 1 1 1 1 1 1 
1 1 1 1 1 1 1 1 1 
1 1 1 1 1 1 1 1 1 
1 1 1 1 1 1 1 1 1 
1 1 1 1 1 1 1 1 1 
1 1 1 1 1 1 1 1 1 
1 1 1 1 1 1 1 1 1 
1 1 1 1 1 1 1 1 1 
1 1 1 1 1 1 1 1 1 
1 1 1 1 1 1 1 1 1 
1 1 1 1 1 1 1 1 1 
1 1 1 1 1 1 1 1 1 
1 1 1 1 1 1 1 1 1 
1 1 1 1 1 1 1 1 1 
1 1 1 1 1 1 1 1 1 
1 1 1 1 1 1 1 1 1 
1 1 1 1 1 1 1 1 1 
1 1 1 1 1 1 1 1 1 
1 1 1 1 1 1 1 1 1 
1 1 1 1 1 1 1 1 1 
1 1 1 1 1 1 1 1 1 
1 1 1 1 1 1 1 1 1 
1 1 1 1 1 1 1 1 1 
1 1 1 1 1 1 1 1 1 
1 1 1 1 1 1 1 1 1 
1 1 1 1 1 1 1 1 1 
1 1 1 1 1 1 1 1 1 
1 1 1 1 1 1 1 1 1 
1 1 1 1 1 1 1 1 1 
1 1 1 1 1 1 1 1 1 
1 1 1 1 1 1 1 1 1 
1 1 1 1 1 1 1 1 1 
1 1 1 1 1 1 1 1 1 
1 1 1 1 1 1 1 1 1 
1 1 1 1 1 1 1 1 1 
1 1 1 1 1 1 1 1 1 
1 1 1 1 1 1 1 1 1 
1 1 1 1 1 1 1 1 1 
1 1 1 1 1 1 1 1 1 
1 1 1 1 1 1 1 1 1 
1 1 1 1 1 1 1 1 1 
1 1 1 1 1 1 1 1 1 
1 1 1 1 1 1 1 1 1 
1 1 1 1 1 1 1 1 1 
1 1 1 1 1 1 1 1 1 
1 1 1 1 1 1 1 1 1 
1 1 1 1 1 1 1 1 1 
1 1 1 1 1 1 1 1 1 
1 1 1 1 1 1 1 1 1 
1 1 1 1 1 1 1 1 1 
1 1 1 1 1 1 1 1 1 
1 1 1 1 1 1 1 1 1 
1 1 1 1 1 1 1 1 1 
1 1 1 1 1 1 1 1 1 
1 1 1 1 1 1 1 1 1 
1 1 1 1 1 1 1 1 1 
1 1 1 1 1 1 1 1 1 
1 1 1 1 1 1 1 1 1 
1 1 1 1 1 1 1 1 1 
1 1 1 1 1 1 1 1 1 
1 1 1 1 1 1 1 1 1 
1 1 1 1 1 1 1 1 1 
1 1 1 1 1 1 1 1 1 
1 1 1 1 1 1 1 1 1 
1 1 1 1 1 1 1 1 1 
1 1 1 1 1 1 1 1 1 
1 1 1 1 1 1 1 1 1 
1 1 1 1 1 1 1 1 1 
1 1 1 1 1 1 1 1 1 
1 1 1 1 1 1 1 1 1 
1 1 1 1 1 1 1 1 1 
1 1 1 1 1 1 1 1 1 
1 1 1 1 1 1 1 1 1 
1 1 1 1 1 1 1 1 1 
1 1 1 1 1 1 1 1 1 
1 1 1 1 1 1 1 1 1 
1 1 1 1 1 1 1 1 1 
1 1 1 1 1 1 1 1 1 
1 1 1 1 1 1 1 1 1 
1 1 1 1 1 1 1 1 1 
1 1 1 1 1 1 1 1 1 
1 1 1 1 1 1 1 1 1 
1 1 1 1 1 1 1 1 1 
1 1 1 1 1 1 1 1 1 
1 1 1 1 1 1 1 1 1 
1 1 1 1 1 1 1 1 1 
1 1 1 1 1 1 1 1 1 
1 1 1 1 1 1 1 1 1 
1 1 1 1 1 1 1 1 1 
1 1 1 1 1 1 1 1 1 
1 1 1 1 1 1 1 1 1 
1 1 1 1 1 1 1 1 1 
1 1 1 1 1 1 1 1 1 
1 1 1 1 1 1 1 1 1 
1 1 1 1 1 1 1 1 1 
1 1 1 1 1 1 1 1 1 
1 1 1 1 1 1 1 1 1 
1 1 1 1 1 1 1 1 1 
1 1 1 1 1 1 1 1 1 
1 1 1 1 1 1 1 1 1 
1 1 1 1 1 1 1 1 1 
1 1 1 1 1 1 1 1 1 
1 1 1 1 1 1 1 1 1 
1 1 1 1 1 1 1 1 1 
1 1 1 1 1 1 1 1 1 
1 1 1 1 1 1 1 1 1 
1 1 1 1 1 1 1 1 1 
1 1 1 1 1 1 1 1 1 
1 1 1 1 1 1 1 1 1 
1 1 1 1 1 1 1 1 1 
1 1 1 1 1 1 1 1 1 
1 1 1 1 1 1 1 1 1 
1 1 1 1 1 1 1 1 1 
1 1 1 1 1 1 1 1 1 
1 1 1 1 1 1 1 1 1 
1 1 1 1 1 1 1 1 1 
1 1 1 1 1 1 1 1 1 
1 1 1 1 1 1 1 1 1 
1 1 1 1 1 1 1 1 1 
1 1 1 1 1 1 1 1 1 
1 1 1 1 1 1 1 1 1 
1 1 1 1 1 1 1 1 1 
1 1 1 1 1 1 1 1 1 
1 1 1 1 1 1 1 1 1 
1 1 1 1 1 1 1 1 1 
1 1 1 1 1 1 1 1 1 
1 1 1 1 1 1 1 1 1 
1 1 1 1 1 1 1 1 1 
1 1 1 1 1 1 1 1 1 
1 1 1 1 1 1 1 1 1 
1 1 1 1 1 1 1 1 1 
1 1 1 1 1 1 1 1 1 
1 1 1 1 1 1 1 1 1 
1 1 1 1 1 1 1 1 1 
1 1 1 1 1 1 1 1 1 
1 1 1 1 1 1 1 1 1 
1 1 1 1 1 1 1 1 1 
1 1 1 1 1 1 1 1 1 
1 1 1 1 1 1 1 1 1 
1 1 1 1 1 1 1 1 1 
1 1 1 1 1 1 1 1 1 
1 1 1 1 1 1 1 1 1 
1 1 1 1 1 1 1 1 1 
1 1 1 1 1 1 1 1 1 
1 1 1 1 1 1 1 1 1 
1 1 1 1 1 1 1 1 1 
1 1 1 1 1 1 1 1 1 
1 1 1 1 1 1 1 1 1 
1 1 1 1 1 1 1 1 1 
1 1 1 1 1 1 1 1 1 
1 1 1 1 1 1 1 1 1 
1 1 1 1 1 1 1 1 1 
1 1 1 1 1 1 1 1 1 
1 1 1 1 1 1 1 1 1 
1 1 1 1 1 1 1 1 1 
1 1 1 1 1 1 1 1 1 
1 1 1 1 1 1 1 1 1 
1 1 1 1 1 1 1 1 1 
1 1 1 1 1 1 1 1 1 
1 1 1 1 1 1 1 1 1 
1 1 1 1 1 1 1 1 1 
1 1 1 1 1 1 1 1 1 
1 1 1 1 1 1 1 1 1 
1 1 1 1 1 1 1 1 1 
1 1 1 1 1 1 1 1 1 
1 1 1 1 1 1 1 1 1 
1 1 1 1 1 1 1 1 1 
1 1 1 1 1 1 1 1 1 
1 1 1 1 1 1 1 1 1 
1 1 1 1 1 1 1 1 1 
1 1 1 1 1 1 1 1 1 
1 1 1 1 1 1 1 1 1 
1 1 1 1 1 1 1 1 1 
1 1 1 1 1 1 1 1 1 
1 1 1 1 1 1 1 1 1 
1 1 1 1 1 1 1 1 1 
1 1 1 1 1 1 1 1 1 
1 1 1 1 1 1 1 1 1 
1 1 1 1 1 1 1 1 1 
1 1 1 1 1 1 1 1 1 
1 1 1 1 1 1 1 1 1 
1 1 1 1 1 1 1 1 1 
1 1 1 1 1 1 1 1 1 
1 1 1 1 1 1 1 1 1 
1 1 1 1 1 1 1 1 1 
1 1 1 1 1 1 1 1 1 
1 1 1 1 1 1 1 1 1 
1 1 1 1 1 1 1 1 1 
1 1 1 1 1 1 1 1 1 
1 1 1 1 1 1 1 1 1 
1 1 1 1 1 1 1 1 1 
1 1 1 1 1 1 1 1 1 
1 1 1 1 1 1 1 1 1 
1 1 1 1 1 1 1 1 1 
1 1 1 1 1 1 1 1 1 
1 1 1 1 1 1 1 1 1 
1 1 1 1 1 1 1 1 1 
1 1 1 1 1 1 1 1 1 
1 1 1 1 1 1 1 1 1 
1 1 1 1 1 1 1 1 1 
1 1 1 1 1 1 1 1 1 
1 1 1 1 1 1 1 1 1 
1 1 1 1 1 1 1 1 1 
1 1 1 1 1 1 1 1 1 
1 1 1 1 1 1 1 1 1 
1 1 1 1 1 1 1 1 1 
1 1 1 1 1 1 1 1 1 
1 1 1 1 1 1 1 1 1 
1 1 1 1 1 1 1 1 1 
1 1 1 1 1 1 1 1 1 
1 1 1 1 1 1 1 1 1 
1 1 1 1 1 1 1 1 1 
1 1 1 1 1 1 1 1 1 
1 1 1 1 1 1 1 1 1 
1 1 1 1 1 1 1 1 1 
1 1 1 1 1 1 1 1 1 
1 1 1 1 1 1 1 1 1 
1 1 1 1 1 1 1 1 1 
1 1 1 1 1 1 1 1 1 
1 1 1 1 1 1 1 1 1 
1 1 1 1 1 1 1 1 1 
1 1 1 1 1 1 1 1 1 
1 1 1 1 1 1 1 1 1 
1 1 1 1 1 1 1 1 1 
1 1 1 1 1 1 1 1 1 
1 1 1 1 1 1 1 1 1 
1 1 1 1 1 1 1 1 1 
1 1 1 1 1 1 1 1 1 
1 1 1 1 1 1 1 1 1 
1 1 1 1 1 1 1 1 1 
1 1 1 1 1 1 1 1 1 
1 1 1 1 1 1 1 1 1 
1 1 1 1 1 1 1 1 1 
1 1 1 1 1 1 1 1 1 
1 1 1 1 1 1 1 1 1 
1 1 1 1 1 1 1 1 1 
1 1 1 1 1 1 1 1 1 
1 1 1 1 1 1 1 1 1 
1 1 1 1 1 1 1 1 1 
1 1 1 1 1 1 1 1 1 
1 1 1 1 1 1 1 1 1 
1 1 1 1 1 1 1 1 1 
1 1 1 1 1 1 1 1 1 
1 1 1 1 1 1 1 1 1 
1 1 1 1 1 1 1 1 1 
1 1 1 1 1 1 1 1 1 
1 1 1 1 1 1 1 1 1 
1 1 1 1 1 1 1 1 1 
1 1 1 1 1 1 1 1 1 
1 1 1 1 1 1 1 1 1 
1 1 1 1 1 1 1 1 1 
1 1 1 1 1 1 1 1 1 
1 1 1 1 1 1 1 1 1 
1 1 1 1 1 1 1 1 1 
1 1 1 1 1 1 1 1 1 
1 1 1 1 1 1 1 1 1 
1 1 1 1 1 1 1 1 1 
1 1 1 1 1 1 1 1 1 
1 1 1 1 1 1 1 1 1 
1 1 1 1 1 1 1 1 1 
1 1 1 1 1 1 1 1 1 
1 1 1 1 1 1 1 1 1 
1 1 1 1 1 1 1 1 1 
1 1 1 1 1 1 1 1 1 
1 1 1 1 1 1 1 1 1 
1 1 1 1 1 1 1 1 1 
1 1 1 1 1 1 1 1 1 
1 1 1 1 1 1 1 1 1 
1 1 1 1 1 1 1 1 1 
1 1 1 1 1 1 1 1 1 
1 1 1 1 1 1 1 1 1 
1 1 1 1 1 1 1 1 1 
1 1 1 1 1 1 1 1 1 
1 1 1 1 1 1 1 1 1 
1 1 1 1 1 1 1 1 1 
1 1 1 1 1 1 1 1 1 
1 1 1 1 1 1 1 1 1 
1 1 1 1 1 1 1 1 1 
1 1 1 1 1 1 1 1 1 
1 1 1 1 1 1 1 1 1 
1 1 1 1 1 1 1 1 1 
1 1 1 1 1 1 1 1 1 
1 1 1 1 1 1 1 1 1 
1 1 1 1 1 1 1 1 1 
1 1 1 1 1 1 1 1 1 
1 1 1 1 1 1 1 1 1 
1 1 1 1 1 1 1 1 1 
1 1 1 1 1 1 1 1 1 
1 1 1 1 1 1 1 1 1 
1 1 1 1 1 1 1 1 1 
1 1 1 1 1 1 1 1 1 
1 1 1 1 1 1 1 1 1 
1 1 1 1 1 1 1 1 1 
1 1 1 1 1 1 1 1 1 
1 1 1 1 1 1 1 1 1 
1 1 1 1 1 1 1 1 1 
1 1 1 1 1 1 1 1 1 
1 1 1 1 1 1 1 1 1 
1 1 1 1 1 1 1 1 1 
1 1 1 1 1 1 1 1 1 
1 1 1 1 1 1 1 1 1 
1 1 1 1 1 1 1 1 1 
1 1 1 1 1 1 1 1 1 
1 1 1 1 1 1 1 1 1 
1 1 1 1 1 1 1 1 1 
1 1 1 1 1 1 1 1 1 
1 1 1 1 1 1 1 1 1 
1 1 1 1 1 1 1 1 1 
1 1 1 1 1 1 1 1 1 
1 1 1 1 1 1 1 1 1 
1 1 1 1 1 1 1 1 1 
1 1 1 1 1 1 1 1 1 
1 1 1 1 1 1 1 1 1 
1 1 1 1 1 1 1 1 1 
1 1 1 1 1 1 1 1 1 
1 1 1 1 1 1 1 1 1 
1 1 1 1 1 1 1 1 1 
1 1 1 1 1 1 1 1 
