# vtk DataFile Version 5.1
vtk output
ASCII
DATASET POLYDATA
POINTS 4112 float
0.366587 -0.00544957 0.637687 0.365676 0.0010279 0.617646 0.348945 -0.00825547 0.626494 
0.39526 -0.0127466 0.634026 0.39435 -0.00626909 0.613985 0.423934 -0.0200436 0.630364 
0.423023 -0.0135661 0.610324 0.452607 -0.0273406 0.626703 0.451697 -0.0208631 0.606663 
0.463638 -0.0374435 0.611849 0.30445 -0.0167193 0.659043 0.303539 -0.0102419 0.639002 
0.286808 -0.0195252 0.64785 0.315481 -0.0268222 0.644189 0.360886 -0.0248358 0.63168 
0.38956 -0.0321328 0.628019 0.418233 -0.0394298 0.624357 0.446907 -0.0467268 0.620696 
0.242313 -0.0279891 0.680399 0.241403 -0.0215116 0.660358 0.224671 -0.030795 0.669206 
0.253344 -0.038092 0.665545 0.298749 -0.0361056 0.653036 0.236612 -0.0473754 0.674392 
0.48904 0.0300449 0.554894 0.488129 0.0365224 0.534853 0.471397 0.027239 0.543701 
0.500071 0.019942 0.540039 0.426903 0.0187751 0.57625 0.425992 0.0252526 0.556209 
0.40926 0.0159692 0.565057 0.455576 0.0114781 0.572589 0.454666 0.0179556 0.552548 
0.48425 0.00418114 0.568927 0.495281 -0.00592176 0.554073 0.336092 0.0148024 0.601267 
0.335182 0.0212798 0.581227 0.31845 0.0119965 0.590074 0.364766 0.00750537 0.597606 
0.363855 0.0139828 0.577565 0.393439 0.00020838 0.593945 0.392529 0.00668585 0.573904 
0.422113 -0.00708862 0.590283 0.450786 -0.0143856 0.586622 0.47946 -0.0216826 0.582961 
0.490491 -0.0317855 0.568106 0.159262 0.0327206 0.637268 0.158351 0.0391981 0.617228 
0.14162 0.0299147 0.626075 0.187935 0.0254236 0.633607 0.187025 0.0319011 0.613567 
0.216609 0.0181266 0.629946 0.215698 0.0246041 0.609905 0.245282 0.0108296 0.626284 
0.244372 0.0173071 0.606244 0.273955 0.00353262 0.622623 0.273045 0.0100101 0.602583 
0.302629 -0.00376438 0.618962 0.301718 0.00271309 0.598921 0.331302 -0.0110614 0.615301 
0.474669 -0.0475463 0.596994 0.485701 -0.0576492 0.58214 0.125798 0.0141538 0.654963 
0.124888 0.0206313 0.634923 0.108156 0.0113479 0.64377 0.154472 0.00685685 0.651302 
0.183145 -0.000440144 0.64764 0.211819 -0.00773714 0.643979 0.240492 -0.0150341 0.640318 
0.269165 -0.0223311 0.636657 0.326512 -0.0369251 0.629334 0.355186 -0.0442221 0.625673 
0.383859 -0.0515191 0.622012 0.412533 -0.0588161 0.61835 0.441206 -0.0661131 0.614689 
0.469879 -0.0734101 0.611028 0.480911 -0.083513 0.596173 0.0923348 -0.0044129 0.672658 
0.0914243 0.00206457 0.652617 0.0746926 -0.0072188 0.661465 0.121008 -0.0117099 0.668997 
0.149682 -0.0190069 0.665335 0.178355 -0.0263039 0.661674 0.207029 -0.0336009 0.658013 
0.264375 -0.0481949 0.65069 0.292138 -0.0490144 0.626988 0.275407 -0.0582978 0.635836 
0.320812 -0.0563114 0.623327 0.349485 -0.0636084 0.619666 0.378159 -0.0709054 0.616005 
0.406832 -0.0782024 0.612343 0.418774 -0.0947827 0.617529 0.436416 -0.0919768 0.628723 
0.447447 -0.10208 0.613868 0.464179 -0.0927964 0.605021 0.0875448 -0.0302766 0.686691 
0.0699025 -0.0330825 0.675498 0.116218 -0.0375736 0.68303 0.144892 -0.0448706 0.679369 
0.173565 -0.0521676 0.675707 0.202238 -0.0594646 0.672046 0.230001 -0.0602841 0.648344 
0.21327 -0.0695675 0.657192 0.258675 -0.0675811 0.644683 0.430715 -0.111363 0.622716 
0.0827547 -0.0561404 0.700725 0.0651125 -0.0589463 0.689532 0.111428 -0.0634374 0.697063 
0.122459 -0.0735403 0.682209 0.139191 -0.0642569 0.673362 0.167864 -0.0715539 0.6697 
0.196538 -0.0788509 0.666039 0.0770542 -0.0755267 0.694718 0.105728 -0.0828237 0.691056 
-0.0701925 -0.0713829 0.747098 -0.071103 -0.0649054 0.727058 -0.0878348 -0.0741888 0.735905 
-0.0591613 -0.0814858 0.732244 -0.0758931 -0.0907692 0.741091 0.468125 0.102024 0.490407 
0.467215 0.108502 0.470367 0.450483 0.0992184 0.479214 0.479156 0.0919214 0.475553 
0.463335 0.0761606 0.504441 0.445693 0.0733547 0.493248 0.491098 0.0753411 0.480739 
0.492009 0.0688636 0.500779 0.50304 0.0587607 0.485925 0.429872 0.0575938 0.522135 
0.428961 0.0640713 0.502095 0.41223 0.0547879 0.510942 0.458545 0.0502968 0.518474 
0.487219 0.0429998 0.514813 0.49825 0.0328969 0.499958 0.339061 0.0536211 0.547153 
0.338151 0.0600985 0.527112 0.321419 0.0508152 0.53596 0.367735 0.0463241 0.543491 
0.366824 0.0528015 0.523451 0.396408 0.0390271 0.53983 0.395498 0.0455045 0.51979 
0.425082 0.0317301 0.536169 0.453755 0.0244331 0.532508 0.49346 0.00703319 0.513992 
0.219578 0.0569453 0.575831 0.218667 0.0634228 0.555791 0.201935 0.0541394 0.564638 
0.248251 0.0496483 0.57217 0.247341 0.0561258 0.55213 0.276925 0.0423513 0.568509 
0.276014 0.0488288 0.548468 0.305598 0.0350543 0.564847 0.304687 0.0415318 0.544807 
0.334271 0.0277573 0.561186 0.362945 0.0204603 0.557525 0.391618 0.0131633 0.553864 
0.48867 -0.0188306 0.528025 0.100094 0.0602695 0.60451 0.0991834 0.066747 0.584469 
0.0824517 0.0574636 0.593317 0.128767 0.0529725 0.600849 0.127857 0.05945 0.580808 
0.157441 0.0456755 0.597187 0.15653 0.052153 0.577147 0.186114 0.0383785 0.593526 
0.185204 0.044856 0.573485 0.214788 0.0310816 0.589865 0.243461 0.0237846 0.586203 
0.272134 0.0164876 0.582542 0.300808 0.00919057 0.578881 0.48388 -0.0446943 0.542059 
0.00928358 0.0562968 0.629527 0.00837307 0.0627742 0.609487 -0.00835867 0.0534909 0.618334 
0.037957 0.0489998 0.625866 0.0370465 0.0554773 0.605825 0.0666304 0.0417028 0.622205 
0.0657199 0.0481803 0.602164 0.0953039 0.0344058 0.618543 0.123977 0.0271088 0.614882 
0.47909 -0.070558 0.556092 -0.0241799 0.03773 0.647222 -0.0250904 0.0442075 0.627181 
-0.0418222 0.0349241 0.636029 0.00449353 0.030433 0.643561 0.033167 0.023136 0.639899 
0.0618404 0.015839 0.636238 0.0905138 0.00854205 0.632577 0.4743 -0.0964218 0.570126 
-0.11499 0.0337573 0.672239 -0.115901 0.0402347 0.652199 -0.132632 0.0309514 0.661046 
-0.0863168 0.0264603 0.668578 -0.0872273 0.0329377 0.648537 -0.0576434 0.0191633 0.664917 
-0.0585539 0.0256408 0.644876 -0.02897 0.0118663 0.661255 -0.000296527 0.00456929 0.657594 
0.0283769 -0.00272771 0.653933 0.0570503 -0.0100247 0.650272 0.286438 -0.0684007 0.620981 
0.315111 -0.0756977 0.61732 0.326142 -0.0858006 0.602466 0.342874 -0.0765172 0.593618 
0.371547 -0.0838142 0.589957 0.401131 -0.0975886 0.606336 0.383489 -0.100395 0.595143 
0.458478 -0.112183 0.599014 0.469509 -0.122286 0.584159 -0.11978 0.00789352 0.686273 
-0.137423 0.00508762 0.67508 -0.0911069 0.000596528 0.682611 -0.0624334 -0.00670047 0.67895 
-0.03376 -0.0139975 0.675289 -0.00508658 -0.0212945 0.671628 0.0235868 -0.0285915 0.667966 
0.0522603 -0.0358884 0.664305 0.224301 -0.0796704 0.642337 0.235332 -0.0897733 0.627483 
0.252064 -0.0804899 0.618636 0.280737 -0.0877869 0.614974 0.309411 -0.0950839 0.611313 
0.395431 -0.116975 0.600329 0.424104 -0.124272 0.596668 0.452778 -0.131569 0.593007 
-0.12457 -0.0179702 0.700306 -0.142213 -0.0207761 0.689113 -0.0958969 -0.0252672 0.696645 
-0.0672235 -0.0325642 0.692984 -0.0385501 -0.0398612 0.689322 -0.00987663 -0.0471582 0.685661 
0.0187968 -0.0544552 0.682 0.0474702 -0.0617522 0.678338 0.133491 -0.0836432 0.667355 
0.144522 -0.0937461 0.6525 0.161253 -0.0844627 0.643653 0.189927 -0.0917597 0.639992 
0.2186 -0.0990567 0.63633 -0.12936 -0.043834 0.71434 -0.147003 -0.0466399 0.703146 
-0.100687 -0.051131 0.710678 -0.0720135 -0.058428 0.707017 -0.0433401 -0.065725 0.703356 
-0.0146667 -0.0730219 0.699695 0.0140067 -0.0803189 0.696033 0.0426802 -0.0876159 0.692372 
0.0704431 -0.0884355 0.66867 0.0537113 -0.0977188 0.677518 0.0991165 -0.0957325 0.665009 
0.12779 -0.103029 0.661348 -0.13415 -0.0696977 0.728373 -0.151793 -0.0725036 0.71718 
-0.105477 -0.0769947 0.724712 -0.0481302 -0.0915887 0.717389 -0.037099 -0.101692 0.702535 
-0.0203673 -0.0924082 0.693687 0.00830617 -0.0997052 0.690026 0.0369796 -0.107002 0.686365 
-0.13894 -0.0955615 0.742407 -0.156583 -0.0983674 0.731213 -0.110267 -0.102858 0.738745 
-0.0825042 -0.103678 0.715043 -0.0992359 -0.112961 0.723891 -0.0538307 -0.110975 0.711382 
-0.144641 -0.114948 0.7364 -0.115968 -0.122245 0.732738 0.404167 0.10371 0.471682 
0.403257 0.110187 0.451642 0.386525 0.100904 0.460489 0.432841 0.0964125 0.468021 
0.43193 0.10289 0.44798 0.461514 0.0891155 0.46436 0.443872 0.0863096 0.453167 
0.399377 0.0778458 0.485716 0.381735 0.0750399 0.474523 0.428051 0.0705488 0.482054 
0.455814 0.0697292 0.458353 0.485398 0.0559548 0.474732 0.467755 0.0531489 0.463539 
0.33724 0.066576 0.507072 0.33633 0.0730535 0.487031 0.319598 0.0637701 0.495879 
0.365914 0.059279 0.50341 0.365003 0.0657565 0.48337 0.394587 0.051982 0.499749 
0.480608 0.030091 0.488765 0.462965 0.0272851 0.477572 0.24643 0.0626033 0.532089 
0.24552 0.0690807 0.512048 0.228788 0.0597974 0.520896 0.275104 0.0553063 0.528428 
0.274193 0.0617837 0.508387 0.303777 0.0480093 0.524766 0.302866 0.0544867 0.504726 
0.474907 0.0107048 0.482758 0.486849 -0.0058756 0.487944 0.126946 0.0659275 0.560768 
0.126036 0.072405 0.540727 0.109304 0.0631216 0.549574 0.15562 0.0586305 0.557106 
0.154709 0.065108 0.537066 0.184293 0.0513335 0.553445 0.183383 0.057811 0.533405 
0.212056 0.050514 0.529743 0.482059 -0.0317393 0.501978 -0.193251 0.120331 0.615075 
-0.194162 0.126808 0.595034 -0.210894 0.117525 0.603882 -0.18222 0.110228 0.600221 
-0.107231 0.0984397 0.604091 -0.108142 0.104917 0.584051 -0.124873 0.0956338 0.592898 
-0.0785577 0.0911427 0.60043 -0.0794682 0.0976202 0.580389 -0.0498843 0.0838457 0.596769 
-0.0507948 0.0903232 0.576728 -0.0212109 0.0765487 0.593107 -0.0221214 0.0830262 0.573067 
0.00746255 0.0692517 0.589446 0.00655204 0.0757292 0.569406 0.036136 0.0619547 0.585785 
0.0352255 0.0684322 0.565744 0.0648094 0.0546577 0.582124 0.0638989 0.0611352 0.562083 
0.0925723 0.0538382 0.558422 0.477269 -0.0576031 0.516011 -0.198952 0.100944 0.609068 
-0.170279 0.0936474 0.605407 -0.18701 0.084364 0.614254 -0.169368 0.08717 0.625447 
-0.140695 0.079873 0.621786 -0.141605 0.0863504 0.601745 -0.112021 0.072576 0.618125 
-0.0833478 0.065279 0.614463 -0.0546744 0.057982 0.610802 -0.0260009 0.050685 0.607141 
0.472478 -0.0834668 0.530045 -0.174158 0.0613062 0.639481 -0.1918 0.0585003 0.628288 
-0.145485 0.0540092 0.635819 -0.116811 0.0467122 0.632158 -0.0881378 0.0394152 0.628497 
-0.0594644 0.0321182 0.624836 0.467688 -0.109331 0.544078 -0.178948 0.0354425 0.653514 
-0.19659 0.0326366 0.642321 -0.150275 0.0281455 0.649853 0.319531 -0.0987094 0.576418 
0.336263 -0.089426 0.567571 0.364936 -0.096723 0.56391 0.39361 -0.10402 0.560248 
0.39452 -0.110497 0.580289 0.405552 -0.1206 0.565434 0.451867 -0.125091 0.572966 
0.434225 -0.127897 0.561773 0.450957 -0.118614 0.552926 -0.183738 0.00957872 0.667548 
-0.20138 0.00677282 0.656355 -0.155065 0.00228172 0.663886 0.228721 -0.102682 0.601435 
0.245453 -0.0933987 0.592588 0.274126 -0.100696 0.588927 0.3028 -0.107993 0.585266 
0.417493 -0.137181 0.57062 -0.188528 -0.016285 0.681581 -0.206171 -0.0190909 0.670388 
-0.159855 -0.023582 0.67792 0.155553 -0.103849 0.637646 0.166584 -0.113952 0.622791 
0.183316 -0.104668 0.613944 0.211989 -0.111965 0.610283 -0.221992 -0.0348518 0.699276 
-0.222902 -0.0283743 0.679235 -0.239634 -0.0376577 0.688083 -0.193318 -0.0421488 0.695615 
-0.164645 -0.0494458 0.691953 0.0647425 -0.107822 0.662663 0.0757737 -0.117925 0.647809 
0.0925054 -0.108641 0.638961 0.121179 -0.115938 0.6353 0.149852 -0.123235 0.631639 
-0.226782 -0.0607155 0.713309 -0.244424 -0.0635214 0.702116 -0.198108 -0.0680125 0.709648 
-0.169435 -0.0753095 0.705987 -0.0260678 -0.111794 0.68768 -0.0150367 -0.121897 0.672826 
0.00169509 -0.112614 0.663979 0.0303685 -0.119911 0.660317 0.0590419 -0.127208 0.656656 
-0.232482 -0.0801018 0.707302 -0.220541 -0.0966822 0.712488 -0.202898 -0.0938763 0.723682 
-0.174225 -0.101173 0.72002 -0.116878 -0.115767 0.712698 -0.13452 -0.118573 0.701505 
-0.117789 -0.10929 0.692657 -0.0891152 -0.116587 0.688996 -0.0604418 -0.123884 0.685335 
-0.0317684 -0.131181 0.681673 -0.208599 -0.113263 0.717675 -0.179926 -0.12056 0.714013 
-0.151252 -0.127857 0.710352 0.373673 0.123961 0.435263 0.372762 0.130439 0.415222 
0.356031 0.121156 0.424069 0.384704 0.113859 0.420408 0.340209 0.105395 0.452957 
0.339299 0.111872 0.432917 0.322567 0.102589 0.441764 0.368883 0.0980977 0.449296 
0.396646 0.0972782 0.425594 0.42623 0.0835037 0.441973 0.408587 0.0806978 0.43078 
0.335419 0.079531 0.466991 0.317777 0.0767251 0.455798 0.364093 0.072234 0.463329 
0.420529 0.0641174 0.435966 0.450113 0.050343 0.452346 0.432471 0.0475371 0.441153 
0.301956 0.0609642 0.484685 0.301045 0.0674417 0.464645 0.284314 0.0581583 0.473492 
0.444412 0.0309567 0.446339 0.456354 0.0143763 0.451525 -0.161609 0.151852 0.557299 
-0.162519 0.15833 0.537259 -0.179251 0.149046 0.546106 -0.150578 0.141749 0.542445 
0.153799 0.0715854 0.517025 0.152888 0.0780629 0.496985 0.136156 0.0687795 0.505832 
0.182472 0.0642884 0.513364 0.181562 0.0707659 0.493324 0.211146 0.0569915 0.509703 
0.210235 0.0634689 0.489662 0.238908 0.0561719 0.486001 0.267582 0.0488749 0.48234 
0.468296 -0.00220403 0.456711 0.480238 -0.0187844 0.461897 -0.16731 0.132466 0.551292 
-0.138636 0.125169 0.547631 -0.155368 0.115886 0.556478 -0.137726 0.118692 0.567671 
-0.109052 0.111395 0.56401 -0.109963 0.117872 0.54397 -0.0803788 0.104098 0.560349 
-0.0812893 0.110575 0.540308 -0.0517053 0.0968007 0.556688 -0.0526158 0.103278 0.536647 
-0.0230319 0.0895037 0.553026 -0.0239424 0.0959811 0.532986 0.00564152 0.0822067 0.549365 
0.00473101 0.0886841 0.529325 0.0343149 0.0749097 0.545704 0.0334044 0.0813872 0.525663 
0.0629884 0.0676127 0.542043 0.0620779 0.0740902 0.522002 0.0916618 0.0603157 0.538381 
0.0907513 0.0667932 0.518341 0.119425 0.0594962 0.51468 0.475448 -0.0446481 0.47593 
-0.199863 0.107422 0.589027 -0.171189 0.100125 0.585366 -0.1721 0.106602 0.565326 
-0.188831 0.097319 0.574173 -0.142516 0.0928279 0.581705 0.470657 -0.0705119 0.489964 
-0.193621 0.0714553 0.588207 0.465867 -0.0963756 0.503997 -0.209443 0.0556944 0.617094 
-0.210353 0.0621719 0.597054 -0.227085 0.0528885 0.605901 0.450046 -0.112136 0.532885 
0.432404 -0.114942 0.521692 0.449136 -0.105659 0.512845 -0.214233 0.0298307 0.631128 
-0.231875 0.0270248 0.619935 0.31292 -0.111618 0.550371 0.329652 -0.102335 0.541523 
0.358325 -0.109632 0.537862 0.386999 -0.116929 0.534201 0.415672 -0.124226 0.53054 
0.416583 -0.130703 0.55058 -0.219023 0.00396692 0.645161 -0.236665 0.00116102 0.633968 
0.22211 -0.115591 0.575388 0.238842 -0.106308 0.566541 0.267515 -0.113605 0.562879 
0.296188 -0.120902 0.559218 -0.252486 -0.0145998 0.662856 -0.253397 -0.00812236 0.642816 
-0.270128 -0.0174057 0.651663 -0.223813 -0.0218968 0.659195 0.148942 -0.116758 0.611598 
0.1313 -0.119564 0.600405 0.148031 -0.11028 0.591558 0.176705 -0.117577 0.587897 
0.205378 -0.124874 0.584235 -0.257276 -0.0404636 0.67689 -0.274919 -0.0432695 0.665697 
0.0691626 -0.130833 0.621761 0.0858943 -0.12155 0.612914 0.114568 -0.128847 0.609253 
-0.262977 -0.0598498 0.670883 -0.251035 -0.0764302 0.676069 -0.0216477 -0.134806 0.646779 
-0.004916 -0.125523 0.637931 0.0237574 -0.13282 0.63427 0.0524309 -0.140117 0.630609 
-0.239093 -0.0930106 0.681255 -0.21042 -0.100308 0.677594 -0.20951 -0.106785 0.697634 
-0.181747 -0.107605 0.673932 -0.180836 -0.114082 0.693973 -0.153073 -0.114902 0.670271 
-0.152163 -0.121379 0.690311 -0.1244 -0.122199 0.66661 -0.0957263 -0.129496 0.662948 
-0.0670529 -0.136793 0.659287 -0.0383795 -0.14409 0.655626 0.343178 0.144213 0.398843 
0.342268 0.150691 0.378802 0.325536 0.141407 0.38765 0.35421 0.13411 0.383988 
0.338388 0.11835 0.412876 0.320746 0.115544 0.401683 0.34942 0.108247 0.398022 
0.367062 0.111053 0.409215 0.304925 0.0997829 0.430571 0.304014 0.10626 0.410531 
0.287283 0.096977 0.419378 0.361361 0.0916664 0.403208 0.390945 0.0778919 0.419587 
0.373303 0.075086 0.408394 0.300135 0.0739192 0.444604 0.282493 0.0711133 0.433411 
0.385245 0.0585056 0.41358 0.414829 0.0447312 0.429959 0.397186 0.0419253 0.418766 
0.237998 0.0626494 0.465961 0.237087 0.0691269 0.44592 0.220356 0.0598435 0.454767 
0.266671 0.0553524 0.462299 0.265761 0.0618299 0.442259 0.409128 0.0253449 0.423952 
0.438712 0.0115704 0.440332 0.42107 0.00876454 0.429138 -0.196893 0.146241 0.534913 
-0.197804 0.152718 0.514872 -0.214536 0.143435 0.52372 -0.169131 0.145421 0.511211 
-0.157189 0.128841 0.516397 -0.0535264 0.109756 0.516607 -0.0544369 0.116233 0.496566 
-0.0711686 0.10695 0.505414 -0.0248529 0.102459 0.512945 -0.0257634 0.108936 0.492905 
0.00382049 0.0951616 0.509284 0.00290998 0.101639 0.489244 0.0324939 0.0878646 0.505623 
0.0315834 0.0943421 0.485582 0.0611673 0.0805676 0.501962 0.0602568 0.0870451 0.481921 
0.0898408 0.0732706 0.4983 0.0889303 0.0797481 0.47826 0.118514 0.0659736 0.494639 
0.117604 0.0724511 0.474599 0.146277 0.0651541 0.470937 0.174951 0.0578571 0.467276 
0.203624 0.0505601 0.463615 0.433011 -0.00781583 0.434325 0.462595 -0.0215903 0.450704 
0.444953 -0.0243962 0.439511 -0.202594 0.126854 0.528906 -0.17301 0.11308 0.545285 
-0.190652 0.110274 0.534092 -0.145247 0.11226 0.521583 -0.116574 0.104963 0.517922 
-0.0879004 0.0976663 0.514261 0.456895 -0.0409766 0.444697 0.468836 -0.0575569 0.449883 
-0.195442 0.0844102 0.548126 0.464046 -0.0834207 0.463916 -0.211264 0.0686494 0.577013 
-0.212174 0.0751268 0.556973 -0.228906 0.0658435 0.56582 0.448225 -0.0991815 0.492804 
0.430583 -0.101987 0.481611 0.447315 -0.0927041 0.472764 -0.244727 0.0500826 0.594708 
-0.245638 0.0565601 0.574668 -0.262369 0.0472767 0.583515 0.414762 -0.117748 0.510499 
0.397119 -0.120554 0.499306 0.413851 -0.111271 0.490458 -0.249517 0.0242189 0.608742 
-0.267159 0.021413 0.597549 0.295278 -0.114424 0.539178 0.277636 -0.11723 0.527984 
0.294367 -0.107947 0.519137 0.323041 -0.115244 0.515476 0.351714 -0.122541 0.511815 
0.380388 -0.129838 0.508153 -0.254307 -0.00164488 0.622775 -0.271949 -0.00445078 0.611582 
0.215499 -0.1285 0.54934 0.23223 -0.119216 0.540493 0.260904 -0.126513 0.536832 
-0.27674 -0.0303145 0.625616 0.124688 -0.132472 0.574358 0.14142 -0.123189 0.56551 
0.170094 -0.130486 0.561849 0.198767 -0.137783 0.558188 -0.28153 -0.0561783 0.639649 
0.0625515 -0.143742 0.595714 0.0792833 -0.134459 0.586866 0.107957 -0.141756 0.583205 
-0.269588 -0.0727586 0.644835 -0.257646 -0.089339 0.650021 -0.0282588 -0.147715 0.620731 
-0.0115271 -0.138432 0.611884 0.0171463 -0.145729 0.608222 0.0458198 -0.153026 0.604561 
-0.245705 -0.105919 0.655207 -0.217031 -0.113216 0.651546 -0.188358 -0.120513 0.647885 
-0.159684 -0.12781 0.644224 -0.131011 -0.135107 0.640562 -0.102337 -0.142404 0.636901 
-0.073664 -0.149701 0.63324 -0.0449906 -0.156998 0.629578 0.307894 0.138602 0.376457 
0.306983 0.145079 0.356416 0.290252 0.135796 0.365263 0.336567 0.131305 0.372795 
0.318925 0.128499 0.361602 0.303104 0.112738 0.39049 0.285462 0.109932 0.379297 
0.330867 0.111918 0.366788 0.342808 0.095338 0.371974 0.26964 0.0941711 0.408185 
0.26873 0.100649 0.388144 0.251998 0.0913652 0.396992 0.35475 0.0787576 0.37716 
0.366692 0.0621772 0.382347 0.236177 0.0756043 0.42588 0.235266 0.0820818 0.405839 
0.218535 0.0727985 0.414686 0.26485 0.0683074 0.422218 0.379544 0.0391194 0.407573 
0.361902 0.0363135 0.39638 -0.170041 0.151899 0.491171 -0.170952 0.158376 0.47113 
-0.187683 0.149093 0.479978 -0.15901 0.141796 0.476316 0.0306729 0.10082 0.465542 
0.0297624 0.107297 0.445501 0.0130306 0.0980137 0.454349 0.0593463 0.0935226 0.461881 
0.0584358 0.1 0.44184 0.0880197 0.0862256 0.458219 0.0871092 0.0927031 0.438179 
0.116693 0.0789286 0.454558 0.115783 0.0854061 0.434518 0.145367 0.0716316 0.450897 
0.144456 0.0781091 0.430856 0.17404 0.0643346 0.447236 0.17313 0.0708121 0.427195 
0.202713 0.0570376 0.443574 0.201803 0.0635151 0.423534 0.373843 0.0197331 0.401566 
0.403427 0.00595864 0.417945 0.385785 0.00315274 0.406752 -0.232178 0.140629 0.512527 
-0.233089 0.147106 0.492486 -0.24982 0.137823 0.501334 -0.204415 0.139809 0.488825 
-0.146158 0.118738 0.501543 -0.147068 0.125215 0.481502 -0.117484 0.111441 0.497882 
-0.118395 0.117918 0.477841 -0.0888109 0.104144 0.49422 -0.0897214 0.110621 0.47418 
-0.061048 0.103324 0.470519 -0.0323745 0.0960273 0.466857 -0.0037011 0.0887303 0.463196 
0.397727 -0.0134276 0.411938 0.427311 -0.0272021 0.428318 0.409669 -0.030008 0.417124 
-0.237879 0.121243 0.50652 -0.208295 0.107468 0.522899 -0.225937 0.104662 0.511706 
0.42161 -0.0465884 0.422311 0.451194 -0.0603628 0.43869 0.433552 -0.0631687 0.427497 
-0.213085 0.0816043 0.536932 -0.230727 0.0787984 0.525739 0.446404 -0.0862266 0.452723 
0.428762 -0.0890325 0.44153 -0.246548 0.0630376 0.554627 -0.247459 0.069515 0.534587 
-0.26419 0.0602317 0.543434 0.412941 -0.104793 0.470418 0.395298 -0.107599 0.459225 
0.41203 -0.0983159 0.450377 -0.26898 0.0343679 0.557468 0.350804 -0.116063 0.491774 
0.333161 -0.118869 0.480581 0.349893 -0.109586 0.471734 0.378567 -0.116883 0.468072 
0.379477 -0.12336 0.488113 -0.273771 0.00850416 0.571501 0.259993 -0.120036 0.516791 
0.242351 -0.122842 0.505598 0.259083 -0.113558 0.496751 0.287756 -0.120855 0.49309 
0.31643 -0.128152 0.489428 -0.278561 -0.0173596 0.585535 0.197857 -0.131306 0.538147 
0.180214 -0.134111 0.526954 0.196946 -0.124828 0.518107 0.225619 -0.132125 0.514446 
-0.283351 -0.0432233 0.599568 0.107046 -0.135278 0.563165 0.0894039 -0.138084 0.551971 
0.106136 -0.128801 0.543124 0.134809 -0.136098 0.539463 0.163483 -0.143395 0.535802 
-0.288141 -0.0690871 0.613602 0.0449093 -0.146548 0.584521 0.027267 -0.149354 0.573327 
0.0439987 -0.140071 0.56448 0.0726722 -0.147368 0.560819 -0.276199 -0.0856674 0.618788 
-0.247526 -0.0929644 0.615126 -0.246615 -0.0994419 0.635167 -0.235584 -0.109545 0.620312 
-0.0348699 -0.160624 0.594684 -0.0181382 -0.15134 0.585836 0.0105353 -0.158637 0.582175 
-0.223642 -0.126125 0.625499 -0.194969 -0.133422 0.621837 -0.166295 -0.140719 0.618176 
-0.137622 -0.148016 0.614515 -0.108948 -0.155313 0.610853 -0.0802751 -0.16261 0.607192 
-0.0516016 -0.169907 0.603531 0.272609 0.13299 0.35407 0.271699 0.139467 0.33403 
0.254967 0.130184 0.342877 0.301283 0.125693 0.350409 0.283641 0.122887 0.339216 
0.267819 0.107126 0.368104 0.250177 0.10432 0.356911 0.295582 0.106307 0.344402 
0.325166 0.0925321 0.360781 0.307524 0.0897262 0.349588 0.234356 0.0885593 0.385799 
0.233445 0.0950368 0.365758 0.216714 0.0857534 0.374605 0.319466 0.0731458 0.354774 
0.34905 0.0593713 0.371153 0.331407 0.0565654 0.35996 -0.171862 0.164853 0.45109 
-0.172773 0.171331 0.431049 -0.189504 0.162048 0.439897 -0.160831 0.154751 0.436235 
0.172219 0.0772895 0.407155 0.171308 0.083767 0.387114 0.154577 0.0744836 0.395961 
0.200892 0.0699925 0.403493 0.199982 0.07647 0.383453 0.343349 0.039985 0.365146 
0.355291 0.0234047 0.370333 -0.205326 0.146287 0.468785 -0.206236 0.152764 0.448744 
-0.222968 0.143481 0.457591 -0.147979 0.131693 0.461462 -0.148889 0.13817 0.441421 
-0.136948 0.12159 0.446608 0.0231513 0.0943883 0.419454 0.00641955 0.0851049 0.428301 
0.0518247 0.0870913 0.415793 0.0804981 0.0797943 0.412131 0.109172 0.0724973 0.40847 
0.137845 0.0652003 0.404809 0.367232 0.00682431 0.375519 0.379174 -0.00975606 0.380705 
-0.2397 0.134197 0.466439 -0.256431 0.124914 0.475286 -0.125006 0.105009 0.451794 
-0.0963325 0.0977125 0.448132 -0.067659 0.0904155 0.444471 -0.0389856 0.0831185 0.44081 
-0.0103122 0.0758215 0.437149 0.392026 -0.0328139 0.405931 0.374384 -0.0356198 0.394738 
-0.24449 0.108334 0.480472 -0.232548 0.0917533 0.485658 0.386326 -0.0522002 0.399924 
0.41591 -0.0659746 0.416304 0.398267 -0.0687805 0.40511 -0.248369 0.0759925 0.514546 
-0.24928 0.08247 0.494506 -0.266011 0.0731866 0.503353 0.41112 -0.0918384 0.430337 
0.393477 -0.0946443 0.419144 -0.270801 0.0473229 0.517387 0.377656 -0.110405 0.448032 
0.360014 -0.113211 0.436839 0.376746 -0.103928 0.427991 -0.275592 0.0214591 0.53142 
0.32655 -0.131778 0.454533 0.343282 -0.122494 0.445686 -0.291413 0.00569826 0.560308 
-0.292323 0.0121757 0.540267 -0.309055 0.00289236 0.549115 0.23574 -0.135751 0.479551 
0.252472 -0.126467 0.470703 0.281145 -0.133764 0.467042 0.309819 -0.141061 0.463381 
-0.296203 -0.0201655 0.574341 -0.313845 -0.0229714 0.563148 0.162572 -0.136917 0.515761 
0.14493 -0.139723 0.504568 0.161661 -0.13044 0.495721 0.190335 -0.137737 0.492059 
0.219008 -0.145034 0.488398 -0.301903 -0.0395517 0.568334 -0.289962 -0.0561321 0.57352 
0.0717617 -0.14089 0.540778 0.0541194 -0.143696 0.529585 0.0708511 -0.134413 0.520738 
0.0995246 -0.14171 0.517077 0.128198 -0.149007 0.513415 -0.27802 -0.0727125 0.578707 
-0.27711 -0.07919 0.598747 -0.266078 -0.0892929 0.583893 0.00962475 -0.15216 0.562134 
-0.0080175 -0.154966 0.550941 0.00871424 -0.145682 0.542094 0.0373877 -0.152979 0.538433 
-0.254137 -0.105873 0.589079 -0.225463 -0.11317 0.585418 -0.224553 -0.119648 0.605458 
-0.213522 -0.129751 0.590604 -0.138532 -0.141539 0.594474 -0.156175 -0.144345 0.583281 
-0.139443 -0.135061 0.574434 -0.127501 -0.151642 0.57962 -0.0811856 -0.156133 0.587152 
-0.0988278 -0.158939 0.575959 -0.0820961 -0.149655 0.567111 -0.0534227 -0.156952 0.56345 
-0.0525122 -0.16343 0.58349 -0.0247492 -0.164249 0.559789 -0.20158 -0.146331 0.59579 
-0.172906 -0.153628 0.592128 -0.11556 -0.168222 0.584806 0.208651 0.134675 0.335345 
0.207741 0.141152 0.315305 0.191009 0.131869 0.324152 0.237325 0.127378 0.331684 
0.236414 0.133855 0.311644 0.265088 0.126558 0.307982 0.27703 0.109978 0.313168 
0.175188 0.116108 0.35304 0.174277 0.122586 0.333 0.157546 0.113302 0.341847 
0.203861 0.108811 0.349379 0.232535 0.101514 0.345718 0.288971 0.0933977 0.318354 
0.300913 0.0768174 0.323541 -0.14501 0.170511 0.407348 -0.14592 0.176989 0.387307 
-0.162652 0.167706 0.396154 -0.133979 0.160409 0.392493 0.170398 0.0902445 0.367074 
0.152756 0.0874386 0.35588 0.199071 0.0829475 0.363412 0.312855 0.060237 0.328727 
0.324796 0.0436566 0.333913 -0.207147 0.159242 0.428704 -0.208057 0.165719 0.408663 
-0.224789 0.156436 0.41751 -0.179384 0.158422 0.405002 -0.1498 0.144648 0.421381 
-0.138769 0.134545 0.406527 0.136934 0.0716777 0.384768 0.136024 0.0781552 0.364728 
0.119292 0.0688718 0.373575 0.337648 0.0205988 0.359139 0.320006 0.0177929 0.347946 
-0.24061 0.140675 0.446398 -0.241521 0.147152 0.426358 -0.258252 0.137869 0.435205 
-0.125916 0.111487 0.431753 -0.126827 0.117964 0.411713 -0.097243 0.10419 0.428092 
-0.0981535 0.110667 0.408051 -0.0685696 0.096893 0.424431 -0.0694801 0.10337 0.40439 
-0.0398961 0.089596 0.420769 -0.0408066 0.0960734 0.400729 -0.0112227 0.082299 0.417108 
-0.0121332 0.0887765 0.397068 0.0165402 0.0814795 0.393406 0.0452136 0.0741825 0.389745 
0.0738871 0.0668855 0.386084 0.10256 0.0595885 0.382423 0.331948 0.00121251 0.353132 
0.361532 -0.012562 0.369512 0.34389 -0.0153679 0.358318 -0.274074 0.122108 0.464093 
-0.274984 0.128586 0.444053 -0.291716 0.119302 0.4529 0.355831 -0.0319482 0.363505 
0.367773 -0.0485286 0.368691 -0.279774 0.102722 0.458086 -0.25019 0.0889475 0.474465 
-0.267832 0.0861415 0.463272 0.379715 -0.065109 0.373877 0.391656 -0.0816893 0.379063 
-0.272623 0.0602778 0.477306 0.347162 -0.0901532 0.411612 0.329519 -0.0929591 0.400419 
0.346251 -0.0836757 0.391572 0.374925 -0.0909727 0.38791 0.375835 -0.0974502 0.407951 
-0.277413 0.0344141 0.491339 0.342372 -0.116017 0.425646 0.324729 -0.118823 0.414452 
-0.293234 0.0186532 0.520227 -0.294144 0.0251307 0.500186 -0.310876 0.0158473 0.509034 
0.308908 -0.134584 0.44334 0.291266 -0.13739 0.432147 0.307998 -0.128106 0.4233 
-0.326697 8.64626e-05 0.537922 -0.327608 0.00656394 0.517881 -0.34434 -0.00271944 0.526729 
0.229129 -0.148659 0.453503 0.245861 -0.139376 0.444656 0.274534 -0.146673 0.440995 
-0.332398 -0.0192998 0.531915 -0.320456 -0.0358802 0.537101 0.138319 -0.152632 0.47852 
0.15505 -0.143349 0.469673 0.183724 -0.150646 0.466012 0.212397 -0.157943 0.462351 
-0.308514 -0.0524605 0.542287 -0.296573 -0.0690409 0.547473 0.0475083 -0.156605 0.503538 
0.0642401 -0.147321 0.49469 0.0929135 -0.154618 0.491029 0.121587 -0.161915 0.487368 
-0.284631 -0.0856213 0.552659 -0.272689 -0.102202 0.557845 -0.0256598 -0.157772 0.539748 
-0.043302 -0.160578 0.528555 -0.0265703 -0.151294 0.519708 0.00210315 -0.158591 0.516046 
0.0307766 -0.165888 0.512385 -0.260748 -0.118782 0.563031 -0.232074 -0.126079 0.55937 
-0.203401 -0.133376 0.555709 -0.20249 -0.139853 0.575749 -0.174727 -0.140673 0.552047 
-0.173817 -0.14715 0.572088 -0.146054 -0.14797 0.548386 -0.117381 -0.155267 0.544725 
-0.11647 -0.161744 0.564765 -0.0887072 -0.162564 0.541064 -0.0600338 -0.169861 0.537402 
0.144694 0.13636 0.31662 0.143783 0.142838 0.29658 0.127051 0.133554 0.305427 
0.173367 0.129063 0.312959 0.172456 0.135541 0.292919 0.20113 0.128244 0.289257 
0.229803 0.120947 0.285596 0.259387 0.107172 0.301975 0.241745 0.104366 0.290782 
0.139904 0.110496 0.330654 0.122261 0.107691 0.319461 0.253687 0.0877859 0.295968 
0.283271 0.0740115 0.312347 0.265628 0.0712056 0.301154 -0.180294 0.1649 0.384961 
-0.181205 0.171377 0.364921 -0.197936 0.162094 0.373768 -0.152531 0.16408 0.361259 
-0.14059 0.1475 0.366446 0.135113 0.0846327 0.344687 0.117471 0.0818268 0.333494 
0.27757 0.0546252 0.30634 0.307154 0.0408507 0.32272 0.289512 0.0380448 0.311527 
-0.214668 0.15281 0.382616 -0.2314 0.143527 0.391463 -0.128648 0.130919 0.371632 
-0.127737 0.124442 0.391672 -0.099064 0.117145 0.388011 -0.0999745 0.123622 0.36797 
-0.0703906 0.109848 0.38435 -0.0713011 0.116325 0.364309 -0.0417172 0.102551 0.380688 
-0.0426277 0.109028 0.360648 -0.0130437 0.0952539 0.377027 -0.0139542 0.101731 0.356987 
0.0156297 0.0879569 0.373366 0.0147192 0.0944344 0.353325 0.0443031 0.0806599 0.369705 
0.0433926 0.0871374 0.349664 0.0729766 0.0733629 0.366043 0.072066 0.0798404 0.346003 
0.10165 0.0660659 0.362382 0.100739 0.0725434 0.342342 0.301453 0.0214645 0.316713 
0.313395 0.00488409 0.321899 -0.275895 0.135063 0.424012 -0.276805 0.141541 0.403972 
-0.293537 0.132257 0.412819 -0.248132 0.134244 0.40031 0.326247 -0.0181738 0.347125 
0.308605 -0.0209797 0.335932 -0.280685 0.109199 0.438046 -0.281595 0.115677 0.418005 
-0.269653 0.0990965 0.423191 0.320547 -0.03756 0.341118 0.350131 -0.0513345 0.357498 
0.332488 -0.0541404 0.346304 -0.274444 0.0732328 0.437225 0.345341 -0.0771982 0.371531 
0.327698 -0.0800041 0.360338 0.374014 -0.0844952 0.36787 -0.279234 0.047369 0.451258 
0.311877 -0.095765 0.389226 0.294235 -0.0985709 0.378033 0.310967 -0.0892875 0.369185 
-0.295055 0.0316082 0.480146 -0.295965 0.0380856 0.460105 -0.312697 0.0288023 0.468953 
0.307087 -0.121629 0.403259 0.289445 -0.124435 0.392066 -0.328518 0.0130414 0.497841 
-0.329429 0.0195189 0.4778 -0.346161 0.0102355 0.486648 0.273624 -0.140195 0.420954 
0.255981 -0.143001 0.409761 0.272713 -0.133718 0.400914 -0.333308 -0.0128223 0.511874 
-0.334219 -0.00634486 0.491834 -0.322277 -0.0229252 0.49702 0.211487 -0.151465 0.44231 
0.193844 -0.154271 0.431117 0.210576 -0.144988 0.42227 0.23925 -0.152285 0.418608 
-0.327067 -0.048789 0.511053 0.120676 -0.155438 0.467327 0.103034 -0.158244 0.456134 
0.119766 -0.148961 0.447287 0.148439 -0.156258 0.443626 0.177113 -0.163555 0.439964 
-0.315126 -0.0653693 0.516239 -0.303184 -0.0819497 0.521425 0.0298661 -0.159411 0.492345 
0.0122238 -0.162217 0.481151 0.0289555 -0.152933 0.472304 0.057629 -0.16023 0.468643 
0.0863024 -0.167527 0.464982 -0.291242 -0.0985301 0.526612 -0.279301 -0.11511 0.531798 
-0.118291 -0.14879 0.524684 -0.135933 -0.151595 0.513491 -0.119202 -0.142312 0.504644 
-0.0905282 -0.149609 0.500983 -0.0896177 -0.156087 0.521023 -0.0618548 -0.156906 0.497321 
-0.0609443 -0.163384 0.517362 -0.0331814 -0.164203 0.49366 -0.00450793 -0.1715 0.489999 
-0.267359 -0.131691 0.536984 -0.238685 -0.138988 0.533323 -0.210012 -0.146285 0.529661 
-0.181339 -0.153582 0.526 -0.152665 -0.160879 0.522339 0.137172 0.129929 0.270532 
0.12044 0.120645 0.27938 0.165845 0.122632 0.266871 0.194519 0.115335 0.26321 
0.223192 0.108038 0.259549 0.235134 0.0914575 0.264735 0.11565 0.0947817 0.293413 
0.247076 0.0748771 0.269921 0.259017 0.0582968 0.275107 -0.215579 0.159288 0.362575 
-0.216489 0.165765 0.342535 -0.233221 0.156482 0.351382 -0.187816 0.158468 0.338873 
-0.159142 0.151171 0.335212 -0.147201 0.134591 0.340398 0.0998289 0.0790209 0.322301 
0.0989184 0.0854984 0.302261 0.0821867 0.076215 0.311108 0.27187 0.0352389 0.300333 
0.254227 0.032433 0.28914 -0.249042 0.140721 0.38027 -0.249953 0.147199 0.360229 
-0.266684 0.137915 0.369077 -0.135259 0.118011 0.345584 -0.106586 0.110714 0.341923 
-0.0779122 0.103417 0.338262 -0.0492388 0.0961196 0.3346 -0.0205653 0.0888226 0.330939 
0.0081081 0.0815256 0.327278 0.0367815 0.0742286 0.323617 0.065455 0.0669316 0.319955 
0.266169 0.0158527 0.294326 0.295753 0.00207818 0.310706 0.278111 -0.000727715 0.299513 
-0.283416 0.128632 0.377924 -0.300148 0.119348 0.386771 0.290052 -0.0173081 0.304699 
0.301994 -0.0338885 0.309885 -0.288206 0.102768 0.391957 -0.276265 0.0861877 0.397144 
0.313936 -0.0504688 0.315071 0.325877 -0.0670492 0.320257 -0.281055 0.060324 0.411177 
0.310056 -0.08281 0.349145 0.292414 -0.0856159 0.337952 0.309146 -0.0763326 0.329104 
-0.296876 0.0445631 0.440065 -0.297786 0.0510406 0.420024 -0.314518 0.0417572 0.428872 
0.276593 -0.101377 0.36684 0.25895 -0.104183 0.355646 0.275682 -0.0948993 0.346799 
-0.319308 0.0158935 0.442905 0.271803 -0.127241 0.380873 0.25416 -0.130046 0.36968 
-0.33604 0.00661009 0.451753 -0.352772 -0.00267329 0.4606 0.24937 -0.15591 0.383713 
-0.34083 -0.0192537 0.465786 -0.328888 -0.035834 0.470972 0.187233 -0.16718 0.405069 
0.203965 -0.157897 0.396222 0.232639 -0.165194 0.392561 -0.333678 -0.0616978 0.485006 
0.0567185 -0.153753 0.448602 0.0390762 -0.156559 0.437409 0.0558079 -0.147275 0.428562 
0.0844814 -0.154572 0.424901 0.0853919 -0.16105 0.444941 0.113155 -0.161869 0.421239 
0.141828 -0.169166 0.417578 0.170502 -0.176463 0.413917 -0.321737 -0.0782781 0.490192 
-0.309795 -0.0948585 0.495378 -0.0627653 -0.150429 0.477281 -0.0804076 -0.153234 0.466088 
-0.0636758 -0.143951 0.45724 -0.0350024 -0.151248 0.453579 -0.0340919 -0.157726 0.47362 
-0.00632896 -0.158545 0.449918 -0.00541844 -0.165023 0.469958 0.0223445 -0.165842 0.446257 
-0.297853 -0.111439 0.500564 -0.285912 -0.128019 0.50575 -0.182249 -0.147104 0.505959 
-0.199891 -0.14991 0.494766 -0.18316 -0.140627 0.485919 -0.154486 -0.147924 0.482258 
-0.153576 -0.154401 0.502298 -0.125813 -0.155221 0.478596 -0.0971393 -0.162518 0.474935 
-0.27397 -0.1446 0.510936 -0.245296 -0.151897 0.507275 -0.216623 -0.159194 0.503614 
0.102798 0.11784 0.268187 0.101887 0.124317 0.248146 0.0851557 0.115034 0.256993 
0.130561 0.11702 0.244485 0.159234 0.109723 0.240824 0.187908 0.102426 0.237162 
0.217492 0.0886516 0.253541 0.199849 0.0858457 0.242348 -0.160053 0.157649 0.315171 
-0.160963 0.164126 0.295131 -0.177695 0.154843 0.303978 -0.149022 0.147546 0.300317 
0.0970974 0.0984533 0.26218 0.109039 0.0818729 0.267366 0.211791 0.0692653 0.247534 
0.241375 0.0554909 0.263914 0.223733 0.052685 0.252721 -0.2231 0.152857 0.316487 
-0.239832 0.143573 0.325334 -0.194427 0.14556 0.312826 -0.13617 0.124488 0.325544 
-0.13708 0.130966 0.305503 -0.107496 0.117191 0.321882 -0.108407 0.123669 0.301842 
-0.0788227 0.109894 0.318221 -0.0797332 0.116372 0.298181 -0.0677915 0.0997912 0.303367 
0.035871 0.0807061 0.303576 0.0349605 0.0871836 0.283536 0.0182288 0.0779002 0.292383 
0.0469022 0.0706032 0.288722 0.0923074 0.0725896 0.276213 0.0755756 0.0633062 0.28506 
0.235674 0.0361046 0.257907 0.247616 0.0195242 0.263093 -0.284327 0.135109 0.357884 
-0.285237 0.141587 0.337843 -0.301969 0.132303 0.34669 -0.256564 0.13429 0.334182 
-0.0558498 0.0832108 0.308553 -0.0271764 0.0759138 0.304892 0.00149702 0.0686168 0.30123 
0.0588439 0.0540228 0.293908 0.259558 0.00294386 0.268279 0.2715 -0.0136365 0.273465 
-0.31779 0.116543 0.375578 -0.318701 0.12302 0.355538 -0.335432 0.113737 0.364385 
0.284352 -0.0366944 0.298692 0.266709 -0.0395003 0.287498 -0.323491 0.0971563 0.369571 
-0.293907 0.0833818 0.38595 -0.311549 0.0805759 0.374757 0.278651 -0.0560806 0.292685 
0.308235 -0.0698551 0.309064 0.290593 -0.072661 0.297871 -0.298697 0.0575181 0.399984 
-0.316339 0.0547122 0.388791 0.274772 -0.0884218 0.326759 0.257129 -0.0912277 0.315565 
0.273861 -0.0819444 0.306718 -0.321129 0.0288484 0.402824 0.252339 -0.117091 0.329599 
-0.33695 0.0130876 0.431712 -0.337861 0.019565 0.411672 -0.354593 0.0102817 0.420519 
0.236518 -0.132852 0.358487 0.218876 -0.135658 0.347294 0.235608 -0.126375 0.338446 
-0.359383 -0.0155821 0.434553 0.231728 -0.158716 0.37252 0.214086 -0.161522 0.361327 
-0.347441 -0.0321625 0.439739 -0.335499 -0.0487428 0.444925 0.169591 -0.169986 0.393876 
0.151949 -0.172792 0.382683 0.168681 -0.163508 0.373836 0.197354 -0.170805 0.370175 
-0.340289 -0.0746066 0.458958 -0.00723947 -0.152068 0.429877 -0.0248817 -0.154874 0.418684 
-0.00814999 -0.14559 0.409837 0.0205234 -0.152887 0.406176 0.021434 -0.159365 0.426216 
0.0491969 -0.160184 0.402514 0.0778703 -0.167481 0.398853 0.106544 -0.174778 0.395192 
0.135217 -0.182075 0.391531 -0.328348 -0.0911869 0.464144 -0.316406 -0.107767 0.46933 
-0.0980498 -0.15604 0.454895 -0.115692 -0.158846 0.443702 -0.0989603 -0.149563 0.434854 
-0.0702869 -0.15686 0.431193 -0.0416135 -0.164157 0.427532 -0.304464 -0.124348 0.474517 
-0.292523 -0.140928 0.479703 -0.217534 -0.152716 0.483573 -0.235176 -0.155522 0.47238 
-0.218444 -0.146239 0.463533 -0.189771 -0.153536 0.459871 -0.161097 -0.160833 0.45621 
-0.132424 -0.16813 0.452549 -0.280581 -0.157508 0.484889 -0.251908 -0.164805 0.481227 
0.100977 0.130795 0.228106 0.100066 0.137272 0.208065 0.0833347 0.127989 0.216912 
0.112008 0.120692 0.213251 0.0785446 0.102125 0.230946 0.12395 0.104111 0.218437 
0.152623 0.0968143 0.214776 0.181297 0.0895173 0.211115 0.193238 0.0729369 0.216301 
-0.195337 0.152037 0.292785 -0.196248 0.158514 0.272745 -0.21298 0.149231 0.281592 
-0.167575 0.151217 0.269083 -0.137991 0.137443 0.285463 -0.138901 0.14392 0.265422 
-0.126959 0.12734 0.270608 0.0913968 0.079067 0.256173 0.0737546 0.0762611 0.244979 
0.206091 0.0498791 0.241527 0.188448 0.0470732 0.230334 -0.257474 0.140767 0.314141 
-0.258385 0.147245 0.294101 -0.275117 0.137961 0.302948 -0.229711 0.139948 0.290439 
-0.115018 0.11076 0.275794 -0.0863443 0.103463 0.272133 -0.0567604 0.0896883 0.288512 
-0.0576709 0.0961658 0.268472 -0.0280869 0.0823913 0.284851 -0.0289974 0.0888688 0.264811 
0.000586502 0.0750943 0.28119 -0.000324012 0.0815718 0.261149 0.0283494 0.0742748 0.257488 
0.0579334 0.0605003 0.273867 0.0570228 0.0669778 0.253827 0.20039 0.0304928 0.23552 
0.229974 0.0167183 0.2519 0.212332 0.0139124 0.240707 -0.291848 0.128678 0.311796 
-0.30858 0.119395 0.320643 0.224273 -0.00266794 0.245893 0.253857 -0.0164424 0.262272 
0.236215 -0.0192483 0.251079 -0.325312 0.110111 0.32949 -0.342044 0.100828 0.338338 
0.248157 -0.0358287 0.256265 0.260098 -0.0524091 0.261451 -0.330102 0.0842475 0.343524 
-0.31816 0.0676671 0.34871 0.27204 -0.0689894 0.266637 0.283982 -0.0855698 0.271823 
-0.333981 0.0519063 0.377598 -0.334892 0.0583837 0.357557 -0.351624 0.0491004 0.366405 
0.250518 -0.104137 0.289518 0.26725 -0.0948532 0.280671 -0.338771 0.0260425 0.391631 
-0.356414 0.0232366 0.380438 0.234697 -0.119897 0.318406 0.217055 -0.122703 0.307213 
0.233787 -0.11342 0.298365 -0.361204 -0.00262713 0.394472 0.212265 -0.148567 0.321246 
-0.349262 -0.0192075 0.399658 -0.348352 -0.025685 0.419698 -0.33732 -0.0357879 0.404844 
0.196444 -0.164328 0.350134 0.178801 -0.167134 0.338941 0.195533 -0.15785 0.330094 
-0.34211 -0.0616516 0.418877 0.134307 -0.175598 0.37149 0.116664 -0.178404 0.360297 
0.133396 -0.16912 0.35145 0.16207 -0.176417 0.347788 -0.3469 -0.0875154 0.432911 
-0.042524 -0.157679 0.407491 -0.0601662 -0.160485 0.396298 -0.0434345 -0.151202 0.387451 
-0.0147611 -0.158499 0.383789 0.0139124 -0.165796 0.380128 0.0425858 -0.173093 0.376467 
0.0712592 -0.18039 0.372806 0.0999326 -0.187687 0.369144 -0.334959 -0.104096 0.438097 
-0.323017 -0.120676 0.443283 -0.133334 -0.161652 0.432508 -0.150977 -0.164458 0.421315 
-0.134245 -0.155175 0.412468 -0.105571 -0.162472 0.408807 -0.076898 -0.169769 0.405145 
-0.311075 -0.137256 0.448469 -0.299134 -0.153837 0.453655 -0.252818 -0.158328 0.461187 
-0.27046 -0.161134 0.449994 -0.253729 -0.15185 0.441146 -0.225055 -0.159147 0.437485 
-0.196382 -0.166444 0.433824 -0.167708 -0.173741 0.430163 -0.287192 -0.170417 0.458841 
0.0934553 0.124363 0.182018 0.0767236 0.11508 0.190865 0.105397 0.107783 0.187204 
-0.168485 0.157695 0.249043 -0.169396 0.164172 0.229002 -0.186127 0.154889 0.23785 
-0.139812 0.150398 0.245382 -0.140722 0.156875 0.225341 -0.12878 0.140295 0.230527 
0.0609024 0.099319 0.219753 0.0599919 0.105796 0.199712 0.0432601 0.0965131 0.20856 
0.117339 0.0912025 0.19239 0.146012 0.0839055 0.188729 0.175596 0.070131 0.205108 
0.157954 0.0673251 0.193915 -0.230622 0.146425 0.270399 -0.231532 0.152903 0.250358 
-0.248264 0.143619 0.259206 -0.202859 0.145606 0.246697 -0.115928 0.117237 0.255754 
-0.116839 0.123715 0.235713 -0.104897 0.107134 0.2409 -0.0585814 0.102643 0.248431 
-0.0594919 0.109121 0.228391 -0.0762236 0.0998373 0.237238 -0.029908 0.0953462 0.24477 
-0.0308185 0.101824 0.22473 -0.00123453 0.0880492 0.241109 -0.00214504 0.0945267 0.221068 
0.0274389 0.0807522 0.237448 0.0265284 0.0872297 0.217407 0.0561123 0.0734552 0.233786 
0.169896 0.0507447 0.199101 0.181837 0.0341644 0.204287 -0.292759 0.135155 0.291755 
-0.293669 0.141633 0.271715 -0.310401 0.13235 0.280562 -0.264996 0.134336 0.268053 
-0.0929554 0.090554 0.246086 0.193779 0.017584 0.209473 0.205721 0.00100363 0.214659 
-0.326222 0.116589 0.30945 -0.327133 0.123066 0.289409 -0.343865 0.113783 0.298257 
0.217662 -0.0155767 0.219845 0.229604 -0.0321571 0.225031 -0.348655 0.087919 0.31229 
0.241546 -0.0487375 0.230217 0.253487 -0.0653178 0.235403 -0.335802 0.0648612 0.337517 
-0.353445 0.0620553 0.326324 0.26634 -0.0883757 0.26063 0.248697 -0.0911816 0.249437 
-0.369266 0.0462945 0.355211 -0.370176 0.0527719 0.335171 -0.386908 0.0434886 0.344018 
0.232876 -0.106942 0.278325 0.215234 -0.109748 0.267132 0.231966 -0.100465 0.258284 
-0.374966 0.0269082 0.349204 -0.363025 0.0103278 0.354391 0.210444 -0.135612 0.281165 
-0.367815 -0.0155359 0.368424 0.205654 -0.161476 0.295199 -0.355873 -0.0321163 0.37361 
-0.343931 -0.0486967 0.378796 0.161159 -0.16994 0.327748 0.143517 -0.172746 0.316555 
0.160249 -0.163462 0.307707 0.188922 -0.170759 0.304046 -0.348722 -0.0745604 0.39283 
-0.0156716 -0.152021 0.363749 -0.0333138 -0.154827 0.352556 -0.0165821 -0.145544 0.343708 
0.0120913 -0.152841 0.340047 0.0130018 -0.159318 0.360088 0.0407648 -0.160138 0.336386 
0.0416753 -0.166615 0.356426 0.0694382 -0.167435 0.332725 0.0703487 -0.173912 0.352765 
0.0981116 -0.174732 0.329063 0.0990221 -0.181209 0.349104 0.126785 -0.182029 0.325402 
-0.33678 -0.0911408 0.398016 -0.335869 -0.0976183 0.418056 -0.324838 -0.107721 0.403202 
-0.106482 -0.155994 0.388766 -0.124124 -0.1588 0.377573 -0.107392 -0.149517 0.368726 
-0.078719 -0.156814 0.365064 -0.0778085 -0.163291 0.385105 -0.0500456 -0.164111 0.361403 
-0.329628 -0.133585 0.417235 -0.168619 -0.167264 0.410122 -0.186261 -0.17007 0.398929 
-0.169529 -0.160786 0.390082 -0.140856 -0.168083 0.38642 -0.317687 -0.150165 0.422422 
-0.289013 -0.157462 0.41876 -0.288103 -0.16394 0.438801 -0.26034 -0.164759 0.415099 
-0.231666 -0.172056 0.411438 -0.202993 -0.179353 0.407776 -0.112959 0.156056 0.201639 
-0.11387 0.162533 0.181599 -0.130601 0.15325 0.190446 -0.101928 0.145953 0.186785 
0.0304079 0.119571 0.183333 0.0294974 0.126048 0.163293 0.0127657 0.116765 0.17214 
0.0590813 0.112274 0.179672 0.0581708 0.118751 0.159631 0.0877548 0.104977 0.176011 
0.0701125 0.102171 0.164817 -0.20377 0.152083 0.226657 -0.20468 0.158561 0.206616 
-0.221412 0.149277 0.215464 -0.176007 0.151264 0.202955 -0.147333 0.143967 0.199294 
-0.117749 0.130192 0.215673 -0.106718 0.120089 0.200819 -0.0604024 0.115598 0.20835 
-0.0613129 0.122076 0.18831 -0.0780447 0.112792 0.197157 -0.031729 0.108301 0.204689 
-0.0326395 0.114779 0.184649 -0.00305556 0.101004 0.201028 -0.00396607 0.107482 0.180987 
0.0256179 0.0937072 0.197367 0.0820542 0.0855907 0.170004 0.110728 0.0782937 0.166342 
0.139401 0.0709967 0.162681 0.151343 0.0544163 0.167867 -0.265906 0.140813 0.248013 
-0.266817 0.147291 0.227972 -0.283549 0.138007 0.23682 -0.238144 0.139994 0.224311 
-0.0938659 0.0970314 0.226045 -0.0947764 0.103509 0.206005 0.163284 0.0378359 0.173053 
0.175226 0.0212556 0.178239 -0.30028 0.128724 0.245667 -0.317012 0.119441 0.254514 
0.187168 0.00467521 0.183425 0.199109 -0.0119052 0.188612 -0.333744 0.110157 0.263362 
-0.350476 0.100874 0.272209 0.211051 -0.0284855 0.193798 0.222993 -0.0450659 0.198984 
-0.355266 0.0750103 0.286243 0.234935 -0.0616463 0.20417 0.246876 -0.0782266 0.209356 
-0.371087 0.0592494 0.31513 -0.371997 0.0657269 0.29509 -0.388729 0.0564435 0.303937 
0.231055 -0.0939875 0.238244 0.213413 -0.0967934 0.227051 0.230145 -0.08751 0.218203 
-0.393519 0.0305798 0.317971 0.208623 -0.122657 0.241084 -0.381578 0.0139994 0.323157 
-0.369636 -0.00258098 0.328343 0.192801 -0.138418 0.269972 0.175159 -0.141224 0.258779 
0.191891 -0.131941 0.249932 -0.374426 -0.0284447 0.342377 0.188011 -0.164282 0.284006 
0.170369 -0.167088 0.272812 -0.362484 -0.0450251 0.347563 -0.350543 -0.0616055 0.352749 
0.125875 -0.175551 0.305362 0.108232 -0.178357 0.294168 0.124964 -0.169074 0.285321 
0.153637 -0.176371 0.28166 -0.355333 -0.0874692 0.366782 -0.0509561 -0.157633 0.341363 
-0.0685984 -0.160439 0.330169 -0.0518666 -0.151156 0.321322 -0.0231932 -0.158453 0.317661 
0.00548024 -0.16575 0.314 0.0341537 -0.173047 0.310338 0.0628271 -0.180344 0.306677 
0.0915005 -0.187641 0.303016 -0.343391 -0.10405 0.371968 -0.331449 -0.12063 0.377154 
-0.130735 -0.171709 0.351526 -0.114004 -0.162426 0.342678 -0.0853301 -0.169723 0.339017 
-0.319508 -0.13721 0.382341 -0.318597 -0.143688 0.402381 -0.307566 -0.153791 0.387527 
-0.203903 -0.172876 0.387736 -0.221546 -0.175682 0.376543 -0.204814 -0.166398 0.367695 
-0.17614 -0.173695 0.364034 -0.147467 -0.180992 0.360373 -0.295624 -0.170371 0.392713 
-0.266951 -0.177668 0.389051 -0.238277 -0.184965 0.38539 -0.148244 0.150444 0.179253 
-0.149154 0.156922 0.159213 -0.165886 0.147638 0.16806 -0.120481 0.149625 0.155551 
-0.0908969 0.13585 0.171931 -0.0918074 0.142328 0.15189 -0.0622234 0.128553 0.168269 
-0.063134 0.135031 0.148229 -0.03355 0.121256 0.164608 -0.0344605 0.127734 0.144568 
-0.00487658 0.113959 0.160947 -0.0057871 0.120437 0.140906 0.0228863 0.11314 0.137245 
0.0515598 0.105843 0.133584 0.0635014 0.0892622 0.13877 -0.211291 0.145652 0.180569 
-0.228023 0.136368 0.189416 -0.182618 0.138355 0.176907 -0.0956869 0.109986 0.185964 
0.0754431 0.0726819 0.143956 0.104117 0.0653849 0.140295 0.13279 0.0580879 0.136633 
0.144732 0.0415075 0.14182 -0.301191 0.135202 0.225627 -0.302101 0.141679 0.205586 
-0.318833 0.132396 0.214433 -0.273428 0.134382 0.201925 -0.244755 0.127085 0.198263 
0.156673 0.0249271 0.147006 0.168615 0.00834678 0.152192 -0.334654 0.116635 0.243321 
-0.335565 0.123112 0.223281 -0.352297 0.113829 0.232128 0.180557 -0.00823359 0.157378 
0.192498 -0.024814 0.162564 -0.357087 0.0879652 0.246162 0.20444 -0.0413943 0.16775 
0.216382 -0.0579747 0.172936 -0.372908 0.0722044 0.275049 -0.373818 0.0786818 0.255009 
-0.39055 0.0693985 0.263856 0.229234 -0.0810325 0.198163 0.211592 -0.0838384 0.18697 
-0.39534 0.0435347 0.27789 0.206802 -0.109702 0.201003 -0.383399 0.0269543 0.283076 
-0.382488 0.0204769 0.303116 -0.371457 0.010374 0.288262 0.19098 -0.125463 0.229891 
0.173338 -0.128269 0.218698 0.19007 -0.118986 0.209851 -0.376247 -0.0154898 0.302296 
0.168548 -0.154133 0.232731 -0.364305 -0.0320701 0.307482 -0.363395 -0.0385476 0.327522 
-0.352364 -0.0486505 0.312668 0.152727 -0.169894 0.261619 0.135085 -0.172699 0.250426 
0.151816 -0.163416 0.241579 -0.357154 -0.0745143 0.326701 -0.0241037 -0.151975 0.29762 
-0.041746 -0.154781 0.286427 -0.0250142 -0.145498 0.27758 0.00365921 -0.152795 0.273919 
0.00456973 -0.159272 0.293959 0.0323326 -0.160092 0.270257 0.0332432 -0.166569 0.290298 
0.0610061 -0.167389 0.266596 0.0619166 -0.173866 0.286637 0.0896795 -0.174686 0.262935 
0.09059 -0.181163 0.282975 0.118353 -0.181983 0.259274 -0.345212 -0.0910946 0.331887 
-0.344301 -0.0975721 0.351928 -0.33327 -0.107675 0.337073 -0.0862406 -0.163245 0.318976 
-0.103883 -0.166051 0.307783 -0.0871511 -0.156768 0.298936 -0.0584777 -0.164065 0.295275 
-0.33806 -0.133539 0.351107 -0.177051 -0.167218 0.343994 -0.194693 -0.170024 0.332801 
-0.177961 -0.16074 0.323953 -0.149288 -0.168037 0.320292 -0.148378 -0.174515 0.340332 
-0.120615 -0.175334 0.316631 -0.326119 -0.150119 0.356293 -0.297445 -0.157416 0.352632 
-0.296535 -0.163894 0.372672 -0.268772 -0.164713 0.34897 -0.267861 -0.171191 0.369011 
-0.240098 -0.17201 0.345309 -0.239188 -0.178488 0.36535 -0.211425 -0.179307 0.341648 
-0.155765 0.144013 0.133165 -0.172497 0.134729 0.142013 -0.127092 0.136716 0.129504 
-0.0984185 0.129419 0.125843 -0.069745 0.122122 0.122181 -0.0410716 0.114825 0.11852 
-0.0123982 0.107528 0.114859 0.0162752 0.100231 0.111198 0.0449487 0.0929338 0.107536 
0.0568904 0.0763535 0.112722 -0.274339 0.14086 0.181884 -0.275249 0.147337 0.161844 
-0.291981 0.138054 0.170691 -0.245665 0.133563 0.178223 -0.246576 0.14004 0.158182 
-0.217902 0.132743 0.154521 -0.189229 0.125446 0.15086 0.068832 0.0597731 0.117909 
0.0975055 0.0524761 0.114247 0.126179 0.0451791 0.110586 0.138121 0.0285987 0.115772 
-0.308713 0.12877 0.179539 -0.325444 0.119487 0.188386 0.150062 0.0120184 0.120958 
0.162004 -0.00456202 0.126144 -0.342176 0.110204 0.197233 -0.358908 0.10092 0.206081 
0.173946 -0.0211424 0.13133 0.185887 -0.0377228 0.136516 -0.363698 0.0750564 0.220114 
0.197829 -0.0543031 0.141703 0.209771 -0.0708835 0.146889 -0.38043 0.065773 0.228961 
-0.397161 0.0564897 0.237809 0.193949 -0.0866443 0.175777 0.176307 -0.0894502 0.164583 
0.193039 -0.0801669 0.155736 -0.401951 0.0306259 0.251842 0.189159 -0.112508 0.18981 
0.171517 -0.115314 0.178617 -0.39001 0.0140455 0.257028 -0.378068 -0.00253483 0.262215 
0.166727 -0.141178 0.19265 -0.382858 -0.0283986 0.276248 0.161937 -0.167041 0.206684 
-0.370916 -0.0449789 0.281434 -0.358975 -0.0615593 0.28662 0.0027487 -0.146317 0.253878 
-0.0148936 -0.149123 0.242685 0.00183819 -0.13984 0.233838 0.0305116 -0.147137 0.230176 
0.0314221 -0.153614 0.250217 0.059185 -0.154434 0.226515 0.0600956 -0.160911 0.246556 
0.0878585 -0.161731 0.222854 0.088769 -0.168208 0.242894 0.116532 -0.169028 0.219193 
0.117442 -0.175505 0.239233 0.145205 -0.176325 0.215531 -0.363765 -0.0874231 0.300654 
-0.0593882 -0.157587 0.275234 -0.0770305 -0.160393 0.264041 -0.0602987 -0.15111 0.255194 
-0.0316253 -0.158407 0.251532 -0.351823 -0.104003 0.30584 -0.339881 -0.120584 0.311026 
-0.150199 -0.16156 0.300251 -0.167841 -0.164366 0.289058 -0.151109 -0.155082 0.280211 
-0.122436 -0.162379 0.27655 -0.121525 -0.168857 0.29659 -0.0937622 -0.169676 0.272888 
-0.32794 -0.137164 0.316212 -0.327029 -0.143642 0.336253 -0.299266 -0.144461 0.312551 
-0.298356 -0.150939 0.332591 -0.270593 -0.151758 0.308889 -0.269682 -0.158236 0.32893 
-0.241919 -0.159055 0.305228 -0.241009 -0.165533 0.325269 -0.213246 -0.166352 0.301567 
-0.212335 -0.17283 0.321607 -0.184573 -0.173649 0.297906 -0.190139 0.131924 0.130819 
-0.19105 0.138401 0.110779 -0.207782 0.129118 0.119626 -0.162376 0.131104 0.107118 
-0.133703 0.123807 0.103456 -0.10503 0.11651 0.0997951 -0.0763561 0.109213 0.0961339 
-0.0476827 0.101916 0.0924726 -0.0190093 0.094619 0.0888113 0.00966416 0.087322 0.0851501 
0.0392481 0.0735475 0.101529 0.0216058 0.0707417 0.0903362 -0.28186 0.134428 0.135796 
-0.298592 0.125145 0.144644 -0.253187 0.127131 0.132135 -0.224513 0.119834 0.128474 
0.0335475 0.0541613 0.0955223 0.062221 0.0468643 0.091861 0.0908944 0.0395673 0.0881997 
0.120478 0.0257928 0.104579 0.102836 0.0229869 0.0933858 -0.315324 0.115861 0.153491 
-0.332055 0.106578 0.162338 0.114778 0.00640655 0.0985719 0.143451 -0.000890442 0.0949107 
0.155393 -0.0174708 0.100097 -0.348787 0.0972947 0.171186 -0.365519 0.0880114 0.180033 
0.167335 -0.0340512 0.105283 0.179276 -0.0506316 0.110469 -0.38134 0.0722505 0.208921 
-0.382251 0.078728 0.18888 -0.398982 0.0694446 0.197728 0.192128 -0.0736894 0.135696 
0.174486 -0.0764953 0.124502 -0.403772 0.0435809 0.211761 0.169696 -0.102359 0.138536 
-0.391831 0.0270005 0.216947 -0.39092 0.020523 0.236988 -0.379889 0.0104201 0.222134 
0.164906 -0.128223 0.152569 -0.384679 -0.0154436 0.236167 0.160116 -0.154087 0.166603 
-0.372737 -0.032024 0.241353 -0.371827 -0.0385015 0.261394 -0.360796 -0.0486044 0.246539 
0.115621 -0.16255 0.199152 0.0979791 -0.165356 0.187959 0.114711 -0.156073 0.179112 
0.143384 -0.16337 0.17545 0.144295 -0.169847 0.195491 -0.365586 -0.0744681 0.260573 
-0.0612092 -0.144632 0.235153 -0.0788515 -0.147438 0.22396 -0.0621197 -0.138155 0.215113 
-0.0334463 -0.145452 0.211451 -0.0325358 -0.151929 0.231492 -0.0047729 -0.152749 0.20779 
0.0239005 -0.160046 0.204129 0.052574 -0.167343 0.200468 0.0812474 -0.17464 0.196806 
-0.353644 -0.0910485 0.265759 -0.352734 -0.0975259 0.285799 -0.341702 -0.107629 0.270945 
-0.123346 -0.155902 0.256509 -0.140988 -0.158708 0.245316 -0.124257 -0.149424 0.236469 
-0.0955832 -0.156721 0.232807 -0.0946727 -0.163199 0.252848 -0.329761 -0.124209 0.276131 
-0.32885 -0.130687 0.296172 -0.301087 -0.131506 0.27247 -0.300177 -0.137984 0.29251 
-0.272414 -0.138803 0.268808 -0.271503 -0.145281 0.288849 -0.24374 -0.1461 0.265147 
-0.24283 -0.152578 0.285188 -0.215067 -0.153397 0.261486 -0.214156 -0.159875 0.281526 
-0.186394 -0.160694 0.257825 -0.185483 -0.167172 0.277865 -0.15772 -0.167991 0.254163 
-0.134613 0.130284 0.0834159 -0.135524 0.136762 0.0633754 -0.152256 0.127479 0.0722228 
-0.10594 0.122987 0.0797546 -0.106851 0.129465 0.0597141 -0.0949089 0.112885 0.0649002 
-0.254097 0.133609 0.112094 -0.255008 0.140086 0.092054 -0.27174 0.130803 0.100901 
-0.225424 0.126312 0.108433 -0.226334 0.132789 0.0883927 -0.197661 0.125492 0.0847314 
-0.168987 0.118195 0.0810702 -0.0829672 0.0963042 0.0700864 -0.0542938 0.0890072 0.0664251 
-0.0256203 0.0817102 0.0627638 0.00305308 0.0744132 0.0591025 0.0149948 0.0578329 0.0642887 
-0.316234 0.122339 0.13345 -0.317145 0.128816 0.11341 -0.333876 0.119533 0.122257 
-0.288471 0.121519 0.109749 0.0269365 0.0412525 0.0694748 0.0565204 0.027478 0.085854 
0.0388781 0.0246721 0.0746609 0.0851938 0.020181 0.0821927 -0.349698 0.103772 0.151145 
-0.350608 0.11025 0.131105 -0.36734 0.100966 0.139952 0.0508198 0.00809175 0.079847 
0.0794932 0.000794752 0.0761857 0.108167 -0.00650224 0.0725244 0.137751 -0.0202767 0.0889037 
0.120108 -0.0230826 0.0777105 -0.37213 0.0751026 0.153986 0.13205 -0.039663 0.0828966 
0.161634 -0.0534375 0.0992759 0.143992 -0.0562434 0.0880827 -0.388862 0.0658192 0.162833 
-0.405593 0.0565358 0.17168 0.156844 -0.0793012 0.113309 0.139202 -0.0821071 0.102116 
-0.410383 0.0306721 0.185714 0.152054 -0.105165 0.127343 0.134412 -0.107971 0.11615 
-0.398442 0.0140917 0.1909 -0.3865 -0.00248867 0.196086 0.147264 -0.131029 0.141376 
0.129622 -0.133835 0.130183 -0.374558 -0.019069 0.201272 -0.373648 -0.0255465 0.221313 
-0.362617 -0.0356494 0.206458 0.1138 -0.149595 0.159071 0.0961581 -0.152401 0.147878 
0.11289 -0.143118 0.139031 0.142474 -0.156892 0.15541 -0.367407 -0.0615132 0.220492 
-0.0343568 -0.138974 0.191411 -0.0519991 -0.14178 0.180218 -0.0352674 -0.132497 0.17137 
-0.00659393 -0.139794 0.167709 -0.00568341 -0.146271 0.18775 0.0220795 -0.147091 0.164048 
0.02299 -0.153568 0.184088 0.0507529 -0.154388 0.160387 0.0516634 -0.160865 0.180427 
0.0794264 -0.161685 0.156725 0.0803369 -0.168162 0.176766 -0.355465 -0.0780935 0.225678 
-0.354555 -0.084571 0.245718 -0.343523 -0.0946739 0.230864 -0.0964937 -0.150244 0.212767 
-0.114136 -0.15305 0.201574 -0.0974043 -0.143766 0.192726 -0.0687308 -0.151063 0.189065 
-0.331582 -0.111254 0.23605 -0.330671 -0.117732 0.256091 -0.302908 -0.118551 0.232389 
-0.301998 -0.125029 0.252429 -0.290967 -0.135132 0.237575 -0.187304 -0.154217 0.237784 
-0.204946 -0.157023 0.226591 -0.188215 -0.147739 0.217744 -0.159541 -0.155036 0.214082 
-0.158631 -0.161514 0.234123 -0.130868 -0.162333 0.210421 -0.279025 -0.151712 0.242761 
-0.250351 -0.159009 0.2391 -0.221678 -0.166306 0.235438 -0.169898 0.124673 0.0610297 
-0.170809 0.13115 0.0409892 -0.18754 0.121867 0.0498365 -0.142135 0.123853 0.0373279 
-0.113462 0.116556 0.0336666 -0.10152 0.0999758 0.0388527 -0.289382 0.127997 0.0897082 
-0.290292 0.134474 0.0696677 -0.307024 0.125191 0.0785151 -0.261619 0.127177 0.0660065 
-0.232945 0.11988 0.0623452 -0.204272 0.112583 0.0586839 -0.0895783 0.0833954 0.0440388 
-0.0609049 0.0760984 0.0403776 -0.0322314 0.0688014 0.0367163 -0.003558 0.0615044 0.033055 
0.00838368 0.0449241 0.0382411 -0.323756 0.115908 0.0873625 -0.340487 0.106624 0.0962099 
0.0203254 0.0283437 0.0434272 0.0322671 0.0117633 0.0486133 -0.357219 0.0973409 0.105057 
-0.373951 0.0880575 0.113905 0.0442087 -0.00481705 0.0537995 0.0728822 -0.012114 0.0501382 
0.101556 -0.019411 0.0464769 0.113497 -0.0359914 0.051663 -0.389772 0.0722967 0.142792 
-0.390683 0.0787741 0.122752 -0.407414 0.0694908 0.131599 0.126349 -0.0590493 0.0768896 
0.108707 -0.0618552 0.0656965 -0.412205 0.043627 0.145633 0.120649 -0.0784355 0.0708826 
0.132591 -0.0950159 0.0760687 -0.400263 0.0270466 0.150819 -0.399352 0.0205692 0.170859 
-0.388321 0.0104663 0.156005 0.127801 -0.12088 0.0901022 -0.393111 -0.0153975 0.170039 
0.12301 -0.146743 0.104136 -0.381169 -0.0319778 0.175225 -0.369228 -0.0485582 0.180411 
-0.0361779 -0.126019 0.15133 -0.0538201 -0.128825 0.140137 -0.0370884 -0.119542 0.131289 
-0.00841496 -0.126839 0.127628 -0.00750444 -0.133316 0.147669 0.0202585 -0.134136 0.123967 
0.021169 -0.140613 0.144007 0.0489319 -0.141433 0.120306 0.0498424 -0.14791 0.140346 
0.0776053 -0.14873 0.116644 0.0785158 -0.155207 0.136685 0.106279 -0.156027 0.112983 
-0.374018 -0.0744219 0.194444 -0.0696413 -0.144586 0.169025 -0.0872836 -0.147392 0.157832 
-0.0705519 -0.138109 0.148984 -0.362076 -0.0910023 0.19963 -0.350134 -0.107583 0.204816 
-0.131778 -0.155856 0.190381 -0.149421 -0.158662 0.179188 -0.132689 -0.149378 0.17034 
-0.104015 -0.156675 0.166679 -0.338193 -0.124163 0.210003 -0.309519 -0.13146 0.206341 
-0.280846 -0.138757 0.20268 -0.279935 -0.145235 0.22272 -0.252173 -0.146054 0.199019 
-0.251262 -0.152532 0.219059 -0.223499 -0.153351 0.195357 -0.222589 -0.159829 0.215398 
-0.194826 -0.160648 0.191696 -0.166152 -0.167945 0.188035 -0.233856 0.126358 0.0423047 
-0.234766 0.132835 0.0222642 -0.251498 0.123552 0.0311116 -0.205183 0.119061 0.0386434 
-0.206093 0.125538 0.0186029 -0.17742 0.118241 0.0149417 -0.148746 0.110944 0.0112804 
-0.120073 0.103647 0.00761912 -0.0904888 0.0898729 0.0239983 -0.0913993 0.0963504 0.00395785 
-0.0794576 0.07977 0.00914395 -0.324666 0.122385 0.067322 -0.325577 0.128863 0.0472815 
-0.342309 0.119579 0.0561289 -0.296903 0.121566 0.0436202 -0.26823 0.114269 0.0399589 
-0.0675159 0.0631896 0.0143301 -0.0388425 0.0558926 0.0106688 -0.0101691 0.0485956 0.00700752 
0.0017726 0.0320153 0.0121936 -0.347099 0.0937155 0.0701623 0.0137143 0.0154349 0.0173797 
0.0432982 0.00166043 0.033759 0.0423877 0.0081379 0.0137185 0.0543294 -0.00844247 0.0189046 
-0.36383 0.0844321 0.0790097 -0.380562 0.0751487 0.0878571 0.0662711 -0.0250228 0.0240907 
0.0949445 -0.0323198 0.0204294 0.106886 -0.0489002 0.0256155 -0.397294 0.0658653 0.0967045 
-0.414026 0.056582 0.105552 0.102096 -0.0747639 0.039649 -0.418816 0.0307182 0.119585 
0.114038 -0.0913443 0.0448351 0.12598 -0.107925 0.0500212 -0.406874 0.0141378 0.124771 
-0.394932 -0.00244252 0.129958 0.121189 -0.133788 0.0640547 -0.382991 -0.0190229 0.135144 
-0.38208 -0.0255004 0.155184 -0.371049 -0.0356033 0.14033 -0.0379989 -0.113064 0.111249 
-0.0556412 -0.11587 0.100056 -0.0389094 -0.106587 0.0912084 -0.010236 -0.113884 0.0875471 
-0.00932547 -0.120361 0.107588 0.0184374 -0.121181 0.0838858 0.019348 -0.127658 0.103926 
0.0471109 -0.128478 0.0802246 0.0480214 -0.134955 0.100265 0.0757843 -0.135775 0.0765633 
0.0766948 -0.142252 0.0966038 0.104458 -0.143072 0.072902 0.105368 -0.149549 0.0929425 
-0.375839 -0.061467 0.154363 -0.0714624 -0.131631 0.128944 -0.0891046 -0.134437 0.117751 
-0.0723729 -0.125154 0.108903 -0.363897 -0.0780474 0.159549 -0.362987 -0.0845248 0.17959 
-0.351956 -0.0946277 0.164735 -0.104926 -0.150198 0.146638 -0.122568 -0.153004 0.135445 
-0.105836 -0.14372 0.126598 -0.340014 -0.111208 0.169922 -0.339103 -0.117686 0.189962 
-0.31134 -0.118505 0.16626 -0.31043 -0.124983 0.186301 -0.282667 -0.125802 0.162599 
-0.281756 -0.13228 0.182639 -0.253994 -0.133099 0.158938 -0.253083 -0.139577 0.178978 
-0.22532 -0.140396 0.155276 -0.22441 -0.146874 0.175317 -0.196647 -0.147693 0.151615 
-0.195736 -0.154171 0.171656 -0.167973 -0.15499 0.147954 -0.167063 -0.161468 0.167994 
-0.1393 -0.162287 0.144293 -0.297814 0.128043 0.0235797 -0.298724 0.134521 0.00353923 
-0.315456 0.125237 0.0123866 -0.26914 0.120746 0.0199185 -0.270051 0.127224 -0.000122044 
-0.241378 0.119927 -0.00378331 -0.212704 0.11263 -0.00744458 -0.184031 0.105333 -0.0111059 
-0.155357 0.0980356 -0.0147671 -0.126684 0.0907386 -0.0184284 -0.0980104 0.0834416 -0.0220897 
-0.0684265 0.0696671 -0.00571044 -0.069337 0.0761446 -0.0257509 -0.0573953 0.0595642 -0.0205648 
-0.332188 0.115954 0.021234 -0.34892 0.10667 0.0300813 -0.0454536 0.0429838 -0.0153787 
-0.0167802 0.0356868 -0.01904 0.0128038 0.0219124 -0.00266077 0.0118933 0.0283898 -0.0227013 
0.0414772 0.0146154 -0.00632204 0.0405667 0.0210928 -0.0263625 0.0525084 0.00451248 -0.0211764 
-0.364741 0.0909096 0.0589692 -0.365651 0.097387 0.0389287 -0.382383 0.0881037 0.0477761 
0.0653606 -0.0185454 0.00405017 0.0644501 -0.0120679 -0.0159903 0.0763917 -0.0286483 -0.0108042 
-0.387173 0.0622399 0.0618096 0.0883334 -0.0452286 -0.00561812 0.117917 -0.0590031 0.0107611 
0.117007 -0.0525256 -0.00927939 0.128949 -0.069106 -0.00409328 -0.403905 0.0529565 0.0706569 
-0.420637 0.0436732 0.0795043 0.113127 -0.0848668 0.0247946 0.124158 -0.0949697 0.0099402 
-0.408695 0.0270928 0.0846904 -0.407784 0.0206153 0.104731 -0.396753 0.0105124 0.0898765 
0.119368 -0.120833 0.0239737 -0.401543 -0.0153513 0.10391 -0.0111465 -0.107406 0.0675066 
-0.0287888 -0.110212 0.0563135 -0.012057 -0.100929 0.0474661 0.0166164 -0.108226 0.0438049 
0.0175269 -0.114703 0.0638454 0.0452898 -0.115523 0.0401436 0.0462004 -0.122 0.0601841 
0.0739633 -0.12282 0.0364823 0.0748738 -0.129297 0.0565228 0.0859049 -0.1394 0.0416684 
0.114578 -0.146697 0.0380072 -0.389602 -0.0319317 0.109096 -0.37766 -0.0485121 0.114282 
-0.0622522 -0.128779 0.0740082 -0.0455205 -0.119496 0.0651609 0.0978466 -0.155981 0.0468545 
-0.365718 -0.0650924 0.119468 -0.364808 -0.0715699 0.139509 -0.353777 -0.0816728 0.124654 
-0.106747 -0.137243 0.106557 -0.124389 -0.140049 0.0953643 -0.107657 -0.130765 0.0865169 
-0.078984 -0.138062 0.0828556 -0.341835 -0.0982532 0.129841 -0.340924 -0.104731 0.149881 
-0.329893 -0.114834 0.135027 -0.197557 -0.141216 0.131575 -0.215199 -0.144022 0.120382 
-0.198468 -0.134738 0.111534 -0.169794 -0.142035 0.107873 -0.168884 -0.148513 0.127913 
-0.141121 -0.149332 0.104212 -0.14021 -0.15581 0.124252 -0.317952 -0.131414 0.140213 
-0.289278 -0.138711 0.136551 -0.260605 -0.146008 0.13289 -0.231931 -0.153305 0.129229 
-0.305335 0.121612 -0.0225083 -0.322067 0.112328 -0.0136609 -0.276662 0.114315 -0.0261696 
-0.247989 0.107018 -0.0298308 -0.219315 0.0997208 -0.0334921 -0.190642 0.0924238 -0.0371534 
-0.161968 0.0851268 -0.0408146 -0.133295 0.0778298 -0.0444759 -0.104621 0.0705328 -0.0481372 
-0.0759481 0.0632358 -0.0517984 -0.0640064 0.0466554 -0.0466123 -0.338799 0.103045 -0.00481354 
-0.355531 0.0937616 0.00403384 -0.0520647 0.030075 -0.0414262 -0.0233913 0.022778 -0.0450875 
0.00528217 0.015481 -0.0487488 0.0339556 0.00818405 -0.05241 0.0635395 -0.00559042 -0.0360308 
0.062629 0.000887057 -0.0560713 0.0745707 -0.0156933 -0.0508852 -0.372262 0.0844782 0.0128812 
-0.388994 0.0751949 0.0217286 0.0874229 -0.0387512 -0.0256586 0.0865124 -0.0322737 -0.0456991 
0.116096 -0.0460481 -0.0293199 0.115186 -0.0395707 -0.0493604 0.127128 -0.056151 -0.0441743 
-0.393784 0.0493311 0.0357621 0.122337 -0.0820148 -0.0301408 -0.409605 0.0335703 0.0646499 
-0.398574 0.0234674 0.0497955 0.134279 -0.0985952 -0.0249547 0.13519 -0.105073 -0.0049142 
0.146221 -0.115176 -0.0197686 -0.403364 -0.00239637 0.063829 0.112757 -0.133742 -0.00207384 
0.129489 -0.124459 -0.0109212 -0.408154 -0.0282601 0.0778625 -0.046431 -0.113018 0.0451204 
-0.0640733 -0.115824 0.0339273 -0.0473415 -0.106541 0.0250799 -0.0186681 -0.113838 0.0214186 
0.0100053 -0.121135 0.0177573 0.0386788 -0.128432 0.0140961 0.0673522 -0.135729 0.0104348 
0.0960256 -0.143026 0.00677354 0.0969361 -0.149503 0.026814 -0.396213 -0.0448405 0.0830486 
-0.384271 -0.0614209 0.0882347 -0.0798945 -0.131585 0.0628151 -0.0975367 -0.134391 0.051622 
-0.080805 -0.125107 0.0427746 -0.372329 -0.0780012 0.0934208 -0.360388 -0.0945816 0.0986069 
-0.142031 -0.142855 0.0841711 -0.159674 -0.145661 0.072978 -0.142942 -0.136377 0.0641306 
-0.114268 -0.143674 0.0604694 -0.348446 -0.111162 0.103793 -0.319773 -0.118459 0.100132 
-0.318862 -0.124936 0.120172 -0.291099 -0.125756 0.0964705 -0.290189 -0.132233 0.116511 
-0.262426 -0.133053 0.0928092 -0.261515 -0.13953 0.11285 -0.233752 -0.14035 0.0891479 
-0.232842 -0.146827 0.109188 -0.205079 -0.147647 0.0854867 -0.176405 -0.154944 0.0818254 
-0.191552 0.0989012 -0.0571939 -0.192463 0.105379 -0.0772344 -0.209195 0.0960953 -0.068387 
-0.162879 0.0916042 -0.0608551 -0.163789 0.0980817 -0.0808956 -0.151848 0.0815013 -0.0757095 
-0.311947 0.108703 -0.0485558 -0.328678 0.0994196 -0.0397084 -0.283273 0.101406 -0.0522171 
-0.2546 0.094109 -0.0558783 -0.225926 0.086812 -0.0595396 -0.139906 0.064921 -0.0705234 
-0.111233 0.057624 -0.0741847 -0.0825591 0.050327 -0.077846 -0.0529752 0.0365525 -0.0614667 
-0.0538857 0.04303 -0.0815072 -0.041944 0.0264496 -0.0763211 -0.34541 0.0901362 -0.0308611 
-0.362142 0.0808528 -0.0220137 -0.0300023 0.00986925 -0.071135 -0.00132891 0.00257225 -0.0747963 
0.0273445 -0.00472474 -0.0784576 0.0560179 -0.0120217 -0.0821188 0.0856019 -0.0257962 -0.0657396 
0.0846914 -0.0193187 -0.0857801 0.0966331 -0.0358991 -0.080594 -0.378873 0.0715694 -0.0131663 
-0.395605 0.0622861 -0.00431893 0.108575 -0.0524795 -0.0754079 0.138159 -0.0662539 -0.0590287 
0.137248 -0.0597765 -0.0790692 0.14919 -0.0763568 -0.0738831 -0.400395 0.0364223 0.00971455 
0.133369 -0.0921177 -0.0449952 0.1444 -0.102221 -0.0598496 -0.405185 0.0105586 0.023748 
0.13961 -0.128084 -0.0458161 -0.409975 -0.0153052 0.0377815 -0.0195786 -0.10736 0.00137812 
-0.0372209 -0.110166 -0.009815 -0.0204891 -0.100883 -0.0186624 0.0081843 -0.10818 -0.0223236 
0.00909482 -0.114657 -0.00228315 0.0368577 -0.115477 -0.0259849 0.0377682 -0.121954 -0.00594442 
0.0655312 -0.122774 -0.0296462 0.0664417 -0.129251 -0.00960569 0.0774728 -0.139354 -0.0244601 
0.106146 -0.146651 -0.0281214 0.122878 -0.137368 -0.0369687 -0.398034 -0.0318855 0.0429676 
-0.397123 -0.038363 0.0630081 -0.386092 -0.0484659 0.0481537 -0.0706843 -0.128733 0.00787975 
-0.0539526 -0.119449 -0.000967628 0.0894145 -0.155934 -0.019274 -0.37415 -0.0650463 0.0533398 
-0.37324 -0.0715237 0.0733803 -0.362209 -0.0816266 0.0585259 -0.115179 -0.137197 0.0404289 
-0.132821 -0.140003 0.0292358 -0.11609 -0.130719 0.0203884 -0.0874161 -0.138016 0.0167271 
-0.350267 -0.098207 0.063712 -0.349356 -0.104684 0.0837525 -0.321594 -0.105504 0.0600508 
-0.320683 -0.111981 0.0800913 -0.309652 -0.122084 0.0652369 -0.263336 -0.126575 0.0727687 
-0.280978 -0.129381 0.0615756 -0.264247 -0.120098 0.0527282 -0.235573 -0.127395 0.0490669 
-0.234663 -0.133872 0.0691074 -0.2069 -0.134692 0.0454057 -0.205989 -0.141169 0.0654462 
-0.178226 -0.141989 0.0417444 -0.177316 -0.148466 0.0617849 -0.149553 -0.149286 0.0380831 
-0.29771 -0.138665 0.070423 -0.25551 0.100586 -0.0759188 -0.256421 0.107064 -0.0959593 
-0.273152 0.0977805 -0.087112 -0.226837 0.0932894 -0.0795801 -0.227747 0.0997669 -0.0996206 
-0.199074 0.0924699 -0.103282 -0.1704 0.0851729 -0.106943 -0.140816 0.0713984 -0.0905639 
-0.141727 0.0778759 -0.110604 -0.112143 0.0641015 -0.0942252 -0.113054 0.0705789 -0.114266 
-0.101112 0.0539986 -0.10908 -0.318558 0.0957941 -0.0746033 -0.335289 0.0865108 -0.0657559 
-0.289884 0.0884971 -0.0782646 -0.0891702 0.0374182 -0.103893 -0.0604968 0.0301212 -0.107555 
-0.0309129 0.0163467 -0.0911755 -0.0318234 0.0228242 -0.111216 -0.0198817 0.00624383 -0.10603 
-0.352021 0.0772274 -0.0569086 -0.368753 0.067944 -0.0480612 -0.00793999 -0.0103365 -0.100844 
0.0207334 -0.0176335 -0.104505 0.0494069 -0.0249305 -0.108166 0.0780803 -0.0322275 -0.111828 
0.107664 -0.046002 -0.0954484 0.106754 -0.0395245 -0.115489 0.136338 -0.053299 -0.0991097 
0.135427 -0.0468215 -0.11915 0.147369 -0.0634019 -0.113964 -0.385485 0.0586606 -0.0392138 
-0.402216 0.0493773 -0.0303664 0.160221 -0.0864597 -0.0887375 0.159311 -0.0799823 -0.108778 
0.171252 -0.0965626 -0.103592 -0.407006 0.0235135 -0.016333 0.155431 -0.112323 -0.074704 
0.166462 -0.122426 -0.0895584 -0.411796 -0.00235022 -0.00229949 0.132999 -0.140993 -0.0718636 
0.14973 -0.13171 -0.080711 -0.399855 -0.0189306 0.00288662 -0.398944 -0.0254081 0.0229271 
-0.387913 -0.035511 0.00807272 -0.0438319 -0.123075 -0.0358625 -0.0271002 -0.113792 -0.0447099 
0.00157322 -0.121089 -0.0483712 0.0302466 -0.128386 -0.0520324 0.0589201 -0.135683 -0.0556937 
0.0875935 -0.14298 -0.059355 0.088504 -0.149457 -0.0393145 0.116267 -0.150276 -0.0630162 
-0.392703 -0.0613747 0.0221062 -0.0883266 -0.131539 -0.00331338 -0.105969 -0.134345 -0.0145065 
-0.0892371 -0.125061 -0.0233539 -0.0605637 -0.132358 -0.0270151 -0.380761 -0.0779551 0.0272923 
-0.36882 -0.0945354 0.0324784 -0.20781 -0.128215 0.0253652 -0.225453 -0.13102 0.0141721 
-0.208721 -0.121737 0.00532469 -0.180047 -0.129034 0.00166342 -0.179137 -0.135512 0.0217039 
-0.151374 -0.136331 -0.00199785 -0.150464 -0.142808 0.0180426 -0.122701 -0.143628 -0.00565912 
-0.356878 -0.111116 0.0376645 -0.328205 -0.118413 0.0340032 -0.299531 -0.12571 0.030342 
-0.298621 -0.132187 0.0503825 -0.270858 -0.133007 0.0266807 -0.242184 -0.140304 0.0230194 
-0.290795 0.0949746 -0.0983051 -0.291705 0.101452 -0.118346 -0.308437 0.0921687 -0.109498 
-0.263032 0.0941551 -0.122007 -0.234358 0.0868581 -0.125668 -0.205685 0.0795611 -0.129329 
-0.177012 0.0722641 -0.132991 -0.148338 0.0649671 -0.136652 -0.119665 0.0576701 -0.140313 
-0.0900807 0.0438957 -0.123934 -0.0909912 0.0503731 -0.143974 -0.0614073 0.0365987 -0.127595 
-0.0623178 0.0430761 -0.147636 -0.0503761 0.0264958 -0.14245 -0.325169 0.0828853 -0.100651 
-0.3419 0.073602 -0.0918035 -0.0384344 0.0099154 -0.137264 -0.00885051 -0.00385907 -0.120884 
-0.00976102 0.0026184 -0.140925 0.0198229 -0.0111561 -0.124546 0.0189124 -0.00467859 -0.144586 
0.0484963 -0.0184531 -0.128207 0.0475858 -0.0119756 -0.148247 0.0771698 -0.0257501 -0.131868 
0.0762593 -0.0192726 -0.151909 0.0882009 -0.035853 -0.146722 -0.358632 0.0643186 -0.0829561 
-0.375364 0.0550352 -0.0741087 0.100143 -0.0524333 -0.141536 0.128816 -0.0597303 -0.145198 
0.1584 -0.0735048 -0.128818 0.157489 -0.0670273 -0.148859 0.187073 -0.0808018 -0.13248 
0.186163 -0.0743243 -0.15252 0.198105 -0.0909047 -0.147334 -0.392096 0.0457519 -0.0652613 
-0.408827 0.0364685 -0.056414 0.182283 -0.106666 -0.118446 0.193315 -0.116768 -0.133301 
-0.413617 0.0106047 -0.0423805 0.177493 -0.132529 -0.104413 0.188524 -0.142632 -0.119267 
-0.418408 -0.015259 -0.028347 0.000662704 -0.114611 -0.0684117 -0.0169796 -0.117417 -0.0796048 
-0.000247811 -0.108134 -0.0884522 0.0284256 -0.115431 -0.0921134 0.0293361 -0.121908 -0.0720729 
0.057099 -0.122728 -0.0957747 0.0580096 -0.129205 -0.0757342 0.0857725 -0.130025 -0.099436 
0.086683 -0.136502 -0.0793955 0.0977142 -0.146605 -0.0942499 0.126388 -0.153902 -0.0979111 
0.143119 -0.144619 -0.106758 0.171793 -0.151916 -0.11042 -0.406466 -0.0318394 -0.0231609 
-0.394524 -0.0484198 -0.0179748 -0.0614742 -0.125881 -0.0470556 -0.0791165 -0.128687 -0.0582488 
-0.0623847 -0.119403 -0.0670961 -0.0337113 -0.1267 -0.0707574 0.109656 -0.163185 -0.0890638 
-0.382582 -0.0650001 -0.0127887 -0.381672 -0.0714776 0.00725181 -0.370641 -0.0815805 -0.00760258 
-0.123611 -0.137151 -0.0256996 -0.141253 -0.139956 -0.0368927 -0.124522 -0.130673 -0.0457401 
-0.0958482 -0.13797 -0.0494014 -0.358699 -0.0981609 -0.00241648 -0.357789 -0.104638 0.017624 
-0.330026 -0.105458 -0.00607775 -0.329115 -0.111935 0.0139627 -0.301352 -0.112755 -0.00973902 
-0.300442 -0.119232 0.0103015 -0.272679 -0.120052 -0.0134003 -0.271768 -0.126529 0.00664021 
-0.244005 -0.127349 -0.0170616 -0.243095 -0.133826 0.00297894 -0.215332 -0.134646 -0.0207228 
-0.186659 -0.141943 -0.0243841 -0.157985 -0.14924 -0.0280454 -0.298316 0.0885433 -0.144393 
-0.315048 0.0792599 -0.135546 -0.269643 0.0812463 -0.148054 -0.240969 0.0739493 -0.151716 
-0.212296 0.0666523 -0.155377 -0.183623 0.0593553 -0.159038 -0.154949 0.0520583 -0.162699 
-0.126276 0.0447613 -0.166361 -0.0976023 0.0374643 -0.170022 -0.0689289 0.0301673 -0.173683 
-0.039345 0.0163929 -0.157304 -0.0402555 0.0228703 -0.177345 -0.0283138 0.00628998 -0.172158 
-0.33178 0.0699766 -0.126698 -0.348512 0.0606932 -0.117851 -0.0163721 -0.0102904 -0.166972 
0.0123013 -0.0175874 -0.170634 0.0409747 -0.0248844 -0.174295 0.0696482 -0.0321814 -0.177956 
0.0992321 -0.0459558 -0.161577 0.0983216 -0.0394784 -0.181617 0.127906 -0.0532528 -0.165238 
0.126995 -0.0467754 -0.185279 0.156579 -0.0605498 -0.168899 0.155668 -0.0540724 -0.18894 
0.16761 -0.0706527 -0.183754 -0.365243 0.0514098 -0.109004 -0.381975 0.0421264 -0.100156 
0.179552 -0.0872331 -0.178568 0.209136 -0.101008 -0.162189 0.208225 -0.0945301 -0.182229 
0.220167 -0.11111 -0.177043 -0.398707 0.0328431 -0.0913088 -0.415439 0.0235597 -0.0824615 
0.204346 -0.126871 -0.148155 0.215377 -0.136974 -0.163009 -0.420229 -0.00230406 -0.068428 
0.181913 -0.155541 -0.145315 0.198645 -0.146258 -0.154162 -0.408287 -0.0188844 -0.0632419 
-0.407376 -0.0253619 -0.0432014 -0.396345 -0.0354648 -0.0580558 -0.0346218 -0.120223 -0.0907979 
-0.0522641 -0.123029 -0.101991 -0.0355323 -0.113745 -0.110838 -0.00685889 -0.121042 -0.1145 
0.0218145 -0.128339 -0.118161 0.050488 -0.135636 -0.121822 0.0791614 -0.142933 -0.125483 
0.107835 -0.15023 -0.129145 0.108745 -0.156708 -0.109104 0.136508 -0.157527 -0.132806 
0.165182 -0.164824 -0.136467 -0.384403 -0.0520452 -0.0528697 -0.383493 -0.0585226 -0.0328292 
-0.372462 -0.0686255 -0.0476836 -0.0967587 -0.131493 -0.0694419 -0.114401 -0.134299 -0.080635 
-0.0976692 -0.125015 -0.0894824 -0.0689958 -0.132312 -0.0931436 -0.36052 -0.0852059 -0.0424975 
-0.35961 -0.0916834 -0.022457 -0.331847 -0.0925029 -0.0461587 -0.330936 -0.0989804 -0.0261182 
-0.303173 -0.0997999 -0.04982 -0.302263 -0.106277 -0.0297795 -0.2745 -0.107097 -0.0534813 
-0.273589 -0.113574 -0.0334408 -0.245826 -0.114394 -0.0571425 -0.244916 -0.120871 -0.0371021 
-0.217153 -0.121691 -0.0608038 -0.216242 -0.128168 -0.0407633 -0.18848 -0.128988 -0.0644651 
-0.187569 -0.135465 -0.0444246 -0.159806 -0.136285 -0.0681264 -0.158896 -0.142762 -0.0480859 
-0.131133 -0.143582 -0.0717876 -0.33269 0.076454 -0.146739 -0.333601 0.0829315 -0.166779 
-0.350333 0.0736481 -0.157932 -0.304927 0.0756345 -0.170441 -0.276254 0.0683375 -0.174102 
-0.247581 0.0610405 -0.177763 -0.218907 0.0537435 -0.181424 -0.190234 0.0464465 -0.185086 
-0.16156 0.0391495 -0.188747 -0.132887 0.0318525 -0.192408 -0.104213 0.0245555 -0.196069 
-0.07554 0.0172585 -0.199731 -0.0468666 0.00996155 -0.203392 -0.0172826 -0.00381292 -0.187013 
-0.0181931 0.00266456 -0.207053 0.0113908 -0.0111099 -0.190674 0.0104803 -0.00463244 -0.210715 
0.0400642 -0.0184069 -0.194335 0.0391537 -0.0119294 -0.214376 0.0510954 -0.0285098 -0.20919 
-0.355123 0.0477844 -0.143898 0.0630371 -0.0450902 -0.204004 0.0917105 -0.0523872 -0.207665 
0.120384 -0.0596842 -0.211326 0.149057 -0.0669812 -0.214987 0.178641 -0.0807556 -0.198608 
0.177731 -0.0742782 -0.218649 0.207315 -0.0880526 -0.202269 0.206404 -0.0815751 -0.22231 
0.218346 -0.0981555 -0.217124 -0.371854 0.038501 -0.135051 -0.388586 0.0292176 -0.126204 
0.231198 -0.121213 -0.191897 0.230288 -0.114736 -0.211938 0.242229 -0.131316 -0.206752 
-0.404407 0.0134568 -0.0973159 -0.393376 0.00335389 -0.11217 0.208766 -0.149883 -0.189057 
0.225498 -0.1406 -0.197904 -0.409197 -0.012407 -0.0832824 -0.398166 -0.0225099 -0.0981368 
0.020904 -0.121862 -0.138201 0.00326176 -0.124668 -0.149395 0.0199935 -0.115384 -0.158242 
0.0486669 -0.122681 -0.161903 0.0495774 -0.129159 -0.141863 0.0773404 -0.129978 -0.165564 
0.0782509 -0.136456 -0.145524 0.106014 -0.137275 -0.169226 0.106924 -0.143753 -0.149185 
0.117955 -0.153856 -0.16404 0.175302 -0.16845 -0.171362 0.192034 -0.159166 -0.18021 
-0.402956 -0.0483736 -0.0841033 -0.0699063 -0.125835 -0.113184 -0.0875486 -0.128641 -0.124377 
-0.0708168 -0.119357 -0.133225 -0.0421434 -0.126654 -0.136886 -0.01347 -0.133951 -0.140547 
0.129897 -0.170436 -0.158854 0.158571 -0.177733 -0.162515 -0.391015 -0.064954 -0.0789172 
-0.379073 -0.0815343 -0.0737311 -0.132043 -0.137104 -0.0918281 -0.149685 -0.13991 -0.103021 
-0.132954 -0.130627 -0.111869 -0.10428 -0.137924 -0.11553 -0.367131 -0.0981147 -0.068545 
-0.338458 -0.105412 -0.0722063 -0.309784 -0.112709 -0.0758675 -0.281111 -0.120006 -0.0795288 
-0.252438 -0.127303 -0.0831901 -0.223764 -0.1346 -0.0868513 -0.195091 -0.141897 -0.0905126 
-0.166417 -0.149194 -0.0941739 -0.277164 0.074815 -0.194142 -0.278075 0.0812925 -0.214183 
-0.294807 0.0720091 -0.205335 -0.248491 0.067518 -0.197804 -0.249402 0.0739955 -0.217844 
-0.219818 0.060221 -0.201465 -0.220728 0.0666985 -0.221505 -0.191144 0.052924 -0.205126 
-0.192055 0.0594015 -0.225167 -0.180113 0.0428211 -0.219981 -0.340212 0.0700227 -0.192827 
-0.356944 0.0607393 -0.183979 -0.311538 0.0627257 -0.196488 -0.168171 0.0262407 -0.214794 
-0.139498 0.0189437 -0.218456 -0.110824 0.0116467 -0.222117 -0.0821511 0.00434975 -0.225778 
-0.0534776 -0.00294724 -0.22944 -0.0248042 -0.0102442 -0.233101 0.00386921 -0.0175412 -0.236762 
0.0325426 -0.0248382 -0.240423 0.0621266 -0.0386127 -0.224044 0.0612161 -0.0321352 -0.244085 
0.0908 -0.0459097 -0.227705 0.0898895 -0.0394322 -0.247746 0.119473 -0.0532067 -0.231367 
0.118563 -0.0467292 -0.251407 0.148147 -0.0605037 -0.235028 0.147236 -0.0540262 -0.255068 
0.17682 -0.0678007 -0.238689 0.17591 -0.0613232 -0.25873 0.187851 -0.0779036 -0.253544 
-0.361734 0.0348756 -0.169946 0.199793 -0.0944839 -0.248357 0.229377 -0.108258 -0.231978 
0.228467 -0.101781 -0.252019 0.240408 -0.118361 -0.246833 -0.378465 0.0255922 -0.161099 
-0.395197 0.0163088 -0.152251 0.235618 -0.144225 -0.232799 -0.399987 -0.00955491 -0.138218 
0.202155 -0.162792 -0.215104 0.218886 -0.153508 -0.223952 -0.404777 -0.0354186 -0.124184 
-0.0430539 -0.120177 -0.156926 -0.0606962 -0.122983 -0.16812 -0.0439644 -0.113699 -0.176967 
-0.015291 -0.120996 -0.180628 -0.0143805 -0.127474 -0.160588 0.0133824 -0.128293 -0.184289 
0.0420558 -0.13559 -0.187951 0.0707293 -0.142887 -0.191612 0.0994027 -0.150184 -0.195273 
0.128076 -0.157481 -0.198935 0.128987 -0.163959 -0.178894 0.15675 -0.164778 -0.202596 
0.15766 -0.171256 -0.182555 0.185423 -0.172075 -0.206257 -0.392836 -0.051999 -0.118998 
-0.391925 -0.0584765 -0.0989577 -0.380894 -0.0685794 -0.113812 -0.105191 -0.131446 -0.13557 
-0.122833 -0.134252 -0.146764 -0.106101 -0.124969 -0.155611 -0.0774279 -0.132266 -0.159272 
-0.368952 -0.0851598 -0.108626 -0.368042 -0.0916372 -0.0885855 -0.340279 -0.0924568 -0.112287 
-0.339368 -0.0989342 -0.0922467 -0.311605 -0.0997537 -0.115949 -0.310695 -0.106231 -0.095908 
-0.299664 -0.116334 -0.110762 -0.253348 -0.120825 -0.103231 -0.27099 -0.123631 -0.114424 
-0.254259 -0.114348 -0.123271 -0.225585 -0.121645 -0.126932 -0.224675 -0.128122 -0.106892 
-0.196912 -0.128942 -0.130594 -0.196001 -0.135419 -0.110553 -0.168238 -0.136239 -0.134255 
-0.167328 -0.142716 -0.114214 -0.139565 -0.143536 -0.137916 -0.287722 -0.132914 -0.105576 
-0.284686 0.0683837 -0.24023 -0.301418 0.0591003 -0.231383 -0.256013 0.0610867 -0.243892 
-0.227339 0.0537897 -0.247553 -0.198666 0.0464927 -0.251214 -0.169082 0.0327182 -0.234835 
-0.169992 0.0391957 -0.254875 -0.158051 0.0226153 -0.249689 -0.0257147 -0.00376676 -0.253141 
-0.0266252 0.00271071 -0.273182 -0.043357 -0.00657266 -0.264334 0.0029587 -0.0110638 -0.256803 
0.00204818 -0.00458628 -0.276843 0.0316321 -0.0183608 -0.260464 0.0307216 -0.0118833 -0.280504 
0.0603055 -0.0256577 -0.264125 0.059395 -0.0191803 -0.284166 0.088979 -0.0329547 -0.267786 
0.0880685 -0.0264773 -0.287827 0.117652 -0.0402517 -0.271448 0.116742 -0.0337743 -0.291488 
0.128684 -0.0503546 -0.286302 -0.345912 0.0506364 -0.198834 -0.334881 0.0405335 -0.213688 
-0.31815 0.0498169 -0.222536 -0.146109 0.00603495 -0.244503 -0.117436 -0.00126205 -0.248165 
-0.0887621 -0.00855904 -0.251826 -0.0600887 -0.015856 -0.255487 0.140625 -0.066935 -0.281116 
0.169299 -0.074232 -0.284777 0.198883 -0.0880065 -0.268398 0.197972 -0.081529 -0.288438 
0.227556 -0.0953035 -0.272059 0.226646 -0.088826 -0.2921 0.238587 -0.105406 -0.286914 
-0.351613 0.0312502 -0.204841 -0.368345 0.0219668 -0.195994 0.251439 -0.128464 -0.261687 
0.250529 -0.121987 -0.281728 0.262471 -0.138567 -0.276541 -0.385077 0.0126834 -0.187146 
-0.401808 0.00340004 -0.178299 0.229007 -0.157134 -0.258847 0.245739 -0.14785 -0.267694 
-0.406598 -0.0224637 -0.164265 0.0124719 -0.121816 -0.20433 -0.00517035 -0.124622 -0.215523 
0.0115614 -0.115338 -0.22437 0.0402348 -0.122635 -0.228032 0.0411453 -0.129113 -0.207991 
0.0689082 -0.129932 -0.231693 0.0698188 -0.13641 -0.211652 0.0975817 -0.137229 -0.235354 
0.0984922 -0.143707 -0.215314 0.126255 -0.144526 -0.239016 0.127166 -0.151004 -0.218975 
0.154929 -0.151823 -0.242677 0.155839 -0.158301 -0.222636 0.183602 -0.15912 -0.246338 
0.184512 -0.165598 -0.226298 0.212275 -0.166417 -0.249999 -0.411388 -0.0483274 -0.150232 
-0.0783384 -0.125788 -0.179313 -0.0959807 -0.128594 -0.190506 -0.0792489 -0.119311 -0.199353 
-0.0505755 -0.126608 -0.203014 -0.0219021 -0.133905 -0.206676 -0.399447 -0.0649078 -0.145046 
-0.387505 -0.0814882 -0.13986 -0.140475 -0.137058 -0.157957 -0.158118 -0.139864 -0.16915 
-0.141386 -0.130581 -0.177997 -0.112712 -0.137878 -0.181658 -0.375563 -0.0980686 -0.134673 
-0.34689 -0.105366 -0.138335 -0.318216 -0.112663 -0.141996 -0.289543 -0.11996 -0.145657 
-0.288633 -0.126437 -0.125617 -0.26087 -0.127257 -0.149319 -0.232196 -0.134554 -0.15298 
-0.203523 -0.141851 -0.156641 -0.174849 -0.149148 -0.160302 -0.22825 0.0602672 -0.267593 
-0.22916 0.0667446 -0.287634 -0.245892 0.0574613 -0.278787 -0.199576 0.0529702 -0.271255 
-0.200487 0.0594476 -0.291295 -0.188545 0.0428673 -0.286109 0.0584845 -0.0127028 -0.304206 
0.057574 -0.00622533 -0.324247 0.0408423 -0.0155087 -0.315399 0.0871579 -0.0199998 -0.307867 
0.0862474 -0.0135223 -0.327908 0.115831 -0.0272968 -0.311529 0.114921 -0.0208193 -0.331569 
0.126863 -0.0373997 -0.326383 -0.291297 0.0554749 -0.266278 -0.308029 0.0461915 -0.257431 
-0.262624 0.0481779 -0.269939 -0.176603 0.0262869 -0.280923 -0.14702 0.0125124 -0.264544 
-0.14793 0.0189899 -0.284584 -0.118346 0.00521543 -0.268205 -0.119257 0.0116929 -0.288245 
-0.0896727 -0.00208157 -0.271866 -0.0905832 0.0043959 -0.291907 -0.0609992 -0.00937857 -0.275528 
-0.0619098 -0.00290109 -0.295568 -0.0332363 -0.0101981 -0.299229 -0.0045629 -0.0174951 -0.302891 
0.0241105 -0.0247921 -0.306552 0.139715 -0.0604575 -0.301156 0.138804 -0.0539801 -0.321197 
0.168388 -0.0677545 -0.304818 0.167478 -0.0612771 -0.324858 0.197062 -0.0750515 -0.308479 
0.196151 -0.068574 -0.328519 0.225735 -0.0823485 -0.31214 0.224825 -0.075871 -0.332181 
0.254408 -0.0896455 -0.315802 0.253498 -0.083168 -0.335842 0.26544 -0.0997484 -0.330656 
-0.324761 0.0369081 -0.248583 -0.341492 0.0276247 -0.239736 0.249618 -0.115509 -0.301768 
0.277381 -0.116329 -0.32547 0.278292 -0.122806 -0.305429 0.289323 -0.132909 -0.320284 
-0.358224 0.0183414 -0.230888 -0.374956 0.009058 -0.222041 0.272591 -0.142193 -0.311436 
0.25586 -0.151476 -0.302589 -0.391688 -0.000225378 -0.213194 -0.408419 -0.00950875 -0.204346 
0.125345 -0.138049 -0.259056 0.107702 -0.140855 -0.270249 0.124434 -0.131571 -0.279097 
0.153107 -0.138868 -0.282758 0.154018 -0.145346 -0.262717 0.181781 -0.146165 -0.286419 
0.182691 -0.152643 -0.266379 0.210454 -0.153462 -0.29008 0.211365 -0.15994 -0.27004 
0.239128 -0.160759 -0.293742 -0.413209 -0.0353725 -0.190313 -0.051486 -0.120131 -0.223055 
-0.0691283 -0.122936 -0.234248 -0.0523965 -0.113653 -0.243095 -0.0237231 -0.12095 -0.246757 
-0.0228126 -0.127428 -0.226716 0.00495031 -0.128247 -0.250418 0.0336237 -0.135544 -0.254079 
0.0622972 -0.142841 -0.25774 0.0909706 -0.150138 -0.261402 -0.417999 -0.0612362 -0.176279 
-0.102592 -0.141503 -0.216553 -0.08586 -0.13222 -0.225401 -0.406058 -0.0778166 -0.171093 
-0.377384 -0.0851136 -0.174754 -0.376474 -0.0915911 -0.154714 -0.348711 -0.0924106 -0.178416 
-0.3478 -0.0988881 -0.158375 -0.336769 -0.108991 -0.17323 -0.204433 -0.135373 -0.176682 
-0.222076 -0.138179 -0.187875 -0.205344 -0.128896 -0.196722 -0.17667 -0.136193 -0.200383 
-0.17576 -0.14267 -0.180343 -0.147997 -0.14349 -0.204045 -0.119324 -0.150787 -0.207706 
-0.324828 -0.125571 -0.168044 -0.296154 -0.132868 -0.171705 -0.267481 -0.140165 -0.175366 
-0.238807 -0.147462 -0.179027 -0.263534 0.0546553 -0.28998 -0.264445 0.0611328 -0.31002 
-0.281177 0.0518494 -0.301173 -0.235771 0.0538358 -0.313681 -0.207098 0.0465388 -0.317343 
-0.177514 0.0327644 -0.300963 -0.178424 0.0392418 -0.321004 -0.148841 0.0254674 -0.304625 
-0.149751 0.0319448 -0.324665 -0.120167 0.0181704 -0.308286 -0.121078 0.0246478 -0.328326 
-0.0914937 0.0108734 -0.311947 -0.0924042 0.0173509 -0.331988 -0.0628203 0.00357638 -0.315609 
-0.0637308 0.0100539 -0.335649 -0.0341468 -0.00372061 -0.31927 -0.0350574 0.00275686 -0.33931 
-0.00547342 -0.0110176 -0.322931 -0.00638393 -0.00454013 -0.342972 0.0232 -0.0183146 -0.326592 
0.0222895 -0.0118371 -0.346633 0.0509629 -0.0191341 -0.350294 0.0796364 -0.0264311 -0.353955 
0.10831 -0.0337281 -0.357617 0.137894 -0.0475026 -0.341237 0.136983 -0.0410251 -0.361278 
0.166567 -0.0547996 -0.344899 0.165657 -0.0483221 -0.364939 0.195241 -0.0620966 -0.34856 
0.19433 -0.0556191 -0.3686 0.206272 -0.0721995 -0.363414 -0.297908 0.0425661 -0.292325 
-0.31464 0.0332827 -0.283478 0.218213 -0.0887798 -0.358228 0.246887 -0.0960768 -0.36189 
0.276471 -0.109851 -0.34551 0.27556 -0.103374 -0.365551 0.287502 -0.119954 -0.360365 
-0.331372 0.0239993 -0.274631 -0.348103 0.014716 -0.265783 0.271681 -0.135715 -0.331477 
0.254038 -0.138521 -0.34267 0.27077 -0.129238 -0.351517 -0.364835 0.00543258 -0.256936 
-0.381567 -0.0038508 -0.248089 0.152197 -0.132391 -0.302798 0.134555 -0.135197 -0.313991 
0.151286 -0.125913 -0.322839 0.17996 -0.13321 -0.3265 0.18087 -0.139688 -0.30646 
0.208633 -0.140507 -0.330161 0.209544 -0.146985 -0.310121 0.237307 -0.147804 -0.333823 
0.238217 -0.154282 -0.313782 -0.397388 -0.0196116 -0.219201 -0.386357 -0.0297145 -0.234055 
0.00403979 -0.12177 -0.270458 -0.0136025 -0.124575 -0.281652 0.00312928 -0.115292 -0.290499 
0.0318027 -0.122589 -0.29416 0.0327132 -0.129067 -0.27412 0.0604761 -0.129886 -0.297821 
0.0613866 -0.136364 -0.277781 0.0891496 -0.137183 -0.301483 0.0900601 -0.143661 -0.281442 
0.117823 -0.14448 -0.305144 -0.403089 -0.0389979 -0.225208 -0.41982 -0.0482813 -0.21636 
-0.0867705 -0.125742 -0.245441 -0.104413 -0.128548 -0.256634 -0.0876811 -0.119265 -0.265482 
-0.0590076 -0.126562 -0.269143 -0.0303342 -0.133859 -0.272804 -0.407879 -0.0648617 -0.211174 
-0.406968 -0.0713391 -0.191134 -0.395937 -0.081442 -0.205988 -0.120234 -0.144309 -0.227746 
-0.137876 -0.147115 -0.23894 -0.121145 -0.137832 -0.247787 -0.383995 -0.0980224 -0.200802 
-0.355322 -0.105319 -0.204463 -0.326649 -0.112616 -0.208125 -0.325738 -0.119094 -0.188084 
-0.297975 -0.119913 -0.211786 -0.297065 -0.126391 -0.191745 -0.269302 -0.12721 -0.215447 
-0.268391 -0.133688 -0.195407 -0.240628 -0.134507 -0.219108 -0.239718 -0.140985 -0.199068 
-0.211955 -0.141804 -0.22277 -0.183281 -0.149101 -0.226431 -0.154608 -0.156398 -0.230092 
-0.236682 0.0603133 -0.333722 -0.237592 0.0667908 -0.353762 -0.254324 0.0575074 -0.344915 
-0.208008 0.0530163 -0.337383 -0.208919 0.0594938 -0.357424 -0.179335 0.0457193 -0.341044 
-0.180246 0.0521968 -0.361085 -0.150662 0.0384223 -0.344706 -0.151572 0.0448998 -0.364746 
-0.121988 0.0311253 -0.348367 -0.122899 0.0376028 -0.368407 -0.0933147 0.0238283 -0.352028 
-0.0942252 0.0303058 -0.372069 -0.0646413 0.0165313 -0.35569 -0.0655518 0.0230088 -0.37573 
-0.0359679 0.00923434 -0.359351 -0.0368784 0.0157118 -0.379391 -0.00729444 0.00193734 -0.363012 
-0.00820496 0.00841482 -0.383053 0.00373673 -0.00816555 -0.377866 0.0500524 -0.0126566 -0.370335 
0.0491419 -0.00617917 -0.390375 0.0324102 -0.0154625 -0.381528 0.0787258 -0.0199536 -0.373996 
0.0778153 -0.0134762 -0.394036 0.107399 -0.0272506 -0.377657 0.106489 -0.0207732 -0.397698 
0.136073 -0.0345476 -0.381318 0.135162 -0.0280702 -0.401359 0.164746 -0.0418446 -0.38498 
0.163836 -0.0353672 -0.40502 0.19342 -0.0491416 -0.388641 0.192509 -0.0426641 -0.408681 
0.204451 -0.0592445 -0.403495 -0.271056 0.048224 -0.336068 -0.287788 0.0389407 -0.32722 
0.0156784 -0.0247459 -0.37268 0.217303 -0.0823024 -0.378269 0.216392 -0.0758249 -0.398309 
0.245976 -0.0895994 -0.38193 0.245066 -0.0831219 -0.401971 0.27465 -0.0968964 -0.385591 
0.273739 -0.0904189 -0.405632 0.303323 -0.104193 -0.389253 0.302413 -0.0977159 -0.409293 
0.314354 -0.114296 -0.404107 -0.332282 0.0304768 -0.294671 -0.333193 0.0369543 -0.314712 
-0.349925 0.0276709 -0.305864 -0.304519 0.0296573 -0.318373 0.298533 -0.130057 -0.375219 
0.309564 -0.14016 -0.390073 -0.354715 0.00180715 -0.291831 0.179049 -0.126733 -0.346541 
0.161407 -0.129539 -0.357734 0.178139 -0.120255 -0.366581 0.206812 -0.127552 -0.370242 
0.207723 -0.13403 -0.350202 0.235486 -0.134849 -0.373904 0.236396 -0.141327 -0.353863 
0.264159 -0.142146 -0.377565 0.292833 -0.149443 -0.381226 -0.371446 -0.00747622 -0.282983 
-0.388178 -0.0167596 -0.274136 0.088239 -0.130706 -0.321523 0.0705968 -0.133512 -0.332716 
0.0873285 -0.124228 -0.341564 0.116002 -0.131525 -0.345225 0.116912 -0.138003 -0.325185 
0.144675 -0.138822 -0.348886 -0.392968 -0.0426233 -0.260103 -0.0312447 -0.127381 -0.292845 
-0.048887 -0.130187 -0.304038 -0.0321552 -0.120904 -0.312885 -0.0034818 -0.128201 -0.316546 
0.0251916 -0.135498 -0.320208 0.053865 -0.142795 -0.323869 -0.408789 -0.0583842 -0.231215 
-0.397758 -0.0684871 -0.246069 -0.111024 -0.141457 -0.282682 -0.0942921 -0.132174 -0.291529 
-0.0656187 -0.139471 -0.29519 -0.385816 -0.0850675 -0.240883 -0.384906 -0.0915449 -0.220842 
-0.373875 -0.101648 -0.235697 -0.155519 -0.149921 -0.250133 -0.173161 -0.152727 -0.261326 
-0.156429 -0.143443 -0.270173 -0.127756 -0.15074 -0.273834 -0.361933 -0.118228 -0.230511 
-0.33326 -0.125525 -0.234172 -0.304586 -0.132822 -0.237833 -0.275913 -0.140119 -0.241495 
-0.247239 -0.147416 -0.245156 -0.218566 -0.154713 -0.248817 -0.189893 -0.16201 -0.252478 
-0.209829 0.0659713 -0.377464 -0.21074 0.0724487 -0.397505 -0.227472 0.0631654 -0.388657 
-0.181156 0.0586743 -0.381125 -0.182067 0.0651517 -0.401166 -0.152483 0.0513773 -0.384787 
-0.153393 0.0578547 -0.404827 -0.123809 0.0440803 -0.388448 -0.12472 0.0505577 -0.408488 
-0.0951358 0.0367833 -0.392109 -0.0960463 0.0432607 -0.41215 -0.0664623 0.0294863 -0.395771 
-0.0673728 0.0359638 -0.415811 -0.0377889 0.0221893 -0.399432 -0.0386994 0.0286668 -0.419472 
-0.00911547 0.0148923 -0.403093 -0.010026 0.0213698 -0.423134 0.0019157 0.00478939 -0.417947 
0.0482314 0.0002983 -0.410416 0.0473209 0.00677577 -0.430456 0.0305891 -0.0025076 -0.421609 
0.0769048 -0.00699869 -0.414077 0.0759943 -0.000521221 -0.434117 0.105578 -0.0142957 -0.417738 
0.104668 -0.00781822 -0.437779 0.134252 -0.0215927 -0.421399 0.133341 -0.0151152 -0.44144 
0.162925 -0.0288897 -0.425061 0.162015 -0.0224122 -0.445101 0.191599 -0.0361867 -0.428722 
0.190688 -0.0297092 -0.448762 0.220272 -0.0434837 -0.432383 0.219361 -0.0370062 -0.452424 
0.248945 -0.0507807 -0.436044 0.248035 -0.0443032 -0.456085 0.277619 -0.0580777 -0.439706 
0.276708 -0.0516002 -0.459746 0.306292 -0.0653747 -0.443367 0.305382 -0.0588972 -0.463408 
0.334966 -0.0726717 -0.447028 0.334055 -0.0661942 -0.467069 0.345997 -0.0827745 -0.461883 
-0.244203 0.053882 -0.37981 -0.260935 0.0445986 -0.370963 0.0147679 -0.0182684 -0.392721 
0.0138574 -0.011791 -0.412761 0.215482 -0.0693474 -0.41835 0.244155 -0.0766444 -0.422011 
0.272829 -0.0839414 -0.425672 0.301502 -0.0912384 -0.429334 0.330176 -0.0985354 -0.432995 
0.341207 -0.108638 -0.447849 -0.277667 0.0353152 -0.362115 -0.294399 0.0260319 -0.353268 
0.325386 -0.124399 -0.418961 0.336417 -0.134502 -0.433816 -0.338893 0.017568 -0.320719 
-0.327862 0.00746511 -0.335573 -0.31113 0.0167485 -0.34442 0.205902 -0.121075 -0.390283 
0.18826 -0.123881 -0.401476 0.204991 -0.114597 -0.410323 0.233665 -0.121894 -0.413985 
0.234575 -0.128372 -0.393944 0.262338 -0.129191 -0.417646 0.263249 -0.135669 -0.397605 
0.27428 -0.145772 -0.41246 0.302953 -0.153069 -0.416121 0.319685 -0.143785 -0.424968 
-0.344594 -0.00181827 -0.326726 -0.361326 -0.0111016 -0.317878 0.115091 -0.125048 -0.365266 
0.0974492 -0.127854 -0.376459 0.114181 -0.11857 -0.385306 0.142854 -0.125867 -0.388967 
0.143765 -0.132345 -0.368927 0.171528 -0.133164 -0.392629 0.286221 -0.162352 -0.407274 
-0.378057 -0.020385 -0.309031 -0.394789 -0.0296684 -0.300184 -0.00439232 -0.121723 -0.336587 
-0.0220346 -0.124529 -0.34778 -0.00530283 -0.115246 -0.356627 0.0233706 -0.122543 -0.360289 
0.0242811 -0.12902 -0.340248 0.052044 -0.12984 -0.36395 0.0529545 -0.136317 -0.343909 
0.0807174 -0.137137 -0.367611 -0.399579 -0.0555321 -0.28615 -0.0665292 -0.132993 -0.315231 
-0.0841715 -0.135799 -0.326424 -0.0674397 -0.126516 -0.335271 -0.0387663 -0.133813 -0.338933 
-0.387637 -0.0721125 -0.280964 -0.386727 -0.07859 -0.260923 -0.375696 -0.0886929 -0.275778 
-0.128666 -0.144263 -0.293875 -0.146308 -0.147069 -0.305068 -0.129577 -0.137785 -0.313915 
-0.100903 -0.145082 -0.317577 -0.363754 -0.105273 -0.270592 -0.362844 -0.111751 -0.250551 
-0.335081 -0.11257 -0.274253 -0.33417 -0.119048 -0.254213 -0.306407 -0.119867 -0.277914 
-0.305497 -0.126345 -0.257874 -0.277734 -0.127164 -0.281576 -0.276823 -0.133642 -0.261535 
-0.24906 -0.134461 -0.285237 -0.24815 -0.140939 -0.265196 -0.220387 -0.141758 -0.288898 
-0.219476 -0.148236 -0.268858 -0.191714 -0.149055 -0.292559 -0.190803 -0.155533 -0.272519 
-0.16304 -0.156352 -0.296221 0.266285 0.0656293 -0.532259 0.265374 0.0721067 -0.5523 
0.248642 0.0628234 -0.543453 0.294958 0.0583323 -0.535921 0.294047 0.0648097 -0.555961 
0.323631 0.0510353 -0.539582 0.322721 0.0575127 -0.559622 0.352305 0.0437383 -0.543243 
0.351394 0.0502158 -0.563284 0.363336 0.0336354 -0.558098 0.232821 0.0470625 -0.514565 
0.231911 0.05354 -0.534605 0.215179 0.0442566 -0.525758 0.261494 0.0397655 -0.518226 
0.290168 0.0324685 -0.521887 0.318841 0.0251715 -0.525548 0.347515 0.0178745 -0.52921 
0.358546 0.00777164 -0.544064 0.433535 -0.00401645 -0.540194 0.432625 0.00246102 -0.560234 
0.415893 -0.00682235 -0.551387 0.462208 -0.0113134 -0.543855 0.461298 -0.00483597 -0.563895 
0.47324 -0.0214163 -0.558709 0.170684 0.0357928 -0.493209 0.169774 0.0422702 -0.513249 
0.153042 0.0329869 -0.504402 0.199358 0.0284958 -0.49687 0.198447 0.0349732 -0.51691 
0.228031 0.0211988 -0.500531 0.256704 0.0139018 -0.504192 0.285378 0.00660478 -0.507854 
0.314051 -0.000692218 -0.511515 0.342725 -0.00798921 -0.515176 0.353756 -0.0180921 -0.530031 
0.427834 -0.0234027 -0.546201 0.456508 -0.0306997 -0.549862 0.108547 0.024523 -0.471853 
0.107637 0.0310005 -0.491893 0.090905 0.0217171 -0.483046 0.137221 0.017226 -0.475514 
0.13631 0.0237035 -0.495554 0.165894 0.00992901 -0.479175 0.194568 0.00263202 -0.482836 
0.223241 -0.00466498 -0.486498 0.251914 -0.011962 -0.490159 0.280588 -0.019259 -0.49382 
0.309261 -0.026556 -0.497481 0.337935 -0.033853 -0.501143 0.365698 -0.0346725 -0.524845 
0.366608 -0.04115 -0.504804 0.395282 -0.0484469 -0.508465 0.394371 -0.0419695 -0.528506 
0.423955 -0.0557439 -0.512127 0.423044 -0.0492665 -0.532167 0.434986 -0.0658468 -0.526981 
-0.182977 0.0716292 -0.421206 -0.183888 0.0781067 -0.441247 -0.200619 0.0688233 -0.4324 
-0.154304 0.0643322 -0.424868 -0.155214 0.0708097 -0.444908 -0.12563 0.0570352 -0.428529 
-0.126541 0.0635127 -0.448569 -0.0969568 0.0497382 -0.43219 -0.0978673 0.0562157 -0.452231 
-0.0682834 0.0424412 -0.435852 -0.0691939 0.0489187 -0.455892 -0.0396099 0.0351442 -0.439513 
-0.0405204 0.0416217 -0.459553 -0.0109365 0.0278472 -0.443174 -0.011847 0.0343247 -0.463215 
0.0177369 0.0205502 -0.446835 0.0168264 0.0270277 -0.466876 0.0464103 0.0132532 -0.450497 
0.0454998 0.0197307 -0.470537 0.0750838 0.00595625 -0.454158 0.0741733 0.0124337 -0.474198 
0.103757 -0.00134074 -0.457819 0.132431 -0.00863774 -0.46148 0.161104 -0.0159347 -0.465142 
0.189777 -0.0232317 -0.468803 0.218451 -0.0305287 -0.472464 0.247124 -0.0378257 -0.476125 
0.275798 -0.0451227 -0.479787 0.304471 -0.0524197 -0.483448 0.333145 -0.0597167 -0.487109 
0.361818 -0.0670137 -0.490771 0.390491 -0.0743107 -0.494432 0.401523 -0.0844136 -0.509286 
0.418254 -0.0751302 -0.518134 -0.217351 0.0595399 -0.423552 -0.234083 0.0502566 -0.414705 
0.0129469 -0.0053135 -0.432802 0.357028 -0.0928774 -0.476737 0.385701 -0.100174 -0.480398 
0.396733 -0.110277 -0.495253 -0.249904 0.0344957 -0.385817 -0.238873 0.0243928 -0.400671 
0.352238 -0.118741 -0.462704 0.363269 -0.128844 -0.477558 0.380001 -0.119561 -0.486405 
-0.283368 0.015929 -0.368122 -0.272336 0.00582607 -0.382977 -0.255605 0.0151094 -0.391824 
0.232754 -0.115417 -0.434025 0.215112 -0.118223 -0.445218 0.231844 -0.108939 -0.454066 
0.260517 -0.116236 -0.457727 0.261428 -0.122714 -0.437686 0.289191 -0.123533 -0.461388 
0.290101 -0.130011 -0.441348 0.301132 -0.140114 -0.456202 0.329806 -0.147411 -0.459863 
0.346537 -0.138127 -0.468711 -0.317741 0.00383969 -0.370468 -0.334473 -0.00544369 -0.361621 
-0.289068 -0.00345731 -0.374129 0.141944 -0.11939 -0.409008 0.124302 -0.122196 -0.420201 
0.141033 -0.112912 -0.429048 0.169707 -0.120209 -0.43271 0.170617 -0.126687 -0.412669 
0.19838 -0.127506 -0.436371 0.285311 -0.155875 -0.427314 0.313074 -0.156694 -0.451016 
-0.351205 -0.0147271 -0.352773 -0.367937 -0.0240104 -0.343926 0.0798069 -0.130659 -0.387652 
0.0621647 -0.133465 -0.398845 0.0788964 -0.124182 -0.407692 0.10757 -0.131479 -0.411354 
-0.384668 -0.0332938 -0.335078 -0.4014 -0.0425772 -0.326231 -0.0396768 -0.127335 -0.358973 
-0.0573191 -0.130141 -0.370166 -0.0405873 -0.120858 -0.379014 -0.0119139 -0.128155 -0.382675 
0.0167595 -0.135452 -0.386336 0.0454329 -0.142749 -0.389997 -0.40619 -0.0684409 -0.312198 
-0.101814 -0.138605 -0.337617 -0.119456 -0.141411 -0.34881 -0.102724 -0.132128 -0.357658 
-0.0740508 -0.139425 -0.361319 -0.394249 -0.0850213 -0.307011 -0.365575 -0.0923183 -0.310673 
-0.364665 -0.0987958 -0.290632 -0.336902 -0.0996153 -0.314334 -0.335991 -0.106093 -0.294294 
-0.308228 -0.106912 -0.317995 -0.307318 -0.11339 -0.297955 -0.296287 -0.123493 -0.312809 
-0.249971 -0.127984 -0.305277 -0.267613 -0.13079 -0.31647 -0.250881 -0.121506 -0.325318 
-0.222208 -0.128803 -0.328979 -0.221297 -0.135281 -0.308939 -0.193535 -0.1361 -0.33264 
-0.192624 -0.142578 -0.3126 -0.164861 -0.143397 -0.336302 -0.163951 -0.149875 -0.316261 
-0.136188 -0.150694 -0.339963 -0.284345 -0.140073 -0.307623 0.15935 0.1595 -0.585762 
0.158439 0.165977 -0.605803 0.141708 0.156694 -0.596955 0.170381 0.149397 -0.600617 
0.097213 0.14823 -0.564406 0.0963025 0.154707 -0.584447 0.0795708 0.145424 -0.575599 
0.125886 0.140933 -0.568068 0.124976 0.14741 -0.588108 0.15456 0.133636 -0.571729 
0.182323 0.132816 -0.595431 0.183233 0.126339 -0.57539 0.211907 0.119042 -0.579051 
0.210996 0.125519 -0.599092 0.24058 0.111745 -0.582713 0.23967 0.118222 -0.602753 
0.269254 0.104448 -0.586374 0.268343 0.110925 -0.606414 0.297927 0.097151 -0.590035 
0.297017 0.103628 -0.610076 0.308958 0.0870481 -0.60489 0.0637495 0.129663 -0.546712 
0.062839 0.136141 -0.566752 0.0461073 0.126857 -0.557905 0.092423 0.122366 -0.550373 
0.121096 0.115069 -0.554034 0.14977 0.107772 -0.557695 0.178443 0.100475 -0.561357 
0.207117 0.0931782 -0.565018 0.23579 0.0858812 -0.568679 0.264464 0.0785842 -0.57234 
0.293137 0.0712872 -0.576002 0.3209 0.0704677 -0.599703 0.32181 0.0639902 -0.579663 
0.350484 0.0566932 -0.583324 0.349573 0.0631707 -0.603365 0.379157 0.0493962 -0.586985 
0.378247 0.0558737 -0.607026 0.407831 0.0420992 -0.590647 0.40692 0.0485767 -0.610687 
0.418862 0.0319963 -0.605501 0.0302861 0.111096 -0.529017 0.0293755 0.117574 -0.549057 
0.0126438 0.108291 -0.54021 0.0589595 0.103799 -0.532678 0.0876329 0.0965024 -0.536339 
0.116306 0.0892054 -0.540001 0.14498 0.0819084 -0.543662 0.173653 0.0746114 -0.547323 
0.202327 0.0673145 -0.550984 0.231 0.0600175 -0.554646 0.374367 0.0235325 -0.572952 
0.403041 0.0162355 -0.576613 0.430804 0.015416 -0.600315 0.431714 0.00893849 -0.580275 
0.460387 0.0016415 -0.583936 0.459477 0.00811897 -0.603976 0.471419 -0.0084614 -0.59879 
0.025496 0.0852327 -0.514983 0.00785375 0.0824268 -0.526176 0.0541694 0.0779357 -0.518645 
0.0828429 0.0706387 -0.522306 0.111516 0.0633417 -0.525967 0.14019 0.0560447 -0.529628 
0.168863 0.0487477 -0.53329 0.197537 0.0414507 -0.536951 0.369577 -0.00233126 -0.558919 
0.398251 -0.00962825 -0.56258 0.466629 -0.0343251 -0.584757 -0.0653143 0.0812599 -0.489966 
-0.0662248 0.0877374 -0.510006 -0.0829566 0.078454 -0.501159 -0.0366409 0.0739629 -0.493627 
-0.0375514 0.0804404 -0.513668 -0.00796748 0.0666659 -0.497289 -0.00887799 0.0731434 -0.517329 
0.0207059 0.0593689 -0.50095 0.0493794 0.0520719 -0.504611 0.0780528 0.0447749 -0.508272 
0.106726 0.037478 -0.511934 0.1354 0.030181 -0.515595 0.364787 -0.028195 -0.544885 
0.39346 -0.035492 -0.548546 0.422134 -0.042789 -0.552208 0.450807 -0.050086 -0.555869 
0.461839 -0.0601889 -0.570723 -0.156125 0.0772872 -0.464949 -0.157035 0.0837646 -0.484989 
-0.173767 0.0744813 -0.476142 -0.127451 0.0699902 -0.46861 -0.128362 0.0764676 -0.48865 
-0.0987778 0.0626932 -0.472271 -0.0996883 0.0691706 -0.492312 -0.0701044 0.0553962 -0.475933 
-0.041431 0.0480992 -0.479594 -0.0127575 0.0408022 -0.483255 0.0159159 0.0335052 -0.486916 
0.0445893 0.0262082 -0.490578 0.0732628 0.0189112 -0.494239 0.445107 -0.0694723 -0.561876 
0.428375 -0.0787556 -0.553029 -0.190499 0.0651979 -0.467294 -0.20723 0.0559145 -0.458447 
0.394912 -0.0973224 -0.535334 0.411643 -0.088039 -0.544181 -0.223962 0.0466311 -0.4496 
-0.240694 0.0373478 -0.440752 0.37909 -0.113083 -0.506446 0.361448 -0.115889 -0.517639 
0.37818 -0.106606 -0.526486 -0.245484 0.011484 -0.426719 0.259607 -0.109759 -0.477767 
0.241964 -0.112565 -0.48896 0.258696 -0.103282 -0.497808 0.287369 -0.110579 -0.501469 
0.28828 -0.117056 -0.481429 0.316043 -0.117876 -0.50513 0.316953 -0.124353 -0.48509 
0.344716 -0.125173 -0.508792 0.345627 -0.13165 -0.488751 -0.262216 0.00220064 -0.417871 
-0.278947 -0.00708273 -0.409024 0.140123 -0.106435 -0.449089 0.122481 -0.109241 -0.460282 
0.139212 -0.0999573 -0.469129 0.167886 -0.107254 -0.472791 0.168796 -0.113732 -0.45275 
0.196559 -0.114551 -0.476452 0.19747 -0.121029 -0.456411 0.225233 -0.121848 -0.480113 
0.312163 -0.150217 -0.471056 -0.324353 -0.00906911 -0.396515 -0.341084 -0.0183525 -0.387668 
-0.295679 -0.0163661 -0.400177 0.106659 -0.125002 -0.431394 0.0890171 -0.127807 -0.442587 
0.105749 -0.118524 -0.451434 -0.357816 -0.0276359 -0.378821 -0.374548 -0.0369192 -0.369973 
0.015849 -0.128974 -0.406377 -0.00179326 -0.13178 -0.41757 0.0149385 -0.122497 -0.426417 
0.0436119 -0.129794 -0.430078 0.0445224 -0.136271 -0.410038 0.0722853 -0.137091 -0.43374 
-0.390369 -0.0526801 -0.341085 -0.379338 -0.062783 -0.35594 -0.0749613 -0.132947 -0.381359 
-0.0926036 -0.135753 -0.392553 -0.0758718 -0.12647 -0.4014 -0.0471984 -0.133767 -0.405061 
-0.018525 -0.141064 -0.408722 -0.395159 -0.0785438 -0.327052 -0.367396 -0.0793633 -0.350754 
-0.366486 -0.0858408 -0.330713 -0.355454 -0.0959437 -0.345568 -0.137098 -0.144217 -0.360003 
-0.15474 -0.147023 -0.371197 -0.138009 -0.137739 -0.380044 -0.109335 -0.145036 -0.383705 
-0.343513 -0.112524 -0.340382 -0.314839 -0.119821 -0.344043 -0.286166 -0.127118 -0.347704 
-0.285255 -0.133596 -0.327664 -0.257493 -0.134415 -0.351365 -0.228819 -0.141712 -0.355027 
-0.200146 -0.149009 -0.358688 -0.171472 -0.156306 -0.362349 0.095392 0.161185 -0.604487 
0.0944815 0.167662 -0.624528 0.0777497 0.158379 -0.61568 0.124065 0.153888 -0.608149 
0.123155 0.160365 -0.628189 0.151828 0.153068 -0.63185 0.181412 0.139294 -0.615471 
0.180502 0.145771 -0.635512 0.192443 0.129191 -0.630325 0.0619285 0.142618 -0.586793 
0.061018 0.149096 -0.606833 0.0442863 0.139812 -0.597986 0.204385 0.112611 -0.625139 
0.233059 0.105314 -0.628801 0.261732 0.0980166 -0.632462 0.290405 0.0907196 -0.636123 
0.319989 0.0769452 -0.619744 0.319079 0.0834226 -0.639784 0.331021 0.0668423 -0.634598 
0.028465 0.124051 -0.569098 0.0275545 0.130529 -0.589138 0.0108228 0.121245 -0.580291 
0.342962 0.0502619 -0.629412 0.371636 0.0429649 -0.633074 0.400309 0.0356679 -0.636735 
0.429893 0.0218934 -0.620356 0.428982 0.0283709 -0.640396 0.458566 0.0145964 -0.624017 
0.457656 0.0210739 -0.644057 0.469598 0.00449355 -0.638871 -0.0336719 0.112782 -0.547742 
-0.0345824 0.119259 -0.567782 -0.0513141 0.109976 -0.558935 -0.00499845 0.105485 -0.551403 
-0.00590897 0.111962 -0.571443 0.464808 -0.0213702 -0.624838 -0.0958088 0.101512 -0.526386 
-0.0967193 0.107989 -0.546426 -0.113451 0.098706 -0.537579 -0.0671354 0.0942149 -0.530047 
-0.0680459 0.100692 -0.550087 -0.0384619 0.0869179 -0.533708 -0.00978851 0.0796209 -0.53737 
0.460017 -0.0472339 -0.610804 -0.129272 0.0829451 -0.508691 -0.130183 0.0894226 -0.528731 
-0.146915 0.0801392 -0.519884 -0.100599 0.0756481 -0.512352 0.455227 -0.0730977 -0.596771 
-0.163646 0.0708558 -0.511037 -0.180378 0.0615725 -0.502189 0.353386 -0.0669675 -0.556899 
0.335744 -0.0697734 -0.568092 0.352475 -0.0604901 -0.57694 0.381149 -0.0677871 -0.580601 
0.382059 -0.0742645 -0.56056 0.409822 -0.0750841 -0.584262 0.410733 -0.0815615 -0.564222 
0.438496 -0.0823811 -0.587923 -0.19711 0.0522891 -0.493342 -0.213841 0.0430057 -0.484495 
0.319922 -0.0855343 -0.539204 0.30228 -0.0883402 -0.550397 0.319012 -0.0790568 -0.559245 
0.348596 -0.0928313 -0.542866 0.377269 -0.100128 -0.546527 -0.230573 0.0337223 -0.475647 
-0.247305 0.024439 -0.4668 0.229112 -0.0895071 -0.514187 0.21147 -0.092313 -0.52538 
0.228202 -0.0830296 -0.534228 0.256875 -0.0903266 -0.537889 0.257786 -0.096804 -0.517848 
0.285548 -0.0976236 -0.54155 0.286459 -0.104101 -0.52151 0.315132 -0.111398 -0.525171 
0.343806 -0.118695 -0.528832 -0.252095 -0.00142478 -0.452766 0.166975 -0.100777 -0.492831 
0.149333 -0.103583 -0.504024 0.166065 -0.0942993 -0.512872 0.194738 -0.101596 -0.516533 
0.195649 -0.108074 -0.496492 0.224322 -0.115371 -0.500154 -0.268827 -0.0107082 -0.443919 
-0.285558 -0.0199915 -0.435072 0.104838 -0.112047 -0.471475 0.087196 -0.114852 -0.482668 
0.103928 -0.105569 -0.491515 0.132601 -0.112866 -0.495177 -0.330053 -0.0284554 -0.402522 
-0.319022 -0.0385583 -0.417377 -0.30229 -0.0292749 -0.426224 0.0427014 -0.123316 -0.450119 
0.0250591 -0.126122 -0.461312 0.0417909 -0.116839 -0.470159 0.0704643 -0.124136 -0.473821 
0.0713748 -0.130613 -0.45378 -0.363517 -0.0470221 -0.384828 -0.334843 -0.0543191 -0.388489 
-0.323812 -0.064422 -0.403343 -0.0481089 -0.127289 -0.425102 -0.0657512 -0.130095 -0.436295 
-0.0490195 -0.120812 -0.445142 -0.020346 -0.128109 -0.448803 -0.0194355 -0.134586 -0.428763 
0.0083274 -0.135406 -0.452465 -0.368307 -0.0728859 -0.370794 -0.339633 -0.0801829 -0.374456 
-0.328602 -0.0902858 -0.38931 -0.0992147 -0.148662 -0.4186 -0.0824829 -0.139378 -0.427447 
-0.344423 -0.106047 -0.360422 -0.31666 -0.106866 -0.384124 -0.31575 -0.113344 -0.364083 
-0.287987 -0.114163 -0.387785 -0.287076 -0.120641 -0.367745 -0.259314 -0.12146 -0.391446 
-0.258403 -0.127938 -0.371406 -0.23064 -0.128757 -0.395108 -0.22973 -0.135235 -0.375067 
-0.201967 -0.136054 -0.398769 -0.201056 -0.142532 -0.378728 -0.173293 -0.143351 -0.40243 
-0.172383 -0.149829 -0.38239 -0.14462 -0.150648 -0.406091 -0.115946 -0.157945 -0.409753 
0.0878704 0.154754 -0.650575 0.0711387 0.14547 -0.641728 0.116544 0.147457 -0.654237 
0.145217 0.14016 -0.657898 0.174801 0.126385 -0.641519 0.157159 0.123579 -0.652712 
0.026644 0.137006 -0.609179 0.0257335 0.143484 -0.629219 0.00900174 0.1342 -0.620372 
0.0544069 0.136187 -0.632881 0.169101 0.106999 -0.647526 0.197774 0.0997018 -0.651187 
0.227358 0.0859274 -0.634808 0.209716 0.0831215 -0.646001 0.256031 0.0786304 -0.638469 
0.284705 0.0713334 -0.64213 0.313378 0.0640364 -0.645791 -0.0641663 0.133034 -0.584161 
-0.0650769 0.139511 -0.604202 -0.0818086 0.130228 -0.595355 -0.0354929 0.125737 -0.587823 
-0.0364034 0.132214 -0.607863 -0.00681948 0.11844 -0.591484 -0.00773 0.124917 -0.611524 
0.221657 0.0665411 -0.640815 0.250331 0.0592441 -0.644476 0.279004 0.0519471 -0.648137 
0.307678 0.0446501 -0.651798 0.336351 0.0373531 -0.65546 0.365025 0.0300561 -0.659121 
0.393698 0.0227591 -0.662782 0.422371 0.0154621 -0.666444 0.451955 0.00168765 -0.650064 
0.434313 -0.00111825 -0.661257 -0.0976298 0.114467 -0.566467 -0.0985403 0.120944 -0.586507 
-0.115272 0.111661 -0.57766 -0.0689564 0.10717 -0.570128 0.447165 -0.0241761 -0.636031 
0.429523 -0.026982 -0.647224 -0.131093 0.0959001 -0.548772 -0.132004 0.102378 -0.568812 
-0.148736 0.0930942 -0.559965 0.413702 -0.0427428 -0.618336 0.39606 -0.0455487 -0.629529 
0.412791 -0.0362654 -0.638377 0.442375 -0.0500398 -0.621997 -0.153526 0.0672304 -0.545932 
0.351565 -0.0540126 -0.59698 0.333923 -0.0568185 -0.608173 0.350654 -0.0475351 -0.617021 
0.379328 -0.0548321 -0.620682 0.380238 -0.0613096 -0.600641 0.408912 -0.0686066 -0.604303 
0.437585 -0.0759036 -0.607964 -0.170257 0.057947 -0.537084 -0.186989 0.0486637 -0.528237 
0.203408 -0.0433914 -0.56464 0.185765 -0.0461973 -0.575833 0.202497 -0.0369139 -0.584681 
0.231171 -0.0442109 -0.588342 0.232081 -0.0506884 -0.568301 0.259844 -0.0515079 -0.592003 
0.260755 -0.0579854 -0.571963 0.288517 -0.0588049 -0.595665 0.289428 -0.0652824 -0.575624 
0.317191 -0.0661019 -0.599326 0.318101 -0.0725793 -0.579285 -0.203721 0.0393803 -0.519389 
-0.220453 0.0300969 -0.510542 0.169944 -0.0619581 -0.546946 0.152302 -0.064764 -0.558139 
0.169034 -0.0554806 -0.566986 0.198618 -0.0692551 -0.550607 0.227291 -0.0765521 -0.554268 
0.255965 -0.0838491 -0.557929 0.284638 -0.0911461 -0.561591 -0.236274 0.0143361 -0.481654 
-0.225243 0.00423318 -0.496509 0.165154 -0.0878219 -0.532912 0.147512 -0.0906278 -0.544105 
0.193828 -0.0951189 -0.536573 -0.241974 -0.0050502 -0.487661 -0.258706 -0.0143336 -0.478814 
0.103017 -0.0990916 -0.511556 0.085375 -0.101898 -0.522749 0.102107 -0.0926141 -0.531596 
0.13078 -0.0999111 -0.535258 0.131691 -0.106389 -0.515217 -0.275438 -0.0236169 -0.469967 
-0.29217 -0.0329003 -0.461119 0.0695538 -0.117658 -0.493861 0.0519115 -0.120464 -0.505054 
0.0686433 -0.111181 -0.513902 -0.307991 -0.0486612 -0.432231 -0.29696 -0.0587641 -0.447086 
0.00741689 -0.128928 -0.472505 -0.0102254 -0.131734 -0.483698 0.00650637 -0.122451 -0.492546 
0.0351798 -0.129748 -0.496207 -0.312781 -0.0745249 -0.418198 -0.30175 -0.0846278 -0.433052 
-0.0833934 -0.132901 -0.447488 -0.101036 -0.135707 -0.458681 -0.084304 -0.126423 -0.467528 
-0.0556305 -0.13372 -0.47119 -0.0269571 -0.141017 -0.474851 -0.317571 -0.100389 -0.404164 
-0.289808 -0.101208 -0.427866 -0.288897 -0.107686 -0.407826 -0.277866 -0.117789 -0.42268 
-0.116857 -0.151468 -0.429793 -0.134499 -0.154274 -0.440986 -0.117767 -0.14499 -0.449834 
-0.265925 -0.134369 -0.417494 -0.237251 -0.141666 -0.421155 -0.208578 -0.148963 -0.424816 
-0.179904 -0.15626 -0.428478 -0.151231 -0.163557 -0.432139 -0.00385046 0.157258 -0.645598 
-0.00476097 0.163736 -0.665639 -0.0214927 0.154452 -0.656792 0.024823 0.149961 -0.64926 
0.0239125 0.156439 -0.6693 0.0534964 0.142664 -0.652921 0.0525859 0.149142 -0.672961 
0.0812593 0.141845 -0.676623 0.109933 0.134548 -0.680284 0.139517 0.120773 -0.663905 
0.121874 0.117967 -0.675098 -0.0373139 0.138692 -0.627904 -0.0382245 0.145169 -0.647944 
-0.0549562 0.135886 -0.639097 -0.00864051 0.131395 -0.631565 0.133816 0.101387 -0.669912 
0.16249 0.09409 -0.673573 0.192073 0.0803156 -0.657194 0.174431 0.0775097 -0.668387 
-0.0716879 0.126602 -0.630249 -0.0884197 0.117319 -0.621402 0.186373 0.0609293 -0.663201 
0.215957 0.0471548 -0.646822 0.198315 0.0443489 -0.658015 0.24463 0.0398578 -0.650483 
0.273304 0.0325608 -0.654144 0.301977 0.0252638 -0.657806 0.330651 0.0179668 -0.661467 
0.359324 0.0106698 -0.665128 0.387997 0.00337285 -0.668789 0.416671 -0.00392415 -0.672451 
-0.105151 0.108035 -0.612555 -0.121883 0.0987521 -0.603707 0.210256 0.0277685 -0.652829 
0.23984 0.0139941 -0.636449 0.222198 0.0111882 -0.647643 0.268514 0.00669708 -0.640111 
0.297187 -0.000599913 -0.643772 0.325861 -0.00789691 -0.647433 0.354534 -0.0151939 -0.651095 
0.383207 -0.0224909 -0.654756 0.411881 -0.0297879 -0.658417 -0.138615 0.0894687 -0.59486 
-0.155347 0.0801854 -0.586013 0.23505 -0.0118697 -0.622416 0.217408 -0.0146756 -0.633609 
0.263724 -0.0191667 -0.626077 0.292397 -0.0264637 -0.629739 0.32107 -0.0337607 -0.6334 
0.349744 -0.0410576 -0.637061 0.378417 -0.0483546 -0.640722 -0.171168 0.0644245 -0.557125 
-0.172078 0.070902 -0.577165 -0.18881 0.0616186 -0.568318 0.172913 -0.0231394 -0.60106 
0.155271 -0.0259453 -0.612253 0.172003 -0.0166619 -0.6211 0.200676 -0.0239589 -0.624762 
0.201587 -0.0304364 -0.604721 0.23026 -0.0377334 -0.608383 0.258934 -0.0450304 -0.612044 
0.287607 -0.0523274 -0.615705 0.31628 -0.0596244 -0.619366 -0.1936 0.0357549 -0.554284 
0.13945 -0.0417062 -0.583365 0.121808 -0.0445121 -0.594558 0.138539 -0.0352287 -0.603406 
0.168123 -0.0490032 -0.587026 -0.210332 0.0264715 -0.545437 -0.227064 0.0171881 -0.53659 
0.105986 -0.0602729 -0.56567 0.088344 -0.0630788 -0.576864 0.105076 -0.0537954 -0.585711 
0.13466 -0.0675699 -0.569332 -0.231854 -0.00867562 -0.522556 0.101196 -0.0861367 -0.551637 
0.083554 -0.0889426 -0.56283 0.12987 -0.0934337 -0.555298 -0.247675 -0.0244365 -0.493668 
-0.236644 -0.0345394 -0.508523 0.0390593 -0.0974064 -0.530281 0.0214171 -0.100212 -0.541474 
0.0381488 -0.0909289 -0.550321 0.0668222 -0.0982259 -0.553983 0.0677328 -0.104703 -0.533942 
-0.281138 -0.0430032 -0.475974 -0.252465 -0.0503002 -0.479635 -0.241434 -0.0604031 -0.494489 
0.00559586 -0.115973 -0.512586 -0.0120464 -0.118779 -0.523779 0.00468534 -0.109496 -0.532627 
0.0342693 -0.12327 -0.516248 -0.285928 -0.068867 -0.46194 -0.274897 -0.0789699 -0.476794 
-0.258166 -0.0696865 -0.485642 -0.0565411 -0.127243 -0.49123 -0.0741833 -0.130049 -0.502423 
-0.0574516 -0.120765 -0.511271 -0.0287781 -0.128062 -0.514932 -0.0278676 -0.13454 -0.494891 
-0.290719 -0.0947307 -0.447907 -0.279687 -0.104834 -0.462761 -0.118678 -0.138513 -0.469874 
-0.13632 -0.141319 -0.481067 -0.119588 -0.132035 -0.489915 -0.090915 -0.139332 -0.493576 
-0.267746 -0.121414 -0.457575 -0.266835 -0.127891 -0.437534 -0.239072 -0.128711 -0.461236 
-0.238162 -0.135188 -0.441196 -0.210399 -0.136008 -0.464897 -0.209488 -0.142485 -0.444857 
-0.181725 -0.143305 -0.468559 -0.180815 -0.149782 -0.448518 -0.153052 -0.150602 -0.47222 
-0.152141 -0.157079 -0.452179 -0.0104615 0.144349 -0.671646 0.0182119 0.137052 -0.675307 
0.0292431 0.12695 -0.690162 0.0459748 0.136233 -0.699009 0.0746482 0.128936 -0.70267 
0.104232 0.115161 -0.686291 0.0865899 0.112356 -0.697484 -0.0448355 0.13226 -0.673992 
-0.0615673 0.122977 -0.665144 -0.0161621 0.124963 -0.677653 0.0125113 0.117666 -0.681314 
0.0985316 0.0957752 -0.692298 0.128116 0.0820007 -0.675919 0.110473 0.0791949 -0.687112 
0.156789 0.0747038 -0.67958 -0.078299 0.113693 -0.656297 -0.0950308 0.10441 -0.64745 
0.122415 0.0626145 -0.681926 0.151999 0.04884 -0.665547 0.134357 0.0460341 -0.67674 
0.180672 0.041543 -0.669208 -0.111762 0.0951267 -0.638602 -0.128494 0.0858433 -0.629755 
0.147209 0.0229763 -0.651513 0.129567 0.0201704 -0.662706 0.175882 0.0156793 -0.655174 
0.204556 0.00838228 -0.658836 -0.145226 0.0765599 -0.620907 -0.161958 0.0672766 -0.61206 
0.142419 -0.00288748 -0.63748 0.124777 -0.00569338 -0.648673 0.171092 -0.0101845 -0.641141 
0.199766 -0.0174815 -0.644802 -0.177779 0.0515157 -0.583172 -0.166748 0.0414128 -0.598027 
0.108955 -0.0214542 -0.619785 0.0913131 -0.0242601 -0.630978 0.108045 -0.0149768 -0.639825 
0.137629 -0.0287512 -0.623446 -0.18348 0.0321295 -0.589179 -0.200211 0.0228461 -0.580332 
0.104165 -0.047318 -0.605751 0.086523 -0.0501239 -0.616945 -0.216032 0.00708523 -0.551444 
-0.205001 -0.00301767 -0.566298 0.0707018 -0.0658847 -0.588057 0.0530595 -0.0686906 -0.59925 
0.0697913 -0.0594072 -0.608097 -0.220823 -0.0187785 -0.537411 -0.209791 -0.0288814 -0.552265 
0.0372383 -0.0844515 -0.570362 0.0195961 -0.0872574 -0.581555 0.0363278 -0.077974 -0.590402 
0.0659117 -0.0917485 -0.574023 -0.225613 -0.0446423 -0.523377 -0.214581 -0.0547452 -0.538231 
0.00377483 -0.103018 -0.552667 -0.0138674 -0.105824 -0.56386 0.00286431 -0.0965407 -0.572708 
-0.230403 -0.070506 -0.509344 -0.219371 -0.0806089 -0.524198 -0.0296887 -0.121585 -0.534972 
-0.0473309 -0.124391 -0.546166 -0.0305992 -0.115107 -0.555013 -0.263866 -0.0890727 -0.491649 
-0.252835 -0.0991756 -0.506503 -0.236103 -0.0898923 -0.515351 -0.120499 -0.125558 -0.509955 
-0.138141 -0.128364 -0.521148 -0.121409 -0.11908 -0.529996 -0.0927361 -0.126377 -0.533657 
-0.0918256 -0.132855 -0.513616 -0.0640626 -0.133674 -0.537318 -0.268656 -0.114936 -0.477615 
-0.240893 -0.115756 -0.501317 -0.239983 -0.122233 -0.481277 -0.21222 -0.123053 -0.504978 
-0.211309 -0.12953 -0.484938 -0.183546 -0.13035 -0.50864 -0.182636 -0.136827 -0.488599 
-0.154873 -0.137647 -0.512301 -0.153962 -0.144124 -0.49226 0.0402742 0.116847 -0.705016 
0.0689477 0.10955 -0.708677 -0.0505361 0.112874 -0.679999 -0.0218627 0.105577 -0.68366 
0.00681075 0.0982799 -0.687321 0.0178419 0.088177 -0.702176 0.0345737 0.0974604 -0.711023 
0.0632471 0.0901634 -0.714684 0.092831 0.0763889 -0.698305 0.0751888 0.0735831 -0.709498 
-0.0839996 0.0943072 -0.662304 -0.0729684 0.0842043 -0.677158 -0.0562367 0.0934877 -0.686006 
-0.0275632 0.0861907 -0.689667 0.00111018 0.0788937 -0.693328 0.088041 0.0505252 -0.684272 
0.0703987 0.0477193 -0.695465 0.116714 0.0432282 -0.687933 -0.117463 0.0757404 -0.644609 
-0.106432 0.0656375 -0.659464 -0.0897002 0.0749209 -0.668311 0.0823404 0.0311389 -0.690279 
0.111924 0.0173645 -0.673899 0.0942821 0.0145586 -0.685093 -0.150927 0.0571737 -0.626915 
-0.139895 0.0470708 -0.641769 -0.123164 0.0563542 -0.650616 0.107134 -0.00849928 -0.659866 
0.089492 -0.0113052 -0.671059 -0.155717 0.0313099 -0.612881 -0.144685 0.021207 -0.627735 
0.0736708 -0.027066 -0.642171 0.0560286 -0.0298719 -0.653364 0.0727603 -0.0205886 -0.662212 
-0.18918 0.0127432 -0.595186 -0.178149 0.00264029 -0.610041 -0.161417 0.0119237 -0.618888 
0.0402073 -0.0456328 -0.624476 0.0225651 -0.0484387 -0.63567 0.0392968 -0.0391553 -0.644517 
0.0688808 -0.0529298 -0.628138 -0.19397 -0.0131206 -0.581153 -0.182939 -0.0232235 -0.596007 
0.00674385 -0.0641995 -0.606782 -0.0108984 -0.0670054 -0.617975 0.00583334 -0.0577221 -0.626822 
0.0354173 -0.0714965 -0.610443 -0.19876 -0.0389843 -0.567119 -0.187729 -0.0490872 -0.581974 
0.0019538 -0.0900633 -0.592748 -0.0156885 -0.0928692 -0.603941 -0.20355 -0.0648481 -0.553086 
-0.192519 -0.0749509 -0.56794 -0.0315097 -0.10863 -0.575053 -0.0491519 -0.111436 -0.586247 
-0.0324202 -0.102153 -0.595094 -0.20834 -0.0907118 -0.539052 -0.197309 -0.100815 -0.553907 
-0.0936466 -0.1199 -0.553697 -0.111289 -0.122706 -0.564891 -0.0945571 -0.113422 -0.573738 
-0.0658837 -0.120719 -0.577399 -0.0649732 -0.127197 -0.557359 -0.241804 -0.109279 -0.521358 
-0.21313 -0.116576 -0.525019 -0.185367 -0.117395 -0.548721 -0.184457 -0.123873 -0.52868 
-0.156694 -0.124692 -0.552382 -0.155783 -0.13117 -0.532341 -0.128021 -0.131989 -0.556043 
0.0288731 0.0780741 -0.71703 0.0575465 0.0707771 -0.720691 -0.0619372 0.0741014 -0.692013 
-0.0332638 0.0668044 -0.695674 -0.00459039 0.0595074 -0.699335 0.00644078 0.0494045 -0.71419 
0.0231725 0.0586879 -0.723037 0.0527565 0.0449134 -0.706658 0.0351142 0.0421075 -0.717851 
-0.0954007 0.0555346 -0.674318 -0.0667273 0.0482376 -0.677979 -0.0556961 0.0381347 -0.692834 
-0.0389644 0.0474181 -0.701681 -0.010291 0.0401211 -0.705342 0.0479664 0.0190497 -0.692624 
0.0303242 0.0162438 -0.703817 0.0766398 0.0117527 -0.696286 -0.128864 0.0369679 -0.656623 
-0.100191 0.0296709 -0.660285 -0.0891596 0.019568 -0.675139 -0.0724279 0.0288514 -0.683986 
0.0145029 0.000482911 -0.67493 -0.00313932 -0.00232299 -0.686123 0.0135924 0.00696039 -0.69497 
0.0431764 -0.00681408 -0.678591 0.0718498 -0.0141111 -0.682252 -0.133654 0.0111041 -0.64259 
-0.122623 0.00100125 -0.657444 -0.105891 0.0102846 -0.666292 0.00971288 -0.0253808 -0.660896 
-0.00792938 -0.0281867 -0.672089 0.0383863 -0.0326778 -0.664557 -0.167118 -0.00746261 -0.624895 
-0.138444 -0.0147596 -0.628556 -0.127413 -0.0248625 -0.643411 -0.0237506 -0.0439476 -0.643201 
-0.0413929 -0.0467535 -0.654395 -0.0246611 -0.0374701 -0.663242 0.00492282 -0.0512446 -0.646863 
-0.171908 -0.0333264 -0.610862 -0.143234 -0.0406233 -0.614523 -0.132203 -0.0507262 -0.629377 
-0.0572141 -0.0625143 -0.625507 -0.0748563 -0.0653202 -0.6367 -0.0581246 -0.0560369 -0.645547 
-0.0285407 -0.0698113 -0.629168 -0.176698 -0.0591901 -0.596828 -0.148024 -0.0664871 -0.600489 
-0.136993 -0.07659 -0.615344 -0.0906776 -0.0810811 -0.607812 -0.10832 -0.083887 -0.619005 
-0.0915881 -0.0746036 -0.627852 -0.0620041 -0.0883781 -0.611473 -0.0333307 -0.0956751 -0.615134 
-0.181488 -0.0850538 -0.582795 -0.152814 -0.0923508 -0.586456 -0.125052 -0.0931704 -0.610158 
-0.124141 -0.0996478 -0.590117 -0.0954676 -0.106945 -0.593778 -0.0667942 -0.114242 -0.59744 
-0.186278 -0.110918 -0.568761 -0.157605 -0.118215 -0.572422 -0.128931 -0.125512 -0.576084 
0.017472 0.0393016 -0.729044 -0.0446649 0.0280319 -0.707688 -0.0159915 0.0207349 -0.711349 
0.0126819 0.0134379 -0.715011 -0.0781284 0.0094651 -0.689993 -0.049455 0.00216811 -0.693655 
-0.0207816 -0.00512889 -0.697316 -0.111592 -0.00910165 -0.672299 -0.0829185 -0.0163986 -0.67596 
-0.0542451 -0.0236956 -0.679621 -0.0255716 -0.0309926 -0.683282 -0.116382 -0.0349654 -0.658265 
-0.0877085 -0.0422624 -0.661926 -0.0590351 -0.0495594 -0.665588 -0.121172 -0.0608291 -0.644232 
-0.0924986 -0.0681261 -0.647893 -0.125962 -0.0866929 -0.630198 
POLYGONS 8217 24648
OFFSETS vtktypeint64
0 3 6 9 12 15 18 21 24 
27 30 33 36 39 42 45 48 51 
54 57 60 63 66 69 72 75 78 
81 84 87 90 93 96 99 102 105 
108 111 114 117 120 123 126 129 132 
135 138 141 144 147 150 153 156 159 
162 165 168 171 174 177 180 183 186 
189 192 195 198 201 204 207 210 213 
216 219 222 225 228 231 234 237 240 
243 246 249 252 255 258 261 264 267 
270 273 276 279 282 285 288 291 294 
297 300 303 306 309 312 315 318 321 
324 327 330 333 336 339 342 345 348 
351 354 357 360 363 366 369 372 375 
378 381 384 387 390 393 396 399 402 
405 408 411 414 417 420 423 426 429 
432 435 438 441 444 447 450 453 456 
459 462 465 468 471 474 477 480 483 
486 489 492 495 498 501 504 507 510 
513 516 519 522 525 528 531 534 537 
540 543 546 549 552 555 558 561 564 
567 570 573 576 579 582 585 588 591 
594 597 600 603 606 609 612 615 618 
621 624 627 630 633 636 639 642 645 
648 651 654 657 660 663 666 669 672 
675 678 681 684 687 690 693 696 699 
702 705 708 711 714 717 720 723 726 
729 732 735 738 741 744 747 750 753 
756 759 762 765 768 771 774 777 780 
783 786 789 792 795 798 801 804 807 
810 813 816 819 822 825 828 831 834 
837 840 843 846 849 852 855 858 861 
864 867 870 873 876 879 882 885 888 
891 894 897 900 903 906 909 912 915 
918 921 924 927 930 933 936 939 942 
945 948 951 954 957 960 963 966 969 
972 975 978 981 984 987 990 993 996 
999 1002 1005 1008 1011 1014 1017 1020 1023 
1026 1029 1032 1035 1038 1041 1044 1047 1050 
1053 1056 1059 1062 1065 1068 1071 1074 1077 
1080 1083 1086 1089 1092 1095 1098 1101 1104 
1107 1110 1113 1116 1119 1122 1125 1128 1131 
1134 1137 1140 1143 1146 1149 1152 1155 1158 
1161 1164 1167 1170 1173 1176 1179 1182 1185 
1188 1191 1194 1197 1200 1203 1206 1209 1212 
1215 1218 1221 1224 1227 1230 1233 1236 1239 
1242 1245 1248 1251 1254 1257 1260 1263 1266 
1269 1272 1275 1278 1281 1284 1287 1290 1293 
1296 1299 1302 1305 1308 1311 1314 1317 1320 
1323 1326 1329 1332 1335 1338 1341 1344 1347 
1350 1353 1356 1359 1362 1365 1368 1371 1374 
1377 1380 1383 1386 1389 1392 1395 1398 1401 
1404 1407 1410 1413 1416 1419 1422 1425 1428 
1431 1434 1437 1440 1443 1446 1449 1452 1455 
1458 1461 1464 1467 1470 1473 1476 1479 1482 
1485 1488 1491 1494 1497 1500 1503 1506 1509 
1512 1515 1518 1521 1524 1527 1530 1533 1536 
1539 1542 1545 1548 1551 1554 1557 1560 1563 
1566 1569 1572 1575 1578 1581 1584 1587 1590 
1593 1596 1599 1602 1605 1608 1611 1614 1617 
1620 1623 1626 1629 1632 1635 1638 1641 1644 
1647 1650 1653 1656 1659 1662 1665 1668 1671 
1674 1677 1680 1683 1686 1689 1692 1695 1698 
1701 1704 1707 1710 1713 1716 1719 1722 1725 
1728 1731 1734 1737 1740 1743 1746 1749 1752 
1755 1758 1761 1764 1767 1770 1773 1776 1779 
1782 1785 1788 1791 1794 1797 1800 1803 1806 
1809 1812 1815 1818 1821 1824 1827 1830 1833 
1836 1839 1842 1845 1848 1851 1854 1857 1860 
1863 1866 1869 1872 1875 1878 1881 1884 1887 
1890 1893 1896 1899 1902 1905 1908 1911 1914 
1917 1920 1923 1926 1929 1932 1935 1938 1941 
1944 1947 1950 1953 1956 1959 1962 1965 1968 
1971 1974 1977 1980 1983 1986 1989 1992 1995 
1998 2001 2004 2007 2010 2013 2016 2019 2022 
2025 2028 2031 2034 2037 2040 2043 2046 2049 
2052 2055 2058 2061 2064 2067 2070 2073 2076 
2079 2082 2085 2088 2091 2094 2097 2100 2103 
2106 2109 2112 2115 2118 2121 2124 2127 2130 
2133 2136 2139 2142 2145 2148 2151 2154 2157 
2160 2163 2166 2169 2172 2175 2178 2181 2184 
2187 2190 2193 2196 2199 2202 2205 2208 2211 
2214 2217 2220 2223 2226 2229 2232 2235 2238 
2241 2244 2247 2250 2253 2256 2259 2262 2265 
2268 2271 2274 2277 2280 2283 2286 2289 2292 
2295 2298 2301 2304 2307 2310 2313 2316 2319 
2322 2325 2328 2331 2334 2337 2340 2343 2346 
2349 2352 2355 2358 2361 2364 2367 2370 2373 
2376 2379 2382 2385 2388 2391 2394 2397 2400 
2403 2406 2409 2412 2415 2418 2421 2424 2427 
2430 2433 2436 2439 2442 2445 2448 2451 2454 
2457 2460 2463 2466 2469 2472 2475 2478 2481 
2484 2487 2490 2493 2496 2499 2502 2505 2508 
2511 2514 2517 2520 2523 2526 2529 2532 2535 
2538 2541 2544 2547 2550 2553 2556 2559 2562 
2565 2568 2571 2574 2577 2580 2583 2586 2589 
2592 2595 2598 2601 2604 2607 2610 2613 2616 
2619 2622 2625 2628 2631 2634 2637 2640 2643 
2646 2649 2652 2655 2658 2661 2664 2667 2670 
2673 2676 2679 2682 2685 2688 2691 2694 2697 
2700 2703 2706 2709 2712 2715 2718 2721 2724 
2727 2730 2733 2736 2739 2742 2745 2748 2751 
2754 2757 2760 2763 2766 2769 2772 2775 2778 
2781 2784 2787 2790 2793 2796 2799 2802 2805 
2808 2811 2814 2817 2820 2823 2826 2829 2832 
2835 2838 2841 2844 2847 2850 2853 2856 2859 
2862 2865 2868 2871 2874 2877 2880 2883 2886 
2889 2892 2895 2898 2901 2904 2907 2910 2913 
2916 2919 2922 2925 2928 2931 2934 2937 2940 
2943 2946 2949 2952 2955 2958 2961 2964 2967 
2970 2973 2976 2979 2982 2985 2988 2991 2994 
2997 3000 3003 3006 3009 3012 3015 3018 3021 
3024 3027 3030 3033 3036 3039 3042 3045 3048 
3051 3054 3057 3060 3063 3066 3069 3072 3075 
3078 3081 3084 3087 3090 3093 3096 3099 3102 
3105 3108 3111 3114 3117 3120 3123 3126 3129 
3132 3135 3138 3141 3144 3147 3150 3153 3156 
3159 3162 3165 3168 3171 3174 3177 3180 3183 
3186 3189 3192 3195 3198 3201 3204 3207 3210 
3213 3216 3219 3222 3225 3228 3231 3234 3237 
3240 3243 3246 3249 3252 3255 3258 3261 3264 
3267 3270 3273 3276 3279 3282 3285 3288 3291 
3294 3297 3300 3303 3306 3309 3312 3315 3318 
3321 3324 3327 3330 3333 3336 3339 3342 3345 
3348 3351 3354 3357 3360 3363 3366 3369 3372 
3375 3378 3381 3384 3387 3390 3393 3396 3399 
3402 3405 3408 3411 3414 3417 3420 3423 3426 
3429 3432 3435 3438 3441 3444 3447 3450 3453 
3456 3459 3462 3465 3468 3471 3474 3477 3480 
3483 3486 3489 3492 3495 3498 3501 3504 3507 
3510 3513 3516 3519 3522 3525 3528 3531 3534 
3537 3540 3543 3546 3549 3552 3555 3558 3561 
3564 3567 3570 3573 3576 3579 3582 3585 3588 
3591 3594 3597 3600 3603 3606 3609 3612 3615 
3618 3621 3624 3627 3630 3633 3636 3639 3642 
3645 3648 3651 3654 3657 3660 3663 3666 3669 
3672 3675 3678 3681 3684 3687 3690 3693 3696 
3699 3702 3705 3708 3711 3714 3717 3720 3723 
3726 3729 3732 3735 3738 3741 3744 3747 3750 
3753 3756 3759 3762 3765 3768 3771 3774 3777 
3780 3783 3786 3789 3792 3795 3798 3801 3804 
3807 3810 3813 3816 3819 3822 3825 3828 3831 
3834 3837 3840 3843 3846 3849 3852 3855 3858 
3861 3864 3867 3870 3873 3876 3879 3882 3885 
3888 3891 3894 3897 3900 3903 3906 3909 3912 
3915 3918 3921 3924 3927 3930 3933 3936 3939 
3942 3945 3948 3951 3954 3957 3960 3963 3966 
3969 3972 3975 3978 3981 3984 3987 3990 3993 
3996 3999 4002 4005 4008 4011 4014 4017 4020 
4023 4026 4029 4032 4035 4038 4041 4044 4047 
4050 4053 4056 4059 4062 4065 4068 4071 4074 
4077 4080 4083 4086 4089 4092 4095 4098 4101 
4104 4107 4110 4113 4116 4119 4122 4125 4128 
4131 4134 4137 4140 4143 4146 4149 4152 4155 
4158 4161 4164 4167 4170 4173 4176 4179 4182 
4185 4188 4191 4194 4197 4200 4203 4206 4209 
4212 4215 4218 4221 4224 4227 4230 4233 4236 
4239 4242 4245 4248 4251 4254 4257 4260 4263 
4266 4269 4272 4275 4278 4281 4284 4287 4290 
4293 4296 4299 4302 4305 4308 4311 4314 4317 
4320 4323 4326 4329 4332 4335 4338 4341 4344 
4347 4350 4353 4356 4359 4362 4365 4368 4371 
4374 4377 4380 4383 4386 4389 4392 4395 4398 
4401 4404 4407 4410 4413 4416 4419 4422 4425 
4428 4431 4434 4437 4440 4443 4446 4449 4452 
4455 4458 4461 4464 4467 4470 4473 4476 4479 
4482 4485 4488 4491 4494 4497 4500 4503 4506 
4509 4512 4515 4518 4521 4524 4527 4530 4533 
4536 4539 4542 4545 4548 4551 4554 4557 4560 
4563 4566 4569 4572 4575 4578 4581 4584 4587 
4590 4593 4596 4599 4602 4605 4608 4611 4614 
4617 4620 4623 4626 4629 4632 4635 4638 4641 
4644 4647 4650 4653 4656 4659 4662 4665 4668 
4671 4674 4677 4680 4683 4686 4689 4692 4695 
4698 4701 4704 4707 4710 4713 4716 4719 4722 
4725 4728 4731 4734 4737 4740 4743 4746 4749 
4752 4755 4758 4761 4764 4767 4770 4773 4776 
4779 4782 4785 4788 4791 4794 4797 4800 4803 
4806 4809 4812 4815 4818 4821 4824 4827 4830 
4833 4836 4839 4842 4845 4848 4851 4854 4857 
4860 4863 4866 4869 4872 4875 4878 4881 4884 
4887 4890 4893 4896 4899 4902 4905 4908 4911 
4914 4917 4920 4923 4926 4929 4932 4935 4938 
4941 4944 4947 4950 4953 4956 4959 4962 4965 
4968 4971 4974 4977 4980 4983 4986 4989 4992 
4995 4998 5001 5004 5007 5010 5013 5016 5019 
5022 5025 5028 5031 5034 5037 5040 5043 5046 
5049 5052 5055 5058 5061 5064 5067 5070 5073 
5076 5079 5082 5085 5088 5091 5094 5097 5100 
5103 5106 5109 5112 5115 5118 5121 5124 5127 
5130 5133 5136 5139 5142 5145 5148 5151 5154 
5157 5160 5163 5166 5169 5172 5175 5178 5181 
5184 5187 5190 5193 5196 5199 5202 5205 5208 
5211 5214 5217 5220 5223 5226 5229 5232 5235 
5238 5241 5244 5247 5250 5253 5256 5259 5262 
5265 5268 5271 5274 5277 5280 5283 5286 5289 
5292 5295 5298 5301 5304 5307 5310 5313 5316 
5319 5322 5325 5328 5331 5334 5337 5340 5343 
5346 5349 5352 5355 5358 5361 5364 5367 5370 
5373 5376 5379 5382 5385 5388 5391 5394 5397 
5400 5403 5406 5409 5412 5415 5418 5421 5424 
5427 5430 5433 5436 5439 5442 5445 5448 5451 
5454 5457 5460 5463 5466 5469 5472 5475 5478 
5481 5484 5487 5490 5493 5496 5499 5502 5505 
5508 5511 5514 5517 5520 5523 5526 5529 5532 
5535 5538 5541 5544 5547 5550 5553 5556 5559 
5562 5565 5568 5571 5574 5577 5580 5583 5586 
5589 5592 5595 5598 5601 5604 5607 5610 5613 
5616 5619 5622 5625 5628 5631 5634 5637 5640 
5643 5646 5649 5652 5655 5658 5661 5664 5667 
5670 5673 5676 5679 5682 5685 5688 5691 5694 
5697 5700 5703 5706 5709 5712 5715 5718 5721 
5724 5727 5730 5733 5736 5739 5742 5745 5748 
5751 5754 5757 5760 5763 5766 5769 5772 5775 
5778 5781 5784 5787 5790 5793 5796 5799 5802 
5805 5808 5811 5814 5817 5820 5823 5826 5829 
5832 5835 5838 5841 5844 5847 5850 5853 5856 
5859 5862 5865 5868 5871 5874 5877 5880 5883 
5886 5889 5892 5895 5898 5901 5904 5907 5910 
5913 5916 5919 5922 5925 5928 5931 5934 5937 
5940 5943 5946 5949 5952 5955 5958 5961 5964 
5967 5970 5973 5976 5979 5982 5985 5988 5991 
5994 5997 6000 6003 6006 6009 6012 6015 6018 
6021 6024 6027 6030 6033 6036 6039 6042 6045 
6048 6051 6054 6057 6060 6063 6066 6069 6072 
6075 6078 6081 6084 6087 6090 6093 6096 6099 
6102 6105 6108 6111 6114 6117 6120 6123 6126 
6129 6132 6135 6138 6141 6144 6147 6150 6153 
6156 6159 6162 6165 6168 6171 6174 6177 6180 
6183 6186 6189 6192 6195 6198 6201 6204 6207 
6210 6213 6216 6219 6222 6225 6228 6231 6234 
6237 6240 6243 6246 6249 6252 6255 6258 6261 
6264 6267 6270 6273 6276 6279 6282 6285 6288 
6291 6294 6297 6300 6303 6306 6309 6312 6315 
6318 6321 6324 6327 6330 6333 6336 6339 6342 
6345 6348 6351 6354 6357 6360 6363 6366 6369 
6372 6375 6378 6381 6384 6387 6390 6393 6396 
6399 6402 6405 6408 6411 6414 6417 6420 6423 
6426 6429 6432 6435 6438 6441 6444 6447 6450 
6453 6456 6459 6462 6465 6468 6471 6474 6477 
6480 6483 6486 6489 6492 6495 6498 6501 6504 
6507 6510 6513 6516 6519 6522 6525 6528 6531 
6534 6537 6540 6543 6546 6549 6552 6555 6558 
6561 6564 6567 6570 6573 6576 6579 6582 6585 
6588 6591 6594 6597 6600 6603 6606 6609 6612 
6615 6618 6621 6624 6627 6630 6633 6636 6639 
6642 6645 6648 6651 6654 6657 6660 6663 6666 
6669 6672 6675 6678 6681 6684 6687 6690 6693 
6696 6699 6702 6705 6708 6711 6714 6717 6720 
6723 6726 6729 6732 6735 6738 6741 6744 6747 
6750 6753 6756 6759 6762 6765 6768 6771 6774 
6777 6780 6783 6786 6789 6792 6795 6798 6801 
6804 6807 6810 6813 6816 6819 6822 6825 6828 
6831 6834 6837 6840 6843 6846 6849 6852 6855 
6858 6861 6864 6867 6870 6873 6876 6879 6882 
6885 6888 6891 6894 6897 6900 6903 6906 6909 
6912 6915 6918 6921 6924 6927 6930 6933 6936 
6939 6942 6945 6948 6951 6954 6957 6960 6963 
6966 6969 6972 6975 6978 6981 6984 6987 6990 
6993 6996 6999 7002 7005 7008 7011 7014 7017 
7020 7023 7026 7029 7032 7035 7038 7041 7044 
7047 7050 7053 7056 7059 7062 7065 7068 7071 
7074 7077 7080 7083 7086 7089 7092 7095 7098 
7101 7104 7107 7110 7113 7116 7119 7122 7125 
7128 7131 7134 7137 7140 7143 7146 7149 7152 
7155 7158 7161 7164 7167 7170 7173 7176 7179 
7182 7185 7188 7191 7194 7197 7200 7203 7206 
7209 7212 7215 7218 7221 7224 7227 7230 7233 
7236 7239 7242 7245 7248 7251 7254 7257 7260 
7263 7266 7269 7272 7275 7278 7281 7284 7287 
7290 7293 7296 7299 7302 7305 7308 7311 7314 
7317 7320 7323 7326 7329 7332 7335 7338 7341 
7344 7347 7350 7353 7356 7359 7362 7365 7368 
7371 7374 7377 7380 7383 7386 7389 7392 7395 
7398 7401 7404 7407 7410 7413 7416 7419 7422 
7425 7428 7431 7434 7437 7440 7443 7446 7449 
7452 7455 7458 7461 7464 7467 7470 7473 7476 
7479 7482 7485 7488 7491 7494 7497 7500 7503 
7506 7509 7512 7515 7518 7521 7524 7527 7530 
7533 7536 7539 7542 7545 7548 7551 7554 7557 
7560 7563 7566 7569 7572 7575 7578 7581 7584 
7587 7590 7593 7596 7599 7602 7605 7608 7611 
7614 7617 7620 7623 7626 7629 7632 7635 7638 
7641 7644 7647 7650 7653 7656 7659 7662 7665 
7668 7671 7674 7677 7680 7683 7686 7689 7692 
7695 7698 7701 7704 7707 7710 7713 7716 7719 
7722 7725 7728 7731 7734 7737 7740 7743 7746 
7749 7752 7755 7758 7761 7764 7767 7770 7773 
7776 7779 7782 7785 7788 7791 7794 7797 7800 
7803 7806 7809 7812 7815 7818 7821 7824 7827 
7830 7833 7836 7839 7842 7845 7848 7851 7854 
7857 7860 7863 7866 7869 7872 7875 7878 7881 
7884 7887 7890 7893 7896 7899 7902 7905 7908 
7911 7914 7917 7920 7923 7926 7929 7932 7935 
7938 7941 7944 7947 7950 7953 7956 7959 7962 
7965 7968 7971 7974 7977 7980 7983 7986 7989 
7992 7995 7998 8001 8004 8007 8010 8013 8016 
8019 8022 8025 8028 8031 8034 8037 8040 8043 
8046 8049 8052 8055 8058 8061 8064 8067 8070 
8073 8076 8079 8082 8085 8088 8091 8094 8097 
8100 8103 8106 8109 8112 8115 8118 8121 8124 
8127 8130 8133 8136 8139 8142 8145 8148 8151 
8154 8157 8160 8163 8166 8169 8172 8175 8178 
8181 8184 8187 8190 8193 8196 8199 8202 8205 
8208 8211 8214 8217 8220 8223 8226 8229 8232 
8235 8238 8241 8244 8247 8250 8253 8256 8259 
8262 8265 8268 8271 8274 8277 8280 8283 8286 
8289 8292 8295 8298 8301 8304 8307 8310 8313 
8316 8319 8322 8325 8328 8331 8334 8337 8340 
8343 8346 8349 8352 8355 8358 8361 8364 8367 
8370 8373 8376 8379 8382 8385 8388 8391 8394 
8397 8400 8403 8406 8409 8412 8415 8418 8421 
8424 8427 8430 8433 8436 8439 8442 8445 8448 
8451 8454 8457 8460 8463 8466 8469 8472 8475 
8478 8481 8484 8487 8490 8493 8496 8499 8502 
8505 8508 8511 8514 8517 8520 8523 8526 8529 
8532 8535 8538 8541 8544 8547 8550 8553 8556 
8559 8562 8565 8568 8571 8574 8577 8580 8583 
8586 8589 8592 8595 8598 8601 8604 8607 8610 
8613 8616 8619 8622 8625 8628 8631 8634 8637 
8640 8643 8646 8649 8652 8655 8658 8661 8664 
8667 8670 8673 8676 8679 8682 8685 8688 8691 
8694 8697 8700 8703 8706 8709 8712 8715 8718 
8721 8724 8727 8730 8733 8736 8739 8742 8745 
8748 8751 8754 8757 8760 8763 8766 8769 8772 
8775 8778 8781 8784 8787 8790 8793 8796 8799 
8802 8805 8808 8811 8814 8817 8820 8823 8826 
8829 8832 8835 8838 8841 8844 8847 8850 8853 
8856 8859 8862 8865 8868 8871 8874 8877 8880 
8883 8886 8889 8892 8895 8898 8901 8904 8907 
8910 8913 8916 8919 8922 8925 8928 8931 8934 
8937 8940 8943 8946 8949 8952 8955 8958 8961 
8964 8967 8970 8973 8976 8979 8982 8985 8988 
8991 8994 8997 9000 9003 9006 9009 9012 9015 
9018 9021 9024 9027 9030 9033 9036 9039 9042 
9045 9048 9051 9054 9057 9060 9063 9066 9069 
9072 9075 9078 9081 9084 9087 9090 9093 9096 
9099 9102 9105 9108 9111 9114 9117 9120 9123 
9126 9129 9132 9135 9138 9141 9144 9147 9150 
9153 9156 9159 9162 9165 9168 9171 9174 9177 
9180 9183 9186 9189 9192 9195 9198 9201 9204 
9207 9210 9213 9216 9219 9222 9225 9228 9231 
9234 9237 9240 9243 9246 9249 9252 9255 9258 
9261 9264 9267 9270 9273 9276 9279 9282 9285 
9288 9291 9294 9297 9300 9303 9306 9309 9312 
9315 9318 9321 9324 9327 9330 9333 9336 9339 
9342 9345 9348 9351 9354 9357 9360 9363 9366 
9369 9372 9375 9378 9381 9384 9387 9390 9393 
9396 9399 9402 9405 9408 9411 9414 9417 9420 
9423 9426 9429 9432 9435 9438 9441 9444 9447 
9450 9453 9456 9459 9462 9465 9468 9471 9474 
9477 9480 9483 9486 9489 9492 9495 9498 9501 
9504 9507 9510 9513 9516 9519 9522 9525 9528 
9531 9534 9537 9540 9543 9546 9549 9552 9555 
9558 9561 9564 9567 9570 9573 9576 9579 9582 
9585 9588 9591 9594 9597 9600 9603 9606 9609 
9612 9615 9618 9621 9624 9627 9630 9633 9636 
9639 9642 9645 9648 9651 9654 9657 9660 9663 
9666 9669 9672 9675 9678 9681 9684 9687 9690 
9693 9696 9699 9702 9705 9708 9711 9714 9717 
9720 9723 9726 9729 9732 9735 9738 9741 9744 
9747 9750 9753 9756 9759 9762 9765 9768 9771 
9774 9777 9780 9783 9786 9789 9792 9795 9798 
9801 9804 9807 9810 9813 9816 9819 9822 9825 
9828 9831 9834 9837 9840 9843 9846 9849 9852 
9855 9858 9861 9864 9867 9870 9873 9876 9879 
9882 9885 9888 9891 9894 9897 9900 9903 9906 
9909 9912 9915 9918 9921 9924 9927 9930 9933 
9936 9939 9942 9945 9948 9951 9954 9957 9960 
9963 9966 9969 9972 9975 9978 9981 9984 9987 
9990 9993 9996 9999 10002 10005 10008 10011 10014 
10017 10020 10023 10026 10029 10032 10035 10038 10041 
10044 10047 10050 10053 10056 10059 10062 10065 10068 
10071 10074 10077 10080 10083 10086 10089 10092 10095 
10098 10101 10104 10107 10110 10113 10116 10119 10122 
10125 10128 10131 10134 10137 10140 10143 10146 10149 
10152 10155 10158 10161 10164 10167 10170 10173 10176 
10179 10182 10185 10188 10191 10194 10197 10200 10203 
10206 10209 10212 10215 10218 10221 10224 10227 10230 
10233 10236 10239 10242 10245 10248 10251 10254 10257 
10260 10263 10266 10269 10272 10275 10278 10281 10284 
10287 10290 10293 10296 10299 10302 10305 10308 10311 
10314 10317 10320 10323 10326 10329 10332 10335 10338 
10341 10344 10347 10350 10353 10356 10359 10362 10365 
10368 10371 10374 10377 10380 10383 10386 10389 10392 
10395 10398 10401 10404 10407 10410 10413 10416 10419 
10422 10425 10428 10431 10434 10437 10440 10443 10446 
10449 10452 10455 10458 10461 10464 10467 10470 10473 
10476 10479 10482 10485 10488 10491 10494 10497 10500 
10503 10506 10509 10512 10515 10518 10521 10524 10527 
10530 10533 10536 10539 10542 10545 10548 10551 10554 
10557 10560 10563 10566 10569 10572 10575 10578 10581 
10584 10587 10590 10593 10596 10599 10602 10605 10608 
10611 10614 10617 10620 10623 10626 10629 10632 10635 
10638 10641 10644 10647 10650 10653 10656 10659 10662 
10665 10668 10671 10674 10677 10680 10683 10686 10689 
10692 10695 10698 10701 10704 10707 10710 10713 10716 
10719 10722 10725 10728 10731 10734 10737 10740 10743 
10746 10749 10752 10755 10758 10761 10764 10767 10770 
10773 10776 10779 10782 10785 10788 10791 10794 10797 
10800 10803 10806 10809 10812 10815 10818 10821 10824 
10827 10830 10833 10836 10839 10842 10845 10848 10851 
10854 10857 10860 10863 10866 10869 10872 10875 10878 
10881 10884 10887 10890 10893 10896 10899 10902 10905 
10908 10911 10914 10917 10920 10923 10926 10929 10932 
10935 10938 10941 10944 10947 10950 10953 10956 10959 
10962 10965 10968 10971 10974 10977 10980 10983 10986 
10989 10992 10995 10998 11001 11004 11007 11010 11013 
11016 11019 11022 11025 11028 11031 11034 11037 11040 
11043 11046 11049 11052 11055 11058 11061 11064 11067 
11070 11073 11076 11079 11082 11085 11088 11091 11094 
11097 11100 11103 11106 11109 11112 11115 11118 11121 
11124 11127 11130 11133 11136 11139 11142 11145 11148 
11151 11154 11157 11160 11163 11166 11169 11172 11175 
11178 11181 11184 11187 11190 11193 11196 11199 11202 
11205 11208 11211 11214 11217 11220 11223 11226 11229 
11232 11235 11238 11241 11244 11247 11250 11253 11256 
11259 11262 11265 11268 11271 11274 11277 11280 11283 
11286 11289 11292 11295 11298 11301 11304 11307 11310 
11313 11316 11319 11322 11325 11328 11331 11334 11337 
11340 11343 11346 11349 11352 11355 11358 11361 11364 
11367 11370 11373 11376 11379 11382 11385 11388 11391 
11394 11397 11400 11403 11406 11409 11412 11415 11418 
11421 11424 11427 11430 11433 11436 11439 11442 11445 
11448 11451 11454 11457 11460 11463 11466 11469 11472 
11475 11478 11481 11484 11487 11490 11493 11496 11499 
11502 11505 11508 11511 11514 11517 11520 11523 11526 
11529 11532 11535 11538 11541 11544 11547 11550 11553 
11556 11559 11562 11565 11568 11571 11574 11577 11580 
11583 11586 11589 11592 11595 11598 11601 11604 11607 
11610 11613 11616 11619 11622 11625 11628 11631 11634 
11637 11640 11643 11646 11649 11652 11655 11658 11661 
11664 11667 11670 11673 11676 11679 11682 11685 11688 
11691 11694 11697 11700 11703 11706 11709 11712 11715 
11718 11721 11724 11727 11730 11733 11736 11739 11742 
11745 11748 11751 11754 11757 11760 11763 11766 11769 
11772 11775 11778 11781 11784 11787 11790 11793 11796 
11799 11802 11805 11808 11811 11814 11817 11820 11823 
11826 11829 11832 11835 11838 11841 11844 11847 11850 
11853 11856 11859 11862 11865 11868 11871 11874 11877 
11880 11883 11886 11889 11892 11895 11898 11901 11904 
11907 11910 11913 11916 11919 11922 11925 11928 11931 
11934 11937 11940 11943 11946 11949 11952 11955 11958 
11961 11964 11967 11970 11973 11976 11979 11982 11985 
11988 11991 11994 11997 12000 12003 12006 12009 12012 
12015 12018 12021 12024 12027 12030 12033 12036 12039 
12042 12045 12048 12051 12054 12057 12060 12063 12066 
12069 12072 12075 12078 12081 12084 12087 12090 12093 
12096 12099 12102 12105 12108 12111 12114 12117 12120 
12123 12126 12129 12132 12135 12138 12141 12144 12147 
12150 12153 12156 12159 12162 12165 12168 12171 12174 
12177 12180 12183 12186 12189 12192 12195 12198 12201 
12204 12207 12210 12213 12216 12219 12222 12225 12228 
12231 12234 12237 12240 12243 12246 12249 12252 12255 
12258 12261 12264 12267 12270 12273 12276 12279 12282 
12285 12288 12291 12294 12297 12300 12303 12306 12309 
12312 12315 12318 12321 12324 12327 12330 12333 12336 
12339 12342 12345 12348 12351 12354 12357 12360 12363 
12366 12369 12372 12375 12378 12381 12384 12387 12390 
12393 12396 12399 12402 12405 12408 12411 12414 12417 
12420 12423 12426 12429 12432 12435 12438 12441 12444 
12447 12450 12453 12456 12459 12462 12465 12468 12471 
12474 12477 12480 12483 12486 12489 12492 12495 12498 
12501 12504 12507 12510 12513 12516 12519 12522 12525 
12528 12531 12534 12537 12540 12543 12546 12549 12552 
12555 12558 12561 12564 12567 12570 12573 12576 12579 
12582 12585 12588 12591 12594 12597 12600 12603 12606 
12609 12612 12615 12618 12621 12624 12627 12630 12633 
12636 12639 12642 12645 12648 12651 12654 12657 12660 
12663 12666 12669 12672 12675 12678 12681 12684 12687 
12690 12693 12696 12699 12702 12705 12708 12711 12714 
12717 12720 12723 12726 12729 12732 12735 12738 12741 
12744 12747 12750 12753 12756 12759 12762 12765 12768 
12771 12774 12777 12780 12783 12786 12789 12792 12795 
12798 12801 12804 12807 12810 12813 12816 12819 12822 
12825 12828 12831 12834 12837 12840 12843 12846 12849 
12852 12855 12858 12861 12864 12867 12870 12873 12876 
12879 12882 12885 12888 12891 12894 12897 12900 12903 
12906 12909 12912 12915 12918 12921 12924 12927 12930 
12933 12936 12939 12942 12945 12948 12951 12954 12957 
12960 12963 12966 12969 12972 12975 12978 12981 12984 
12987 12990 12993 12996 12999 13002 13005 13008 13011 
13014 13017 13020 13023 13026 13029 13032 13035 13038 
13041 13044 13047 13050 13053 13056 13059 13062 13065 
13068 13071 13074 13077 13080 13083 13086 13089 13092 
13095 13098 13101 13104 13107 13110 13113 13116 13119 
13122 13125 13128 13131 13134 13137 13140 13143 13146 
13149 13152 13155 13158 13161 13164 13167 13170 13173 
13176 13179 13182 13185 13188 13191 13194 13197 13200 
13203 13206 13209 13212 13215 13218 13221 13224 13227 
13230 13233 13236 13239 13242 13245 13248 13251 13254 
13257 13260 13263 13266 13269 13272 13275 13278 13281 
13284 13287 13290 13293 13296 13299 13302 13305 13308 
13311 13314 13317 13320 13323 13326 13329 13332 13335 
13338 13341 13344 13347 13350 13353 13356 13359 13362 
13365 13368 13371 13374 13377 13380 13383 13386 13389 
13392 13395 13398 13401 13404 13407 13410 13413 13416 
13419 13422 13425 13428 13431 13434 13437 13440 13443 
13446 13449 13452 13455 13458 13461 13464 13467 13470 
13473 13476 13479 13482 13485 13488 13491 13494 13497 
13500 13503 13506 13509 13512 13515 13518 13521 13524 
13527 13530 13533 13536 13539 13542 13545 13548 13551 
13554 13557 13560 13563 13566 13569 13572 13575 13578 
13581 13584 13587 13590 13593 13596 13599 13602 13605 
13608 13611 13614 13617 13620 13623 13626 13629 13632 
13635 13638 13641 13644 13647 13650 13653 13656 13659 
13662 13665 13668 13671 13674 13677 13680 13683 13686 
13689 13692 13695 13698 13701 13704 13707 13710 13713 
13716 13719 13722 13725 13728 13731 13734 13737 13740 
13743 13746 13749 13752 13755 13758 13761 13764 13767 
13770 13773 13776 13779 13782 13785 13788 13791 13794 
13797 13800 13803 13806 13809 13812 13815 13818 13821 
13824 13827 13830 13833 13836 13839 13842 13845 13848 
13851 13854 13857 13860 13863 13866 13869 13872 13875 
13878 13881 13884 13887 13890 13893 13896 13899 13902 
13905 13908 13911 13914 13917 13920 13923 13926 13929 
13932 13935 13938 13941 13944 13947 13950 13953 13956 
13959 13962 13965 13968 13971 13974 13977 13980 13983 
13986 13989 13992 13995 13998 14001 14004 14007 14010 
14013 14016 14019 14022 14025 14028 14031 14034 14037 
14040 14043 14046 14049 14052 14055 14058 14061 14064 
14067 14070 14073 14076 14079 14082 14085 14088 14091 
14094 14097 14100 14103 14106 14109 14112 14115 14118 
14121 14124 14127 14130 14133 14136 14139 14142 14145 
14148 14151 14154 14157 14160 14163 14166 14169 14172 
14175 14178 14181 14184 14187 14190 14193 14196 14199 
14202 14205 14208 14211 14214 14217 14220 14223 14226 
14229 14232 14235 14238 14241 14244 14247 14250 14253 
14256 14259 14262 14265 14268 14271 14274 14277 14280 
14283 14286 14289 14292 14295 14298 14301 14304 14307 
14310 14313 14316 14319 14322 14325 14328 14331 14334 
14337 14340 14343 14346 14349 14352 14355 14358 14361 
14364 14367 14370 14373 14376 14379 14382 14385 14388 
14391 14394 14397 14400 14403 14406 14409 14412 14415 
14418 14421 14424 14427 14430 14433 14436 14439 14442 
14445 14448 14451 14454 14457 14460 14463 14466 14469 
14472 14475 14478 14481 14484 14487 14490 14493 14496 
14499 14502 14505 14508 14511 14514 14517 14520 14523 
14526 14529 14532 14535 14538 14541 14544 14547 14550 
14553 14556 14559 14562 14565 14568 14571 14574 14577 
14580 14583 14586 14589 14592 14595 14598 14601 14604 
14607 14610 14613 14616 14619 14622 14625 14628 14631 
14634 14637 14640 14643 14646 14649 14652 14655 14658 
14661 14664 14667 14670 14673 14676 14679 14682 14685 
14688 14691 14694 14697 14700 14703 14706 14709 14712 
14715 14718 14721 14724 14727 14730 14733 14736 14739 
14742 14745 14748 14751 14754 14757 14760 14763 14766 
14769 14772 14775 14778 14781 14784 14787 14790 14793 
14796 14799 14802 14805 14808 14811 14814 14817 14820 
14823 14826 14829 14832 14835 14838 14841 14844 14847 
14850 14853 14856 14859 14862 14865 14868 14871 14874 
14877 14880 14883 14886 14889 14892 14895 14898 14901 
14904 14907 14910 14913 14916 14919 14922 14925 14928 
14931 14934 14937 14940 14943 14946 14949 14952 14955 
14958 14961 14964 14967 14970 14973 14976 14979 14982 
14985 14988 14991 14994 14997 15000 15003 15006 15009 
15012 15015 15018 15021 15024 15027 15030 15033 15036 
15039 15042 15045 15048 15051 15054 15057 15060 15063 
15066 15069 15072 15075 15078 15081 15084 15087 15090 
15093 15096 15099 15102 15105 15108 15111 15114 15117 
15120 15123 15126 15129 15132 15135 15138 15141 15144 
15147 15150 15153 15156 15159 15162 15165 15168 15171 
15174 15177 15180 15183 15186 15189 15192 15195 15198 
15201 15204 15207 15210 15213 15216 15219 15222 15225 
15228 15231 15234 15237 15240 15243 15246 15249 15252 
15255 15258 15261 15264 15267 15270 15273 15276 15279 
15282 15285 15288 15291 15294 15297 15300 15303 15306 
15309 15312 15315 15318 15321 15324 15327 15330 15333 
15336 15339 15342 15345 15348 15351 15354 15357 15360 
15363 15366 15369 15372 15375 15378 15381 15384 15387 
15390 15393 15396 15399 15402 15405 15408 15411 15414 
15417 15420 15423 15426 15429 15432 15435 15438 15441 
15444 15447 15450 15453 15456 15459 15462 15465 15468 
15471 15474 15477 15480 15483 15486 15489 15492 15495 
15498 15501 15504 15507 15510 15513 15516 15519 15522 
15525 15528 15531 15534 15537 15540 15543 15546 15549 
15552 15555 15558 15561 15564 15567 15570 15573 15576 
15579 15582 15585 15588 15591 15594 15597 15600 15603 
15606 15609 15612 15615 15618 15621 15624 15627 15630 
15633 15636 15639 15642 15645 15648 15651 15654 15657 
15660 15663 15666 15669 15672 15675 15678 15681 15684 
15687 15690 15693 15696 15699 15702 15705 15708 15711 
15714 15717 15720 15723 15726 15729 15732 15735 15738 
15741 15744 15747 15750 15753 15756 15759 15762 15765 
15768 15771 15774 15777 15780 15783 15786 15789 15792 
15795 15798 15801 15804 15807 15810 15813 15816 15819 
15822 15825 15828 15831 15834 15837 15840 15843 15846 
15849 15852 15855 15858 15861 15864 15867 15870 15873 
15876 15879 15882 15885 15888 15891 15894 15897 15900 
15903 15906 15909 15912 15915 15918 15921 15924 15927 
15930 15933 15936 15939 15942 15945 15948 15951 15954 
15957 15960 15963 15966 15969 15972 15975 15978 15981 
15984 15987 15990 15993 15996 15999 16002 16005 16008 
16011 16014 16017 16020 16023 16026 16029 16032 16035 
16038 16041 16044 16047 16050 16053 16056 16059 16062 
16065 16068 16071 16074 16077 16080 16083 16086 16089 
16092 16095 16098 16101 16104 16107 16110 16113 16116 
16119 16122 16125 16128 16131 16134 16137 16140 16143 
16146 16149 16152 16155 16158 16161 16164 16167 16170 
16173 16176 16179 16182 16185 16188 16191 16194 16197 
16200 16203 16206 16209 16212 16215 16218 16221 16224 
16227 16230 16233 16236 16239 16242 16245 16248 16251 
16254 16257 16260 16263 16266 16269 16272 16275 16278 
16281 16284 16287 16290 16293 16296 16299 16302 16305 
16308 16311 16314 16317 16320 16323 16326 16329 16332 
16335 16338 16341 16344 16347 16350 16353 16356 16359 
16362 16365 16368 16371 16374 16377 16380 16383 16386 
16389 16392 16395 16398 16401 16404 16407 16410 16413 
16416 16419 16422 16425 16428 16431 16434 16437 16440 
16443 16446 16449 16452 16455 16458 16461 16464 16467 
16470 16473 16476 16479 16482 16485 16488 16491 16494 
16497 16500 16503 16506 16509 16512 16515 16518 16521 
16524 16527 16530 16533 16536 16539 16542 16545 16548 
16551 16554 16557 16560 16563 16566 16569 16572 16575 
16578 16581 16584 16587 16590 16593 16596 16599 16602 
16605 16608 16611 16614 16617 16620 16623 16626 16629 
16632 16635 16638 16641 16644 16647 16650 16653 16656 
16659 16662 16665 16668 16671 16674 16677 16680 16683 
16686 16689 16692 16695 16698 16701 16704 16707 16710 
16713 16716 16719 16722 16725 16728 16731 16734 16737 
16740 16743 16746 16749 16752 16755 16758 16761 16764 
16767 16770 16773 16776 16779 16782 16785 16788 16791 
16794 16797 16800 16803 16806 16809 16812 16815 16818 
16821 16824 16827 16830 16833 16836 16839 16842 16845 
16848 16851 16854 16857 16860 16863 16866 16869 16872 
16875 16878 16881 16884 16887 16890 16893 16896 16899 
16902 16905 16908 16911 16914 16917 16920 16923 16926 
16929 16932 16935 16938 16941 16944 16947 16950 16953 
16956 16959 16962 16965 16968 16971 16974 16977 16980 
16983 16986 16989 16992 16995 16998 17001 17004 17007 
17010 17013 17016 17019 17022 17025 17028 17031 17034 
17037 17040 17043 17046 17049 17052 17055 17058 17061 
17064 17067 17070 17073 17076 17079 17082 17085 17088 
17091 17094 17097 17100 17103 17106 17109 17112 17115 
17118 17121 17124 17127 17130 17133 17136 17139 17142 
17145 17148 17151 17154 17157 17160 17163 17166 17169 
17172 17175 17178 17181 17184 17187 17190 17193 17196 
17199 17202 17205 17208 17211 17214 17217 17220 17223 
17226 17229 17232 17235 17238 17241 17244 17247 17250 
17253 17256 17259 17262 17265 17268 17271 17274 17277 
17280 17283 17286 17289 17292 17295 17298 17301 17304 
17307 17310 17313 17316 17319 17322 17325 17328 17331 
17334 17337 17340 17343 17346 17349 17352 17355 17358 
17361 17364 17367 17370 17373 17376 17379 17382 17385 
17388 17391 17394 17397 17400 17403 17406 17409 17412 
17415 17418 17421 17424 17427 17430 17433 17436 17439 
17442 17445 17448 17451 17454 17457 17460 17463 17466 
17469 17472 17475 17478 17481 17484 17487 17490 17493 
17496 17499 17502 17505 17508 17511 17514 17517 17520 
17523 17526 17529 17532 17535 17538 17541 17544 17547 
17550 17553 17556 17559 17562 17565 17568 17571 17574 
17577 17580 17583 17586 17589 17592 17595 17598 17601 
17604 17607 17610 17613 17616 17619 17622 17625 17628 
17631 17634 17637 17640 17643 17646 17649 17652 17655 
17658 17661 17664 17667 17670 17673 17676 17679 17682 
17685 17688 17691 17694 17697 17700 17703 17706 17709 
17712 17715 17718 17721 17724 17727 17730 17733 17736 
17739 17742 17745 17748 17751 17754 17757 17760 17763 
17766 17769 17772 17775 17778 17781 17784 17787 17790 
17793 17796 17799 17802 17805 17808 17811 17814 17817 
17820 17823 17826 17829 17832 17835 17838 17841 17844 
17847 17850 17853 17856 17859 17862 17865 17868 17871 
17874 17877 17880 17883 17886 17889 17892 17895 17898 
17901 17904 17907 17910 17913 17916 17919 17922 17925 
17928 17931 17934 17937 17940 17943 17946 17949 17952 
17955 17958 17961 17964 17967 17970 17973 17976 17979 
17982 17985 17988 17991 17994 17997 18000 18003 18006 
18009 18012 18015 18018 18021 18024 18027 18030 18033 
18036 18039 18042 18045 18048 18051 18054 18057 18060 
18063 18066 18069 18072 18075 18078 18081 18084 18087 
18090 18093 18096 18099 18102 18105 18108 18111 18114 
18117 18120 18123 18126 18129 18132 18135 18138 18141 
18144 18147 18150 18153 18156 18159 18162 18165 18168 
18171 18174 18177 18180 18183 18186 18189 18192 18195 
18198 18201 18204 18207 18210 18213 18216 18219 18222 
18225 18228 18231 18234 18237 18240 18243 18246 18249 
18252 18255 18258 18261 18264 18267 18270 18273 18276 
18279 18282 18285 18288 18291 18294 18297 18300 18303 
18306 18309 18312 18315 18318 18321 18324 18327 18330 
18333 18336 18339 18342 18345 18348 18351 18354 18357 
18360 18363 18366 18369 18372 18375 18378 18381 18384 
18387 18390 18393 18396 18399 18402 18405 18408 18411 
18414 18417 18420 18423 18426 18429 18432 18435 18438 
18441 18444 18447 18450 18453 18456 18459 18462 18465 
18468 18471 18474 18477 18480 18483 18486 18489 18492 
18495 18498 18501 18504 18507 18510 18513 18516 18519 
18522 18525 18528 18531 18534 18537 18540 18543 18546 
18549 18552 18555 18558 18561 18564 18567 18570 18573 
18576 18579 18582 18585 18588 18591 18594 18597 18600 
18603 18606 18609 18612 18615 18618 18621 18624 18627 
18630 18633 18636 18639 18642 18645 18648 18651 18654 
18657 18660 18663 18666 18669 18672 18675 18678 18681 
18684 18687 18690 18693 18696 18699 18702 18705 18708 
18711 18714 18717 18720 18723 18726 18729 18732 18735 
18738 18741 18744 18747 18750 18753 18756 18759 18762 
18765 18768 18771 18774 18777 18780 18783 18786 18789 
18792 18795 18798 18801 18804 18807 18810 18813 18816 
18819 18822 18825 18828 18831 18834 18837 18840 18843 
18846 18849 18852 18855 18858 18861 18864 18867 18870 
18873 18876 18879 18882 18885 18888 18891 18894 18897 
18900 18903 18906 18909 18912 18915 18918 18921 18924 
18927 18930 18933 18936 18939 18942 18945 18948 18951 
18954 18957 18960 18963 18966 18969 18972 18975 18978 
18981 18984 18987 18990 18993 18996 18999 19002 19005 
19008 19011 19014 19017 19020 19023 19026 19029 19032 
19035 19038 19041 19044 19047 19050 19053 19056 19059 
19062 19065 19068 19071 19074 19077 19080 19083 19086 
19089 19092 19095 19098 19101 19104 19107 19110 19113 
19116 19119 19122 19125 19128 19131 19134 19137 19140 
19143 19146 19149 19152 19155 19158 19161 19164 19167 
19170 19173 19176 19179 19182 19185 19188 19191 19194 
19197 19200 19203 19206 19209 19212 19215 19218 19221 
19224 19227 19230 19233 19236 19239 19242 19245 19248 
19251 19254 19257 19260 19263 19266 19269 19272 19275 
19278 19281 19284 19287 19290 19293 19296 19299 19302 
19305 19308 19311 19314 19317 19320 19323 19326 19329 
19332 19335 19338 19341 19344 19347 19350 19353 19356 
19359 19362 19365 19368 19371 19374 19377 19380 19383 
19386 19389 19392 19395 19398 19401 19404 19407 19410 
19413 19416 19419 19422 19425 19428 19431 19434 19437 
19440 19443 19446 19449 19452 19455 19458 19461 19464 
19467 19470 19473 19476 19479 19482 19485 19488 19491 
19494 19497 19500 19503 19506 19509 19512 19515 19518 
19521 19524 19527 19530 19533 19536 19539 19542 19545 
19548 19551 19554 19557 19560 19563 19566 19569 19572 
19575 19578 19581 19584 19587 19590 19593 19596 19599 
19602 19605 19608 19611 19614 19617 19620 19623 19626 
19629 19632 19635 19638 19641 19644 19647 19650 19653 
19656 19659 19662 19665 19668 19671 19674 19677 19680 
19683 19686 19689 19692 19695 19698 19701 19704 19707 
19710 19713 19716 19719 19722 19725 19728 19731 19734 
19737 19740 19743 19746 19749 19752 19755 19758 19761 
19764 19767 19770 19773 19776 19779 19782 19785 19788 
19791 19794 19797 19800 19803 19806 19809 19812 19815 
19818 19821 19824 19827 19830 19833 19836 19839 19842 
19845 19848 19851 19854 19857 19860 19863 19866 19869 
19872 19875 19878 19881 19884 19887 19890 19893 19896 
19899 19902 19905 19908 19911 19914 19917 19920 19923 
19926 19929 19932 19935 19938 19941 19944 19947 19950 
19953 19956 19959 19962 19965 19968 19971 19974 19977 
19980 19983 19986 19989 19992 19995 19998 20001 20004 
20007 20010 20013 20016 20019 20022 20025 20028 20031 
20034 20037 20040 20043 20046 20049 20052 20055 20058 
20061 20064 20067 20070 20073 20076 20079 20082 20085 
20088 20091 20094 20097 20100 20103 20106 20109 20112 
20115 20118 20121 20124 20127 20130 20133 20136 20139 
20142 20145 20148 20151 20154 20157 20160 20163 20166 
20169 20172 20175 20178 20181 20184 20187 20190 20193 
20196 20199 20202 20205 20208 20211 20214 20217 20220 
20223 20226 20229 20232 20235 20238 20241 20244 20247 
20250 20253 20256 20259 20262 20265 20268 20271 20274 
20277 20280 20283 20286 20289 20292 20295 20298 20301 
20304 20307 20310 20313 20316 20319 20322 20325 20328 
20331 20334 20337 20340 20343 20346 20349 20352 20355 
20358 20361 20364 20367 20370 20373 20376 20379 20382 
20385 20388 20391 20394 20397 20400 20403 20406 20409 
20412 20415 20418 20421 20424 20427 20430 20433 20436 
20439 20442 20445 20448 20451 20454 20457 20460 20463 
20466 20469 20472 20475 20478 20481 20484 20487 20490 
20493 20496 20499 20502 20505 20508 20511 20514 20517 
20520 20523 20526 20529 20532 20535 20538 20541 20544 
20547 20550 20553 20556 20559 20562 20565 20568 20571 
20574 20577 20580 20583 20586 20589 20592 20595 20598 
20601 20604 20607 20610 20613 20616 20619 20622 20625 
20628 20631 20634 20637 20640 20643 20646 20649 20652 
20655 20658 20661 20664 20667 20670 20673 20676 20679 
20682 20685 20688 20691 20694 20697 20700 20703 20706 
20709 20712 20715 20718 20721 20724 20727 20730 20733 
20736 20739 20742 20745 20748 20751 20754 20757 20760 
20763 20766 20769 20772 20775 20778 20781 20784 20787 
20790 20793 20796 20799 20802 20805 20808 20811 20814 
20817 20820 20823 20826 20829 20832 20835 20838 20841 
20844 20847 20850 20853 20856 20859 20862 20865 20868 
20871 20874 20877 20880 20883 20886 20889 20892 20895 
20898 20901 20904 20907 20910 20913 20916 20919 20922 
20925 20928 20931 20934 20937 20940 20943 20946 20949 
20952 20955 20958 20961 20964 20967 20970 20973 20976 
20979 20982 20985 20988 20991 20994 20997 21000 21003 
21006 21009 21012 21015 21018 21021 21024 21027 21030 
21033 21036 21039 21042 21045 21048 21051 21054 21057 
21060 21063 21066 21069 21072 21075 21078 21081 21084 
21087 21090 21093 21096 21099 21102 21105 21108 21111 
21114 21117 21120 21123 21126 21129 21132 21135 21138 
21141 21144 21147 21150 21153 21156 21159 21162 21165 
21168 21171 21174 21177 21180 21183 21186 21189 21192 
21195 21198 21201 21204 21207 21210 21213 21216 21219 
21222 21225 21228 21231 21234 21237 21240 21243 21246 
21249 21252 21255 21258 21261 21264 21267 21270 21273 
21276 21279 21282 21285 21288 21291 21294 21297 21300 
21303 21306 21309 21312 21315 21318 21321 21324 21327 
21330 21333 21336 21339 21342 21345 21348 21351 21354 
21357 21360 21363 21366 21369 21372 21375 21378 21381 
21384 21387 21390 21393 21396 21399 21402 21405 21408 
21411 21414 21417 21420 21423 21426 21429 21432 21435 
21438 21441 21444 21447 21450 21453 21456 21459 21462 
21465 21468 21471 21474 21477 21480 21483 21486 21489 
21492 21495 21498 21501 21504 21507 21510 21513 21516 
21519 21522 21525 21528 21531 21534 21537 21540 21543 
21546 21549 21552 21555 21558 21561 21564 21567 21570 
21573 21576 21579 21582 21585 21588 21591 21594 21597 
21600 21603 21606 21609 21612 21615 21618 21621 21624 
21627 21630 21633 21636 21639 21642 21645 21648 21651 
21654 21657 21660 21663 21666 21669 21672 21675 21678 
21681 21684 21687 21690 21693 21696 21699 21702 21705 
21708 21711 21714 21717 21720 21723 21726 21729 21732 
21735 21738 21741 21744 21747 21750 21753 21756 21759 
21762 21765 21768 21771 21774 21777 21780 21783 21786 
21789 21792 21795 21798 21801 21804 21807 21810 21813 
21816 21819 21822 21825 21828 21831 21834 21837 21840 
21843 21846 21849 21852 21855 21858 21861 21864 21867 
21870 21873 21876 21879 21882 21885 21888 21891 21894 
21897 21900 21903 21906 21909 21912 21915 21918 21921 
21924 21927 21930 21933 21936 21939 21942 21945 21948 
21951 21954 21957 21960 21963 21966 21969 21972 21975 
21978 21981 21984 21987 21990 21993 21996 21999 22002 
22005 22008 22011 22014 22017 22020 22023 22026 22029 
22032 22035 22038 22041 22044 22047 22050 22053 22056 
22059 22062 22065 22068 22071 22074 22077 22080 22083 
22086 22089 22092 22095 22098 22101 22104 22107 22110 
22113 22116 22119 22122 22125 22128 22131 22134 22137 
22140 22143 22146 22149 22152 22155 22158 22161 22164 
22167 22170 22173 22176 22179 22182 22185 22188 22191 
22194 22197 22200 22203 22206 22209 22212 22215 22218 
22221 22224 22227 22230 22233 22236 22239 22242 22245 
22248 22251 22254 22257 22260 22263 22266 22269 22272 
22275 22278 22281 22284 22287 22290 22293 22296 22299 
22302 22305 22308 22311 22314 22317 22320 22323 22326 
22329 22332 22335 22338 22341 22344 22347 22350 22353 
22356 22359 22362 22365 22368 22371 22374 22377 22380 
22383 22386 22389 22392 22395 22398 22401 22404 22407 
22410 22413 22416 22419 22422 22425 22428 22431 22434 
22437 22440 22443 22446 22449 22452 22455 22458 22461 
22464 22467 22470 22473 22476 22479 22482 22485 22488 
22491 22494 22497 22500 22503 22506 22509 22512 22515 
22518 22521 22524 22527 22530 22533 22536 22539 22542 
22545 22548 22551 22554 22557 22560 22563 22566 22569 
22572 22575 22578 22581 22584 22587 22590 22593 22596 
22599 22602 22605 22608 22611 22614 22617 22620 22623 
22626 22629 22632 22635 22638 22641 22644 22647 22650 
22653 22656 22659 22662 22665 22668 22671 22674 22677 
22680 22683 22686 22689 22692 22695 22698 22701 22704 
22707 22710 22713 22716 22719 22722 22725 22728 22731 
22734 22737 22740 22743 22746 22749 22752 22755 22758 
22761 22764 22767 22770 22773 22776 22779 22782 22785 
22788 22791 22794 22797 22800 22803 22806 22809 22812 
22815 22818 22821 22824 22827 22830 22833 22836 22839 
22842 22845 22848 22851 22854 22857 22860 22863 22866 
22869 22872 22875 22878 22881 22884 22887 22890 22893 
22896 22899 22902 22905 22908 22911 22914 22917 22920 
22923 22926 22929 22932 22935 22938 22941 22944 22947 
22950 22953 22956 22959 22962 22965 22968 22971 22974 
22977 22980 22983 22986 22989 22992 22995 22998 23001 
23004 23007 23010 23013 23016 23019 23022 23025 23028 
23031 23034 23037 23040 23043 23046 23049 23052 23055 
23058 23061 23064 23067 23070 23073 23076 23079 23082 
23085 23088 23091 23094 23097 23100 23103 23106 23109 
23112 23115 23118 23121 23124 23127 23130 23133 23136 
23139 23142 23145 23148 23151 23154 23157 23160 23163 
23166 23169 23172 23175 23178 23181 23184 23187 23190 
23193 23196 23199 23202 23205 23208 23211 23214 23217 
23220 23223 23226 23229 23232 23235 23238 23241 23244 
23247 23250 23253 23256 23259 23262 23265 23268 23271 
23274 23277 23280 23283 23286 23289 23292 23295 23298 
23301 23304 23307 23310 23313 23316 23319 23322 23325 
23328 23331 23334 23337 23340 23343 23346 23349 23352 
23355 23358 23361 23364 23367 23370 23373 23376 23379 
23382 23385 23388 23391 23394 23397 23400 23403 23406 
23409 23412 23415 23418 23421 23424 23427 23430 23433 
23436 23439 23442 23445 23448 23451 23454 23457 23460 
23463 23466 23469 23472 23475 23478 23481 23484 23487 
23490 23493 23496 23499 23502 23505 23508 23511 23514 
23517 23520 23523 23526 23529 23532 23535 23538 23541 
23544 23547 23550 23553 23556 23559 23562 23565 23568 
23571 23574 23577 23580 23583 23586 23589 23592 23595 
23598 23601 23604 23607 23610 23613 23616 23619 23622 
23625 23628 23631 23634 23637 23640 23643 23646 23649 
23652 23655 23658 23661 23664 23667 23670 23673 23676 
23679 23682 23685 23688 23691 23694 23697 23700 23703 
23706 23709 23712 23715 23718 23721 23724 23727 23730 
23733 23736 23739 23742 23745 23748 23751 23754 23757 
23760 23763 23766 23769 23772 23775 23778 23781 23784 
23787 23790 23793 23796 23799 23802 23805 23808 23811 
23814 23817 23820 23823 23826 23829 23832 23835 23838 
23841 23844 23847 23850 23853 23856 23859 23862 23865 
23868 23871 23874 23877 23880 23883 23886 23889 23892 
23895 23898 23901 23904 23907 23910 23913 23916 23919 
23922 23925 23928 23931 23934 23937 23940 23943 23946 
23949 23952 23955 23958 23961 23964 23967 23970 23973 
23976 23979 23982 23985 23988 23991 23994 23997 24000 
24003 24006 24009 24012 24015 24018 24021 24024 24027 
24030 24033 24036 24039 24042 24045 24048 24051 24054 
24057 24060 24063 24066 24069 24072 24075 24078 24081 
24084 24087 24090 24093 24096 24099 24102 24105 24108 
24111 24114 24117 24120 24123 24126 24129 24132 24135 
24138 24141 24144 24147 24150 24153 24156 24159 24162 
24165 24168 24171 24174 24177 24180 24183 24186 24189 
24192 24195 24198 24201 24204 24207 24210 24213 24216 
24219 24222 24225 24228 24231 24234 24237 24240 24243 
24246 24249 24252 24255 24258 24261 24264 24267 24270 
24273 24276 24279 24282 24285 24288 24291 24294 24297 
24300 24303 24306 24309 24312 24315 24318 24321 24324 
24327 24330 24333 24336 24339 24342 24345 24348 24351 
24354 24357 24360 24363 24366 24369 24372 24375 24378 
24381 24384 24387 24390 24393 24396 24399 24402 24405 
24408 24411 24414 24417 24420 24423 24426 24429 24432 
24435 24438 24441 24444 24447 24450 24453 24456 24459 
24462 24465 24468 24471 24474 24477 24480 24483 24486 
24489 24492 24495 24498 24501 24504 24507 24510 24513 
24516 24519 24522 24525 24528 24531 24534 24537 24540 
24543 24546 24549 24552 24555 24558 24561 24564 24567 
24570 24573 24576 24579 24582 24585 24588 24591 24594 
24597 24600 24603 24606 24609 24612 24615 24618 24621 
24624 24627 24630 24633 24636 24639 24642 24645 24648 

CONNECTIVITY vtktypeint64
0 1 2 0 3 4 1 0 4 
3 5 6 4 3 6 5 7 8 
6 5 8 8 7 9 10 11 12 
11 10 13 0 2 14 3 0 14 
15 3 14 5 3 15 16 5 15 
7 5 16 17 7 16 9 7 17 
18 19 20 19 18 21 10 12 22 
13 10 22 18 20 23 21 18 23 
24 25 26 25 24 27 28 29 30 
28 31 32 29 28 32 26 32 31 
26 31 24 24 31 33 34 27 24 
33 34 24 35 36 37 35 38 39 
36 35 39 38 40 41 39 38 41 
30 41 40 30 40 28 28 40 42 
31 28 43 43 28 42 33 31 44 
44 31 43 45 34 33 44 45 33 
46 47 48 46 49 50 47 46 50 
49 51 52 50 49 52 51 53 54 
52 51 54 53 55 56 54 53 56 
55 57 58 56 55 58 37 58 57 
37 57 35 35 57 59 1 59 2 
1 38 59 38 35 59 4 38 1 
40 38 4 6 40 4 42 40 6 
8 42 6 43 42 8 9 43 8 
9 60 43 60 44 43 61 45 44 
60 61 44 62 63 64 48 63 62 
48 62 46 46 62 65 49 46 66 
66 46 65 51 49 67 67 49 66 
53 51 68 68 51 67 55 53 69 
69 53 68 11 69 12 11 57 69 
57 55 69 13 57 11 13 70 57 
70 59 57 2 71 14 2 59 71 
59 70 71 14 72 15 71 72 14 
15 73 16 72 73 15 16 74 17 
73 74 16 17 60 9 17 74 60 
74 75 60 76 61 60 75 76 60 
77 78 79 64 78 77 64 77 62 
62 77 80 65 62 81 81 62 80 
66 65 82 82 65 81 67 66 83 
83 66 82 19 83 20 19 68 83 
68 67 83 21 68 19 21 84 68 
84 69 68 12 69 84 12 84 85 
12 85 22 85 84 86 70 13 22 
70 22 87 87 22 85 71 70 87 
88 71 87 72 71 88 89 72 88 
73 72 89 90 73 89 90 91 92 
90 92 73 73 92 74 93 94 75 
93 75 92 92 75 74 76 75 94 
95 77 79 96 95 79 80 77 97 
97 77 95 81 80 98 98 80 97 
82 81 99 99 81 98 83 82 100 
100 82 99 20 83 100 20 100 101 
20 101 23 101 100 102 84 21 23 
84 23 103 103 23 101 86 84 103 
92 91 104 93 92 104 105 95 96 
106 105 96 97 95 107 107 95 105 
108 109 98 108 98 107 107 98 97 
99 98 109 110 99 109 100 99 110 
111 100 110 102 100 111 105 106 112 
107 105 112 113 107 112 108 107 113 
114 115 116 115 114 117 114 116 118 
117 114 118 119 120 121 120 119 122 
123 119 121 124 123 121 125 122 119 
125 119 126 126 119 123 125 126 127 
128 129 130 124 129 128 124 128 123 
123 128 131 126 123 132 132 123 131 
133 127 126 132 133 126 134 135 136 
134 137 138 135 134 138 137 139 140 
138 137 140 130 140 139 130 139 128 
128 139 141 131 128 142 142 128 141 
25 142 26 25 132 142 132 131 142 
132 25 27 132 27 133 133 27 143 
144 145 146 144 147 148 145 144 148 
147 149 150 148 147 150 149 151 152 
150 149 152 136 152 151 136 151 134 
134 151 153 137 134 154 154 134 153 
139 137 155 155 137 154 29 155 30 
29 141 155 141 139 155 32 141 29 
142 141 32 26 142 32 27 34 143 
143 34 156 157 158 159 157 160 161 
158 157 161 160 162 163 161 160 163 
162 164 165 163 162 165 146 165 164 
146 164 144 144 164 166 147 144 167 
167 144 166 149 147 168 168 147 167 
151 149 169 169 149 168 36 169 37 
36 153 169 153 151 169 39 153 36 
154 153 39 41 154 39 155 154 41 
30 155 41 34 45 156 156 45 170 
171 172 173 171 174 175 172 171 175 
174 176 177 175 174 177 159 177 176 
159 176 157 157 176 178 160 157 179 
179 157 178 47 179 48 47 162 179 
162 160 179 50 162 47 164 162 50 
52 164 50 166 164 52 54 166 52 
167 166 54 56 167 54 168 167 56 
58 168 56 169 168 58 37 169 58 
45 61 170 170 61 180 181 182 183 
173 182 181 173 181 171 171 181 184 
174 171 185 185 171 184 176 174 186 
186 174 185 178 176 187 187 176 186 
63 187 64 63 179 187 179 178 187 
48 179 63 61 76 180 180 76 188 
189 190 191 189 192 193 190 189 193 
192 194 195 193 192 195 183 195 194 
183 194 181 181 194 196 184 181 197 
197 181 196 185 184 198 198 184 197 
186 185 199 199 185 198 78 199 79 
78 187 199 187 186 199 64 187 78 
85 86 200 85 201 87 200 201 85 
202 87 201 202 203 87 203 88 87 
89 88 204 88 203 204 205 204 206 
205 90 204 90 89 204 90 205 91 
94 93 207 94 207 208 94 208 76 
76 208 188 209 189 191 210 209 191 
192 189 211 211 189 209 194 192 212 
212 192 211 196 194 213 213 194 212 
197 196 214 214 196 213 198 197 215 
215 197 214 199 198 216 216 198 215 
79 216 96 199 216 79 101 102 217 
218 101 217 218 219 101 219 103 101 
200 86 103 200 103 220 220 103 219 
201 200 220 221 201 220 202 201 221 
205 206 222 91 205 222 91 222 104 
104 222 223 207 93 104 207 104 224 
224 104 223 208 207 224 225 209 210 
226 225 210 211 209 227 227 209 225 
212 211 228 228 211 227 213 212 229 
229 212 228 214 213 230 230 213 229 
215 214 231 231 214 230 216 215 232 
232 215 231 96 232 106 216 232 96 
109 108 233 234 109 233 234 235 109 
235 110 109 111 110 236 110 235 236 
217 102 111 217 111 237 237 111 236 
218 217 237 238 225 226 239 238 226 
227 225 240 240 225 238 228 227 241 
241 227 240 229 228 242 242 228 241 
230 229 243 243 229 242 231 230 244 
244 230 243 232 231 245 245 231 244 
106 232 245 106 245 246 106 246 112 
246 245 247 113 112 248 112 246 248 
233 108 113 233 113 249 249 113 248 
234 233 249 250 238 239 251 250 239 
240 238 252 252 238 250 115 252 116 
115 241 252 241 240 252 117 241 115 
117 253 241 253 242 241 254 255 243 
254 243 253 253 243 242 244 243 255 
256 244 255 245 244 256 257 245 256 
247 245 257 258 250 251 259 258 251 
252 250 260 260 250 258 116 252 260 
116 260 261 116 261 118 261 260 262 
253 117 118 253 118 263 263 118 261 
254 253 263 258 259 264 260 258 264 
265 260 264 262 260 265 266 267 268 
266 269 270 267 266 270 271 121 120 
272 270 269 120 122 271 273 266 268 
274 273 268 269 266 275 275 266 273 
121 276 124 121 271 276 124 276 275 
272 269 276 275 276 269 277 278 276 
125 277 276 125 276 271 125 271 122 
125 127 277 279 280 281 279 282 283 
280 279 283 274 283 282 274 282 273 
273 282 284 129 284 130 129 275 284 
275 273 284 124 275 129 285 278 277 
286 278 285 127 133 285 277 127 285 
287 288 289 287 290 291 288 287 291 
290 292 293 291 290 293 281 293 292 
279 281 292 279 292 136 279 136 135 
138 279 135 282 279 138 140 282 138 
284 282 140 130 284 140 285 294 286 
294 285 133 294 133 295 295 133 143 
296 297 298 296 299 300 297 296 300 
299 301 302 300 299 302 301 146 145 
301 145 302 302 145 303 289 148 287 
289 303 148 303 145 148 150 287 148 
290 287 150 152 290 150 292 290 152 
136 292 152 143 156 295 295 156 304 
305 306 307 306 305 308 309 310 311 
309 312 313 310 309 313 312 314 315 
313 312 315 314 316 317 315 314 317 
316 318 319 317 316 319 318 320 321 
319 318 321 320 322 323 321 320 323 
322 159 158 322 158 323 323 158 324 
298 161 296 298 324 161 324 158 161 
163 296 161 299 296 163 165 299 163 
301 299 165 146 301 165 156 170 304 
304 170 325 305 307 326 327 328 329 
308 305 326 329 330 331 327 329 331 
311 331 330 311 330 309 309 330 332 
312 309 333 333 309 332 314 312 334 
334 312 333 316 314 335 335 314 334 
172 335 173 172 318 335 318 316 335 
175 318 172 320 318 175 177 320 175 
322 320 177 159 322 177 170 180 325 
325 180 336 337 329 328 338 337 328 
330 329 339 339 329 337 332 330 340 
340 330 339 333 332 341 341 332 340 
334 333 342 342 333 341 182 342 183 
182 335 342 335 334 342 173 335 182 
180 188 336 336 188 343 344 337 338 
345 344 338 339 337 346 346 337 344 
190 346 191 190 340 346 340 339 346 
193 340 190 341 340 193 195 341 193 
342 341 195 183 342 195 203 347 348 
202 347 203 204 203 349 203 348 349 
206 350 351 206 204 350 204 349 350 
350 352 351 353 354 355 353 355 343 
353 343 208 208 343 188 356 344 345 
357 356 345 346 344 358 358 344 356 
191 358 210 346 358 191 219 359 360 
218 359 219 220 219 361 219 360 361 
221 220 362 220 361 362 347 202 221 
362 347 221 206 351 222 351 352 363 
351 363 222 222 363 223 354 353 224 
354 224 363 363 224 223 208 224 353 
364 356 357 365 364 357 358 356 366 
366 356 364 210 366 226 358 366 210 
235 234 367 368 235 367 368 369 235 
369 236 235 237 236 370 236 369 370 
359 218 237 370 359 237 371 372 373 
365 372 371 365 371 364 364 371 374 
366 364 375 375 364 374 226 375 239 
366 375 226 246 247 376 377 246 376 
377 378 246 378 248 246 249 248 379 
248 378 379 367 234 249 367 249 380 
380 249 379 368 367 380 381 371 373 
382 381 373 374 371 383 383 371 381 
375 374 384 384 374 383 239 384 251 
375 384 239 255 254 385 386 255 385 
386 387 255 387 256 255 257 256 388 
256 387 388 376 247 257 376 257 389 
389 257 388 377 376 389 381 382 390 
390 391 392 390 392 381 381 392 383 
384 383 393 393 383 392 251 393 259 
384 393 251 394 395 396 394 261 262 
394 396 261 396 397 261 263 261 398 
261 397 398 385 254 263 385 263 399 
399 263 398 386 385 399 392 391 400 
393 392 400 401 393 400 259 393 401 
259 401 264 264 401 402 395 394 265 
395 265 402 402 265 264 262 265 394 
403 404 405 404 403 406 407 408 409 
405 408 407 405 407 403 403 407 410 
268 267 411 268 411 403 268 403 410 
406 403 411 412 413 411 412 411 270 
270 411 267 270 272 412 414 407 409 
415 414 409 410 407 416 416 407 414 
268 416 274 410 416 268 412 417 413 
418 419 417 276 418 417 276 417 412 
276 412 272 276 278 418 420 421 422 
415 421 420 414 415 420 414 420 281 
414 281 280 283 414 280 416 414 283 
274 416 283 418 423 419 423 418 278 
423 278 424 424 278 286 425 426 427 
426 425 428 429 430 431 429 432 433 
430 429 433 432 434 435 433 432 435 
434 289 288 434 288 435 435 288 436 
291 437 288 288 437 436 422 293 420 
422 437 293 437 291 293 281 420 293 
286 438 424 294 438 286 438 294 295 
439 438 295 425 427 440 441 442 443 
428 425 440 443 444 445 441 443 445 
444 446 447 445 444 447 446 448 449 
447 446 449 448 450 451 449 448 451 
450 452 453 451 450 453 452 454 455 
453 452 455 454 456 457 455 454 457 
456 458 459 457 456 459 458 298 297 
458 297 459 459 297 460 431 300 429 
431 460 300 460 297 300 302 429 300 
432 429 302 303 432 302 434 432 303 
289 434 303 295 304 439 439 304 461 
306 462 307 308 462 306 463 464 465 
442 464 463 442 463 443 443 463 466 
310 466 311 310 444 466 444 443 466 
313 444 310 446 444 313 315 446 313 
448 446 315 317 448 315 450 448 317 
319 450 317 452 450 319 321 452 319 
454 452 321 323 454 321 456 454 323 
324 456 323 458 456 324 298 458 324 
304 325 461 461 325 467 307 462 326 
326 462 308 327 463 328 328 463 465 
328 465 468 331 463 327 466 463 331 
311 466 331 325 336 467 467 336 469 
470 471 472 470 468 471 470 338 468 
338 328 468 473 474 475 473 475 469 
473 469 343 343 469 336 476 470 472 
477 476 472 338 476 345 470 476 338 
348 478 479 347 478 348 349 348 480 
348 479 480 350 349 481 349 480 481 
352 482 483 352 350 482 350 481 482 
474 483 482 473 483 474 473 354 483 
473 355 354 343 355 473 484 476 477 
485 484 477 345 484 357 476 484 345 
360 486 487 359 486 360 361 360 488 
360 487 488 362 361 489 361 488 489 
478 347 362 489 478 362 352 483 363 
354 363 483 490 491 492 485 491 490 
485 490 484 484 490 493 357 493 365 
484 493 357 494 495 496 494 369 368 
494 496 369 496 497 369 370 369 498 
369 497 498 486 359 370 498 486 370 
499 490 492 500 499 492 372 499 373 
372 493 499 493 490 499 365 493 372 
378 501 502 377 501 378 379 378 503 
378 502 503 495 494 380 495 380 503 
503 380 379 368 380 494 499 500 504 
504 373 499 504 505 373 505 382 373 
387 506 507 386 506 387 388 387 508 
387 507 508 389 388 509 388 508 509 
501 377 389 509 501 389 382 505 510 
390 382 510 391 511 512 391 390 511 
390 510 511 512 513 514 511 513 512 
514 515 516 513 515 514 516 396 395 
516 515 396 515 517 396 397 396 518 
396 517 518 398 397 519 397 518 519 
399 398 520 398 519 520 506 386 399 
520 506 399 391 512 400 401 400 512 
514 401 512 402 401 514 516 402 514 
395 402 516 521 522 523 522 521 524 
525 521 523 526 525 523 527 524 521 
527 521 525 405 404 528 404 406 528 
529 530 531 526 530 529 525 526 529 
525 529 409 525 409 408 525 532 527 
525 408 532 528 532 405 405 532 408 
533 534 532 411 533 532 411 532 528 
411 528 406 411 413 533 535 529 531 
536 535 531 409 535 415 529 535 409 
533 537 534 538 539 537 417 538 537 
417 537 533 417 533 413 417 419 538 
540 541 542 540 543 544 541 540 544 
536 544 543 535 536 543 535 543 422 
535 422 421 415 535 421 538 545 539 
546 547 545 423 546 545 423 545 538 
423 538 419 423 424 546 548 549 550 
548 427 426 548 426 549 549 426 551 
551 426 428 552 551 428 553 554 555 
553 556 557 554 553 557 556 558 559 
557 556 559 558 560 561 559 558 561 
560 562 563 561 560 563 562 564 565 
563 562 565 564 566 567 565 564 567 
566 431 430 566 430 567 567 430 568 
433 569 430 430 569 568 435 570 433 
433 570 569 542 436 540 542 570 436 
570 435 436 437 540 436 543 540 437 
422 543 437 546 571 547 572 573 571 
438 572 571 438 571 546 438 546 424 
438 439 572 548 550 574 575 574 576 
440 574 575 440 548 574 440 427 548 
428 575 552 428 440 575 552 575 577 
442 441 575 577 575 441 445 578 441 
441 578 577 447 579 445 445 579 578 
555 449 553 555 579 449 579 447 449 
451 553 449 556 553 451 453 556 451 
558 556 453 455 558 453 560 558 455 
457 560 455 562 560 457 459 562 457 
564 562 459 460 564 459 566 564 460 
431 566 460 572 580 573 580 572 439 
580 439 581 581 439 461 464 575 576 
464 576 465 465 576 582 442 575 464 
461 467 581 581 467 583 584 585 586 
584 582 585 584 468 582 468 465 582 
587 588 589 587 589 583 587 583 469 
469 583 467 590 591 592 586 591 590 
584 586 590 584 590 472 584 472 471 
468 584 471 593 594 595 588 593 595 
587 593 588 587 474 593 587 475 474 
469 475 587 596 590 592 597 596 592 
472 596 477 590 596 472 598 599 600 
598 479 478 598 600 479 600 601 479 
480 479 602 479 601 602 481 480 603 
480 602 603 594 593 482 594 482 603 
603 482 481 474 482 593 604 596 597 
605 604 597 477 604 485 596 604 477 
487 606 607 486 606 487 488 487 608 
487 607 608 599 598 489 599 489 608 
608 489 488 478 489 598 491 604 605 
491 605 492 492 605 609 485 604 491 
496 610 611 495 610 496 497 496 612 
496 611 612 498 497 613 497 612 613 
606 486 498 613 606 498 492 609 500 
609 614 500 502 615 616 501 615 502 
503 502 617 502 616 617 610 495 503 
617 610 503 500 614 618 504 500 618 
618 505 504 619 505 618 507 620 621 
506 620 507 508 507 622 507 621 622 
509 508 623 508 622 623 615 501 509 
623 615 509 505 619 624 510 505 624 
511 510 625 510 624 625 513 511 626 
511 625 626 515 513 627 513 626 627 
517 515 628 515 627 628 518 517 629 
517 628 629 519 518 630 518 629 630 
520 519 631 519 630 631 620 506 520 
631 620 520 632 633 634 635 523 522 
636 633 632 522 524 635 637 632 634 
638 637 634 523 639 526 523 635 639 
526 639 637 636 632 639 637 639 632 
639 635 524 639 524 640 640 524 527 
641 642 643 638 642 641 637 638 641 
637 641 531 637 531 530 526 637 530 
527 644 640 532 644 527 644 532 534 
645 644 534 646 647 648 643 647 646 
643 646 641 641 646 649 531 649 536 
641 649 531 650 534 537 650 651 534 
651 645 534 537 539 650 652 653 654 
653 652 655 656 657 658 656 659 660 
657 656 660 659 661 662 660 659 662 
661 663 664 662 661 664 663 665 666 
664 663 666 665 667 668 666 665 668 
667 669 670 668 667 670 648 670 669 
646 648 669 646 669 542 646 542 541 
544 646 541 649 646 544 536 649 544 
650 671 651 672 673 671 545 672 671 
545 671 650 545 650 539 545 547 672 
674 675 676 674 550 549 674 549 675 
675 549 677 654 551 652 654 677 551 
677 549 551 552 678 679 551 552 679 
551 679 655 551 655 652 678 680 681 
679 678 681 680 682 683 681 680 683 
682 555 554 682 554 683 683 554 684 
557 685 554 554 685 684 559 686 557 
557 686 685 658 561 656 658 686 561 
686 559 561 563 656 561 659 656 563 
565 659 563 661 659 565 567 661 565 
663 661 567 568 663 567 665 663 568 
569 665 568 667 665 569 570 667 569 
669 667 570 542 669 570 672 687 673 
688 689 687 571 688 687 571 687 672 
571 672 547 571 573 688 674 676 690 
691 690 692 574 690 691 574 674 690 
574 550 674 574 691 576 552 577 678 
578 678 577 680 678 578 579 680 578 
682 680 579 555 682 579 688 693 689 
694 695 693 580 694 693 580 693 688 
580 688 573 580 581 694 696 691 692 
697 696 692 576 696 582 691 696 576 
698 695 694 699 695 698 581 583 698 
694 581 698 700 701 702 697 701 700 
696 697 700 696 700 586 696 586 585 
582 696 585 703 704 705 699 703 705 
698 703 699 698 588 703 698 589 588 
583 589 698 591 700 702 591 702 592 
592 702 706 586 700 591 707 708 709 
707 710 711 709 710 707 704 711 710 
703 711 704 703 594 711 703 595 594 
588 595 703 592 706 597 706 712 597 
713 714 715 713 600 599 713 715 600 
715 716 600 601 600 717 600 716 717 
708 707 602 708 602 717 717 602 601 
603 602 707 711 603 707 594 603 711 
597 712 605 712 718 605 719 720 721 
719 607 606 719 721 607 721 722 607 
714 713 608 714 608 722 722 608 607 
599 608 713 605 718 609 718 723 609 
724 725 726 724 611 610 724 726 611 
726 727 611 612 611 728 611 727 728 
720 719 613 720 613 728 728 613 612 
606 613 719 609 723 614 723 729 614 
730 731 732 730 616 615 730 732 616 
732 733 616 725 724 617 725 617 733 
733 617 616 610 617 724 614 729 734 
618 614 734 619 735 736 619 618 735 
618 734 735 735 737 736 621 738 739 
620 738 621 622 621 740 621 739 740 
731 730 623 731 623 740 740 623 622 
615 623 730 619 736 624 736 737 741 
736 741 624 624 741 625 626 625 742 
625 741 742 627 626 743 626 742 743 
628 627 744 627 743 744 629 628 745 
628 744 745 630 629 746 629 745 746 
631 630 747 630 746 747 738 620 631 
747 738 631 748 749 750 751 634 633 
752 749 748 633 636 751 753 748 750 
754 753 750 634 755 638 634 751 755 
638 755 753 752 748 755 753 755 748 
756 757 755 639 756 755 639 755 751 
639 751 636 639 640 756 758 759 760 
754 759 758 753 754 758 753 758 643 
753 643 642 638 753 642 756 761 757 
762 763 761 644 762 761 644 761 756 
644 756 640 644 645 762 764 765 766 
765 764 767 768 769 770 768 771 772 
769 768 772 760 772 771 758 760 771 
758 771 648 758 648 647 643 758 647 
762 773 763 773 762 645 773 645 774 
774 645 651 775 776 777 766 776 775 
764 766 775 764 775 654 764 654 653 
655 778 779 653 655 779 653 779 767 
653 767 764 779 778 780 657 781 782 
658 657 782 660 783 657 657 783 781 
662 784 660 660 784 783 664 785 662 
662 785 784 666 786 664 664 786 785 
770 668 768 770 786 668 786 666 668 
670 768 668 771 768 670 648 771 670 
651 787 774 671 787 651 787 671 673 
788 787 673 675 789 790 676 675 790 
777 677 775 777 789 677 789 675 677 
654 775 677 655 679 778 778 791 780 
778 679 791 679 681 791 683 792 681 
681 792 791 684 793 683 683 793 792 
685 794 684 684 794 793 686 795 685 
685 795 794 782 686 658 795 686 782 
796 673 687 796 797 673 797 788 673 
687 689 796 676 790 798 690 676 798 
798 692 690 799 692 798 796 800 797 
801 802 800 693 801 800 693 800 796 
693 796 689 693 695 801 803 804 805 
803 799 804 803 697 799 697 692 799 
806 802 801 807 802 806 695 699 806 
801 695 806 701 803 805 701 805 702 
702 805 808 697 803 701 809 810 811 
807 809 811 806 809 807 806 704 809 
806 705 704 699 705 806 702 808 706 
808 812 706 709 813 814 708 813 709 
810 809 710 810 710 814 814 710 709 
704 710 809 815 816 817 815 812 816 
815 712 812 712 706 812 715 818 819 
714 818 715 716 715 820 715 819 820 
717 716 821 716 820 821 813 708 717 
821 813 717 822 815 817 823 822 817 
712 822 718 815 822 712 824 825 826 
824 721 720 824 826 721 826 827 721 
722 721 828 721 827 828 818 714 722 
828 818 722 822 823 829 829 718 822 
829 830 718 830 723 718 831 832 833 
831 726 725 831 833 726 833 834 726 
727 726 835 726 834 835 825 824 728 
825 728 835 835 728 727 720 728 824 
836 837 729 836 729 830 830 729 723 
836 838 837 839 840 841 839 732 731 
839 841 732 841 842 732 832 831 733 
832 733 842 842 733 732 725 733 831 
729 837 734 837 838 843 837 843 734 
734 843 735 737 844 845 737 735 844 
735 843 844 844 846 845 847 848 849 
849 850 847 851 852 853 851 854 855 
853 854 851 855 739 738 855 854 739 
854 856 739 840 839 740 840 740 856 
856 740 739 731 740 839 737 845 741 
845 846 857 845 857 741 741 857 742 
743 742 858 742 857 858 848 847 744 
848 744 858 858 744 743 847 850 859 
847 859 744 744 859 745 852 851 746 
852 746 859 859 746 745 747 746 851 
855 747 851 738 747 855 860 861 862 
860 863 864 861 860 864 863 750 749 
863 749 864 864 749 865 865 749 752 
866 865 752 867 868 869 862 868 867 
862 867 860 860 867 870 863 860 871 
871 860 870 750 871 754 863 871 750 
752 872 866 755 872 752 872 755 757 
873 872 757 874 875 876 875 874 877 
878 867 869 879 878 869 870 867 880 
880 867 878 759 880 760 759 871 880 
871 870 880 754 871 759 757 881 873 
761 881 757 881 761 763 882 881 763 
883 884 885 883 766 765 883 765 884 
884 765 886 767 887 874 767 874 886 
767 886 765 886 874 876 888 877 874 
887 888 874 889 890 891 879 890 889 
878 879 889 878 889 770 878 770 769 
772 878 769 880 878 772 760 880 772 
892 763 773 892 893 763 893 882 763 
773 774 892 894 895 896 885 895 894 
883 885 894 883 894 777 883 777 776 
766 883 776 767 779 887 780 897 898 
779 780 898 779 898 888 779 888 887 
897 899 900 898 897 900 899 901 902 
900 899 902 901 903 904 902 901 904 
903 905 906 904 903 906 905 782 781 
905 781 906 906 781 907 783 908 781 
781 908 907 784 909 783 783 909 908 
785 910 784 784 910 909 891 786 889 
891 910 786 910 785 786 770 889 786 
892 911 893 912 913 911 787 912 911 
787 911 892 787 892 774 787 788 912 
914 915 916 896 915 914 894 896 914 
894 914 790 894 790 789 777 894 789 
780 791 897 792 897 791 899 897 792 
793 899 792 901 899 793 794 901 793 
903 901 794 795 903 794 905 903 795 
782 905 795 912 917 913 917 912 788 
917 788 918 918 788 797 914 916 919 
920 919 921 798 919 920 798 914 919 
798 790 914 798 920 799 797 922 918 
800 922 797 922 800 802 923 922 802 
804 920 921 804 921 805 805 921 924 
799 920 804 925 926 927 925 928 929 
927 928 925 929 928 923 929 923 807 
807 923 802 805 924 808 924 930 808 
931 926 925 932 926 931 811 810 931 
811 931 929 929 931 925 807 811 929 
933 934 935 933 930 934 933 812 930 
812 808 930 936 937 938 932 936 938 
931 936 932 931 813 936 931 814 813 
810 814 931 939 940 941 935 940 939 
933 935 939 933 939 817 933 817 816 
812 933 816 819 942 943 818 942 819 
820 819 944 819 943 944 937 936 821 
937 821 944 944 821 820 813 821 936 
939 941 945 945 817 939 945 946 817 
946 823 817 826 947 948 825 947 826 
827 826 949 826 948 949 828 827 950 
827 949 950 942 818 828 950 942 828 
823 946 951 829 823 951 951 830 829 
952 830 951 833 953 954 832 953 833 
834 833 955 833 954 955 835 834 956 
834 955 956 947 825 835 956 947 835 
830 952 957 836 830 957 957 838 836 
958 838 957 959 960 961 959 841 840 
959 961 841 961 962 841 842 841 963 
841 962 963 953 832 842 963 953 842 
838 958 964 843 838 964 844 843 965 
843 964 965 846 966 967 846 844 966 
844 965 966 967 968 969 966 968 967 
969 849 848 969 968 849 968 970 849 
850 971 972 850 849 971 849 970 971 
972 853 852 972 971 853 971 973 853 
854 853 974 853 973 974 960 959 856 
960 856 974 974 856 854 840 856 959 
846 967 857 858 857 967 969 858 967 
848 858 969 850 972 859 852 859 972 
975 976 977 975 978 979 976 975 979 
978 862 861 978 861 979 979 861 980 
864 981 861 861 981 980 982 983 981 
982 981 865 865 981 864 865 866 982 
984 975 977 985 984 977 868 984 869 
868 978 984 978 975 984 862 978 868 
982 986 983 987 988 986 872 987 986 
872 986 982 872 982 866 872 873 987 
989 990 991 989 876 875 989 875 990 
990 875 992 992 875 877 993 992 877 
994 984 985 995 994 985 869 994 879 
984 994 869 987 996 988 997 998 996 
881 997 996 881 996 987 881 987 873 
881 882 997 884 999 1000 885 884 1000 
991 886 989 991 999 886 999 884 886 
876 989 886 1001 888 1002 1001 993 888 
993 877 888 1002 1003 1004 1001 1002 1004 
1003 1005 1006 1004 1003 1006 1005 1007 1008 
1006 1005 1008 1007 1009 1010 1008 1007 1010 
1009 1011 1012 1010 1009 1012 1011 1013 1014 
1012 1011 1014 1013 1015 1016 1014 1013 1016 
1015 1017 1018 1016 1015 1018 995 1018 1017 
994 995 1017 994 1017 891 994 891 890 
879 994 890 997 1019 998 1019 997 882 
1019 882 1020 1020 882 893 1021 1022 1023 
1021 896 895 1021 895 1022 1022 895 1024 
1000 895 885 1024 895 1000 888 898 1002 
900 1002 898 1003 1002 900 902 1003 900 
1005 1003 902 904 1005 902 1007 1005 904 
906 1007 904 1009 1007 906 907 1009 906 
1011 1009 907 908 1011 907 1013 1011 908 
909 1013 908 1015 1013 909 910 1015 909 
1017 1015 910 891 1017 910 1025 893 911 
1025 1026 893 1026 1020 893 911 913 1025 
915 1027 916 1021 1023 1028 1028 896 1021 
1028 1029 896 915 896 1027 1027 896 1029 
1025 1030 1026 1031 1032 1030 917 1031 1030 
917 1030 1025 917 1025 913 917 918 1031 
916 1027 919 1027 921 919 1027 1029 921 
1029 1033 921 1034 1032 1031 1035 1032 1034 
918 922 1036 918 1036 1031 1031 1036 1034 
922 923 1036 921 1033 924 1033 1037 924 
1038 1039 1040 1035 1038 1040 1034 1038 1035 
1034 926 1038 1034 927 926 928 927 1034 
1036 928 1034 923 928 1036 1041 1042 1043 
1041 1037 1042 1041 930 1037 930 924 1037 
1044 1039 1038 1045 1039 1044 926 932 1044 
1038 926 1044 1046 1047 1048 1043 1047 1046 
1041 1043 1046 1041 1046 935 1041 935 934 
930 1041 934 1049 1050 1051 1045 1049 1051 
1044 1049 1045 1044 937 1049 1044 938 937 
932 938 1044 940 1052 941 1046 1048 1053 
1053 935 1046 1053 1054 935 940 935 1052 
1052 935 1054 1055 1056 1057 1055 943 942 
1055 1057 943 1057 1058 943 1050 1049 944 
1050 944 1058 1058 944 943 937 944 1049 
941 1052 945 1052 946 945 1052 1054 946 
1054 1059 946 1060 1061 1062 1060 948 947 
1060 1062 948 1062 1063 948 949 948 1064 
948 1063 1064 1056 1055 950 1056 950 1064 
1064 950 949 942 950 1055 946 1059 1065 
951 946 1065 1065 952 951 1066 952 1065 
1067 1068 1069 1067 954 953 1067 1069 954 
1069 1070 954 955 954 1071 954 1070 1071 
1061 1060 956 1061 956 1071 1071 956 955 
947 956 1060 952 1066 1072 957 952 1072 
1072 958 957 1073 958 1072 1074 1075 1076 
1074 1077 1078 1076 1077 1074 1078 1079 1080 
1077 1079 1078 1080 961 960 1080 1079 961 
1079 1081 961 962 961 1082 961 1081 1082 
1068 1067 963 1068 963 1082 1082 963 962 
953 963 1067 958 1073 1083 964 958 1083 
965 964 1084 964 1083 1084 966 965 1085 
965 1084 1085 968 966 1086 966 1085 1086 
970 968 1087 968 1086 1087 1075 1074 971 
1075 971 1087 1087 971 970 973 971 1074 
1078 973 1074 974 973 1078 1080 974 1078 
960 974 1080 976 1088 1089 977 976 1089 
979 1090 976 976 1090 1088 980 1091 979 
979 1091 1090 981 1092 980 980 1092 1091 
1092 981 983 1093 1092 983 977 1089 985 
1089 1094 985 983 1095 1093 986 1095 983 
1095 986 988 1096 1095 988 1097 1098 1099 
1097 991 990 1097 990 1098 1098 990 1100 
992 1101 990 990 1101 1100 1101 992 993 
1102 1101 993 1103 1104 1105 1103 1094 1104 
1103 995 1094 995 985 1094 1106 988 996 
1106 1107 988 1107 1096 988 996 998 1106 
1108 1109 1110 1099 1109 1108 1097 1099 1108 
1097 1108 1000 1097 1000 999 991 1097 999 
993 1111 1102 1001 1111 993 1004 1112 1001 
1001 1112 1111 1006 1113 1004 1004 1113 1112 
1008 1114 1006 1006 1114 1113 1010 1115 1008 
1008 1115 1114 1012 1116 1010 1010 1116 1115 
1014 1117 1012 1012 1117 1116 1016 1118 1014 
1014 1118 1117 1105 1018 1103 1105 1118 1018 
1118 1016 1018 995 1103 1018 1106 1119 1107 
1120 1121 1119 1019 1120 1119 1019 1119 1106 
1019 1106 998 1019 1020 1120 1022 1122 1123 
1023 1022 1123 1110 1024 1108 1110 1122 1024 
1122 1022 1024 1000 1108 1024 1120 1124 1121 
1124 1120 1020 1124 1020 1125 1125 1020 1026 
1023 1123 1126 1028 1023 1126 1126 1029 1028 
1127 1029 1126 1026 1128 1125 1030 1128 1026 
1128 1030 1032 1129 1128 1032 1029 1127 1033 
1127 1130 1033 1131 1132 1133 1131 1133 1129 
1131 1129 1035 1035 1129 1032 1134 1135 1136 
1134 1130 1135 1134 1037 1130 1037 1033 1130 
1137 1138 1139 1132 1137 1139 1131 1137 1132 
1131 1039 1137 1131 1040 1039 1035 1040 1131 
1042 1134 1136 1042 1136 1043 1043 1136 1140 
1037 1134 1042 1141 1138 1137 1142 1138 1141 
1039 1045 1141 1137 1039 1141 1047 1143 1144 
1048 1047 1144 1140 1047 1043 1143 1047 1140 
1051 1142 1141 1051 1050 1142 1050 1145 1142 
1045 1051 1141 1048 1144 1146 1053 1048 1146 
1146 1054 1053 1147 1054 1146 1057 1148 1149 
1056 1148 1057 1058 1057 1150 1057 1149 1150 
1145 1050 1058 1150 1145 1058 1054 1147 1059 
1147 1151 1059 1152 1153 1154 1152 1155 1156 
1154 1155 1152 1156 1062 1061 1156 1155 1062 
1155 1157 1062 1063 1062 1158 1062 1157 1158 
1064 1063 1159 1063 1158 1159 1148 1056 1064 
1159 1148 1064 1059 1151 1160 1065 1059 1160 
1160 1066 1065 1161 1066 1160 1162 1163 1164 
1162 1165 1166 1164 1165 1162 1166 1167 1168 
1165 1167 1166 1168 1069 1068 1168 1167 1069 
1167 1169 1069 1153 1152 1070 1153 1070 1169 
1169 1070 1069 1071 1070 1152 1156 1071 1152 
1061 1071 1156 1066 1161 1170 1072 1066 1170 
1170 1073 1072 1171 1073 1170 1172 1173 1174 
1172 1175 1176 1174 1175 1172 1176 1076 1075 
1176 1175 1076 1175 1177 1076 1077 1076 1178 
1076 1177 1178 1163 1162 1079 1163 1079 1178 
1178 1079 1077 1081 1079 1162 1166 1081 1162 
1082 1081 1166 1168 1082 1166 1068 1082 1168 
1073 1171 1179 1083 1073 1179 1084 1083 1180 
1083 1179 1180 1085 1084 1181 1084 1180 1181 
1173 1172 1086 1173 1086 1181 1181 1086 1085 
1087 1086 1172 1176 1087 1172 1075 1087 1176 
1182 1183 1184 1182 1089 1088 1182 1088 1183 
1183 1088 1185 1090 1186 1088 1088 1186 1185 
1091 1187 1090 1090 1187 1186 1188 1189 1187 
1188 1187 1092 1092 1187 1091 1092 1093 1188 
1190 1191 1192 1191 1190 1193 1182 1184 1194 
1194 1089 1182 1194 1195 1089 1195 1094 1089 
1188 1196 1189 1197 1198 1196 1095 1197 1196 
1095 1196 1188 1095 1188 1093 1095 1096 1197 
1098 1199 1200 1099 1098 1200 1100 1201 1098 
1098 1201 1199 1192 1101 1190 1192 1201 1101 
1201 1100 1101 1102 1202 1203 1101 1102 1203 
1101 1203 1193 1101 1193 1190 1202 1204 1205 
1203 1202 1205 1204 1206 1207 1205 1204 1207 
1207 1206 1208 1209 1210 1211 1210 1209 1212 
1104 1213 1214 1105 1104 1214 1195 1104 1094 
1213 1104 1195 1197 1215 1198 1215 1197 1096 
1215 1096 1216 1216 1096 1107 1217 1218 1219 
1217 1110 1109 1217 1109 1218 1218 1109 1220 
1200 1109 1099 1220 1109 1200 1102 1111 1202 
1112 1202 1111 1204 1202 1112 1113 1204 1112 
1206 1204 1113 1206 1221 1208 1206 1113 1221 
1113 1114 1221 1115 1222 1114 1114 1222 1221 
1116 1223 1115 1115 1223 1222 1211 1117 1209 
1211 1223 1117 1223 1116 1117 1209 1224 1212 
1209 1117 1224 1117 1118 1224 1214 1118 1105 
1224 1118 1214 1107 1225 1216 1119 1225 1107 
1225 1119 1121 1226 1225 1121 1227 1228 1229 
1219 1228 1227 1217 1219 1227 1217 1227 1123 
1217 1123 1122 1110 1217 1122 1230 1121 1124 
1230 1231 1121 1231 1226 1121 1124 1125 1230 
1227 1229 1232 1233 1232 1234 1126 1232 1233 
1126 1227 1232 1126 1123 1227 1126 1233 1127 
1230 1235 1231 1236 1237 1235 1128 1236 1235 
1128 1235 1230 1128 1230 1125 1128 1129 1236 
1238 1233 1234 1239 1238 1234 1127 1238 1130 
1233 1238 1127 1240 1241 1242 1237 1240 1242 
1236 1240 1237 1236 1132 1240 1236 1133 1132 
1129 1133 1236 1135 1238 1239 1135 1239 1136 
1136 1239 1243 1130 1238 1135 1139 1241 1240 
1139 1138 1241 1138 1244 1241 1132 1139 1240 
1245 1246 1247 1245 1243 1246 1245 1140 1243 
1140 1136 1243 1248 1249 1250 1248 1250 1244 
1248 1244 1142 1142 1244 1138 1143 1245 1247 
1143 1247 1144 1144 1247 1251 1140 1245 1143 
1252 1249 1248 1253 1249 1252 1142 1145 1252 
1248 1142 1252 1144 1251 1254 1146 1144 1254 
1254 1147 1146 1255 1147 1254 1256 1257 1258 
1256 1149 1148 1256 1258 1149 1258 1259 1149 
1253 1252 1150 1253 1150 1259 1259 1150 1149 
1145 1150 1252 1147 1255 1151 1255 1260 1151 
1261 1262 1263 1261 1264 1265 1263 1264 1261 
1265 1154 1153 1265 1264 1154 1264 1266 1154 
1155 1154 1267 1154 1266 1267 1157 1155 1268 
1155 1267 1268 1158 1157 1269 1157 1268 1269 
1257 1256 1159 1257 1159 1269 1269 1159 1158 
1148 1159 1256 1151 1260 1270 1160 1151 1270 
1270 1161 1160 1271 1161 1270 1272 1273 1274 
1272 1164 1163 1272 1274 1164 1274 1275 1164 
1165 1164 1276 1164 1275 1276 1262 1261 1167 
1262 1167 1276 1276 1167 1165 1169 1167 1261 
1265 1169 1261 1153 1169 1265 1161 1271 1277 
1170 1161 1277 1277 1171 1170 1278 1171 1277 
1279 1280 1281 1279 1174 1173 1279 1281 1174 
1281 1282 1174 1175 1174 1283 1174 1282 1283 
1177 1175 1284 1175 1283 1284 1273 1272 1178 
1273 1178 1284 1284 1178 1177 1163 1178 1272 
1171 1278 1285 1179 1171 1285 1180 1179 1286 
1179 1285 1286 1280 1279 1181 1280 1181 1286 
1286 1181 1180 1173 1181 1279 1287 1288 1289 
1288 1287 1290 1183 1287 1289 1183 1289 1184 
1184 1289 1291 1287 1292 1290 1287 1183 1292 
1183 1185 1292 1186 1293 1185 1185 1293 1292 
1187 1294 1186 1186 1294 1293 1294 1187 1189 
1295 1294 1189 1296 1297 1298 1296 1192 1191 
1296 1191 1297 1297 1191 1299 1193 1300 1301 
1193 1301 1191 1191 1301 1299 1301 1300 1302 
1303 1194 1184 1303 1184 1304 1304 1184 1291 
1194 1303 1195 1305 1189 1196 1305 1306 1189 
1306 1295 1189 1196 1198 1305 1307 1308 1309 
1307 1200 1199 1307 1199 1308 1308 1199 1310 
1298 1201 1296 1298 1310 1201 1310 1199 1201 
1192 1296 1201 1193 1203 1300 1300 1311 1302 
1300 1203 1311 1203 1205 1311 1207 1312 1205 
1205 1312 1311 1208 1313 1314 1208 1314 1207 
1207 1314 1312 1313 1315 1316 1314 1313 1316 
1315 1317 1318 1316 1315 1318 1317 1211 1210 
1317 1210 1318 1318 1210 1319 1212 1320 1321 
1212 1321 1210 1210 1321 1319 1304 1321 1320 
1303 1304 1320 1303 1320 1214 1303 1214 1213 
1195 1303 1213 1305 1322 1306 1323 1324 1322 
1215 1323 1322 1215 1322 1305 1215 1305 1198 
1215 1216 1323 1218 1325 1326 1219 1218 1326 
1309 1220 1307 1309 1325 1220 1325 1218 1220 
1200 1307 1220 1208 1221 1313 1222 1313 1221 
1315 1313 1222 1223 1315 1222 1317 1315 1223 
1211 1317 1223 1212 1224 1320 1214 1320 1224 
1323 1327 1324 1328 1329 1327 1225 1328 1327 
1225 1327 1323 1225 1323 1216 1225 1226 1328 
1228 1330 1331 1229 1228 1331 1326 1228 1219 
1330 1228 1326 1328 1332 1329 1332 1328 1226 
1332 1226 1333 1333 1226 1231 1229 1331 1334 
1232 1229 1334 1334 1234 1232 1335 1234 1334 
1231 1336 1333 1235 1336 1231 1336 1235 1237 
1337 1336 1237 1338 1339 1340 1338 1335 1339 
1338 1239 1335 1239 1234 1335 1242 1341 1342 
1241 1341 1242 1337 1237 1242 1342 1337 1242 
1343 1338 1340 1344 1343 1340 1239 1343 1243 
1338 1343 1239 1345 1346 1347 1345 1347 1341 
1345 1341 1244 1244 1341 1241 1246 1343 1344 
1246 1344 1247 1247 1344 1348 1243 1343 1246 
1250 1346 1345 1250 1249 1346 1249 1349 1346 
1244 1250 1345 1350 1351 1251 1350 1251 1348 
1348 1251 1247 1350 1352 1351 1353 1354 1355 
1353 1355 1349 1353 1349 1253 1253 1349 1249 
1251 1351 1254 1351 1255 1254 1351 1352 1255 
1352 1356 1255 1357 1358 1359 1357 1258 1257 
1357 1359 1258 1359 1360 1258 1354 1353 1259 
1354 1259 1360 1360 1259 1258 1253 1259 1353 
1255 1356 1260 1356 1361 1260 1362 1363 1364 
1362 1263 1262 1362 1364 1263 1364 1365 1263 
1264 1263 1366 1263 1365 1366 1266 1264 1367 
1264 1366 1367 1267 1266 1368 1266 1367 1368 
1268 1267 1369 1267 1368 1369 1358 1357 1269 
1358 1269 1369 1369 1269 1268 1257 1269 1357 
1260 1361 1370 1270 1260 1370 1370 1271 1270 
1371 1271 1370 1372 1373 1374 1372 1274 1273 
1372 1374 1274 1374 1375 1274 1275 1274 1376 
1274 1375 1376 1363 1362 1276 1363 1276 1376 
1376 1276 1275 1262 1276 1362 1271 1371 1377 
1277 1271 1377 1377 1278 1277 1378 1278 1377 
1379 1380 1381 1379 1281 1280 1379 1381 1281 
1381 1382 1281 1282 1281 1383 1281 1382 1383 
1283 1282 1384 1282 1383 1384 1373 1372 1284 
1373 1284 1384 1384 1284 1283 1273 1284 1372 
1278 1378 1385 1285 1278 1385 1380 1379 1286 
1380 1286 1385 1385 1286 1285 1280 1286 1379 
1288 1386 1387 1289 1288 1387 1386 1288 1290 
1388 1386 1290 1389 1390 1391 1389 1392 1393 
1390 1389 1393 1393 1392 1394 1395 1396 1397 
1395 1387 1396 1395 1291 1387 1291 1289 1387 
1290 1398 1388 1292 1398 1290 1293 1399 1292 
1292 1399 1398 1400 1401 1399 1400 1399 1294 
1294 1399 1293 1294 1295 1400 1402 1403 1404 
1402 1298 1297 1402 1297 1403 1403 1297 1405 
1391 1299 1389 1391 1405 1299 1405 1297 1299 
1301 1389 1299 1392 1389 1301 1302 1406 1407 
1301 1302 1407 1301 1407 1394 1301 1394 1392 
1407 1406 1408 1409 1410 1411 1409 1412 1413 
1410 1409 1413 1412 1414 1415 1413 1412 1415 
1414 1416 1417 1415 1414 1417 1397 1417 1416 
1397 1416 1395 1395 1416 1418 1291 1418 1304 
1395 1418 1291 1400 1419 1401 1419 1400 1295 
1419 1295 1420 1420 1295 1306 1421 1422 1423 
1421 1309 1308 1421 1308 1422 1422 1308 1424 
1404 1310 1402 1404 1424 1310 1424 1308 1310 
1298 1402 1310 1302 1311 1406 1406 1425 1408 
1406 1311 1425 1311 1312 1425 1411 1314 1409 
1411 1425 1314 1425 1312 1314 1316 1409 1314 
1412 1409 1316 1318 1412 1316 1414 1412 1318 
1319 1414 1318 1416 1414 1319 1321 1416 1319 
1418 1416 1321 1304 1418 1321 1306 1426 1420 
1322 1426 1306 1426 1322 1324 1427 1426 1324 
1428 1429 1430 1423 1429 1428 1421 1423 1428 
1421 1428 1326 1421 1326 1325 1309 1421 1325 
1324 1431 1427 1327 1431 1324 1431 1327 1329 
1432 1431 1329 1330 1428 1430 1330 1430 1331 
1331 1430 1433 1326 1428 1330 1329 1434 1432 
1332 1434 1329 1434 1332 1333 1435 1434 1333 
1436 1334 1331 1436 1331 1437 1437 1331 1433 
1334 1436 1335 1438 1333 1336 1438 1439 1333 
1439 1435 1333 1336 1337 1438 1440 1441 1442 
1437 1441 1440 1436 1437 1440 1436 1440 1340 
1436 1340 1339 1335 1436 1339 1443 1444 1445 
1439 1443 1445 1438 1443 1439 1438 1341 1443 
1438 1342 1341 1337 1342 1438 1440 1442 1446 
1446 1340 1440 1446 1447 1340 1447 1344 1340 
1347 1444 1443 1347 1346 1444 1346 1448 1444 
1341 1347 1443 1344 1447 1348 1447 1449 1348 
1346 1349 1448 1448 1349 1450 1348 1449 1451 
1350 1348 1451 1451 1352 1350 1452 1352 1451 
1453 1454 1455 1453 1355 1354 1453 1455 1355 
1455 1456 1355 1450 1349 1355 1456 1450 1355 
1352 1452 1356 1452 1457 1356 1458 1459 1460 
1458 1461 1462 1460 1461 1458 1462 1463 1464 
1461 1463 1462 1464 1465 1466 1463 1465 1464 
1466 1467 1468 1465 1467 1466 1468 1359 1358 
1468 1467 1359 1467 1469 1359 1454 1453 1360 
1454 1360 1469 1469 1360 1359 1354 1360 1453 
1470 1471 1361 1470 1361 1457 1457 1361 1356 
1470 1472 1471 1473 1474 1475 1473 1476 1477 
1475 1476 1473 1477 1364 1363 1477 1476 1364 
1476 1478 1364 1459 1458 1365 1459 1365 1478 
1478 1365 1364 1366 1365 1458 1462 1366 1458 
1367 1366 1462 1464 1367 1462 1368 1367 1464 
1466 1368 1464 1369 1368 1466 1468 1369 1466 
1358 1369 1468 1361 1471 1370 1471 1371 1370 
1471 1472 1371 1472 1479 1371 1480 1481 1482 
1480 1374 1373 1480 1482 1374 1482 1483 1374 
1474 1473 1375 1474 1375 1483 1483 1375 1374 
1376 1375 1473 1477 1376 1473 1363 1376 1477 
1371 1479 1484 1377 1371 1484 1378 1485 1486 
1378 1377 1485 1377 1484 1485 1486 1381 1380 
1486 1485 1381 1485 1487 1381 1382 1381 1488 
1381 1487 1488 1383 1382 1489 1382 1488 1489 
1481 1480 1384 1481 1384 1489 1489 1384 1383 
1373 1384 1480 1378 1486 1385 1380 1385 1486 
1490 1491 1492 1491 1490 1493 1494 1495 1496 
1494 1497 1498 1495 1494 1498 1499 1387 1386 
1500 1498 1497 1386 1388 1499 1501 1502 1503 
1501 1391 1390 1501 1390 1502 1502 1390 1504 
1393 1505 1390 1390 1505 1504 1394 1506 1490 
1394 1490 1505 1394 1505 1393 1505 1490 1492 
1507 1493 1490 1506 1507 1490 1508 1509 1510 
1508 1511 1512 1509 1508 1512 1511 1513 1514 
1512 1511 1514 1496 1514 1513 1496 1513 1494 
1494 1513 1515 1396 1515 1397 1396 1497 1515 
1497 1494 1515 1497 1516 1500 1497 1396 1516 
1499 1516 1387 1387 1516 1396 1388 1516 1499 
1388 1398 1516 1398 1517 1516 1399 1518 1398 
1398 1518 1517 1518 1399 1401 1519 1518 1401 
1520 1521 1522 1520 1404 1403 1520 1403 1521 
1521 1403 1523 1503 1405 1501 1503 1523 1405 
1523 1403 1405 1391 1501 1405 1394 1407 1506 
1408 1524 1525 1407 1408 1525 1407 1525 1507 
1407 1507 1506 1510 1525 1524 1508 1510 1524 
1508 1524 1411 1508 1411 1410 1413 1508 1410 
1511 1508 1413 1415 1511 1413 1513 1511 1415 
1417 1513 1415 1515 1513 1417 1397 1515 1417 
1401 1526 1519 1419 1526 1401 1526 1419 1420 
1527 1526 1420 1422 1528 1529 1423 1422 1529 
1522 1424 1520 1522 1528 1424 1528 1422 1424 
1404 1520 1424 1408 1425 1524 1411 1524 1425 
1420 1530 1527 1426 1530 1420 1530 1426 1427 
1531 1530 1427 1429 1532 1533 1430 1429 1533 
1529 1429 1423 1532 1429 1529 1427 1534 1531 
1431 1534 1427 1534 1431 1432 1535 1534 1432 
1430 1533 1433 1533 1536 1433 1432 1537 1535 
1434 1537 1432 1537 1434 1435 1538 1537 1435 
1539 1540 1541 1539 1536 1540 1539 1437 1536 
1437 1433 1536 1542 1543 1544 1542 1544 1538 
1542 1538 1439 1439 1538 1435 1441 1539 1541 
1441 1541 1442 1442 1541 1545 1437 1539 1441 
1445 1543 1542 1445 1444 1543 1444 1546 1543 
1439 1445 1542 1442 1545 1547 1446 1442 1547 
1547 1447 1446 1548 1447 1547 1549 1550 1551 
1549 1551 1546 1549 1546 1448 1448 1546 1444 
1447 1548 1449 1548 1552 1449 1553 1550 1549 
1554 1550 1553 1448 1450 1553 1549 1448 1553 
1449 1552 1555 1451 1449 1555 1555 1452 1451 
1556 1452 1555 1557 1558 1559 1557 1455 1454 
1557 1559 1455 1559 1560 1455 1554 1553 1456 
1554 1456 1560 1560 1456 1455 1450 1456 1553 
1452 1556 1457 1556 1561 1457 1562 1563 1564 
1562 1460 1459 1562 1564 1460 1564 1565 1460 
1461 1460 1566 1460 1565 1566 1463 1461 1567 
1461 1566 1567 1465 1463 1568 1463 1567 1568 
1467 1465 1569 1465 1568 1569 1558 1557 1469 
1558 1469 1569 1569 1469 1467 1454 1469 1557 
1457 1561 1570 1470 1457 1570 1570 1472 1470 
1571 1472 1570 1475 1572 1573 1474 1572 1475 
1476 1475 1574 1475 1573 1574 1563 1562 1478 
1563 1478 1574 1574 1478 1476 1459 1478 1562 
1575 1576 1479 1575 1479 1571 1571 1479 1472 
1575 1577 1576 1578 1579 1580 1578 1482 1481 
1578 1580 1482 1580 1581 1482 1483 1482 1582 
1482 1581 1582 1572 1474 1483 1582 1572 1483 
1479 1576 1484 1576 1577 1583 1576 1583 1484 
1484 1583 1485 1487 1485 1584 1485 1583 1584 
1488 1487 1585 1487 1584 1585 1579 1578 1489 
1579 1489 1585 1585 1489 1488 1481 1489 1578 
1586 1587 1588 1586 1492 1491 1586 1491 1587 
1587 1491 1589 1493 1590 1591 1493 1591 1491 
1491 1591 1589 1590 1592 1593 1591 1590 1593 
1592 1594 1595 1593 1592 1595 1594 1596 1597 
1595 1594 1597 1596 1496 1495 1596 1495 1597 
1597 1495 1598 1498 1599 1495 1495 1599 1598 
1599 1498 1500 1600 1599 1500 1502 1601 1602 
1503 1502 1602 1504 1603 1502 1502 1603 1601 
1588 1505 1586 1588 1603 1505 1603 1504 1505 
1492 1586 1505 1590 1507 1604 1493 1507 1590 
1509 1604 1510 1509 1592 1604 1592 1590 1604 
1512 1592 1509 1594 1592 1512 1514 1594 1512 
1596 1594 1514 1496 1596 1514 1500 1605 1600 
1516 1605 1500 1517 1606 1516 1516 1606 1605 
1518 1607 1517 1517 1607 1606 1607 1518 1519 
1608 1607 1519 1609 1610 1611 1609 1522 1521 
1609 1521 1610 1610 1521 1612 1523 1613 1521 
1521 1613 1612 1602 1523 1503 1613 1523 1602 
1507 1525 1604 1510 1604 1525 1519 1614 1608 
1526 1614 1519 1614 1526 1527 1615 1614 1527 
1616 1617 1618 1611 1617 1616 1609 1611 1616 
1609 1616 1529 1609 1529 1528 1522 1609 1528 
1527 1619 1615 1530 1619 1527 1619 1530 1531 
1620 1619 1531 1532 1616 1618 1532 1618 1533 
1533 1618 1621 1529 1616 1532 1531 1622 1620 
1534 1622 1531 1622 1534 1535 1623 1622 1535 
1624 1625 1626 1624 1621 1625 1624 1536 1621 
1536 1533 1621 1627 1535 1537 1627 1628 1535 
1628 1623 1535 1537 1538 1627 1540 1624 1626 
1540 1626 1541 1541 1626 1629 1536 1624 1540 
1544 1628 1627 1544 1543 1628 1543 1630 1628 
1538 1544 1627 1631 1632 1545 1631 1545 1629 
1629 1545 1541 1631 1633 1632 1634 1635 1636 
1634 1636 1630 1634 1630 1546 1546 1630 1543 
1545 1632 1547 1632 1548 1547 1632 1633 1548 
1633 1637 1548 1551 1635 1634 1551 1550 1635 
1550 1638 1635 1546 1551 1634 1639 1640 1552 
1639 1552 1637 1637 1552 1548 1639 1641 1640 
1642 1643 1644 1642 1644 1638 1642 1638 1554 
1554 1638 1550 1552 1640 1555 1640 1556 1555 
1640 1641 1556 1641 1645 1556 1646 1647 1648 
1646 1649 1650 1648 1649 1646 1650 1651 1652 
1649 1651 1650 1652 1653 1654 1651 1653 1652 
1654 1655 1656 1653 1655 1654 1656 1559 1558 
1656 1655 1559 1655 1657 1559 1643 1642 1560 
1643 1560 1657 1657 1560 1559 1554 1560 1642 
1658 1659 1561 1658 1561 1645 1645 1561 1556 
1658 1660 1659 1661 1662 1663 1661 1564 1563 
1661 1663 1564 1663 1664 1564 1647 1646 1565 
1647 1565 1664 1664 1565 1564 1566 1565 1646 
1650 1566 1646 1567 1566 1650 1652 1567 1650 
1568 1567 1652 1654 1568 1652 1569 1568 1654 
1656 1569 1654 1558 1569 1656 1561 1659 1570 
1659 1571 1570 1659 1660 1571 1660 1665 1571 
1666 1667 1668 1666 1669 1670 1668 1669 1666 
1670 1573 1572 1670 1669 1573 1669 1671 1573 
1662 1661 1574 1662 1574 1671 1671 1574 1573 
1563 1574 1661 1571 1665 1672 1575 1571 1672 
1577 1673 1674 1577 1575 1673 1575 1672 1673 
1674 1675 1676 1673 1675 1674 1676 1677 1678 
1675 1677 1676 1678 1580 1579 1678 1677 1580 
1677 1679 1580 1667 1666 1581 1667 1581 1679 
1679 1581 1580 1582 1581 1666 1670 1582 1666 
1572 1582 1670 1577 1674 1583 1584 1583 1674 
1676 1584 1674 1585 1584 1676 1678 1585 1676 
1579 1585 1678 1587 1680 1681 1588 1587 1681 
1589 1682 1587 1587 1682 1680 1591 1683 1589 
1589 1683 1682 1593 1684 1591 1591 1684 1683 
1595 1685 1593 1593 1685 1684 1597 1686 1595 
1595 1686 1685 1598 1687 1597 1597 1687 1686 
1599 1688 1598 1598 1688 1687 1688 1599 1600 
1689 1688 1600 1690 1691 1692 1690 1693 1694 
1691 1690 1694 1693 1602 1601 1693 1601 1694 
1694 1601 1695 1603 1696 1601 1601 1696 1695 
1681 1603 1588 1696 1603 1681 1600 1697 1689 
1605 1697 1600 1606 1698 1605 1605 1698 1697 
1607 1699 1606 1606 1699 1698 1699 1607 1608 
1700 1699 1608 1610 1701 1702 1611 1610 1702 
1692 1612 1690 1692 1701 1612 1701 1610 1612 
1613 1690 1612 1693 1690 1613 1602 1693 1613 
1608 1703 1700 1614 1703 1608 1703 1614 1615 
1704 1703 1615 1617 1705 1706 1618 1617 1706 
1702 1617 1611 1705 1617 1702 1615 1707 1704 
1619 1707 1615 1707 1619 1620 1708 1707 1620 
1618 1706 1621 1706 1709 1621 1620 1710 1708 
1622 1710 1620 1710 1622 1623 1711 1710 1623 
1625 1712 1713 1626 1625 1713 1709 1625 1621 
1712 1625 1709 1714 1715 1716 1714 1716 1711 
1714 1711 1628 1628 1711 1623 1626 1713 1629 
1713 1717 1629 1718 1715 1714 1719 1715 1718 
1628 1630 1718 1714 1628 1718 1629 1717 1720 
1631 1629 1720 1720 1633 1631 1721 1633 1720 
1636 1719 1718 1636 1635 1719 1635 1722 1719 
1630 1636 1718 1633 1721 1637 1721 1723 1637 
1635 1638 1722 1722 1638 1724 1637 1723 1725 
1639 1637 1725 1725 1641 1639 1726 1641 1725 
1727 1728 1729 1727 1730 1731 1729 1730 1727 
1731 1732 1733 1730 1732 1731 1733 1734 1735 
1732 1734 1733 1735 1736 1737 1734 1736 1735 
1737 1644 1643 1737 1736 1644 1736 1738 1644 
1724 1638 1644 1738 1724 1644 1641 1726 1645 
1726 1739 1645 1740 1741 1742 1740 1648 1647 
1740 1742 1648 1742 1743 1648 1728 1727 1649 
1728 1649 1743 1743 1649 1648 1651 1649 1727 
1731 1651 1727 1653 1651 1731 1733 1653 1731 
1655 1653 1733 1735 1655 1733 1657 1655 1735 
1737 1657 1735 1643 1657 1737 1645 1739 1744 
1658 1645 1744 1744 1660 1658 1745 1660 1744 
1746 1747 1748 1746 1749 1750 1748 1749 1746 
1750 1663 1662 1750 1749 1663 1749 1751 1663 
1741 1740 1664 1741 1664 1751 1751 1664 1663 
1647 1664 1740 1752 1753 1665 1752 1665 1745 
1745 1665 1660 1753 1754 1755 1752 1754 1753 
1755 1756 1757 1754 1756 1755 1757 1758 1759 
1756 1758 1757 1759 1760 1761 1758 1760 1759 
1761 1668 1667 1761 1760 1668 1760 1762 1668 
1747 1746 1669 1747 1669 1762 1762 1669 1668 
1671 1669 1746 1750 1671 1746 1662 1671 1750 
1665 1753 1672 1673 1672 1753 1755 1673 1753 
1675 1673 1755 1757 1675 1755 1677 1675 1757 
1759 1677 1757 1679 1677 1759 1761 1679 1759 
1667 1679 1761 1763 1764 1765 1763 1681 1680 
1763 1680 1764 1764 1680 1766 1682 1767 1680 
1680 1767 1766 1683 1768 1682 1682 1768 1767 
1684 1769 1683 1683 1769 1768 1685 1770 1684 
1684 1770 1769 1686 1771 1685 1685 1771 1770 
1687 1772 1686 1686 1772 1771 1773 1774 1772 
1773 1772 1688 1688 1772 1687 1688 1689 1773 
1691 1775 1776 1692 1691 1776 1694 1777 1691 
1691 1777 1775 1695 1778 1694 1694 1778 1777 
1765 1696 1763 1765 1778 1696 1778 1695 1696 
1681 1763 1696 1773 1779 1774 1689 1779 1773 
1689 1697 1779 1697 1780 1779 1698 1781 1697 
1697 1781 1780 1782 1783 1781 1782 1781 1699 
1699 1781 1698 1699 1700 1782 1701 1784 1785 
1702 1701 1785 1776 1701 1692 1784 1701 1776 
1782 1786 1783 1700 1786 1782 1700 1703 1786 
1703 1787 1786 1787 1703 1704 1788 1787 1704 
1705 1789 1790 1706 1705 1790 1785 1705 1702 
1789 1705 1785 1704 1791 1788 1707 1791 1704 
1791 1707 1708 1792 1791 1708 1793 1794 1795 
1793 1790 1794 1793 1709 1790 1709 1706 1790 
1796 1708 1710 1796 1797 1708 1797 1792 1708 
1710 1711 1796 1712 1793 1795 1712 1795 1713 
1713 1795 1798 1709 1793 1712 1716 1797 1796 
1716 1715 1797 1715 1799 1797 1711 1716 1796 
1800 1801 1717 1800 1717 1798 1798 1717 1713 
1800 1802 1801 1715 1719 1799 1799 1719 1803 
1717 1801 1720 1801 1721 1720 1801 1802 1721 
1802 1804 1721 1719 1722 1803 1803 1722 1805 
1806 1807 1723 1806 1723 1804 1804 1723 1721 
1806 1808 1807 1809 1810 1811 1809 1812 1813 
1811 1812 1809 1813 1812 1805 1813 1805 1724 
1724 1805 1722 1723 1807 1725 1807 1726 1725 
1807 1808 1726 1808 1814 1726 1815 1816 1817 
1815 1818 1819 1817 1818 1815 1819 1729 1728 
1819 1818 1729 1818 1820 1729 1730 1729 1821 
1729 1820 1821 1732 1730 1822 1730 1821 1822 
1734 1732 1823 1732 1822 1823 1810 1809 1736 
1810 1736 1823 1823 1736 1734 1738 1736 1809 
1813 1738 1809 1724 1738 1813 1824 1825 1739 
1824 1739 1814 1814 1739 1726 1824 1826 1825 
1827 1828 1829 1827 1830 1831 1829 1830 1827 
1816 1831 1830 1815 1831 1816 1815 1741 1831 
1815 1742 1741 1743 1742 1815 1819 1743 1815 
1728 1743 1819 1739 1825 1744 1745 1832 1833 
1744 1832 1745 1744 1826 1832 1744 1825 1826 
1833 1834 1835 1832 1834 1833 1835 1836 1837 
1834 1836 1835 1837 1838 1839 1836 1838 1837 
1839 1840 1841 1838 1840 1839 1841 1842 1843 
1840 1842 1841 1843 1748 1747 1843 1842 1748 
1842 1844 1748 1828 1827 1749 1828 1749 1844 
1844 1749 1748 1751 1749 1827 1831 1751 1827 
1741 1751 1831 1745 1833 1752 1754 1752 1833 
1835 1754 1833 1756 1754 1835 1837 1756 1835 
1758 1756 1837 1839 1758 1837 1760 1758 1839 
1841 1760 1839 1762 1760 1841 1843 1762 1841 
1747 1762 1843 1845 1846 1847 1845 1848 1849 
1846 1845 1849 1849 1848 1850 1851 1852 1853 
1851 1854 1855 1852 1851 1855 1854 1765 1764 
1854 1764 1855 1855 1764 1856 1766 1857 1764 
1764 1857 1856 1847 1767 1845 1847 1857 1767 
1857 1766 1767 1768 1845 1767 1848 1845 1768 
1848 1858 1850 1848 1768 1858 1768 1769 1858 
1770 1859 1769 1769 1859 1858 1771 1860 1770 
1770 1860 1859 1772 1861 1771 1771 1861 1860 
1861 1772 1774 1862 1861 1774 1863 1864 1865 
1863 1776 1775 1863 1775 1864 1864 1775 1866 
1853 1777 1851 1853 1866 1777 1866 1775 1777 
1778 1851 1777 1854 1851 1778 1765 1854 1778 
1774 1867 1862 1779 1867 1774 1868 1869 1867 
1868 1867 1780 1780 1867 1779 1780 1781 1870 
1868 1780 1870 1781 1783 1870 1871 1872 1873 
1865 1872 1871 1863 1865 1871 1863 1871 1785 
1863 1785 1784 1776 1863 1784 1868 1874 1869 
1870 1874 1868 1875 1874 1870 1783 1875 1870 
1783 1786 1875 1786 1876 1875 1877 1878 1876 
1877 1876 1787 1787 1876 1786 1787 1788 1877 
1789 1871 1873 1789 1873 1790 1790 1873 1879 
1785 1871 1789 1877 1880 1878 1881 1882 1880 
1791 1881 1880 1791 1880 1877 1791 1877 1788 
1791 1792 1881 1794 1883 1884 1795 1794 1884 
1879 1794 1790 1883 1794 1879 1885 1882 1881 
1886 1882 1885 1792 1797 1885 1881 1792 1885 
1795 1884 1798 1884 1887 1798 1888 1886 1885 
1889 1886 1888 1797 1799 1888 1885 1797 1888 
1798 1887 1890 1800 1798 1890 1890 1802 1800 
1891 1802 1890 1892 1889 1888 1893 1889 1892 
1799 1803 1892 1888 1799 1892 1894 1895 1804 
1894 1804 1891 1891 1804 1802 1894 1896 1895 
1897 1898 1899 1893 1897 1899 1893 1892 1897 
1892 1900 1897 1803 1805 1900 1892 1803 1900 
1804 1895 1806 1895 1808 1806 1895 1896 1808 
1896 1901 1808 1902 1903 1904 1902 1905 1906 
1904 1905 1902 1906 1907 1908 1905 1907 1906 
1908 1909 1910 1907 1909 1908 1910 1911 1912 
1909 1911 1910 1898 1912 1911 1897 1912 1898 
1897 1810 1912 1897 1811 1810 1812 1811 1897 
1900 1812 1897 1805 1812 1900 1913 1914 1814 
1913 1814 1901 1901 1814 1808 1913 1915 1914 
1916 1917 1918 1916 1817 1816 1916 1918 1817 
1918 1919 1817 1903 1902 1818 1903 1818 1919 
1919 1818 1817 1820 1818 1902 1906 1820 1902 
1821 1820 1906 1908 1821 1906 1822 1821 1908 
1910 1822 1908 1823 1822 1910 1912 1823 1910 
1810 1823 1912 1814 1914 1824 1826 1920 1921 
1824 1920 1826 1824 1915 1920 1824 1914 1915 
1921 1922 1923 1920 1922 1921 1922 1924 1923 
1925 1926 1927 1925 1928 1929 1927 1928 1925 
1929 1829 1828 1929 1928 1829 1928 1930 1829 
1917 1916 1830 1917 1830 1930 1930 1830 1829 
1816 1830 1916 1826 1921 1832 1834 1832 1921 
1923 1834 1921 1923 1924 1931 1923 1931 1834 
1834 1931 1836 1838 1836 1932 1836 1931 1932 
1840 1838 1933 1838 1932 1933 1926 1925 1842 
1926 1842 1933 1933 1842 1840 1844 1842 1925 
1929 1844 1925 1828 1844 1929 1934 1935 1936 
1934 1847 1846 1934 1846 1935 1935 1846 1937 
1849 1938 1846 1846 1938 1937 1938 1849 1850 
1939 1938 1850 1940 1941 1942 1940 1853 1852 
1940 1852 1941 1941 1852 1943 1855 1944 1852 
1852 1944 1943 1856 1945 1855 1855 1945 1944 
1936 1857 1934 1936 1945 1857 1945 1856 1857 
1847 1934 1857 1850 1946 1939 1858 1946 1850 
1859 1947 1858 1858 1947 1946 1860 1948 1859 
1859 1948 1947 1861 1949 1860 1860 1949 1948 
1949 1861 1862 1950 1949 1862 1864 1951 1952 
1865 1864 1952 1942 1866 1940 1942 1951 1866 
1951 1864 1866 1853 1940 1866 1862 1953 1950 
1867 1953 1862 1953 1867 1869 1954 1953 1869 
1872 1955 1956 1873 1872 1956 1952 1872 1865 
1955 1872 1952 1869 1957 1954 1874 1957 1869 
1875 1958 1874 1874 1958 1957 1876 1959 1875 
1875 1959 1958 1959 1876 1878 1960 1959 1878 
1961 1962 1963 1961 1956 1962 1961 1879 1956 
1879 1873 1956 1964 1878 1880 1964 1965 1878 
1965 1960 1878 1880 1882 1964 1883 1961 1963 
1883 1963 1884 1884 1963 1966 1879 1961 1883 
1964 1967 1965 1967 1964 1882 1967 1882 1968 
1968 1882 1886 1969 1970 1887 1969 1887 1966 
1966 1887 1884 1969 1971 1970 1886 1889 1968 
1968 1889 1972 1887 1970 1890 1970 1891 1890 
1970 1971 1891 1971 1973 1891 1889 1893 1972 
1972 1893 1974 1891 1973 1975 1894 1891 1975 
1975 1896 1894 1976 1896 1975 1977 1978 1979 
1977 1980 1981 1979 1980 1977 1981 1982 1983 
1980 1982 1981 1983 1984 1985 1982 1984 1983 
1985 1986 1987 1984 1986 1985 1987 1899 1898 
1987 1986 1899 1986 1988 1899 1974 1893 1899 
1988 1974 1899 1896 1976 1901 1976 1989 1901 
1990 1991 1992 1978 1990 1992 1977 1990 1978 
1977 1903 1990 1977 1904 1903 1905 1904 1977 
1981 1905 1977 1907 1905 1981 1983 1907 1981 
1909 1907 1983 1985 1909 1983 1911 1909 1985 
1987 1911 1985 1898 1911 1987 1901 1989 1993 
1913 1901 1993 1993 1915 1913 1994 1915 1993 
1995 1996 1997 1995 1918 1917 1995 1997 1918 
1997 1998 1918 1991 1990 1919 1991 1919 1998 
1998 1919 1918 1903 1919 1990 1915 1994 1999 
1920 1915 1999 1922 1920 2000 1920 1999 2000 
1924 2001 2002 1924 1922 2001 1922 2000 2001 
2002 2003 2004 2001 2003 2002 2004 2005 2006 
2003 2005 2004 2006 1927 1926 2006 2005 1927 
2005 2007 1927 1928 1927 2008 1927 2007 2008 
1996 1995 1930 1996 1930 2008 2008 1930 1928 
1917 1930 1995 1924 2002 1931 1932 1931 2002 
2004 1932 2002 1933 1932 2004 2006 1933 2004 
1926 1933 2006 2009 2010 2011 2009 2012 2013 
2010 2009 2013 2012 1936 1935 2012 1935 2013 
2013 1935 2014 1937 2015 1935 1935 2015 2014 
1938 2016 1937 1937 2016 2015 1939 2017 2018 
1939 2018 1938 1938 2018 2016 2018 2017 2019 
2020 2021 2022 2020 1942 1941 2020 1941 2021 
2021 1941 2023 1943 2024 1941 1941 2024 2023 
2011 1944 2009 2011 2024 1944 2024 1943 1944 
1945 2009 1944 2012 2009 1945 1936 2012 1945 
1939 1946 2017 2017 2025 2019 2017 1946 2025 
1946 1947 2025 1948 2026 1947 1947 2026 2025 
1949 2027 1948 1948 2027 2026 2027 1949 1950 
2028 2027 1950 1951 2020 2022 1951 2022 1952 
1952 2022 2029 1942 2020 1951 1950 2030 2028 
1953 2030 1950 1954 2031 2032 1954 2032 1953 
1953 2032 2030 2032 2031 2033 1955 2034 2035 
1956 1955 2035 2029 1955 1952 2034 1955 2029 
1954 1957 2031 2031 2036 2033 2031 1957 2036 
1957 1958 2036 1959 2037 1958 1958 2037 2036 
2037 1959 1960 2038 2037 1960 1962 2039 2040 
1963 1962 2040 2035 1962 1956 2039 1962 2035 
1960 1965 2038 2038 1965 2041 1963 2040 1966 
2040 2042 1966 1965 2043 2041 1967 2043 1965 
2043 1967 1968 2044 2043 1968 1966 2042 2045 
1969 1966 2045 2045 1971 1969 2046 1971 2045 
1968 1972 2044 2044 1972 2047 2048 2049 1973 
2048 1973 2046 2046 1973 1971 2048 2050 2049 
2051 2052 2053 2051 2054 2055 2053 2054 2051 
2055 2056 2057 2054 2056 2055 2057 2058 2059 
2056 2058 2057 2059 2060 2061 2058 2060 2059 
2061 2062 2063 2060 2062 2061 2063 2062 2047 
2063 2047 1974 1974 2047 1972 1973 2049 1975 
2049 1976 1975 2049 2050 1976 2050 2064 1976 
2065 2066 2067 2052 2065 2067 2051 2065 2052 
2051 1978 2065 2051 1979 1978 1980 1979 2051 
2055 1980 2051 1982 1980 2055 2057 1982 2055 
1984 1982 2057 2059 1984 2057 1986 1984 2059 
2061 1986 2059 1988 1986 2061 2063 1988 2061 
1974 1988 2063 2068 2069 1989 2068 1989 2064 
2064 1989 1976 2068 2070 2069 2071 2072 2073 
2066 2071 2073 2065 2071 2066 2065 1991 2071 
2065 1992 1991 1978 1992 2065 1989 2069 1993 
1994 2074 2075 1993 2074 1994 1993 2070 2074 
1993 2069 2070 2075 2076 2077 2074 2076 2075 
2077 2078 2079 2076 2078 2077 2079 2080 2081 
2078 2080 2079 2081 2082 2083 2080 2082 2081 
2083 2084 2085 2082 2084 2083 2085 2086 2087 
2084 2086 2085 2087 1997 1996 2087 2086 1997 
2086 2088 1997 2072 2071 1998 2072 1998 2088 
2088 1998 1997 1991 1998 2071 1994 2075 1999 
2000 1999 2075 2077 2000 2075 2001 2000 2077 
2079 2001 2077 2003 2001 2079 2081 2003 2079 
2005 2003 2081 2083 2005 2081 2007 2005 2083 
2085 2007 2083 2008 2007 2085 2087 2008 2085 
1996 2008 2087 2089 2090 2091 2089 2092 2093 
2090 2089 2093 2092 2011 2010 2092 2010 2093 
2093 2010 2094 2013 2095 2010 2010 2095 2094 
2014 2096 2013 2013 2096 2095 2015 2097 2014 
2014 2097 2096 2016 2098 2015 2015 2098 2097 
2018 2099 2016 2016 2099 2098 2019 2100 2101 
2019 2101 2018 2018 2101 2099 2101 2100 2102 
2021 2103 2104 2022 2021 2104 2091 2023 2089 
2091 2103 2023 2103 2021 2023 2024 2089 2023 
2092 2089 2024 2011 2092 2024 2019 2025 2100 
2100 2105 2102 2100 2025 2105 2025 2026 2105 
2027 2106 2026 2026 2106 2105 2028 2107 2108 
2028 2108 2027 2027 2108 2106 2107 2109 2110 
2108 2107 2110 2110 2109 2111 2112 2113 2114 
2112 2104 2113 2112 2029 2104 2029 2022 2104 
2028 2030 2107 2032 2107 2030 2109 2107 2032 
2033 2115 2116 2032 2033 2116 2032 2116 2111 
2032 2111 2109 2116 2115 2117 2034 2112 2114 
2034 2114 2035 2035 2114 2118 2029 2112 2034 
2033 2036 2115 2115 2119 2117 2115 2036 2119 
2036 2037 2119 2038 2120 2121 2038 2121 2037 
2037 2121 2119 2121 2120 2122 2039 2123 2124 
2040 2039 2124 2118 2039 2035 2123 2039 2118 
2120 2041 2125 2038 2041 2120 2126 2122 2120 
2125 2126 2120 2127 2128 2042 2127 2042 2124 
2124 2042 2040 2127 2129 2128 2041 2043 2125 
2125 2043 2044 2125 2044 2126 2126 2044 2130 
2042 2128 2045 2128 2046 2045 2128 2129 2046 
2129 2131 2046 2132 2133 2134 2132 2135 2136 
2134 2135 2132 2136 2137 2138 2135 2137 2136 
2138 2139 2140 2137 2139 2138 2139 2141 2140 
2044 2047 2130 2130 2047 2142 2046 2131 2143 
2048 2046 2143 2143 2050 2048 2144 2050 2143 
2053 2145 2146 2052 2145 2053 2133 2132 2054 
2133 2054 2146 2146 2054 2053 2056 2054 2132 
2136 2056 2132 2058 2056 2136 2138 2058 2136 
2060 2058 2138 2140 2060 2138 2140 2141 2147 
2140 2147 2060 2060 2147 2062 2142 2047 2062 
2147 2142 2062 2148 2149 2064 2148 2064 2144 
2144 2064 2050 2148 2150 2149 2151 2152 2153 
2151 2067 2066 2151 2153 2067 2153 2154 2067 
2145 2052 2067 2154 2145 2067 2064 2149 2068 
2070 2155 2156 2068 2155 2070 2068 2150 2155 
2068 2149 2150 2155 2157 2156 2158 2159 2160 
2158 2161 2162 2160 2161 2158 2162 2163 2164 
2161 2163 2162 2152 2164 2163 2151 2164 2152 
2151 2072 2164 2151 2073 2072 2066 2073 2151 
2070 2156 2074 2156 2157 2165 2156 2165 2074 
2074 2165 2076 2078 2076 2166 2076 2165 2166 
2080 2078 2167 2078 2166 2167 2082 2080 2168 
2080 2167 2168 2159 2158 2084 2159 2084 2168 
2168 2084 2082 2086 2084 2158 2162 2086 2158 
2088 2086 2162 2164 2088 2162 2072 2088 2164 
2090 2169 2170 2091 2090 2170 2093 2171 2090 
2090 2171 2169 2094 2172 2093 2093 2172 2171 
2095 2173 2094 2094 2173 2172 2096 2174 2095 
2095 2174 2173 2097 2175 2096 2096 2175 2174 
2098 2176 2097 2097 2176 2175 2099 2177 2098 
2098 2177 2176 2101 2178 2099 2099 2178 2177 
2178 2101 2102 2179 2178 2102 2103 2180 2181 
2104 2103 2181 2170 2103 2091 2180 2103 2170 
2102 2182 2179 2105 2182 2102 2106 2183 2105 
2105 2183 2182 2108 2184 2106 2106 2184 2183 
2110 2185 2108 2108 2185 2184 2111 2186 2187 
2111 2187 2110 2110 2187 2185 2187 2186 2188 
2113 2189 2190 2114 2113 2190 2181 2113 2104 
2189 2113 2181 2111 2116 2186 2117 2191 2192 
2116 2117 2192 2116 2192 2188 2116 2188 2186 
2191 2193 2194 2192 2191 2194 2194 2193 2195 
2114 2190 2118 2190 2196 2118 2117 2119 2191 
2121 2191 2119 2193 2191 2121 2193 2121 2122 
2193 2122 2195 2195 2122 2197 2123 2198 2124 
2123 2199 2198 2123 2118 2199 2118 2196 2199 
2200 2126 2201 2200 2197 2126 2197 2122 2126 
2200 2201 2202 2124 2198 2127 2198 2129 2127 
2198 2199 2129 2199 2203 2129 2201 2204 2205 
2201 2126 2204 2126 2130 2204 2202 2201 2205 
2129 2203 2131 2203 2206 2131 2207 2208 2209 
2207 2134 2133 2207 2209 2134 2209 2210 2134 
2135 2134 2211 2134 2210 2211 2137 2135 2212 
2135 2211 2212 2139 2137 2213 2137 2212 2213 
2141 2214 2215 2141 2139 2214 2139 2213 2214 
2215 2214 2204 2215 2204 2142 2142 2204 2130 
2131 2206 2216 2143 2131 2216 2216 2144 2143 
2217 2144 2216 2218 2219 2220 2208 2218 2220 
2207 2218 2208 2207 2145 2218 2207 2146 2145 
2133 2146 2207 2141 2215 2147 2142 2147 2215 
2144 2217 2221 2148 2144 2221 2221 2150 2148 
2222 2150 2221 2223 2224 2225 2223 2153 2152 
2223 2225 2153 2225 2226 2153 2219 2218 2154 
2219 2154 2226 2226 2154 2153 2145 2154 2218 
2150 2222 2227 2155 2150 2227 2157 2228 2229 
2157 2155 2228 2155 2227 2228 2229 2230 2231 
2228 2230 2229 2231 2232 2233 2230 2232 2231 
2233 2234 2235 2232 2234 2233 2235 2160 2159 
2235 2234 2160 2234 2236 2160 2161 2160 2237 
2160 2236 2237 2224 2223 2163 2224 2163 2237 
2237 2163 2161 2152 2163 2223 2157 2229 2165 
2166 2165 2229 2231 2166 2229 2167 2166 2231 
2233 2167 2231 2168 2167 2233 2235 2168 2233 
2159 2168 2235 2238 2239 2240 2238 2241 2242 
2239 2238 2242 2242 2241 2243 2169 2244 2245 
2170 2169 2245 2171 2246 2169 2169 2246 2244 
2172 2247 2171 2171 2247 2246 2173 2248 2172 
2172 2248 2247 2240 2174 2238 2240 2248 2174 
2248 2173 2174 2175 2238 2174 2241 2238 2175 
2241 2249 2243 2241 2175 2249 2175 2176 2249 
2177 2250 2176 2176 2250 2249 2178 2251 2177 
2177 2251 2250 2179 2252 2253 2179 2253 2178 
2178 2253 2251 2253 2252 2254 2180 2255 2256 
2181 2180 2256 2245 2180 2170 2255 2180 2245 
2179 2182 2252 2252 2257 2254 2252 2182 2257 
2182 2183 2257 2184 2258 2183 2183 2258 2257 
2185 2259 2184 2184 2259 2258 2187 2260 2185 
2185 2260 2259 2188 2261 2262 2188 2262 2187 
2187 2262 2260 2262 2261 2263 2189 2264 2265 
2190 2189 2265 2256 2189 2181 2264 2189 2256 
2188 2192 2261 2261 2266 2263 2261 2192 2266 
2192 2194 2266 2195 2267 2268 2195 2268 2194 
2194 2268 2266 2268 2267 2269 2190 2265 2196 
2265 2270 2196 2267 2197 2271 2195 2197 2267 
2272 2269 2267 2271 2272 2267 2196 2270 2199 
2270 2273 2199 2197 2200 2271 2271 2200 2202 
2271 2202 2272 2272 2202 2274 2199 2273 2203 
2273 2275 2203 2276 2277 2278 2276 2279 2280 
2278 2279 2276 2280 2281 2282 2279 2281 2280 
2282 2283 2284 2281 2283 2282 2283 2285 2284 
2205 2286 2287 2204 2286 2205 2274 2202 2205 
2287 2274 2205 2288 2289 2206 2288 2206 2275 
2275 2206 2203 2288 2290 2289 2209 2291 2292 
2208 2291 2209 2277 2276 2210 2277 2210 2292 
2292 2210 2209 2211 2210 2276 2280 2211 2276 
2212 2211 2280 2282 2212 2280 2213 2212 2282 
2284 2213 2282 2284 2285 2293 2284 2293 2213 
2213 2293 2214 2286 2204 2214 2293 2286 2214 
2206 2289 2216 2217 2294 2295 2216 2294 2217 
2216 2290 2294 2216 2289 2290 2294 2296 2295 
2297 2298 2299 2297 2220 2219 2297 2299 2220 
2299 2300 2220 2291 2208 2220 2300 2291 2220 
2217 2295 2221 2222 2301 2302 2221 2301 2222 
2221 2296 2301 2221 2295 2296 2302 2303 2304 
2301 2303 2302 2303 2305 2304 2306 2307 2308 
2306 2309 2310 2308 2309 2306 2310 2311 2312 
2309 2311 2310 2312 2313 2314 2311 2313 2312 
2314 2225 2224 2314 2313 2225 2313 2315 2225 
2298 2297 2226 2298 2226 2315 2315 2226 2225 
2219 2226 2297 2222 2302 2227 2228 2227 2302 
2304 2228 2302 2304 2305 2316 2304 2316 2228 
2228 2316 2230 2307 2306 2232 2307 2232 2316 
2316 2232 2230 2234 2232 2306 2310 2234 2306 
2236 2234 2310 2312 2236 2310 2237 2236 2312 
2314 2237 2312 2224 2237 2314 2317 2318 2319 
2317 2320 2321 2318 2317 2321 2320 2240 2239 
2320 2239 2321 2321 2239 2322 2242 2323 2239 
2239 2323 2322 2243 2324 2325 2243 2325 2242 
2242 2325 2323 2324 2326 2327 2325 2324 2327 
2327 2326 2328 2244 2329 2330 2245 2244 2330 
2246 2331 2244 2244 2331 2329 2319 2247 2317 
2319 2331 2247 2331 2246 2247 2248 2317 2247 
2320 2317 2248 2240 2320 2248 2243 2249 2324 
2250 2324 2249 2326 2324 2250 2326 2332 2328 
2326 2250 2332 2250 2251 2332 2253 2333 2251 
2251 2333 2332 2254 2334 2335 2254 2335 2253 
2253 2335 2333 2335 2334 2336 2255 2337 2338 
2256 2255 2338 2330 2255 2245 2337 2255 2330 
2254 2257 2334 2334 2339 2336 2334 2257 2339 
2257 2258 2339 2259 2340 2258 2258 2340 2339 
2260 2341 2259 2259 2341 2340 2262 2342 2260 
2260 2342 2341 2263 2343 2344 2263 2344 2262 
2262 2344 2342 2343 2345 2346 2344 2343 2346 
2346 2345 2347 2264 2348 2349 2265 2264 2349 
2338 2264 2256 2348 2264 2338 2263 2266 2343 
2268 2343 2266 2345 2343 2268 2269 2350 2351 
2268 2269 2351 2268 2351 2347 2268 2347 2345 
2351 2350 2352 2265 2349 2270 2349 2353 2270 
2350 2272 2354 2269 2272 2350 2355 2352 2350 
2354 2355 2350 2270 2353 2273 2353 2356 2273 
2354 2357 2358 2354 2272 2357 2272 2274 2357 
2355 2354 2358 2359 2360 2275 2359 2275 2356 
2356 2275 2273 2359 2361 2360 2278 2362 2363 
2277 2362 2278 2279 2278 2364 2278 2363 2364 
2281 2279 2365 2279 2364 2365 2283 2281 2366 
2281 2365 2366 2285 2367 2368 2285 2283 2367 
2283 2366 2367 2368 2287 2286 2368 2367 2287 
2367 2369 2287 2357 2274 2287 2369 2357 2287 
2275 2360 2288 2360 2290 2288 2360 2361 2290 
2361 2370 2290 2371 2372 2373 2371 2292 2291 
2371 2373 2292 2373 2374 2292 2362 2277 2292 
2374 2362 2292 2285 2368 2293 2286 2293 2368 
2290 2370 2375 2294 2290 2375 2375 2296 2294 
2376 2296 2375 2377 2378 2379 2377 2380 2381 
2379 2380 2377 2381 2382 2383 2380 2382 2381 
2383 2299 2298 2383 2382 2299 2382 2384 2299 
2372 2371 2300 2372 2300 2384 2384 2300 2299 
2291 2300 2371 2296 2376 2385 2301 2296 2385 
2303 2301 2386 2301 2385 2386 2305 2387 2388 
2305 2303 2387 2303 2386 2387 2388 2308 2307 
2388 2387 2308 2387 2389 2308 2309 2308 2390 
2308 2389 2390 2378 2377 2311 2378 2311 2390 
2390 2311 2309 2313 2311 2377 2381 2313 2377 
2315 2313 2381 2383 2315 2381 2298 2315 2383 
2305 2388 2316 2307 2316 2388 2391 2392 2393 
2391 2319 2318 2391 2318 2392 2392 2318 2394 
2321 2395 2318 2318 2395 2394 2322 2396 2321 
2321 2396 2395 2323 2397 2322 2322 2397 2396 
2325 2398 2323 2323 2398 2397 2327 2399 2325 
2325 2399 2398 2328 2400 2401 2328 2401 2327 
2327 2401 2399 2400 2402 2403 2401 2400 2403 
2403 2402 2404 2329 2405 2406 2330 2329 2406 
2393 2331 2391 2393 2405 2331 2405 2329 2331 
2319 2391 2331 2328 2332 2400 2333 2400 2332 
2402 2400 2333 2402 2407 2404 2402 2333 2407 
2333 2335 2407 2336 2408 2409 2336 2409 2335 
2335 2409 2407 2408 2410 2411 2409 2408 2411 
2410 2412 2413 2411 2410 2413 2412 2414 2415 
2413 2412 2415 2415 2414 2416 2337 2417 2418 
2338 2337 2418 2406 2337 2330 2417 2337 2406 
2336 2339 2408 2340 2408 2339 2410 2408 2340 
2341 2410 2340 2412 2410 2341 2342 2412 2341 
2414 2412 2342 2414 2419 2416 2414 2342 2419 
2342 2344 2419 2346 2420 2344 2344 2420 2419 
2347 2421 2422 2347 2422 2346 2346 2422 2420 
2421 2423 2424 2422 2421 2424 2424 2423 2425 
2348 2426 2427 2349 2348 2427 2418 2348 2338 
2426 2348 2418 2347 2351 2421 2352 2421 2351 
2352 2428 2421 2428 2423 2421 2429 2425 2423 
2428 2429 2423 2349 2427 2353 2427 2430 2353 
2428 2355 2431 2352 2355 2428 2432 2429 2428 
2431 2432 2428 2353 2430 2356 2430 2433 2356 
2434 2435 2436 2434 2437 2438 2436 2437 2434 
2438 2439 2440 2437 2439 2438 2440 2441 2442 
2439 2441 2440 2441 2443 2442 2358 2444 2445 
2357 2444 2358 2431 2355 2358 2431 2358 2446 
2446 2358 2445 2432 2431 2446 2356 2433 2447 
2359 2356 2447 2447 2361 2359 2448 2361 2447 
2449 2450 2451 2449 2363 2362 2449 2451 2363 
2451 2452 2363 2435 2434 2364 2435 2364 2452 
2452 2364 2363 2365 2364 2434 2438 2365 2434 
2366 2365 2438 2440 2366 2438 2367 2366 2440 
2442 2367 2440 2442 2443 2453 2442 2453 2367 
2367 2453 2369 2444 2357 2369 2453 2444 2369 
2454 2455 2370 2454 2370 2448 2448 2370 2361 
2454 2456 2455 2457 2458 2459 2457 2373 2372 
2457 2459 2373 2459 2460 2373 2450 2449 2374 
2450 2374 2460 2460 2374 2373 2362 2374 2449 
2370 2455 2375 2376 2461 2462 2375 2461 2376 
2375 2456 2461 2375 2455 2456 2462 2463 2464 
2461 2463 2462 2464 2465 2466 2463 2465 2464 
2466 2467 2468 2465 2467 2466 2468 2469 2470 
2467 2469 2468 2470 2379 2378 2470 2469 2379 
2469 2471 2379 2380 2379 2472 2379 2471 2472 
2382 2380 2473 2380 2472 2473 2458 2457 2384 
2458 2384 2473 2473 2384 2382 2372 2384 2457 
2376 2462 2385 2386 2385 2462 2464 2386 2462 
2387 2386 2464 2466 2387 2464 2389 2387 2466 
2468 2389 2466 2390 2389 2468 2470 2390 2468 
2378 2390 2470 2392 2474 2475 2393 2392 2475 
2394 2476 2392 2392 2476 2474 2395 2477 2394 
2394 2477 2476 2396 2478 2395 2395 2478 2477 
2397 2479 2396 2396 2479 2478 2398 2480 2397 
2397 2480 2479 2399 2481 2398 2398 2481 2480 
2401 2482 2399 2399 2482 2481 2403 2483 2401 
2401 2483 2482 2404 2484 2485 2404 2485 2403 
2403 2485 2483 2485 2484 2486 2405 2487 2488 
2406 2405 2488 2475 2405 2393 2487 2405 2475 
2404 2407 2484 2484 2489 2486 2484 2407 2489 
2407 2409 2489 2411 2490 2409 2409 2490 2489 
2413 2491 2411 2411 2491 2490 2415 2492 2413 
2413 2492 2491 2416 2493 2494 2416 2494 2415 
2415 2494 2492 2493 2495 2496 2494 2493 2496 
2495 2497 2498 2496 2495 2498 2498 2497 2499 
2417 2500 2501 2418 2417 2501 2488 2417 2406 
2500 2417 2488 2416 2419 2493 2420 2493 2419 
2495 2493 2420 2422 2495 2420 2497 2495 2422 
2497 2502 2499 2497 2422 2502 2422 2424 2502 
2425 2503 2504 2425 2504 2424 2424 2504 2502 
2504 2503 2505 2426 2506 2507 2427 2426 2507 
2501 2426 2418 2506 2426 2501 2503 2429 2508 
2425 2429 2503 2509 2505 2503 2508 2509 2503 
2427 2507 2430 2507 2510 2430 2508 2511 2512 
2508 2429 2511 2429 2432 2511 2509 2508 2512 
2513 2514 2433 2513 2433 2510 2510 2433 2430 
2513 2515 2514 2516 2517 2518 2516 2436 2435 
2516 2518 2436 2518 2519 2436 2437 2436 2520 
2436 2519 2520 2439 2437 2521 2437 2520 2521 
2441 2439 2522 2439 2521 2522 2443 2523 2524 
2443 2441 2523 2441 2522 2523 2524 2445 2444 
2524 2523 2445 2523 2525 2445 2446 2445 2526 
2445 2525 2526 2511 2432 2446 2526 2511 2446 
2433 2514 2447 2448 2527 2528 2447 2527 2448 
2447 2515 2527 2447 2514 2515 2527 2529 2528 
2530 2531 2532 2530 2451 2450 2530 2532 2451 
2532 2533 2451 2517 2516 2452 2517 2452 2533 
2533 2452 2451 2435 2452 2516 2443 2524 2453 
2444 2453 2524 2448 2528 2454 2456 2534 2535 
2454 2534 2456 2454 2529 2534 2454 2528 2529 
2535 2536 2537 2534 2536 2535 2537 2538 2539 
2536 2538 2537 2539 2540 2541 2538 2540 2539 
2541 2542 2543 2540 2542 2541 2543 2544 2545 
2542 2544 2543 2545 2546 2547 2544 2546 2545 
2547 2548 2549 2546 2548 2547 2549 2459 2458 
2549 2548 2459 2548 2550 2459 2531 2530 2460 
2531 2460 2550 2550 2460 2459 2450 2460 2530 
2456 2535 2461 2463 2461 2535 2537 2463 2535 
2465 2463 2537 2539 2465 2537 2467 2465 2539 
2541 2467 2539 2469 2467 2541 2543 2469 2541 
2471 2469 2543 2545 2471 2543 2472 2471 2545 
2547 2472 2545 2473 2472 2547 2549 2473 2547 
2458 2473 2549 2551 2552 2553 2551 2475 2474 
2551 2474 2552 2552 2474 2554 2476 2555 2474 
2474 2555 2554 2477 2556 2476 2476 2556 2555 
2478 2557 2477 2477 2557 2556 2479 2558 2478 
2478 2558 2557 2480 2559 2479 2479 2559 2558 
2481 2560 2480 2480 2560 2559 2482 2561 2481 
2481 2561 2560 2483 2562 2482 2482 2562 2561 
2485 2563 2483 2483 2563 2562 2486 2564 2565 
2486 2565 2485 2485 2565 2563 2564 2566 2567 
2565 2564 2567 2566 2568 2569 2567 2566 2569 
2569 2568 2570 2487 2551 2553 2487 2553 2488 
2488 2553 2571 2475 2551 2487 2486 2489 2564 
2490 2564 2489 2566 2564 2490 2491 2566 2490 
2568 2566 2491 2568 2572 2570 2568 2491 2572 
2491 2492 2572 2494 2573 2492 2492 2573 2572 
2496 2574 2494 2494 2574 2573 2498 2575 2496 
2496 2575 2574 2499 2576 2577 2499 2577 2498 
2498 2577 2575 2576 2578 2579 2577 2576 2579 
2579 2578 2580 2500 2581 2582 2501 2500 2582 
2571 2500 2488 2581 2500 2571 2499 2502 2576 
2504 2576 2502 2578 2576 2504 2505 2583 2584 
2504 2505 2584 2504 2584 2580 2504 2580 2578 
2584 2583 2585 2506 2586 2507 2506 2587 2586 
2506 2501 2587 2501 2582 2587 2583 2588 2589 
2583 2505 2588 2505 2509 2588 2585 2583 2589 
2586 2590 2510 2507 2586 2510 2591 2586 2587 
2590 2586 2591 2592 2593 2594 2592 2595 2596 
2594 2595 2592 2596 2597 2598 2595 2597 2596 
2598 2599 2600 2597 2599 2598 2599 2601 2600 
2512 2602 2603 2511 2602 2512 2588 2509 2512 
2603 2588 2512 2510 2590 2513 2590 2515 2513 
2590 2591 2515 2591 2604 2515 2605 2606 2607 
2605 2518 2517 2605 2607 2518 2607 2608 2518 
2519 2518 2609 2518 2608 2609 2593 2592 2520 
2593 2520 2609 2609 2520 2519 2521 2520 2592 
2596 2521 2592 2522 2521 2596 2598 2522 2596 
2523 2522 2598 2600 2523 2598 2600 2601 2610 
2600 2610 2523 2523 2610 2525 2526 2525 2611 
2525 2610 2611 2602 2511 2526 2611 2602 2526 
2515 2604 2612 2527 2515 2612 2612 2529 2527 
2613 2529 2612 2614 2615 2616 2614 2532 2531 
2614 2616 2532 2616 2617 2532 2606 2605 2533 
2606 2533 2617 2617 2533 2532 2517 2533 2605 
2529 2613 2618 2534 2529 2618 2536 2534 2619 
2534 2618 2619 2538 2536 2620 2536 2619 2620 
2540 2538 2621 2538 2620 2621 2542 2540 2622 
2540 2621 2622 2544 2542 2623 2542 2622 2623 
2546 2544 2624 2544 2623 2624 2548 2546 2625 
2546 2624 2625 2615 2614 2550 2615 2550 2625 
2625 2550 2548 2531 2550 2614 2626 2627 2628 
2626 2629 2630 2627 2626 2630 2629 2631 2632 
2630 2629 2632 2631 2633 2634 2632 2631 2634 
2634 2633 2635 2552 2636 2637 2553 2552 2637 
2554 2638 2552 2552 2638 2636 2628 2555 2626 
2628 2638 2555 2638 2554 2555 2556 2626 2555 
2629 2626 2556 2557 2629 2556 2631 2629 2557 
2558 2631 2557 2633 2631 2558 2633 2639 2635 
2633 2558 2639 2558 2559 2639 2560 2640 2559 
2559 2640 2639 2561 2641 2560 2560 2641 2640 
2562 2642 2561 2561 2642 2641 2563 2643 2562 
2562 2643 2642 2565 2644 2563 2563 2644 2643 
2567 2645 2565 2565 2645 2644 2569 2646 2567 
2567 2646 2645 2570 2647 2648 2570 2648 2569 
2569 2648 2646 2647 2649 2650 2648 2647 2650 
2649 2651 2652 2650 2649 2652 2651 2653 2654 
2652 2651 2654 2653 2655 2656 2654 2653 2656 
2656 2655 2657 2553 2637 2571 2637 2658 2571 
2570 2572 2647 2573 2647 2572 2649 2647 2573 
2574 2649 2573 2651 2649 2574 2575 2651 2574 
2653 2651 2575 2577 2653 2575 2655 2653 2577 
2655 2659 2657 2655 2577 2659 2577 2579 2659 
2580 2660 2661 2580 2661 2579 2579 2661 2659 
2661 2660 2662 2581 2663 2664 2582 2581 2664 
2658 2581 2571 2663 2581 2658 2580 2584 2660 
2660 2584 2585 2660 2585 2662 2662 2585 2665 
2582 2664 2587 2664 2666 2587 2589 2667 2668 
2588 2667 2589 2665 2585 2589 2668 2665 2589 
2587 2666 2591 2666 2669 2591 2670 2671 2672 
2670 2673 2674 2672 2673 2670 2674 2594 2593 
2674 2673 2594 2673 2675 2594 2595 2594 2676 
2594 2675 2676 2597 2595 2677 2595 2676 2677 
2599 2597 2678 2597 2677 2678 2601 2679 2680 
2601 2599 2679 2599 2678 2679 2680 2681 2682 
2679 2681 2680 2682 2603 2602 2682 2681 2603 
2681 2683 2603 2667 2588 2603 2683 2667 2603 
2684 2685 2604 2684 2604 2669 2669 2604 2591 
2684 2686 2685 2687 2688 2689 2687 2607 2606 
2687 2689 2607 2689 2690 2607 2671 2670 2608 
2671 2608 2690 2690 2608 2607 2609 2608 2670 
2674 2609 2670 2593 2609 2674 2601 2680 2610 
2611 2610 2680 2682 2611 2680 2602 2611 2682 
2604 2685 2612 2613 2691 2692 2612 2691 2613 
2612 2686 2691 2612 2685 2686 2692 2693 2694 
2691 2693 2692 2694 2695 2696 2693 2695 2694 
2695 2697 2696 2698 2699 2700 2698 2701 2702 
2700 2701 2698 2702 2703 2704 2701 2703 2702 
2704 2705 2706 2703 2705 2704 2706 2616 2615 
2706 2705 2616 2705 2707 2616 2688 2687 2617 
2688 2617 2707 2707 2617 2616 2606 2617 2687 
2613 2692 2618 2619 2618 2692 2694 2619 2692 
2620 2619 2694 2696 2620 2694 2696 2697 2708 
2696 2708 2620 2620 2708 2621 2699 2698 2622 
2699 2622 2708 2708 2622 2621 2623 2622 2698 
2702 2623 2698 2624 2623 2702 2704 2624 2702 
2625 2624 2704 2706 2625 2704 2615 2625 2706 
2627 2709 2710 2628 2627 2710 2630 2711 2627 
2627 2711 2709 2632 2712 2630 2630 2712 2711 
2634 2713 2632 2632 2713 2712 2635 2714 2715 
2635 2715 2634 2634 2715 2713 2715 2714 2716 
2717 2718 2719 2717 2720 2721 2718 2717 2721 
2720 2722 2723 2721 2720 2723 2722 2724 2725 
2723 2722 2725 2724 2726 2727 2725 2724 2727 
2726 2728 2729 2727 2726 2729 2729 2728 2730 
2636 2731 2637 2732 2731 2636 2732 2636 2733 
2733 2636 2638 2710 2638 2628 2733 2638 2710 
2635 2639 2714 2714 2734 2716 2714 2639 2734 
2639 2640 2734 2641 2735 2640 2640 2735 2734 
2642 2736 2641 2641 2736 2735 2643 2737 2642 
2642 2737 2736 2719 2644 2717 2719 2737 2644 
2737 2643 2644 2645 2717 2644 2720 2717 2645 
2646 2720 2645 2722 2720 2646 2648 2722 2646 
2724 2722 2648 2650 2724 2648 2726 2724 2650 
2652 2726 2650 2728 2726 2652 2728 2738 2730 
2728 2652 2738 2652 2654 2738 2656 2739 2654 
2654 2739 2738 2657 2740 2741 2657 2741 2656 
2656 2741 2739 2740 2742 2743 2741 2740 2743 
2743 2742 2744 2731 2745 2746 2731 2746 2637 
2637 2746 2658 2732 2745 2731 2657 2659 2740 
2661 2740 2659 2742 2740 2661 2662 2747 2748 
2661 2662 2748 2661 2748 2744 2661 2744 2742 
2748 2747 2749 2663 2750 2751 2664 2663 2751 
2746 2663 2658 2750 2663 2746 2747 2752 2753 
2747 2662 2752 2662 2665 2752 2749 2747 2753 
2664 2751 2666 2751 2754 2666 2755 2756 2757 
2755 2758 2759 2757 2758 2755 2759 2760 2761 
2758 2760 2759 2761 2762 2763 2760 2762 2761 
2763 2764 2765 2762 2764 2763 2765 2766 2767 
2764 2766 2765 2767 2768 2769 2766 2768 2767 
2769 2668 2667 2769 2768 2668 2768 2770 2668 
2752 2665 2668 2770 2752 2668 2666 2754 2669 
2754 2771 2669 2772 2773 2774 2772 2672 2671 
2772 2774 2672 2774 2775 2672 2673 2672 2776 
2672 2775 2776 2756 2755 2675 2756 2675 2776 
2776 2675 2673 2676 2675 2755 2759 2676 2755 
2677 2676 2759 2761 2677 2759 2678 2677 2761 
2763 2678 2761 2679 2678 2763 2765 2679 2763 
2681 2679 2765 2767 2681 2765 2683 2681 2767 
2769 2683 2767 2667 2683 2769 2669 2771 2777 
2684 2669 2777 2777 2686 2684 2778 2686 2777 
2779 2780 2781 2779 2689 2688 2779 2781 2689 
2781 2782 2689 2773 2772 2690 2773 2690 2782 
2782 2690 2689 2671 2690 2772 2686 2778 2783 
2691 2686 2783 2693 2691 2784 2691 2783 2784 
2695 2693 2785 2693 2784 2785 2697 2786 2787 
2697 2695 2786 2695 2785 2786 2787 2700 2699 
2787 2786 2700 2786 2788 2700 2701 2700 2789 
2700 2788 2789 2703 2701 2790 2701 2789 2790 
2705 2703 2791 2703 2790 2791 2780 2779 2707 
2780 2707 2791 2791 2707 2705 2688 2707 2779 
2697 2787 2708 2699 2708 2787 2792 2793 2794 
2792 2795 2796 2793 2792 2796 2796 2795 2797 
2798 2799 2800 2798 2801 2802 2799 2798 2802 
2801 2803 2804 2802 2801 2804 2804 2803 2805 
2709 2806 2807 2710 2709 2807 2711 2808 2709 
2709 2808 2806 2794 2712 2792 2794 2808 2712 
2808 2711 2712 2713 2792 2712 2795 2792 2713 
2795 2809 2797 2795 2713 2809 2713 2715 2809 
2716 2810 2811 2716 2811 2715 2715 2811 2809 
2810 2812 2813 2811 2810 2813 2812 2814 2815 
2813 2812 2815 2814 2816 2817 2815 2814 2817 
2816 2719 2718 2816 2718 2817 2817 2718 2818 
2721 2819 2718 2718 2819 2818 2723 2820 2721 
2721 2820 2819 2800 2725 2798 2800 2820 2725 
2820 2723 2725 2727 2798 2725 2801 2798 2727 
2729 2801 2727 2803 2801 2729 2730 2821 2822 
2729 2730 2822 2729 2822 2805 2729 2805 2803 
2821 2823 2824 2822 2821 2824 2823 2825 2826 
2824 2823 2826 2825 2827 2828 2826 2825 2828 
2827 2829 2830 2828 2827 2830 2830 2829 2831 
2733 2832 2833 2732 2733 2833 2807 2733 2710 
2832 2733 2807 2716 2734 2810 2735 2810 2734 
2812 2810 2735 2736 2812 2735 2814 2812 2736 
2737 2814 2736 2816 2814 2737 2719 2816 2737 
2730 2738 2821 2739 2821 2738 2823 2821 2739 
2741 2823 2739 2825 2823 2741 2743 2825 2741 
2827 2825 2743 2744 2827 2743 2744 2834 2827 
2834 2829 2827 2835 2831 2829 2835 2829 2836 
2836 2829 2834 2835 2836 2837 2745 2838 2839 
2746 2745 2839 2833 2745 2732 2838 2745 2833 
2744 2748 2834 2840 2836 2834 2840 2834 2749 
2840 2749 2841 2748 2749 2834 2837 2836 2840 
2750 2842 2843 2751 2750 2843 2839 2750 2746 
2842 2750 2839 2844 2845 2846 2844 2847 2848 
2846 2847 2844 2848 2849 2850 2847 2849 2848 
2850 2851 2852 2849 2851 2850 2852 2753 2752 
2852 2851 2753 2851 2853 2753 2841 2749 2753 
2853 2841 2753 2751 2843 2754 2843 2854 2754 
2855 2856 2857 2855 2858 2859 2857 2858 2855 
2859 2757 2756 2859 2858 2757 2858 2860 2757 
2758 2757 2861 2757 2860 2861 2760 2758 2862 
2758 2861 2862 2762 2760 2863 2760 2862 2863 
2845 2844 2764 2845 2764 2863 2863 2764 2762 
2766 2764 2844 2848 2766 2844 2768 2766 2848 
2850 2768 2848 2770 2768 2850 2852 2770 2850 
2752 2770 2852 2754 2854 2771 2854 2864 2771 
2774 2865 2866 2773 2865 2774 2856 2855 2775 
2856 2775 2866 2866 2775 2774 2776 2775 2855 
2859 2776 2855 2756 2776 2859 2771 2864 2867 
2777 2771 2867 2778 2868 2869 2778 2777 2868 
2777 2867 2868 2869 2870 2871 2868 2870 2869 
2870 2872 2871 2873 2874 2875 2873 2876 2877 
2875 2876 2873 2877 2781 2780 2877 2876 2781 
2876 2878 2781 2782 2781 2879 2781 2878 2879 
2865 2773 2782 2879 2865 2782 2778 2869 2783 
2784 2783 2869 2871 2784 2869 2871 2872 2880 
2871 2880 2784 2784 2880 2785 2786 2785 2881 
2785 2880 2881 2788 2786 2882 2786 2881 2882 
2789 2788 2883 2788 2882 2883 2874 2873 2790 
2874 2790 2883 2883 2790 2789 2791 2790 2873 
2877 2791 2873 2780 2791 2877 2884 2885 2886 
2884 2794 2793 2884 2793 2885 2885 2793 2887 
2796 2888 2793 2793 2888 2887 2797 2889 2890 
2797 2890 2796 2796 2890 2888 2889 2891 2892 
2890 2889 2892 2891 2893 2894 2892 2891 2894 
2893 2895 2896 2894 2893 2896 2895 2897 2898 
2896 2895 2898 2897 2899 2900 2898 2897 2900 
2899 2901 2902 2900 2899 2902 2901 2903 2904 
2902 2901 2904 2903 2800 2799 2903 2799 2904 
2904 2799 2905 2802 2906 2799 2799 2906 2905 
2804 2907 2802 2802 2907 2906 2805 2908 2909 
2805 2909 2804 2804 2909 2907 2908 2910 2911 
2909 2908 2911 2910 2912 2913 2911 2910 2913 
2913 2912 2914 2806 2915 2916 2807 2806 2916 
2886 2808 2884 2886 2915 2808 2915 2806 2808 
2794 2884 2808 2797 2809 2889 2811 2889 2809 
2891 2889 2811 2813 2891 2811 2893 2891 2813 
2815 2893 2813 2895 2893 2815 2817 2895 2815 
2897 2895 2817 2818 2897 2817 2899 2897 2818 
2819 2899 2818 2901 2899 2819 2820 2901 2819 
2903 2901 2820 2800 2903 2820 2805 2822 2908 
2824 2908 2822 2910 2908 2824 2826 2910 2824 
2912 2910 2826 2912 2917 2914 2912 2826 2917 
2826 2828 2917 2830 2918 2828 2828 2918 2917 
2831 2919 2920 2831 2920 2830 2830 2920 2918 
2920 2919 2921 2832 2922 2923 2833 2832 2923 
2916 2832 2807 2922 2832 2916 2924 2831 2835 
2924 2925 2831 2919 2831 2926 2926 2831 2925 
2919 2926 2921 2835 2837 2924 2838 2927 2928 
2839 2838 2928 2923 2838 2833 2927 2838 2923 
2929 2930 2931 2929 2932 2933 2931 2932 2929 
2933 2934 2935 2932 2934 2933 2935 2936 2937 
2934 2936 2935 2925 2937 2936 2924 2937 2925 
2924 2841 2937 2924 2840 2841 2837 2840 2924 
2842 2938 2843 2842 2939 2938 2842 2839 2939 
2839 2928 2939 2940 2941 2942 2940 2943 2944 
2942 2943 2940 2944 2945 2946 2943 2945 2944 
2946 2947 2948 2945 2947 2946 2948 2846 2845 
2948 2947 2846 2947 2949 2846 2930 2929 2847 
2930 2847 2949 2949 2847 2846 2849 2847 2929 
2933 2849 2929 2851 2849 2933 2935 2851 2933 
2853 2851 2935 2937 2853 2935 2841 2853 2937 
2938 2950 2951 2938 2951 2843 2843 2951 2854 
2939 2950 2938 2952 2953 2954 2952 2857 2856 
2952 2954 2857 2954 2955 2857 2858 2857 2956 
2857 2955 2956 2941 2940 2860 2941 2860 2956 
2956 2860 2858 2861 2860 2940 2944 2861 2940 
2862 2861 2944 2946 2862 2944 2863 2862 2946 
2948 2863 2946 2845 2863 2948 2957 2958 2864 
2957 2864 2951 2951 2864 2854 2957 2959 2958 
2960 2961 2962 2953 2960 2962 2952 2960 2953 
2952 2865 2960 2952 2866 2865 2856 2866 2952 
2864 2958 2867 2958 2959 2963 2958 2963 2867 
2867 2963 2868 2870 2868 2964 2868 2963 2964 
2872 2965 2966 2872 2870 2965 2870 2964 2965 
2966 2967 2968 2965 2967 2966 2968 2969 2970 
2967 2969 2968 2970 2971 2972 2969 2971 2970 
2972 2875 2874 2972 2971 2875 2971 2973 2875 
2876 2875 2974 2875 2973 2974 2878 2876 2975 
2876 2974 2975 2961 2960 2879 2961 2879 2975 
2975 2879 2878 2865 2879 2960 2872 2966 2880 
2881 2880 2966 2968 2881 2966 2882 2881 2968 
2970 2882 2968 2883 2882 2970 2972 2883 2970 
2874 2883 2972 2976 2977 2978 2976 2979 2980 
2977 2976 2980 2979 2981 2982 2980 2979 2982 
2981 2983 2984 2982 2981 2984 2983 2985 2986 
2984 2983 2986 2985 2987 2988 2986 2985 2988 
2987 2989 2990 2988 2987 2990 2989 2991 2992 
2990 2989 2992 2991 2993 2994 2992 2991 2994 
2994 2993 2995 2996 2997 2998 2996 2999 3000 
2997 2996 3000 2999 3001 3002 3000 2999 3002 
3001 3003 3004 3002 3001 3004 3003 3005 3006 
3004 3003 3006 3005 3007 3008 3006 3005 3008 
3008 3007 3009 2885 3010 3011 2886 2885 3011 
2978 2887 2976 2978 3010 2887 3010 2885 2887 
2888 2976 2887 2979 2976 2888 2890 2979 2888 
2981 2979 2890 2892 2981 2890 2983 2981 2892 
2894 2983 2892 2985 2983 2894 2896 2985 2894 
2987 2985 2896 2898 2987 2896 2989 2987 2898 
2900 2989 2898 2991 2989 2900 2902 2991 2900 
2993 2991 2902 2993 3012 2995 2993 2902 3012 
2902 2904 3012 2998 2905 2996 2998 3012 2905 
3012 2904 2905 2906 2996 2905 2999 2996 2906 
2907 2999 2906 3001 2999 2907 2909 3001 2907 
3003 3001 2909 2911 3003 2909 3005 3003 2911 
2913 3005 2911 3007 3005 2913 2914 3013 3014 
2913 2914 3014 2913 3014 3009 2913 3009 3007 
3013 3015 3016 3014 3013 3016 3015 3017 3018 
3016 3015 3018 3017 3019 3020 3018 3017 3020 
3020 3019 3021 3022 3023 3024 3022 2916 2915 
3022 2915 3023 3023 2915 3025 3011 2915 2886 
3025 2915 3011 2914 2917 3013 2918 3013 2917 
3015 3013 2918 2920 3015 2918 3017 3015 2920 
2921 3017 2920 2921 3026 3017 3026 3019 3017 
3027 3021 3019 3026 3027 3019 2922 3022 3024 
2922 3024 2923 2923 3024 3028 2916 3022 2922 
3029 3030 3031 3029 3032 3033 3031 3032 3029 
3033 3034 3035 3032 3034 3033 3035 2926 2925 
3035 3034 2926 3034 3036 2926 3026 2921 2926 
3026 2926 3037 3037 2926 3036 3027 3026 3037 
2927 3038 3039 2928 2927 3039 3028 2927 2923 
3038 2927 3028 3040 3041 3042 3040 3043 3044 
3042 3043 3040 3044 2931 2930 3044 3043 2931 
3043 3045 2931 3030 3029 2932 3030 2932 3045 
3045 2932 2931 2934 2932 3029 3033 2934 3029 
2936 2934 3033 3035 2936 3033 2925 2936 3035 
2928 3039 2939 3039 3046 2939 3047 3048 3049 
3047 2942 2941 3047 3049 2942 3049 3050 2942 
2943 2942 3051 2942 3050 3051 2945 2943 3052 
2943 3051 3052 3041 3040 2947 3041 2947 3052 
3052 2947 2945 2949 2947 3040 3044 2949 3040 
2930 2949 3044 2950 3053 2951 2950 3054 3053 
2950 2939 3054 2939 3046 3054 2954 3055 3056 
2953 3055 2954 2955 2954 3057 2954 3056 3057 
3048 3047 2956 3048 2956 3057 3057 2956 2955 
2941 2956 3047 2951 3053 2957 2959 3058 3059 
2957 3058 2959 2957 3054 3058 2957 3053 3054 
3058 3060 3059 3061 3062 3063 3061 2962 2961 
3061 3063 2962 3063 3064 2962 3055 2953 2962 
3064 3055 2962 2959 3059 2963 3059 3060 3065 
3059 3065 2963 2963 3065 2964 2965 2964 3066 
2964 3065 3066 2967 2965 3067 2965 3066 3067 
2969 2967 3068 2967 3067 3068 2971 2969 3069 
2969 3068 3069 2973 2971 3070 2971 3069 3070 
2974 2973 3071 2973 3070 3071 3062 3061 2975 
3062 2975 3071 3071 2975 2974 2961 2975 3061 
3072 3073 3074 3072 3075 3076 3073 3072 3076 
3075 3077 3078 3076 3075 3078 3077 3079 3080 
3078 3077 3080 3079 3081 3082 3080 3079 3082 
3081 3083 3084 3082 3081 3084 3083 3085 3086 
3084 3083 3086 3085 3087 3088 3086 3085 3088 
3088 3087 3089 3090 3091 3092 3090 3093 3094 
3091 3090 3094 3093 3095 3096 3094 3093 3096 
3095 3097 3098 3096 3095 3098 3097 3099 3100 
3098 3097 3100 3099 3101 3102 3100 3099 3102 
3101 3103 3104 3102 3101 3104 3103 3105 3106 
3104 3103 3106 3105 3107 3108 3106 3105 3108 
3107 3109 3110 3108 3107 3110 3109 3111 3112 
3110 3109 3112 3112 3111 3113 2977 3114 3115 
2978 2977 3115 3074 2980 3072 3074 3114 2980 
3114 2977 2980 2982 3072 2980 3075 3072 2982 
2984 3075 2982 3077 3075 2984 2986 3077 2984 
3079 3077 2986 2988 3079 2986 3081 3079 2988 
2990 3081 2988 3083 3081 2990 2992 3083 2990 
3085 3083 2992 2994 3085 2992 3087 3085 2994 
2995 3116 3117 2994 2995 3117 2994 3117 3089 
2994 3089 3087 3092 3117 3116 3090 3092 3116 
3090 3116 2998 3090 2998 2997 3000 3090 2997 
3093 3090 3000 3002 3093 3000 3095 3093 3002 
3004 3095 3002 3097 3095 3004 3006 3097 3004 
3099 3097 3006 3008 3099 3006 3101 3099 3008 
3009 3101 3008 3009 3118 3101 3118 3103 3101 
3105 3103 3119 3119 3103 3118 3107 3105 3120 
3120 3105 3119 3109 3107 3121 3121 3107 3120 
3111 3109 3122 3122 3109 3121 3123 3113 3111 
3122 3123 3111 3010 3124 3125 3011 3010 3125 
3115 3010 2978 3124 3010 3115 2995 3012 3116 
2998 3116 3012 3009 3014 3118 3016 3118 3014 
3119 3118 3016 3018 3119 3016 3120 3119 3018 
3020 3120 3018 3121 3120 3020 3021 3121 3020 
3021 3126 3121 3126 3122 3121 3127 3123 3122 
3126 3127 3122 3023 3128 3024 3129 3128 3023 
3129 3023 3130 3130 3023 3025 3125 3025 3011 
3130 3025 3125 3131 3132 3133 3131 3134 3135 
3133 3134 3131 3135 3136 3137 3134 3136 3135 
3136 3138 3137 3126 3139 3140 3126 3021 3139 
3021 3027 3139 3127 3126 3140 3128 3141 3142 
3128 3142 3024 3024 3142 3028 3129 3141 3128 
3143 3144 3145 3143 3146 3147 3145 3146 3143 
3147 3031 3030 3147 3146 3031 3146 3148 3031 
3132 3131 3032 3132 3032 3148 3148 3032 3031 
3034 3032 3131 3135 3034 3131 3036 3034 3135 
3137 3036 3135 3137 3138 3149 3137 3149 3036 
3036 3149 3037 3139 3027 3037 3149 3139 3037 
3038 3150 3151 3039 3038 3151 3142 3038 3028 
3150 3038 3142 3152 3153 3154 3152 3155 3156 
3154 3155 3152 3156 3157 3158 3155 3157 3156 
3158 3042 3041 3158 3157 3042 3157 3159 3042 
3144 3143 3043 3144 3043 3159 3159 3043 3042 
3045 3043 3143 3147 3045 3143 3030 3045 3147 
3039 3151 3046 3151 3160 3046 3161 3162 3163 
3161 3049 3048 3161 3163 3049 3163 3164 3049 
3153 3152 3050 3153 3050 3164 3164 3050 3049 
3051 3050 3152 3156 3051 3152 3052 3051 3156 
3158 3052 3156 3041 3052 3158 3165 3166 3054 
3165 3054 3160 3160 3054 3046 3165 3167 3166 
3168 3169 3170 3168 3056 3055 3168 3170 3056 
3170 3171 3056 3162 3161 3057 3162 3057 3171 
3171 3057 3056 3048 3057 3161 3054 3166 3058 
3060 3172 3173 3058 3172 3060 3058 3167 3172 
3058 3166 3167 3173 3174 3175 3172 3174 3173 
3175 3176 3177 3174 3176 3175 3177 3178 3179 
3176 3178 3177 3179 3180 3181 3178 3180 3179 
3181 3182 3183 3180 3182 3181 3183 3184 3185 
3182 3184 3183 3185 3063 3062 3185 3184 3063 
3184 3186 3063 3169 3168 3064 3169 3064 3186 
3186 3064 3063 3055 3064 3168 3060 3173 3065 
3066 3065 3173 3175 3066 3173 3067 3066 3175 
3177 3067 3175 3068 3067 3177 3179 3068 3177 
3069 3068 3179 3181 3069 3179 3070 3069 3181 
3183 3070 3181 3071 3070 3183 3185 3071 3183 
3062 3071 3185 3187 3188 3189 3187 3190 3191 
3188 3187 3191 3190 3192 3193 3191 3190 3193 
3192 3194 3195 3193 3192 3195 3195 3194 3196 
3197 3198 3199 3189 3198 3197 3189 3197 3187 
3187 3197 3200 3190 3187 3201 3201 3187 3200 
3192 3190 3202 3202 3190 3201 3194 3192 3203 
3203 3192 3202 3204 3196 3194 3203 3204 3194 
3205 3206 3207 3205 3208 3209 3206 3205 3209 
3209 3208 3210 3211 3212 3213 3211 3214 3215 
3212 3211 3215 3199 3215 3214 3199 3214 3197 
3197 3214 3216 3200 3197 3217 3217 3197 3216 
3201 3200 3218 3218 3200 3217 3202 3201 3219 
3219 3201 3218 3203 3202 3220 3220 3202 3219 
3221 3204 3203 3220 3221 3203 3205 3207 3222 
3208 3205 3222 3223 3208 3222 3210 3208 3223 
3224 3225 3226 3224 3227 3228 3225 3224 3228 
3213 3228 3227 3213 3227 3211 3211 3227 3229 
3214 3211 3230 3230 3211 3229 3216 3214 3231 
3231 3214 3230 3217 3216 3232 3232 3216 3231 
3218 3217 3233 3233 3217 3232 3219 3218 3234 
3234 3218 3233 3220 3219 3235 3235 3219 3234 
3236 3221 3220 3236 3220 3237 3237 3220 3235 
3237 3238 3239 3236 3237 3239 3238 3240 3241 
3239 3238 3241 3241 3240 3242 3243 3244 3245 
3243 3246 3247 3244 3243 3247 3246 3248 3249 
3247 3246 3249 3248 3250 3251 3249 3248 3251 
3250 3252 3253 3251 3250 3253 3252 3254 3255 
3253 3252 3255 3254 3256 3257 3255 3254 3257 
3256 3258 3259 3257 3256 3259 3258 3260 3261 
3259 3258 3261 3260 3262 3263 3261 3260 3263 
3226 3263 3262 3226 3262 3224 3224 3262 3264 
3227 3224 3265 3265 3224 3264 3229 3227 3266 
3266 3227 3265 3230 3229 3267 3267 3229 3266 
3231 3230 3268 3268 3230 3267 3232 3231 3269 
3269 3231 3268 3233 3232 3270 3270 3232 3269 
3234 3233 3271 3271 3233 3270 3235 3234 3272 
3272 3234 3271 3237 3235 3273 3273 3235 3272 
3238 3237 3274 3274 3237 3273 3275 3276 3240 
3275 3240 3274 3274 3240 3238 3242 3240 3276 
3073 3277 3278 3074 3073 3278 3245 3076 3243 
3245 3277 3076 3277 3073 3076 3078 3243 3076 
3246 3243 3078 3080 3246 3078 3248 3246 3080 
3082 3248 3080 3250 3248 3082 3084 3250 3082 
3252 3250 3084 3086 3252 3084 3254 3252 3086 
3088 3254 3086 3256 3254 3088 3089 3256 3088 
3089 3279 3256 3279 3258 3256 3091 3279 3092 
3091 3260 3279 3260 3258 3279 3094 3260 3091 
3262 3260 3094 3096 3262 3094 3264 3262 3096 
3098 3264 3096 3265 3264 3098 3100 3265 3098 
3266 3265 3100 3102 3266 3100 3267 3266 3102 
3104 3267 3102 3268 3267 3104 3106 3268 3104 
3269 3268 3106 3108 3269 3106 3270 3269 3108 
3110 3270 3108 3271 3270 3110 3112 3271 3110 
3272 3271 3112 3113 3272 3112 3113 3280 3272 
3280 3273 3272 3274 3273 3281 3281 3273 3280 
3282 3275 3274 3281 3282 3274 3114 3283 3115 
3114 3284 3283 3114 3074 3284 3074 3278 3284 
3089 3117 3279 3092 3279 3117 3280 3123 3285 
3113 3123 3280 3286 3287 3281 3286 3281 3285 
3285 3281 3280 3282 3281 3287 3124 3288 3125 
3124 3289 3288 3115 3289 3124 3115 3290 3289 
3115 3283 3290 3284 3290 3283 3291 3292 3293 
3291 3294 3295 3293 3294 3291 3295 3296 3297 
3294 3296 3295 3296 3298 3297 3285 3299 3300 
3285 3123 3299 3123 3127 3299 3286 3285 3300 
3130 3301 3302 3129 3130 3302 3288 3130 3125 
3288 3303 3130 3303 3301 3130 3289 3303 3288 
3304 3305 3306 3304 3307 3308 3306 3307 3304 
3308 3133 3132 3308 3307 3133 3307 3309 3133 
3292 3291 3134 3292 3134 3309 3309 3134 3133 
3136 3134 3291 3295 3136 3291 3138 3136 3295 
3138 3295 3310 3310 3295 3297 3139 3311 3140 
3139 3297 3311 3139 3310 3297 3298 3311 3297 
3299 3127 3140 3311 3299 3140 3141 3312 3313 
3142 3141 3313 3302 3141 3129 3312 3141 3302 
3314 3315 3316 3314 3145 3144 3314 3316 3145 
3316 3317 3145 3305 3304 3146 3305 3146 3317 
3317 3146 3145 3148 3146 3304 3308 3148 3304 
3132 3148 3308 3138 3310 3149 3139 3149 3310 
3150 3318 3319 3151 3150 3319 3313 3150 3142 
3318 3150 3313 3320 3321 3322 3320 3154 3153 
3320 3322 3154 3322 3323 3154 3155 3154 3324 
3154 3323 3324 3157 3155 3325 3155 3324 3325 
3315 3314 3159 3315 3159 3325 3325 3159 3157 
3144 3159 3314 3151 3319 3160 3319 3326 3160 
3327 3328 3329 3327 3163 3162 3327 3329 3163 
3329 3330 3163 3321 3320 3164 3321 3164 3330 
3330 3164 3163 3153 3164 3320 3160 3326 3331 
3165 3160 3331 3167 3332 3333 3167 3165 3332 
3165 3331 3332 3333 3334 3335 3332 3334 3333 
3335 3336 3337 3334 3336 3335 3336 3338 3337 
3339 3340 3341 3339 3342 3343 3341 3342 3339 
3343 3344 3345 3342 3344 3343 3345 3346 3347 
3344 3346 3345 3347 3170 3169 3347 3346 3170 
3346 3348 3170 3328 3327 3171 3328 3171 3348 
3348 3171 3170 3162 3171 3327 3167 3333 3172 
3174 3172 3333 3335 3174 3333 3176 3174 3335 
3337 3176 3335 3337 3338 3349 3337 3349 3176 
3176 3349 3178 3340 3339 3180 3340 3180 3349 
3349 3180 3178 3182 3180 3339 3343 3182 3339 
3184 3182 3343 3345 3184 3343 3186 3184 3345 
3347 3186 3345 3169 3186 3347 3350 3351 3352 
3351 3350 3353 3354 3355 3356 3354 3357 3358 
3355 3354 3358 3352 3358 3357 3352 3357 3350 
3350 3357 3359 3360 3353 3350 3360 3350 3361 
3361 3350 3359 3361 3362 3363 3360 3361 3363 
3362 3364 3365 3363 3362 3365 3364 3366 3367 
3365 3364 3367 3366 3368 3369 3367 3366 3369 
3369 3368 3370 3371 3372 3373 3356 3372 3371 
3356 3371 3354 3354 3371 3374 3357 3354 3375 
3375 3354 3374 3359 3357 3376 3376 3357 3375 
3361 3359 3377 3377 3359 3376 3362 3361 3378 
3378 3361 3377 3364 3362 3379 3379 3362 3378 
3366 3364 3380 3380 3364 3379 3368 3366 3381 
3381 3366 3380 3382 3370 3368 3382 3368 3383 
3383 3368 3381 3383 3384 3385 3382 3383 3385 
3384 3386 3387 3385 3384 3387 3386 3388 3389 
3387 3386 3389 3389 3388 3390 3391 3392 3393 
3373 3392 3391 3373 3391 3371 3371 3391 3394 
3374 3371 3395 3395 3371 3394 3375 3374 3396 
3396 3374 3395 3376 3375 3397 3397 3375 3396 
3377 3376 3398 3398 3376 3397 3378 3377 3399 
3399 3377 3398 3379 3378 3400 3400 3378 3399 
3188 3400 3189 3188 3380 3400 3380 3379 3400 
3191 3380 3188 3381 3380 3191 3193 3381 3191 
3383 3381 3193 3195 3383 3193 3384 3383 3195 
3196 3384 3195 3196 3401 3384 3401 3386 3384 
3388 3386 3402 3402 3386 3401 3403 3390 3388 
3403 3388 3404 3404 3388 3402 3404 3405 3406 
3403 3404 3406 3406 3405 3407 3408 3391 3393 
3409 3408 3393 3394 3391 3410 3410 3391 3408 
3395 3394 3411 3411 3394 3410 3396 3395 3412 
3412 3395 3411 3397 3396 3413 3413 3396 3412 
3398 3397 3414 3414 3397 3413 3399 3398 3415 
3415 3398 3414 3198 3415 3199 3198 3400 3415 
3400 3399 3415 3189 3400 3198 3401 3204 3416 
3196 3204 3401 3402 3401 3417 3417 3401 3416 
3206 3417 3207 3206 3404 3417 3404 3402 3417 
3209 3404 3206 3405 3404 3209 3405 3209 3210 
3405 3210 3407 3407 3210 3418 3419 3420 3421 
3419 3422 3423 3420 3419 3423 3422 3424 3425 
3423 3422 3425 3409 3425 3424 3409 3424 3408 
3408 3424 3426 3410 3408 3427 3427 3408 3426 
3411 3410 3428 3428 3410 3427 3412 3411 3429 
3429 3411 3428 3413 3412 3430 3430 3412 3429 
3212 3430 3213 3212 3414 3430 3414 3413 3430 
3215 3414 3212 3415 3414 3215 3199 3415 3215 
3416 3221 3431 3204 3221 3416 3417 3416 3432 
3432 3416 3431 3207 3433 3222 3207 3417 3433 
3417 3432 3433 3222 3434 3223 3433 3434 3222 
3223 3434 3435 3223 3435 3210 3210 3435 3418 
3436 3437 3438 3436 3439 3440 3437 3436 3440 
3439 3441 3442 3440 3439 3442 3421 3442 3441 
3421 3441 3419 3419 3441 3443 3422 3419 3444 
3444 3419 3443 3424 3422 3445 3445 3422 3444 
3426 3424 3446 3446 3424 3445 3427 3426 3447 
3447 3426 3446 3428 3427 3448 3448 3427 3447 
3225 3448 3226 3225 3429 3448 3429 3428 3448 
3228 3429 3225 3430 3429 3228 3213 3430 3228 
3221 3236 3431 3239 3431 3236 3432 3431 3239 
3241 3432 3239 3433 3432 3241 3449 3434 3433 
3449 3433 3242 3449 3242 3450 3241 3242 3433 
3435 3434 3449 3244 3451 3452 3245 3244 3452 
3438 3247 3436 3438 3451 3247 3451 3244 3247 
3249 3436 3247 3439 3436 3249 3251 3439 3249 
3441 3439 3251 3253 3441 3251 3443 3441 3253 
3255 3443 3253 3444 3443 3255 3257 3444 3255 
3445 3444 3257 3259 3445 3257 3446 3445 3259 
3261 3446 3259 3447 3446 3261 3263 3447 3261 
3448 3447 3263 3226 3448 3263 3276 3453 3454 
3275 3453 3276 3450 3242 3276 3454 3450 3276 
3277 3455 3456 3278 3277 3456 3452 3277 3245 
3455 3277 3452 3457 3458 3459 3457 3459 3453 
3457 3453 3282 3282 3453 3275 3278 3456 3284 
3456 3460 3284 3461 3462 3463 3461 3464 3465 
3463 3464 3461 3465 3466 3467 3464 3466 3465 
3467 3468 3469 3466 3468 3467 3458 3469 3468 
3457 3469 3458 3457 3286 3469 3457 3287 3286 
3282 3287 3457 3290 3470 3471 3289 3290 3471 
3460 3290 3284 3470 3290 3460 3472 3473 3474 
3472 3475 3476 3474 3475 3472 3476 3477 3478 
3475 3477 3476 3478 3293 3292 3478 3477 3293 
3477 3479 3293 3462 3461 3294 3462 3294 3479 
3479 3294 3293 3296 3294 3461 3465 3296 3461 
3298 3296 3465 3298 3465 3480 3480 3465 3467 
3300 3299 3480 3300 3480 3469 3469 3480 3467 
3286 3300 3469 3301 3481 3482 3302 3301 3482 
3303 3483 3301 3301 3483 3481 3471 3303 3289 
3483 3303 3471 3484 3485 3486 3473 3484 3486 
3472 3484 3473 3472 3305 3484 3472 3306 3305 
3307 3306 3472 3476 3307 3472 3309 3307 3476 
3478 3309 3476 3292 3309 3478 3298 3480 3311 
3299 3311 3480 3312 3487 3488 3313 3312 3488 
3482 3312 3302 3487 3312 3482 3489 3490 3491 
3489 3492 3493 3491 3492 3489 3493 3316 3315 
3493 3492 3316 3492 3494 3316 3485 3484 3317 
3485 3317 3494 3494 3317 3316 3305 3317 3484 
3318 3495 3319 3318 3496 3495 3318 3313 3496 
3313 3488 3496 3497 3498 3499 3497 3322 3321 
3497 3499 3322 3499 3500 3322 3323 3322 3501 
3322 3500 3501 3490 3489 3324 3490 3324 3501 
3501 3324 3323 3325 3324 3489 3493 3325 3489 
3315 3325 3493 3495 3502 3326 3319 3495 3326 
3503 3495 3496 3503 3504 3495 3504 3502 3495 
3503 3505 3504 3506 3507 3508 3506 3329 3328 
3506 3508 3329 3508 3509 3329 3498 3497 3330 
3498 3330 3509 3509 3330 3329 3321 3330 3497 
3326 3502 3331 3332 3331 3502 3504 3332 3502 
3504 3505 3510 3504 3510 3332 3332 3510 3334 
3336 3334 3511 3334 3510 3511 3338 3512 3513 
3338 3336 3512 3336 3511 3512 3513 3341 3340 
3513 3512 3341 3512 3514 3341 3342 3341 3515 
3341 3514 3515 3344 3342 3516 3342 3515 3516 
3346 3344 3517 3344 3516 3517 3507 3506 3348 
3507 3348 3517 3517 3348 3346 3328 3348 3506 
3338 3513 3349 3340 3349 3513 3518 3519 3520 
3518 3521 3522 3519 3518 3522 3521 3352 3351 
3521 3351 3522 3522 3351 3523 3353 3524 3525 
3353 3525 3351 3351 3525 3523 3525 3524 3526 
3527 3528 3529 3520 3528 3527 3518 3520 3527 
3518 3527 3356 3518 3356 3355 3358 3518 3355 
3521 3518 3358 3352 3521 3358 3353 3360 3524 
3524 3530 3526 3524 3360 3530 3360 3363 3530 
3365 3531 3363 3363 3531 3530 3367 3532 3365 
3365 3532 3531 3369 3533 3367 3367 3533 3532 
3370 3534 3535 3370 3535 3369 3369 3535 3533 
3535 3534 3536 3537 3538 3539 3529 3538 3537 
3527 3529 3537 3527 3537 3373 3527 3373 3372 
3356 3527 3372 3370 3382 3534 3534 3540 3536 
3534 3382 3540 3382 3385 3540 3387 3541 3385 
3385 3541 3540 3389 3542 3387 3387 3542 3541 
3390 3543 3544 3390 3544 3389 3389 3544 3542 
3543 3545 3546 3544 3543 3546 3546 3545 3547 
3548 3549 3550 3548 3551 3552 3549 3548 3552 
3539 3552 3551 3537 3539 3551 3537 3551 3393 
3537 3393 3392 3373 3537 3392 3390 3403 3543 
3406 3543 3403 3545 3543 3406 3545 3406 3407 
3545 3407 3547 3547 3407 3553 3554 3555 3556 
3554 3557 3558 3555 3554 3558 3550 3558 3557 
3550 3557 3548 3548 3557 3559 3551 3548 3560 
3560 3548 3559 3393 3560 3409 3551 3560 3393 
3407 3418 3553 3553 3418 3561 3562 3563 3564 
3556 3563 3562 3556 3562 3554 3554 3562 3565 
3420 3565 3421 3420 3557 3565 3557 3554 3565 
3423 3557 3420 3559 3557 3423 3425 3559 3423 
3560 3559 3425 3409 3560 3425 3418 3435 3561 
3561 3435 3566 3437 3567 3568 3438 3437 3568 
3564 3440 3562 3564 3567 3440 3567 3437 3440 
3442 3562 3440 3565 3562 3442 3421 3565 3442 
3569 3570 3571 3569 3572 3573 3571 3572 3569 
3573 3574 3575 3572 3574 3573 3575 3449 3450 
3575 3574 3449 3574 3576 3449 3566 3435 3449 
3576 3566 3449 3451 3577 3578 3452 3451 3578 
3568 3451 3438 3577 3451 3568 3579 3580 3581 
3570 3579 3581 3570 3569 3579 3569 3582 3579 
3573 3583 3569 3583 3582 3569 3454 3453 3583 
3454 3583 3575 3575 3583 3573 3450 3454 3575 
3455 3584 3585 3456 3455 3585 3578 3455 3452 
3584 3455 3578 3586 3587 3588 3586 3589 3590 
3588 3589 3586 3590 3591 3592 3589 3591 3590 
3580 3592 3591 3580 3579 3592 3579 3593 3592 
3582 3594 3579 3594 3593 3579 3459 3458 3594 
3459 3594 3583 3583 3594 3582 3453 3459 3583 
3456 3585 3460 3585 3595 3460 3596 3597 3598 
3596 3599 3600 3598 3599 3596 3587 3600 3599 
3587 3586 3600 3586 3601 3600 3463 3462 3601 
3463 3601 3590 3590 3601 3586 3464 3463 3590 
3592 3464 3590 3466 3464 3592 3593 3466 3592 
3468 3466 3593 3594 3468 3593 3458 3468 3594 
3470 3602 3603 3471 3470 3603 3595 3470 3460 
3602 3470 3595 3604 3605 3606 3604 3474 3473 
3604 3606 3474 3606 3607 3474 3597 3596 3475 
3597 3475 3607 3607 3475 3474 3477 3475 3596 
3600 3477 3596 3479 3477 3600 3601 3479 3600 
3462 3479 3601 3481 3608 3482 3609 3608 3481 
3609 3481 3610 3610 3481 3483 3603 3483 3471 
3610 3483 3603 3611 3612 3613 3611 3614 3615 
3613 3614 3611 3605 3615 3614 3604 3615 3605 
3604 3485 3615 3604 3486 3485 3473 3486 3604 
3487 3616 3488 3487 3482 3608 3487 3608 3616 
3616 3608 3617 3618 3608 3609 3617 3608 3618 
3619 3620 3621 3619 3622 3623 3621 3622 3619 
3623 3491 3490 3623 3622 3491 3622 3624 3491 
3612 3611 3492 3612 3492 3624 3624 3492 3491 
3494 3492 3611 3615 3494 3611 3485 3494 3615 
3616 3625 3496 3488 3616 3496 3617 3626 3616 
3626 3625 3616 3627 3617 3618 3626 3617 3627 
3499 3628 3629 3498 3628 3499 3620 3619 3500 
3620 3500 3629 3629 3500 3499 3501 3500 3619 
3623 3501 3619 3490 3501 3623 3496 3625 3503 
3505 3503 3625 3505 3625 3630 3630 3625 3626 
3631 3626 3627 3631 3632 3626 3632 3630 3626 
3632 3633 3634 3631 3633 3632 3634 3635 3636 
3633 3635 3634 3636 3637 3638 3635 3637 3636 
3638 3639 3640 3637 3639 3638 3640 3641 3642 
3639 3641 3640 3642 3508 3507 3642 3641 3508 
3641 3643 3508 3509 3508 3644 3508 3643 3644 
3628 3498 3509 3644 3628 3509 3505 3630 3510 
3511 3510 3630 3632 3511 3630 3512 3511 3632 
3634 3512 3632 3514 3512 3634 3636 3514 3634 
3515 3514 3636 3638 3515 3636 3516 3515 3638 
3640 3516 3638 3517 3516 3640 3642 3517 3640 
3507 3517 3642 3519 3645 3646 3520 3519 3646 
3522 3647 3519 3519 3647 3645 3523 3648 3522 
3522 3648 3647 3649 3650 3648 3649 3648 3525 
3525 3648 3523 3525 3526 3649 3651 3652 3653 
3651 3529 3528 3651 3528 3652 3652 3528 3654 
3646 3528 3520 3654 3528 3646 3649 3655 3650 
3526 3655 3649 3526 3530 3655 3530 3656 3655 
3657 3658 3656 3657 3656 3531 3531 3656 3530 
3531 3532 3659 3657 3531 3659 3532 3533 3660 
3659 3532 3660 3533 3535 3661 3660 3533 3661 
3535 3536 3661 3662 3663 3664 3662 3665 3666 
3663 3662 3666 3665 3667 3668 3666 3665 3668 
3653 3668 3667 3651 3653 3667 3651 3667 3539 
3651 3539 3538 3529 3651 3538 3657 3669 3658 
3659 3669 3657 3670 3669 3659 3660 3670 3659 
3671 3670 3660 3661 3671 3660 3672 3671 3661 
3536 3672 3661 3536 3540 3672 3540 3673 3672 
3541 3674 3540 3540 3674 3673 3542 3675 3541 
3541 3675 3674 3544 3676 3542 3542 3676 3675 
3677 3678 3676 3677 3676 3546 3546 3676 3544 
3546 3547 3677 3679 3680 3681 3664 3680 3679 
3664 3679 3662 3662 3679 3682 3549 3682 3550 
3549 3665 3682 3665 3662 3682 3552 3665 3549 
3667 3665 3552 3539 3667 3552 3683 3678 3677 
3684 3678 3683 3547 3553 3683 3677 3547 3683 
3685 3686 3687 3681 3686 3685 3679 3681 3685 
3679 3685 3556 3679 3556 3555 3558 3679 3555 
3682 3679 3558 3550 3682 3558 3688 3689 3690 
3684 3688 3690 3684 3683 3688 3683 3691 3688 
3553 3561 3691 3683 3553 3691 3563 3685 3687 
3563 3687 3564 3564 3687 3692 3556 3685 3563 
3693 3694 3695 3693 3696 3697 3695 3696 3693 
3689 3697 3696 3689 3688 3697 3688 3698 3697 
3691 3699 3688 3699 3698 3688 3561 3566 3699 
3691 3561 3699 3567 3700 3701 3568 3567 3701 
3692 3567 3564 3700 3567 3692 3702 3703 3704 
3702 3705 3706 3704 3705 3702 3706 3707 3708 
3705 3707 3706 3708 3709 3710 3707 3709 3708 
3710 3711 3712 3709 3711 3710 3694 3712 3711 
3693 3712 3694 3693 3570 3712 3693 3571 3570 
3572 3571 3693 3697 3572 3693 3574 3572 3697 
3698 3574 3697 3576 3574 3698 3699 3576 3698 
3566 3576 3699 3577 3713 3714 3578 3577 3714 
3701 3577 3568 3713 3577 3701 3715 3716 3717 
3703 3715 3717 3703 3702 3715 3702 3718 3715 
3706 3719 3702 3719 3718 3702 3708 3720 3706 
3720 3719 3706 3710 3721 3708 3721 3720 3708 
3581 3580 3721 3581 3721 3712 3712 3721 3710 
3570 3581 3712 3584 3722 3585 3584 3723 3722 
3584 3578 3723 3578 3714 3723 3724 3716 3715 
3725 3716 3724 3718 3726 3715 3726 3724 3715 
3588 3587 3726 3588 3726 3719 3719 3726 3718 
3589 3588 3719 3720 3589 3719 3591 3589 3720 
3721 3591 3720 3580 3591 3721 3722 3727 3728 
3722 3728 3585 3585 3728 3595 3723 3727 3722 
3729 3730 3731 3729 3732 3733 3731 3732 3729 
3725 3733 3732 3724 3733 3725 3724 3597 3733 
3724 3598 3597 3599 3598 3724 3726 3599 3724 
3587 3599 3726 3602 3734 3735 3603 3602 3735 
3728 3602 3595 3734 3602 3728 3736 3737 3738 
3730 3736 3738 3729 3736 3730 3729 3605 3736 
3729 3606 3605 3607 3606 3729 3733 3607 3729 
3597 3607 3733 3610 3739 3609 3610 3740 3739 
3610 3603 3740 3603 3735 3740 3741 3742 3743 
3741 3613 3612 3741 3743 3613 3743 3744 3613 
3737 3736 3614 3737 3614 3744 3744 3614 3613 
3605 3614 3736 3739 3745 3618 3609 3739 3618 
3746 3739 3740 3745 3739 3746 3747 3748 3749 
3747 3621 3620 3747 3749 3621 3749 3750 3621 
3622 3621 3751 3621 3750 3751 3742 3741 3624 
3742 3624 3751 3751 3624 3622 3612 3624 3741 
3745 3752 3627 3618 3745 3627 3753 3745 3746 
3753 3754 3745 3754 3752 3745 3753 3755 3754 
3756 3757 3758 3748 3756 3758 3747 3756 3748 
3747 3628 3756 3747 3629 3628 3620 3629 3747 
3627 3752 3631 3633 3631 3752 3754 3633 3752 
3754 3755 3759 3754 3759 3633 3633 3759 3635 
3637 3635 3760 3635 3759 3760 3639 3637 3761 
3637 3760 3761 3641 3639 3762 3639 3761 3762 
3643 3641 3763 3641 3762 3763 3757 3756 3644 
3757 3644 3763 3763 3644 3643 3628 3644 3756 
3764 3765 3766 3764 3767 3768 3765 3764 3768 
3767 3769 3770 3768 3767 3770 3769 3646 3645 
3769 3645 3770 3770 3645 3771 3647 3772 3645 
3645 3772 3771 3773 3774 3772 3773 3772 3648 
3648 3772 3647 3648 3650 3773 3775 3776 3777 
3766 3776 3775 3766 3775 3764 3764 3775 3778 
3652 3778 3653 3652 3767 3778 3767 3764 3778 
3654 3767 3652 3769 3767 3654 3646 3769 3654 
3773 3779 3774 3650 3779 3773 3650 3655 3779 
3655 3780 3779 3781 3782 3780 3781 3780 3656 
3656 3780 3655 3656 3658 3781 3663 3783 3784 
3664 3663 3784 3777 3666 3775 3777 3783 3666 
3783 3663 3666 3668 3775 3666 3778 3775 3668 
3653 3778 3668 3781 3785 3782 3786 3787 3785 
3669 3786 3785 3669 3785 3781 3669 3781 3658 
3669 3670 3788 3786 3669 3788 3670 3671 3789 
3788 3670 3789 3671 3672 3790 3789 3671 3790 
3672 3673 3791 3790 3672 3791 3673 3674 3792 
3791 3673 3792 3674 3675 3793 3792 3674 3793 
3675 3676 3794 3793 3675 3794 3676 3678 3794 
3680 3795 3796 3681 3680 3796 3784 3680 3664 
3795 3680 3784 3786 3797 3787 3797 3798 3799 
3797 3786 3798 3786 3788 3798 3789 3800 3788 
3800 3798 3788 3790 3801 3789 3801 3800 3789 
3791 3802 3790 3802 3801 3790 3792 3803 3791 
3803 3802 3791 3793 3804 3792 3804 3803 3792 
3794 3805 3793 3805 3804 3793 3678 3684 3805 
3794 3678 3805 3686 3806 3807 3687 3686 3807 
3796 3686 3681 3806 3686 3796 3808 3799 3798 
3809 3799 3808 3800 3810 3798 3810 3808 3798 
3801 3811 3800 3811 3810 3800 3802 3812 3801 
3812 3811 3801 3803 3813 3802 3813 3812 3802 
3804 3814 3803 3814 3813 3803 3690 3689 3814 
3690 3814 3805 3805 3814 3804 3684 3690 3805 
3815 3816 3817 3815 3807 3816 3815 3692 3807 
3692 3687 3807 3818 3819 3820 3818 3821 3822 
3820 3821 3818 3809 3822 3821 3809 3808 3822 
3808 3823 3822 3810 3824 3808 3824 3823 3808 
3811 3825 3810 3825 3824 3810 3812 3826 3811 
3826 3825 3811 3695 3694 3826 3695 3826 3813 
3813 3826 3812 3696 3695 3813 3814 3696 3813 
3689 3696 3814 3700 3815 3817 3700 3817 3701 
3701 3817 3827 3692 3815 3700 3828 3829 3830 
3819 3828 3830 3819 3818 3828 3818 3831 3828 
3704 3703 3831 3704 3831 3822 3822 3831 3818 
3705 3704 3822 3823 3705 3822 3707 3705 3823 
3824 3707 3823 3709 3707 3824 3825 3709 3824 
3711 3709 3825 3826 3711 3825 3694 3711 3826 
3713 3832 3833 3714 3713 3833 3827 3713 3701 
3832 3713 3827 3834 3835 3836 3829 3834 3836 
3829 3828 3834 3828 3837 3834 3717 3716 3837 
3717 3837 3831 3831 3837 3828 3703 3717 3831 
3714 3833 3723 3833 3838 3723 3839 3835 3834 
3840 3835 3839 3837 3841 3834 3841 3839 3834 
3716 3725 3841 3837 3716 3841 3727 3842 3728 
3727 3843 3842 3727 3723 3843 3723 3838 3843 
3844 3845 3846 3844 3847 3848 3846 3847 3844 
3840 3848 3847 3839 3848 3840 3839 3730 3848 
3839 3731 3730 3732 3731 3839 3841 3732 3839 
3725 3732 3841 3734 3849 3735 3734 3728 3842 
3734 3842 3849 3849 3842 3850 3851 3842 3843 
3850 3842 3851 3852 3853 3854 3845 3852 3854 
3845 3844 3852 3844 3855 3852 3738 3737 3855 
3738 3855 3848 3848 3855 3844 3730 3738 3848 
3849 3856 3740 3735 3849 3740 3857 3850 3858 
3857 3856 3850 3856 3849 3850 3851 3858 3850 
3859 3860 3861 3859 3862 3863 3861 3862 3859 
3853 3863 3862 3852 3863 3853 3852 3742 3863 
3852 3743 3742 3744 3743 3852 3855 3744 3852 
3737 3744 3855 3856 3864 3746 3740 3856 3746 
3865 3856 3857 3864 3856 3865 3866 3867 3868 
3866 3749 3748 3866 3868 3749 3868 3869 3749 
3860 3859 3750 3860 3750 3869 3869 3750 3749 
3751 3750 3859 3863 3751 3859 3742 3751 3863 
3746 3864 3753 3755 3870 3871 3753 3870 3755 
3753 3865 3870 3753 3864 3865 3871 3872 3873 
3870 3872 3871 3873 3874 3875 3872 3874 3873 
3875 3876 3877 3874 3876 3875 3877 3878 3879 
3876 3878 3877 3867 3879 3878 3866 3879 3867 
3866 3757 3879 3866 3758 3757 3748 3758 3866 
3755 3871 3759 3760 3759 3871 3873 3760 3871 
3761 3760 3873 3875 3761 3873 3762 3761 3875 
3877 3762 3875 3763 3762 3877 3879 3763 3877 
3757 3763 3879 3765 3880 3766 3765 3768 3881 
3880 3765 3881 3882 3881 3768 3882 3768 3883 
3883 3768 3770 3771 3884 3770 3770 3884 3883 
3885 3886 3884 3885 3884 3772 3772 3884 3771 
3772 3774 3885 3776 3887 3888 3777 3776 3888 
3880 3776 3766 3880 3889 3776 3889 3887 3776 
3881 3889 3880 3890 3889 3881 3882 3890 3881 
3885 3891 3886 3892 3893 3891 3779 3892 3891 
3779 3891 3885 3779 3885 3774 3779 3780 3894 
3892 3779 3894 3780 3782 3894 3783 3895 3896 
3784 3783 3896 3888 3783 3777 3895 3783 3888 
3892 3897 3893 3897 3898 3899 3897 3892 3898 
3892 3894 3898 3782 3785 3900 3782 3900 3894 
3894 3900 3898 3785 3787 3900 3795 3901 3902 
3796 3795 3902 3896 3795 3784 3901 3795 3896 
3903 3899 3898 3904 3899 3903 3900 3905 3898 
3905 3903 3898 3787 3797 3906 3787 3906 3900 
3900 3906 3905 3797 3799 3906 3806 3907 3908 
3807 3806 3908 3902 3806 3796 3907 3806 3902 
3909 3904 3903 3910 3904 3909 3905 3911 3903 
3911 3909 3903 3906 3912 3905 3912 3911 3905 
3799 3809 3912 3906 3799 3912 3816 3913 3817 
3816 3914 3913 3816 3807 3914 3807 3908 3914 
3915 3916 3917 3910 3915 3917 3910 3909 3915 
3909 3918 3915 3820 3819 3918 3820 3918 3911 
3911 3918 3909 3821 3820 3911 3912 3821 3911 
3809 3821 3912 3913 3919 3920 3913 3920 3817 
3817 3920 3827 3914 3919 3913 3921 3916 3915 
3922 3916 3921 3830 3829 3921 3830 3921 3918 
3918 3921 3915 3819 3830 3918 3832 3923 3833 
3832 3924 3923 3832 3827 3924 3827 3920 3924 
3925 3926 3927 3922 3925 3927 3921 3925 3922 
3921 3835 3925 3921 3836 3835 3829 3836 3921 
3923 3928 3838 3833 3923 3838 3929 3923 3924 
3928 3923 3929 3930 3931 3932 3926 3930 3932 
3926 3925 3930 3925 3933 3930 3835 3840 3933 
3925 3835 3933 3928 3934 3843 3838 3928 3843 
3935 3928 3929 3934 3928 3935 3936 3937 3938 
3931 3936 3938 3930 3936 3931 3930 3845 3936 
3930 3846 3845 3847 3846 3930 3933 3847 3930 
3840 3847 3933 3934 3939 3851 3843 3934 3851 
3940 3934 3935 3939 3934 3940 3941 3942 3943 
3937 3941 3943 3936 3941 3937 3936 3853 3941 
3936 3854 3853 3845 3854 3936 3858 3944 3857 
3858 3945 3944 3851 3945 3858 3851 3946 3945 
3851 3939 3946 3940 3946 3939 3947 3948 3949 
3947 3950 3951 3949 3950 3947 3951 3861 3860 
3951 3950 3861 3950 3952 3861 3942 3941 3862 
3942 3862 3952 3952 3862 3861 3853 3862 3941 
3944 3953 3865 3857 3944 3865 3954 3944 3945 
3954 3955 3944 3955 3953 3944 3955 3956 3957 
3954 3956 3955 3957 3958 3959 3956 3958 3957 
3959 3960 3961 3958 3960 3959 3948 3961 3960 
3947 3961 3948 3947 3867 3961 3947 3868 3867 
3869 3868 3947 3951 3869 3947 3860 3869 3951 
3865 3953 3870 3872 3870 3953 3955 3872 3953 
3874 3872 3955 3957 3874 3955 3876 3874 3957 
3959 3876 3957 3878 3876 3959 3961 3878 3959 
3867 3878 3961 3883 3962 3882 3883 3884 3963 
3962 3883 3963 3884 3886 3963 3887 3964 3888 
3887 3889 3965 3964 3887 3965 3889 3890 3966 
3965 3889 3966 3890 3967 3966 3882 3967 3890 
3882 3968 3967 3882 3962 3968 3963 3968 3962 
3969 3968 3963 3970 3971 3969 3891 3970 3969 
3891 3969 3963 3891 3963 3886 3891 3893 3970 
3895 3972 3896 3895 3973 3972 3888 3973 3895 
3888 3974 3973 3888 3964 3974 3965 3974 3964 
3975 3974 3965 3966 3975 3965 3976 3975 3966 
3967 3976 3966 3977 3971 3970 3978 3971 3977 
3893 3897 3979 3893 3979 3970 3970 3979 3977 
3897 3899 3979 3901 3980 3902 3901 3981 3980 
3896 3981 3901 3896 3982 3981 3896 3972 3982 
3973 3982 3972 3977 3983 3978 3983 3984 3985 
3983 3977 3984 3977 3979 3984 3899 3904 3984 
3979 3899 3984 3907 3986 3908 3907 3987 3986 
3902 3987 3907 3902 3988 3987 3902 3980 3988 
3981 3988 3980 3989 3985 3984 3990 3985 3989 
3904 3910 3989 3984 3904 3989 3986 3991 3914 
3908 3986 3914 3992 3986 3987 3991 3986 3992 
3993 3994 3995 3990 3993 3995 3989 3993 3990 
3989 3916 3993 3989 3917 3916 3910 3917 3989 
3919 3996 3920 3919 3997 3996 3914 3997 3919 
3914 3998 3997 3914 3991 3998 3992 3998 3991 
3999 4000 4001 3994 3999 4001 3994 3993 3999 
3993 4002 3999 3916 3922 4002 3993 3916 4002 
3996 4003 3924 3920 3996 3924 4004 3996 3997 
4003 3996 4004 4005 4006 4007 4000 4005 4007 
4000 3999 4005 3999 4008 4005 3927 3926 4008 
3927 4008 4002 4002 4008 3999 3922 3927 4002 
4003 4009 3929 3924 4003 3929 4010 4003 4004 
4009 4003 4010 4011 4006 4005 4012 4006 4011 
3932 3931 4011 3932 4011 4008 4008 4011 4005 
3926 3932 4008 4009 4013 3935 3929 4009 3935 
4014 4009 4010 4013 4009 4014 4015 4016 4017 
4012 4015 4017 4011 4015 4012 4011 3937 4015 
4011 3938 3937 3931 3938 4011 4013 4018 3940 
3935 4013 3940 4019 4013 4014 4018 4013 4019 
4020 4021 4022 4020 4023 4024 4022 4023 4020 
4016 4024 4023 4015 4024 4016 4015 3942 4024 
4015 3943 3942 3937 3943 4015 3946 4025 3945 
3946 3940 4018 3946 4018 4025 4025 4018 4026 
4027 4018 4019 4027 4028 4018 4028 4026 4018 
4028 4029 4030 4027 4029 4028 4030 3949 3948 
4030 4029 3949 4029 4031 3949 4021 4020 3950 
4021 3950 4031 4031 3950 3949 3952 3950 4020 
4024 3952 4020 3942 3952 4024 3945 4025 3954 
3956 3954 4025 4026 3956 4025 3958 3956 4026 
4028 3958 4026 3960 3958 4028 4030 3960 4028 
3948 3960 4030 3968 4032 3967 3968 3969 4033 
4032 3968 4033 3969 3971 4033 3974 4034 3973 
3974 3975 4035 4034 3974 4035 3975 3976 4036 
4035 3975 4036 3976 4037 4036 3967 4037 3976 
3967 4038 4037 3967 4032 4038 4038 4039 4040 
4038 4032 4039 4032 4033 4039 3971 3978 4039 
4033 3971 4039 3982 4041 3981 3982 3973 4034 
3982 4034 4041 4041 4034 4042 4043 4035 4044 
4043 4042 4035 4042 4034 4035 4036 4044 4035 
4045 4044 4036 4037 4045 4036 4046 4040 4039 
4047 4040 4046 3978 3983 4048 3978 4048 4039 
4039 4048 4046 3983 3985 4048 3988 4049 3987 
3988 3981 4041 3988 4041 4049 4049 4041 4050 
4051 4042 4052 4051 4050 4042 4050 4041 4042 
4043 4052 4042 4053 4054 4055 4047 4053 4055 
4047 4046 4053 4046 4056 4053 4048 4057 4046 
4057 4056 4046 3985 3990 4057 4048 3985 4057 
4049 4058 3992 3987 4049 3992 4059 4050 4060 
4059 4058 4050 4058 4049 4050 4051 4060 4050 
4061 4054 4053 4062 4054 4061 4056 4063 4053 
4063 4061 4053 3995 3994 4063 3995 4063 4057 
4057 4063 4056 3990 3995 4057 3998 4064 3997 
3998 3992 4058 3998 4058 4064 4064 4058 4065 
4066 4058 4059 4065 4058 4066 4067 4068 4069 
4062 4067 4069 4062 4061 4067 4061 4070 4067 
4001 4000 4070 4001 4070 4063 4063 4070 4061 
3994 4001 4063 4064 4071 4004 3997 4064 4004 
4065 4072 4064 4072 4071 4064 4073 4065 4066 
4072 4065 4073 4074 4075 4076 4068 4074 4076 
4068 4067 4074 4067 4077 4074 4007 4006 4077 
4007 4077 4070 4070 4077 4067 4000 4007 4070 
4071 4078 4010 4004 4071 4010 4072 4079 4071 
4079 4078 4071 4080 4072 4073 4079 4072 4080 
4081 4082 4083 4075 4081 4083 4075 4074 4081 
4074 4084 4081 4077 4085 4074 4085 4084 4074 
4006 4012 4085 4077 4006 4085 4078 4086 4014 
4010 4078 4014 4079 4087 4078 4087 4086 4078 
4088 4079 4080 4088 4089 4079 4089 4087 4079 
4082 4089 4088 4082 4081 4089 4081 4090 4089 
4084 4091 4081 4091 4090 4081 4017 4016 4091 
4017 4091 4085 4085 4091 4084 4012 4017 4085 
4086 4092 4019 4014 4086 4019 4087 4093 4086 
4093 4092 4086 4089 4094 4087 4094 4093 4087 
4022 4021 4094 4022 4094 4090 4090 4094 4089 
4023 4022 4090 4091 4023 4090 4016 4023 4091 
4019 4092 4027 4029 4027 4092 4093 4029 4092 
4031 4029 4093 4094 4031 4093 4021 4031 4094 
4038 4095 4037 4038 4040 4095 4044 4096 4043 
4044 4045 4097 4096 4044 4097 4045 4037 4095 
4045 4095 4097 4097 4095 4098 4040 4047 4098 
4095 4040 4098 4052 4099 4051 4052 4043 4096 
4052 4096 4099 4099 4096 4100 4097 4101 4096 
4101 4100 4096 4055 4054 4101 4055 4101 4098 
4098 4101 4097 4047 4055 4098 4060 4102 4059 
4060 4051 4099 4060 4099 4102 4102 4099 4103 
4100 4104 4099 4104 4103 4099 4101 4105 4100 
4105 4104 4100 4054 4062 4105 4101 4054 4105 
4102 4106 4066 4059 4102 4066 4103 4107 4102 
4107 4106 4102 4104 4108 4103 4108 4107 4103 
4069 4068 4108 4069 4108 4105 4105 4108 4104 
4062 4069 4105 4106 4109 4073 4066 4106 4073 
4107 4110 4106 4110 4109 4106 4076 4075 4110 
4076 4110 4108 4108 4110 4107 4068 4076 4108 
4109 4111 4080 4073 4109 4080 4083 4082 4111 
4083 4111 4110 4110 4111 4109 4075 4083 4110 
4080 4111 4088 4082 4088 4111 
CELL_DATA 8216
SCALARS Scalars float
LOOKUP_TABLE default
1 1 1 1 1 1 1 1 1 
1 1 1 1 1 1 1 1 1 
1 1 1 1 1 1 1 1 1 
1 1 1 1 1 1 1 1 1 
1 1 1 1 1 1 1 1 1 
1 1 1 1 1 1 1 1 1 
1 1 1 1 1 1 1 1 1 
1 1 1 1 1 1 1 1 1 
1 1 1 1 1 1 1 1 1 
1 1 1 1 1 1 1 1 1 
1 1 1 1 1 1 1 1 1 
1 1 1 1 1 1 1 1 1 
1 1 1 1 1 1 1 1 1 
1 1 1 1 1 1 1 1 1 
1 1 1 1 1 1 1 1 1 
1 1 1 1 1 1 1 1 1 
1 1 1 1 1 1 1 1 1 
1 1 1 1 1 1 1 1 1 
1 1 1 1 1 1 1 1 1 
1 1 1 1 1 1 1 1 1 
1 1 1 1 1 1 1 1 1 
1 1 1 1 1 1 1 1 1 
1 1 1 1 1 1 1 1 1 
1 1 1 1 1 1 1 1 1 
1 1 1 1 1 1 1 1 1 
1 1 1 1 1 1 1 1 1 
1 1 1 1 1 1 1 1 1 
1 1 1 1 1 1 1 1 1 
1 1 1 1 1 1 1 1 1 
1 1 1 1 1 1 1 1 1 
1 1 1 1 1 1 1 1 1 
1 1 1 1 1 1 1 1 1 
1 1 1 1 1 1 1 1 1 
1 1 1 1 1 1 1 1 1 
1 1 1 1 1 1 1 1 1 
1 1 1 1 1 1 1 1 1 
1 1 1 1 1 1 1 1 1 
1 1 1 1 1 1 1 1 1 
1 1 1 1 1 1 1 1 1 
1 1 1 1 1 1 1 1 1 
1 1 1 1 1 1 1 1 1 
1 1 1 1 1 1 1 1 1 
1 1 1 1 1 1 1 1 1 
1 1 1 1 1 1 1 1 1 
1 1 1 1 1 1 1 1 1 
1 1 1 1 1 1 1 1 1 
1 1 1 1 1 1 1 1 1 
1 1 1 1 1 1 1 1 1 
1 1 1 1 1 1 1 1 1 
1 1 1 1 1 1 1 1 1 
1 1 1 1 1 1 1 1 1 
1 1 1 1 1 1 1 1 1 
1 1 1 1 1 1 1 1 1 
1 1 1 1 1 1 1 1 1 
1 1 1 1 1 1 1 1 1 
1 1 1 1 1 1 1 1 1 
1 1 1 1 1 1 1 1 1 
1 1 1 1 1 1 1 1 1 
1 1 1 1 1 1 1 1 1 
1 1 1 1 1 1 1 1 1 
1 1 1 1 1 1 1 1 1 
1 1 1 1 1 1 1 1 1 
1 1 1 1 1 1 1 1 1 
1 1 1 1 1 1 1 1 1 
1 1 1 1 1 1 1 1 1 
1 1 1 1 1 1 1 1 1 
1 1 1 1 1 1 1 1 1 
1 1 1 1 1 1 1 1 1 
1 1 1 1 1 1 1 1 1 
1 1 1 1 1 1 1 1 1 
1 1 1 1 1 1 1 1 1 
1 1 1 1 1 1 1 1 1 
1 1 1 1 1 1 1 1 1 
1 1 1 1 1 1 1 1 1 
1 1 1 1 1 1 1 1 1 
1 1 1 1 1 1 1 1 1 
1 1 1 1 1 1 1 1 1 
1 1 1 1 1 1 1 1 1 
1 1 1 1 1 1 1 1 1 
1 1 1 1 1 1 1 1 1 
1 1 1 1 1 1 1 1 1 
1 1 1 1 1 1 1 1 1 
1 1 1 1 1 1 1 1 1 
1 1 1 1 1 1 1 1 1 
1 1 1 1 1 1 1 1 1 
1 1 1 1 1 1 1 1 1 
1 1 1 1 1 1 1 1 1 
1 1 1 1 1 1 1 1 1 
1 1 1 1 1 1 1 1 1 
1 1 1 1 1 1 1 1 1 
1 1 1 1 1 1 1 1 1 
1 1 1 1 1 1 1 1 1 
1 1 1 1 1 1 1 1 1 
1 1 1 1 1 1 1 1 1 
1 1 1 1 1 1 1 1 1 
1 1 1 1 1 1 1 1 1 
1 1 1 1 1 1 1 1 1 
1 1 1 1 1 1 1 1 1 
1 1 1 1 1 1 1 1 1 
1 1 1 1 1 1 1 1 1 
1 1 1 1 1 1 1 1 1 
1 1 1 1 1 1 1 1 1 
1 1 1 1 1 1 1 1 1 
1 1 1 1 1 1 1 1 1 
1 1 1 1 1 1 1 1 1 
1 1 1 1 1 1 1 1 1 
1 1 1 1 1 1 1 1 1 
1 1 1 1 1 1 1 1 1 
1 1 1 1 1 1 1 1 1 
1 1 1 1 1 1 1 1 1 
1 1 1 1 1 1 1 1 1 
1 1 1 1 1 1 1 1 1 
1 1 1 1 1 1 1 1 1 
1 1 1 1 1 1 1 1 1 
1 1 1 1 1 1 1 1 1 
1 1 1 1 1 1 1 1 1 
1 1 1 1 1 1 1 1 1 
1 1 1 1 1 1 1 1 1 
1 1 1 1 1 1 1 1 1 
1 1 1 1 1 1 1 1 1 
1 1 1 1 1 1 1 1 1 
1 1 1 1 1 1 1 1 1 
1 1 1 1 1 1 1 1 1 
1 1 1 1 1 1 1 1 1 
1 1 1 1 1 1 1 1 1 
1 1 1 1 1 1 1 1 1 
1 1 1 1 1 1 1 1 1 
1 1 1 1 1 1 1 1 1 
1 1 1 1 1 1 1 1 1 
1 1 1 1 1 1 1 1 1 
1 1 1 1 1 1 1 1 1 
1 1 1 1 1 1 1 1 1 
1 1 1 1 1 1 1 1 1 
1 1 1 1 1 1 1 1 1 
1 1 1 1 1 1 1 1 1 
1 1 1 1 1 1 1 1 1 
1 1 1 1 1 1 1 1 1 
1 1 1 1 1 1 1 1 1 
1 1 1 1 1 1 1 1 1 
1 1 1 1 1 1 1 1 1 
1 1 1 1 1 1 1 1 1 
1 1 1 1 1 1 1 1 1 
1 1 1 1 1 1 1 1 1 
1 1 1 1 1 1 1 1 1 
1 1 1 1 1 1 1 1 1 
1 1 1 1 1 1 1 1 1 
1 1 1 1 1 1 1 1 1 
1 1 1 1 1 1 1 1 1 
1 1 1 1 1 1 1 1 1 
1 1 1 1 1 1 1 1 1 
1 1 1 1 1 1 1 1 1 
1 1 1 1 1 1 1 1 1 
1 1 1 1 1 1 1 1 1 
1 1 1 1 1 1 1 1 1 
1 1 1 1 1 1 1 1 1 
1 1 1 1 1 1 1 1 1 
1 1 1 1 1 1 1 1 1 
1 1 1 1 1 1 1 1 1 
1 1 1 1 1 1 1 1 1 
1 1 1 1 1 1 1 1 1 
1 1 1 1 1 1 1 1 1 
1 1 1 1 1 1 1 1 1 
1 1 1 1 1 1 1 1 1 
1 1 1 1 1 1 1 1 1 
1 1 1 1 1 1 1 1 1 
1 1 1 1 1 1 1 1 1 
1 1 1 1 1 1 1 1 1 
1 1 1 1 1 1 1 1 1 
1 1 1 1 1 1 1 1 1 
1 1 1 1 1 1 1 1 1 
1 1 1 1 1 1 1 1 1 
1 1 1 1 1 1 1 1 1 
1 1 1 1 1 1 1 1 1 
1 1 1 1 1 1 1 1 1 
1 1 1 1 1 1 1 1 1 
1 1 1 1 1 1 1 1 1 
1 1 1 1 1 1 1 1 1 
1 1 1 1 1 1 1 1 1 
1 1 1 1 1 1 1 1 1 
1 1 1 1 1 1 1 1 1 
1 1 1 1 1 1 1 1 1 
1 1 1 1 1 1 1 1 1 
1 1 1 1 1 1 1 1 1 
1 1 1 1 1 1 1 1 1 
1 1 1 1 1 1 1 1 1 
1 1 1 1 1 1 1 1 1 
1 1 1 1 1 1 1 1 1 
1 1 1 1 1 1 1 1 1 
1 1 1 1 1 1 1 1 1 
1 1 1 1 1 1 1 1 1 
1 1 1 1 1 1 1 1 1 
1 1 1 1 1 1 1 1 1 
1 1 1 1 1 1 1 1 1 
1 1 1 1 1 1 1 1 1 
1 1 1 1 1 1 1 1 1 
1 1 1 1 1 1 1 1 1 
1 1 1 1 1 1 1 1 1 
1 1 1 1 1 1 1 1 1 
1 1 1 1 1 1 1 1 1 
1 1 1 1 1 1 1 1 1 
1 1 1 1 1 1 1 1 1 
1 1 1 1 1 1 1 1 1 
1 1 1 1 1 1 1 1 1 
1 1 1 1 1 1 1 1 1 
1 1 1 1 1 1 1 1 1 
1 1 1 1 1 1 1 1 1 
1 1 1 1 1 1 1 1 1 
1 1 1 1 1 1 1 1 1 
1 1 1 1 1 1 1 1 1 
1 1 1 1 1 1 1 1 1 
1 1 1 1 1 1 1 1 1 
1 1 1 1 1 1 1 1 1 
1 1 1 1 1 1 1 1 1 
1 1 1 1 1 1 1 1 1 
1 1 1 1 1 1 1 1 1 
1 1 1 1 1 1 1 1 1 
1 1 1 1 1 1 1 1 1 
1 1 1 1 1 1 1 1 1 
1 1 1 1 1 1 1 1 1 
1 1 1 1 1 1 1 1 1 
1 1 1 1 1 1 1 1 1 
1 1 1 1 1 1 1 1 1 
1 1 1 1 1 1 1 1 1 
1 1 1 1 1 1 1 1 1 
1 1 1 1 1 1 1 1 1 
1 1 1 1 1 1 1 1 1 
1 1 1 1 1 1 1 1 1 
1 1 1 1 1 1 1 1 1 
1 1 1 1 1 1 1 1 1 
1 1 1 1 1 1 1 1 1 
1 1 1 1 1 1 1 1 1 
1 1 1 1 1 1 1 1 1 
1 1 1 1 1 1 1 1 1 
1 1 1 1 1 1 1 1 1 
1 1 1 1 1 1 1 1 1 
1 1 1 1 1 1 1 1 1 
1 1 1 1 1 1 1 1 1 
1 1 1 1 1 1 1 1 1 
1 1 1 1 1 1 1 1 1 
1 1 1 1 1 1 1 1 1 
1 1 1 1 1 1 1 1 1 
1 1 1 1 1 1 1 1 1 
1 1 1 1 1 1 1 1 1 
1 1 1 1 1 1 1 1 1 
1 1 1 1 1 1 1 1 1 
1 1 1 1 1 1 1 1 1 
1 1 1 1 1 1 1 1 1 
1 1 1 1 1 1 1 1 1 
1 1 1 1 1 1 1 1 1 
1 1 1 1 1 1 1 1 1 
1 1 1 1 1 1 1 1 1 
1 1 1 1 1 1 1 1 1 
1 1 1 1 1 1 1 1 1 
1 1 1 1 1 1 1 1 1 
1 1 1 1 1 1 1 1 1 
1 1 1 1 1 1 1 1 1 
1 1 1 1 1 1 1 1 1 
1 1 1 1 1 1 1 1 1 
1 1 1 1 1 1 1 1 1 
1 1 1 1 1 1 1 1 1 
1 1 1 1 1 1 1 1 1 
1 1 1 1 1 1 1 1 1 
1 1 1 1 1 1 1 1 1 
1 1 1 1 1 1 1 1 1 
1 1 1 1 1 1 1 1 1 
1 1 1 1 1 1 1 1 1 
1 1 1 1 1 1 1 1 1 
1 1 1 1 1 1 1 1 1 
1 1 1 1 1 1 1 1 1 
1 1 1 1 1 1 1 1 1 
1 1 1 1 1 1 1 1 1 
1 1 1 1 1 1 1 1 1 
1 1 1 1 1 1 1 1 1 
1 1 1 1 1 1 1 1 1 
1 1 1 1 1 1 1 1 1 
1 1 1 1 1 1 1 1 1 
1 1 1 1 1 1 1 1 1 
1 1 1 1 1 1 1 1 1 
1 1 1 1 1 1 1 1 1 
1 1 1 1 1 1 1 1 1 
1 1 1 1 1 1 1 1 1 
1 1 1 1 1 1 1 1 1 
1 1 1 1 1 1 1 1 1 
1 1 1 1 1 1 1 1 1 
1 1 1 1 1 1 1 1 1 
1 1 1 1 1 1 1 1 1 
1 1 1 1 1 1 1 1 1 
1 1 1 1 1 1 1 1 1 
1 1 1 1 1 1 1 1 1 
1 1 1 1 1 1 1 1 1 
1 1 1 1 1 1 1 1 1 
1 1 1 1 1 1 1 1 1 
1 1 1 1 1 1 1 1 1 
1 1 1 1 1 1 1 1 1 
1 1 1 1 1 1 1 1 1 
1 1 1 1 1 1 1 1 1 
1 1 1 1 1 1 1 1 1 
1 1 1 1 1 1 1 1 1 
1 1 1 1 1 1 1 1 1 
1 1 1 1 1 1 1 1 1 
1 1 1 1 1 1 1 1 1 
1 1 1 1 1 1 1 1 1 
1 1 1 1 1 1 1 1 1 
1 1 1 1 1 1 1 1 1 
1 1 1 1 1 1 1 1 1 
1 1 1 1 1 1 1 1 1 
1 1 1 1 1 1 1 1 1 
1 1 1 1 1 1 1 1 1 
1 1 1 1 1 1 1 1 1 
1 1 1 1 1 1 1 1 1 
1 1 1 1 1 1 1 1 1 
1 1 1 1 1 1 1 1 1 
1 1 1 1 1 1 1 1 1 
1 1 1 1 1 1 1 1 1 
1 1 1 1 1 1 1 1 1 
1 1 1 1 1 1 1 1 1 
1 1 1 1 1 1 1 1 1 
1 1 1 1 1 1 1 1 1 
1 1 1 1 1 1 1 1 1 
1 1 1 1 1 1 1 1 1 
1 1 1 1 1 1 1 1 1 
1 1 1 1 1 1 1 1 1 
1 1 1 1 1 1 1 1 1 
1 1 1 1 1 1 1 1 1 
1 1 1 1 1 1 1 1 1 
1 1 1 1 1 1 1 1 1 
1 1 1 1 1 1 1 1 1 
1 1 1 1 1 1 1 1 1 
1 1 1 1 1 1 1 1 1 
1 1 1 1 1 1 1 1 1 
1 1 1 1 1 1 1 1 1 
1 1 1 1 1 1 1 1 1 
1 1 1 1 1 1 1 1 1 
1 1 1 1 1 1 1 1 1 
1 1 1 1 1 1 1 1 1 
1 1 1 1 1 1 1 1 1 
1 1 1 1 1 1 1 1 1 
1 1 1 1 1 1 1 1 1 
1 1 1 1 1 1 1 1 1 
1 1 1 1 1 1 1 1 1 
1 1 1 1 1 1 1 1 1 
1 1 1 1 1 1 1 1 1 
1 1 1 1 1 1 1 1 1 
1 1 1 1 1 1 1 1 1 
1 1 1 1 1 1 1 1 1 
1 1 1 1 1 1 1 1 1 
1 1 1 1 1 1 1 1 1 
1 1 1 1 1 1 1 1 1 
1 1 1 1 1 1 1 1 1 
1 1 1 1 1 1 1 1 1 
1 1 1 1 1 1 1 1 1 
1 1 1 1 1 1 1 1 1 
1 1 1 1 1 1 1 1 1 
1 1 1 1 1 1 1 1 1 
1 1 1 1 1 1 1 1 1 
1 1 1 1 1 1 1 1 1 
1 1 1 1 1 1 1 1 1 
1 1 1 1 1 1 1 1 1 
1 1 1 1 1 1 1 1 1 
1 1 1 1 1 1 1 1 1 
1 1 1 1 1 1 1 1 1 
1 1 1 1 1 1 1 1 1 
1 1 1 1 1 1 1 1 1 
1 1 1 1 1 1 1 1 1 
1 1 1 1 1 1 1 1 1 
1 1 1 1 1 1 1 1 1 
1 1 1 1 1 1 1 1 1 
1 1 1 1 1 1 1 1 1 
1 1 1 1 1 1 1 1 1 
1 1 1 1 1 1 1 1 1 
1 1 1 1 1 1 1 1 1 
1 1 1 1 1 1 1 1 1 
1 1 1 1 1 1 1 1 1 
1 1 1 1 1 1 1 1 1 
1 1 1 1 1 1 1 1 1 
1 1 1 1 1 1 1 1 1 
1 1 1 1 1 1 1 1 1 
1 1 1 1 1 1 1 1 1 
1 1 1 1 1 1 1 1 1 
1 1 1 1 1 1 1 1 1 
1 1 1 1 1 1 1 1 1 
1 1 1 1 1 1 1 1 1 
1 1 1 1 1 1 1 1 1 
1 1 1 1 1 1 1 1 1 
1 1 1 1 1 1 1 1 1 
1 1 1 1 1 1 1 1 1 
1 1 1 1 1 1 1 1 1 
1 1 1 1 1 1 1 1 1 
1 1 1 1 1 1 1 1 1 
1 1 1 1 1 1 1 1 1 
1 1 1 1 1 1 1 1 1 
1 1 1 1 1 1 1 1 1 
1 1 1 1 1 1 1 1 1 
1 1 1 1 1 1 1 1 1 
1 1 1 1 1 1 1 1 1 
1 1 1 1 1 1 1 1 1 
1 1 1 1 1 1 1 1 1 
1 1 1 1 1 1 1 1 1 
1 1 1 1 1 1 1 1 1 
1 1 1 1 1 1 1 1 1 
1 1 1 1 1 1 1 1 1 
1 1 1 1 1 1 1 1 1 
1 1 1 1 1 1 1 1 1 
1 1 1 1 1 1 1 1 1 
1 1 1 1 1 1 1 1 1 
1 1 1 1 1 1 1 1 1 
1 1 1 1 1 1 1 1 1 
1 1 1 1 1 1 1 1 1 
1 1 1 1 1 1 1 1 1 
1 1 1 1 1 1 1 1 1 
1 1 1 1 1 1 1 1 1 
1 1 1 1 1 1 1 1 1 
1 1 1 1 1 1 1 1 1 
1 1 1 1 1 1 1 1 1 
1 1 1 1 1 1 1 1 1 
1 1 1 1 1 1 1 1 1 
1 1 1 1 1 1 1 1 1 
1 1 1 1 1 1 1 1 1 
1 1 1 1 1 1 1 1 1 
1 1 1 1 1 1 1 1 1 
1 1 1 1 1 1 1 1 1 
1 1 1 1 1 1 1 1 1 
1 1 1 1 1 1 1 1 1 
1 1 1 1 1 1 1 1 1 
1 1 1 1 1 1 1 1 1 
1 1 1 1 1 1 1 1 1 
1 1 1 1 1 1 1 1 1 
1 1 1 1 1 1 1 1 1 
1 1 1 1 1 1 1 1 1 
1 1 1 1 1 1 1 1 1 
1 1 1 1 1 1 1 1 1 
1 1 1 1 1 1 1 1 1 
1 1 1 1 1 1 1 1 1 
1 1 1 1 1 1 1 1 1 
1 1 1 1 1 1 1 1 1 
1 1 1 1 1 1 1 1 1 
1 1 1 1 1 1 1 1 1 
1 1 1 1 1 1 1 1 1 
1 1 1 1 1 1 1 1 1 
1 1 1 1 1 1 1 1 1 
1 1 1 1 1 1 1 1 1 
1 1 1 1 1 1 1 1 1 
1 1 1 1 1 1 1 1 1 
1 1 1 1 1 1 1 1 1 
1 1 1 1 1 1 1 1 1 
1 1 1 1 1 1 1 1 1 
1 1 1 1 1 1 1 1 1 
1 1 1 1 1 1 1 1 1 
1 1 1 1 1 1 1 1 1 
1 1 1 1 1 1 1 1 1 
1 1 1 1 1 1 1 1 1 
1 1 1 1 1 1 1 1 1 
1 1 1 1 1 1 1 1 1 
1 1 1 1 1 1 1 1 1 
1 1 1 1 1 1 1 1 1 
1 1 1 1 1 1 1 1 1 
1 1 1 1 1 1 1 1 1 
1 1 1 1 1 1 1 1 1 
1 1 1 1 1 1 1 1 1 
1 1 1 1 1 1 1 1 1 
1 1 1 1 1 1 1 1 1 
1 1 1 1 1 1 1 1 1 
1 1 1 1 1 1 1 1 1 
1 1 1 1 1 1 1 1 1 
1 1 1 1 1 1 1 1 1 
1 1 1 1 1 1 1 1 1 
1 1 1 1 1 1 1 1 1 
1 1 1 1 1 1 1 1 1 
1 1 1 1 1 1 1 1 1 
1 1 1 1 1 1 1 1 1 
1 1 1 1 1 1 1 1 1 
1 1 1 1 1 1 1 1 1 
1 1 1 1 1 1 1 1 1 
1 1 1 1 1 1 1 1 1 
1 1 1 1 1 1 1 1 1 
1 1 1 1 1 1 1 1 1 
1 1 1 1 1 1 1 1 1 
1 1 1 1 1 1 1 1 1 
1 1 1 1 1 1 1 1 1 
1 1 1 1 1 1 1 1 1 
1 1 1 1 1 1 1 1 1 
1 1 1 1 1 1 1 1 1 
1 1 1 1 1 1 1 1 1 
1 1 1 1 1 1 1 1 1 
1 1 1 1 1 1 1 1 1 
1 1 1 1 1 1 1 1 1 
1 1 1 1 1 1 1 1 1 
1 1 1 1 1 1 1 1 1 
1 1 1 1 1 1 1 1 1 
1 1 1 1 1 1 1 1 1 
1 1 1 1 1 1 1 1 1 
1 1 1 1 1 1 1 1 1 
1 1 1 1 1 1 1 1 1 
1 1 1 1 1 1 1 1 1 
1 1 1 1 1 1 1 1 1 
1 1 1 1 1 1 1 1 1 
1 1 1 1 1 1 1 1 1 
1 1 1 1 1 1 1 1 1 
1 1 1 1 1 1 1 1 1 
1 1 1 1 1 1 1 1 1 
1 1 1 1 1 1 1 1 1 
1 1 1 1 1 1 1 1 1 
1 1 1 1 1 1 1 1 1 
1 1 1 1 1 1 1 1 1 
1 1 1 1 1 1 1 1 1 
1 1 1 1 1 1 1 1 1 
1 1 1 1 1 1 1 1 1 
1 1 1 1 1 1 1 1 1 
1 1 1 1 1 1 1 1 1 
1 1 1 1 1 1 1 1 1 
1 1 1 1 1 1 1 1 1 
1 1 1 1 1 1 1 1 1 
1 1 1 1 1 1 1 1 1 
1 1 1 1 1 1 1 1 1 
1 1 1 1 1 1 1 1 1 
1 1 1 1 1 1 1 1 1 
1 1 1 1 1 1 1 1 1 
1 1 1 1 1 1 1 1 1 
1 1 1 1 1 1 1 1 1 
1 1 1 1 1 1 1 1 1 
1 1 1 1 1 1 1 1 1 
1 1 1 1 1 1 1 1 1 
1 1 1 1 1 1 1 1 1 
1 1 1 1 1 1 1 1 1 
1 1 1 1 1 1 1 1 1 
1 1 1 1 1 1 1 1 1 
1 1 1 1 1 1 1 1 1 
1 1 1 1 1 1 1 1 1 
1 1 1 1 1 1 1 1 1 
1 1 1 1 1 1 1 1 1 
1 1 1 1 1 1 1 1 1 
1 1 1 1 1 1 1 1 1 
1 1 1 1 1 1 1 1 1 
1 1 1 1 1 1 1 1 1 
1 1 1 1 1 1 1 1 1 
1 1 1 1 1 1 1 1 1 
1 1 1 1 1 1 1 1 1 
1 1 1 1 1 1 1 1 1 
1 1 1 1 1 1 1 1 1 
1 1 1 1 1 1 1 1 1 
1 1 1 1 1 1 1 1 1 
1 1 1 1 1 1 1 1 1 
1 1 1 1 1 1 1 1 1 
1 1 1 1 1 1 1 1 1 
1 1 1 1 1 1 1 1 1 
1 1 1 1 1 1 1 1 1 
1 1 1 1 1 1 1 1 1 
1 1 1 1 1 1 1 1 1 
1 1 1 1 1 1 1 1 1 
1 1 1 1 1 1 1 1 1 
1 1 1 1 1 1 1 1 1 
1 1 1 1 1 1 1 1 1 
1 1 1 1 1 1 1 1 1 
1 1 1 1 1 1 1 1 1 
1 1 1 1 1 1 1 1 1 
1 1 1 1 1 1 1 1 1 
1 1 1 1 1 1 1 1 1 
1 1 1 1 1 1 1 1 1 
1 1 1 1 1 1 1 1 1 
1 1 1 1 1 1 1 1 1 
1 1 1 1 1 1 1 1 1 
1 1 1 1 1 1 1 1 1 
1 1 1 1 1 1 1 1 1 
1 1 1 1 1 1 1 1 1 
1 1 1 1 1 1 1 1 1 
1 1 1 1 1 1 1 1 1 
1 1 1 1 1 1 1 1 1 
1 1 1 1 1 1 1 1 1 
1 1 1 1 1 1 1 1 1 
1 1 1 1 1 1 1 1 1 
1 1 1 1 1 1 1 1 1 
1 1 1 1 1 1 1 1 1 
1 1 1 1 1 1 1 1 1 
1 1 1 1 1 1 1 1 1 
1 1 1 1 1 1 1 1 1 
1 1 1 1 1 1 1 1 1 
1 1 1 1 1 1 1 1 1 
1 1 1 1 1 1 1 1 1 
1 1 1 1 1 1 1 1 1 
1 1 1 1 1 1 1 1 1 
1 1 1 1 1 1 1 1 1 
1 1 1 1 1 1 1 1 1 
1 1 1 1 1 1 1 1 1 
1 1 1 1 1 1 1 1 1 
1 1 1 1 1 1 1 1 1 
1 1 1 1 1 1 1 1 1 
1 1 1 1 1 1 1 1 1 
1 1 1 1 1 1 1 1 1 
1 1 1 1 1 1 1 1 1 
1 1 1 1 1 1 1 1 1 
1 1 1 1 1 1 1 1 1 
1 1 1 1 1 1 1 1 1 
1 1 1 1 1 1 1 1 1 
1 1 1 1 1 1 1 1 1 
1 1 1 1 1 1 1 1 1 
1 1 1 1 1 1 1 1 1 
1 1 1 1 1 1 1 1 1 
1 1 1 1 1 1 1 1 1 
1 1 1 1 1 1 1 1 1 
1 1 1 1 1 1 1 1 1 
1 1 1 1 1 1 1 1 1 
1 1 1 1 1 1 1 1 1 
1 1 1 1 1 1 1 1 1 
1 1 1 1 1 1 1 1 1 
1 1 1 1 1 1 1 1 1 
1 1 1 1 1 1 1 1 1 
1 1 1 1 1 1 1 1 1 
1 1 1 1 1 1 1 1 1 
1 1 1 1 1 1 1 1 1 
1 1 1 1 1 1 1 1 1 
1 1 1 1 1 1 1 1 1 
1 1 1 1 1 1 1 1 1 
1 1 1 1 1 1 1 1 1 
1 1 1 1 1 1 1 1 1 
1 1 1 1 1 1 1 1 1 
1 1 1 1 1 1 1 1 1 
1 1 1 1 1 1 1 1 1 
1 1 1 1 1 1 1 1 1 
1 1 1 1 1 1 1 1 1 
1 1 1 1 1 1 1 1 1 
1 1 1 1 1 1 1 1 1 
1 1 1 1 1 1 1 1 1 
1 1 1 1 1 1 1 1 1 
1 1 1 1 1 1 1 1 1 
1 1 1 1 1 1 1 1 1 
1 1 1 1 1 1 1 1 1 
1 1 1 1 1 1 1 1 1 
1 1 1 1 1 1 1 1 1 
1 1 1 1 1 1 1 1 1 
1 1 1 1 1 1 1 1 1 
1 1 1 1 1 1 1 1 1 
1 1 1 1 1 1 1 1 1 
1 1 1 1 1 1 1 1 1 
1 1 1 1 1 1 1 1 1 
1 1 1 1 1 1 1 1 1 
1 1 1 1 1 1 1 1 1 
1 1 1 1 1 1 1 1 1 
1 1 1 1 1 1 1 1 1 
1 1 1 1 1 1 1 1 1 
1 1 1 1 1 1 1 1 1 
1 1 1 1 1 1 1 1 1 
1 1 1 1 1 1 1 1 1 
1 1 1 1 1 1 1 1 1 
1 1 1 1 1 1 1 1 1 
1 1 1 1 1 1 1 1 1 
1 1 1 1 1 1 1 1 1 
1 1 1 1 1 1 1 1 1 
1 1 1 1 1 1 1 1 1 
1 1 1 1 1 1 1 1 1 
1 1 1 1 1 1 1 1 1 
1 1 1 1 1 1 1 1 1 
1 1 1 1 1 1 1 1 1 
1 1 1 1 1 1 1 1 1 
1 1 1 1 1 1 1 1 1 
1 1 1 1 1 1 1 1 1 
1 1 1 1 1 1 1 1 1 
1 1 1 1 1 1 1 1 1 
1 1 1 1 1 1 1 1 1 
1 1 1 1 1 1 1 1 1 
1 1 1 1 1 1 1 1 1 
1 1 1 1 1 1 1 1 1 
1 1 1 1 1 1 1 1 1 
1 1 1 1 1 1 1 1 1 
1 1 1 1 1 1 1 1 1 
1 1 1 1 1 1 1 1 1 
1 1 1 1 1 1 1 1 1 
1 1 1 1 1 1 1 1 1 
1 1 1 1 1 1 1 1 1 
1 1 1 1 1 1 1 1 1 
1 1 1 1 1 1 1 1 1 
1 1 1 1 1 1 1 1 1 
1 1 1 1 1 1 1 1 1 
1 1 1 1 1 1 1 1 1 
1 1 1 1 1 1 1 1 1 
1 1 1 1 1 1 1 1 1 
1 1 1 1 1 1 1 1 1 
1 1 1 1 1 1 1 1 1 
1 1 1 1 1 1 1 1 1 
1 1 1 1 1 1 1 1 1 
1 1 1 1 1 1 1 1 1 
1 1 1 1 1 1 1 1 1 
1 1 1 1 1 1 1 1 1 
1 1 1 1 1 1 1 1 1 
1 1 1 1 1 1 1 1 1 
1 1 1 1 1 1 1 1 1 
1 1 1 1 1 1 1 1 1 
1 1 1 1 1 1 1 1 1 
1 1 1 1 1 1 1 1 1 
1 1 1 1 1 1 1 1 1 
1 1 1 1 1 1 1 1 1 
1 1 1 1 1 1 1 1 1 
1 1 1 1 1 1 1 1 1 
1 1 1 1 1 1 1 1 1 
1 1 1 1 1 1 1 1 1 
1 1 1 1 1 1 1 1 1 
1 1 1 1 1 1 1 1 1 
1 1 1 1 1 1 1 1 1 
1 1 1 1 1 1 1 1 1 
1 1 1 1 1 1 1 1 1 
1 1 1 1 1 1 1 1 1 
1 1 1 1 1 1 1 1 1 
1 1 1 1 1 1 1 1 1 
1 1 1 1 1 1 1 1 1 
1 1 1 1 1 1 1 1 1 
1 1 1 1 1 1 1 1 1 
1 1 1 1 1 1 1 1 1 
1 1 1 1 1 1 1 1 1 
1 1 1 1 1 1 1 1 1 
1 1 1 1 1 1 1 1 1 
1 1 1 1 1 1 1 1 1 
1 1 1 1 1 1 1 1 1 
1 1 1 1 1 1 1 1 1 
1 1 1 1 1 1 1 1 1 
1 1 1 1 1 1 1 1 1 
1 1 1 1 1 1 1 1 1 
1 1 1 1 1 1 1 1 1 
1 1 1 1 1 1 1 1 1 
1 1 1 1 1 1 1 1 1 
1 1 1 1 1 1 1 1 1 
1 1 1 1 1 1 1 1 1 
1 1 1 1 1 1 1 1 1 
1 1 1 1 1 1 1 1 1 
1 1 1 1 1 1 1 1 1 
1 1 1 1 1 1 1 1 1 
1 1 1 1 1 1 1 1 1 
1 1 1 1 1 1 1 1 1 
1 1 1 1 1 1 1 1 1 
1 1 1 1 1 1 1 1 1 
1 1 1 1 1 1 1 1 1 
1 1 1 1 1 1 1 1 1 
1 1 1 1 1 1 1 1 1 
1 1 1 1 1 1 1 1 1 
1 1 1 1 1 1 1 1 1 
1 1 1 1 1 1 1 1 1 
1 1 1 1 1 1 1 1 1 
1 1 1 1 1 1 1 1 1 
1 1 1 1 1 1 1 1 1 
1 1 1 1 1 1 1 1 1 
1 1 1 1 1 1 1 1 1 
1 1 1 1 1 1 1 1 1 
1 1 1 1 1 1 1 1 1 
1 1 1 1 1 1 1 1 1 
1 1 1 1 1 1 1 1 1 
1 1 1 1 1 1 1 1 1 
1 1 1 1 1 1 1 1 1 
1 1 1 1 1 1 1 1 1 
1 1 1 1 1 1 1 1 1 
1 1 1 1 1 1 1 1 1 
1 1 1 1 1 1 1 1 1 
1 1 1 1 1 1 1 1 1 
1 1 1 1 1 1 1 1 1 
1 1 1 1 1 1 1 1 1 
1 1 1 1 1 1 1 1 1 
1 1 1 1 1 1 1 1 1 
1 1 1 1 1 1 1 1 1 
1 1 1 1 1 1 1 1 1 
1 1 1 1 1 1 1 1 1 
1 1 1 1 1 1 1 1 1 
1 1 1 1 1 1 1 1 1 
1 1 1 1 1 1 1 1 1 
1 1 1 1 1 1 1 1 1 
1 1 1 1 1 1 1 1 1 
1 1 1 1 1 1 1 1 1 
1 1 1 1 1 1 1 1 1 
1 1 1 1 1 1 1 1 1 
1 1 1 1 1 1 1 1 1 
1 1 1 1 1 1 1 1 1 
1 1 1 1 1 1 1 1 1 
1 1 1 1 1 1 1 1 1 
1 1 1 1 1 1 1 1 1 
1 1 1 1 1 1 1 1 1 
1 1 1 1 1 1 1 1 1 
1 1 1 1 1 1 1 1 1 
1 1 1 1 1 1 1 1 1 
1 1 1 1 1 1 1 1 1 
1 1 1 1 1 1 1 1 1 
1 1 1 1 1 1 1 1 1 
1 1 1 1 1 1 1 1 1 
1 1 1 1 1 1 1 1 1 
1 1 1 1 1 1 1 1 1 
1 1 1 1 1 1 1 1 1 
1 1 1 1 1 1 1 1 1 
1 1 1 1 1 1 1 1 1 
1 1 1 1 1 1 1 1 1 
1 1 1 1 1 1 1 1 1 
1 1 1 1 1 1 1 1 1 
1 1 1 1 1 1 1 1 1 
1 1 1 1 1 1 1 1 1 
1 1 1 1 1 1 1 1 1 
1 1 1 1 1 1 1 1 1 
1 1 1 1 1 1 1 1 1 
1 1 1 1 1 1 1 1 1 
1 1 1 1 1 1 1 1 1 
1 1 1 1 1 1 1 1 1 
1 1 1 1 1 1 1 1 1 
1 1 1 1 1 1 1 1 1 
1 1 1 1 1 1 1 1 1 
1 1 1 1 1 1 1 1 1 
1 1 1 1 1 1 1 1 1 
1 1 1 1 1 1 1 1 1 
1 1 1 1 1 1 1 1 1 
1 1 1 1 1 1 1 1 1 
1 1 1 1 1 1 1 1 1 
1 1 1 1 1 1 1 1 1 
1 1 1 1 1 1 1 1 1 
1 1 1 1 1 1 1 1 1 
1 1 1 1 1 1 1 1 1 
1 1 1 1 1 1 1 1 1 
1 1 1 1 1 1 1 1 1 
1 1 1 1 1 1 1 1 1 
1 1 1 1 1 1 1 1 1 
1 1 1 1 1 1 1 1 1 
1 1 1 1 1 1 1 1 1 
1 1 1 1 1 1 1 1 1 
1 1 1 1 1 1 1 1 1 
1 1 1 1 1 1 1 1 1 
1 1 1 1 1 1 1 1 1 
1 1 1 1 1 1 1 1 1 
1 1 1 1 1 1 1 1 1 
1 1 1 1 1 1 1 1 1 
1 1 1 1 1 1 1 1 1 
1 1 1 1 1 1 1 1 1 
1 1 1 1 1 1 1 1 1 
1 1 1 1 1 1 1 1 1 
1 1 1 1 1 1 1 1 1 
1 1 1 1 1 1 1 1 1 
1 1 1 1 1 1 1 1 1 
1 1 1 1 1 1 1 1 1 
1 1 1 1 1 1 1 1 1 
1 1 1 1 1 1 1 1 1 
1 1 1 1 1 1 1 1 1 
1 1 1 1 1 1 1 1 1 
1 1 1 1 1 1 1 1 1 
1 1 1 1 1 1 1 1 1 
1 1 1 1 1 1 1 1 1 
1 1 1 1 1 1 1 1 1 
1 1 1 1 1 1 1 1 1 
1 1 1 1 1 1 1 1 1 
1 1 1 1 1 1 1 1 1 
1 1 1 1 1 1 1 1 1 
1 1 1 1 1 1 1 1 1 
1 1 1 1 1 1 1 1 1 
1 1 1 1 1 1 1 1 1 
1 1 1 1 1 1 1 1 1 
1 1 1 1 1 1 1 1 1 
1 1 1 1 1 1 1 1 1 
1 1 1 1 1 1 1 1 1 
1 1 1 1 1 1 1 1 1 
1 1 1 1 1 1 1 1 1 
1 1 1 1 1 1 1 1 1 
1 1 1 1 1 1 1 1 1 
1 1 1 1 1 1 1 1 1 
1 1 1 1 1 1 1 1 1 
1 1 1 1 1 1 1 1 1 
1 1 1 1 1 1 1 1 1 
1 1 1 1 1 1 1 1 1 
1 1 1 1 1 1 1 1 1 
1 1 1 1 1 1 1 1 1 
1 1 1 1 1 1 1 1 1 
1 1 1 1 1 1 1 1 1 
1 1 1 1 1 1 1 1 1 
1 1 1 1 1 1 1 1 1 
1 1 1 1 1 1 1 1 1 
1 1 1 1 1 1 1 1 1 
1 1 1 1 1 1 1 1 1 
1 1 1 1 1 1 1 1 1 
1 1 1 1 1 1 1 1 1 
1 1 1 1 1 1 1 1 1 
1 1 1 1 1 1 1 1 1 
1 1 1 1 1 1 1 1 1 
1 1 1 1 1 1 1 1 1 
1 1 1 1 1 1 1 1 1 
1 1 1 1 1 1 1 1 1 
1 1 1 1 1 1 1 1 1 
1 1 1 1 1 1 1 1 1 
1 1 1 1 1 1 1 1 1 
1 1 1 1 1 1 1 1 1 
1 1 1 1 1 1 1 1 1 
1 1 1 1 1 1 1 1 1 
1 1 1 1 1 1 1 1 1 
1 1 1 1 1 1 1 1 1 
1 1 1 1 1 1 1 1 1 
1 1 1 1 1 1 1 1 1 
1 1 1 1 1 1 1 1 1 
1 1 1 1 1 1 1 1 1 
1 1 1 1 1 1 1 1 1 
1 1 1 1 1 1 1 1 1 
1 1 1 1 1 1 1 1 1 
1 1 1 1 1 1 1 1 1 
1 1 1 1 1 1 1 1 1 
1 1 1 1 1 1 1 1 1 
1 1 1 1 1 1 1 1 1 
1 1 1 1 1 1 1 1 1 
1 1 1 1 1 1 1 1 1 
1 1 1 1 1 1 1 1 1 
1 1 1 1 1 1 1 1 1 
1 1 1 1 1 1 1 1 1 
1 1 1 1 1 1 1 1 1 
1 1 1 1 1 1 1 1 1 
1 1 1 1 1 1 1 1 1 
1 1 1 1 1 1 1 1 1 
1 1 1 1 1 1 1 1 1 
1 1 1 1 1 1 1 1 1 
1 1 1 1 1 1 1 1 1 
1 1 1 1 1 1 1 1 1 
1 1 1 1 1 1 1 1 1 
1 1 1 1 1 1 1 1 1 
1 1 1 1 1 1 1 1 1 
1 1 1 1 1 1 1 1 1 
1 1 1 1 1 1 1 1 1 
1 1 1 1 1 1 1 1 1 
1 1 1 1 1 1 1 1 1 
1 1 1 1 1 1 1 1 
