# vtk DataFile Version 5.1
vtk output
ASCII
DATASET POLYDATA
POINTS 3200 float
0.17902 -0.0464124 0.66764 0.18148 -0.0418868 0.645751 0.162413 -0.0511611 0.653242 
0.209892 -0.0537891 0.669583 0.212352 -0.0492635 0.647695 0.224157 -0.0659145 0.657129 
0.140888 -0.064961 0.68262 0.143347 -0.0604354 0.660732 0.124281 -0.0697097 0.668222 
0.174219 -0.0678121 0.662676 0.155153 -0.0770864 0.670166 0.205091 -0.0751888 0.66462 
-0.144221 -0.024496 0.682051 -0.141761 -0.0199704 0.660162 -0.160828 -0.0292447 0.667652 
-0.129956 -0.0366214 0.669596 0.136087 -0.0863607 0.677657 -0.149022 -0.0458957 0.677087 
0.343729 0.0627584 0.547015 0.346188 0.0672839 0.525126 0.327122 0.0580096 0.532617 
0.374601 0.0553817 0.548959 0.37706 0.0599072 0.52707 0.405473 0.048005 0.550903 
0.407932 0.0525305 0.529014 0.419738 0.0358795 0.538448 0.305597 0.0442098 0.561996 
0.308056 0.0487353 0.540107 0.28899 0.039461 0.547598 0.336469 0.0368331 0.56394 
0.367341 0.0294564 0.565883 0.398213 0.0220797 0.567827 0.431544 0.0192285 0.547882 
0.429085 0.014703 0.569771 0.44335 0.00257752 0.557317 0.267464 0.0256612 0.576976 
0.269924 0.0301867 0.555088 0.250858 0.0209124 0.562578 0.298336 0.0182845 0.57892 
0.329208 0.0109078 0.580864 0.36008 0.00353108 0.582808 0.390952 -0.00384562 0.584752 
0.421824 -0.0112223 0.586696 0.43609 -0.0233478 0.574241 -0.11026 0.0882563 0.570575 
-0.107801 0.0927818 0.548687 -0.126867 0.0835075 0.556177 -0.0793884 0.0808796 0.572519 
-0.0769289 0.0854051 0.55063 -0.0485164 0.0735029 0.574463 -0.0460568 0.0780284 0.552574 
-0.0176444 0.0661262 0.576407 -0.0151848 0.0706517 0.554518 0.0132277 0.0587495 0.57835 
0.0156872 0.063275 0.556462 0.0440997 0.0513728 0.580294 0.0465592 0.0558983 0.558406 
0.0749717 0.0439961 0.582238 0.0774312 0.0485216 0.56035 0.105844 0.0366194 0.584182 
0.108303 0.0411449 0.562293 0.136716 0.0292427 0.586126 0.139175 0.0337682 0.564237 
0.150981 0.0171172 0.573671 0.229332 0.00711259 0.591957 0.231791 0.0116381 0.570069 
0.212725 0.00236383 0.577559 0.260204 -0.00026411 0.593901 0.291076 -0.00764081 0.595845 
0.321948 -0.0150175 0.597789 0.35282 -0.0223942 0.599733 0.383692 -0.0297709 0.601676 
0.414564 -0.0371476 0.60362 0.428829 -0.0492731 0.591166 -0.179265 0.0770844 0.583612 
-0.176805 0.0816099 0.561724 -0.195871 0.0723356 0.569214 -0.148393 0.0697077 0.585556 
-0.145933 0.0742332 0.563667 -0.117521 0.062331 0.5875 -0.0866487 0.0549543 0.589444 
-0.0557767 0.0475776 0.591387 -0.0249047 0.0402009 0.593331 0.00596731 0.0328242 0.595275 
0.0368393 0.0254475 0.597219 0.0677113 0.0180708 0.599163 0.0985834 0.0106941 0.601107 
0.129455 0.00331739 0.60305 0.162787 0.000466236 0.583106 0.160327 -0.0040593 0.604994 
0.191199 -0.011436 0.606938 0.193659 -0.00691046 0.58505 0.222071 -0.0188127 0.608882 
0.252943 -0.0261894 0.610826 0.283815 -0.0335661 0.612769 0.314687 -0.0409428 0.614713 
0.328953 -0.0530683 0.602259 0.348019 -0.043794 0.594769 0.359825 -0.060445 0.604203 
0.376432 -0.0556962 0.618601 0.390697 -0.0678217 0.606147 0.409763 -0.0585474 0.598656 
-0.186525 0.0511591 0.600537 -0.203132 0.0464103 0.586139 -0.155653 0.0437824 0.602481 
-0.124781 0.0364057 0.604424 -0.0939091 0.029029 0.606368 -0.0630371 0.0216523 0.608312 
-0.0321651 0.0142756 0.610256 -0.00129304 0.0068989 0.6122 0.029579 -0.0004778 0.614143 
0.060451 -0.0078545 0.616087 0.091323 -0.0152312 0.618031 0.122195 -0.0226079 0.619975 
0.153067 -0.0299846 0.621919 0.183939 -0.0373613 0.623863 0.214811 -0.044738 0.625806 
0.245683 -0.0521147 0.62775 0.276555 -0.0594914 0.629694 0.307427 -0.0668681 0.631638 
0.321693 -0.0789936 0.619184 0.371631 -0.077096 0.613637 -0.193785 0.0252338 0.617461 
-0.210392 0.020485 0.603063 -0.162913 0.0178571 0.619405 -0.132041 0.0104804 0.621349 
-0.101169 0.0031037 0.623293 -0.0702974 -0.004273 0.625237 -0.0394254 -0.0116497 0.62718 
-0.00855339 -0.0190264 0.629124 0.0223186 -0.0264031 0.631068 0.0531906 -0.0337798 0.633012 
0.0840627 -0.0411565 0.634956 0.114935 -0.0485332 0.6369 0.145807 -0.0559099 0.638843 
0.238423 -0.07804 0.644675 0.252688 -0.0901655 0.632221 0.271754 -0.0808911 0.62473 
0.302626 -0.0882678 0.626674 -0.198586 0.00383405 0.612497 -0.18678 -0.0128169 0.621932 
-0.170174 -0.00806819 0.63633 -0.139302 -0.0154449 0.638274 -0.10843 -0.0228216 0.640217 
-0.0775578 -0.0301983 0.642161 -0.0466858 -0.037575 0.644105 -0.0158137 -0.0449517 0.646049 
0.0150583 -0.0523284 0.647993 0.0459303 -0.0597051 0.649937 0.0768023 -0.0670818 0.65188 
0.107674 -0.0744585 0.653824 0.169418 -0.0892119 0.657712 0.183684 -0.101337 0.645258 
0.20275 -0.092063 0.637767 0.233622 -0.0994397 0.639711 -0.208306 -0.0266168 0.651311 
-0.205847 -0.0220912 0.629422 -0.224913 -0.0313655 0.636912 -0.177434 -0.0339935 0.653254 
-0.11569 -0.0487469 0.657142 -0.0848181 -0.0561236 0.659086 -0.0539461 -0.0635003 0.66103 
-0.0230741 -0.070877 0.662973 0.00779793 -0.0782537 0.664917 0.03867 -0.0856304 0.666861 
0.069542 -0.0930071 0.668805 0.0838073 -0.105133 0.656351 0.102874 -0.0958582 0.64886 
0.133746 -0.103235 0.650804 0.164618 -0.110612 0.652748 -0.213107 -0.0480165 0.646347 
-0.182235 -0.0553932 0.64829 -0.151363 -0.0627699 0.650234 -0.120491 -0.0701466 0.652178 
-0.0896189 -0.0775233 0.654122 -0.0587469 -0.0849 0.656066 -0.0278749 -0.0922767 0.65801 
0.00299713 -0.0996534 0.659953 0.0338691 -0.10703 0.661897 0.0647412 -0.114407 0.663841 
0.363169 0.12366 0.469389 0.365628 0.128186 0.4475 0.346562 0.118911 0.454991 
0.394041 0.116283 0.471333 0.3965 0.120809 0.449444 0.408306 0.104158 0.458878 
0.325036 0.105111 0.484369 0.327496 0.109637 0.462481 0.30843 0.100363 0.469971 
0.355908 0.0977347 0.486313 0.38678 0.090358 0.488257 0.420112 0.0875069 0.468312 
0.417652 0.0829813 0.490201 0.431918 0.0708559 0.477747 0.256032 0.0939396 0.497406 
0.258491 0.0984651 0.475518 0.239425 0.0891908 0.483008 0.286904 0.0865629 0.49935 
0.289363 0.0910884 0.477462 0.317776 0.0791862 0.501294 0.348648 0.0718095 0.503238 
0.37952 0.0644328 0.505182 0.410392 0.0570561 0.507126 0.424657 0.0449306 0.494671 
0.187028 0.0827677 0.510443 0.189487 0.0872932 0.488555 0.170421 0.0780189 0.496045 
0.2179 0.075391 0.512387 0.220359 0.0799165 0.490499 0.248772 0.0680143 0.514331 
0.279644 0.0606376 0.516275 0.310516 0.0532609 0.518219 0.434004 0.0237541 0.525994 
0.436463 0.0282796 0.504105 0.448269 0.0116286 0.51354 0.0871511 0.0789725 0.521536 
0.0896107 0.083498 0.499648 0.0705445 0.0742237 0.507138 0.118023 0.0715958 0.52348 
0.120483 0.0761213 0.501592 0.148895 0.0642191 0.525424 0.151355 0.0687446 0.503536 
0.179767 0.0568424 0.527368 0.210639 0.0494657 0.529312 0.241511 0.042089 0.531256 
0.272383 0.0347123 0.533199 0.441009 -0.0142967 0.530464 -0.197957 0.119437 0.520967 
-0.195498 0.123963 0.499078 -0.214564 0.114689 0.506568 -0.167085 0.112061 0.52291 
-0.164626 0.116586 0.501022 -0.136213 0.104684 0.524854 -0.133754 0.10921 0.502966 
-0.105341 0.0973074 0.526798 -0.102882 0.101833 0.50491 -0.0744693 0.0899307 0.528742 
-0.0720098 0.0944562 0.506853 -0.0435973 0.082554 0.530686 -0.0411378 0.0870795 0.508797 
-0.0127253 0.0751773 0.53263 -0.0102657 0.0797028 0.510741 0.0181467 0.0678006 0.534573 
0.0206063 0.0723261 0.512685 0.0490188 0.0604239 0.536517 0.0514783 0.0649494 0.514629 
0.0798908 0.0530472 0.538461 0.110763 0.0456705 0.540405 0.141635 0.0382938 0.542349 
0.172507 0.0309171 0.544293 0.203379 0.0235404 0.546236 0.234251 0.0161637 0.54818 
0.433748 -0.040222 0.547389 -0.205218 0.0935122 0.537891 -0.221824 0.0887634 0.523493 
-0.174346 0.0861355 0.539835 -0.143474 0.0787588 0.541779 0.165246 0.00499178 0.561217 
0.196119 -0.00238492 0.563161 0.426488 -0.0661473 0.564313 -0.212478 0.0675869 0.554816 
-0.229085 0.0628381 0.540418 0.343218 -0.0651937 0.589805 0.404962 -0.0799471 0.593692 
0.419228 -0.0920726 0.581238 -0.219738 0.0416616 0.57174 -0.236345 0.0369128 0.557342 
0.335958 -0.091119 0.606729 0.36683 -0.0984957 0.608673 0.381095 -0.110621 0.596219 
0.400161 -0.101347 0.588728 -0.224539 0.0202618 0.566777 -0.212733 0.00361084 0.576211 
0.266953 -0.102291 0.619766 0.281219 -0.114416 0.607312 0.300285 -0.105142 0.599822 
0.331157 -0.112519 0.601765 0.362029 -0.119895 0.603709 -0.203387 -0.0175657 0.607533 
-0.219994 -0.0223145 0.593135 0.181342 -0.118212 0.618405 0.200409 -0.108937 0.610915 
0.231281 -0.116314 0.612858 0.262153 -0.123691 0.614802 -0.241519 -0.0361143 0.622514 
-0.23906 -0.0315888 0.600626 -0.258126 -0.0408631 0.608116 -0.177316 -0.0463422 0.604513 
-0.179775 -0.0508677 0.626402 -0.196382 -0.0556164 0.612004 -0.16551 -0.0629932 0.613948 
0.0980727 -0.117258 0.643896 0.112338 -0.129383 0.631442 0.131404 -0.120109 0.623952 
0.162276 -0.127486 0.625895 -0.24632 -0.057514 0.61755 -0.215448 -0.0648907 0.619494 
-0.153704 -0.0796441 0.623382 -0.122832 -0.0870208 0.625326 -0.0919602 -0.0943975 0.627269 
-0.0610882 -0.101774 0.629213 -0.0326757 -0.113676 0.653046 -0.0492823 -0.118425 0.638647 
-0.00180368 -0.121053 0.654989 0.0290683 -0.12843 0.656933 0.0433337 -0.140555 0.644479 
0.0623999 -0.131281 0.636989 0.0932719 -0.138658 0.638932 -0.0374765 -0.135076 0.648082 
-0.00660448 -0.142453 0.650025 0.0242675 -0.14983 0.651969 0.337216 0.140088 0.423668 
0.339675 0.144613 0.401779 0.320609 0.135339 0.40927 0.368088 0.132711 0.425612 
0.370547 0.137237 0.403723 0.382353 0.120586 0.413157 0.299083 0.121539 0.438649 
0.301543 0.126065 0.41676 0.282477 0.11679 0.42425 0.329955 0.114163 0.440592 
0.394159 0.103935 0.422592 0.405965 0.0872837 0.432026 0.260951 0.102991 0.453629 
0.263411 0.107516 0.431741 0.244344 0.0982419 0.439231 0.291823 0.0956139 0.455573 
0.417771 0.0706327 0.44146 0.429576 0.0539817 0.450894 0.191947 0.0918187 0.466666 
0.194406 0.0963443 0.444778 0.17534 0.08707 0.452268 0.222819 0.084442 0.46861 
0.225278 0.0889676 0.446722 0.422316 0.0280564 0.467819 -0.154906 0.147037 0.462209 
-0.152446 0.151563 0.44032 -0.171513 0.142288 0.447811 -0.124034 0.13966 0.464153 
-0.121574 0.144186 0.442264 -0.0931619 0.132284 0.466096 -0.0907023 0.136809 0.444208 
-0.0788965 0.120158 0.453642 0.0303262 0.102777 0.473872 0.0327857 0.107302 0.451983 
0.0137195 0.0980282 0.459474 0.0611982 0.0954002 0.475816 0.0636577 0.0999258 0.453927 
0.0920702 0.0880236 0.477759 0.0945298 0.0925491 0.455871 0.122942 0.0806469 0.479703 
0.125402 0.0851724 0.457815 0.153814 0.0732701 0.481647 0.156274 0.0777957 0.459759 
0.431662 0.00687985 0.499141 0.415056 0.00213109 0.484743 -0.193038 0.128489 0.47719 
-0.190579 0.133014 0.455301 -0.209645 0.12374 0.462791 -0.162166 0.121112 0.479133 
-0.131294 0.113735 0.481077 -0.100422 0.106358 0.483021 -0.0670907 0.103507 0.463076 
-0.0695502 0.0989818 0.484965 -0.0552848 0.0868563 0.472511 -0.00780619 0.0842284 0.488853 
-0.00534665 0.0887539 0.466964 -0.0244128 0.0794796 0.474454 0.0230658 0.0768517 0.490796 
0.0539378 0.069475 0.49274 0.39353 -0.0116687 0.514122 0.376923 -0.0164175 0.499724 
0.39599 -0.0071432 0.492234 0.424402 -0.0190454 0.516066 -0.231171 0.10994 0.49217 
-0.228711 0.114465 0.470282 -0.247777 0.105191 0.477772 -0.043479 0.0702053 0.481945 
0.38627 -0.037594 0.531047 0.369663 -0.0423428 0.516649 0.417142 -0.0449707 0.532991 
-0.238431 0.0840147 0.509095 -0.255038 0.0792659 0.494697 0.381469 -0.0589938 0.526083 
0.409881 -0.070896 0.549915 0.393275 -0.0756448 0.535517 -0.245691 0.0580894 0.52602 
-0.262298 0.0533406 0.511621 0.402621 -0.0968213 0.56684 0.386014 -0.10157 0.552442 
-0.252952 0.0321641 0.542944 -0.269558 0.0274153 0.528546 0.378754 -0.127495 0.569366 
-0.257753 0.0107643 0.53798 -0.22934 -0.00113792 0.561813 -0.245947 -0.00588667 0.547414 
0.295484 -0.126542 0.594858 0.30975 -0.138667 0.582403 0.328816 -0.129393 0.574913 
0.359688 -0.13677 0.576857 -0.2366 -0.0270632 0.578737 -0.253207 -0.031812 0.564339 
0.179001 -0.135086 0.591553 0.198067 -0.125811 0.584062 0.228939 -0.133188 0.586006 
0.259811 -0.140565 0.58795 0.290683 -0.147942 0.589894 -0.260467 -0.0577373 0.581264 
-0.210529 -0.0558397 0.575717 -0.212989 -0.0603652 0.597606 -0.229595 -0.065114 0.583207 
-0.179657 -0.0632164 0.577661 -0.167851 -0.0798674 0.587095 0.109997 -0.146258 0.60459 
0.129063 -0.136983 0.597099 0.159935 -0.14436 0.599043 -0.248662 -0.0743883 0.590698 
-0.156045 -0.0965184 0.596529 -0.125173 -0.103895 0.598473 -0.0943014 -0.111272 0.600417 
-0.0634294 -0.118648 0.602361 -0.0516236 -0.135299 0.611795 0.0409925 -0.15743 0.617626 
0.0600586 -0.148155 0.610136 0.0909307 -0.155532 0.61208 -0.0398178 -0.15195 0.621229 
-0.00894574 -0.159327 0.623173 0.0219263 -0.166704 0.625117 0.27313 0.137967 0.392928 
0.27559 0.142493 0.371039 0.256524 0.133218 0.37853 0.304002 0.13059 0.394872 
0.306462 0.135116 0.372983 0.337334 0.127739 0.374927 0.368206 0.120362 0.376871 
0.380012 0.103711 0.386305 0.234998 0.119418 0.407908 0.237458 0.123944 0.38602 
0.218391 0.11467 0.39351 0.26587 0.112042 0.409852 0.391818 0.0870605 0.395739 
0.403624 0.0704095 0.405173 -0.111854 0.174637 0.403451 -0.109395 0.179162 0.381562 
-0.128461 0.169888 0.389053 -0.0975891 0.162511 0.390997 0.165994 0.108247 0.420945 
0.168453 0.112772 0.399057 0.149387 0.103498 0.406547 0.196866 0.10087 0.422889 
0.199325 0.105395 0.401001 0.227738 0.0934931 0.424833 0.41297 0.0492329 0.436496 
0.396363 0.0444842 0.422098 -0.149987 0.156088 0.418432 -0.147527 0.160614 0.396543 
-0.166593 0.151339 0.404034 -0.119115 0.148712 0.420376 -0.0857833 0.14586 0.400431 
-0.0882428 0.141335 0.422319 -0.0739774 0.129209 0.409865 0.127861 0.0896979 0.435926 
0.130321 0.0942235 0.414038 0.111255 0.0849492 0.421528 0.158733 0.0823212 0.43787 
0.405709 0.0233076 0.453421 0.389103 0.0185589 0.439022 -0.188119 0.13754 0.433412 
-0.18566 0.142065 0.411524 -0.204726 0.132791 0.419014 -0.0646311 0.108033 0.441188 
-0.0621716 0.112558 0.419299 -0.0503658 0.0959074 0.428733 -0.0028871 0.0932794 0.445075 
-0.000427559 0.097805 0.423187 -0.0194937 0.0885307 0.430677 0.0304445 0.0904283 0.425131 
0.0613165 0.0830516 0.427075 0.0921885 0.0756749 0.429018 0.398449 -0.00261766 0.470345 
0.381842 -0.00736642 0.455947 -0.226252 0.118991 0.448393 -0.223792 0.123517 0.426505 
-0.242858 0.114242 0.433995 -0.0410195 0.0747308 0.460056 -0.0385599 0.0792564 0.438168 
0.360317 -0.0211663 0.485326 0.34371 -0.025915 0.470928 0.362776 -0.0166407 0.463437 
-0.295256 0.107819 0.46143 -0.292796 0.112345 0.439542 -0.311863 0.10307 0.447032 
-0.264384 0.100442 0.463374 -0.261924 0.104968 0.441486 0.353056 -0.0470915 0.502251 
0.33645 -0.0518403 0.487852 -0.300057 0.0864194 0.456466 -0.288251 0.0697684 0.465901 
-0.271644 0.0745172 0.480299 0.345796 -0.0730168 0.519175 0.329189 -0.0777656 0.504777 
0.376668 -0.0803935 0.521119 -0.278905 0.0485919 0.497223 -0.295511 0.0438431 0.482825 
0.340995 -0.0944166 0.514211 0.369408 -0.106319 0.538044 0.352801 -0.111068 0.523645 
-0.286165 0.0226666 0.514148 -0.302772 0.0179178 0.49975 0.331275 -0.124867 0.553024 
0.314669 -0.129616 0.538626 0.333735 -0.120342 0.531136 0.362147 -0.132244 0.554968 
-0.293425 -0.00325873 0.531072 -0.310032 -0.00800749 0.516674 -0.262553 -0.0106354 0.533016 
0.262271 -0.136039 0.566061 0.245664 -0.140788 0.551663 0.264731 -0.131514 0.544173 
0.295603 -0.13889 0.546117 0.293143 -0.143416 0.568005 -0.300686 -0.029184 0.547997 
-0.317292 -0.0339328 0.533599 -0.269814 -0.0365607 0.549941 0.17666 -0.15196 0.5647 
0.195726 -0.142686 0.55721 0.226598 -0.150062 0.559154 -0.307946 -0.0551093 0.564922 
-0.324553 -0.0598581 0.550524 -0.277074 -0.062486 0.566865 -0.243742 -0.0653372 0.546921 
-0.262809 -0.0746115 0.554411 -0.246202 -0.0698627 0.568809 -0.21287 -0.0727139 0.548865 
-0.181998 -0.0800906 0.550808 -0.151126 -0.0874673 0.552752 -0.153586 -0.0919928 0.574641 
-0.139321 -0.104118 0.562186 0.107656 -0.163132 0.577737 0.126722 -0.153858 0.570247 
0.157594 -0.161234 0.57219 -0.312747 -0.0765091 0.559958 -0.281875 -0.0838858 0.561902 
-0.127515 -0.120769 0.571621 -0.0966427 -0.128146 0.573564 -0.0657707 -0.135523 0.575508 
-0.0539649 -0.152174 0.584943 0.0243858 -0.162178 0.603228 0.00777918 -0.166927 0.58883 
0.0268454 -0.157653 0.58134 0.0577174 -0.165029 0.583284 0.0885894 -0.172406 0.585227 
-0.042159 -0.168825 0.594377 -0.011287 -0.176201 0.596321 0.247177 0.154395 0.347207 
0.249637 0.15892 0.325318 0.230571 0.149646 0.332809 0.27805 0.147018 0.349151 
0.280509 0.151544 0.327262 0.292315 0.134893 0.336696 0.239917 0.128469 0.364131 
0.223311 0.123721 0.349733 0.304121 0.118242 0.34613 0.334993 0.110865 0.348074 
0.363405 0.0989627 0.371907 0.346799 0.0942139 0.357509 0.201785 0.109921 0.379112 
0.204244 0.114446 0.357224 0.185178 0.105172 0.364714 0.358604 0.077563 0.366943 
0.387017 0.0656607 0.390775 0.37041 0.060912 0.376377 -0.111736 0.162288 0.35471 
-0.130802 0.153014 0.3622 -0.0999304 0.145637 0.364144 0.166112 0.0958979 0.372204 
0.147046 0.0866236 0.379695 0.379757 0.0397354 0.4077 0.36315 0.0349867 0.393302 
-0.1832 0.146591 0.389635 -0.180741 0.151116 0.367747 -0.199807 0.141842 0.375237 
-0.149869 0.14374 0.369691 -0.0881245 0.128986 0.373578 -0.0763187 0.112335 0.383013 
0.032904 0.0949538 0.403242 0.0353635 0.0994794 0.381354 0.0162974 0.0902051 0.388844 
0.063776 0.0875771 0.405186 0.0662356 0.0921027 0.383298 0.094648 0.0802004 0.40713 
0.0971076 0.084726 0.385241 0.12798 0.0773493 0.387185 0.372496 0.0138101 0.424624 
0.35589 0.00906137 0.410226 -0.221332 0.128042 0.404616 -0.218873 0.132568 0.382728 
-0.237939 0.123293 0.390218 -0.0645129 0.0956842 0.392447 -0.0361004 0.0837819 0.416279 
-0.0336408 0.0883075 0.394391 -0.00276882 0.0809308 0.396334 0.365236 -0.0121152 0.441549 
0.348629 -0.0168639 0.427151 -0.259465 0.109494 0.419597 -0.257005 0.114019 0.397708 
-0.276071 0.104745 0.405199 0.341369 -0.0427892 0.444075 -0.295138 0.0954705 0.412689 
-0.314204 0.0861962 0.42018 0.319843 -0.0565891 0.473454 0.303236 -0.0613378 0.459056 
0.322303 -0.0520635 0.451566 -0.304858 0.0650196 0.451502 -0.321464 0.0602709 0.437104 
0.312583 -0.0825144 0.490379 0.295976 -0.0872631 0.475981 -0.312118 0.0390943 0.468427 
-0.328725 0.0343456 0.454029 0.305322 -0.10844 0.507303 0.288716 -0.113188 0.492905 
0.336194 -0.115816 0.509247 -0.319378 0.0131691 0.485352 -0.335985 0.0084203 0.470953 
0.298062 -0.134365 0.524228 0.281455 -0.139114 0.50983 -0.326639 -0.0127562 0.502276 
-0.343245 -0.017505 0.487878 0.229058 -0.145537 0.537265 0.212451 -0.150286 0.522867 
0.231517 -0.141011 0.515376 0.262389 -0.148388 0.51732 -0.333899 -0.0386815 0.519201 
-0.350506 -0.0434303 0.504803 0.160053 -0.156709 0.550302 0.143447 -0.161457 0.535904 
0.162513 -0.152183 0.528413 0.193385 -0.15956 0.530357 -0.3387 -0.0600813 0.514237 
-0.307828 -0.067458 0.516181 -0.310287 -0.0719835 0.538069 -0.276956 -0.0748347 0.518124 
-0.279415 -0.0793602 0.540013 -0.246084 -0.0822114 0.520068 -0.215212 -0.0895881 0.522012 
-0.18434 -0.0969648 0.523956 -0.153468 -0.104341 0.5259 -0.122596 -0.111718 0.527844 
-0.125055 -0.116244 0.549732 -0.11079 -0.128369 0.537278 0.0601769 -0.160504 0.561395 
0.0435703 -0.165253 0.546997 0.0626365 -0.155978 0.539507 0.0935085 -0.163355 0.54145 
0.0910489 -0.167881 0.563339 0.12438 -0.170732 0.543394 -0.098984 -0.14502 0.546712 
-0.068112 -0.152397 0.548656 -0.0372399 -0.159774 0.5506 -0.0396995 -0.164299 0.572488 
-0.00636792 -0.16715 0.552544 -0.00882746 -0.171676 0.574432 0.0245041 -0.174527 0.554487 
0.213964 0.144897 0.31841 0.216424 0.149423 0.296522 0.197358 0.140149 0.304012 
0.247296 0.142046 0.298466 0.278168 0.134669 0.30041 0.289974 0.118018 0.309844 
0.206704 0.118972 0.335335 0.190097 0.114223 0.320937 0.301779 0.101367 0.319278 
0.330192 0.0894652 0.34311 0.313585 0.0847164 0.328712 0.168572 0.100423 0.350316 
0.171031 0.104949 0.328427 0.151965 0.0956746 0.335918 0.325391 0.0680654 0.338146 
0.353804 0.0561632 0.361979 0.337197 0.0514144 0.347581 -0.178281 0.155642 0.345858 
-0.175821 0.160167 0.32397 -0.194888 0.150893 0.33146 -0.147409 0.148265 0.347802 
-0.144949 0.152791 0.325914 -0.114077 0.145414 0.327857 -0.102272 0.128763 0.337292 
0.130439 0.0818748 0.365297 0.132899 0.0864003 0.343408 0.113833 0.077126 0.350898 
0.349003 0.0347634 0.357015 0.360809 0.0181124 0.366449 -0.216413 0.137093 0.360839 
-0.213954 0.141619 0.338951 -0.23302 0.132344 0.346441 -0.0904658 0.112112 0.346726 
-0.0620533 0.10021 0.370558 -0.0595938 0.104735 0.34867 -0.0311813 0.092833 0.372502 
-0.0287218 0.0973585 0.350614 -0.000309277 0.0854563 0.374446 0.00215027 0.0899818 0.352557 
0.0330223 0.0826051 0.354501 0.0638943 0.0752285 0.356445 0.0947663 0.0678518 0.358389 
0.353548 -0.00781285 0.383374 -0.254546 0.118545 0.37582 -0.252086 0.12307 0.353931 
-0.271152 0.113796 0.361422 0.332023 -0.0216127 0.412753 0.315416 -0.0263614 0.398354 
0.334482 -0.0170871 0.390864 -0.32355 0.107373 0.388857 -0.321091 0.111898 0.366968 
-0.340157 0.102624 0.374459 -0.292678 0.099996 0.390801 -0.290219 0.104522 0.368912 
0.324762 -0.047538 0.429677 0.308156 -0.0522867 0.415279 -0.33081 0.0814474 0.405781 
-0.347417 0.0766987 0.391383 0.300895 -0.078212 0.432204 -0.338071 0.0555221 0.422706 
-0.354677 0.0507734 0.408308 0.27937 -0.0920119 0.461583 0.262763 -0.0967606 0.447184 
0.281829 -0.0874863 0.439694 -0.345331 0.0295968 0.439631 -0.361938 0.0248481 0.425232 
0.272109 -0.117937 0.478507 0.255503 -0.122686 0.464109 -0.352592 0.00367154 0.456555 
-0.369198 -0.00107721 0.442157 0.264849 -0.143862 0.495432 0.248242 -0.148611 0.481034 
-0.357392 -0.0177282 0.451591 -0.345587 -0.0343792 0.461026 0.195844 -0.155034 0.508469 
0.179238 -0.159783 0.494071 0.198304 -0.150509 0.48658 0.229176 -0.157886 0.488524 
-0.333781 -0.0510302 0.47046 -0.33624 -0.0555557 0.492348 -0.321975 -0.0676812 0.479894 
0.141105 -0.178332 0.509051 0.160172 -0.169057 0.501561 -0.310169 -0.0843322 0.489328 
-0.279297 -0.0917089 0.491272 -0.248425 -0.0990856 0.493216 -0.217553 -0.106462 0.49516 
-0.186681 -0.113839 0.497103 -0.155809 -0.121216 0.499047 -0.124937 -0.128592 0.500991 
-0.0940649 -0.135969 0.502935 -0.0965244 -0.140495 0.524823 -0.0631929 -0.143346 0.504879 
-0.0656524 -0.147871 0.526767 -0.0323208 -0.150723 0.506823 -0.0347804 -0.155248 0.528711 
-0.00144883 -0.158099 0.508766 -0.00390837 -0.162625 0.530655 0.0294232 -0.165476 0.51071 
0.0269636 -0.170001 0.532599 0.0602952 -0.172853 0.512654 0.0911672 -0.180229 0.514598 
0.122039 -0.187606 0.516542 0.214083 0.132549 0.269669 0.195016 0.123274 0.27716 
0.244955 0.125172 0.271613 0.273367 0.11327 0.295446 0.25676 0.108521 0.281048 
0.187756 0.097349 0.294084 0.268566 0.0918699 0.290482 0.296979 0.0799677 0.314314 
0.280372 0.0752189 0.299916 -0.14249 0.157316 0.304025 -0.14003 0.161842 0.282137 
-0.159097 0.152567 0.289627 -0.128225 0.145191 0.291571 0.16869 0.0880747 0.301575 
0.149624 0.0788004 0.309065 0.292178 0.0585679 0.30935 0.32059 0.0466657 0.333183 
0.303984 0.0419169 0.318784 -0.178163 0.143293 0.297117 -0.197229 0.134019 0.304608 
-0.116419 0.12854 0.301005 -0.0880062 0.116637 0.324837 -0.0855467 0.121163 0.302949 
-0.0737409 0.104512 0.312383 0.0972259 0.0723773 0.3365 0.0996854 0.0769028 0.314612 
0.0806192 0.0676285 0.322102 0.130557 0.0695261 0.316556 0.31579 0.0252659 0.328219 
0.344202 0.0133637 0.352051 0.327595 0.00861494 0.337653 -0.216295 0.124745 0.312098 
-0.235361 0.11547 0.319589 -0.061935 0.087861 0.321817 -0.031063 0.0804843 0.323761 
-0.000190996 0.0731076 0.325705 0.030681 0.0657309 0.327649 0.061553 0.0583542 0.329593 
0.336942 -0.0125616 0.368976 0.320335 -0.0173104 0.354577 -0.287759 0.109047 0.347024 
-0.2853 0.113573 0.325135 -0.304366 0.104298 0.332625 -0.254427 0.106196 0.327079 
0.313075 -0.0432357 0.371502 -0.356763 0.0978752 0.360061 -0.354304 0.102401 0.338172 
-0.37337 0.0931264 0.345662 -0.323432 0.095024 0.340116 0.305814 -0.0691609 0.388427 
-0.361564 0.0764754 0.355097 -0.349758 0.0598245 0.364531 0.284289 -0.0829608 0.417805 
0.267682 -0.0877095 0.403407 0.286748 -0.0784352 0.395917 -0.357019 0.0338992 0.381455 
0.246156 -0.101509 0.432786 0.22955 -0.106258 0.418388 0.248616 -0.0969838 0.410898 
-0.378544 0.0200993 0.410834 -0.376085 0.0246249 0.388946 -0.395151 0.0153506 0.396436 
0.238896 -0.127435 0.449711 0.222289 -0.132183 0.435313 -0.383345 -0.00130043 0.40587 
-0.371539 -0.0179514 0.415305 0.231636 -0.15336 0.466635 0.215029 -0.158109 0.452237 
-0.359734 -0.0346024 0.424739 -0.347928 -0.0512534 0.434173 0.176897 -0.176657 0.467218 
0.195963 -0.167383 0.459728 -0.336122 -0.0679044 0.443607 -0.30525 -0.0752811 0.445551 
-0.307709 -0.0798067 0.46744 -0.293444 -0.0919321 0.454985 -0.215093 -0.101937 0.473271 
-0.2317 -0.106686 0.458873 -0.212634 -0.0974112 0.451383 -0.181762 -0.104788 0.453326 
-0.184221 -0.109313 0.475215 -0.15089 -0.112165 0.45527 -0.153349 -0.11669 0.477159 
-0.139084 -0.128816 0.464704 0.0936268 -0.175704 0.492709 0.0770201 -0.180453 0.478311 
0.0960863 -0.171178 0.470821 0.126958 -0.178555 0.472765 0.124499 -0.18308 0.494653 
0.15783 -0.185932 0.474708 -0.281638 -0.108583 0.46442 -0.250766 -0.11596 0.466363 
-0.127278 -0.145467 0.474139 -0.0964061 -0.152843 0.476082 -0.0655341 -0.16022 0.478026 
-0.0346621 -0.167597 0.47997 -0.00379009 -0.174973 0.481914 0.0270819 -0.18235 0.483858 
0.0579539 -0.189727 0.485802 0.211741 0.115674 0.242817 0.192675 0.1064 0.250307 
0.240154 0.103772 0.266649 0.223547 0.0990234 0.252251 0.171149 0.0926003 0.279686 
0.173609 0.0971258 0.257798 0.154543 0.0878515 0.265288 0.235353 0.0823724 0.261685 
0.266225 0.0749957 0.263629 0.278031 0.0583447 0.273063 -0.142372 0.144968 0.255284 
-0.161438 0.135693 0.262775 -0.130566 0.128317 0.264718 0.102145 0.0814284 0.292723 
0.104604 0.0859539 0.270835 0.0855383 0.0766796 0.278325 0.133017 0.0740517 0.294667 
0.135477 0.0785772 0.272779 0.289837 0.0416937 0.282498 0.301642 0.0250427 0.291932 
-0.180504 0.126419 0.270265 -0.19957 0.117145 0.277755 -0.11876 0.111666 0.274153 
-0.087888 0.104289 0.276096 -0.0594755 0.0923866 0.299929 -0.0570159 0.0969121 0.27804 
-0.0286035 0.0850099 0.301873 -0.0261439 0.0895354 0.279984 0.00226855 0.0776332 0.303816 
0.00472809 0.0821587 0.281928 0.0331406 0.0702565 0.30576 0.0356001 0.074782 0.283872 
0.0640126 0.0628798 0.307704 0.0664721 0.0674053 0.285816 0.313448 0.00839172 0.301366 
0.325254 -0.00825927 0.3108 -0.28284 0.118098 0.303247 -0.28038 0.122624 0.281358 
-0.299447 0.113349 0.288848 -0.251968 0.110721 0.30519 -0.249508 0.115247 0.283302 
-0.218636 0.10787 0.285246 0.317994 -0.0341846 0.327725 -0.351844 0.106926 0.316283 
-0.349385 0.111452 0.294395 -0.368451 0.102178 0.301885 -0.320972 0.0995496 0.318227 
-0.318513 0.104075 0.296339 0.310733 -0.0601099 0.34465 -0.375711 0.0762522 0.31881 
0.289208 -0.0739097 0.374028 0.272601 -0.0786585 0.35963 0.291667 -0.0693842 0.35214 
-0.366365 0.0550757 0.350133 -0.382972 0.0503269 0.335735 0.265341 -0.104584 0.376555 
-0.371166 0.0336759 0.345169 -0.35936 0.017025 0.354603 0.227208 -0.123132 0.391536 
0.246275 -0.113858 0.384045 -0.378426 0.00775065 0.362093 -0.397492 -0.00152364 0.369584 
0.219948 -0.149058 0.40846 -0.385687 -0.0181746 0.379018 -0.354815 -0.0255513 0.380962 
-0.357274 -0.0300769 0.40285 -0.343009 -0.0422023 0.390396 0.198422 -0.162857 0.437839 
0.181816 -0.167606 0.423441 0.200882 -0.158332 0.415951 -0.331203 -0.0588533 0.39983 
-0.333662 -0.0633789 0.421719 -0.300331 -0.06623 0.401774 -0.30279 -0.0707556 0.423663 
-0.288525 -0.082881 0.411208 0.16029 -0.181406 0.45282 0.143683 -0.186155 0.438422 
0.162749 -0.176881 0.430931 -0.276719 -0.099532 0.420642 -0.279179 -0.104058 0.442531 
-0.245847 -0.106909 0.422586 -0.248307 -0.111434 0.444475 -0.214975 -0.114285 0.42453 
-0.184103 -0.121662 0.426474 -0.153231 -0.129039 0.428418 -0.122359 -0.136416 0.430362 
-0.124819 -0.140941 0.45225 -0.0914871 -0.143792 0.432305 -0.0939466 -0.148318 0.454194 
-0.060615 -0.151169 0.434249 -0.0630746 -0.155694 0.456138 -0.029743 -0.158546 0.436193 
-0.0322026 -0.163071 0.458082 0.00112899 -0.165922 0.438137 -0.00133055 -0.170448 0.460025 
0.032001 -0.173299 0.440081 0.0295415 -0.177825 0.461969 0.062873 -0.180676 0.442025 
0.0604135 -0.185201 0.463913 0.093745 -0.188052 0.443968 0.124617 -0.195429 0.445912 
0.176068 0.101651 0.235909 0.178528 0.106177 0.214021 0.159462 0.0969026 0.221511 
0.20694 0.0942746 0.237853 0.190334 0.0895259 0.223455 -0.139912 0.149493 0.233396 
-0.137453 0.154019 0.211507 -0.156519 0.144744 0.218997 -0.125647 0.137368 0.220941 
0.107064 0.0904795 0.248946 0.109524 0.095005 0.227058 0.0904574 0.0857307 0.234548 
0.137936 0.0831028 0.25089 0.140396 0.0876283 0.229001 0.20214 0.0728749 0.232889 
0.230552 0.0609727 0.256721 0.213945 0.0562239 0.242323 0.261424 0.053596 0.258665 
-0.178044 0.130944 0.248376 -0.175585 0.13547 0.226488 -0.194651 0.126196 0.233978 
-0.1163 0.116191 0.252264 -0.113841 0.120717 0.230375 -0.102035 0.104066 0.23981 
0.0689317 0.0719309 0.263927 0.0713912 0.0764564 0.242038 0.052325 0.0671821 0.249529 
0.225751 0.0395729 0.251758 0.256623 0.0321962 0.253701 0.285036 0.020294 0.277534 
0.268429 0.0155452 0.263136 -0.247049 0.119773 0.261413 -0.244589 0.124298 0.239525 
-0.263655 0.115024 0.247015 -0.216177 0.112396 0.263357 -0.213717 0.116921 0.241469 
-0.0902292 0.0874146 0.249244 -0.0593572 0.0800379 0.251188 -0.0284852 0.0726612 0.253132 
0.00238683 0.0652845 0.255075 0.0332588 0.0579078 0.257019 0.280235 -0.00110579 0.27257 
0.308647 -0.013008 0.296402 0.292041 -0.0177568 0.282004 -0.316053 0.108601 0.27445 
-0.313594 0.113126 0.252562 -0.33266 0.103852 0.260052 -0.282722 0.10575 0.254506 
0.301387 -0.0389333 0.313327 0.28478 -0.0436821 0.298929 -0.351726 0.0945776 0.267543 
-0.370792 0.0853033 0.275033 0.294127 -0.0648586 0.330251 0.27752 -0.0696074 0.315853 
-0.392318 0.0715035 0.304412 -0.389858 0.076029 0.282523 -0.408925 0.0667547 0.290014 
0.27026 -0.0955327 0.332778 -0.399578 0.0455782 0.321336 -0.416185 0.0408294 0.306938 
0.248734 -0.109333 0.362157 0.232127 -0.114081 0.347759 0.251194 -0.104807 0.340268 
-0.404379 0.0241784 0.316372 -0.375967 0.0122762 0.340205 -0.392573 0.00752744 0.325807 
0.210602 -0.127881 0.377138 0.193995 -0.13263 0.362739 0.213061 -0.123356 0.355249 
-0.399834 -0.0183979 0.342731 0.203341 -0.153806 0.394062 0.186735 -0.158555 0.379664 
-0.388028 -0.0350488 0.352165 -0.357156 -0.0424256 0.354109 -0.326284 -0.0498023 0.356053 
-0.328743 -0.0543278 0.377942 -0.314478 -0.0664532 0.365487 0.179474 -0.18448 0.396589 
-0.302672 -0.0831042 0.374922 -0.2718 -0.0904809 0.376865 -0.27426 -0.0950065 0.398754 
-0.259994 -0.107132 0.3863 -0.0272835 -0.15402 0.414305 -0.0438901 -0.158769 0.399906 
-0.0248239 -0.149495 0.392416 0.00604808 -0.156871 0.39436 0.00358854 -0.161397 0.416248 
0.0369201 -0.164248 0.396304 0.0344606 -0.168773 0.418192 0.0677921 -0.171625 0.398247 
0.0653326 -0.17615 0.420136 0.0795979 -0.188276 0.407682 0.127077 -0.190904 0.424024 
0.11047 -0.195652 0.409626 0.129536 -0.186378 0.402135 0.160408 -0.193755 0.404079 
-0.248188 -0.123783 0.395734 -0.217316 -0.13116 0.397678 -0.186444 -0.138536 0.399621 
-0.155572 -0.145913 0.401565 -0.1247 -0.15329 0.403509 -0.0938283 -0.160666 0.405453 
-0.0629563 -0.168043 0.407397 0.0914038 -0.204927 0.417116 0.111983 0.0995305 0.205169 
0.114443 0.104056 0.183281 0.0953765 0.0947818 0.190771 0.142855 0.0921538 0.207113 
0.145315 0.0966794 0.185224 0.173727 0.0847771 0.209057 0.157121 0.0800284 0.194659 
-0.139794 0.137144 0.184655 -0.15886 0.12787 0.192145 -0.127988 0.120493 0.194089 
0.0738508 0.0809819 0.22015 0.0763103 0.0855075 0.198261 0.0572441 0.0762332 0.205752 
0.168926 0.0633774 0.204093 0.197339 0.0514751 0.227925 0.180732 0.0467264 0.213527 
-0.211258 0.121447 0.21958 -0.208798 0.125972 0.197692 -0.227864 0.116698 0.205182 
-0.177926 0.118596 0.199635 -0.116182 0.103842 0.203523 -0.0877697 0.0919401 0.227355 
-0.0853101 0.0964657 0.205467 -0.0568977 0.0845634 0.229299 -0.0544381 0.089089 0.207411 
-0.0260256 0.0771867 0.231243 -0.0235661 0.0817123 0.209354 0.00484637 0.06981 0.233187 
0.00730592 0.0743356 0.211298 0.0357184 0.0624334 0.235131 0.0381779 0.0669589 0.213242 
0.192538 0.0300754 0.222961 0.22341 0.0226987 0.224905 0.251823 0.0107965 0.248737 
0.235216 0.0060477 0.234339 -0.311134 0.117652 0.230673 -0.308675 0.122177 0.208785 
-0.327741 0.112903 0.216275 -0.280262 0.110275 0.232617 -0.277803 0.114801 0.210728 
-0.246931 0.107424 0.212672 0.247022 -0.0106033 0.243774 0.275434 -0.0225055 0.267606 
0.258828 -0.0272543 0.253208 -0.349267 0.0991032 0.245654 -0.346807 0.103629 0.223765 
-0.365873 0.0943544 0.231256 0.268174 -0.0484308 0.28453 0.251567 -0.0531796 0.270132 
-0.387399 0.0805546 0.260635 -0.384939 0.0850801 0.238746 -0.404006 0.0758058 0.246237 
0.263373 -0.0698306 0.279567 0.275179 -0.0864816 0.289001 -0.411266 0.0498805 0.263161 
0.253653 -0.100281 0.31838 0.237046 -0.10503 0.303982 0.256113 -0.0957559 0.296491 
-0.418526 0.0239552 0.280086 0.229786 -0.130955 0.320906 -0.40672 0.00730422 0.28952 
-0.394915 -0.00934677 0.298954 0.191654 -0.149504 0.335887 0.21072 -0.14023 0.328397 
-0.383109 -0.0259978 0.308388 -0.385568 -0.0305233 0.330277 -0.371303 -0.0426488 0.317823 
0.170128 -0.163304 0.365266 0.153521 -0.168053 0.350868 0.172588 -0.158778 0.343377 
-0.359497 -0.0592998 0.327257 -0.328625 -0.0666765 0.329201 -0.316819 -0.0833275 0.338635 
0.131996 -0.181853 0.380247 0.115389 -0.186601 0.365848 0.134455 -0.177327 0.358358 
0.162868 -0.189229 0.38219 -0.305013 -0.0999785 0.348069 -0.274141 -0.107355 0.350013 
-0.243269 -0.114732 0.351957 -0.245729 -0.119257 0.373845 -0.212397 -0.122109 0.353901 
-0.214857 -0.126634 0.375789 -0.200591 -0.13876 0.363335 -0.153113 -0.141387 0.379677 
-0.169719 -0.146136 0.365279 -0.150653 -0.136862 0.357788 -0.119781 -0.144239 0.359732 
-0.122241 -0.148764 0.381621 -0.0889092 -0.151615 0.361676 -0.0913688 -0.156141 0.383564 
-0.0580372 -0.158992 0.36362 -0.0604968 -0.163518 0.385508 -0.0271652 -0.166369 0.365564 
0.00370682 -0.173745 0.367507 0.0345788 -0.181122 0.369451 0.0654509 -0.188499 0.371395 
0.0963229 -0.195876 0.373339 0.0938633 -0.200401 0.395227 -0.188786 -0.155411 0.372769 
0.112101 0.0871819 0.156428 0.0930352 0.0779076 0.163919 0.140514 0.0752796 0.18026 
0.123907 0.0705309 0.165862 -0.175467 0.123121 0.177747 -0.173007 0.127647 0.155858 
-0.192073 0.118373 0.163349 -0.142135 0.12027 0.157802 -0.113723 0.108368 0.181634 
-0.111263 0.112893 0.159746 -0.0994572 0.0962425 0.16918 -0.0211066 0.0862378 0.187466 
-0.018647 0.0907634 0.165577 -0.0377132 0.0814891 0.173068 0.00976546 0.0788611 0.18941 
0.012225 0.0833867 0.167521 0.0406375 0.0714844 0.191354 0.043097 0.07601 0.169465 
0.073969 0.0686333 0.171409 0.135713 0.0538799 0.175297 0.166585 0.0465032 0.17724 
0.178391 0.0298522 0.186675 -0.275343 0.119326 0.18884 -0.272884 0.123852 0.166951 
-0.29195 0.114577 0.174442 -0.244471 0.111949 0.190784 -0.242011 0.116475 0.168895 
-0.211139 0.109098 0.170839 -0.0876514 0.0795915 0.178614 -0.0567794 0.0722148 0.180558 
0.190197 0.0132012 0.196109 0.218609 0.00129894 0.219941 0.202003 -0.00344981 0.205543 
-0.344347 0.108154 0.201877 -0.341888 0.11268 0.179988 -0.360954 0.103405 0.187479 
-0.311016 0.105303 0.181932 0.213808 -0.0201008 0.214977 0.242221 -0.0320031 0.23881 
0.225614 -0.0367518 0.224411 -0.368214 0.0774802 0.204403 0.234961 -0.0579283 0.255734 
0.218354 -0.0626771 0.241336 -0.387281 0.0682059 0.211894 -0.406347 0.0589316 0.219384 
0.23016 -0.0793281 0.25077 0.258572 -0.0912303 0.274603 0.241966 -0.0959791 0.260204 
-0.413607 0.0330063 0.236309 0.22044 -0.109779 0.289583 0.203833 -0.114528 0.275185 
0.222899 -0.105253 0.267695 -0.420867 0.00708101 0.253233 0.21318 -0.135704 0.306508 
0.196573 -0.140453 0.29211 -0.409062 -0.00956999 0.262668 -0.397256 -0.026221 0.272102 
0.175047 -0.154253 0.321489 0.158441 -0.159002 0.307091 0.177507 -0.149727 0.2996 
-0.38545 -0.042872 0.281536 -0.373644 -0.059523 0.29097 0.15118 -0.184927 0.324015 
-0.361838 -0.076174 0.300404 -0.330966 -0.0835507 0.302348 -0.31916 -0.100202 0.311782 
-0.0864497 -0.14709 0.339787 -0.103056 -0.151839 0.325389 -0.0839901 -0.142564 0.317899 
-0.0531181 -0.149941 0.319843 -0.0555777 -0.154467 0.341731 -0.0222461 -0.157318 0.321786 
-0.0247057 -0.161843 0.343675 0.0086259 -0.164694 0.32373 0.00616636 -0.16922 0.345619 
0.0394979 -0.172071 0.325674 0.0370384 -0.176597 0.347563 0.0513038 -0.188722 0.335108 
0.0987824 -0.19135 0.35145 0.0821758 -0.196099 0.337052 0.101242 -0.186824 0.329562 
0.132114 -0.194201 0.331506 -0.307355 -0.116853 0.321217 -0.276483 -0.124229 0.32316 
-0.245611 -0.131606 0.325104 -0.214739 -0.138983 0.327048 -0.183867 -0.146359 0.328992 
-0.186326 -0.150885 0.35088 -0.152995 -0.153736 0.330936 -0.122123 -0.161113 0.33288 
0.0631096 -0.205373 0.344543 -0.139676 0.124796 0.135914 -0.137216 0.129321 0.114025 
-0.156282 0.120047 0.121515 -0.108804 0.117419 0.137857 -0.106344 0.121945 0.115969 
-0.0945382 0.105294 0.125403 -0.0161875 0.0952889 0.143689 -0.0137279 0.0998145 0.1218 
-0.0327941 0.0905402 0.129291 0.0146845 0.0879122 0.145633 0.0171441 0.0924378 0.123744 
0.0455566 0.0805355 0.147577 0.0480161 0.0850611 0.125688 0.0764286 0.0731588 0.14952 
0.0788881 0.0776844 0.127632 0.107301 0.0657821 0.151464 0.090694 0.0610334 0.137066 
-0.239552 0.121001 0.147007 -0.237092 0.125526 0.125118 -0.256159 0.116252 0.132609 
-0.20868 0.113624 0.148951 -0.20622 0.118149 0.127062 -0.175348 0.110773 0.129006 
-0.0851919 0.084117 0.156726 -0.0827323 0.0886426 0.134837 -0.0543198 0.0767403 0.15867 
-0.0518603 0.0812659 0.136781 0.1025 0.0443824 0.1465 0.133372 0.0370057 0.148444 
0.161784 0.0251034 0.172276 0.145178 0.0203547 0.157878 -0.308556 0.109829 0.160044 
-0.306097 0.114354 0.138155 -0.325163 0.10508 0.145646 -0.275225 0.106977 0.140099 
0.156983 0.00370367 0.167313 0.185396 -0.00819857 0.191145 0.168789 -0.0129473 0.176747 
-0.344229 0.0958056 0.153136 -0.363295 0.0865313 0.160626 0.180595 -0.0295983 0.186181 
0.209008 -0.0415006 0.210013 0.192401 -0.0462493 0.195615 -0.384821 0.0727314 0.190005 
-0.382362 0.077257 0.168117 -0.401428 0.0679827 0.175607 0.204207 -0.0629003 0.205049 
0.216013 -0.0795513 0.214484 -0.408688 0.0420574 0.192532 0.225359 -0.100728 0.245806 
0.208752 -0.105477 0.231408 -0.415948 0.0161321 0.209456 0.187227 -0.119276 0.260787 
0.17062 -0.124025 0.246389 0.189686 -0.114751 0.238899 -0.404143 -0.000518903 0.21889 
-0.406602 -0.00504444 0.240779 -0.392337 -0.0171699 0.228325 0.179966 -0.145202 0.277712 
0.16336 -0.14995 0.263314 -0.399597 -0.0430952 0.245249 0.156099 -0.175876 0.280238 
-0.387791 -0.0597462 0.254683 -0.375985 -0.0763972 0.264118 -0.0506586 -0.145415 0.297954 
-0.0672652 -0.150164 0.283556 -0.048199 -0.14089 0.276066 -0.017327 -0.148267 0.278009 
-0.0197866 -0.152792 0.299898 -0.00552119 -0.164918 0.287444 0.134574 -0.189676 0.309617 
0.117967 -0.194424 0.295219 0.137033 -0.18515 0.287729 -0.36418 -0.0930482 0.273552 
-0.333308 -0.100425 0.275496 -0.302436 -0.107802 0.27744 -0.304895 -0.112327 0.299328 
-0.271564 -0.115178 0.279383 -0.274023 -0.119704 0.301272 -0.240691 -0.122555 0.281327 
-0.243151 -0.127081 0.303216 -0.209819 -0.129932 0.283271 -0.212279 -0.134457 0.30516 
-0.178947 -0.137308 0.285215 -0.181407 -0.141834 0.307103 -0.148075 -0.144685 0.287159 
-0.150535 -0.149211 0.309047 -0.117203 -0.152062 0.289103 -0.119663 -0.156587 0.310991 
-0.0863314 -0.159438 0.291046 0.00628464 -0.181569 0.296878 0.0371567 -0.188945 0.298822 
0.0680287 -0.196322 0.300765 0.0655691 -0.200848 0.322654 0.0989007 -0.203699 0.302709 
-0.172889 0.115298 0.107117 -0.170429 0.119824 0.0852288 -0.189495 0.110549 0.0927192 
-0.139557 0.112447 0.0871726 -0.108685 0.10507 0.0891164 -0.0802728 0.0931681 0.112949 
-0.0778132 0.0976936 0.0910602 -0.0494008 0.0857914 0.114893 -0.0469412 0.0903169 0.0930041 
-0.0160692 0.0829402 0.0949479 0.0123433 0.071038 0.11878 -0.00426336 0.0662892 0.104382 
0.0432153 0.0636613 0.120724 0.0740873 0.0562846 0.122668 -0.272765 0.111503 0.11821 
-0.270306 0.116029 0.0963219 -0.289372 0.106754 0.103812 -0.239434 0.108652 0.0982657 
-0.208562 0.101275 0.10021 0.00754248 0.0496383 0.113816 0.0384145 0.0422616 0.11576 
0.0692865 0.0348849 0.117704 0.097699 0.0229826 0.141536 0.0810924 0.0182339 0.127138 
0.111964 0.0108572 0.129082 0.131031 0.0201315 0.121592 0.142836 0.00348046 0.131026 
-0.34177 0.100331 0.131247 -0.33931 0.104857 0.109359 -0.358376 0.0955824 0.116849 
-0.308438 0.09748 0.111303 0.0928982 0.00158286 0.136572 0.154642 -0.0131705 0.14046 
0.166448 -0.0298215 0.149894 -0.379902 0.0817825 0.146228 -0.377442 0.0863081 0.12434 
-0.396509 0.0770338 0.13183 0.178254 -0.0464725 0.159328 0.19006 -0.0631235 0.168763 
-0.403769 0.0511085 0.148755 0.199406 -0.0843001 0.200085 0.182799 -0.0890488 0.185687 
-0.411029 0.0251832 0.165679 0.161274 -0.102849 0.215066 0.144667 -0.107597 0.200668 
0.163733 -0.0983231 0.193178 0.192146 -0.110225 0.21701 -0.41829 -0.000742118 0.182604 
0.154013 -0.128774 0.231991 0.137407 -0.133523 0.217593 -0.406484 -0.0173931 0.192038 
-0.394678 -0.0340441 0.201472 0.146753 -0.154699 0.248915 0.130146 -0.159448 0.234517 
-0.382872 -0.0506951 0.210906 -0.385332 -0.0552206 0.232795 -0.371066 -0.0673461 0.220341 
-0.0457395 -0.136364 0.254177 -0.0623461 -0.141113 0.239779 -0.04328 -0.131839 0.232289 
-0.0124079 -0.139215 0.234232 -0.0148675 -0.143741 0.256121 -0.000602107 -0.155867 0.243667 
0.139493 -0.180625 0.26584 0.122886 -0.185373 0.251442 -0.35926 -0.0839971 0.229775 
-0.36172 -0.0885226 0.251663 -0.347455 -0.100648 0.239209 -0.176488 -0.132783 0.263326 
-0.193095 -0.137532 0.248928 -0.174028 -0.128257 0.241438 -0.143156 -0.135634 0.243382 
-0.145616 -0.14016 0.26527 -0.112284 -0.143011 0.245325 -0.114744 -0.147536 0.267214 
-0.0814123 -0.150387 0.247269 -0.0838719 -0.154913 0.269158 0.0112037 -0.172517 0.253101 
0.00874418 -0.177043 0.274989 0.0420757 -0.179894 0.255045 0.0396162 -0.18442 0.276933 
0.0538816 -0.196545 0.264479 0.10136 -0.199173 0.280821 0.0847536 -0.203922 0.266423 
0.10382 -0.194648 0.258932 -0.335649 -0.117299 0.248643 -0.304777 -0.124676 0.250587 
-0.273905 -0.132052 0.252531 -0.243033 -0.139429 0.254475 -0.212161 -0.146806 0.256419 
0.0656874 -0.213196 0.273913 -0.236974 0.113177 0.0763772 -0.234515 0.117703 0.0544886 
-0.253581 0.108429 0.061979 -0.206102 0.105801 0.078321 -0.203643 0.110326 0.0564325 
-0.172771 0.10295 0.0583763 -0.141899 0.0955728 0.0603201 -0.111027 0.0881961 0.0622639 
-0.0801545 0.0808194 0.0642078 -0.0492825 0.0734427 0.0661516 -0.02087 0.0615405 0.089984 
-0.0374766 0.0567917 0.0755858 -0.305979 0.102005 0.0894141 -0.303519 0.106531 0.0675256 
-0.322585 0.0972567 0.075016 -0.272647 0.0991543 0.0694694 -0.0256708 0.0401407 0.08502 
0.00274167 0.0282385 0.108852 -0.013865 0.0234897 0.0944542 0.0336137 0.0208618 0.110796 
0.0644857 0.0134851 0.11274 0.12623 -0.0012683 0.116628 -0.341651 0.0879824 0.0825064 
-0.360718 0.0787081 0.0899967 -0.00205913 0.00683875 0.103888 0.0288129 -0.000537953 0.105832 
0.0596849 -0.00791465 0.107776 0.0905569 -0.0152914 0.10972 0.118969 -0.0271936 0.133552 
0.102363 -0.0319423 0.119154 0.149841 -0.0345703 0.135496 -0.379784 0.0694339 0.0974871 
-0.39885 0.0601596 0.104978 0.111709 -0.0531189 0.150477 0.0951024 -0.0578676 0.136079 
0.142581 -0.0604956 0.152421 0.173453 -0.0678723 0.154365 -0.40611 0.0342343 0.121902 
0.106908 -0.0745186 0.145513 0.135321 -0.0864209 0.169345 0.118714 -0.0911696 0.154947 
0.166193 -0.0937976 0.171289 -0.413371 0.00830896 0.138827 0.12806 -0.112346 0.18627 
0.111454 -0.117095 0.171872 -0.401565 -0.00834203 0.148261 -0.404024 -0.0128676 0.170149 
-0.389759 -0.024993 0.157695 0.1208 -0.138271 0.203194 0.104193 -0.14302 0.188796 
-0.397019 -0.0509183 0.17462 0.11354 -0.164197 0.220119 0.096933 -0.168946 0.205721 
-0.385213 -0.0675693 0.184054 -0.354341 -0.074946 0.185998 -0.356801 -0.0794716 0.207886 
-0.342536 -0.091597 0.195432 -0.0789528 -0.145862 0.225381 -0.0955594 -0.150611 0.210983 
-0.0764932 -0.141336 0.203492 -0.0456212 -0.148713 0.205436 -0.0147492 -0.15609 0.20738 
0.0161228 -0.163466 0.209324 0.0136633 -0.167992 0.231212 0.0469948 -0.170843 0.211268 
0.0445353 -0.175369 0.233156 0.0778669 -0.17822 0.213211 0.0754073 -0.182745 0.2351 
0.106279 -0.190122 0.237044 -0.33073 -0.108248 0.204866 -0.333189 -0.112774 0.226755 
-0.299858 -0.115625 0.20681 -0.302317 -0.12015 0.228699 -0.268986 -0.123001 0.208754 
-0.271445 -0.127527 0.230642 -0.238114 -0.130378 0.210698 -0.240573 -0.134904 0.232586 
-0.207242 -0.137755 0.212642 -0.209701 -0.14228 0.23453 -0.17637 -0.145132 0.214585 
-0.145498 -0.152508 0.216529 -0.114626 -0.159885 0.218473 0.068147 -0.208671 0.252024 
-0.139439 0.100098 0.0384316 -0.136979 0.104624 0.0165431 -0.156046 0.0953496 0.0240334 
-0.108567 0.0927217 0.0403754 -0.106107 0.0972472 0.0184869 -0.0776949 0.085345 0.0423192 
-0.0752354 0.0898705 0.0204307 -0.0634296 0.0732195 0.0298649 -0.270187 0.10368 0.0475809 
-0.267728 0.108205 0.0256924 -0.286794 0.0989311 0.0331827 -0.236856 0.100829 0.0276362 
-0.205984 0.093452 0.02958 -0.175112 0.0860753 0.0315238 -0.0516237 0.0565685 0.0392991 
-0.0398179 0.0399175 0.0487333 -0.339192 0.092508 0.0606178 -0.336732 0.0970335 0.0387293 
-0.355798 0.0877592 0.0462197 -0.30586 0.0896568 0.0406731 -0.0280121 0.0232665 0.0581676 
0.000400411 0.0113643 0.0819999 0.00285995 0.0158898 0.0601114 0.0146658 -0.000761167 0.0695456 
-0.377324 0.0739594 0.0755986 -0.374865 0.0784849 0.0537101 -0.393931 0.0692106 0.0612005 
0.0264716 -0.0174122 0.0789798 0.0573436 -0.0247889 0.0809236 0.0857561 -0.0366911 0.104756 
0.0691495 -0.0414399 0.0903578 -0.401191 0.0432853 0.0781251 0.0784958 -0.0626164 0.121681 
0.0618891 -0.0673652 0.107282 -0.408451 0.01736 0.0950497 0.073695 -0.0840162 0.116717 
0.102107 -0.0959184 0.140549 0.0855008 -0.100667 0.126151 -0.415712 -0.00856525 0.111974 
0.0948471 -0.121844 0.157474 0.0782404 -0.126592 0.143075 -0.403906 -0.0252162 0.121408 
-0.3921 -0.0418672 0.130843 0.0875867 -0.147769 0.174398 0.0709801 -0.152518 0.16 
-0.380294 -0.0585182 0.140277 -0.382754 -0.0630438 0.162165 -0.368488 -0.0751692 0.149711 
-0.0740337 -0.136811 0.181604 -0.0906403 -0.14156 0.167206 -0.0715742 -0.132285 0.159715 
-0.0407021 -0.139662 0.161659 -0.0431617 -0.144187 0.183548 -0.00983012 -0.147039 0.163603 
-0.0122897 -0.151564 0.185491 0.0210419 -0.154415 0.165547 0.0185824 -0.158941 0.187435 
0.0519139 -0.161792 0.16749 0.0494544 -0.166318 0.189379 0.0803264 -0.173694 0.191323 
-0.356683 -0.0918202 0.159145 -0.325811 -0.0991969 0.161089 -0.32827 -0.103722 0.182978 
-0.294939 -0.106574 0.163033 -0.297398 -0.111099 0.184922 -0.264067 -0.11395 0.164977 
-0.266526 -0.118476 0.186865 -0.233195 -0.121327 0.166921 -0.235654 -0.125853 0.188809 
-0.202323 -0.128704 0.168864 -0.204782 -0.133229 0.190753 -0.171451 -0.13608 0.170808 
-0.17391 -0.140606 0.192697 -0.140579 -0.143457 0.172752 -0.143038 -0.147983 0.194641 
-0.109707 -0.150834 0.174696 -0.112166 -0.155359 0.196584 -0.265268 0.112731 0.00380382 
-0.262809 0.117257 -0.0180847 -0.281875 0.107982 -0.0105943 -0.234396 0.105354 0.00574764 
-0.231937 0.10988 -0.0161409 -0.203524 0.0979776 0.00769147 -0.201065 0.102503 -0.0141971 
-0.172652 0.0906009 0.00963529 -0.170193 0.0951264 -0.0122532 -0.139321 0.0877497 -0.0103094 
-0.108449 0.080373 -0.00836559 -0.0775767 0.0729963 -0.00642176 -0.0491642 0.0610941 0.0174106 
-0.0467046 0.0656196 -0.00447794 -0.0348988 0.0489686 0.00495628 -0.303401 0.0941824 0.0187846 
-0.300941 0.0987079 -0.00310394 -0.320007 0.0894336 0.00438644 -0.0255525 0.0277921 0.036279 
-0.023093 0.0323176 0.0143905 -0.0112871 0.0156666 0.0238247 -0.341533 0.0756338 0.0337654 
-0.327268 0.0635083 0.021311 0.000518692 -0.000984381 0.0332589 0.0289312 -0.0128866 0.0570913 
0.0313907 -0.00836108 0.0352027 0.0431965 -0.0250121 0.0446369 -0.377206 0.0616107 0.0268576 
-0.396272 0.0523364 0.034348 -0.346334 0.054234 0.0288014 0.0550024 -0.0416631 0.0540712 
0.0668082 -0.0583141 0.0635054 -0.403532 0.0264111 0.0512726 0.0595479 -0.0842394 0.08043 
-0.410793 0.000485837 0.0681972 0.0713537 -0.10089 0.0898642 0.0831595 -0.117541 0.0992984 
-0.418053 -0.0254395 0.0851218 0.0307618 -0.123964 0.126733 0.0141552 -0.128713 0.112335 
0.0332213 -0.119439 0.104845 0.0450272 -0.13609 0.114279 0.0758992 -0.143467 0.116223 
-0.406247 -0.0420905 0.094556 -0.394441 -0.0587415 0.10399 -0.0691146 -0.12776 0.137827 
-0.0857212 -0.132508 0.123428 -0.0666551 -0.123234 0.115938 -0.035783 -0.130611 0.117882 
-0.0382426 -0.135136 0.13977 -0.00491103 -0.137988 0.119826 -0.00737057 -0.142513 0.141714 
0.0235014 -0.14989 0.143658 0.056833 -0.152741 0.123713 0.0543735 -0.157266 0.145602 
-0.382636 -0.0753924 0.113424 -0.351764 -0.0827691 0.115368 -0.354223 -0.0872947 0.137257 
-0.339958 -0.0994201 0.124802 -0.261607 -0.109425 0.143088 -0.278214 -0.114174 0.12869 
-0.259148 -0.104899 0.1212 -0.228276 -0.112276 0.123144 -0.230735 -0.116801 0.145032 
-0.197403 -0.119653 0.125087 -0.199863 -0.124178 0.146976 -0.166531 -0.127029 0.127031 
-0.168991 -0.131555 0.14892 -0.135659 -0.134406 0.128975 -0.138119 -0.138932 0.150864 
-0.104787 -0.141783 0.130919 -0.107247 -0.146308 0.152807 -0.328152 -0.116071 0.134237 
-0.29728 -0.123448 0.13618 -0.26761 0.0958567 -0.0230487 -0.253344 0.0837313 -0.035503 
-0.234278 0.0930056 -0.0429934 -0.203406 0.0856289 -0.0410495 -0.172534 0.0782522 -0.0391057 
-0.141662 0.0708755 -0.0371619 -0.11079 0.0634988 -0.0352181 -0.0799179 0.0561221 -0.0332742 
-0.0490459 0.0487454 -0.0313304 -0.0206334 0.0368432 -0.00749804 -0.0181739 0.0413687 -0.0293866 
-0.00636806 0.0247177 -0.0199524 -0.305742 0.0773082 -0.00806788 -0.291477 0.0651827 -0.0205222 
-0.27241 0.074457 -0.0280126 0.00297824 0.00354116 0.0113704 0.00543778 0.0080667 -0.0105182 
0.0172436 -0.0085843 -0.00108394 -0.313002 0.0513829 0.00885672 -0.298737 0.0392574 -0.0035976 
0.0290494 -0.0252353 0.00835027 0.0408553 -0.0418863 0.0177845 -0.379547 0.0447365 5.13459e-06 
-0.398613 0.0354622 0.00749552 -0.351135 0.0328343 0.0238375 -0.367741 0.0280855 0.00943935 
-0.336869 0.0207088 0.0113832 -0.317803 0.0299831 0.00389279 0.0526611 -0.0585373 0.0272187 
0.064467 -0.0751883 0.0366529 -0.405874 0.00953692 0.0244201 -0.355935 0.0114345 0.0188736 
0.0762728 -0.0918393 0.0460871 0.0738132 -0.0963648 0.0679757 0.0880786 -0.10849 0.0555213 
-0.413134 -0.0163884 0.0413447 0.0356809 -0.114913 0.0829564 0.0190742 -0.119662 0.0685583 
0.0381404 -0.110388 0.0610679 0.0499463 -0.127039 0.0705021 0.0808183 -0.134416 0.0724459 
-0.401328 -0.0330394 0.0507789 -0.403788 -0.0375649 0.0726675 -0.389522 -0.0496904 0.0602131 
-0.0641955 -0.118709 0.0940495 -0.0808022 -0.123457 0.0796514 -0.061736 -0.114183 0.072161 
-0.030864 -0.12156 0.0741048 -0.0333235 -0.126085 0.0959934 8.05568e-06 -0.128936 0.0760487 
-0.00245149 -0.133462 0.0979372 0.0617521 -0.14369 0.0799363 0.0592925 -0.148215 0.101825 
-0.377717 -0.0663414 0.0696474 -0.380176 -0.0708669 0.0915359 -0.365911 -0.0829924 0.0790816 
-0.164072 -0.122504 0.105143 -0.180679 -0.127253 0.0907445 -0.161612 -0.117978 0.0832541 
-0.13074 -0.125355 0.085198 -0.1332 -0.129881 0.107086 -0.0998683 -0.132732 0.0871418 
-0.102328 -0.137257 0.10903 -0.354105 -0.0996434 0.0885158 -0.323233 -0.10702 0.0904596 
-0.325692 -0.111546 0.112348 -0.292361 -0.114397 0.0924034 -0.29482 -0.118922 0.114292 
-0.261489 -0.121773 0.0943473 -0.230617 -0.12915 0.0962911 -0.199745 -0.136527 0.0982349 
-0.200946 0.0901544 -0.0629381 -0.198487 0.09468 -0.0848266 -0.217553 0.0854057 -0.0773362 
-0.170074 0.0827777 -0.0609942 -0.167615 0.0873033 -0.0828828 -0.139202 0.075401 -0.0590504 
-0.136743 0.0799266 -0.080939 -0.10833 0.0680243 -0.0571066 -0.105871 0.0725499 -0.0789951 
-0.0774584 0.0606476 -0.0551628 -0.0749988 0.0651732 -0.0770513 -0.063193 0.0485222 -0.0676171 
-0.236619 0.0761314 -0.0698458 -0.255685 0.0668571 -0.0623554 -0.0513872 0.0318712 -0.0581829 
-0.0205152 0.0244945 -0.056239 0.00789732 0.0125922 -0.0324067 0.0103569 0.0171178 -0.0542952 
0.0221627 0.000466787 -0.044861 -0.277211 0.0530572 -0.0329765 -0.262946 0.0409318 -0.0454308 
0.031509 -0.0207098 -0.0135383 0.0339685 -0.0161842 -0.0354268 0.0457744 -0.0328352 -0.0259926 
-0.282012 0.0316575 -0.0379405 -0.301078 0.0223832 -0.0304501 0.0551207 -0.0540117 0.00533016 
0.0575802 -0.0494862 -0.0165584 0.069386 -0.0661372 -0.00712416 -0.381888 0.0278623 -0.0268473 
-0.400955 0.018588 -0.0193569 -0.370083 0.0112113 -0.0174131 -0.320144 0.0131089 -0.0229597 
-0.339211 0.0038346 -0.0154693 0.0787323 -0.0873137 0.0241986 0.0811919 -0.0827882 0.00231005 
0.0929977 -0.0994392 0.0117443 -0.408215 -0.00733729 -0.00243235 -0.358277 -0.00543969 -0.00797891 
0.0406 -0.105862 0.0391794 0.0239933 -0.110611 0.0247812 0.0430595 -0.101337 0.0172908 
0.0739315 -0.108713 0.0192346 0.071472 -0.113239 0.0411232 -0.415475 -0.0332626 0.0144923 
-0.0284044 -0.117034 0.0522163 -0.0450111 -0.121783 0.0378182 -0.0259449 -0.112509 0.0303278 
0.00492714 -0.119885 0.0322716 0.0024676 -0.124411 0.0541601 0.0642116 -0.139164 0.0580478 
-0.403669 -0.0499136 0.0239265 -0.391864 -0.0665646 0.0333607 -0.0974088 -0.128206 0.0652533 
-0.114015 -0.132955 0.0508551 -0.0949493 -0.123681 0.0433647 -0.0640772 -0.131057 0.0453085 
-0.380058 -0.0832156 0.0427949 -0.349186 -0.0905923 0.0447387 -0.351645 -0.0951178 0.0666272 
-0.33738 -0.107243 0.0541729 -0.228157 -0.124625 0.0744025 -0.244764 -0.129373 0.0600044 
-0.225698 -0.120099 0.052514 -0.194826 -0.127476 0.0544578 -0.197285 -0.132001 0.0763464 
-0.163954 -0.134852 0.0564017 -0.133082 -0.142229 0.0583455 -0.325574 -0.123894 0.0636071 
-0.294702 -0.131271 0.065551 -0.26383 -0.138648 0.0674948 -0.200828 0.0778058 -0.111679 
-0.219894 0.0685315 -0.104189 -0.169956 0.0704291 -0.109735 -0.139084 0.0630524 -0.107791 
-0.108212 0.0556757 -0.105848 -0.0773401 0.048299 -0.103904 -0.0489276 0.0363967 -0.0800714 
-0.0464681 0.0409223 -0.10196 -0.0346623 0.0242713 -0.0925257 -0.238961 0.0592572 -0.0966983 
-0.258027 0.0499829 -0.0892079 -0.0228564 0.00762027 -0.0830915 0.0080156 0.000243573 -0.0811477 
0.0364281 -0.0116587 -0.0573153 0.0388876 -0.00713313 -0.0792039 0.0506935 -0.0237841 -0.0697697 
-0.265287 0.0240576 -0.0722833 0.0600397 -0.0449607 -0.0384469 0.0624993 -0.0404351 -0.0603354 
0.0743051 -0.0570861 -0.0509012 -0.284353 0.0147833 -0.0647929 -0.303419 0.00550899 -0.0573025 
0.0836514 -0.0782627 -0.0195785 0.086111 -0.0737371 -0.041467 0.0979168 -0.0903881 -0.0320328 
-0.38423 0.0109881 -0.0536998 -0.403296 0.00171379 -0.0462094 -0.372424 -0.00566291 -0.0442656 
-0.322486 -0.00376531 -0.0498121 -0.341552 -0.0130396 -0.0423218 0.0763911 -0.104188 -0.00265388 
0.0597844 -0.108937 -0.017052 0.0788506 -0.0996624 -0.0245424 -0.410556 -0.0242115 -0.0292848 
-0.360618 -0.0223139 -0.0348314 -0.0234853 -0.107983 0.00843924 -0.040092 -0.112732 -0.00595891 
-0.0210258 -0.103458 -0.0134493 0.00984623 -0.110834 -0.0115055 0.00738669 -0.11536 0.0103831 
0.0407182 -0.118211 -0.00956164 -0.39875 -0.0408625 -0.0198506 -0.40121 -0.045388 0.00203793 
-0.386945 -0.0575135 -0.0104164 -0.0924897 -0.119155 0.0214762 -0.109096 -0.123904 0.00707804 
-0.0900302 -0.114629 -0.000412348 -0.0591582 -0.122006 0.00153148 -0.0616177 -0.126532 0.02342 
-0.375139 -0.0741645 -0.00098218 -0.377598 -0.07869 0.0209064 -0.363333 -0.0908155 0.00845203 
-0.161494 -0.130327 0.0345131 -0.178101 -0.135076 0.020115 -0.159035 -0.125801 0.0126246 
-0.128163 -0.133178 0.0145684 -0.130622 -0.137704 0.036457 -0.351527 -0.107466 0.0178862 
-0.320655 -0.114843 0.0198301 -0.323115 -0.119369 0.0417186 -0.289783 -0.12222 0.0217739 
-0.292243 -0.126745 0.0436624 -0.258911 -0.129597 0.0237177 -0.261371 -0.134122 0.0456063 
-0.228039 -0.136973 0.0256615 -0.197167 -0.14435 0.0276054 -0.167497 0.0749546 -0.131624 
-0.165037 0.0794801 -0.153512 -0.184103 0.0702059 -0.146022 -0.136625 0.0675779 -0.12968 
-0.134165 0.0721034 -0.151568 -0.122359 0.0554525 -0.142134 -0.236501 0.0637827 -0.118587 
-0.234041 0.0683083 -0.140475 -0.253108 0.059034 -0.132985 -0.203169 0.0609316 -0.138532 
-0.110553 0.0388015 -0.1327 -0.0796814 0.0314248 -0.130756 -0.0488093 0.0240481 -0.128812 
-0.0203969 0.0121458 -0.10498 -0.0179373 0.0166714 -0.126869 0.0104751 0.00476911 -0.103036 
0.0129347 0.00929466 -0.124925 0.0413472 -0.00260759 -0.101092 0.0438067 0.00191796 -0.122981 
0.0722192 -0.00998428 -0.0991486 0.0746787 -0.00545874 -0.121037 0.0864846 -0.0221097 -0.111603 
-0.260368 0.0331087 -0.11606 0.0649588 -0.0359096 -0.082224 0.0792242 -0.048035 -0.0946783 
-0.267628 0.00718337 -0.0991358 0.0885705 -0.0692116 -0.0633556 0.09103 -0.064686 -0.0852441 
0.102836 -0.081337 -0.0758099 -0.286695 -0.00209093 -0.0916454 -0.305761 -0.0113652 -0.084155 
0.0955755 -0.107262 -0.0588853 -0.38903 -0.0104117 -0.0586637 -0.358158 -0.0177884 -0.0567199 
-0.355699 -0.0132628 -0.0786084 -0.374765 -0.0225371 -0.0711181 -0.324827 -0.0206395 -0.0766646 
0.0123058 -0.106309 -0.033394 -0.00430087 -0.111058 -0.0477921 0.0147653 -0.101783 -0.0552825 
0.0456373 -0.10916 -0.0533387 0.0431778 -0.113685 -0.0314502 0.0765093 -0.116537 -0.0513949 
-0.396291 -0.036337 -0.0417391 -0.382025 -0.0484624 -0.0541935 -0.0566986 -0.117481 -0.0203571 
-0.0733052 -0.122229 -0.0347552 -0.0542391 -0.112955 -0.0422456 -0.0233671 -0.120332 -0.0403018 
-0.37022 -0.0651134 -0.0447592 -0.372679 -0.069639 -0.0228707 -0.358414 -0.0817644 -0.035325 
-0.125703 -0.128653 -0.00732011 -0.14231 -0.133401 -0.0217183 -0.123243 -0.124127 -0.0292086 
-0.0923714 -0.131504 -0.0272648 -0.346608 -0.0984154 -0.0258908 -0.349067 -0.102941 -0.00400229 
-0.315736 -0.105792 -0.023947 -0.318195 -0.110318 -0.00205846 -0.284864 -0.113169 -0.0220032 
-0.287323 -0.117694 -0.000114638 -0.253992 -0.120546 -0.0200593 -0.256451 -0.125071 0.00182919 
-0.22312 -0.127922 -0.0181155 -0.225579 -0.132448 0.00377301 -0.192248 -0.135299 -0.0161717 
-0.194707 -0.139824 0.00571684 -0.161376 -0.142676 -0.0142279 -0.20071 0.0654571 -0.16042 
-0.19825 0.0699826 -0.182309 -0.217317 0.0607083 -0.174818 -0.167378 0.0626059 -0.180365 
-0.136506 0.0552292 -0.178421 -0.108094 0.043327 -0.154589 -0.105634 0.0478525 -0.176477 
-0.0938285 0.0312015 -0.167043 -0.236383 0.051434 -0.167328 -0.255449 0.0421597 -0.159837 
-0.0820226 0.0145505 -0.157609 -0.0511506 0.00717384 -0.155665 -0.0202786 -0.000202855 -0.153721 
0.0105934 -0.00757956 -0.151777 0.0414654 -0.0149563 -0.149833 0.0723375 -0.022333 -0.14789 
0.10075 -0.0342352 -0.124057 0.103209 -0.0297097 -0.145946 0.115015 -0.0463607 -0.136512 
-0.276975 0.0283599 -0.130459 -0.274515 0.0328854 -0.152347 -0.293581 0.0236112 -0.144857 
0.0934896 -0.0601605 -0.107133 0.126821 -0.0630116 -0.127077 0.124362 -0.0675372 -0.105189 
0.138627 -0.0796626 -0.117643 -0.284235 0.00243461 -0.113534 -0.300842 -0.00231414 -0.127932 
0.119561 -0.0889369 -0.110153 0.100495 -0.0982112 -0.102662 -0.353239 -0.00873728 -0.100497 
-0.35078 -0.00421174 -0.122386 -0.369846 -0.013486 -0.114895 -0.322367 -0.016114 -0.0985532 
-0.319908 -0.0115884 -0.120442 0.0172249 -0.0972577 -0.0771711 0.000618218 -0.102006 -0.0915692 
0.0196844 -0.0927321 -0.0990596 0.0505564 -0.100109 -0.0971158 0.0480969 -0.104634 -0.0752272 
0.0814284 -0.107486 -0.095172 0.0789689 -0.112011 -0.0732834 -0.377106 -0.0394113 -0.0979705 
-0.0517795 -0.10843 -0.0641341 -0.0683862 -0.113178 -0.0785323 -0.04932 -0.103904 -0.0860227 
-0.018448 -0.111281 -0.0840788 -0.0209075 -0.115806 -0.0621903 -0.384367 -0.0653366 -0.0810459 
-0.0899119 -0.126978 -0.0491534 -0.106519 -0.131727 -0.0635515 -0.0874524 -0.122453 -0.0710419 
-0.372561 -0.0819876 -0.0716117 -0.341689 -0.0893643 -0.0696679 -0.344148 -0.0938899 -0.0477794 
-0.310817 -0.096741 -0.0677241 -0.313276 -0.101267 -0.0458355 -0.279945 -0.104118 -0.0657802 
-0.282404 -0.108643 -0.0438917 -0.249073 -0.111494 -0.0638364 -0.251532 -0.11602 -0.0419479 
-0.218201 -0.118871 -0.0618926 -0.22066 -0.123397 -0.0400041 -0.187329 -0.126248 -0.0599488 
-0.189788 -0.130773 -0.0380602 -0.156457 -0.133625 -0.0580049 -0.158916 -0.13815 -0.0361164 
-0.125585 -0.141001 -0.0560611 -0.134047 0.0597548 -0.200309 -0.131587 0.0642803 -0.222198 
-0.150653 0.055006 -0.214708 -0.119781 0.0476293 -0.212764 -0.233923 0.0559596 -0.189216 
-0.231464 0.0604851 -0.211105 -0.25053 0.0512108 -0.203615 -0.200592 0.0531084 -0.209161 
-0.16972 0.0457317 -0.207217 -0.107976 0.0309783 -0.20333 -0.0795631 0.0190761 -0.179497 
-0.0771035 0.0236016 -0.201386 -0.0652977 0.00695063 -0.191952 -0.017819 0.00432269 -0.17561 
-0.0153595 0.00884823 -0.197498 -0.0344257 -0.00042607 -0.190008 0.013053 -0.00305401 -0.173666 
0.0155125 0.00147153 -0.195554 0.043925 -0.0104307 -0.171722 0.0463845 -0.00590517 -0.19361 
0.074797 -0.0178074 -0.169778 0.0772566 -0.0132819 -0.191667 0.105669 -0.0251841 -0.167834 
0.108129 -0.0206586 -0.189723 0.119934 -0.0373096 -0.180289 -0.272056 0.037411 -0.174236 
-0.269596 0.0419365 -0.196124 -0.288662 0.0326622 -0.188634 -0.0534919 -0.00970037 -0.182517 
0.129281 -0.0584861 -0.148966 0.13174 -0.0539606 -0.170854 0.143546 -0.0706116 -0.16142 
-0.34106 0.0262391 -0.161199 -0.3386 0.0307646 -0.183087 -0.357667 0.0214903 -0.175597 
-0.310188 0.0188624 -0.159255 -0.307728 0.0233879 -0.181143 0.136286 -0.0965369 -0.144496 
-0.34832 0.000313801 -0.144274 -0.364927 -0.00443495 -0.158672 -0.317448 -0.0070629 -0.14233 
0.0221439 -0.0882066 -0.120948 0.0055373 -0.0929554 -0.135346 0.0246035 -0.0836811 -0.142837 
0.0554755 -0.0910578 -0.140893 0.053016 -0.0955833 -0.119004 0.0863475 -0.0984345 -0.138949 
0.083888 -0.10296 -0.11706 0.11722 -0.105811 -0.137005 -0.372187 -0.0303602 -0.141748 
-0.0159884 -0.106755 -0.105967 -0.0325951 -0.111504 -0.120366 -0.0135289 -0.10223 -0.127856 
-0.379448 -0.0562855 -0.124823 -0.0849928 -0.117927 -0.0929304 -0.101599 -0.122676 -0.107329 
-0.0825333 -0.113402 -0.114819 -0.0516612 -0.120778 -0.112875 -0.367642 -0.0729365 -0.115389 
-0.370101 -0.0774621 -0.0935002 -0.355836 -0.0895875 -0.105955 -0.123125 -0.136476 -0.0779496 
-0.139732 -0.141224 -0.0923478 -0.120666 -0.13195 -0.0998382 -0.34403 -0.106239 -0.0965204 
-0.313158 -0.113615 -0.0945765 -0.282286 -0.120992 -0.0926327 -0.251414 -0.128369 -0.0906889 
-0.220542 -0.135745 -0.0887451 -0.18967 -0.143122 -0.0868012 -0.158798 -0.150499 -0.0848574 
-0.198132 0.057634 -0.23105 -0.195673 0.0621595 -0.252938 -0.214739 0.0528852 -0.245448 
-0.16726 0.0502573 -0.229106 -0.164801 0.0547828 -0.250994 -0.133928 0.0474061 -0.24905 
-0.122123 0.0307551 -0.239616 0.110588 -0.016133 -0.211611 0.113048 -0.0116075 -0.2335 
0.0939815 -0.0208818 -0.226009 0.14146 -0.0235097 -0.209668 0.14392 -0.0189842 -0.231556 
0.155726 -0.0356352 -0.222122 -0.233805 0.0436109 -0.237957 -0.252871 0.0343366 -0.230467 
-0.110317 0.0141041 -0.230182 -0.0794448 0.00672742 -0.228238 -0.0510323 -0.00517483 -0.204406 
-0.0485728 -0.000649284 -0.226294 -0.0177008 -0.00802598 -0.224351 0.0131713 -0.0154027 -0.222407 
0.0440433 -0.0227794 -0.220463 0.0749153 -0.0301561 -0.218519 0.1342 -0.049435 -0.192743 
0.167531 -0.0522862 -0.212688 0.165072 -0.0568117 -0.190799 0.179337 -0.0689372 -0.203253 
-0.271937 0.0250623 -0.222977 -0.291003 0.015788 -0.215486 0.157811 -0.082737 -0.173874 
0.191143 -0.0855882 -0.193819 0.188683 -0.0901137 -0.171931 0.202949 -0.102239 -0.184385 
-0.340942 0.0138904 -0.20994 -0.360008 0.00461613 -0.202449 -0.31007 0.00651373 -0.207996 
0.057935 -0.0865322 -0.162781 0.0413284 -0.091281 -0.17718 0.0603946 -0.0820067 -0.18467 
0.0912666 -0.0893834 -0.182726 0.0888071 -0.0939089 -0.160838 0.122139 -0.0967601 -0.180782 
0.119679 -0.101286 -0.158894 0.153011 -0.104137 -0.178838 0.183883 -0.111513 -0.176895 
-0.367268 -0.0213092 -0.185525 -0.0110693 -0.0977041 -0.149744 -0.027676 -0.102453 -0.164143 
-0.00860979 -0.0931786 -0.171633 0.0222622 -0.100555 -0.169689 -0.374529 -0.0472345 -0.1686 
-0.0492017 -0.116253 -0.134764 -0.0658083 -0.121001 -0.149162 -0.0467422 -0.111727 -0.156652 
-0.362723 -0.0638855 -0.159166 -0.365182 -0.068411 -0.137277 -0.350917 -0.0805365 -0.149732 
-0.118206 -0.127425 -0.121727 -0.134813 -0.132173 -0.136125 -0.115747 -0.122899 -0.143615 
-0.0848745 -0.130276 -0.141671 -0.339111 -0.0971875 -0.140297 -0.341571 -0.101713 -0.118409 
-0.308239 -0.104564 -0.138354 -0.310699 -0.10909 -0.116465 -0.277367 -0.111941 -0.13641 
-0.279827 -0.116466 -0.114521 -0.246495 -0.119318 -0.134466 -0.248955 -0.123843 -0.112577 
-0.215623 -0.126694 -0.132522 -0.218082 -0.13122 -0.110634 -0.184751 -0.134071 -0.130578 
-0.18721 -0.138596 -0.10869 -0.153879 -0.141448 -0.128634 -0.156338 -0.145973 -0.106746 
-0.162341 0.0593084 -0.272883 -0.159881 0.0638339 -0.294771 -0.178948 0.0545596 -0.287281 
-0.131469 0.0519316 -0.270939 -0.129009 0.0564572 -0.292828 -0.117204 0.0398062 -0.283393 
0.146379 -0.0144586 -0.253445 0.148839 -0.00993311 -0.275333 0.129773 -0.0192074 -0.267843 
0.160645 -0.0265841 -0.265899 -0.198014 0.0452853 -0.279791 -0.21708 0.036011 -0.2723 
-0.107857 0.0186297 -0.252071 -0.105398 0.0231552 -0.273959 -0.0769853 0.011253 -0.250127 
-0.0745257 0.0157785 -0.272015 -0.0627199 -0.000872498 -0.262581 0.0156308 -0.0108771 -0.244295 
0.0180903 -0.0063516 -0.266184 -0.000975845 -0.0156259 -0.258693 0.0465028 -0.0182538 -0.242351 
0.0489624 -0.0137283 -0.26424 0.0773748 -0.0256305 -0.240408 0.0798344 -0.021105 -0.262296 
0.110706 -0.0284817 -0.260352 0.169991 -0.0477606 -0.234576 0.17245 -0.0432351 -0.256465 
0.184256 -0.0598861 -0.24703 -0.236146 0.0267367 -0.26481 -0.255212 0.0174624 -0.257319 
-0.050914 -0.0175235 -0.253147 -0.020042 -0.0249002 -0.251203 0.193603 -0.0810626 -0.215708 
0.196062 -0.0765371 -0.237596 0.207868 -0.0931881 -0.228162 -0.274279 0.00818811 -0.249829 
-0.293345 -0.00108619 -0.242339 0.0628541 -0.0774811 -0.206558 0.0462475 -0.0822299 -0.220957 
0.0653137 -0.0729556 -0.228447 0.0961857 -0.0803323 -0.226503 0.0937262 -0.0848578 -0.204615 
0.127058 -0.087709 -0.224559 0.124598 -0.0922345 -0.202671 0.138864 -0.10436 -0.215125 
0.200608 -0.119113 -0.211237 -0.343283 -0.00298379 -0.236792 -0.362349 -0.0122581 -0.229302 
-0.312411 -0.0103605 -0.234848 0.0247218 -0.0960297 -0.191578 0.00811513 -0.100778 -0.205976 
0.0271813 -0.0915042 -0.213466 0.150669 -0.121011 -0.205691 0.181541 -0.128388 -0.203747 
-0.350543 -0.0289091 -0.219868 -0.353003 -0.0334346 -0.197979 -0.338737 -0.0455601 -0.210433 
-0.0442826 -0.107202 -0.178541 -0.0608893 -0.11195 -0.192939 -0.0418231 -0.102676 -0.200429 
-0.0109511 -0.110053 -0.198485 -0.360263 -0.0593599 -0.181054 -0.345998 -0.0714854 -0.193509 
-0.082415 -0.12575 -0.16356 -0.0990216 -0.130499 -0.177958 -0.0799554 -0.121225 -0.185448 
-0.334192 -0.0881364 -0.184074 -0.336651 -0.0926619 -0.162186 -0.30332 -0.0955131 -0.182131 
-0.305779 -0.100039 -0.160242 -0.272448 -0.10289 -0.180187 -0.274907 -0.107415 -0.158298 
-0.241576 -0.110266 -0.178243 -0.244035 -0.114792 -0.156354 -0.210704 -0.117643 -0.176299 
-0.213163 -0.122169 -0.154411 -0.179832 -0.12502 -0.174355 -0.182291 -0.129545 -0.152467 
-0.14896 -0.132397 -0.172412 -0.151419 -0.136922 -0.150523 -0.118088 -0.139773 -0.170468 
-0.157422 0.0683594 -0.31666 -0.154962 0.072885 -0.338548 -0.174029 0.0636107 -0.331058 
-0.12655 0.0609827 -0.314716 -0.12409 0.0655083 -0.336605 -0.112284 0.0488573 -0.32717 
-0.195554 0.0498108 -0.301679 -0.193095 0.0543364 -0.323568 -0.212161 0.0450621 -0.316077 
-0.102938 0.0276807 -0.295848 -0.100479 0.0322063 -0.317736 -0.0720662 0.020304 -0.293904 
-0.0696066 0.0248296 -0.315792 -0.0578008 0.00817858 -0.306358 0.113166 -0.0239562 -0.282241 
0.115625 -0.0194306 -0.304129 0.0965593 -0.0287049 -0.296639 0.146498 -0.0268073 -0.302186 
0.17491 -0.0387096 -0.278353 0.17737 -0.034184 -0.300242 0.189175 -0.050835 -0.290808 
-0.219421 0.0191368 -0.299153 -0.0484545 -0.012998 -0.275035 -0.045995 -0.00847241 -0.296924 
-0.0175825 -0.0203747 -0.273092 -0.0151229 -0.0158491 -0.29498 0.0157491 -0.0232258 -0.293036 
0.0466211 -0.0306025 -0.291092 0.0774931 -0.0379792 -0.289149 0.198522 -0.0720116 -0.259485 
0.200981 -0.067486 -0.281373 0.212787 -0.084137 -0.271939 -0.238487 0.00986249 -0.291662 
-0.257554 0.000588195 -0.284172 0.129517 -0.0831834 -0.246448 0.112911 -0.0879322 -0.260846 
0.131977 -0.0786579 -0.268336 0.143783 -0.0953089 -0.258902 0.222133 -0.105314 -0.240616 
0.224593 -0.100788 -0.262505 0.236399 -0.117439 -0.253071 -0.27662 -0.0086861 -0.276682 
-0.295686 -0.0179604 -0.269191 0.0296409 -0.0869786 -0.235355 0.0130342 -0.0917274 -0.249753 
0.0321004 -0.0824531 -0.257243 0.0629724 -0.0898298 -0.255299 0.0938444 -0.0972065 -0.253356 
0.155588 -0.11196 -0.249468 0.153129 -0.116485 -0.227579 0.18646 -0.119337 -0.247524 
0.184001 -0.123862 -0.225636 0.217333 -0.126713 -0.24558 -0.348084 -0.0243835 -0.241756 
-0.333818 -0.036509 -0.25421 -0.314752 -0.0272347 -0.261701 -0.00849151 -0.105527 -0.220374 
-0.0250982 -0.110276 -0.234772 -0.00603197 -0.101002 -0.242262 -0.341079 -0.0624343 -0.237286 
-0.0632305 -0.128825 -0.219791 -0.0441643 -0.11955 -0.227282 -0.329273 -0.0790853 -0.227852 
-0.331732 -0.0836108 -0.205963 -0.298401 -0.086462 -0.225908 -0.30086 -0.0909875 -0.204019 
-0.267529 -0.0938387 -0.223964 -0.269988 -0.0983642 -0.202075 -0.255723 -0.11049 -0.21453 
-0.1465 -0.127871 -0.1943 -0.163107 -0.13262 -0.208698 -0.144041 -0.123345 -0.216189 
-0.113169 -0.130722 -0.214245 -0.115628 -0.135248 -0.192356 -0.0822967 -0.138099 -0.212301 
-0.243917 -0.127141 -0.205095 -0.213045 -0.134517 -0.203152 -0.182173 -0.141894 -0.201208 
-0.121631 0.0700338 -0.358493 -0.119171 0.0745594 -0.380382 -0.138237 0.0652851 -0.372891 
-0.0907588 0.0626571 -0.356549 -0.0882992 0.0671827 -0.378438 -0.0764934 0.0505317 -0.369004 
-0.157304 0.0560108 -0.365401 -0.17637 0.0467365 -0.357911 -0.0980191 0.0367318 -0.339625 
-0.0646875 0.0338807 -0.359569 -0.0671471 0.0293551 -0.337681 -0.0528817 0.0172297 -0.350135 
0.179829 -0.0296585 -0.32213 0.182289 -0.0251329 -0.344019 0.163222 -0.0344072 -0.336528 
0.210701 -0.0370352 -0.320186 0.213161 -0.0325096 -0.342075 0.224966 -0.0491606 -0.332641 
-0.195436 0.0374622 -0.35042 -0.214502 0.0281879 -0.34293 -0.0435354 -0.00394687 -0.318812 
-0.0410759 0.00057867 -0.340701 -0.0126634 -0.0113236 -0.316869 -0.0102039 -0.00679803 -0.338757 
0.0182086 -0.0187003 -0.314925 0.0206682 -0.0141747 -0.336813 0.0490806 -0.026077 -0.312981 
0.0515402 -0.0215514 -0.33487 0.0799527 -0.0334537 -0.311037 0.0824122 -0.0289281 -0.332926 
0.113284 -0.0363048 -0.330982 0.144156 -0.0436815 -0.329038 0.203441 -0.0629605 -0.303262 
0.236772 -0.0658116 -0.323207 0.234313 -0.0703372 -0.301318 0.248578 -0.0824626 -0.313772 
-0.236028 0.014388 -0.313551 -0.233568 0.0189136 -0.335439 -0.252635 0.00963928 -0.327949 
0.227052 -0.0962625 -0.284393 0.241318 -0.108388 -0.296848 -0.27416 -0.00416056 -0.29857 
-0.271701 0.00036498 -0.320459 -0.290767 -0.00890932 -0.312968 0.065432 -0.0853043 -0.277188 
0.0488253 -0.090053 -0.291586 0.0678915 -0.0807787 -0.299076 0.0987635 -0.0881554 -0.297133 
0.096304 -0.092681 -0.275244 0.129636 -0.0955321 -0.295189 0.160508 -0.102909 -0.293245 
0.158048 -0.107434 -0.271356 0.19138 -0.110286 -0.291301 0.18892 -0.114811 -0.269413 
0.222252 -0.117662 -0.289357 0.219792 -0.122188 -0.267469 -0.312293 -0.0227092 -0.283589 
-0.309833 -0.0181836 -0.305478 -0.328899 -0.0274579 -0.297987 -0.00357242 -0.0964762 -0.264151 
-0.0201791 -0.101225 -0.278549 -0.00111288 -0.0919506 -0.28604 0.0297591 -0.0993273 -0.284096 
-0.33616 -0.0533832 -0.281063 -0.0417048 -0.115025 -0.24917 -0.0583114 -0.119773 -0.263568 
-0.0392452 -0.110499 -0.271059 -0.324354 -0.0700342 -0.271629 -0.326813 -0.0745597 -0.24974 
-0.293482 -0.0774109 -0.269685 -0.295941 -0.0819364 -0.247796 -0.281676 -0.0940619 -0.260251 
-0.0798372 -0.133573 -0.234189 -0.0964438 -0.138322 -0.248588 -0.0773776 -0.129048 -0.256078 
-0.26987 -0.110713 -0.250816 -0.238998 -0.11809 -0.248873 -0.241458 -0.122615 -0.226984 
-0.208126 -0.125466 -0.246929 -0.210586 -0.129992 -0.22504 -0.177254 -0.132843 -0.244985 
-0.179714 -0.137369 -0.223096 -0.146382 -0.14022 -0.243041 -0.11551 -0.147596 -0.241097 
-0.0858397 0.0717082 -0.400326 -0.0833801 0.0762337 -0.422215 -0.102446 0.0669594 -0.414725 
-0.0715743 0.0595827 -0.412781 -0.154844 0.0605363 -0.387289 -0.152385 0.0650618 -0.409178 
-0.171451 0.0557875 -0.401688 -0.121512 0.0576851 -0.407234 -0.062228 0.0384062 -0.381458 
-0.0597685 0.0429317 -0.403347 -0.0479626 0.0262807 -0.393912 0.184748 -0.0206074 -0.365907 
0.187208 -0.0160819 -0.387796 0.168141 -0.0253561 -0.380305 0.21562 -0.0279841 -0.363964 
0.21808 -0.0234586 -0.385852 0.229886 -0.0401095 -0.376418 -0.192976 0.0419877 -0.372309 
-0.190517 0.0465133 -0.394197 -0.209583 0.037239 -0.386707 -0.0386163 0.00510421 -0.36259 
-0.0361568 0.00962975 -0.384478 -0.00774431 -0.00227249 -0.360646 -0.00528477 0.00225305 -0.382534 
0.0231277 -0.00964919 -0.358702 0.0255872 -0.00512365 -0.38059 0.0539997 -0.0170259 -0.356758 
0.0564593 -0.0125003 -0.378647 0.0848717 -0.0244026 -0.354814 0.0873313 -0.019877 -0.376703 
0.115744 -0.0317793 -0.35287 0.118203 -0.0272537 -0.374759 0.146616 -0.039156 -0.350927 
0.149075 -0.0346304 -0.372815 0.239232 -0.0612861 -0.345095 0.241691 -0.0567605 -0.366984 
0.253497 -0.0734115 -0.357549 -0.216843 0.0113137 -0.369782 0.246237 -0.0993368 -0.340625 
-0.23591 0.00203936 -0.362292 -0.254976 -0.00723493 -0.354801 0.101223 -0.0836299 -0.319021 
0.0846164 -0.0883786 -0.333419 0.103683 -0.0791043 -0.34091 0.134555 -0.086481 -0.338966 
0.132095 -0.0910066 -0.317077 0.165427 -0.0938577 -0.337022 0.162967 -0.0983833 -0.315134 
0.196299 -0.101234 -0.335078 0.193839 -0.10576 -0.31319 0.208104 -0.117885 -0.325644 
0.238977 -0.125262 -0.3237 -0.274042 -0.0165092 -0.347311 -0.293108 -0.0257835 -0.339821 
0.0322187 -0.0948018 -0.305984 0.015612 -0.0995505 -0.320382 0.0346782 -0.0902762 -0.327873 
0.0655502 -0.0976529 -0.325929 0.21991 -0.134536 -0.31621 -0.312174 -0.0350578 -0.33233 
-0.331241 -0.0443321 -0.32484 -0.0225203 -0.118099 -0.305402 -0.00345414 -0.108825 -0.312892 
-0.319435 -0.0609831 -0.315406 -0.321894 -0.0655087 -0.293517 -0.307629 -0.0776341 -0.305971 
-0.0749181 -0.124522 -0.277967 -0.0915247 -0.129271 -0.292365 -0.0724585 -0.119997 -0.299855 
-0.0415865 -0.127373 -0.297911 -0.295823 -0.0942851 -0.296537 -0.264951 -0.101662 -0.294593 
-0.267411 -0.106187 -0.272705 -0.234079 -0.109039 -0.29265 -0.236539 -0.113564 -0.270761 
-0.203207 -0.116415 -0.290706 -0.205666 -0.120941 -0.268817 -0.172335 -0.123792 -0.288762 
-0.174794 -0.128317 -0.266873 -0.141463 -0.131169 -0.286818 -0.143922 -0.135694 -0.26493 
-0.110591 -0.138545 -0.284874 -0.11305 -0.143071 -0.262986 -0.0809206 0.0807593 -0.444103 
-0.078461 0.0852848 -0.465992 -0.0975272 0.0760105 -0.458502 -0.0666552 0.0686338 -0.456558 
-0.119053 0.0622107 -0.429123 -0.116593 0.0667362 -0.451011 -0.13566 0.0574619 -0.443521 
-0.0573089 0.0474573 -0.425235 -0.0548494 0.0519828 -0.447124 -0.0264369 0.0400806 -0.423291 
-0.0239774 0.0446061 -0.44518 0.00443512 0.0327039 -0.421347 0.00689467 0.0372294 -0.443236 
0.0353071 0.0253272 -0.419404 0.0377667 0.0298527 -0.441292 0.0661792 0.0179505 -0.41746 
0.0686387 0.022476 -0.439348 0.0970512 0.0105738 -0.415516 0.0995107 0.0150993 -0.437404 
0.127923 0.00319709 -0.413572 0.130383 0.00772263 -0.435461 0.158795 -0.00417961 -0.411628 
0.161255 0.000345931 -0.433517 0.189667 -0.0115563 -0.409684 0.192127 -0.00703077 -0.431573 
0.220539 -0.018933 -0.407741 0.222999 -0.0144075 -0.429629 0.251411 -0.0263097 -0.405797 
0.253871 -0.0217842 -0.427685 0.265677 -0.0384352 -0.418251 -0.154726 0.0481876 -0.43603 
-0.173792 0.0389133 -0.42854 -0.0336972 0.0141553 -0.406367 -0.00282523 0.00677859 -0.404423 
0.0280468 -0.000598105 -0.402479 0.0589188 -0.0079748 -0.400535 0.0897908 -0.0153515 -0.398591 
0.120663 -0.0227282 -0.396647 0.151535 -0.0301049 -0.394704 0.244151 -0.052235 -0.388872 
0.258416 -0.0643605 -0.401327 -0.192858 0.029639 -0.42105 -0.211924 0.0203647 -0.413559 
0.267763 -0.085537 -0.370004 0.270222 -0.0810115 -0.391892 0.282028 -0.0976624 -0.382458 
-0.219185 -0.00556055 -0.396635 0.137014 -0.0819555 -0.360854 0.120408 -0.0867042 -0.375253 
0.139474 -0.07743 -0.382743 0.170346 -0.0848067 -0.380799 0.167886 -0.0893322 -0.358911 
0.201218 -0.0921834 -0.378855 0.198758 -0.0967089 -0.356967 0.213024 -0.108834 -0.369421 
0.260502 -0.111462 -0.353079 0.274768 -0.123588 -0.365533 -0.238251 -0.0148348 -0.389144 
-0.257317 -0.0241091 -0.381654 0.0371378 -0.0857507 -0.349761 0.0205311 -0.0904994 -0.364159 
0.0395973 -0.0812251 -0.37165 0.0704693 -0.0886018 -0.369706 0.0680098 -0.0931274 -0.347818 
0.101341 -0.0959785 -0.367762 0.224829 -0.125485 -0.359987 0.22237 -0.130011 -0.338098 
0.255701 -0.132862 -0.358043 -0.278843 -0.037909 -0.352275 -0.264577 -0.0500344 -0.364729 
-0.0009946 -0.104299 -0.334781 -0.0176012 -0.109048 -0.349179 0.00146494 -0.0997737 -0.356669 
-0.316975 -0.0564576 -0.337294 -0.30271 -0.068583 -0.349749 -0.283644 -0.0593087 -0.357239 
-0.039127 -0.122848 -0.3198 -0.0557336 -0.127597 -0.334198 -0.0366674 -0.118322 -0.341688 
-0.290904 -0.085234 -0.340314 -0.293363 -0.0897596 -0.318426 -0.260032 -0.0926107 -0.338371 
-0.262491 -0.0971363 -0.316482 -0.22916 -0.0999874 -0.336427 -0.231619 -0.104513 -0.314538 
-0.198288 -0.107364 -0.334483 -0.200747 -0.11189 -0.312594 -0.186482 -0.124015 -0.325049 
-0.108131 -0.13402 -0.306763 -0.124738 -0.138769 -0.321161 -0.105672 -0.129494 -0.328651 
-0.0747998 -0.136871 -0.326708 -0.174676 -0.140666 -0.315614 -0.143804 -0.148043 -0.313671 
0.161884 0.115949 -0.525048 0.164343 0.120475 -0.546936 0.145277 0.111201 -0.539446 
0.176149 0.103824 -0.537502 0.0928793 0.104777 -0.512011 0.0953388 0.109303 -0.533899 
0.0762727 0.100029 -0.526409 0.123751 0.0974008 -0.510067 0.126211 0.101926 -0.531955 
0.154623 0.0900241 -0.508123 0.168889 0.0778986 -0.520577 0.0547469 0.0862289 -0.49703 
0.0572065 0.0907544 -0.518918 0.0381403 0.0814801 -0.511428 0.0856189 0.0788522 -0.495086 
0.116491 0.0714755 -0.493142 0.147363 0.0640988 -0.491198 0.180695 0.0612476 -0.511143 
0.178235 0.0567221 -0.489255 0.1925 0.0445966 -0.501709 -0.0142575 0.075057 -0.483993 
-0.0117979 0.0795825 -0.505881 -0.0308641 0.0703082 -0.498391 0.0166146 0.0676803 -0.482049 
0.0190741 0.0722058 -0.503938 0.0474866 0.0603036 -0.480105 0.0783586 0.0529269 -0.478161 
0.109231 0.0455502 -0.476218 0.140103 0.0381735 -0.474274 0.170975 0.0307968 -0.47233 
0.204306 0.0279456 -0.492275 0.201847 0.0234201 -0.470386 0.216112 0.0112946 -0.48284 
-0.114134 0.0712618 -0.4729 -0.111674 0.0757873 -0.494788 -0.130741 0.066513 -0.487298 
-0.0808023 0.0684106 -0.492844 -0.0523898 0.0565084 -0.469012 -0.0499303 0.0610339 -0.490901 
-0.0215178 0.0491317 -0.467068 0.00935421 0.041755 -0.465124 0.0402262 0.0343783 -0.463181 
0.0710982 0.0270016 -0.461237 0.10197 0.0196249 -0.459293 0.132842 0.0122482 -0.457349 
0.163714 0.00487147 -0.455405 0.194586 -0.00250523 -0.453461 0.227918 -0.00535639 -0.473406 
0.225458 -0.00988193 -0.451518 0.25633 -0.0172586 -0.449574 0.25879 -0.0127331 -0.471462 
0.270596 -0.0293841 -0.462028 -0.152266 0.0527132 -0.457919 -0.149807 0.0572387 -0.479808 
-0.168873 0.0479644 -0.472317 0.279942 -0.0505606 -0.430705 0.282402 -0.0460351 -0.452594 
0.294207 -0.0626861 -0.44316 -0.176133 0.0220391 -0.455393 0.272682 -0.0764859 -0.413781 
0.286947 -0.0886114 -0.426235 -0.195199 0.0127648 -0.447902 -0.214266 0.00349053 -0.440412 
0.172805 -0.0802811 -0.402688 0.156199 -0.0850299 -0.417086 0.175265 -0.0757556 -0.424576 
0.187071 -0.0924066 -0.415142 0.279687 -0.114537 -0.409311 -0.221526 -0.0224348 -0.423487 
0.0729289 -0.0840763 -0.391595 0.0563222 -0.0888251 -0.405993 0.0753884 -0.0795508 -0.413483 
0.10626 -0.0869275 -0.411539 0.103801 -0.091453 -0.389651 0.137132 -0.0943042 -0.409595 
0.198876 -0.109058 -0.405708 0.229749 -0.116434 -0.403764 0.227289 -0.12096 -0.381875 
0.260621 -0.123811 -0.40182 0.258161 -0.128337 -0.379932 -0.240592 -0.0317091 -0.415997 
-0.259658 -0.0409834 -0.408506 0.00392449 -0.0952482 -0.378558 -0.0126822 -0.099997 -0.392956 
0.00638403 -0.0907227 -0.400446 0.037256 -0.0980994 -0.398502 -0.266919 -0.0669087 -0.391582 
-0.0342079 -0.113797 -0.363577 -0.0508145 -0.118546 -0.377975 -0.0317483 -0.109271 -0.385465 
-0.288444 -0.0807085 -0.362203 -0.255113 -0.0835596 -0.382148 -0.257572 -0.0880852 -0.360259 
-0.243307 -0.100211 -0.372713 -0.103212 -0.124969 -0.35054 -0.119819 -0.129717 -0.364938 
-0.100753 -0.120443 -0.372428 -0.0698807 -0.12782 -0.370485 -0.0723402 -0.132345 -0.348596 
-0.231501 -0.116862 -0.363279 -0.200629 -0.124238 -0.361335 -0.169757 -0.131615 -0.359392 
-0.172217 -0.136141 -0.337503 -0.138885 -0.138992 -0.357448 -0.141345 -0.143517 -0.335559 
0.235807 0.136172 -0.581862 0.238267 0.140698 -0.60375 0.219201 0.131424 -0.59626 
0.250073 0.124047 -0.594316 0.166803 0.125 -0.568825 0.169262 0.129526 -0.590713 
0.150196 0.120252 -0.583223 0.197675 0.117624 -0.566881 0.200134 0.122149 -0.588769 
0.228547 0.110247 -0.564937 0.242812 0.0981216 -0.577391 0.0977984 0.113829 -0.555788 
0.100258 0.118354 -0.577676 0.0811917 0.10908 -0.570186 0.12867 0.106452 -0.553844 
0.13113 0.110977 -0.575732 0.190414 0.0916984 -0.549956 0.221286 0.0843217 -0.548012 
0.254618 0.0814706 -0.567957 0.252158 0.076945 -0.546069 0.266424 0.0648196 -0.558523 
-0.00207803 0.110033 -0.544695 0.000381517 0.114559 -0.566583 -0.0186847 0.105285 -0.559093 
0.028794 0.102657 -0.542751 0.0312535 0.107182 -0.564639 0.059666 0.0952799 -0.540807 
0.0621256 0.0998055 -0.562695 0.183154 0.0657731 -0.533032 0.214026 0.0583964 -0.531088 
0.244898 0.0510197 -0.529144 0.27823 0.0481686 -0.549089 0.27577 0.043643 -0.5272 
0.290036 0.0315176 -0.539654 -0.0402104 0.0914847 -0.529714 -0.0377508 0.0960103 -0.551602 
-0.056817 0.086736 -0.544112 -0.00933837 0.084108 -0.52777 0.0215336 0.0767313 -0.525826 
0.206766 0.0324712 -0.514163 0.237638 0.0250944 -0.512219 0.26851 0.0177178 -0.510275 
0.301841 0.0148666 -0.53022 0.299382 0.0103411 -0.508332 0.330254 0.00296435 -0.506388 
0.332713 0.00748989 -0.528276 0.344519 -0.0091611 -0.518842 -0.0783428 0.0729362 -0.514733 
-0.0758832 0.0774617 -0.536622 -0.0949494 0.0681874 -0.529131 -0.0474707 0.0655595 -0.512789 
0.230377 -0.000830844 -0.495295 0.261249 -0.00820754 -0.493351 0.275515 -0.020333 -0.505805 
0.294581 -0.0110587 -0.513296 0.325453 -0.0184354 -0.511352 -0.114016 0.0589131 -0.521641 
-0.133082 0.0496388 -0.51415 0.284861 -0.0415095 -0.474482 0.287321 -0.036984 -0.496371 
0.299126 -0.053635 -0.486937 -0.152148 0.0403645 -0.50666 -0.171214 0.0310902 -0.49917 
0.308473 -0.0748115 -0.455614 0.310932 -0.070286 -0.477503 0.322738 -0.086937 -0.468068 
-0.178474 0.00516492 -0.482245 0.301212 -0.100737 -0.438689 0.315478 -0.112862 -0.451144 
-0.197541 -0.00410938 -0.474755 -0.216607 -0.0133837 -0.467264 0.10872 -0.0824019 -0.433428 
0.0921133 -0.0871507 -0.447826 0.11118 -0.0778764 -0.455316 0.142052 -0.0852531 -0.453373 
0.139592 -0.0897786 -0.431484 0.172924 -0.0926298 -0.451429 0.203796 -0.100006 -0.449485 
0.201336 -0.104532 -0.427596 0.234668 -0.107383 -0.447541 0.232208 -0.111909 -0.425653 
0.26554 -0.11476 -0.445597 0.26308 -0.119285 -0.423709 0.296412 -0.122137 -0.443653 
-0.223867 -0.039309 -0.45034 0.0397156 -0.0935738 -0.420391 0.0231089 -0.0983226 -0.434789 
0.0421751 -0.0890483 -0.442279 0.0730472 -0.096425 -0.440336 -0.242933 -0.0485833 -0.442849 
-0.262 -0.0578576 -0.435359 -0.0292888 -0.104746 -0.407354 -0.0458954 -0.109494 -0.421752 
-0.0268293 -0.10022 -0.429242 0.00404277 -0.107597 -0.427299 -0.250194 -0.0745086 -0.425925 
-0.252653 -0.0790341 -0.404036 -0.238388 -0.0911596 -0.41649 -0.0982932 -0.115918 -0.394317 
-0.1149 -0.120666 -0.408715 -0.0958336 -0.111392 -0.416206 -0.0649616 -0.118769 -0.414262 
-0.0674212 -0.123294 -0.392373 -0.226582 -0.107811 -0.407056 -0.229042 -0.112336 -0.385168 
-0.19571 -0.115187 -0.405112 -0.19817 -0.119713 -0.383224 -0.164838 -0.122564 -0.403169 
-0.167298 -0.12709 -0.38128 -0.133966 -0.129941 -0.401225 -0.136426 -0.134466 -0.379336 
0.233466 0.119298 -0.608714 0.133589 0.115503 -0.597621 0.136049 0.120028 -0.619509 
0.116983 0.110754 -0.612019 0.166921 0.112652 -0.617566 0.197793 0.105275 -0.615622 
0.228665 0.0978984 -0.613678 0.259537 0.0905217 -0.611734 0.257078 0.0859961 -0.589846 
0.28795 0.0786194 -0.587902 0.290409 0.083145 -0.60979 0.318822 0.0712427 -0.585958 
0.321281 0.0757683 -0.607846 0.333087 0.0591173 -0.598412 0.0337131 0.111708 -0.586528 
0.0361726 0.116233 -0.608416 0.0171064 0.106959 -0.600926 0.0645851 0.104331 -0.584584 
0.0670446 0.108857 -0.606472 0.0979167 0.10148 -0.604529 0.280689 0.0526941 -0.570977 
0.311561 0.0453174 -0.569033 0.344893 0.0424663 -0.588978 0.342433 0.0379407 -0.567089 
0.356699 0.0258153 -0.579544 -0.00195974 0.0976847 -0.593436 -0.0210259 0.0884104 -0.585945 
0.304301 0.0193921 -0.552109 0.335173 0.0120154 -0.550165 0.349438 -0.000110022 -0.562619 
-0.0400921 0.0791361 -0.578455 -0.0591583 0.0698618 -0.570964 0.342178 -0.0260353 -0.545695 
-0.0782245 0.0605875 -0.563474 -0.0972907 0.0513132 -0.555984 0.28978 -0.0324585 -0.51826 
0.320652 -0.0398352 -0.516316 0.334918 -0.0519606 -0.52877 -0.116357 0.0420389 -0.548493 
-0.135423 0.0327646 -0.541003 0.313392 -0.0657604 -0.499391 0.327657 -0.0778859 -0.511845 
-0.154489 0.0234903 -0.533512 -0.173555 0.014216 -0.526022 0.320397 -0.103811 -0.494921 
-0.180816 -0.0117093 -0.509097 0.175383 -0.0881042 -0.473317 0.158776 -0.092853 -0.487715 
0.177843 -0.0835787 -0.495206 0.208715 -0.0909554 -0.493262 0.206255 -0.0954809 -0.471373 
0.239587 -0.0983321 -0.491318 0.237127 -0.102858 -0.46943 0.270459 -0.105709 -0.489374 
0.267999 -0.110234 -0.467486 0.301331 -0.113085 -0.48743 0.298871 -0.117611 -0.465542 
-0.199882 -0.0209836 -0.501607 -0.218948 -0.0302579 -0.494117 0.0446347 -0.0845227 -0.464168 
0.028028 -0.0892715 -0.478566 0.0470942 -0.0799972 -0.486056 0.0779662 -0.0873739 -0.484113 
0.0755067 -0.0918994 -0.462224 0.108838 -0.0947506 -0.482169 0.13971 -0.102127 -0.480225 
-0.226208 -0.0561832 -0.477192 0.00650231 -0.103071 -0.449187 -0.0101043 -0.10782 -0.463585 
0.00896185 -0.0985458 -0.471076 -0.247734 -0.069983 -0.447813 -0.233469 -0.0821085 -0.460267 
-0.0625021 -0.114243 -0.43615 -0.0791087 -0.118992 -0.450548 -0.0600425 -0.109718 -0.458039 
-0.0291705 -0.117094 -0.456095 -0.221663 -0.0987595 -0.450833 -0.224123 -0.103285 -0.428945 
-0.190791 -0.106136 -0.448889 -0.19325 -0.110662 -0.427001 -0.159919 -0.113513 -0.446946 
-0.162378 -0.118038 -0.425057 -0.129047 -0.12089 -0.445002 -0.131506 -0.125415 -0.423113 
-0.0981749 -0.128266 -0.443058 0.0695042 0.113382 -0.628361 0.0719637 0.117908 -0.65025 
0.0528975 0.108633 -0.642759 0.100376 0.106005 -0.626417 0.102836 0.110531 -0.648306 
0.133708 0.103154 -0.646362 0.16212 0.091252 -0.62253 0.145514 0.0865033 -0.636928 
0.192992 0.0838753 -0.620586 0.223864 0.0764986 -0.618642 0.254736 0.0691219 -0.616698 
0.285608 0.0617452 -0.614754 0.31648 0.0543685 -0.61281 0.0338314 0.0993591 -0.635269 
0.0147652 0.0900848 -0.627778 0.157319 0.0698523 -0.627494 0.188191 0.0624756 -0.62555 
0.219063 0.0550989 -0.623606 0.249935 0.0477222 -0.621662 0.280807 0.0403455 -0.619718 
0.31168 0.0329688 -0.617774 0.342552 0.0255921 -0.615831 0.370964 0.0136898 -0.591998 
0.373424 0.0182154 -0.613887 0.385229 0.00156436 -0.604452 -0.00430101 0.0808105 -0.620288 
-0.0233672 0.0715362 -0.612798 0.347097 -0.0169842 -0.589472 0.366163 -0.00770994 -0.596962 
-0.0424334 0.0622619 -0.605307 -0.0614996 0.0529876 -0.597817 0.358903 -0.0336352 -0.580037 
0.356443 -0.0381608 -0.558149 0.370709 -0.0502862 -0.570603 -0.0805657 0.0437133 -0.590326 
-0.0996319 0.034439 -0.582836 0.349183 -0.0640861 -0.541224 0.363448 -0.0762115 -0.553679 
-0.118698 0.0251647 -0.575346 -0.137764 0.0158904 -0.567855 0.341923 -0.0900114 -0.5243 
0.356188 -0.102137 -0.536754 -0.15929 0.00209054 -0.538476 -0.145025 -0.0100349 -0.550931 
0.180302 -0.0790532 -0.517094 0.163696 -0.0838019 -0.531492 0.182762 -0.0745276 -0.538983 
0.213634 -0.0819043 -0.537039 0.211174 -0.0864299 -0.51515 0.244506 -0.089281 -0.535095 
0.242046 -0.0938066 -0.513207 0.275378 -0.0966577 -0.533151 0.272918 -0.101183 -0.511263 
0.30625 -0.104034 -0.531208 0.30379 -0.10856 -0.509319 0.337122 -0.111411 -0.529264 
-0.164091 -0.0193092 -0.54344 -0.183157 -0.0285835 -0.53595 0.0804258 -0.0828483 -0.506001 
0.0638191 -0.0875971 -0.520399 0.0828853 -0.0783228 -0.52789 0.113757 -0.0856995 -0.525946 
0.111298 -0.090225 -0.504057 0.144629 -0.0930762 -0.524002 0.14217 -0.0976017 -0.502114 
-0.204683 -0.0423833 -0.506571 -0.190417 -0.0545088 -0.519025 0.0114214 -0.0940202 -0.492964 
-0.00518524 -0.098769 -0.507362 0.0138809 -0.0894947 -0.514853 0.044753 -0.0968714 -0.512909 
-0.211943 -0.0683086 -0.489646 -0.197678 -0.0804341 -0.502101 -0.026711 -0.112569 -0.477983 
-0.0433176 -0.117318 -0.492382 -0.0242514 -0.108043 -0.499872 -0.219203 -0.0942339 -0.472722 
-0.204938 -0.106359 -0.485176 -0.157459 -0.108987 -0.468834 -0.174066 -0.113736 -0.483232 
-0.155 -0.104462 -0.490723 -0.124128 -0.111838 -0.488779 -0.126587 -0.116364 -0.46689 
-0.0932558 -0.119215 -0.486835 -0.0957154 -0.123741 -0.464947 -0.0623838 -0.126592 -0.484891 
-0.193132 -0.12301 -0.475742 0.0671629 0.0965079 -0.655213 0.0980349 0.0891312 -0.65327 
0.128907 0.0817545 -0.651326 0.0290306 0.0779593 -0.640233 0.0432959 0.0658338 -0.652687 
0.0623621 0.0751081 -0.660177 0.0932341 0.0677314 -0.658234 0.121647 0.0558292 -0.634401 
0.10504 0.0510804 -0.648799 0.152519 0.0484525 -0.632457 0.183391 0.0410758 -0.630514 
0.197656 0.0289503 -0.642968 0.216722 0.0382246 -0.650458 0.247594 0.0308479 -0.648514 
0.278466 0.0234712 -0.646571 0.309338 0.0160945 -0.644627 0.34021 0.00871785 -0.642683 
0.371082 0.00134115 -0.640739 0.399495 -0.0105611 -0.616907 0.401954 -0.00603555 -0.638795 
0.41376 -0.0226866 -0.629361 -0.00664227 0.0639362 -0.647141 -0.0257085 0.054662 -0.63965 
0.0242298 0.0565596 -0.645197 0.116846 0.0344294 -0.639365 0.147718 0.0270528 -0.637421 
0.17859 0.0196761 -0.635478 0.361362 -0.0291097 -0.601926 0.375628 -0.0412351 -0.61438 
0.394694 -0.0319608 -0.621871 -0.0472342 0.0408621 -0.610271 -0.0329688 0.0287367 -0.622725 
0.384974 -0.0624117 -0.583058 0.387434 -0.0578861 -0.604946 0.399239 -0.0745371 -0.595512 
-0.0853665 0.0223135 -0.59529 -0.0711012 0.0101881 -0.607745 -0.052035 0.0194624 -0.615235 
0.361107 -0.0930857 -0.580531 0.380173 -0.0838114 -0.588022 -0.121039 0.00829047 -0.602198 
-0.140106 -0.00098383 -0.594708 -0.0901674 0.000913767 -0.600254 0.185221 -0.0700021 -0.560871 
0.168615 -0.0747508 -0.57527 0.187681 -0.0654765 -0.58276 0.218553 -0.0728532 -0.580816 
0.216093 -0.0773788 -0.558928 0.249425 -0.0802299 -0.578872 0.246965 -0.0847555 -0.556984 
0.280297 -0.0876066 -0.576928 0.277837 -0.0921322 -0.55504 0.311169 -0.0949833 -0.574985 
0.308709 -0.0995089 -0.553096 0.342041 -0.10236 -0.573041 0.339581 -0.106886 -0.551152 
-0.147366 -0.0269091 -0.577783 0.0853449 -0.0737973 -0.549778 0.0687382 -0.078546 -0.564176 
0.0878044 -0.0692717 -0.571667 0.118676 -0.0766484 -0.569723 0.116217 -0.081174 -0.547834 
0.149548 -0.0840251 -0.567779 0.147089 -0.0885507 -0.545891 -0.168892 -0.040709 -0.548404 
-0.154626 -0.0528344 -0.560859 0.0472125 -0.0923459 -0.534797 0.0306059 -0.0970946 -0.549196 
0.049672 -0.0878203 -0.556686 -0.176152 -0.0666343 -0.53148 -0.161887 -0.0787597 -0.543934 
-0.0217919 -0.103518 -0.521761 -0.0383985 -0.108267 -0.536159 -0.0193323 -0.0989922 -0.543649 
0.0115397 -0.106369 -0.541705 -0.180953 -0.088034 -0.536444 -0.200019 -0.0973083 -0.528953 
-0.0907963 -0.11469 -0.508724 -0.107403 -0.119438 -0.523122 -0.0883367 -0.110164 -0.530612 
-0.0574647 -0.117541 -0.528668 -0.0599242 -0.122066 -0.50678 -0.188213 -0.113959 -0.519519 
-0.190673 -0.118485 -0.49763 -0.157341 -0.121336 -0.517575 -0.126469 -0.128713 -0.515631 
0.0575613 0.0537084 -0.665141 0.0884333 0.0463317 -0.663198 0.211921 0.0168249 -0.655422 
0.242793 0.00944819 -0.653478 0.273665 0.00207149 -0.651535 0.304537 -0.00530521 -0.649591 
0.318803 -0.0174307 -0.662045 0.337869 -0.00815636 -0.669535 0.366281 -0.0200586 -0.645703 
0.349675 -0.0248074 -0.660101 0.397153 -0.0274353 -0.643759 -0.0114431 0.0425365 -0.652104 
0.0194289 0.0351598 -0.650161 0.0336943 0.0230343 -0.662615 0.0527605 0.0323086 -0.670105 
0.081173 0.0204064 -0.646273 0.0645663 0.0156576 -0.660671 0.112045 0.0130297 -0.644329 
0.142917 0.005653 -0.642385 0.173789 -0.0017237 -0.640441 0.188054 -0.0138492 -0.652896 
0.207121 -0.00457486 -0.660386 0.237993 -0.0119516 -0.658442 0.268865 -0.0193283 -0.656498 
0.299737 -0.026705 -0.654555 0.359021 -0.0459839 -0.628779 0.342414 -0.0507327 -0.643177 
-0.0187034 0.0166112 -0.63518 -0.00443804 0.00448575 -0.647634 0.0146281 0.01376 -0.655125 
0.0430406 0.0018578 -0.631292 0.026434 -0.00289095 -0.64569 0.0455002 0.00638334 -0.653181 
0.0739126 -0.0055189 -0.629348 0.104785 -0.0128956 -0.627405 0.11905 -0.0250211 -0.639859 
0.138116 -0.0157468 -0.647349 0.168988 -0.0231235 -0.645405 0.320889 -0.0645325 -0.613798 
0.304282 -0.0692813 -0.628196 0.323348 -0.060007 -0.635686 0.351761 -0.0719092 -0.611854 
0.382633 -0.0792859 -0.60991 -0.0568358 -0.00193739 -0.620199 -0.0425704 -0.0140628 -0.632653 
-0.0235042 -0.00478855 -0.640144 0.0382398 -0.0195419 -0.636256 0.0666523 -0.0314442 -0.612424 
0.0500456 -0.0361929 -0.626822 0.0809177 -0.0435696 -0.624878 0.0999838 -0.0342953 -0.632368 
0.19014 -0.060951 -0.604648 0.173534 -0.0656997 -0.619047 0.1926 -0.0564254 -0.626537 
0.223472 -0.0638021 -0.624593 0.221012 -0.0683277 -0.602705 0.254344 -0.0711788 -0.622649 
0.251884 -0.0757044 -0.600761 0.285216 -0.0785555 -0.620705 0.282756 -0.0830811 -0.598817 
0.313628 -0.0904578 -0.596873 0.3445 -0.0978345 -0.594929 -0.12584 -0.0131093 -0.607162 
-0.0949682 -0.020486 -0.605218 -0.0807028 -0.0326114 -0.617673 -0.0616366 -0.0233371 -0.625163 
0.0285199 -0.0499928 -0.597443 0.0119133 -0.0547415 -0.611841 0.0309795 -0.0454672 -0.619331 
0.0593919 -0.0573695 -0.595499 0.0927235 -0.0602206 -0.615444 0.090264 -0.0647462 -0.593555 
0.123596 -0.0675973 -0.6135 0.121136 -0.0721229 -0.591612 0.154468 -0.074974 -0.611556 
0.152008 -0.0794996 -0.589668 -0.133101 -0.0390346 -0.590237 -0.102228 -0.0464113 -0.588294 
-0.0879631 -0.0585367 -0.600748 0.0212596 -0.0759181 -0.580518 0.00465293 -0.0806668 -0.594917 
0.0521316 -0.0832948 -0.578575 -0.140361 -0.0649599 -0.573313 -0.109489 -0.0723366 -0.571369 
-0.0952235 -0.084462 -0.583823 -0.0168728 -0.0944667 -0.565538 -0.0334794 -0.0992154 -0.579936 
-0.0144133 -0.0899411 -0.587426 0.0139992 -0.101843 -0.563594 -0.147621 -0.0908852 -0.556388 
-0.133356 -0.103011 -0.568843 -0.11429 -0.0937363 -0.576333 -0.0550052 -0.113015 -0.550557 
-0.0716118 -0.117764 -0.564955 -0.0525456 -0.10849 -0.572445 -0.185754 -0.109434 -0.541408 
-0.154882 -0.11681 -0.539464 -0.12155 -0.119662 -0.559408 -0.12401 -0.124187 -0.53752 
-0.090678 -0.127038 -0.557465 0.333068 -0.0295561 -0.674499 0.0479597 0.0109089 -0.675069 
0.20232 -0.0259746 -0.66535 0.233192 -0.0333513 -0.663406 0.264064 -0.040728 -0.661462 
0.294936 -0.0481047 -0.659519 0.325808 -0.0554814 -0.657575 0.00982733 -0.00763971 -0.660088 
0.133315 -0.0371465 -0.652313 0.164187 -0.0445232 -0.650369 0.195059 -0.0518999 -0.648426 
0.225931 -0.0592766 -0.646482 0.256803 -0.0666533 -0.644538 0.287675 -0.07403 -0.642594 
-0.028305 -0.0261883 -0.645108 -0.0140397 -0.0383138 -0.657562 0.00502653 -0.0290395 -0.665052 
0.033439 -0.0409417 -0.64122 0.0168324 -0.0456905 -0.655618 0.095183 -0.0556951 -0.637332 
0.126055 -0.0630718 -0.635389 0.156927 -0.0704485 -0.633445 -0.0664374 -0.0447369 -0.630127 
-0.0355654 -0.0521136 -0.628183 -0.00223382 -0.0549648 -0.648128 -0.00469336 -0.0594903 -0.626239 
-0.0736977 -0.0706622 -0.613202 -0.0428257 -0.0780389 -0.611259 -0.0119537 -0.0854156 -0.609315 
-0.0809581 -0.0965875 -0.596278 -0.0500861 -0.103964 -0.594334 -0.11909 -0.115136 -0.581297 
-0.0882184 -0.122513 -0.579353 0.000225725 -0.0504392 -0.670016 
POLYGONS 6397 19188
OFFSETS vtktypeint64
0 3 6 9 12 15 18 21 24 
27 30 33 36 39 42 45 48 51 
54 57 60 63 66 69 72 75 78 
81 84 87 90 93 96 99 102 105 
108 111 114 117 120 123 126 129 132 
135 138 141 144 147 150 153 156 159 
162 165 168 171 174 177 180 183 186 
189 192 195 198 201 204 207 210 213 
216 219 222 225 228 231 234 237 240 
243 246 249 252 255 258 261 264 267 
270 273 276 279 282 285 288 291 294 
297 300 303 306 309 312 315 318 321 
324 327 330 333 336 339 342 345 348 
351 354 357 360 363 366 369 372 375 
378 381 384 387 390 393 396 399 402 
405 408 411 414 417 420 423 426 429 
432 435 438 441 444 447 450 453 456 
459 462 465 468 471 474 477 480 483 
486 489 492 495 498 501 504 507 510 
513 516 519 522 525 528 531 534 537 
540 543 546 549 552 555 558 561 564 
567 570 573 576 579 582 585 588 591 
594 597 600 603 606 609 612 615 618 
621 624 627 630 633 636 639 642 645 
648 651 654 657 660 663 666 669 672 
675 678 681 684 687 690 693 696 699 
702 705 708 711 714 717 720 723 726 
729 732 735 738 741 744 747 750 753 
756 759 762 765 768 771 774 777 780 
783 786 789 792 795 798 801 804 807 
810 813 816 819 822 825 828 831 834 
837 840 843 846 849 852 855 858 861 
864 867 870 873 876 879 882 885 888 
891 894 897 900 903 906 909 912 915 
918 921 924 927 930 933 936 939 942 
945 948 951 954 957 960 963 966 969 
972 975 978 981 984 987 990 993 996 
999 1002 1005 1008 1011 1014 1017 1020 1023 
1026 1029 1032 1035 1038 1041 1044 1047 1050 
1053 1056 1059 1062 1065 1068 1071 1074 1077 
1080 1083 1086 1089 1092 1095 1098 1101 1104 
1107 1110 1113 1116 1119 1122 1125 1128 1131 
1134 1137 1140 1143 1146 1149 1152 1155 1158 
1161 1164 1167 1170 1173 1176 1179 1182 1185 
1188 1191 1194 1197 1200 1203 1206 1209 1212 
1215 1218 1221 1224 1227 1230 1233 1236 1239 
1242 1245 1248 1251 1254 1257 1260 1263 1266 
1269 1272 1275 1278 1281 1284 1287 1290 1293 
1296 1299 1302 1305 1308 1311 1314 1317 1320 
1323 1326 1329 1332 1335 1338 1341 1344 1347 
1350 1353 1356 1359 1362 1365 1368 1371 1374 
1377 1380 1383 1386 1389 1392 1395 1398 1401 
1404 1407 1410 1413 1416 1419 1422 1425 1428 
1431 1434 1437 1440 1443 1446 1449 1452 1455 
1458 1461 1464 1467 1470 1473 1476 1479 1482 
1485 1488 1491 1494 1497 1500 1503 1506 1509 
1512 1515 1518 1521 1524 1527 1530 1533 1536 
1539 1542 1545 1548 1551 1554 1557 1560 1563 
1566 1569 1572 1575 1578 1581 1584 1587 1590 
1593 1596 1599 1602 1605 1608 1611 1614 1617 
1620 1623 1626 1629 1632 1635 1638 1641 1644 
1647 1650 1653 1656 1659 1662 1665 1668 1671 
1674 1677 1680 1683 1686 1689 1692 1695 1698 
1701 1704 1707 1710 1713 1716 1719 1722 1725 
1728 1731 1734 1737 1740 1743 1746 1749 1752 
1755 1758 1761 1764 1767 1770 1773 1776 1779 
1782 1785 1788 1791 1794 1797 1800 1803 1806 
1809 1812 1815 1818 1821 1824 1827 1830 1833 
1836 1839 1842 1845 1848 1851 1854 1857 1860 
1863 1866 1869 1872 1875 1878 1881 1884 1887 
1890 1893 1896 1899 1902 1905 1908 1911 1914 
1917 1920 1923 1926 1929 1932 1935 1938 1941 
1944 1947 1950 1953 1956 1959 1962 1965 1968 
1971 1974 1977 1980 1983 1986 1989 1992 1995 
1998 2001 2004 2007 2010 2013 2016 2019 2022 
2025 2028 2031 2034 2037 2040 2043 2046 2049 
2052 2055 2058 2061 2064 2067 2070 2073 2076 
2079 2082 2085 2088 2091 2094 2097 2100 2103 
2106 2109 2112 2115 2118 2121 2124 2127 2130 
2133 2136 2139 2142 2145 2148 2151 2154 2157 
2160 2163 2166 2169 2172 2175 2178 2181 2184 
2187 2190 2193 2196 2199 2202 2205 2208 2211 
2214 2217 2220 2223 2226 2229 2232 2235 2238 
2241 2244 2247 2250 2253 2256 2259 2262 2265 
2268 2271 2274 2277 2280 2283 2286 2289 2292 
2295 2298 2301 2304 2307 2310 2313 2316 2319 
2322 2325 2328 2331 2334 2337 2340 2343 2346 
2349 2352 2355 2358 2361 2364 2367 2370 2373 
2376 2379 2382 2385 2388 2391 2394 2397 2400 
2403 2406 2409 2412 2415 2418 2421 2424 2427 
2430 2433 2436 2439 2442 2445 2448 2451 2454 
2457 2460 2463 2466 2469 2472 2475 2478 2481 
2484 2487 2490 2493 2496 2499 2502 2505 2508 
2511 2514 2517 2520 2523 2526 2529 2532 2535 
2538 2541 2544 2547 2550 2553 2556 2559 2562 
2565 2568 2571 2574 2577 2580 2583 2586 2589 
2592 2595 2598 2601 2604 2607 2610 2613 2616 
2619 2622 2625 2628 2631 2634 2637 2640 2643 
2646 2649 2652 2655 2658 2661 2664 2667 2670 
2673 2676 2679 2682 2685 2688 2691 2694 2697 
2700 2703 2706 2709 2712 2715 2718 2721 2724 
2727 2730 2733 2736 2739 2742 2745 2748 2751 
2754 2757 2760 2763 2766 2769 2772 2775 2778 
2781 2784 2787 2790 2793 2796 2799 2802 2805 
2808 2811 2814 2817 2820 2823 2826 2829 2832 
2835 2838 2841 2844 2847 2850 2853 2856 2859 
2862 2865 2868 2871 2874 2877 2880 2883 2886 
2889 2892 2895 2898 2901 2904 2907 2910 2913 
2916 2919 2922 2925 2928 2931 2934 2937 2940 
2943 2946 2949 2952 2955 2958 2961 2964 2967 
2970 2973 2976 2979 2982 2985 2988 2991 2994 
2997 3000 3003 3006 3009 3012 3015 3018 3021 
3024 3027 3030 3033 3036 3039 3042 3045 3048 
3051 3054 3057 3060 3063 3066 3069 3072 3075 
3078 3081 3084 3087 3090 3093 3096 3099 3102 
3105 3108 3111 3114 3117 3120 3123 3126 3129 
3132 3135 3138 3141 3144 3147 3150 3153 3156 
3159 3162 3165 3168 3171 3174 3177 3180 3183 
3186 3189 3192 3195 3198 3201 3204 3207 3210 
3213 3216 3219 3222 3225 3228 3231 3234 3237 
3240 3243 3246 3249 3252 3255 3258 3261 3264 
3267 3270 3273 3276 3279 3282 3285 3288 3291 
3294 3297 3300 3303 3306 3309 3312 3315 3318 
3321 3324 3327 3330 3333 3336 3339 3342 3345 
3348 3351 3354 3357 3360 3363 3366 3369 3372 
3375 3378 3381 3384 3387 3390 3393 3396 3399 
3402 3405 3408 3411 3414 3417 3420 3423 3426 
3429 3432 3435 3438 3441 3444 3447 3450 3453 
3456 3459 3462 3465 3468 3471 3474 3477 3480 
3483 3486 3489 3492 3495 3498 3501 3504 3507 
3510 3513 3516 3519 3522 3525 3528 3531 3534 
3537 3540 3543 3546 3549 3552 3555 3558 3561 
3564 3567 3570 3573 3576 3579 3582 3585 3588 
3591 3594 3597 3600 3603 3606 3609 3612 3615 
3618 3621 3624 3627 3630 3633 3636 3639 3642 
3645 3648 3651 3654 3657 3660 3663 3666 3669 
3672 3675 3678 3681 3684 3687 3690 3693 3696 
3699 3702 3705 3708 3711 3714 3717 3720 3723 
3726 3729 3732 3735 3738 3741 3744 3747 3750 
3753 3756 3759 3762 3765 3768 3771 3774 3777 
3780 3783 3786 3789 3792 3795 3798 3801 3804 
3807 3810 3813 3816 3819 3822 3825 3828 3831 
3834 3837 3840 3843 3846 3849 3852 3855 3858 
3861 3864 3867 3870 3873 3876 3879 3882 3885 
3888 3891 3894 3897 3900 3903 3906 3909 3912 
3915 3918 3921 3924 3927 3930 3933 3936 3939 
3942 3945 3948 3951 3954 3957 3960 3963 3966 
3969 3972 3975 3978 3981 3984 3987 3990 3993 
3996 3999 4002 4005 4008 4011 4014 4017 4020 
4023 4026 4029 4032 4035 4038 4041 4044 4047 
4050 4053 4056 4059 4062 4065 4068 4071 4074 
4077 4080 4083 4086 4089 4092 4095 4098 4101 
4104 4107 4110 4113 4116 4119 4122 4125 4128 
4131 4134 4137 4140 4143 4146 4149 4152 4155 
4158 4161 4164 4167 4170 4173 4176 4179 4182 
4185 4188 4191 4194 4197 4200 4203 4206 4209 
4212 4215 4218 4221 4224 4227 4230 4233 4236 
4239 4242 4245 4248 4251 4254 4257 4260 4263 
4266 4269 4272 4275 4278 4281 4284 4287 4290 
4293 4296 4299 4302 4305 4308 4311 4314 4317 
4320 4323 4326 4329 4332 4335 4338 4341 4344 
4347 4350 4353 4356 4359 4362 4365 4368 4371 
4374 4377 4380 4383 4386 4389 4392 4395 4398 
4401 4404 4407 4410 4413 4416 4419 4422 4425 
4428 4431 4434 4437 4440 4443 4446 4449 4452 
4455 4458 4461 4464 4467 4470 4473 4476 4479 
4482 4485 4488 4491 4494 4497 4500 4503 4506 
4509 4512 4515 4518 4521 4524 4527 4530 4533 
4536 4539 4542 4545 4548 4551 4554 4557 4560 
4563 4566 4569 4572 4575 4578 4581 4584 4587 
4590 4593 4596 4599 4602 4605 4608 4611 4614 
4617 4620 4623 4626 4629 4632 4635 4638 4641 
4644 4647 4650 4653 4656 4659 4662 4665 4668 
4671 4674 4677 4680 4683 4686 4689 4692 4695 
4698 4701 4704 4707 4710 4713 4716 4719 4722 
4725 4728 4731 4734 4737 4740 4743 4746 4749 
4752 4755 4758 4761 4764 4767 4770 4773 4776 
4779 4782 4785 4788 4791 4794 4797 4800 4803 
4806 4809 4812 4815 4818 4821 4824 4827 4830 
4833 4836 4839 4842 4845 4848 4851 4854 4857 
4860 4863 4866 4869 4872 4875 4878 4881 4884 
4887 4890 4893 4896 4899 4902 4905 4908 4911 
4914 4917 4920 4923 4926 4929 4932 4935 4938 
4941 4944 4947 4950 4953 4956 4959 4962 4965 
4968 4971 4974 4977 4980 4983 4986 4989 4992 
4995 4998 5001 5004 5007 5010 5013 5016 5019 
5022 5025 5028 5031 5034 5037 5040 5043 5046 
5049 5052 5055 5058 5061 5064 5067 5070 5073 
5076 5079 5082 5085 5088 5091 5094 5097 5100 
5103 5106 5109 5112 5115 5118 5121 5124 5127 
5130 5133 5136 5139 5142 5145 5148 5151 5154 
5157 5160 5163 5166 5169 5172 5175 5178 5181 
5184 5187 5190 5193 5196 5199 5202 5205 5208 
5211 5214 5217 5220 5223 5226 5229 5232 5235 
5238 5241 5244 5247 5250 5253 5256 5259 5262 
5265 5268 5271 5274 5277 5280 5283 5286 5289 
5292 5295 5298 5301 5304 5307 5310 5313 5316 
5319 5322 5325 5328 5331 5334 5337 5340 5343 
5346 5349 5352 5355 5358 5361 5364 5367 5370 
5373 5376 5379 5382 5385 5388 5391 5394 5397 
5400 5403 5406 5409 5412 5415 5418 5421 5424 
5427 5430 5433 5436 5439 5442 5445 5448 5451 
5454 5457 5460 5463 5466 5469 5472 5475 5478 
5481 5484 5487 5490 5493 5496 5499 5502 5505 
5508 5511 5514 5517 5520 5523 5526 5529 5532 
5535 5538 5541 5544 5547 5550 5553 5556 5559 
5562 5565 5568 5571 5574 5577 5580 5583 5586 
5589 5592 5595 5598 5601 5604 5607 5610 5613 
5616 5619 5622 5625 5628 5631 5634 5637 5640 
5643 5646 5649 5652 5655 5658 5661 5664 5667 
5670 5673 5676 5679 5682 5685 5688 5691 5694 
5697 5700 5703 5706 5709 5712 5715 5718 5721 
5724 5727 5730 5733 5736 5739 5742 5745 5748 
5751 5754 5757 5760 5763 5766 5769 5772 5775 
5778 5781 5784 5787 5790 5793 5796 5799 5802 
5805 5808 5811 5814 5817 5820 5823 5826 5829 
5832 5835 5838 5841 5844 5847 5850 5853 5856 
5859 5862 5865 5868 5871 5874 5877 5880 5883 
5886 5889 5892 5895 5898 5901 5904 5907 5910 
5913 5916 5919 5922 5925 5928 5931 5934 5937 
5940 5943 5946 5949 5952 5955 5958 5961 5964 
5967 5970 5973 5976 5979 5982 5985 5988 5991 
5994 5997 6000 6003 6006 6009 6012 6015 6018 
6021 6024 6027 6030 6033 6036 6039 6042 6045 
6048 6051 6054 6057 6060 6063 6066 6069 6072 
6075 6078 6081 6084 6087 6090 6093 6096 6099 
6102 6105 6108 6111 6114 6117 6120 6123 6126 
6129 6132 6135 6138 6141 6144 6147 6150 6153 
6156 6159 6162 6165 6168 6171 6174 6177 6180 
6183 6186 6189 6192 6195 6198 6201 6204 6207 
6210 6213 6216 6219 6222 6225 6228 6231 6234 
6237 6240 6243 6246 6249 6252 6255 6258 6261 
6264 6267 6270 6273 6276 6279 6282 6285 6288 
6291 6294 6297 6300 6303 6306 6309 6312 6315 
6318 6321 6324 6327 6330 6333 6336 6339 6342 
6345 6348 6351 6354 6357 6360 6363 6366 6369 
6372 6375 6378 6381 6384 6387 6390 6393 6396 
6399 6402 6405 6408 6411 6414 6417 6420 6423 
6426 6429 6432 6435 6438 6441 6444 6447 6450 
6453 6456 6459 6462 6465 6468 6471 6474 6477 
6480 6483 6486 6489 6492 6495 6498 6501 6504 
6507 6510 6513 6516 6519 6522 6525 6528 6531 
6534 6537 6540 6543 6546 6549 6552 6555 6558 
6561 6564 6567 6570 6573 6576 6579 6582 6585 
6588 6591 6594 6597 6600 6603 6606 6609 6612 
6615 6618 6621 6624 6627 6630 6633 6636 6639 
6642 6645 6648 6651 6654 6657 6660 6663 6666 
6669 6672 6675 6678 6681 6684 6687 6690 6693 
6696 6699 6702 6705 6708 6711 6714 6717 6720 
6723 6726 6729 6732 6735 6738 6741 6744 6747 
6750 6753 6756 6759 6762 6765 6768 6771 6774 
6777 6780 6783 6786 6789 6792 6795 6798 6801 
6804 6807 6810 6813 6816 6819 6822 6825 6828 
6831 6834 6837 6840 6843 6846 6849 6852 6855 
6858 6861 6864 6867 6870 6873 6876 6879 6882 
6885 6888 6891 6894 6897 6900 6903 6906 6909 
6912 6915 6918 6921 6924 6927 6930 6933 6936 
6939 6942 6945 6948 6951 6954 6957 6960 6963 
6966 6969 6972 6975 6978 6981 6984 6987 6990 
6993 6996 6999 7002 7005 7008 7011 7014 7017 
7020 7023 7026 7029 7032 7035 7038 7041 7044 
7047 7050 7053 7056 7059 7062 7065 7068 7071 
7074 7077 7080 7083 7086 7089 7092 7095 7098 
7101 7104 7107 7110 7113 7116 7119 7122 7125 
7128 7131 7134 7137 7140 7143 7146 7149 7152 
7155 7158 7161 7164 7167 7170 7173 7176 7179 
7182 7185 7188 7191 7194 7197 7200 7203 7206 
7209 7212 7215 7218 7221 7224 7227 7230 7233 
7236 7239 7242 7245 7248 7251 7254 7257 7260 
7263 7266 7269 7272 7275 7278 7281 7284 7287 
7290 7293 7296 7299 7302 7305 7308 7311 7314 
7317 7320 7323 7326 7329 7332 7335 7338 7341 
7344 7347 7350 7353 7356 7359 7362 7365 7368 
7371 7374 7377 7380 7383 7386 7389 7392 7395 
7398 7401 7404 7407 7410 7413 7416 7419 7422 
7425 7428 7431 7434 7437 7440 7443 7446 7449 
7452 7455 7458 7461 7464 7467 7470 7473 7476 
7479 7482 7485 7488 7491 7494 7497 7500 7503 
7506 7509 7512 7515 7518 7521 7524 7527 7530 
7533 7536 7539 7542 7545 7548 7551 7554 7557 
7560 7563 7566 7569 7572 7575 7578 7581 7584 
7587 7590 7593 7596 7599 7602 7605 7608 7611 
7614 7617 7620 7623 7626 7629 7632 7635 7638 
7641 7644 7647 7650 7653 7656 7659 7662 7665 
7668 7671 7674 7677 7680 7683 7686 7689 7692 
7695 7698 7701 7704 7707 7710 7713 7716 7719 
7722 7725 7728 7731 7734 7737 7740 7743 7746 
7749 7752 7755 7758 7761 7764 7767 7770 7773 
7776 7779 7782 7785 7788 7791 7794 7797 7800 
7803 7806 7809 7812 7815 7818 7821 7824 7827 
7830 7833 7836 7839 7842 7845 7848 7851 7854 
7857 7860 7863 7866 7869 7872 7875 7878 7881 
7884 7887 7890 7893 7896 7899 7902 7905 7908 
7911 7914 7917 7920 7923 7926 7929 7932 7935 
7938 7941 7944 7947 7950 7953 7956 7959 7962 
7965 7968 7971 7974 7977 7980 7983 7986 7989 
7992 7995 7998 8001 8004 8007 8010 8013 8016 
8019 8022 8025 8028 8031 8034 8037 8040 8043 
8046 8049 8052 8055 8058 8061 8064 8067 8070 
8073 8076 8079 8082 8085 8088 8091 8094 8097 
8100 8103 8106 8109 8112 8115 8118 8121 8124 
8127 8130 8133 8136 8139 8142 8145 8148 8151 
8154 8157 8160 8163 8166 8169 8172 8175 8178 
8181 8184 8187 8190 8193 8196 8199 8202 8205 
8208 8211 8214 8217 8220 8223 8226 8229 8232 
8235 8238 8241 8244 8247 8250 8253 8256 8259 
8262 8265 8268 8271 8274 8277 8280 8283 8286 
8289 8292 8295 8298 8301 8304 8307 8310 8313 
8316 8319 8322 8325 8328 8331 8334 8337 8340 
8343 8346 8349 8352 8355 8358 8361 8364 8367 
8370 8373 8376 8379 8382 8385 8388 8391 8394 
8397 8400 8403 8406 8409 8412 8415 8418 8421 
8424 8427 8430 8433 8436 8439 8442 8445 8448 
8451 8454 8457 8460 8463 8466 8469 8472 8475 
8478 8481 8484 8487 8490 8493 8496 8499 8502 
8505 8508 8511 8514 8517 8520 8523 8526 8529 
8532 8535 8538 8541 8544 8547 8550 8553 8556 
8559 8562 8565 8568 8571 8574 8577 8580 8583 
8586 8589 8592 8595 8598 8601 8604 8607 8610 
8613 8616 8619 8622 8625 8628 8631 8634 8637 
8640 8643 8646 8649 8652 8655 8658 8661 8664 
8667 8670 8673 8676 8679 8682 8685 8688 8691 
8694 8697 8700 8703 8706 8709 8712 8715 8718 
8721 8724 8727 8730 8733 8736 8739 8742 8745 
8748 8751 8754 8757 8760 8763 8766 8769 8772 
8775 8778 8781 8784 8787 8790 8793 8796 8799 
8802 8805 8808 8811 8814 8817 8820 8823 8826 
8829 8832 8835 8838 8841 8844 8847 8850 8853 
8856 8859 8862 8865 8868 8871 8874 8877 8880 
8883 8886 8889 8892 8895 8898 8901 8904 8907 
8910 8913 8916 8919 8922 8925 8928 8931 8934 
8937 8940 8943 8946 8949 8952 8955 8958 8961 
8964 8967 8970 8973 8976 8979 8982 8985 8988 
8991 8994 8997 9000 9003 9006 9009 9012 9015 
9018 9021 9024 9027 9030 9033 9036 9039 9042 
9045 9048 9051 9054 9057 9060 9063 9066 9069 
9072 9075 9078 9081 9084 9087 9090 9093 9096 
9099 9102 9105 9108 9111 9114 9117 9120 9123 
9126 9129 9132 9135 9138 9141 9144 9147 9150 
9153 9156 9159 9162 9165 9168 9171 9174 9177 
9180 9183 9186 9189 9192 9195 9198 9201 9204 
9207 9210 9213 9216 9219 9222 9225 9228 9231 
9234 9237 9240 9243 9246 9249 9252 9255 9258 
9261 9264 9267 9270 9273 9276 9279 9282 9285 
9288 9291 9294 9297 9300 9303 9306 9309 9312 
9315 9318 9321 9324 9327 9330 9333 9336 9339 
9342 9345 9348 9351 9354 9357 9360 9363 9366 
9369 9372 9375 9378 9381 9384 9387 9390 9393 
9396 9399 9402 9405 9408 9411 9414 9417 9420 
9423 9426 9429 9432 9435 9438 9441 9444 9447 
9450 9453 9456 9459 9462 9465 9468 9471 9474 
9477 9480 9483 9486 9489 9492 9495 9498 9501 
9504 9507 9510 9513 9516 9519 9522 9525 9528 
9531 9534 9537 9540 9543 9546 9549 9552 9555 
9558 9561 9564 9567 9570 9573 9576 9579 9582 
9585 9588 9591 9594 9597 9600 9603 9606 9609 
9612 9615 9618 9621 9624 9627 9630 9633 9636 
9639 9642 9645 9648 9651 9654 9657 9660 9663 
9666 9669 9672 9675 9678 9681 9684 9687 9690 
9693 9696 9699 9702 9705 9708 9711 9714 9717 
9720 9723 9726 9729 9732 9735 9738 9741 9744 
9747 9750 9753 9756 9759 9762 9765 9768 9771 
9774 9777 9780 9783 9786 9789 9792 9795 9798 
9801 9804 9807 9810 9813 9816 9819 9822 9825 
9828 9831 9834 9837 9840 9843 9846 9849 9852 
9855 9858 9861 9864 9867 9870 9873 9876 9879 
9882 9885 9888 9891 9894 9897 9900 9903 9906 
9909 9912 9915 9918 9921 9924 9927 9930 9933 
9936 9939 9942 9945 9948 9951 9954 9957 9960 
9963 9966 9969 9972 9975 9978 9981 9984 9987 
9990 9993 9996 9999 10002 10005 10008 10011 10014 
10017 10020 10023 10026 10029 10032 10035 10038 10041 
10044 10047 10050 10053 10056 10059 10062 10065 10068 
10071 10074 10077 10080 10083 10086 10089 10092 10095 
10098 10101 10104 10107 10110 10113 10116 10119 10122 
10125 10128 10131 10134 10137 10140 10143 10146 10149 
10152 10155 10158 10161 10164 10167 10170 10173 10176 
10179 10182 10185 10188 10191 10194 10197 10200 10203 
10206 10209 10212 10215 10218 10221 10224 10227 10230 
10233 10236 10239 10242 10245 10248 10251 10254 10257 
10260 10263 10266 10269 10272 10275 10278 10281 10284 
10287 10290 10293 10296 10299 10302 10305 10308 10311 
10314 10317 10320 10323 10326 10329 10332 10335 10338 
10341 10344 10347 10350 10353 10356 10359 10362 10365 
10368 10371 10374 10377 10380 10383 10386 10389 10392 
10395 10398 10401 10404 10407 10410 10413 10416 10419 
10422 10425 10428 10431 10434 10437 10440 10443 10446 
10449 10452 10455 10458 10461 10464 10467 10470 10473 
10476 10479 10482 10485 10488 10491 10494 10497 10500 
10503 10506 10509 10512 10515 10518 10521 10524 10527 
10530 10533 10536 10539 10542 10545 10548 10551 10554 
10557 10560 10563 10566 10569 10572 10575 10578 10581 
10584 10587 10590 10593 10596 10599 10602 10605 10608 
10611 10614 10617 10620 10623 10626 10629 10632 10635 
10638 10641 10644 10647 10650 10653 10656 10659 10662 
10665 10668 10671 10674 10677 10680 10683 10686 10689 
10692 10695 10698 10701 10704 10707 10710 10713 10716 
10719 10722 10725 10728 10731 10734 10737 10740 10743 
10746 10749 10752 10755 10758 10761 10764 10767 10770 
10773 10776 10779 10782 10785 10788 10791 10794 10797 
10800 10803 10806 10809 10812 10815 10818 10821 10824 
10827 10830 10833 10836 10839 10842 10845 10848 10851 
10854 10857 10860 10863 10866 10869 10872 10875 10878 
10881 10884 10887 10890 10893 10896 10899 10902 10905 
10908 10911 10914 10917 10920 10923 10926 10929 10932 
10935 10938 10941 10944 10947 10950 10953 10956 10959 
10962 10965 10968 10971 10974 10977 10980 10983 10986 
10989 10992 10995 10998 11001 11004 11007 11010 11013 
11016 11019 11022 11025 11028 11031 11034 11037 11040 
11043 11046 11049 11052 11055 11058 11061 11064 11067 
11070 11073 11076 11079 11082 11085 11088 11091 11094 
11097 11100 11103 11106 11109 11112 11115 11118 11121 
11124 11127 11130 11133 11136 11139 11142 11145 11148 
11151 11154 11157 11160 11163 11166 11169 11172 11175 
11178 11181 11184 11187 11190 11193 11196 11199 11202 
11205 11208 11211 11214 11217 11220 11223 11226 11229 
11232 11235 11238 11241 11244 11247 11250 11253 11256 
11259 11262 11265 11268 11271 11274 11277 11280 11283 
11286 11289 11292 11295 11298 11301 11304 11307 11310 
11313 11316 11319 11322 11325 11328 11331 11334 11337 
11340 11343 11346 11349 11352 11355 11358 11361 11364 
11367 11370 11373 11376 11379 11382 11385 11388 11391 
11394 11397 11400 11403 11406 11409 11412 11415 11418 
11421 11424 11427 11430 11433 11436 11439 11442 11445 
11448 11451 11454 11457 11460 11463 11466 11469 11472 
11475 11478 11481 11484 11487 11490 11493 11496 11499 
11502 11505 11508 11511 11514 11517 11520 11523 11526 
11529 11532 11535 11538 11541 11544 11547 11550 11553 
11556 11559 11562 11565 11568 11571 11574 11577 11580 
11583 11586 11589 11592 11595 11598 11601 11604 11607 
11610 11613 11616 11619 11622 11625 11628 11631 11634 
11637 11640 11643 11646 11649 11652 11655 11658 11661 
11664 11667 11670 11673 11676 11679 11682 11685 11688 
11691 11694 11697 11700 11703 11706 11709 11712 11715 
11718 11721 11724 11727 11730 11733 11736 11739 11742 
11745 11748 11751 11754 11757 11760 11763 11766 11769 
11772 11775 11778 11781 11784 11787 11790 11793 11796 
11799 11802 11805 11808 11811 11814 11817 11820 11823 
11826 11829 11832 11835 11838 11841 11844 11847 11850 
11853 11856 11859 11862 11865 11868 11871 11874 11877 
11880 11883 11886 11889 11892 11895 11898 11901 11904 
11907 11910 11913 11916 11919 11922 11925 11928 11931 
11934 11937 11940 11943 11946 11949 11952 11955 11958 
11961 11964 11967 11970 11973 11976 11979 11982 11985 
11988 11991 11994 11997 12000 12003 12006 12009 12012 
12015 12018 12021 12024 12027 12030 12033 12036 12039 
12042 12045 12048 12051 12054 12057 12060 12063 12066 
12069 12072 12075 12078 12081 12084 12087 12090 12093 
12096 12099 12102 12105 12108 12111 12114 12117 12120 
12123 12126 12129 12132 12135 12138 12141 12144 12147 
12150 12153 12156 12159 12162 12165 12168 12171 12174 
12177 12180 12183 12186 12189 12192 12195 12198 12201 
12204 12207 12210 12213 12216 12219 12222 12225 12228 
12231 12234 12237 12240 12243 12246 12249 12252 12255 
12258 12261 12264 12267 12270 12273 12276 12279 12282 
12285 12288 12291 12294 12297 12300 12303 12306 12309 
12312 12315 12318 12321 12324 12327 12330 12333 12336 
12339 12342 12345 12348 12351 12354 12357 12360 12363 
12366 12369 12372 12375 12378 12381 12384 12387 12390 
12393 12396 12399 12402 12405 12408 12411 12414 12417 
12420 12423 12426 12429 12432 12435 12438 12441 12444 
12447 12450 12453 12456 12459 12462 12465 12468 12471 
12474 12477 12480 12483 12486 12489 12492 12495 12498 
12501 12504 12507 12510 12513 12516 12519 12522 12525 
12528 12531 12534 12537 12540 12543 12546 12549 12552 
12555 12558 12561 12564 12567 12570 12573 12576 12579 
12582 12585 12588 12591 12594 12597 12600 12603 12606 
12609 12612 12615 12618 12621 12624 12627 12630 12633 
12636 12639 12642 12645 12648 12651 12654 12657 12660 
12663 12666 12669 12672 12675 12678 12681 12684 12687 
12690 12693 12696 12699 12702 12705 12708 12711 12714 
12717 12720 12723 12726 12729 12732 12735 12738 12741 
12744 12747 12750 12753 12756 12759 12762 12765 12768 
12771 12774 12777 12780 12783 12786 12789 12792 12795 
12798 12801 12804 12807 12810 12813 12816 12819 12822 
12825 12828 12831 12834 12837 12840 12843 12846 12849 
12852 12855 12858 12861 12864 12867 12870 12873 12876 
12879 12882 12885 12888 12891 12894 12897 12900 12903 
12906 12909 12912 12915 12918 12921 12924 12927 12930 
12933 12936 12939 12942 12945 12948 12951 12954 12957 
12960 12963 12966 12969 12972 12975 12978 12981 12984 
12987 12990 12993 12996 12999 13002 13005 13008 13011 
13014 13017 13020 13023 13026 13029 13032 13035 13038 
13041 13044 13047 13050 13053 13056 13059 13062 13065 
13068 13071 13074 13077 13080 13083 13086 13089 13092 
13095 13098 13101 13104 13107 13110 13113 13116 13119 
13122 13125 13128 13131 13134 13137 13140 13143 13146 
13149 13152 13155 13158 13161 13164 13167 13170 13173 
13176 13179 13182 13185 13188 13191 13194 13197 13200 
13203 13206 13209 13212 13215 13218 13221 13224 13227 
13230 13233 13236 13239 13242 13245 13248 13251 13254 
13257 13260 13263 13266 13269 13272 13275 13278 13281 
13284 13287 13290 13293 13296 13299 13302 13305 13308 
13311 13314 13317 13320 13323 13326 13329 13332 13335 
13338 13341 13344 13347 13350 13353 13356 13359 13362 
13365 13368 13371 13374 13377 13380 13383 13386 13389 
13392 13395 13398 13401 13404 13407 13410 13413 13416 
13419 13422 13425 13428 13431 13434 13437 13440 13443 
13446 13449 13452 13455 13458 13461 13464 13467 13470 
13473 13476 13479 13482 13485 13488 13491 13494 13497 
13500 13503 13506 13509 13512 13515 13518 13521 13524 
13527 13530 13533 13536 13539 13542 13545 13548 13551 
13554 13557 13560 13563 13566 13569 13572 13575 13578 
13581 13584 13587 13590 13593 13596 13599 13602 13605 
13608 13611 13614 13617 13620 13623 13626 13629 13632 
13635 13638 13641 13644 13647 13650 13653 13656 13659 
13662 13665 13668 13671 13674 13677 13680 13683 13686 
13689 13692 13695 13698 13701 13704 13707 13710 13713 
13716 13719 13722 13725 13728 13731 13734 13737 13740 
13743 13746 13749 13752 13755 13758 13761 13764 13767 
13770 13773 13776 13779 13782 13785 13788 13791 13794 
13797 13800 13803 13806 13809 13812 13815 13818 13821 
13824 13827 13830 13833 13836 13839 13842 13845 13848 
13851 13854 13857 13860 13863 13866 13869 13872 13875 
13878 13881 13884 13887 13890 13893 13896 13899 13902 
13905 13908 13911 13914 13917 13920 13923 13926 13929 
13932 13935 13938 13941 13944 13947 13950 13953 13956 
13959 13962 13965 13968 13971 13974 13977 13980 13983 
13986 13989 13992 13995 13998 14001 14004 14007 14010 
14013 14016 14019 14022 14025 14028 14031 14034 14037 
14040 14043 14046 14049 14052 14055 14058 14061 14064 
14067 14070 14073 14076 14079 14082 14085 14088 14091 
14094 14097 14100 14103 14106 14109 14112 14115 14118 
14121 14124 14127 14130 14133 14136 14139 14142 14145 
14148 14151 14154 14157 14160 14163 14166 14169 14172 
14175 14178 14181 14184 14187 14190 14193 14196 14199 
14202 14205 14208 14211 14214 14217 14220 14223 14226 
14229 14232 14235 14238 14241 14244 14247 14250 14253 
14256 14259 14262 14265 14268 14271 14274 14277 14280 
14283 14286 14289 14292 14295 14298 14301 14304 14307 
14310 14313 14316 14319 14322 14325 14328 14331 14334 
14337 14340 14343 14346 14349 14352 14355 14358 14361 
14364 14367 14370 14373 14376 14379 14382 14385 14388 
14391 14394 14397 14400 14403 14406 14409 14412 14415 
14418 14421 14424 14427 14430 14433 14436 14439 14442 
14445 14448 14451 14454 14457 14460 14463 14466 14469 
14472 14475 14478 14481 14484 14487 14490 14493 14496 
14499 14502 14505 14508 14511 14514 14517 14520 14523 
14526 14529 14532 14535 14538 14541 14544 14547 14550 
14553 14556 14559 14562 14565 14568 14571 14574 14577 
14580 14583 14586 14589 14592 14595 14598 14601 14604 
14607 14610 14613 14616 14619 14622 14625 14628 14631 
14634 14637 14640 14643 14646 14649 14652 14655 14658 
14661 14664 14667 14670 14673 14676 14679 14682 14685 
14688 14691 14694 14697 14700 14703 14706 14709 14712 
14715 14718 14721 14724 14727 14730 14733 14736 14739 
14742 14745 14748 14751 14754 14757 14760 14763 14766 
14769 14772 14775 14778 14781 14784 14787 14790 14793 
14796 14799 14802 14805 14808 14811 14814 14817 14820 
14823 14826 14829 14832 14835 14838 14841 14844 14847 
14850 14853 14856 14859 14862 14865 14868 14871 14874 
14877 14880 14883 14886 14889 14892 14895 14898 14901 
14904 14907 14910 14913 14916 14919 14922 14925 14928 
14931 14934 14937 14940 14943 14946 14949 14952 14955 
14958 14961 14964 14967 14970 14973 14976 14979 14982 
14985 14988 14991 14994 14997 15000 15003 15006 15009 
15012 15015 15018 15021 15024 15027 15030 15033 15036 
15039 15042 15045 15048 15051 15054 15057 15060 15063 
15066 15069 15072 15075 15078 15081 15084 15087 15090 
15093 15096 15099 15102 15105 15108 15111 15114 15117 
15120 15123 15126 15129 15132 15135 15138 15141 15144 
15147 15150 15153 15156 15159 15162 15165 15168 15171 
15174 15177 15180 15183 15186 15189 15192 15195 15198 
15201 15204 15207 15210 15213 15216 15219 15222 15225 
15228 15231 15234 15237 15240 15243 15246 15249 15252 
15255 15258 15261 15264 15267 15270 15273 15276 15279 
15282 15285 15288 15291 15294 15297 15300 15303 15306 
15309 15312 15315 15318 15321 15324 15327 15330 15333 
15336 15339 15342 15345 15348 15351 15354 15357 15360 
15363 15366 15369 15372 15375 15378 15381 15384 15387 
15390 15393 15396 15399 15402 15405 15408 15411 15414 
15417 15420 15423 15426 15429 15432 15435 15438 15441 
15444 15447 15450 15453 15456 15459 15462 15465 15468 
15471 15474 15477 15480 15483 15486 15489 15492 15495 
15498 15501 15504 15507 15510 15513 15516 15519 15522 
15525 15528 15531 15534 15537 15540 15543 15546 15549 
15552 15555 15558 15561 15564 15567 15570 15573 15576 
15579 15582 15585 15588 15591 15594 15597 15600 15603 
15606 15609 15612 15615 15618 15621 15624 15627 15630 
15633 15636 15639 15642 15645 15648 15651 15654 15657 
15660 15663 15666 15669 15672 15675 15678 15681 15684 
15687 15690 15693 15696 15699 15702 15705 15708 15711 
15714 15717 15720 15723 15726 15729 15732 15735 15738 
15741 15744 15747 15750 15753 15756 15759 15762 15765 
15768 15771 15774 15777 15780 15783 15786 15789 15792 
15795 15798 15801 15804 15807 15810 15813 15816 15819 
15822 15825 15828 15831 15834 15837 15840 15843 15846 
15849 15852 15855 15858 15861 15864 15867 15870 15873 
15876 15879 15882 15885 15888 15891 15894 15897 15900 
15903 15906 15909 15912 15915 15918 15921 15924 15927 
15930 15933 15936 15939 15942 15945 15948 15951 15954 
15957 15960 15963 15966 15969 15972 15975 15978 15981 
15984 15987 15990 15993 15996 15999 16002 16005 16008 
16011 16014 16017 16020 16023 16026 16029 16032 16035 
16038 16041 16044 16047 16050 16053 16056 16059 16062 
16065 16068 16071 16074 16077 16080 16083 16086 16089 
16092 16095 16098 16101 16104 16107 16110 16113 16116 
16119 16122 16125 16128 16131 16134 16137 16140 16143 
16146 16149 16152 16155 16158 16161 16164 16167 16170 
16173 16176 16179 16182 16185 16188 16191 16194 16197 
16200 16203 16206 16209 16212 16215 16218 16221 16224 
16227 16230 16233 16236 16239 16242 16245 16248 16251 
16254 16257 16260 16263 16266 16269 16272 16275 16278 
16281 16284 16287 16290 16293 16296 16299 16302 16305 
16308 16311 16314 16317 16320 16323 16326 16329 16332 
16335 16338 16341 16344 16347 16350 16353 16356 16359 
16362 16365 16368 16371 16374 16377 16380 16383 16386 
16389 16392 16395 16398 16401 16404 16407 16410 16413 
16416 16419 16422 16425 16428 16431 16434 16437 16440 
16443 16446 16449 16452 16455 16458 16461 16464 16467 
16470 16473 16476 16479 16482 16485 16488 16491 16494 
16497 16500 16503 16506 16509 16512 16515 16518 16521 
16524 16527 16530 16533 16536 16539 16542 16545 16548 
16551 16554 16557 16560 16563 16566 16569 16572 16575 
16578 16581 16584 16587 16590 16593 16596 16599 16602 
16605 16608 16611 16614 16617 16620 16623 16626 16629 
16632 16635 16638 16641 16644 16647 16650 16653 16656 
16659 16662 16665 16668 16671 16674 16677 16680 16683 
16686 16689 16692 16695 16698 16701 16704 16707 16710 
16713 16716 16719 16722 16725 16728 16731 16734 16737 
16740 16743 16746 16749 16752 16755 16758 16761 16764 
16767 16770 16773 16776 16779 16782 16785 16788 16791 
16794 16797 16800 16803 16806 16809 16812 16815 16818 
16821 16824 16827 16830 16833 16836 16839 16842 16845 
16848 16851 16854 16857 16860 16863 16866 16869 16872 
16875 16878 16881 16884 16887 16890 16893 16896 16899 
16902 16905 16908 16911 16914 16917 16920 16923 16926 
16929 16932 16935 16938 16941 16944 16947 16950 16953 
16956 16959 16962 16965 16968 16971 16974 16977 16980 
16983 16986 16989 16992 16995 16998 17001 17004 17007 
17010 17013 17016 17019 17022 17025 17028 17031 17034 
17037 17040 17043 17046 17049 17052 17055 17058 17061 
17064 17067 17070 17073 17076 17079 17082 17085 17088 
17091 17094 17097 17100 17103 17106 17109 17112 17115 
17118 17121 17124 17127 17130 17133 17136 17139 17142 
17145 17148 17151 17154 17157 17160 17163 17166 17169 
17172 17175 17178 17181 17184 17187 17190 17193 17196 
17199 17202 17205 17208 17211 17214 17217 17220 17223 
17226 17229 17232 17235 17238 17241 17244 17247 17250 
17253 17256 17259 17262 17265 17268 17271 17274 17277 
17280 17283 17286 17289 17292 17295 17298 17301 17304 
17307 17310 17313 17316 17319 17322 17325 17328 17331 
17334 17337 17340 17343 17346 17349 17352 17355 17358 
17361 17364 17367 17370 17373 17376 17379 17382 17385 
17388 17391 17394 17397 17400 17403 17406 17409 17412 
17415 17418 17421 17424 17427 17430 17433 17436 17439 
17442 17445 17448 17451 17454 17457 17460 17463 17466 
17469 17472 17475 17478 17481 17484 17487 17490 17493 
17496 17499 17502 17505 17508 17511 17514 17517 17520 
17523 17526 17529 17532 17535 17538 17541 17544 17547 
17550 17553 17556 17559 17562 17565 17568 17571 17574 
17577 17580 17583 17586 17589 17592 17595 17598 17601 
17604 17607 17610 17613 17616 17619 17622 17625 17628 
17631 17634 17637 17640 17643 17646 17649 17652 17655 
17658 17661 17664 17667 17670 17673 17676 17679 17682 
17685 17688 17691 17694 17697 17700 17703 17706 17709 
17712 17715 17718 17721 17724 17727 17730 17733 17736 
17739 17742 17745 17748 17751 17754 17757 17760 17763 
17766 17769 17772 17775 17778 17781 17784 17787 17790 
17793 17796 17799 17802 17805 17808 17811 17814 17817 
17820 17823 17826 17829 17832 17835 17838 17841 17844 
17847 17850 17853 17856 17859 17862 17865 17868 17871 
17874 17877 17880 17883 17886 17889 17892 17895 17898 
17901 17904 17907 17910 17913 17916 17919 17922 17925 
17928 17931 17934 17937 17940 17943 17946 17949 17952 
17955 17958 17961 17964 17967 17970 17973 17976 17979 
17982 17985 17988 17991 17994 17997 18000 18003 18006 
18009 18012 18015 18018 18021 18024 18027 18030 18033 
18036 18039 18042 18045 18048 18051 18054 18057 18060 
18063 18066 18069 18072 18075 18078 18081 18084 18087 
18090 18093 18096 18099 18102 18105 18108 18111 18114 
18117 18120 18123 18126 18129 18132 18135 18138 18141 
18144 18147 18150 18153 18156 18159 18162 18165 18168 
18171 18174 18177 18180 18183 18186 18189 18192 18195 
18198 18201 18204 18207 18210 18213 18216 18219 18222 
18225 18228 18231 18234 18237 18240 18243 18246 18249 
18252 18255 18258 18261 18264 18267 18270 18273 18276 
18279 18282 18285 18288 18291 18294 18297 18300 18303 
18306 18309 18312 18315 18318 18321 18324 18327 18330 
18333 18336 18339 18342 18345 18348 18351 18354 18357 
18360 18363 18366 18369 18372 18375 18378 18381 18384 
18387 18390 18393 18396 18399 18402 18405 18408 18411 
18414 18417 18420 18423 18426 18429 18432 18435 18438 
18441 18444 18447 18450 18453 18456 18459 18462 18465 
18468 18471 18474 18477 18480 18483 18486 18489 18492 
18495 18498 18501 18504 18507 18510 18513 18516 18519 
18522 18525 18528 18531 18534 18537 18540 18543 18546 
18549 18552 18555 18558 18561 18564 18567 18570 18573 
18576 18579 18582 18585 18588 18591 18594 18597 18600 
18603 18606 18609 18612 18615 18618 18621 18624 18627 
18630 18633 18636 18639 18642 18645 18648 18651 18654 
18657 18660 18663 18666 18669 18672 18675 18678 18681 
18684 18687 18690 18693 18696 18699 18702 18705 18708 
18711 18714 18717 18720 18723 18726 18729 18732 18735 
18738 18741 18744 18747 18750 18753 18756 18759 18762 
18765 18768 18771 18774 18777 18780 18783 18786 18789 
18792 18795 18798 18801 18804 18807 18810 18813 18816 
18819 18822 18825 18828 18831 18834 18837 18840 18843 
18846 18849 18852 18855 18858 18861 18864 18867 18870 
18873 18876 18879 18882 18885 18888 18891 18894 18897 
18900 18903 18906 18909 18912 18915 18918 18921 18924 
18927 18930 18933 18936 18939 18942 18945 18948 18951 
18954 18957 18960 18963 18966 18969 18972 18975 18978 
18981 18984 18987 18990 18993 18996 18999 19002 19005 
19008 19011 19014 19017 19020 19023 19026 19029 19032 
19035 19038 19041 19044 19047 19050 19053 19056 19059 
19062 19065 19068 19071 19074 19077 19080 19083 19086 
19089 19092 19095 19098 19101 19104 19107 19110 19113 
19116 19119 19122 19125 19128 19131 19134 19137 19140 
19143 19146 19149 19152 19155 19158 19161 19164 19167 
19170 19173 19176 19179 19182 19185 19188 
CONNECTIVITY vtktypeint64
0 1 2 0 3 4 1 0 4 
4 3 5 6 7 8 2 9 0 
7 6 10 3 0 9 11 3 9 
5 3 11 12 13 14 13 12 15 
6 8 16 10 6 16 12 14 17 
15 12 17 18 19 20 18 21 22 
19 18 22 21 23 24 22 21 24 
24 23 25 26 27 28 20 27 26 
20 26 18 18 26 29 21 18 30 
30 18 29 23 21 31 31 21 30 
32 25 23 32 23 33 33 23 31 
32 33 34 35 36 37 28 36 35 
28 35 26 26 35 38 29 26 39 
39 26 38 30 29 40 40 29 39 
31 30 41 41 30 40 33 31 42 
42 31 41 43 34 33 42 43 33 
44 45 46 44 47 48 45 44 48 
47 49 50 48 47 50 49 51 52 
50 49 52 51 53 54 52 51 54 
53 55 56 54 53 56 55 57 58 
56 55 58 57 59 60 58 57 60 
59 61 62 60 59 62 62 61 63 
64 65 66 37 65 64 37 64 35 
35 64 67 38 35 68 68 35 67 
39 38 69 69 38 68 40 39 70 
70 39 69 41 40 71 71 40 70 
42 41 72 72 41 71 73 43 42 
72 73 42 74 75 76 74 77 78 
75 74 78 46 78 77 46 77 44 
44 77 79 47 44 80 80 44 79 
49 47 81 81 47 80 51 49 82 
82 49 81 53 51 83 83 51 82 
55 53 84 84 53 83 57 55 85 
85 55 84 59 57 86 86 57 85 
61 59 87 87 59 86 88 63 61 
88 61 89 89 61 87 89 90 91 
88 89 91 66 91 90 66 90 64 
64 90 92 67 64 93 93 64 92 
68 67 94 94 67 93 69 68 95 
95 68 94 96 97 70 96 70 95 
95 70 69 97 98 99 97 99 70 
70 99 71 100 101 72 100 72 99 
99 72 71 73 72 101 102 74 76 
103 102 76 77 74 104 104 74 102 
79 77 105 105 77 104 80 79 106 
106 79 105 81 80 107 107 80 106 
82 81 108 108 81 107 83 82 109 
109 82 108 84 83 110 110 83 109 
85 84 111 111 84 110 86 85 112 
112 85 111 87 86 113 113 86 112 
89 87 114 114 87 113 90 89 115 
115 89 114 92 90 116 116 90 115 
93 92 117 117 92 116 94 93 118 
118 93 117 95 94 119 119 94 118 
120 96 95 119 120 95 99 98 121 
100 99 121 122 102 103 123 122 103 
104 102 124 124 102 122 105 104 125 
125 104 124 106 105 126 126 105 125 
107 106 127 127 106 126 108 107 128 
128 107 127 109 108 129 129 108 128 
110 109 130 130 109 129 111 110 131 
131 110 130 112 111 132 132 111 131 
113 112 133 133 112 132 114 113 134 
134 113 133 1 134 2 1 115 134 
115 114 134 4 115 1 116 115 4 
5 116 4 5 135 116 135 117 116 
136 137 118 136 118 135 135 118 117 
119 118 137 138 119 137 120 119 138 
122 123 139 139 140 141 139 141 122 
122 141 124 125 124 142 142 124 141 
126 125 143 143 125 142 127 126 144 
144 126 143 128 127 145 145 127 144 
129 128 146 146 128 145 130 129 147 
147 129 146 131 130 148 148 130 147 
132 131 149 149 131 148 133 132 150 
150 132 149 7 150 8 7 134 150 
134 133 150 10 134 7 10 151 134 
2 134 9 9 134 151 152 9 151 
152 153 9 153 11 9 135 5 11 
135 11 154 154 11 153 136 135 154 
155 156 157 140 156 155 140 155 141 
141 155 158 13 158 14 13 142 158 
142 141 158 15 142 13 15 159 142 
159 143 142 144 143 160 160 143 159 
145 144 161 161 144 160 146 145 162 
162 145 161 147 146 163 163 146 162 
148 147 164 164 147 163 149 148 165 
165 148 164 166 167 150 166 150 165 
165 150 149 8 150 167 8 167 16 
16 167 168 151 10 16 151 16 169 
169 16 168 152 151 169 155 157 170 
158 155 170 171 158 170 14 158 171 
14 171 17 17 171 172 159 15 17 
159 17 173 173 17 172 160 159 173 
174 160 173 161 160 174 175 161 174 
162 161 175 176 162 175 163 162 176 
177 163 176 164 163 177 178 164 177 
165 164 178 179 165 178 166 165 179 
180 181 182 180 183 184 181 180 184 
184 183 185 186 187 188 182 187 186 
182 186 180 180 186 189 183 180 190 
190 180 189 191 185 183 191 183 192 
192 183 190 191 192 193 194 195 196 
194 197 198 195 194 198 188 198 197 
188 197 186 186 197 199 189 186 200 
200 186 199 190 189 201 201 189 200 
192 190 202 202 190 201 203 193 192 
202 203 192 204 205 206 204 207 208 
205 204 208 196 208 207 196 207 194 
194 207 209 197 194 210 210 194 209 
199 197 211 211 197 210 19 211 20 
19 200 211 200 199 211 22 200 19 
201 200 22 24 201 22 202 201 24 
25 212 213 24 25 213 24 213 203 
24 203 202 213 212 214 215 216 217 
215 218 219 216 215 219 218 220 221 
219 218 221 206 221 220 206 220 204 
204 220 222 207 204 223 223 204 222 
209 207 224 224 207 223 210 209 225 
225 209 224 27 225 28 27 211 225 
211 210 225 20 211 27 25 32 212 
212 32 34 212 34 214 214 34 226 
227 228 229 227 230 231 228 227 231 
230 232 233 231 230 233 232 234 235 
233 232 235 234 236 237 235 234 237 
236 238 239 237 236 239 238 240 241 
239 238 241 240 242 243 241 240 243 
242 244 245 243 242 245 217 245 244 
217 244 215 215 244 246 218 215 247 
247 215 246 220 218 248 248 218 247 
222 220 249 249 220 248 223 222 250 
250 222 249 224 223 251 251 223 250 
36 251 37 36 225 251 225 224 251 
28 225 36 34 43 226 226 43 252 
253 227 229 254 253 229 230 227 255 
255 227 253 232 230 256 256 230 255 
45 256 46 45 234 256 234 232 256 
48 234 45 236 234 48 50 236 48 
238 236 50 52 238 50 240 238 52 
54 240 52 242 240 54 56 242 54 
244 242 56 58 244 56 246 244 58 
60 246 58 247 246 60 62 247 60 
248 247 62 63 248 62 63 257 248 
257 249 248 250 249 258 258 249 257 
65 258 66 65 251 258 251 250 258 
37 251 65 43 73 252 252 73 259 
260 253 254 261 260 254 75 260 76 
75 255 260 255 253 260 78 255 75 
256 255 78 46 256 78 63 88 257 
91 257 88 258 257 91 66 258 91 
97 96 262 97 262 98 101 100 263 
101 263 264 101 264 73 73 264 259 
265 260 261 266 265 261 76 265 103 
260 265 76 262 120 267 96 120 262 
98 268 121 98 262 268 262 267 268 
121 268 269 100 121 269 100 269 270 
100 270 263 264 263 270 265 266 271 
271 103 265 271 272 103 272 123 103 
137 136 273 274 137 273 274 275 137 
275 138 137 267 120 138 267 138 276 
276 138 275 268 267 276 277 268 276 
269 268 277 278 139 123 278 123 279 
279 123 272 139 278 140 153 280 281 
152 280 153 154 153 282 153 281 282 
273 136 154 273 154 283 283 154 282 
274 273 283 284 285 286 279 285 284 
278 279 284 278 284 157 278 157 156 
140 278 156 287 288 289 287 290 288 
167 166 291 292 167 291 292 293 167 
293 168 167 169 168 294 168 293 294 
280 152 169 294 280 169 284 286 295 
157 284 295 157 295 170 170 295 296 
289 288 171 289 171 296 296 171 170 
288 290 297 288 297 171 171 297 172 
173 172 298 172 297 298 174 173 299 
173 298 299 175 174 300 174 299 300 
301 300 302 301 176 300 176 175 300 
176 303 177 301 303 176 177 304 178 
303 304 177 305 178 304 305 306 178 
306 179 178 291 166 179 291 179 307 
307 179 306 292 291 307 301 302 308 
303 301 308 309 303 308 304 303 309 
310 304 309 305 304 310 311 312 313 
311 314 315 312 311 315 315 314 316 
317 318 319 313 318 317 313 317 311 
311 317 320 181 320 182 181 314 320 
314 311 320 314 321 316 314 181 321 
181 184 321 321 184 185 322 321 185 
323 324 325 319 324 323 319 323 317 
317 323 326 187 326 188 187 320 326 
320 317 326 182 320 187 185 327 322 
191 327 185 327 191 193 328 327 193 
329 330 331 329 332 333 330 329 333 
325 333 332 323 325 332 323 332 196 
323 196 195 198 323 195 326 323 198 
188 326 198 193 203 328 328 203 334 
335 336 337 335 338 339 336 335 339 
338 340 341 339 338 341 341 340 342 
343 344 345 343 346 347 344 343 347 
346 348 349 347 346 349 348 350 351 
349 348 351 350 352 353 351 350 353 
331 353 352 329 331 352 329 352 206 
329 206 205 208 329 205 332 329 208 
196 332 208 354 203 213 354 355 203 
355 334 203 213 214 354 356 357 358 
337 357 356 337 356 335 335 356 359 
338 335 360 360 335 359 340 338 361 
361 338 360 362 342 340 362 340 363 
363 340 361 362 363 364 365 366 367 
345 366 365 345 365 343 343 365 368 
346 343 369 369 343 368 216 369 217 
216 348 369 348 346 369 219 348 216 
350 348 219 221 350 219 352 350 221 
206 352 221 370 371 372 355 370 372 
355 354 370 354 373 370 214 226 373 
354 214 373 374 375 376 358 375 374 
356 358 374 356 374 229 356 229 228 
231 356 228 359 356 231 233 359 231 
360 359 233 235 360 233 361 360 235 
237 361 235 363 361 237 363 377 364 
363 237 377 237 239 377 367 241 365 
367 377 241 377 239 241 243 365 241 
368 365 243 245 368 243 369 368 245 
217 369 245 378 371 370 379 371 378 
373 380 370 380 378 370 226 252 380 
373 226 380 381 374 376 382 381 376 
229 381 254 374 381 229 378 383 379 
383 384 385 383 378 384 378 380 384 
252 259 384 380 252 384 386 381 382 
387 386 382 254 386 261 381 386 254 
388 385 384 389 385 388 259 264 388 
384 259 388 390 386 387 391 390 387 
261 390 266 386 390 261 270 389 388 
270 269 389 269 392 389 264 270 388 
390 391 393 394 393 395 271 393 394 
271 390 393 271 266 390 271 394 272 
275 274 396 397 275 396 397 398 275 
398 276 275 277 276 399 276 398 399 
392 269 277 399 392 277 400 394 395 
401 400 395 272 400 279 394 400 272 
281 402 403 280 402 281 282 281 404 
281 403 404 283 282 405 282 404 405 
396 274 283 396 283 406 406 283 405 
397 396 406 285 400 401 285 401 286 
286 401 407 279 400 285 408 409 410 
409 287 289 409 408 287 408 411 287 
411 290 287 412 290 411 293 413 414 
292 413 293 294 293 415 293 414 415 
402 280 294 415 402 294 286 407 416 
295 286 416 410 409 296 410 296 416 
416 296 295 289 296 409 290 412 417 
297 290 417 298 297 418 297 417 418 
299 298 419 298 418 419 300 299 420 
299 419 420 420 302 300 421 302 420 
306 422 423 305 422 306 307 306 424 
306 423 424 413 292 307 424 413 307 
302 421 425 308 302 425 309 308 426 
308 425 426 310 309 427 309 426 427 
422 305 310 427 422 310 428 429 430 
428 431 432 429 428 432 431 313 312 
431 312 432 432 312 433 315 434 312 
312 434 433 434 315 316 435 434 316 
436 437 438 430 437 436 430 436 428 
428 436 439 318 439 319 318 431 439 
431 428 439 313 431 318 316 440 435 
321 440 316 440 321 322 441 440 322 
442 443 444 443 442 445 446 447 448 
446 449 450 447 446 450 438 450 449 
438 449 436 436 449 451 324 451 325 
324 439 451 439 436 451 319 439 324 
452 322 327 452 453 322 453 441 322 
327 328 452 454 455 456 444 455 454 
444 454 442 442 454 457 458 445 442 
458 442 459 459 442 457 458 459 460 
461 462 463 448 462 461 448 461 446 
446 461 464 330 464 331 330 449 464 
449 446 464 333 449 330 451 449 333 
325 451 333 465 453 452 466 453 465 
328 334 465 452 328 465 467 468 469 
456 468 467 454 456 467 454 467 337 
454 337 336 339 454 336 457 454 339 
341 457 339 459 457 341 342 470 471 
341 342 471 341 471 460 341 460 459 
471 470 472 473 474 475 473 345 344 
473 344 474 474 344 476 347 477 344 
344 477 476 349 478 347 347 478 477 
463 351 461 463 478 351 478 349 351 
353 461 351 464 461 353 331 464 353 
479 466 465 480 466 479 334 355 479 
465 334 479 481 482 483 469 482 481 
467 469 481 467 481 358 467 358 357 
337 467 357 342 362 470 364 484 485 
362 364 485 362 485 472 362 472 470 
475 485 484 473 475 484 473 484 367 
473 367 366 345 473 366 486 487 488 
480 486 488 479 486 480 479 371 486 
479 372 371 355 372 479 489 490 491 
489 492 493 490 489 493 483 493 492 
481 483 492 481 492 376 481 376 375 
358 481 375 364 377 484 367 484 377 
494 487 486 495 487 494 371 379 494 
486 371 494 489 491 496 496 497 498 
496 498 489 489 498 492 376 498 382 
492 498 376 499 495 494 500 495 499 
379 383 501 379 501 494 494 501 499 
383 385 501 502 498 497 503 502 497 
382 502 387 498 502 382 499 504 500 
504 505 506 504 499 505 499 501 505 
385 389 505 501 385 505 507 502 503 
508 507 503 387 507 391 502 507 387 
509 510 511 506 509 511 506 505 509 
505 512 509 389 392 512 505 389 512 
513 507 508 514 513 508 391 515 393 
391 507 515 507 513 515 393 515 395 
516 517 518 516 519 520 518 519 516 
510 520 519 509 520 510 509 397 520 
509 398 397 399 398 509 512 399 509 
392 399 512 521 513 514 522 521 514 
515 513 523 523 513 521 395 523 401 
515 523 395 403 524 525 402 524 403 
404 403 526 403 525 526 517 516 405 
517 405 526 526 405 404 406 405 516 
520 406 516 397 406 520 527 521 522 
528 527 522 523 521 529 529 521 527 
529 530 523 529 531 530 523 530 401 
532 407 530 401 530 407 532 408 410 
532 530 408 530 533 408 411 408 534 
408 533 534 412 535 536 412 411 535 
411 534 535 535 537 536 414 538 539 
413 538 414 415 414 540 414 539 540 
524 402 415 540 524 415 527 528 541 
529 527 541 542 529 541 407 532 416 
529 542 531 410 416 532 412 536 417 
536 537 543 536 543 417 417 543 418 
419 418 544 418 543 544 420 419 545 
419 544 545 545 421 420 546 421 545 
547 548 549 547 423 422 547 549 423 
549 550 423 424 423 551 423 550 551 
538 413 424 551 538 424 421 546 552 
425 421 552 426 425 553 425 552 553 
548 547 427 548 427 553 553 427 426 
422 427 547 554 555 556 554 557 558 
555 554 558 558 557 559 560 554 556 
561 560 556 429 560 430 429 557 560 
557 554 560 557 562 559 557 429 562 
429 432 562 433 563 432 432 563 562 
564 565 563 564 563 434 434 563 433 
434 435 564 566 567 568 561 567 566 
560 561 566 560 566 438 560 438 437 
430 560 437 564 569 565 570 571 569 
440 570 569 440 569 564 440 564 435 
440 441 570 443 572 573 444 443 573 
572 443 445 574 572 445 447 575 576 
448 447 576 568 450 566 568 575 450 
575 447 450 438 566 450 577 571 570 
578 571 577 441 453 577 570 441 577 
579 580 581 579 456 455 579 455 580 
580 455 582 573 455 444 582 455 573 
445 583 574 458 583 445 583 458 460 
584 583 460 585 586 587 585 588 589 
586 585 589 588 590 591 589 588 591 
590 463 462 590 462 591 591 462 592 
576 462 448 592 462 576 593 578 577 
594 578 593 453 466 593 577 453 593 
595 596 597 581 596 595 579 581 595 
579 595 469 579 469 468 456 579 468 
460 598 584 471 598 460 472 599 600 
472 600 471 471 600 598 599 475 474 
599 474 600 600 474 601 587 476 585 
587 601 476 601 474 476 477 585 476 
588 585 477 478 588 477 590 588 478 
463 590 478 602 594 593 603 594 602 
466 480 602 593 466 602 604 605 606 
597 605 604 595 597 604 595 604 483 
595 483 482 469 595 482 472 485 599 
475 599 485 488 603 602 488 487 603 
487 607 603 480 488 602 490 608 609 
491 490 609 606 493 604 606 608 493 
608 490 493 483 604 493 610 611 612 
610 612 607 610 607 495 495 607 487 
613 496 491 613 491 614 614 491 609 
496 613 497 615 611 610 616 611 615 
495 500 615 610 495 615 617 613 614 
618 617 614 497 617 503 613 617 497 
619 616 615 620 616 619 500 504 621 
500 621 615 615 621 619 504 506 621 
622 617 618 623 622 618 503 622 508 
617 622 503 624 620 619 625 620 624 
511 510 624 511 624 621 621 624 619 
506 511 621 626 622 623 627 626 623 
508 626 514 622 626 508 628 629 630 
628 518 517 628 630 518 630 631 518 
625 624 519 625 519 631 631 519 518 
510 519 624 632 626 627 633 632 627 
514 632 522 626 632 514 634 635 636 
634 525 524 634 636 525 636 637 525 
629 628 526 629 526 637 637 526 525 
517 526 628 632 633 638 632 528 522 
632 639 528 632 638 639 640 528 639 
640 641 642 639 641 640 642 530 531 
642 641 530 641 643 530 533 530 644 
530 643 644 534 533 645 533 644 645 
535 534 646 534 645 646 537 647 648 
537 535 647 535 646 647 647 649 648 
650 651 652 650 653 654 652 653 650 
654 539 538 654 653 539 653 655 539 
635 634 540 635 540 655 655 540 539 
524 540 634 528 640 541 542 541 640 
642 542 640 531 542 642 537 648 543 
648 649 656 648 656 543 543 656 544 
545 544 657 544 656 657 546 658 659 
546 545 658 545 657 658 659 660 661 
658 660 659 661 549 548 661 660 549 
660 662 549 651 650 550 651 550 662 
662 550 549 551 550 650 654 551 650 
538 551 654 546 659 552 553 552 659 
661 553 659 548 553 661 663 664 665 
663 556 555 663 555 664 664 555 666 
558 667 555 555 667 666 667 558 559 
668 667 559 669 663 665 670 669 665 
556 669 561 663 669 556 559 671 668 
562 671 559 672 673 671 672 671 563 
563 671 562 563 565 672 674 675 676 
670 675 674 669 670 674 669 674 568 
669 568 567 561 669 567 672 677 673 
678 679 677 569 678 677 569 677 672 
569 672 565 569 571 678 680 681 682 
680 683 684 681 680 684 683 573 572 
683 572 684 684 572 685 685 572 574 
686 685 574 687 688 689 676 688 687 
674 676 687 674 687 576 674 576 575 
568 674 575 678 690 679 690 678 571 
690 571 691 691 571 578 692 693 694 
682 693 692 680 682 692 680 692 581 
680 581 580 582 680 580 683 680 582 
573 683 582 574 695 686 583 695 574 
584 696 697 584 697 583 583 697 695 
696 698 699 697 696 699 698 700 701 
699 698 701 700 587 586 700 586 701 
701 586 702 589 703 586 586 703 702 
591 704 589 589 704 703 689 592 687 
689 704 592 704 591 592 576 687 592 
578 594 691 691 594 705 706 707 708 
694 707 706 692 694 706 692 706 597 
692 597 596 581 692 596 584 598 696 
600 696 598 698 696 600 601 698 600 
700 698 601 587 700 601 709 710 711 
709 711 705 709 705 603 603 705 594 
712 713 714 712 715 716 713 712 716 
708 716 715 706 708 715 706 715 606 
706 606 605 597 706 605 717 710 709 
718 710 717 603 607 717 709 603 717 
719 712 714 720 719 714 608 719 609 
608 715 719 715 712 719 606 715 608 
612 718 717 612 611 718 611 721 718 
607 612 717 722 719 720 723 722 720 
609 722 614 719 722 609 724 725 726 
724 726 721 724 721 616 616 721 611 
727 722 723 728 727 723 614 727 618 
722 727 614 729 725 724 730 725 729 
616 620 729 724 616 729 731 727 728 
732 731 728 618 731 623 727 731 618 
733 730 729 734 730 733 620 625 733 
729 620 733 731 732 735 735 623 731 
735 736 623 736 627 623 737 738 739 
737 630 629 737 739 630 739 740 630 
734 733 631 734 631 740 740 631 630 
625 631 733 741 742 633 741 633 736 
736 633 627 741 743 742 636 744 745 
635 744 636 738 737 637 738 637 745 
745 637 636 629 637 737 633 742 638 
742 743 746 742 746 638 638 746 639 
641 639 747 639 746 747 643 641 748 
641 747 748 644 643 749 643 748 749 
645 644 750 644 749 750 646 645 751 
645 750 751 647 646 752 646 751 752 
649 753 754 649 647 753 647 752 753 
754 755 756 753 755 754 756 757 758 
755 757 756 758 759 760 757 759 758 
760 761 762 759 761 760 762 652 651 
762 761 652 761 763 652 653 652 764 
652 763 764 655 653 765 653 764 765 
744 635 655 765 744 655 649 754 656 
657 656 754 756 657 754 658 657 756 
758 658 756 660 658 758 760 660 758 
662 660 760 762 662 760 651 662 762 
664 766 767 665 664 767 666 768 664 
664 768 766 769 770 768 769 768 667 
667 768 666 667 668 769 665 767 670 
767 771 670 769 772 770 773 774 772 
671 773 772 671 772 769 671 769 668 
671 673 773 775 776 777 776 775 778 
675 779 780 676 675 780 771 675 670 
779 675 771 773 781 774 782 783 781 
677 782 781 677 781 773 677 773 673 
677 679 782 681 784 785 682 681 785 
777 684 775 777 784 684 784 681 684 
775 786 778 775 684 786 684 685 786 
686 787 788 686 788 685 685 788 786 
788 787 789 790 791 792 790 689 688 
790 688 791 791 688 793 780 688 676 
793 688 780 782 794 783 795 796 794 
690 795 794 690 794 782 690 782 679 
690 691 795 693 797 798 694 693 798 
785 693 682 797 693 785 686 695 787 
787 799 789 787 695 799 695 697 799 
699 800 697 697 800 799 701 801 699 
699 801 800 702 802 701 701 802 801 
703 803 702 702 803 802 792 704 790 
792 803 704 803 703 704 689 790 704 
804 796 795 805 796 804 691 705 804 
795 691 804 806 807 808 806 708 707 
806 707 807 807 707 809 798 707 694 
809 707 798 711 805 804 711 710 805 
710 810 805 705 711 804 811 812 813 
811 714 713 811 713 812 812 713 814 
808 716 806 808 814 716 814 713 716 
708 806 716 710 718 810 810 718 815 
811 813 816 816 714 811 816 817 714 
817 720 714 818 819 820 818 820 815 
818 815 721 721 815 718 720 817 723 
817 821 723 822 823 824 819 822 824 
818 822 819 818 725 822 818 726 725 
721 726 818 825 826 827 825 821 826 
825 728 821 728 723 821 828 823 822 
829 823 828 725 730 828 822 725 828 
825 827 830 830 728 825 830 831 728 
831 732 728 832 829 828 833 829 832 
730 734 832 828 730 832 732 831 834 
735 732 834 834 736 735 835 736 834 
739 836 837 738 836 739 833 832 740 
833 740 837 837 740 739 734 740 832 
736 835 838 741 736 838 743 839 840 
743 741 839 741 838 839 839 841 840 
842 843 844 842 845 846 844 845 842 
846 847 848 845 847 846 847 849 848 
850 851 852 850 853 854 852 853 850 
854 745 744 854 853 745 853 855 745 
836 738 745 855 836 745 743 840 746 
840 841 856 840 856 746 746 856 747 
748 747 857 747 856 857 843 842 749 
843 749 857 857 749 748 750 749 842 
846 750 842 751 750 846 848 751 846 
848 849 858 848 858 751 751 858 752 
753 752 859 752 858 859 755 753 860 
753 859 860 757 755 861 755 860 861 
759 757 862 757 861 862 761 759 863 
759 862 863 763 761 864 761 863 864 
851 850 764 851 764 864 864 764 763 
765 764 850 854 765 850 744 765 854 
766 865 866 767 766 866 867 868 865 
867 865 768 768 865 766 768 770 867 
869 870 871 869 866 870 869 771 866 
771 767 866 867 872 868 770 872 867 
770 772 872 772 873 872 873 772 774 
874 873 774 776 875 876 777 776 876 
875 776 778 877 875 778 878 879 880 
878 881 882 879 878 882 871 882 881 
869 871 881 869 881 780 869 780 779 
771 869 779 774 883 874 781 883 774 
883 781 783 884 883 783 784 885 886 
785 784 886 876 784 777 885 784 876 
778 887 877 786 887 778 788 888 786 
786 888 887 789 889 890 789 890 788 
788 890 888 889 891 892 890 889 892 
891 893 894 892 891 894 893 895 896 
894 893 896 895 897 898 896 895 898 
880 898 897 878 880 897 878 897 792 
878 792 791 793 878 791 881 878 793 
780 881 793 783 899 884 794 899 783 
899 794 796 900 899 796 901 902 903 
901 904 905 902 901 905 904 798 797 
904 797 905 905 797 906 886 797 785 
906 797 886 789 799 889 800 889 799 
891 889 800 801 891 800 893 891 801 
802 893 801 895 893 802 803 895 802 
897 895 803 792 897 803 796 805 900 
900 805 907 908 909 910 908 911 912 
909 908 912 903 912 911 901 903 911 
901 911 808 901 808 807 809 901 807 
904 901 809 798 904 809 805 810 907 
907 810 913 812 908 910 812 910 813 
813 910 914 814 908 812 911 908 814 
808 911 814 915 916 917 915 917 913 
915 913 815 815 913 810 918 816 813 
918 813 919 919 813 914 816 918 817 
820 916 915 820 819 916 819 920 916 
815 820 915 918 919 921 921 817 918 
921 922 817 922 821 817 824 923 924 
823 923 824 920 819 824 924 920 824 
826 925 926 827 826 926 922 826 821 
925 826 922 823 829 923 923 829 927 
827 926 928 830 827 928 831 929 930 
831 830 929 830 928 929 929 931 930 
932 933 934 932 934 927 932 927 833 
833 927 829 831 930 834 835 935 936 
834 935 835 834 931 935 834 930 931 
936 937 938 935 937 936 937 939 938 
940 941 942 933 940 942 932 940 933 
932 836 940 932 837 836 833 837 932 
835 936 838 839 838 936 938 839 936 
841 943 944 839 943 841 839 939 943 
839 938 939 944 945 946 943 945 944 
946 844 843 946 945 844 945 947 844 
845 844 948 844 947 948 847 845 949 
845 948 949 849 950 951 849 847 950 
847 949 950 951 952 953 950 952 951 
953 954 955 952 954 953 955 956 957 
954 956 955 957 958 959 956 958 957 
959 960 961 958 960 959 961 962 963 
960 962 961 963 852 851 963 962 852 
962 964 852 853 852 965 852 964 965 
941 940 855 941 855 965 965 855 853 
836 855 940 841 944 856 857 856 944 
946 857 944 843 857 946 849 951 858 
859 858 951 953 859 951 860 859 953 
955 860 953 861 860 955 957 861 955 
862 861 957 959 862 957 863 862 959 
961 863 959 864 863 961 963 864 961 
851 864 963 966 967 968 969 866 865 
970 967 966 865 868 969 971 972 973 
972 971 974 975 976 977 975 978 979 
976 975 979 968 979 978 966 968 978 
966 978 871 966 871 870 966 980 970 
966 870 980 969 980 866 866 980 870 
981 982 980 872 981 980 872 980 969 
872 969 868 872 873 983 981 872 983 
873 874 983 984 985 986 973 985 984 
971 973 984 971 984 876 971 876 875 
877 987 988 875 877 988 875 988 974 
875 974 971 988 987 989 990 991 992 
977 991 990 975 977 990 975 990 880 
975 880 879 882 975 879 978 975 882 
871 978 882 981 993 982 983 993 981 
994 993 983 995 996 994 883 995 994 
883 994 983 883 983 874 883 884 995 
997 998 999 997 1000 1001 998 997 1001 
986 1001 1000 984 986 1000 984 1000 886 
984 886 885 876 984 885 877 887 987 
987 1002 989 987 887 1002 887 888 1002 
890 1003 888 888 1003 1002 892 1004 890 
890 1004 1003 894 1005 892 892 1005 1004 
896 1006 894 894 1006 1005 992 898 990 
992 1006 898 1006 896 898 880 990 898 
995 1007 996 1008 1009 1007 899 1008 1007 
899 1007 995 899 995 884 899 900 1008 
1010 1011 1012 1010 903 902 1010 902 1011 
1011 902 1013 999 905 997 999 1013 905 
1013 902 905 906 997 905 1000 997 906 
886 1000 906 1014 1009 1008 1015 1009 1014 
900 907 1014 1008 900 1014 909 1016 1017 
910 909 1017 1012 912 1010 1012 1016 912 
1016 909 912 903 1010 912 1018 1015 1014 
1019 1015 1018 907 913 1018 1014 907 1018 
1020 1021 1022 1020 1017 1021 1020 914 1017 
914 910 1017 917 1019 1018 917 916 1019 
916 1023 1019 913 917 1018 1024 1020 1022 
1025 1024 1022 914 1024 919 1020 1024 914 
1026 1027 1028 1026 1028 1023 1026 1023 920 
920 1023 916 1024 1025 1029 1030 1029 1031 
921 1029 1030 921 1024 1029 921 919 1024 
921 1030 922 1032 1033 1034 1027 1032 1034 
1026 1032 1027 1026 923 1032 1026 924 923 
920 924 1026 925 1030 1031 925 1031 926 
926 1031 1035 922 1030 925 1036 1033 1032 
1037 1033 1036 923 927 1036 1032 923 1036 
926 1035 1038 928 926 1038 929 928 1039 
928 1038 1039 931 1040 1041 931 929 1040 
929 1039 1040 1040 1042 1041 934 1037 1036 
934 933 1037 933 1043 1037 927 934 1036 
931 1041 935 1041 1042 1044 1041 1044 935 
935 1044 937 939 1045 1046 939 937 1045 
937 1044 1045 1045 1047 1046 1048 1049 1050 
1048 1051 1052 1050 1051 1048 1052 1053 1054 
1051 1053 1052 1054 1055 1056 1053 1055 1054 
1055 1057 1056 1058 1059 1060 1058 942 941 
1058 1060 942 1060 1061 942 1043 933 942 
1061 1043 942 939 1046 943 1046 1047 1062 
1046 1062 943 943 1062 945 947 945 1063 
945 1062 1063 948 947 1064 947 1063 1064 
949 948 1065 948 1064 1065 950 949 1066 
949 1065 1066 952 950 1067 950 1066 1067 
954 952 1068 952 1067 1068 1049 1048 956 
1049 956 1068 1068 956 954 958 956 1048 
1052 958 1048 960 958 1052 1054 960 1052 
962 960 1054 1056 962 1054 1056 1057 1069 
1056 1069 962 962 1069 964 1059 1058 965 
1059 965 1069 1069 965 964 941 965 1058 
1070 1071 1072 1070 1073 1074 1071 1070 1074 
1075 968 967 1076 1074 1073 967 970 1075 
972 1077 1078 973 972 1078 1077 972 974 
1079 1077 974 1080 1081 1082 1072 1081 1080 
1070 1072 1080 1070 1080 977 1070 977 976 
979 1070 976 1073 1070 979 1073 1083 1076 
1073 979 1083 1075 1083 968 968 1083 979 
1084 1085 1083 980 1084 1083 980 1083 1075 
980 1075 970 980 982 1084 1086 1087 1088 
1086 986 985 1086 985 1087 1087 985 1089 
1078 985 973 1089 985 1078 974 1090 1079 
988 1090 974 989 1091 1092 989 1092 988 
988 1092 1090 1091 1093 1094 1092 1091 1094 
1093 1095 1096 1094 1093 1096 1095 1097 1098 
1096 1095 1098 1097 1099 1100 1098 1097 1100 
1082 1100 1099 1080 1082 1099 1080 1099 992 
1080 992 991 977 1080 991 1084 1101 1085 
982 1101 1084 982 993 1101 993 1102 1101 
1103 1104 1102 1103 1102 994 994 1102 993 
994 996 1103 1105 1106 1107 1105 1108 1109 
1106 1105 1109 1108 999 998 1108 998 1109 
1109 998 1110 1088 1001 1086 1088 1110 1001 
1110 998 1001 986 1086 1001 989 1002 1091 
1003 1091 1002 1093 1091 1003 1004 1093 1003 
1095 1093 1004 1005 1095 1004 1097 1095 1005 
1006 1097 1005 1099 1097 1006 992 1099 1006 
1103 1111 1104 1112 1113 1111 1007 1112 1111 
1007 1111 1103 1007 1103 996 1007 1009 1112 
1114 1115 1116 1107 1115 1114 1105 1107 1114 
1105 1114 1012 1105 1012 1011 1013 1105 1011 
1108 1105 1013 999 1108 1013 1117 1113 1112 
1118 1113 1117 1009 1015 1117 1112 1009 1117 
1119 1120 1121 1116 1120 1119 1114 1116 1119 
1114 1119 1017 1114 1017 1016 1012 1114 1016 
1117 1122 1118 1122 1117 1015 1122 1015 1123 
1123 1015 1019 1021 1119 1121 1021 1121 1022 
1022 1121 1124 1017 1119 1021 1125 1126 1127 
1125 1127 1123 1125 1123 1023 1023 1123 1019 
1022 1124 1025 1124 1128 1025 1028 1126 1125 
1028 1027 1126 1027 1129 1126 1023 1028 1125 
1025 1128 1130 1029 1025 1130 1130 1031 1029 
1131 1031 1130 1034 1132 1133 1033 1132 1034 
1129 1027 1034 1133 1129 1034 1134 1135 1035 
1134 1035 1131 1131 1035 1031 1134 1136 1135 
1137 1138 1139 1137 1139 1132 1137 1132 1037 
1037 1132 1033 1035 1135 1038 1135 1136 1140 
1135 1140 1038 1038 1140 1039 1040 1039 1141 
1039 1140 1141 1141 1042 1040 1142 1042 1141 
1143 1144 1145 1138 1143 1145 1138 1137 1143 
1137 1146 1143 1037 1043 1146 1137 1037 1146 
1042 1142 1147 1044 1042 1147 1045 1044 1148 
1044 1147 1148 1047 1149 1150 1047 1045 1149 
1045 1148 1149 1150 1151 1152 1149 1151 1150 
1151 1153 1152 1154 1155 1156 1154 1157 1158 
1156 1157 1154 1158 1159 1160 1157 1159 1158 
1160 1161 1162 1159 1161 1160 1162 1050 1049 
1162 1161 1050 1161 1163 1050 1051 1050 1164 
1050 1163 1164 1053 1051 1165 1051 1164 1165 
1055 1053 1166 1053 1165 1166 1057 1167 1168 
1057 1055 1167 1055 1166 1167 1144 1168 1167 
1143 1168 1144 1143 1059 1168 1143 1060 1059 
1061 1060 1143 1146 1061 1143 1043 1061 1146 
1047 1150 1062 1063 1062 1150 1152 1063 1150 
1152 1153 1169 1152 1169 1063 1063 1169 1064 
1155 1154 1065 1155 1065 1169 1169 1065 1064 
1066 1065 1154 1158 1066 1154 1067 1066 1158 
1160 1067 1158 1068 1067 1160 1162 1068 1160 
1049 1068 1162 1057 1168 1069 1059 1069 1168 
1071 1170 1171 1072 1071 1171 1172 1173 1170 
1172 1170 1074 1074 1170 1071 1074 1076 1172 
1174 1175 1176 1174 1078 1077 1174 1077 1175 
1175 1077 1177 1079 1178 1179 1079 1179 1077 
1077 1179 1177 1179 1178 1180 1181 1182 1183 
1181 1184 1185 1182 1181 1185 1184 1186 1187 
1185 1184 1187 1186 1082 1081 1186 1081 1187 
1187 1081 1188 1171 1081 1072 1188 1081 1171 
1172 1189 1173 1076 1189 1172 1076 1083 1189 
1083 1190 1189 1190 1083 1085 1191 1190 1085 
1192 1193 1194 1192 1195 1196 1193 1192 1196 
1195 1088 1087 1195 1087 1196 1196 1087 1197 
1176 1089 1174 1176 1197 1089 1197 1087 1089 
1078 1174 1089 1079 1090 1178 1178 1198 1180 
1178 1090 1198 1090 1092 1198 1094 1199 1092 
1092 1199 1198 1183 1096 1181 1183 1199 1096 
1199 1094 1096 1098 1181 1096 1184 1181 1098 
1100 1184 1098 1186 1184 1100 1082 1186 1100 
1085 1200 1191 1101 1200 1085 1201 1202 1200 
1201 1200 1102 1102 1200 1101 1102 1104 1201 
1203 1204 1205 1203 1107 1106 1203 1106 1204 
1204 1106 1206 1194 1109 1192 1194 1206 1109 
1206 1106 1109 1110 1192 1109 1195 1192 1110 
1088 1195 1110 1201 1207 1202 1208 1209 1207 
1111 1208 1207 1111 1207 1201 1111 1201 1104 
1111 1113 1208 1115 1203 1205 1115 1205 1116 
1116 1205 1210 1107 1203 1115 1211 1209 1208 
1212 1209 1211 1113 1118 1211 1208 1113 1211 
1120 1213 1214 1121 1120 1214 1210 1120 1116 
1213 1120 1210 1211 1215 1212 1216 1217 1215 
1122 1216 1215 1122 1215 1211 1122 1211 1118 
1122 1123 1216 1121 1214 1124 1214 1218 1124 
1219 1220 1221 1217 1219 1221 1216 1219 1217 
1216 1126 1219 1216 1127 1126 1123 1127 1216 
1124 1218 1128 1218 1222 1128 1223 1220 1219 
1224 1220 1223 1126 1129 1223 1219 1126 1223 
1128 1222 1225 1130 1128 1225 1225 1131 1130 
1226 1131 1225 1227 1228 1229 1224 1227 1229 
1223 1227 1224 1223 1132 1227 1223 1133 1132 
1129 1133 1223 1131 1226 1230 1134 1131 1230 
1230 1136 1134 1231 1136 1230 1139 1228 1227 
1139 1138 1228 1138 1232 1228 1132 1139 1227 
1136 1231 1233 1140 1136 1233 1141 1140 1234 
1140 1233 1234 1234 1142 1141 1235 1142 1234 
1236 1237 1238 1236 1239 1240 1238 1239 1236 
1240 1241 1242 1239 1241 1240 1242 1243 1244 
1241 1243 1242 1244 1245 1246 1243 1245 1244 
1245 1247 1246 1248 1249 1250 1248 1145 1144 
1248 1250 1145 1250 1251 1145 1232 1138 1145 
1251 1232 1145 1142 1235 1252 1147 1142 1252 
1148 1147 1253 1147 1252 1253 1149 1148 1254 
1148 1253 1254 1151 1149 1255 1149 1254 1255 
1153 1256 1257 1153 1151 1256 1151 1255 1256 
1257 1156 1155 1257 1256 1156 1256 1258 1156 
1157 1156 1259 1156 1258 1259 1237 1236 1159 
1237 1159 1259 1259 1159 1157 1161 1159 1236 
1240 1161 1236 1163 1161 1240 1242 1163 1240 
1164 1163 1242 1244 1164 1242 1165 1164 1244 
1246 1165 1244 1246 1247 1260 1246 1260 1165 
1165 1260 1166 1249 1248 1167 1249 1167 1260 
1260 1167 1166 1144 1167 1248 1153 1257 1169 
1155 1169 1257 1261 1262 1263 1261 1264 1265 
1262 1261 1265 1265 1264 1266 1267 1268 1269 
1267 1270 1271 1268 1267 1271 1270 1272 1273 
1271 1270 1273 1272 1274 1275 1273 1272 1275 
1276 1171 1170 1277 1275 1274 1170 1173 1276 
1278 1279 1280 1278 1281 1282 1279 1278 1282 
1281 1176 1175 1281 1175 1282 1282 1175 1283 
1263 1177 1261 1263 1283 1177 1283 1175 1177 
1179 1261 1177 1264 1261 1179 1180 1284 1285 
1179 1180 1285 1179 1285 1266 1179 1266 1264 
1284 1286 1287 1285 1284 1287 1269 1287 1286 
1267 1269 1286 1267 1286 1183 1267 1183 1182 
1185 1267 1182 1270 1267 1185 1187 1270 1185 
1272 1270 1187 1188 1272 1187 1274 1272 1188 
1274 1288 1277 1274 1188 1288 1276 1288 1171 
1171 1288 1188 1173 1288 1276 1173 1189 1288 
1189 1289 1288 1290 1291 1289 1290 1289 1190 
1190 1289 1189 1190 1191 1290 1292 1293 1294 
1292 1194 1193 1292 1193 1293 1293 1193 1295 
1280 1196 1278 1280 1295 1196 1295 1193 1196 
1197 1278 1196 1281 1278 1197 1176 1281 1197 
1180 1198 1284 1199 1284 1198 1286 1284 1199 
1183 1286 1199 1290 1296 1291 1297 1298 1296 
1200 1297 1296 1200 1296 1290 1200 1290 1191 
1200 1202 1297 1204 1299 1300 1205 1204 1300 
1294 1206 1292 1294 1299 1206 1299 1204 1206 
1194 1292 1206 1297 1301 1298 1302 1303 1301 
1207 1302 1301 1207 1301 1297 1207 1297 1202 
1207 1209 1302 1304 1305 1306 1304 1300 1305 
1304 1210 1300 1210 1205 1300 1302 1307 1303 
1307 1302 1209 1307 1209 1308 1308 1209 1212 
1213 1304 1306 1213 1306 1214 1214 1306 1309 
1210 1304 1213 1310 1212 1215 1310 1311 1212 
1311 1308 1212 1215 1217 1310 1214 1309 1218 
1309 1312 1218 1313 1314 1315 1311 1313 1315 
1310 1313 1311 1310 1220 1313 1310 1221 1220 
1217 1221 1310 1316 1317 1222 1316 1222 1312 
1312 1222 1218 1316 1318 1317 1319 1314 1313 
1320 1314 1319 1220 1224 1319 1313 1220 1319 
1222 1317 1225 1317 1226 1225 1317 1318 1226 
1318 1321 1226 1229 1320 1319 1229 1228 1320 
1228 1322 1320 1224 1229 1319 1226 1321 1323 
1230 1226 1323 1323 1231 1230 1324 1231 1323 
1325 1326 1327 1325 1328 1329 1327 1328 1325 
1328 1330 1329 1331 1332 1333 1331 1333 1322 
1331 1322 1232 1232 1322 1228 1231 1324 1334 
1233 1231 1334 1234 1233 1335 1233 1334 1335 
1235 1336 1337 1235 1234 1336 1234 1335 1336 
1337 1338 1339 1336 1338 1337 1339 1340 1341 
1338 1340 1339 1341 1342 1343 1340 1342 1341 
1343 1344 1345 1342 1344 1343 1345 1346 1347 
1344 1346 1345 1347 1348 1349 1346 1348 1347 
1349 1238 1237 1349 1348 1238 1348 1350 1238 
1326 1325 1239 1326 1239 1350 1350 1239 1238 
1241 1239 1325 1329 1241 1325 1329 1330 1351 
1329 1351 1241 1241 1351 1243 1245 1243 1352 
1243 1351 1352 1247 1353 1354 1247 1245 1353 
1245 1352 1353 1354 1250 1249 1354 1353 1250 
1353 1355 1250 1332 1331 1251 1332 1251 1355 
1355 1251 1250 1232 1251 1331 1235 1337 1252 
1253 1252 1337 1339 1253 1337 1254 1253 1339 
1341 1254 1339 1255 1254 1341 1343 1255 1341 
1256 1255 1343 1345 1256 1343 1258 1256 1345 
1347 1258 1345 1259 1258 1347 1349 1259 1347 
1237 1259 1349 1247 1354 1260 1249 1260 1354 
1356 1357 1358 1356 1263 1262 1356 1262 1357 
1357 1262 1359 1265 1360 1262 1262 1360 1359 
1266 1361 1362 1266 1362 1265 1265 1362 1360 
1361 1363 1364 1362 1361 1364 1363 1269 1268 
1363 1268 1364 1364 1268 1365 1366 1367 1365 
1366 1365 1271 1271 1365 1268 1271 1273 1368 
1366 1271 1368 1273 1275 1369 1368 1273 1369 
1275 1277 1369 1370 1371 1372 1370 1280 1279 
1370 1279 1371 1371 1279 1373 1282 1374 1279 
1279 1374 1373 1358 1283 1356 1358 1374 1283 
1374 1282 1283 1263 1356 1283 1266 1285 1361 
1287 1361 1285 1363 1361 1287 1269 1363 1287 
1366 1375 1367 1368 1375 1366 1376 1375 1368 
1369 1376 1368 1377 1376 1369 1378 1379 1377 
1288 1378 1377 1288 1377 1369 1288 1369 1277 
1380 1378 1288 1380 1288 1381 1381 1288 1289 
1381 1289 1291 1382 1381 1291 1383 1384 1385 
1383 1294 1293 1383 1293 1384 1384 1293 1386 
1372 1295 1370 1372 1386 1295 1386 1293 1295 
1280 1370 1295 1378 1387 1379 1380 1387 1378 
1291 1388 1382 1296 1388 1291 1388 1296 1298 
1389 1388 1298 1390 1391 1392 1385 1391 1390 
1383 1385 1390 1383 1390 1300 1383 1300 1299 
1294 1383 1299 1298 1393 1389 1301 1393 1298 
1393 1301 1303 1394 1393 1303 1305 1390 1392 
1305 1392 1306 1306 1392 1395 1300 1390 1305 
1396 1303 1307 1396 1397 1303 1397 1394 1303 
1307 1308 1396 1306 1395 1309 1395 1398 1309 
1399 1400 1401 1397 1399 1401 1397 1396 1399 
1396 1402 1399 1308 1311 1402 1396 1308 1402 
1309 1398 1312 1398 1403 1312 1404 1400 1399 
1405 1400 1404 1315 1314 1404 1315 1404 1402 
1402 1404 1399 1311 1315 1402 1312 1403 1406 
1316 1312 1406 1406 1318 1316 1407 1318 1406 
1408 1405 1404 1409 1405 1408 1314 1320 1408 
1404 1314 1408 1410 1411 1321 1410 1321 1407 
1407 1321 1318 1410 1412 1411 1413 1414 1415 
1413 1416 1417 1415 1416 1413 1416 1418 1417 
1419 1409 1408 1420 1409 1419 1320 1322 1419 
1408 1320 1419 1321 1411 1323 1324 1421 1422 
1323 1421 1324 1323 1412 1421 1323 1411 1412 
1421 1423 1422 1424 1425 1426 1424 1427 1428 
1426 1427 1424 1428 1429 1430 1427 1429 1428 
1430 1431 1432 1429 1431 1430 1414 1432 1431 
1413 1432 1414 1413 1326 1432 1413 1327 1326 
1328 1327 1413 1417 1328 1413 1330 1433 1434 
1328 1433 1330 1328 1418 1433 1328 1417 1418 
1434 1435 1436 1433 1435 1434 1435 1437 1436 
1438 1439 1440 1420 1438 1440 1419 1438 1420 
1419 1332 1438 1419 1333 1332 1322 1333 1419 
1324 1422 1334 1422 1423 1441 1422 1441 1334 
1334 1441 1335 1336 1335 1442 1335 1441 1442 
1338 1336 1443 1336 1442 1443 1340 1338 1444 
1338 1443 1444 1342 1340 1445 1340 1444 1445 
1425 1424 1344 1425 1344 1445 1445 1344 1342 
1346 1344 1424 1428 1346 1424 1348 1346 1428 
1430 1348 1428 1350 1348 1430 1432 1350 1430 
1326 1350 1432 1330 1434 1351 1352 1351 1434 
1436 1352 1434 1436 1437 1446 1436 1446 1352 
1352 1446 1353 1439 1438 1355 1439 1355 1446 
1446 1355 1353 1332 1355 1438 1447 1448 1449 
1447 1450 1451 1448 1447 1451 1450 1358 1357 
1450 1357 1451 1451 1357 1452 1359 1453 1357 
1357 1453 1452 1360 1454 1359 1359 1454 1453 
1362 1455 1360 1360 1455 1454 1364 1456 1362 
1362 1456 1455 1457 1458 1456 1457 1456 1365 
1365 1456 1364 1365 1367 1457 1459 1460 1461 
1459 1372 1371 1459 1371 1460 1460 1371 1462 
1449 1373 1447 1449 1462 1373 1462 1371 1373 
1374 1447 1373 1450 1447 1374 1358 1450 1374 
1457 1463 1458 1464 1465 1463 1375 1464 1463 
1375 1463 1457 1375 1457 1367 1375 1376 1466 
1464 1375 1466 1376 1377 1467 1466 1376 1467 
1377 1379 1467 1381 1468 1380 1381 1382 1468 
1384 1469 1470 1385 1384 1470 1461 1386 1459 
1461 1469 1386 1469 1384 1386 1372 1459 1386 
1464 1471 1465 1466 1471 1464 1472 1471 1466 
1467 1472 1466 1473 1472 1467 1379 1473 1467 
1379 1387 1473 1387 1474 1473 1380 1474 1387 
1380 1475 1474 1380 1468 1475 1476 1474 1475 
1382 1388 1477 1382 1477 1468 1468 1477 1475 
1388 1389 1477 1391 1478 1479 1392 1391 1479 
1470 1391 1385 1478 1391 1470 1480 1476 1475 
1481 1476 1480 1477 1482 1475 1482 1480 1475 
1389 1393 1483 1389 1483 1477 1477 1483 1482 
1393 1394 1483 1392 1479 1395 1479 1484 1395 
1480 1485 1481 1485 1486 1487 1485 1480 1486 
1480 1482 1486 1483 1488 1482 1488 1486 1482 
1394 1397 1488 1483 1394 1488 1395 1484 1398 
1484 1489 1398 1490 1487 1486 1491 1487 1490 
1401 1400 1490 1401 1490 1488 1488 1490 1486 
1397 1401 1488 1492 1493 1403 1492 1403 1489 
1489 1403 1398 1492 1494 1493 1495 1491 1490 
1496 1491 1495 1400 1405 1495 1490 1400 1495 
1403 1493 1406 1493 1407 1406 1493 1494 1407 
1494 1497 1407 1498 1496 1495 1499 1496 1498 
1405 1409 1498 1495 1405 1498 1407 1497 1500 
1410 1407 1500 1412 1501 1502 1412 1410 1501 
1410 1500 1501 1501 1503 1502 1504 1505 1506 
1504 1415 1414 1504 1506 1415 1506 1507 1415 
1416 1415 1508 1415 1507 1508 1418 1509 1510 
1418 1416 1509 1416 1508 1509 1510 1511 1512 
1509 1511 1510 1512 1513 1514 1511 1513 1512 
1499 1514 1513 1499 1498 1514 1498 1515 1514 
1409 1420 1515 1498 1409 1515 1412 1502 1421 
1423 1516 1517 1421 1516 1423 1421 1503 1516 
1421 1502 1503 1517 1518 1519 1516 1518 1517 
1519 1520 1521 1518 1520 1519 1521 1522 1523 
1520 1522 1521 1523 1524 1525 1522 1524 1523 
1525 1426 1425 1525 1524 1426 1524 1526 1426 
1427 1426 1527 1426 1526 1527 1429 1427 1528 
1427 1527 1528 1505 1504 1431 1505 1431 1528 
1528 1431 1429 1414 1431 1504 1418 1510 1433 
1435 1433 1510 1512 1435 1510 1437 1435 1512 
1437 1512 1529 1529 1512 1514 1440 1439 1529 
1440 1529 1515 1515 1529 1514 1420 1440 1515 
1423 1517 1441 1442 1441 1517 1519 1442 1517 
1443 1442 1519 1521 1443 1519 1444 1443 1521 
1523 1444 1521 1445 1444 1523 1525 1445 1523 
1425 1445 1525 1437 1529 1446 1439 1446 1529 
1530 1531 1532 1530 1533 1534 1531 1530 1534 
1533 1535 1536 1534 1533 1536 1536 1535 1537 
1538 1539 1540 1538 1449 1448 1538 1448 1539 
1539 1448 1541 1451 1542 1448 1448 1542 1541 
1452 1543 1451 1451 1543 1542 1532 1453 1530 
1532 1543 1453 1543 1452 1453 1454 1530 1453 
1533 1530 1454 1455 1533 1454 1535 1533 1455 
1535 1544 1537 1535 1455 1544 1455 1456 1544 
1544 1456 1458 1545 1544 1458 1546 1547 1548 
1546 1461 1460 1546 1460 1547 1547 1460 1549 
1540 1462 1538 1540 1549 1462 1549 1460 1462 
1449 1538 1462 1458 1550 1545 1463 1550 1458 
1465 1551 1552 1465 1552 1463 1463 1552 1550 
1552 1551 1553 1554 1555 1556 1548 1555 1554 
1546 1548 1554 1546 1554 1470 1546 1470 1469 
1461 1546 1469 1465 1471 1551 1551 1557 1553 
1551 1471 1557 1471 1472 1557 1473 1558 1472 
1472 1558 1557 1559 1560 1558 1559 1558 1474 
1474 1558 1473 1474 1476 1559 1478 1554 1556 
1478 1556 1479 1479 1556 1561 1470 1554 1478 
1562 1560 1559 1563 1560 1562 1476 1481 1562 
1559 1476 1562 1479 1561 1484 1561 1564 1484 
1562 1565 1563 1566 1567 1565 1485 1566 1565 
1485 1565 1562 1485 1562 1481 1485 1487 1566 
1484 1564 1489 1564 1568 1489 1569 1567 1566 
1570 1567 1569 1487 1491 1569 1566 1487 1569 
1489 1568 1571 1492 1489 1571 1571 1494 1492 
1572 1494 1571 1573 1570 1569 1574 1570 1573 
1491 1496 1573 1569 1491 1573 1575 1576 1497 
1575 1497 1572 1572 1497 1494 1575 1577 1576 
1578 1579 1580 1578 1581 1582 1580 1581 1578 
1582 1583 1584 1581 1583 1582 1584 1585 1586 
1583 1585 1584 1586 1587 1588 1585 1587 1586 
1574 1588 1587 1574 1573 1588 1573 1589 1588 
1496 1499 1589 1573 1496 1589 1497 1576 1500 
1576 1577 1590 1576 1590 1500 1500 1590 1501 
1503 1591 1592 1503 1501 1591 1501 1590 1591 
1592 1593 1594 1591 1593 1592 1594 1595 1596 
1593 1595 1594 1596 1597 1598 1595 1597 1596 
1598 1599 1600 1597 1599 1598 1600 1601 1602 
1599 1601 1600 1602 1603 1604 1601 1603 1602 
1604 1605 1606 1603 1605 1604 1579 1606 1605 
1578 1606 1579 1578 1505 1606 1578 1506 1505 
1507 1506 1578 1582 1507 1578 1508 1507 1582 
1584 1508 1582 1509 1508 1584 1586 1509 1584 
1511 1509 1586 1588 1511 1586 1513 1511 1588 
1589 1513 1588 1499 1513 1589 1503 1592 1516 
1518 1516 1592 1594 1518 1592 1520 1518 1594 
1596 1520 1594 1522 1520 1596 1598 1522 1596 
1524 1522 1598 1600 1524 1598 1526 1524 1600 
1602 1526 1600 1527 1526 1602 1604 1527 1602 
1528 1527 1604 1606 1528 1604 1505 1528 1606 
1607 1608 1609 1607 1610 1611 1608 1607 1611 
1610 1612 1613 1611 1610 1613 1612 1614 1615 
1613 1612 1615 1614 1532 1531 1614 1531 1615 
1615 1531 1616 1534 1617 1531 1531 1617 1616 
1536 1618 1534 1534 1618 1617 1537 1619 1620 
1537 1620 1536 1536 1620 1618 1620 1619 1621 
1622 1623 1624 1609 1623 1622 1607 1609 1622 
1607 1622 1540 1607 1540 1539 1541 1607 1539 
1610 1607 1541 1542 1610 1541 1612 1610 1542 
1543 1612 1542 1614 1612 1543 1532 1614 1543 
1537 1544 1619 1545 1625 1626 1544 1545 1626 
1544 1626 1621 1544 1621 1619 1626 1625 1627 
1547 1628 1548 1622 1624 1629 1622 1629 1547 
1622 1547 1549 1628 1547 1629 1540 1622 1549 
1545 1550 1625 1625 1630 1627 1625 1550 1630 
1550 1552 1630 1553 1631 1632 1553 1632 1552 
1552 1632 1630 1632 1631 1633 1555 1634 1635 
1556 1555 1635 1628 1555 1548 1628 1636 1555 
1636 1634 1555 1629 1636 1628 1553 1557 1631 
1631 1637 1633 1631 1557 1637 1557 1558 1637 
1637 1558 1560 1638 1637 1560 1556 1635 1561 
1635 1639 1561 1560 1563 1638 1638 1563 1640 
1561 1639 1564 1639 1641 1564 1563 1642 1640 
1565 1642 1563 1642 1565 1567 1643 1642 1567 
1564 1641 1568 1641 1644 1568 1645 1646 1647 
1647 1648 1645 1567 1570 1643 1643 1570 1649 
1568 1644 1650 1571 1568 1650 1650 1572 1571 
1651 1572 1650 1652 1653 1654 1652 1655 1656 
1654 1655 1652 1656 1657 1658 1655 1657 1656 
1646 1658 1657 1646 1645 1658 1645 1659 1658 
1660 1645 1648 1660 1661 1645 1661 1659 1645 
1661 1660 1649 1661 1649 1574 1574 1649 1570 
1572 1651 1662 1575 1572 1662 1577 1663 1664 
1577 1575 1663 1575 1662 1663 1663 1665 1664 
1666 1667 1668 1666 1669 1670 1668 1669 1666 
1670 1671 1672 1669 1671 1670 1672 1673 1674 
1671 1673 1672 1674 1675 1676 1673 1675 1674 
1676 1677 1678 1675 1677 1676 1653 1678 1677 
1652 1678 1653 1652 1579 1678 1652 1580 1579 
1581 1580 1652 1656 1581 1652 1583 1581 1656 
1658 1583 1656 1585 1583 1658 1659 1585 1658 
1587 1585 1659 1661 1587 1659 1574 1587 1661 
1577 1664 1590 1664 1665 1679 1664 1679 1590 
1590 1679 1591 1593 1591 1680 1591 1679 1680 
1667 1666 1595 1667 1595 1680 1680 1595 1593 
1597 1595 1666 1670 1597 1666 1599 1597 1670 
1672 1599 1670 1601 1599 1672 1674 1601 1672 
1603 1601 1674 1676 1603 1674 1605 1603 1676 
1678 1605 1676 1579 1605 1678 1608 1681 1609 
1682 1681 1608 1682 1608 1683 1683 1608 1611 
1613 1684 1611 1611 1684 1683 1615 1685 1613 
1613 1685 1684 1616 1686 1615 1615 1686 1685 
1617 1687 1616 1616 1687 1686 1618 1688 1617 
1617 1688 1687 1620 1689 1618 1618 1689 1688 
1621 1690 1691 1621 1691 1620 1620 1691 1689 
1691 1690 1692 1623 1693 1624 1623 1694 1693 
1609 1694 1623 1609 1695 1694 1609 1681 1695 
1682 1695 1681 1621 1626 1690 1627 1696 1697 
1626 1627 1697 1626 1697 1692 1626 1692 1690 
1697 1696 1698 1693 1699 1629 1624 1693 1629 
1700 1693 1694 1699 1693 1700 1627 1630 1696 
1696 1701 1698 1696 1630 1701 1630 1632 1701 
1701 1632 1633 1702 1701 1633 1634 1703 1704 
1635 1634 1704 1705 1706 1703 1705 1703 1636 
1636 1703 1634 1636 1707 1705 1629 1707 1636 
1629 1708 1707 1629 1699 1708 1700 1708 1699 
1633 1709 1702 1637 1709 1633 1709 1637 1638 
1710 1709 1638 1635 1704 1639 1704 1711 1639 
1705 1712 1706 1707 1712 1705 1713 1640 1714 
1713 1710 1640 1710 1638 1640 1713 1714 1715 
1639 1711 1641 1711 1716 1641 1717 1718 1719 
1640 1642 1714 1717 1719 1720 1714 1642 1643 
1714 1643 1715 1715 1643 1721 1722 1723 1644 
1722 1644 1716 1716 1644 1641 1722 1724 1723 
1725 1726 1727 1725 1728 1729 1727 1728 1725 
1729 1730 1731 1728 1730 1729 1718 1731 1730 
1717 1731 1718 1717 1646 1731 1717 1647 1646 
1648 1732 1733 1647 1732 1648 1647 1720 1732 
1647 1717 1720 1733 1732 1721 1733 1721 1649 
1649 1721 1643 1644 1723 1650 1651 1734 1735 
1650 1734 1651 1650 1724 1734 1650 1723 1724 
1734 1736 1735 1737 1738 1739 1737 1740 1741 
1739 1740 1737 1741 1742 1743 1740 1742 1741 
1726 1743 1742 1725 1743 1726 1725 1653 1743 
1725 1654 1653 1655 1654 1725 1729 1655 1725 
1657 1655 1729 1731 1657 1729 1646 1657 1731 
1648 1733 1660 1649 1660 1733 1651 1735 1662 
1735 1736 1744 1735 1744 1662 1662 1744 1663 
1665 1745 1746 1665 1663 1745 1663 1744 1745 
1746 1747 1748 1745 1747 1746 1748 1668 1667 
1748 1747 1668 1747 1749 1668 1669 1668 1750 
1668 1749 1750 1671 1669 1751 1669 1750 1751 
1738 1737 1673 1738 1673 1751 1751 1673 1671 
1675 1673 1737 1741 1675 1737 1677 1675 1741 
1743 1677 1741 1653 1677 1743 1665 1746 1679 
1680 1679 1746 1748 1680 1746 1667 1680 1748 
1752 1753 1754 1752 1755 1756 1753 1752 1756 
1755 1757 1758 1756 1755 1758 1757 1759 1760 
1758 1757 1760 1759 1761 1762 1760 1759 1762 
1762 1761 1763 1683 1764 1765 1682 1683 1765 
1754 1684 1752 1754 1764 1684 1764 1683 1684 
1685 1752 1684 1755 1752 1685 1686 1755 1685 
1757 1755 1686 1687 1757 1686 1759 1757 1687 
1688 1759 1687 1761 1759 1688 1761 1766 1763 
1761 1688 1766 1688 1689 1766 1691 1767 1689 
1689 1767 1766 1692 1768 1769 1692 1769 1691 
1691 1769 1767 1769 1768 1770 1695 1771 1694 
1695 1772 1771 1695 1682 1772 1682 1765 1772 
1692 1697 1768 1698 1773 1774 1697 1698 1774 
1697 1774 1770 1697 1770 1768 1774 1773 1775 
1771 1776 1777 1771 1777 1694 1694 1777 1700 
1772 1776 1771 1698 1701 1773 1702 1778 1779 
1701 1702 1779 1701 1779 1775 1701 1775 1773 
1779 1778 1780 1703 1781 1782 1704 1703 1782 
1781 1703 1706 1783 1781 1706 1708 1784 1785 
1707 1708 1785 1777 1708 1700 1784 1708 1777 
1702 1709 1778 1710 1786 1787 1709 1710 1787 
1709 1787 1780 1709 1780 1778 1787 1786 1788 
1704 1782 1711 1782 1789 1711 1706 1790 1783 
1712 1790 1706 1785 1712 1707 1790 1712 1785 
1791 1792 1793 1794 1710 1793 1794 1786 1710 
1793 1710 1791 1713 1795 1710 1791 1710 1795 
1786 1794 1788 1713 1715 1795 1711 1789 1716 
1789 1796 1716 1797 1798 1799 1797 1800 1801 
1799 1800 1797 1792 1801 1800 1791 1801 1792 
1791 1718 1801 1791 1719 1718 1720 1719 1791 
1720 1791 1802 1802 1791 1795 1715 1721 1802 
1795 1715 1802 1716 1796 1803 1722 1716 1803 
1803 1724 1722 1804 1724 1803 1805 1806 1807 
1805 1727 1726 1805 1807 1727 1807 1808 1727 
1798 1797 1728 1798 1728 1808 1808 1728 1727 
1730 1728 1797 1801 1730 1797 1718 1730 1801 
1720 1802 1732 1721 1732 1802 1724 1804 1809 
1734 1724 1809 1736 1810 1811 1736 1734 1810 
1734 1809 1810 1810 1812 1811 1813 1814 1815 
1813 1816 1817 1815 1816 1813 1817 1739 1738 
1817 1816 1739 1816 1818 1739 1740 1739 1819 
1739 1818 1819 1806 1805 1742 1806 1742 1819 
1819 1742 1740 1726 1742 1805 1736 1811 1744 
1811 1812 1820 1811 1820 1744 1744 1820 1745 
1747 1745 1821 1745 1820 1821 1749 1747 1822 
1747 1821 1822 1814 1813 1750 1814 1750 1822 
1822 1750 1749 1751 1750 1813 1817 1751 1813 
1738 1751 1817 1753 1823 1824 1754 1753 1824 
1756 1825 1753 1753 1825 1823 1758 1826 1756 
1756 1826 1825 1760 1827 1758 1758 1827 1826 
1762 1828 1760 1760 1828 1827 1763 1829 1830 
1763 1830 1762 1762 1830 1828 1830 1829 1831 
1764 1832 1833 1765 1764 1833 1824 1764 1754 
1832 1764 1824 1763 1766 1829 1829 1834 1831 
1829 1766 1834 1766 1767 1834 1769 1835 1767 
1767 1835 1834 1770 1836 1837 1770 1837 1769 
1769 1837 1835 1837 1836 1838 1765 1833 1772 
1833 1839 1772 1770 1774 1836 1775 1840 1841 
1774 1775 1841 1774 1841 1838 1774 1838 1836 
1841 1840 1842 1776 1843 1844 1777 1776 1844 
1839 1776 1772 1843 1776 1839 1775 1779 1840 
1780 1845 1846 1779 1780 1846 1779 1846 1842 
1779 1842 1840 1846 1845 1847 1781 1848 1849 
1782 1781 1849 1848 1781 1783 1850 1848 1783 
1784 1851 1852 1785 1784 1852 1844 1784 1777 
1851 1784 1844 1853 1780 1787 1853 1854 1780 
1845 1780 1855 1855 1780 1854 1845 1855 1847 
1787 1788 1853 1782 1849 1789 1849 1856 1789 
1783 1857 1850 1790 1857 1783 1852 1790 1785 
1857 1790 1852 1858 1859 1860 1858 1861 1862 
1860 1861 1858 1862 1793 1792 1862 1861 1793 
1861 1863 1793 1854 1853 1794 1854 1794 1863 
1863 1794 1793 1788 1794 1853 1864 1865 1796 
1864 1796 1856 1856 1796 1789 1864 1866 1865 
1867 1868 1869 1867 1870 1871 1869 1870 1867 
1859 1871 1870 1858 1871 1859 1858 1798 1871 
1858 1799 1798 1800 1799 1858 1862 1800 1858 
1792 1800 1862 1796 1865 1803 1804 1872 1873 
1803 1872 1804 1803 1866 1872 1803 1865 1866 
1872 1874 1873 1875 1876 1877 1875 1878 1879 
1877 1878 1875 1868 1879 1878 1867 1879 1868 
1867 1806 1879 1867 1807 1806 1808 1807 1867 
1871 1808 1867 1798 1808 1871 1804 1873 1809 
1873 1874 1880 1873 1880 1809 1809 1880 1810 
1812 1881 1882 1812 1810 1881 1810 1880 1881 
1882 1883 1884 1881 1883 1882 1884 1885 1886 
1883 1885 1884 1886 1815 1814 1886 1885 1815 
1885 1887 1815 1816 1815 1888 1815 1887 1888 
1876 1875 1818 1876 1818 1888 1888 1818 1816 
1819 1818 1875 1879 1819 1875 1806 1819 1879 
1812 1882 1820 1821 1820 1882 1884 1821 1882 
1822 1821 1884 1886 1822 1884 1814 1822 1886 
1889 1890 1891 1889 1892 1893 1890 1889 1893 
1893 1892 1894 1895 1896 1897 1895 1824 1823 
1895 1823 1896 1896 1823 1898 1891 1825 1889 
1891 1898 1825 1898 1823 1825 1826 1889 1825 
1892 1889 1826 1892 1899 1894 1892 1826 1899 
1826 1827 1899 1828 1900 1827 1827 1900 1899 
1830 1901 1828 1828 1901 1900 1831 1902 1903 
1831 1903 1830 1830 1903 1901 1902 1904 1905 
1903 1902 1905 1904 1906 1907 1905 1904 1907 
1906 1908 1909 1907 1906 1909 1909 1908 1910 
1832 1895 1897 1832 1897 1833 1833 1897 1911 
1824 1895 1832 1831 1834 1902 1835 1902 1834 
1904 1902 1835 1837 1904 1835 1906 1904 1837 
1838 1906 1837 1838 1912 1906 1912 1908 1906 
1913 1910 1908 1912 1913 1908 1833 1911 1839 
1911 1914 1839 1838 1841 1912 1842 1915 1916 
1841 1842 1916 1841 1916 1913 1841 1913 1912 
1916 1915 1917 1843 1918 1919 1844 1843 1919 
1914 1843 1839 1918 1843 1914 1842 1846 1915 
1915 1846 1847 1915 1847 1917 1917 1847 1920 
1848 1921 1849 1850 1921 1848 1922 1923 1924 
1922 1852 1851 1922 1851 1923 1923 1851 1925 
1919 1851 1844 1925 1851 1919 1926 1927 1928 
1926 1929 1930 1928 1929 1926 1930 1855 1854 
1930 1929 1855 1929 1931 1855 1920 1847 1855 
1931 1920 1855 1921 1932 1856 1849 1921 1856 
1921 1857 1932 1921 1850 1857 1932 1857 1933 
1922 1924 1857 1933 1857 1924 1852 1922 1857 
1934 1935 1936 1934 1860 1859 1934 1936 1860 
1936 1937 1860 1927 1926 1861 1927 1861 1937 
1937 1861 1860 1863 1861 1926 1930 1863 1926 
1854 1863 1930 1856 1932 1864 1866 1938 1939 
1864 1938 1866 1864 1933 1938 1864 1932 1933 
1938 1940 1939 1941 1942 1943 1941 1869 1868 
1941 1943 1869 1943 1944 1869 1935 1934 1870 
1935 1870 1944 1944 1870 1869 1859 1870 1934 
1866 1939 1872 1874 1945 1946 1872 1945 1874 
1872 1940 1945 1872 1939 1940 1946 1947 1948 
1945 1947 1946 1948 1949 1950 1947 1949 1948 
1950 1951 1952 1949 1951 1950 1952 1953 1954 
1951 1953 1952 1954 1955 1956 1953 1955 1954 
1956 1877 1876 1956 1955 1877 1955 1957 1877 
1942 1941 1878 1942 1878 1957 1957 1878 1877 
1868 1878 1941 1874 1946 1880 1881 1880 1946 
1948 1881 1946 1883 1881 1948 1950 1883 1948 
1885 1883 1950 1952 1885 1950 1887 1885 1952 
1954 1887 1952 1888 1887 1954 1956 1888 1954 
1876 1888 1956 1958 1959 1960 1958 1891 1890 
1958 1890 1959 1959 1890 1961 1893 1962 1890 
1890 1962 1961 1894 1963 1964 1894 1964 1893 
1893 1964 1962 1964 1963 1965 1896 1966 1967 
1897 1896 1967 1960 1898 1958 1960 1966 1898 
1966 1896 1898 1891 1958 1898 1894 1899 1963 
1963 1968 1965 1963 1899 1968 1899 1900 1968 
1901 1969 1900 1900 1969 1968 1903 1970 1901 
1901 1970 1969 1905 1971 1903 1903 1971 1970 
1907 1972 1905 1905 1972 1971 1909 1973 1907 
1907 1973 1972 1910 1974 1975 1910 1975 1909 
1909 1975 1973 1975 1974 1976 1977 1978 1979 
1977 1967 1978 1977 1911 1967 1911 1897 1967 
1974 1913 1980 1910 1913 1974 1981 1976 1974 
1981 1974 1982 1982 1974 1980 1981 1982 1983 
1984 1977 1979 1985 1984 1979 1911 1984 1914 
1977 1984 1911 1913 1916 1980 1986 1982 1980 
1986 1980 1917 1986 1917 1987 1916 1917 1980 
1983 1982 1986 1988 1989 1990 1988 1991 1992 
1989 1988 1992 1985 1992 1991 1984 1985 1991 
1984 1991 1919 1984 1919 1918 1914 1984 1918 
1993 1994 1995 1993 1996 1997 1995 1996 1993 
1997 1998 1999 1996 1998 1997 1999 1998 1987 
1999 1987 1920 1920 1987 1917 1923 1988 1990 
1923 1990 1924 1924 1990 2000 1925 1988 1923 
1991 1988 1925 1919 1991 1925 2001 2002 2003 
2001 2004 2005 2003 2004 2001 1994 2005 2004 
1993 2005 1994 1993 1927 2005 1993 1928 1927 
1929 1928 1993 1997 1929 1993 1931 1929 1997 
1999 1931 1997 1920 1931 1999 1924 2000 1933 
2000 2006 1933 2007 2008 2009 2002 2007 2009 
2001 2007 2002 2001 1935 2007 2001 1936 1935 
1937 1936 2001 2005 1937 2001 1927 1937 2005 
1933 2006 2010 1938 1933 2010 1940 2011 2012 
1940 1938 2011 1938 2010 2011 2012 2013 2014 
2011 2013 2012 2014 2015 2016 2013 2015 2014 
2016 2017 2018 2015 2017 2016 2018 2019 2020 
2017 2019 2018 2020 2021 2022 2019 2021 2020 
2022 2023 2024 2021 2023 2022 2024 1943 1942 
2024 2023 1943 2023 2025 1943 2008 2007 1944 
2008 1944 2025 2025 1944 1943 1935 1944 2007 
1940 2012 1945 1947 1945 2012 2014 1947 2012 
1949 1947 2014 2016 1949 2014 1951 1949 2016 
2018 1951 2016 1953 1951 2018 2020 1953 2018 
1955 1953 2020 2022 1955 2020 1957 1955 2022 
2024 1957 2022 1942 1957 2024 2026 2027 2028 
2027 2026 2029 2030 2031 2032 2030 1960 1959 
2030 1959 2031 2031 1959 2033 1961 2034 1959 
1959 2034 2033 2028 1962 2026 2028 2034 1962 
2034 1961 1962 2026 2035 2029 2026 1962 2035 
1962 1964 2035 1965 2036 2037 1965 2037 1964 
1964 2037 2035 2037 2036 2038 2039 2040 2041 
2039 2042 2043 2040 2039 2043 2042 2044 2045 
2043 2042 2045 2044 2046 2047 2045 2044 2047 
2046 2048 2049 2047 2046 2049 2049 2048 2050 
2051 2052 2053 2032 2052 2051 2030 2032 2051 
2030 2051 1967 2030 1967 1966 1960 2030 1966 
1965 1968 2036 2036 2054 2038 2036 1968 2054 
1968 1969 2054 2041 1970 2039 2041 2054 1970 
2054 1969 1970 1971 2039 1970 2042 2039 1971 
1972 2042 1971 2044 2042 1972 1973 2044 1972 
2046 2044 1973 1975 2046 1973 2048 2046 1975 
1976 2055 2056 1975 1976 2056 1975 2056 2050 
1975 2050 2048 2056 2055 2057 2058 2059 2060 
2058 2061 2062 2059 2058 2062 2053 2062 2061 
2051 2053 2061 2051 2061 1979 2051 1979 1978 
1967 2051 1978 1976 1981 2055 2055 1981 1983 
2055 1983 2057 2057 1983 2063 2064 2058 2060 
2065 2064 2060 2061 2058 2066 2066 2058 2064 
1979 2066 1985 2061 2066 1979 2067 2068 2069 
2067 2070 2071 2069 2070 2067 2071 2072 2073 
2070 2072 2071 2073 1986 1987 2073 2072 1986 
2072 2074 1986 2063 1983 1986 2074 2063 1986 
1989 2064 2065 1989 2065 1990 1990 2065 2075 
1992 2064 1989 2066 2064 1992 1985 2066 1992 
2076 2077 2078 2068 2076 2078 2067 2076 2068 
2067 1994 2076 2067 1995 1994 1996 1995 2067 
2071 1996 2067 1998 1996 2071 2073 1998 2071 
1987 1998 2073 1990 2075 2000 2075 2079 2000 
2080 2081 2082 2080 2003 2002 2080 2082 2003 
2082 2083 2003 2077 2076 2004 2077 2004 2083 
2083 2004 2003 1994 2004 2076 2084 2085 2006 
2084 2006 2079 2079 2006 2000 2084 2086 2085 
2087 2088 2089 2081 2087 2089 2080 2087 2081 
2080 2008 2087 2080 2009 2008 2002 2009 2080 
2006 2085 2010 2085 2086 2090 2085 2090 2010 
2010 2090 2011 2013 2011 2091 2011 2090 2091 
2015 2013 2092 2013 2091 2092 2017 2015 2093 
2015 2092 2093 2019 2017 2094 2017 2093 2094 
2021 2019 2095 2019 2094 2095 2023 2021 2096 
2021 2095 2096 2088 2087 2025 2088 2025 2096 
2096 2025 2023 2008 2025 2087 2097 2098 2099 
2097 2100 2101 2098 2097 2101 2100 2028 2027 
2100 2027 2101 2101 2027 2102 2102 2027 2029 
2103 2102 2029 2104 2105 2106 2104 2107 2108 
2105 2104 2108 2108 2107 2109 2031 2110 2111 
2032 2031 2111 2099 2033 2097 2099 2110 2033 
2110 2031 2033 2034 2097 2033 2100 2097 2034 
2028 2100 2034 2029 2112 2103 2035 2112 2029 
2037 2113 2035 2035 2113 2112 2038 2114 2115 
2038 2115 2037 2037 2115 2113 2114 2041 2040 
2114 2040 2115 2115 2040 2116 2043 2117 2040 
2040 2117 2116 2045 2118 2043 2043 2118 2117 
2047 2119 2045 2045 2119 2118 2106 2049 2104 
2106 2119 2049 2119 2047 2049 2050 2104 2049 
2050 2120 2104 2120 2107 2104 2121 2109 2107 
2121 2107 2122 2122 2107 2120 2121 2122 2123 
2052 2124 2125 2053 2052 2125 2111 2052 2032 
2124 2052 2111 2038 2054 2114 2041 2114 2054 
2050 2056 2120 2057 2120 2056 2057 2126 2120 
2126 2122 2120 2127 2123 2122 2127 2122 2128 
2128 2122 2126 2127 2128 2129 2059 2130 2131 
2060 2059 2131 2062 2132 2059 2059 2132 2130 
2125 2062 2053 2132 2062 2125 2133 2134 2135 
2133 2136 2137 2135 2136 2133 2137 2138 2139 
2136 2138 2137 2126 2138 2140 2126 2063 2138 
2126 2057 2063 2063 2139 2138 2128 2126 2140 
2141 2128 2140 2129 2128 2141 2060 2131 2065 
2131 2142 2065 2143 2144 2145 2143 2069 2068 
2143 2145 2069 2145 2146 2069 2134 2133 2070 
2134 2070 2146 2146 2070 2069 2072 2070 2133 
2137 2072 2133 2074 2072 2137 2139 2074 2137 
2063 2074 2139 2065 2142 2075 2142 2147 2075 
2148 2149 2150 2144 2148 2150 2143 2148 2144 
2143 2077 2148 2143 2078 2077 2068 2078 2143 
2151 2152 2079 2151 2079 2147 2147 2079 2075 
2151 2153 2152 2154 2155 2156 2154 2082 2081 
2154 2156 2082 2156 2157 2082 2149 2148 2083 
2149 2083 2157 2157 2083 2082 2077 2083 2148 
2079 2152 2084 2086 2158 2159 2084 2158 2086 
2084 2153 2158 2084 2152 2153 2159 2160 2161 
2158 2160 2159 2161 2162 2163 2160 2162 2161 
2163 2164 2165 2162 2164 2163 2165 2166 2167 
2164 2166 2165 2167 2168 2169 2166 2168 2167 
2169 2170 2171 2168 2170 2169 2155 2171 2170 
2154 2171 2155 2154 2088 2171 2154 2089 2088 
2081 2089 2154 2086 2159 2090 2091 2090 2159 
2161 2091 2159 2092 2091 2161 2163 2092 2161 
2093 2092 2163 2165 2093 2163 2094 2093 2165 
2167 2094 2165 2095 2094 2167 2169 2095 2167 
2096 2095 2169 2171 2096 2169 2088 2096 2171 
2172 2173 2174 2172 2175 2176 2173 2172 2176 
2176 2175 2177 2178 2179 2180 2179 2178 2181 
2098 2182 2183 2099 2098 2183 2174 2101 2172 
2174 2182 2101 2182 2098 2101 2102 2172 2101 
2175 2172 2102 2103 2184 2185 2102 2103 2185 
2102 2185 2177 2102 2177 2175 2184 2186 2187 
2185 2184 2187 2187 2186 2188 2189 2190 2191 
2189 2192 2193 2190 2189 2193 2192 2194 2195 
2193 2192 2195 2194 2106 2105 2194 2105 2195 
2195 2105 2196 2180 2108 2178 2180 2196 2108 
2196 2105 2108 2109 2197 2198 2108 2109 2198 
2108 2198 2181 2108 2181 2178 2198 2197 2199 
2110 2200 2201 2111 2110 2201 2183 2110 2099 
2200 2110 2183 2103 2112 2184 2113 2184 2112 
2186 2184 2113 2186 2202 2188 2186 2113 2202 
2113 2115 2202 2116 2203 2115 2115 2203 2202 
2191 2117 2189 2191 2203 2117 2203 2116 2117 
2118 2189 2117 2192 2189 2118 2119 2192 2118 
2194 2192 2119 2106 2194 2119 2109 2121 2197 
2123 2204 2205 2121 2123 2205 2121 2205 2199 
2121 2199 2197 2205 2204 2206 2124 2207 2208 
2125 2124 2208 2201 2124 2111 2207 2124 2201 
2209 2210 2211 2209 2212 2213 2211 2212 2209 
2213 2214 2215 2212 2214 2213 2214 2216 2215 
2123 2127 2204 2204 2127 2129 2204 2129 2206 
2206 2129 2217 2130 2218 2219 2131 2130 2219 
2132 2220 2130 2130 2220 2218 2208 2132 2125 
2220 2132 2208 2221 2222 2223 2210 2221 2223 
2209 2221 2210 2209 2134 2221 2209 2135 2134 
2136 2135 2209 2213 2136 2209 2138 2136 2213 
2215 2138 2213 2215 2216 2224 2215 2224 2138 
2138 2224 2140 2141 2140 2225 2140 2224 2225 
2217 2129 2141 2225 2217 2141 2226 2227 2142 
2226 2142 2219 2219 2142 2131 2226 2228 2227 
2229 2230 2231 2229 2145 2144 2229 2231 2145 
2231 2232 2145 2222 2221 2146 2222 2146 2232 
2232 2146 2145 2134 2146 2221 2227 2233 2147 
2142 2227 2147 2234 2227 2228 2233 2227 2234 
2235 2236 2237 2230 2235 2237 2229 2235 2230 
2229 2149 2235 2229 2150 2149 2144 2150 2229 
2147 2233 2151 2153 2238 2239 2151 2238 2153 
2151 2234 2238 2151 2233 2234 2239 2240 2241 
2238 2240 2239 2241 2242 2243 2240 2242 2241 
2243 2244 2245 2242 2244 2243 2245 2246 2247 
2244 2246 2245 2247 2248 2249 2246 2248 2247 
2249 2250 2251 2248 2250 2249 2251 2156 2155 
2251 2250 2156 2250 2252 2156 2236 2235 2157 
2236 2157 2252 2252 2157 2156 2149 2157 2235 
2153 2239 2158 2160 2158 2239 2241 2160 2239 
2162 2160 2241 2243 2162 2241 2164 2162 2243 
2245 2164 2243 2166 2164 2245 2247 2166 2245 
2168 2166 2247 2249 2168 2247 2170 2168 2249 
2251 2170 2249 2155 2170 2251 2253 2254 2255 
2253 2256 2257 2254 2253 2257 2257 2256 2258 
2259 2260 2261 2255 2260 2259 2253 2255 2259 
2253 2259 2174 2253 2174 2173 2176 2253 2173 
2256 2253 2176 2177 2262 2263 2176 2177 2263 
2176 2263 2258 2176 2258 2256 2262 2264 2265 
2263 2262 2265 2265 2264 2266 2267 2268 2269 
2267 2180 2179 2267 2179 2268 2268 2179 2270 
2181 2271 2272 2181 2272 2179 2179 2272 2270 
2272 2271 2273 2182 2259 2261 2182 2261 2183 
2183 2261 2274 2174 2259 2182 2177 2185 2262 
2187 2262 2185 2264 2262 2187 2188 2275 2276 
2187 2188 2276 2187 2276 2266 2187 2266 2264 
2275 2277 2278 2276 2275 2278 2277 2191 2190 
2277 2190 2278 2278 2190 2279 2193 2280 2190 
2190 2280 2279 2195 2281 2193 2193 2281 2280 
2269 2196 2267 2269 2281 2196 2281 2195 2196 
2180 2267 2196 2181 2198 2271 2199 2282 2283 
2198 2199 2283 2198 2283 2273 2198 2273 2271 
2283 2282 2284 2200 2285 2286 2201 2200 2286 
2274 2200 2183 2285 2200 2274 2188 2202 2275 
2203 2275 2202 2277 2275 2203 2191 2277 2203 
2287 2288 2289 2289 2290 2287 2199 2205 2282 
2206 2291 2292 2205 2206 2292 2205 2292 2284 
2205 2284 2282 2292 2291 2293 2207 2294 2295 
2208 2207 2295 2286 2207 2201 2294 2207 2286 
2296 2297 2298 2296 2211 2210 2296 2298 2211 
2298 2299 2211 2212 2211 2300 2211 2299 2300 
2288 2287 2214 2288 2214 2300 2300 2214 2212 
2216 2301 2302 2214 2301 2216 2214 2290 2301 
2214 2287 2290 2302 2303 2304 2301 2303 2302 
2291 2303 2305 2291 2217 2303 2291 2206 2217 
2217 2304 2303 2293 2291 2305 2218 2306 2219 
2307 2306 2218 2307 2218 2308 2308 2218 2220 
2295 2220 2208 2308 2220 2295 2309 2310 2311 
2297 2309 2311 2296 2309 2297 2296 2222 2309 
2296 2223 2222 2210 2223 2296 2216 2302 2224 
2225 2224 2302 2304 2225 2302 2217 2225 2304 
2219 2306 2226 2306 2228 2226 2306 2307 2228 
2307 2312 2228 2231 2313 2314 2230 2313 2231 
2310 2309 2232 2310 2232 2314 2314 2232 2231 
2222 2232 2309 2315 2316 2234 2315 2234 2312 
2312 2234 2228 2316 2317 2318 2315 2317 2316 
2318 2319 2320 2317 2319 2318 2319 2321 2320 
2322 2323 2324 2322 2325 2326 2324 2325 2322 
2326 2237 2236 2326 2325 2237 2325 2327 2237 
2313 2230 2237 2327 2313 2237 2234 2316 2238 
2240 2238 2316 2318 2240 2316 2242 2240 2318 
2320 2242 2318 2320 2321 2328 2320 2328 2242 
2242 2328 2244 2246 2244 2329 2244 2328 2329 
2248 2246 2330 2246 2329 2330 2323 2322 2250 
2323 2250 2330 2330 2250 2248 2252 2250 2322 
2326 2252 2322 2236 2252 2326 2331 2332 2333 
2331 2334 2335 2332 2331 2335 2335 2334 2336 
2254 2337 2338 2255 2254 2338 2333 2257 2331 
2333 2337 2257 2337 2254 2257 2258 2331 2257 
2258 2339 2331 2339 2334 2331 2340 2336 2334 
2340 2334 2341 2341 2334 2339 2340 2341 2342 
2343 2344 2345 2343 2346 2347 2344 2343 2347 
2347 2346 2348 2260 2349 2350 2261 2260 2350 
2338 2260 2255 2349 2260 2338 2258 2263 2339 
2265 2339 2263 2341 2339 2265 2266 2351 2352 
2265 2266 2352 2265 2352 2342 2265 2342 2341 
2351 2353 2354 2352 2351 2354 2353 2355 2356 
2354 2353 2356 2355 2357 2358 2356 2355 2358 
2357 2359 2360 2358 2357 2360 2359 2269 2268 
2359 2268 2360 2360 2268 2361 2270 2362 2268 
2268 2362 2361 2345 2272 2343 2345 2362 2272 
2362 2270 2272 2273 2343 2272 2273 2363 2343 
2363 2346 2343 2364 2348 2346 2364 2346 2365 
2365 2346 2363 2364 2365 2366 2367 2368 2369 
2367 2350 2368 2367 2274 2350 2274 2261 2350 
2266 2276 2351 2278 2351 2276 2353 2351 2278 
2279 2353 2278 2355 2353 2279 2280 2355 2279 
2357 2355 2280 2281 2357 2280 2359 2357 2281 
2269 2359 2281 2273 2283 2363 2284 2363 2283 
2284 2370 2363 2370 2365 2363 2371 2366 2365 
2370 2371 2365 2372 2373 2374 2369 2373 2372 
2367 2369 2372 2367 2372 2286 2367 2286 2285 
2274 2367 2285 2375 2376 2377 2375 2378 2379 
2377 2378 2375 2379 2289 2288 2379 2378 2289 
2378 2380 2289 2290 2381 2382 2290 2289 2381 
2289 2380 2381 2382 2383 2384 2381 2383 2382 
2385 2284 2383 2385 2370 2284 2383 2284 2384 
2292 2386 2284 2384 2284 2386 2370 2385 2371 
2292 2293 2386 2387 2388 2389 2374 2388 2387 
2372 2374 2387 2372 2387 2295 2372 2295 2294 
2286 2372 2294 2390 2391 2392 2390 2298 2297 
2390 2392 2298 2392 2393 2298 2376 2375 2299 
2376 2299 2393 2393 2299 2298 2300 2299 2375 
2379 2300 2375 2288 2300 2379 2290 2382 2301 
2303 2301 2382 2384 2303 2382 2305 2303 2384 
2386 2305 2384 2293 2305 2386 2308 2387 2389 
2308 2389 2307 2307 2389 2394 2295 2387 2308 
2395 2396 2397 2391 2395 2397 2390 2395 2391 
2390 2310 2395 2390 2311 2310 2297 2311 2390 
2398 2399 2312 2398 2312 2394 2394 2312 2307 
2399 2400 2401 2398 2400 2399 2400 2402 2401 
2403 2404 2405 2396 2403 2405 2395 2403 2396 
2395 2313 2403 2395 2314 2313 2310 2314 2395 
2312 2399 2315 2317 2315 2399 2401 2317 2399 
2401 2402 2406 2401 2406 2317 2317 2406 2319 
2321 2407 2408 2321 2319 2407 2319 2406 2407 
2408 2409 2410 2407 2409 2408 2410 2411 2412 
2409 2411 2410 2412 2324 2323 2412 2411 2324 
2411 2413 2324 2325 2324 2414 2324 2413 2414 
2404 2403 2327 2404 2327 2414 2414 2327 2325 
2313 2327 2403 2321 2408 2328 2329 2328 2408 
2410 2329 2408 2330 2329 2410 2412 2330 2410 
2323 2330 2412 2415 2416 2417 2416 2415 2418 
2419 2420 2421 2419 2333 2332 2419 2332 2420 
2420 2332 2422 2417 2335 2415 2417 2422 2335 
2422 2332 2335 2336 2423 2424 2335 2336 2424 
2335 2424 2418 2335 2418 2415 2424 2423 2425 
2426 2427 2428 2426 2429 2430 2427 2426 2430 
2430 2429 2431 2432 2433 2434 2421 2433 2432 
2419 2421 2432 2419 2432 2338 2419 2338 2337 
2333 2419 2337 2336 2340 2423 2342 2435 2436 
2340 2342 2436 2340 2436 2425 2340 2425 2423 
2435 2437 2438 2436 2435 2438 2437 2439 2440 
2438 2437 2440 2439 2441 2442 2440 2439 2442 
2441 2443 2444 2442 2441 2444 2443 2445 2446 
2444 2443 2446 2445 2447 2448 2446 2445 2448 
2428 2448 2447 2426 2428 2447 2426 2447 2345 
2426 2345 2344 2347 2426 2344 2429 2426 2347 
2348 2449 2450 2347 2348 2450 2347 2450 2431 
2347 2431 2429 2450 2449 2451 2349 2432 2434 
2349 2434 2350 2350 2434 2452 2338 2432 2349 
2342 2352 2435 2354 2435 2352 2437 2435 2354 
2356 2437 2354 2439 2437 2356 2358 2439 2356 
2441 2439 2358 2360 2441 2358 2443 2441 2360 
2361 2443 2360 2445 2443 2361 2362 2445 2361 
2447 2445 2362 2345 2447 2362 2348 2364 2449 
2449 2364 2366 2449 2366 2451 2451 2366 2453 
2368 2454 2455 2369 2368 2455 2452 2368 2350 
2454 2368 2452 2456 2457 2458 2456 2459 2460 
2458 2459 2456 2460 2461 2462 2459 2461 2460 
2462 2463 2464 2461 2463 2462 2463 2465 2464 
2366 2371 2453 2453 2371 2466 2373 2467 2468 
2374 2373 2468 2455 2373 2369 2467 2373 2455 
2469 2470 2471 2469 2377 2376 2469 2471 2377 
2471 2472 2377 2457 2456 2378 2457 2378 2472 
2472 2378 2377 2380 2378 2456 2460 2380 2456 
2381 2380 2460 2462 2381 2460 2383 2381 2462 
2464 2383 2462 2464 2465 2473 2464 2473 2383 
2383 2473 2385 2466 2371 2385 2473 2466 2385 
2388 2474 2475 2389 2388 2475 2468 2388 2374 
2474 2388 2468 2392 2476 2477 2391 2476 2392 
2470 2469 2393 2470 2393 2477 2477 2393 2392 
2376 2393 2469 2478 2479 2394 2478 2394 2475 
2475 2394 2389 2478 2480 2479 2481 2482 2483 
2481 2397 2396 2481 2483 2397 2483 2484 2397 
2476 2391 2397 2484 2476 2397 2394 2479 2398 
2479 2480 2485 2479 2485 2398 2398 2485 2400 
2402 2486 2487 2402 2400 2486 2400 2485 2486 
2487 2488 2489 2486 2488 2487 2489 2490 2491 
2488 2490 2489 2491 2492 2493 2490 2492 2491 
2493 2494 2495 2492 2494 2493 2495 2496 2497 
2494 2496 2495 2482 2497 2496 2481 2497 2482 
2481 2404 2497 2481 2405 2404 2396 2405 2481 
2402 2487 2406 2407 2406 2487 2489 2407 2487 
2409 2407 2489 2491 2409 2489 2411 2409 2491 
2493 2411 2491 2413 2411 2493 2495 2413 2493 
2414 2413 2495 2497 2414 2495 2404 2414 2497 
2498 2499 2500 2499 2498 2501 2502 2503 2504 
2500 2503 2502 2498 2500 2502 2498 2502 2417 
2498 2417 2416 2418 2505 2506 2416 2418 2506 
2416 2506 2501 2416 2501 2498 2505 2507 2508 
2506 2505 2508 2507 2509 2510 2508 2507 2510 
2509 2511 2512 2510 2509 2512 2511 2513 2514 
2512 2511 2514 2513 2515 2516 2514 2513 2516 
2515 2517 2518 2516 2515 2518 2517 2519 2520 
2518 2517 2520 2519 2521 2522 2520 2519 2522 
2521 2523 2524 2522 2521 2524 2523 2525 2526 
2524 2523 2526 2526 2525 2527 2420 2528 2529 
2421 2420 2529 2504 2422 2502 2504 2528 2422 
2528 2420 2422 2417 2502 2422 2418 2424 2505 
2425 2505 2424 2425 2530 2505 2530 2507 2505 
2509 2507 2531 2531 2507 2530 2511 2509 2532 
2532 2509 2531 2513 2511 2533 2533 2511 2532 
2515 2513 2534 2534 2513 2533 2517 2515 2535 
2535 2515 2534 2519 2517 2536 2536 2517 2535 
2427 2536 2428 2427 2521 2536 2521 2519 2536 
2430 2521 2427 2523 2521 2430 2431 2523 2430 
2431 2537 2523 2537 2525 2523 2538 2527 2525 
2537 2538 2525 2433 2539 2540 2434 2433 2540 
2529 2433 2421 2539 2433 2529 2425 2436 2530 
2438 2530 2436 2531 2530 2438 2440 2531 2438 
2532 2531 2440 2442 2532 2440 2533 2532 2442 
2444 2533 2442 2534 2533 2444 2446 2534 2444 
2535 2534 2446 2448 2535 2446 2536 2535 2448 
2428 2536 2448 2431 2450 2537 2451 2541 2542 
2450 2451 2542 2450 2542 2538 2450 2538 2537 
2542 2541 2543 2434 2540 2452 2540 2544 2452 
2545 2546 2547 2545 2548 2549 2547 2548 2545 
2549 2550 2551 2548 2550 2549 2550 2552 2551 
2541 2453 2553 2451 2453 2541 2554 2543 2541 
2553 2554 2541 2454 2555 2556 2455 2454 2556 
2544 2454 2452 2555 2454 2544 2557 2558 2559 
2557 2560 2561 2559 2560 2557 2561 2458 2457 
2561 2560 2458 2560 2562 2458 2546 2545 2459 
2546 2459 2562 2562 2459 2458 2461 2459 2545 
2549 2461 2545 2463 2461 2549 2551 2463 2549 
2465 2563 2564 2463 2563 2465 2463 2552 2563 
2463 2551 2552 2553 2563 2565 2553 2466 2563 
2553 2453 2466 2466 2564 2563 2554 2553 2565 
2467 2566 2468 2467 2567 2566 2467 2455 2567 
2455 2556 2567 2568 2569 2570 2558 2568 2570 
2557 2568 2558 2557 2470 2568 2557 2471 2470 
2472 2471 2557 2561 2472 2557 2457 2472 2561 
2465 2564 2473 2466 2473 2564 2474 2571 2475 
2474 2572 2571 2468 2572 2474 2468 2573 2572 
2468 2566 2573 2567 2573 2566 2574 2575 2576 
2569 2574 2576 2568 2574 2569 2568 2476 2574 
2568 2477 2476 2470 2477 2568 2475 2571 2478 
2480 2577 2578 2478 2577 2480 2478 2572 2577 
2478 2571 2572 2578 2579 2580 2577 2579 2578 
2580 2581 2582 2579 2581 2580 2582 2583 2584 
2581 2583 2582 2583 2585 2584 2586 2587 2588 
2586 2483 2482 2586 2588 2483 2588 2589 2483 
2575 2574 2484 2575 2484 2589 2589 2484 2483 
2476 2484 2574 2480 2578 2485 2486 2485 2578 
2580 2486 2578 2488 2486 2580 2582 2488 2580 
2490 2488 2582 2584 2490 2582 2584 2585 2590 
2584 2590 2490 2490 2590 2492 2494 2492 2591 
2492 2590 2591 2587 2586 2496 2587 2496 2591 
2591 2496 2494 2482 2496 2586 2592 2593 2594 
2593 2592 2595 2596 2597 2598 2596 2599 2600 
2597 2596 2600 2594 2600 2599 2594 2599 2592 
2592 2599 2601 2602 2595 2592 2601 2602 2592 
2603 2604 2605 2598 2604 2603 2598 2603 2596 
2596 2603 2606 2599 2596 2607 2607 2596 2606 
2601 2599 2608 2608 2599 2607 2609 2602 2601 
2609 2601 2610 2610 2601 2608 2609 2610 2611 
2612 2613 2614 2612 2615 2616 2613 2612 2616 
2605 2616 2615 2605 2615 2603 2603 2615 2617 
2606 2603 2618 2618 2603 2617 2607 2606 2619 
2619 2606 2618 2608 2607 2620 2620 2607 2619 
2610 2608 2621 2621 2608 2620 2622 2611 2610 
2622 2610 2623 2623 2610 2621 2622 2623 2624 
2625 2626 2627 2625 2500 2499 2625 2499 2626 
2626 2499 2628 2501 2629 2630 2501 2630 2499 
2499 2630 2628 2614 2630 2629 2614 2629 2612 
2612 2629 2631 2615 2612 2632 2632 2612 2631 
2617 2615 2633 2633 2615 2632 2618 2617 2634 
2634 2617 2633 2619 2618 2635 2635 2618 2634 
2620 2619 2636 2636 2619 2635 2621 2620 2637 
2637 2620 2636 2623 2621 2638 2638 2621 2637 
2639 2624 2623 2639 2623 2640 2640 2623 2638 
2640 2641 2642 2639 2640 2642 2642 2641 2643 
2644 2645 2646 2627 2645 2644 2625 2627 2644 
2625 2644 2504 2625 2504 2503 2500 2625 2503 
2501 2506 2629 2508 2629 2506 2631 2629 2508 
2510 2631 2508 2632 2631 2510 2512 2632 2510 
2633 2632 2512 2514 2633 2512 2634 2633 2514 
2516 2634 2514 2635 2634 2516 2518 2635 2516 
2636 2635 2518 2520 2636 2518 2637 2636 2520 
2522 2637 2520 2638 2637 2522 2524 2638 2522 
2640 2638 2524 2526 2640 2524 2641 2640 2526 
2527 2647 2648 2526 2527 2648 2526 2648 2643 
2526 2643 2641 2648 2647 2649 2528 2644 2646 
2528 2646 2529 2529 2646 2650 2504 2644 2528 
2647 2538 2651 2527 2538 2647 2652 2649 2647 
2651 2652 2647 2539 2653 2654 2540 2539 2654 
2650 2539 2529 2653 2539 2650 2655 2656 2657 
2657 2658 2655 2538 2542 2651 2651 2542 2543 
2651 2543 2652 2652 2543 2659 2540 2654 2544 
2654 2660 2544 2661 2662 2663 2661 2664 2665 
2663 2664 2661 2665 2547 2546 2665 2664 2547 
2664 2666 2547 2656 2655 2548 2656 2548 2666 
2666 2548 2547 2655 2658 2667 2655 2667 2548 
2548 2667 2550 2552 2668 2669 2552 2550 2668 
2550 2667 2668 2669 2670 2671 2668 2670 2669 
2671 2670 2659 2671 2659 2554 2554 2659 2543 
2555 2672 2673 2556 2555 2673 2660 2555 2544 
2672 2555 2660 2674 2675 2676 2674 2559 2558 
2674 2676 2559 2676 2677 2559 2662 2661 2560 
2662 2560 2677 2677 2560 2559 2562 2560 2661 
2665 2562 2661 2546 2562 2665 2552 2669 2563 
2565 2563 2669 2671 2565 2669 2554 2565 2671 
2556 2673 2567 2673 2678 2567 2679 2680 2681 
2675 2679 2681 2674 2679 2675 2674 2569 2679 
2674 2570 2569 2558 2570 2674 2573 2682 2572 
2683 2567 2678 2683 2682 2567 2683 2684 2682 
2682 2573 2567 2683 2685 2684 2686 2687 2688 
2686 2689 2690 2688 2689 2686 2680 2690 2689 
2679 2690 2680 2679 2575 2690 2679 2576 2575 
2569 2576 2679 2572 2682 2577 2579 2577 2682 
2684 2579 2682 2684 2685 2691 2684 2691 2579 
2579 2691 2581 2583 2581 2692 2581 2691 2692 
2585 2693 2694 2585 2583 2693 2583 2692 2693 
2694 2695 2696 2693 2695 2694 2687 2696 2695 
2686 2696 2687 2686 2587 2696 2686 2588 2587 
2589 2588 2686 2690 2589 2686 2575 2589 2690 
2585 2694 2590 2591 2590 2694 2696 2591 2694 
2587 2591 2696 2697 2698 2699 2698 2697 2700 
2701 2702 2703 2701 2704 2705 2702 2701 2705 
2699 2705 2704 2699 2704 2697 2697 2704 2706 
2707 2700 2697 2706 2707 2697 2708 2709 2710 
2708 2711 2712 2709 2708 2712 2703 2712 2711 
2701 2703 2711 2701 2711 2594 2701 2594 2593 
2595 2701 2593 2595 2713 2701 2713 2704 2701 
2706 2704 2714 2714 2704 2713 2715 2707 2706 
2715 2706 2716 2716 2706 2714 2715 2716 2717 
2718 2719 2720 2718 2721 2722 2719 2718 2722 
2721 2723 2724 2722 2721 2724 2710 2724 2723 
2708 2710 2723 2708 2723 2598 2708 2598 2597 
2600 2708 2597 2711 2708 2600 2594 2711 2600 
2713 2602 2725 2595 2602 2713 2714 2713 2726 
2726 2713 2725 2716 2714 2727 2727 2714 2726 
2728 2717 2716 2728 2716 2729 2729 2716 2727 
2728 2729 2730 2731 2732 2733 2720 2732 2731 
2720 2731 2718 2718 2731 2734 2721 2718 2735 
2735 2718 2734 2604 2735 2605 2604 2723 2735 
2723 2721 2735 2598 2723 2604 2602 2609 2725 
2611 2725 2609 2611 2736 2725 2736 2726 2725 
2727 2726 2737 2737 2726 2736 2729 2727 2738 
2738 2727 2737 2739 2730 2729 2739 2729 2740 
2740 2729 2738 2740 2741 2742 2739 2740 2742 
2742 2741 2743 2744 2745 2746 2733 2745 2744 
2733 2744 2731 2731 2744 2747 2613 2747 2614 
2613 2734 2747 2734 2731 2747 2616 2734 2613 
2735 2734 2616 2605 2735 2616 2611 2622 2736 
2624 2736 2622 2624 2748 2736 2748 2737 2736 
2738 2737 2749 2749 2737 2748 2750 2751 2740 
2750 2740 2749 2749 2740 2738 2741 2740 2751 
2752 2741 2751 2743 2741 2752 2626 2753 2754 
2627 2626 2754 2746 2628 2744 2746 2753 2628 
2753 2626 2628 2630 2744 2628 2747 2744 2630 
2614 2747 2630 2624 2639 2748 2642 2748 2639 
2749 2748 2642 2643 2755 2756 2642 2643 2756 
2642 2756 2750 2642 2750 2749 2756 2755 2757 
2645 2758 2759 2646 2645 2759 2754 2645 2627 
2758 2645 2754 2643 2648 2755 2649 2760 2761 
2648 2649 2761 2648 2761 2757 2648 2757 2755 
2761 2760 2762 2646 2759 2650 2759 2763 2650 
2760 2652 2764 2649 2652 2760 2765 2762 2760 
2764 2765 2760 2653 2766 2767 2654 2653 2767 
2763 2653 2650 2766 2653 2763 2768 2769 2770 
2768 2771 2772 2770 2771 2768 2772 2657 2656 
2772 2771 2657 2771 2773 2657 2658 2774 2775 
2658 2657 2774 2657 2773 2774 2775 2776 2777 
2774 2776 2775 2777 2778 2779 2776 2778 2777 
2764 2778 2780 2764 2659 2778 2764 2652 2659 
2659 2779 2778 2765 2764 2780 2654 2767 2660 
2767 2781 2660 2782 2783 2784 2782 2663 2662 
2782 2784 2663 2784 2785 2663 2769 2768 2664 
2769 2664 2785 2785 2664 2663 2666 2664 2768 
2772 2666 2768 2656 2666 2772 2658 2775 2667 
2668 2667 2775 2777 2668 2775 2670 2668 2777 
2779 2670 2777 2659 2670 2779 2672 2786 2787 
2673 2672 2787 2781 2672 2660 2786 2672 2781 
2788 2789 2790 2788 2676 2675 2788 2790 2676 
2790 2791 2676 2783 2782 2677 2783 2677 2791 
2791 2677 2676 2662 2677 2782 2792 2793 2678 
2792 2678 2787 2787 2678 2673 2792 2794 2793 
2795 2796 2797 2795 2798 2799 2797 2798 2795 
2789 2799 2798 2788 2799 2789 2788 2680 2799 
2788 2681 2680 2675 2681 2788 2678 2793 2683 
2685 2800 2801 2683 2800 2685 2683 2794 2800 
2683 2793 2794 2801 2802 2803 2800 2802 2801 
2803 2804 2805 2802 2804 2803 2805 2806 2807 
2804 2806 2805 2796 2807 2806 2795 2807 2796 
2795 2687 2807 2795 2688 2687 2689 2688 2795 
2799 2689 2795 2680 2689 2799 2685 2801 2691 
2692 2691 2801 2803 2692 2801 2693 2692 2803 
2805 2693 2803 2695 2693 2805 2807 2695 2805 
2687 2695 2807 2698 2808 2699 2698 2700 2808 
2809 2810 2811 2809 2703 2702 2809 2702 2810 
2810 2702 2812 2705 2813 2702 2702 2813 2812 
2808 2705 2699 2808 2814 2705 2814 2813 2705 
2808 2700 2707 2808 2707 2815 2808 2815 2814 
2816 2815 2707 2816 2817 2818 2815 2816 2818 
2817 2819 2820 2818 2817 2820 2820 2819 2821 
2822 2823 2824 2822 2825 2826 2823 2822 2826 
2825 2710 2709 2825 2709 2826 2826 2709 2827 
2811 2712 2809 2811 2827 2712 2827 2709 2712 
2703 2809 2712 2707 2715 2816 2717 2816 2715 
2717 2828 2816 2828 2817 2816 2819 2817 2829 
2829 2817 2828 2830 2821 2819 2830 2819 2831 
2831 2819 2829 2830 2831 2832 2719 2833 2834 
2720 2719 2834 2824 2722 2822 2824 2833 2722 
2833 2719 2722 2724 2822 2722 2825 2822 2724 
2710 2825 2724 2717 2728 2828 2730 2828 2728 
2730 2835 2828 2835 2829 2828 2831 2829 2836 
2836 2829 2835 2837 2832 2831 2836 2837 2831 
2732 2838 2839 2733 2732 2839 2834 2732 2720 
2838 2732 2834 2730 2739 2835 2742 2835 2739 
2836 2835 2742 2836 2742 2743 2836 2743 2837 
2837 2743 2840 2745 2841 2842 2746 2745 2842 
2839 2745 2733 2841 2745 2839 2751 2750 2843 
2751 2844 2752 2843 2844 2751 2752 2844 2845 
2752 2845 2743 2743 2845 2840 2753 2846 2847 
2754 2753 2847 2842 2753 2746 2846 2753 2842 
2750 2756 2843 2757 2843 2756 2757 2848 2843 
2848 2844 2843 2849 2845 2844 2848 2849 2844 
2758 2850 2851 2759 2758 2851 2847 2758 2754 
2850 2758 2847 2757 2761 2848 2848 2761 2762 
2848 2762 2849 2849 2762 2852 2759 2851 2763 
2851 2853 2763 2854 2855 2856 2854 2857 2858 
2856 2857 2854 2858 2859 2860 2857 2859 2858 
2860 2861 2862 2859 2861 2860 2862 2863 2864 
2861 2863 2862 2864 2863 2852 2864 2852 2765 
2765 2852 2762 2766 2865 2866 2767 2766 2866 
2853 2766 2763 2865 2766 2853 2867 2868 2869 
2867 2870 2871 2869 2870 2867 2871 2770 2769 
2871 2870 2770 2870 2872 2770 2771 2770 2873 
2770 2872 2873 2855 2854 2773 2855 2773 2873 
2873 2773 2771 2774 2773 2854 2858 2774 2854 
2776 2774 2858 2860 2776 2858 2778 2776 2860 
2862 2778 2860 2780 2778 2862 2864 2780 2862 
2765 2780 2864 2767 2866 2781 2866 2874 2781 
2875 2876 2877 2868 2875 2877 2867 2875 2868 
2867 2783 2875 2867 2784 2783 2785 2784 2867 
2871 2785 2867 2769 2785 2871 2786 2878 2787 
2786 2879 2878 2786 2781 2879 2781 2874 2879 
2880 2881 2882 2880 2790 2789 2880 2882 2790 
2882 2883 2790 2876 2875 2791 2876 2791 2883 
2883 2791 2790 2783 2791 2875 2787 2878 2792 
2794 2884 2885 2792 2884 2794 2792 2879 2884 
2792 2878 2879 2885 2886 2887 2884 2886 2885 
2887 2888 2889 2886 2888 2887 2889 2890 2891 
2888 2890 2889 2891 2797 2796 2891 2890 2797 
2890 2892 2797 2881 2880 2798 2881 2798 2892 
2892 2798 2797 2789 2798 2880 2794 2885 2800 
2802 2800 2885 2887 2802 2885 2804 2802 2887 
2889 2804 2887 2806 2804 2889 2891 2806 2889 
2796 2806 2891 2893 2894 2895 2893 2896 2897 
2894 2893 2897 2896 2811 2810 2896 2810 2897 
2897 2810 2898 2899 2900 2898 2899 2898 2812 
2812 2898 2810 2812 2813 2901 2899 2812 2901 
2813 2814 2902 2901 2813 2902 2814 2815 2903 
2902 2814 2903 2815 2818 2904 2903 2815 2904 
2818 2820 2905 2904 2818 2905 2820 2821 2905 
2823 2906 2907 2824 2823 2907 2895 2826 2893 
2895 2906 2826 2906 2823 2826 2827 2893 2826 
2896 2893 2827 2811 2896 2827 2899 2908 2900 
2901 2908 2899 2909 2908 2901 2902 2909 2901 
2910 2909 2902 2903 2910 2902 2911 2910 2903 
2904 2911 2903 2912 2911 2904 2905 2912 2904 
2913 2912 2905 2821 2913 2905 2821 2830 2913 
2830 2914 2913 2832 2915 2916 2832 2916 2830 
2830 2916 2914 2916 2915 2917 2833 2918 2919 
2834 2833 2919 2907 2833 2824 2918 2833 2907 
2915 2920 2921 2915 2832 2920 2832 2837 2920 
2917 2915 2921 2838 2922 2923 2839 2838 2923 
2919 2838 2834 2922 2838 2919 2924 2840 2925 
2924 2920 2840 2920 2837 2840 2924 2925 2926 
2841 2927 2928 2842 2841 2928 2923 2841 2839 
2927 2841 2923 2925 2845 2929 2840 2845 2925 
2930 2926 2925 2929 2930 2925 2846 2931 2932 
2847 2846 2932 2928 2846 2842 2931 2846 2928 
2929 2849 2933 2845 2849 2929 2934 2930 2929 
2933 2934 2929 2850 2935 2851 2850 2936 2935 
2850 2847 2936 2847 2932 2936 2937 2938 2939 
2937 2940 2941 2939 2940 2937 2941 2942 2943 
2940 2942 2941 2943 2944 2945 2942 2944 2943 
2945 2946 2947 2944 2946 2945 2933 2946 2948 
2933 2852 2946 2933 2849 2852 2852 2947 2946 
2934 2933 2948 2935 2949 2950 2935 2950 2851 
2851 2950 2853 2936 2949 2935 2951 2952 2953 
2951 2954 2955 2953 2954 2951 2955 2956 2957 
2954 2956 2955 2938 2957 2956 2937 2957 2938 
2937 2855 2957 2937 2856 2855 2857 2856 2937 
2941 2857 2937 2859 2857 2941 2943 2859 2941 
2861 2859 2943 2945 2861 2943 2863 2861 2945 
2947 2863 2945 2852 2863 2947 2865 2958 2866 
2865 2959 2958 2865 2853 2959 2853 2950 2959 
2960 2961 2962 2960 2869 2868 2960 2962 2869 
2962 2963 2869 2952 2951 2870 2952 2870 2963 
2963 2870 2869 2872 2870 2951 2955 2872 2951 
2873 2872 2955 2957 2873 2955 2855 2873 2957 
2958 2964 2874 2866 2958 2874 2965 2958 2959 
2964 2958 2965 2966 2967 2968 2961 2966 2968 
2960 2966 2961 2960 2876 2966 2960 2877 2876 
2868 2877 2960 2964 2969 2879 2874 2964 2879 
2970 2964 2965 2969 2964 2970 2971 2972 2973 
2971 2974 2975 2973 2974 2971 2975 2976 2977 
2974 2976 2975 2977 2882 2881 2977 2976 2882 
2976 2978 2882 2967 2966 2883 2967 2883 2978 
2978 2883 2882 2876 2883 2966 2879 2969 2884 
2969 2970 2979 2969 2979 2884 2884 2979 2886 
2972 2971 2888 2972 2888 2979 2979 2888 2886 
2890 2888 2971 2975 2890 2971 2892 2890 2975 
2977 2892 2975 2881 2892 2977 2894 2980 2895 
2894 2897 2981 2980 2894 2981 2897 2898 2982 
2981 2897 2982 2898 2900 2982 2906 2983 2907 
2906 2984 2983 2895 2984 2906 2895 2985 2984 
2895 2980 2985 2981 2985 2980 2986 2985 2981 
2986 2987 2988 2986 2981 2987 2981 2982 2987 
2900 2908 2989 2900 2989 2982 2982 2989 2987 
2908 2909 2990 2989 2908 2990 2991 2990 2909 
2991 2909 2992 2992 2909 2910 2911 2993 2910 
2910 2993 2992 2912 2994 2911 2911 2994 2993 
2913 2995 2912 2912 2995 2994 2914 2996 2913 
2913 2996 2995 2916 2997 2914 2914 2997 2996 
2917 2998 2999 2917 2999 2916 2916 2999 2997 
2999 2998 3000 2918 3001 3002 2919 2918 3002 
2983 2918 2907 2983 3003 2918 3003 3001 2918 
2984 3003 2983 2987 3004 2988 2989 3004 2987 
3005 3004 2989 2990 3005 2989 3006 3005 2990 
2991 3006 2990 2921 2920 3007 2921 3007 3008 
2917 2921 3008 2917 3008 3009 2917 3009 2998 
3000 2998 3009 2922 3010 2923 2922 3011 3010 
2922 2919 3011 2919 3002 3011 2920 2924 3007 
2926 3012 3013 2924 2926 3013 2924 3013 3008 
2924 3008 3007 3013 3012 3014 2927 3015 2928 
2927 3016 3015 2923 3016 2927 2923 3017 3016 
2923 3010 3017 3011 3017 3010 3012 3018 3019 
3012 2926 3018 2926 2930 3018 3014 3012 3019 
2931 3020 3021 2932 2931 3021 3015 2931 2928 
3015 3022 2931 3022 3020 2931 3016 3022 3015 
3023 3024 3025 3023 3026 3027 3025 3026 3023 
3027 3028 3029 3026 3028 3027 3029 3030 3031 
3028 3030 3029 3031 3032 3033 3030 3032 3031 
3033 3034 3035 3032 3034 3033 3035 3034 3018 
3035 3018 2934 2934 3018 2930 2932 3021 2936 
3021 3036 2936 3037 3038 3039 3037 3040 3041 
3039 3040 3037 3041 3042 3043 3040 3042 3041 
3024 3043 3042 3023 3043 3024 3023 2938 3043 
3023 2939 2938 2940 2939 3023 3027 2940 3023 
2942 2940 3027 3029 2942 3027 2944 2942 3029 
3031 2944 3029 2946 2944 3031 3033 2946 3031 
2948 2946 3033 3035 2948 3033 2934 2948 3035 
2949 3044 2950 2949 3045 3044 2949 2936 3045 
2936 3036 3045 3046 3047 3048 3038 3046 3048 
3037 3046 3038 3037 2952 3046 3037 2953 2952 
2954 2953 3037 3041 2954 3037 2956 2954 3041 
3043 2956 3041 2938 2956 3043 3044 3049 2959 
2950 3044 2959 3050 3044 3045 3049 3044 3050 
3051 3052 3053 3051 2962 2961 3051 3053 2962 
3053 3054 2962 3047 3046 2963 3047 2963 3054 
3054 2963 2962 2952 2963 3046 3049 3055 3056 
3049 3056 2959 2959 3056 2965 3050 3055 3049 
3057 3058 3059 3057 3060 3061 3059 3060 3057 
3052 3061 3060 3051 3061 3052 3051 2967 3061 
3051 2968 2967 2961 2968 3051 3062 3063 2970 
3062 2970 3056 3056 2970 2965 3063 2973 2972 
3063 3062 2973 3062 3064 2973 2974 2973 3065 
2973 3064 3065 3058 3057 2976 3058 2976 3065 
3065 2976 2974 2978 2976 3057 3061 2978 3057 
2967 2978 3061 2970 3063 2979 2972 2979 3063 
2985 3066 2984 2985 2986 3067 3066 2985 3067 
2986 2988 3067 2992 3068 2991 2992 2993 3069 
3068 2992 3069 2993 2994 3070 3069 2993 3070 
2994 2995 3071 3070 2994 3071 3072 3071 2995 
3072 2995 3073 3073 2995 2996 3074 3075 3073 
3074 3073 2997 2997 3073 2996 2997 2999 3076 
3074 2997 3076 2999 3000 3076 3001 3077 3002 
3001 3003 3078 3077 3001 3078 3003 3079 3078 
2984 3079 3003 2984 3080 3079 2984 3066 3080 
3080 3081 3082 3080 3066 3081 3066 3067 3081 
2988 3004 3083 2988 3083 3067 3067 3083 3081 
3004 3005 3084 3083 3004 3084 3005 3006 3085 
3084 3005 3085 3006 3086 3085 2991 3086 3006 
2991 3087 3086 2991 3068 3087 3069 3087 3068 
3088 3087 3069 3070 3088 3069 3089 3088 3070 
3071 3089 3070 3090 3089 3071 3072 3090 3071 
3091 3075 3074 3092 3075 3091 3009 3008 3091 
3009 3091 3076 3076 3091 3074 3000 3009 3076 
3077 3093 3011 3002 3077 3011 3094 3078 3095 
3094 3093 3078 3093 3077 3078 3095 3096 3097 
3095 3078 3096 3098 3096 3079 3079 3096 3078 
3082 3096 3098 3082 3081 3096 3081 3099 3096 
3083 3100 3081 3100 3099 3081 3101 3084 3102 
3101 3100 3084 3100 3083 3084 3085 3102 3084 
3103 3102 3085 3086 3103 3085 3104 3105 3106 
3092 3104 3106 3092 3091 3104 3091 3107 3104 
3008 3013 3108 3008 3108 3091 3091 3108 3107 
3013 3014 3108 3017 3109 3016 3017 3110 3109 
3011 3110 3017 3011 3111 3110 3011 3093 3111 
3094 3111 3093 3096 3112 3097 3112 3113 3114 
3112 3096 3113 3096 3099 3113 3115 3100 3116 
3115 3113 3100 3113 3099 3100 3101 3116 3100 
3117 3118 3119 3117 3120 3121 3119 3120 3117 
3121 3122 3123 3120 3122 3121 3123 3124 3125 
3122 3124 3123 3105 3125 3124 3105 3104 3125 
3104 3126 3125 3107 3127 3104 3127 3126 3104 
3019 3018 3127 3019 3127 3108 3108 3127 3107 
3014 3019 3108 3020 3128 3021 3020 3022 3129 
3128 3020 3129 3022 3130 3129 3016 3130 3022 
3016 3131 3130 3016 3109 3131 3110 3131 3109 
3132 3133 3134 3114 3132 3134 3114 3113 3132 
3113 3135 3132 3136 3113 3115 3136 3137 3113 
3137 3135 3113 3137 3138 3139 3136 3138 3137 
3139 3140 3141 3138 3140 3139 3118 3141 3140 
3117 3141 3118 3117 3024 3141 3117 3025 3024 
3026 3025 3117 3121 3026 3117 3028 3026 3121 
3123 3028 3121 3030 3028 3123 3125 3030 3123 
3032 3030 3125 3126 3032 3125 3034 3032 3126 
3127 3034 3126 3018 3034 3127 3128 3142 3036 
3021 3128 3036 3129 3143 3128 3143 3142 3128 
3144 3129 3130 3143 3129 3144 3145 3133 3132 
3146 3133 3145 3135 3147 3132 3147 3145 3132 
3039 3038 3147 3039 3147 3137 3137 3147 3135 
3040 3039 3137 3139 3040 3137 3042 3040 3139 
3141 3042 3139 3024 3042 3141 3142 3148 3045 
3036 3142 3045 3143 3149 3142 3149 3148 3142 
3150 3143 3144 3149 3143 3150 3151 3152 3153 
3146 3151 3153 3146 3145 3151 3145 3154 3151 
3048 3047 3154 3048 3154 3147 3147 3154 3145 
3038 3048 3147 3148 3155 3050 3045 3148 3050 
3156 3149 3157 3156 3155 3149 3155 3148 3149 
3150 3157 3149 3158 3159 3160 3152 3158 3160 
3151 3158 3152 3151 3052 3158 3151 3053 3052 
3054 3053 3151 3154 3054 3151 3047 3054 3154 
3055 3161 3056 3055 3050 3155 3055 3155 3161 
3161 3155 3162 3163 3155 3156 3163 3164 3155 
3164 3162 3155 3164 3059 3058 3164 3163 3059 
3163 3165 3059 3159 3158 3060 3159 3060 3165 
3165 3060 3059 3052 3060 3158 3056 3161 3062 
3064 3062 3161 3162 3064 3161 3065 3064 3162 
3164 3065 3162 3058 3065 3164 3073 3166 3072 
3073 3075 3166 3080 3167 3079 3080 3082 3167 
3087 3168 3086 3087 3088 3169 3168 3087 3169 
3088 3089 3170 3169 3088 3170 3089 3090 3171 
3170 3089 3171 3090 3072 3166 3090 3166 3171 
3171 3166 3172 3075 3092 3172 3166 3075 3172 
3095 3173 3094 3098 3079 3167 3097 3173 3095 
3082 3098 3167 3102 3174 3101 3102 3103 3175 
3174 3102 3175 3103 3086 3168 3103 3168 3175 
3175 3168 3176 3169 3177 3168 3177 3176 3168 
3170 3178 3169 3178 3177 3169 3171 3179 3170 
3179 3178 3170 3106 3105 3179 3106 3179 3172 
3172 3179 3171 3092 3106 3172 3111 3180 3110 
3111 3181 3180 3094 3181 3111 3094 3182 3181 
3094 3173 3182 3183 3184 3182 3112 3183 3182 
3112 3182 3173 3112 3173 3097 3112 3114 3183 
3116 3185 3115 3116 3101 3174 3116 3174 3185 
3185 3174 3186 3175 3187 3174 3187 3186 3174 
3119 3118 3187 3119 3187 3176 3176 3187 3175 
3120 3119 3176 3177 3120 3176 3122 3120 3177 
3178 3122 3177 3124 3122 3178 3179 3124 3178 
3105 3124 3179 3131 3188 3130 3131 3110 3180 
3131 3180 3188 3188 3180 3189 3190 3180 3181 
3190 3191 3180 3191 3189 3180 3184 3191 3190 
3183 3191 3184 3183 3133 3191 3183 3134 3133 
3114 3134 3183 3115 3185 3136 3138 3136 3185 
3186 3138 3185 3140 3138 3186 3187 3140 3186 
3118 3140 3187 3188 3192 3144 3130 3188 3144 
3189 3193 3188 3193 3192 3188 3191 3194 3189 
3194 3193 3189 3133 3146 3194 3191 3133 3194 
3192 3195 3150 3144 3192 3150 3193 3196 3192 
3196 3195 3192 3153 3152 3196 3153 3196 3194 
3194 3196 3193 3146 3153 3194 3157 3197 3156 
3157 3150 3195 3157 3195 3197 3197 3195 3198 
3160 3159 3198 3160 3198 3196 3196 3198 3195 
3152 3160 3196 3156 3197 3163 3165 3163 3197 
3198 3165 3197 3159 3165 3198 3182 3199 3181 
3182 3184 3199 3181 3199 3190 3184 3190 3199 

CELL_DATA 6396
SCALARS Scalars float
LOOKUP_TABLE default
1 1 1 1 1 1 1 1 1 
1 1 1 1 1 1 1 1 1 
1 1 1 1 1 1 1 1 1 
1 1 1 1 1 1 1 1 1 
1 1 1 1 1 1 1 1 1 
1 1 1 1 1 1 1 1 1 
1 1 1 1 1 1 1 1 1 
1 1 1 1 1 1 1 1 1 
1 1 1 1 1 1 1 1 1 
1 1 1 1 1 1 1 1 1 
1 1 1 1 1 1 1 1 1 
1 1 1 1 1 1 1 1 1 
1 1 1 1 1 1 1 1 1 
1 1 1 1 1 1 1 1 1 
1 1 1 1 1 1 1 1 1 
1 1 1 1 1 1 1 1 1 
1 1 1 1 1 1 1 1 1 
1 1 1 1 1 1 1 1 1 
1 1 1 1 1 1 1 1 1 
1 1 1 1 1 1 1 1 1 
1 1 1 1 1 1 1 1 1 
1 1 1 1 1 1 1 1 1 
1 1 1 1 1 1 1 1 1 
1 1 1 1 1 1 1 1 1 
1 1 1 1 1 1 1 1 1 
1 1 1 1 1 1 1 1 1 
1 1 1 1 1 1 1 1 1 
1 1 1 1 1 1 1 1 1 
1 1 1 1 1 1 1 1 1 
1 1 1 1 1 1 1 1 1 
1 1 1 1 1 1 1 1 1 
1 1 1 1 1 1 1 1 1 
1 1 1 1 1 1 1 1 1 
1 1 1 1 1 1 1 1 1 
1 1 1 1 1 1 1 1 1 
1 1 1 1 1 1 1 1 1 
1 1 1 1 1 1 1 1 1 
1 1 1 1 1 1 1 1 1 
1 1 1 1 1 1 1 1 1 
1 1 1 1 1 1 1 1 1 
1 1 1 1 1 1 1 1 1 
1 1 1 1 1 1 1 1 1 
1 1 1 1 1 1 1 1 1 
1 1 1 1 1 1 1 1 1 
1 1 1 1 1 1 1 1 1 
1 1 1 1 1 1 1 1 1 
1 1 1 1 1 1 1 1 1 
1 1 1 1 1 1 1 1 1 
1 1 1 1 1 1 1 1 1 
1 1 1 1 1 1 1 1 1 
1 1 1 1 1 1 1 1 1 
1 1 1 1 1 1 1 1 1 
1 1 1 1 1 1 1 1 1 
1 1 1 1 1 1 1 1 1 
1 1 1 1 1 1 1 1 1 
1 1 1 1 1 1 1 1 1 
1 1 1 1 1 1 1 1 1 
1 1 1 1 1 1 1 1 1 
1 1 1 1 1 1 1 1 1 
1 1 1 1 1 1 1 1 1 
1 1 1 1 1 1 1 1 1 
1 1 1 1 1 1 1 1 1 
1 1 1 1 1 1 1 1 1 
1 1 1 1 1 1 1 1 1 
1 1 1 1 1 1 1 1 1 
1 1 1 1 1 1 1 1 1 
1 1 1 1 1 1 1 1 1 
1 1 1 1 1 1 1 1 1 
1 1 1 1 1 1 1 1 1 
1 1 1 1 1 1 1 1 1 
1 1 1 1 1 1 1 1 1 
1 1 1 1 1 1 1 1 1 
1 1 1 1 1 1 1 1 1 
1 1 1 1 1 1 1 1 1 
1 1 1 1 1 1 1 1 1 
1 1 1 1 1 1 1 1 1 
1 1 1 1 1 1 1 1 1 
1 1 1 1 1 1 1 1 1 
1 1 1 1 1 1 1 1 1 
1 1 1 1 1 1 1 1 1 
1 1 1 1 1 1 1 1 1 
1 1 1 1 1 1 1 1 1 
1 1 1 1 1 1 1 1 1 
1 1 1 1 1 1 1 1 1 
1 1 1 1 1 1 1 1 1 
1 1 1 1 1 1 1 1 1 
1 1 1 1 1 1 1 1 1 
1 1 1 1 1 1 1 1 1 
1 1 1 1 1 1 1 1 1 
1 1 1 1 1 1 1 1 1 
1 1 1 1 1 1 1 1 1 
1 1 1 1 1 1 1 1 1 
1 1 1 1 1 1 1 1 1 
1 1 1 1 1 1 1 1 1 
1 1 1 1 1 1 1 1 1 
1 1 1 1 1 1 1 1 1 
1 1 1 1 1 1 1 1 1 
1 1 1 1 1 1 1 1 1 
1 1 1 1 1 1 1 1 1 
1 1 1 1 1 1 1 1 1 
1 1 1 1 1 1 1 1 1 
1 1 1 1 1 1 1 1 1 
1 1 1 1 1 1 1 1 1 
1 1 1 1 1 1 1 1 1 
1 1 1 1 1 1 1 1 1 
1 1 1 1 1 1 1 1 1 
1 1 1 1 1 1 1 1 1 
1 1 1 1 1 1 1 1 1 
1 1 1 1 1 1 1 1 1 
1 1 1 1 1 1 1 1 1 
1 1 1 1 1 1 1 1 1 
1 1 1 1 1 1 1 1 1 
1 1 1 1 1 1 1 1 1 
1 1 1 1 1 1 1 1 1 
1 1 1 1 1 1 1 1 1 
1 1 1 1 1 1 1 1 1 
1 1 1 1 1 1 1 1 1 
1 1 1 1 1 1 1 1 1 
1 1 1 1 1 1 1 1 1 
1 1 1 1 1 1 1 1 1 
1 1 1 1 1 1 1 1 1 
1 1 1 1 1 1 1 1 1 
1 1 1 1 1 1 1 1 1 
1 1 1 1 1 1 1 1 1 
1 1 1 1 1 1 1 1 1 
1 1 1 1 1 1 1 1 1 
1 1 1 1 1 1 1 1 1 
1 1 1 1 1 1 1 1 1 
1 1 1 1 1 1 1 1 1 
1 1 1 1 1 1 1 1 1 
1 1 1 1 1 1 1 1 1 
1 1 1 1 1 1 1 1 1 
1 1 1 1 1 1 1 1 1 
1 1 1 1 1 1 1 1 1 
1 1 1 1 1 1 1 1 1 
1 1 1 1 1 1 1 1 1 
1 1 1 1 1 1 1 1 1 
1 1 1 1 1 1 1 1 1 
1 1 1 1 1 1 1 1 1 
1 1 1 1 1 1 1 1 1 
1 1 1 1 1 1 1 1 1 
1 1 1 1 1 1 1 1 1 
1 1 1 1 1 1 1 1 1 
1 1 1 1 1 1 1 1 1 
1 1 1 1 1 1 1 1 1 
1 1 1 1 1 1 1 1 1 
1 1 1 1 1 1 1 1 1 
1 1 1 1 1 1 1 1 1 
1 1 1 1 1 1 1 1 1 
1 1 1 1 1 1 1 1 1 
1 1 1 1 1 1 1 1 1 
1 1 1 1 1 1 1 1 1 
1 1 1 1 1 1 1 1 1 
1 1 1 1 1 1 1 1 1 
1 1 1 1 1 1 1 1 1 
1 1 1 1 1 1 1 1 1 
1 1 1 1 1 1 1 1 1 
1 1 1 1 1 1 1 1 1 
1 1 1 1 1 1 1 1 1 
1 1 1 1 1 1 1 1 1 
1 1 1 1 1 1 1 1 1 
1 1 1 1 1 1 1 1 1 
1 1 1 1 1 1 1 1 1 
1 1 1 1 1 1 1 1 1 
1 1 1 1 1 1 1 1 1 
1 1 1 1 1 1 1 1 1 
1 1 1 1 1 1 1 1 1 
1 1 1 1 1 1 1 1 1 
1 1 1 1 1 1 1 1 1 
1 1 1 1 1 1 1 1 1 
1 1 1 1 1 1 1 1 1 
1 1 1 1 1 1 1 1 1 
1 1 1 1 1 1 1 1 1 
1 1 1 1 1 1 1 1 1 
1 1 1 1 1 1 1 1 1 
1 1 1 1 1 1 1 1 1 
1 1 1 1 1 1 1 1 1 
1 1 1 1 1 1 1 1 1 
1 1 1 1 1 1 1 1 1 
1 1 1 1 1 1 1 1 1 
1 1 1 1 1 1 1 1 1 
1 1 1 1 1 1 1 1 1 
1 1 1 1 1 1 1 1 1 
1 1 1 1 1 1 1 1 1 
1 1 1 1 1 1 1 1 1 
1 1 1 1 1 1 1 1 1 
1 1 1 1 1 1 1 1 1 
1 1 1 1 1 1 1 1 1 
1 1 1 1 1 1 1 1 1 
1 1 1 1 1 1 1 1 1 
1 1 1 1 1 1 1 1 1 
1 1 1 1 1 1 1 1 1 
1 1 1 1 1 1 1 1 1 
1 1 1 1 1 1 1 1 1 
1 1 1 1 1 1 1 1 1 
1 1 1 1 1 1 1 1 1 
1 1 1 1 1 1 1 1 1 
1 1 1 1 1 1 1 1 1 
1 1 1 1 1 1 1 1 1 
1 1 1 1 1 1 1 1 1 
1 1 1 1 1 1 1 1 1 
1 1 1 1 1 1 1 1 1 
1 1 1 1 1 1 1 1 1 
1 1 1 1 1 1 1 1 1 
1 1 1 1 1 1 1 1 1 
1 1 1 1 1 1 1 1 1 
1 1 1 1 1 1 1 1 1 
1 1 1 1 1 1 1 1 1 
1 1 1 1 1 1 1 1 1 
1 1 1 1 1 1 1 1 1 
1 1 1 1 1 1 1 1 1 
1 1 1 1 1 1 1 1 1 
1 1 1 1 1 1 1 1 1 
1 1 1 1 1 1 1 1 1 
1 1 1 1 1 1 1 1 1 
1 1 1 1 1 1 1 1 1 
1 1 1 1 1 1 1 1 1 
1 1 1 1 1 1 1 1 1 
1 1 1 1 1 1 1 1 1 
1 1 1 1 1 1 1 1 1 
1 1 1 1 1 1 1 1 1 
1 1 1 1 1 1 1 1 1 
1 1 1 1 1 1 1 1 1 
1 1 1 1 1 1 1 1 1 
1 1 1 1 1 1 1 1 1 
1 1 1 1 1 1 1 1 1 
1 1 1 1 1 1 1 1 1 
1 1 1 1 1 1 1 1 1 
1 1 1 1 1 1 1 1 1 
1 1 1 1 1 1 1 1 1 
1 1 1 1 1 1 1 1 1 
1 1 1 1 1 1 1 1 1 
1 1 1 1 1 1 1 1 1 
1 1 1 1 1 1 1 1 1 
1 1 1 1 1 1 1 1 1 
1 1 1 1 1 1 1 1 1 
1 1 1 1 1 1 1 1 1 
1 1 1 1 1 1 1 1 1 
1 1 1 1 1 1 1 1 1 
1 1 1 1 1 1 1 1 1 
1 1 1 1 1 1 1 1 1 
1 1 1 1 1 1 1 1 1 
1 1 1 1 1 1 1 1 1 
1 1 1 1 1 1 1 1 1 
1 1 1 1 1 1 1 1 1 
1 1 1 1 1 1 1 1 1 
1 1 1 1 1 1 1 1 1 
1 1 1 1 1 1 1 1 1 
1 1 1 1 1 1 1 1 1 
1 1 1 1 1 1 1 1 1 
1 1 1 1 1 1 1 1 1 
1 1 1 1 1 1 1 1 1 
1 1 1 1 1 1 1 1 1 
1 1 1 1 1 1 1 1 1 
1 1 1 1 1 1 1 1 1 
1 1 1 1 1 1 1 1 1 
1 1 1 1 1 1 1 1 1 
1 1 1 1 1 1 1 1 1 
1 1 1 1 1 1 1 1 1 
1 1 1 1 1 1 1 1 1 
1 1 1 1 1 1 1 1 1 
1 1 1 1 1 1 1 1 1 
1 1 1 1 1 1 1 1 1 
1 1 1 1 1 1 1 1 1 
1 1 1 1 1 1 1 1 1 
1 1 1 1 1 1 1 1 1 
1 1 1 1 1 1 1 1 1 
1 1 1 1 1 1 1 1 1 
1 1 1 1 1 1 1 1 1 
1 1 1 1 1 1 1 1 1 
1 1 1 1 1 1 1 1 1 
1 1 1 1 1 1 1 1 1 
1 1 1 1 1 1 1 1 1 
1 1 1 1 1 1 1 1 1 
1 1 1 1 1 1 1 1 1 
1 1 1 1 1 1 1 1 1 
1 1 1 1 1 1 1 1 1 
1 1 1 1 1 1 1 1 1 
1 1 1 1 1 1 1 1 1 
1 1 1 1 1 1 1 1 1 
1 1 1 1 1 1 1 1 1 
1 1 1 1 1 1 1 1 1 
1 1 1 1 1 1 1 1 1 
1 1 1 1 1 1 1 1 1 
1 1 1 1 1 1 1 1 1 
1 1 1 1 1 1 1 1 1 
1 1 1 1 1 1 1 1 1 
1 1 1 1 1 1 1 1 1 
1 1 1 1 1 1 1 1 1 
1 1 1 1 1 1 1 1 1 
1 1 1 1 1 1 1 1 1 
1 1 1 1 1 1 1 1 1 
1 1 1 1 1 1 1 1 1 
1 1 1 1 1 1 1 1 1 
1 1 1 1 1 1 1 1 1 
1 1 1 1 1 1 1 1 1 
1 1 1 1 1 1 1 1 1 
1 1 1 1 1 1 1 1 1 
1 1 1 1 1 1 1 1 1 
1 1 1 1 1 1 1 1 1 
1 1 1 1 1 1 1 1 1 
1 1 1 1 1 1 1 1 1 
1 1 1 1 1 1 1 1 1 
1 1 1 1 1 1 1 1 1 
1 1 1 1 1 1 1 1 1 
1 1 1 1 1 1 1 1 1 
1 1 1 1 1 1 1 1 1 
1 1 1 1 1 1 1 1 1 
1 1 1 1 1 1 1 1 1 
1 1 1 1 1 1 1 1 1 
1 1 1 1 1 1 1 1 1 
1 1 1 1 1 1 1 1 1 
1 1 1 1 1 1 1 1 1 
1 1 1 1 1 1 1 1 1 
1 1 1 1 1 1 1 1 1 
1 1 1 1 1 1 1 1 1 
1 1 1 1 1 1 1 1 1 
1 1 1 1 1 1 1 1 1 
1 1 1 1 1 1 1 1 1 
1 1 1 1 1 1 1 1 1 
1 1 1 1 1 1 1 1 1 
1 1 1 1 1 1 1 1 1 
1 1 1 1 1 1 1 1 1 
1 1 1 1 1 1 1 1 1 
1 1 1 1 1 1 1 1 1 
1 1 1 1 1 1 1 1 1 
1 1 1 1 1 1 1 1 1 
1 1 1 1 1 1 1 1 1 
1 1 1 1 1 1 1 1 1 
1 1 1 1 1 1 1 1 1 
1 1 1 1 1 1 1 1 1 
1 1 1 1 1 1 1 1 1 
1 1 1 1 1 1 1 1 1 
1 1 1 1 1 1 1 1 1 
1 1 1 1 1 1 1 1 1 
1 1 1 1 1 1 1 1 1 
1 1 1 1 1 1 1 1 1 
1 1 1 1 1 1 1 1 1 
1 1 1 1 1 1 1 1 1 
1 1 1 1 1 1 1 1 1 
1 1 1 1 1 1 1 1 1 
1 1 1 1 1 1 1 1 1 
1 1 1 1 1 1 1 1 1 
1 1 1 1 1 1 1 1 1 
1 1 1 1 1 1 1 1 1 
1 1 1 1 1 1 1 1 1 
1 1 1 1 1 1 1 1 1 
1 1 1 1 1 1 1 1 1 
1 1 1 1 1 1 1 1 1 
1 1 1 1 1 1 1 1 1 
1 1 1 1 1 1 1 1 1 
1 1 1 1 1 1 1 1 1 
1 1 1 1 1 1 1 1 1 
1 1 1 1 1 1 1 1 1 
1 1 1 1 1 1 1 1 1 
1 1 1 1 1 1 1 1 1 
1 1 1 1 1 1 1 1 1 
1 1 1 1 1 1 1 1 1 
1 1 1 1 1 1 1 1 1 
1 1 1 1 1 1 1 1 1 
1 1 1 1 1 1 1 1 1 
1 1 1 1 1 1 1 1 1 
1 1 1 1 1 1 1 1 1 
1 1 1 1 1 1 1 1 1 
1 1 1 1 1 1 1 1 1 
1 1 1 1 1 1 1 1 1 
1 1 1 1 1 1 1 1 1 
1 1 1 1 1 1 1 1 1 
1 1 1 1 1 1 1 1 1 
1 1 1 1 1 1 1 1 1 
1 1 1 1 1 1 1 1 1 
1 1 1 1 1 1 1 1 1 
1 1 1 1 1 1 1 1 1 
1 1 1 1 1 1 1 1 1 
1 1 1 1 1 1 1 1 1 
1 1 1 1 1 1 1 1 1 
1 1 1 1 1 1 1 1 1 
1 1 1 1 1 1 1 1 1 
1 1 1 1 1 1 1 1 1 
1 1 1 1 1 1 1 1 1 
1 1 1 1 1 1 1 1 1 
1 1 1 1 1 1 1 1 1 
1 1 1 1 1 1 1 1 1 
1 1 1 1 1 1 1 1 1 
1 1 1 1 1 1 1 1 1 
1 1 1 1 1 1 1 1 1 
1 1 1 1 1 1 1 1 1 
1 1 1 1 1 1 1 1 1 
1 1 1 1 1 1 1 1 1 
1 1 1 1 1 1 1 1 1 
1 1 1 1 1 1 1 1 1 
1 1 1 1 1 1 1 1 1 
1 1 1 1 1 1 1 1 1 
1 1 1 1 1 1 1 1 1 
1 1 1 1 1 1 1 1 1 
1 1 1 1 1 1 1 1 1 
1 1 1 1 1 1 1 1 1 
1 1 1 1 1 1 1 1 1 
1 1 1 1 1 1 1 1 1 
1 1 1 1 1 1 1 1 1 
1 1 1 1 1 1 1 1 1 
1 1 1 1 1 1 1 1 1 
1 1 1 1 1 1 1 1 1 
1 1 1 1 1 1 1 1 1 
1 1 1 1 1 1 1 1 1 
1 1 1 1 1 1 1 1 1 
1 1 1 1 1 1 1 1 1 
1 1 1 1 1 1 1 1 1 
1 1 1 1 1 1 1 1 1 
1 1 1 1 1 1 1 1 1 
1 1 1 1 1 1 1 1 1 
1 1 1 1 1 1 1 1 1 
1 1 1 1 1 1 1 1 1 
1 1 1 1 1 1 1 1 1 
1 1 1 1 1 1 1 1 1 
1 1 1 1 1 1 1 1 1 
1 1 1 1 1 1 1 1 1 
1 1 1 1 1 1 1 1 1 
1 1 1 1 1 1 1 1 1 
1 1 1 1 1 1 1 1 1 
1 1 1 1 1 1 1 1 1 
1 1 1 1 1 1 1 1 1 
1 1 1 1 1 1 1 1 1 
1 1 1 1 1 1 1 1 1 
1 1 1 1 1 1 1 1 1 
1 1 1 1 1 1 1 1 1 
1 1 1 1 1 1 1 1 1 
1 1 1 1 1 1 1 1 1 
1 1 1 1 1 1 1 1 1 
1 1 1 1 1 1 1 1 1 
1 1 1 1 1 1 1 1 1 
1 1 1 1 1 1 1 1 1 
1 1 1 1 1 1 1 1 1 
1 1 1 1 1 1 1 1 1 
1 1 1 1 1 1 1 1 1 
1 1 1 1 1 1 1 1 1 
1 1 1 1 1 1 1 1 1 
1 1 1 1 1 1 1 1 1 
1 1 1 1 1 1 1 1 1 
1 1 1 1 1 1 1 1 1 
1 1 1 1 1 1 1 1 1 
1 1 1 1 1 1 1 1 1 
1 1 1 1 1 1 1 1 1 
1 1 1 1 1 1 1 1 1 
1 1 1 1 1 1 1 1 1 
1 1 1 1 1 1 1 1 1 
1 1 1 1 1 1 1 1 1 
1 1 1 1 1 1 1 1 1 
1 1 1 1 1 1 1 1 1 
1 1 1 1 1 1 1 1 1 
1 1 1 1 1 1 1 1 1 
1 1 1 1 1 1 1 1 1 
1 1 1 1 1 1 1 1 1 
1 1 1 1 1 1 1 1 1 
1 1 1 1 1 1 1 1 1 
1 1 1 1 1 1 1 1 1 
1 1 1 1 1 1 1 1 1 
1 1 1 1 1 1 1 1 1 
1 1 1 1 1 1 1 1 1 
1 1 1 1 1 1 1 1 1 
1 1 1 1 1 1 1 1 1 
1 1 1 1 1 1 1 1 1 
1 1 1 1 1 1 1 1 1 
1 1 1 1 1 1 1 1 1 
1 1 1 1 1 1 1 1 1 
1 1 1 1 1 1 1 1 1 
1 1 1 1 1 1 1 1 1 
1 1 1 1 1 1 1 1 1 
1 1 1 1 1 1 1 1 1 
1 1 1 1 1 1 1 1 1 
1 1 1 1 1 1 1 1 1 
1 1 1 1 1 1 1 1 1 
1 1 1 1 1 1 1 1 1 
1 1 1 1 1 1 1 1 1 
1 1 1 1 1 1 1 1 1 
1 1 1 1 1 1 1 1 1 
1 1 1 1 1 1 1 1 1 
1 1 1 1 1 1 1 1 1 
1 1 1 1 1 1 1 1 1 
1 1 1 1 1 1 1 1 1 
1 1 1 1 1 1 1 1 1 
1 1 1 1 1 1 1 1 1 
1 1 1 1 1 1 1 1 1 
1 1 1 1 1 1 1 1 1 
1 1 1 1 1 1 1 1 1 
1 1 1 1 1 1 1 1 1 
1 1 1 1 1 1 1 1 1 
1 1 1 1 1 1 1 1 1 
1 1 1 1 1 1 1 1 1 
1 1 1 1 1 1 1 1 1 
1 1 1 1 1 1 1 1 1 
1 1 1 1 1 1 1 1 1 
1 1 1 1 1 1 1 1 1 
1 1 1 1 1 1 1 1 1 
1 1 1 1 1 1 1 1 1 
1 1 1 1 1 1 1 1 1 
1 1 1 1 1 1 1 1 1 
1 1 1 1 1 1 1 1 1 
1 1 1 1 1 1 1 1 1 
1 1 1 1 1 1 1 1 1 
1 1 1 1 1 1 1 1 1 
1 1 1 1 1 1 1 1 1 
1 1 1 1 1 1 1 1 1 
1 1 1 1 1 1 1 1 1 
1 1 1 1 1 1 1 1 1 
1 1 1 1 1 1 1 1 1 
1 1 1 1 1 1 1 1 1 
1 1 1 1 1 1 1 1 1 
1 1 1 1 1 1 1 1 1 
1 1 1 1 1 1 1 1 1 
1 1 1 1 1 1 1 1 1 
1 1 1 1 1 1 1 1 1 
1 1 1 1 1 1 1 1 1 
1 1 1 1 1 1 1 1 1 
1 1 1 1 1 1 1 1 1 
1 1 1 1 1 1 1 1 1 
1 1 1 1 1 1 1 1 1 
1 1 1 1 1 1 1 1 1 
1 1 1 1 1 1 1 1 1 
1 1 1 1 1 1 1 1 1 
1 1 1 1 1 1 1 1 1 
1 1 1 1 1 1 1 1 1 
1 1 1 1 1 1 1 1 1 
1 1 1 1 1 1 1 1 1 
1 1 1 1 1 1 1 1 1 
1 1 1 1 1 1 1 1 1 
1 1 1 1 1 1 1 1 1 
1 1 1 1 1 1 1 1 1 
1 1 1 1 1 1 1 1 1 
1 1 1 1 1 1 1 1 1 
1 1 1 1 1 1 1 1 1 
1 1 1 1 1 1 1 1 1 
1 1 1 1 1 1 1 1 1 
1 1 1 1 1 1 1 1 1 
1 1 1 1 1 1 1 1 1 
1 1 1 1 1 1 1 1 1 
1 1 1 1 1 1 1 1 1 
1 1 1 1 1 1 1 1 1 
1 1 1 1 1 1 1 1 1 
1 1 1 1 1 1 1 1 1 
1 1 1 1 1 1 1 1 1 
1 1 1 1 1 1 1 1 1 
1 1 1 1 1 1 1 1 1 
1 1 1 1 1 1 1 1 1 
1 1 1 1 1 1 1 1 1 
1 1 1 1 1 1 1 1 1 
1 1 1 1 1 1 1 1 1 
1 1 1 1 1 1 1 1 1 
1 1 1 1 1 1 1 1 1 
1 1 1 1 1 1 1 1 1 
1 1 1 1 1 1 1 1 1 
1 1 1 1 1 1 1 1 1 
1 1 1 1 1 1 1 1 1 
1 1 1 1 1 1 1 1 1 
1 1 1 1 1 1 1 1 1 
1 1 1 1 1 1 1 1 1 
1 1 1 1 1 1 1 1 1 
1 1 1 1 1 1 1 1 1 
1 1 1 1 1 1 1 1 1 
1 1 1 1 1 1 1 1 1 
1 1 1 1 1 1 1 1 1 
1 1 1 1 1 1 1 1 1 
1 1 1 1 1 1 1 1 1 
1 1 1 1 1 1 1 1 1 
1 1 1 1 1 1 1 1 1 
1 1 1 1 1 1 1 1 1 
1 1 1 1 1 1 1 1 1 
1 1 1 1 1 1 1 1 1 
1 1 1 1 1 1 1 1 1 
1 1 1 1 1 1 1 1 1 
1 1 1 1 1 1 1 1 1 
1 1 1 1 1 1 1 1 1 
1 1 1 1 1 1 1 1 1 
1 1 1 1 1 1 1 1 1 
1 1 1 1 1 1 1 1 1 
1 1 1 1 1 1 1 1 1 
1 1 1 1 1 1 1 1 1 
1 1 1 1 1 1 1 1 1 
1 1 1 1 1 1 1 1 1 
1 1 1 1 1 1 1 1 1 
1 1 1 1 1 1 1 1 1 
1 1 1 1 1 1 1 1 1 
1 1 1 1 1 1 1 1 1 
1 1 1 1 1 1 1 1 1 
1 1 1 1 1 1 1 1 1 
1 1 1 1 1 1 1 1 1 
1 1 1 1 1 1 1 1 1 
1 1 1 1 1 1 1 1 1 
1 1 1 1 1 1 1 1 1 
1 1 1 1 1 1 1 1 1 
1 1 1 1 1 1 1 1 1 
1 1 1 1 1 1 1 1 1 
1 1 1 1 1 1 1 1 1 
1 1 1 1 1 1 1 1 1 
1 1 1 1 1 1 1 1 1 
1 1 1 1 1 1 1 1 1 
1 1 1 1 1 1 1 1 1 
1 1 1 1 1 1 1 1 1 
1 1 1 1 1 1 1 1 1 
1 1 1 1 1 1 1 1 1 
1 1 1 1 1 1 1 1 1 
1 1 1 1 1 1 1 1 1 
1 1 1 1 1 1 1 1 1 
1 1 1 1 1 1 1 1 1 
1 1 1 1 1 1 1 1 1 
1 1 1 1 1 1 1 1 1 
1 1 1 1 1 1 1 1 1 
1 1 1 1 1 1 1 1 1 
1 1 1 1 1 1 1 1 1 
1 1 1 1 1 1 1 1 1 
1 1 1 1 1 1 1 1 1 
1 1 1 1 1 1 1 1 1 
1 1 1 1 1 1 1 1 1 
1 1 1 1 1 1 1 1 1 
1 1 1 1 1 1 1 1 1 
1 1 1 1 1 1 1 1 1 
1 1 1 1 1 1 1 1 1 
1 1 1 1 1 1 1 1 1 
1 1 1 1 1 1 1 1 1 
1 1 1 1 1 1 1 1 1 
1 1 1 1 1 1 1 1 1 
1 1 1 1 1 1 1 1 1 
1 1 1 1 1 1 1 1 1 
1 1 1 1 1 1 1 1 1 
1 1 1 1 1 1 1 1 1 
1 1 1 1 1 1 1 1 1 
1 1 1 1 1 1 1 1 1 
1 1 1 1 1 1 1 1 1 
1 1 1 1 1 1 1 1 1 
1 1 1 1 1 1 1 1 1 
1 1 1 1 1 1 1 1 1 
1 1 1 1 1 1 1 1 1 
1 1 1 1 1 1 1 1 1 
1 1 1 1 1 1 1 1 1 
1 1 1 1 1 1 1 1 1 
1 1 1 1 1 1 1 1 1 
1 1 1 1 1 1 1 1 1 
1 1 1 1 1 1 1 1 1 
1 1 1 1 1 1 1 1 1 
1 1 1 1 1 1 1 1 1 
1 1 1 1 1 1 1 1 1 
1 1 1 1 1 1 1 1 1 
1 1 1 1 1 1 1 1 1 
1 1 1 1 1 1 1 1 1 
1 1 1 1 1 1 1 1 1 
1 1 1 1 1 1 1 1 1 
1 1 1 1 1 1 1 1 1 
1 1 1 1 1 1 1 1 1 
1 1 1 1 1 1 1 1 1 
1 1 1 1 1 1 1 1 1 
1 1 1 1 1 1 1 1 1 
1 1 1 1 1 1 1 1 1 
1 1 1 1 1 1 1 1 1 
1 1 1 1 1 1 1 1 1 
1 1 1 1 1 1 1 1 1 
1 1 1 1 1 1 1 1 1 
1 1 1 1 1 1 1 1 1 
1 1 1 1 1 1 1 1 1 
1 1 1 1 1 1 1 1 1 
1 1 1 1 1 1 1 1 1 
1 1 1 1 1 1 1 1 1 
1 1 1 1 1 1 1 1 1 
1 1 1 1 1 1 1 1 1 
1 1 1 1 1 1 1 1 1 
1 1 1 1 1 1 1 1 1 
1 1 1 1 1 1 1 1 1 
1 1 1 1 1 1 1 1 1 
1 1 1 1 1 1 1 1 1 
1 1 1 1 1 1 1 1 1 
1 1 1 1 1 1 1 1 1 
1 1 1 1 1 1 1 1 1 
1 1 1 1 1 1 1 1 1 
1 1 1 1 1 1 1 1 1 
1 1 1 1 1 1 1 1 1 
1 1 1 1 1 1 1 1 1 
1 1 1 1 1 1 1 1 1 
1 1 1 1 1 1 1 1 1 
1 1 1 1 1 1 1 1 1 
1 1 1 1 1 1 1 1 1 
1 1 1 1 1 1 1 1 1 
1 1 1 1 1 1 1 1 1 
1 1 1 1 1 1 1 1 1 
1 1 1 1 1 1 1 1 1 
1 1 1 1 1 1 1 1 1 
1 1 1 1 1 1 1 1 1 
1 1 1 1 1 1 1 1 1 
1 1 1 1 1 1 1 1 1 
1 1 1 1 1 1 1 1 1 
1 1 1 1 1 1 1 1 1 
1 1 1 1 1 1 1 1 1 
1 1 1 1 1 1 1 1 1 
1 1 1 1 1 1 1 1 1 
1 1 1 1 1 1 1 1 1 
1 1 1 1 1 1 1 1 1 
1 1 1 1 1 1 1 1 1 
1 1 1 1 1 1 1 1 1 
1 1 1 1 1 1 1 1 1 
1 1 1 1 1 1 1 1 1 
1 1 1 1 1 1 1 1 1 
1 1 1 1 1 1 1 1 1 
1 1 1 1 1 1 1 1 1 
1 1 1 1 1 1 1 1 1 
1 1 1 1 1 1 1 1 1 
1 1 1 1 1 1 1 1 1 
1 1 1 1 1 1 1 1 1 
1 1 1 1 1 1 1 1 1 
1 1 1 1 1 1 1 1 1 
1 1 1 1 1 1 1 1 1 
1 1 1 1 1 1 1 1 1 
1 1 1 1 1 1 1 1 1 
1 1 1 1 1 1 
