# vtk DataFile Version 5.1
vtk output
ASCII
DATASET POLYDATA
POINTS 2552 float
0.24592 -0.0210833 0.572598 0.246127 -0.0123326 0.55342 0.229258 -0.0232122 0.559859 
0.258423 -0.0289488 0.557557 0.30425 -0.0325567 0.567993 0.304458 -0.0238059 0.548815 
0.287588 -0.0346855 0.555255 0.333415 -0.0382934 0.565691 0.333623 -0.0295426 0.546513 
0.345919 -0.0461589 0.550651 0.241554 -0.0398284 0.563997 0.299884 -0.0513018 0.559393 
0.329049 -0.0570384 0.557091 0.0909473 -0.0473916 0.605263 0.0911547 -0.0386409 0.586085 
0.0742854 -0.0495204 0.592525 0.103451 -0.0552571 0.590223 0.0280436 -0.0634141 0.620445 
0.028251 -0.0546633 0.601267 0.0113817 -0.0655429 0.607707 0.0405469 -0.0712796 0.605404 
0.0865813 -0.0661367 0.596662 0.0236776 -0.0821591 0.611844 0.338404 0.00670396 0.516758 
0.338611 0.0154547 0.49758 0.321742 0.00457513 0.50402 0.350907 -0.00116155 0.501718 
0.158839 0.0136282 0.541148 0.159047 0.0223789 0.521971 0.142177 0.0114994 0.52841 
0.188004 0.00789152 0.538846 0.188212 0.0166423 0.519668 0.21717 0.00215484 0.536544 
0.217377 0.0109056 0.517366 0.246335 -0.00358184 0.534242 0.246542 0.00516891 0.515064 
0.2755 -0.00931851 0.53194 0.275707 -0.000567767 0.512762 0.304665 -0.0150552 0.529638 
0.304873 -0.00630444 0.51046 0.33383 -0.0207919 0.527335 0.363203 -0.0177778 0.505855 
0.362995 -0.0265285 0.525033 0.375499 -0.034394 0.509993 0.0667704 0.0033424 0.558632 
0.0669778 0.0120931 0.539454 0.0501085 0.00121357 0.545894 0.0959356 -0.00239428 0.55633 
0.096143 0.00635647 0.537152 0.125101 -0.00813096 0.554028 0.125308 0.000619791 0.53485 
0.154266 -0.0138676 0.551726 0.183431 -0.0196043 0.549424 0.212596 -0.025341 0.547121 
0.270927 -0.0368143 0.542517 0.358422 -0.0540244 0.535611 0.370925 -0.0618899 0.52057 
0.00386665 -0.0126801 0.573814 0.00407409 -0.00392933 0.554636 -0.0127952 -0.0148089 0.561076 
0.0330318 -0.0184168 0.571512 0.0332393 -0.009666 0.552334 0.062197 -0.0241534 0.569209 
0.0913622 -0.0298901 0.566907 0.120527 -0.0356268 0.564605 0.149693 -0.0413635 0.562303 
0.178858 -0.0471001 0.560001 0.208023 -0.0528368 0.557699 0.237395 -0.0498227 0.536219 
0.220526 -0.0607023 0.542658 0.266561 -0.0555594 0.533917 0.295726 -0.0612961 0.531614 
0.324891 -0.0670328 0.529312 0.354056 -0.0727694 0.52701 -0.0590371 -0.0287025 0.588995 
-0.0588297 -0.0199518 0.569818 -0.0756989 -0.0308314 0.576257 -0.0298719 -0.0344392 0.586693 
-0.0296645 -0.0256885 0.567515 -0.000706747 -0.0401759 0.584391 0.0284584 -0.0459126 0.582089 
0.0576236 -0.0516493 0.579787 0.115954 -0.0631226 0.575182 0.128457 -0.0709881 0.560142 
0.145327 -0.0601085 0.553703 0.174492 -0.0658452 0.5514 0.203657 -0.0715819 0.549098 
-0.121941 -0.044725 0.604177 -0.121733 -0.0359743 0.584999 -0.138603 -0.0468538 0.591439 
-0.0927757 -0.0504617 0.601875 -0.0925682 -0.0417109 0.582697 -0.0636105 -0.0561984 0.599573 
-0.0344453 -0.061935 0.597271 -0.00528015 -0.0676717 0.594968 0.0530502 -0.0791451 0.590364 
0.0824228 -0.076131 0.568884 0.0655535 -0.0870106 0.575324 0.111588 -0.0818677 0.566582 
-0.126307 -0.0634701 0.595577 -0.0971416 -0.0692068 0.593274 -0.0848457 -0.085823 0.597412 
-0.0681839 -0.0836942 0.61015 -0.0390187 -0.0894309 0.607848 -0.0265154 -0.0972964 0.592808 
-0.00964611 -0.0864168 0.586368 0.0195191 -0.0921535 0.584066 0.0486842 -0.0978902 0.581764 
-0.0725498 -0.102439 0.60155 -0.0433847 -0.108176 0.599247 0.280488 0.0356788 0.483007 
0.280696 0.0444296 0.463829 0.263826 0.03355 0.470269 0.309653 0.0299421 0.480705 
0.309861 0.0386929 0.461527 0.338819 0.0242055 0.478402 0.339026 0.0329562 0.459225 
0.351322 0.01634 0.463362 0.130089 0.0368664 0.505095 0.130296 0.0456171 0.485917 
0.113427 0.0347375 0.492357 0.159254 0.0311297 0.502793 0.159462 0.0398804 0.483615 
0.188419 0.025393 0.50049 0.188627 0.0341438 0.481313 0.217585 0.0196563 0.498188 
0.217792 0.0284071 0.47901 0.24675 0.0139197 0.495886 0.246957 0.0226704 0.476708 
0.275915 0.00818298 0.493584 0.30508 0.0024463 0.491282 0.346749 -0.0111559 0.473939 
0.0380201 0.0265806 0.522579 0.0382275 0.0353313 0.503401 0.0213582 0.0244517 0.50984 
0.0671853 0.0208439 0.520276 0.0673927 0.0295946 0.501099 0.0963504 0.0151072 0.517974 
0.0965579 0.023858 0.498796 0.125516 0.00937054 0.515672 0.358837 -0.0365229 0.497255 
0.342175 -0.0386517 0.484517 -0.083214 0.0220314 0.542365 -0.0830065 0.0307822 0.523187 
-0.0998758 0.0199026 0.529626 -0.0540488 0.0162948 0.540062 -0.0538414 0.0250455 0.520885 
-0.0248836 0.0105581 0.53776 -0.0246762 0.0193088 0.518582 0.00428152 0.00482142 0.535458 
0.00448896 0.0135722 0.51628 0.0334467 -0.000915257 0.533156 0.354264 -0.0640187 0.507832 
0.337602 -0.0661475 0.495094 -0.116953 0.000272301 0.555244 -0.116745 0.00902305 0.536066 
-0.133614 -0.00185653 0.542506 -0.0877874 -0.00546438 0.552942 -0.0586222 -0.0112011 0.55064 
-0.029457 -0.0169377 0.548338 0.233029 -0.0685678 0.527618 0.245533 -0.0764333 0.512578 
0.262402 -0.0655537 0.506138 0.291567 -0.0712904 0.503836 0.320732 -0.0770271 0.501534 
-0.121526 -0.0272235 0.565821 -0.138188 -0.0293524 0.553083 -0.0923608 -0.0329602 0.563519 
0.124299 -0.0809824 0.532364 0.141168 -0.0701029 0.525924 0.170333 -0.0758395 0.523622 
0.199498 -0.0815762 0.52132 0.228664 -0.0873129 0.519018 -0.155265 -0.0489827 0.578701 
-0.155057 -0.0402319 0.559523 -0.171926 -0.0511115 0.565963 0.061395 -0.0970049 0.547546 
0.0782643 -0.0861253 0.541106 0.107429 -0.091862 0.538804 -0.15963 -0.0677277 0.5701 
-0.130465 -0.0734644 0.567798 -0.101508 -0.0879518 0.584674 -0.118169 -0.0900807 0.571936 
-0.0140121 -0.105162 0.577767 -0.00150876 -0.113027 0.562727 0.0153605 -0.102148 0.556287 
0.0445257 -0.107884 0.553985 -0.105874 -0.106697 0.576073 -0.0767084 -0.112434 0.573771 
-0.0475432 -0.11817 0.571469 -0.018378 -0.123907 0.569167 0.314642 0.0749394 0.431772 
0.314849 0.0836902 0.412594 0.29798 0.0728106 0.419033 0.327145 0.0670739 0.416731 
0.251738 0.058917 0.446953 0.251945 0.0676677 0.427775 0.235076 0.0567882 0.434215 
0.280903 0.0531803 0.444651 0.281111 0.061931 0.425473 0.310068 0.0474436 0.442349 
0.339441 0.0504577 0.420869 0.339233 0.0417069 0.440047 0.351737 0.0338414 0.425006 
0.217999 0.0371578 0.459833 0.218207 0.0459086 0.440655 0.201338 0.035029 0.447095 
0.247165 0.0314212 0.45753 0.347163 0.00634562 0.435584 0.0676001 0.0383454 0.481921 
0.0678076 0.0470961 0.462743 0.0509383 0.0362166 0.469183 0.0967653 0.0326087 0.479619 
0.0969727 0.0413595 0.460441 0.126138 0.0356228 0.458139 0.155303 0.0298861 0.455836 
0.184468 0.0241494 0.453534 0.34259 -0.0211502 0.446161 -0.0536339 0.0337963 0.501707 
-0.0534265 0.042547 0.482529 -0.0702958 0.0316674 0.488969 -0.0244688 0.0280596 0.499405 
-0.0242613 0.0368103 0.480227 0.0046964 0.0223229 0.497102 0.00490383 0.0310737 0.477925 
0.034069 0.025337 0.475622 0.338017 -0.048646 0.456738 -0.0871651 0.0207879 0.495408 
-0.104034 0.00990829 0.501848 0.32094 -0.0682764 0.482356 0.304278 -0.0704052 0.469618 
0.321147 -0.0595256 0.463178 -0.120904 -0.00097128 0.508288 -0.137773 -0.0118509 0.514728 
0.241374 -0.0864276 0.4848 0.258244 -0.0755481 0.47836 0.287409 -0.0812847 0.476058 
-0.15485 -0.0314812 0.540345 -0.154642 -0.0227304 0.521167 -0.171512 -0.03361 0.527607 
0.12014 -0.0909768 0.504586 0.137009 -0.0800972 0.498146 0.166175 -0.0858339 0.495844 
0.19534 -0.0915705 0.493542 0.224505 -0.0973072 0.491239 -0.176085 -0.0611058 0.538184 
0.0738983 -0.10487 0.532505 0.0864016 -0.112736 0.517465 0.103271 -0.101856 0.511025 
-0.163789 -0.0777221 0.542322 -0.134624 -0.0834588 0.54002 -0.122328 -0.100075 0.544157 
0.0109946 -0.120893 0.547687 0.0234979 -0.128758 0.532647 0.0403672 -0.117879 0.526207 
0.0695323 -0.123615 0.523905 -0.110032 -0.116691 0.548295 -0.0808669 -0.122428 0.545993 
-0.0517017 -0.128165 0.543691 -0.0225366 -0.133901 0.541389 0.0066286 -0.139638 0.539086 
0.252153 0.0764185 0.408597 0.25236 0.0851692 0.38942 0.235491 0.0742896 0.395859 
0.281318 0.0706818 0.406295 0.281525 0.0794325 0.387118 0.310691 0.0736959 0.384815 
0.322986 0.0570796 0.388953 0.218414 0.0546593 0.421477 0.218622 0.0634101 0.402299 
0.201752 0.0525305 0.408739 0.335075 0.0317126 0.412268 0.318413 0.0295838 0.39953 
0.155511 0.0386369 0.436659 0.155718 0.0473876 0.417481 0.138849 0.036508 0.423921 
0.184676 0.0329002 0.434356 0.184883 0.0416509 0.415179 0.330502 0.00421679 0.422846 
0.31384 0.00208797 0.410108 0.0342764 0.0340877 0.456445 0.0344839 0.0428385 0.437267 
0.0176146 0.0319589 0.443706 0.063649 0.0371018 0.434965 0.0928142 0.0313651 0.432662 
0.121979 0.0256285 0.43036 0.325928 -0.023279 0.433423 0.309266 -0.0254079 0.420685 
-0.0577925 0.0238019 0.473928 -0.0286273 0.0180653 0.471626 -0.016124 0.0101998 0.456586 
0.000745301 0.0210793 0.450146 0.321355 -0.0507749 0.444 0.304693 -0.0529037 0.431262 
-0.120696 0.00777947 0.48911 -0.120489 0.0165302 0.469932 -0.137358 0.00565064 0.476372 
-0.0913236 0.0107935 0.46763 -0.0621584 0.00505686 0.465328 -0.0329933 -0.000679814 0.463026 
0.287616 -0.072534 0.45688 0.270954 -0.0746628 0.444142 0.287824 -0.0637833 0.437702 
-0.154435 -0.0139797 0.501989 -0.154227 -0.00522893 0.482812 -0.171097 -0.0161085 0.489251 
0.237216 -0.096422 0.457021 0.254085 -0.0855424 0.450582 -0.188173 -0.0357388 0.514869 
-0.187966 -0.0269881 0.495691 -0.204835 -0.0378677 0.502131 0.115982 -0.100971 0.476807 
0.132851 -0.0900915 0.470367 0.162016 -0.0958282 0.468065 0.191181 -0.101565 0.465763 
0.220346 -0.107302 0.463461 -0.192539 -0.0544839 0.506269 -0.180243 -0.0711002 0.510406 
0.0405746 -0.109128 0.507029 0.0239128 -0.111257 0.494291 0.040782 -0.100377 0.487851 
0.0699472 -0.106114 0.485549 0.0697398 -0.114865 0.504727 0.0991124 -0.111851 0.483247 
-0.167948 -0.0877164 0.514544 -0.138782 -0.0934531 0.512242 -0.109617 -0.0991898 0.509939 
-0.109825 -0.107941 0.529117 -0.0973213 -0.115806 0.514077 -0.0514943 -0.119414 0.524513 
-0.0681562 -0.121543 0.511775 -0.0512869 -0.110663 0.505335 -0.0221217 -0.1164 0.503033 
-0.0223291 -0.125151 0.522211 0.00704347 -0.122136 0.500731 0.00683603 -0.130887 0.519909 
-0.0850254 -0.132422 0.518215 0.218829 0.0721608 0.383121 0.219037 0.0809116 0.363943 
0.202167 0.070032 0.370383 0.248202 0.0751749 0.361641 0.277367 0.0694382 0.359339 
0.306325 0.0549508 0.376215 0.289663 0.052822 0.363477 0.155925 0.0561383 0.398303 
0.156133 0.0648891 0.379125 0.139264 0.0540095 0.385565 0.185091 0.0504017 0.396001 
0.185298 0.0591524 0.376823 0.301959 0.0362057 0.367614 0.314255 0.0195895 0.371752 
0.0346913 0.0515892 0.418089 0.0348987 0.06034 0.398911 0.0180295 0.0494604 0.405351 
0.0638565 0.0458526 0.415787 0.0640639 0.0546033 0.396609 0.0930216 0.0401159 0.413485 
0.0932291 0.0488666 0.394307 0.122187 0.0343792 0.411182 0.122394 0.0431299 0.392005 
0.309681 -0.00790636 0.382329 0.000952737 0.0298301 0.430968 0.00116017 0.0385808 0.411791 
-0.0157091 0.0277013 0.41823 0.292604 -0.0275367 0.407947 0.275943 -0.0296655 0.395209 
0.292812 -0.0187859 0.388769 -0.120281 0.025281 0.450754 -0.120074 0.0340317 0.431576 
-0.136943 0.0231521 0.438016 -0.0911162 0.0195443 0.448452 -0.0909087 0.028295 0.429274 
-0.061951 0.0138076 0.44615 -0.0617436 0.0225584 0.426972 -0.0327858 0.00807093 0.443848 
-0.0325784 0.0168217 0.42467 0.288031 -0.0550325 0.418524 0.271369 -0.0571613 0.405786 
-0.15402 0.00352181 0.463634 -0.153812 0.0122726 0.444456 -0.170682 0.00139299 0.450896 
0.254292 -0.0767917 0.431404 0.237631 -0.0789205 0.418666 0.2545 -0.0680409 0.412226 
-0.187758 -0.0182373 0.476513 -0.187551 -0.00948659 0.457335 -0.20442 -0.0203662 0.463775 
0.220554 -0.0985508 0.444283 0.203892 -0.10068 0.431545 0.220761 -0.0898001 0.425105 
-0.221497 -0.0399965 0.489393 -0.22129 -0.0312457 0.470215 -0.238159 -0.0421253 0.476655 
0.111823 -0.110965 0.449029 0.128692 -0.100086 0.442589 0.157858 -0.105823 0.440287 
0.187023 -0.111559 0.437985 -0.225863 -0.0587416 0.480792 -0.196698 -0.0644782 0.47849 
-0.167533 -0.0702149 0.476188 -0.16774 -0.0789657 0.495366 -0.155237 -0.0868312 0.480326 
0.0197542 -0.121251 0.466513 0.0366235 -0.110372 0.460073 0.0657887 -0.116108 0.457771 
0.0949538 -0.121845 0.455469 -0.142941 -0.103447 0.484463 -0.113776 -0.109184 0.482161 
-0.0846106 -0.114921 0.479859 -0.084818 -0.123672 0.499037 -0.0554454 -0.120657 0.477557 
-0.0262802 -0.126394 0.475255 0.00288494 -0.132131 0.472952 0.127175 0.0793765 0.362249 
0.127383 0.0881273 0.343072 0.110513 0.0772477 0.349511 0.15634 0.0736398 0.359947 
0.156548 0.0823906 0.340769 0.185505 0.0679032 0.357645 0.185713 0.0766539 0.338467 
0.214878 0.0709172 0.336165 0.244043 0.0651806 0.333863 0.273208 0.0594439 0.331561 
0.285504 0.0428276 0.335698 0.0351062 0.0690907 0.379733 0.0353136 0.0778415 0.360555 
0.0184443 0.0669619 0.366995 0.0642713 0.063354 0.377431 0.0644788 0.0721048 0.358253 
0.0934365 0.0576174 0.375129 0.0936439 0.0663681 0.355951 0.122602 0.0518807 0.372827 
0.297593 0.0174606 0.359014 0.280931 0.0153318 0.346276 -0.173623 0.0817516 0.406426 
-0.173416 0.0905024 0.387248 -0.190285 0.0796228 0.393688 -0.144458 0.076015 0.404123 
-0.144251 0.0847657 0.384946 -0.115293 0.0702783 0.401821 -0.115086 0.079029 0.382643 
-0.10279 0.0624128 0.386781 0.00136761 0.0473316 0.392613 0.00157504 0.0560823 0.373435 
-0.0152942 0.0452028 0.379875 0.293019 -0.0100352 0.369591 0.276357 -0.012164 0.356853 
-0.177989 0.0630066 0.397825 -0.165693 0.0463903 0.401963 -0.149032 0.0485191 0.414701 
-0.119866 0.0427825 0.412399 -0.0904939 0.0457965 0.390919 -0.0907013 0.0370458 0.410096 
-0.0615361 0.0313091 0.407794 -0.0613287 0.0400599 0.388617 -0.032371 0.0255724 0.405492 
-0.0321635 0.0343232 0.386314 0.259281 -0.0317943 0.382471 0.242619 -0.0339232 0.369733 
0.259488 -0.0230436 0.363293 -0.153605 0.0210233 0.425278 -0.170267 0.0188945 0.41254 
0.254707 -0.0592902 0.393048 0.238045 -0.061419 0.38031 -0.187344 -0.000735838 0.438158 
-0.187136 0.00801491 0.41898 -0.204005 -0.00286466 0.42542 0.233472 -0.0889148 0.390887 
-0.208579 -0.0303605 0.435997 0.18723 -0.102808 0.418807 0.170568 -0.104937 0.406069 
0.187438 -0.0940577 0.399629 0.216603 -0.0997944 0.397327 -0.225448 -0.0412401 0.442437 
-0.242317 -0.0521196 0.448876 0.107665 -0.12096 0.421251 0.124534 -0.11008 0.414811 
0.153699 -0.115817 0.412509 -0.230022 -0.0687359 0.453014 -0.200856 -0.0744726 0.450712 
-0.171691 -0.0802092 0.44841 -0.159395 -0.0968255 0.452547 0.0155957 -0.131246 0.438734 
0.032465 -0.120366 0.432295 0.0616301 -0.126103 0.429992 0.0907953 -0.131839 0.42769 
-0.147099 -0.113442 0.456685 -0.117934 -0.119178 0.454383 -0.0887691 -0.124915 0.452081 
-0.0596039 -0.130652 0.449778 -0.0304388 -0.136388 0.447476 -0.00127359 -0.142125 0.445174 
0.12759 0.096878 0.323894 0.127797 0.105629 0.304716 0.110928 0.0947492 0.311156 
0.156755 0.0911413 0.321592 0.156963 0.0998921 0.302414 0.169258 0.0832758 0.306551 
0.035521 0.0865922 0.341378 0.0357285 0.095343 0.3222 0.0188592 0.0844634 0.328639 
0.0646862 0.0808555 0.339075 0.0648937 0.0896063 0.319898 0.0938514 0.0751189 0.336773 
0.0940588 0.0838696 0.317595 0.181554 0.0666596 0.310689 0.210719 0.0609229 0.308387 
0.239885 0.0551862 0.306085 0.268842 0.0406988 0.32296 0.252181 0.03857 0.310222 
-0.144043 0.0935165 0.365768 -0.143836 0.102267 0.34659 -0.160705 0.0913876 0.35303 
-0.114878 0.0877798 0.363466 -0.114671 0.0965305 0.344288 -0.085713 0.0820431 0.361163 
-0.0855056 0.0907938 0.341986 -0.0565479 0.0763064 0.358861 -0.0563404 0.0850572 0.339683 
-0.0273827 0.0705697 0.356559 -0.0271753 0.0793205 0.337381 0.00178248 0.0648331 0.354257 
0.00198991 0.0735838 0.335079 0.264269 0.013203 0.333538 0.247607 0.0110742 0.3208 
-0.206947 0.077494 0.380949 -0.20674 0.0862447 0.361772 -0.223609 0.0753652 0.368211 
-0.177575 0.0805081 0.359469 -0.0902864 0.0545473 0.371741 -0.0611213 0.0488106 0.369439 
-0.0319561 0.0430739 0.367137 0.259696 -0.0142928 0.344115 0.243034 -0.0164217 0.331377 
-0.211313 0.0587489 0.372349 -0.182355 0.0442615 0.389225 -0.199017 0.0421327 0.376487 
0.225957 -0.036052 0.356994 0.209295 -0.0381808 0.344256 0.226164 -0.0273012 0.337817 
-0.186929 0.0167657 0.399802 -0.203591 0.0146368 0.387064 0.221384 -0.0635478 0.367572 
0.204722 -0.0656766 0.354834 -0.208164 -0.012859 0.397641 0.21681 -0.0910436 0.378149 
0.200148 -0.0931725 0.365411 -0.225241 -0.0324893 0.423259 -0.225033 -0.0237386 0.404081 
-0.241903 -0.0346181 0.410521 0.153906 -0.107066 0.393331 0.137245 -0.109195 0.380593 
0.154114 -0.0983154 0.374153 0.183279 -0.104052 0.371851 -0.258979 -0.0542485 0.436138 
-0.258772 -0.0454977 0.41696 -0.275641 -0.0563773 0.4234 0.0618376 -0.117352 0.410815 
0.0451757 -0.119481 0.398076 0.062045 -0.108601 0.391637 0.0912102 -0.114338 0.389335 
0.0910028 -0.123089 0.408512 0.120375 -0.120075 0.387032 -0.263345 -0.0729935 0.427538 
-0.23418 -0.0787302 0.425236 -0.205015 -0.0844669 0.422933 -0.17585 -0.0902036 0.420631 
-0.146685 -0.0959402 0.418329 -0.146892 -0.104691 0.437507 -0.134389 -0.112556 0.422467 
-0.00106616 -0.133374 0.425996 -0.017728 -0.135503 0.413258 -0.000858721 -0.124624 0.406818 
0.0283064 -0.13036 0.404516 -0.122093 -0.129173 0.426604 -0.0929276 -0.134909 0.424302 
-0.0637625 -0.140646 0.422 -0.0345973 -0.146383 0.419698 0.0359359 0.104094 0.303022 
0.0361434 0.112844 0.283844 0.0192741 0.101965 0.290284 0.0651011 0.098357 0.30072 
0.0653085 0.107108 0.281542 0.0942663 0.0926204 0.298418 0.0944737 0.101371 0.27924 
0.123639 0.0956344 0.276938 0.152597 0.081147 0.293813 0.135935 0.0790182 0.281075 
-0.114463 0.105281 0.32511 -0.114256 0.114032 0.305932 -0.131125 0.103152 0.312372 
-0.0852982 0.0995446 0.322808 -0.0850907 0.108295 0.30363 -0.056133 0.0938079 0.320506 
-0.0559256 0.102559 0.301328 -0.0269678 0.0880712 0.318203 -0.0267604 0.096822 0.299026 
0.00219735 0.0823346 0.315901 0.00240479 0.0910853 0.296723 0.148231 0.0624019 0.285213 
0.177396 0.0566653 0.282911 0.206561 0.0509286 0.280608 0.235519 0.0364412 0.297484 
0.218857 0.0343123 0.284746 -0.177367 0.0892588 0.340292 -0.17716 0.0980095 0.321114 
-0.194029 0.08713 0.327553 -0.147994 0.0922729 0.318812 0.231153 0.0176961 0.288884 
0.243449 0.00107983 0.293021 -0.211106 0.0674997 0.353171 -0.198602 0.0596341 0.338131 
0.226372 -0.0185505 0.318639 0.20971 -0.0206793 0.305901 0.226579 -0.00979974 0.299461 
-0.203176 0.0321383 0.348708 0.205137 -0.0481751 0.316478 -0.207749 0.0046425 0.359286 
0.18806 -0.0678055 0.342096 0.171398 -0.0699343 0.329358 0.188267 -0.0590547 0.322918 
-0.224826 -0.0149878 0.384903 -0.224618 -0.00623707 0.365725 -0.241488 -0.0171166 0.372165 
0.183487 -0.0953013 0.352673 0.166825 -0.0974301 0.339935 -0.258564 -0.036747 0.397783 
-0.258357 -0.0279962 0.378605 -0.275226 -0.0388758 0.385044 0.133086 -0.119189 0.352814 
0.149955 -0.10831 0.346375 -0.263138 -0.0642428 0.40836 -0.26293 -0.055492 0.389182 
-0.250634 -0.0721083 0.39332 0.0285139 -0.12161 0.385338 0.011852 -0.123738 0.3726 
0.0287213 -0.112859 0.366161 0.0578865 -0.118595 0.363858 0.0870517 -0.124332 0.361556 
0.116217 -0.130069 0.359254 -0.238339 -0.0887245 0.397457 -0.209173 -0.0944612 0.395155 
-0.180008 -0.100198 0.392853 -0.150843 -0.105935 0.390551 -0.121678 -0.111671 0.388249 
-0.121885 -0.120422 0.407427 -0.109382 -0.128287 0.392386 -0.0343899 -0.137632 0.40052 
-0.0510517 -0.139761 0.387782 -0.0341824 -0.128881 0.381342 -0.00501725 -0.134618 0.37904 
-0.0970862 -0.144904 0.396524 -0.067921 -0.15064 0.394222 -0.0557181 0.111309 0.28215 
-0.0555107 0.12006 0.262972 -0.07238 0.109181 0.269412 -0.0432148 0.103444 0.26711 
0.00261222 0.0998361 0.277546 0.00281966 0.108587 0.258368 -0.0140496 0.0977072 0.264808 
0.0319848 0.10285 0.256066 0.06115 0.0971135 0.253763 0.0903152 0.0913768 0.251461 
0.11948 0.0856401 0.249159 0.131776 0.0690239 0.253297 -0.118414 0.104038 0.278154 
-0.135284 0.0931581 0.284593 -0.0892493 0.098301 0.275852 -0.0309189 0.0868277 0.271247 
0.144072 0.0524076 0.257434 0.173237 0.0466709 0.255132 0.202195 0.0321835 0.272008 
0.185533 0.0300547 0.25927 -0.210691 0.0850011 0.314815 -0.210483 0.0937519 0.295638 
-0.227353 0.0828723 0.302077 -0.181318 0.0880152 0.293335 -0.152153 0.0822785 0.291033 
0.197829 0.0134384 0.263407 0.226787 -0.001049 0.280283 0.210125 -0.00317782 0.267545 
-0.215057 0.0662561 0.306215 -0.202761 0.0496398 0.310352 0.205552 -0.0306736 0.278122 
-0.207334 0.022144 0.32093 0.188475 -0.050304 0.30374 0.171813 -0.0524328 0.291002 
0.188682 -0.0415532 0.284562 -0.211908 -0.00535183 0.331507 0.16724 -0.0799286 0.301579 
-0.228777 -0.0162314 0.337947 -0.245646 -0.027111 0.344387 0.162666 -0.107424 0.312156 
-0.291888 -0.0410046 0.372306 -0.291681 -0.0322539 0.353129 -0.30855 -0.0431334 0.359568 
-0.262516 -0.0379905 0.350826 0.116424 -0.121318 0.340076 0.0997624 -0.123447 0.327338 
0.116632 -0.112567 0.320898 0.145797 -0.118304 0.318596 -0.296254 -0.0597497 0.363706 
-0.267089 -0.0654864 0.361404 -0.254793 -0.0821026 0.365541 -0.00480982 -0.125867 0.359862 
-0.0214717 -0.127996 0.347124 -0.00460238 -0.117116 0.340684 0.0245628 -0.122853 0.338382 
0.053728 -0.12859 0.33608 0.0828931 -0.134326 0.333778 -0.242497 -0.0987189 0.369679 
-0.213332 -0.104456 0.367377 -0.184167 -0.110192 0.365075 -0.155002 -0.115929 0.362772 
-0.125836 -0.121666 0.36047 -0.0966713 -0.127402 0.358168 -0.0968787 -0.136153 0.377346 
-0.0675061 -0.133139 0.355866 -0.0677136 -0.14189 0.375044 -0.0383409 -0.138876 0.353564 
-0.0596692 0.110066 0.235194 -0.0765385 0.0991863 0.241634 -0.0473733 0.0934496 0.239331 
-0.00133887 0.0985925 0.230589 -0.0182082 0.0877129 0.237029 0.0278263 0.0928558 0.228287 
0.0569915 0.0871191 0.225985 0.0861566 0.0813825 0.223683 0.115114 0.066895 0.240559 
0.0984525 0.0647662 0.227821 -0.151946 0.0910293 0.271855 -0.151738 0.09978 0.252678 
-0.168607 0.0889005 0.259117 -0.122573 0.0940434 0.250375 -0.0934078 0.0883067 0.248073 
-0.0350774 0.0768333 0.243469 0.110748 0.04815 0.231958 0.139914 0.0424133 0.229656 
0.168871 0.0279259 0.246532 0.152209 0.025797 0.233794 -0.214642 0.0837576 0.267859 
-0.231511 0.072878 0.274299 -0.185477 0.0780209 0.265557 0.164505 0.00918077 0.237931 
0.193463 -0.00530665 0.254807 0.176801 -0.00743548 0.242069 -0.219215 0.0562617 0.278437 
-0.206919 0.0396455 0.282574 0.18889 -0.0328025 0.265384 0.172228 -0.0349313 0.252646 
-0.211493 0.0121497 0.293151 0.167654 -0.0624271 0.263223 -0.228569 -0.00748065 0.318769 
-0.228362 0.00127009 0.299591 -0.245231 -0.00960948 0.306031 0.150578 -0.0820574 0.288841 
0.133916 -0.0841863 0.276103 0.150785 -0.0733067 0.269663 -0.291473 -0.0235031 0.333951 
-0.291266 -0.0147524 0.314773 -0.308135 -0.025632 0.321213 -0.262308 -0.0292398 0.331649 
-0.262101 -0.0204891 0.312471 0.146004 -0.109553 0.299418 0.129342 -0.111682 0.28668 
-0.312708 -0.0531278 0.33179 0.0831006 -0.125576 0.3146 0.0664387 -0.127705 0.301862 
0.083308 -0.116825 0.295422 0.112473 -0.122562 0.29312 -0.300413 -0.069744 0.335928 
-0.271247 -0.0754807 0.333625 -0.242082 -0.0812174 0.331323 -0.24229 -0.0899681 0.350501 
-0.229786 -0.0978336 0.335461 -0.0381335 -0.130125 0.334386 -0.0547954 -0.132254 0.321648 
-0.0379261 -0.121374 0.315208 -0.00876091 -0.127111 0.312906 0.0204043 -0.132847 0.310604 
0.0495694 -0.138584 0.308302 -0.21749 -0.11445 0.339598 -0.188325 -0.120187 0.337296 
-0.15916 -0.125923 0.334994 -0.129995 -0.13166 0.332692 -0.10083 -0.137397 0.33039 
-0.0716646 -0.143133 0.328088 -0.0638277 0.100072 0.207415 -0.080697 0.0891919 0.213855 
-0.03487 0.0855841 0.224291 -0.0346626 0.0943348 0.205113 -0.0054974 0.0885982 0.202811 
0.0236678 0.0828615 0.200509 0.0528329 0.0771248 0.198207 0.0819981 0.0713881 0.195905 
0.094294 0.0547719 0.200042 -0.185269 0.0867716 0.246379 -0.185062 0.0955224 0.227201 
-0.201931 0.0846428 0.233641 -0.155897 0.0897857 0.224899 -0.126731 0.084049 0.222597 
-0.0975663 0.0783124 0.220295 0.10659 0.0381556 0.20418 0.135755 0.0324189 0.201878 
0.148051 0.0158027 0.206015 -0.248173 0.0707492 0.261561 -0.247966 0.0794999 0.242383 
-0.264835 0.0686203 0.248823 -0.2188 0.0737632 0.240081 0.160347 -0.000813555 0.210153 
0.172643 -0.0174298 0.21429 -0.252539 0.0520041 0.25296 -0.223581 0.0375167 0.269836 
-0.240243 0.0353878 0.257098 0.155566 -0.0370601 0.239908 0.138904 -0.039189 0.22717 
0.155773 -0.0283094 0.22073 -0.228155 0.0100208 0.280413 -0.244816 0.00789202 0.267675 
0.150993 -0.064556 0.250485 0.134331 -0.0666848 0.237747 -0.261893 -0.0117383 0.293293 
-0.261686 -0.00298756 0.274115 -0.278555 -0.0138671 0.280555 0.129757 -0.0941806 0.248325 
-0.295424 -0.0247467 0.286995 -0.312294 -0.0356263 0.293434 0.112681 -0.113811 0.273942 
0.0960188 -0.11594 0.261204 0.112888 -0.10506 0.254764 -0.316867 -0.0631221 0.304012 
-0.00855347 -0.11836 0.293728 -0.0252153 -0.120489 0.28099 -0.00834604 -0.109609 0.27455 
0.0208191 -0.115346 0.272248 0.0206117 -0.124097 0.291426 0.033115 -0.131962 0.276386 
0.0622802 -0.137699 0.274084 0.0791495 -0.126819 0.267644 -0.304571 -0.0797384 0.308149 
-0.275406 -0.085475 0.305847 -0.246241 -0.0912117 0.303545 -0.233945 -0.107828 0.307682 
-0.0714572 -0.134383 0.30891 -0.0881191 -0.136511 0.296172 -0.0712498 -0.125632 0.289732 
-0.0420846 -0.131368 0.28743 0.0454109 -0.148578 0.280523 -0.221649 -0.124444 0.31182 
-0.192484 -0.130181 0.309518 -0.163319 -0.135918 0.307216 -0.134154 -0.141654 0.304914 
-0.104988 -0.147391 0.302611 -0.0344551 0.103086 0.185935 -0.0342477 0.111836 0.166758 
-0.051117 0.100957 0.173197 -0.0219518 0.0952201 0.170895 -0.0679863 0.0900772 0.179637 
-0.0848556 0.0791976 0.186077 -0.00965593 0.0786038 0.175033 0.0195092 0.0728671 0.172731 
0.048467 0.0583797 0.189606 0.0318051 0.0562509 0.176868 0.0776321 0.052643 0.187304 
-0.218593 0.082514 0.220903 -0.218386 0.0912647 0.201725 -0.235255 0.0803852 0.208165 
-0.18922 0.0855281 0.199423 -0.160055 0.0797914 0.197121 -0.13089 0.0740547 0.194819 
-0.101725 0.068318 0.192517 0.044101 0.0396346 0.181006 0.0732662 0.033898 0.178704 
0.102431 0.0281613 0.176402 0.131389 0.0136739 0.193277 0.114727 0.011545 0.180539 
-0.281497 0.0664915 0.236085 -0.281289 0.0752423 0.216907 -0.298159 0.0643627 0.223347 
-0.252124 0.0695056 0.214605 0.126816 -0.013822 0.203855 0.110154 -0.0159508 0.191116 
0.155981 -0.0195586 0.201552 -0.285863 0.0477464 0.227484 -0.256905 0.033259 0.24436 
-0.273567 0.0311302 0.231622 0.122242 -0.0413178 0.214432 0.10558 -0.0434466 0.201694 
-0.261271 0.0145139 0.235759 -0.248975 -0.00210231 0.239897 0.117669 -0.0688136 0.225009 
0.101007 -0.0709424 0.212271 -0.265844 -0.0129819 0.246337 -0.282714 -0.0238615 0.252776 
0.113095 -0.0963094 0.235587 0.0964336 -0.0984383 0.222848 -0.299583 -0.034741 0.259216 
-0.316452 -0.0456206 0.265656 0.0918602 -0.125934 0.233426 -0.304156 -0.0622369 0.269794 
-0.304364 -0.0709876 0.288971 -0.29186 -0.0788531 0.273931 -0.0418772 -0.122618 0.268252 
-0.058539 -0.124747 0.255514 -0.0416697 -0.113867 0.249074 -0.0125046 -0.119604 0.246772 
0.0166606 -0.12534 0.24447 0.0458258 -0.131077 0.242168 0.0456183 -0.139828 0.261346 
0.0749909 -0.136814 0.239866 -0.279564 -0.0954694 0.278069 -0.250399 -0.101206 0.275767 
-0.238103 -0.117822 0.279904 -0.0922776 -0.146506 0.268393 -0.0754083 -0.135626 0.261954 
-0.225808 -0.134439 0.284042 -0.196642 -0.140175 0.28174 -0.167477 -0.145912 0.279437 
-0.138312 -0.151649 0.277135 -0.109147 -0.157385 0.274833 -0.0386137 0.0930912 0.158157 
-0.130683 0.0828055 0.175641 -0.130475 0.0915562 0.156463 -0.147344 0.0806766 0.162903 
-0.101517 0.0770688 0.173339 -0.10131 0.0858195 0.154161 -0.0721448 0.0800828 0.151859 
-0.0429796 0.0743462 0.149557 -0.0138145 0.0686095 0.147254 0.0153507 0.0628728 0.144952 
0.0276466 0.0462566 0.14909 -0.251917 0.0782563 0.195427 -0.251709 0.0870071 0.176249 
-0.268578 0.0761275 0.182689 -0.222544 0.0812704 0.173947 -0.193379 0.0755337 0.171645 
-0.164214 0.0697971 0.169343 0.039735 0.0208896 0.172405 0.0230732 0.0187607 0.159667 
0.0689002 0.0151529 0.170103 0.0980654 0.00941622 0.167801 -0.285655 0.0564972 0.208306 
-0.273152 0.0486317 0.193266 0.0353691 0.00214449 0.163805 0.0645342 -0.00359218 0.161503 
0.093492 -0.0180796 0.178378 0.0768301 -0.0202084 0.16564 -0.260856 0.0320154 0.197404 
-0.261063 0.0232647 0.216582 -0.24856 0.0153992 0.201541 0.0889186 -0.0455754 0.188956 
0.0722567 -0.0477043 0.176218 -0.265429 0.00451961 0.207981 -0.282299 -0.00635997 0.214421 
-0.265637 -0.00423114 0.227159 0.0845526 -0.0643205 0.180355 0.0968485 -0.0809368 0.184493 
-0.328541 -0.0202536 0.24234 -0.328333 -0.0115029 0.223163 -0.345202 -0.0223824 0.229602 
-0.299375 -0.0259903 0.240038 -0.299168 -0.0172395 0.22086 0.0922751 -0.108433 0.19507 
-0.332907 -0.0389987 0.23374 -0.303741 -0.0447354 0.231438 -0.303949 -0.0534861 0.250616 
-0.291445 -0.0613516 0.235575 -0.0414623 -0.105116 0.229896 -0.0581242 -0.107245 0.217158 
-0.0412549 -0.0963655 0.210718 -0.0120897 -0.102102 0.208416 -0.0122971 -0.110853 0.227594 
0.0170755 -0.107839 0.206114 0.016868 -0.11659 0.225292 0.0293714 -0.124455 0.210252 
0.0751984 -0.128063 0.220688 0.0585365 -0.130192 0.20795 0.0754058 -0.119312 0.20151 
-0.27915 -0.0779679 0.239713 -0.279357 -0.0867186 0.258891 -0.249984 -0.0837045 0.237411 
-0.250192 -0.0924553 0.256589 -0.237689 -0.100321 0.241548 -0.0752009 -0.126875 0.242776 
-0.0918627 -0.129004 0.230038 -0.0749934 -0.118125 0.223598 0.0416672 -0.141071 0.214389 
-0.225393 -0.116937 0.245686 -0.2256 -0.125688 0.264864 -0.196228 -0.122674 0.243384 
-0.196435 -0.131424 0.262562 -0.167062 -0.12841 0.241082 -0.16727 -0.137161 0.26026 
-0.137897 -0.134147 0.23878 -0.138105 -0.142898 0.257957 -0.108732 -0.139884 0.236477 
-0.108939 -0.148634 0.255655 -0.164006 0.0785478 0.150165 -0.163799 0.0872985 0.130987 
-0.180668 0.076419 0.137427 -0.134634 0.0815619 0.128685 -0.105468 0.0758252 0.126383 
-0.0763033 0.0700885 0.12408 -0.0471382 0.0643518 0.121778 -0.017973 0.0586152 0.119476 
0.0109847 0.0441277 0.136352 -0.00567711 0.0419989 0.123614 -0.28524 0.0739987 0.169951 
-0.285033 0.0827494 0.150773 -0.301902 0.0718699 0.157213 -0.255868 0.0770128 0.148471 
-0.226703 0.0712761 0.146169 -0.197537 0.0655394 0.143866 0.00641134 0.0166319 0.146929 
-0.0102505 0.0145031 0.134191 -0.318979 0.0522395 0.18283 -0.318771 0.0609903 0.163652 
-0.335641 0.0501107 0.170092 -0.289814 0.0465029 0.180528 0.00204538 -0.00211316 0.138329 
0.0310031 -0.0166006 0.155204 0.0143413 -0.0187294 0.142466 0.0601683 -0.0223373 0.152902 
-0.323345 0.0334945 0.17423 -0.29418 0.0277578 0.171927 -0.265222 0.0132704 0.188803 
-0.281884 0.0111415 0.176065 0.0266371 -0.0353457 0.146604 0.0558023 -0.0410823 0.144302 
0.0680982 -0.0576986 0.148439 -0.328126 -0.00275212 0.203985 -0.327918 0.00599863 0.184807 
-0.344788 -0.00488094 0.191247 -0.298961 -0.00848879 0.201683 -0.298753 0.000261955 0.182505 
0.0803941 -0.0743148 0.152577 0.09269 -0.0909311 0.156714 -0.349361 -0.0323768 0.201824 
0.0756132 -0.110561 0.182332 0.0589514 -0.11269 0.169594 0.0758207 -0.101811 0.163154 
-0.337065 -0.048993 0.205962 -0.3079 -0.0547297 0.203659 -0.278735 -0.0604664 0.201357 
-0.278942 -0.0692171 0.220535 -0.266439 -0.0770826 0.205495 -0.0622827 -0.117239 0.18938 
-0.0454134 -0.10636 0.18294 -0.0162482 -0.112096 0.180638 0.0129169 -0.117833 0.178336 
0.0420821 -0.12357 0.176034 0.0418747 -0.132321 0.195211 -0.254143 -0.0936989 0.209633 
-0.241847 -0.110315 0.21377 -0.0960212 -0.138999 0.202259 -0.079152 -0.128119 0.19582 
-0.229551 -0.126931 0.217908 -0.200386 -0.132668 0.215606 -0.171221 -0.138405 0.213303 
-0.142056 -0.144141 0.211001 -0.112891 -0.149878 0.208699 -0.226495 0.0800268 0.126991 
-0.226288 0.0887776 0.107813 -0.243157 0.077898 0.114253 -0.19733 0.0742901 0.124689 
-0.197123 0.0830409 0.105511 -0.167957 0.0773042 0.103209 -0.138792 0.0715675 0.100906 
-0.109627 0.0658309 0.0986042 -0.0804619 0.0600942 0.096302 -0.0512967 0.0543575 0.0939999 
-0.022339 0.0398701 0.110876 -0.0390008 0.0377413 0.0981375 -0.289191 0.0727551 0.122994 
-0.306061 0.0618755 0.129434 -0.260026 0.0670184 0.120692 -0.0267049 0.021125 0.102275 
-0.014409 0.00450876 0.106413 -0.323137 0.0422452 0.155052 -0.310634 0.0343797 0.140012 
-0.00211315 -0.0121075 0.11055 0.0268446 -0.0265949 0.127426 0.027052 -0.0178442 0.108248 
0.0393479 -0.0344604 0.112386 -0.315208 0.00688388 0.150589 -0.298546 0.0090127 0.163327 
0.0516438 -0.0510767 0.116523 0.0639397 -0.0676929 0.120661 -0.332077 -0.0039957 0.157029 
-0.348946 -0.0148753 0.163468 0.0762356 -0.0843092 0.124798 0.0885314 -0.100925 0.128936 
-0.33665 -0.0314915 0.167606 -0.336858 -0.0402423 0.186784 -0.324354 -0.0481078 0.171744 
-0.0160408 -0.103346 0.16146 -0.0327026 -0.105475 0.148722 -0.0158334 -0.094595 0.142282 
0.0133318 -0.100332 0.13998 0.0131244 -0.109082 0.159158 0.042497 -0.106068 0.137678 
0.0422895 -0.114819 0.156856 0.0716622 -0.111805 0.135376 -0.312058 -0.064724 0.175881 
-0.282893 -0.0704607 0.173579 -0.270597 -0.0870769 0.177717 -0.0789445 -0.119368 0.176642 
-0.0956064 -0.121497 0.163904 -0.0787371 -0.110617 0.157464 -0.0495719 -0.116354 0.155162 
-0.258301 -0.103693 0.181854 -0.229136 -0.10943 0.179552 -0.229344 -0.118181 0.19873 
-0.199971 -0.115167 0.17725 -0.200179 -0.123917 0.196428 -0.170806 -0.120903 0.174948 
-0.171013 -0.129654 0.194126 -0.141641 -0.12664 0.172646 -0.141848 -0.135391 0.191823 
-0.112476 -0.132377 0.170343 -0.112683 -0.141127 0.189521 -0.259819 0.0757692 0.101514 
-0.259611 0.0845199 0.0823366 -0.276481 0.0736403 0.0887764 -0.230446 0.0787832 0.0800345 
-0.201281 0.0730466 0.0777323 -0.172116 0.0673099 0.0754302 -0.142951 0.0615732 0.073128 
-0.113786 0.0558365 0.0708259 -0.0846204 0.0500999 0.0685237 -0.0554552 0.0443632 0.0662216 
-0.0431593 0.0277469 0.0703591 -0.322723 0.0597467 0.116696 -0.322515 0.0684974 0.0975183 
-0.339384 0.0576179 0.103958 -0.29335 0.0627608 0.0952161 -0.0308635 0.0111307 0.0744967 
-0.0185676 -0.00548557 0.0786343 -0.327089 0.0410016 0.108096 -0.314793 0.0243854 0.112233 
-0.00627168 -0.0221018 0.0827719 0.0228935 -0.0278385 0.0804698 0.0518512 -0.0423259 0.0973455 
0.0520587 -0.0335752 0.0781676 0.0643545 -0.0501914 0.0823052 -0.319366 -0.00311045 0.122811 
0.076443 -0.0755584 0.105621 0.0766504 -0.0668077 0.0864428 0.0889463 -0.0834239 0.0905804 
-0.336235 -0.01399 0.12925 -0.353105 -0.0248696 0.13569 0.0718696 -0.103054 0.116198 
0.0552077 -0.105183 0.10346 0.072077 -0.0943035 0.0970201 -0.340809 -0.0414858 0.139828 
-0.328513 -0.0581021 0.143965 -0.0368612 -0.115469 0.120944 -0.0199919 -0.104589 0.114504 
0.00917328 -0.110326 0.112202 0.0383385 -0.116063 0.1099 -0.316217 -0.0747183 0.148103 
-0.287052 -0.080455 0.145801 -0.274756 -0.0970713 0.149938 -0.0997649 -0.131491 0.136125 
-0.0828956 -0.120612 0.129686 -0.0537305 -0.126348 0.127383 -0.26246 -0.113688 0.154076 
-0.233295 -0.119424 0.151774 -0.20413 -0.125161 0.149472 -0.174965 -0.130898 0.147169 
-0.145799 -0.136634 0.144867 -0.116634 -0.142371 0.142565 -0.142743 0.070324 0.0539502 
-0.142536 0.0790747 0.0347723 -0.159405 0.0681951 0.0412121 -0.113578 0.0645873 0.051648 
-0.113371 0.073338 0.0324702 -0.084413 0.0588506 0.0493459 -0.0842055 0.0676014 0.030168 
-0.0719096 0.0509851 0.0343056 -0.293143 0.0715115 0.0760383 -0.292935 0.0802623 0.0568604 
-0.309804 0.0693827 0.0633002 -0.26377 0.0745256 0.0545583 -0.234605 0.0687889 0.0522561 
-0.20544 0.0630522 0.049954 -0.176274 0.0573156 0.0476518 -0.0596137 0.0343689 0.0384432 
-0.0473179 0.0177526 0.0425808 -0.326674 0.0585031 0.0697399 -0.343543 0.0476235 0.0761797 
-0.035022 0.00113635 0.0467184 -0.00606425 -0.0133511 0.0635941 -0.00585681 -0.00460032 0.0444162 
0.00643907 -0.0212166 0.0485538 -0.331247 0.0310073 0.0803173 -0.318951 0.014391 0.0844548 
0.018735 -0.0378328 0.0526914 0.0479001 -0.0435695 0.0503893 0.060196 -0.0601857 0.0545269 
-0.323525 -0.0131048 0.0950322 0.0724919 -0.076802 0.0586645 0.0847878 -0.0934182 0.0628021 
-0.340394 -0.0239844 0.101472 -0.357263 -0.0348639 0.107912 0.00938072 -0.101575 0.0930239 
-0.00728113 -0.103704 0.0802858 0.00958815 -0.0928245 0.0738461 0.0387533 -0.0985611 0.0715439 
0.0385459 -0.107312 0.0907218 0.0679185 -0.104298 0.0692418 -0.344967 -0.0514802 0.112049 
-0.315802 -0.0572169 0.109747 -0.31601 -0.0659676 0.128925 -0.303506 -0.0738331 0.113885 
-0.0410197 -0.125463 0.0931653 -0.0241504 -0.114584 0.0867256 -0.29121 -0.0904494 0.118022 
-0.262045 -0.096186 0.11572 -0.262253 -0.104937 0.134898 -0.23288 -0.101923 0.113418 
-0.233087 -0.110673 0.132596 -0.220584 -0.118539 0.117556 -0.116427 -0.13362 0.123387 
-0.133089 -0.135749 0.110649 -0.116219 -0.124869 0.104209 -0.0870542 -0.130606 0.101907 
-0.057889 -0.136343 0.0996051 -0.208288 -0.135155 0.121693 -0.179123 -0.140892 0.119391 
-0.149958 -0.146629 0.117089 -0.205232 0.071803 0.0307761 -0.205025 0.0805537 0.0115983 
-0.221894 0.0696742 0.018038 -0.176067 0.0660663 0.028474 -0.17586 0.0748171 0.00929614 
-0.146694 0.0690804 0.00699399 -0.117529 0.0633437 0.00469183 -0.088364 0.057607 0.00238968 
-0.0760682 0.0409908 0.00652727 -0.297094 0.0702679 0.0290821 -0.313963 0.0593884 0.0355218 
-0.267928 0.0645313 0.0267799 -0.238763 0.0587946 0.0244778 -0.0637723 0.0243745 0.0106649 
-0.0348145 0.0098871 0.0275406 -0.0346071 0.0186378 0.00836271 -0.00564938 0.00415042 0.0252384 
-0.00544194 0.0129012 0.00606056 0.00685394 -0.00371508 0.0101982 -0.33104 0.039758 0.0611394 
-0.318536 0.0318925 0.0460992 0.0189424 -0.0290821 0.0335136 0.0191498 -0.0203313 0.0143357 
0.0314457 -0.0369476 0.0184733 -0.32311 0.00439671 0.0566765 0.0437416 -0.0535638 0.0226109 
0.0560375 -0.0701801 0.0267485 -0.340186 -0.0152336 0.0822941 -0.339979 -0.00648286 0.0631163 
-0.356848 -0.0173624 0.069556 0.0683334 -0.0867963 0.0308861 0.0806292 -0.103413 0.0350237 
-0.361422 -0.0448583 0.0801333 -0.023943 -0.105833 0.0675478 -0.0406048 -0.107962 0.0548097 
-0.0237355 -0.0970821 0.0483699 0.00542963 -0.102819 0.0460678 0.0345948 -0.108555 0.0437656 
0.06376 -0.114292 0.0414634 -0.349126 -0.0614745 0.0842709 -0.319961 -0.0672112 0.0819688 
-0.290795 -0.0729479 0.0796666 -0.291003 -0.0816986 0.0988445 -0.2785 -0.0895641 0.0838042 
-0.0576815 -0.127592 0.0804272 -0.0743434 -0.129721 0.0676891 -0.0574741 -0.118841 0.0612494 
-0.266204 -0.10618 0.0879418 -0.237039 -0.111917 0.0856397 -0.207873 -0.117654 0.0833375 
-0.208081 -0.126404 0.102515 -0.178708 -0.12339 0.0810353 -0.178916 -0.132141 0.100213 
-0.149543 -0.129127 0.0787332 -0.14975 -0.137878 0.097911 -0.120378 -0.134864 0.076431 
-0.0912127 -0.1406 0.0741289 -0.238556 0.0675453 0.00529994 -0.238348 0.0762961 -0.0138779 
-0.255218 0.0654165 -0.00743816 -0.209183 0.0705594 -0.0161801 -0.180018 0.0648227 -0.0184822 
-0.150853 0.0590861 -0.0207844 -0.121688 0.0533494 -0.0230865 -0.0925226 0.0476127 -0.0253887 
-0.0802267 0.0309964 -0.0212511 -0.301252 0.0602736 0.00130374 -0.318121 0.049394 0.00774349 
-0.272087 0.0545369 -0.000998411 -0.0679308 0.0143802 -0.0171135 -0.0387656 0.00864352 -0.0194156 
-0.00960047 0.00290684 -0.0217178 0.00269541 -0.0137094 -0.0175802 -0.305826 0.0327778 0.0118811 
-0.306033 0.024027 0.0310589 -0.29353 0.0161615 0.0160187 0.0149913 -0.0303257 -0.0134426 
0.0272872 -0.0469419 -0.00930501 -0.310399 0.00528196 0.0224584 -0.327268 -0.00559762 0.0288982 
0.0395831 -0.0635582 -0.00516742 0.0685408 -0.0780456 0.0117083 0.0687482 -0.0692948 -0.00746957 
0.0810441 -0.0859111 -0.00333198 -0.344138 -0.0164772 0.0353379 -0.361007 -0.0273568 0.0417777 
0.0764707 -0.113407 0.00724536 -0.348711 -0.043973 0.0459152 -0.348918 -0.0527238 0.0650931 
-0.319546 -0.0497097 0.0436131 -0.319753 -0.0584604 0.0627909 -0.30725 -0.0663259 0.0477507 
-0.0447634 -0.117956 0.0270313 -0.0278941 -0.107076 0.0205916 0.0012711 -0.112813 0.0182894 
0.0304363 -0.11855 0.0159873 0.0596014 -0.124286 0.0136851 -0.294954 -0.0829422 0.0518883 
-0.265789 -0.0886789 0.0495861 -0.265996 -0.0974296 0.068764 -0.253493 -0.105295 0.0537237 
-0.0910053 -0.13185 0.054951 -0.107667 -0.133979 0.042213 -0.0907978 -0.123099 0.0357732 
-0.0616326 -0.128836 0.0334711 -0.241197 -0.121911 0.0578613 -0.212032 -0.127648 0.0555592 
-0.182867 -0.133385 0.053257 -0.153702 -0.139121 0.0509549 -0.124536 -0.144858 0.0486527 
-0.27188 0.0632877 -0.0201763 -0.271672 0.0720384 -0.0393541 -0.288541 0.0611589 -0.0329143 
-0.242507 0.0663017 -0.0416562 -0.213342 0.0605651 -0.0439584 -0.184177 0.0548284 -0.0462606 
-0.155011 0.0490917 -0.0485627 -0.125846 0.043355 -0.0508649 -0.0966811 0.0376184 -0.053167 
-0.0677234 0.0231309 -0.0362913 -0.0675159 0.0318817 -0.0554692 -0.0552201 0.0152654 -0.0513316 
-0.305411 0.0502793 -0.0264746 -0.32228 0.0393997 -0.0200349 -0.0429242 -0.00135081 -0.047194 
-0.013759 -0.00708749 -0.0494961 0.0151987 -0.0215749 -0.0326204 0.0154062 -0.0128242 -0.0517983 
0.0277021 -0.0294404 -0.0476607 -0.309984 0.0227835 -0.0158973 -0.297688 0.0061672 -0.0117597 
0.0397905 -0.0548074 -0.0243453 0.0399979 -0.0460567 -0.0435231 0.0689557 -0.0605441 -0.0266474 
0.0691631 -0.0517933 -0.0458253 0.081459 -0.0684096 -0.0416877 -0.314557 -0.00471237 -0.00531993 
-0.331427 -0.0155919 0.00111982 0.0935474 -0.0937766 -0.0183722 0.0937549 -0.0850258 -0.0375501 
0.106051 -0.101642 -0.0334125 -0.348296 -0.0264715 0.00755956 -0.365165 -0.0373511 0.0139993 
0.0306437 -0.109799 -0.00319058 0.0139819 -0.111928 -0.0159287 0.0308511 -0.101048 -0.0223684 
0.0600163 -0.106785 -0.0246706 0.0598089 -0.115536 -0.00549273 0.0891815 -0.112522 -0.0269727 
-0.352869 -0.0539673 0.0181369 -0.323704 -0.059704 0.0158347 -0.294539 -0.0654407 0.0135326 
-0.294747 -0.0741914 0.0327104 -0.282243 -0.0820569 0.0176702 -0.0489219 -0.12795 -0.000747035 
-0.0320526 -0.117071 -0.00718678 -0.00288743 -0.122807 -0.00948893 -0.269947 -0.0986732 0.0218078 
-0.257651 -0.115289 0.0259454 -0.211824 -0.118897 0.0363813 -0.228486 -0.121026 0.0236432 
-0.211617 -0.110147 0.0172035 -0.199321 -0.126763 0.0213411 -0.111826 -0.143973 0.0144346 
-0.0949563 -0.133093 0.00799486 -0.0657912 -0.13883 0.00569271 -0.245356 -0.131906 0.030083 
-0.187025 -0.143379 0.0254787 -0.15786 -0.149116 0.0231765 -0.128695 -0.154852 0.0208744 
-0.183969 0.0635791 -0.0654384 -0.183762 0.0723299 -0.0846162 -0.200631 0.0614503 -0.0781765 
-0.154804 0.0578425 -0.0677405 -0.154597 0.0665932 -0.0869184 -0.142301 0.049977 -0.0827808 
-0.275831 0.0620441 -0.0671324 -0.2927 0.0511645 -0.0606927 -0.246665 0.0563074 -0.0694346 
-0.2175 0.0505707 -0.0717367 -0.130005 0.0333607 -0.0786432 -0.10084 0.027624 -0.0809454 
-0.0716745 0.0218874 -0.0832475 -0.0593786 0.00527111 -0.0791099 -0.309569 0.040285 -0.0542529 
-0.326439 0.0294054 -0.0478132 -0.0470827 -0.0113451 -0.0749723 -0.0179175 -0.0170818 -0.0772745 
0.0112476 -0.0228185 -0.0795766 0.0402054 -0.0373059 -0.0627009 0.0404128 -0.0285552 -0.0818788 
0.0527087 -0.0451714 -0.0777412 -0.31435 0.00403838 -0.0244978 -0.331012 0.00190955 -0.0372359 
0.0650046 -0.0617877 -0.0736036 0.0939623 -0.0762751 -0.0567279 0.0941697 -0.0675243 -0.0759057 
0.106466 -0.0841406 -0.0717682 -0.348089 -0.0177208 -0.0116183 -0.347881 -0.00897002 -0.0307961 
-0.36475 -0.0198496 -0.0243564 0.101892 -0.111636 -0.0611908 -0.352662 -0.0452166 -0.00104094 
-0.352455 -0.0364658 -0.0202188 -0.340159 -0.0530821 -0.0160812 -0.0318452 -0.10832 -0.0263646 
-0.048507 -0.110449 -0.0391027 -0.0316377 -0.0995693 -0.0455425 -0.00247256 -0.105306 -0.0478446 
-0.00268 -0.114057 -0.0286668 0.0266926 -0.111043 -0.0501468 0.0558578 -0.116779 -0.0524489 
0.0850229 -0.122516 -0.0547511 -0.327863 -0.0696983 -0.0119436 -0.298698 -0.075435 -0.0142457 
-0.286402 -0.0920513 -0.0101082 -0.0655837 -0.130079 -0.0134851 -0.0822456 -0.132208 -0.0262232 
-0.0653763 -0.121328 -0.032663 -0.274106 -0.108668 -0.00597056 -0.244941 -0.114404 -0.00827272 
-0.245148 -0.123155 0.0109051 -0.215776 -0.120141 -0.0105749 -0.18661 -0.125878 -0.012877 
-0.186818 -0.134628 0.00630082 -0.157445 -0.131614 -0.0151792 -0.157653 -0.140365 0.00399867 
-0.12828 -0.137351 -0.0174813 -0.128487 -0.146102 0.00169651 -0.0991149 -0.143088 -0.0197835 
-0.18792 0.0623356 -0.112395 -0.20479 0.051456 -0.105955 -0.158755 0.0565989 -0.114697 
-0.146459 0.0399826 -0.110559 -0.279989 0.0520498 -0.0949108 -0.296858 0.0411702 -0.088471 
-0.250824 0.0463131 -0.0972129 -0.221659 0.0405764 -0.0995151 -0.134163 0.0233664 -0.106422 
-0.104998 0.0176297 -0.108724 -0.075833 0.011893 -0.111026 -0.0635371 -0.00472322 -0.106888 
0.0406202 -0.0198044 -0.101057 0.0408277 -0.0110537 -0.120234 0.0239584 -0.0219332 -0.113795 
0.0531236 -0.0276699 -0.116097 -0.313935 0.0215399 -0.0628534 -0.301432 0.0136744 -0.0778937 
-0.0512412 -0.0213395 -0.102751 -0.0220761 -0.0270761 -0.105053 0.00708911 -0.0328128 -0.107355 
0.065212 -0.0530369 -0.0927814 0.0654195 -0.0442862 -0.111959 0.0777153 -0.0609024 -0.107822 
-0.318301 0.0027948 -0.071454 -0.33517 -0.00808478 -0.0650142 0.0900112 -0.0775187 -0.103684 
0.118969 -0.0920061 -0.0868084 0.119176 -0.0832554 -0.105986 0.131472 -0.0998716 -0.101849 
-0.35204 -0.0189644 -0.0585745 -0.368909 -0.0298439 -0.0521347 0.0977337 -0.121631 -0.0889692 
0.114603 -0.110751 -0.0954089 -0.356613 -0.0464602 -0.0479971 -0.327448 -0.0521969 -0.0502993 
-0.327655 -0.0609476 -0.0311214 -0.315152 -0.0688131 -0.0461617 -0.0526655 -0.120443 -0.0668811 
-0.0357963 -0.109564 -0.0733208 -0.00663109 -0.1153 -0.075623 0.0225341 -0.121037 -0.0779251 
0.0516992 -0.126774 -0.0802273 0.0808644 -0.13251 -0.0825294 -0.302856 -0.0854294 -0.0420241 
-0.273691 -0.091166 -0.0443262 -0.273898 -0.0999168 -0.0251484 -0.244526 -0.0969027 -0.0466284 
-0.244733 -0.105653 -0.0274506 -0.23223 -0.113519 -0.0424908 -0.128073 -0.1286 -0.0366592 
-0.144734 -0.130729 -0.0493973 -0.127865 -0.119849 -0.055837 -0.0987 -0.125586 -0.0581392 
-0.0989074 -0.134337 -0.0389613 -0.0695348 -0.131323 -0.0604413 -0.219934 -0.130135 -0.0383532 
-0.190769 -0.135872 -0.0406554 -0.161604 -0.141609 -0.0429575 -0.192079 0.0523412 -0.140173 
-0.208948 0.0414617 -0.133733 -0.162914 0.0466046 -0.142475 -0.150618 0.0299883 -0.138337 
-0.284148 0.0420554 -0.122689 -0.301017 0.0311759 -0.116249 -0.254983 0.0363188 -0.124991 
-0.225817 0.0305821 -0.127293 -0.138322 0.0133721 -0.1342 -0.109157 0.00763538 -0.136502 
-0.0799915 0.0018987 -0.138804 -0.0510338 -0.0125887 -0.121929 -0.0508264 -0.00383797 -0.141106 
-0.0385305 -0.0204542 -0.136969 0.00729654 -0.0240621 -0.126533 0.00750398 -0.0153113 -0.145711 
-0.00936531 -0.0261909 -0.139271 0.0366691 -0.021048 -0.148013 0.048965 -0.0376643 -0.143875 
-0.30559 0.00368004 -0.105672 -0.0262346 -0.0370705 -0.132831 0.0612609 -0.0542805 -0.139738 
0.0902186 -0.0687679 -0.122862 0.0904261 -0.0600172 -0.14204 0.102722 -0.0766334 -0.137902 
-0.322667 -0.0159503 -0.0800545 -0.310164 -0.0238158 -0.0950947 0.115018 -0.0932497 -0.133765 
0.127314 -0.109866 -0.129627 -0.356406 -0.0377094 -0.067175 -0.343902 -0.0455749 -0.0822152 
-0.327033 -0.0346954 -0.088655 0.0227415 -0.112286 -0.097103 0.00607966 -0.114415 -0.109841 
0.0229489 -0.103535 -0.116281 0.0521141 -0.109272 -0.118583 0.0519067 -0.118023 -0.0994051 
0.0812793 -0.115009 -0.120885 0.0810718 -0.12376 -0.101707 0.110444 -0.120746 -0.123187 
-0.331606 -0.0621912 -0.0780776 -0.302441 -0.0679279 -0.0803798 -0.302649 -0.0766786 -0.0612019 
-0.273276 -0.0736645 -0.0826819 -0.273484 -0.0824153 -0.0635041 -0.26098 -0.0902808 -0.0785443 
-0.0693274 -0.122572 -0.0796192 -0.0859892 -0.124701 -0.0923573 -0.06912 -0.113821 -0.098797 
-0.0399548 -0.119558 -0.101099 -0.0107896 -0.125295 -0.103401 -0.248684 -0.106897 -0.0744067 
-0.219519 -0.112634 -0.0767089 -0.219727 -0.121384 -0.0575311 -0.190354 -0.11837 -0.0790111 
-0.190561 -0.127121 -0.0598332 -0.161189 -0.124107 -0.0813132 -0.161396 -0.132858 -0.0621354 
-0.132024 -0.129844 -0.0836154 -0.102859 -0.13558 -0.0859175 -0.22561 0.0393328 -0.146471 
-0.225403 0.0480836 -0.165649 -0.242272 0.037204 -0.159209 -0.196237 0.0423469 -0.167951 
-0.167072 0.0366102 -0.170253 -0.154776 0.019994 -0.166116 -0.288306 0.0320611 -0.150467 
-0.305176 0.0211815 -0.144028 -0.259141 0.0263244 -0.15277 -0.14248 0.00337773 -0.161978 
-0.113315 -0.00235895 -0.16428 -0.0841501 -0.00809562 -0.166583 -0.0549849 -0.0138323 -0.168885 
-0.0260272 -0.0283197 -0.152009 -0.0258197 -0.019569 -0.171187 0.00334545 -0.0253057 -0.173489 
0.0325106 -0.0310423 -0.175791 0.0614684 -0.0455298 -0.158915 0.0616758 -0.036779 -0.178093 
0.0906335 -0.0512664 -0.161218 0.090841 -0.0425157 -0.180395 0.103137 -0.0591319 -0.176258 
-0.309749 -0.00631429 -0.13345 0.115225 -0.0844989 -0.152942 0.115433 -0.0757482 -0.17212 
0.127729 -0.0923644 -0.167983 -0.314322 -0.0338101 -0.122873 0.123155 -0.11986 -0.157405 
-0.331192 -0.0446897 -0.116433 -0.348061 -0.0555693 -0.109994 -0.0105822 -0.116544 -0.122579 
-0.027244 -0.118673 -0.135317 -0.0103748 -0.107793 -0.141757 0.0187904 -0.11353 -0.144059 
0.0479556 -0.119266 -0.146361 0.0771208 -0.125003 -0.148663 0.106286 -0.13074 -0.150966 
-0.335765 -0.0721855 -0.105856 -0.3066 -0.0779222 -0.108158 -0.277435 -0.0836589 -0.11046 
-0.248269 -0.0893955 -0.112762 -0.248477 -0.0981463 -0.0935846 -0.235974 -0.106012 -0.108625 
-0.0901478 -0.134695 -0.120136 -0.0732785 -0.123816 -0.126575 -0.0441133 -0.129552 -0.128877 
-0.223678 -0.122628 -0.104487 -0.194513 -0.128365 -0.106789 -0.165347 -0.134101 -0.109092 
-0.136182 -0.139838 -0.111394 -0.107017 -0.145575 -0.113696 -0.229561 0.0380893 -0.193427 
-0.24643 0.0272097 -0.186988 -0.200396 0.0323526 -0.19573 -0.171231 0.0266159 -0.198032 
-0.158935 0.00999965 -0.193894 -0.292465 0.0220668 -0.178246 -0.309334 0.0111872 -0.171806 
-0.2633 0.0163301 -0.180548 -0.146639 -0.0066166 -0.189757 -0.117474 -0.0123533 -0.192059 
-0.0883086 -0.01809 -0.194361 -0.0591434 -0.0238266 -0.196663 -0.0299782 -0.0295633 -0.198965 
-0.000813079 -0.0353 -0.201267 0.0283521 -0.0410367 -0.20357 0.0575173 -0.0467733 -0.205872 
0.0866824 -0.05251 -0.208174 0.11564 -0.0669974 -0.191298 0.115848 -0.0582467 -0.210476 
0.128143 -0.0748629 -0.206338 -0.313907 -0.0163086 -0.161229 0.140232 -0.10023 -0.183023 
0.140439 -0.0914792 -0.202201 0.152735 -0.108095 -0.198063 -0.318481 -0.0438044 -0.150651 
0.0189979 -0.104779 -0.163237 0.002336 -0.106908 -0.175975 0.0192053 -0.0960283 -0.182415 
0.0483705 -0.101765 -0.184717 0.048163 -0.110516 -0.165539 0.0775356 -0.107502 -0.187019 
0.0773282 -0.116252 -0.167841 0.106701 -0.113238 -0.189321 0.106493 -0.121989 -0.170143 
0.135866 -0.118975 -0.191623 -0.335558 -0.0634348 -0.125034 -0.323054 -0.0713003 -0.140074 
-0.0439059 -0.120802 -0.148055 -0.0605677 -0.12293 -0.160793 -0.0436984 -0.112051 -0.167233 
-0.0145333 -0.117787 -0.169535 -0.310758 -0.0879165 -0.135936 -0.281593 -0.0936532 -0.138239 
-0.252428 -0.0993899 -0.140541 -0.223263 -0.105127 -0.142843 -0.22347 -0.113877 -0.123665 
-0.194098 -0.110863 -0.145145 -0.194305 -0.119614 -0.125967 -0.181802 -0.127479 -0.141007 
-0.135975 -0.131087 -0.130572 -0.152637 -0.133216 -0.14331 -0.135767 -0.122337 -0.149749 
-0.106602 -0.128073 -0.152052 -0.10681 -0.136824 -0.132874 -0.077437 -0.13381 -0.154354 
-0.169506 -0.144096 -0.13687 -0.233927 0.0193442 -0.202028 -0.221424 0.0114787 -0.217068 
-0.204554 0.0223582 -0.223508 -0.175389 0.0166216 -0.22581 -0.163093 5.32021e-06 -0.221673 
-0.058936 -0.0150759 -0.215841 -0.0587285 -0.00632514 -0.235019 -0.0755978 -0.0172047 -0.228579 
-0.0297708 -0.0208126 -0.218143 -0.0295634 -0.0120618 -0.237321 -0.000605644 -0.0265492 -0.220445 
-0.000398208 -0.0177985 -0.239623 0.0285595 -0.0322859 -0.222747 0.028767 -0.0235352 -0.241925 
0.0577247 -0.0380226 -0.225049 0.0579321 -0.0292718 -0.244227 0.0868899 -0.0437593 -0.227352 
0.0870973 -0.0350085 -0.246529 0.0993932 -0.0516248 -0.242392 -0.296831 0.0033217 -0.186846 
-0.284327 -0.0045438 -0.201887 -0.267458 0.00633578 -0.208326 -0.238293 0.000599099 -0.210628 
-0.150797 -0.0166109 -0.217535 -0.121632 -0.0223476 -0.219837 -0.0924671 -0.0280843 -0.222139 
0.111689 -0.068241 -0.238254 0.140647 -0.0827284 -0.221379 0.140854 -0.0739777 -0.240556 
0.15315 -0.0905939 -0.236419 -0.301197 -0.0154234 -0.195447 -0.318066 -0.0263029 -0.189007 
0.148577 -0.11809 -0.225842 -0.322639 -0.0537988 -0.17843 -0.0143258 -0.109037 -0.188713 
-0.0309877 -0.111166 -0.201451 -0.0141184 -0.100286 -0.207891 0.0150468 -0.106023 -0.210193 
0.0442119 -0.111759 -0.212495 0.0733771 -0.117496 -0.214797 0.102542 -0.123233 -0.2171 
0.131707 -0.128969 -0.219402 -0.327213 -0.0812946 -0.167852 -0.0647263 -0.132925 -0.188572 
-0.047857 -0.122045 -0.195012 -0.314917 -0.0979108 -0.163715 -0.285752 -0.103648 -0.166017 
-0.256587 -0.109384 -0.168319 -0.227421 -0.115121 -0.170621 -0.198256 -0.120858 -0.172923 
-0.169091 -0.126594 -0.175226 -0.169298 -0.135345 -0.156048 -0.139926 -0.132331 -0.177528 
-0.110761 -0.138068 -0.17983 -0.0815955 -0.143804 -0.182132 -0.208713 0.0123639 -0.251286 
-0.225582 0.00148434 -0.244847 -0.179548 0.00662724 -0.253588 -0.15059 -0.00786018 -0.236713 
-0.150383 0.000890565 -0.255891 -0.121425 -0.0135969 -0.239015 -0.121217 -0.00484611 -0.258193 
-0.0922597 -0.0193335 -0.241317 -0.0920522 -0.0105828 -0.260495 -0.0628871 -0.0163195 -0.262797 
-0.0337219 -0.0220561 -0.265099 -0.00455674 -0.0277928 -0.267401 0.0246084 -0.0335295 -0.269704 
0.0537736 -0.0392662 -0.272006 0.0829388 -0.0450028 -0.274308 0.111896 -0.0594903 -0.257432 
0.112104 -0.0507395 -0.27661 0.141062 -0.0652269 -0.259734 0.141269 -0.0564762 -0.278912 
0.153565 -0.0730924 -0.274775 -0.271617 -0.00365855 -0.236105 -0.288486 -0.0145381 -0.229665 
-0.242451 -0.00939523 -0.238407 0.148992 -0.100588 -0.264197 -0.305563 -0.0341684 -0.204047 
-0.293059 -0.042034 -0.219088 0.0444194 -0.103009 -0.231673 0.0277575 -0.105137 -0.244411 
0.0446268 -0.0942578 -0.250851 0.073792 -0.0999945 -0.253153 0.0735845 -0.108745 -0.233975 
0.102957 -0.105731 -0.255455 0.10275 -0.114482 -0.236277 0.132122 -0.111468 -0.257757 
0.131915 -0.120219 -0.23858 -0.309929 -0.0529135 -0.212648 -0.326798 -0.0637931 -0.206208 
-0.0351462 -0.12116 -0.22923 -0.0182769 -0.11028 -0.235669 0.0108882 -0.116017 -0.237972 
-0.314502 -0.0804093 -0.20207 -0.314709 -0.0891601 -0.182893 -0.285337 -0.086146 -0.204373 
-0.285544 -0.0948968 -0.185195 -0.273041 -0.102762 -0.200235 -0.0688848 -0.142919 -0.21635 
-0.0520155 -0.132039 -0.22279 -0.260745 -0.119379 -0.196097 -0.23158 -0.125115 -0.1984 
-0.202415 -0.130852 -0.200702 -0.17325 -0.136589 -0.203004 -0.144084 -0.142325 -0.205306 
-0.114919 -0.148062 -0.207608 -0.0857541 -0.153799 -0.20991 -0.0626796 -0.00756872 -0.281975 
-0.0624722 0.00118203 -0.301153 -0.0793415 -0.00969754 -0.294713 -0.0335145 -0.0133054 -0.284277 
-0.033307 -0.00455465 -0.303455 -0.0210112 -0.0211709 -0.299317 0.112311 -0.0419888 -0.295788 
0.112519 -0.033238 -0.314966 0.0956495 -0.0441176 -0.308526 0.141477 -0.0477255 -0.29809 
0.141684 -0.0389747 -0.317268 0.15398 -0.055591 -0.31313 -0.212871 0.00236959 -0.279065 
-0.229741 -0.00850999 -0.272625 -0.183706 -0.00336709 -0.281367 -0.154541 -0.00910376 -0.283669 
-0.125376 -0.0148404 -0.285971 -0.0962108 -0.0205771 -0.288273 -0.00871527 -0.0377871 -0.29518 
0.0204499 -0.0435238 -0.297482 0.0496151 -0.0492605 -0.299784 0.0787802 -0.0549972 -0.302086 
0.166068 -0.0809579 -0.289815 0.166276 -0.0722072 -0.308993 0.178572 -0.0888235 -0.304855 
-0.275775 -0.0136529 -0.263883 -0.292644 -0.0245325 -0.257443 -0.24661 -0.0193896 -0.266185 
0.161495 -0.108454 -0.279237 0.173998 -0.116319 -0.294278 -0.297218 -0.0520283 -0.246866 
0.0110957 -0.107266 -0.257149 -0.00556618 -0.109395 -0.269887 0.0113031 -0.0985155 -0.276327 
0.0404683 -0.104252 -0.278629 0.0696334 -0.109989 -0.280932 0.0987986 -0.115726 -0.283234 
0.127964 -0.121462 -0.285536 0.157129 -0.127199 -0.287838 -0.314087 -0.0629079 -0.240426 
-0.330956 -0.0737874 -0.233986 -0.0393048 -0.131154 -0.257008 -0.0224355 -0.120275 -0.263448 
-0.318661 -0.0904037 -0.229849 -0.289495 -0.0961404 -0.232151 -0.26033 -0.101877 -0.234453 
-0.260538 -0.110628 -0.215275 -0.231165 -0.107614 -0.236755 -0.231372 -0.116364 -0.217577 
-0.218869 -0.12423 -0.232618 -0.0855466 -0.145048 -0.229088 -0.102208 -0.147177 -0.241826 
-0.0853392 -0.136297 -0.248266 -0.056174 -0.142034 -0.250568 -0.206573 -0.140846 -0.22848 
-0.177408 -0.146583 -0.230782 -0.148243 -0.15232 -0.233084 -0.119078 -0.158056 -0.235387 
-0.0622648 0.00993278 -0.320331 -0.0620573 0.0186835 -0.339508 -0.0789266 0.00780395 -0.333069 
-0.0497615 0.00206728 -0.335371 -0.183499 0.00538366 -0.300545 -0.183291 0.0141344 -0.319722 
-0.200161 0.00325483 -0.313283 -0.154334 -0.000353016 -0.302847 -0.154126 0.00839773 -0.322025 
-0.125169 -0.00608969 -0.305149 -0.124961 0.00266105 -0.324327 -0.0960033 -0.0118264 -0.307451 
-0.0957959 -0.00307562 -0.326629 -0.0374656 -0.014549 -0.331233 -0.00850783 -0.0290364 -0.314358 
-0.0083004 -0.0202857 -0.333535 0.0206573 -0.0347731 -0.31666 0.0208648 -0.0260223 -0.335838 
0.0498225 -0.0405098 -0.318962 0.0500299 -0.031759 -0.33814 0.0789877 -0.0462464 -0.321264 
0.0791951 -0.0374957 -0.340442 0.10836 -0.0432324 -0.342744 0.137525 -0.048969 -0.345046 
0.166483 -0.0634565 -0.32817 0.166691 -0.0547057 -0.347348 0.178987 -0.071322 -0.343211 
-0.21703 -0.00762474 -0.306843 -0.233899 -0.0185043 -0.300403 0.191075 -0.096689 -0.319895 
0.191282 -0.0879382 -0.339073 0.203578 -0.104554 -0.334936 -0.280141 -0.032398 -0.272483 
-0.267638 -0.0402635 -0.287524 -0.250769 -0.0293839 -0.293963 0.0698409 -0.101238 -0.300109 
0.053179 -0.103367 -0.312847 0.0700483 -0.0924873 -0.319287 0.0992135 -0.098224 -0.321589 
0.099006 -0.106975 -0.302411 0.128379 -0.103961 -0.323891 0.128171 -0.112711 -0.304714 
0.157544 -0.109697 -0.326194 0.157336 -0.118448 -0.307016 0.186709 -0.115434 -0.328496 
-0.284507 -0.051143 -0.281084 -0.301376 -0.0620226 -0.274644 -0.00972471 -0.119389 -0.297666 
0.00714457 -0.10851 -0.304106 0.0363097 -0.114246 -0.306408 -0.318453 -0.0816529 -0.249027 
-0.30595 -0.0895184 -0.264067 -0.0559666 -0.133283 -0.269746 -0.0726285 -0.135412 -0.282484 
-0.0557592 -0.124532 -0.288924 -0.026594 -0.130269 -0.291226 -0.293654 -0.106135 -0.259929 
-0.264489 -0.111871 -0.262231 -0.235324 -0.117608 -0.264534 -0.206158 -0.123345 -0.266836 
-0.206366 -0.132095 -0.247658 -0.176993 -0.129081 -0.269138 -0.177201 -0.137832 -0.24996 
-0.147828 -0.134818 -0.27144 -0.148036 -0.143569 -0.252262 -0.118663 -0.140555 -0.273742 
-0.11887 -0.149305 -0.254564 -0.0894977 -0.146291 -0.276044 -0.153919 0.0171485 -0.341202 
-0.153711 0.0258992 -0.36038 -0.170581 0.0150197 -0.353941 -0.124754 0.0114118 -0.343505 
-0.124546 0.0201626 -0.362682 -0.0955885 0.00567513 -0.345807 -0.095381 0.0144259 -0.364985 
-0.0662159 0.0086892 -0.367287 -0.0372581 -0.00579823 -0.350411 -0.0370507 0.00295252 -0.369589 
-0.00809296 -0.0115349 -0.352713 -0.00788553 -0.00278416 -0.371891 0.0210722 -0.0172716 -0.355015 
0.0212796 -0.00852083 -0.374193 0.0502374 -0.0230083 -0.357318 0.0504448 -0.0142575 -0.376495 
0.0794025 -0.0287449 -0.35962 0.07961 -0.0199942 -0.378798 0.108568 -0.0344816 -0.361922 
0.108775 -0.0257309 -0.3811 0.137733 -0.0402183 -0.364224 0.13794 -0.0314675 -0.383402 
0.166898 -0.045955 -0.366526 0.167105 -0.0372042 -0.385704 0.179401 -0.0538205 -0.381566 
-0.18745 0.00414008 -0.347501 -0.204319 -0.0067395 -0.341061 0.19149 -0.0791875 -0.358251 
0.191697 -0.0704367 -0.377429 0.203993 -0.087053 -0.373291 -0.221189 -0.0176191 -0.334621 
-0.238058 -0.0284986 -0.328182 0.19942 -0.114549 -0.362714 -0.254927 -0.0393782 -0.321742 
-0.271796 -0.0502578 -0.315302 0.0365172 -0.105496 -0.325586 0.0198553 -0.107625 -0.338324 
0.0367246 -0.096745 -0.344763 0.0658898 -0.102482 -0.347066 0.0950549 -0.108218 -0.349368 
0.12422 -0.113955 -0.35167 0.153385 -0.119692 -0.353972 0.18255 -0.125428 -0.356274 
-0.288666 -0.0611374 -0.308862 -0.305535 -0.0720169 -0.302423 -0.0138832 -0.129384 -0.325444 
0.00298604 -0.118504 -0.331884 -0.293239 -0.0886332 -0.298285 -0.293446 -0.0973839 -0.279107 
-0.280943 -0.105249 -0.294147 -0.235116 -0.108857 -0.283711 -0.251778 -0.110986 -0.29645 
-0.234909 -0.100107 -0.302889 -0.205744 -0.105843 -0.305191 -0.205951 -0.114594 -0.286014 
-0.176578 -0.11158 -0.307494 -0.176786 -0.120331 -0.288316 -0.147413 -0.117317 -0.309796 
-0.147621 -0.126067 -0.290618 -0.118248 -0.123053 -0.312098 -0.118455 -0.131804 -0.29292 
-0.0890829 -0.12879 -0.3144 -0.0892903 -0.137541 -0.295222 -0.0599177 -0.134527 -0.316702 
-0.0307525 -0.140263 -0.319004 -0.268647 -0.121866 -0.29001 -0.124339 0.0289133 -0.38186 
-0.124131 0.037664 -0.401038 -0.141001 0.0267845 -0.394598 -0.111835 0.0210478 -0.396901 
-0.0660084 0.0174399 -0.386465 -0.065801 0.0261907 -0.405642 -0.0826703 0.0153111 -0.399203 
-0.0368433 0.0117033 -0.388767 -0.0366358 0.020454 -0.407945 -0.00767809 0.00596659 -0.391069 
-0.00747065 0.0147173 -0.410247 0.0214871 0.000229916 -0.393371 0.0216945 0.00898066 -0.412549 
0.0506522 -0.00550676 -0.395673 0.0508597 0.00324399 -0.414851 0.0798174 -0.0112434 -0.397975 
0.0800249 -0.00249269 -0.417153 0.108983 -0.0169801 -0.400278 0.10919 -0.00822937 -0.419455 
0.138148 -0.0227168 -0.40258 0.138355 -0.013966 -0.421758 0.167313 -0.0284535 -0.404882 
0.16752 -0.0197027 -0.42406 0.179816 -0.036319 -0.419922 -0.15787 0.0159049 -0.388159 
-0.174739 0.00502532 -0.381719 -0.0995396 0.00443154 -0.392763 0.191905 -0.061686 -0.396607 
0.192112 -0.0529352 -0.415784 0.204408 -0.0695515 -0.411647 -0.191608 -0.00585425 -0.375279 
-0.208478 -0.0167338 -0.368839 0.199835 -0.0970473 -0.40107 -0.225347 -0.0276134 -0.3624 
-0.242216 -0.038493 -0.35596 0.0660972 -0.0937309 -0.366243 0.0494354 -0.0958597 -0.378981 
0.0663047 -0.0849802 -0.385421 0.0954698 -0.0907168 -0.387723 0.0952624 -0.0994676 -0.368546 
0.124635 -0.0964535 -0.390025 0.124428 -0.105204 -0.370848 0.136931 -0.11307 -0.385888 
0.182758 -0.116678 -0.375452 0.166096 -0.118806 -0.38819 0.182965 -0.107927 -0.39463 
-0.259086 -0.0493725 -0.34952 -0.275955 -0.0602521 -0.34308 0.00319348 -0.109753 -0.351062 
-0.0134684 -0.111882 -0.3638 0.00340091 -0.101003 -0.37024 0.0325661 -0.106739 -0.372542 
0.149227 -0.129686 -0.38175 -0.292824 -0.0711317 -0.336641 -0.309693 -0.0820113 -0.330201 
-0.0305451 -0.131513 -0.338182 -0.0472069 -0.133641 -0.35092 -0.0303377 -0.122762 -0.35736 
-0.297398 -0.0986275 -0.326063 -0.268232 -0.104364 -0.328366 -0.26844 -0.113115 -0.309188 
-0.239067 -0.110101 -0.330668 -0.209902 -0.115838 -0.33297 -0.180737 -0.121574 -0.335272 
-0.151572 -0.127311 -0.337574 -0.122407 -0.133048 -0.339876 -0.0932414 -0.138784 -0.342178 
-0.0640762 -0.144521 -0.344481 -0.00268982 0.0509639 -0.440002 -0.00248238 0.0597147 -0.45918 
-0.0193517 0.0488351 -0.45274 0.0264754 0.0452272 -0.442304 0.0266828 0.053978 -0.461482 
0.0389787 0.0373617 -0.457344 -0.0364284 0.0292048 -0.427122 -0.036221 0.0379555 -0.4463 
-0.0530902 0.0270759 -0.439861 -0.00726322 0.0234681 -0.429425 0.021902 0.0177314 -0.431727 
0.0512746 0.0207455 -0.453207 0.0510671 0.0119947 -0.434029 0.0802323 0.00625806 -0.436331 
0.0804397 0.0150088 -0.455509 0.109397 0.000521382 -0.438633 0.109605 0.00927213 -0.457811 
0.138563 -0.00521529 -0.440935 0.13877 0.00353545 -0.460113 0.167728 -0.010952 -0.443238 
0.167935 -0.00220122 -0.462415 0.180231 -0.0188175 -0.458278 -0.12829 0.0276697 -0.428816 
-0.145159 0.0167901 -0.422377 -0.0993321 0.0131823 -0.411941 -0.0991247 0.021933 -0.431119 
-0.0699595 0.0161964 -0.433421 0.19232 -0.0441845 -0.434962 0.192527 -0.0354337 -0.45414 
0.204823 -0.05205 -0.450003 -0.162028 0.00591057 -0.415937 -0.178898 -0.00496901 -0.409497 
0.216911 -0.077417 -0.426687 0.217119 -0.0686662 -0.445865 0.229415 -0.0852825 -0.441727 
-0.195767 -0.0158486 -0.403058 -0.212636 -0.0267282 -0.396618 0.212338 -0.104913 -0.41611 
0.224841 -0.112778 -0.43115 -0.229506 -0.0376077 -0.390178 -0.246375 -0.0484873 -0.383738 
0.0327735 -0.0979886 -0.39172 0.0161117 -0.100117 -0.404458 0.032981 -0.0892378 -0.410897 
0.0621461 -0.0949745 -0.4132 0.0913113 -0.100711 -0.415502 0.120476 -0.106448 -0.417804 
0.149642 -0.112185 -0.420106 0.149434 -0.120935 -0.400928 0.178807 -0.117921 -0.422408 
0.207972 -0.123658 -0.42471 -0.263244 -0.0593669 -0.377299 -0.280113 -0.0702465 -0.370859 
-0.0176269 -0.121877 -0.391578 -0.000757618 -0.110997 -0.398018 -0.29719 -0.0898768 -0.345241 
-0.284687 -0.0977423 -0.360281 -0.0638688 -0.13577 -0.363658 -0.0805306 -0.137899 -0.376397 
-0.0636614 -0.127019 -0.382836 -0.0344962 -0.132756 -0.385138 -0.272391 -0.114359 -0.356144 
-0.243226 -0.120095 -0.358446 -0.214061 -0.125832 -0.360748 -0.184895 -0.131569 -0.36305 
-0.15573 -0.137305 -0.365352 -0.126565 -0.143042 -0.367655 -0.0973999 -0.148779 -0.369957 
0.089794 0.0787512 -0.495841 0.0900014 0.087502 -0.515019 0.0731321 0.0766224 -0.508579 
0.102297 0.0708857 -0.510882 0.0268902 0.0627287 -0.48066 0.0270977 0.0714795 -0.499838 
0.0102284 0.0605999 -0.493398 0.0560554 0.0569921 -0.482962 0.0562628 0.0657428 -0.50214 
0.0852206 0.0512554 -0.485264 0.0977239 0.0433899 -0.500304 -0.0360135 0.0467063 -0.465478 
-0.0358061 0.055457 -0.484656 -0.0526754 0.0445774 -0.478216 -0.00664091 0.0497203 -0.486958 
0.051482 0.0294962 -0.472385 0.0806472 0.0237596 -0.474687 0.11002 0.0267736 -0.496167 
0.109812 0.0180229 -0.476989 0.138977 0.0122862 -0.479291 0.139185 0.0210369 -0.498469 
0.168143 0.00654952 -0.481593 0.16835 0.0153003 -0.500771 0.180646 -0.00131598 -0.496633 
-0.0989173 0.0306838 -0.450296 -0.0987098 0.0394345 -0.469474 -0.115579 0.028555 -0.463035 
-0.0697521 0.0249471 -0.452599 -0.0695447 0.0336979 -0.471776 0.192734 -0.026683 -0.473318 
0.192942 -0.0179322 -0.492496 0.2219 -0.0324197 -0.47562 0.222107 -0.0236689 -0.494798 
0.234403 -0.0402852 -0.49066 -0.132448 0.0176754 -0.456595 -0.149318 0.00679581 -0.450155 
0.217326 -0.0599155 -0.465043 0.22983 -0.067781 -0.480083 -0.166187 -0.00408376 -0.443715 
-0.183056 -0.0149633 -0.437276 0.225256 -0.0952768 -0.469506 -0.200133 -0.0345937 -0.411658 
-0.18763 -0.0424592 -0.426698 0.0623536 -0.0862237 -0.432377 0.0456917 -0.0883526 -0.445115 
0.062561 -0.077473 -0.451555 0.0917262 -0.0832097 -0.453857 0.0915187 -0.0919604 -0.43468 
0.120891 -0.0889463 -0.45616 0.120684 -0.0976971 -0.436982 0.150056 -0.094683 -0.458462 
0.149849 -0.103434 -0.439284 0.162352 -0.111299 -0.454324 0.208179 -0.114907 -0.443888 
0.191518 -0.117036 -0.456626 0.208387 -0.106156 -0.463066 -0.233872 -0.0563528 -0.398779 
-0.221368 -0.0642183 -0.413819 -0.204499 -0.0533387 -0.420259 -0.000550182 -0.102246 -0.417196 
-0.017212 -0.104375 -0.429934 -0.000342747 -0.0934955 -0.436374 0.0288224 -0.0992321 -0.438676 
0.174648 -0.127916 -0.450186 -0.267403 -0.0693612 -0.405077 -0.284272 -0.0802408 -0.398637 
-0.238238 -0.0750979 -0.407379 -0.0342888 -0.124005 -0.404316 -0.0509506 -0.126134 -0.417054 
-0.0340813 -0.115255 -0.423494 -0.271976 -0.096857 -0.3945 -0.272184 -0.105608 -0.375322 
-0.25968 -0.113473 -0.390362 -0.213853 -0.117081 -0.379926 -0.230515 -0.11921 -0.392664 
-0.213646 -0.10833 -0.399104 -0.184481 -0.114067 -0.401406 -0.184688 -0.122818 -0.382228 
-0.155315 -0.119804 -0.403708 -0.155523 -0.128554 -0.38453 -0.12615 -0.12554 -0.40601 
-0.126358 -0.134291 -0.386832 -0.0969851 -0.131277 -0.408312 -0.0971925 -0.140028 -0.389135 
-0.0678199 -0.137014 -0.410615 -0.247384 -0.13009 -0.386224 0.148539 0.0847793 -0.538801 
0.148747 0.0935301 -0.557979 0.131877 0.0826505 -0.551539 0.177704 0.0790427 -0.541104 
0.177912 0.0877934 -0.560281 0.190208 0.0711772 -0.556144 0.0273051 0.0802302 -0.519015 
0.0275125 0.088981 -0.538193 0.0106432 0.0781014 -0.531754 0.0564703 0.0744935 -0.521318 
0.0566777 0.0832443 -0.540495 0.0858429 0.0775076 -0.542798 0.114801 0.0630202 -0.525922 
0.115008 0.0717709 -0.5451 0.143966 0.0572835 -0.528224 0.173131 0.0515468 -0.530526 
0.202504 0.0545609 -0.552006 0.202296 0.0458102 -0.532828 0.231461 0.0400735 -0.535131 
0.231669 0.0488242 -0.554308 0.260626 0.0343368 -0.537433 0.260834 0.0430876 -0.556611 
0.289792 0.0286001 -0.539735 0.289999 0.0373509 -0.558913 0.302295 0.0207346 -0.554775 
-0.0355986 0.0642078 -0.503834 -0.0353912 0.0729585 -0.523012 -0.0522605 0.0620789 -0.516572 
-0.00643348 0.0584711 -0.506136 -0.00622604 0.0672218 -0.525314 0.110227 0.0355244 -0.515345 
0.139392 0.0297877 -0.517647 0.168558 0.024051 -0.519949 0.197723 0.0183143 -0.522251 
0.226888 0.0125777 -0.524553 0.256053 0.00684099 -0.526855 0.268556 -0.00102451 -0.541896 
0.285426 0.00985506 -0.548335 -0.0693372 0.0424486 -0.490954 -0.0691298 0.0511994 -0.510132 
-0.0859991 0.0403198 -0.503692 0.193149 -0.00918148 -0.511674 0.222314 -0.0149182 -0.513976 
0.25148 -0.0206548 -0.516278 0.263983 -0.0285203 -0.531318 -0.102868 0.0294402 -0.497253 
-0.119738 0.0185606 -0.490813 0.246906 -0.0481507 -0.505701 0.25941 -0.0560162 -0.520741 
-0.136607 0.00768106 -0.484373 -0.153476 -0.00319852 -0.477933 0.242333 -0.0756465 -0.495123 
0.254836 -0.083512 -0.510164 -0.170345 -0.0140781 -0.471494 -0.187215 -0.0249577 -0.465054 
0.0919336 -0.0744589 -0.473035 0.0752717 -0.0765878 -0.485773 0.092141 -0.0657082 -0.492213 
0.121306 -0.0714449 -0.494515 0.121099 -0.0801956 -0.475337 0.150471 -0.0771815 -0.496817 
0.150264 -0.0859323 -0.47764 0.179637 -0.0829182 -0.49912 0.179429 -0.091669 -0.479942 
0.191932 -0.0995345 -0.494982 0.221098 -0.105271 -0.497284 0.237967 -0.0943916 -0.503724 
-0.191788 -0.0524535 -0.454477 0.0415332 -0.0983469 -0.472894 0.0584025 -0.0874673 -0.479334 
0.174856 -0.119165 -0.469364 0.204228 -0.116151 -0.490844 -0.208657 -0.0633331 -0.448037 
-0.225527 -0.0742126 -0.441597 -0.0213706 -0.114369 -0.457712 -0.00450128 -0.10349 -0.464152 
0.0246639 -0.109226 -0.466454 -0.271769 -0.0881063 -0.413677 -0.259265 -0.0959718 -0.428718 
-0.242396 -0.0850922 -0.435157 -0.155108 -0.111053 -0.422886 -0.17177 -0.113182 -0.435624 
-0.154901 -0.102302 -0.442064 -0.125735 -0.108039 -0.444366 -0.125943 -0.11679 -0.425188 
-0.0965702 -0.113776 -0.446668 -0.0967776 -0.122526 -0.42749 -0.067405 -0.119512 -0.44897 
-0.0676125 -0.128263 -0.429792 -0.0382398 -0.125249 -0.451272 -0.246969 -0.112588 -0.42458 
-0.247177 -0.121339 -0.405402 -0.217804 -0.118325 -0.426882 -0.188639 -0.124061 -0.429184 
0.02772 0.0977317 -0.557371 0.0279274 0.106482 -0.576549 0.0110581 0.0956029 -0.570109 
0.0568851 0.091995 -0.559673 0.0570926 0.100746 -0.578851 0.0693884 0.0841295 -0.574714 
0.144381 0.074785 -0.56658 0.173546 0.0690483 -0.568882 -0.0351838 0.0817093 -0.542189 
-0.0349763 0.09046 -0.561367 -0.0518456 0.0795804 -0.554928 -0.00601861 0.0759726 -0.544492 
-0.00581117 0.0847233 -0.56367 0.0816843 0.0675133 -0.570576 0.11085 0.0617766 -0.572878 
0.140015 0.0560399 -0.57518 0.16918 0.0503033 -0.577482 0.198345 0.0445666 -0.579785 
0.22751 0.0388299 -0.582087 0.256675 0.0330932 -0.584389 0.285841 0.0273566 -0.586691 
0.298136 0.0107403 -0.582553 -0.056419 0.0520846 -0.54435 0.28106 -0.00889002 -0.556936 
0.293563 -0.0167555 -0.571976 -0.0732883 0.041205 -0.537911 -0.0901576 0.0303255 -0.531471 
0.259824 -0.0385147 -0.559097 0.276694 -0.0276351 -0.565536 -0.107027 0.0194459 -0.525031 
-0.123896 0.0085663 -0.518591 0.242748 -0.058145 -0.533479 0.226086 -0.0602738 -0.546217 
0.242955 -0.0493942 -0.552657 -0.140765 -0.00231327 -0.512152 -0.157635 -0.0131928 -0.505712 
0.121514 -0.0626941 -0.513693 0.104852 -0.0648229 -0.526431 0.121721 -0.0539434 -0.532871 
0.150886 -0.05968 -0.535173 0.150679 -0.0684308 -0.515995 0.180051 -0.0654167 -0.537475 
0.179844 -0.0741675 -0.518297 0.209217 -0.0711534 -0.539777 0.209009 -0.0799041 -0.5206 
0.238174 -0.0856408 -0.522902 -0.174711 -0.0328232 -0.480094 -0.162208 -0.0406887 -0.495134 
0.0586099 -0.0787166 -0.498511 0.041948 -0.0808454 -0.511249 0.0588173 -0.0699658 -0.517689 
0.0879825 -0.0757025 -0.519991 0.204436 -0.1074 -0.510022 -0.179285 -0.060319 -0.469517 
-0.166782 -0.0681845 -0.484557 -0.00429384 -0.094739 -0.48333 -0.0209557 -0.0968679 -0.496068 
-0.00408641 -0.0859883 -0.502508 0.0250788 -0.091725 -0.50481 0.0248713 -0.100476 -0.485632 
-0.213023 -0.0820781 -0.456637 -0.20052 -0.0899436 -0.471678 -0.183651 -0.0790641 -0.478117 
-0.0671976 -0.110762 -0.468148 -0.0838594 -0.11289 -0.480886 -0.0669901 -0.102011 -0.487326 
-0.037825 -0.107747 -0.489628 -0.0380324 -0.116498 -0.47045 -0.246762 -0.103837 -0.443758 
-0.234259 -0.111703 -0.458798 -0.217389 -0.100823 -0.465238 -0.175928 -0.123176 -0.463402 
-0.159059 -0.112297 -0.469842 -0.129894 -0.118033 -0.472144 -0.100729 -0.12377 -0.474446 
-0.221963 -0.128319 -0.454661 -0.192798 -0.134056 -0.456963 0.0235614 0.0877374 -0.585149 
0.0527266 0.0820007 -0.587452 -0.0393423 0.0717149 -0.569968 -0.026839 0.0638494 -0.585008 
-0.0099697 0.074729 -0.591448 0.0191955 0.0689923 -0.59375 0.0483606 0.0632556 -0.596052 
0.0773184 0.0487682 -0.579176 0.0606565 0.0466394 -0.591915 0.106484 0.0430315 -0.581479 
0.135649 0.0372949 -0.583781 0.164814 0.0315582 -0.586083 0.193979 0.0258215 -0.588385 
0.223144 0.0200848 -0.590687 0.252309 0.0143482 -0.592989 0.281475 0.00861148 -0.595291 
-0.0437083 0.0529698 -0.578568 -0.0605776 0.0420903 -0.572129 0.0729524 0.0300231 -0.587777 
0.102118 0.0242865 -0.590079 0.131283 0.0185498 -0.592381 0.160448 0.0128131 -0.594683 
0.189613 0.00707643 -0.596986 0.218778 0.00133976 -0.599288 0.247943 -0.00439692 -0.60159 
0.276901 -0.0188843 -0.584714 0.260239 -0.0210132 -0.597452 -0.0774468 0.0312107 -0.565689 
-0.0943161 0.0203311 -0.559249 0.213997 -0.0349068 -0.569533 0.197336 -0.0370356 -0.582271 
0.214205 -0.0261561 -0.58871 0.24337 -0.0318927 -0.591013 0.243163 -0.0406435 -0.571835 
-0.111393 0.000700801 -0.533632 -0.0988895 -0.0071647 -0.548672 0.121929 -0.0451926 -0.552049 
0.105267 -0.0473214 -0.564787 0.122136 -0.0364419 -0.571227 0.151301 -0.0421785 -0.573529 
0.151094 -0.0509293 -0.554351 0.180466 -0.0479152 -0.575831 0.180259 -0.056666 -0.556653 
0.209424 -0.0624026 -0.558955 -0.145131 -0.0210583 -0.520752 -0.115966 -0.026795 -0.523054 
-0.103463 -0.0346605 -0.538094 0.0881899 -0.0669518 -0.539169 0.0715281 -0.0690806 -0.551907 
0.0883974 -0.058201 -0.558347 -0.149705 -0.0485542 -0.510175 -0.137202 -0.0564197 -0.525215 
-0.120332 -0.0455401 -0.531655 -0.0330441 -0.0715009 -0.519383 -0.049706 -0.0736297 -0.532121 
-0.0328367 -0.0627501 -0.538561 -0.00367153 -0.0684868 -0.540863 -0.00387897 -0.0772376 -0.521685 
0.0254936 -0.0742235 -0.543165 0.0252862 -0.0829742 -0.523988 0.0546588 -0.0799602 -0.545468 
-0.154071 -0.0672992 -0.518775 -0.17094 -0.0781788 -0.512335 -0.0667827 -0.09326 -0.506504 
-0.0834446 -0.0953889 -0.519242 -0.0665753 -0.0845093 -0.525682 -0.0376175 -0.0989967 -0.508806 
-0.217182 -0.0920725 -0.484416 -0.216975 -0.0833217 -0.503594 -0.233844 -0.0942013 -0.497154 
-0.187809 -0.0890584 -0.505896 -0.158852 -0.103546 -0.48902 -0.158644 -0.0947951 -0.508198 
-0.175513 -0.105675 -0.501758 -0.129479 -0.100532 -0.5105 -0.129686 -0.109282 -0.491322 
-0.100314 -0.106268 -0.512802 -0.100521 -0.115019 -0.493624 -0.221755 -0.119568 -0.473838 
-0.221548 -0.110818 -0.493016 -0.19259 -0.125305 -0.476141 -0.192383 -0.116554 -0.495318 
-0.0143357 0.0559839 -0.600048 0.0148295 0.0502472 -0.60235 0.0439947 0.0445106 -0.604653 
-0.0480742 0.0342248 -0.587169 -0.0189091 0.0284881 -0.589471 -0.00640575 0.0206226 -0.604511 
0.0104635 0.0315022 -0.610951 0.0394213 0.0170147 -0.594075 0.0227594 0.0148859 -0.606813 
0.0685864 0.0112781 -0.596377 0.0977516 0.00554139 -0.59868 0.126917 -0.000195291 -0.600982 
0.156082 -0.00593197 -0.603284 0.185247 -0.0116686 -0.605586 0.214412 -0.0174053 -0.607888 
0.243577 -0.023142 -0.61019 -0.0818128 0.0124656 -0.574289 -0.0526476 0.00672894 -0.576591 
-0.0401443 -0.00113656 -0.591632 -0.023275 0.00974301 -0.598072 0.0056827 -0.00474441 -0.581196 
-0.0109791 -0.00687324 -0.593934 0.00589014 0.00400634 -0.600374 0.0348479 -0.0104811 -0.583498 
0.0473512 -0.0183466 -0.598538 0.0642205 -0.00746702 -0.604978 0.0933856 -0.0132037 -0.60728 
0.122343 -0.0276911 -0.590404 0.105682 -0.0298199 -0.603142 0.151509 -0.0334278 -0.592707 
0.180674 -0.0391645 -0.595009 -0.0863862 -0.0150302 -0.563712 -0.0738829 -0.0228957 -0.578752 
-0.0570136 -0.0120161 -0.585192 0.0011093 -0.0322402 -0.570618 -0.0155525 -0.0343691 -0.583357 
0.0302745 -0.0379769 -0.572921 0.0427778 -0.0458424 -0.587961 0.0886048 -0.0494503 -0.577525 
0.071943 -0.0515791 -0.590263 0.0888122 -0.0406995 -0.596703 -0.0909596 -0.042526 -0.553135 
-0.0784563 -0.0503915 -0.568175 -0.0326293 -0.0539994 -0.557739 -0.0492911 -0.0561282 -0.570477 
-0.0324218 -0.0452486 -0.576917 -0.0034641 -0.0597361 -0.560041 0.0257011 -0.0654727 -0.562343 
0.0550737 -0.0624587 -0.583823 0.0548662 -0.0712094 -0.564645 -0.124698 -0.0642852 -0.540255 
-0.112195 -0.0721507 -0.555295 -0.0953256 -0.0612711 -0.561735 -0.0663678 -0.0757585 -0.544859 
-0.0830297 -0.0778874 -0.557598 -0.0661604 -0.0670078 -0.564037 -0.158229 -0.0772936 -0.546554 
-0.175099 -0.0881732 -0.540114 -0.129064 -0.0830303 -0.548856 -0.100106 -0.0975177 -0.53198 
-0.116768 -0.0996465 -0.544718 -0.099899 -0.0887669 -0.551158 -0.22134 -0.102067 -0.512194 
-0.192175 -0.107803 -0.514496 -0.162803 -0.104789 -0.535976 -0.133638 -0.110526 -0.538278 
0.00609757 0.0127571 -0.619551 -0.027641 -0.00900206 -0.606672 0.0598545 -0.0262121 -0.613578 
0.0890197 -0.0319488 -0.615881 -0.0613796 -0.0307612 -0.593792 -0.0322144 -0.0364979 -0.596095 
0.0552811 -0.0537079 -0.603001 -0.0657455 -0.0495063 -0.602393 -0.0826148 -0.0603859 -0.595953 
-0.0534496 -0.0661225 -0.598255 -0.0994841 -0.0712654 -0.589514 -0.116353 -0.082145 -0.583074 
-0.0871882 -0.0878817 -0.585376 -0.0703189 -0.0770021 -0.591816 -0.162388 -0.0872879 -0.574332 
-0.179257 -0.0981675 -0.567892 -0.13343 -0.101775 -0.557456 -0.150092 -0.103904 -0.570194 
-0.104057 -0.0987613 -0.578936 -0.166961 -0.114784 -0.563755 -0.0701115 -0.0682514 -0.610994 
-0.10385 -0.0900105 -0.598114 -0.166754 -0.106033 -0.582932 
POLYGONS 5101 15300
OFFSETS vtktypeint64
0 3 6 9 12 15 18 21 24 
27 30 33 36 39 42 45 48 51 
54 57 60 63 66 69 72 75 78 
81 84 87 90 93 96 99 102 105 
108 111 114 117 120 123 126 129 132 
135 138 141 144 147 150 153 156 159 
162 165 168 171 174 177 180 183 186 
189 192 195 198 201 204 207 210 213 
216 219 222 225 228 231 234 237 240 
243 246 249 252 255 258 261 264 267 
270 273 276 279 282 285 288 291 294 
297 300 303 306 309 312 315 318 321 
324 327 330 333 336 339 342 345 348 
351 354 357 360 363 366 369 372 375 
378 381 384 387 390 393 396 399 402 
405 408 411 414 417 420 423 426 429 
432 435 438 441 444 447 450 453 456 
459 462 465 468 471 474 477 480 483 
486 489 492 495 498 501 504 507 510 
513 516 519 522 525 528 531 534 537 
540 543 546 549 552 555 558 561 564 
567 570 573 576 579 582 585 588 591 
594 597 600 603 606 609 612 615 618 
621 624 627 630 633 636 639 642 645 
648 651 654 657 660 663 666 669 672 
675 678 681 684 687 690 693 696 699 
702 705 708 711 714 717 720 723 726 
729 732 735 738 741 744 747 750 753 
756 759 762 765 768 771 774 777 780 
783 786 789 792 795 798 801 804 807 
810 813 816 819 822 825 828 831 834 
837 840 843 846 849 852 855 858 861 
864 867 870 873 876 879 882 885 888 
891 894 897 900 903 906 909 912 915 
918 921 924 927 930 933 936 939 942 
945 948 951 954 957 960 963 966 969 
972 975 978 981 984 987 990 993 996 
999 1002 1005 1008 1011 1014 1017 1020 1023 
1026 1029 1032 1035 1038 1041 1044 1047 1050 
1053 1056 1059 1062 1065 1068 1071 1074 1077 
1080 1083 1086 1089 1092 1095 1098 1101 1104 
1107 1110 1113 1116 1119 1122 1125 1128 1131 
1134 1137 1140 1143 1146 1149 1152 1155 1158 
1161 1164 1167 1170 1173 1176 1179 1182 1185 
1188 1191 1194 1197 1200 1203 1206 1209 1212 
1215 1218 1221 1224 1227 1230 1233 1236 1239 
1242 1245 1248 1251 1254 1257 1260 1263 1266 
1269 1272 1275 1278 1281 1284 1287 1290 1293 
1296 1299 1302 1305 1308 1311 1314 1317 1320 
1323 1326 1329 1332 1335 1338 1341 1344 1347 
1350 1353 1356 1359 1362 1365 1368 1371 1374 
1377 1380 1383 1386 1389 1392 1395 1398 1401 
1404 1407 1410 1413 1416 1419 1422 1425 1428 
1431 1434 1437 1440 1443 1446 1449 1452 1455 
1458 1461 1464 1467 1470 1473 1476 1479 1482 
1485 1488 1491 1494 1497 1500 1503 1506 1509 
1512 1515 1518 1521 1524 1527 1530 1533 1536 
1539 1542 1545 1548 1551 1554 1557 1560 1563 
1566 1569 1572 1575 1578 1581 1584 1587 1590 
1593 1596 1599 1602 1605 1608 1611 1614 1617 
1620 1623 1626 1629 1632 1635 1638 1641 1644 
1647 1650 1653 1656 1659 1662 1665 1668 1671 
1674 1677 1680 1683 1686 1689 1692 1695 1698 
1701 1704 1707 1710 1713 1716 1719 1722 1725 
1728 1731 1734 1737 1740 1743 1746 1749 1752 
1755 1758 1761 1764 1767 1770 1773 1776 1779 
1782 1785 1788 1791 1794 1797 1800 1803 1806 
1809 1812 1815 1818 1821 1824 1827 1830 1833 
1836 1839 1842 1845 1848 1851 1854 1857 1860 
1863 1866 1869 1872 1875 1878 1881 1884 1887 
1890 1893 1896 1899 1902 1905 1908 1911 1914 
1917 1920 1923 1926 1929 1932 1935 1938 1941 
1944 1947 1950 1953 1956 1959 1962 1965 1968 
1971 1974 1977 1980 1983 1986 1989 1992 1995 
1998 2001 2004 2007 2010 2013 2016 2019 2022 
2025 2028 2031 2034 2037 2040 2043 2046 2049 
2052 2055 2058 2061 2064 2067 2070 2073 2076 
2079 2082 2085 2088 2091 2094 2097 2100 2103 
2106 2109 2112 2115 2118 2121 2124 2127 2130 
2133 2136 2139 2142 2145 2148 2151 2154 2157 
2160 2163 2166 2169 2172 2175 2178 2181 2184 
2187 2190 2193 2196 2199 2202 2205 2208 2211 
2214 2217 2220 2223 2226 2229 2232 2235 2238 
2241 2244 2247 2250 2253 2256 2259 2262 2265 
2268 2271 2274 2277 2280 2283 2286 2289 2292 
2295 2298 2301 2304 2307 2310 2313 2316 2319 
2322 2325 2328 2331 2334 2337 2340 2343 2346 
2349 2352 2355 2358 2361 2364 2367 2370 2373 
2376 2379 2382 2385 2388 2391 2394 2397 2400 
2403 2406 2409 2412 2415 2418 2421 2424 2427 
2430 2433 2436 2439 2442 2445 2448 2451 2454 
2457 2460 2463 2466 2469 2472 2475 2478 2481 
2484 2487 2490 2493 2496 2499 2502 2505 2508 
2511 2514 2517 2520 2523 2526 2529 2532 2535 
2538 2541 2544 2547 2550 2553 2556 2559 2562 
2565 2568 2571 2574 2577 2580 2583 2586 2589 
2592 2595 2598 2601 2604 2607 2610 2613 2616 
2619 2622 2625 2628 2631 2634 2637 2640 2643 
2646 2649 2652 2655 2658 2661 2664 2667 2670 
2673 2676 2679 2682 2685 2688 2691 2694 2697 
2700 2703 2706 2709 2712 2715 2718 2721 2724 
2727 2730 2733 2736 2739 2742 2745 2748 2751 
2754 2757 2760 2763 2766 2769 2772 2775 2778 
2781 2784 2787 2790 2793 2796 2799 2802 2805 
2808 2811 2814 2817 2820 2823 2826 2829 2832 
2835 2838 2841 2844 2847 2850 2853 2856 2859 
2862 2865 2868 2871 2874 2877 2880 2883 2886 
2889 2892 2895 2898 2901 2904 2907 2910 2913 
2916 2919 2922 2925 2928 2931 2934 2937 2940 
2943 2946 2949 2952 2955 2958 2961 2964 2967 
2970 2973 2976 2979 2982 2985 2988 2991 2994 
2997 3000 3003 3006 3009 3012 3015 3018 3021 
3024 3027 3030 3033 3036 3039 3042 3045 3048 
3051 3054 3057 3060 3063 3066 3069 3072 3075 
3078 3081 3084 3087 3090 3093 3096 3099 3102 
3105 3108 3111 3114 3117 3120 3123 3126 3129 
3132 3135 3138 3141 3144 3147 3150 3153 3156 
3159 3162 3165 3168 3171 3174 3177 3180 3183 
3186 3189 3192 3195 3198 3201 3204 3207 3210 
3213 3216 3219 3222 3225 3228 3231 3234 3237 
3240 3243 3246 3249 3252 3255 3258 3261 3264 
3267 3270 3273 3276 3279 3282 3285 3288 3291 
3294 3297 3300 3303 3306 3309 3312 3315 3318 
3321 3324 3327 3330 3333 3336 3339 3342 3345 
3348 3351 3354 3357 3360 3363 3366 3369 3372 
3375 3378 3381 3384 3387 3390 3393 3396 3399 
3402 3405 3408 3411 3414 3417 3420 3423 3426 
3429 3432 3435 3438 3441 3444 3447 3450 3453 
3456 3459 3462 3465 3468 3471 3474 3477 3480 
3483 3486 3489 3492 3495 3498 3501 3504 3507 
3510 3513 3516 3519 3522 3525 3528 3531 3534 
3537 3540 3543 3546 3549 3552 3555 3558 3561 
3564 3567 3570 3573 3576 3579 3582 3585 3588 
3591 3594 3597 3600 3603 3606 3609 3612 3615 
3618 3621 3624 3627 3630 3633 3636 3639 3642 
3645 3648 3651 3654 3657 3660 3663 3666 3669 
3672 3675 3678 3681 3684 3687 3690 3693 3696 
3699 3702 3705 3708 3711 3714 3717 3720 3723 
3726 3729 3732 3735 3738 3741 3744 3747 3750 
3753 3756 3759 3762 3765 3768 3771 3774 3777 
3780 3783 3786 3789 3792 3795 3798 3801 3804 
3807 3810 3813 3816 3819 3822 3825 3828 3831 
3834 3837 3840 3843 3846 3849 3852 3855 3858 
3861 3864 3867 3870 3873 3876 3879 3882 3885 
3888 3891 3894 3897 3900 3903 3906 3909 3912 
3915 3918 3921 3924 3927 3930 3933 3936 3939 
3942 3945 3948 3951 3954 3957 3960 3963 3966 
3969 3972 3975 3978 3981 3984 3987 3990 3993 
3996 3999 4002 4005 4008 4011 4014 4017 4020 
4023 4026 4029 4032 4035 4038 4041 4044 4047 
4050 4053 4056 4059 4062 4065 4068 4071 4074 
4077 4080 4083 4086 4089 4092 4095 4098 4101 
4104 4107 4110 4113 4116 4119 4122 4125 4128 
4131 4134 4137 4140 4143 4146 4149 4152 4155 
4158 4161 4164 4167 4170 4173 4176 4179 4182 
4185 4188 4191 4194 4197 4200 4203 4206 4209 
4212 4215 4218 4221 4224 4227 4230 4233 4236 
4239 4242 4245 4248 4251 4254 4257 4260 4263 
4266 4269 4272 4275 4278 4281 4284 4287 4290 
4293 4296 4299 4302 4305 4308 4311 4314 4317 
4320 4323 4326 4329 4332 4335 4338 4341 4344 
4347 4350 4353 4356 4359 4362 4365 4368 4371 
4374 4377 4380 4383 4386 4389 4392 4395 4398 
4401 4404 4407 4410 4413 4416 4419 4422 4425 
4428 4431 4434 4437 4440 4443 4446 4449 4452 
4455 4458 4461 4464 4467 4470 4473 4476 4479 
4482 4485 4488 4491 4494 4497 4500 4503 4506 
4509 4512 4515 4518 4521 4524 4527 4530 4533 
4536 4539 4542 4545 4548 4551 4554 4557 4560 
4563 4566 4569 4572 4575 4578 4581 4584 4587 
4590 4593 4596 4599 4602 4605 4608 4611 4614 
4617 4620 4623 4626 4629 4632 4635 4638 4641 
4644 4647 4650 4653 4656 4659 4662 4665 4668 
4671 4674 4677 4680 4683 4686 4689 4692 4695 
4698 4701 4704 4707 4710 4713 4716 4719 4722 
4725 4728 4731 4734 4737 4740 4743 4746 4749 
4752 4755 4758 4761 4764 4767 4770 4773 4776 
4779 4782 4785 4788 4791 4794 4797 4800 4803 
4806 4809 4812 4815 4818 4821 4824 4827 4830 
4833 4836 4839 4842 4845 4848 4851 4854 4857 
4860 4863 4866 4869 4872 4875 4878 4881 4884 
4887 4890 4893 4896 4899 4902 4905 4908 4911 
4914 4917 4920 4923 4926 4929 4932 4935 4938 
4941 4944 4947 4950 4953 4956 4959 4962 4965 
4968 4971 4974 4977 4980 4983 4986 4989 4992 
4995 4998 5001 5004 5007 5010 5013 5016 5019 
5022 5025 5028 5031 5034 5037 5040 5043 5046 
5049 5052 5055 5058 5061 5064 5067 5070 5073 
5076 5079 5082 5085 5088 5091 5094 5097 5100 
5103 5106 5109 5112 5115 5118 5121 5124 5127 
5130 5133 5136 5139 5142 5145 5148 5151 5154 
5157 5160 5163 5166 5169 5172 5175 5178 5181 
5184 5187 5190 5193 5196 5199 5202 5205 5208 
5211 5214 5217 5220 5223 5226 5229 5232 5235 
5238 5241 5244 5247 5250 5253 5256 5259 5262 
5265 5268 5271 5274 5277 5280 5283 5286 5289 
5292 5295 5298 5301 5304 5307 5310 5313 5316 
5319 5322 5325 5328 5331 5334 5337 5340 5343 
5346 5349 5352 5355 5358 5361 5364 5367 5370 
5373 5376 5379 5382 5385 5388 5391 5394 5397 
5400 5403 5406 5409 5412 5415 5418 5421 5424 
5427 5430 5433 5436 5439 5442 5445 5448 5451 
5454 5457 5460 5463 5466 5469 5472 5475 5478 
5481 5484 5487 5490 5493 5496 5499 5502 5505 
5508 5511 5514 5517 5520 5523 5526 5529 5532 
5535 5538 5541 5544 5547 5550 5553 5556 5559 
5562 5565 5568 5571 5574 5577 5580 5583 5586 
5589 5592 5595 5598 5601 5604 5607 5610 5613 
5616 5619 5622 5625 5628 5631 5634 5637 5640 
5643 5646 5649 5652 5655 5658 5661 5664 5667 
5670 5673 5676 5679 5682 5685 5688 5691 5694 
5697 5700 5703 5706 5709 5712 5715 5718 5721 
5724 5727 5730 5733 5736 5739 5742 5745 5748 
5751 5754 5757 5760 5763 5766 5769 5772 5775 
5778 5781 5784 5787 5790 5793 5796 5799 5802 
5805 5808 5811 5814 5817 5820 5823 5826 5829 
5832 5835 5838 5841 5844 5847 5850 5853 5856 
5859 5862 5865 5868 5871 5874 5877 5880 5883 
5886 5889 5892 5895 5898 5901 5904 5907 5910 
5913 5916 5919 5922 5925 5928 5931 5934 5937 
5940 5943 5946 5949 5952 5955 5958 5961 5964 
5967 5970 5973 5976 5979 5982 5985 5988 5991 
5994 5997 6000 6003 6006 6009 6012 6015 6018 
6021 6024 6027 6030 6033 6036 6039 6042 6045 
6048 6051 6054 6057 6060 6063 6066 6069 6072 
6075 6078 6081 6084 6087 6090 6093 6096 6099 
6102 6105 6108 6111 6114 6117 6120 6123 6126 
6129 6132 6135 6138 6141 6144 6147 6150 6153 
6156 6159 6162 6165 6168 6171 6174 6177 6180 
6183 6186 6189 6192 6195 6198 6201 6204 6207 
6210 6213 6216 6219 6222 6225 6228 6231 6234 
6237 6240 6243 6246 6249 6252 6255 6258 6261 
6264 6267 6270 6273 6276 6279 6282 6285 6288 
6291 6294 6297 6300 6303 6306 6309 6312 6315 
6318 6321 6324 6327 6330 6333 6336 6339 6342 
6345 6348 6351 6354 6357 6360 6363 6366 6369 
6372 6375 6378 6381 6384 6387 6390 6393 6396 
6399 6402 6405 6408 6411 6414 6417 6420 6423 
6426 6429 6432 6435 6438 6441 6444 6447 6450 
6453 6456 6459 6462 6465 6468 6471 6474 6477 
6480 6483 6486 6489 6492 6495 6498 6501 6504 
6507 6510 6513 6516 6519 6522 6525 6528 6531 
6534 6537 6540 6543 6546 6549 6552 6555 6558 
6561 6564 6567 6570 6573 6576 6579 6582 6585 
6588 6591 6594 6597 6600 6603 6606 6609 6612 
6615 6618 6621 6624 6627 6630 6633 6636 6639 
6642 6645 6648 6651 6654 6657 6660 6663 6666 
6669 6672 6675 6678 6681 6684 6687 6690 6693 
6696 6699 6702 6705 6708 6711 6714 6717 6720 
6723 6726 6729 6732 6735 6738 6741 6744 6747 
6750 6753 6756 6759 6762 6765 6768 6771 6774 
6777 6780 6783 6786 6789 6792 6795 6798 6801 
6804 6807 6810 6813 6816 6819 6822 6825 6828 
6831 6834 6837 6840 6843 6846 6849 6852 6855 
6858 6861 6864 6867 6870 6873 6876 6879 6882 
6885 6888 6891 6894 6897 6900 6903 6906 6909 
6912 6915 6918 6921 6924 6927 6930 6933 6936 
6939 6942 6945 6948 6951 6954 6957 6960 6963 
6966 6969 6972 6975 6978 6981 6984 6987 6990 
6993 6996 6999 7002 7005 7008 7011 7014 7017 
7020 7023 7026 7029 7032 7035 7038 7041 7044 
7047 7050 7053 7056 7059 7062 7065 7068 7071 
7074 7077 7080 7083 7086 7089 7092 7095 7098 
7101 7104 7107 7110 7113 7116 7119 7122 7125 
7128 7131 7134 7137 7140 7143 7146 7149 7152 
7155 7158 7161 7164 7167 7170 7173 7176 7179 
7182 7185 7188 7191 7194 7197 7200 7203 7206 
7209 7212 7215 7218 7221 7224 7227 7230 7233 
7236 7239 7242 7245 7248 7251 7254 7257 7260 
7263 7266 7269 7272 7275 7278 7281 7284 7287 
7290 7293 7296 7299 7302 7305 7308 7311 7314 
7317 7320 7323 7326 7329 7332 7335 7338 7341 
7344 7347 7350 7353 7356 7359 7362 7365 7368 
7371 7374 7377 7380 7383 7386 7389 7392 7395 
7398 7401 7404 7407 7410 7413 7416 7419 7422 
7425 7428 7431 7434 7437 7440 7443 7446 7449 
7452 7455 7458 7461 7464 7467 7470 7473 7476 
7479 7482 7485 7488 7491 7494 7497 7500 7503 
7506 7509 7512 7515 7518 7521 7524 7527 7530 
7533 7536 7539 7542 7545 7548 7551 7554 7557 
7560 7563 7566 7569 7572 7575 7578 7581 7584 
7587 7590 7593 7596 7599 7602 7605 7608 7611 
7614 7617 7620 7623 7626 7629 7632 7635 7638 
7641 7644 7647 7650 7653 7656 7659 7662 7665 
7668 7671 7674 7677 7680 7683 7686 7689 7692 
7695 7698 7701 7704 7707 7710 7713 7716 7719 
7722 7725 7728 7731 7734 7737 7740 7743 7746 
7749 7752 7755 7758 7761 7764 7767 7770 7773 
7776 7779 7782 7785 7788 7791 7794 7797 7800 
7803 7806 7809 7812 7815 7818 7821 7824 7827 
7830 7833 7836 7839 7842 7845 7848 7851 7854 
7857 7860 7863 7866 7869 7872 7875 7878 7881 
7884 7887 7890 7893 7896 7899 7902 7905 7908 
7911 7914 7917 7920 7923 7926 7929 7932 7935 
7938 7941 7944 7947 7950 7953 7956 7959 7962 
7965 7968 7971 7974 7977 7980 7983 7986 7989 
7992 7995 7998 8001 8004 8007 8010 8013 8016 
8019 8022 8025 8028 8031 8034 8037 8040 8043 
8046 8049 8052 8055 8058 8061 8064 8067 8070 
8073 8076 8079 8082 8085 8088 8091 8094 8097 
8100 8103 8106 8109 8112 8115 8118 8121 8124 
8127 8130 8133 8136 8139 8142 8145 8148 8151 
8154 8157 8160 8163 8166 8169 8172 8175 8178 
8181 8184 8187 8190 8193 8196 8199 8202 8205 
8208 8211 8214 8217 8220 8223 8226 8229 8232 
8235 8238 8241 8244 8247 8250 8253 8256 8259 
8262 8265 8268 8271 8274 8277 8280 8283 8286 
8289 8292 8295 8298 8301 8304 8307 8310 8313 
8316 8319 8322 8325 8328 8331 8334 8337 8340 
8343 8346 8349 8352 8355 8358 8361 8364 8367 
8370 8373 8376 8379 8382 8385 8388 8391 8394 
8397 8400 8403 8406 8409 8412 8415 8418 8421 
8424 8427 8430 8433 8436 8439 8442 8445 8448 
8451 8454 8457 8460 8463 8466 8469 8472 8475 
8478 8481 8484 8487 8490 8493 8496 8499 8502 
8505 8508 8511 8514 8517 8520 8523 8526 8529 
8532 8535 8538 8541 8544 8547 8550 8553 8556 
8559 8562 8565 8568 8571 8574 8577 8580 8583 
8586 8589 8592 8595 8598 8601 8604 8607 8610 
8613 8616 8619 8622 8625 8628 8631 8634 8637 
8640 8643 8646 8649 8652 8655 8658 8661 8664 
8667 8670 8673 8676 8679 8682 8685 8688 8691 
8694 8697 8700 8703 8706 8709 8712 8715 8718 
8721 8724 8727 8730 8733 8736 8739 8742 8745 
8748 8751 8754 8757 8760 8763 8766 8769 8772 
8775 8778 8781 8784 8787 8790 8793 8796 8799 
8802 8805 8808 8811 8814 8817 8820 8823 8826 
8829 8832 8835 8838 8841 8844 8847 8850 8853 
8856 8859 8862 8865 8868 8871 8874 8877 8880 
8883 8886 8889 8892 8895 8898 8901 8904 8907 
8910 8913 8916 8919 8922 8925 8928 8931 8934 
8937 8940 8943 8946 8949 8952 8955 8958 8961 
8964 8967 8970 8973 8976 8979 8982 8985 8988 
8991 8994 8997 9000 9003 9006 9009 9012 9015 
9018 9021 9024 9027 9030 9033 9036 9039 9042 
9045 9048 9051 9054 9057 9060 9063 9066 9069 
9072 9075 9078 9081 9084 9087 9090 9093 9096 
9099 9102 9105 9108 9111 9114 9117 9120 9123 
9126 9129 9132 9135 9138 9141 9144 9147 9150 
9153 9156 9159 9162 9165 9168 9171 9174 9177 
9180 9183 9186 9189 9192 9195 9198 9201 9204 
9207 9210 9213 9216 9219 9222 9225 9228 9231 
9234 9237 9240 9243 9246 9249 9252 9255 9258 
9261 9264 9267 9270 9273 9276 9279 9282 9285 
9288 9291 9294 9297 9300 9303 9306 9309 9312 
9315 9318 9321 9324 9327 9330 9333 9336 9339 
9342 9345 9348 9351 9354 9357 9360 9363 9366 
9369 9372 9375 9378 9381 9384 9387 9390 9393 
9396 9399 9402 9405 9408 9411 9414 9417 9420 
9423 9426 9429 9432 9435 9438 9441 9444 9447 
9450 9453 9456 9459 9462 9465 9468 9471 9474 
9477 9480 9483 9486 9489 9492 9495 9498 9501 
9504 9507 9510 9513 9516 9519 9522 9525 9528 
9531 9534 9537 9540 9543 9546 9549 9552 9555 
9558 9561 9564 9567 9570 9573 9576 9579 9582 
9585 9588 9591 9594 9597 9600 9603 9606 9609 
9612 9615 9618 9621 9624 9627 9630 9633 9636 
9639 9642 9645 9648 9651 9654 9657 9660 9663 
9666 9669 9672 9675 9678 9681 9684 9687 9690 
9693 9696 9699 9702 9705 9708 9711 9714 9717 
9720 9723 9726 9729 9732 9735 9738 9741 9744 
9747 9750 9753 9756 9759 9762 9765 9768 9771 
9774 9777 9780 9783 9786 9789 9792 9795 9798 
9801 9804 9807 9810 9813 9816 9819 9822 9825 
9828 9831 9834 9837 9840 9843 9846 9849 9852 
9855 9858 9861 9864 9867 9870 9873 9876 9879 
9882 9885 9888 9891 9894 9897 9900 9903 9906 
9909 9912 9915 9918 9921 9924 9927 9930 9933 
9936 9939 9942 9945 9948 9951 9954 9957 9960 
9963 9966 9969 9972 9975 9978 9981 9984 9987 
9990 9993 9996 9999 10002 10005 10008 10011 10014 
10017 10020 10023 10026 10029 10032 10035 10038 10041 
10044 10047 10050 10053 10056 10059 10062 10065 10068 
10071 10074 10077 10080 10083 10086 10089 10092 10095 
10098 10101 10104 10107 10110 10113 10116 10119 10122 
10125 10128 10131 10134 10137 10140 10143 10146 10149 
10152 10155 10158 10161 10164 10167 10170 10173 10176 
10179 10182 10185 10188 10191 10194 10197 10200 10203 
10206 10209 10212 10215 10218 10221 10224 10227 10230 
10233 10236 10239 10242 10245 10248 10251 10254 10257 
10260 10263 10266 10269 10272 10275 10278 10281 10284 
10287 10290 10293 10296 10299 10302 10305 10308 10311 
10314 10317 10320 10323 10326 10329 10332 10335 10338 
10341 10344 10347 10350 10353 10356 10359 10362 10365 
10368 10371 10374 10377 10380 10383 10386 10389 10392 
10395 10398 10401 10404 10407 10410 10413 10416 10419 
10422 10425 10428 10431 10434 10437 10440 10443 10446 
10449 10452 10455 10458 10461 10464 10467 10470 10473 
10476 10479 10482 10485 10488 10491 10494 10497 10500 
10503 10506 10509 10512 10515 10518 10521 10524 10527 
10530 10533 10536 10539 10542 10545 10548 10551 10554 
10557 10560 10563 10566 10569 10572 10575 10578 10581 
10584 10587 10590 10593 10596 10599 10602 10605 10608 
10611 10614 10617 10620 10623 10626 10629 10632 10635 
10638 10641 10644 10647 10650 10653 10656 10659 10662 
10665 10668 10671 10674 10677 10680 10683 10686 10689 
10692 10695 10698 10701 10704 10707 10710 10713 10716 
10719 10722 10725 10728 10731 10734 10737 10740 10743 
10746 10749 10752 10755 10758 10761 10764 10767 10770 
10773 10776 10779 10782 10785 10788 10791 10794 10797 
10800 10803 10806 10809 10812 10815 10818 10821 10824 
10827 10830 10833 10836 10839 10842 10845 10848 10851 
10854 10857 10860 10863 10866 10869 10872 10875 10878 
10881 10884 10887 10890 10893 10896 10899 10902 10905 
10908 10911 10914 10917 10920 10923 10926 10929 10932 
10935 10938 10941 10944 10947 10950 10953 10956 10959 
10962 10965 10968 10971 10974 10977 10980 10983 10986 
10989 10992 10995 10998 11001 11004 11007 11010 11013 
11016 11019 11022 11025 11028 11031 11034 11037 11040 
11043 11046 11049 11052 11055 11058 11061 11064 11067 
11070 11073 11076 11079 11082 11085 11088 11091 11094 
11097 11100 11103 11106 11109 11112 11115 11118 11121 
11124 11127 11130 11133 11136 11139 11142 11145 11148 
11151 11154 11157 11160 11163 11166 11169 11172 11175 
11178 11181 11184 11187 11190 11193 11196 11199 11202 
11205 11208 11211 11214 11217 11220 11223 11226 11229 
11232 11235 11238 11241 11244 11247 11250 11253 11256 
11259 11262 11265 11268 11271 11274 11277 11280 11283 
11286 11289 11292 11295 11298 11301 11304 11307 11310 
11313 11316 11319 11322 11325 11328 11331 11334 11337 
11340 11343 11346 11349 11352 11355 11358 11361 11364 
11367 11370 11373 11376 11379 11382 11385 11388 11391 
11394 11397 11400 11403 11406 11409 11412 11415 11418 
11421 11424 11427 11430 11433 11436 11439 11442 11445 
11448 11451 11454 11457 11460 11463 11466 11469 11472 
11475 11478 11481 11484 11487 11490 11493 11496 11499 
11502 11505 11508 11511 11514 11517 11520 11523 11526 
11529 11532 11535 11538 11541 11544 11547 11550 11553 
11556 11559 11562 11565 11568 11571 11574 11577 11580 
11583 11586 11589 11592 11595 11598 11601 11604 11607 
11610 11613 11616 11619 11622 11625 11628 11631 11634 
11637 11640 11643 11646 11649 11652 11655 11658 11661 
11664 11667 11670 11673 11676 11679 11682 11685 11688 
11691 11694 11697 11700 11703 11706 11709 11712 11715 
11718 11721 11724 11727 11730 11733 11736 11739 11742 
11745 11748 11751 11754 11757 11760 11763 11766 11769 
11772 11775 11778 11781 11784 11787 11790 11793 11796 
11799 11802 11805 11808 11811 11814 11817 11820 11823 
11826 11829 11832 11835 11838 11841 11844 11847 11850 
11853 11856 11859 11862 11865 11868 11871 11874 11877 
11880 11883 11886 11889 11892 11895 11898 11901 11904 
11907 11910 11913 11916 11919 11922 11925 11928 11931 
11934 11937 11940 11943 11946 11949 11952 11955 11958 
11961 11964 11967 11970 11973 11976 11979 11982 11985 
11988 11991 11994 11997 12000 12003 12006 12009 12012 
12015 12018 12021 12024 12027 12030 12033 12036 12039 
12042 12045 12048 12051 12054 12057 12060 12063 12066 
12069 12072 12075 12078 12081 12084 12087 12090 12093 
12096 12099 12102 12105 12108 12111 12114 12117 12120 
12123 12126 12129 12132 12135 12138 12141 12144 12147 
12150 12153 12156 12159 12162 12165 12168 12171 12174 
12177 12180 12183 12186 12189 12192 12195 12198 12201 
12204 12207 12210 12213 12216 12219 12222 12225 12228 
12231 12234 12237 12240 12243 12246 12249 12252 12255 
12258 12261 12264 12267 12270 12273 12276 12279 12282 
12285 12288 12291 12294 12297 12300 12303 12306 12309 
12312 12315 12318 12321 12324 12327 12330 12333 12336 
12339 12342 12345 12348 12351 12354 12357 12360 12363 
12366 12369 12372 12375 12378 12381 12384 12387 12390 
12393 12396 12399 12402 12405 12408 12411 12414 12417 
12420 12423 12426 12429 12432 12435 12438 12441 12444 
12447 12450 12453 12456 12459 12462 12465 12468 12471 
12474 12477 12480 12483 12486 12489 12492 12495 12498 
12501 12504 12507 12510 12513 12516 12519 12522 12525 
12528 12531 12534 12537 12540 12543 12546 12549 12552 
12555 12558 12561 12564 12567 12570 12573 12576 12579 
12582 12585 12588 12591 12594 12597 12600 12603 12606 
12609 12612 12615 12618 12621 12624 12627 12630 12633 
12636 12639 12642 12645 12648 12651 12654 12657 12660 
12663 12666 12669 12672 12675 12678 12681 12684 12687 
12690 12693 12696 12699 12702 12705 12708 12711 12714 
12717 12720 12723 12726 12729 12732 12735 12738 12741 
12744 12747 12750 12753 12756 12759 12762 12765 12768 
12771 12774 12777 12780 12783 12786 12789 12792 12795 
12798 12801 12804 12807 12810 12813 12816 12819 12822 
12825 12828 12831 12834 12837 12840 12843 12846 12849 
12852 12855 12858 12861 12864 12867 12870 12873 12876 
12879 12882 12885 12888 12891 12894 12897 12900 12903 
12906 12909 12912 12915 12918 12921 12924 12927 12930 
12933 12936 12939 12942 12945 12948 12951 12954 12957 
12960 12963 12966 12969 12972 12975 12978 12981 12984 
12987 12990 12993 12996 12999 13002 13005 13008 13011 
13014 13017 13020 13023 13026 13029 13032 13035 13038 
13041 13044 13047 13050 13053 13056 13059 13062 13065 
13068 13071 13074 13077 13080 13083 13086 13089 13092 
13095 13098 13101 13104 13107 13110 13113 13116 13119 
13122 13125 13128 13131 13134 13137 13140 13143 13146 
13149 13152 13155 13158 13161 13164 13167 13170 13173 
13176 13179 13182 13185 13188 13191 13194 13197 13200 
13203 13206 13209 13212 13215 13218 13221 13224 13227 
13230 13233 13236 13239 13242 13245 13248 13251 13254 
13257 13260 13263 13266 13269 13272 13275 13278 13281 
13284 13287 13290 13293 13296 13299 13302 13305 13308 
13311 13314 13317 13320 13323 13326 13329 13332 13335 
13338 13341 13344 13347 13350 13353 13356 13359 13362 
13365 13368 13371 13374 13377 13380 13383 13386 13389 
13392 13395 13398 13401 13404 13407 13410 13413 13416 
13419 13422 13425 13428 13431 13434 13437 13440 13443 
13446 13449 13452 13455 13458 13461 13464 13467 13470 
13473 13476 13479 13482 13485 13488 13491 13494 13497 
13500 13503 13506 13509 13512 13515 13518 13521 13524 
13527 13530 13533 13536 13539 13542 13545 13548 13551 
13554 13557 13560 13563 13566 13569 13572 13575 13578 
13581 13584 13587 13590 13593 13596 13599 13602 13605 
13608 13611 13614 13617 13620 13623 13626 13629 13632 
13635 13638 13641 13644 13647 13650 13653 13656 13659 
13662 13665 13668 13671 13674 13677 13680 13683 13686 
13689 13692 13695 13698 13701 13704 13707 13710 13713 
13716 13719 13722 13725 13728 13731 13734 13737 13740 
13743 13746 13749 13752 13755 13758 13761 13764 13767 
13770 13773 13776 13779 13782 13785 13788 13791 13794 
13797 13800 13803 13806 13809 13812 13815 13818 13821 
13824 13827 13830 13833 13836 13839 13842 13845 13848 
13851 13854 13857 13860 13863 13866 13869 13872 13875 
13878 13881 13884 13887 13890 13893 13896 13899 13902 
13905 13908 13911 13914 13917 13920 13923 13926 13929 
13932 13935 13938 13941 13944 13947 13950 13953 13956 
13959 13962 13965 13968 13971 13974 13977 13980 13983 
13986 13989 13992 13995 13998 14001 14004 14007 14010 
14013 14016 14019 14022 14025 14028 14031 14034 14037 
14040 14043 14046 14049 14052 14055 14058 14061 14064 
14067 14070 14073 14076 14079 14082 14085 14088 14091 
14094 14097 14100 14103 14106 14109 14112 14115 14118 
14121 14124 14127 14130 14133 14136 14139 14142 14145 
14148 14151 14154 14157 14160 14163 14166 14169 14172 
14175 14178 14181 14184 14187 14190 14193 14196 14199 
14202 14205 14208 14211 14214 14217 14220 14223 14226 
14229 14232 14235 14238 14241 14244 14247 14250 14253 
14256 14259 14262 14265 14268 14271 14274 14277 14280 
14283 14286 14289 14292 14295 14298 14301 14304 14307 
14310 14313 14316 14319 14322 14325 14328 14331 14334 
14337 14340 14343 14346 14349 14352 14355 14358 14361 
14364 14367 14370 14373 14376 14379 14382 14385 14388 
14391 14394 14397 14400 14403 14406 14409 14412 14415 
14418 14421 14424 14427 14430 14433 14436 14439 14442 
14445 14448 14451 14454 14457 14460 14463 14466 14469 
14472 14475 14478 14481 14484 14487 14490 14493 14496 
14499 14502 14505 14508 14511 14514 14517 14520 14523 
14526 14529 14532 14535 14538 14541 14544 14547 14550 
14553 14556 14559 14562 14565 14568 14571 14574 14577 
14580 14583 14586 14589 14592 14595 14598 14601 14604 
14607 14610 14613 14616 14619 14622 14625 14628 14631 
14634 14637 14640 14643 14646 14649 14652 14655 14658 
14661 14664 14667 14670 14673 14676 14679 14682 14685 
14688 14691 14694 14697 14700 14703 14706 14709 14712 
14715 14718 14721 14724 14727 14730 14733 14736 14739 
14742 14745 14748 14751 14754 14757 14760 14763 14766 
14769 14772 14775 14778 14781 14784 14787 14790 14793 
14796 14799 14802 14805 14808 14811 14814 14817 14820 
14823 14826 14829 14832 14835 14838 14841 14844 14847 
14850 14853 14856 14859 14862 14865 14868 14871 14874 
14877 14880 14883 14886 14889 14892 14895 14898 14901 
14904 14907 14910 14913 14916 14919 14922 14925 14928 
14931 14934 14937 14940 14943 14946 14949 14952 14955 
14958 14961 14964 14967 14970 14973 14976 14979 14982 
14985 14988 14991 14994 14997 15000 15003 15006 15009 
15012 15015 15018 15021 15024 15027 15030 15033 15036 
15039 15042 15045 15048 15051 15054 15057 15060 15063 
15066 15069 15072 15075 15078 15081 15084 15087 15090 
15093 15096 15099 15102 15105 15108 15111 15114 15117 
15120 15123 15126 15129 15132 15135 15138 15141 15144 
15147 15150 15153 15156 15159 15162 15165 15168 15171 
15174 15177 15180 15183 15186 15189 15192 15195 15198 
15201 15204 15207 15210 15213 15216 15219 15222 15225 
15228 15231 15234 15237 15240 15243 15246 15249 15252 
15255 15258 15261 15264 15267 15270 15273 15276 15279 
15282 15285 15288 15291 15294 15297 15300 
CONNECTIVITY vtktypeint64
0 1 2 1 0 3 4 5 6 
4 7 8 5 4 8 8 7 9 
0 2 10 3 0 10 4 6 11 
7 4 11 12 7 11 9 7 12 
13 14 15 14 13 16 17 18 19 
18 17 20 13 15 21 16 13 21 
17 19 22 20 17 22 23 24 25 
24 23 26 27 28 29 27 30 31 
28 27 31 30 32 33 31 30 33 
32 34 35 33 32 35 34 36 37 
35 34 37 36 38 39 37 36 39 
25 39 38 25 38 23 23 38 40 
41 26 23 41 23 42 42 23 40 
41 42 43 44 45 46 44 47 48 
45 44 48 47 49 50 48 47 50 
29 50 49 29 49 27 27 49 51 
30 27 52 52 27 51 32 30 53 
53 30 52 1 53 2 1 34 53 
34 32 53 3 34 1 3 54 34 
54 36 34 5 54 6 5 38 54 
38 36 54 8 38 5 40 38 8 
9 40 8 9 55 40 55 42 40 
56 43 42 55 56 42 57 58 59 
57 60 61 58 57 61 46 61 60 
46 60 44 44 60 62 47 44 63 
63 44 62 49 47 64 64 47 63 
51 49 65 65 49 64 52 51 66 
66 51 65 53 52 67 67 52 66 
2 53 67 2 67 68 2 68 10 
68 67 69 54 3 10 54 10 70 
70 10 68 6 54 70 6 70 11 
11 70 71 12 11 72 11 71 72 
55 9 12 55 12 73 73 12 72 
56 55 73 74 75 76 74 77 78 
75 74 78 59 78 77 59 77 57 
57 77 79 60 57 80 80 57 79 
62 60 81 81 60 80 14 81 15 
14 63 81 63 62 81 16 63 14 
16 82 63 82 64 63 83 84 65 
83 65 82 82 65 64 66 65 84 
85 66 84 67 66 85 86 67 85 
69 67 86 87 88 89 87 90 91 
88 87 91 76 91 90 76 90 74 
74 90 92 77 74 93 93 74 92 
79 77 94 94 77 93 18 94 19 
18 80 94 80 79 94 20 80 18 
20 95 80 95 81 80 15 81 95 
15 95 96 15 96 21 96 95 97 
82 16 21 82 21 98 98 21 96 
83 82 98 87 89 99 90 87 99 
100 90 99 100 101 102 100 102 90 
90 102 92 93 92 103 103 92 102 
104 105 94 104 94 103 103 94 93 
19 94 105 19 105 22 22 105 106 
95 20 22 95 22 107 107 22 106 
97 95 107 102 101 108 103 102 108 
109 103 108 104 103 109 110 111 112 
110 113 114 111 110 114 113 115 116 
114 113 116 116 115 117 118 119 120 
118 121 122 119 118 122 121 123 124 
122 121 124 123 125 126 124 123 126 
125 127 128 126 125 128 112 128 127 
112 127 110 110 127 129 113 110 130 
130 110 129 24 130 25 24 115 130 
115 113 130 115 24 26 115 26 117 
117 26 131 132 133 134 132 135 136 
133 132 136 135 137 138 136 135 138 
120 138 137 120 137 118 118 137 139 
28 139 29 28 121 139 121 118 139 
31 121 28 123 121 31 33 123 31 
125 123 33 35 125 33 127 125 35 
37 127 35 129 127 37 39 129 37 
130 129 39 25 130 39 140 26 41 
140 141 26 141 131 26 41 43 140 
142 143 144 142 145 146 143 142 146 
145 147 148 146 145 148 147 149 150 
148 147 150 134 150 149 134 149 132 
132 149 151 45 151 46 45 135 151 
135 132 151 48 135 45 137 135 48 
50 137 48 139 137 50 29 139 50 
152 141 140 153 141 152 43 56 152 
140 43 152 154 155 156 144 155 154 
144 154 142 142 154 157 145 142 158 
158 142 157 147 145 159 159 145 158 
58 159 59 58 149 159 149 147 159 
61 149 58 151 149 61 46 151 61 
68 69 160 161 68 160 161 162 68 
162 70 68 71 70 163 70 162 163 
72 71 164 71 163 164 153 152 73 
153 73 164 164 73 72 56 73 152 
165 154 156 166 165 156 157 154 167 
167 154 165 75 167 76 75 158 167 
158 157 167 78 158 75 159 158 78 
59 159 78 84 168 169 83 168 84 
85 84 170 84 169 170 86 85 171 
85 170 171 160 69 86 160 86 172 
172 86 171 161 160 172 173 174 175 
166 174 173 165 166 173 165 173 89 
165 89 88 91 165 88 167 165 91 
76 167 91 96 176 177 97 176 96 
98 96 178 96 177 178 168 83 98 
178 168 98 173 175 179 89 173 179 
89 179 99 99 179 180 181 180 182 
181 100 180 100 99 180 100 181 101 
105 104 183 184 105 183 184 185 105 
185 106 105 107 106 186 106 185 186 
176 97 107 186 176 107 181 182 187 
101 181 187 101 187 108 108 187 188 
109 108 189 108 188 189 183 104 109 
183 109 190 190 109 189 184 183 190 
191 192 193 192 191 194 195 196 197 
195 198 199 196 195 199 193 199 198 
193 198 191 191 198 200 201 194 191 
201 191 202 202 191 200 201 202 203 
204 205 206 197 205 204 197 204 195 
195 204 207 111 207 112 111 198 207 
198 195 207 114 198 111 200 198 114 
116 200 114 202 200 116 202 116 117 
202 117 203 203 117 208 209 210 211 
209 212 213 210 209 213 212 120 119 
212 119 213 213 119 214 122 215 119 
119 215 214 124 216 122 122 216 215 
206 126 204 206 216 126 216 124 126 
128 204 126 207 204 128 112 207 128 
117 131 208 208 131 217 218 219 220 
218 221 222 219 218 222 221 223 224 
222 221 224 223 134 133 223 133 224 
224 133 225 211 136 209 211 225 136 
225 133 136 138 209 136 212 209 138 
120 212 138 131 141 217 217 141 226 
143 227 228 144 143 228 220 146 218 
220 227 146 227 143 146 148 218 146 
221 218 148 150 221 148 223 221 150 
134 223 150 229 230 231 229 231 226 
229 226 153 153 226 141 155 232 233 
156 155 233 228 155 144 232 155 228 
162 234 235 161 234 162 163 162 236 
162 235 236 230 229 164 230 164 236 
236 164 163 153 164 229 237 238 239 
237 233 238 237 166 233 166 156 233 
169 240 241 168 240 169 170 169 242 
169 241 242 171 170 243 170 242 243 
172 171 244 171 243 244 234 161 172 
244 234 172 174 237 239 174 239 175 
175 239 245 166 237 174 177 176 246 
247 177 246 247 248 177 248 178 177 
240 168 178 248 240 178 175 245 249 
179 175 249 180 179 250 179 249 250 
250 182 180 251 182 250 185 184 252 
253 185 252 253 254 185 254 186 185 
246 176 186 246 186 255 255 186 254 
247 246 255 182 251 256 187 182 256 
188 187 257 187 256 257 189 188 258 
188 257 258 190 189 259 189 258 259 
252 184 190 252 190 260 260 190 259 
253 252 260 261 262 263 261 264 265 
262 261 265 264 193 192 264 192 265 
265 192 266 266 192 194 267 266 194 
268 269 270 263 269 268 261 263 268 
261 268 197 261 197 196 199 261 196 
264 261 199 193 264 199 271 194 201 
271 272 194 272 267 194 201 203 271 
273 274 275 273 276 277 274 273 277 
270 277 276 268 270 276 268 276 206 
268 206 205 197 268 205 278 272 271 
279 272 278 203 208 278 271 203 278 
280 281 282 280 211 210 280 210 281 
281 210 283 213 284 210 210 284 283 
214 285 213 213 285 284 275 215 273 
275 285 215 285 214 215 216 273 215 
276 273 216 206 276 216 286 279 278 
287 279 286 208 217 286 278 208 286 
219 288 220 219 222 289 288 219 289 
290 289 222 290 222 291 291 222 224 
282 225 280 282 291 225 291 224 225 
211 280 225 292 287 286 293 287 292 
217 226 292 286 217 292 294 295 296 
294 228 227 294 227 295 295 227 297 
288 227 220 288 298 227 298 297 227 
289 298 288 299 298 289 290 299 289 
300 301 302 293 300 302 292 300 293 
292 230 300 292 231 230 226 231 292 
303 304 305 296 304 303 294 296 303 
294 303 233 294 233 232 228 294 232 
235 306 307 234 306 235 301 300 236 
301 236 307 307 236 235 230 236 300 
308 309 310 305 309 308 303 305 308 
303 308 239 303 239 238 233 303 238 
241 311 312 240 311 241 242 241 313 
241 312 313 243 242 314 242 313 314 
244 243 315 243 314 315 306 234 244 
315 306 244 308 310 316 316 239 308 
316 317 239 317 245 239 318 319 320 
318 321 322 320 321 318 322 248 247 
322 321 248 321 323 248 311 240 248 
323 311 248 245 317 324 249 245 324 
250 249 325 249 324 325 251 326 327 
251 250 326 250 325 326 326 328 327 
329 330 331 329 332 333 331 332 329 
333 334 335 332 334 333 319 335 334 
318 335 319 318 253 335 318 254 253 
255 254 318 322 255 318 247 255 322 
251 327 256 327 328 336 327 336 256 
256 336 257 330 329 258 330 258 336 
336 258 257 259 258 329 333 259 329 
260 259 333 335 260 333 253 260 335 
337 338 339 337 263 262 337 262 338 
338 262 340 265 341 262 262 341 340 
342 343 341 342 341 266 266 341 265 
266 267 342 344 345 346 344 347 348 
345 344 348 339 348 347 337 339 347 
337 347 270 337 270 269 263 337 269 
342 349 343 349 342 267 349 267 350 
350 267 272 351 352 353 351 354 355 
352 351 355 354 356 357 355 354 357 
356 358 359 357 356 359 346 359 358 
344 346 358 344 358 275 344 275 274 
277 344 274 347 344 277 270 347 277 
272 279 350 350 279 360 361 362 363 
353 362 361 351 353 361 351 361 282 
351 282 281 283 351 281 354 351 283 
284 354 283 356 354 284 285 356 284 
358 356 285 275 358 285 364 365 366 
364 366 360 364 360 287 287 360 279 
367 368 369 367 370 371 368 367 371 
370 372 373 371 370 373 372 374 375 
373 372 375 363 375 374 361 363 374 
361 374 290 361 290 291 282 361 291 
376 365 364 377 365 376 287 293 376 
364 287 376 378 379 380 369 379 378 
367 369 378 367 378 296 367 296 295 
297 367 295 370 367 297 298 370 297 
372 370 298 299 372 298 374 372 299 
290 374 299 381 382 383 377 381 383 
376 381 377 376 301 381 376 302 301 
293 302 376 384 385 386 380 385 384 
378 380 384 378 384 305 378 305 304 
296 378 304 387 388 389 382 387 389 
381 387 382 381 306 387 381 307 306 
301 307 381 390 391 392 386 391 390 
384 386 390 384 390 310 384 310 309 
305 384 309 312 393 394 311 393 312 
313 312 395 312 394 395 314 313 396 
313 395 396 388 387 315 388 315 396 
396 315 314 306 315 387 390 392 397 
310 390 397 310 397 316 316 397 398 
317 399 400 317 316 399 316 398 399 
399 401 400 320 402 403 319 402 320 
321 320 404 320 403 404 323 321 405 
321 404 405 393 311 323 405 393 323 
317 400 324 400 401 406 400 406 324 
324 406 325 326 325 407 325 406 407 
328 408 409 328 326 408 326 407 408 
409 331 330 409 408 331 408 410 331 
332 331 411 331 410 411 334 332 412 
332 411 412 402 319 334 412 402 334 
328 409 336 330 336 409 413 414 415 
413 416 417 414 413 417 416 418 419 
417 416 419 418 339 338 418 338 419 
419 338 420 340 421 338 338 421 420 
341 422 340 340 422 421 422 341 343 
423 422 343 424 425 426 424 427 428 
425 424 428 427 429 430 428 427 430 
415 430 429 415 429 413 413 429 431 
345 431 346 345 416 431 416 413 431 
348 416 345 418 416 348 339 418 348 
432 343 349 432 433 343 433 423 343 
349 350 432 434 435 436 434 437 438 
435 434 438 437 439 440 438 437 440 
440 439 441 442 443 444 426 443 442 
424 426 442 424 442 353 424 353 352 
355 424 352 427 424 355 357 427 355 
429 427 357 359 429 357 431 429 359 
346 431 359 445 433 432 446 433 445 
350 360 445 432 350 445 434 436 447 
447 448 449 447 449 434 434 449 437 
439 437 450 450 437 449 451 441 439 
451 439 452 452 439 450 452 453 454 
451 452 454 453 455 456 454 453 456 
444 456 455 442 444 455 442 455 363 
442 363 362 353 442 362 457 458 459 
446 457 459 445 457 446 445 365 457 
445 366 365 360 366 445 460 449 448 
461 460 448 368 460 369 368 450 460 
450 449 460 371 450 368 452 450 371 
373 452 371 453 452 373 375 453 373 
455 453 375 363 455 375 462 458 457 
463 458 462 365 377 462 457 365 462 
464 465 466 461 465 464 460 461 464 
460 464 380 460 380 379 369 460 379 
383 463 462 383 382 463 382 467 463 
377 383 462 385 464 466 385 466 386 
386 466 468 380 464 385 469 470 471 
469 389 388 469 471 389 471 472 389 
467 382 389 472 467 389 391 473 474 
392 391 474 468 391 386 473 391 468 
394 475 476 393 475 394 395 394 477 
394 476 477 470 469 396 470 396 477 
477 396 395 388 396 469 392 474 478 
397 392 478 398 397 479 397 478 479 
399 398 480 398 479 480 480 401 399 
481 401 480 403 482 483 402 482 403 
404 403 484 403 483 484 405 404 485 
404 484 485 475 393 405 485 475 405 
401 481 486 406 401 486 407 406 487 
406 486 487 408 407 488 407 487 488 
410 408 489 408 488 489 411 410 490 
410 489 490 412 411 491 411 490 491 
482 402 412 491 482 412 492 493 494 
492 495 496 493 492 496 496 495 497 
498 499 500 498 501 502 499 498 502 
501 503 504 502 501 504 494 504 503 
492 494 503 492 503 415 492 415 414 
417 492 414 495 492 417 495 505 497 
495 417 505 417 419 505 420 506 419 
419 506 505 421 507 420 420 507 506 
508 509 507 508 507 422 422 507 421 
422 423 508 510 511 512 510 513 514 
511 510 514 513 515 516 514 513 516 
515 517 518 516 515 518 517 519 520 
518 517 520 519 521 522 520 519 522 
500 522 521 498 500 521 498 521 426 
498 426 425 428 498 425 501 498 428 
430 501 428 503 501 430 415 503 430 
523 509 508 524 509 523 423 433 523 
508 423 523 525 526 527 525 436 435 
525 435 526 526 435 528 512 438 510 
512 528 438 528 435 438 440 510 438 
513 510 440 441 513 440 441 529 513 
529 515 513 517 515 530 530 515 529 
519 517 531 531 517 530 443 531 444 
443 521 531 521 519 531 426 521 443 
532 524 523 533 524 532 433 446 532 
523 433 532 525 527 534 535 534 536 
447 534 535 447 525 534 447 436 525 
447 535 448 441 451 529 454 529 451 
530 529 454 456 530 454 531 530 456 
444 531 456 537 538 539 533 537 539 
532 537 533 532 458 537 532 459 458 
446 459 532 540 535 536 541 540 536 
448 540 461 535 540 448 542 538 537 
543 538 542 458 463 542 537 458 542 
465 540 541 465 541 466 466 541 544 
461 540 465 545 543 542 546 543 545 
463 467 545 542 463 545 547 548 549 
547 544 548 547 468 544 468 466 544 
550 551 552 550 471 470 550 552 471 
552 553 471 546 545 472 546 472 553 
553 472 471 467 472 545 554 555 556 
549 555 554 547 549 554 547 554 474 
547 474 473 468 547 473 557 558 559 
557 560 561 559 560 557 561 476 475 
561 560 476 560 562 476 551 550 477 
551 477 562 562 477 476 470 477 550 
554 556 563 474 554 563 474 563 478 
478 563 564 479 478 565 478 564 565 
480 479 566 479 565 566 481 567 568 
481 480 567 480 566 567 567 569 568 
570 571 572 570 483 482 570 572 483 
572 573 483 558 557 484 558 484 573 
573 484 483 485 484 557 561 485 557 
475 485 561 481 568 486 568 569 574 
568 574 486 486 574 487 488 487 575 
487 574 575 489 488 576 488 575 576 
490 489 577 489 576 577 571 570 491 
571 491 577 577 491 490 482 491 570 
578 579 580 578 581 582 579 578 582 
581 583 584 582 581 584 583 494 493 
583 493 584 584 493 585 586 587 585 
586 585 496 496 585 493 496 497 586 
588 589 590 588 591 592 589 588 592 
591 593 594 592 591 594 593 595 596 
594 593 596 595 597 598 596 595 598 
580 598 597 578 580 597 578 597 500 
578 500 499 502 578 499 581 578 502 
504 581 502 583 581 504 494 583 504 
586 599 587 497 599 586 497 505 599 
505 600 599 506 601 505 505 601 600 
602 603 601 602 601 507 507 601 506 
507 509 602 604 605 606 604 512 511 
604 511 605 605 511 607 590 514 588 
590 607 514 607 511 514 516 588 514 
591 588 516 518 591 516 593 591 518 
520 593 518 595 593 520 522 595 520 
597 595 522 500 597 522 602 608 603 
608 602 509 608 509 609 609 509 524 
526 610 527 604 606 611 604 611 526 
604 526 528 610 526 611 512 604 528 
612 613 614 612 614 609 612 609 533 
533 609 524 527 610 534 610 536 534 
610 611 536 611 615 536 539 613 612 
539 538 613 538 616 613 533 539 612 
536 615 541 615 617 541 618 619 620 
618 620 616 618 616 543 543 616 538 
621 622 623 621 617 622 621 544 617 
544 541 617 624 619 618 625 619 624 
543 546 624 618 543 624 626 627 628 
623 627 626 621 623 626 621 626 549 
621 549 548 544 621 548 552 629 630 
551 629 552 625 624 553 625 553 630 
630 553 552 546 553 624 555 631 556 
626 628 632 632 549 626 632 633 549 
555 549 631 631 549 633 634 635 636 
634 559 558 634 636 559 636 637 559 
560 559 638 559 637 638 562 560 639 
560 638 639 629 551 562 639 629 562 
556 631 563 631 633 640 631 640 563 
563 640 564 565 564 641 564 640 641 
566 565 642 565 641 642 567 566 643 
566 642 643 569 644 645 569 567 644 
567 643 644 644 646 645 647 648 649 
647 572 571 647 649 572 649 650 572 
635 634 573 635 573 650 650 573 572 
558 573 634 569 645 574 645 646 651 
645 651 574 574 651 575 576 575 652 
575 651 652 648 647 577 648 577 652 
652 577 576 571 577 647 653 654 655 
654 653 656 657 658 659 657 580 579 
657 579 658 658 579 660 582 661 579 
579 661 660 584 662 582 582 662 661 
585 663 584 584 663 662 663 585 587 
664 663 587 589 665 666 590 589 666 
592 667 589 589 667 665 655 594 653 
655 667 594 667 592 594 653 668 656 
653 594 668 594 596 668 659 598 657 
659 668 598 668 596 598 580 657 598 
587 669 664 599 669 587 600 670 599 
599 670 669 671 672 670 671 670 601 
601 670 600 601 603 671 673 674 675 
673 606 605 673 605 674 674 605 676 
607 677 605 605 677 676 666 607 590 
677 607 666 671 678 672 679 680 678 
608 679 678 608 678 671 608 671 603 
608 609 679 673 675 681 681 606 673 
681 682 606 682 611 606 614 680 679 
614 613 680 613 683 680 609 614 679 
611 682 615 682 684 615 685 686 687 
685 687 683 685 683 616 616 683 613 
615 684 617 684 688 617 620 686 685 
620 619 686 619 689 686 616 620 685 
622 690 691 623 622 691 688 622 617 
690 622 688 619 625 689 689 625 692 
693 694 695 693 628 627 693 627 694 
694 627 696 691 627 623 696 627 691 
697 698 699 697 630 629 697 699 630 
699 700 630 692 625 630 700 692 630 
693 695 701 628 693 701 628 701 632 
632 701 702 702 633 632 703 633 702 
704 705 706 704 636 635 704 706 636 
706 707 636 637 636 708 636 707 708 
638 637 709 637 708 709 698 697 639 
698 639 709 709 639 638 629 639 697 
633 703 710 640 633 710 641 640 711 
640 710 711 642 641 712 641 711 712 
643 642 713 642 712 713 644 643 714 
643 713 714 646 715 716 646 644 715 
644 714 715 716 717 718 715 717 716 
718 649 648 718 717 649 717 719 649 
705 704 650 705 650 719 719 650 649 
635 650 704 646 716 651 652 651 716 
718 652 716 648 652 718 654 720 721 
655 654 721 720 654 656 722 720 656 
658 723 724 659 658 724 660 725 658 
658 725 723 661 726 660 660 726 725 
662 727 661 661 727 726 728 729 727 
728 727 663 663 727 662 663 664 728 
730 731 732 730 666 665 730 665 731 
731 665 733 667 734 665 665 734 733 
721 667 655 734 667 721 656 735 722 
668 735 656 724 668 659 735 668 724 
728 736 729 664 736 728 664 669 736 
669 737 736 738 739 737 738 737 670 
670 737 669 670 672 738 674 740 741 
675 674 741 676 742 674 674 742 740 
732 677 730 732 742 677 742 676 677 
666 730 677 738 743 739 744 745 743 
678 744 743 678 743 738 678 738 672 
678 680 744 675 741 746 681 675 746 
746 682 681 747 682 746 748 745 744 
749 745 748 680 683 748 744 680 748 
682 747 684 747 750 684 687 749 748 
687 686 749 686 751 749 683 687 748 
752 753 754 752 750 753 752 688 750 
688 684 750 755 756 757 755 757 751 
755 751 689 689 751 686 758 759 760 
758 761 762 759 758 762 754 762 761 
752 754 761 752 761 691 752 691 690 
688 752 690 763 756 755 764 756 763 
689 692 763 755 689 763 694 758 760 
694 760 695 695 760 765 696 758 694 
761 758 696 691 761 696 766 767 768 
766 699 698 766 768 699 768 769 699 
764 763 700 764 700 769 769 700 699 
692 700 763 695 765 770 701 695 770 
702 701 771 701 770 771 703 772 773 
703 702 772 702 771 772 772 774 773 
775 776 777 775 706 705 775 777 706 
777 778 706 707 706 779 706 778 779 
708 707 780 707 779 780 767 766 709 
767 709 780 780 709 708 698 709 766 
703 773 710 773 774 781 773 781 710 
710 781 711 712 711 782 711 781 782 
713 712 783 712 782 783 714 713 784 
713 783 784 715 714 785 714 784 785 
717 715 786 715 785 786 776 775 719 
776 719 786 786 719 717 705 719 775 
720 787 788 721 720 788 722 789 790 
722 790 720 720 790 787 789 724 723 
789 723 790 790 723 791 725 792 723 
723 792 791 726 793 725 725 793 792 
727 794 726 726 794 793 794 727 729 
795 794 729 796 797 798 796 732 731 
796 731 797 797 731 799 733 800 731 
731 800 799 734 801 733 733 801 800 
788 734 721 801 734 788 722 735 789 
724 789 735 729 802 795 736 802 729 
737 803 736 736 803 802 803 737 739 
804 803 739 805 806 807 805 741 740 
805 740 806 806 740 808 798 742 796 
798 808 742 808 740 742 732 796 742 
739 809 804 743 809 739 809 743 745 
810 809 745 805 807 811 812 811 813 
746 811 812 746 805 811 746 741 805 
746 812 747 814 815 816 814 816 810 
814 810 749 749 810 745 817 812 813 
818 817 813 747 817 750 812 817 747 
819 815 814 820 815 819 749 751 819 
814 749 819 821 822 823 818 822 821 
817 818 821 817 821 754 817 754 753 
750 817 753 757 820 819 757 756 820 
756 824 820 751 757 819 759 825 826 
760 759 826 823 762 821 823 825 762 
825 759 762 754 821 762 827 828 829 
827 829 824 827 824 764 764 824 756 
760 826 765 826 830 765 831 832 833 
831 834 835 833 834 831 834 836 835 
768 837 838 767 837 768 828 827 769 
828 769 838 838 769 768 764 769 827 
765 830 839 770 765 839 771 770 840 
770 839 840 772 771 841 771 840 841 
841 774 772 842 774 841 843 844 845 
843 777 776 843 845 777 845 846 777 
832 831 778 832 778 846 846 778 777 
779 778 831 835 779 831 835 836 847 
835 847 779 779 847 780 837 767 780 
847 837 780 774 842 848 781 774 848 
782 781 849 781 848 849 783 782 850 
782 849 850 784 783 851 783 850 851 
785 784 852 784 851 852 844 843 786 
844 786 852 852 786 785 776 786 843 
853 854 855 854 853 856 787 857 858 
788 787 858 855 790 853 855 857 790 
857 787 790 853 859 856 853 790 859 
790 791 859 792 860 791 791 860 859 
861 862 860 861 860 793 793 860 792 
793 794 863 861 793 863 794 795 863 
864 865 866 864 798 797 864 797 865 
865 797 867 799 868 797 797 868 867 
800 869 799 799 869 868 801 870 800 
800 870 869 858 801 788 870 801 858 
861 871 862 863 871 861 872 871 863 
795 872 863 795 802 872 802 873 872 
874 875 873 874 873 803 803 873 802 
803 804 874 876 877 878 876 807 806 
876 806 877 877 806 879 866 808 864 
866 879 808 879 806 808 798 864 808 
880 875 874 881 875 880 804 809 882 
804 882 874 874 882 880 809 810 882 
876 878 883 884 883 885 811 883 884 
811 876 883 811 807 876 811 884 813 
886 881 880 887 881 886 816 815 886 
816 886 882 882 886 880 810 816 882 
884 885 888 888 813 884 888 889 813 
889 818 813 890 887 886 891 887 890 
815 820 890 886 815 890 822 892 893 
823 822 893 889 822 818 892 822 889 
894 891 890 895 891 894 820 824 894 
890 820 894 825 896 897 826 825 897 
893 825 823 896 825 893 829 895 894 
829 828 895 828 898 895 824 829 894 
899 900 830 899 830 897 897 830 826 
899 901 900 902 903 904 902 833 832 
902 904 833 904 905 833 834 833 906 
833 905 906 836 907 908 836 834 907 
834 906 907 908 838 837 908 907 838 
907 909 838 898 828 838 909 898 838 
830 900 839 900 901 910 900 910 839 
839 910 840 841 840 911 840 910 911 
911 842 841 912 842 911 845 913 914 
844 913 845 903 902 846 903 846 914 
914 846 845 832 846 902 836 908 847 
837 847 908 842 912 915 848 842 915 
849 848 916 848 915 916 850 849 917 
849 916 917 851 850 918 850 917 918 
852 851 919 851 918 919 913 844 852 
919 913 852 854 920 855 854 856 920 
921 922 923 921 924 925 922 921 925 
924 858 857 924 857 925 925 857 926 
920 857 855 920 927 857 927 926 857 
856 927 920 856 859 927 859 928 927 
860 929 859 859 929 928 929 860 862 
930 929 862 931 932 933 931 866 865 
931 865 932 932 865 934 867 935 865 
865 935 934 868 936 867 867 936 935 
923 869 921 923 936 869 936 868 869 
870 921 869 924 921 870 858 924 870 
937 862 871 937 938 862 938 930 862 
871 872 939 937 871 939 872 873 940 
939 872 940 873 875 940 877 941 878 
931 933 942 931 942 877 931 877 879 
941 877 942 866 931 879 937 943 938 
939 943 937 944 943 939 944 945 946 
944 939 945 939 940 945 875 881 945 
940 875 945 878 941 883 885 947 948 
883 947 885 883 942 947 883 941 942 
947 949 948 950 946 945 951 946 950 
881 887 950 945 881 950 948 888 885 
952 953 954 954 949 952 954 889 949 
948 949 888 888 949 889 950 955 951 
955 950 887 955 887 956 956 887 891 
957 958 959 957 960 961 958 957 961 
953 961 960 954 953 960 954 960 893 
954 893 892 889 954 892 891 895 956 
956 895 962 957 959 963 960 957 963 
960 963 964 965 897 896 964 893 960 
964 966 893 896 893 965 965 893 966 
967 968 969 967 970 971 969 970 967 
971 972 973 970 972 971 972 974 973 
975 976 977 975 977 962 975 962 898 
898 962 895 897 965 899 901 978 979 
899 978 901 899 966 978 899 965 966 
979 980 981 978 980 979 980 982 981 
983 984 985 968 983 985 967 983 968 
967 903 983 967 904 903 905 904 967 
971 905 967 906 905 971 973 906 971 
973 974 986 973 986 906 906 986 907 
976 975 909 976 909 986 986 909 907 
898 909 975 901 979 910 911 910 979 
981 911 979 912 987 988 911 987 912 
911 982 987 911 981 982 988 989 990 
987 989 988 990 991 992 989 991 990 
992 993 994 991 993 992 994 995 996 
993 995 994 984 996 995 983 996 984 
983 913 996 983 914 913 903 914 983 
912 988 915 916 915 988 990 916 988 
917 916 990 992 917 990 918 917 992 
994 918 992 919 918 994 996 919 994 
913 919 996 997 998 999 997 923 922 
997 922 998 998 922 1000 925 1001 922 
922 1001 1000 926 1002 925 925 1002 1001 
927 1003 926 926 1003 1002 928 1004 927 
927 1004 1003 1005 1006 1004 1005 1004 929 
929 1004 928 929 930 1005 1007 1008 1009 
1007 933 932 1007 932 1008 1008 932 1010 
934 1011 932 932 1011 1010 935 1012 934 
934 1012 1011 999 936 997 999 1012 936 
1012 935 936 923 997 936 1013 1006 1005 
1014 1006 1013 930 938 1013 1005 930 1013 
1015 1016 1017 1009 1016 1015 1009 1015 1007 
1007 1015 1018 933 1018 942 1007 1018 933 
1013 1019 1014 1020 1021 1019 943 1020 1019 
943 1019 1013 943 1013 938 943 944 1022 
1020 943 1022 944 946 1022 1015 1017 1023 
1018 1015 1023 1024 1018 1023 1025 1024 1026 
947 1024 1025 947 1018 1024 947 942 1018 
947 1025 949 1020 1027 1021 1022 1027 1020 
1028 1027 1022 1028 1022 946 1028 946 1029 
1029 946 951 1030 1031 1032 1030 1033 1034 
1031 1030 1034 1026 1034 1033 1025 1026 1033 
1025 1033 953 1025 953 952 949 1025 952 
951 1035 1029 955 1035 951 1035 955 956 
1036 1035 956 958 1030 1032 958 1032 959 
959 1032 1037 961 1030 958 1033 1030 961 
953 1033 961 1038 1039 1040 1038 1040 1036 
1038 1036 962 962 1036 956 959 1037 1041 
963 959 1041 964 963 1042 963 1041 1042 
966 1043 1044 966 964 1043 964 1042 1043 
1043 1045 1044 969 1046 1047 968 1046 969 
970 969 1048 969 1047 1048 972 970 1049 
970 1048 1049 974 1050 1051 974 972 1050 
972 1049 1050 1039 1051 1050 1038 1051 1039 
1038 976 1051 1038 977 976 962 977 1038 
966 1044 978 1044 1045 1052 1044 1052 978 
978 1052 980 1052 982 980 1053 982 1052 
985 1054 1055 984 1054 985 1046 968 985 
1055 1046 985 974 1051 986 976 986 1051 
982 1053 1056 987 982 1056 989 987 1057 
987 1056 1057 991 989 1058 989 1057 1058 
993 991 1059 991 1058 1059 995 993 1060 
993 1059 1060 1054 984 995 1060 1054 995 
1061 1062 1063 1061 1064 1065 1062 1061 1065 
1064 999 998 1064 998 1065 1065 998 1066 
1000 1067 998 998 1067 1066 1001 1068 1000 
1000 1068 1067 1002 1069 1001 1001 1069 1068 
1003 1070 1002 1002 1070 1069 1071 1072 1070 
1071 1070 1004 1004 1070 1003 1004 1006 1071 
1008 1073 1074 1009 1008 1074 1010 1075 1008 
1008 1075 1073 1063 1011 1061 1063 1075 1011 
1075 1010 1011 1012 1061 1011 1064 1061 1012 
999 1064 1012 1071 1076 1072 1076 1071 1006 
1076 1006 1077 1077 1006 1014 1016 1078 1017 
1016 1079 1078 1016 1009 1079 1009 1074 1079 
1014 1080 1077 1019 1080 1014 1021 1081 1082 
1021 1082 1019 1019 1082 1080 1082 1081 1083 
1017 1078 1023 1078 1024 1023 1078 1084 1024 
1078 1079 1084 1084 1085 1024 1024 1085 1026 
1021 1027 1081 1081 1086 1083 1081 1027 1086 
1027 1028 1086 1086 1028 1029 1087 1086 1029 
1031 1088 1089 1032 1031 1089 1084 1034 1085 
1084 1088 1034 1088 1031 1034 1026 1085 1034 
1029 1090 1087 1035 1090 1029 1090 1035 1036 
1091 1090 1036 1092 1093 1037 1092 1037 1089 
1089 1037 1032 1092 1094 1093 1095 1096 1097 
1095 1098 1099 1097 1098 1095 1099 1100 1101 
1098 1100 1099 1101 1040 1039 1101 1100 1040 
1100 1102 1040 1091 1036 1040 1102 1091 1040 
1037 1093 1041 1093 1094 1103 1093 1103 1041 
1041 1103 1042 1043 1042 1104 1042 1103 1104 
1104 1045 1043 1105 1045 1104 1106 1107 1108 
1106 1047 1046 1106 1108 1047 1108 1109 1047 
1096 1095 1048 1096 1048 1109 1109 1048 1047 
1049 1048 1095 1099 1049 1095 1050 1049 1099 
1101 1050 1099 1039 1050 1101 1045 1105 1110 
1052 1045 1110 1053 1111 1112 1053 1052 1111 
1052 1110 1111 1112 1113 1114 1111 1113 1112 
1114 1115 1116 1113 1115 1114 1116 1117 1118 
1115 1117 1116 1118 1119 1120 1117 1119 1118 
1107 1120 1119 1106 1120 1107 1106 1054 1120 
1106 1055 1054 1046 1055 1106 1053 1112 1056 
1057 1056 1112 1114 1057 1112 1058 1057 1114 
1116 1058 1114 1059 1058 1116 1118 1059 1116 
1060 1059 1118 1120 1060 1118 1054 1060 1120 
1121 1122 1123 1121 1063 1062 1121 1062 1122 
1122 1062 1124 1065 1125 1062 1062 1125 1124 
1066 1126 1065 1065 1126 1125 1067 1127 1066 
1066 1127 1126 1068 1128 1067 1067 1128 1127 
1069 1129 1068 1068 1129 1128 1070 1130 1069 
1069 1130 1129 1130 1070 1072 1131 1130 1072 
1132 1133 1134 1132 1074 1073 1132 1073 1133 
1133 1073 1135 1123 1075 1121 1123 1135 1075 
1135 1073 1075 1063 1121 1075 1072 1136 1131 
1076 1136 1072 1136 1076 1077 1137 1136 1077 
1132 1134 1138 1138 1074 1132 1138 1139 1074 
1139 1079 1074 1077 1140 1137 1080 1140 1077 
1082 1141 1080 1080 1141 1140 1083 1142 1143 
1083 1143 1082 1082 1143 1141 1143 1142 1144 
1079 1139 1084 1139 1145 1084 1083 1086 1142 
1087 1146 1147 1086 1087 1147 1086 1147 1144 
1086 1144 1142 1147 1146 1148 1088 1149 1150 
1089 1088 1150 1145 1088 1084 1149 1088 1145 
1151 1087 1090 1151 1152 1087 1146 1087 1153 
1153 1087 1152 1146 1153 1148 1090 1091 1151 
1089 1150 1154 1092 1089 1154 1154 1094 1092 
1155 1094 1154 1097 1156 1157 1096 1156 1097 
1098 1097 1158 1097 1157 1158 1100 1098 1159 
1098 1158 1159 1152 1151 1102 1152 1102 1159 
1159 1102 1100 1091 1102 1151 1094 1155 1160 
1103 1094 1160 1104 1103 1161 1103 1160 1161 
1161 1105 1104 1162 1105 1161 1108 1163 1164 
1107 1163 1108 1109 1108 1165 1108 1164 1165 
1156 1096 1109 1165 1156 1109 1105 1162 1166 
1110 1105 1166 1111 1110 1167 1110 1166 1167 
1113 1111 1168 1111 1167 1168 1115 1113 1169 
1113 1168 1169 1117 1115 1170 1115 1169 1170 
1119 1117 1171 1117 1170 1171 1163 1107 1119 
1171 1163 1119 1172 1173 1174 1172 1175 1176 
1173 1172 1176 1175 1177 1178 1176 1175 1178 
1178 1177 1179 1180 1181 1182 1180 1123 1122 
1180 1122 1181 1181 1122 1183 1124 1184 1122 
1122 1184 1183 1125 1185 1124 1124 1185 1184 
1126 1186 1125 1125 1186 1185 1174 1127 1172 
1174 1186 1127 1186 1126 1127 1128 1172 1127 
1175 1172 1128 1129 1175 1128 1177 1175 1129 
1177 1187 1179 1177 1129 1187 1129 1130 1187 
1187 1130 1131 1188 1187 1131 1133 1189 1190 
1134 1133 1190 1182 1135 1180 1182 1189 1135 
1189 1133 1135 1123 1180 1135 1131 1191 1188 
1136 1191 1131 1137 1192 1193 1137 1193 1136 
1136 1193 1191 1193 1192 1194 1134 1190 1195 
1138 1134 1195 1195 1139 1138 1196 1139 1195 
1137 1140 1192 1192 1197 1194 1192 1140 1197 
1140 1141 1197 1143 1198 1141 1141 1198 1197 
1198 1143 1144 1199 1198 1144 1139 1196 1145 
1196 1200 1145 1144 1201 1199 1147 1201 1144 
1201 1147 1148 1202 1201 1148 1149 1203 1204 
1150 1149 1204 1200 1149 1145 1203 1149 1200 
1205 1206 1207 1205 1208 1209 1207 1208 1205 
1209 1153 1152 1209 1208 1153 1208 1210 1153 
1202 1148 1153 1210 1202 1153 1150 1204 1211 
1154 1150 1211 1155 1212 1213 1155 1154 1212 
1154 1211 1212 1212 1214 1213 1157 1215 1216 
1156 1215 1157 1206 1205 1158 1206 1158 1216 
1216 1158 1157 1159 1158 1205 1209 1159 1205 
1152 1159 1209 1155 1213 1160 1213 1214 1217 
1213 1217 1160 1160 1217 1161 1162 1218 1219 
1162 1161 1218 1161 1217 1218 1219 1220 1221 
1218 1220 1219 1220 1222 1221 1223 1224 1225 
1223 1164 1163 1223 1225 1164 1225 1226 1164 
1165 1164 1227 1164 1226 1227 1215 1156 1165 
1227 1215 1165 1162 1219 1166 1167 1166 1219 
1221 1167 1219 1221 1222 1228 1221 1228 1167 
1167 1228 1168 1169 1168 1229 1168 1228 1229 
1170 1169 1230 1169 1229 1230 1224 1223 1171 
1224 1171 1230 1230 1171 1170 1163 1171 1223 
1231 1232 1233 1231 1234 1235 1232 1231 1235 
1234 1174 1173 1234 1173 1235 1235 1173 1236 
1176 1237 1173 1173 1237 1236 1178 1238 1176 
1176 1238 1237 1238 1178 1179 1239 1238 1179 
1181 1240 1241 1182 1181 1241 1183 1242 1181 
1181 1242 1240 1184 1243 1183 1183 1243 1242 
1233 1185 1231 1233 1243 1185 1243 1184 1185 
1186 1231 1185 1234 1231 1186 1174 1234 1186 
1179 1244 1239 1187 1244 1179 1188 1245 1246 
1188 1246 1187 1187 1246 1244 1245 1247 1248 
1246 1245 1248 1248 1247 1249 1189 1250 1190 
1189 1251 1250 1189 1182 1251 1182 1241 1251 
1188 1191 1245 1193 1245 1191 1247 1245 1193 
1194 1252 1253 1193 1194 1253 1193 1253 1249 
1193 1249 1247 1253 1252 1254 1190 1250 1195 
1250 1196 1195 1250 1251 1196 1251 1255 1196 
1194 1197 1252 1252 1256 1254 1252 1197 1256 
1197 1198 1256 1256 1198 1199 1257 1256 1199 
1258 1259 1260 1258 1255 1259 1258 1200 1255 
1200 1196 1255 1199 1261 1257 1201 1261 1199 
1261 1201 1202 1262 1261 1202 1203 1258 1260 
1203 1260 1204 1204 1260 1263 1200 1258 1203 
1264 1265 1266 1264 1207 1206 1264 1266 1207 
1266 1267 1207 1208 1207 1268 1207 1267 1268 
1210 1208 1269 1208 1268 1269 1262 1202 1210 
1269 1262 1210 1204 1263 1270 1211 1204 1270 
1212 1211 1271 1211 1270 1271 1214 1272 1273 
1214 1212 1272 1212 1271 1272 1272 1274 1273 
1275 1276 1277 1265 1275 1277 1264 1275 1265 
1264 1215 1275 1264 1216 1215 1206 1216 1264 
1214 1273 1217 1273 1274 1278 1273 1278 1217 
1217 1278 1218 1220 1218 1279 1218 1278 1279 
1222 1280 1281 1222 1220 1280 1220 1279 1280 
1281 1282 1283 1280 1282 1281 1283 1284 1285 
1282 1284 1283 1285 1225 1224 1285 1284 1225 
1284 1286 1225 1226 1225 1287 1225 1286 1287 
1276 1275 1227 1276 1227 1287 1287 1227 1226 
1215 1227 1275 1222 1281 1228 1229 1228 1281 
1283 1229 1281 1230 1229 1283 1285 1230 1283 
1224 1230 1285 1288 1289 1290 1288 1233 1232 
1288 1232 1289 1289 1232 1291 1235 1292 1232 
1232 1292 1291 1236 1293 1235 1235 1293 1292 
1237 1294 1236 1236 1294 1293 1238 1295 1237 
1237 1295 1294 1295 1238 1239 1296 1295 1239 
1240 1297 1298 1241 1240 1298 1242 1299 1240 
1240 1299 1297 1290 1243 1288 1290 1299 1243 
1299 1242 1243 1233 1288 1243 1239 1300 1296 
1244 1300 1239 1246 1301 1244 1244 1301 1300 
1248 1302 1246 1246 1302 1301 1302 1248 1249 
1303 1302 1249 1304 1305 1251 1304 1251 1298 
1298 1251 1241 1304 1306 1305 1249 1307 1303 
1253 1307 1249 1307 1253 1254 1308 1307 1254 
1305 1309 1310 1305 1310 1251 1251 1310 1255 
1306 1309 1305 1254 1311 1308 1256 1311 1254 
1257 1312 1313 1257 1313 1256 1256 1313 1311 
1313 1312 1314 1259 1315 1316 1260 1259 1316 
1310 1259 1255 1315 1259 1310 1257 1261 1312 
1312 1261 1262 1312 1262 1314 1314 1262 1317 
1318 1319 1263 1318 1263 1316 1316 1263 1260 
1319 1320 1321 1318 1320 1319 1320 1322 1321 
1266 1323 1324 1265 1323 1266 1267 1266 1325 
1266 1324 1325 1268 1267 1326 1267 1325 1326 
1269 1268 1327 1268 1326 1327 1317 1262 1269 
1327 1317 1269 1263 1319 1270 1271 1270 1319 
1321 1271 1319 1321 1322 1328 1321 1328 1271 
1271 1328 1272 1274 1329 1330 1274 1272 1329 
1272 1328 1329 1329 1331 1330 1332 1333 1334 
1332 1277 1276 1332 1334 1277 1334 1335 1277 
1323 1265 1277 1335 1323 1277 1274 1330 1278 
1330 1331 1336 1330 1336 1278 1278 1336 1279 
1280 1279 1337 1279 1336 1337 1282 1280 1338 
1280 1337 1338 1284 1282 1339 1282 1338 1339 
1286 1284 1340 1284 1339 1340 1333 1332 1287 
1333 1287 1340 1340 1287 1286 1276 1287 1332 
1341 1342 1343 1341 1290 1289 1341 1289 1342 
1342 1289 1344 1291 1345 1289 1289 1345 1344 
1292 1346 1291 1291 1346 1345 1293 1347 1292 
1292 1347 1346 1294 1348 1293 1293 1348 1347 
1295 1349 1294 1294 1349 1348 1296 1350 1351 
1296 1351 1295 1295 1351 1349 1351 1350 1352 
1297 1353 1354 1298 1297 1354 1343 1299 1341 
1343 1353 1299 1353 1297 1299 1290 1341 1299 
1296 1300 1350 1350 1355 1352 1350 1300 1355 
1300 1301 1355 1302 1356 1301 1301 1356 1355 
1303 1357 1358 1303 1358 1302 1302 1358 1356 
1358 1357 1359 1298 1354 1360 1304 1298 1360 
1360 1306 1304 1361 1306 1360 1303 1307 1357 
1308 1362 1363 1307 1308 1363 1307 1363 1359 
1307 1359 1357 1362 1364 1365 1363 1362 1365 
1365 1364 1366 1309 1367 1368 1310 1309 1368 
1361 1309 1306 1367 1309 1361 1308 1311 1362 
1313 1362 1311 1364 1362 1313 1314 1369 1370 
1313 1314 1370 1313 1370 1366 1313 1366 1364 
1370 1369 1371 1315 1372 1373 1316 1315 1373 
1368 1315 1310 1372 1315 1368 1374 1375 1376 
1374 1377 1378 1376 1377 1374 1369 1377 1379 
1369 1317 1377 1369 1314 1317 1317 1378 1377 
1371 1369 1379 1316 1373 1380 1318 1316 1380 
1320 1318 1381 1318 1380 1381 1322 1382 1383 
1322 1320 1382 1320 1381 1382 1382 1384 1383 
1324 1385 1386 1323 1385 1324 1325 1324 1387 
1324 1386 1387 1375 1374 1326 1375 1326 1387 
1387 1326 1325 1327 1326 1374 1378 1327 1374 
1317 1327 1378 1322 1383 1328 1383 1384 1388 
1383 1388 1328 1328 1388 1329 1388 1331 1329 
1389 1331 1388 1390 1391 1392 1392 1393 1390 
1334 1394 1395 1333 1394 1334 1335 1334 1396 
1334 1395 1396 1385 1323 1335 1396 1385 1335 
1331 1389 1397 1336 1331 1397 1391 1390 1337 
1391 1337 1397 1397 1337 1336 1390 1393 1398 
1390 1398 1337 1337 1398 1338 1339 1338 1399 
1338 1398 1399 1340 1339 1400 1339 1399 1400 
1394 1333 1340 1400 1394 1340 1401 1402 1403 
1401 1404 1405 1402 1401 1405 1405 1404 1406 
1342 1407 1408 1343 1342 1408 1344 1409 1342 
1342 1409 1407 1345 1410 1344 1344 1410 1409 
1403 1346 1401 1403 1410 1346 1410 1345 1346 
1347 1401 1346 1404 1401 1347 1404 1411 1406 
1404 1347 1411 1347 1348 1411 1349 1412 1348 
1348 1412 1411 1351 1413 1349 1349 1413 1412 
1413 1351 1352 1414 1413 1352 1353 1415 1416 
1354 1353 1416 1408 1353 1343 1415 1353 1408 
1352 1417 1414 1355 1417 1352 1356 1418 1355 
1355 1418 1417 1358 1419 1356 1356 1419 1418 
1359 1420 1421 1359 1421 1358 1358 1421 1419 
1421 1420 1422 1423 1360 1354 1423 1354 1424 
1424 1354 1416 1360 1423 1361 1359 1363 1420 
1420 1425 1422 1420 1363 1425 1363 1365 1425 
1366 1426 1427 1366 1427 1365 1365 1427 1425 
1427 1426 1428 1429 1430 1431 1424 1430 1429 
1423 1424 1429 1423 1429 1368 1423 1368 1367 
1361 1423 1367 1366 1370 1426 1426 1370 1371 
1426 1371 1428 1428 1371 1432 1372 1433 1373 
1429 1431 1434 1434 1368 1429 1434 1435 1368 
1372 1368 1433 1433 1368 1435 1436 1437 1438 
1436 1439 1440 1438 1439 1436 1440 1376 1375 
1440 1439 1376 1439 1441 1376 1377 1376 1442 
1376 1441 1442 1379 1377 1443 1377 1442 1443 
1432 1371 1379 1443 1432 1379 1373 1433 1380 
1433 1435 1444 1433 1444 1380 1380 1444 1381 
1382 1381 1445 1381 1444 1445 1445 1384 1382 
1446 1384 1445 1447 1448 1449 1437 1447 1449 
1436 1447 1437 1436 1385 1447 1436 1386 1385 
1387 1386 1436 1440 1387 1436 1375 1387 1440 
1384 1446 1450 1388 1384 1450 1389 1451 1452 
1389 1388 1451 1388 1450 1451 1452 1392 1391 
1452 1451 1392 1451 1453 1392 1393 1454 1455 
1393 1392 1454 1392 1453 1454 1455 1456 1457 
1454 1456 1455 1457 1458 1459 1456 1458 1457 
1459 1395 1394 1459 1458 1395 1458 1460 1395 
1448 1447 1396 1448 1396 1460 1460 1396 1395 
1385 1396 1447 1389 1452 1397 1391 1397 1452 
1393 1455 1398 1399 1398 1455 1457 1399 1455 
1400 1399 1457 1459 1400 1457 1394 1400 1459 
1402 1461 1462 1403 1402 1462 1405 1463 1402 
1402 1463 1461 1463 1405 1406 1464 1463 1406 
1407 1465 1466 1408 1407 1466 1409 1467 1407 
1407 1467 1465 1410 1468 1409 1409 1468 1467 
1462 1410 1403 1468 1410 1462 1406 1469 1464 
1411 1469 1406 1412 1470 1411 1411 1470 1469 
1413 1471 1412 1412 1471 1470 1471 1413 1414 
1472 1471 1414 1473 1474 1475 1474 1473 1476 
1415 1477 1416 1415 1478 1477 1415 1408 1478 
1408 1466 1478 1414 1479 1472 1417 1479 1414 
1418 1480 1417 1417 1480 1479 1419 1481 1418 
1418 1481 1480 1475 1421 1473 1475 1481 1421 
1481 1419 1421 1422 1482 1483 1421 1422 1483 
1421 1483 1476 1421 1476 1473 1483 1482 1484 
1477 1485 1486 1477 1486 1416 1416 1486 1424 
1478 1485 1477 1422 1425 1482 1482 1487 1484 
1482 1425 1487 1425 1427 1487 1428 1488 1489 
1428 1489 1427 1427 1489 1487 1489 1488 1490 
1430 1491 1492 1431 1430 1492 1486 1430 1424 
1491 1430 1486 1488 1493 1494 1488 1428 1493 
1428 1432 1493 1490 1488 1494 1431 1492 1495 
1434 1431 1495 1435 1496 1497 1435 1434 1496 
1434 1495 1496 1496 1498 1497 1438 1499 1500 
1437 1499 1438 1439 1438 1501 1438 1500 1501 
1441 1439 1502 1439 1501 1502 1442 1441 1503 
1441 1502 1503 1443 1442 1504 1442 1503 1504 
1493 1432 1443 1504 1493 1443 1435 1497 1444 
1497 1498 1505 1497 1505 1444 1444 1505 1445 
1446 1506 1507 1446 1445 1506 1445 1505 1506 
1507 1508 1509 1506 1508 1507 1508 1510 1509 
1511 1512 1513 1511 1514 1515 1513 1514 1511 
1515 1449 1448 1515 1514 1449 1514 1516 1449 
1499 1437 1449 1516 1499 1449 1446 1507 1450 
1451 1450 1507 1509 1451 1507 1509 1510 1517 
1509 1517 1451 1451 1517 1453 1454 1453 1518 
1453 1517 1518 1456 1454 1519 1454 1518 1519 
1512 1511 1458 1512 1458 1519 1519 1458 1456 
1460 1458 1511 1515 1460 1511 1448 1460 1515 
1461 1520 1521 1462 1461 1521 1463 1522 1461 
1461 1522 1520 1522 1463 1464 1523 1522 1464 
1465 1524 1525 1466 1465 1525 1467 1526 1465 
1465 1526 1524 1468 1527 1467 1467 1527 1526 
1521 1468 1462 1527 1468 1521 1464 1528 1523 
1469 1528 1464 1470 1529 1469 1469 1529 1528 
1471 1530 1470 1470 1530 1529 1472 1531 1532 
1472 1532 1471 1471 1532 1530 1532 1531 1533 
1534 1535 1536 1534 1475 1474 1534 1474 1535 
1535 1474 1537 1537 1474 1476 1538 1537 1476 
1466 1525 1478 1525 1539 1478 1472 1479 1531 
1531 1540 1533 1531 1479 1540 1479 1480 1540 
1536 1481 1534 1536 1540 1481 1540 1480 1481 
1475 1534 1481 1476 1541 1538 1483 1541 1476 
1484 1542 1543 1484 1543 1483 1483 1543 1541 
1543 1542 1544 1485 1545 1486 1485 1546 1545 
1485 1478 1546 1478 1539 1546 1484 1487 1542 
1542 1547 1544 1542 1487 1547 1487 1489 1547 
1547 1489 1490 1548 1547 1490 1491 1549 1492 
1491 1550 1549 1486 1550 1491 1486 1551 1550 
1486 1545 1551 1546 1551 1545 1552 1553 1554 
1552 1555 1556 1554 1555 1552 1556 1557 1558 
1555 1557 1556 1558 1494 1493 1558 1557 1494 
1557 1559 1494 1548 1490 1494 1559 1548 1494 
1492 1549 1495 1549 1550 1560 1549 1560 1495 
1495 1560 1496 1498 1561 1562 1498 1496 1561 
1496 1560 1561 1562 1563 1564 1561 1563 1562 
1563 1565 1564 1566 1567 1568 1566 1500 1499 
1566 1568 1500 1568 1569 1500 1501 1500 1570 
1500 1569 1570 1553 1552 1502 1553 1502 1570 
1570 1502 1501 1503 1502 1552 1556 1503 1552 
1504 1503 1556 1558 1504 1556 1493 1504 1558 
1498 1562 1505 1506 1505 1562 1564 1506 1562 
1564 1565 1571 1564 1571 1506 1506 1571 1508 
1510 1572 1573 1510 1508 1572 1508 1571 1572 
1573 1574 1575 1572 1574 1573 1575 1576 1577 
1574 1576 1575 1577 1513 1512 1577 1576 1513 
1576 1578 1513 1514 1513 1579 1513 1578 1579 
1567 1566 1516 1567 1516 1579 1579 1516 1514 
1499 1516 1566 1510 1573 1517 1518 1517 1573 
1575 1518 1573 1519 1518 1575 1577 1519 1575 
1512 1519 1577 1580 1581 1582 1580 1521 1520 
1580 1520 1581 1581 1520 1583 1522 1584 1520 
1520 1584 1583 1584 1522 1523 1585 1584 1523 
1524 1586 1587 1525 1524 1587 1526 1588 1524 
1524 1588 1586 1582 1527 1580 1582 1588 1527 
1588 1526 1527 1521 1580 1527 1523 1589 1585 
1528 1589 1523 1529 1590 1528 1528 1590 1589 
1530 1591 1529 1529 1591 1590 1532 1592 1530 
1530 1592 1591 1533 1593 1594 1533 1594 1532 
1532 1594 1592 1593 1536 1535 1593 1535 1594 
1594 1535 1595 1537 1596 1535 1535 1596 1595 
1538 1597 1598 1538 1598 1537 1537 1598 1596 
1597 1599 1600 1598 1597 1600 1600 1599 1601 
1525 1587 1539 1587 1602 1539 1533 1540 1593 
1536 1593 1540 1538 1541 1597 1543 1597 1541 
1599 1597 1543 1544 1603 1604 1543 1544 1604 
1543 1604 1601 1543 1601 1599 1604 1603 1605 
1539 1602 1546 1602 1606 1546 1544 1547 1603 
1603 1547 1548 1603 1548 1605 1605 1548 1607 
1551 1608 1609 1550 1551 1609 1606 1551 1546 
1608 1551 1606 1610 1611 1612 1610 1554 1553 
1610 1612 1554 1612 1613 1554 1555 1554 1614 
1554 1613 1614 1557 1555 1615 1555 1614 1615 
1559 1557 1616 1557 1615 1616 1607 1548 1559 
1616 1607 1559 1550 1609 1617 1560 1550 1617 
1561 1560 1618 1560 1617 1618 1563 1561 1619 
1561 1618 1619 1565 1620 1621 1565 1563 1620 
1563 1619 1620 1620 1622 1621 1568 1623 1624 
1567 1623 1568 1569 1568 1625 1568 1624 1625 
1611 1610 1570 1611 1570 1625 1625 1570 1569 
1553 1570 1610 1565 1621 1571 1621 1622 1626 
1621 1626 1571 1571 1626 1572 1574 1572 1627 
1572 1626 1627 1576 1574 1628 1574 1627 1628 
1578 1576 1629 1576 1628 1629 1579 1578 1630 
1578 1629 1630 1623 1567 1579 1630 1623 1579 
1581 1631 1632 1582 1581 1632 1583 1633 1581 
1581 1633 1631 1584 1634 1583 1583 1634 1633 
1634 1584 1585 1635 1634 1585 1586 1636 1637 
1587 1586 1637 1588 1638 1586 1586 1638 1636 
1632 1588 1582 1638 1588 1632 1585 1639 1635 
1589 1639 1585 1590 1640 1589 1589 1640 1639 
1591 1641 1590 1590 1641 1640 1592 1642 1591 
1591 1642 1641 1594 1643 1592 1592 1643 1642 
1595 1644 1594 1594 1644 1643 1596 1645 1595 
1595 1645 1644 1598 1646 1596 1596 1646 1645 
1600 1647 1598 1598 1647 1646 1601 1648 1649 
1601 1649 1600 1600 1649 1647 1649 1648 1650 
1587 1637 1602 1637 1651 1602 1601 1604 1648 
1605 1652 1653 1604 1605 1653 1604 1653 1650 
1604 1650 1648 1653 1652 1654 1602 1651 1606 
1651 1655 1606 1656 1657 1658 1656 1659 1660 
1658 1659 1656 1660 1661 1662 1659 1661 1660 
1662 1663 1664 1661 1663 1662 1652 1663 1665 
1652 1607 1663 1652 1605 1607 1607 1664 1663 
1654 1652 1665 1608 1666 1609 1608 1667 1666 
1608 1606 1667 1606 1655 1667 1668 1669 1670 
1668 1612 1611 1668 1670 1612 1670 1671 1612 
1657 1656 1613 1657 1613 1671 1671 1613 1612 
1614 1613 1656 1660 1614 1656 1615 1614 1660 
1662 1615 1660 1616 1615 1662 1664 1616 1662 
1607 1616 1664 1609 1666 1617 1666 1667 1672 
1666 1672 1617 1617 1672 1618 1619 1618 1673 
1618 1672 1673 1620 1619 1674 1619 1673 1674 
1622 1675 1676 1622 1620 1675 1620 1674 1675 
1676 1677 1678 1675 1677 1676 1677 1679 1678 
1680 1681 1682 1680 1683 1684 1682 1683 1680 
1684 1624 1623 1684 1683 1624 1683 1685 1624 
1669 1668 1625 1669 1625 1685 1685 1625 1624 
1611 1625 1668 1622 1676 1626 1627 1626 1676 
1678 1627 1676 1678 1679 1686 1678 1686 1627 
1627 1686 1628 1681 1680 1629 1681 1629 1686 
1686 1629 1628 1630 1629 1680 1684 1630 1680 
1623 1630 1684 1631 1687 1632 1688 1687 1631 
1688 1631 1689 1689 1631 1633 1634 1690 1633 
1633 1690 1689 1690 1634 1635 1691 1690 1635 
1692 1693 1694 1692 1695 1696 1693 1692 1696 
1695 1697 1698 1696 1695 1698 1697 1699 1700 
1698 1697 1700 1699 1701 1702 1700 1699 1702 
1701 1703 1704 1702 1701 1704 1704 1703 1705 
1636 1706 1637 1707 1706 1636 1707 1636 1708 
1708 1636 1638 1687 1638 1632 1687 1709 1638 
1709 1708 1638 1688 1709 1687 1635 1710 1691 
1639 1710 1635 1640 1711 1639 1639 1711 1710 
1641 1712 1640 1640 1712 1711 1694 1642 1692 
1694 1712 1642 1712 1641 1642 1643 1692 1642 
1695 1692 1643 1644 1695 1643 1697 1695 1644 
1645 1697 1644 1699 1697 1645 1646 1699 1645 
1701 1699 1646 1647 1701 1646 1703 1701 1647 
1703 1713 1705 1703 1647 1713 1647 1649 1713 
1650 1714 1715 1650 1715 1649 1649 1715 1713 
1715 1714 1716 1706 1717 1718 1706 1718 1637 
1637 1718 1651 1707 1717 1706 1650 1653 1714 
1714 1653 1654 1714 1654 1716 1716 1654 1719 
1651 1718 1655 1718 1720 1655 1721 1722 1723 
1721 1658 1657 1721 1723 1658 1723 1724 1658 
1659 1658 1725 1658 1724 1725 1661 1659 1726 
1659 1725 1726 1663 1661 1727 1661 1726 1727 
1665 1663 1728 1663 1727 1728 1719 1654 1665 
1728 1719 1665 1655 1720 1667 1720 1729 1667 
1670 1730 1731 1669 1730 1670 1722 1721 1671 
1722 1671 1731 1731 1671 1670 1657 1671 1721 
1667 1729 1732 1672 1667 1732 1673 1672 1733 
1672 1732 1733 1674 1673 1734 1673 1733 1734 
1675 1674 1735 1674 1734 1735 1677 1675 1736 
1675 1735 1736 1679 1737 1738 1679 1677 1737 
1677 1736 1737 1738 1682 1681 1738 1737 1682 
1737 1739 1682 1683 1682 1740 1682 1739 1740 
1685 1683 1741 1683 1740 1741 1730 1669 1685 
1741 1730 1685 1679 1738 1686 1681 1686 1738 
1689 1742 1743 1688 1689 1743 1690 1744 1689 
1689 1744 1742 1691 1745 1746 1691 1746 1690 
1690 1746 1744 1745 1747 1748 1746 1745 1748 
1747 1749 1750 1748 1747 1750 1749 1694 1693 
1749 1693 1750 1750 1693 1751 1696 1752 1693 
1693 1752 1751 1698 1753 1696 1696 1753 1752 
1700 1754 1698 1698 1754 1753 1702 1755 1700 
1700 1755 1754 1704 1756 1702 1702 1756 1755 
1705 1757 1758 1705 1758 1704 1704 1758 1756 
1757 1759 1760 1758 1757 1760 1760 1759 1761 
1708 1762 1763 1707 1708 1763 1709 1764 1708 
1708 1764 1762 1743 1709 1688 1764 1709 1743 
1691 1710 1745 1711 1745 1710 1747 1745 1711 
1712 1747 1711 1749 1747 1712 1694 1749 1712 
1705 1713 1757 1715 1757 1713 1759 1757 1715 
1759 1715 1716 1759 1716 1761 1761 1716 1765 
1717 1766 1718 1717 1767 1766 1717 1707 1767 
1707 1763 1767 1768 1769 1770 1768 1771 1772 
1770 1771 1768 1772 1773 1774 1771 1773 1772 
1774 1775 1776 1773 1775 1774 1776 1775 1765 
1776 1765 1719 1719 1765 1716 1766 1777 1778 
1766 1778 1718 1718 1778 1720 1767 1777 1766 
1723 1779 1780 1722 1779 1723 1724 1723 1781 
1723 1780 1781 1769 1768 1725 1769 1725 1781 
1781 1725 1724 1726 1725 1768 1772 1726 1768 
1727 1726 1772 1774 1727 1772 1728 1727 1774 
1776 1728 1774 1719 1728 1776 1782 1783 1729 
1782 1729 1778 1778 1729 1720 1783 1784 1785 
1782 1784 1783 1784 1786 1785 1731 1787 1788 
1730 1787 1731 1779 1722 1731 1788 1779 1731 
1729 1783 1732 1733 1732 1783 1785 1733 1783 
1785 1786 1789 1785 1789 1733 1733 1789 1734 
1735 1734 1790 1734 1789 1790 1736 1735 1791 
1735 1790 1791 1737 1736 1792 1736 1791 1792 
1739 1737 1793 1737 1792 1793 1740 1739 1794 
1739 1793 1794 1741 1740 1795 1740 1794 1795 
1787 1730 1741 1795 1787 1741 1796 1797 1798 
1796 1799 1800 1797 1796 1800 1800 1799 1801 
1802 1803 1804 1802 1805 1806 1803 1802 1806 
1806 1805 1807 1742 1808 1809 1743 1742 1809 
1744 1810 1742 1742 1810 1808 1746 1811 1744 
1744 1811 1810 1748 1812 1746 1746 1812 1811 
1750 1813 1748 1748 1813 1812 1798 1751 1796 
1798 1813 1751 1813 1750 1751 1752 1796 1751 
1799 1796 1752 1799 1814 1801 1799 1752 1814 
1752 1753 1814 1754 1815 1753 1753 1815 1814 
1755 1816 1754 1754 1816 1815 1756 1817 1755 
1755 1817 1816 1804 1758 1802 1804 1817 1758 
1817 1756 1758 1760 1802 1758 1805 1802 1760 
1761 1818 1819 1760 1761 1819 1760 1819 1807 
1760 1807 1805 1819 1818 1820 1762 1821 1822 
1763 1762 1822 1764 1823 1762 1762 1823 1821 
1809 1764 1743 1823 1764 1809 1818 1765 1824 
1761 1765 1818 1825 1820 1818 1824 1825 1818 
1763 1822 1767 1822 1826 1767 1827 1828 1829 
1827 1770 1769 1827 1829 1770 1829 1830 1770 
1771 1770 1831 1770 1830 1831 1773 1771 1832 
1771 1831 1832 1775 1773 1833 1773 1832 1833 
1824 1765 1775 1824 1775 1834 1834 1775 1833 
1825 1824 1834 1777 1835 1836 1778 1777 1836 
1826 1777 1767 1835 1777 1826 1780 1837 1838 
1779 1837 1780 1828 1827 1781 1828 1781 1838 
1838 1781 1780 1769 1781 1827 1778 1836 1839 
1782 1778 1839 1784 1782 1840 1782 1839 1840 
1786 1841 1842 1786 1784 1841 1784 1840 1841 
1842 1843 1844 1841 1843 1842 1843 1845 1844 
1846 1847 1848 1846 1788 1787 1846 1848 1788 
1848 1849 1788 1837 1779 1788 1849 1837 1788 
1786 1842 1789 1790 1789 1842 1844 1790 1842 
1844 1845 1850 1844 1850 1790 1790 1850 1791 
1792 1791 1851 1791 1850 1851 1793 1792 1852 
1792 1851 1852 1794 1793 1853 1793 1852 1853 
1847 1846 1795 1847 1795 1853 1853 1795 1794 
1787 1795 1846 1854 1855 1856 1855 1854 1857 
1858 1859 1860 1858 1861 1862 1859 1858 1862 
1861 1863 1864 1862 1861 1864 1863 1865 1866 
1864 1863 1866 1856 1866 1865 1854 1856 1865 
1854 1865 1798 1854 1798 1797 1854 1867 1857 
1854 1797 1867 1797 1800 1867 1801 1868 1869 
1801 1869 1800 1800 1869 1867 1868 1870 1871 
1869 1868 1871 1870 1872 1873 1871 1870 1873 
1872 1874 1875 1873 1872 1875 1874 1804 1803 
1874 1803 1875 1875 1803 1876 1806 1877 1803 
1803 1877 1876 1807 1878 1879 1807 1879 1806 
1806 1879 1877 1879 1878 1880 1808 1881 1882 
1809 1808 1882 1860 1810 1858 1860 1881 1810 
1881 1808 1810 1811 1858 1810 1861 1858 1811 
1812 1861 1811 1863 1861 1812 1813 1863 1812 
1865 1863 1813 1798 1865 1813 1801 1814 1868 
1815 1868 1814 1870 1868 1815 1816 1870 1815 
1872 1870 1816 1817 1872 1816 1874 1872 1817 
1804 1874 1817 1807 1819 1878 1820 1883 1884 
1819 1820 1884 1819 1884 1880 1819 1880 1878 
1884 1883 1885 1821 1886 1822 1887 1886 1821 
1887 1821 1888 1888 1821 1823 1882 1823 1809 
1888 1823 1882 1889 1890 1891 1889 1892 1893 
1891 1892 1889 1893 1894 1895 1892 1894 1893 
1895 1896 1897 1894 1896 1895 1883 1896 1898 
1883 1825 1896 1883 1820 1825 1825 1897 1896 
1885 1883 1898 1886 1899 1900 1886 1900 1822 
1822 1900 1826 1887 1899 1886 1829 1901 1902 
1828 1901 1829 1830 1829 1903 1829 1902 1903 
1890 1889 1831 1890 1831 1903 1903 1831 1830 
1832 1831 1889 1893 1832 1889 1833 1832 1893 
1895 1833 1893 1834 1833 1895 1897 1834 1895 
1825 1834 1897 1835 1904 1836 1835 1905 1904 
1835 1826 1905 1826 1900 1905 1906 1907 1908 
1906 1838 1837 1906 1908 1838 1908 1909 1838 
1901 1828 1838 1909 1901 1838 1836 1904 1839 
1904 1905 1910 1904 1910 1839 1839 1910 1840 
1841 1840 1911 1840 1910 1911 1843 1841 1912 
1841 1911 1912 1845 1913 1914 1845 1843 1913 
1843 1912 1913 1914 1915 1916 1913 1915 1914 
1916 1917 1918 1915 1917 1916 1918 1919 1920 
1917 1919 1918 1920 1848 1847 1920 1919 1848 
1919 1921 1848 1907 1906 1849 1907 1849 1921 
1921 1849 1848 1837 1849 1906 1845 1914 1850 
1851 1850 1914 1916 1851 1914 1852 1851 1916 
1918 1852 1916 1853 1852 1918 1920 1853 1918 
1847 1853 1920 1922 1923 1924 1922 1925 1926 
1923 1922 1926 1925 1927 1928 1926 1925 1928 
1927 1856 1855 1927 1855 1928 1928 1855 1929 
1857 1930 1931 1857 1931 1855 1855 1931 1929 
1930 1932 1933 1931 1930 1933 1932 1934 1935 
1933 1932 1935 1934 1936 1937 1935 1934 1937 
1936 1938 1939 1937 1936 1939 1938 1940 1941 
1939 1938 1941 1940 1942 1943 1941 1940 1943 
1942 1944 1945 1943 1942 1945 1945 1944 1946 
1859 1947 1948 1860 1859 1948 1924 1862 1922 
1924 1947 1862 1947 1859 1862 1864 1922 1862 
1925 1922 1864 1866 1925 1864 1927 1925 1866 
1856 1927 1866 1857 1867 1930 1869 1930 1867 
1932 1930 1869 1871 1932 1869 1934 1932 1871 
1873 1934 1871 1936 1934 1873 1875 1936 1873 
1938 1936 1875 1876 1938 1875 1940 1938 1876 
1877 1940 1876 1942 1940 1877 1879 1942 1877 
1944 1942 1879 1880 1949 1950 1879 1880 1950 
1879 1950 1946 1879 1946 1944 1950 1949 1951 
1881 1952 1953 1882 1881 1953 1948 1881 1860 
1952 1881 1948 1880 1884 1949 1949 1884 1885 
1949 1885 1951 1951 1885 1954 1888 1955 1956 
1887 1888 1956 1953 1888 1882 1955 1888 1953 
1957 1958 1959 1957 1891 1890 1957 1959 1891 
1959 1960 1891 1892 1891 1961 1891 1960 1961 
1894 1892 1962 1892 1961 1962 1896 1894 1963 
1894 1962 1963 1898 1896 1964 1896 1963 1964 
1954 1885 1898 1964 1954 1898 1899 1965 1966 
1900 1899 1966 1956 1899 1887 1965 1899 1956 
1902 1967 1968 1901 1967 1902 1958 1957 1903 
1958 1903 1968 1968 1903 1902 1890 1903 1957 
1969 1970 1905 1969 1905 1966 1966 1905 1900 
1969 1971 1970 1972 1973 1974 1972 1975 1976 
1974 1975 1972 1976 1977 1978 1975 1977 1976 
1978 1979 1980 1977 1979 1978 1980 1981 1982 
1979 1981 1980 1982 1983 1984 1981 1983 1982 
1984 1908 1907 1984 1983 1908 1983 1985 1908 
1909 1908 1986 1908 1985 1986 1967 1901 1909 
1986 1967 1909 1905 1970 1910 1970 1971 1987 
1970 1987 1910 1910 1987 1911 1973 1972 1912 
1973 1912 1987 1987 1912 1911 1913 1912 1972 
1976 1913 1972 1915 1913 1976 1978 1915 1976 
1917 1915 1978 1980 1917 1978 1919 1917 1980 
1982 1919 1980 1921 1919 1982 1984 1921 1982 
1907 1921 1984 1988 1989 1990 1989 1988 1991 
1992 1993 1994 1992 1995 1996 1993 1992 1996 
1995 1997 1998 1996 1995 1998 1997 1999 2000 
1998 1997 2000 1999 2001 2002 2000 1999 2002 
2001 2003 2004 2002 2001 2004 2003 2005 2006 
2004 2003 2006 2005 2007 2008 2006 2005 2008 
2007 2009 2010 2008 2007 2010 2010 2009 2011 
1923 2012 2013 1924 1923 2013 1990 1926 1988 
1990 2012 1926 2012 1923 1926 1988 2014 1991 
1988 1926 2014 1926 1928 2014 1994 1929 1992 
1994 2014 1929 2014 1928 1929 1931 1992 1929 
1995 1992 1931 1933 1995 1931 1997 1995 1933 
1935 1997 1933 1999 1997 1935 1937 1999 1935 
2001 1999 1937 1939 2001 1937 2003 2001 1939 
1941 2003 1939 2005 2003 1941 1943 2005 1941 
2007 2005 1943 1945 2007 1943 2009 2007 1945 
1946 2015 2016 1945 1946 2016 1945 2016 2011 
1945 2011 2009 2016 2015 2017 1947 2018 2019 
1948 1947 2019 2013 1947 1924 2018 1947 2013 
1946 1950 2015 2015 1950 1951 2015 1951 2017 
2017 1951 2020 1952 2021 2022 1953 1952 2022 
2019 1952 1948 2021 1952 2019 2023 2024 2025 
2023 2026 2027 2025 2026 2023 2027 2028 2029 
2026 2028 2027 2028 2030 2029 2031 2032 2033 
2031 2033 2020 2031 2020 1954 1954 2020 1951 
1955 2034 2035 1956 1955 2035 2022 1955 1953 
2034 1955 2022 2036 2037 2038 2036 1959 1958 
2036 2038 1959 2038 2039 1959 2024 2023 1960 
2024 1960 2039 2039 1960 1959 1961 1960 2023 
2027 1961 2023 1962 1961 2027 2029 1962 2027 
2029 2030 2040 2029 2040 1962 1962 2040 1963 
2032 2031 1964 2032 1964 2040 2040 1964 1963 
1954 1964 2031 1965 2041 2042 1966 1965 2042 
2035 1965 1956 2041 1965 2035 2043 2044 2045 
2037 2043 2045 2036 2043 2037 2036 1967 2043 
2036 1968 1967 1958 1968 2036 1966 2042 2046 
1969 1966 2046 1971 2047 2048 1971 1969 2047 
1969 2046 2047 2048 1974 1973 2048 2047 1974 
2047 2049 1974 1975 1974 2050 1974 2049 2050 
1977 1975 2051 1975 2050 2051 1979 1977 2052 
1977 2051 2052 1981 1979 2053 1979 2052 2053 
1983 1981 2054 1981 2053 2054 1985 1983 2055 
1983 2054 2055 2044 2043 1986 2044 1986 2055 
2055 1986 1985 1967 1986 2043 1971 2048 1987 
1973 1987 2048 2056 2057 2058 2056 2059 2060 
2057 2056 2060 2060 2059 2061 2062 2063 2064 
2058 2063 2062 2058 2062 2056 2056 2062 2065 
2059 2056 2066 2066 2056 2065 2067 2061 2059 
2067 2059 2068 2068 2059 2066 2068 2069 2070 
2067 2068 2070 2069 2071 2072 2070 2069 2072 
2071 2073 2074 2072 2071 2074 2073 2075 2076 
2074 2073 2076 2076 2075 2077 1989 2078 2079 
1990 1989 2079 1991 2080 2081 1991 2081 1989 
1989 2081 2078 2080 1994 1993 2080 1993 2081 
2081 1993 2082 2064 1996 2062 2064 2082 1996 
2082 1993 1996 1998 2062 1996 2065 2062 1998 
2000 2065 1998 2066 2065 2000 2002 2066 2000 
2068 2066 2002 2004 2068 2002 2069 2068 2004 
2006 2069 2004 2071 2069 2006 2008 2071 2006 
2073 2071 2008 2010 2073 2008 2075 2073 2010 
2011 2083 2084 2010 2011 2084 2010 2084 2077 
2010 2077 2075 2084 2083 2085 2012 2086 2087 
2013 2012 2087 2079 2012 1990 2086 2012 2079 
1991 2014 2080 1994 2080 2014 2011 2016 2083 
2017 2088 2089 2016 2017 2089 2016 2089 2085 
2016 2085 2083 2089 2088 2090 2018 2091 2092 
2019 2018 2092 2087 2018 2013 2091 2018 2087 
2088 2020 2093 2017 2020 2088 2094 2090 2088 
2093 2094 2088 2021 2095 2096 2022 2021 2096 
2092 2021 2019 2095 2021 2092 2097 2098 2099 
2097 2025 2024 2097 2099 2025 2099 2100 2025 
2026 2025 2101 2025 2100 2101 2028 2026 2102 
2026 2101 2102 2030 2103 2104 2030 2028 2103 
2028 2102 2103 2104 2033 2032 2104 2103 2033 
2103 2105 2033 2093 2020 2033 2093 2033 2106 
2106 2033 2105 2094 2093 2106 2034 2107 2108 
2035 2034 2108 2096 2034 2022 2107 2034 2096 
2038 2109 2110 2037 2109 2038 2098 2097 2039 
2098 2039 2110 2110 2039 2038 2024 2039 2097 
2030 2104 2040 2032 2040 2104 2041 2111 2042 
2041 2112 2111 2041 2035 2112 2035 2108 2112 
2113 2114 2115 2113 2045 2044 2113 2115 2045 
2115 2116 2045 2109 2037 2045 2116 2109 2045 
2042 2111 2046 2111 2112 2117 2111 2117 2046 
2046 2117 2047 2049 2047 2118 2047 2117 2118 
2050 2049 2119 2049 2118 2119 2051 2050 2120 
2050 2119 2120 2052 2051 2121 2051 2120 2121 
2053 2052 2122 2052 2121 2122 2054 2053 2123 
2053 2122 2123 2114 2113 2055 2114 2055 2123 
2123 2055 2054 2044 2055 2113 2124 2125 2126 
2125 2124 2127 2128 2129 2130 2128 2131 2132 
2129 2128 2132 2126 2132 2131 2126 2131 2124 
2124 2131 2133 2134 2127 2124 2133 2134 2124 
2135 2136 2137 2135 2058 2057 2135 2057 2136 
2136 2057 2138 2130 2060 2128 2130 2138 2060 
2138 2057 2060 2061 2128 2060 2061 2139 2128 
2139 2131 2128 2133 2131 2140 2140 2131 2139 
2141 2134 2133 2141 2133 2142 2142 2133 2140 
2142 2143 2144 2141 2142 2144 2143 2145 2146 
2144 2143 2146 2146 2145 2147 2148 2149 2150 
2148 2151 2152 2149 2148 2152 2137 2152 2151 
2135 2137 2151 2135 2151 2064 2135 2064 2063 
2058 2135 2063 2061 2067 2139 2070 2139 2067 
2140 2139 2070 2072 2140 2070 2142 2140 2072 
2074 2142 2072 2143 2142 2074 2076 2143 2074 
2145 2143 2076 2077 2153 2154 2076 2077 2154 
2076 2154 2147 2076 2147 2145 2153 2155 2156 
2154 2153 2156 2156 2155 2157 2078 2158 2159 
2079 2078 2159 2150 2081 2148 2150 2158 2081 
2158 2078 2081 2082 2148 2081 2151 2148 2082 
2064 2151 2082 2077 2084 2153 2085 2153 2084 
2085 2160 2153 2160 2155 2153 2161 2157 2155 
2160 2161 2155 2086 2162 2163 2087 2086 2163 
2159 2086 2079 2162 2086 2159 2085 2089 2160 
2160 2089 2090 2160 2090 2161 2161 2090 2164 
2091 2165 2092 2091 2166 2165 2091 2087 2166 
2087 2163 2166 2167 2168 2169 2167 2170 2171 
2169 2170 2167 2171 2172 2173 2170 2172 2171 
2173 2174 2175 2172 2174 2173 2174 2176 2175 
2177 2178 2179 2177 2179 2164 2177 2164 2094 
2094 2164 2090 2095 2180 2096 2095 2181 2180 
2092 2181 2095 2092 2182 2181 2092 2165 2182 
2166 2182 2165 2183 2184 2185 2183 2099 2098 
2183 2185 2099 2185 2186 2099 2168 2167 2100 
2168 2100 2186 2186 2100 2099 2101 2100 2167 
2171 2101 2167 2102 2101 2171 2173 2102 2171 
2103 2102 2173 2175 2103 2173 2175 2176 2187 
2175 2187 2103 2103 2187 2105 2178 2177 2106 
2178 2106 2187 2187 2106 2105 2094 2106 2177 
2107 2188 2189 2108 2107 2189 2180 2107 2096 
2180 2190 2107 2190 2188 2107 2181 2190 2180 
2191 2192 2193 2184 2191 2193 2183 2191 2184 
2183 2109 2191 2183 2110 2109 2098 2110 2183 
2194 2195 2112 2194 2112 2189 2189 2112 2108 
2194 2196 2195 2197 2198 2199 2197 2200 2201 
2199 2200 2197 2201 2202 2203 2200 2202 2201 
2203 2204 2205 2202 2204 2203 2205 2206 2207 
2204 2206 2205 2207 2115 2114 2207 2206 2115 
2206 2208 2115 2192 2191 2116 2192 2116 2208 
2208 2116 2115 2109 2116 2191 2112 2195 2117 
2195 2196 2209 2195 2209 2117 2117 2209 2118 
2198 2197 2119 2198 2119 2209 2209 2119 2118 
2120 2119 2197 2201 2120 2197 2121 2120 2201 
2203 2121 2201 2122 2121 2203 2205 2122 2203 
2123 2122 2205 2207 2123 2205 2114 2123 2207 
2210 2211 2212 2210 2213 2214 2211 2210 2214 
2214 2213 2215 2216 2217 2218 2216 2219 2220 
2217 2216 2220 2219 2126 2125 2219 2125 2220 
2220 2125 2221 2127 2222 2223 2127 2223 2125 
2125 2223 2221 2212 2223 2222 2212 2222 2210 
2210 2222 2224 2213 2210 2225 2225 2210 2224 
2226 2215 2213 2226 2213 2227 2227 2213 2225 
2227 2228 2229 2226 2227 2229 2228 2230 2231 
2229 2228 2231 2230 2232 2233 2231 2230 2233 
2233 2232 2234 2235 2236 2237 2235 2238 2239 
2236 2235 2239 2218 2239 2238 2216 2218 2238 
2216 2238 2130 2216 2130 2129 2132 2216 2129 
2219 2216 2132 2126 2219 2132 2222 2134 2240 
2127 2134 2222 2224 2222 2241 2241 2222 2240 
2225 2224 2242 2242 2224 2241 2227 2225 2243 
2243 2225 2242 2228 2227 2244 2244 2227 2243 
2230 2228 2245 2245 2228 2244 2246 2247 2232 
2246 2232 2245 2245 2232 2230 2234 2232 2247 
2248 2249 2250 2237 2249 2248 2235 2237 2248 
2235 2248 2137 2235 2137 2136 2138 2235 2136 
2238 2235 2138 2130 2238 2138 2134 2141 2240 
2144 2240 2141 2241 2240 2144 2146 2241 2144 
2242 2241 2146 2147 2242 2146 2147 2251 2242 
2251 2243 2242 2244 2243 2252 2252 2243 2251 
2245 2244 2253 2253 2244 2252 2254 2246 2245 
2253 2254 2245 2149 2255 2256 2150 2149 2256 
2250 2152 2248 2250 2255 2152 2255 2149 2152 
2137 2248 2152 2147 2154 2251 2156 2251 2154 
2252 2251 2156 2157 2252 2156 2157 2257 2252 
2257 2253 2252 2258 2254 2253 2257 2258 2253 
2158 2259 2260 2159 2158 2260 2256 2158 2150 
2259 2158 2256 2257 2161 2261 2157 2161 2257 
2262 2258 2257 2261 2262 2257 2162 2263 2264 
2163 2162 2264 2260 2162 2159 2263 2162 2260 
2265 2266 2267 2265 2268 2269 2267 2268 2265 
2269 2270 2271 2268 2270 2269 2271 2272 2273 
2270 2272 2271 2272 2274 2273 2261 2275 2276 
2261 2161 2275 2161 2164 2275 2262 2261 2276 
2163 2264 2166 2264 2277 2166 2169 2278 2279 
2168 2278 2169 2266 2265 2170 2266 2170 2279 
2279 2170 2169 2172 2170 2265 2269 2172 2265 
2174 2172 2269 2271 2174 2269 2176 2174 2271 
2176 2271 2280 2280 2271 2273 2178 2281 2179 
2178 2273 2281 2178 2280 2273 2274 2281 2273 
2275 2164 2179 2281 2275 2179 2182 2282 2283 
2181 2182 2283 2277 2182 2166 2282 2182 2277 
2185 2284 2285 2184 2284 2185 2186 2185 2286 
2185 2285 2286 2278 2168 2186 2286 2278 2186 
2176 2280 2187 2178 2187 2280 2188 2287 2189 
2288 2287 2188 2288 2188 2289 2289 2188 2190 
2283 2190 2181 2289 2190 2283 2290 2291 2292 
2290 2293 2294 2292 2293 2290 2294 2295 2296 
2293 2295 2294 2296 2297 2298 2295 2297 2296 
2298 2193 2192 2298 2297 2193 2297 2299 2193 
2284 2184 2193 2299 2284 2193 2189 2287 2194 
2196 2300 2301 2194 2300 2196 2194 2288 2300 
2194 2287 2288 2301 2199 2198 2301 2300 2199 
2300 2302 2199 2200 2199 2303 2199 2302 2303 
2291 2290 2202 2291 2202 2303 2303 2202 2200 
2204 2202 2290 2294 2204 2290 2206 2204 2294 
2296 2206 2294 2208 2206 2296 2298 2208 2296 
2192 2208 2298 2196 2301 2209 2198 2209 2301 
2304 2305 2306 2304 2307 2308 2305 2304 2308 
2308 2307 2309 2211 2310 2212 2211 2214 2311 
2310 2211 2311 2214 2215 2311 2312 2313 2314 
2312 2315 2316 2313 2312 2316 2306 2316 2315 
2304 2306 2315 2304 2315 2218 2304 2218 2217 
2220 2304 2217 2307 2304 2220 2307 2317 2309 
2307 2220 2317 2220 2221 2317 2223 2318 2221 
2221 2318 2317 2310 2223 2212 2310 2319 2223 
2319 2318 2223 2311 2319 2310 2320 2319 2311 
2215 2320 2311 2215 2226 2320 2226 2321 2320 
2229 2322 2226 2226 2322 2321 2231 2323 2229 
2229 2323 2322 2233 2324 2231 2231 2324 2323 
2324 2233 2234 2325 2324 2234 2236 2312 2314 
2236 2314 2237 2237 2314 2326 2239 2312 2236 
2315 2312 2239 2218 2315 2239 2247 2246 2327 
2247 2327 2328 2247 2328 2234 2234 2328 2325 
2249 2329 2330 2250 2249 2330 2326 2249 2237 
2329 2249 2326 2327 2331 2332 2327 2246 2331 
2246 2254 2331 2328 2327 2332 2255 2333 2334 
2256 2255 2334 2330 2255 2250 2333 2255 2330 
2335 2336 2337 2335 2337 2331 2335 2331 2258 
2258 2331 2254 2259 2338 2339 2260 2259 2339 
2334 2259 2256 2338 2259 2334 2340 2341 2342 
2340 2343 2344 2342 2343 2340 2344 2345 2346 
2343 2345 2344 2346 2347 2348 2345 2347 2346 
2336 2348 2347 2336 2335 2348 2335 2349 2348 
2258 2262 2349 2335 2258 2349 2263 2350 2264 
2263 2351 2350 2263 2260 2351 2260 2339 2351 
2352 2353 2354 2352 2267 2266 2352 2354 2267 
2354 2355 2267 2341 2340 2268 2341 2268 2355 
2355 2268 2267 2270 2268 2340 2344 2270 2340 
2272 2270 2344 2346 2272 2344 2274 2272 2346 
2274 2346 2356 2356 2346 2348 2276 2275 2356 
2276 2356 2349 2349 2356 2348 2262 2276 2349 
2350 2357 2277 2264 2350 2277 2358 2350 2351 
2357 2350 2358 2359 2360 2361 2359 2362 2363 
2361 2362 2359 2353 2363 2362 2352 2363 2353 
2352 2278 2363 2352 2279 2278 2266 2279 2352 
2274 2356 2281 2275 2281 2356 2282 2364 2283 
2282 2365 2364 2277 2365 2282 2277 2366 2365 
2277 2357 2366 2358 2366 2357 2367 2368 2369 
2367 2370 2371 2369 2370 2367 2360 2371 2370 
2359 2371 2360 2359 2284 2371 2359 2285 2284 
2286 2285 2359 2363 2286 2359 2278 2286 2363 
2289 2372 2288 2289 2373 2372 2283 2373 2289 
2283 2374 2373 2283 2364 2374 2365 2374 2364 
2292 2375 2376 2291 2375 2292 2293 2292 2377 
2292 2376 2377 2295 2293 2378 2293 2377 2378 
2368 2367 2297 2368 2297 2378 2378 2297 2295 
2299 2297 2367 2371 2299 2367 2284 2299 2371 
2288 2372 2300 2372 2373 2379 2372 2379 2300 
2300 2379 2302 2303 2302 2380 2302 2379 2380 
2375 2291 2303 2380 2375 2303 2305 2381 2306 
2305 2308 2382 2381 2305 2382 2308 2309 2382 
2313 2383 2314 2384 2383 2313 2384 2313 2385 
2385 2313 2316 2381 2316 2306 2381 2386 2316 
2386 2385 2316 2382 2386 2381 2387 2386 2382 
2388 2389 2387 2317 2388 2387 2317 2387 2382 
2317 2382 2309 2317 2318 2390 2388 2317 2390 
2318 2319 2391 2390 2318 2391 2319 2320 2392 
2391 2319 2392 2320 2321 2393 2392 2320 2393 
2321 2322 2394 2393 2321 2394 2322 2323 2395 
2394 2322 2395 2323 2324 2396 2395 2323 2396 
2324 2325 2396 2383 2397 2398 2383 2398 2314 
2314 2398 2326 2384 2397 2383 2388 2399 2389 
2390 2399 2388 2400 2399 2390 2391 2400 2390 
2401 2400 2391 2392 2401 2391 2402 2401 2392 
2393 2402 2392 2403 2402 2393 2394 2403 2393 
2404 2403 2394 2395 2404 2394 2405 2404 2395 
2405 2406 2407 2405 2395 2406 2395 2396 2406 
2325 2328 2406 2396 2325 2406 2329 2408 2409 
2330 2329 2409 2398 2329 2326 2408 2329 2398 
2410 2411 2412 2410 2413 2414 2412 2413 2410 
2407 2414 2413 2406 2414 2407 2406 2331 2414 
2406 2332 2331 2328 2332 2406 2333 2415 2334 
2333 2416 2415 2333 2330 2416 2330 2409 2416 
2417 2418 2419 2417 2420 2421 2419 2420 2417 
2421 2422 2423 2420 2422 2421 2411 2423 2422 
2411 2410 2423 2410 2424 2423 2337 2336 2424 
2337 2424 2414 2414 2424 2410 2331 2337 2414 
2338 2425 2339 2338 2334 2415 2338 2415 2425 
2425 2415 2426 2427 2415 2416 2426 2415 2427 
2428 2429 2430 2418 2428 2430 2417 2428 2418 
2417 2341 2428 2417 2342 2341 2343 2342 2417 
2421 2343 2417 2345 2343 2421 2423 2345 2421 
2347 2345 2423 2424 2347 2423 2336 2347 2424 
2425 2431 2351 2339 2425 2351 2432 2426 2433 
2432 2431 2426 2431 2425 2426 2427 2433 2426 
2434 2435 2436 2434 2437 2438 2436 2437 2434 
2438 2439 2440 2437 2439 2438 2440 2354 2353 
2440 2439 2354 2439 2441 2354 2429 2428 2355 
2429 2355 2441 2441 2355 2354 2341 2355 2428 
2431 2442 2443 2431 2443 2351 2351 2443 2358 
2432 2442 2431 2444 2445 2446 2435 2444 2446 
2435 2434 2444 2434 2447 2444 2361 2360 2447 
2361 2447 2438 2438 2447 2434 2362 2361 2438 
2440 2362 2438 2353 2362 2440 2448 2449 2450 
2448 2365 2366 2448 2366 2449 2449 2366 2451 
2443 2452 2358 2443 2453 2452 2358 2452 2366 
2454 2451 2452 2366 2452 2451 2452 2455 2456 
2453 2455 2452 2456 2457 2458 2455 2457 2456 
2445 2458 2457 2444 2458 2445 2444 2368 2458 
2444 2369 2368 2370 2369 2444 2447 2370 2444 
2360 2370 2447 2374 2459 2373 2448 2450 2460 
2459 2365 2461 2459 2374 2365 2461 2365 2462 
2448 2460 2365 2462 2365 2460 2454 2461 2462 
2452 2461 2454 2452 2375 2461 2452 2376 2375 
2377 2376 2452 2456 2377 2452 2378 2377 2456 
2458 2378 2456 2368 2378 2458 2373 2459 2379 
2380 2379 2459 2461 2380 2459 2375 2380 2461 
2385 2463 2384 2385 2386 2464 2463 2385 2464 
2386 2387 2465 2464 2386 2465 2387 2389 2465 
2397 2466 2398 2397 2384 2463 2397 2463 2466 
2466 2463 2467 2468 2464 2469 2468 2467 2464 
2467 2463 2464 2469 2470 2471 2469 2464 2470 
2464 2465 2470 2389 2399 2472 2389 2472 2465 
2465 2472 2470 2399 2400 2473 2472 2399 2473 
2400 2401 2474 2473 2400 2474 2401 2402 2475 
2474 2401 2475 2402 2403 2476 2475 2402 2476 
2403 2404 2477 2476 2403 2477 2404 2405 2478 
2477 2404 2478 2405 2407 2478 2408 2479 2409 
2408 2398 2466 2408 2466 2479 2479 2466 2480 
2481 2467 2482 2481 2480 2467 2480 2466 2467 
2482 2483 2484 2482 2467 2483 2485 2483 2468 
2468 2483 2467 2471 2483 2485 2471 2470 2483 
2470 2486 2483 2487 2472 2488 2487 2486 2472 
2486 2470 2472 2473 2488 2472 2489 2488 2473 
2489 2490 2491 2489 2473 2490 2473 2474 2490 
2475 2492 2474 2492 2490 2474 2476 2493 2475 
2493 2492 2475 2412 2411 2493 2412 2493 2477 
2477 2493 2476 2413 2412 2477 2478 2413 2477 
2407 2413 2478 2479 2494 2416 2409 2479 2416 
2495 2480 2496 2495 2494 2480 2494 2479 2480 
2481 2496 2480 2497 2484 2483 2498 2484 2497 
2486 2499 2483 2499 2497 2483 2500 2486 2487 
2499 2486 2500 2501 2502 2503 2491 2501 2503 
2490 2501 2491 2490 2418 2501 2490 2419 2418 
2420 2419 2490 2492 2420 2490 2422 2420 2492 
2493 2422 2492 2411 2422 2493 2494 2504 2427 
2416 2494 2427 2505 2494 2495 2504 2494 2505 
2506 2507 2508 2498 2506 2508 2498 2497 2506 
2497 2509 2506 2499 2510 2497 2510 2509 2497 
2511 2499 2500 2511 2512 2499 2512 2510 2499 
2502 2512 2511 2501 2512 2502 2501 2429 2512 
2501 2430 2429 2418 2430 2501 2433 2513 2432 
2433 2514 2513 2427 2514 2433 2427 2515 2514 
2427 2504 2515 2515 2516 2517 2515 2504 2516 
2518 2516 2505 2505 2516 2504 2507 2516 2518 
2506 2516 2507 2506 2435 2516 2506 2436 2435 
2437 2436 2506 2509 2437 2506 2439 2437 2509 
2510 2439 2509 2441 2439 2510 2512 2441 2510 
2429 2441 2512 2442 2519 2520 2443 2442 2520 
2513 2442 2432 2513 2521 2442 2521 2519 2442 
2521 2522 2523 2521 2513 2522 2524 2522 2514 
2514 2522 2513 2517 2522 2524 2516 2522 2517 
2516 2445 2522 2516 2446 2445 2435 2446 2516 
2449 2525 2450 2449 2451 2526 2525 2449 2526 
2443 2520 2527 2443 2527 2453 2454 2526 2451 
2455 2453 2528 2453 2527 2528 2523 2522 2457 
2523 2457 2528 2528 2457 2455 2445 2457 2522 
2450 2525 2460 2462 2460 2525 2526 2462 2525 
2454 2462 2526 2469 2529 2468 2469 2471 2529 
2482 2530 2481 2485 2468 2529 2484 2530 2482 
2471 2485 2529 2488 2531 2487 2488 2489 2532 
2531 2488 2532 2489 2491 2532 2496 2533 2495 
2496 2481 2530 2496 2530 2533 2533 2530 2534 
2484 2498 2534 2530 2484 2534 2531 2535 2500 
2487 2531 2500 2503 2502 2535 2503 2535 2532 
2532 2535 2531 2491 2503 2532 2533 2536 2537 
2533 2537 2495 2495 2537 2505 2508 2507 2538 
2508 2538 2533 2508 2533 2534 2533 2538 2536 
2498 2508 2534 2500 2535 2511 2502 2511 2535 
2515 2539 2540 2514 2515 2540 2515 2517 2541 
2515 2541 2539 2518 2505 2542 2542 2505 2537 
2538 2507 2518 2542 2538 2518 2519 2543 2544 
2520 2519 2544 2545 2546 2543 2545 2543 2521 
2521 2543 2519 2514 2540 2547 2514 2547 2524 
2523 2545 2521 2541 2517 2524 2547 2541 2524 
2520 2544 2548 2527 2520 2548 2546 2545 2528 
2546 2528 2548 2548 2528 2527 2523 2528 2545 
2536 2549 2537 2536 2538 2549 2539 2550 2540 
2542 2537 2549 2541 2550 2539 2538 2542 2549 
2543 2551 2544 2543 2546 2551 2540 2550 2547 
2541 2547 2550 2544 2551 2548 2546 2548 2551 

CELL_DATA 5100
SCALARS Scalars float
LOOKUP_TABLE default
1 1 1 1 1 1 1 1 1 
1 1 1 1 1 1 1 1 1 
1 1 1 1 1 1 1 1 1 
1 1 1 1 1 1 1 1 1 
1 1 1 1 1 1 1 1 1 
1 1 1 1 1 1 1 1 1 
1 1 1 1 1 1 1 1 1 
1 1 1 1 1 1 1 1 1 
1 1 1 1 1 1 1 1 1 
1 1 1 1 1 1 1 1 1 
1 1 1 1 1 1 1 1 1 
1 1 1 1 1 1 1 1 1 
1 1 1 1 1 1 1 1 1 
1 1 1 1 1 1 1 1 1 
1 1 1 1 1 1 1 1 1 
1 1 1 1 1 1 1 1 1 
1 1 1 1 1 1 1 1 1 
1 1 1 1 1 1 1 1 1 
1 1 1 1 1 1 1 1 1 
1 1 1 1 1 1 1 1 1 
1 1 1 1 1 1 1 1 1 
1 1 1 1 1 1 1 1 1 
1 1 1 1 1 1 1 1 1 
1 1 1 1 1 1 1 1 1 
1 1 1 1 1 1 1 1 1 
1 1 1 1 1 1 1 1 1 
1 1 1 1 1 1 1 1 1 
1 1 1 1 1 1 1 1 1 
1 1 1 1 1 1 1 1 1 
1 1 1 1 1 1 1 1 1 
1 1 1 1 1 1 1 1 1 
1 1 1 1 1 1 1 1 1 
1 1 1 1 1 1 1 1 1 
1 1 1 1 1 1 1 1 1 
1 1 1 1 1 1 1 1 1 
1 1 1 1 1 1 1 1 1 
1 1 1 1 1 1 1 1 1 
1 1 1 1 1 1 1 1 1 
1 1 1 1 1 1 1 1 1 
1 1 1 1 1 1 1 1 1 
1 1 1 1 1 1 1 1 1 
1 1 1 1 1 1 1 1 1 
1 1 1 1 1 1 1 1 1 
1 1 1 1 1 1 1 1 1 
1 1 1 1 1 1 1 1 1 
1 1 1 1 1 1 1 1 1 
1 1 1 1 1 1 1 1 1 
1 1 1 1 1 1 1 1 1 
1 1 1 1 1 1 1 1 1 
1 1 1 1 1 1 1 1 1 
1 1 1 1 1 1 1 1 1 
1 1 1 1 1 1 1 1 1 
1 1 1 1 1 1 1 1 1 
1 1 1 1 1 1 1 1 1 
1 1 1 1 1 1 1 1 1 
1 1 1 1 1 1 1 1 1 
1 1 1 1 1 1 1 1 1 
1 1 1 1 1 1 1 1 1 
1 1 1 1 1 1 1 1 1 
1 1 1 1 1 1 1 1 1 
1 1 1 1 1 1 1 1 1 
1 1 1 1 1 1 1 1 1 
1 1 1 1 1 1 1 1 1 
1 1 1 1 1 1 1 1 1 
1 1 1 1 1 1 1 1 1 
1 1 1 1 1 1 1 1 1 
1 1 1 1 1 1 1 1 1 
1 1 1 1 1 1 1 1 1 
1 1 1 1 1 1 1 1 1 
1 1 1 1 1 1 1 1 1 
1 1 1 1 1 1 1 1 1 
1 1 1 1 1 1 1 1 1 
1 1 1 1 1 1 1 1 1 
1 1 1 1 1 1 1 1 1 
1 1 1 1 1 1 1 1 1 
1 1 1 1 1 1 1 1 1 
1 1 1 1 1 1 1 1 1 
1 1 1 1 1 1 1 1 1 
1 1 1 1 1 1 1 1 1 
1 1 1 1 1 1 1 1 1 
1 1 1 1 1 1 1 1 1 
1 1 1 1 1 1 1 1 1 
1 1 1 1 1 1 1 1 1 
1 1 1 1 1 1 1 1 1 
1 1 1 1 1 1 1 1 1 
1 1 1 1 1 1 1 1 1 
1 1 1 1 1 1 1 1 1 
1 1 1 1 1 1 1 1 1 
1 1 1 1 1 1 1 1 1 
1 1 1 1 1 1 1 1 1 
1 1 1 1 1 1 1 1 1 
1 1 1 1 1 1 1 1 1 
1 1 1 1 1 1 1 1 1 
1 1 1 1 1 1 1 1 1 
1 1 1 1 1 1 1 1 1 
1 1 1 1 1 1 1 1 1 
1 1 1 1 1 1 1 1 1 
1 1 1 1 1 1 1 1 1 
1 1 1 1 1 1 1 1 1 
1 1 1 1 1 1 1 1 1 
1 1 1 1 1 1 1 1 1 
1 1 1 1 1 1 1 1 1 
1 1 1 1 1 1 1 1 1 
1 1 1 1 1 1 1 1 1 
1 1 1 1 1 1 1 1 1 
1 1 1 1 1 1 1 1 1 
1 1 1 1 1 1 1 1 1 
1 1 1 1 1 1 1 1 1 
1 1 1 1 1 1 1 1 1 
1 1 1 1 1 1 1 1 1 
1 1 1 1 1 1 1 1 1 
1 1 1 1 1 1 1 1 1 
1 1 1 1 1 1 1 1 1 
1 1 1 1 1 1 1 1 1 
1 1 1 1 1 1 1 1 1 
1 1 1 1 1 1 1 1 1 
1 1 1 1 1 1 1 1 1 
1 1 1 1 1 1 1 1 1 
1 1 1 1 1 1 1 1 1 
1 1 1 1 1 1 1 1 1 
1 1 1 1 1 1 1 1 1 
1 1 1 1 1 1 1 1 1 
1 1 1 1 1 1 1 1 1 
1 1 1 1 1 1 1 1 1 
1 1 1 1 1 1 1 1 1 
1 1 1 1 1 1 1 1 1 
1 1 1 1 1 1 1 1 1 
1 1 1 1 1 1 1 1 1 
1 1 1 1 1 1 1 1 1 
1 1 1 1 1 1 1 1 1 
1 1 1 1 1 1 1 1 1 
1 1 1 1 1 1 1 1 1 
1 1 1 1 1 1 1 1 1 
1 1 1 1 1 1 1 1 1 
1 1 1 1 1 1 1 1 1 
1 1 1 1 1 1 1 1 1 
1 1 1 1 1 1 1 1 1 
1 1 1 1 1 1 1 1 1 
1 1 1 1 1 1 1 1 1 
1 1 1 1 1 1 1 1 1 
1 1 1 1 1 1 1 1 1 
1 1 1 1 1 1 1 1 1 
1 1 1 1 1 1 1 1 1 
1 1 1 1 1 1 1 1 1 
1 1 1 1 1 1 1 1 1 
1 1 1 1 1 1 1 1 1 
1 1 1 1 1 1 1 1 1 
1 1 1 1 1 1 1 1 1 
1 1 1 1 1 1 1 1 1 
1 1 1 1 1 1 1 1 1 
1 1 1 1 1 1 1 1 1 
1 1 1 1 1 1 1 1 1 
1 1 1 1 1 1 1 1 1 
1 1 1 1 1 1 1 1 1 
1 1 1 1 1 1 1 1 1 
1 1 1 1 1 1 1 1 1 
1 1 1 1 1 1 1 1 1 
1 1 1 1 1 1 1 1 1 
1 1 1 1 1 1 1 1 1 
1 1 1 1 1 1 1 1 1 
1 1 1 1 1 1 1 1 1 
1 1 1 1 1 1 1 1 1 
1 1 1 1 1 1 1 1 1 
1 1 1 1 1 1 1 1 1 
1 1 1 1 1 1 1 1 1 
1 1 1 1 1 1 1 1 1 
1 1 1 1 1 1 1 1 1 
1 1 1 1 1 1 1 1 1 
1 1 1 1 1 1 1 1 1 
1 1 1 1 1 1 1 1 1 
1 1 1 1 1 1 1 1 1 
1 1 1 1 1 1 1 1 1 
1 1 1 1 1 1 1 1 1 
1 1 1 1 1 1 1 1 1 
1 1 1 1 1 1 1 1 1 
1 1 1 1 1 1 1 1 1 
1 1 1 1 1 1 1 1 1 
1 1 1 1 1 1 1 1 1 
1 1 1 1 1 1 1 1 1 
1 1 1 1 1 1 1 1 1 
1 1 1 1 1 1 1 1 1 
1 1 1 1 1 1 1 1 1 
1 1 1 1 1 1 1 1 1 
1 1 1 1 1 1 1 1 1 
1 1 1 1 1 1 1 1 1 
1 1 1 1 1 1 1 1 1 
1 1 1 1 1 1 1 1 1 
1 1 1 1 1 1 1 1 1 
1 1 1 1 1 1 1 1 1 
1 1 1 1 1 1 1 1 1 
1 1 1 1 1 1 1 1 1 
1 1 1 1 1 1 1 1 1 
1 1 1 1 1 1 1 1 1 
1 1 1 1 1 1 1 1 1 
1 1 1 1 1 1 1 1 1 
1 1 1 1 1 1 1 1 1 
1 1 1 1 1 1 1 1 1 
1 1 1 1 1 1 1 1 1 
1 1 1 1 1 1 1 1 1 
1 1 1 1 1 1 1 1 1 
1 1 1 1 1 1 1 1 1 
1 1 1 1 1 1 1 1 1 
1 1 1 1 1 1 1 1 1 
1 1 1 1 1 1 1 1 1 
1 1 1 1 1 1 1 1 1 
1 1 1 1 1 1 1 1 1 
1 1 1 1 1 1 1 1 1 
1 1 1 1 1 1 1 1 1 
1 1 1 1 1 1 1 1 1 
1 1 1 1 1 1 1 1 1 
1 1 1 1 1 1 1 1 1 
1 1 1 1 1 1 1 1 1 
1 1 1 1 1 1 1 1 1 
1 1 1 1 1 1 1 1 1 
1 1 1 1 1 1 1 1 1 
1 1 1 1 1 1 1 1 1 
1 1 1 1 1 1 1 1 1 
1 1 1 1 1 1 1 1 1 
1 1 1 1 1 1 1 1 1 
1 1 1 1 1 1 1 1 1 
1 1 1 1 1 1 1 1 1 
1 1 1 1 1 1 1 1 1 
1 1 1 1 1 1 1 1 1 
1 1 1 1 1 1 1 1 1 
1 1 1 1 1 1 1 1 1 
1 1 1 1 1 1 1 1 1 
1 1 1 1 1 1 1 1 1 
1 1 1 1 1 1 1 1 1 
1 1 1 1 1 1 1 1 1 
1 1 1 1 1 1 1 1 1 
1 1 1 1 1 1 1 1 1 
1 1 1 1 1 1 1 1 1 
1 1 1 1 1 1 1 1 1 
1 1 1 1 1 1 1 1 1 
1 1 1 1 1 1 1 1 1 
1 1 1 1 1 1 1 1 1 
1 1 1 1 1 1 1 1 1 
1 1 1 1 1 1 1 1 1 
1 1 1 1 1 1 1 1 1 
1 1 1 1 1 1 1 1 1 
1 1 1 1 1 1 1 1 1 
1 1 1 1 1 1 1 1 1 
1 1 1 1 1 1 1 1 1 
1 1 1 1 1 1 1 1 1 
1 1 1 1 1 1 1 1 1 
1 1 1 1 1 1 1 1 1 
1 1 1 1 1 1 1 1 1 
1 1 1 1 1 1 1 1 1 
1 1 1 1 1 1 1 1 1 
1 1 1 1 1 1 1 1 1 
1 1 1 1 1 1 1 1 1 
1 1 1 1 1 1 1 1 1 
1 1 1 1 1 1 1 1 1 
1 1 1 1 1 1 1 1 1 
1 1 1 1 1 1 1 1 1 
1 1 1 1 1 1 1 1 1 
1 1 1 1 1 1 1 1 1 
1 1 1 1 1 1 1 1 1 
1 1 1 1 1 1 1 1 1 
1 1 1 1 1 1 1 1 1 
1 1 1 1 1 1 1 1 1 
1 1 1 1 1 1 1 1 1 
1 1 1 1 1 1 1 1 1 
1 1 1 1 1 1 1 1 1 
1 1 1 1 1 1 1 1 1 
1 1 1 1 1 1 1 1 1 
1 1 1 1 1 1 1 1 1 
1 1 1 1 1 1 1 1 1 
1 1 1 1 1 1 1 1 1 
1 1 1 1 1 1 1 1 1 
1 1 1 1 1 1 1 1 1 
1 1 1 1 1 1 1 1 1 
1 1 1 1 1 1 1 1 1 
1 1 1 1 1 1 1 1 1 
1 1 1 1 1 1 1 1 1 
1 1 1 1 1 1 1 1 1 
1 1 1 1 1 1 1 1 1 
1 1 1 1 1 1 1 1 1 
1 1 1 1 1 1 1 1 1 
1 1 1 1 1 1 1 1 1 
1 1 1 1 1 1 1 1 1 
1 1 1 1 1 1 1 1 1 
1 1 1 1 1 1 1 1 1 
1 1 1 1 1 1 1 1 1 
1 1 1 1 1 1 1 1 1 
1 1 1 1 1 1 1 1 1 
1 1 1 1 1 1 1 1 1 
1 1 1 1 1 1 1 1 1 
1 1 1 1 1 1 1 1 1 
1 1 1 1 1 1 1 1 1 
1 1 1 1 1 1 1 1 1 
1 1 1 1 1 1 1 1 1 
1 1 1 1 1 1 1 1 1 
1 1 1 1 1 1 1 1 1 
1 1 1 1 1 1 1 1 1 
1 1 1 1 1 1 1 1 1 
1 1 1 1 1 1 1 1 1 
1 1 1 1 1 1 1 1 1 
1 1 1 1 1 1 1 1 1 
1 1 1 1 1 1 1 1 1 
1 1 1 1 1 1 1 1 1 
1 1 1 1 1 1 1 1 1 
1 1 1 1 1 1 1 1 1 
1 1 1 1 1 1 1 1 1 
1 1 1 1 1 1 1 1 1 
1 1 1 1 1 1 1 1 1 
1 1 1 1 1 1 1 1 1 
1 1 1 1 1 1 1 1 1 
1 1 1 1 1 1 1 1 1 
1 1 1 1 1 1 1 1 1 
1 1 1 1 1 1 1 1 1 
1 1 1 1 1 1 1 1 1 
1 1 1 1 1 1 1 1 1 
1 1 1 1 1 1 1 1 1 
1 1 1 1 1 1 1 1 1 
1 1 1 1 1 1 1 1 1 
1 1 1 1 1 1 1 1 1 
1 1 1 1 1 1 1 1 1 
1 1 1 1 1 1 1 1 1 
1 1 1 1 1 1 1 1 1 
1 1 1 1 1 1 1 1 1 
1 1 1 1 1 1 1 1 1 
1 1 1 1 1 1 1 1 1 
1 1 1 1 1 1 1 1 1 
1 1 1 1 1 1 1 1 1 
1 1 1 1 1 1 1 1 1 
1 1 1 1 1 1 1 1 1 
1 1 1 1 1 1 1 1 1 
1 1 1 1 1 1 1 1 1 
1 1 1 1 1 1 1 1 1 
1 1 1 1 1 1 1 1 1 
1 1 1 1 1 1 1 1 1 
1 1 1 1 1 1 1 1 1 
1 1 1 1 1 1 1 1 1 
1 1 1 1 1 1 1 1 1 
1 1 1 1 1 1 1 1 1 
1 1 1 1 1 1 1 1 1 
1 1 1 1 1 1 1 1 1 
1 1 1 1 1 1 1 1 1 
1 1 1 1 1 1 1 1 1 
1 1 1 1 1 1 1 1 1 
1 1 1 1 1 1 1 1 1 
1 1 1 1 1 1 1 1 1 
1 1 1 1 1 1 1 1 1 
1 1 1 1 1 1 1 1 1 
1 1 1 1 1 1 1 1 1 
1 1 1 1 1 1 1 1 1 
1 1 1 1 1 1 1 1 1 
1 1 1 1 1 1 1 1 1 
1 1 1 1 1 1 1 1 1 
1 1 1 1 1 1 1 1 1 
1 1 1 1 1 1 1 1 1 
1 1 1 1 1 1 1 1 1 
1 1 1 1 1 1 1 1 1 
1 1 1 1 1 1 1 1 1 
1 1 1 1 1 1 1 1 1 
1 1 1 1 1 1 1 1 1 
1 1 1 1 1 1 1 1 1 
1 1 1 1 1 1 1 1 1 
1 1 1 1 1 1 1 1 1 
1 1 1 1 1 1 1 1 1 
1 1 1 1 1 1 1 1 1 
1 1 1 1 1 1 1 1 1 
1 1 1 1 1 1 1 1 1 
1 1 1 1 1 1 1 1 1 
1 1 1 1 1 1 1 1 1 
1 1 1 1 1 1 1 1 1 
1 1 1 1 1 1 1 1 1 
1 1 1 1 1 1 1 1 1 
1 1 1 1 1 1 1 1 1 
1 1 1 1 1 1 1 1 1 
1 1 1 1 1 1 1 1 1 
1 1 1 1 1 1 1 1 1 
1 1 1 1 1 1 1 1 1 
1 1 1 1 1 1 1 1 1 
1 1 1 1 1 1 1 1 1 
1 1 1 1 1 1 1 1 1 
1 1 1 1 1 1 1 1 1 
1 1 1 1 1 1 1 1 1 
1 1 1 1 1 1 1 1 1 
1 1 1 1 1 1 1 1 1 
1 1 1 1 1 1 1 1 1 
1 1 1 1 1 1 1 1 1 
1 1 1 1 1 1 1 1 1 
1 1 1 1 1 1 1 1 1 
1 1 1 1 1 1 1 1 1 
1 1 1 1 1 1 1 1 1 
1 1 1 1 1 1 1 1 1 
1 1 1 1 1 1 1 1 1 
1 1 1 1 1 1 1 1 1 
1 1 1 1 1 1 1 1 1 
1 1 1 1 1 1 1 1 1 
1 1 1 1 1 1 1 1 1 
1 1 1 1 1 1 1 1 1 
1 1 1 1 1 1 1 1 1 
1 1 1 1 1 1 1 1 1 
1 1 1 1 1 1 1 1 1 
1 1 1 1 1 1 1 1 1 
1 1 1 1 1 1 1 1 1 
1 1 1 1 1 1 1 1 1 
1 1 1 1 1 1 1 1 1 
1 1 1 1 1 1 1 1 1 
1 1 1 1 1 1 1 1 1 
1 1 1 1 1 1 1 1 1 
1 1 1 1 1 1 1 1 1 
1 1 1 1 1 1 1 1 1 
1 1 1 1 1 1 1 1 1 
1 1 1 1 1 1 1 1 1 
1 1 1 1 1 1 1 1 1 
1 1 1 1 1 1 1 1 1 
1 1 1 1 1 1 1 1 1 
1 1 1 1 1 1 1 1 1 
1 1 1 1 1 1 1 1 1 
1 1 1 1 1 1 1 1 1 
1 1 1 1 1 1 1 1 1 
1 1 1 1 1 1 1 1 1 
1 1 1 1 1 1 1 1 1 
1 1 1 1 1 1 1 1 1 
1 1 1 1 1 1 1 1 1 
1 1 1 1 1 1 1 1 1 
1 1 1 1 1 1 1 1 1 
1 1 1 1 1 1 1 1 1 
1 1 1 1 1 1 1 1 1 
1 1 1 1 1 1 1 1 1 
1 1 1 1 1 1 1 1 1 
1 1 1 1 1 1 1 1 1 
1 1 1 1 1 1 1 1 1 
1 1 1 1 1 1 1 1 1 
1 1 1 1 1 1 1 1 1 
1 1 1 1 1 1 1 1 1 
1 1 1 1 1 1 1 1 1 
1 1 1 1 1 1 1 1 1 
1 1 1 1 1 1 1 1 1 
1 1 1 1 1 1 1 1 1 
1 1 1 1 1 1 1 1 1 
1 1 1 1 1 1 1 1 1 
1 1 1 1 1 1 1 1 1 
1 1 1 1 1 1 1 1 1 
1 1 1 1 1 1 1 1 1 
1 1 1 1 1 1 1 1 1 
1 1 1 1 1 1 1 1 1 
1 1 1 1 1 1 1 1 1 
1 1 1 1 1 1 1 1 1 
1 1 1 1 1 1 1 1 1 
1 1 1 1 1 1 1 1 1 
1 1 1 1 1 1 1 1 1 
1 1 1 1 1 1 1 1 1 
1 1 1 1 1 1 1 1 1 
1 1 1 1 1 1 1 1 1 
1 1 1 1 1 1 1 1 1 
1 1 1 1 1 1 1 1 1 
1 1 1 1 1 1 1 1 1 
1 1 1 1 1 1 1 1 1 
1 1 1 1 1 1 1 1 1 
1 1 1 1 1 1 1 1 1 
1 1 1 1 1 1 1 1 1 
1 1 1 1 1 1 1 1 1 
1 1 1 1 1 1 1 1 1 
1 1 1 1 1 1 1 1 1 
1 1 1 1 1 1 1 1 1 
1 1 1 1 1 1 1 1 1 
1 1 1 1 1 1 1 1 1 
1 1 1 1 1 1 1 1 1 
1 1 1 1 1 1 1 1 1 
1 1 1 1 1 1 1 1 1 
1 1 1 1 1 1 1 1 1 
1 1 1 1 1 1 1 1 1 
1 1 1 1 1 1 1 1 1 
1 1 1 1 1 1 1 1 1 
1 1 1 1 1 1 1 1 1 
1 1 1 1 1 1 1 1 1 
1 1 1 1 1 1 1 1 1 
1 1 1 1 1 1 1 1 1 
1 1 1 1 1 1 1 1 1 
1 1 1 1 1 1 1 1 1 
1 1 1 1 1 1 1 1 1 
1 1 1 1 1 1 1 1 1 
1 1 1 1 1 1 1 1 1 
1 1 1 1 1 1 1 1 1 
1 1 1 1 1 1 1 1 1 
1 1 1 1 1 1 1 1 1 
1 1 1 1 1 1 1 1 1 
1 1 1 1 1 1 1 1 1 
1 1 1 1 1 1 1 1 1 
1 1 1 1 1 1 1 1 1 
1 1 1 1 1 1 1 1 1 
1 1 1 1 1 1 1 1 1 
1 1 1 1 1 1 1 1 1 
1 1 1 1 1 1 1 1 1 
1 1 1 1 1 1 1 1 1 
1 1 1 1 1 1 1 1 1 
1 1 1 1 1 1 1 1 1 
1 1 1 1 1 1 1 1 1 
1 1 1 1 1 1 1 1 1 
1 1 1 1 1 1 1 1 1 
1 1 1 1 1 1 1 1 1 
1 1 1 1 1 1 1 1 1 
1 1 1 1 1 1 1 1 1 
1 1 1 1 1 1 1 1 1 
1 1 1 1 1 1 1 1 1 
1 1 1 1 1 1 1 1 1 
1 1 1 1 1 1 1 1 1 
1 1 1 1 1 1 1 1 1 
1 1 1 1 1 1 1 1 1 
1 1 1 1 1 1 1 1 1 
1 1 1 1 1 1 1 1 1 
1 1 1 1 1 1 1 1 1 
1 1 1 1 1 1 1 1 1 
1 1 1 1 1 1 1 1 1 
1 1 1 1 1 1 1 1 1 
1 1 1 1 1 1 1 1 1 
1 1 1 1 1 1 1 1 1 
1 1 1 1 1 1 1 1 1 
1 1 1 1 1 1 1 1 1 
1 1 1 1 1 1 1 1 1 
1 1 1 1 1 1 1 1 1 
1 1 1 1 1 1 1 1 1 
1 1 1 1 1 1 1 1 1 
1 1 1 1 1 1 1 1 1 
1 1 1 1 1 1 1 1 1 
1 1 1 1 1 1 1 1 1 
1 1 1 1 1 1 1 1 1 
1 1 1 1 1 1 1 1 1 
1 1 1 1 1 1 1 1 1 
1 1 1 1 1 1 1 1 1 
1 1 1 1 1 1 1 1 1 
1 1 1 1 1 1 1 1 1 
1 1 1 1 1 1 1 1 1 
1 1 1 1 1 1 1 1 1 
1 1 1 1 1 1 1 1 1 
1 1 1 1 1 1 1 1 1 
1 1 1 1 1 1 1 1 1 
1 1 1 1 1 1 1 1 1 
1 1 1 1 1 1 1 1 1 
1 1 1 1 1 1 1 1 1 
1 1 1 1 1 1 1 1 1 
1 1 1 1 1 1 1 1 1 
1 1 1 1 1 1 1 1 1 
1 1 1 1 1 1 1 1 1 
1 1 1 1 1 1 1 1 1 
1 1 1 1 1 1 1 1 1 
1 1 1 1 1 1 1 1 1 
1 1 1 1 1 1 1 1 1 
1 1 1 1 1 1 1 1 1 
1 1 1 1 1 1 1 1 1 
1 1 1 1 1 1 1 1 1 
1 1 1 1 1 1 1 1 1 
1 1 1 1 1 1 1 1 1 
1 1 1 1 1 1 1 1 1 
1 1 1 1 1 1 1 1 1 
1 1 1 1 1 1 1 1 1 
1 1 1 1 1 1 1 1 1 
1 1 1 1 1 1 1 1 1 
1 1 1 1 1 1 1 1 1 
1 1 1 1 1 1 1 1 1 
1 1 1 1 1 1 1 1 1 
1 1 1 1 1 1 1 1 1 
1 1 1 1 1 1 1 1 1 
1 1 1 1 1 1 1 1 1 
1 1 1 1 1 1 1 1 1 
1 1 1 1 1 1 1 1 1 
1 1 1 1 1 1 1 1 1 
1 1 1 1 1 1 1 1 1 
1 1 1 1 1 1 1 1 1 
1 1 1 1 1 1 1 1 1 
1 1 1 1 1 1 1 1 1 
1 1 1 1 1 1 
