# vtk DataFile Version 5.1
vtk output
ASCII
DATASET POLYDATA
POINTS 3756 float
0.196972 -0.0306367 0.672491 0.19724 -0.0228907 0.652887 0.180053 -0.0327433 0.660093 
0.208933 -0.0397534 0.657718 0.162598 -0.0503419 0.686904 0.162866 -0.0425959 0.667299 
0.145678 -0.0524485 0.674506 0.191745 -0.049606 0.664925 0.174558 -0.0594586 0.672131 
0.157371 -0.0693112 0.679337 -0.108309 -0.0406812 0.732354 -0.108041 -0.0329351 0.71275 
-0.125228 -0.0427877 0.719956 -0.0963484 -0.0497979 0.717581 -0.113804 -0.0673965 0.744392 
-0.130723 -0.0695031 0.731994 -0.084656 -0.0666607 0.722413 -0.0849241 -0.0744067 0.742017 
-0.0729637 -0.0835234 0.727244 -0.119031 -0.0863659 0.736825 -0.0901509 -0.093376 0.734451 
0.387271 0.0229405 0.582919 0.387539 0.0306865 0.563314 0.370352 0.0208339 0.570521 
0.41615 0.0159303 0.580544 0.416419 0.0236763 0.560939 0.44503 0.00892013 0.578169 
0.445298 0.0166661 0.558565 0.456991 -0.000196626 0.563396 0.352896 0.00323525 0.597332 
0.353164 0.0109813 0.577727 0.335977 0.00112866 0.584934 0.381776 -0.00377491 0.594957 
0.410656 -0.0107851 0.592582 0.439535 -0.0177952 0.590207 0.451496 -0.026912 0.575434 
0.203003 0.0115707 0.621244 0.203271 0.0193167 0.60164 0.186084 0.00946411 0.608846 
0.231883 0.00456054 0.618869 0.232151 0.0123065 0.599265 0.260763 -0.00244963 0.616494 
0.261031 0.00529638 0.59689 0.289642 -0.00945979 0.614119 0.28991 -0.00171378 0.594515 
0.318522 -0.0164699 0.611745 0.31879 -0.00872394 0.59214 0.347401 -0.0234801 0.60937 
0.376281 -0.0304903 0.606995 0.388242 -0.039607 0.592222 0.405429 -0.0297544 0.585015 
0.434308 -0.0367646 0.58264 0.110869 0.00588582 0.640407 0.111137 0.0136318 0.620802 
0.0939502 0.00377923 0.628009 0.139749 -0.00112434 0.638032 0.140017 0.00662167 0.618427 
0.168629 -0.0081345 0.635657 0.168897 -0.000388495 0.616053 0.197508 -0.0151447 0.633282 
0.226388 -0.0221548 0.630907 0.255268 -0.029165 0.628532 0.284147 -0.0361752 0.626157 
0.296108 -0.0452919 0.611384 0.313295 -0.0354393 0.604178 0.342175 -0.0424495 0.601803 
0.371054 -0.0494596 0.599428 -0.096783 0.0282416 0.669069 -0.0965149 0.0359876 0.649465 
-0.113702 0.026135 0.656671 -0.0679033 0.0212314 0.666694 -0.0676353 0.0289774 0.64709 
-0.0390237 0.0142213 0.664319 -0.0387556 0.0219673 0.644715 -0.0101441 0.0072111 0.661944 
-0.00987598 0.0149571 0.64234 0.0187356 0.000200943 0.65957 0.0190037 0.00794695 0.639965 
0.0476152 -0.00680922 0.657195 0.0478833 0.00093679 0.63759 0.0764949 -0.0138194 0.65482 
0.076763 -0.00607337 0.635215 0.105375 -0.0208295 0.652445 0.134254 -0.0278397 0.65007 
0.163134 -0.0348499 0.647695 0.220893 -0.0488702 0.642945 0.249773 -0.0558804 0.64057 
0.261733 -0.0649971 0.625797 0.27892 -0.0551445 0.618591 -0.102278 0.00152623 0.681107 
-0.119197 -0.000580364 0.668709 -0.0733982 -0.00548393 0.678732 -0.0445186 -0.0124941 0.676357 
-0.0156389 -0.0195043 0.673982 0.0132407 -0.0265144 0.671607 0.0421204 -0.0335246 0.669233 
0.071 -0.0405347 0.666858 0.0998797 -0.0475449 0.664483 0.128759 -0.0545551 0.662108 
0.186519 -0.0685754 0.657358 0.198479 -0.0776921 0.642585 0.215666 -0.0678395 0.635379 
0.244546 -0.0748497 0.633004 -0.107773 -0.0251891 0.693145 -0.124692 -0.0272957 0.680747 
-0.0788931 -0.0321993 0.69077 -0.0500134 -0.0392095 0.688395 -0.0211338 -0.0462196 0.68602 
0.00774584 -0.0532298 0.683645 0.0366255 -0.0602399 0.681271 0.0655051 -0.0672501 0.678896 
0.0943848 -0.0742603 0.676521 0.123264 -0.0812704 0.674146 0.152144 -0.0882806 0.671771 
0.164105 -0.0973973 0.656998 0.181292 -0.0875447 0.649791 -0.142147 -0.0448943 0.707558 
-0.141879 -0.0371483 0.687953 -0.159066 -0.0470009 0.69516 -0.084388 -0.0589147 0.702808 
-0.0555083 -0.0659248 0.700433 -0.0266287 -0.072935 0.698058 0.00225097 -0.0799451 0.695683 
0.0311306 -0.0869553 0.693308 0.0600103 -0.0939655 0.690934 0.0888899 -0.100976 0.688559 
0.10085 -0.110092 0.673786 0.118038 -0.10024 0.666579 0.146917 -0.10725 0.664204 
-0.147642 -0.0716097 0.719596 -0.164561 -0.0737163 0.707198 -0.0610032 -0.0926402 0.712471 
-0.0490427 -0.101757 0.697698 -0.0318555 -0.0919043 0.690492 -0.00297583 -0.0989145 0.688117 
0.0259038 -0.105925 0.685742 0.0547835 -0.112935 0.683367 0.0836631 -0.119945 0.680992 
-0.152869 -0.0905791 0.712029 -0.123989 -0.0975892 0.709654 -0.0951096 -0.104599 0.70728 
-0.06623 -0.11161 0.704905 0.427676 0.084853 0.517259 0.427944 0.092599 0.497655 
0.410757 0.0827464 0.504861 0.456556 0.0778429 0.514884 0.456824 0.0855889 0.49528 
0.468516 0.0687261 0.500111 0.364422 0.072158 0.534047 0.36469 0.079904 0.514442 
0.347503 0.0700514 0.521649 0.393302 0.0651478 0.531672 0.39357 0.0728938 0.512067 
0.422182 0.0581377 0.529297 0.451061 0.0511275 0.526922 0.463022 0.0420108 0.512149 
0.301168 0.059463 0.550835 0.301436 0.067209 0.53123 0.284249 0.0573564 0.538437 
0.330048 0.0524528 0.54846 0.330316 0.0601988 0.528855 0.358927 0.0454426 0.546085 
0.387807 0.0384325 0.54371 0.416687 0.0314223 0.541335 0.445566 0.0244121 0.53896 
0.457527 0.0152954 0.524187 0.209034 0.0537781 0.569997 0.209302 0.0615241 0.550393 
0.192115 0.0516715 0.557599 0.237914 0.0467679 0.567622 0.238182 0.0545139 0.548018 
0.266794 0.0397578 0.565247 0.267062 0.0475038 0.545643 0.295673 0.0327476 0.562873 
0.324553 0.0257374 0.560498 0.353432 0.0187273 0.558123 0.452032 -0.01142 0.536225 
0.14578 0.041083 0.586785 0.146048 0.048829 0.567181 0.128861 0.0389764 0.574387 
0.17466 0.0340729 0.58441 0.174928 0.0418189 0.564806 0.203539 0.0270627 0.582035 
0.232419 0.0200526 0.57966 0.261299 0.0130424 0.577285 0.290178 0.00603223 0.574911 
0.319058 -0.000977933 0.572536 0.446537 -0.0381353 0.548263 -0.119632 0.0774591 0.620197 
-0.119364 0.0852051 0.600593 -0.136551 0.0753525 0.607799 -0.090752 0.070449 0.617822 
-0.0904839 0.078195 0.598218 -0.0618723 0.0634388 0.615447 -0.0616042 0.0711848 0.595843 
-0.0329927 0.0564286 0.613072 -0.0327246 0.0641747 0.593468 -0.00411303 0.0494185 0.610698 
-0.00384495 0.0571645 0.591093 0.0247666 0.0424083 0.608323 0.0250347 0.0501543 0.588718 
0.0536463 0.0353982 0.605948 0.0539143 0.0431442 0.586343 0.0825259 0.028388 0.603573 
0.082794 0.036134 0.583968 0.111406 0.0213778 0.601198 0.111674 0.0291238 0.581593 
0.140285 0.0143677 0.598823 0.169165 0.00735751 0.596448 0.400202 -0.0487238 0.577449 
0.412162 -0.0578405 0.562676 0.42935 -0.0479879 0.555469 -0.124858 0.0584898 0.612631 
-0.113166 0.041627 0.617462 -0.0962468 0.0437336 0.62986 -0.0673672 0.0367234 0.627485 
-0.0384875 0.0297133 0.62511 -0.0096079 0.0227031 0.622736 0.0192717 0.015693 0.620361 
0.0481514 0.0086828 0.617986 0.077031 0.00167264 0.615611 0.308068 -0.0544087 0.596611 
0.336948 -0.0614188 0.594237 0.348908 -0.0705356 0.579464 0.366096 -0.060683 0.572257 
0.394975 -0.0676931 0.569882 -0.130621 0.0240284 0.644273 -0.130353 0.0317744 0.624669 
-0.147541 0.0219218 0.631875 0.256775 -0.0762205 0.598626 0.273962 -0.0663678 0.59142 
0.302841 -0.073378 0.589045 0.331721 -0.0803882 0.58667 -0.136116 -0.00268696 0.656311 
-0.153035 -0.00479355 0.643913 0.21044 -0.0868089 0.627812 0.2224 -0.0959257 0.613039 
0.239587 -0.086073 0.605833 -0.170491 -0.0223922 0.670724 -0.170223 -0.0146461 0.651119 
-0.18741 -0.0244987 0.658326 -0.141611 -0.0294023 0.668349 0.176065 -0.106514 0.642225 
0.188025 -0.115631 0.627452 0.205213 -0.105778 0.620246 -0.175986 -0.0491075 0.682762 
-0.192905 -0.0512141 0.670364 0.112811 -0.119209 0.659013 0.124771 -0.128326 0.64424 
0.141959 -0.118473 0.637033 0.170838 -0.125483 0.634658 -0.21036 -0.0688127 0.697175 
-0.210092 -0.0610667 0.67757 -0.227279 -0.0709193 0.684777 -0.18148 -0.0758229 0.6948 
-0.0370823 -0.110874 0.682925 -0.00820263 -0.117884 0.68055 0.020677 -0.124894 0.678175 
0.0495567 -0.131904 0.675801 0.0615171 -0.141021 0.661028 0.0787044 -0.131168 0.653821 
0.107584 -0.138178 0.651446 -0.215587 -0.0877821 0.689608 -0.186707 -0.0947922 0.687233 
-0.157828 -0.101802 0.684858 -0.128948 -0.108813 0.682483 -0.100068 -0.115823 0.680108 
-0.0711887 -0.122833 0.677734 -0.0423091 -0.129843 0.675359 -0.0134294 -0.136853 0.672984 
0.0154502 -0.143863 0.670609 0.0443299 -0.150874 0.668234 0.399333 0.107355 0.480425 
0.399601 0.115101 0.460821 0.382414 0.105249 0.468027 0.428213 0.100345 0.47805 
0.428481 0.108091 0.458446 0.457092 0.0933349 0.475675 0.45736 0.101081 0.456071 
0.469053 0.0842181 0.460902 0.336079 0.0946602 0.497213 0.336347 0.102406 0.477608 
0.31916 0.0925536 0.484815 0.364958 0.08765 0.494838 0.365226 0.095396 0.475233 
0.393838 0.0806398 0.492463 0.463558 0.0575028 0.47294 0.272825 0.0819651 0.514001 
0.273093 0.0897111 0.494396 0.255905 0.0798585 0.501602 0.301704 0.074955 0.511626 
0.301972 0.082701 0.492021 0.330584 0.0679448 0.509251 0.458063 0.0307874 0.484978 
0.20957 0.0692701 0.530788 0.209838 0.0770161 0.511184 0.192651 0.0671635 0.51839 
0.23845 0.0622599 0.528413 0.238718 0.0700059 0.508809 0.26733 0.0552498 0.526038 
0.452568 0.00407205 0.497016 0.146316 0.0565751 0.547576 0.146584 0.0643211 0.527972 
0.129397 0.0544685 0.535178 0.175196 0.0495649 0.545201 0.175464 0.0573109 0.525597 
0.447073 -0.0226433 0.509054 -0.0902158 0.085941 0.578613 -0.0899477 0.093687 0.559009 
-0.107135 0.0838344 0.566215 -0.0613362 0.0789308 0.576238 -0.0610681 0.0866768 0.556634 
-0.0324565 0.0719207 0.573863 -0.0321884 0.0796667 0.554259 -0.00357688 0.0649105 0.571489 
-0.0033088 0.0726565 0.551884 0.0253028 0.0579003 0.569114 0.0255708 0.0656464 0.549509 
0.0541824 0.0508902 0.566739 0.0544505 0.0586362 0.547134 0.0830621 0.04388 0.564364 
0.0833301 0.051626 0.544759 0.111942 0.0368699 0.561989 0.11221 0.0446159 0.542384 
0.441578 -0.0493587 0.521092 -0.12459 0.0662358 0.593026 -0.11263 0.057119 0.578253 
0.395243 -0.0599471 0.550278 0.378324 -0.0620537 0.53788 0.395511 -0.0522011 0.530673 
0.424391 -0.0592113 0.528298 -0.129817 0.0472664 0.58546 -0.147004 0.0374138 0.592666 
-0.130085 0.0395204 0.605064 0.34395 -0.0817589 0.552293 0.361137 -0.0719063 0.545086 
-0.16446 0.0198152 0.619477 -0.164192 0.0275612 0.599872 -0.181379 0.0177086 0.607079 
0.251816 -0.0874438 0.571455 0.269003 -0.0775912 0.564249 0.297883 -0.0846014 0.561874 
0.326762 -0.0916115 0.559499 -0.198834 0.000110022 0.63389 -0.198566 0.00785603 0.614285 
-0.215753 -0.00199657 0.621492 -0.169955 -0.00690014 0.631515 0.217441 -0.107149 0.585868 
0.234629 -0.0972964 0.578662 -0.204329 -0.0266053 0.645928 -0.221248 -0.0287119 0.63353 
0.183067 -0.126854 0.600281 0.200254 -0.117002 0.593075 -0.209824 -0.0533207 0.657966 
-0.226743 -0.0554273 0.645568 0.119813 -0.139549 0.617069 0.137 -0.129697 0.609862 
0.165879 -0.136707 0.607487 -0.244199 -0.0730259 0.672379 -0.24393 -0.0652799 0.652774 
-0.261118 -0.0751325 0.65998 0.0565584 -0.152244 0.633857 0.0737457 -0.142392 0.62665 
0.102625 -0.149402 0.624275 -0.249425 -0.0919953 0.664812 -0.220546 -0.0990054 0.662437 
-0.191666 -0.106016 0.660062 -0.162786 -0.113026 0.657687 -0.133907 -0.120036 0.655312 
-0.105027 -0.127046 0.652937 -0.0761474 -0.134056 0.650563 -0.0472678 -0.141066 0.648188 
-0.0183881 -0.148077 0.645813 0.0104915 -0.155087 0.643438 0.0393711 -0.162097 0.641063 
0.405364 0.149563 0.429178 0.405632 0.157309 0.409574 0.388445 0.147456 0.41678 
0.417324 0.140446 0.414405 0.399869 0.122847 0.441216 0.38295 0.120741 0.428818 
0.429017 0.123583 0.419237 0.428749 0.115837 0.438841 0.440709 0.10672 0.424068 
0.365495 0.103142 0.455629 0.365763 0.110888 0.436024 0.348575 0.101035 0.443231 
0.452402 0.0898575 0.4289 0.464094 0.0729948 0.433731 0.30224 0.090447 0.472417 
0.302508 0.098193 0.452812 0.285321 0.0883404 0.460019 0.331388 0.0911828 0.450437 
0.458599 0.0462794 0.445769 0.238986 0.0777519 0.489204 0.239254 0.085498 0.4696 
0.222067 0.0756454 0.476806 0.268134 0.0784878 0.467225 0.453104 0.0195641 0.457807 
0.175732 0.0650569 0.505992 0.176 0.0728029 0.486388 0.158813 0.0629503 0.493594 
0.20488 0.0657928 0.484013 0.447609 -0.0071513 0.469845 -0.0608 0.0944228 0.537029 
-0.0605319 0.102169 0.517425 -0.0777192 0.0923162 0.524631 -0.0319204 0.0874127 0.534654 
-0.0316523 0.0951587 0.51505 -0.00304073 0.0804025 0.53228 -0.00277265 0.0881485 0.512675 
0.0258389 0.0733924 0.529905 0.026107 0.0811384 0.5103 0.0547186 0.0663822 0.52753 
0.0549866 0.0741282 0.507925 0.0835982 0.059372 0.525155 0.0838663 0.067118 0.50555 
0.112478 0.0523619 0.52278 0.112746 0.0601079 0.503175 0.141626 0.0530977 0.500801 
0.430154 -0.0247499 0.496656 0.413235 -0.0268565 0.484258 0.430422 -0.0170039 0.477051 
-0.0949065 0.0824637 0.531838 -0.112094 0.072611 0.539044 0.424659 -0.0514653 0.508694 
0.40774 -0.0535719 0.496296 -0.129549 0.0550124 0.565855 -0.129281 0.0627584 0.546251 
-0.146468 0.0529059 0.553457 0.373365 -0.0732771 0.510709 0.390553 -0.0634245 0.503502 
-0.192803 0.0423174 0.582643 -0.192535 0.0500634 0.563038 -0.209722 0.0402108 0.570245 
-0.163924 0.0353072 0.580268 -0.163656 0.0430532 0.560664 0.338991 -0.0929823 0.525122 
0.356178 -0.0831297 0.517915 -0.198298 0.015602 0.594681 -0.215217 0.0134954 0.582283 
0.246857 -0.0986671 0.544284 0.264044 -0.0888145 0.537078 0.292924 -0.0958247 0.534703 
0.321804 -0.102835 0.532328 -0.232673 -0.00410316 0.609094 -0.232405 0.00364285 0.589489 
-0.249592 -0.00620975 0.596696 0.212483 -0.118372 0.558697 0.22967 -0.10852 0.551491 
-0.238167 -0.0308185 0.621132 -0.255087 -0.0329251 0.608734 0.178108 -0.138078 0.57311 
0.195295 -0.128225 0.565904 -0.243662 -0.0575339 0.63317 -0.260582 -0.0596405 0.620772 
0.102893 -0.141656 0.604671 0.0859742 -0.143762 0.592273 0.103161 -0.13391 0.585066 
0.132041 -0.14092 0.582691 0.160921 -0.14793 0.580316 -0.266076 -0.0863558 0.63281 
0.0515997 -0.163468 0.606686 0.0687869 -0.153615 0.599479 -0.254384 -0.103219 0.637641 
-0.225504 -0.110229 0.635266 -0.196625 -0.117239 0.632891 -0.167745 -0.124249 0.630516 
-0.138865 -0.131259 0.628141 -0.109986 -0.138269 0.625766 -0.0811062 -0.14528 0.623392 
-0.0522265 -0.15229 0.621017 -0.0233469 -0.1593 0.618642 0.00553278 -0.16631 0.616267 
0.0344124 -0.17332 0.613892 0.371526 0.145349 0.404382 0.371794 0.153095 0.384778 
0.354606 0.143243 0.391984 0.400405 0.138339 0.402007 0.383486 0.136233 0.389609 
0.366031 0.118634 0.41642 0.349111 0.116527 0.404022 0.395178 0.11937 0.394441 
0.424058 0.11236 0.392066 0.43575 0.095497 0.396897 0.302777 0.105939 0.433208 
0.303045 0.113685 0.413603 0.285857 0.103832 0.42081 0.331656 0.0989288 0.430833 
0.331924 0.106675 0.411228 0.447443 0.0786342 0.401729 0.459135 0.0617714 0.40656 
0.268402 0.0862338 0.447621 0.26867 0.0939798 0.428016 0.251483 0.0841272 0.435223 
0.45364 0.0350561 0.418598 0.205148 0.0735388 0.464408 0.205416 0.0812848 0.444804 
0.188229 0.0714322 0.45201 0.234296 0.0742746 0.442429 0.448145 0.00834072 0.430636 
-0.00250458 0.0958945 0.493071 -0.0022365 0.103641 0.473466 -0.0194238 0.0937879 0.480673 
0.00945589 0.0867778 0.478298 0.0552547 0.0818742 0.488321 0.0555228 0.0896202 0.468716 
0.0383355 0.0797676 0.475923 0.0841344 0.0748641 0.485946 0.0844024 0.0826101 0.466341 
0.113014 0.0678539 0.483571 0.113282 0.0755999 0.463967 0.141894 0.0608437 0.481196 
0.142162 0.0685897 0.461592 0.171041 0.0615796 0.459217 0.43069 -0.00925789 0.457447 
0.413771 -0.0113645 0.445049 0.430958 -0.00151188 0.437843 -0.0657587 0.0831995 0.509858 
-0.0537983 0.0740827 0.495085 -0.036611 0.0839353 0.487879 0.0211483 0.069915 0.483129 
0.408276 -0.0380798 0.457087 -0.129013 0.0705045 0.526646 -0.128745 0.0782505 0.507042 
-0.145932 0.0683979 0.514248 -0.0998652 0.0712403 0.504667 -0.0709855 0.0642301 0.502292 
0.390821 -0.0556785 0.483898 0.373902 -0.057785 0.4715 0.391089 -0.0479324 0.464293 
-0.192267 0.0578094 0.543434 -0.191999 0.0655554 0.523829 -0.209186 0.0557028 0.531036 
-0.163387 0.0507993 0.541059 -0.163119 0.0585453 0.521455 0.356446 -0.0753837 0.498311 
0.339527 -0.0774902 0.485913 0.356714 -0.0676376 0.478706 -0.226642 0.0381042 0.557847 
-0.226374 0.0458502 0.538242 -0.243561 0.0359976 0.545449 0.322072 -0.0950889 0.512724 
0.305153 -0.0971954 0.500326 0.32234 -0.0873429 0.493119 -0.232136 0.0113889 0.569885 
-0.249056 0.00928226 0.557487 0.241898 -0.10989 0.517113 0.259086 -0.100038 0.509907 
0.287965 -0.107048 0.507532 -0.254551 -0.0174331 0.569525 0.207524 -0.129596 0.531526 
0.224711 -0.119743 0.52432 -0.272006 -0.0350317 0.596336 -0.271738 -0.0272857 0.576731 
-0.288925 -0.0371383 0.583937 0.173149 -0.149301 0.545939 0.190337 -0.139448 0.538733 
-0.277501 -0.0617471 0.608373 -0.29442 -0.0638537 0.595975 0.0810155 -0.154986 0.565102 
0.0982027 -0.145133 0.557895 0.127082 -0.152143 0.55552 0.155962 -0.159153 0.553145 
-0.282728 -0.0807164 0.600807 -0.271035 -0.0975792 0.605639 0.0346805 -0.165574 0.594287 
0.0177613 -0.167681 0.581889 0.0349486 -0.157828 0.574683 0.0638282 -0.164838 0.572308 
-0.259343 -0.114442 0.61047 -0.230463 -0.121452 0.608095 -0.201583 -0.128462 0.60572 
-0.172704 -0.135472 0.603345 -0.143824 -0.142483 0.60097 -0.114945 -0.149493 0.598595 
-0.0860649 -0.156503 0.596221 -0.0571852 -0.163513 0.593846 -0.0283056 -0.170523 0.591471 
0.000574057 -0.177533 0.589096 0.337687 0.141136 0.379586 0.337955 0.148882 0.359981 
0.320768 0.13903 0.367188 0.366835 0.141872 0.357607 0.378527 0.125009 0.362438 
0.303313 0.121431 0.393999 0.303581 0.129177 0.374394 0.286393 0.119324 0.381601 
0.332192 0.114421 0.391624 0.389952 0.100401 0.386874 0.373032 0.0982939 0.374476 
0.418831 0.0933904 0.384499 0.268938 0.101726 0.408412 0.269206 0.109472 0.388807 
0.252019 0.0996192 0.396014 0.384725 0.0814312 0.379307 0.413604 0.074421 0.376933 
0.442216 0.0596648 0.394162 0.425297 0.0575583 0.381764 0.234564 0.0820206 0.422824 
0.234832 0.0897666 0.40322 0.217644 0.079914 0.410426 0.436721 0.0329495 0.4062 
0.419802 0.0308429 0.393802 0.11355 0.0833459 0.444362 0.113818 0.0910919 0.424758 
0.096631 0.0812393 0.431964 0.14243 0.0763357 0.441987 0.142698 0.0840818 0.422383 
0.171309 0.0693256 0.439612 0.171578 0.0770716 0.420008 0.200457 0.0700614 0.417633 
0.431226 0.00623413 0.418238 0.414307 0.00412753 0.40584 -0.0074633 0.0846712 0.4659 
0.050296 0.0706509 0.46115 0.0622565 0.0615341 0.446377 0.0794437 0.0713867 0.43917 
0.408812 -0.0225878 0.417878 -0.0995971 0.0789863 0.485062 -0.099329 0.0867323 0.465458 
-0.116516 0.0768797 0.472664 -0.0707175 0.0719761 0.482687 -0.0704494 0.0797222 0.463083 
-0.0415697 0.072712 0.460708 -0.0126901 0.0657018 0.458333 0.0161896 0.0586917 0.455958 
0.0450692 0.0516815 0.453583 0.391357 -0.0401864 0.444689 0.374438 -0.042293 0.432291 
0.391625 -0.0324404 0.425084 -0.191731 0.0733014 0.504225 -0.191463 0.0810474 0.48462 
-0.20865 0.0711948 0.491827 -0.162851 0.0662913 0.50185 -0.162583 0.0740373 0.482246 
-0.133704 0.0670271 0.479871 0.368943 -0.0690084 0.444329 -0.226105 0.0535962 0.518638 
-0.225837 0.0613422 0.499033 -0.243025 0.0514896 0.50624 0.322608 -0.0795968 0.473515 
0.305689 -0.0817034 0.461117 0.322876 -0.0718508 0.45391 0.351756 -0.078861 0.451535 
-0.248519 0.0247743 0.518278 0.300194 -0.108419 0.473154 -0.265975 0.00717567 0.545089 
-0.265707 0.0149217 0.525484 -0.282894 0.00506908 0.532691 0.23694 -0.121114 0.489942 
0.254127 -0.111261 0.482736 0.283007 -0.118271 0.480361 -0.27147 -0.0195397 0.557127 
-0.288389 -0.0216463 0.544729 0.202565 -0.140819 0.504355 0.219752 -0.130966 0.497149 
-0.305844 -0.0392449 0.571539 -0.305576 -0.0314989 0.551935 -0.322763 -0.0413515 0.559141 
0.15623 -0.151407 0.533541 0.139311 -0.153514 0.521143 0.156498 -0.143661 0.513936 
0.185378 -0.150672 0.511562 -0.311071 -0.0582142 0.563973 -0.299379 -0.075077 0.568804 
0.0760568 -0.166209 0.537931 0.093244 -0.156357 0.530724 0.122124 -0.163367 0.528349 
-0.287686 -0.0919398 0.573636 -0.258807 -0.0989499 0.571261 -0.259075 -0.106696 0.590865 
-0.247114 -0.115813 0.576093 0.000842132 -0.169787 0.569491 -0.0160771 -0.171894 0.557093 
0.00111021 -0.162041 0.549887 0.0299899 -0.169052 0.547512 0.0588695 -0.176062 0.545137 
-0.235422 -0.132675 0.580924 -0.206542 -0.139686 0.578549 -0.177663 -0.146696 0.576174 
-0.148783 -0.153706 0.573799 -0.119903 -0.160716 0.571424 -0.0910236 -0.167726 0.56905 
-0.062144 -0.174736 0.566675 -0.0332643 -0.181747 0.5643 0.274969 0.143933 0.357165 
0.275237 0.151679 0.33756 0.25805 0.141827 0.344767 0.303849 0.136923 0.35479 
0.304117 0.144669 0.335185 0.332997 0.137659 0.33281 0.361608 0.122903 0.35004 
0.344689 0.120796 0.337642 0.269474 0.117218 0.369203 0.252555 0.115111 0.356805 
0.356113 0.0961874 0.362078 0.339194 0.0940808 0.34968 0.2351 0.0975126 0.383615 
0.235368 0.105259 0.364011 0.218181 0.095406 0.371217 0.350886 0.077218 0.354511 
0.379498 0.0624618 0.371741 0.362579 0.0603552 0.359343 0.408378 0.0554517 0.369366 
0.114086 0.0988379 0.405153 0.114354 0.106584 0.385549 0.0971671 0.0967313 0.392755 
0.142966 0.0918278 0.402778 0.143234 0.0995738 0.383174 0.171846 0.0848176 0.400403 
0.172114 0.0925636 0.380799 0.200725 0.0778074 0.398028 0.200993 0.0855534 0.378424 
0.374271 0.0434925 0.364174 0.402883 0.0287363 0.381404 0.385964 0.0266297 0.369006 
0.0797118 0.0791327 0.419566 0.0799799 0.0868787 0.399961 0.0627926 0.0770261 0.407168 
0.397388 0.00202094 0.393442 0.380469 -8.56504e-05 0.381044 -0.243459 0.129529 0.457728 
-0.243191 0.137275 0.438123 -0.260378 0.127423 0.44533 -0.231499 0.120412 0.442955 
0.0453373 0.0594275 0.433979 0.0456054 0.0671735 0.414374 0.0284181 0.0573209 0.421581 
0.391893 -0.0246944 0.40548 0.374974 -0.026801 0.393082 -0.248686 0.11056 0.450161 
-0.191195 0.0887935 0.465016 -0.190927 0.0965395 0.445412 -0.208114 0.0866869 0.452618 
-0.162315 0.0817833 0.462641 -0.162047 0.0895293 0.443037 -0.133435 0.0747731 0.460266 
-0.133167 0.0825191 0.440662 -0.104288 0.075509 0.438287 -0.0754081 0.0684988 0.435912 
-0.0465285 0.0614887 0.433537 -0.0176488 0.0544785 0.431162 0.0112308 0.0474683 0.428787 
0.357518 -0.0443996 0.419893 0.340599 -0.0465062 0.407495 0.357787 -0.0366536 0.400288 
-0.225569 0.0690883 0.479429 -0.225301 0.0768343 0.459824 -0.242488 0.0669817 0.467031 
0.323144 -0.0641048 0.434306 0.306225 -0.0662114 0.421908 0.323412 -0.0563588 0.414701 
0.352024 -0.071115 0.431931 -0.259944 0.0493831 0.493842 -0.259676 0.0571291 0.474237 
-0.276863 0.0472765 0.481444 0.288769 -0.08381 0.448718 0.27185 -0.0859166 0.43632 
0.289038 -0.076064 0.429114 -0.265439 0.0226677 0.50588 -0.282358 0.0205611 0.493482 
0.283275 -0.110525 0.460756 0.266355 -0.112632 0.448358 -0.299813 0.00296249 0.520293 
-0.299545 0.0107085 0.500688 -0.316732 0.000855896 0.507894 0.22002 -0.12322 0.477544 
0.203101 -0.125327 0.465146 0.220289 -0.115474 0.45794 0.249168 -0.122485 0.455565 
-0.305308 -0.0237529 0.53233 -0.322227 -0.0258595 0.519932 0.185646 -0.142926 0.491957 
0.168727 -0.145032 0.479559 0.185914 -0.13518 0.472353 -0.327722 -0.0525748 0.53197 
0.134352 -0.164737 0.493972 0.151539 -0.154885 0.486765 -0.31603 -0.0694376 0.536802 
-0.28715 -0.0764478 0.534427 -0.287418 -0.0841938 0.554031 -0.275458 -0.0933105 0.539258 
0.0591376 -0.168316 0.525533 0.0422184 -0.170422 0.513135 0.0594057 -0.16057 0.505928 
0.0882853 -0.16758 0.503553 0.117165 -0.17459 0.501178 -0.263765 -0.110173 0.54409 
-0.234886 -0.117183 0.541715 -0.235154 -0.124929 0.56132 -0.206006 -0.124194 0.53934 
-0.206274 -0.13194 0.558945 -0.194314 -0.141056 0.544172 -0.0618759 -0.16699 0.54707 
-0.0787951 -0.169097 0.534672 -0.0616078 -0.159244 0.527466 -0.0327282 -0.166255 0.525091 
-0.0329962 -0.174001 0.544695 -0.00384851 -0.173265 0.522716 0.0250311 -0.180275 0.520341 
-0.182621 -0.157919 0.549003 -0.153742 -0.164929 0.546628 -0.124862 -0.171939 0.544253 
-0.0959823 -0.17895 0.541879 0.241131 0.13972 0.332369 0.241399 0.147466 0.312764 
0.224212 0.137613 0.319971 0.270279 0.140456 0.310389 0.299158 0.133446 0.308014 
0.32777 0.11869 0.325244 0.310851 0.116583 0.312846 0.235636 0.113005 0.344407 
0.218717 0.110898 0.332008 0.322543 0.0997202 0.317677 0.334235 0.0828574 0.322509 
0.143502 0.10732 0.363569 0.14377 0.115066 0.343965 0.126583 0.105213 0.351171 
0.172382 0.10031 0.361194 0.17265 0.108056 0.34159 0.201261 0.0932995 0.358819 
0.201529 0.101045 0.339215 0.34566 0.0582486 0.346945 0.32874 0.0561421 0.334547 
-0.150789 0.150706 0.399356 -0.150521 0.158452 0.379752 -0.167708 0.148599 0.386958 
-0.138829 0.141589 0.384583 0.109396 0.0953606 0.358378 0.0922084 0.085508 0.365584 
0.340433 0.0392793 0.339378 0.369044 0.0245231 0.356608 0.352125 0.0224165 0.34421 
-0.214043 0.138011 0.416144 -0.213775 0.145757 0.39654 -0.230963 0.135904 0.403746 
-0.202083 0.128894 0.401371 -0.156016 0.131737 0.39179 0.0750211 0.0756554 0.37279 
0.0578339 0.0658028 0.379997 0.363818 0.00555377 0.349041 0.37551 -0.011309 0.353873 
-0.277298 0.125316 0.432932 -0.277029 0.133062 0.413327 -0.294217 0.123209 0.420534 
-0.24815 0.126052 0.410952 -0.219538 0.111296 0.428182 -0.190391 0.112031 0.406203 
-0.190659 0.104285 0.425807 -0.161779 0.0972753 0.423432 -0.161511 0.105021 0.403828 
-0.132899 0.0902651 0.421057 -0.132631 0.0980112 0.401453 -0.10402 0.083255 0.418682 
-0.103752 0.091001 0.399078 -0.07514 0.0762448 0.416307 -0.074872 0.0839908 0.396703 
-0.0462604 0.0692347 0.413933 -0.0459923 0.0769807 0.394328 -0.0173807 0.0622245 0.411558 
-0.0171127 0.0699705 0.391953 0.0114989 0.0552143 0.409183 0.011767 0.0629603 0.389578 
0.0406466 0.0559502 0.387203 0.370015 -0.0380244 0.365911 -0.282524 0.106347 0.425365 
-0.253913 0.0915904 0.442595 -0.270832 0.0894838 0.430197 -0.225033 0.0845803 0.44022 
0.335641 -0.0577296 0.380324 0.352828 -0.047877 0.373117 -0.259408 0.0648751 0.454633 
-0.276327 0.0627685 0.442235 0.301266 -0.0774348 0.394737 0.318453 -0.0675822 0.38753 
-0.293782 0.0451699 0.469046 -0.293514 0.0529159 0.449441 -0.310701 0.0430633 0.456648 
0.266892 -0.09714 0.409149 0.284079 -0.0872874 0.401943 -0.299277 0.0184545 0.481084 
-0.316196 0.0163479 0.468686 0.249436 -0.114739 0.43596 0.232517 -0.116845 0.423562 
0.249704 -0.106993 0.416356 -0.333652 -0.0012507 0.495496 -0.333384 0.00649531 0.475892 
-0.350571 -0.00335729 0.483098 0.198143 -0.13655 0.437975 0.21533 -0.126698 0.430769 
-0.338878 -0.0202201 0.48793 -0.327186 -0.0370828 0.492761 0.163768 -0.156256 0.452388 
0.180955 -0.146403 0.445182 -0.315494 -0.0539456 0.497593 -0.315762 -0.0616916 0.517197 
-0.303801 -0.0708083 0.502424 0.129393 -0.175961 0.466801 0.146581 -0.166108 0.459594 
-0.292109 -0.0876711 0.507256 -0.280416 -0.104534 0.512087 0.0252992 -0.172529 0.500736 
0.00838002 -0.174635 0.488338 0.0255673 -0.164783 0.481132 0.0544469 -0.171793 0.478757 
0.0833266 -0.178803 0.476382 0.112206 -0.185813 0.474007 -0.268724 -0.121397 0.516919 
-0.239844 -0.128407 0.514544 -0.210965 -0.135417 0.512169 -0.182085 -0.142427 0.509794 
-0.182353 -0.150173 0.529399 -0.153205 -0.149437 0.507419 -0.153474 -0.157183 0.527024 
-0.141513 -0.1663 0.512251 -0.0957142 -0.171204 0.522274 -0.112633 -0.17331 0.509876 
-0.0954462 -0.163458 0.50267 -0.0665665 -0.170468 0.500295 -0.0376869 -0.177478 0.49792 
-0.00880724 -0.184488 0.495545 -0.129821 -0.183163 0.517082 0.207292 0.135507 0.307572 
0.207561 0.143253 0.287968 0.190373 0.1334 0.295174 0.23644 0.136243 0.285593 
0.26532 0.129233 0.283218 0.293931 0.114476 0.300448 0.277012 0.11237 0.28805 
0.172918 0.115802 0.321985 0.173186 0.123548 0.302381 0.155999 0.113695 0.309587 
0.201798 0.108791 0.31961 0.288705 0.095507 0.292881 0.317316 0.0807508 0.310111 
0.300397 0.0786442 0.297713 0.138811 0.103842 0.316794 0.121624 0.0939898 0.324 
0.312089 0.0617815 0.302544 0.323782 0.0449187 0.307376 -0.184628 0.146493 0.37456 
-0.18436 0.154239 0.354956 -0.201547 0.144386 0.362162 -0.15548 0.147229 0.352581 
-0.143787 0.130366 0.357412 0.104437 0.0841372 0.331207 0.0872497 0.0742846 0.338413 
0.335206 0.0203099 0.331812 0.318287 0.0182033 0.319414 -0.247882 0.133798 0.391348 
-0.247614 0.141544 0.371743 -0.264801 0.131691 0.37895 -0.218734 0.134534 0.369368 
-0.190122 0.119777 0.386598 -0.161243 0.112767 0.384223 -0.132095 0.113503 0.362244 
-0.132363 0.105757 0.381848 -0.120403 0.0966404 0.367075 0.0409147 0.0636962 0.367599 
0.0411828 0.0714422 0.347994 0.0239955 0.0615896 0.355201 0.0700624 0.064432 0.345619 
0.329979 0.00134058 0.324245 0.358591 -0.0134156 0.341475 0.341672 -0.0155222 0.329077 
-0.281988 0.121839 0.386156 -0.299175 0.111986 0.393363 -0.10871 0.0797777 0.371907 
-0.0798307 0.0727675 0.369532 -0.050951 0.0657573 0.367157 -0.0220714 0.0587472 0.364782 
0.00680826 0.051737 0.362407 0.353096 -0.040131 0.353513 0.336177 -0.0422375 0.341115 
-0.287751 0.0873773 0.417799 -0.30467 0.0852707 0.405401 0.318721 -0.0598362 0.367926 
0.301802 -0.0619427 0.355528 0.318989 -0.0520901 0.348321 -0.293246 0.0606619 0.429837 
-0.310165 0.0585553 0.417439 0.284347 -0.0795414 0.382338 0.267428 -0.0816479 0.36994 
0.284615 -0.0717953 0.362734 -0.327621 0.0409567 0.44425 -0.327352 0.0487027 0.424645 
-0.34454 0.0388501 0.431851 0.249972 -0.0992466 0.396751 0.233053 -0.101353 0.384353 
0.25024 -0.0915005 0.377147 -0.361995 0.0212515 0.458662 -0.361727 0.0289975 0.439058 
-0.378914 0.0191449 0.446264 -0.333115 0.0142413 0.456287 0.215598 -0.118952 0.411164 
0.198679 -0.121058 0.398766 0.215866 -0.111206 0.39156 -0.367222 0.00228213 0.451096 
-0.355529 -0.0145806 0.455927 0.181223 -0.138657 0.425577 0.164304 -0.140764 0.413179 
0.181491 -0.130911 0.405973 -0.343837 -0.0314434 0.460759 -0.332145 -0.0483062 0.46559 
0.146849 -0.158362 0.43999 0.12993 -0.160469 0.427592 0.147117 -0.150616 0.420385 
-0.320452 -0.0651689 0.470422 -0.30876 -0.0820317 0.475253 0.0835947 -0.171057 0.456778 
0.0666755 -0.173164 0.44438 0.0838627 -0.163311 0.437173 0.112742 -0.170321 0.434798 
0.112474 -0.178067 0.454403 -0.297068 -0.0988944 0.480085 -0.268188 -0.105905 0.47771 
-0.268456 -0.113651 0.497315 -0.256496 -0.122767 0.482542 -0.00853916 -0.176742 0.47594 
-0.0254583 -0.178849 0.463542 -0.00827108 -0.168996 0.456336 0.0206086 -0.176006 0.453961 
0.0494882 -0.183016 0.451586 -0.244803 -0.13963 0.487373 -0.215923 -0.14664 0.484998 
-0.187044 -0.15365 0.482623 -0.158164 -0.160661 0.480248 -0.129285 -0.167671 0.477873 
-0.129553 -0.175417 0.497478 -0.100405 -0.174681 0.475499 -0.0715253 -0.181691 0.473124 
-0.0426456 -0.188701 0.470749 0.144574 0.138304 0.285151 0.144842 0.14605 0.265547 
0.127655 0.136197 0.272753 0.173454 0.131294 0.282776 0.173722 0.13904 0.263172 
0.202602 0.13203 0.260797 0.231481 0.125019 0.258422 0.260093 0.110263 0.275652 
0.243174 0.108157 0.263254 0.13908 0.111588 0.297189 0.12216 0.109482 0.284791 
0.254866 0.0912938 0.268085 0.283478 0.0765376 0.285315 0.266559 0.074431 0.272917 
-0.126332 0.147965 0.330601 -0.126064 0.155711 0.310997 -0.143251 0.145858 0.318203 
-0.114372 0.138848 0.315828 0.104705 0.0918832 0.311602 0.104973 0.0996293 0.291998 
0.0877858 0.0897767 0.299204 0.278251 0.0575683 0.277748 0.306863 0.0428121 0.294978 
0.289943 0.0407055 0.28258 -0.218466 0.14228 0.349764 -0.218198 0.150026 0.33016 
-0.235385 0.140173 0.337366 -0.189318 0.143016 0.327785 -0.160439 0.136005 0.32541 
-0.131827 0.121249 0.342639 -0.119867 0.112132 0.327866 0.0703305 0.0721781 0.326015 
0.0705986 0.0799241 0.30641 0.0534113 0.0700715 0.313617 0.301636 0.0238428 0.287411 
0.313328 0.00698 0.292243 -0.28172 0.129585 0.366552 -0.281452 0.137331 0.346947 
-0.298639 0.127478 0.354154 -0.252572 0.13032 0.344572 -0.108442 0.0875237 0.352302 
-0.108174 0.0952697 0.332698 -0.0795626 0.0805135 0.349927 -0.0792945 0.0882595 0.330323 
-0.050683 0.0735033 0.347553 -0.0504149 0.0812493 0.327948 -0.0218033 0.0664932 0.345178 
-0.0215352 0.0742392 0.325573 0.00707633 0.059483 0.342803 0.00734441 0.067229 0.323198 
0.0362241 0.0602189 0.320823 0.324752 -0.0176288 0.316679 0.307833 -0.0197354 0.304281 
-0.316095 0.109879 0.380965 -0.315827 0.117625 0.36136 -0.333014 0.107773 0.368567 
0.319258 -0.0443441 0.328717 0.302338 -0.0464507 0.316319 -0.32159 0.0831641 0.393003 
-0.338509 0.0810575 0.380605 0.296843 -0.0731661 0.328357 -0.355964 0.0634589 0.407415 
-0.355696 0.0712049 0.387811 -0.372883 0.0613523 0.395017 -0.327084 0.0564487 0.405041 
0.250509 -0.0837545 0.357542 0.233589 -0.0858611 0.345144 0.250777 -0.0760085 0.337938 
0.279656 -0.0830187 0.335563 -0.361459 0.0367435 0.419453 -0.378378 0.0346369 0.407055 
0.216134 -0.10346 0.371955 0.199215 -0.105566 0.359557 0.216402 -0.0957137 0.352351 
-0.383873 0.00792155 0.419093 0.19372 -0.132282 0.371595 -0.372181 -0.00894122 0.423925 
-0.343301 -0.0159514 0.42155 -0.343569 -0.0236974 0.441154 -0.331609 -0.0328141 0.426381 
0.159345 -0.151987 0.386008 0.176533 -0.142134 0.378802 -0.319916 -0.0496769 0.431213 
-0.320184 -0.0574229 0.450817 -0.308224 -0.0665397 0.436044 0.124971 -0.171692 0.400421 
0.142158 -0.16184 0.393214 -0.296531 -0.0834024 0.440876 -0.296799 -0.0911484 0.46048 
-0.284839 -0.100265 0.445707 0.0497563 -0.17527 0.431982 0.0328371 -0.177377 0.419584 
0.0500244 -0.167524 0.412377 0.078904 -0.174535 0.410002 0.107784 -0.181545 0.407627 
-0.273147 -0.117128 0.450539 -0.244267 -0.124138 0.448164 -0.244535 -0.131884 0.467769 
-0.215387 -0.131148 0.445789 -0.215655 -0.138894 0.465394 -0.203695 -0.148011 0.450621 
-0.0423775 -0.180955 0.451144 -0.0592967 -0.183062 0.438746 -0.0421095 -0.173209 0.43154 
-0.0132298 -0.180219 0.429165 0.0156498 -0.18723 0.42679 -0.192003 -0.164874 0.455452 
-0.163123 -0.171884 0.453077 -0.134243 -0.178894 0.450702 -0.105364 -0.185904 0.448328 
-0.076484 -0.192914 0.445953 0.139884 0.134826 0.238376 0.122697 0.124974 0.245582 
0.168763 0.127816 0.236001 0.197643 0.120806 0.233626 0.226255 0.10605 0.250856 
0.209335 0.103943 0.238457 0.117202 0.0982585 0.25762 0.221028 0.0870806 0.243289 
0.249639 0.0723245 0.260519 0.23272 0.0702179 0.248121 -0.160171 0.143751 0.305805 
-0.159902 0.151497 0.286201 -0.17709 0.141645 0.293407 -0.131023 0.144487 0.283826 
-0.11933 0.127624 0.288657 0.100014 0.0884059 0.264827 0.0828271 0.0785533 0.272033 
0.244413 0.0533551 0.252952 0.273024 0.0385989 0.270182 0.256105 0.0364923 0.257784 
-0.252304 0.138066 0.324968 -0.252036 0.145812 0.305363 -0.269224 0.13596 0.31257 
-0.223157 0.138802 0.302989 -0.194277 0.131792 0.300614 -0.107638 0.110762 0.293489 
-0.107906 0.103016 0.313093 -0.0959456 0.0938989 0.29832 0.00761249 0.074975 0.303594 
0.00788056 0.082721 0.283989 -0.0093067 0.0728684 0.291196 0.0364921 0.0679649 0.301219 
0.0367602 0.0757109 0.281614 0.0656399 0.0687007 0.279239 0.267797 0.0196296 0.262615 
0.296409 0.00487341 0.279845 0.27949 0.00276682 0.267447 -0.286411 0.126107 0.319776 
-0.303598 0.116255 0.326983 -0.0842533 0.0770362 0.303152 -0.0553736 0.070026 0.300777 
-0.026494 0.0630158 0.298402 0.290914 -0.021842 0.291883 0.273995 -0.0239485 0.279485 
-0.320785 0.106402 0.334189 -0.337973 0.0965495 0.341396 0.285419 -0.0485573 0.303921 
0.2685 -0.0506639 0.291523 -0.355428 0.0789509 0.368206 -0.35516 0.0866969 0.348602 
-0.372347 0.0768443 0.355808 0.279924 -0.0752727 0.315958 0.263005 -0.0773793 0.30356 
-0.377842 0.0501289 0.367846 0.21667 -0.0879677 0.332746 0.199751 -0.0900743 0.320348 
0.216938 -0.0802217 0.313142 0.245818 -0.0872319 0.310767 -0.383337 0.0234136 0.379884 
0.182296 -0.107673 0.347159 0.165376 -0.10978 0.334761 0.182564 -0.0999269 0.327555 
-0.371644 0.0065508 0.384716 -0.371913 -0.00119521 0.40432 -0.359952 -0.010312 0.389547 
0.176801 -0.134388 0.359197 0.159882 -0.136495 0.346799 -0.34826 -0.0271747 0.394379 
-0.336567 -0.0440375 0.39921 0.142426 -0.154093 0.37361 0.125507 -0.1562 0.361212 
0.142694 -0.146347 0.354005 -0.324875 -0.0609002 0.404042 -0.313183 -0.077763 0.408873 
0.120012 -0.182915 0.37325 -0.30149 -0.0946258 0.413705 -0.27261 -0.101636 0.41133 
-0.272879 -0.109382 0.430935 -0.243731 -0.108646 0.408955 -0.243999 -0.116392 0.42856 
-0.232038 -0.125509 0.413787 0.0159179 -0.179484 0.407185 -0.00100127 -0.18159 0.394787 
0.016186 -0.171738 0.387581 0.0450656 -0.178748 0.385206 0.0739453 -0.185758 0.382831 
0.102825 -0.192768 0.380456 -0.220346 -0.142372 0.418618 -0.191466 -0.149382 0.416243 
-0.191734 -0.157128 0.435848 -0.162587 -0.156392 0.413868 -0.162855 -0.164138 0.433473 
-0.133707 -0.163402 0.411493 -0.133975 -0.171148 0.431098 -0.104827 -0.170412 0.409119 
-0.105096 -0.178158 0.428723 -0.0759478 -0.177422 0.406744 -0.0762159 -0.185168 0.426348 
-0.0470682 -0.184433 0.404369 -0.0181885 -0.191443 0.401994 0.134925 0.123603 0.211205 
0.117738 0.113751 0.218411 0.163805 0.116593 0.20883 0.192416 0.101837 0.226059 
0.175497 0.0997302 0.213661 -0.101875 0.145223 0.261846 -0.101607 0.152969 0.242242 
-0.118794 0.143116 0.249448 -0.0729954 0.138213 0.259472 -0.0727274 0.145959 0.239867 
-0.0441158 0.131203 0.257097 -0.0438477 0.138949 0.237492 -0.0321553 0.122086 0.242324 
0.100282 0.0961519 0.245222 0.100551 0.103898 0.225618 0.0833633 0.0940453 0.232824 
0.187189 0.0828674 0.218493 0.216069 0.0758573 0.216118 0.227761 0.0589945 0.22095 
-0.194009 0.139538 0.281009 -0.193741 0.147284 0.261405 -0.210928 0.137432 0.268611 
-0.164861 0.140274 0.25903 -0.135982 0.133264 0.256655 -0.10737 0.118508 0.273884 
-0.0954095 0.109391 0.259111 -0.0782222 0.119244 0.251905 -0.0493426 0.112233 0.24953 
0.0659079 0.0764467 0.259635 0.066176 0.0841927 0.24003 0.0489887 0.0743401 0.247237 
0.239186 0.0343857 0.245386 0.222267 0.0322792 0.232987 -0.256995 0.134589 0.278192 
-0.274182 0.124737 0.285399 -0.228115 0.127579 0.275818 -0.0839852 0.0847822 0.283547 
-0.0837171 0.0925282 0.263943 -0.0551055 0.077772 0.281173 -0.0548375 0.085518 0.261568 
-0.0262259 0.0707618 0.278798 -0.0259578 0.0785078 0.259193 0.00292184 0.0714977 0.256818 
0.0318015 0.0644875 0.254443 0.233959 0.0154164 0.237819 0.262571 0.000660223 0.255049 
0.245651 -0.00144637 0.24265 -0.320517 0.114148 0.314585 -0.320249 0.121894 0.29498 
-0.337436 0.112042 0.302187 -0.291369 0.114884 0.292605 0.257076 -0.0260551 0.267087 
0.240157 -0.0281617 0.254688 -0.354892 0.0944429 0.328998 -0.354624 0.102189 0.309393 
-0.371811 0.0923363 0.316599 0.251849 -0.0450245 0.25952 0.263541 -0.0618873 0.264351 
-0.377306 0.0656209 0.328637 0.246086 -0.0794859 0.291162 0.229167 -0.0815925 0.278764 
0.246354 -0.0717399 0.271558 -0.382801 0.0389056 0.340675 0.194792 -0.101298 0.293177 
0.21198 -0.0914451 0.285971 -0.388296 0.0121902 0.352713 0.160418 -0.121003 0.30759 
0.177605 -0.11115 0.300384 -0.376603 -0.00467255 0.357545 -0.364911 -0.0215353 0.362376 
0.154923 -0.147718 0.319628 -0.353218 -0.0383981 0.367208 -0.341526 -0.0552608 0.372039 
0.120548 -0.167423 0.334041 0.137736 -0.157571 0.326834 -0.329834 -0.0721236 0.376871 
-0.300954 -0.0791338 0.374496 -0.301222 -0.0868798 0.3941 -0.289262 -0.0959965 0.379328 
0.0453337 -0.171002 0.365602 0.0284145 -0.173108 0.353204 0.0456018 -0.163256 0.345997 
0.0744814 -0.170266 0.343622 0.0742134 -0.178012 0.363227 0.103361 -0.177276 0.341247 
0.103093 -0.185022 0.360852 -0.277569 -0.112859 0.384159 -0.24869 -0.119869 0.381784 
-0.21981 -0.12688 0.379409 -0.220078 -0.134626 0.399014 -0.19093 -0.13389 0.377034 
-0.191198 -0.141636 0.396639 -0.179238 -0.150753 0.381866 -0.0468001 -0.176687 0.384764 
-0.0637193 -0.178793 0.372366 -0.046532 -0.168941 0.36516 -0.0176524 -0.175951 0.362785 
-0.0179205 -0.183697 0.382389 0.0112273 -0.182961 0.36041 -0.167545 -0.167615 0.386697 
-0.138666 -0.174625 0.384322 -0.109786 -0.181636 0.381948 -0.0809065 -0.188646 0.379573 
0.129698 0.104634 0.203638 0.158578 0.0976236 0.201263 -0.135713 0.14101 0.23705 
-0.135445 0.148756 0.217446 -0.152633 0.138903 0.224652 -0.106566 0.141746 0.215071 
-0.0776861 0.134736 0.212696 -0.0488064 0.127725 0.210321 -0.0201949 0.112969 0.227551 
-0.0199268 0.120715 0.207946 -0.0082344 0.103852 0.212778 0.0953237 0.0849286 0.218051 
0.107284 0.0758118 0.203278 0.124471 0.0856644 0.196072 0.153351 0.0786543 0.193697 
0.182231 0.0716441 0.191322 0.210842 0.0568879 0.208551 0.193923 0.0547813 0.196153 
-0.227847 0.135325 0.256213 -0.227579 0.143071 0.236609 -0.244766 0.133218 0.243815 
-0.1987 0.136061 0.234234 -0.16982 0.129051 0.231859 -0.083449 0.100274 0.244338 
-0.0545694 0.093264 0.241964 -0.0256897 0.0862539 0.239589 0.00345799 0.0869897 0.217609 
0.00318991 0.0792437 0.237214 0.0320696 0.0722335 0.234839 0.0323376 0.0799795 0.215234 
0.0612173 0.0729694 0.212859 0.0900969 0.0659592 0.210485 0.205616 0.0379186 0.200985 
0.217308 0.0210558 0.205816 -0.291101 0.12263 0.273001 -0.290833 0.130376 0.253396 
-0.308021 0.120523 0.260603 -0.261954 0.123366 0.251021 0.228732 -0.00355296 0.230252 
0.211813 -0.00565955 0.217854 -0.325208 0.110671 0.267809 -0.342395 0.100818 0.275016 
0.223505 -0.0225223 0.222686 0.235198 -0.0393851 0.227517 -0.359582 0.0909656 0.282222 
-0.37677 0.081113 0.289428 0.246622 -0.0639938 0.251953 0.229703 -0.0661004 0.239555 
-0.382265 0.0543976 0.301466 0.212248 -0.083699 0.266366 0.195328 -0.0858056 0.253968 
0.212516 -0.075953 0.246762 -0.387759 0.0276822 0.313504 0.189834 -0.112521 0.266006 
-0.376067 0.0108195 0.318336 -0.376335 0.00307346 0.33794 -0.364375 -0.00604329 0.323167 
0.155459 -0.132226 0.280419 0.172646 -0.122374 0.273213 -0.352682 -0.0229061 0.327999 
-0.35295 -0.0306521 0.347603 -0.34099 -0.0397688 0.33283 0.149964 -0.158942 0.292457 
-0.329297 -0.0566316 0.337662 -0.329566 -0.0643776 0.357266 -0.317605 -0.0734943 0.342493 
0.11559 -0.178647 0.30687 0.132777 -0.168794 0.299663 -0.305913 -0.0903571 0.347325 
-0.277033 -0.0973673 0.34495 -0.277301 -0.105113 0.364555 -0.248153 -0.104377 0.342575 
-0.248421 -0.112123 0.36218 -0.236461 -0.12124 0.347407 -0.0173843 -0.168205 0.34318 
-0.0343035 -0.170311 0.330782 -0.0171162 -0.160459 0.323576 0.0117634 -0.167469 0.321201 
0.0114953 -0.175215 0.340806 0.0406431 -0.174479 0.318826 0.0695227 -0.181489 0.316451 
0.0984024 -0.188499 0.314076 -0.224769 -0.138103 0.352238 -0.195889 -0.145113 0.349863 
-0.167009 -0.152123 0.347488 -0.167277 -0.159869 0.367093 -0.13813 -0.159133 0.345113 
-0.138398 -0.166879 0.364718 -0.10925 -0.166144 0.342739 -0.109518 -0.17389 0.362343 
-0.0803704 -0.173154 0.340364 -0.0806385 -0.1809 0.359968 -0.0514907 -0.180164 0.337989 
-0.169552 0.136797 0.212254 -0.169284 0.144543 0.19265 -0.186471 0.13469 0.199856 
-0.140404 0.137533 0.190275 -0.111524 0.130522 0.1879 -0.0826448 0.123512 0.185525 
-0.0537652 0.116502 0.18315 -0.0248855 0.109492 0.180775 0.00372607 0.0947357 0.198005 
0.00399414 0.102482 0.1784 0.0156865 0.085619 0.183232 0.119513 0.0744411 0.168901 
0.102325 0.0645885 0.176107 0.148392 0.0674309 0.166526 0.177004 0.0526747 0.183755 
0.160085 0.0505682 0.171357 -0.261686 0.131112 0.231417 -0.261418 0.138858 0.211812 
-0.278605 0.129005 0.219019 -0.232538 0.131848 0.209438 -0.203658 0.124837 0.207063 
0.0273789 0.0687562 0.188063 0.0562586 0.061746 0.185688 0.0851382 0.0547359 0.183314 
0.171777 0.0337054 0.176189 0.200389 0.0189492 0.193418 0.18347 0.0168426 0.18102 
-0.295792 0.119153 0.226225 -0.312979 0.1093 0.233432 0.195162 -2.01356e-05 0.185852 
0.206854 -0.0168829 0.190683 -0.330167 0.0994474 0.240638 -0.347354 0.0895948 0.247845 
0.218547 -0.0337457 0.195515 0.230239 -0.0506084 0.200346 -0.364541 0.0797422 0.255051 
-0.381728 0.0698896 0.262257 0.224744 -0.0773238 0.212384 -0.387223 0.0431743 0.274295 
0.19037 -0.097029 0.226797 0.207557 -0.0871764 0.219591 -0.392718 0.0164589 0.286333 
0.172914 -0.114628 0.253608 0.155995 -0.116734 0.24121 0.173182 -0.106882 0.234004 
-0.381026 -0.000403874 0.291165 -0.369333 -0.0172666 0.295996 0.13854 -0.134333 0.268021 
0.121621 -0.136439 0.255623 0.138808 -0.126587 0.248417 -0.357641 -0.0341294 0.300828 
-0.345949 -0.0509922 0.305659 0.133313 -0.153302 0.260454 0.145005 -0.170165 0.265286 
-0.334256 -0.0678549 0.310491 -0.305377 -0.0748651 0.308116 -0.305645 -0.0826111 0.327721 
-0.293684 -0.0917278 0.312948 0.0409111 -0.166733 0.299222 0.023992 -0.16884 0.286824 
0.0411792 -0.158987 0.279617 0.0700589 -0.165997 0.277242 0.0697908 -0.173743 0.296847 
0.0989385 -0.173007 0.274867 0.0986704 -0.180753 0.294472 0.127818 -0.180018 0.272492 
-0.281992 -0.108591 0.317779 -0.253112 -0.115601 0.315404 -0.224232 -0.122611 0.313029 
-0.224501 -0.130357 0.332634 -0.195353 -0.129621 0.310654 -0.195621 -0.137367 0.330259 
-0.166473 -0.136631 0.308279 -0.166741 -0.144377 0.327884 -0.154781 -0.153494 0.313111 
-0.0801023 -0.165408 0.320759 -0.0970215 -0.167514 0.308361 -0.0798342 -0.157662 0.301155 
-0.0509546 -0.164672 0.29878 -0.0512227 -0.172418 0.318384 -0.0220749 -0.171682 0.296405 
0.0068047 -0.178692 0.29403 -0.143088 -0.170357 0.317942 -0.114209 -0.177367 0.315568 
-0.20339 0.132583 0.187458 -0.203122 0.14033 0.167854 -0.220309 0.130477 0.17506 
-0.174242 0.133319 0.165479 -0.145363 0.126309 0.163104 -0.116483 0.119299 0.160729 
-0.0876035 0.112289 0.158354 -0.0587239 0.105279 0.155979 -0.0298442 0.0982685 0.153604 
-0.00096458 0.0912584 0.151229 0.0107278 0.0743956 0.156061 0.114554 0.0632177 0.14173 
0.0973667 0.0533651 0.148936 0.143166 0.0484616 0.158959 0.126246 0.046355 0.146561 
-0.266376 0.127634 0.184641 -0.283564 0.117782 0.191848 -0.237497 0.120624 0.182267 
0.0224202 0.0575329 0.160892 0.0512998 0.0505227 0.158517 0.0801795 0.0435125 0.156143 
0.137939 0.0294922 0.151393 0.166818 0.022482 0.149018 0.178511 0.00561928 0.153849 
-0.300751 0.107929 0.199054 -0.317938 0.0980767 0.206261 0.190203 -0.0112435 0.158681 
0.201896 -0.0281062 0.163512 -0.335125 0.0882241 0.213467 -0.352313 0.0783715 0.220674 
0.18444 -0.0457049 0.190323 0.167521 -0.0478114 0.177925 0.184708 -0.0379588 0.170719 
0.21332 -0.052715 0.187948 -0.3695 0.0685189 0.22788 -0.386687 0.0586663 0.235086 
0.178945 -0.0724202 0.202361 0.162026 -0.0745268 0.189963 0.207825 -0.0794304 0.199986 
-0.392182 0.0319509 0.247124 0.144571 -0.0921254 0.216774 0.127652 -0.094232 0.204376 
0.144839 -0.0843794 0.19717 0.17345 -0.0991356 0.214399 -0.38049 0.0150881 0.251956 
-0.380758 0.00734213 0.27156 -0.368797 -0.00177462 0.256787 0.139076 -0.118841 0.228812 
0.122157 -0.120947 0.216414 -0.357105 -0.0186374 0.261619 -0.357373 -0.0263834 0.281223 
-0.345412 -0.0355001 0.26645 0.116662 -0.147663 0.228452 -0.33372 -0.0523629 0.271282 
-0.333988 -0.0601089 0.290886 -0.322028 -0.0692257 0.276113 0.128086 -0.172272 0.252888 
0.111167 -0.174378 0.24049 -0.310335 -0.0860884 0.280945 -0.281456 -0.0930986 0.27857 
-0.281724 -0.100845 0.298175 -0.252576 -0.100109 0.276195 -0.252844 -0.107855 0.2958 
-0.240884 -0.116972 0.281027 -0.0506865 -0.156926 0.279175 -0.0676057 -0.159032 0.266777 
-0.0504184 -0.14918 0.259571 -0.0215388 -0.15619 0.257196 -0.0218069 -0.163936 0.2768 
0.00734085 -0.1632 0.254821 0.00707277 -0.170946 0.274426 0.0362205 -0.17021 0.252446 
0.0651001 -0.177221 0.250071 0.0939798 -0.184231 0.247696 -0.229191 -0.133834 0.285858 
-0.200312 -0.140844 0.283483 -0.171432 -0.147855 0.281108 -0.142552 -0.154865 0.278734 
-0.14282 -0.162611 0.298338 -0.113673 -0.161875 0.276359 -0.113941 -0.169621 0.295963 
-0.084793 -0.168885 0.273984 -0.116215 0.127045 0.141124 -0.115947 0.134791 0.12152 
-0.133134 0.124938 0.128726 -0.0873354 0.120035 0.13875 -0.0870674 0.127781 0.119145 
-0.075375 0.110918 0.123977 -0.237229 0.12837 0.162662 -0.23696 0.136116 0.143058 
-0.254148 0.126264 0.150264 -0.208081 0.129106 0.140683 -0.179201 0.122096 0.138308 
-0.150322 0.115086 0.135933 -0.0636826 0.0940554 0.128808 -0.0348029 0.0870452 0.126433 
-0.0059233 0.080035 0.124058 0.00576908 0.0631723 0.12889 0.109327 0.0442484 0.134163 
-0.271335 0.116411 0.15747 -0.288522 0.106559 0.164677 0.0174615 0.0463095 0.133721 
0.046073 0.0315533 0.150951 0.0291539 0.0294467 0.138553 0.0749527 0.0245432 0.148576 
0.103832 0.017533 0.146201 0.13298 0.0182689 0.124222 0.115793 0.00841626 0.131428 
0.161592 0.00351269 0.141451 0.144672 0.0014061 0.129053 -0.334857 0.0959701 0.193863 
-0.334589 0.103716 0.174258 -0.351776 0.0938635 0.181465 -0.30571 0.0967059 0.171883 
0.0408462 0.012584 0.143384 0.0697259 0.00557382 0.141009 0.0986055 -0.00143634 0.138635 
0.156097 -0.0232027 0.153489 0.139178 -0.0253093 0.141091 0.184976 -0.0302128 0.151114 
-0.369232 0.0762649 0.208276 -0.368964 0.0840109 0.188671 -0.386151 0.0741583 0.195877 
0.121722 -0.0429079 0.167902 0.104803 -0.0450145 0.155504 0.12199 -0.0351619 0.148298 
0.150602 -0.049918 0.165527 -0.391646 0.0474429 0.207915 0.116227 -0.0696232 0.17994 
0.0993082 -0.0717298 0.167542 0.145107 -0.0766334 0.177565 -0.397141 0.0207276 0.219953 
0.110732 -0.0963386 0.191978 0.0938133 -0.0984452 0.17958 -0.385448 0.0038648 0.224785 
-0.373756 -0.012998 0.229616 0.105506 -0.115308 0.184411 0.117198 -0.132171 0.189243 
-0.362064 -0.0298607 0.234448 -0.350371 -0.0467235 0.239279 0.111703 -0.158886 0.201281 
-0.338679 -0.0635862 0.244111 -0.309799 -0.0705964 0.241736 -0.310067 -0.0783424 0.261341 
-0.298107 -0.0874592 0.246568 -0.0212707 -0.148444 0.237591 -0.0381899 -0.150551 0.225193 
-0.0210026 -0.140698 0.217987 0.007877 -0.147708 0.215612 0.00760893 -0.155454 0.235217 
0.0367566 -0.154718 0.213237 0.0364886 -0.162464 0.232842 0.0656363 -0.161729 0.210862 
0.0653682 -0.169475 0.230467 0.0945159 -0.168739 0.208487 0.0942479 -0.176485 0.228092 
-0.286414 -0.104322 0.251399 -0.257535 -0.111332 0.249024 -0.228655 -0.118342 0.246649 
-0.228923 -0.126088 0.266254 -0.199775 -0.125352 0.244274 -0.200043 -0.133098 0.263879 
-0.170896 -0.132363 0.241899 -0.171164 -0.140109 0.261504 -0.142016 -0.139373 0.239525 
-0.142284 -0.147119 0.259129 -0.113136 -0.146383 0.23715 -0.113405 -0.154129 0.256754 
-0.0842568 -0.153393 0.234775 -0.0845249 -0.161139 0.254379 -0.0553772 -0.160403 0.2324 
-0.150053 0.122832 0.116328 -0.149785 0.130578 0.0967239 -0.166973 0.120725 0.10393 
-0.120906 0.123568 0.094349 -0.0920261 0.116558 0.091974 -0.0634145 0.101801 0.109204 
-0.0631464 0.109547 0.0895991 -0.0514541 0.0926846 0.0944307 -0.241919 0.124893 0.115887 
-0.259106 0.11504 0.123093 -0.21304 0.117883 0.113512 -0.18416 0.110873 0.111137 
-0.0397617 0.0758218 0.0992622 -0.010882 0.0688117 0.0968873 0.000810362 0.0519489 0.101719 
-0.305441 0.104452 0.152279 -0.305173 0.112198 0.132674 -0.322361 0.102345 0.139881 
-0.276294 0.105188 0.130299 0.0122347 0.0273402 0.126155 -0.00468451 0.0252336 0.113757 
0.127753 -0.000700495 0.116655 -0.339548 0.0924927 0.147087 -0.356735 0.0826401 0.154294 
0.00700788 0.0083708 0.118588 0.0356194 -0.00638537 0.135818 0.0187003 -0.00849196 0.12342 
0.0644991 -0.0133955 0.133443 0.0933787 -0.0204057 0.131068 0.122258 -0.0274159 0.128693 
-0.373922 0.0727875 0.1615 -0.39111 0.0629349 0.168706 0.0303926 -0.0253547 0.128251 
0.0592723 -0.0323649 0.125876 0.0878839 -0.0471211 0.143106 0.0709647 -0.0492277 0.130708 
-0.396605 0.0362196 0.180744 0.082389 -0.0738364 0.155144 0.0654698 -0.075943 0.142746 
-0.384912 0.0193568 0.185576 -0.38518 0.0116108 0.20518 -0.37322 0.00249405 0.190407 
0.0771622 -0.0928058 0.147577 0.0888546 -0.109669 0.152409 -0.378715 -0.0242213 0.202445 
0.100547 -0.126531 0.15724 0.112239 -0.143394 0.162072 -0.367022 -0.0410841 0.207277 
-0.338143 -0.0480942 0.204902 -0.338411 -0.0558402 0.224506 -0.32645 -0.064957 0.209734 
0.106744 -0.170109 0.17411 -0.314758 -0.0818198 0.214565 -0.285878 -0.0888299 0.21219 
-0.286146 -0.0965759 0.231795 -0.256999 -0.0958401 0.209815 -0.257267 -0.103586 0.22942 
-0.228119 -0.10285 0.20744 -0.228387 -0.110596 0.227045 -0.199239 -0.10986 0.205065 
-0.199507 -0.117606 0.22467 -0.17036 -0.116871 0.20269 -0.170628 -0.124617 0.222295 
-0.14148 -0.123881 0.200316 -0.141748 -0.131627 0.21992 -0.1126 -0.130891 0.197941 
-0.112868 -0.138637 0.217545 -0.0837207 -0.137901 0.195566 -0.0839887 -0.145647 0.21517 
-0.054841 -0.144911 0.193191 -0.0551091 -0.152657 0.212795 -0.0259614 -0.151921 0.190816 
0.00291828 -0.158932 0.188441 0.0317979 -0.165942 0.186066 0.0606776 -0.172952 0.183691 
0.0895572 -0.179962 0.181316 -0.212771 0.125629 0.0939071 -0.212503 0.133375 0.0743027 
-0.229691 0.123522 0.0815091 -0.183892 0.118619 0.0915322 -0.183624 0.126365 0.0719278 
-0.154744 0.119355 0.0695528 -0.125864 0.112344 0.0671779 -0.0969848 0.105334 0.064803 
-0.0681052 0.098324 0.0624281 -0.0564128 0.0814613 0.0672596 -0.276026 0.112934 0.110695 
-0.275758 0.12068 0.0910904 -0.292945 0.110827 0.0982969 -0.246878 0.11367 0.0887155 
-0.0447204 0.0645985 0.0720912 -0.0158407 0.0575883 0.0697163 -0.00414836 0.0407256 0.0745478 
-0.310132 0.100975 0.105503 -0.327319 0.091122 0.11271 -0.00964323 0.0140102 0.0865857 
-0.344507 0.0812694 0.119916 -0.361694 0.0714168 0.127123 0.00204915 -0.00285255 0.0914172 
0.0137415 -0.0197153 0.0962488 -0.378881 0.0615642 0.134329 -0.396068 0.0517116 0.141535 
0.0254339 -0.0365781 0.10108 0.0540455 -0.0513342 0.11831 0.0371263 -0.0534408 0.105912 
-0.401563 0.0249962 0.153573 0.0488187 -0.0703036 0.110743 0.0776983 -0.0773138 0.108368 
0.0774303 -0.0850598 0.127973 0.0893907 -0.0941765 0.1132 -0.389871 0.00813347 0.158405 
-0.378178 -0.00872929 0.163236 0.0838959 -0.120892 0.125238 -0.366486 -0.0255921 0.168068 
-0.366754 -0.0333381 0.187672 -0.354794 -0.0424548 0.172899 0.0955882 -0.137755 0.130069 
0.107281 -0.154617 0.134901 -0.343101 -0.0593176 0.177731 -0.314222 -0.0663277 0.175356 
-0.31449 -0.0740738 0.194961 -0.302529 -0.0831905 0.180188 -0.0834526 -0.130155 0.175961 
-0.100372 -0.132262 0.163563 -0.0831845 -0.122409 0.156357 -0.0543049 -0.129419 0.153982 
-0.0545729 -0.137165 0.173586 -0.0254252 -0.136429 0.151607 -0.0256933 -0.144175 0.171211 
0.00345443 -0.14344 0.149232 0.00318636 -0.151186 0.168837 0.0323341 -0.15045 0.146857 
0.032066 -0.158196 0.166462 0.0612137 -0.15746 0.144482 0.0609456 -0.165206 0.164087 
0.0900934 -0.16447 0.142107 0.0898253 -0.172216 0.161712 -0.290837 -0.100053 0.185019 
-0.261957 -0.107063 0.182644 -0.233078 -0.114074 0.180269 -0.204198 -0.121084 0.177894 
-0.175318 -0.128094 0.175519 -0.146439 -0.135104 0.173145 -0.117559 -0.142114 0.17077 
-0.217462 0.122151 0.0471316 -0.234649 0.112299 0.0543381 -0.188582 0.115141 0.0447567 
-0.159703 0.108131 0.0423818 -0.130823 0.101121 0.0400069 -0.101944 0.0941108 0.037632 
-0.0730639 0.0871007 0.0352571 -0.0444523 0.0723445 0.0524867 -0.0441842 0.0800905 0.0328822 
-0.0324919 0.0632278 0.0377137 -0.280716 0.109456 0.0639194 -0.297904 0.0996039 0.0711258 
-0.251837 0.102446 0.0615445 -0.0207995 0.046365 0.0425452 0.0078121 0.0316088 0.0597748 
0.00808018 0.0393548 0.0401703 0.0197726 0.0224921 0.0450019 -0.315091 0.0897513 0.0783323 
-0.332278 0.0798986 0.0855387 -0.014602 0.00278687 0.0594147 0.0025853 0.0126395 0.0522083 
-0.349465 0.0700461 0.0927451 -0.366653 0.0601934 0.0999516 -0.00290957 -0.0140759 0.0642462 
0.00878282 -0.0309387 0.0690778 -0.384108 0.0425948 0.126762 -0.372147 0.0334781 0.11199 
0.0204752 -0.0478014 0.0739093 0.0490868 -0.0625576 0.0911388 0.0493549 -0.0548116 0.0715344 
0.0610472 -0.0716743 0.0763659 -0.389603 0.0158795 0.1388 -0.377642 0.00676272 0.124027 
0.0727396 -0.0885371 0.0811974 0.084432 -0.1054 0.0860289 -0.383137 -0.0199526 0.136065 
0.0961244 -0.122263 0.0908604 0.0958563 -0.130009 0.110465 0.107817 -0.139125 0.095692 
-0.371445 -0.0368154 0.140897 -0.342565 -0.0438256 0.138522 -0.342833 -0.0515716 0.158127 
-0.330873 -0.0606883 0.143354 -0.0251571 -0.128683 0.132003 -0.0420763 -0.13079 0.119604 
-0.0248891 -0.120937 0.112398 0.00399058 -0.127948 0.110023 0.00372251 -0.135694 0.129628 
0.0328702 -0.134958 0.107648 0.0326022 -0.142704 0.127253 0.0617499 -0.141968 0.105273 
0.0614818 -0.149714 0.124878 0.0906295 -0.148978 0.102898 0.0903614 -0.156724 0.122503 
-0.31918 -0.0775511 0.148185 -0.290301 -0.0845613 0.14581 -0.290569 -0.0923073 0.165415 
-0.261421 -0.0915714 0.143435 -0.261689 -0.0993174 0.16304 -0.249729 -0.108434 0.148267 
-0.20393 -0.113338 0.15829 -0.220849 -0.115444 0.145892 -0.203662 -0.105592 0.138685 
-0.174782 -0.112602 0.136311 -0.17505 -0.120348 0.155915 -0.145903 -0.119612 0.133936 
-0.146171 -0.127358 0.15354 -0.117023 -0.126622 0.131561 -0.117291 -0.134368 0.151165 
-0.0881432 -0.133632 0.129186 -0.0592636 -0.140643 0.126811 -0.238036 -0.125297 0.153098 
-0.251569 0.110192 0.04194 -0.2513 0.117938 0.0223355 -0.268488 0.108086 0.029542 
-0.222421 0.110928 0.0199606 -0.193541 0.103918 0.0175857 -0.164662 0.0969078 0.0152108 
-0.135782 0.0898977 0.0128359 -0.106902 0.0828875 0.010461 -0.0780226 0.0758773 0.00808609 
-0.049143 0.0688672 0.00571118 -0.0374506 0.0520044 0.0105427 -0.285675 0.0982331 0.0367484 
-0.302862 0.0883805 0.0439548 -0.0257582 0.0351417 0.0153742 0.00312146 0.0281315 0.0129993 
0.0148138 0.0112687 0.0178308 -0.349197 0.0777921 0.0731406 -0.348929 0.0855381 0.0535362 
-0.366116 0.0756855 0.0607426 -0.32005 0.0785279 0.0511613 -0.0195607 -0.00843648 0.0322437 
-0.00237342 0.00141612 0.0250373 -0.371611 0.0489701 0.0727805 -0.00786829 -0.0252992 0.0370752 
0.0038241 -0.042162 0.0419067 -0.377106 0.0222547 0.0848185 0.0155165 -0.0590248 0.0467383 
0.0443961 -0.0660349 0.0443633 0.0730077 -0.0807911 0.0615929 0.0732758 -0.0730451 0.0419884 
0.0849682 -0.0899078 0.04682 -0.382601 -0.00446062 0.0968564 0.0963925 -0.114517 0.071256 
0.0966605 -0.106771 0.0516515 0.108353 -0.123633 0.056483 -0.370909 -0.0213234 0.101688 
-0.371177 -0.0290694 0.121292 -0.359216 -0.0381861 0.106519 0.102858 -0.150349 0.068521 
-0.347524 -0.0550489 0.111351 -0.318644 -0.0620591 0.108976 -0.318912 -0.0698051 0.128581 
-0.306952 -0.0789218 0.113808 -0.0878752 -0.125886 0.109581 -0.104794 -0.127993 0.0971833 
-0.0876071 -0.11814 0.0899768 -0.0587274 -0.125151 0.0876019 -0.0589955 -0.132897 0.107206 
-0.0298478 -0.132161 0.085227 -0.000968139 -0.139171 0.0828521 0.0279115 -0.146181 0.0804772 
0.0567912 -0.153191 0.0781023 0.0856708 -0.160201 0.0757274 -0.295259 -0.0957846 0.118639 
-0.26638 -0.102795 0.116264 -0.2375 -0.109805 0.113889 -0.237768 -0.117551 0.133494 
-0.208621 -0.116815 0.111514 -0.179741 -0.123825 0.10914 -0.150861 -0.130835 0.106765 
-0.121982 -0.137846 0.10439 -0.135514 0.0976437 -0.00676857 -0.135246 0.10539 -0.0263731 
-0.152433 0.0955371 -0.0191666 -0.106634 0.0906335 -0.00914348 -0.106366 0.0983795 -0.028748 
-0.0946737 0.0815168 -0.0239164 -0.256259 0.106715 -0.00483547 -0.273446 0.0968624 0.00237095 
-0.22738 0.0997048 -0.00721038 -0.1985 0.0926946 -0.00958529 -0.16962 0.0856845 -0.0119602 
-0.0829813 0.064654 -0.0190849 -0.0541017 0.0576438 -0.0214598 -0.0424093 0.0407811 -0.0166283 
-0.319781 0.0862739 0.0315568 -0.319513 0.0940199 0.0119523 -0.336701 0.0841673 0.0191587 
-0.290634 0.0870098 0.00957738 -0.0307169 0.0239183 -0.0117968 -0.00183727 0.0169081 -0.0141717 
0.00985512 4.53793e-05 -0.00934018 -0.353888 0.0743147 0.0263651 -0.371075 0.0644621 0.0335716 
-0.00760022 -0.0175532 0.0174707 0.00436025 -0.02667 0.00269777 -0.37657 0.0377468 0.0456095 
0.0157846 -0.0512788 0.0271338 0.0160526 -0.0435327 0.00752929 0.0446642 -0.0582889 0.0247589 
0.0449323 -0.0505429 0.00515439 0.0566247 -0.0674057 0.00998591 -0.382065 0.0110314 0.0576475 
0.0683171 -0.0842684 0.0148174 0.0969286 -0.0990246 0.032047 0.0971967 -0.0912786 0.0124425 
0.108889 -0.108141 0.017274 -0.38756 -0.015684 0.0696854 0.103394 -0.134857 0.029312 
-0.375867 -0.0325467 0.0745169 -0.364175 -0.0494095 0.0793485 -0.0295797 -0.124415 0.0656225 
-0.0464989 -0.126521 0.0532245 -0.0293116 -0.116669 0.046018 -0.000431988 -0.123679 0.0436431 
-0.000700064 -0.131425 0.0632476 0.0284477 -0.130689 0.0412682 0.0281796 -0.138435 0.0608727 
0.0573273 -0.137699 0.0388933 0.0570592 -0.145445 0.0584978 0.086207 -0.144709 0.0365184 
0.0859389 -0.152455 0.0561229 -0.352483 -0.0662723 0.08418 -0.323603 -0.0732824 0.0818051 
-0.294723 -0.0802926 0.0794302 -0.294991 -0.0880386 0.0990347 -0.283031 -0.0971553 0.0842617 
-0.150593 -0.123089 0.0871601 -0.167512 -0.125196 0.0747621 -0.150325 -0.115343 0.0675556 
-0.121445 -0.122354 0.0651807 -0.121714 -0.1301 0.0847852 -0.0925658 -0.129364 0.0628058 
-0.0636862 -0.136374 0.0604309 -0.271339 -0.114018 0.0890932 -0.242459 -0.121028 0.0867183 
-0.213579 -0.128038 0.0843434 -0.1847 -0.135049 0.0819685 -0.198232 0.100441 -0.0291898 
-0.197964 0.108187 -0.0487943 -0.215151 0.0983341 -0.0415878 -0.169352 0.0934305 -0.0315647 
-0.169084 0.101176 -0.0511692 -0.140204 0.0941663 -0.0535441 -0.111325 0.0871562 -0.055919 
-0.0827133 0.0724 -0.0386894 -0.0824452 0.080146 -0.0582939 -0.0707528 0.0632832 -0.0534624 
-0.261218 0.0954916 -0.0320065 -0.278405 0.085639 -0.0248001 -0.232338 0.0884815 -0.0343814 
-0.0590604 0.0464205 -0.0486308 -0.0304488 0.0316643 -0.0314013 -0.0301808 0.0394103 -0.0510058 
-0.0184884 0.0225476 -0.0461742 -0.324472 0.0827966 -0.0152187 -0.341659 0.072944 -0.0080123 
-0.295592 0.0757864 -0.0175936 -0.00679599 0.0056848 -0.0413427 0.0218156 -0.00907137 -0.0241131 
0.0220837 -0.00132537 -0.0437176 0.033776 -0.0181881 -0.0388861 -0.358847 0.0630914 -0.000805867 
-0.376034 0.0532388 0.00640056 0.0163207 -0.0357867 -0.0120752 0.0454684 -0.0350509 -0.0340546 
0.0452004 -0.0427969 -0.0144501 0.0571608 -0.0519137 -0.0292231 -0.381529 0.0265234 0.0184385 
0.0685851 -0.0765224 -0.00478705 0.0688532 -0.0687764 -0.0243915 0.0974648 -0.0835326 -0.00716196 
0.0977328 -0.0757866 -0.0267664 0.109425 -0.0926493 -0.0219349 -0.387024 -0.000191951 0.0304765 
0.10393 -0.119365 -0.00989697 -0.392518 -0.0269073 0.0425144 0.0984355 -0.14608 0.00214098 
-0.380826 -0.0437701 0.0473459 -0.351946 -0.0507802 0.044971 -0.352215 -0.0585262 0.0645755 
-0.340254 -0.067643 0.0498025 -0.0634181 -0.128628 0.0408264 -0.0803373 -0.130734 0.0284284 
-0.06315 -0.120882 0.0212219 -0.0342704 -0.127892 0.018847 -0.00539071 -0.134902 0.0164721 
0.0234889 -0.141912 0.0140972 0.0523686 -0.148923 0.0117223 0.0812482 -0.155933 0.0093474 
-0.328562 -0.0845058 0.0546341 -0.299682 -0.0915159 0.0522592 -0.270802 -0.0985261 0.0498842 
-0.27107 -0.106272 0.0694887 -0.241923 -0.105536 0.0475093 -0.242191 -0.113282 0.0671138 
-0.213043 -0.112546 0.0451344 -0.213311 -0.120292 0.0647389 -0.184163 -0.119557 0.0427595 
-0.184432 -0.127303 0.062364 -0.155284 -0.126567 0.0403846 -0.126404 -0.133577 0.0380097 
-0.0975245 -0.140587 0.0356348 -0.23207 0.0962275 -0.0539859 -0.231802 0.103973 -0.0735904 
-0.248989 0.0941209 -0.0663839 -0.202922 0.0969633 -0.0759653 -0.174043 0.0899531 -0.0783402 
-0.145163 0.082943 -0.0807151 -0.116284 0.0759328 -0.08309 -0.0874039 0.0689227 -0.0854649 
-0.0587923 0.0541665 -0.0682353 -0.0585243 0.0619125 -0.0878398 -0.0468319 0.0450497 -0.0830083 
-0.295324 0.0835324 -0.0371981 -0.295056 0.0912784 -0.0568026 -0.312244 0.0814258 -0.0495962 
-0.266177 0.0842683 -0.0591775 -0.0351395 0.028187 -0.0781768 -0.00652791 0.0134308 -0.0609472 
-0.00625984 0.0211768 -0.0805517 0.00543255 0.00431405 -0.0757202 -0.329431 0.0715732 -0.0423897 
-0.346618 0.0617206 -0.0351833 0.0171249 -0.0125487 -0.0708886 0.0288173 -0.0294115 -0.0660571 
-0.363805 0.051868 -0.0279769 -0.380993 0.0420154 -0.0207705 0.0405097 -0.0462742 -0.0612256 
0.0522021 -0.063137 -0.0563941 -0.386487 0.0153001 -0.0087325 0.0638945 -0.0799998 -0.0515626 
0.0927741 -0.0870099 -0.0539375 0.121386 -0.101766 -0.0367079 0.121654 -0.0940201 -0.0563124 
0.133346 -0.110883 -0.0514808 -0.391982 -0.0114153 0.00330545 0.115891 -0.128481 -0.0246699 
0.127851 -0.137598 -0.0394429 -0.38029 -0.0282781 0.00813697 -0.380558 -0.0360241 0.0277414 
-0.368598 -0.0451408 0.0129685 -0.0340023 -0.120146 -0.000757446 -0.0509215 -0.122253 -0.0131555 
-0.0337342 -0.1124 -0.0203619 -0.00485456 -0.11941 -0.0227368 -0.00512263 -0.127156 -0.00313235 
0.0240251 -0.12642 -0.0251117 0.023757 -0.134166 -0.00550726 0.0529047 -0.13343 -0.0274867 
0.0526367 -0.141176 -0.00788217 0.0817844 -0.140441 -0.0298616 0.0815163 -0.148187 -0.0102571 
0.110664 -0.147451 -0.0322365 -0.356905 -0.0620036 0.0178 -0.328026 -0.0690137 0.0154251 
-0.328294 -0.0767598 0.0350296 -0.316333 -0.0858765 0.0202566 -0.126136 -0.125831 0.0184052 
-0.143055 -0.127937 0.00600717 -0.125868 -0.118085 -0.00119925 -0.0969884 -0.125095 -0.00357416 
-0.0972564 -0.132841 0.0160303 -0.0681087 -0.132105 -0.00594907 -0.304641 -0.102739 0.0250881 
-0.275761 -0.109749 0.0227132 -0.246881 -0.11676 0.0203383 -0.218002 -0.12377 0.0179634 
-0.189122 -0.13078 0.0155885 -0.160243 -0.13779 0.0132136 -0.236761 0.0927501 -0.100761 
-0.253948 0.0828975 -0.0935549 -0.207881 0.08574 -0.103136 -0.179002 0.0787298 -0.105511 
-0.150122 0.0717196 -0.107886 -0.121242 0.0647095 -0.110261 -0.0923626 0.0576993 -0.112636 
-0.063483 0.0506892 -0.115011 -0.0517906 0.0338264 -0.110179 -0.300015 0.0800551 -0.0839736 
-0.317202 0.0702025 -0.0767672 -0.271135 0.0730449 -0.0863485 -0.0400982 0.0169636 -0.105348 
-0.0112186 0.00995347 -0.107723 0.017393 -0.0048027 -0.0904931 0.0176611 0.00294331 -0.110098 
0.0462727 -0.0118129 -0.092868 0.0465407 -0.00406686 -0.112473 0.0582331 -0.0209296 -0.107641 
-0.33439 0.0603499 -0.0695608 -0.351577 0.0504973 -0.0623543 0.0407778 -0.0385282 -0.0808301 
0.0527382 -0.047645 -0.095603 -0.369032 0.0328987 -0.0355434 -0.357072 0.0237819 -0.0503164 
0.0641626 -0.0722537 -0.071167 0.0644306 -0.0645077 -0.0907715 0.0930422 -0.0792639 -0.0735419 
0.0933103 -0.0715179 -0.0931464 0.105003 -0.0883807 -0.0883149 -0.374259 0.0139293 -0.0431099 
-0.391446 0.00407672 -0.0359035 0.116695 -0.105243 -0.0834834 0.128387 -0.122106 -0.0786519 
-0.396941 -0.0226386 -0.0238656 0.0531728 -0.125684 -0.0470911 0.0362536 -0.127791 -0.0594892 
0.0534409 -0.117938 -0.0666956 0.0823205 -0.124949 -0.0690705 0.0820525 -0.132695 -0.049466 
0.0940129 -0.141811 -0.064239 0.122893 -0.148822 -0.0666139 -0.385249 -0.0395014 -0.019034 
-0.373556 -0.0563642 -0.0142025 -0.0678407 -0.124359 -0.0255536 -0.0847598 -0.126466 -0.0379516 
-0.0675726 -0.116613 -0.045158 -0.0386929 -0.123623 -0.0475329 -0.00981328 -0.130634 -0.0499079 
0.0190664 -0.137644 -0.0522828 0.105705 -0.158674 -0.0594075 -0.361864 -0.0732269 -0.00937101 
-0.332984 -0.0802371 -0.0117459 -0.304105 -0.0872473 -0.0141208 -0.304373 -0.0949933 0.00548366 
-0.275225 -0.0942574 -0.0164957 -0.275493 -0.102003 0.00310875 -0.246345 -0.101268 -0.0188706 
-0.246613 -0.109014 0.000733844 -0.217466 -0.108278 -0.0212455 -0.217734 -0.116024 -0.00164106 
-0.188586 -0.115288 -0.0236205 -0.188854 -0.123034 -0.00401597 -0.159706 -0.122298 -0.0259954 
-0.159974 -0.130044 -0.00639088 -0.130827 -0.129308 -0.0283703 -0.101947 -0.136318 -0.0307452 
-0.270867 0.0807909 -0.105953 -0.270599 0.0885369 -0.125557 -0.287786 0.0786843 -0.118351 
-0.24172 0.0815268 -0.127932 -0.21284 0.0745166 -0.130307 -0.18396 0.0675065 -0.132682 
-0.155081 0.0604963 -0.135057 -0.126201 0.0534861 -0.137432 -0.0973213 0.046476 -0.139807 
-0.0684417 0.0394658 -0.142182 -0.0567493 0.022603 -0.13735 -0.304974 0.0688317 -0.111145 
-0.322161 0.0589791 -0.103938 -0.0450569 0.00574028 -0.132519 -0.0161773 -0.00126988 -0.134894 
0.0127024 -0.00828004 -0.137269 0.0413139 -0.0230362 -0.120039 0.0243948 -0.0251428 -0.132437 
-0.339348 0.0491265 -0.0967318 -0.356536 0.0392739 -0.0895253 0.0360871 -0.0420056 -0.127606 
0.0477795 -0.0588683 -0.122774 -0.36203 0.0125586 -0.0774874 0.0594719 -0.0757311 -0.117943 
0.0883516 -0.0827413 -0.120317 0.116963 -0.0974974 -0.103088 0.117231 -0.0897514 -0.122692 
0.128924 -0.106614 -0.117861 -0.379486 -0.00504003 -0.0506765 -0.367525 -0.0141568 -0.0654494 
0.140348 -0.131223 -0.0934248 0.140616 -0.123477 -0.113029 0.152308 -0.14034 -0.108198 
-0.384981 -0.0317554 -0.0386385 -0.37302 -0.0408721 -0.0534115 -0.0384248 -0.115877 -0.0671374 
-0.055344 -0.117984 -0.0795355 -0.0381568 -0.108131 -0.0867419 -0.00927713 -0.115141 -0.0891168 
-0.0095452 -0.122887 -0.0695123 0.0196025 -0.122152 -0.0914917 0.0193344 -0.129898 -0.0718872 
0.0484822 -0.129162 -0.0938666 0.0773618 -0.136172 -0.0962415 0.106241 -0.143182 -0.0986164 
0.105973 -0.150928 -0.079012 0.135121 -0.150192 -0.100991 -0.378515 -0.0675875 -0.0413735 
-0.101679 -0.128572 -0.0503497 -0.118598 -0.130679 -0.0627477 -0.101411 -0.120826 -0.0699541 
-0.0725313 -0.127837 -0.0723291 -0.366823 -0.0844503 -0.036542 -0.337943 -0.0914604 -0.0389169 
-0.309063 -0.0984706 -0.0412918 -0.280184 -0.105481 -0.0436667 -0.251304 -0.112491 -0.0460417 
-0.222424 -0.119501 -0.0484166 -0.193545 -0.126511 -0.0507915 -0.164665 -0.133521 -0.0531664 
-0.135785 -0.140532 -0.0555413 -0.212572 0.0822626 -0.149912 -0.212304 0.0900086 -0.169516 
-0.229491 0.080156 -0.16231 -0.183692 0.0752525 -0.152287 -0.183424 0.0829985 -0.171891 
-0.154813 0.0682423 -0.154662 -0.154544 0.0759883 -0.174266 -0.125933 0.0612321 -0.157036 
-0.125665 0.0689781 -0.176641 -0.113972 0.0521154 -0.171809 -0.275558 0.0773136 -0.152728 
-0.292745 0.067461 -0.145522 -0.246678 0.0703034 -0.155103 -0.10228 0.0352526 -0.166978 
-0.0734004 0.0282425 -0.169353 -0.0447889 0.0134863 -0.152123 -0.0445208 0.0212323 -0.171728 
-0.0328284 0.00436954 -0.166896 -0.309932 0.0576084 -0.138316 -0.32712 0.0477558 -0.131109 
-0.021136 -0.0124932 -0.162065 0.00774364 -0.0195034 -0.16444 0.0363552 -0.0342596 -0.14721 
0.0366233 -0.0265135 -0.166815 0.0483157 -0.0433763 -0.161983 -0.344307 0.0379032 -0.123903 
-0.361494 0.0280506 -0.116696 0.05974 -0.0679851 -0.137547 0.0600081 -0.0602391 -0.157151 
0.0886196 -0.0749952 -0.139922 0.0888877 -0.0672492 -0.159526 0.117499 -0.0820054 -0.142297 
0.117767 -0.0742594 -0.161901 0.12946 -0.0911222 -0.15707 -0.366989 0.00133523 -0.104658 
0.140884 -0.115731 -0.132634 0.141152 -0.107985 -0.152238 0.152845 -0.124848 -0.147407 
-0.372484 -0.0253801 -0.0926205 0.0776299 -0.128426 -0.115846 0.0607107 -0.130533 -0.128244 
0.077898 -0.12068 -0.13545 0.0895903 -0.137543 -0.130619 0.14735 -0.151563 -0.135369 
-0.377979 -0.0520955 -0.0805825 -0.0603028 -0.129207 -0.106706 -0.0431155 -0.119355 -0.113913 
-0.0142359 -0.126365 -0.116288 0.0146438 -0.133375 -0.118663 0.0435234 -0.140385 -0.121038 
0.101283 -0.154405 -0.125787 0.130162 -0.161416 -0.128162 -0.366286 -0.0689583 -0.075751 
-0.366555 -0.0767043 -0.0561465 -0.337407 -0.0759684 -0.0781259 -0.337675 -0.0837144 -0.0585214 
-0.325714 -0.0928312 -0.0732944 -0.164397 -0.125775 -0.0727709 -0.181316 -0.127882 -0.0851689 
-0.164129 -0.118029 -0.0923753 -0.135249 -0.12504 -0.0947502 -0.135517 -0.132786 -0.0751458 
-0.10637 -0.13205 -0.0971252 -0.07749 -0.13906 -0.0995001 -0.314022 -0.109694 -0.0684628 
-0.285142 -0.116704 -0.0708378 -0.256263 -0.123714 -0.0732127 -0.227383 -0.130724 -0.0755876 
-0.198503 -0.137735 -0.0779625 -0.24641 0.0780494 -0.174708 -0.246142 0.0857954 -0.194312 
-0.263329 0.0759429 -0.187106 -0.217263 0.0787853 -0.196687 -0.188383 0.0717751 -0.199062 
-0.159503 0.064765 -0.201437 -0.130624 0.0577548 -0.203812 -0.102012 0.0429986 -0.186582 
-0.101744 0.0507446 -0.206187 -0.0900515 0.0338819 -0.201355 -0.280517 0.0660902 -0.1799 
-0.297704 0.0562376 -0.172693 -0.0783591 0.0170191 -0.196524 -0.0494795 0.010009 -0.198899 
-0.0208679 -0.00474722 -0.181669 -0.0205999 0.00299879 -0.201274 0.00801172 -0.0117574 -0.184044 
0.00827979 -0.00401137 -0.203649 0.0368914 -0.0187675 -0.186419 0.0371594 -0.0110215 -0.206023 
0.0488518 -0.0278843 -0.201192 -0.314891 0.046385 -0.165487 -0.332078 0.0365324 -0.15828 
0.0602761 -0.0524931 -0.176756 0.0605442 -0.0447471 -0.19636 0.0722366 -0.0616098 -0.191529 
-0.349266 0.0266798 -0.151074 -0.366453 0.0168272 -0.143867 0.083929 -0.0784726 -0.186697 
0.112809 -0.0854827 -0.189072 0.14142 -0.100239 -0.171843 0.141688 -0.0924929 -0.191447 
0.153381 -0.109356 -0.186616 -0.371948 -0.00988812 -0.131829 0.164805 -0.133964 -0.16218 
0.165073 -0.126218 -0.181784 0.176765 -0.143081 -0.176953 -0.377443 -0.0366035 -0.119791 
0.0149119 -0.125629 -0.138267 -0.00200731 -0.127736 -0.150665 0.0151799 -0.117883 -0.157872 
0.0440596 -0.124893 -0.160247 0.0437915 -0.132639 -0.140642 0.0729392 -0.131903 -0.162622 
0.101819 -0.138913 -0.164996 0.101551 -0.146659 -0.145392 0.130699 -0.145924 -0.167371 
0.13043 -0.15367 -0.147767 0.159578 -0.152934 -0.169746 -0.382938 -0.0633188 -0.107754 
-0.0772219 -0.131314 -0.119105 -0.0941411 -0.13342 -0.131503 -0.0769539 -0.123568 -0.138709 
-0.0480742 -0.130578 -0.141084 -0.0191946 -0.137588 -0.143459 -0.371245 -0.0801816 -0.102922 
-0.342366 -0.0871918 -0.105297 -0.313486 -0.0942019 -0.107672 -0.313754 -0.101948 -0.0880673 
-0.284606 -0.101212 -0.110047 -0.284874 -0.108958 -0.0904422 -0.255727 -0.108222 -0.112422 
-0.255995 -0.115968 -0.0928172 -0.226847 -0.115232 -0.114797 -0.227115 -0.122978 -0.0951921 
-0.197967 -0.122243 -0.117171 -0.198235 -0.129989 -0.097567 -0.169088 -0.129253 -0.119546 
-0.140208 -0.136263 -0.121921 -0.111328 -0.143273 -0.124296 -0.251101 0.0745721 -0.221483 
-0.268288 0.0647195 -0.214277 -0.222221 0.0675619 -0.223858 -0.193342 0.0605518 -0.226233 
-0.164462 0.0535416 -0.228608 -0.135582 0.0465315 -0.230983 -0.106703 0.0395213 -0.233358 
-0.0780911 0.0247651 -0.216128 -0.077823 0.0325111 -0.235733 -0.0492114 0.017755 -0.218503 
-0.0489433 0.025501 -0.238108 -0.037251 0.00863821 -0.233276 -0.285475 0.0548669 -0.207071 
-0.302663 0.0450143 -0.199864 -0.0255586 -0.00822455 -0.228445 0.00332107 -0.0152347 -0.23082 
0.0322007 -0.0222449 -0.233195 0.0608123 -0.037001 -0.215965 0.0610804 -0.029255 -0.235569 
0.0727727 -0.0461178 -0.230738 -0.31985 0.0351617 -0.192658 -0.337037 0.0253091 -0.185451 
0.0841971 -0.0707266 -0.206302 0.0844651 -0.0629806 -0.225906 0.113077 -0.0777367 -0.208677 
0.113345 -0.0699907 -0.228281 0.141956 -0.0847469 -0.211052 0.142224 -0.0770009 -0.230656 
0.153917 -0.0938637 -0.225825 -0.354224 0.0154565 -0.178245 -0.371412 0.0056039 -0.171038 
0.165341 -0.118472 -0.201389 0.165609 -0.110726 -0.220993 0.177302 -0.127589 -0.216162 
-0.376907 -0.0211115 -0.159 0.171807 -0.154305 -0.204124 -0.382401 -0.0478268 -0.146962 
-0.0478061 -0.122832 -0.160688 -0.0647253 -0.124939 -0.173086 -0.0475381 -0.115086 -0.180293 
-0.0186584 -0.122096 -0.182668 -0.0189265 -0.129842 -0.163063 0.0102212 -0.129106 -0.185043 
0.0391009 -0.136116 -0.187418 0.0679805 -0.143127 -0.189793 0.0968602 -0.150137 -0.192167 
0.12574 -0.157147 -0.194542 0.154619 -0.164157 -0.196917 -0.370709 -0.0646896 -0.142131 
-0.370977 -0.0724356 -0.122526 -0.359017 -0.0815523 -0.137299 -0.11106 -0.135527 -0.143901 
-0.127979 -0.137634 -0.156299 -0.110792 -0.127781 -0.163505 -0.0819126 -0.134791 -0.16588 
-0.347324 -0.0984151 -0.132468 -0.318445 -0.105425 -0.134843 -0.289565 -0.112435 -0.137218 
-0.260685 -0.119446 -0.139593 -0.231806 -0.126456 -0.141968 -0.202926 -0.133466 -0.144342 
-0.174046 -0.140476 -0.146717 -0.145167 -0.147486 -0.149092 -0.193073 0.0682978 -0.245838 
-0.192805 0.0760438 -0.265442 -0.209993 0.0661912 -0.258236 -0.164194 0.0612876 -0.248213 
-0.163926 0.0690336 -0.267817 -0.135314 0.0542775 -0.250587 -0.135046 0.0620235 -0.270192 
-0.123354 0.0451607 -0.26536 -0.25606 0.0633488 -0.248654 -0.273247 0.0534962 -0.241448 
-0.22718 0.0563386 -0.251029 -0.111661 0.0282979 -0.260529 -0.0827817 0.0212878 -0.262904 
-0.0539021 0.0142776 -0.265279 -0.0252905 -0.000478544 -0.248049 -0.0250224 0.00726746 -0.267654 
0.00358915 -0.00748871 -0.250424 0.00385722 0.000257303 -0.270029 0.0324688 -0.0144989 -0.252799 
0.0327369 -0.00675286 -0.272403 0.0613484 -0.021509 -0.255174 0.0616165 -0.013763 -0.274778 
0.0902281 -0.0285192 -0.257549 0.0904962 -0.0207732 -0.277153 0.119108 -0.0355294 -0.259924 
0.119376 -0.0277833 -0.279528 0.131068 -0.0446461 -0.274697 -0.290434 0.0436436 -0.234242 
-0.307621 0.033791 -0.227035 0.0847332 -0.0552346 -0.245511 0.113613 -0.0622447 -0.247886 
0.142761 -0.0615089 -0.269865 0.142493 -0.0692549 -0.250261 0.154453 -0.0783716 -0.265034 
-0.324809 0.0239384 -0.219829 -0.341996 0.0140858 -0.212622 0.165877 -0.10298 -0.240598 
0.166145 -0.0952344 -0.260202 0.194757 -0.109991 -0.242973 0.195025 -0.102245 -0.262577 
0.206717 -0.119107 -0.257746 -0.359183 0.00423316 -0.205416 -0.37637 -0.00561944 -0.198209 
0.189262 -0.136706 -0.230935 0.21841 -0.13597 -0.252914 0.218142 -0.143716 -0.23331 
0.230102 -0.152833 -0.248082 -0.381865 -0.0323348 -0.186171 0.0104893 -0.12136 -0.204647 
-0.00642988 -0.123467 -0.217045 0.0107574 -0.113614 -0.224252 0.039637 -0.120624 -0.226627 
0.0393689 -0.12837 -0.207022 0.0685167 -0.127635 -0.229001 0.0682486 -0.135381 -0.209397 
0.0973963 -0.134645 -0.231376 0.0971282 -0.142391 -0.211772 0.126276 -0.141655 -0.233751 
0.126008 -0.149401 -0.214147 0.137968 -0.158518 -0.22892 0.166848 -0.165528 -0.231295 
0.184035 -0.155675 -0.238501 0.212915 -0.162685 -0.240876 -0.38736 -0.0590502 -0.174133 
-0.0816445 -0.127045 -0.185485 -0.0985637 -0.129152 -0.197883 -0.0813764 -0.119299 -0.205089 
-0.0524968 -0.126309 -0.207464 -0.0236171 -0.13332 -0.209839 0.149661 -0.17538 -0.224088 
-0.375668 -0.0759129 -0.169302 -0.363975 -0.0927757 -0.16447 -0.173778 -0.13273 -0.166322 
-0.190698 -0.134837 -0.17872 -0.17351 -0.124984 -0.185926 -0.144631 -0.131994 -0.188301 
-0.144899 -0.13974 -0.168697 -0.115751 -0.139004 -0.190676 -0.352283 -0.109638 -0.159639 
-0.323403 -0.116649 -0.162014 -0.294524 -0.123659 -0.164389 -0.265644 -0.130669 -0.166764 
-0.236764 -0.137679 -0.169139 -0.207885 -0.144689 -0.171513 -0.226912 0.0640846 -0.270634 
-0.226644 0.0718306 -0.290238 -0.243831 0.061978 -0.283032 -0.197764 0.0648205 -0.292613 
-0.168885 0.0578103 -0.294988 -0.140005 0.0508001 -0.297363 -0.111393 0.036044 -0.280133 
-0.111125 0.04379 -0.299738 -0.0825136 0.0290338 -0.282508 -0.0822456 0.0367798 -0.302113 
-0.053634 0.0220236 -0.284883 -0.0533659 0.0297696 -0.304488 -0.0247543 0.0150135 -0.287258 
-0.0244863 0.0227595 -0.306863 0.0041253 0.00800331 -0.289633 0.00439338 0.0157493 -0.309238 
0.0330049 0.000993149 -0.292008 0.033273 0.00873916 -0.311612 0.0449654 -0.0081236 -0.306781 
-0.261018 0.0521254 -0.275825 -0.278206 0.0422728 -0.268619 0.0566578 -0.0249864 -0.301949 
0.0855374 -0.0319965 -0.304324 0.114417 -0.0390067 -0.306699 0.143029 -0.0537629 -0.28947 
0.143297 -0.0460169 -0.309074 0.154989 -0.0628796 -0.304243 -0.295393 0.0324202 -0.261413 
-0.31258 0.0225676 -0.254206 0.166413 -0.0874884 -0.279807 0.166682 -0.0797424 -0.299411 
0.195293 -0.0944985 -0.282182 0.195561 -0.0867525 -0.301786 0.207254 -0.103615 -0.296954 
-0.329767 0.012715 -0.247 -0.346955 0.00286241 -0.239793 0.218678 -0.128224 -0.272518 
0.218946 -0.120478 -0.292123 0.230638 -0.137341 -0.287291 -0.36441 -0.0147362 -0.212982 
-0.352449 -0.023853 -0.227755 0.225143 -0.164056 -0.275253 -0.369905 -0.0414516 -0.200944 
-0.357944 -0.0505683 -0.215717 -0.0233491 -0.125574 -0.229443 -0.0402683 -0.12768 -0.241841 
-0.023081 -0.117827 -0.249048 0.00579865 -0.124838 -0.251423 0.0346783 -0.131848 -0.253798 
0.0635579 -0.138858 -0.256173 0.0924376 -0.145868 -0.258547 0.121317 -0.152878 -0.260922 
0.150197 -0.159888 -0.263297 0.149929 -0.167634 -0.243693 0.179077 -0.166899 -0.265672 
0.207956 -0.173909 -0.268047 -0.3754 -0.0681669 -0.188906 -0.363439 -0.0772837 -0.203679 
-0.115483 -0.131258 -0.210281 -0.132402 -0.133365 -0.222679 -0.115215 -0.123512 -0.229885 
-0.0863352 -0.130523 -0.23226 -0.0574555 -0.137533 -0.234635 -0.351747 -0.0941464 -0.198848 
-0.352015 -0.101892 -0.179243 -0.322867 -0.101157 -0.201223 -0.323135 -0.108903 -0.181618 
-0.293988 -0.108167 -0.203598 -0.294256 -0.115913 -0.183993 -0.265108 -0.115177 -0.205973 
-0.265376 -0.122923 -0.186368 -0.236228 -0.122187 -0.208348 -0.236496 -0.129933 -0.188743 
-0.207349 -0.129197 -0.210722 -0.207617 -0.136943 -0.191118 -0.178469 -0.136207 -0.213097 
-0.149589 -0.143218 -0.215472 -0.168616 0.0655563 -0.314593 -0.168348 0.0733023 -0.334197 
-0.185536 0.0634497 -0.326991 -0.139737 0.0585461 -0.316967 -0.139469 0.0662921 -0.336572 
-0.110857 0.051536 -0.319342 -0.110589 0.059282 -0.338947 -0.0819775 0.0445258 -0.321717 
-0.0817094 0.0522718 -0.341322 -0.0530978 0.0375157 -0.324092 -0.0528298 0.0452617 -0.343697 
-0.0242182 0.0305055 -0.326467 -0.0239501 0.0382515 -0.346072 -0.0122577 0.0213887 -0.34124 
-0.231871 0.0528613 -0.297805 -0.21991 0.0437445 -0.312578 -0.202723 0.0535971 -0.319784 
-0.000565346 0.00452597 -0.336409 0.0283143 -0.00248419 -0.338783 0.0569259 -0.0172404 -0.321554 
0.0571939 -0.00949435 -0.341158 0.0858055 -0.0242505 -0.323929 0.0860736 -0.0165045 -0.343533 
0.114685 -0.0312607 -0.326304 0.114953 -0.0235147 -0.345908 0.143565 -0.0382708 -0.328679 
0.143833 -0.0305248 -0.348283 0.155525 -0.0473876 -0.343452 -0.266245 0.0331561 -0.283392 
-0.254285 0.0240393 -0.298165 -0.237097 0.0338919 -0.305371 0.16695 -0.0719964 -0.319016 
0.167218 -0.0642504 -0.33862 0.195829 -0.0790065 -0.32139 0.196097 -0.0712605 -0.340995 
0.20779 -0.0881233 -0.336163 -0.300352 0.0211969 -0.288584 -0.317539 0.0113443 -0.281377 
-0.271472 0.0141867 -0.290958 0.219214 -0.112732 -0.311727 0.219482 -0.104986 -0.331332 
0.231174 -0.121849 -0.3265 -0.334726 0.00149167 -0.274171 -0.351913 -0.00836093 -0.266964 
0.242599 -0.146458 -0.302064 0.242867 -0.138712 -0.321669 0.271478 -0.153468 -0.304439 
0.271746 -0.145722 -0.324044 0.283439 -0.162584 -0.319212 -0.357408 -0.0350763 -0.254926 
0.00606673 -0.117092 -0.271027 -0.0108525 -0.119198 -0.283425 0.00633481 -0.109346 -0.290632 
0.0352145 -0.116356 -0.293007 0.0349464 -0.124102 -0.273402 0.0640941 -0.123366 -0.295381 
0.063826 -0.131112 -0.275777 0.0929737 -0.130376 -0.297756 0.0927057 -0.138122 -0.278152 
0.121853 -0.137386 -0.300131 0.121585 -0.145132 -0.280527 0.150733 -0.144396 -0.302506 
0.150465 -0.152142 -0.282902 0.162425 -0.161259 -0.297675 0.208224 -0.166163 -0.287652 
0.191305 -0.168269 -0.30005 0.208492 -0.158417 -0.307256 0.237372 -0.165427 -0.309631 
0.266252 -0.172437 -0.312006 -0.362903 -0.0617917 -0.242888 -0.0571874 -0.129787 -0.254239 
-0.0741066 -0.131893 -0.266637 -0.0569194 -0.122041 -0.273844 -0.0280397 -0.129051 -0.276219 
0.174118 -0.178122 -0.292843 -0.368398 -0.088507 -0.23085 -0.149321 -0.135472 -0.235077 
-0.16624 -0.137578 -0.247475 -0.149053 -0.127726 -0.254681 -0.120174 -0.134736 -0.257056 
-0.0912939 -0.141746 -0.259431 -0.356706 -0.10537 -0.226019 -0.327826 -0.11238 -0.228394 
-0.298946 -0.11939 -0.230769 -0.270067 -0.1264 -0.233144 -0.241187 -0.13341 -0.235519 
-0.212307 -0.140421 -0.237893 -0.183428 -0.147431 -0.240268 -0.139201 0.0740382 -0.356176 
-0.138933 0.0817842 -0.375781 -0.15612 0.0719316 -0.368575 -0.110321 0.067028 -0.358551 
-0.110053 0.074774 -0.378156 -0.0983605 0.0579112 -0.373324 -0.173307 0.062079 -0.361368 
-0.190494 0.0522264 -0.354162 -0.0866681 0.0410485 -0.368493 -0.0577885 0.0340383 -0.370868 
-0.0289088 0.0270282 -0.373243 -0.00029727 0.012272 -0.356013 -2.91945e-05 0.020018 -0.375618 
0.0285824 0.00526182 -0.358388 0.0288505 0.0130078 -0.377992 0.0405428 -0.00385493 -0.373161 
-0.207682 0.0423738 -0.346955 -0.224869 0.0325212 -0.339749 0.0522352 -0.0207177 -0.368329 
0.0811149 -0.0277279 -0.370704 0.109995 -0.034738 -0.373079 0.138874 -0.0417482 -0.375454 
0.167486 -0.0565044 -0.358225 0.167754 -0.0487583 -0.377829 0.196365 -0.0635145 -0.360599 
0.196633 -0.0557685 -0.380204 0.208326 -0.0726313 -0.375372 -0.242056 0.0226686 -0.332542 
-0.259243 0.012816 -0.325336 0.21975 -0.09724 -0.350936 0.220018 -0.089494 -0.370541 
0.231711 -0.106357 -0.365709 -0.30531 0.00997352 -0.315755 -0.322498 0.000120921 -0.308548 
-0.276431 0.00296336 -0.318129 0.243135 -0.130966 -0.341273 0.243403 -0.12322 -0.360878 
0.255095 -0.140082 -0.356046 -0.339953 -0.0174777 -0.281737 -0.327992 -0.0265944 -0.29651 
0.249601 -0.166798 -0.344008 0.26652 -0.164691 -0.33161 -0.34518 -0.036447 -0.289304 
-0.362367 -0.0462996 -0.282097 -0.0277716 -0.121305 -0.295823 -0.0446908 -0.123411 -0.308221 
-0.0275036 -0.113559 -0.315428 0.00137608 -0.120569 -0.317803 0.0302557 -0.127579 -0.320178 
0.0591354 -0.134589 -0.322552 0.088015 -0.141599 -0.324927 0.116895 -0.14861 -0.327302 
0.145774 -0.15562 -0.329677 0.174654 -0.16263 -0.332052 0.174386 -0.170376 -0.312448 
0.203534 -0.16964 -0.334427 0.232413 -0.17665 -0.336802 -0.367862 -0.073015 -0.270059 
-0.0910258 -0.134 -0.279036 -0.107945 -0.136106 -0.291434 -0.0907577 -0.126254 -0.29864 
-0.0618781 -0.133264 -0.301015 -0.356169 -0.0898778 -0.265228 -0.356438 -0.0976238 -0.245623 
-0.344477 -0.106741 -0.260396 -0.18316 -0.139685 -0.259873 -0.200079 -0.141791 -0.272271 
-0.182892 -0.131939 -0.279477 -0.154012 -0.138949 -0.281852 -0.125132 -0.145959 -0.284227 
-0.332785 -0.123603 -0.255565 -0.303905 -0.130613 -0.25794 -0.275025 -0.137624 -0.260315 
-0.246146 -0.144634 -0.26269 -0.217266 -0.151644 -0.265064 -0.143891 0.0705608 -0.402952 
-0.161079 0.0607082 -0.395746 -0.115012 0.0635507 -0.405327 -0.0864001 0.0487945 -0.388097 
-0.086132 0.0565405 -0.407702 -0.0575204 0.0417843 -0.390472 -0.0572523 0.0495303 -0.410077 
-0.0286408 0.0347742 -0.392847 -0.0283727 0.0425202 -0.412452 0.000238881 0.027764 -0.395222 
0.000506957 0.03551 -0.414826 0.0291185 0.0207538 -0.397597 0.0293866 0.0284998 -0.417201 
0.041079 0.0116371 -0.41237 -0.178266 0.0508556 -0.388539 -0.195453 0.041003 -0.381333 
0.0525033 -0.0129717 -0.387934 0.0527714 -0.00522568 -0.407538 0.0813829 -0.0199818 -0.390309 
0.081651 -0.0122358 -0.409913 0.110263 -0.026992 -0.392684 0.110531 -0.019246 -0.412288 
0.139142 -0.0340022 -0.395059 0.13941 -0.0262562 -0.414663 0.168022 -0.0410123 -0.397433 
0.16829 -0.0332663 -0.417038 0.196902 -0.0480225 -0.399808 0.19717 -0.0402765 -0.419413 
0.208862 -0.0571392 -0.414581 -0.21264 0.0311504 -0.374126 -0.229828 0.0212978 -0.36692 
0.220286 -0.081748 -0.390145 0.220554 -0.074002 -0.40975 0.232247 -0.0908648 -0.404918 
-0.247283 0.00369921 -0.340109 -0.235322 -0.00541755 -0.354882 0.226752 -0.11758 -0.39288 
-0.310537 -0.00899583 -0.323321 -0.281657 -0.016006 -0.325696 -0.269697 -0.0251227 -0.340469 
-0.25251 -0.0152701 -0.347675 0.238444 -0.134443 -0.388049 0.250137 -0.151306 -0.383217 
-0.316032 -0.0357112 -0.311283 -0.304071 -0.0448279 -0.326056 -0.286884 -0.0349753 -0.333263 
0.0305238 -0.119833 -0.339782 0.0136046 -0.12194 -0.35218 0.0307919 -0.112087 -0.359387 
0.0596715 -0.119097 -0.361761 0.0594035 -0.126843 -0.342157 0.0885512 -0.126107 -0.364136 
0.0882831 -0.133853 -0.344532 0.117431 -0.133118 -0.366511 0.117163 -0.140864 -0.346907 
0.14631 -0.140128 -0.368886 0.146042 -0.147874 -0.349282 0.17519 -0.147138 -0.371261 
0.174922 -0.154884 -0.351657 0.20407 -0.154148 -0.373636 0.203802 -0.161894 -0.354032 
0.232949 -0.161158 -0.376011 0.232681 -0.168904 -0.356406 -0.350406 -0.0554164 -0.29687 
-0.338446 -0.0645332 -0.311643 -0.321259 -0.0546805 -0.31885 -0.06161 -0.125518 -0.320619 
-0.0785292 -0.127625 -0.333017 -0.0613419 -0.117772 -0.340224 -0.0324623 -0.124782 -0.342599 
-0.00358264 -0.131792 -0.344974 -0.355901 -0.0821318 -0.284832 -0.343941 -0.0912485 -0.299605 
-0.112904 -0.14733 -0.318605 -0.0957165 -0.137477 -0.325811 -0.332249 -0.108111 -0.294774 
-0.332517 -0.115857 -0.275169 -0.303369 -0.115121 -0.297149 -0.303637 -0.122867 -0.277544 
-0.274489 -0.122132 -0.299524 -0.274757 -0.129878 -0.279919 -0.24561 -0.129142 -0.301899 
-0.245878 -0.136888 -0.282294 -0.21673 -0.136152 -0.304273 -0.216998 -0.143898 -0.284669 
-0.18785 -0.143162 -0.306648 -0.158971 -0.150172 -0.309023 -0.130091 -0.157182 -0.311398 
-0.114744 0.0712967 -0.424931 -0.114475 0.0790427 -0.444536 -0.131663 0.0691901 -0.437329 
-0.0858639 0.0642865 -0.427306 -0.0855958 0.0720325 -0.446911 -0.0739034 0.0551698 -0.442079 
-0.0281046 0.0502662 -0.432056 -0.0278365 0.0580122 -0.451661 -0.0450238 0.0481596 -0.444454 
0.000775033 0.043256 -0.434431 0.00104311 0.051002 -0.454035 0.0296547 0.0362459 -0.436806 
0.0299228 0.0439919 -0.45641 0.0585343 0.0292357 -0.439181 0.0588024 0.0369817 -0.458785 
0.087414 0.0222255 -0.441556 0.087682 0.0299715 -0.46116 0.116294 0.0152154 -0.443931 
0.116562 0.0229614 -0.463535 0.145173 0.00820521 -0.446305 0.145441 0.0159512 -0.46591 
0.157134 -0.000911546 -0.461078 -0.14885 0.0593375 -0.430123 -0.166037 0.0494849 -0.422917 
-0.0622111 0.038307 -0.437248 0.0530395 0.00252033 -0.427143 0.0819191 -0.00448983 -0.429518 
0.110799 -0.0115 -0.431893 0.139678 -0.0185102 -0.434268 0.168826 -0.0177743 -0.456247 
0.168558 -0.0255203 -0.436642 0.197438 -0.0325305 -0.439017 0.197706 -0.0247845 -0.458622 
0.226317 -0.0395406 -0.441392 0.226585 -0.0317946 -0.460997 0.238278 -0.0486574 -0.456165 
-0.183225 0.0396323 -0.41571 -0.200412 0.0297797 -0.408504 0.220822 -0.066256 -0.429354 
0.232783 -0.0753728 -0.444127 -0.217867 0.0121811 -0.381693 -0.205907 0.00306431 -0.396466 
0.244207 -0.0999815 -0.419691 0.244475 -0.0922355 -0.439296 0.256168 -0.109098 -0.434464 
-0.223094 -0.00678829 -0.389259 -0.240281 -0.0166409 -0.382053 0.238712 -0.126697 -0.407653 
0.250673 -0.135814 -0.422426 -0.257468 -0.0264935 -0.374846 -0.274656 -0.0363461 -0.36764 
0.0599396 -0.111351 -0.381366 0.0430204 -0.113458 -0.393764 0.0602077 -0.103605 -0.40097 
0.0890873 -0.110615 -0.403345 0.0888193 -0.118361 -0.383741 0.117967 -0.117626 -0.40572 
0.117699 -0.125372 -0.386116 0.146847 -0.124636 -0.408095 0.146579 -0.132382 -0.388491 
0.175726 -0.131646 -0.41047 0.175458 -0.139392 -0.390866 0.204606 -0.138656 -0.412845 
0.204338 -0.146402 -0.39324 0.233486 -0.145666 -0.41522 0.233217 -0.153412 -0.395615 
-0.291843 -0.0461987 -0.360434 -0.30903 -0.0560513 -0.353227 -0.00331456 -0.124046 -0.364578 
-0.0202337 -0.126153 -0.376976 -0.00304649 -0.1163 -0.384183 0.0258332 -0.12331 -0.386558 
-0.326217 -0.0659039 -0.346021 -0.343405 -0.0757565 -0.338814 -0.0834879 -0.138848 -0.360188 
-0.0663007 -0.128995 -0.367395 -0.037421 -0.136006 -0.36977 -0.331712 -0.0926193 -0.333983 
-0.33198 -0.100365 -0.314378 -0.32002 -0.109482 -0.329151 -0.129823 -0.149436 -0.331003 
-0.146742 -0.151543 -0.343401 -0.129555 -0.14169 -0.350607 -0.100675 -0.148701 -0.352982 
-0.308328 -0.126345 -0.32432 -0.279448 -0.133355 -0.326695 -0.250568 -0.140365 -0.32907 
-0.221689 -0.147375 -0.331444 -0.192809 -0.154385 -0.333819 -0.163929 -0.161396 -0.336194 
0.0700602 0.0981584 -0.502466 0.0703283 0.105904 -0.52207 0.053141 0.0960518 -0.514864 
0.0989399 0.0911483 -0.504841 0.0992079 0.0988943 -0.524445 0.1109 0.0820315 -0.519614 
0.214458 0.0631076 -0.51434 0.214727 0.0708536 -0.533945 0.197539 0.061001 -0.526738 
0.243338 0.0560975 -0.516715 0.243606 0.0638435 -0.53632 0.255299 0.0469807 -0.531488 
0.0356857 0.0784532 -0.488053 0.0359538 0.0861992 -0.507657 0.0187665 0.0763466 -0.500451 
0.0645654 0.0714431 -0.490428 0.093445 0.0644329 -0.492803 0.122593 0.0651688 -0.514782 
0.122325 0.0574227 -0.495178 0.151204 0.0504126 -0.497552 0.151472 0.0581586 -0.517157 
0.180084 0.0434024 -0.499927 0.180352 0.0511484 -0.519532 0.208964 0.0363923 -0.502302 
0.237843 0.0293821 -0.504677 0.249804 0.0202653 -0.51945 -0.0853278 0.0797785 -0.466515 
-0.0850597 0.0875245 -0.48612 -0.102247 0.0776719 -0.478913 -0.0733673 0.0706618 -0.481288 
-0.0275685 0.0657582 -0.471265 -0.0273004 0.0735042 -0.490869 -0.0444876 0.0636516 -0.483663 
0.00131118 0.058748 -0.47364 0.00157926 0.066494 -0.493244 0.0301908 0.0517379 -0.476015 
0.0590705 0.0447277 -0.47839 0.0879501 0.0377175 -0.480765 0.11683 0.0307074 -0.48314 
0.145709 0.0236972 -0.485514 0.174589 0.0166871 -0.487889 0.203469 0.0096769 -0.490264 
0.232348 0.00266674 -0.492639 0.261496 0.00340259 -0.514619 0.261228 -0.00434342 -0.495014 
0.273188 -0.0134602 -0.509787 -0.119434 0.0678193 -0.471707 -0.136621 0.0579667 -0.4645 
-0.061943 0.046053 -0.456852 -0.0616749 0.053799 -0.476457 0.169094 -0.0100283 -0.475851 
0.197974 -0.0170385 -0.478226 0.226853 -0.0240486 -0.480601 0.255733 -0.0310588 -0.482976 
0.267694 -0.0401755 -0.497749 -0.153809 0.0481141 -0.457294 -0.170996 0.0382615 -0.450088 
0.250238 -0.0577741 -0.470938 0.262199 -0.0668909 -0.485711 -0.188183 0.0284089 -0.442881 
-0.205371 0.0185563 -0.435675 0.244743 -0.0844895 -0.4589 0.256704 -0.0936063 -0.473673 
-0.210865 -0.00815904 -0.423637 0.251209 -0.120322 -0.461635 -0.228053 -0.0180116 -0.41643 
-0.24524 -0.0278642 -0.409224 0.118235 -0.10988 -0.425325 0.101316 -0.111986 -0.437723 
0.118503 -0.102134 -0.444929 0.147383 -0.109144 -0.447304 0.147115 -0.11689 -0.4277 
0.176262 -0.116154 -0.449679 0.175994 -0.1239 -0.430075 0.187955 -0.133017 -0.444847 
0.233754 -0.13792 -0.434824 0.216834 -0.140027 -0.447222 0.234022 -0.130174 -0.454429 
-0.262695 -0.0454628 -0.382413 -0.250735 -0.0545796 -0.397186 0.0261012 -0.115564 -0.406162 
0.00918205 -0.117671 -0.41856 0.0263693 -0.107818 -0.425767 0.055249 -0.114829 -0.428141 
0.0841286 -0.121839 -0.430516 0.199647 -0.149879 -0.440016 -0.29707 -0.065168 -0.368 
-0.285109 -0.0742848 -0.382773 -0.267922 -0.0644322 -0.389979 -0.0371529 -0.12826 -0.389374 
-0.0540721 -0.130366 -0.401772 -0.0368849 -0.120513 -0.408979 -0.00800521 -0.127524 -0.411354 
-0.331444 -0.0848733 -0.353587 -0.302565 -0.0918834 -0.355962 -0.290604 -0.101 -0.370735 
-0.100407 -0.140955 -0.372587 -0.117326 -0.143061 -0.384985 -0.100139 -0.133209 -0.392191 
-0.0712594 -0.140219 -0.394566 -0.308059 -0.118599 -0.343924 -0.296099 -0.127716 -0.358697 
-0.2503 -0.132619 -0.348674 -0.267219 -0.134726 -0.361072 -0.250032 -0.124873 -0.368279 
-0.221152 -0.131883 -0.370653 -0.221421 -0.139629 -0.351049 -0.192273 -0.138893 -0.373028 
-0.192541 -0.146639 -0.353424 -0.163393 -0.145904 -0.375403 -0.163661 -0.15365 -0.355799 
-0.134514 -0.152914 -0.377778 -0.284407 -0.144578 -0.353866 0.168225 0.146051 -0.572875 
0.168493 0.153797 -0.59248 0.151306 0.143944 -0.585273 0.197105 0.139041 -0.57525 
0.197373 0.146787 -0.594855 0.209065 0.129924 -0.590023 0.104971 0.133356 -0.556087 
0.105239 0.141102 -0.575692 0.0880517 0.131249 -0.568485 0.133851 0.126345 -0.558462 
0.134119 0.134091 -0.578067 0.16273 0.119335 -0.560837 0.19161 0.112325 -0.563212 
0.220758 0.113061 -0.585192 0.220489 0.105315 -0.565587 0.249369 0.0983048 -0.567962 
0.249637 0.106051 -0.587566 0.278249 0.0912947 -0.570337 0.278517 0.0990407 -0.589941 
0.307128 0.0842845 -0.572712 0.307397 0.0920305 -0.592316 0.319089 0.0751678 -0.587485 
0.0705964 0.11365 -0.541675 0.0708645 0.121396 -0.561279 0.0536772 0.111544 -0.554073 
0.099476 0.10664 -0.54405 0.128356 0.0996301 -0.546424 0.157235 0.09262 -0.548799 
0.186115 0.0856098 -0.551174 0.214995 0.0785996 -0.553549 0.243874 0.0715895 -0.555924 
0.272754 0.0645793 -0.558299 0.301634 0.0575692 -0.560674 0.330781 0.058305 -0.582653 
0.330513 0.050559 -0.563049 0.359393 0.0435488 -0.565424 0.359661 0.0512948 -0.585028 
0.388272 0.0365387 -0.567799 0.388541 0.0442847 -0.587403 0.400233 0.0274219 -0.582572 
0.0362219 0.0939452 -0.527262 0.0364899 0.101691 -0.546866 0.0193027 0.0918387 -0.53966 
0.122861 0.0729148 -0.534386 0.15174 0.0659046 -0.536761 0.18062 0.0588944 -0.539136 
0.267259 0.037864 -0.546261 0.296139 0.0308538 -0.548636 0.325018 0.0238436 -0.551011 
0.353898 0.0168335 -0.553386 0.382778 0.00982331 -0.555761 0.394738 0.000706556 -0.570534 
-0.055912 0.0882604 -0.508099 -0.0556439 0.0960064 -0.527704 -0.0728311 0.0861538 -0.520497 
-0.0270323 0.0812502 -0.510474 -0.0267642 0.0889962 -0.530078 0.00184734 0.0742401 -0.512849 
0.00211541 0.0819861 -0.532453 0.261764 0.0111486 -0.534223 0.290644 0.00413843 -0.536598 
0.319523 -0.00287173 -0.538973 0.348403 -0.00988189 -0.541348 0.360364 -0.0189986 -0.556121 
0.377551 -0.00914604 -0.563327 -0.0900184 0.0763012 -0.513291 -0.107206 0.0664486 -0.506084 
-0.0614068 0.061545 -0.496061 0.285149 -0.0225769 -0.52456 0.297109 -0.0316937 -0.539333 
0.314297 -0.0218411 -0.546539 0.343176 -0.0288512 -0.548914 -0.124393 0.056596 -0.498878 
-0.14158 0.0467434 -0.491671 0.279654 -0.0492923 -0.512522 0.291615 -0.058409 -0.527295 
-0.158767 0.0368908 -0.484465 -0.175955 0.0270382 -0.477259 0.274159 -0.0760077 -0.500484 
0.28612 -0.0851244 -0.515257 -0.19341 0.00943957 -0.450448 -0.18145 0.000322818 -0.465221 
0.251745 -0.10483 -0.500844 0.268932 -0.094977 -0.508051 -0.198637 -0.00952978 -0.458014 
-0.215824 -0.0193824 -0.450808 0.24625 -0.131545 -0.488806 -0.233279 -0.036981 -0.423997 
-0.221319 -0.0460977 -0.43877 0.0843967 -0.114093 -0.450121 0.0674775 -0.116199 -0.462519 
0.0846648 -0.106347 -0.469725 0.113544 -0.113357 -0.4721 0.142424 -0.120367 -0.474475 
0.171304 -0.127377 -0.47685 0.200183 -0.134387 -0.479225 0.199915 -0.142133 -0.45962 
0.229063 -0.141398 -0.4816 -0.238506 -0.0559503 -0.431563 -0.255693 -0.0658029 -0.424357 
-0.00773713 -0.119778 -0.430958 -0.0246563 -0.121884 -0.443356 -0.00746906 -0.112032 -0.450563 
0.0214106 -0.119042 -0.452938 0.0502902 -0.126052 -0.455312 -0.273149 -0.0834016 -0.397546 
-0.261188 -0.0925183 -0.412319 -0.0998709 -0.125463 -0.411795 -0.11679 -0.127569 -0.424194 
-0.0996029 -0.117717 -0.4314 -0.0707232 -0.124727 -0.433775 -0.0709913 -0.132473 -0.41417 
-0.0418436 -0.131737 -0.43615 -0.278644 -0.110117 -0.385508 -0.266683 -0.119234 -0.400281 
-0.134245 -0.145168 -0.397383 -0.151165 -0.147274 -0.409781 -0.133977 -0.137422 -0.416987 
-0.284139 -0.136832 -0.37347 -0.254991 -0.136096 -0.39545 -0.226111 -0.143107 -0.397824 
-0.197232 -0.150117 -0.400199 -0.168352 -0.157127 -0.402574 0.105507 0.148848 -0.595296 
0.105775 0.156594 -0.614901 0.0885879 0.146741 -0.607694 0.117468 0.139731 -0.610069 
0.163266 0.134827 -0.600046 0.192146 0.127817 -0.602421 0.0711325 0.129142 -0.580884 
0.0714006 0.136888 -0.600488 0.0542133 0.127036 -0.593282 0.12916 0.122868 -0.605238 
0.15804 0.115858 -0.607613 0.186919 0.108848 -0.609988 0.215799 0.101838 -0.612363 
0.244678 0.0948275 -0.614738 0.273558 0.0878173 -0.617112 0.302438 0.0808072 -0.619487 
0.331049 0.066051 -0.602258 0.331317 0.073797 -0.621862 0.359929 0.0590409 -0.604633 
0.360197 0.0667869 -0.624237 0.371889 0.0499241 -0.619406 0.036758 0.109437 -0.566471 
0.0370261 0.117183 -0.586075 0.0198388 0.107331 -0.578869 0.383582 0.0330613 -0.614574 
0.395274 0.0161986 -0.609743 -0.0264962 0.0967422 -0.549683 -0.0262281 0.104488 -0.569287 
-0.0434153 0.0946356 -0.562081 0.00238349 0.0897321 -0.552058 0.00265156 0.0974781 -0.571662 
0.389779 -0.0105168 -0.597705 -0.0606026 0.084783 -0.554875 -0.0777899 0.0749304 -0.547668 
0.355405 -0.030222 -0.583292 0.372592 -0.0203694 -0.590498 -0.0949771 0.0650778 -0.540462 
-0.112164 0.0552252 -0.533255 0.30907 -0.0408104 -0.554106 0.32103 -0.0499272 -0.568879 
0.338218 -0.0400746 -0.576085 -0.129352 0.0453726 -0.526049 -0.146539 0.03552 -0.518842 
0.286656 -0.0696324 -0.554466 0.303843 -0.0597798 -0.561672 -0.163726 0.0256674 -0.511636 
-0.180913 0.0158148 -0.50443 0.281161 -0.0963478 -0.542428 -0.186408 -0.0109005 -0.492392 
0.263706 -0.113946 -0.515617 0.275666 -0.123063 -0.53039 -0.203596 -0.0207531 -0.485185 
-0.220783 -0.0306057 -0.477979 0.113812 -0.105611 -0.491705 0.0968933 -0.107718 -0.504103 
0.114081 -0.0978649 -0.511309 0.14296 -0.104875 -0.513684 0.142692 -0.112621 -0.49408 
0.17184 -0.111885 -0.516059 0.171572 -0.119631 -0.496455 0.200719 -0.118895 -0.518434 
0.200451 -0.126641 -0.498829 0.229599 -0.125906 -0.520809 0.229331 -0.133652 -0.501204 
0.258479 -0.132916 -0.523184 -0.226278 -0.0573211 -0.465941 0.0505583 -0.118306 -0.474917 
0.0336391 -0.120413 -0.487315 0.0508264 -0.11056 -0.494521 0.079706 -0.11757 -0.496896 
-0.243733 -0.0749197 -0.43913 -0.231773 -0.0840365 -0.453903 -0.0415755 -0.123991 -0.455754 
-0.0584947 -0.126097 -0.468152 -0.0413074 -0.116245 -0.475359 -0.0124278 -0.123255 -0.477734 
0.0164519 -0.130265 -0.480109 -0.249228 -0.101635 -0.427092 -0.237267 -0.110752 -0.441865 
-0.133709 -0.129676 -0.436592 -0.150628 -0.131782 -0.44899 -0.133441 -0.12193 -0.456196 
-0.104562 -0.12894 -0.458571 -0.0756819 -0.13595 -0.460946 -0.254455 -0.120604 -0.434658 
-0.271642 -0.130457 -0.427452 -0.196963 -0.142371 -0.419804 -0.213883 -0.144477 -0.432202 
-0.196695 -0.134625 -0.439408 -0.167816 -0.141635 -0.441783 -0.168084 -0.149381 -0.422179 
-0.25995 -0.14732 -0.422621 -0.23107 -0.15433 -0.424995 0.0771636 0.17135 -0.632131 
0.0774316 0.179096 -0.651735 0.0602444 0.169243 -0.644529 0.106043 0.16434 -0.634505 
0.106311 0.172086 -0.65411 0.118004 0.155223 -0.649278 0.042789 0.151645 -0.617718 
0.0430571 0.159391 -0.637322 0.0258698 0.149538 -0.630116 0.0716687 0.144634 -0.620093 
0.100548 0.137624 -0.622467 0.100816 0.14537 -0.642072 0.0836291 0.135518 -0.634865 
0.00841451 0.131939 -0.603305 0.00868259 0.139685 -0.622909 -0.00850467 0.129833 -0.615703 
0.0372942 0.124929 -0.60568 0.0953215 0.118655 -0.630034 0.123933 0.103899 -0.612804 
0.107014 0.101792 -0.625202 0.152813 0.0968886 -0.615179 0.164773 0.0877719 -0.629952 
0.18196 0.0976245 -0.637159 0.21084 0.0906143 -0.639534 0.23972 0.0836042 -0.641909 
0.268599 0.076594 -0.644283 0.297479 0.0695838 -0.646658 0.326359 0.0625737 -0.649033 
0.355238 0.0555635 -0.651408 0.366931 0.0387008 -0.646577 0.00291964 0.105224 -0.591267 
-0.0139995 0.103117 -0.603665 0.118706 0.0849294 -0.620371 0.147586 0.0779193 -0.622746 
0.378355 0.014092 -0.622141 0.361436 0.0119854 -0.634539 -0.0311868 0.0932649 -0.596458 
-0.0483741 0.0834123 -0.589252 0.37286 -0.0126234 -0.610103 0.355941 -0.01473 -0.622501 
-0.0655613 0.0735597 -0.582046 -0.0827486 0.0637071 -0.574839 0.350446 -0.0414453 -0.610463 
-0.0999358 0.0538545 -0.567633 -0.117123 0.0440019 -0.560426 0.316072 -0.0611505 -0.59605 
0.333259 -0.0512979 -0.603256 -0.134578 0.0264033 -0.533615 -0.122618 0.0172865 -0.548388 
0.281697 -0.0808557 -0.581637 0.298884 -0.0710031 -0.588843 -0.168953 0.00669808 -0.519203 
-0.156992 -0.00241867 -0.533975 -0.139805 0.00743393 -0.541182 0.276202 -0.107571 -0.569599 
-0.17418 -0.0122713 -0.526769 -0.191367 -0.0221239 -0.519563 0.143228 -0.0971291 -0.533289 
0.126309 -0.0992357 -0.545687 0.143496 -0.0893831 -0.552893 0.172376 -0.0963932 -0.555268 
0.172108 -0.104139 -0.535663 0.201256 -0.103403 -0.557643 0.200988 -0.111149 -0.538038 
0.230135 -0.110414 -0.560018 0.229867 -0.11816 -0.540413 0.259015 -0.117424 -0.562393 
0.258747 -0.12517 -0.542788 -0.208822 -0.0397225 -0.492752 -0.196862 -0.0488392 -0.507525 
0.0510945 -0.102814 -0.514126 0.0341753 -0.104921 -0.526524 0.0513625 -0.0950679 -0.53373 
0.0802422 -0.102078 -0.536105 0.0799741 -0.109824 -0.516501 0.109122 -0.109088 -0.53848 
-0.214317 -0.0664378 -0.480714 -0.202357 -0.0755546 -0.495487 0.0167199 -0.122519 -0.499713 
-0.000199241 -0.124626 -0.512111 0.016988 -0.114773 -0.519318 -0.219812 -0.0931532 -0.468676 
-0.207852 -0.10227 -0.483449 -0.0754139 -0.128204 -0.48055 -0.0923331 -0.130311 -0.492948 
-0.0751458 -0.120458 -0.500155 -0.0462661 -0.127468 -0.50253 -0.0173865 -0.134478 -0.504905 
-0.225307 -0.119869 -0.456638 -0.213347 -0.128985 -0.471411 -0.167548 -0.133889 -0.461388 
-0.184467 -0.135995 -0.473786 -0.16728 -0.126143 -0.480992 -0.1384 -0.133153 -0.483367 
-0.10952 -0.140163 -0.485742 -0.259681 -0.139574 -0.442225 -0.230802 -0.146584 -0.4446 
-0.201654 -0.145848 -0.466579 0.0722048 0.160127 -0.659301 0.101084 0.153116 -0.661676 
0.0378303 0.140421 -0.644889 0.0497908 0.131305 -0.659662 0.066978 0.141157 -0.666868 
0.0786704 0.124294 -0.662036 0.00372387 0.128462 -0.65008 -0.0134634 0.11861 -0.642874 
0.0326035 0.121452 -0.652455 0.0903628 0.107432 -0.657205 0.102055 0.0905689 -0.652373 
0.176734 0.0786551 -0.644725 0.205613 0.071645 -0.6471 0.217574 0.0625282 -0.661873 
0.234761 0.0723808 -0.66908 0.263641 0.0653707 -0.671454 0.29252 0.0583605 -0.673829 
0.3214 0.0513503 -0.676204 0.350012 0.0365942 -0.658975 0.333092 0.0344876 -0.671373 
-0.0189583 0.0918941 -0.630836 0.113748 0.0737061 -0.647542 0.142627 0.0666959 -0.649917 
0.171507 0.0596858 -0.652292 0.200387 0.0526756 -0.654667 0.344785 0.0176248 -0.666541 
0.356477 0.000762044 -0.66171 -0.0361455 0.0820415 -0.623629 -0.0533328 0.0721889 -0.616423 
0.350982 -0.0259533 -0.649672 -0.0705201 0.0623363 -0.609217 -0.0877073 0.0524837 -0.60201 
0.345487 -0.0526687 -0.637634 -0.104895 0.0426311 -0.594804 -0.122082 0.0327785 -0.587597 
0.311113 -0.0723739 -0.623221 0.3283 -0.0625213 -0.630427 -0.127577 0.00606318 -0.575559 
0.235898 -0.0759522 -0.59166 0.218979 -0.0780588 -0.604058 0.236166 -0.0682062 -0.611265 
0.265046 -0.0752163 -0.61364 0.264778 -0.0829623 -0.594035 0.293926 -0.0822265 -0.616014 
-0.144764 -0.00378942 -0.568353 -0.161951 -0.013642 -0.561146 0.143764 -0.081637 -0.572498 
0.126845 -0.0837436 -0.584896 0.144033 -0.073891 -0.592102 0.172912 -0.0809012 -0.594477 
0.172644 -0.0886472 -0.574872 0.201792 -0.0879114 -0.596852 0.201524 -0.0956574 -0.577247 
0.230403 -0.102668 -0.579622 0.259283 -0.109678 -0.581997 -0.179407 -0.0312406 -0.534336 
-0.167446 -0.0403574 -0.549109 0.0805103 -0.0943321 -0.55571 0.0635911 -0.0964387 -0.568108 
0.0807783 -0.0865861 -0.575314 0.109658 -0.0935962 -0.577689 0.10939 -0.101342 -0.558085 
-0.184901 -0.057956 -0.522298 -0.172941 -0.0670727 -0.537071 0.0172561 -0.107027 -0.538922 
0.00033691 -0.109134 -0.55132 0.0175242 -0.0992811 -0.558526 0.0464038 -0.106291 -0.560901 
-0.190396 -0.0846714 -0.51026 -0.178436 -0.0937881 -0.525033 -0.0171184 -0.126732 -0.524509 
-0.0340376 -0.128839 -0.536907 -0.0168504 -0.118986 -0.544114 -0.195891 -0.111387 -0.498222 
-0.183931 -0.120503 -0.512995 -0.109252 -0.132417 -0.505346 -0.126171 -0.134524 -0.517745 
-0.108984 -0.124671 -0.524951 -0.0801045 -0.131681 -0.527326 -0.0512249 -0.138692 -0.529701 
-0.201386 -0.138102 -0.486184 -0.172238 -0.137366 -0.508163 -0.143359 -0.144376 -0.510538 
0.0617512 0.122188 -0.674435 -0.00150293 0.109493 -0.657647 0.0104575 0.100376 -0.67242 
0.0276448 0.110229 -0.679626 0.0565244 0.103218 -0.682001 0.085136 0.0884623 -0.664771 
0.0682168 0.0863557 -0.67717 0.229534 0.0534115 -0.676646 0.258414 0.0464013 -0.679021 
0.287294 0.0393911 -0.681396 0.316173 0.032381 -0.683771 -0.00672973 0.0905234 -0.665213 
-0.023917 0.0806708 -0.658007 0.0799092 0.0694929 -0.672338 0.108789 0.0624828 -0.674713 
0.137669 0.0554726 -0.677088 0.166548 0.0484624 -0.679463 0.195428 0.0414523 -0.681838 
0.224307 0.0344421 -0.684213 0.253187 0.0274319 -0.686588 0.282067 0.0204218 -0.688962 
0.310946 0.0134116 -0.691337 0.339826 0.00640146 -0.693712 0.351518 -0.0104613 -0.688881 
-0.0411042 0.0708182 -0.6508 -0.0582915 0.0609656 -0.643594 0.334063 -0.0280599 -0.66207 
0.317144 -0.0301665 -0.674468 0.334331 -0.0203139 -0.681674 -0.0754788 0.051113 -0.636388 
-0.092666 0.0412604 -0.629181 0.328568 -0.0547753 -0.650032 0.311649 -0.0568819 -0.66243 
-0.110121 0.0236618 -0.60237 -0.0981609 0.014545 -0.617143 0.236434 -0.0604602 -0.630869 
0.219515 -0.0625667 -0.643267 0.236702 -0.0527141 -0.650474 0.265582 -0.0597243 -0.652849 
0.265314 -0.0674703 -0.633244 0.294462 -0.0667345 -0.655223 0.294194 -0.0744805 -0.635619 
-0.115348 0.00469244 -0.609937 -0.132535 -0.00516016 -0.60273 0.144301 -0.066145 -0.611706 
0.127381 -0.0682516 -0.624105 0.144569 -0.058399 -0.631311 0.173448 -0.0654092 -0.633686 
0.17318 -0.0731552 -0.614081 0.202328 -0.0724193 -0.636061 0.20206 -0.0801653 -0.616456 
-0.149991 -0.0227588 -0.575919 -0.13803 -0.0318755 -0.590692 0.109926 -0.0858502 -0.597294 
0.0930069 -0.0879568 -0.609692 0.110194 -0.0781042 -0.616898 -0.155486 -0.0494741 -0.563882 
-0.143525 -0.0585909 -0.578654 0.0466719 -0.0985453 -0.580506 0.0297527 -0.100652 -0.592904 
0.04694 -0.0907993 -0.60011 0.0758196 -0.0978094 -0.602485 -0.160981 -0.0761895 -0.551844 
-0.14902 -0.0853062 -0.566617 -0.0165823 -0.11124 -0.563718 -0.0335015 -0.113347 -0.576116 
-0.0163142 -0.103494 -0.583323 0.0125654 -0.110504 -0.585697 -0.166475 -0.102905 -0.539806 
-0.154515 -0.112022 -0.554579 -0.108716 -0.116925 -0.544555 -0.125635 -0.119032 -0.556953 
-0.108448 -0.109179 -0.56416 -0.0795684 -0.116189 -0.566535 -0.0798364 -0.123935 -0.54693 
-0.0506887 -0.1232 -0.56891 -0.0509568 -0.130946 -0.549305 -0.171702 -0.121874 -0.547372 
-0.188889 -0.131727 -0.540166 -0.143091 -0.13663 -0.530143 -0.16001 -0.138737 -0.542541 
-0.142823 -0.128884 -0.549747 -0.177197 -0.14859 -0.535334 0.022418 0.0912592 -0.687193 
0.0512976 0.0842491 -0.689568 -0.0119565 0.071554 -0.67278 3.93483e-06 0.0624373 -0.687553 
0.0171912 0.0722899 -0.694759 0.0458028 0.0575337 -0.67753 0.0288836 0.0554271 -0.689928 
0.0746824 0.0505236 -0.679905 0.103562 0.0435134 -0.682279 0.132442 0.0365032 -0.684654 
0.144402 0.0273865 -0.699427 0.161589 0.0372391 -0.706634 0.190469 0.0302289 -0.709009 
0.219349 0.0232188 -0.711384 0.248228 0.0162086 -0.713759 0.277108 0.00919844 -0.716133 
0.305988 0.00218828 -0.718508 0.334599 -0.0125679 -0.701279 0.31768 -0.0146745 -0.713677 
-0.046331 0.0518488 -0.658367 -0.0343706 0.0427321 -0.67314 -0.0171833 0.0525847 -0.680346 
0.040576 0.0385644 -0.685096 0.0694556 0.0315542 -0.687471 0.0983353 0.024544 -0.689846 
0.127215 0.0175339 -0.692221 0.300225 -0.0322731 -0.686866 0.283306 -0.0343797 -0.699264 
0.300493 -0.0245271 -0.70647 -0.0807056 0.0321436 -0.643954 -0.0687451 0.0230269 -0.658727 
-0.0515578 0.0328795 -0.665934 0.236971 -0.0449681 -0.670078 0.220051 -0.0470747 -0.682476 
0.237239 -0.0372221 -0.689683 0.266118 -0.0442323 -0.692057 0.26585 -0.0519783 -0.672453 
0.29473 -0.0589885 -0.674828 -0.0859324 0.0131743 -0.651521 -0.10312 0.00332169 -0.644314 
0.173716 -0.0576632 -0.65329 0.156797 -0.0597698 -0.665688 0.173984 -0.0499172 -0.672895 
0.202864 -0.0569273 -0.67527 0.202596 -0.0646733 -0.655665 -0.120575 -0.0142769 -0.617503 
-0.108614 -0.0233937 -0.632276 0.110462 -0.0703582 -0.636503 0.093543 -0.0724648 -0.648901 
0.11073 -0.0626122 -0.656107 0.13961 -0.0696224 -0.658482 -0.12607 -0.0409923 -0.605465 
-0.114109 -0.050109 -0.620238 0.0760877 -0.0900634 -0.62209 0.0591685 -0.09217 -0.634488 
0.0763558 -0.0823174 -0.641694 -0.131565 -0.0677076 -0.593427 -0.119604 -0.0768244 -0.6082 
-0.0160461 -0.0957483 -0.602927 -0.0329653 -0.0978549 -0.615325 -0.015778 -0.0880023 -0.622532 
0.0131016 -0.0950124 -0.624906 0.0128335 -0.102758 -0.605302 0.0419812 -0.102023 -0.627281 
-0.13706 -0.094423 -0.581389 -0.125099 -0.10354 -0.596162 -0.0793003 -0.108443 -0.586139 
-0.0962195 -0.11055 -0.598537 -0.0790322 -0.100697 -0.605744 -0.0501526 -0.107707 -0.608119 
-0.0504206 -0.115453 -0.588514 -0.142554 -0.121138 -0.569352 -0.113407 -0.120403 -0.591331 
-0.176929 -0.140844 -0.554939 0.0119644 0.0533205 -0.702326 0.156363 0.0182697 -0.7142 
0.185242 0.0112596 -0.716575 0.214122 0.00424941 -0.71895 0.243002 -0.00276075 -0.721325 
0.271881 -0.00977092 -0.7237 0.300761 -0.0167811 -0.726075 -0.022142 0.0413613 -0.707517 
-0.0393293 0.0315087 -0.700311 0.0067376 0.0343512 -0.709892 0.0353492 0.019595 -0.692663 
0.01843 0.0174884 -0.705061 0.0642288 0.0125849 -0.695038 0.0931085 0.00557469 -0.697413 
0.105069 -0.00354206 -0.712186 0.122256 0.00631054 -0.719392 0.151136 -0.000699622 -0.721767 
0.180015 -0.00770978 -0.724142 0.208627 -0.022466 -0.706912 0.191708 -0.0245725 -0.71931 
0.237507 -0.0294761 -0.709287 0.266386 -0.0364863 -0.711662 -0.0567846 0.0139101 -0.6735 
-0.0448242 0.00479339 -0.688273 0.0301224 0.000625662 -0.700229 0.059002 -0.0063845 -0.702604 
0.0878817 -0.0133947 -0.704979 0.174253 -0.0421712 -0.692499 0.157333 -0.0442777 -0.704897 
0.174521 -0.0344251 -0.712104 0.203132 -0.0491813 -0.694874 -0.0911592 -0.00579506 -0.659087 
-0.0791987 -0.0149118 -0.67386 -0.0620114 -0.00505921 -0.681067 0.0532391 -0.0408459 -0.670962 
0.0363199 -0.0429525 -0.68336 0.0535071 -0.0330999 -0.690566 0.0823868 -0.04011 -0.692941 
0.0821187 -0.047856 -0.673337 0.111266 -0.0471202 -0.695316 0.110998 -0.0548662 -0.675712 
0.140146 -0.0541303 -0.697691 0.139878 -0.0618764 -0.678086 -0.096654 -0.0325104 -0.647049 
-0.0846936 -0.0416272 -0.661822 -0.0388947 -0.0465307 -0.651799 -0.0558139 -0.0486373 -0.664197 
-0.0386267 -0.0387847 -0.671404 -0.00974702 -0.0457949 -0.673778 -0.0100151 -0.0535409 -0.654174 
0.0191326 -0.0528051 -0.676153 0.0188645 -0.0605511 -0.656549 0.0477442 -0.0675612 -0.658924 
0.0766238 -0.0745714 -0.661299 -0.102149 -0.0592258 -0.635011 -0.0730012 -0.0584899 -0.656991 
-0.0732693 -0.066236 -0.637386 -0.0443896 -0.0732461 -0.639761 -0.01551 -0.0802563 -0.642136 
0.0133697 -0.0872664 -0.644511 0.0422493 -0.0942766 -0.646886 -0.107376 -0.0781951 -0.642578 
-0.124563 -0.0880477 -0.635371 -0.0787641 -0.0929513 -0.625348 -0.0956833 -0.0950579 -0.637746 
-0.0498845 -0.0999615 -0.627723 -0.112871 -0.104911 -0.63054 -0.113139 -0.112657 -0.610935 
-0.0273688 0.022392 -0.715084 0.0015108 0.0153818 -0.717459 0.117029 -0.0126588 -0.726958 
0.145909 -0.019669 -0.729333 0.174789 -0.0266791 -0.731708 -0.0328637 -0.00432337 -0.703046 
-0.00398407 -0.0113335 -0.705421 0.0248956 -0.0183437 -0.707796 0.0537752 -0.0253539 -0.710171 
0.0826549 -0.032364 -0.712546 0.111535 -0.0393742 -0.714921 0.140414 -0.0463843 -0.717295 
-0.0672382 -0.0240286 -0.688633 -0.0383586 -0.0310387 -0.691008 -0.00947895 -0.0380489 -0.693383 
0.0194007 -0.0450591 -0.695758 -0.0727331 -0.0507439 -0.676595 -0.112603 -0.0971645 -0.650144 

POLYGONS 7509 22524
OFFSETS vtktypeint64
0 3 6 9 12 15 18 21 24 
27 30 33 36 39 42 45 48 51 
54 57 60 63 66 69 72 75 78 
81 84 87 90 93 96 99 102 105 
108 111 114 117 120 123 126 129 132 
135 138 141 144 147 150 153 156 159 
162 165 168 171 174 177 180 183 186 
189 192 195 198 201 204 207 210 213 
216 219 222 225 228 231 234 237 240 
243 246 249 252 255 258 261 264 267 
270 273 276 279 282 285 288 291 294 
297 300 303 306 309 312 315 318 321 
324 327 330 333 336 339 342 345 348 
351 354 357 360 363 366 369 372 375 
378 381 384 387 390 393 396 399 402 
405 408 411 414 417 420 423 426 429 
432 435 438 441 444 447 450 453 456 
459 462 465 468 471 474 477 480 483 
486 489 492 495 498 501 504 507 510 
513 516 519 522 525 528 531 534 537 
540 543 546 549 552 555 558 561 564 
567 570 573 576 579 582 585 588 591 
594 597 600 603 606 609 612 615 618 
621 624 627 630 633 636 639 642 645 
648 651 654 657 660 663 666 669 672 
675 678 681 684 687 690 693 696 699 
702 705 708 711 714 717 720 723 726 
729 732 735 738 741 744 747 750 753 
756 759 762 765 768 771 774 777 780 
783 786 789 792 795 798 801 804 807 
810 813 816 819 822 825 828 831 834 
837 840 843 846 849 852 855 858 861 
864 867 870 873 876 879 882 885 888 
891 894 897 900 903 906 909 912 915 
918 921 924 927 930 933 936 939 942 
945 948 951 954 957 960 963 966 969 
972 975 978 981 984 987 990 993 996 
999 1002 1005 1008 1011 1014 1017 1020 1023 
1026 1029 1032 1035 1038 1041 1044 1047 1050 
1053 1056 1059 1062 1065 1068 1071 1074 1077 
1080 1083 1086 1089 1092 1095 1098 1101 1104 
1107 1110 1113 1116 1119 1122 1125 1128 1131 
1134 1137 1140 1143 1146 1149 1152 1155 1158 
1161 1164 1167 1170 1173 1176 1179 1182 1185 
1188 1191 1194 1197 1200 1203 1206 1209 1212 
1215 1218 1221 1224 1227 1230 1233 1236 1239 
1242 1245 1248 1251 1254 1257 1260 1263 1266 
1269 1272 1275 1278 1281 1284 1287 1290 1293 
1296 1299 1302 1305 1308 1311 1314 1317 1320 
1323 1326 1329 1332 1335 1338 1341 1344 1347 
1350 1353 1356 1359 1362 1365 1368 1371 1374 
1377 1380 1383 1386 1389 1392 1395 1398 1401 
1404 1407 1410 1413 1416 1419 1422 1425 1428 
1431 1434 1437 1440 1443 1446 1449 1452 1455 
1458 1461 1464 1467 1470 1473 1476 1479 1482 
1485 1488 1491 1494 1497 1500 1503 1506 1509 
1512 1515 1518 1521 1524 1527 1530 1533 1536 
1539 1542 1545 1548 1551 1554 1557 1560 1563 
1566 1569 1572 1575 1578 1581 1584 1587 1590 
1593 1596 1599 1602 1605 1608 1611 1614 1617 
1620 1623 1626 1629 1632 1635 1638 1641 1644 
1647 1650 1653 1656 1659 1662 1665 1668 1671 
1674 1677 1680 1683 1686 1689 1692 1695 1698 
1701 1704 1707 1710 1713 1716 1719 1722 1725 
1728 1731 1734 1737 1740 1743 1746 1749 1752 
1755 1758 1761 1764 1767 1770 1773 1776 1779 
1782 1785 1788 1791 1794 1797 1800 1803 1806 
1809 1812 1815 1818 1821 1824 1827 1830 1833 
1836 1839 1842 1845 1848 1851 1854 1857 1860 
1863 1866 1869 1872 1875 1878 1881 1884 1887 
1890 1893 1896 1899 1902 1905 1908 1911 1914 
1917 1920 1923 1926 1929 1932 1935 1938 1941 
1944 1947 1950 1953 1956 1959 1962 1965 1968 
1971 1974 1977 1980 1983 1986 1989 1992 1995 
1998 2001 2004 2007 2010 2013 2016 2019 2022 
2025 2028 2031 2034 2037 2040 2043 2046 2049 
2052 2055 2058 2061 2064 2067 2070 2073 2076 
2079 2082 2085 2088 2091 2094 2097 2100 2103 
2106 2109 2112 2115 2118 2121 2124 2127 2130 
2133 2136 2139 2142 2145 2148 2151 2154 2157 
2160 2163 2166 2169 2172 2175 2178 2181 2184 
2187 2190 2193 2196 2199 2202 2205 2208 2211 
2214 2217 2220 2223 2226 2229 2232 2235 2238 
2241 2244 2247 2250 2253 2256 2259 2262 2265 
2268 2271 2274 2277 2280 2283 2286 2289 2292 
2295 2298 2301 2304 2307 2310 2313 2316 2319 
2322 2325 2328 2331 2334 2337 2340 2343 2346 
2349 2352 2355 2358 2361 2364 2367 2370 2373 
2376 2379 2382 2385 2388 2391 2394 2397 2400 
2403 2406 2409 2412 2415 2418 2421 2424 2427 
2430 2433 2436 2439 2442 2445 2448 2451 2454 
2457 2460 2463 2466 2469 2472 2475 2478 2481 
2484 2487 2490 2493 2496 2499 2502 2505 2508 
2511 2514 2517 2520 2523 2526 2529 2532 2535 
2538 2541 2544 2547 2550 2553 2556 2559 2562 
2565 2568 2571 2574 2577 2580 2583 2586 2589 
2592 2595 2598 2601 2604 2607 2610 2613 2616 
2619 2622 2625 2628 2631 2634 2637 2640 2643 
2646 2649 2652 2655 2658 2661 2664 2667 2670 
2673 2676 2679 2682 2685 2688 2691 2694 2697 
2700 2703 2706 2709 2712 2715 2718 2721 2724 
2727 2730 2733 2736 2739 2742 2745 2748 2751 
2754 2757 2760 2763 2766 2769 2772 2775 2778 
2781 2784 2787 2790 2793 2796 2799 2802 2805 
2808 2811 2814 2817 2820 2823 2826 2829 2832 
2835 2838 2841 2844 2847 2850 2853 2856 2859 
2862 2865 2868 2871 2874 2877 2880 2883 2886 
2889 2892 2895 2898 2901 2904 2907 2910 2913 
2916 2919 2922 2925 2928 2931 2934 2937 2940 
2943 2946 2949 2952 2955 2958 2961 2964 2967 
2970 2973 2976 2979 2982 2985 2988 2991 2994 
2997 3000 3003 3006 3009 3012 3015 3018 3021 
3024 3027 3030 3033 3036 3039 3042 3045 3048 
3051 3054 3057 3060 3063 3066 3069 3072 3075 
3078 3081 3084 3087 3090 3093 3096 3099 3102 
3105 3108 3111 3114 3117 3120 3123 3126 3129 
3132 3135 3138 3141 3144 3147 3150 3153 3156 
3159 3162 3165 3168 3171 3174 3177 3180 3183 
3186 3189 3192 3195 3198 3201 3204 3207 3210 
3213 3216 3219 3222 3225 3228 3231 3234 3237 
3240 3243 3246 3249 3252 3255 3258 3261 3264 
3267 3270 3273 3276 3279 3282 3285 3288 3291 
3294 3297 3300 3303 3306 3309 3312 3315 3318 
3321 3324 3327 3330 3333 3336 3339 3342 3345 
3348 3351 3354 3357 3360 3363 3366 3369 3372 
3375 3378 3381 3384 3387 3390 3393 3396 3399 
3402 3405 3408 3411 3414 3417 3420 3423 3426 
3429 3432 3435 3438 3441 3444 3447 3450 3453 
3456 3459 3462 3465 3468 3471 3474 3477 3480 
3483 3486 3489 3492 3495 3498 3501 3504 3507 
3510 3513 3516 3519 3522 3525 3528 3531 3534 
3537 3540 3543 3546 3549 3552 3555 3558 3561 
3564 3567 3570 3573 3576 3579 3582 3585 3588 
3591 3594 3597 3600 3603 3606 3609 3612 3615 
3618 3621 3624 3627 3630 3633 3636 3639 3642 
3645 3648 3651 3654 3657 3660 3663 3666 3669 
3672 3675 3678 3681 3684 3687 3690 3693 3696 
3699 3702 3705 3708 3711 3714 3717 3720 3723 
3726 3729 3732 3735 3738 3741 3744 3747 3750 
3753 3756 3759 3762 3765 3768 3771 3774 3777 
3780 3783 3786 3789 3792 3795 3798 3801 3804 
3807 3810 3813 3816 3819 3822 3825 3828 3831 
3834 3837 3840 3843 3846 3849 3852 3855 3858 
3861 3864 3867 3870 3873 3876 3879 3882 3885 
3888 3891 3894 3897 3900 3903 3906 3909 3912 
3915 3918 3921 3924 3927 3930 3933 3936 3939 
3942 3945 3948 3951 3954 3957 3960 3963 3966 
3969 3972 3975 3978 3981 3984 3987 3990 3993 
3996 3999 4002 4005 4008 4011 4014 4017 4020 
4023 4026 4029 4032 4035 4038 4041 4044 4047 
4050 4053 4056 4059 4062 4065 4068 4071 4074 
4077 4080 4083 4086 4089 4092 4095 4098 4101 
4104 4107 4110 4113 4116 4119 4122 4125 4128 
4131 4134 4137 4140 4143 4146 4149 4152 4155 
4158 4161 4164 4167 4170 4173 4176 4179 4182 
4185 4188 4191 4194 4197 4200 4203 4206 4209 
4212 4215 4218 4221 4224 4227 4230 4233 4236 
4239 4242 4245 4248 4251 4254 4257 4260 4263 
4266 4269 4272 4275 4278 4281 4284 4287 4290 
4293 4296 4299 4302 4305 4308 4311 4314 4317 
4320 4323 4326 4329 4332 4335 4338 4341 4344 
4347 4350 4353 4356 4359 4362 4365 4368 4371 
4374 4377 4380 4383 4386 4389 4392 4395 4398 
4401 4404 4407 4410 4413 4416 4419 4422 4425 
4428 4431 4434 4437 4440 4443 4446 4449 4452 
4455 4458 4461 4464 4467 4470 4473 4476 4479 
4482 4485 4488 4491 4494 4497 4500 4503 4506 
4509 4512 4515 4518 4521 4524 4527 4530 4533 
4536 4539 4542 4545 4548 4551 4554 4557 4560 
4563 4566 4569 4572 4575 4578 4581 4584 4587 
4590 4593 4596 4599 4602 4605 4608 4611 4614 
4617 4620 4623 4626 4629 4632 4635 4638 4641 
4644 4647 4650 4653 4656 4659 4662 4665 4668 
4671 4674 4677 4680 4683 4686 4689 4692 4695 
4698 4701 4704 4707 4710 4713 4716 4719 4722 
4725 4728 4731 4734 4737 4740 4743 4746 4749 
4752 4755 4758 4761 4764 4767 4770 4773 4776 
4779 4782 4785 4788 4791 4794 4797 4800 4803 
4806 4809 4812 4815 4818 4821 4824 4827 4830 
4833 4836 4839 4842 4845 4848 4851 4854 4857 
4860 4863 4866 4869 4872 4875 4878 4881 4884 
4887 4890 4893 4896 4899 4902 4905 4908 4911 
4914 4917 4920 4923 4926 4929 4932 4935 4938 
4941 4944 4947 4950 4953 4956 4959 4962 4965 
4968 4971 4974 4977 4980 4983 4986 4989 4992 
4995 4998 5001 5004 5007 5010 5013 5016 5019 
5022 5025 5028 5031 5034 5037 5040 5043 5046 
5049 5052 5055 5058 5061 5064 5067 5070 5073 
5076 5079 5082 5085 5088 5091 5094 5097 5100 
5103 5106 5109 5112 5115 5118 5121 5124 5127 
5130 5133 5136 5139 5142 5145 5148 5151 5154 
5157 5160 5163 5166 5169 5172 5175 5178 5181 
5184 5187 5190 5193 5196 5199 5202 5205 5208 
5211 5214 5217 5220 5223 5226 5229 5232 5235 
5238 5241 5244 5247 5250 5253 5256 5259 5262 
5265 5268 5271 5274 5277 5280 5283 5286 5289 
5292 5295 5298 5301 5304 5307 5310 5313 5316 
5319 5322 5325 5328 5331 5334 5337 5340 5343 
5346 5349 5352 5355 5358 5361 5364 5367 5370 
5373 5376 5379 5382 5385 5388 5391 5394 5397 
5400 5403 5406 5409 5412 5415 5418 5421 5424 
5427 5430 5433 5436 5439 5442 5445 5448 5451 
5454 5457 5460 5463 5466 5469 5472 5475 5478 
5481 5484 5487 5490 5493 5496 5499 5502 5505 
5508 5511 5514 5517 5520 5523 5526 5529 5532 
5535 5538 5541 5544 5547 5550 5553 5556 5559 
5562 5565 5568 5571 5574 5577 5580 5583 5586 
5589 5592 5595 5598 5601 5604 5607 5610 5613 
5616 5619 5622 5625 5628 5631 5634 5637 5640 
5643 5646 5649 5652 5655 5658 5661 5664 5667 
5670 5673 5676 5679 5682 5685 5688 5691 5694 
5697 5700 5703 5706 5709 5712 5715 5718 5721 
5724 5727 5730 5733 5736 5739 5742 5745 5748 
5751 5754 5757 5760 5763 5766 5769 5772 5775 
5778 5781 5784 5787 5790 5793 5796 5799 5802 
5805 5808 5811 5814 5817 5820 5823 5826 5829 
5832 5835 5838 5841 5844 5847 5850 5853 5856 
5859 5862 5865 5868 5871 5874 5877 5880 5883 
5886 5889 5892 5895 5898 5901 5904 5907 5910 
5913 5916 5919 5922 5925 5928 5931 5934 5937 
5940 5943 5946 5949 5952 5955 5958 5961 5964 
5967 5970 5973 5976 5979 5982 5985 5988 5991 
5994 5997 6000 6003 6006 6009 6012 6015 6018 
6021 6024 6027 6030 6033 6036 6039 6042 6045 
6048 6051 6054 6057 6060 6063 6066 6069 6072 
6075 6078 6081 6084 6087 6090 6093 6096 6099 
6102 6105 6108 6111 6114 6117 6120 6123 6126 
6129 6132 6135 6138 6141 6144 6147 6150 6153 
6156 6159 6162 6165 6168 6171 6174 6177 6180 
6183 6186 6189 6192 6195 6198 6201 6204 6207 
6210 6213 6216 6219 6222 6225 6228 6231 6234 
6237 6240 6243 6246 6249 6252 6255 6258 6261 
6264 6267 6270 6273 6276 6279 6282 6285 6288 
6291 6294 6297 6300 6303 6306 6309 6312 6315 
6318 6321 6324 6327 6330 6333 6336 6339 6342 
6345 6348 6351 6354 6357 6360 6363 6366 6369 
6372 6375 6378 6381 6384 6387 6390 6393 6396 
6399 6402 6405 6408 6411 6414 6417 6420 6423 
6426 6429 6432 6435 6438 6441 6444 6447 6450 
6453 6456 6459 6462 6465 6468 6471 6474 6477 
6480 6483 6486 6489 6492 6495 6498 6501 6504 
6507 6510 6513 6516 6519 6522 6525 6528 6531 
6534 6537 6540 6543 6546 6549 6552 6555 6558 
6561 6564 6567 6570 6573 6576 6579 6582 6585 
6588 6591 6594 6597 6600 6603 6606 6609 6612 
6615 6618 6621 6624 6627 6630 6633 6636 6639 
6642 6645 6648 6651 6654 6657 6660 6663 6666 
6669 6672 6675 6678 6681 6684 6687 6690 6693 
6696 6699 6702 6705 6708 6711 6714 6717 6720 
6723 6726 6729 6732 6735 6738 6741 6744 6747 
6750 6753 6756 6759 6762 6765 6768 6771 6774 
6777 6780 6783 6786 6789 6792 6795 6798 6801 
6804 6807 6810 6813 6816 6819 6822 6825 6828 
6831 6834 6837 6840 6843 6846 6849 6852 6855 
6858 6861 6864 6867 6870 6873 6876 6879 6882 
6885 6888 6891 6894 6897 6900 6903 6906 6909 
6912 6915 6918 6921 6924 6927 6930 6933 6936 
6939 6942 6945 6948 6951 6954 6957 6960 6963 
6966 6969 6972 6975 6978 6981 6984 6987 6990 
6993 6996 6999 7002 7005 7008 7011 7014 7017 
7020 7023 7026 7029 7032 7035 7038 7041 7044 
7047 7050 7053 7056 7059 7062 7065 7068 7071 
7074 7077 7080 7083 7086 7089 7092 7095 7098 
7101 7104 7107 7110 7113 7116 7119 7122 7125 
7128 7131 7134 7137 7140 7143 7146 7149 7152 
7155 7158 7161 7164 7167 7170 7173 7176 7179 
7182 7185 7188 7191 7194 7197 7200 7203 7206 
7209 7212 7215 7218 7221 7224 7227 7230 7233 
7236 7239 7242 7245 7248 7251 7254 7257 7260 
7263 7266 7269 7272 7275 7278 7281 7284 7287 
7290 7293 7296 7299 7302 7305 7308 7311 7314 
7317 7320 7323 7326 7329 7332 7335 7338 7341 
7344 7347 7350 7353 7356 7359 7362 7365 7368 
7371 7374 7377 7380 7383 7386 7389 7392 7395 
7398 7401 7404 7407 7410 7413 7416 7419 7422 
7425 7428 7431 7434 7437 7440 7443 7446 7449 
7452 7455 7458 7461 7464 7467 7470 7473 7476 
7479 7482 7485 7488 7491 7494 7497 7500 7503 
7506 7509 7512 7515 7518 7521 7524 7527 7530 
7533 7536 7539 7542 7545 7548 7551 7554 7557 
7560 7563 7566 7569 7572 7575 7578 7581 7584 
7587 7590 7593 7596 7599 7602 7605 7608 7611 
7614 7617 7620 7623 7626 7629 7632 7635 7638 
7641 7644 7647 7650 7653 7656 7659 7662 7665 
7668 7671 7674 7677 7680 7683 7686 7689 7692 
7695 7698 7701 7704 7707 7710 7713 7716 7719 
7722 7725 7728 7731 7734 7737 7740 7743 7746 
7749 7752 7755 7758 7761 7764 7767 7770 7773 
7776 7779 7782 7785 7788 7791 7794 7797 7800 
7803 7806 7809 7812 7815 7818 7821 7824 7827 
7830 7833 7836 7839 7842 7845 7848 7851 7854 
7857 7860 7863 7866 7869 7872 7875 7878 7881 
7884 7887 7890 7893 7896 7899 7902 7905 7908 
7911 7914 7917 7920 7923 7926 7929 7932 7935 
7938 7941 7944 7947 7950 7953 7956 7959 7962 
7965 7968 7971 7974 7977 7980 7983 7986 7989 
7992 7995 7998 8001 8004 8007 8010 8013 8016 
8019 8022 8025 8028 8031 8034 8037 8040 8043 
8046 8049 8052 8055 8058 8061 8064 8067 8070 
8073 8076 8079 8082 8085 8088 8091 8094 8097 
8100 8103 8106 8109 8112 8115 8118 8121 8124 
8127 8130 8133 8136 8139 8142 8145 8148 8151 
8154 8157 8160 8163 8166 8169 8172 8175 8178 
8181 8184 8187 8190 8193 8196 8199 8202 8205 
8208 8211 8214 8217 8220 8223 8226 8229 8232 
8235 8238 8241 8244 8247 8250 8253 8256 8259 
8262 8265 8268 8271 8274 8277 8280 8283 8286 
8289 8292 8295 8298 8301 8304 8307 8310 8313 
8316 8319 8322 8325 8328 8331 8334 8337 8340 
8343 8346 8349 8352 8355 8358 8361 8364 8367 
8370 8373 8376 8379 8382 8385 8388 8391 8394 
8397 8400 8403 8406 8409 8412 8415 8418 8421 
8424 8427 8430 8433 8436 8439 8442 8445 8448 
8451 8454 8457 8460 8463 8466 8469 8472 8475 
8478 8481 8484 8487 8490 8493 8496 8499 8502 
8505 8508 8511 8514 8517 8520 8523 8526 8529 
8532 8535 8538 8541 8544 8547 8550 8553 8556 
8559 8562 8565 8568 8571 8574 8577 8580 8583 
8586 8589 8592 8595 8598 8601 8604 8607 8610 
8613 8616 8619 8622 8625 8628 8631 8634 8637 
8640 8643 8646 8649 8652 8655 8658 8661 8664 
8667 8670 8673 8676 8679 8682 8685 8688 8691 
8694 8697 8700 8703 8706 8709 8712 8715 8718 
8721 8724 8727 8730 8733 8736 8739 8742 8745 
8748 8751 8754 8757 8760 8763 8766 8769 8772 
8775 8778 8781 8784 8787 8790 8793 8796 8799 
8802 8805 8808 8811 8814 8817 8820 8823 8826 
8829 8832 8835 8838 8841 8844 8847 8850 8853 
8856 8859 8862 8865 8868 8871 8874 8877 8880 
8883 8886 8889 8892 8895 8898 8901 8904 8907 
8910 8913 8916 8919 8922 8925 8928 8931 8934 
8937 8940 8943 8946 8949 8952 8955 8958 8961 
8964 8967 8970 8973 8976 8979 8982 8985 8988 
8991 8994 8997 9000 9003 9006 9009 9012 9015 
9018 9021 9024 9027 9030 9033 9036 9039 9042 
9045 9048 9051 9054 9057 9060 9063 9066 9069 
9072 9075 9078 9081 9084 9087 9090 9093 9096 
9099 9102 9105 9108 9111 9114 9117 9120 9123 
9126 9129 9132 9135 9138 9141 9144 9147 9150 
9153 9156 9159 9162 9165 9168 9171 9174 9177 
9180 9183 9186 9189 9192 9195 9198 9201 9204 
9207 9210 9213 9216 9219 9222 9225 9228 9231 
9234 9237 9240 9243 9246 9249 9252 9255 9258 
9261 9264 9267 9270 9273 9276 9279 9282 9285 
9288 9291 9294 9297 9300 9303 9306 9309 9312 
9315 9318 9321 9324 9327 9330 9333 9336 9339 
9342 9345 9348 9351 9354 9357 9360 9363 9366 
9369 9372 9375 9378 9381 9384 9387 9390 9393 
9396 9399 9402 9405 9408 9411 9414 9417 9420 
9423 9426 9429 9432 9435 9438 9441 9444 9447 
9450 9453 9456 9459 9462 9465 9468 9471 9474 
9477 9480 9483 9486 9489 9492 9495 9498 9501 
9504 9507 9510 9513 9516 9519 9522 9525 9528 
9531 9534 9537 9540 9543 9546 9549 9552 9555 
9558 9561 9564 9567 9570 9573 9576 9579 9582 
9585 9588 9591 9594 9597 9600 9603 9606 9609 
9612 9615 9618 9621 9624 9627 9630 9633 9636 
9639 9642 9645 9648 9651 9654 9657 9660 9663 
9666 9669 9672 9675 9678 9681 9684 9687 9690 
9693 9696 9699 9702 9705 9708 9711 9714 9717 
9720 9723 9726 9729 9732 9735 9738 9741 9744 
9747 9750 9753 9756 9759 9762 9765 9768 9771 
9774 9777 9780 9783 9786 9789 9792 9795 9798 
9801 9804 9807 9810 9813 9816 9819 9822 9825 
9828 9831 9834 9837 9840 9843 9846 9849 9852 
9855 9858 9861 9864 9867 9870 9873 9876 9879 
9882 9885 9888 9891 9894 9897 9900 9903 9906 
9909 9912 9915 9918 9921 9924 9927 9930 9933 
9936 9939 9942 9945 9948 9951 9954 9957 9960 
9963 9966 9969 9972 9975 9978 9981 9984 9987 
9990 9993 9996 9999 10002 10005 10008 10011 10014 
10017 10020 10023 10026 10029 10032 10035 10038 10041 
10044 10047 10050 10053 10056 10059 10062 10065 10068 
10071 10074 10077 10080 10083 10086 10089 10092 10095 
10098 10101 10104 10107 10110 10113 10116 10119 10122 
10125 10128 10131 10134 10137 10140 10143 10146 10149 
10152 10155 10158 10161 10164 10167 10170 10173 10176 
10179 10182 10185 10188 10191 10194 10197 10200 10203 
10206 10209 10212 10215 10218 10221 10224 10227 10230 
10233 10236 10239 10242 10245 10248 10251 10254 10257 
10260 10263 10266 10269 10272 10275 10278 10281 10284 
10287 10290 10293 10296 10299 10302 10305 10308 10311 
10314 10317 10320 10323 10326 10329 10332 10335 10338 
10341 10344 10347 10350 10353 10356 10359 10362 10365 
10368 10371 10374 10377 10380 10383 10386 10389 10392 
10395 10398 10401 10404 10407 10410 10413 10416 10419 
10422 10425 10428 10431 10434 10437 10440 10443 10446 
10449 10452 10455 10458 10461 10464 10467 10470 10473 
10476 10479 10482 10485 10488 10491 10494 10497 10500 
10503 10506 10509 10512 10515 10518 10521 10524 10527 
10530 10533 10536 10539 10542 10545 10548 10551 10554 
10557 10560 10563 10566 10569 10572 10575 10578 10581 
10584 10587 10590 10593 10596 10599 10602 10605 10608 
10611 10614 10617 10620 10623 10626 10629 10632 10635 
10638 10641 10644 10647 10650 10653 10656 10659 10662 
10665 10668 10671 10674 10677 10680 10683 10686 10689 
10692 10695 10698 10701 10704 10707 10710 10713 10716 
10719 10722 10725 10728 10731 10734 10737 10740 10743 
10746 10749 10752 10755 10758 10761 10764 10767 10770 
10773 10776 10779 10782 10785 10788 10791 10794 10797 
10800 10803 10806 10809 10812 10815 10818 10821 10824 
10827 10830 10833 10836 10839 10842 10845 10848 10851 
10854 10857 10860 10863 10866 10869 10872 10875 10878 
10881 10884 10887 10890 10893 10896 10899 10902 10905 
10908 10911 10914 10917 10920 10923 10926 10929 10932 
10935 10938 10941 10944 10947 10950 10953 10956 10959 
10962 10965 10968 10971 10974 10977 10980 10983 10986 
10989 10992 10995 10998 11001 11004 11007 11010 11013 
11016 11019 11022 11025 11028 11031 11034 11037 11040 
11043 11046 11049 11052 11055 11058 11061 11064 11067 
11070 11073 11076 11079 11082 11085 11088 11091 11094 
11097 11100 11103 11106 11109 11112 11115 11118 11121 
11124 11127 11130 11133 11136 11139 11142 11145 11148 
11151 11154 11157 11160 11163 11166 11169 11172 11175 
11178 11181 11184 11187 11190 11193 11196 11199 11202 
11205 11208 11211 11214 11217 11220 11223 11226 11229 
11232 11235 11238 11241 11244 11247 11250 11253 11256 
11259 11262 11265 11268 11271 11274 11277 11280 11283 
11286 11289 11292 11295 11298 11301 11304 11307 11310 
11313 11316 11319 11322 11325 11328 11331 11334 11337 
11340 11343 11346 11349 11352 11355 11358 11361 11364 
11367 11370 11373 11376 11379 11382 11385 11388 11391 
11394 11397 11400 11403 11406 11409 11412 11415 11418 
11421 11424 11427 11430 11433 11436 11439 11442 11445 
11448 11451 11454 11457 11460 11463 11466 11469 11472 
11475 11478 11481 11484 11487 11490 11493 11496 11499 
11502 11505 11508 11511 11514 11517 11520 11523 11526 
11529 11532 11535 11538 11541 11544 11547 11550 11553 
11556 11559 11562 11565 11568 11571 11574 11577 11580 
11583 11586 11589 11592 11595 11598 11601 11604 11607 
11610 11613 11616 11619 11622 11625 11628 11631 11634 
11637 11640 11643 11646 11649 11652 11655 11658 11661 
11664 11667 11670 11673 11676 11679 11682 11685 11688 
11691 11694 11697 11700 11703 11706 11709 11712 11715 
11718 11721 11724 11727 11730 11733 11736 11739 11742 
11745 11748 11751 11754 11757 11760 11763 11766 11769 
11772 11775 11778 11781 11784 11787 11790 11793 11796 
11799 11802 11805 11808 11811 11814 11817 11820 11823 
11826 11829 11832 11835 11838 11841 11844 11847 11850 
11853 11856 11859 11862 11865 11868 11871 11874 11877 
11880 11883 11886 11889 11892 11895 11898 11901 11904 
11907 11910 11913 11916 11919 11922 11925 11928 11931 
11934 11937 11940 11943 11946 11949 11952 11955 11958 
11961 11964 11967 11970 11973 11976 11979 11982 11985 
11988 11991 11994 11997 12000 12003 12006 12009 12012 
12015 12018 12021 12024 12027 12030 12033 12036 12039 
12042 12045 12048 12051 12054 12057 12060 12063 12066 
12069 12072 12075 12078 12081 12084 12087 12090 12093 
12096 12099 12102 12105 12108 12111 12114 12117 12120 
12123 12126 12129 12132 12135 12138 12141 12144 12147 
12150 12153 12156 12159 12162 12165 12168 12171 12174 
12177 12180 12183 12186 12189 12192 12195 12198 12201 
12204 12207 12210 12213 12216 12219 12222 12225 12228 
12231 12234 12237 12240 12243 12246 12249 12252 12255 
12258 12261 12264 12267 12270 12273 12276 12279 12282 
12285 12288 12291 12294 12297 12300 12303 12306 12309 
12312 12315 12318 12321 12324 12327 12330 12333 12336 
12339 12342 12345 12348 12351 12354 12357 12360 12363 
12366 12369 12372 12375 12378 12381 12384 12387 12390 
12393 12396 12399 12402 12405 12408 12411 12414 12417 
12420 12423 12426 12429 12432 12435 12438 12441 12444 
12447 12450 12453 12456 12459 12462 12465 12468 12471 
12474 12477 12480 12483 12486 12489 12492 12495 12498 
12501 12504 12507 12510 12513 12516 12519 12522 12525 
12528 12531 12534 12537 12540 12543 12546 12549 12552 
12555 12558 12561 12564 12567 12570 12573 12576 12579 
12582 12585 12588 12591 12594 12597 12600 12603 12606 
12609 12612 12615 12618 12621 12624 12627 12630 12633 
12636 12639 12642 12645 12648 12651 12654 12657 12660 
12663 12666 12669 12672 12675 12678 12681 12684 12687 
12690 12693 12696 12699 12702 12705 12708 12711 12714 
12717 12720 12723 12726 12729 12732 12735 12738 12741 
12744 12747 12750 12753 12756 12759 12762 12765 12768 
12771 12774 12777 12780 12783 12786 12789 12792 12795 
12798 12801 12804 12807 12810 12813 12816 12819 12822 
12825 12828 12831 12834 12837 12840 12843 12846 12849 
12852 12855 12858 12861 12864 12867 12870 12873 12876 
12879 12882 12885 12888 12891 12894 12897 12900 12903 
12906 12909 12912 12915 12918 12921 12924 12927 12930 
12933 12936 12939 12942 12945 12948 12951 12954 12957 
12960 12963 12966 12969 12972 12975 12978 12981 12984 
12987 12990 12993 12996 12999 13002 13005 13008 13011 
13014 13017 13020 13023 13026 13029 13032 13035 13038 
13041 13044 13047 13050 13053 13056 13059 13062 13065 
13068 13071 13074 13077 13080 13083 13086 13089 13092 
13095 13098 13101 13104 13107 13110 13113 13116 13119 
13122 13125 13128 13131 13134 13137 13140 13143 13146 
13149 13152 13155 13158 13161 13164 13167 13170 13173 
13176 13179 13182 13185 13188 13191 13194 13197 13200 
13203 13206 13209 13212 13215 13218 13221 13224 13227 
13230 13233 13236 13239 13242 13245 13248 13251 13254 
13257 13260 13263 13266 13269 13272 13275 13278 13281 
13284 13287 13290 13293 13296 13299 13302 13305 13308 
13311 13314 13317 13320 13323 13326 13329 13332 13335 
13338 13341 13344 13347 13350 13353 13356 13359 13362 
13365 13368 13371 13374 13377 13380 13383 13386 13389 
13392 13395 13398 13401 13404 13407 13410 13413 13416 
13419 13422 13425 13428 13431 13434 13437 13440 13443 
13446 13449 13452 13455 13458 13461 13464 13467 13470 
13473 13476 13479 13482 13485 13488 13491 13494 13497 
13500 13503 13506 13509 13512 13515 13518 13521 13524 
13527 13530 13533 13536 13539 13542 13545 13548 13551 
13554 13557 13560 13563 13566 13569 13572 13575 13578 
13581 13584 13587 13590 13593 13596 13599 13602 13605 
13608 13611 13614 13617 13620 13623 13626 13629 13632 
13635 13638 13641 13644 13647 13650 13653 13656 13659 
13662 13665 13668 13671 13674 13677 13680 13683 13686 
13689 13692 13695 13698 13701 13704 13707 13710 13713 
13716 13719 13722 13725 13728 13731 13734 13737 13740 
13743 13746 13749 13752 13755 13758 13761 13764 13767 
13770 13773 13776 13779 13782 13785 13788 13791 13794 
13797 13800 13803 13806 13809 13812 13815 13818 13821 
13824 13827 13830 13833 13836 13839 13842 13845 13848 
13851 13854 13857 13860 13863 13866 13869 13872 13875 
13878 13881 13884 13887 13890 13893 13896 13899 13902 
13905 13908 13911 13914 13917 13920 13923 13926 13929 
13932 13935 13938 13941 13944 13947 13950 13953 13956 
13959 13962 13965 13968 13971 13974 13977 13980 13983 
13986 13989 13992 13995 13998 14001 14004 14007 14010 
14013 14016 14019 14022 14025 14028 14031 14034 14037 
14040 14043 14046 14049 14052 14055 14058 14061 14064 
14067 14070 14073 14076 14079 14082 14085 14088 14091 
14094 14097 14100 14103 14106 14109 14112 14115 14118 
14121 14124 14127 14130 14133 14136 14139 14142 14145 
14148 14151 14154 14157 14160 14163 14166 14169 14172 
14175 14178 14181 14184 14187 14190 14193 14196 14199 
14202 14205 14208 14211 14214 14217 14220 14223 14226 
14229 14232 14235 14238 14241 14244 14247 14250 14253 
14256 14259 14262 14265 14268 14271 14274 14277 14280 
14283 14286 14289 14292 14295 14298 14301 14304 14307 
14310 14313 14316 14319 14322 14325 14328 14331 14334 
14337 14340 14343 14346 14349 14352 14355 14358 14361 
14364 14367 14370 14373 14376 14379 14382 14385 14388 
14391 14394 14397 14400 14403 14406 14409 14412 14415 
14418 14421 14424 14427 14430 14433 14436 14439 14442 
14445 14448 14451 14454 14457 14460 14463 14466 14469 
14472 14475 14478 14481 14484 14487 14490 14493 14496 
14499 14502 14505 14508 14511 14514 14517 14520 14523 
14526 14529 14532 14535 14538 14541 14544 14547 14550 
14553 14556 14559 14562 14565 14568 14571 14574 14577 
14580 14583 14586 14589 14592 14595 14598 14601 14604 
14607 14610 14613 14616 14619 14622 14625 14628 14631 
14634 14637 14640 14643 14646 14649 14652 14655 14658 
14661 14664 14667 14670 14673 14676 14679 14682 14685 
14688 14691 14694 14697 14700 14703 14706 14709 14712 
14715 14718 14721 14724 14727 14730 14733 14736 14739 
14742 14745 14748 14751 14754 14757 14760 14763 14766 
14769 14772 14775 14778 14781 14784 14787 14790 14793 
14796 14799 14802 14805 14808 14811 14814 14817 14820 
14823 14826 14829 14832 14835 14838 14841 14844 14847 
14850 14853 14856 14859 14862 14865 14868 14871 14874 
14877 14880 14883 14886 14889 14892 14895 14898 14901 
14904 14907 14910 14913 14916 14919 14922 14925 14928 
14931 14934 14937 14940 14943 14946 14949 14952 14955 
14958 14961 14964 14967 14970 14973 14976 14979 14982 
14985 14988 14991 14994 14997 15000 15003 15006 15009 
15012 15015 15018 15021 15024 15027 15030 15033 15036 
15039 15042 15045 15048 15051 15054 15057 15060 15063 
15066 15069 15072 15075 15078 15081 15084 15087 15090 
15093 15096 15099 15102 15105 15108 15111 15114 15117 
15120 15123 15126 15129 15132 15135 15138 15141 15144 
15147 15150 15153 15156 15159 15162 15165 15168 15171 
15174 15177 15180 15183 15186 15189 15192 15195 15198 
15201 15204 15207 15210 15213 15216 15219 15222 15225 
15228 15231 15234 15237 15240 15243 15246 15249 15252 
15255 15258 15261 15264 15267 15270 15273 15276 15279 
15282 15285 15288 15291 15294 15297 15300 15303 15306 
15309 15312 15315 15318 15321 15324 15327 15330 15333 
15336 15339 15342 15345 15348 15351 15354 15357 15360 
15363 15366 15369 15372 15375 15378 15381 15384 15387 
15390 15393 15396 15399 15402 15405 15408 15411 15414 
15417 15420 15423 15426 15429 15432 15435 15438 15441 
15444 15447 15450 15453 15456 15459 15462 15465 15468 
15471 15474 15477 15480 15483 15486 15489 15492 15495 
15498 15501 15504 15507 15510 15513 15516 15519 15522 
15525 15528 15531 15534 15537 15540 15543 15546 15549 
15552 15555 15558 15561 15564 15567 15570 15573 15576 
15579 15582 15585 15588 15591 15594 15597 15600 15603 
15606 15609 15612 15615 15618 15621 15624 15627 15630 
15633 15636 15639 15642 15645 15648 15651 15654 15657 
15660 15663 15666 15669 15672 15675 15678 15681 15684 
15687 15690 15693 15696 15699 15702 15705 15708 15711 
15714 15717 15720 15723 15726 15729 15732 15735 15738 
15741 15744 15747 15750 15753 15756 15759 15762 15765 
15768 15771 15774 15777 15780 15783 15786 15789 15792 
15795 15798 15801 15804 15807 15810 15813 15816 15819 
15822 15825 15828 15831 15834 15837 15840 15843 15846 
15849 15852 15855 15858 15861 15864 15867 15870 15873 
15876 15879 15882 15885 15888 15891 15894 15897 15900 
15903 15906 15909 15912 15915 15918 15921 15924 15927 
15930 15933 15936 15939 15942 15945 15948 15951 15954 
15957 15960 15963 15966 15969 15972 15975 15978 15981 
15984 15987 15990 15993 15996 15999 16002 16005 16008 
16011 16014 16017 16020 16023 16026 16029 16032 16035 
16038 16041 16044 16047 16050 16053 16056 16059 16062 
16065 16068 16071 16074 16077 16080 16083 16086 16089 
16092 16095 16098 16101 16104 16107 16110 16113 16116 
16119 16122 16125 16128 16131 16134 16137 16140 16143 
16146 16149 16152 16155 16158 16161 16164 16167 16170 
16173 16176 16179 16182 16185 16188 16191 16194 16197 
16200 16203 16206 16209 16212 16215 16218 16221 16224 
16227 16230 16233 16236 16239 16242 16245 16248 16251 
16254 16257 16260 16263 16266 16269 16272 16275 16278 
16281 16284 16287 16290 16293 16296 16299 16302 16305 
16308 16311 16314 16317 16320 16323 16326 16329 16332 
16335 16338 16341 16344 16347 16350 16353 16356 16359 
16362 16365 16368 16371 16374 16377 16380 16383 16386 
16389 16392 16395 16398 16401 16404 16407 16410 16413 
16416 16419 16422 16425 16428 16431 16434 16437 16440 
16443 16446 16449 16452 16455 16458 16461 16464 16467 
16470 16473 16476 16479 16482 16485 16488 16491 16494 
16497 16500 16503 16506 16509 16512 16515 16518 16521 
16524 16527 16530 16533 16536 16539 16542 16545 16548 
16551 16554 16557 16560 16563 16566 16569 16572 16575 
16578 16581 16584 16587 16590 16593 16596 16599 16602 
16605 16608 16611 16614 16617 16620 16623 16626 16629 
16632 16635 16638 16641 16644 16647 16650 16653 16656 
16659 16662 16665 16668 16671 16674 16677 16680 16683 
16686 16689 16692 16695 16698 16701 16704 16707 16710 
16713 16716 16719 16722 16725 16728 16731 16734 16737 
16740 16743 16746 16749 16752 16755 16758 16761 16764 
16767 16770 16773 16776 16779 16782 16785 16788 16791 
16794 16797 16800 16803 16806 16809 16812 16815 16818 
16821 16824 16827 16830 16833 16836 16839 16842 16845 
16848 16851 16854 16857 16860 16863 16866 16869 16872 
16875 16878 16881 16884 16887 16890 16893 16896 16899 
16902 16905 16908 16911 16914 16917 16920 16923 16926 
16929 16932 16935 16938 16941 16944 16947 16950 16953 
16956 16959 16962 16965 16968 16971 16974 16977 16980 
16983 16986 16989 16992 16995 16998 17001 17004 17007 
17010 17013 17016 17019 17022 17025 17028 17031 17034 
17037 17040 17043 17046 17049 17052 17055 17058 17061 
17064 17067 17070 17073 17076 17079 17082 17085 17088 
17091 17094 17097 17100 17103 17106 17109 17112 17115 
17118 17121 17124 17127 17130 17133 17136 17139 17142 
17145 17148 17151 17154 17157 17160 17163 17166 17169 
17172 17175 17178 17181 17184 17187 17190 17193 17196 
17199 17202 17205 17208 17211 17214 17217 17220 17223 
17226 17229 17232 17235 17238 17241 17244 17247 17250 
17253 17256 17259 17262 17265 17268 17271 17274 17277 
17280 17283 17286 17289 17292 17295 17298 17301 17304 
17307 17310 17313 17316 17319 17322 17325 17328 17331 
17334 17337 17340 17343 17346 17349 17352 17355 17358 
17361 17364 17367 17370 17373 17376 17379 17382 17385 
17388 17391 17394 17397 17400 17403 17406 17409 17412 
17415 17418 17421 17424 17427 17430 17433 17436 17439 
17442 17445 17448 17451 17454 17457 17460 17463 17466 
17469 17472 17475 17478 17481 17484 17487 17490 17493 
17496 17499 17502 17505 17508 17511 17514 17517 17520 
17523 17526 17529 17532 17535 17538 17541 17544 17547 
17550 17553 17556 17559 17562 17565 17568 17571 17574 
17577 17580 17583 17586 17589 17592 17595 17598 17601 
17604 17607 17610 17613 17616 17619 17622 17625 17628 
17631 17634 17637 17640 17643 17646 17649 17652 17655 
17658 17661 17664 17667 17670 17673 17676 17679 17682 
17685 17688 17691 17694 17697 17700 17703 17706 17709 
17712 17715 17718 17721 17724 17727 17730 17733 17736 
17739 17742 17745 17748 17751 17754 17757 17760 17763 
17766 17769 17772 17775 17778 17781 17784 17787 17790 
17793 17796 17799 17802 17805 17808 17811 17814 17817 
17820 17823 17826 17829 17832 17835 17838 17841 17844 
17847 17850 17853 17856 17859 17862 17865 17868 17871 
17874 17877 17880 17883 17886 17889 17892 17895 17898 
17901 17904 17907 17910 17913 17916 17919 17922 17925 
17928 17931 17934 17937 17940 17943 17946 17949 17952 
17955 17958 17961 17964 17967 17970 17973 17976 17979 
17982 17985 17988 17991 17994 17997 18000 18003 18006 
18009 18012 18015 18018 18021 18024 18027 18030 18033 
18036 18039 18042 18045 18048 18051 18054 18057 18060 
18063 18066 18069 18072 18075 18078 18081 18084 18087 
18090 18093 18096 18099 18102 18105 18108 18111 18114 
18117 18120 18123 18126 18129 18132 18135 18138 18141 
18144 18147 18150 18153 18156 18159 18162 18165 18168 
18171 18174 18177 18180 18183 18186 18189 18192 18195 
18198 18201 18204 18207 18210 18213 18216 18219 18222 
18225 18228 18231 18234 18237 18240 18243 18246 18249 
18252 18255 18258 18261 18264 18267 18270 18273 18276 
18279 18282 18285 18288 18291 18294 18297 18300 18303 
18306 18309 18312 18315 18318 18321 18324 18327 18330 
18333 18336 18339 18342 18345 18348 18351 18354 18357 
18360 18363 18366 18369 18372 18375 18378 18381 18384 
18387 18390 18393 18396 18399 18402 18405 18408 18411 
18414 18417 18420 18423 18426 18429 18432 18435 18438 
18441 18444 18447 18450 18453 18456 18459 18462 18465 
18468 18471 18474 18477 18480 18483 18486 18489 18492 
18495 18498 18501 18504 18507 18510 18513 18516 18519 
18522 18525 18528 18531 18534 18537 18540 18543 18546 
18549 18552 18555 18558 18561 18564 18567 18570 18573 
18576 18579 18582 18585 18588 18591 18594 18597 18600 
18603 18606 18609 18612 18615 18618 18621 18624 18627 
18630 18633 18636 18639 18642 18645 18648 18651 18654 
18657 18660 18663 18666 18669 18672 18675 18678 18681 
18684 18687 18690 18693 18696 18699 18702 18705 18708 
18711 18714 18717 18720 18723 18726 18729 18732 18735 
18738 18741 18744 18747 18750 18753 18756 18759 18762 
18765 18768 18771 18774 18777 18780 18783 18786 18789 
18792 18795 18798 18801 18804 18807 18810 18813 18816 
18819 18822 18825 18828 18831 18834 18837 18840 18843 
18846 18849 18852 18855 18858 18861 18864 18867 18870 
18873 18876 18879 18882 18885 18888 18891 18894 18897 
18900 18903 18906 18909 18912 18915 18918 18921 18924 
18927 18930 18933 18936 18939 18942 18945 18948 18951 
18954 18957 18960 18963 18966 18969 18972 18975 18978 
18981 18984 18987 18990 18993 18996 18999 19002 19005 
19008 19011 19014 19017 19020 19023 19026 19029 19032 
19035 19038 19041 19044 19047 19050 19053 19056 19059 
19062 19065 19068 19071 19074 19077 19080 19083 19086 
19089 19092 19095 19098 19101 19104 19107 19110 19113 
19116 19119 19122 19125 19128 19131 19134 19137 19140 
19143 19146 19149 19152 19155 19158 19161 19164 19167 
19170 19173 19176 19179 19182 19185 19188 19191 19194 
19197 19200 19203 19206 19209 19212 19215 19218 19221 
19224 19227 19230 19233 19236 19239 19242 19245 19248 
19251 19254 19257 19260 19263 19266 19269 19272 19275 
19278 19281 19284 19287 19290 19293 19296 19299 19302 
19305 19308 19311 19314 19317 19320 19323 19326 19329 
19332 19335 19338 19341 19344 19347 19350 19353 19356 
19359 19362 19365 19368 19371 19374 19377 19380 19383 
19386 19389 19392 19395 19398 19401 19404 19407 19410 
19413 19416 19419 19422 19425 19428 19431 19434 19437 
19440 19443 19446 19449 19452 19455 19458 19461 19464 
19467 19470 19473 19476 19479 19482 19485 19488 19491 
19494 19497 19500 19503 19506 19509 19512 19515 19518 
19521 19524 19527 19530 19533 19536 19539 19542 19545 
19548 19551 19554 19557 19560 19563 19566 19569 19572 
19575 19578 19581 19584 19587 19590 19593 19596 19599 
19602 19605 19608 19611 19614 19617 19620 19623 19626 
19629 19632 19635 19638 19641 19644 19647 19650 19653 
19656 19659 19662 19665 19668 19671 19674 19677 19680 
19683 19686 19689 19692 19695 19698 19701 19704 19707 
19710 19713 19716 19719 19722 19725 19728 19731 19734 
19737 19740 19743 19746 19749 19752 19755 19758 19761 
19764 19767 19770 19773 19776 19779 19782 19785 19788 
19791 19794 19797 19800 19803 19806 19809 19812 19815 
19818 19821 19824 19827 19830 19833 19836 19839 19842 
19845 19848 19851 19854 19857 19860 19863 19866 19869 
19872 19875 19878 19881 19884 19887 19890 19893 19896 
19899 19902 19905 19908 19911 19914 19917 19920 19923 
19926 19929 19932 19935 19938 19941 19944 19947 19950 
19953 19956 19959 19962 19965 19968 19971 19974 19977 
19980 19983 19986 19989 19992 19995 19998 20001 20004 
20007 20010 20013 20016 20019 20022 20025 20028 20031 
20034 20037 20040 20043 20046 20049 20052 20055 20058 
20061 20064 20067 20070 20073 20076 20079 20082 20085 
20088 20091 20094 20097 20100 20103 20106 20109 20112 
20115 20118 20121 20124 20127 20130 20133 20136 20139 
20142 20145 20148 20151 20154 20157 20160 20163 20166 
20169 20172 20175 20178 20181 20184 20187 20190 20193 
20196 20199 20202 20205 20208 20211 20214 20217 20220 
20223 20226 20229 20232 20235 20238 20241 20244 20247 
20250 20253 20256 20259 20262 20265 20268 20271 20274 
20277 20280 20283 20286 20289 20292 20295 20298 20301 
20304 20307 20310 20313 20316 20319 20322 20325 20328 
20331 20334 20337 20340 20343 20346 20349 20352 20355 
20358 20361 20364 20367 20370 20373 20376 20379 20382 
20385 20388 20391 20394 20397 20400 20403 20406 20409 
20412 20415 20418 20421 20424 20427 20430 20433 20436 
20439 20442 20445 20448 20451 20454 20457 20460 20463 
20466 20469 20472 20475 20478 20481 20484 20487 20490 
20493 20496 20499 20502 20505 20508 20511 20514 20517 
20520 20523 20526 20529 20532 20535 20538 20541 20544 
20547 20550 20553 20556 20559 20562 20565 20568 20571 
20574 20577 20580 20583 20586 20589 20592 20595 20598 
20601 20604 20607 20610 20613 20616 20619 20622 20625 
20628 20631 20634 20637 20640 20643 20646 20649 20652 
20655 20658 20661 20664 20667 20670 20673 20676 20679 
20682 20685 20688 20691 20694 20697 20700 20703 20706 
20709 20712 20715 20718 20721 20724 20727 20730 20733 
20736 20739 20742 20745 20748 20751 20754 20757 20760 
20763 20766 20769 20772 20775 20778 20781 20784 20787 
20790 20793 20796 20799 20802 20805 20808 20811 20814 
20817 20820 20823 20826 20829 20832 20835 20838 20841 
20844 20847 20850 20853 20856 20859 20862 20865 20868 
20871 20874 20877 20880 20883 20886 20889 20892 20895 
20898 20901 20904 20907 20910 20913 20916 20919 20922 
20925 20928 20931 20934 20937 20940 20943 20946 20949 
20952 20955 20958 20961 20964 20967 20970 20973 20976 
20979 20982 20985 20988 20991 20994 20997 21000 21003 
21006 21009 21012 21015 21018 21021 21024 21027 21030 
21033 21036 21039 21042 21045 21048 21051 21054 21057 
21060 21063 21066 21069 21072 21075 21078 21081 21084 
21087 21090 21093 21096 21099 21102 21105 21108 21111 
21114 21117 21120 21123 21126 21129 21132 21135 21138 
21141 21144 21147 21150 21153 21156 21159 21162 21165 
21168 21171 21174 21177 21180 21183 21186 21189 21192 
21195 21198 21201 21204 21207 21210 21213 21216 21219 
21222 21225 21228 21231 21234 21237 21240 21243 21246 
21249 21252 21255 21258 21261 21264 21267 21270 21273 
21276 21279 21282 21285 21288 21291 21294 21297 21300 
21303 21306 21309 21312 21315 21318 21321 21324 21327 
21330 21333 21336 21339 21342 21345 21348 21351 21354 
21357 21360 21363 21366 21369 21372 21375 21378 21381 
21384 21387 21390 21393 21396 21399 21402 21405 21408 
21411 21414 21417 21420 21423 21426 21429 21432 21435 
21438 21441 21444 21447 21450 21453 21456 21459 21462 
21465 21468 21471 21474 21477 21480 21483 21486 21489 
21492 21495 21498 21501 21504 21507 21510 21513 21516 
21519 21522 21525 21528 21531 21534 21537 21540 21543 
21546 21549 21552 21555 21558 21561 21564 21567 21570 
21573 21576 21579 21582 21585 21588 21591 21594 21597 
21600 21603 21606 21609 21612 21615 21618 21621 21624 
21627 21630 21633 21636 21639 21642 21645 21648 21651 
21654 21657 21660 21663 21666 21669 21672 21675 21678 
21681 21684 21687 21690 21693 21696 21699 21702 21705 
21708 21711 21714 21717 21720 21723 21726 21729 21732 
21735 21738 21741 21744 21747 21750 21753 21756 21759 
21762 21765 21768 21771 21774 21777 21780 21783 21786 
21789 21792 21795 21798 21801 21804 21807 21810 21813 
21816 21819 21822 21825 21828 21831 21834 21837 21840 
21843 21846 21849 21852 21855 21858 21861 21864 21867 
21870 21873 21876 21879 21882 21885 21888 21891 21894 
21897 21900 21903 21906 21909 21912 21915 21918 21921 
21924 21927 21930 21933 21936 21939 21942 21945 21948 
21951 21954 21957 21960 21963 21966 21969 21972 21975 
21978 21981 21984 21987 21990 21993 21996 21999 22002 
22005 22008 22011 22014 22017 22020 22023 22026 22029 
22032 22035 22038 22041 22044 22047 22050 22053 22056 
22059 22062 22065 22068 22071 22074 22077 22080 22083 
22086 22089 22092 22095 22098 22101 22104 22107 22110 
22113 22116 22119 22122 22125 22128 22131 22134 22137 
22140 22143 22146 22149 22152 22155 22158 22161 22164 
22167 22170 22173 22176 22179 22182 22185 22188 22191 
22194 22197 22200 22203 22206 22209 22212 22215 22218 
22221 22224 22227 22230 22233 22236 22239 22242 22245 
22248 22251 22254 22257 22260 22263 22266 22269 22272 
22275 22278 22281 22284 22287 22290 22293 22296 22299 
22302 22305 22308 22311 22314 22317 22320 22323 22326 
22329 22332 22335 22338 22341 22344 22347 22350 22353 
22356 22359 22362 22365 22368 22371 22374 22377 22380 
22383 22386 22389 22392 22395 22398 22401 22404 22407 
22410 22413 22416 22419 22422 22425 22428 22431 22434 
22437 22440 22443 22446 22449 22452 22455 22458 22461 
22464 22467 22470 22473 22476 22479 22482 22485 22488 
22491 22494 22497 22500 22503 22506 22509 22512 22515 
22518 22521 22524 
CONNECTIVITY vtktypeint64
0 1 2 1 0 3 4 5 6 
2 7 0 5 4 8 3 0 7 
4 6 9 8 4 9 10 11 12 
11 10 13 14 10 12 15 14 12 
16 13 10 16 10 17 17 10 14 
16 17 18 14 15 19 17 14 19 
20 17 19 18 17 20 21 22 23 
21 24 25 22 21 25 24 26 27 
25 24 27 27 26 28 29 30 31 
23 30 29 23 29 21 21 29 32 
24 21 33 33 21 32 26 24 34 
34 24 33 35 28 26 34 35 26 
36 37 38 36 39 40 37 36 40 
39 41 42 40 39 42 41 43 44 
42 41 44 43 45 46 44 43 46 
31 46 45 31 45 29 29 45 47 
32 29 48 48 29 47 49 50 33 
49 33 48 48 33 32 34 33 50 
51 34 50 35 34 51 52 53 54 
52 55 56 53 52 56 55 57 58 
56 55 58 38 58 57 38 57 36 
36 57 59 39 36 60 60 36 59 
41 39 61 61 39 60 43 41 62 
62 41 61 63 64 45 63 45 62 
62 45 43 47 45 64 65 47 64 
48 47 65 66 48 65 49 48 66 
67 68 69 67 70 71 68 67 71 
70 72 73 71 70 73 72 74 75 
73 72 75 74 76 77 75 74 77 
76 78 79 77 76 79 78 80 81 
79 78 81 54 81 80 54 80 52 
52 80 82 55 52 83 83 52 82 
57 55 84 84 55 83 1 84 2 
1 59 84 59 57 84 3 59 1 
3 85 59 85 60 59 61 60 86 
86 60 85 87 88 62 87 62 86 
86 62 61 63 62 88 89 67 69 
90 89 69 70 67 91 91 67 89 
72 70 92 92 70 91 74 72 93 
93 72 92 76 74 94 94 74 93 
78 76 95 95 76 94 80 78 96 
96 78 95 82 80 97 97 80 96 
83 82 98 98 82 97 5 98 6 
5 84 98 84 83 98 8 84 5 
8 99 84 2 84 7 7 84 99 
7 99 100 3 7 100 3 100 101 
3 101 85 86 85 101 102 86 101 
87 86 102 103 89 90 104 103 90 
91 89 105 105 89 103 92 91 106 
106 91 105 93 92 107 107 92 106 
94 93 108 108 93 107 95 94 109 
109 94 108 96 95 110 110 95 109 
97 96 111 111 96 110 98 97 112 
112 97 111 6 113 9 6 98 113 
98 112 113 9 113 114 8 9 114 
8 114 115 8 115 99 100 99 115 
116 117 118 104 117 116 103 104 116 
103 116 12 103 12 11 13 103 11 
13 119 103 119 105 103 106 105 120 
120 105 119 107 106 121 121 106 120 
108 107 122 122 107 121 109 108 123 
123 108 122 110 109 124 124 109 123 
111 110 125 125 110 124 126 127 112 
126 112 125 125 112 111 113 112 127 
128 113 127 114 113 128 129 116 118 
130 129 118 12 129 15 116 129 12 
13 16 119 18 119 16 18 131 119 
131 120 119 132 133 121 132 121 131 
131 121 120 122 121 133 134 122 133 
123 122 134 135 123 134 124 123 135 
136 124 135 125 124 136 137 125 136 
126 125 137 129 130 138 15 129 138 
15 138 19 19 138 139 20 19 140 
19 139 140 131 18 20 131 20 141 
141 20 140 132 131 141 142 143 144 
142 145 146 143 142 146 146 145 147 
148 149 150 148 151 152 149 148 152 
144 152 151 144 151 142 142 151 153 
145 142 154 154 142 153 155 147 145 
154 155 145 156 157 158 156 159 160 
157 156 160 150 160 159 150 159 148 
148 159 161 151 148 162 162 148 161 
153 151 163 163 151 162 154 153 164 
164 153 163 165 155 154 164 165 154 
166 167 168 166 169 170 167 166 170 
169 171 172 170 169 172 158 172 171 
158 171 156 156 171 173 159 156 174 
174 156 173 161 159 175 175 159 174 
22 175 23 22 162 175 162 161 175 
25 162 22 163 162 25 27 163 25 
164 163 27 164 27 28 164 28 165 
165 28 176 177 178 179 177 180 181 
178 177 181 168 181 180 168 180 166 
166 180 182 169 166 183 183 166 182 
171 169 184 184 169 183 173 171 185 
185 171 184 174 173 186 186 173 185 
30 186 31 30 175 186 175 174 186 
23 175 30 28 35 176 176 35 187 
188 189 190 188 191 192 189 188 192 
191 193 194 192 191 194 193 195 196 
194 193 196 195 197 198 196 195 198 
197 199 200 198 197 200 199 201 202 
200 199 202 201 203 204 202 201 204 
203 205 206 204 203 206 179 206 205 
179 205 177 177 205 207 180 177 208 
208 177 207 37 208 38 37 182 208 
182 180 208 40 182 37 183 182 40 
42 183 40 184 183 42 44 184 42 
185 184 44 46 185 44 186 185 46 
31 186 46 50 49 209 210 50 209 
210 211 50 211 51 50 187 35 51 
211 187 51 188 190 212 212 213 214 
212 214 188 188 214 191 193 191 215 
215 191 214 195 193 216 216 193 215 
197 195 217 217 195 216 199 197 218 
218 197 217 201 199 219 219 199 218 
203 201 220 220 201 219 53 220 54 
53 205 220 205 203 220 56 205 53 
207 205 56 58 207 56 208 207 58 
38 208 58 64 63 221 64 222 65 
221 222 64 223 65 222 223 224 65 
224 66 65 209 49 66 209 66 225 
225 66 224 210 209 225 226 227 228 
213 227 226 214 213 226 214 226 69 
214 69 68 71 214 68 215 214 71 
73 215 71 216 215 73 75 216 73 
217 216 75 77 217 75 218 217 77 
79 218 77 219 218 79 81 219 79 
220 219 81 54 220 81 88 229 230 
87 229 88 221 63 88 221 88 231 
231 88 230 222 221 231 232 222 231 
223 222 232 233 226 228 234 233 228 
69 233 90 226 233 69 101 100 235 
236 101 235 236 237 101 237 102 101 
229 87 102 237 229 102 238 239 240 
234 239 238 234 238 233 233 238 241 
90 241 104 233 241 90 115 114 242 
115 242 243 100 115 243 100 243 244 
100 244 235 236 235 244 245 238 240 
246 245 240 117 245 118 117 241 245 
241 238 245 104 241 117 127 126 247 
248 127 247 248 249 127 249 128 127 
242 114 128 242 128 250 250 128 249 
243 242 250 251 252 253 246 252 251 
246 251 245 245 251 254 118 254 130 
245 254 118 133 132 255 133 256 134 
255 256 133 134 257 135 256 257 134 
135 258 136 257 258 135 259 136 258 
259 260 136 260 137 136 247 126 137 
247 137 261 261 137 260 248 247 261 
251 253 262 254 251 262 263 254 262 
130 254 263 130 263 138 138 263 264 
139 138 265 138 264 265 140 139 266 
139 265 266 141 140 267 140 266 267 
255 132 141 255 141 268 268 141 267 
256 255 268 269 256 268 257 256 269 
270 257 269 258 257 270 271 258 270 
259 258 271 272 273 274 272 275 276 
273 272 276 275 277 278 276 275 278 
278 277 279 280 281 282 280 283 284 
281 280 284 274 284 283 274 283 272 
272 283 285 143 285 144 143 275 285 
275 272 285 146 275 143 277 275 146 
277 146 147 277 147 279 279 147 286 
287 288 289 287 290 291 288 287 291 
282 291 290 282 290 280 280 290 292 
149 292 150 149 283 292 283 280 292 
152 283 149 285 283 152 144 285 152 
147 155 286 286 155 293 294 295 296 
294 297 298 295 294 298 289 298 297 
289 297 287 287 297 299 157 299 158 
157 290 299 290 287 299 160 290 157 
292 290 160 150 292 160 155 165 293 
293 165 300 301 302 303 301 304 305 
302 301 305 296 305 304 294 296 304 
294 304 168 294 168 167 170 294 167 
297 294 170 172 297 170 299 297 172 
158 299 172 165 176 300 300 176 306 
307 308 309 307 310 311 308 307 311 
310 312 313 311 310 313 312 314 315 
313 312 315 314 316 317 315 314 317 
316 318 319 317 316 319 318 320 321 
319 318 321 320 322 323 321 320 323 
303 323 322 301 303 322 301 322 179 
301 179 178 181 301 178 304 301 181 
168 304 181 176 187 306 306 187 324 
189 325 190 307 309 326 307 326 189 
307 189 192 325 189 326 194 307 192 
310 307 194 196 310 194 312 310 196 
198 312 196 314 312 198 200 314 198 
316 314 200 202 316 200 318 316 202 
204 318 202 320 318 204 206 320 204 
322 320 206 179 322 206 327 328 329 
327 211 210 327 329 211 329 330 211 
324 187 211 330 324 211 325 212 190 
331 332 333 333 326 331 333 213 326 
325 326 212 212 326 213 224 334 335 
223 334 224 328 327 225 328 225 335 
335 225 224 210 225 327 336 337 338 
332 337 336 333 332 336 333 336 228 
333 228 227 213 333 227 230 339 340 
229 339 230 231 230 341 230 340 341 
232 231 342 231 341 342 334 223 232 
342 334 232 343 344 345 338 344 343 
338 343 336 336 343 346 228 346 234 
336 346 228 237 347 348 236 347 237 
339 229 237 348 339 237 349 343 345 
350 349 345 239 349 240 239 346 349 
346 343 349 234 346 239 244 351 352 
243 351 244 347 236 244 352 347 244 
353 349 350 354 353 350 240 353 246 
349 353 240 249 355 356 248 355 249 
250 249 357 249 356 357 351 243 250 
357 351 250 358 359 360 354 359 358 
353 354 358 353 358 253 353 253 252 
246 353 252 260 361 362 259 361 260 
261 260 363 260 362 363 355 248 261 
363 355 261 358 360 364 253 358 364 
253 364 262 262 364 365 263 262 366 
262 365 366 264 263 367 263 366 367 
265 264 368 264 367 368 266 265 369 
265 368 369 267 266 370 266 369 370 
268 267 371 267 370 371 269 268 372 
268 371 372 270 269 373 269 372 373 
271 270 374 270 373 374 361 259 271 
374 361 271 375 376 377 376 375 378 
379 375 377 380 379 377 381 378 375 
381 375 382 382 375 379 381 382 383 
384 385 386 380 385 384 379 380 384 
379 384 274 379 274 273 276 379 273 
382 379 276 382 387 383 382 276 387 
276 278 387 387 278 279 388 387 279 
389 390 391 389 282 281 389 281 390 
390 281 392 386 284 384 386 392 284 
392 281 284 274 384 284 279 286 388 
388 286 393 394 395 396 394 289 288 
394 288 395 395 288 397 391 291 389 
391 397 291 397 288 291 282 389 291 
286 293 393 393 293 398 399 400 401 
399 296 295 399 295 400 400 295 402 
396 298 394 396 402 298 402 295 298 
289 394 298 293 300 398 398 300 403 
404 405 406 404 407 408 405 404 408 
407 409 410 408 407 410 409 411 412 
410 409 412 411 413 414 412 411 414 
413 415 416 414 413 416 415 417 418 
416 415 418 417 303 302 417 302 418 
418 302 419 401 305 399 401 419 305 
419 302 305 296 399 305 420 421 422 
420 422 403 420 403 306 306 403 300 
308 423 424 309 308 424 406 311 404 
406 423 311 423 308 311 313 404 311 
407 404 313 315 407 313 409 407 315 
317 409 315 411 409 317 319 411 317 
413 411 319 321 413 319 415 413 321 
323 415 321 417 415 323 303 417 323 
425 421 420 426 421 425 306 324 425 
420 306 425 427 428 429 427 424 428 
427 326 424 326 309 424 329 430 431 
328 430 329 426 425 330 426 330 431 
431 330 329 324 330 425 432 433 434 
432 435 436 433 432 436 429 436 435 
427 429 435 427 435 332 427 332 331 
326 427 331 335 437 438 334 437 335 
430 328 335 438 430 335 439 432 434 
440 439 434 337 439 338 337 435 439 
435 432 439 332 435 337 340 441 442 
339 441 340 341 340 443 340 442 443 
342 341 444 341 443 444 437 334 342 
444 437 342 445 446 447 440 446 445 
439 440 445 439 445 345 439 345 344 
338 439 344 348 448 449 347 448 348 
441 339 348 449 441 348 450 445 447 
451 450 447 345 450 350 445 450 345 
352 452 453 351 452 352 448 347 352 
453 448 352 454 450 451 455 454 451 
350 454 354 450 454 350 456 457 458 
456 356 355 456 458 356 458 459 356 
357 356 460 356 459 460 452 351 357 
460 452 357 359 454 455 359 455 360 
360 455 461 354 454 359 362 462 463 
361 462 362 457 456 363 457 363 463 
463 363 362 355 363 456 360 461 464 
364 360 464 365 364 465 364 464 465 
366 365 466 365 465 466 367 366 467 
366 466 467 368 367 468 367 467 468 
369 368 469 368 468 469 370 369 470 
369 469 470 371 370 471 370 470 471 
372 371 472 371 471 472 373 372 473 
372 472 473 374 373 474 373 473 474 
462 361 374 474 462 374 475 476 477 
478 377 376 479 476 475 376 378 478 
480 475 477 481 480 477 377 482 380 
377 478 482 380 482 480 479 475 482 
480 482 475 378 482 478 378 381 482 
381 483 482 483 381 383 484 483 383 
485 486 487 485 488 489 486 485 489 
481 489 488 480 481 488 480 488 386 
480 386 385 380 480 385 383 490 484 
387 490 383 490 387 388 491 490 388 
492 493 494 487 493 492 485 487 492 
485 492 391 485 391 390 392 485 390 
488 485 392 386 488 392 388 393 491 
491 393 495 496 497 498 496 396 395 
496 395 497 497 395 499 494 397 492 
494 499 397 499 395 397 391 492 397 
393 398 495 495 398 500 501 502 503 
502 501 504 505 506 507 505 508 509 
506 505 509 508 510 511 509 508 511 
510 512 513 511 510 513 512 401 400 
512 400 513 513 400 514 498 402 496 
498 514 402 514 400 402 396 496 402 
515 516 517 515 517 500 515 500 403 
403 500 398 405 518 406 519 518 405 
519 405 520 520 405 408 503 410 501 
503 520 410 520 408 410 501 521 504 
501 410 521 410 412 521 507 414 505 
507 521 414 521 412 414 416 505 414 
508 505 416 418 508 416 510 508 418 
419 510 418 512 510 419 401 512 419 
422 516 515 422 421 516 421 522 516 
403 422 515 523 524 525 523 424 423 
523 423 524 524 423 526 518 423 406 
518 527 423 527 526 423 519 527 518 
528 529 530 528 530 522 528 522 426 
426 522 421 531 532 533 531 534 535 
532 531 535 525 535 534 523 525 534 
523 534 429 523 429 428 424 523 428 
536 537 538 529 536 538 528 536 529 
528 430 536 528 431 430 426 431 528 
539 540 541 533 540 539 531 533 539 
531 539 434 531 434 433 436 531 433 
534 531 436 429 534 436 542 543 544 
537 542 544 536 542 537 536 437 542 
536 438 437 430 438 536 545 539 541 
546 545 541 434 545 440 539 545 434 
442 547 548 441 547 442 443 442 549 
442 548 549 543 542 444 543 444 549 
549 444 443 437 444 542 446 545 546 
446 546 447 447 546 550 440 545 446 
449 551 552 448 551 449 547 441 449 
552 547 449 553 554 555 553 550 554 
553 451 550 451 447 550 453 556 557 
452 556 453 551 448 453 557 551 453 
558 553 555 559 558 555 451 558 455 
553 558 451 458 560 561 457 560 458 
459 458 562 458 561 562 460 459 563 
459 562 563 556 452 460 563 556 460 
558 559 564 564 455 558 564 565 455 
565 461 455 566 567 568 566 463 462 
566 568 463 568 569 463 560 457 463 
569 560 463 461 565 570 464 461 570 
465 464 571 464 570 571 466 465 572 
465 571 572 467 466 573 466 572 573 
468 467 574 467 573 574 469 468 575 
468 574 575 470 469 576 469 575 576 
471 470 577 470 576 577 472 471 578 
471 577 578 473 472 579 472 578 579 
567 566 474 567 474 579 579 474 473 
462 474 566 580 581 582 580 477 476 
580 476 581 581 476 583 583 476 479 
584 583 479 585 586 587 582 586 585 
582 585 580 580 585 588 477 588 481 
580 588 477 589 479 482 589 590 479 
590 584 479 482 483 591 589 482 591 
483 484 591 592 593 594 587 593 592 
585 587 592 585 592 487 585 487 486 
489 585 486 588 585 489 481 588 489 
589 595 590 591 595 589 596 595 591 
597 598 596 490 597 596 490 596 591 
490 591 484 490 491 597 599 600 601 
594 600 599 592 594 599 592 599 494 
592 494 493 487 592 493 602 598 597 
603 598 602 491 495 602 597 491 602 
604 605 606 604 607 608 605 604 608 
607 609 610 608 607 610 609 498 497 
609 497 610 610 497 611 601 499 599 
601 611 499 611 497 499 494 599 499 
612 603 602 613 603 612 495 500 612 
602 495 612 502 614 503 502 504 614 
506 615 507 616 615 506 616 506 617 
617 506 509 606 511 604 606 617 511 
617 509 511 513 604 511 607 604 513 
514 607 513 609 607 514 498 609 514 
517 613 612 517 516 613 516 618 613 
500 517 612 619 620 621 619 622 623 
620 619 623 622 519 520 622 520 623 
623 520 624 614 520 503 614 625 520 
625 624 520 504 625 614 504 521 625 
521 626 625 615 521 507 615 627 521 
627 626 521 616 627 615 628 629 630 
628 630 618 628 618 522 522 618 516 
631 632 633 631 634 635 632 631 635 
634 525 524 634 524 635 635 524 636 
621 526 619 621 636 526 636 524 526 
527 619 526 622 619 527 519 622 527 
530 629 628 530 529 629 529 637 629 
522 530 628 638 639 640 633 639 638 
631 633 638 631 638 533 631 533 532 
535 631 532 634 631 535 525 634 535 
641 642 643 641 538 537 641 643 538 
643 644 538 637 529 538 644 637 538 
540 638 640 540 640 541 541 640 645 
533 638 540 544 642 641 544 543 642 
543 646 642 537 544 641 647 648 649 
647 645 648 647 546 645 546 541 645 
548 650 651 547 650 548 549 548 652 
548 651 652 646 543 549 652 646 549 
653 647 649 654 653 649 546 653 550 
647 653 546 552 655 656 551 655 552 
650 547 552 656 650 552 657 658 659 
654 658 657 653 654 657 653 657 555 
653 555 554 550 653 554 660 661 662 
660 557 556 660 662 557 662 663 557 
655 551 557 663 655 557 657 659 664 
664 555 657 664 665 555 665 559 555 
561 666 667 560 666 561 562 561 668 
561 667 668 661 660 563 661 563 668 
668 563 562 556 563 660 559 665 669 
564 559 669 565 670 671 565 564 670 
564 669 670 670 672 671 673 674 675 
673 568 567 673 675 568 675 676 568 
569 568 677 568 676 677 666 560 569 
677 666 569 565 671 570 671 672 678 
671 678 570 570 678 571 572 571 679 
571 678 679 573 572 680 572 679 680 
574 573 681 573 680 681 575 574 682 
574 681 682 576 575 683 575 682 683 
577 576 684 576 683 684 578 577 685 
577 684 685 674 673 579 674 579 685 
685 579 578 567 579 673 686 687 688 
686 689 690 687 686 690 689 582 581 
689 581 690 690 581 691 692 693 691 
692 691 583 583 691 581 583 584 692 
694 686 688 695 694 688 586 694 587 
586 689 694 689 686 694 582 689 586 
696 693 692 697 693 696 584 590 696 
692 584 696 698 699 700 695 699 698 
694 695 698 694 698 594 694 594 593 
587 694 593 696 701 697 702 703 701 
595 702 701 595 701 696 595 696 590 
595 596 704 702 595 704 596 598 704 
705 706 707 705 708 709 706 705 709 
708 710 711 709 708 711 710 712 713 
711 710 713 700 713 712 698 700 712 
698 712 601 698 601 600 594 698 600 
702 714 703 714 715 716 714 702 715 
702 704 715 598 603 715 704 598 715 
717 718 719 707 718 717 705 707 717 
705 717 606 705 606 605 608 705 605 
708 705 608 610 708 608 710 708 610 
611 710 610 712 710 611 601 712 611 
720 716 715 721 716 720 603 613 720 
715 603 720 722 723 724 723 722 725 
726 727 728 719 727 726 717 719 726 
717 726 616 717 616 617 606 717 617 
729 721 720 730 721 729 613 618 729 
720 613 729 722 724 731 725 722 731 
732 733 734 732 735 736 733 732 736 
735 737 738 736 735 738 737 621 620 
737 620 738 738 620 739 623 740 620 
620 740 739 624 741 623 623 741 740 
625 742 624 624 742 741 626 743 625 
625 743 742 728 627 726 728 743 627 
743 626 627 616 726 627 744 745 746 
730 744 746 729 744 730 729 629 744 
729 630 629 618 630 729 747 748 749 
734 748 747 732 734 747 732 747 633 
732 633 632 635 732 632 735 732 635 
636 735 635 737 735 636 621 737 636 
750 751 752 745 750 752 745 744 750 
744 753 750 629 637 753 744 629 753 
754 755 756 749 755 754 747 749 754 
747 754 640 747 640 639 633 747 639 
757 758 759 751 757 759 750 757 751 
750 642 757 750 643 642 644 643 750 
753 644 750 637 644 753 760 754 756 
761 760 756 640 760 645 754 760 640 
762 758 757 763 758 762 642 646 762 
757 642 762 764 765 766 761 765 764 
760 761 764 760 764 649 760 649 648 
645 760 648 767 768 769 767 651 650 
767 769 651 769 770 651 763 762 652 
763 652 770 770 652 651 646 652 762 
771 764 766 772 771 766 649 771 654 
764 771 649 773 774 775 768 773 775 
767 773 768 767 655 773 767 656 655 
650 656 767 658 771 772 658 772 659 
659 772 776 654 771 658 662 777 778 
661 777 662 774 773 663 774 663 778 
778 663 662 655 663 773 659 776 779 
664 659 779 665 780 781 665 664 780 
664 779 780 780 782 781 783 784 785 
783 667 666 783 785 667 785 786 667 
668 667 787 667 786 787 777 661 668 
787 777 668 665 781 669 781 782 788 
781 788 669 669 788 670 672 789 790 
672 670 789 670 788 789 790 791 792 
789 791 790 791 793 792 794 795 796 
794 797 798 796 797 794 798 675 674 
798 797 675 797 799 675 676 675 800 
675 799 800 784 783 677 784 677 800 
800 677 676 666 677 783 672 790 678 
679 678 790 792 679 790 792 793 801 
792 801 679 679 801 680 681 680 802 
680 801 802 682 681 803 681 802 803 
683 682 804 682 803 804 795 794 684 
795 684 804 804 684 683 685 684 794 
798 685 794 674 685 798 805 806 807 
805 688 687 805 687 806 806 687 808 
690 809 687 687 809 808 810 811 809 
810 809 691 691 809 690 691 693 810 
812 805 807 813 812 807 688 812 695 
805 812 688 810 814 811 814 810 693 
814 693 815 815 693 697 816 817 818 
816 819 820 817 816 820 819 821 822 
820 819 822 813 822 821 812 813 821 
812 821 700 812 700 699 695 812 699 
823 697 701 823 824 697 824 815 697 
701 703 823 825 826 827 826 825 828 
706 829 830 707 706 830 818 709 816 
818 829 709 829 706 709 711 816 709 
819 816 711 713 819 711 821 819 713 
700 821 713 823 831 824 832 833 831 
714 832 831 714 831 823 714 823 703 
714 716 832 834 835 836 835 834 837 
825 827 838 828 825 838 718 839 840 
719 718 840 830 718 707 839 718 830 
832 841 833 841 832 716 841 716 842 
842 716 721 843 844 845 843 724 723 
843 723 844 844 723 846 725 847 834 
725 834 846 725 846 723 846 834 836 
848 837 834 848 834 849 849 834 847 
849 850 851 848 849 851 850 852 853 
851 850 853 852 854 855 853 852 855 
854 856 857 855 854 857 856 858 859 
857 856 859 858 860 861 859 858 861 
860 862 863 861 860 863 862 728 727 
862 727 863 863 727 864 840 727 719 
864 727 840 721 730 842 842 730 865 
843 845 866 867 866 868 731 866 867 
731 843 866 731 724 843 731 847 725 
731 867 847 867 869 847 733 869 734 
733 849 869 849 847 869 736 849 733 
850 849 736 738 850 736 852 850 738 
739 852 738 854 852 739 740 854 739 
856 854 740 741 856 740 858 856 741 
742 858 741 860 858 742 743 860 742 
862 860 743 728 862 743 746 870 871 
745 870 746 865 730 746 871 865 746 
872 867 868 873 872 868 748 872 749 
748 869 872 869 867 872 734 869 748 
752 874 875 751 874 752 870 745 752 
875 870 752 876 877 878 873 877 876 
872 873 876 872 876 756 872 756 755 
749 872 755 759 879 880 758 879 759 
874 751 759 880 874 759 881 876 878 
882 881 878 756 881 761 876 881 756 
883 884 885 883 885 879 883 879 763 
763 879 758 886 887 888 882 887 886 
881 882 886 881 886 766 881 766 765 
761 881 765 769 889 890 768 889 769 
884 883 770 884 770 890 890 770 769 
763 770 883 886 888 891 891 766 886 
891 892 766 892 772 766 775 893 894 
774 893 775 889 768 775 894 889 775 
895 896 776 895 776 892 892 776 772 
895 897 896 778 898 899 777 898 778 
893 774 778 899 893 778 776 896 779 
896 897 900 896 900 779 779 900 780 
900 782 780 901 782 900 902 903 904 
902 785 784 902 904 785 904 905 785 
786 785 906 785 905 906 787 786 907 
786 906 907 898 777 787 907 898 787 
782 901 908 788 782 908 789 788 909 
788 908 909 791 789 910 789 909 910 
793 911 912 793 791 911 791 910 911 
912 913 914 911 913 912 913 915 914 
916 917 918 916 796 795 916 918 796 
918 919 796 797 796 920 796 919 920 
799 797 921 797 920 921 903 902 800 
903 800 921 921 800 799 784 800 902 
793 912 801 802 801 912 914 802 912 
914 915 922 914 922 802 802 922 803 
917 916 804 917 804 922 922 804 803 
795 804 916 923 924 925 923 807 806 
923 806 924 924 806 926 808 927 806 
806 927 926 928 929 927 928 927 809 
809 927 808 809 811 928 930 931 932 
925 931 930 925 930 923 923 930 933 
807 933 813 923 933 807 928 934 929 
935 936 934 814 935 934 814 934 928 
814 928 811 814 815 935 817 937 938 
818 817 938 932 820 930 932 937 820 
937 817 820 822 930 820 933 930 822 
813 933 822 935 939 936 939 935 815 
939 815 940 940 815 824 941 942 943 
941 827 826 941 826 942 942 826 944 
944 826 828 945 944 828 829 946 947 
830 829 947 938 829 818 946 829 938 
948 824 831 948 949 824 949 940 824 
831 833 948 950 951 952 950 836 835 
950 835 951 951 835 953 837 954 941 
837 941 953 837 953 835 953 941 943 
827 955 838 827 941 955 941 954 955 
956 945 828 956 828 955 956 955 957 
955 828 838 956 957 958 959 960 961 
959 840 839 959 839 960 960 839 962 
947 839 830 962 839 947 948 963 949 
964 965 963 841 964 963 841 963 948 
841 948 833 841 842 964 844 966 967 
845 844 967 952 846 950 952 966 846 
966 844 846 836 950 846 837 848 954 
851 954 848 955 954 851 853 955 851 
957 955 853 957 968 958 957 853 968 
853 855 968 857 969 855 855 969 968 
859 970 857 857 970 969 861 971 859 
859 971 970 863 972 861 861 972 971 
961 864 959 961 972 864 972 863 864 
840 959 864 973 965 964 974 965 973 
842 865 973 964 842 973 975 866 845 
975 845 976 976 845 967 866 975 868 
977 978 979 974 977 979 973 977 974 
973 870 977 973 871 870 865 871 973 
980 975 976 981 980 976 868 980 873 
975 980 868 982 983 984 978 982 984 
977 982 978 977 874 982 977 875 874 
870 875 977 985 986 987 981 986 985 
980 981 985 980 985 878 980 878 877 
873 980 877 988 989 990 983 988 990 
982 988 983 982 879 988 982 880 879 
874 880 982 991 992 993 987 992 991 
987 991 985 985 991 994 878 994 882 
985 994 878 995 996 997 989 995 997 
988 995 989 988 884 995 988 885 884 
879 885 988 991 993 998 887 999 888 
887 991 999 887 994 991 991 998 999 
882 994 887 1000 1001 1002 996 1000 1002 
995 1000 996 995 889 1000 995 890 889 
884 890 995 888 999 1003 891 888 1003 
1003 892 891 1004 892 1003 1005 1006 1007 
1001 1005 1007 1000 1005 1001 1000 893 1005 
1000 894 893 889 894 1000 892 1004 1008 
895 892 1008 1008 897 895 1009 897 1008 
1010 1011 1012 1010 1013 1014 1012 1013 1010 
1006 1014 1013 1005 1014 1006 1005 898 1014 
1005 899 898 893 899 1005 897 1009 1015 
900 897 1015 901 1016 1017 901 900 1016 
900 1015 1016 1016 1018 1017 1019 1020 1021 
1019 904 903 1019 1021 904 1021 1022 904 
905 904 1023 904 1022 1023 1011 1010 906 
1011 906 1023 1023 906 905 907 906 1010 
1014 907 1010 898 907 1014 901 1017 908 
1017 1018 1024 1017 1024 908 908 1024 909 
910 909 1025 909 1024 1025 911 910 1026 
910 1025 1026 913 911 1027 911 1026 1027 
915 1028 1029 915 913 1028 913 1027 1028 
1029 918 917 1029 1028 918 1028 1030 918 
919 918 1031 918 1030 1031 920 919 1032 
919 1031 1032 1020 1019 921 1020 921 1032 
1032 921 920 903 921 1019 915 1029 922 
917 922 1029 1033 1034 1035 1033 1036 1037 
1034 1033 1037 1036 925 924 1036 924 1037 
1037 924 1038 926 1039 924 924 1039 1038 
1040 1041 1039 1040 1039 927 927 1039 926 
927 929 1040 1042 1033 1035 1043 1042 1035 
931 1042 932 931 1036 1042 1036 1033 1042 
925 1036 931 1040 1044 1041 1045 1046 1044 
934 1045 1044 934 1044 1040 934 1040 929 
934 936 1045 1047 1048 1049 1048 1047 1050 
1051 1052 1053 1043 1052 1051 1042 1043 1051 
1042 1051 938 1042 938 937 932 1042 937 
1045 1054 1046 1055 1056 1054 939 1055 1054 
939 1054 1045 939 1045 936 939 940 1055 
1057 1058 1059 1057 943 942 1057 942 1058 
1058 942 1060 944 1061 942 942 1061 1060 
945 1062 1047 945 1047 1061 945 1061 944 
1061 1047 1049 1063 1050 1047 1062 1063 1047 
1064 1065 1066 1053 1065 1064 1051 1053 1064 
1051 1064 947 1051 947 946 938 1051 946 
1055 1067 1056 1067 1055 940 1067 940 1068 
1068 940 949 1069 1070 1071 1069 952 951 
1069 951 1070 1070 951 1072 1059 953 1057 
1059 1072 953 1072 951 953 943 1057 953 
945 956 1062 958 1073 1074 956 958 1074 
956 1074 1063 956 1063 1062 1073 1075 1076 
1074 1073 1076 1075 1077 1078 1076 1075 1078 
1077 1079 1080 1078 1077 1080 1079 1081 1082 
1080 1079 1082 1081 961 960 1081 960 1082 
1082 960 1083 1066 962 1064 1066 1083 962 
1083 960 962 947 1064 962 1084 949 963 
1084 1085 949 1085 1068 949 963 965 1084 
1086 1087 1088 1071 1087 1086 1069 1071 1086 
1069 1086 967 1069 967 966 952 1069 966 
958 968 1073 969 1073 968 1075 1073 969 
970 1075 969 1077 1075 970 971 1077 970 
1079 1077 971 972 1079 971 1081 1079 972 
961 1081 972 1089 1085 1084 1090 1085 1089 
965 974 1089 1084 965 1089 1091 1086 1088 
1092 1091 1088 967 1091 976 1086 1091 967 
979 1090 1089 979 978 1090 978 1093 1090 
974 979 1089 1094 1095 1096 1092 1095 1094 
1092 1094 1091 1091 1094 1097 976 1097 981 
1091 1097 976 1098 1099 1100 1098 984 983 
1098 1100 984 1100 1101 984 1093 978 984 
1101 1093 984 1102 1094 1096 1103 1102 1096 
986 1102 987 986 1097 1102 1097 1094 1102 
981 1097 986 1104 1105 1106 1099 1104 1106 
1098 1104 1099 1098 989 1104 1098 990 989 
983 990 1098 992 1102 1103 992 1103 993 
993 1103 1107 987 1102 992 997 1105 1104 
997 996 1105 996 1108 1105 989 997 1104 
993 1107 1109 998 993 1109 999 1110 1111 
999 998 1110 998 1109 1110 1110 1112 1111 
1002 1113 1114 1001 1113 1002 1108 996 1002 
1114 1108 1002 999 1111 1003 1004 1115 1116 
1003 1115 1004 1003 1112 1115 1003 1111 1112 
1115 1117 1116 1007 1118 1119 1006 1118 1007 
1113 1001 1007 1119 1113 1007 1004 1116 1008 
1009 1120 1121 1008 1120 1009 1008 1117 1120 
1008 1116 1117 1120 1122 1121 1123 1124 1125 
1123 1012 1011 1123 1125 1012 1125 1126 1012 
1013 1012 1127 1012 1126 1127 1118 1006 1013 
1127 1118 1013 1009 1121 1015 1121 1122 1128 
1121 1128 1015 1015 1128 1016 1018 1129 1130 
1018 1016 1129 1016 1128 1129 1130 1131 1132 
1129 1131 1130 1131 1133 1132 1134 1135 1136 
1134 1021 1020 1134 1136 1021 1136 1137 1021 
1022 1021 1138 1021 1137 1138 1124 1123 1023 
1124 1023 1138 1138 1023 1022 1011 1023 1123 
1018 1130 1024 1025 1024 1130 1132 1025 1130 
1132 1133 1139 1132 1139 1025 1025 1139 1026 
1027 1026 1140 1026 1139 1140 1028 1027 1141 
1027 1140 1141 1030 1028 1142 1028 1141 1142 
1031 1030 1143 1030 1142 1143 1135 1134 1032 
1135 1032 1143 1143 1032 1031 1020 1032 1134 
1034 1144 1145 1035 1034 1145 1037 1146 1034 
1034 1146 1144 1038 1147 1037 1037 1147 1146 
1148 1149 1147 1148 1147 1039 1039 1147 1038 
1039 1041 1148 1035 1145 1043 1145 1150 1043 
1148 1151 1149 1152 1153 1151 1044 1152 1151 
1044 1151 1148 1044 1148 1041 1044 1046 1152 
1154 1155 1156 1154 1049 1048 1154 1048 1155 
1155 1048 1157 1157 1048 1050 1158 1157 1050 
1052 1159 1160 1053 1052 1160 1150 1052 1043 
1159 1052 1150 1152 1161 1153 1162 1163 1161 
1054 1162 1161 1054 1161 1152 1054 1152 1046 
1054 1056 1162 1164 1165 1166 1164 1059 1058 
1164 1058 1165 1165 1058 1167 1060 1168 1058 
1058 1168 1167 1156 1061 1154 1156 1168 1061 
1168 1060 1061 1049 1154 1061 1169 1063 1170 
1169 1158 1063 1158 1050 1063 1169 1170 1171 
1172 1173 1174 1172 1175 1176 1173 1172 1176 
1175 1066 1065 1175 1065 1176 1176 1065 1177 
1160 1065 1053 1177 1065 1160 1162 1178 1163 
1179 1180 1178 1067 1179 1178 1067 1178 1162 
1067 1162 1056 1067 1068 1179 1070 1181 1182 
1071 1070 1182 1166 1072 1164 1166 1181 1072 
1181 1070 1072 1059 1164 1072 1063 1074 1170 
1170 1183 1171 1170 1074 1183 1074 1076 1183 
1078 1184 1076 1076 1184 1183 1080 1185 1078 
1078 1185 1184 1174 1082 1172 1174 1185 1082 
1185 1080 1082 1083 1172 1082 1175 1172 1083 
1066 1175 1083 1186 1180 1179 1187 1180 1186 
1068 1085 1186 1179 1068 1186 1087 1188 1189 
1088 1087 1189 1182 1087 1071 1188 1087 1182 
1190 1187 1186 1191 1187 1190 1085 1090 1190 
1186 1085 1190 1192 1193 1194 1192 1189 1193 
1192 1092 1189 1092 1088 1189 1195 1191 1190 
1196 1191 1195 1090 1093 1195 1190 1090 1195 
1095 1192 1194 1095 1194 1096 1096 1194 1197 
1092 1192 1095 1198 1199 1200 1198 1100 1099 
1198 1200 1100 1200 1201 1100 1196 1195 1101 
1196 1101 1201 1201 1101 1100 1093 1101 1195 
1096 1197 1103 1197 1202 1103 1203 1204 1205 
1199 1203 1205 1198 1203 1199 1198 1105 1203 
1198 1106 1105 1099 1106 1198 1206 1207 1107 
1206 1107 1202 1202 1107 1103 1206 1208 1207 
1209 1204 1203 1210 1204 1209 1105 1108 1209 
1203 1105 1209 1107 1207 1109 1207 1208 1211 
1207 1211 1109 1109 1211 1110 1211 1112 1110 
1212 1112 1211 1213 1214 1215 1210 1213 1215 
1209 1213 1210 1209 1113 1213 1209 1114 1113 
1108 1114 1209 1112 1212 1216 1115 1112 1216 
1216 1117 1115 1217 1117 1216 1119 1214 1213 
1119 1118 1214 1118 1218 1214 1113 1119 1213 
1117 1217 1219 1120 1117 1219 1122 1220 1221 
1122 1120 1220 1120 1219 1220 1221 1222 1223 
1220 1222 1221 1222 1224 1223 1225 1226 1227 
1225 1125 1124 1225 1227 1125 1227 1228 1125 
1126 1125 1229 1125 1228 1229 1127 1126 1230 
1126 1229 1230 1218 1118 1127 1230 1218 1127 
1122 1221 1128 1129 1128 1221 1223 1129 1221 
1223 1224 1231 1223 1231 1129 1129 1231 1131 
1133 1232 1233 1133 1131 1232 1131 1231 1232 
1233 1234 1235 1232 1234 1233 1235 1236 1237 
1234 1236 1235 1237 1238 1239 1236 1238 1237 
1239 1240 1241 1238 1240 1239 1241 1136 1135 
1241 1240 1136 1240 1242 1136 1137 1136 1243 
1136 1242 1243 1226 1225 1138 1226 1138 1243 
1243 1138 1137 1124 1138 1225 1133 1233 1139 
1140 1139 1233 1235 1140 1233 1141 1140 1235 
1237 1141 1235 1142 1141 1237 1239 1142 1237 
1143 1142 1239 1241 1143 1239 1135 1143 1241 
1144 1244 1245 1145 1144 1245 1146 1246 1144 
1144 1246 1244 1247 1248 1246 1247 1246 1147 
1147 1246 1146 1147 1149 1247 1249 1250 1251 
1249 1252 1253 1250 1249 1253 1252 1254 1255 
1253 1252 1255 1255 1254 1256 1257 1258 1259 
1257 1245 1258 1257 1150 1245 1150 1145 1245 
1247 1260 1248 1149 1260 1247 1149 1151 1260 
1151 1261 1260 1261 1151 1153 1262 1261 1153 
1263 1264 1265 1263 1156 1155 1263 1155 1264 
1264 1155 1266 1157 1267 1155 1155 1267 1266 
1158 1268 1249 1158 1249 1267 1158 1267 1157 
1267 1249 1251 1269 1270 1252 1269 1252 1268 
1268 1252 1249 1254 1252 1270 1271 1254 1270 
1256 1254 1271 1272 1273 1274 1259 1273 1272 
1257 1259 1272 1257 1272 1160 1257 1160 1159 
1150 1257 1159 1275 1153 1161 1275 1276 1153 
1276 1262 1153 1161 1163 1275 1165 1277 1278 
1166 1165 1278 1167 1279 1165 1165 1279 1277 
1265 1168 1263 1265 1279 1168 1279 1167 1168 
1156 1263 1168 1158 1169 1268 1171 1280 1281 
1169 1171 1281 1169 1281 1269 1169 1269 1268 
1280 1282 1283 1281 1280 1283 1282 1284 1285 
1283 1282 1285 1284 1174 1173 1284 1173 1285 
1285 1173 1286 1176 1287 1173 1173 1287 1286 
1274 1177 1272 1274 1287 1177 1287 1176 1177 
1160 1272 1177 1275 1288 1276 1289 1290 1288 
1178 1289 1288 1178 1288 1275 1178 1275 1163 
1178 1180 1289 1291 1292 1293 1291 1182 1181 
1291 1181 1292 1292 1181 1294 1278 1181 1166 
1294 1181 1278 1171 1183 1280 1184 1280 1183 
1282 1280 1184 1185 1282 1184 1284 1282 1185 
1174 1284 1185 1295 1290 1289 1296 1290 1295 
1180 1187 1295 1289 1180 1295 1297 1298 1299 
1293 1298 1297 1291 1293 1297 1291 1297 1189 
1291 1189 1188 1182 1291 1188 1295 1300 1296 
1300 1295 1187 1300 1187 1301 1301 1187 1191 
1193 1297 1299 1193 1299 1194 1194 1299 1302 
1189 1297 1193 1303 1304 1305 1303 1305 1301 
1303 1301 1196 1196 1301 1191 1194 1302 1197 
1302 1306 1197 1200 1307 1308 1199 1307 1200 
1304 1303 1201 1304 1201 1308 1308 1201 1200 
1196 1201 1303 1197 1306 1202 1306 1309 1202 
1205 1310 1311 1204 1310 1205 1307 1199 1205 
1311 1307 1205 1202 1309 1312 1206 1202 1312 
1312 1208 1206 1313 1208 1312 1204 1210 1310 
1310 1210 1314 1208 1313 1315 1211 1208 1315 
1315 1212 1211 1316 1212 1315 1215 1317 1318 
1214 1317 1215 1314 1210 1215 1318 1314 1215 
1212 1316 1319 1216 1212 1319 1217 1320 1321 
1217 1216 1320 1216 1319 1320 1320 1322 1321 
1323 1324 1325 1323 1326 1327 1325 1326 1323 
1327 1328 1329 1326 1328 1327 1329 1328 1317 
1329 1317 1218 1218 1317 1214 1217 1321 1219 
1321 1322 1330 1321 1330 1219 1219 1330 1220 
1222 1220 1331 1220 1330 1331 1224 1332 1333 
1224 1222 1332 1222 1331 1332 1333 1334 1335 
1332 1334 1333 1334 1336 1335 1337 1338 1339 
1337 1340 1341 1339 1340 1337 1341 1227 1226 
1341 1340 1227 1340 1342 1227 1324 1323 1228 
1324 1228 1342 1342 1228 1227 1229 1228 1323 
1327 1229 1323 1230 1229 1327 1329 1230 1327 
1218 1230 1329 1224 1333 1231 1232 1231 1333 
1335 1232 1333 1335 1336 1343 1335 1343 1232 
1232 1343 1234 1236 1234 1344 1234 1343 1344 
1238 1236 1345 1236 1344 1345 1240 1238 1346 
1238 1345 1346 1338 1337 1242 1338 1242 1346 
1346 1242 1240 1243 1242 1337 1341 1243 1337 
1226 1243 1341 1244 1347 1245 1244 1246 1348 
1347 1244 1348 1246 1248 1348 1349 1350 1351 
1349 1251 1250 1349 1250 1350 1350 1250 1352 
1253 1353 1250 1250 1353 1352 1255 1354 1253 
1253 1354 1353 1256 1355 1356 1256 1356 1255 
1255 1356 1354 1356 1355 1357 1258 1358 1259 
1258 1359 1358 1245 1359 1258 1245 1360 1359 
1245 1347 1360 1348 1360 1347 1361 1360 1348 
1248 1361 1348 1248 1260 1361 1260 1362 1361 
1363 1364 1362 1363 1362 1261 1261 1362 1260 
1261 1262 1363 1365 1366 1367 1365 1265 1264 
1365 1264 1366 1366 1264 1368 1266 1369 1264 
1264 1369 1368 1351 1267 1349 1351 1369 1267 
1369 1266 1267 1251 1349 1267 1270 1269 1370 
1270 1371 1271 1370 1371 1270 1271 1355 1256 
1271 1371 1355 1371 1372 1355 1373 1357 1355 
1373 1355 1374 1374 1355 1372 1374 1375 1376 
1373 1374 1376 1375 1274 1273 1375 1273 1376 
1376 1273 1377 1358 1273 1259 1358 1378 1273 
1378 1377 1273 1359 1378 1358 1363 1379 1364 
1379 1363 1262 1379 1262 1380 1380 1262 1276 
1381 1382 1383 1381 1278 1277 1381 1277 1382 
1382 1277 1384 1367 1279 1365 1367 1384 1279 
1384 1277 1279 1265 1365 1279 1269 1281 1370 
1283 1370 1281 1371 1370 1283 1285 1371 1283 
1372 1371 1285 1286 1372 1285 1374 1372 1286 
1287 1374 1286 1375 1374 1287 1274 1375 1287 
1385 1276 1288 1385 1386 1276 1386 1380 1276 
1288 1290 1385 1292 1387 1388 1293 1292 1388 
1383 1294 1381 1383 1387 1294 1387 1292 1294 
1278 1381 1294 1385 1389 1386 1389 1385 1290 
1389 1290 1390 1390 1290 1296 1298 1391 1392 
1299 1298 1392 1388 1298 1293 1391 1298 1388 
1393 1296 1300 1393 1394 1296 1394 1390 1296 
1300 1301 1393 1299 1392 1302 1392 1395 1302 
1396 1397 1398 1394 1396 1398 1393 1396 1394 
1393 1304 1396 1393 1305 1304 1301 1305 1393 
1302 1395 1306 1395 1399 1306 1308 1397 1396 
1308 1307 1397 1307 1400 1397 1304 1308 1396 
1401 1402 1309 1401 1309 1399 1399 1309 1306 
1401 1403 1402 1311 1404 1405 1310 1404 1311 
1400 1307 1311 1405 1400 1311 1309 1402 1312 
1313 1406 1407 1312 1406 1313 1312 1403 1406 
1312 1402 1403 1406 1408 1407 1310 1314 1404 
1404 1314 1409 1313 1407 1315 1316 1410 1411 
1315 1410 1316 1315 1408 1410 1315 1407 1408 
1410 1412 1411 1318 1413 1414 1317 1413 1318 
1409 1314 1318 1414 1409 1318 1316 1411 1319 
1411 1412 1415 1411 1415 1319 1319 1415 1320 
1322 1416 1417 1322 1320 1416 1320 1415 1416 
1417 1418 1419 1416 1418 1417 1418 1420 1419 
1421 1422 1423 1421 1424 1425 1423 1424 1421 
1425 1325 1324 1425 1424 1325 1424 1426 1325 
1326 1325 1427 1325 1426 1427 1328 1326 1428 
1326 1427 1428 1413 1317 1328 1428 1413 1328 
1322 1417 1330 1331 1330 1417 1419 1331 1417 
1419 1420 1429 1419 1429 1331 1331 1429 1332 
1334 1332 1430 1332 1429 1430 1336 1431 1432 
1336 1334 1431 1334 1430 1431 1432 1433 1434 
1431 1433 1432 1434 1435 1436 1433 1435 1434 
1436 1437 1438 1435 1437 1436 1438 1339 1338 
1438 1437 1339 1437 1439 1339 1422 1421 1340 
1422 1340 1439 1439 1340 1339 1342 1340 1421 
1425 1342 1421 1324 1342 1425 1336 1432 1343 
1344 1343 1432 1434 1344 1432 1345 1344 1434 
1436 1345 1434 1346 1345 1436 1438 1346 1436 
1338 1346 1438 1440 1441 1442 1440 1351 1350 
1440 1350 1441 1441 1350 1443 1352 1444 1350 
1350 1444 1443 1353 1445 1352 1352 1445 1444 
1354 1446 1353 1353 1446 1445 1356 1447 1354 
1354 1447 1446 1357 1448 1449 1357 1449 1356 
1356 1449 1447 1449 1448 1450 1360 1451 1452 
1359 1360 1452 1361 1453 1360 1360 1453 1451 
1454 1455 1453 1454 1453 1362 1362 1453 1361 
1362 1364 1454 1456 1457 1458 1456 1367 1366 
1456 1366 1457 1457 1366 1459 1368 1460 1366 
1366 1460 1459 1442 1369 1440 1442 1460 1369 
1460 1368 1369 1351 1440 1369 1357 1373 1448 
1448 1461 1450 1448 1373 1461 1373 1376 1461 
1377 1462 1376 1376 1462 1461 1378 1463 1377 
1377 1463 1462 1452 1378 1359 1463 1378 1452 
1454 1464 1455 1465 1466 1464 1379 1465 1464 
1379 1464 1454 1379 1454 1364 1379 1380 1465 
1382 1467 1468 1383 1382 1468 1458 1384 1456 
1458 1467 1384 1467 1382 1384 1367 1456 1384 
1465 1469 1466 1469 1465 1380 1469 1380 1470 
1470 1380 1386 1387 1471 1472 1388 1387 1472 
1468 1387 1383 1471 1387 1468 1386 1473 1470 
1389 1473 1386 1473 1389 1390 1474 1473 1390 
1391 1475 1476 1392 1391 1476 1472 1391 1388 
1475 1391 1472 1390 1394 1474 1474 1394 1477 
1392 1476 1395 1476 1478 1395 1398 1479 1480 
1397 1479 1398 1477 1394 1398 1480 1477 1398 
1395 1478 1399 1478 1481 1399 1482 1483 1484 
1482 1484 1479 1482 1479 1400 1400 1479 1397 
1399 1481 1485 1401 1399 1485 1485 1403 1401 
1486 1403 1485 1487 1488 1489 1483 1487 1489 
1482 1487 1483 1482 1404 1487 1482 1405 1404 
1400 1405 1482 1403 1486 1490 1406 1403 1490 
1490 1408 1406 1491 1408 1490 1487 1492 1488 
1492 1487 1404 1492 1404 1493 1493 1404 1409 
1408 1491 1494 1410 1408 1494 1412 1495 1496 
1412 1410 1495 1410 1494 1495 1495 1497 1496 
1498 1499 1500 1498 1501 1502 1500 1501 1498 
1502 1503 1504 1501 1503 1502 1504 1414 1413 
1504 1503 1414 1503 1505 1414 1493 1409 1414 
1505 1493 1414 1412 1496 1415 1496 1497 1506 
1496 1506 1415 1415 1506 1416 1418 1416 1507 
1416 1506 1507 1420 1508 1509 1420 1418 1508 
1418 1507 1508 1509 1510 1511 1508 1510 1509 
1511 1512 1513 1510 1512 1511 1512 1514 1513 
1515 1516 1517 1515 1518 1519 1517 1518 1515 
1519 1423 1422 1519 1518 1423 1518 1520 1423 
1424 1423 1521 1423 1520 1521 1499 1498 1426 
1499 1426 1521 1521 1426 1424 1427 1426 1498 
1502 1427 1498 1428 1427 1502 1504 1428 1502 
1413 1428 1504 1420 1509 1429 1430 1429 1509 
1511 1430 1509 1431 1430 1511 1513 1431 1511 
1513 1514 1522 1513 1522 1431 1431 1522 1433 
1435 1433 1523 1433 1522 1523 1516 1515 1437 
1516 1437 1523 1523 1437 1435 1439 1437 1515 
1519 1439 1515 1422 1439 1519 1524 1525 1526 
1524 1442 1441 1524 1441 1525 1525 1441 1527 
1443 1528 1441 1441 1528 1527 1444 1529 1443 
1443 1529 1528 1445 1530 1444 1444 1530 1529 
1446 1531 1445 1445 1531 1530 1447 1532 1446 
1446 1532 1531 1449 1533 1447 1447 1533 1532 
1533 1449 1450 1534 1533 1450 1451 1535 1536 
1452 1451 1536 1537 1538 1535 1537 1535 1453 
1453 1535 1451 1453 1455 1537 1457 1539 1540 
1458 1457 1540 1459 1541 1457 1457 1541 1539 
1526 1460 1524 1526 1541 1460 1541 1459 1460 
1442 1524 1460 1450 1542 1534 1461 1542 1450 
1462 1543 1461 1461 1543 1542 1463 1544 1462 
1462 1544 1543 1536 1463 1452 1544 1463 1536 
1537 1545 1538 1455 1545 1537 1455 1464 1545 
1464 1546 1545 1546 1464 1466 1547 1546 1466 
1467 1548 1549 1468 1467 1549 1540 1467 1458 
1548 1467 1540 1466 1550 1547 1469 1550 1466 
1550 1469 1470 1551 1550 1470 1471 1552 1553 
1472 1471 1553 1549 1471 1468 1552 1471 1549 
1554 1555 1556 1473 1557 1554 1473 1554 1551 
1473 1551 1470 1556 1551 1554 1473 1474 1557 
1475 1558 1559 1476 1475 1559 1553 1475 1472 
1558 1475 1553 1560 1555 1554 1561 1555 1560 
1557 1562 1554 1562 1560 1554 1474 1477 1562 
1557 1474 1562 1476 1559 1478 1559 1563 1478 
1564 1565 1566 1561 1564 1566 1561 1560 1564 
1560 1567 1564 1480 1479 1567 1480 1567 1562 
1562 1567 1560 1477 1480 1562 1568 1569 1481 
1568 1481 1563 1563 1481 1478 1568 1570 1569 
1571 1565 1564 1572 1565 1571 1484 1483 1571 
1484 1571 1567 1567 1571 1564 1479 1484 1567 
1481 1569 1485 1486 1573 1574 1485 1573 1486 
1485 1570 1573 1485 1569 1570 1573 1575 1574 
1489 1572 1571 1489 1488 1572 1488 1576 1572 
1483 1489 1571 1486 1574 1490 1491 1577 1578 
1490 1577 1491 1490 1575 1577 1490 1574 1575 
1577 1579 1578 1580 1488 1492 1580 1581 1488 
1581 1576 1488 1492 1493 1580 1491 1578 1494 
1578 1579 1582 1578 1582 1494 1494 1582 1495 
1497 1583 1584 1497 1495 1583 1495 1582 1583 
1584 1585 1586 1583 1585 1584 1585 1587 1586 
1588 1589 1590 1588 1591 1592 1590 1591 1588 
1592 1593 1594 1591 1593 1592 1594 1500 1499 
1594 1593 1500 1593 1595 1500 1501 1500 1596 
1500 1595 1596 1503 1501 1597 1501 1596 1597 
1581 1580 1505 1581 1505 1597 1597 1505 1503 
1493 1505 1580 1497 1584 1506 1507 1506 1584 
1586 1507 1584 1586 1587 1598 1586 1598 1507 
1507 1598 1508 1510 1508 1599 1508 1598 1599 
1512 1510 1600 1510 1599 1600 1514 1601 1602 
1514 1512 1601 1512 1600 1601 1602 1603 1604 
1601 1603 1602 1604 1517 1516 1604 1603 1517 
1603 1605 1517 1589 1588 1518 1589 1518 1605 
1605 1518 1517 1520 1518 1588 1592 1520 1588 
1521 1520 1592 1594 1521 1592 1499 1521 1594 
1514 1602 1522 1523 1522 1602 1604 1523 1602 
1516 1523 1604 1606 1607 1608 1606 1609 1610 
1607 1606 1610 1610 1609 1611 1612 1613 1614 
1612 1526 1525 1612 1525 1613 1613 1525 1615 
1527 1616 1525 1525 1616 1615 1528 1617 1527 
1527 1617 1616 1608 1529 1606 1608 1617 1529 
1617 1528 1529 1530 1606 1529 1609 1606 1530 
1609 1618 1611 1609 1530 1618 1530 1531 1618 
1532 1619 1531 1531 1619 1618 1533 1620 1532 
1532 1620 1619 1620 1533 1534 1621 1620 1534 
1535 1622 1536 1535 1538 1622 1539 1623 1624 
1540 1539 1624 1614 1541 1612 1614 1623 1541 
1623 1539 1541 1526 1612 1541 1534 1625 1621 
1542 1625 1534 1626 1627 1625 1626 1625 1543 
1543 1625 1542 1543 1544 1628 1626 1543 1628 
1544 1536 1622 1544 1622 1628 1628 1622 1629 
1538 1629 1622 1538 1630 1629 1538 1545 1630 
1630 1631 1629 1632 1633 1630 1632 1630 1546 
1546 1630 1545 1546 1547 1632 1634 1635 1636 
1634 1549 1548 1634 1548 1635 1635 1548 1637 
1624 1548 1540 1637 1548 1624 1626 1638 1627 
1628 1638 1626 1639 1638 1628 1629 1639 1628 
1640 1639 1629 1631 1640 1629 1641 1633 1632 
1642 1633 1641 1547 1550 1643 1547 1643 1632 
1632 1643 1641 1550 1551 1643 1644 1645 1646 
1636 1645 1644 1634 1636 1644 1634 1644 1553 
1634 1553 1552 1549 1634 1552 1647 1648 1649 
1642 1647 1649 1642 1641 1647 1641 1650 1647 
1556 1555 1650 1556 1650 1643 1643 1650 1641 
1551 1556 1643 1558 1644 1646 1558 1646 1559 
1559 1646 1651 1553 1644 1558 1652 1648 1647 
1653 1648 1652 1650 1654 1647 1654 1652 1647 
1555 1561 1654 1650 1555 1654 1559 1651 1563 
1651 1655 1563 1656 1653 1652 1657 1653 1656 
1566 1565 1656 1566 1656 1654 1654 1656 1652 
1561 1566 1654 1563 1655 1658 1568 1563 1658 
1658 1570 1568 1659 1570 1658 1656 1660 1657 
1660 1656 1565 1660 1565 1661 1661 1565 1572 
1570 1659 1662 1573 1570 1662 1662 1575 1573 
1663 1575 1662 1572 1576 1661 1661 1576 1664 
1575 1663 1665 1577 1575 1665 1579 1666 1667 
1579 1577 1666 1577 1665 1666 1666 1668 1667 
1669 1670 1671 1669 1672 1673 1671 1672 1669 
1673 1674 1675 1672 1674 1673 1675 1676 1677 
1674 1676 1675 1677 1678 1679 1676 1678 1677 
1679 1678 1664 1679 1664 1581 1581 1664 1576 
1579 1667 1582 1667 1668 1680 1667 1680 1582 
1582 1680 1583 1585 1583 1681 1583 1680 1681 
1587 1682 1683 1587 1585 1682 1585 1681 1682 
1683 1684 1685 1682 1684 1683 1685 1686 1687 
1684 1686 1685 1687 1688 1689 1686 1688 1687 
1689 1690 1691 1688 1690 1689 1691 1692 1693 
1690 1692 1691 1693 1590 1589 1693 1692 1590 
1692 1694 1590 1670 1669 1591 1670 1591 1694 
1694 1591 1590 1593 1591 1669 1673 1593 1669 
1595 1593 1673 1675 1595 1673 1596 1595 1675 
1677 1596 1675 1597 1596 1677 1679 1597 1677 
1581 1597 1679 1587 1683 1598 1599 1598 1683 
1685 1599 1683 1600 1599 1685 1687 1600 1685 
1601 1600 1687 1689 1601 1687 1603 1601 1689 
1691 1603 1689 1605 1603 1691 1693 1605 1691 
1589 1605 1693 1695 1696 1697 1695 1608 1607 
1695 1607 1696 1696 1607 1698 1610 1699 1607 
1607 1699 1698 1611 1700 1701 1611 1701 1610 
1610 1701 1699 1701 1700 1702 1613 1703 1704 
1614 1613 1704 1615 1705 1613 1613 1705 1703 
1616 1706 1615 1615 1706 1705 1697 1617 1695 
1697 1706 1617 1706 1616 1617 1608 1695 1617 
1611 1618 1700 1700 1707 1702 1700 1618 1707 
1618 1619 1707 1620 1708 1619 1619 1708 1707 
1708 1620 1621 1709 1708 1621 1710 1711 1712 
1710 1624 1623 1710 1623 1711 1711 1623 1713 
1704 1623 1614 1713 1623 1704 1714 1621 1625 
1714 1715 1621 1715 1709 1621 1625 1627 1714 
1630 1716 1631 1630 1633 1716 1635 1717 1718 
1636 1635 1718 1712 1637 1710 1712 1717 1637 
1717 1635 1637 1624 1710 1637 1714 1719 1715 
1720 1721 1719 1638 1720 1719 1638 1719 1714 
1638 1714 1627 1638 1639 1722 1720 1638 1722 
1639 1640 1723 1722 1639 1723 1640 1631 1716 
1640 1716 1723 1723 1716 1724 1633 1642 1724 
1716 1633 1724 1645 1725 1726 1646 1645 1726 
1718 1645 1636 1725 1645 1718 1720 1727 1721 
1722 1727 1720 1728 1727 1722 1728 1729 1730 
1728 1722 1729 1722 1723 1729 1649 1648 1729 
1649 1729 1724 1724 1729 1723 1642 1649 1724 
1646 1726 1651 1726 1731 1651 1732 1730 1729 
1733 1730 1732 1648 1653 1732 1729 1648 1732 
1734 1735 1655 1734 1655 1731 1731 1655 1651 
1734 1736 1735 1732 1737 1733 1737 1732 1653 
1737 1653 1738 1738 1653 1657 1655 1735 1658 
1735 1659 1658 1735 1736 1659 1736 1739 1659 
1657 1740 1738 1660 1740 1657 1740 1660 1661 
1741 1740 1661 1659 1739 1742 1662 1659 1742 
1663 1743 1744 1663 1662 1743 1662 1742 1743 
1743 1745 1744 1661 1664 1741 1741 1664 1746 
1663 1744 1665 1744 1745 1747 1744 1747 1665 
1665 1747 1666 1668 1748 1749 1668 1666 1748 
1666 1747 1748 1749 1750 1751 1748 1750 1749 
1751 1752 1753 1750 1752 1751 1753 1754 1755 
1752 1754 1753 1755 1756 1757 1754 1756 1755 
1757 1758 1759 1756 1758 1757 1759 1760 1761 
1758 1760 1759 1761 1762 1763 1760 1762 1761 
1763 1764 1765 1762 1764 1763 1765 1671 1670 
1765 1764 1671 1764 1766 1671 1672 1671 1767 
1671 1766 1767 1674 1672 1768 1672 1767 1768 
1676 1674 1769 1674 1768 1769 1678 1676 1770 
1676 1769 1770 1746 1664 1678 1770 1746 1678 
1668 1749 1680 1681 1680 1749 1751 1681 1749 
1682 1681 1751 1753 1682 1751 1684 1682 1753 
1755 1684 1753 1686 1684 1755 1757 1686 1755 
1688 1686 1757 1759 1688 1757 1690 1688 1759 
1761 1690 1759 1692 1690 1761 1763 1692 1761 
1694 1692 1763 1765 1694 1763 1670 1694 1765 
1771 1772 1773 1771 1774 1775 1772 1771 1775 
1774 1697 1696 1774 1696 1775 1775 1696 1776 
1698 1777 1696 1696 1777 1776 1699 1778 1698 
1698 1778 1777 1701 1779 1699 1699 1779 1778 
1779 1701 1702 1780 1779 1702 1781 1782 1783 
1781 1704 1703 1781 1703 1782 1782 1703 1784 
1773 1705 1771 1773 1784 1705 1784 1703 1705 
1706 1771 1705 1774 1771 1706 1697 1774 1706 
1702 1785 1780 1707 1785 1702 1708 1786 1707 
1707 1786 1785 1786 1708 1709 1787 1786 1709 
1711 1788 1789 1712 1711 1789 1783 1713 1781 
1783 1788 1713 1788 1711 1713 1704 1781 1713 
1709 1715 1787 1787 1715 1790 1717 1791 1792 
1718 1717 1792 1789 1717 1712 1791 1717 1789 
1715 1793 1790 1719 1793 1715 1793 1719 1721 
1794 1793 1721 1725 1795 1796 1726 1725 1796 
1792 1725 1718 1795 1725 1792 1721 1797 1794 
1727 1797 1721 1798 1799 1797 1798 1797 1728 
1728 1797 1727 1728 1730 1798 1726 1796 1731 
1796 1800 1731 1798 1801 1799 1798 1730 1733 
1798 1733 1802 1798 1802 1801 1803 1802 1733 
1802 1803 1804 1731 1800 1805 1734 1731 1805 
1805 1736 1734 1806 1736 1805 1733 1737 1803 
1803 1737 1738 1803 1738 1804 1804 1738 1807 
1808 1809 1739 1808 1739 1806 1806 1739 1736 
1808 1810 1809 1738 1811 1807 1740 1811 1738 
1811 1740 1741 1812 1811 1741 1739 1809 1742 
1809 1810 1813 1809 1813 1742 1742 1813 1743 
1745 1814 1815 1745 1743 1814 1743 1813 1814 
1814 1816 1815 1817 1818 1819 1817 1820 1821 
1819 1820 1817 1821 1822 1823 1820 1822 1821 
1823 1824 1825 1822 1824 1823 1825 1826 1827 
1824 1826 1825 1827 1828 1829 1826 1828 1827 
1829 1830 1831 1828 1830 1829 1831 1830 1812 
1831 1812 1746 1746 1812 1741 1745 1815 1747 
1815 1816 1832 1815 1832 1747 1747 1832 1748 
1750 1748 1833 1748 1832 1833 1752 1750 1834 
1750 1833 1834 1754 1752 1835 1752 1834 1835 
1756 1754 1836 1754 1835 1836 1758 1756 1837 
1756 1836 1837 1760 1758 1838 1758 1837 1838 
1818 1817 1762 1818 1762 1838 1838 1762 1760 
1764 1762 1817 1821 1764 1817 1766 1764 1821 
1823 1766 1821 1767 1766 1823 1825 1767 1823 
1768 1767 1825 1827 1768 1825 1769 1768 1827 
1829 1769 1827 1770 1769 1829 1831 1770 1829 
1746 1770 1831 1772 1839 1840 1773 1772 1840 
1775 1841 1772 1772 1841 1839 1776 1842 1775 
1775 1842 1841 1777 1843 1776 1776 1843 1842 
1778 1844 1777 1777 1844 1843 1779 1845 1778 
1778 1845 1844 1780 1846 1847 1780 1847 1779 
1779 1847 1845 1847 1846 1848 1782 1849 1850 
1783 1782 1850 1784 1851 1782 1782 1851 1849 
1840 1784 1773 1851 1784 1840 1780 1785 1846 
1846 1852 1848 1846 1785 1852 1785 1786 1852 
1787 1853 1854 1787 1854 1786 1786 1854 1852 
1854 1853 1855 1788 1856 1857 1789 1788 1857 
1850 1788 1783 1856 1788 1850 1853 1858 1859 
1853 1787 1858 1787 1790 1858 1855 1853 1859 
1791 1860 1861 1792 1791 1861 1857 1791 1789 
1860 1791 1857 1790 1862 1858 1793 1862 1790 
1862 1793 1794 1863 1862 1794 1795 1864 1796 
1795 1865 1864 1795 1792 1865 1792 1861 1865 
1794 1866 1863 1797 1866 1794 1799 1867 1868 
1799 1868 1797 1797 1868 1866 1868 1867 1869 
1864 1870 1800 1796 1864 1800 1871 1864 1865 
1870 1864 1871 1799 1801 1867 1867 1872 1869 
1867 1801 1872 1801 1802 1872 1872 1802 1804 
1873 1872 1804 1800 1870 1805 1870 1806 1805 
1870 1871 1806 1871 1874 1806 1875 1807 1876 
1875 1873 1807 1873 1804 1807 1875 1876 1877 
1806 1874 1878 1808 1806 1878 1810 1879 1880 
1810 1808 1879 1808 1878 1879 1879 1881 1880 
1882 1883 1884 1882 1885 1886 1884 1885 1882 
1886 1887 1888 1885 1887 1886 1888 1889 1890 
1887 1889 1888 1891 1807 1889 1891 1876 1807 
1889 1807 1890 1811 1892 1807 1890 1807 1892 
1876 1891 1877 1811 1812 1892 1810 1880 1813 
1880 1881 1893 1880 1893 1813 1813 1893 1814 
1816 1894 1895 1816 1814 1894 1814 1893 1894 
1895 1896 1897 1894 1896 1895 1896 1898 1897 
1899 1900 1901 1899 1902 1903 1901 1902 1899 
1903 1904 1905 1902 1904 1903 1905 1906 1907 
1904 1906 1905 1907 1819 1818 1907 1906 1819 
1906 1908 1819 1820 1819 1909 1819 1908 1909 
1883 1882 1822 1883 1822 1909 1909 1822 1820 
1824 1822 1882 1886 1824 1882 1826 1824 1886 
1888 1826 1886 1828 1826 1888 1890 1828 1888 
1830 1828 1890 1892 1830 1890 1812 1830 1892 
1816 1895 1832 1833 1832 1895 1897 1833 1895 
1897 1898 1910 1897 1910 1833 1833 1910 1834 
1900 1899 1835 1900 1835 1910 1910 1835 1834 
1836 1835 1899 1903 1836 1899 1837 1836 1903 
1905 1837 1903 1838 1837 1905 1907 1838 1905 
1818 1838 1907 1911 1912 1913 1911 1840 1839 
1911 1839 1912 1912 1839 1914 1841 1915 1839 
1839 1915 1914 1842 1916 1841 1841 1916 1915 
1843 1917 1842 1842 1917 1916 1844 1918 1843 
1843 1918 1917 1845 1919 1844 1844 1919 1918 
1847 1920 1845 1845 1920 1919 1920 1847 1848 
1921 1920 1848 1849 1922 1923 1850 1849 1923 
1913 1851 1911 1913 1922 1851 1922 1849 1851 
1840 1911 1851 1848 1924 1921 1852 1924 1848 
1854 1925 1852 1852 1925 1924 1925 1854 1855 
1926 1925 1855 1927 1928 1929 1927 1857 1856 
1927 1856 1928 1928 1856 1930 1923 1856 1850 
1930 1856 1923 1859 1931 1932 1858 1931 1859 
1926 1855 1859 1932 1926 1859 1860 1927 1929 
1860 1929 1861 1861 1929 1933 1857 1927 1860 
1858 1934 1931 1862 1934 1858 1934 1862 1863 
1935 1934 1863 1861 1933 1865 1933 1936 1865 
1863 1937 1935 1866 1937 1863 1868 1938 1866 
1866 1938 1937 1869 1939 1940 1869 1940 1868 
1868 1940 1938 1940 1939 1941 1865 1936 1871 
1936 1942 1871 1869 1872 1939 1873 1943 1944 
1872 1873 1944 1872 1944 1941 1872 1941 1939 
1944 1943 1945 1946 1947 1874 1946 1874 1942 
1942 1874 1871 1946 1948 1947 1873 1875 1943 
1943 1875 1877 1943 1877 1945 1945 1877 1949 
1874 1947 1878 1947 1948 1950 1947 1950 1878 
1878 1950 1879 1881 1951 1952 1881 1879 1951 
1879 1950 1951 1951 1953 1952 1954 1955 1956 
1954 1957 1958 1956 1957 1954 1958 1884 1883 
1958 1957 1884 1957 1959 1884 1885 1884 1960 
1884 1959 1960 1887 1885 1961 1885 1960 1961 
1889 1887 1962 1887 1961 1962 1891 1889 1963 
1889 1962 1963 1949 1877 1891 1963 1949 1891 
1881 1952 1893 1952 1953 1964 1952 1964 1893 
1893 1964 1894 1896 1894 1965 1894 1964 1965 
1898 1966 1967 1898 1896 1966 1896 1965 1966 
1967 1901 1900 1967 1966 1901 1966 1968 1901 
1902 1901 1969 1901 1968 1969 1904 1902 1970 
1902 1969 1970 1906 1904 1971 1904 1970 1971 
1955 1954 1908 1955 1908 1971 1971 1908 1906 
1909 1908 1954 1958 1909 1954 1883 1909 1958 
1898 1967 1910 1900 1910 1967 1972 1973 1974 
1972 1975 1976 1973 1972 1976 1976 1975 1977 
1912 1978 1979 1913 1912 1979 1914 1980 1912 
1912 1980 1978 1915 1981 1914 1914 1981 1980 
1916 1982 1915 1915 1982 1981 1974 1917 1972 
1974 1982 1917 1982 1916 1917 1918 1972 1917 
1975 1972 1918 1975 1983 1977 1975 1918 1983 
1918 1919 1983 1920 1984 1919 1919 1984 1983 
1984 1920 1921 1985 1984 1921 1986 1987 1988 
1986 1923 1922 1986 1922 1987 1987 1922 1989 
1979 1922 1913 1989 1922 1979 1921 1990 1985 
1924 1990 1921 1925 1991 1924 1924 1991 1990 
1991 1925 1926 1992 1991 1926 1928 1993 1994 
1929 1928 1994 1988 1930 1986 1988 1993 1930 
1993 1928 1930 1923 1986 1930 1932 1931 1995 
1932 1995 1996 1932 1996 1926 1926 1996 1992 
1929 1994 1933 1994 1997 1933 1931 1934 1995 
1935 1998 1999 1934 1935 1999 1934 1999 1996 
1934 1996 1995 1998 2000 2001 1999 1998 2001 
2001 2000 2002 1933 1997 1936 1997 2003 1936 
1935 1937 1998 1938 1998 1937 2000 1998 1938 
2000 2004 2002 2000 1938 2004 1938 1940 2004 
1941 2005 2006 1941 2006 1940 1940 2006 2004 
2006 2005 2007 1936 2003 1942 2003 2008 1942 
1941 1944 2005 2005 1944 1945 2005 1945 2007 
2007 1945 2009 1942 2008 2010 1946 1942 2010 
2010 1948 1946 2011 1948 2010 2012 2013 2014 
2012 2015 2016 2014 2015 2012 2016 2017 2018 
2015 2017 2016 2018 2019 2020 2017 2019 2018 
2020 2021 2022 2019 2021 2020 2022 2021 2009 
2022 2009 1949 1949 2009 1945 1948 2011 2023 
1950 1948 2023 1951 1950 2024 1950 2023 2024 
1953 2025 2026 1953 1951 2025 1951 2024 2025 
2025 2027 2026 2028 2029 2030 2028 2031 2032 
2030 2031 2028 2032 1956 1955 2032 2031 1956 
2031 2033 1956 1957 1956 2034 1956 2033 2034 
2013 2012 1959 2013 1959 2034 2034 1959 1957 
1960 1959 2012 2016 1960 2012 1961 1960 2016 
2018 1961 2016 1962 1961 2018 2020 1962 2018 
1963 1962 2020 2022 1963 2020 1949 1963 2022 
1953 2026 1964 2026 2027 2035 2026 2035 1964 
1964 2035 1965 1966 1965 2036 1965 2035 2036 
1968 1966 2037 1966 2036 2037 1969 1968 2038 
1968 2037 2038 2029 2028 1970 2029 1970 2038 
2038 1970 1969 1971 1970 2028 2032 1971 2028 
1955 1971 2032 2039 2040 2041 2039 2042 2043 
2040 2039 2043 2042 1974 1973 2042 1973 2043 
2043 1973 2044 1976 2045 1973 1973 2045 2044 
1977 2046 2047 1977 2047 1976 1976 2047 2045 
2047 2046 2048 1978 2049 2050 1979 1978 2050 
1980 2051 1978 1978 2051 2049 2041 1981 2039 
2041 2051 1981 2051 1980 1981 1982 2039 1981 
2042 2039 1982 1974 2042 1982 1977 1983 2046 
2046 2052 2048 2046 1983 2052 1983 1984 2052 
1985 2053 2054 1985 2054 1984 1984 2054 2052 
2054 2053 2055 1987 2056 2057 1988 1987 2057 
1989 2058 1987 1987 2058 2056 2050 1989 1979 
2058 1989 2050 1985 1990 2053 2053 2059 2055 
2053 1990 2059 1990 1991 2059 1992 2060 2061 
1992 2061 1991 1991 2061 2059 2061 2060 2062 
1993 2063 2064 1994 1993 2064 2057 1993 1988 
2063 1993 2057 2060 1996 2065 1992 1996 2060 
2066 2062 2060 2066 2060 2067 2067 2060 2065 
2066 2067 2068 1994 2064 1997 2064 2069 1997 
1996 1999 2065 2001 2065 1999 2067 2065 2001 
2002 2070 2071 2001 2002 2071 2001 2071 2068 
2001 2068 2067 2070 2072 2073 2071 2070 2073 
2073 2072 2074 1997 2069 2003 2069 2075 2003 
2002 2004 2070 2006 2070 2004 2072 2070 2006 
2072 2006 2007 2072 2007 2074 2074 2007 2076 
2003 2075 2008 2075 2077 2008 2007 2009 2076 
2076 2009 2078 2008 2077 2079 2010 2008 2079 
2011 2080 2081 2011 2010 2080 2010 2079 2080 
2080 2082 2081 2083 2084 2085 2083 2014 2013 
2083 2085 2014 2085 2086 2014 2015 2014 2087 
2014 2086 2087 2017 2015 2088 2015 2087 2088 
2019 2017 2089 2017 2088 2089 2021 2019 2090 
2019 2089 2090 2078 2009 2021 2090 2078 2021 
2011 2081 2023 2081 2082 2091 2081 2091 2023 
2023 2091 2024 2025 2024 2092 2024 2091 2092 
2027 2093 2094 2027 2025 2093 2025 2092 2093 
2094 2095 2096 2093 2095 2094 2096 2097 2098 
2095 2097 2096 2098 2099 2100 2097 2099 2098 
2100 2030 2029 2100 2099 2030 2099 2101 2030 
2031 2030 2102 2030 2101 2102 2033 2031 2103 
2031 2102 2103 2084 2083 2034 2084 2034 2103 
2103 2034 2033 2013 2034 2083 2027 2094 2035 
2036 2035 2094 2096 2036 2094 2037 2036 2096 
2098 2037 2096 2038 2037 2098 2100 2038 2098 
2029 2038 2100 2104 2105 2106 2104 2041 2040 
2104 2040 2105 2105 2040 2107 2043 2108 2040 
2040 2108 2107 2044 2109 2043 2043 2109 2108 
2045 2110 2044 2044 2110 2109 2047 2111 2045 
2045 2111 2110 2048 2112 2113 2048 2113 2047 
2047 2113 2111 2113 2112 2114 2115 2116 2117 
2115 2050 2049 2115 2049 2116 2116 2049 2118 
2106 2051 2104 2106 2118 2051 2118 2049 2051 
2041 2104 2051 2048 2052 2112 2112 2119 2114 
2112 2052 2119 2052 2054 2119 2055 2120 2121 
2055 2121 2054 2054 2121 2119 2121 2120 2122 
2056 2123 2124 2057 2056 2124 2117 2058 2115 
2117 2123 2058 2123 2056 2058 2050 2115 2058 
2055 2059 2120 2120 2125 2122 2120 2059 2125 
2059 2061 2125 2125 2061 2062 2126 2125 2062 
2063 2127 2128 2064 2063 2128 2124 2063 2057 
2127 2063 2124 2062 2129 2126 2066 2129 2062 
2129 2066 2068 2130 2129 2068 2064 2128 2069 
2128 2131 2069 2068 2132 2130 2071 2132 2068 
2073 2133 2071 2071 2133 2132 2074 2134 2135 
2074 2135 2073 2073 2135 2133 2135 2134 2136 
2069 2131 2075 2131 2137 2075 2134 2076 2138 
2074 2076 2134 2139 2136 2134 2138 2139 2134 
2140 2141 2077 2140 2077 2137 2137 2077 2075 
2140 2142 2141 2143 2144 2145 2143 2146 2147 
2145 2146 2143 2147 2148 2149 2146 2148 2147 
2149 2150 2151 2148 2150 2149 2151 2152 2153 
2150 2152 2151 2138 2152 2154 2138 2078 2152 
2138 2076 2078 2078 2153 2152 2139 2138 2154 
2077 2141 2079 2141 2142 2155 2141 2155 2079 
2079 2155 2080 2082 2156 2157 2082 2080 2156 
2080 2155 2156 2156 2158 2157 2159 2160 2161 
2159 2162 2163 2161 2162 2159 2163 2085 2084 
2163 2162 2085 2162 2164 2085 2144 2143 2086 
2144 2086 2164 2164 2086 2085 2087 2086 2143 
2147 2087 2143 2088 2087 2147 2149 2088 2147 
2089 2088 2149 2151 2089 2149 2090 2089 2151 
2153 2090 2151 2078 2090 2153 2082 2157 2091 
2157 2158 2165 2157 2165 2091 2091 2165 2092 
2093 2092 2166 2092 2165 2166 2095 2093 2167 
2093 2166 2167 2097 2095 2168 2095 2167 2168 
2099 2097 2169 2097 2168 2169 2101 2099 2170 
2099 2169 2170 2160 2159 2102 2160 2102 2170 
2170 2102 2101 2103 2102 2159 2163 2103 2159 
2084 2103 2163 2105 2171 2172 2106 2105 2172 
2107 2173 2105 2105 2173 2171 2108 2174 2107 
2107 2174 2173 2109 2175 2108 2108 2175 2174 
2110 2176 2109 2109 2176 2175 2111 2177 2110 
2110 2177 2176 2113 2178 2111 2111 2178 2177 
2178 2113 2114 2179 2178 2114 2116 2180 2181 
2117 2116 2181 2118 2182 2116 2116 2182 2180 
2172 2118 2106 2182 2118 2172 2114 2183 2179 
2119 2183 2114 2121 2184 2119 2119 2184 2183 
2122 2185 2186 2122 2186 2121 2121 2186 2184 
2185 2187 2188 2186 2185 2188 2188 2187 2189 
2123 2190 2191 2124 2123 2191 2181 2123 2117 
2190 2123 2181 2122 2125 2185 2126 2185 2125 
2126 2192 2185 2192 2187 2185 2193 2189 2187 
2192 2193 2187 2127 2194 2128 2127 2195 2194 
2127 2124 2195 2124 2191 2195 2126 2129 2192 
2130 2196 2197 2129 2130 2197 2129 2197 2193 
2129 2193 2192 2196 2198 2199 2197 2196 2199 
2199 2198 2200 2194 2201 2202 2194 2202 2128 
2128 2202 2131 2195 2201 2194 2130 2132 2196 
2133 2196 2132 2198 2196 2133 2198 2203 2200 
2198 2133 2203 2133 2135 2203 2203 2135 2136 
2204 2203 2136 2131 2202 2137 2202 2205 2137 
2206 2207 2208 2206 2209 2210 2208 2209 2206 
2209 2211 2210 2136 2139 2204 2204 2139 2212 
2137 2205 2213 2140 2137 2213 2213 2142 2140 
2214 2142 2213 2215 2216 2217 2215 2145 2144 
2215 2217 2145 2217 2218 2145 2146 2145 2219 
2145 2218 2219 2148 2146 2220 2146 2219 2220 
2207 2206 2150 2207 2150 2220 2220 2150 2148 
2152 2150 2206 2210 2152 2206 2210 2211 2221 
2210 2221 2152 2152 2221 2154 2212 2139 2154 
2221 2212 2154 2142 2214 2222 2155 2142 2222 
2156 2155 2223 2155 2222 2223 2158 2224 2225 
2158 2156 2224 2156 2223 2224 2225 2226 2227 
2224 2226 2225 2227 2228 2229 2226 2228 2227 
2229 2230 2231 2228 2230 2229 2231 2232 2233 
2230 2232 2231 2233 2234 2235 2232 2234 2233 
2235 2161 2160 2235 2234 2161 2234 2236 2161 
2162 2161 2237 2161 2236 2237 2216 2215 2164 
2216 2164 2237 2237 2164 2162 2144 2164 2215 
2158 2225 2165 2166 2165 2225 2227 2166 2225 
2167 2166 2227 2229 2167 2227 2168 2167 2229 
2231 2168 2229 2169 2168 2231 2233 2169 2231 
2170 2169 2233 2235 2170 2233 2160 2170 2235 
2238 2239 2240 2238 2172 2171 2238 2171 2239 
2239 2171 2241 2173 2242 2171 2171 2242 2241 
2174 2243 2173 2173 2243 2242 2175 2244 2174 
2174 2244 2243 2176 2245 2175 2175 2245 2244 
2177 2246 2176 2176 2246 2245 2178 2247 2177 
2177 2247 2246 2247 2178 2179 2248 2247 2179 
2180 2249 2250 2181 2180 2250 2240 2182 2238 
2240 2249 2182 2249 2180 2182 2172 2238 2182 
2179 2251 2248 2183 2251 2179 2184 2252 2183 
2183 2252 2251 2186 2253 2184 2184 2253 2252 
2254 2255 2253 2254 2253 2188 2188 2253 2186 
2188 2189 2254 2190 2256 2257 2191 2190 2257 
2250 2190 2181 2256 2190 2250 2254 2258 2255 
2258 2254 2189 2258 2189 2259 2259 2189 2193 
2191 2257 2195 2257 2260 2195 2193 2261 2259 
2197 2261 2193 2199 2262 2197 2197 2262 2261 
2200 2263 2264 2200 2264 2199 2199 2264 2262 
2264 2263 2265 2201 2266 2202 2201 2267 2266 
2201 2195 2267 2195 2260 2267 2200 2203 2263 
2204 2268 2269 2203 2204 2269 2203 2269 2265 
2203 2265 2263 2269 2268 2270 2266 2271 2205 
2202 2266 2205 2272 2266 2267 2271 2266 2272 
2273 2274 2275 2273 2276 2277 2275 2276 2273 
2277 2278 2279 2276 2278 2277 2279 2208 2207 
2279 2278 2208 2278 2280 2208 2209 2208 2281 
2208 2280 2281 2211 2282 2283 2211 2209 2282 
2209 2281 2282 2268 2282 2284 2268 2212 2282 
2268 2204 2212 2212 2283 2282 2270 2268 2284 
2205 2271 2213 2271 2214 2213 2271 2272 2214 
2272 2285 2214 2286 2287 2288 2286 2217 2216 
2286 2288 2217 2288 2289 2217 2274 2273 2218 
2274 2218 2289 2289 2218 2217 2219 2218 2273 
2277 2219 2273 2220 2219 2277 2279 2220 2277 
2207 2220 2279 2211 2283 2221 2212 2221 2283 
2214 2285 2290 2222 2214 2290 2223 2222 2291 
2222 2290 2291 2224 2223 2292 2223 2291 2292 
2226 2224 2293 2224 2292 2293 2228 2226 2294 
2226 2293 2294 2230 2228 2295 2228 2294 2295 
2232 2230 2296 2230 2295 2296 2234 2232 2297 
2232 2296 2297 2236 2234 2298 2234 2297 2298 
2287 2286 2237 2287 2237 2298 2298 2237 2236 
2216 2237 2286 2299 2300 2301 2299 2302 2303 
2300 2299 2303 2302 2304 2305 2303 2302 2305 
2304 2306 2307 2305 2304 2307 2307 2306 2308 
2239 2309 2310 2240 2239 2310 2241 2311 2239 
2239 2311 2309 2301 2242 2299 2301 2311 2242 
2311 2241 2242 2243 2299 2242 2302 2299 2243 
2244 2302 2243 2304 2302 2244 2245 2304 2244 
2306 2304 2245 2306 2312 2308 2306 2245 2312 
2245 2246 2312 2247 2313 2246 2246 2313 2312 
2248 2314 2315 2248 2315 2247 2247 2315 2313 
2315 2314 2316 2249 2317 2318 2250 2249 2318 
2310 2249 2240 2317 2249 2310 2248 2251 2314 
2314 2319 2316 2314 2251 2319 2251 2252 2319 
2253 2320 2252 2252 2320 2319 2255 2321 2322 
2255 2322 2253 2253 2322 2320 2322 2321 2323 
2256 2324 2325 2257 2256 2325 2318 2256 2250 
2324 2256 2318 2255 2258 2321 2259 2326 2327 
2258 2259 2327 2258 2327 2323 2258 2323 2321 
2326 2328 2329 2327 2326 2329 2328 2330 2331 
2329 2328 2331 2331 2330 2332 2257 2325 2260 
2325 2333 2260 2259 2261 2326 2262 2326 2261 
2328 2326 2262 2264 2328 2262 2330 2328 2264 
2265 2334 2335 2264 2265 2335 2264 2335 2332 
2264 2332 2330 2335 2334 2336 2260 2333 2267 
2333 2337 2267 2338 2339 2340 2340 2341 2338 
2265 2269 2334 2334 2269 2270 2334 2270 2336 
2336 2270 2342 2267 2337 2272 2337 2343 2272 
2275 2344 2345 2274 2344 2275 2276 2275 2346 
2275 2345 2346 2278 2276 2347 2276 2346 2347 
2280 2278 2348 2278 2347 2348 2339 2338 2281 
2339 2281 2348 2348 2281 2280 2338 2341 2349 
2338 2349 2281 2281 2349 2282 2284 2282 2350 
2282 2349 2350 2342 2270 2284 2350 2342 2284 
2351 2352 2285 2351 2285 2343 2343 2285 2272 
2352 2353 2354 2351 2353 2352 2353 2355 2354 
2356 2357 2358 2356 2359 2360 2358 2359 2356 
2360 2288 2287 2360 2359 2288 2359 2361 2288 
2289 2288 2362 2288 2361 2362 2344 2274 2289 
2362 2344 2289 2285 2352 2290 2291 2290 2352 
2354 2291 2352 2354 2355 2363 2354 2363 2291 
2291 2363 2292 2293 2292 2364 2292 2363 2364 
2294 2293 2365 2293 2364 2365 2295 2294 2366 
2294 2365 2366 2296 2295 2367 2295 2366 2367 
2357 2356 2297 2357 2297 2367 2367 2297 2296 
2298 2297 2356 2360 2298 2356 2287 2298 2360 
2368 2369 2370 2368 2301 2300 2368 2300 2369 
2369 2300 2371 2303 2372 2300 2300 2372 2371 
2305 2373 2303 2303 2373 2372 2307 2374 2305 
2305 2374 2373 2308 2375 2376 2308 2376 2307 
2307 2376 2374 2376 2375 2377 2309 2378 2379 
2310 2309 2379 2370 2311 2368 2370 2378 2311 
2378 2309 2311 2301 2368 2311 2308 2312 2375 
2375 2380 2377 2375 2312 2380 2312 2313 2380 
2315 2381 2313 2313 2381 2380 2316 2382 2383 
2316 2383 2315 2315 2383 2381 2382 2384 2385 
2383 2382 2385 2384 2386 2387 2385 2384 2387 
2387 2386 2388 2317 2389 2390 2318 2317 2390 
2379 2317 2310 2389 2317 2379 2316 2319 2382 
2320 2382 2319 2384 2382 2320 2322 2384 2320 
2386 2384 2322 2323 2391 2392 2322 2323 2392 
2322 2392 2388 2322 2388 2386 2392 2391 2393 
2324 2394 2395 2325 2324 2395 2390 2324 2318 
2394 2324 2390 2323 2327 2391 2391 2396 2393 
2391 2327 2396 2327 2329 2396 2331 2397 2329 
2329 2397 2396 2332 2398 2399 2332 2399 2331 
2331 2399 2397 2399 2398 2400 2325 2395 2333 
2395 2401 2333 2332 2335 2398 2336 2402 2403 
2335 2336 2403 2335 2403 2400 2335 2400 2398 
2403 2402 2404 2333 2401 2337 2401 2405 2337 
2406 2407 2408 2406 2409 2410 2408 2409 2406 
2410 2340 2339 2410 2409 2340 2409 2411 2340 
2341 2412 2413 2341 2340 2412 2340 2411 2412 
2413 2414 2415 2412 2414 2413 2402 2414 2416 
2402 2342 2414 2402 2336 2342 2342 2415 2414 
2404 2402 2416 2337 2405 2343 2405 2417 2343 
2418 2419 2420 2418 2345 2344 2418 2420 2345 
2420 2421 2345 2346 2345 2422 2345 2421 2422 
2407 2406 2347 2407 2347 2422 2422 2347 2346 
2348 2347 2406 2410 2348 2406 2339 2348 2410 
2341 2413 2349 2350 2349 2413 2415 2350 2413 
2342 2350 2415 2343 2417 2423 2351 2343 2423 
2353 2351 2424 2351 2423 2424 2355 2425 2426 
2355 2353 2425 2353 2424 2425 2426 2427 2428 
2425 2427 2426 2428 2429 2430 2427 2429 2428 
2430 2431 2432 2429 2431 2430 2432 2433 2434 
2431 2433 2432 2434 2358 2357 2434 2433 2358 
2433 2435 2358 2359 2358 2436 2358 2435 2436 
2361 2359 2437 2359 2436 2437 2419 2418 2362 
2419 2362 2437 2437 2362 2361 2344 2362 2418 
2355 2426 2363 2364 2363 2426 2428 2364 2426 
2365 2364 2428 2430 2365 2428 2366 2365 2430 
2432 2366 2430 2367 2366 2432 2434 2367 2432 
2357 2367 2434 2369 2438 2439 2370 2369 2439 
2371 2440 2369 2369 2440 2438 2372 2441 2371 
2371 2441 2440 2373 2442 2372 2372 2442 2441 
2374 2443 2373 2373 2443 2442 2376 2444 2374 
2374 2444 2443 2377 2445 2446 2377 2446 2376 
2376 2446 2444 2445 2447 2448 2446 2445 2448 
2448 2447 2449 2378 2450 2451 2379 2378 2451 
2439 2378 2370 2450 2378 2439 2377 2380 2445 
2381 2445 2380 2447 2445 2381 2447 2452 2449 
2447 2381 2452 2381 2383 2452 2385 2453 2383 
2383 2453 2452 2387 2454 2385 2385 2454 2453 
2388 2455 2456 2388 2456 2387 2387 2456 2454 
2456 2455 2457 2389 2458 2459 2390 2389 2459 
2451 2389 2379 2458 2389 2451 2388 2392 2455 
2393 2460 2461 2392 2393 2461 2392 2461 2457 
2392 2457 2455 2460 2462 2463 2461 2460 2463 
2462 2464 2465 2463 2462 2465 2465 2464 2466 
2394 2467 2468 2395 2394 2468 2459 2394 2390 
2467 2394 2459 2393 2396 2460 2397 2460 2396 
2462 2460 2397 2399 2462 2397 2464 2462 2399 
2400 2469 2470 2399 2400 2470 2399 2470 2466 
2399 2466 2464 2470 2469 2471 2395 2468 2401 
2468 2472 2401 2400 2403 2469 2469 2403 2404 
2469 2404 2471 2471 2404 2473 2401 2472 2405 
2472 2474 2405 2475 2476 2477 2475 2478 2479 
2477 2478 2475 2479 2408 2407 2479 2478 2408 
2478 2480 2408 2409 2408 2481 2408 2480 2481 
2411 2409 2482 2409 2481 2482 2412 2411 2483 
2411 2482 2483 2414 2412 2484 2412 2483 2484 
2416 2414 2485 2414 2484 2485 2473 2404 2416 
2485 2473 2416 2486 2487 2417 2486 2417 2474 
2474 2417 2405 2486 2488 2487 2489 2490 2491 
2489 2420 2419 2489 2491 2420 2491 2492 2420 
2476 2475 2421 2476 2421 2492 2492 2421 2420 
2422 2421 2475 2479 2422 2475 2407 2422 2479 
2417 2487 2423 2487 2488 2493 2487 2493 2423 
2423 2493 2424 2425 2424 2494 2424 2493 2494 
2427 2425 2495 2425 2494 2495 2429 2427 2496 
2427 2495 2496 2431 2429 2497 2429 2496 2497 
2433 2431 2498 2431 2497 2498 2435 2433 2499 
2433 2498 2499 2436 2435 2500 2435 2499 2500 
2490 2489 2437 2490 2437 2500 2500 2437 2436 
2419 2437 2489 2501 2502 2503 2501 2504 2505 
2502 2501 2505 2504 2506 2507 2505 2504 2507 
2507 2506 2508 2438 2509 2510 2439 2438 2510 
2440 2511 2438 2438 2511 2509 2503 2441 2501 
2503 2511 2441 2511 2440 2441 2442 2501 2441 
2504 2501 2442 2443 2504 2442 2506 2504 2443 
2506 2512 2508 2506 2443 2512 2443 2444 2512 
2446 2513 2444 2444 2513 2512 2448 2514 2446 
2446 2514 2513 2449 2515 2516 2449 2516 2448 
2448 2516 2514 2515 2517 2518 2516 2515 2518 
2517 2519 2520 2518 2517 2520 2519 2521 2522 
2520 2519 2522 2521 2523 2524 2522 2521 2524 
2523 2525 2526 2524 2523 2526 2526 2525 2527 
2450 2528 2529 2451 2450 2529 2510 2450 2439 
2528 2450 2510 2449 2452 2515 2453 2515 2452 
2517 2515 2453 2454 2517 2453 2519 2517 2454 
2456 2519 2454 2521 2519 2456 2457 2521 2456 
2457 2530 2521 2530 2523 2521 2525 2523 2531 
2531 2523 2530 2532 2527 2525 2532 2525 2533 
2533 2525 2531 2532 2533 2534 2458 2535 2536 
2459 2458 2536 2529 2458 2451 2535 2458 2529 
2457 2461 2530 2463 2530 2461 2531 2530 2463 
2465 2531 2463 2533 2531 2465 2466 2537 2538 
2465 2466 2538 2465 2538 2534 2465 2534 2533 
2537 2539 2540 2538 2537 2540 2540 2539 2541 
2467 2542 2543 2468 2467 2543 2536 2467 2459 
2542 2467 2536 2466 2470 2537 2471 2537 2470 
2471 2544 2537 2544 2539 2537 2545 2541 2539 
2545 2539 2546 2546 2539 2544 2545 2546 2547 
2468 2543 2472 2543 2548 2472 2549 2550 2551 
2549 2552 2553 2551 2552 2549 2553 2554 2555 
2552 2554 2553 2555 2556 2557 2554 2556 2555 
2557 2558 2559 2556 2558 2557 2558 2560 2559 
2544 2561 2562 2544 2471 2561 2471 2473 2561 
2546 2544 2562 2563 2546 2562 2547 2546 2563 
2472 2548 2474 2548 2564 2474 2565 2566 2567 
2565 2477 2476 2565 2567 2477 2567 2568 2477 
2478 2477 2569 2477 2568 2569 2550 2549 2480 
2550 2480 2569 2569 2480 2478 2481 2480 2549 
2553 2481 2549 2482 2481 2553 2555 2482 2553 
2483 2482 2555 2557 2483 2555 2484 2483 2557 
2559 2484 2557 2559 2560 2570 2559 2570 2484 
2484 2570 2485 2561 2473 2485 2570 2561 2485 
2474 2564 2571 2486 2474 2571 2571 2488 2486 
2572 2488 2571 2573 2574 2575 2573 2576 2577 
2575 2576 2573 2577 2491 2490 2577 2576 2491 
2576 2578 2491 2566 2565 2492 2566 2492 2578 
2578 2492 2491 2476 2492 2565 2488 2572 2579 
2493 2488 2579 2494 2493 2580 2493 2579 2580 
2495 2494 2581 2494 2580 2581 2496 2495 2582 
2495 2581 2582 2497 2496 2583 2496 2582 2583 
2498 2497 2584 2497 2583 2584 2574 2573 2499 
2574 2499 2584 2584 2499 2498 2500 2499 2573 
2577 2500 2573 2490 2500 2577 2585 2586 2587 
2585 2503 2502 2585 2502 2586 2586 2502 2588 
2505 2589 2502 2502 2589 2588 2507 2590 2505 
2505 2590 2589 2508 2591 2592 2508 2592 2507 
2507 2592 2590 2591 2593 2594 2592 2591 2594 
2593 2595 2596 2594 2593 2596 2595 2597 2598 
2596 2595 2598 2597 2599 2600 2598 2597 2600 
2599 2601 2602 2600 2599 2602 2602 2601 2603 
2509 2604 2605 2510 2509 2605 2587 2511 2585 
2587 2604 2511 2604 2509 2511 2503 2585 2511 
2508 2512 2591 2513 2591 2512 2593 2591 2513 
2514 2593 2513 2595 2593 2514 2516 2595 2514 
2597 2595 2516 2518 2597 2516 2599 2597 2518 
2520 2599 2518 2601 2599 2520 2601 2606 2603 
2601 2520 2606 2520 2522 2606 2524 2607 2522 
2522 2607 2606 2526 2608 2524 2524 2608 2607 
2527 2609 2610 2527 2610 2526 2526 2610 2608 
2610 2609 2611 2528 2612 2613 2529 2528 2613 
2605 2528 2510 2612 2528 2605 2527 2532 2609 
2534 2614 2615 2532 2534 2615 2532 2615 2611 
2532 2611 2609 2614 2616 2617 2615 2614 2617 
2617 2616 2618 2535 2619 2620 2536 2535 2620 
2613 2535 2529 2619 2535 2613 2534 2538 2614 
2540 2614 2538 2616 2614 2540 2541 2621 2622 
2540 2541 2622 2540 2622 2618 2540 2618 2616 
2622 2621 2623 2542 2624 2543 2542 2625 2624 
2542 2536 2625 2536 2620 2625 2541 2545 2621 
2621 2545 2547 2621 2547 2623 2623 2547 2626 
2624 2627 2548 2543 2624 2548 2628 2624 2625 
2627 2624 2628 2629 2630 2631 2629 2551 2550 
2629 2631 2551 2631 2632 2551 2552 2551 2633 
2551 2632 2633 2554 2552 2634 2552 2633 2634 
2556 2554 2635 2554 2634 2635 2558 2556 2636 
2556 2635 2636 2560 2637 2638 2560 2558 2637 
2558 2636 2637 2638 2562 2561 2638 2637 2562 
2637 2639 2562 2563 2562 2640 2562 2639 2640 
2626 2547 2563 2640 2626 2563 2627 2641 2564 
2548 2627 2564 2642 2627 2628 2641 2627 2642 
2643 2644 2645 2643 2567 2566 2643 2645 2567 
2645 2646 2567 2568 2567 2647 2567 2646 2647 
2630 2629 2569 2630 2569 2647 2647 2569 2568 
2550 2569 2629 2560 2638 2570 2561 2570 2638 
2564 2641 2571 2572 2648 2649 2571 2648 2572 
2571 2642 2648 2571 2641 2642 2649 2650 2651 
2648 2650 2649 2651 2652 2653 2650 2652 2651 
2653 2654 2655 2652 2654 2653 2655 2656 2657 
2654 2656 2655 2657 2658 2659 2656 2658 2657 
2659 2575 2574 2659 2658 2575 2658 2660 2575 
2576 2575 2661 2575 2660 2661 2644 2643 2578 
2644 2578 2661 2661 2578 2576 2566 2578 2643 
2572 2649 2579 2580 2579 2649 2651 2580 2649 
2581 2580 2651 2653 2581 2651 2582 2581 2653 
2655 2582 2653 2583 2582 2655 2657 2583 2655 
2584 2583 2657 2659 2584 2657 2574 2584 2659 
2662 2663 2664 2662 2665 2666 2663 2662 2666 
2665 2667 2668 2666 2665 2668 2667 2669 2670 
2668 2667 2670 2669 2671 2672 2670 2669 2672 
2671 2673 2674 2672 2671 2674 2674 2673 2675 
2586 2676 2587 2677 2676 2586 2677 2586 2678 
2678 2586 2588 2664 2589 2662 2664 2678 2589 
2678 2588 2589 2590 2662 2589 2665 2662 2590 
2592 2665 2590 2667 2665 2592 2594 2667 2592 
2669 2667 2594 2596 2669 2594 2671 2669 2596 
2598 2671 2596 2673 2671 2598 2673 2679 2675 
2673 2598 2679 2598 2600 2679 2602 2680 2600 
2600 2680 2679 2603 2681 2682 2603 2682 2602 
2602 2682 2680 2681 2683 2684 2682 2681 2684 
2683 2685 2686 2684 2683 2686 2685 2687 2688 
2686 2685 2688 2688 2687 2689 2604 2690 2605 
2604 2691 2690 2587 2691 2604 2587 2692 2691 
2587 2676 2692 2677 2692 2676 2603 2606 2681 
2607 2681 2606 2683 2681 2607 2608 2683 2607 
2685 2683 2608 2610 2685 2608 2687 2685 2610 
2611 2693 2694 2610 2611 2694 2610 2694 2689 
2610 2689 2687 2693 2695 2696 2694 2693 2696 
2696 2695 2697 2612 2698 2699 2613 2612 2699 
2690 2612 2605 2690 2700 2612 2700 2698 2612 
2691 2700 2690 2611 2615 2693 2617 2693 2615 
2695 2693 2617 2618 2701 2702 2617 2618 2702 
2617 2702 2697 2617 2697 2695 2702 2701 2703 
2619 2704 2705 2620 2619 2705 2699 2619 2613 
2704 2619 2699 2618 2622 2701 2623 2706 2707 
2622 2623 2707 2622 2707 2703 2622 2703 2701 
2706 2708 2709 2707 2706 2709 2709 2708 2710 
2620 2705 2625 2705 2711 2625 2712 2713 2714 
2712 2715 2716 2714 2715 2712 2716 2717 2718 
2715 2717 2716 2718 2719 2720 2717 2719 2718 
2720 2721 2722 2719 2721 2720 2722 2723 2724 
2721 2723 2722 2723 2725 2724 2726 2727 2728 
2706 2728 2729 2706 2626 2728 2706 2623 2626 
2626 2726 2728 2708 2706 2729 2730 2708 2729 
2710 2708 2730 2625 2711 2628 2711 2731 2628 
2732 2733 2734 2732 2631 2630 2732 2734 2631 
2734 2735 2631 2713 2712 2632 2713 2632 2735 
2735 2632 2631 2633 2632 2712 2716 2633 2712 
2634 2633 2716 2718 2634 2716 2635 2634 2718 
2720 2635 2718 2636 2635 2720 2722 2636 2720 
2637 2636 2722 2724 2637 2722 2724 2725 2736 
2724 2736 2637 2637 2736 2639 2727 2726 2640 
2727 2640 2736 2736 2640 2639 2626 2640 2726 
2628 2731 2642 2731 2737 2642 2738 2739 2740 
2738 2645 2644 2738 2740 2645 2740 2741 2645 
2646 2645 2742 2645 2741 2742 2733 2732 2647 
2733 2647 2742 2742 2647 2646 2630 2647 2732 
2642 2737 2743 2648 2642 2743 2650 2648 2744 
2648 2743 2744 2652 2650 2745 2650 2744 2745 
2654 2652 2746 2652 2745 2746 2656 2654 2747 
2654 2746 2747 2658 2656 2748 2656 2747 2748 
2660 2658 2749 2658 2748 2749 2739 2738 2661 
2739 2661 2749 2749 2661 2660 2644 2661 2738 
2750 2751 2752 2750 2753 2754 2751 2750 2754 
2754 2753 2755 2663 2756 2757 2664 2663 2757 
2752 2666 2750 2752 2756 2666 2756 2663 2666 
2668 2750 2666 2753 2750 2668 2753 2758 2755 
2753 2668 2758 2668 2670 2758 2672 2759 2670 
2670 2759 2758 2674 2760 2672 2672 2760 2759 
2675 2761 2762 2675 2762 2674 2674 2762 2760 
2761 2763 2764 2762 2761 2764 2764 2763 2765 
2678 2766 2767 2677 2678 2767 2757 2678 2664 
2766 2678 2757 2675 2679 2761 2680 2761 2679 
2763 2761 2680 2763 2768 2765 2763 2680 2768 
2680 2682 2768 2684 2769 2682 2682 2769 2768 
2686 2770 2684 2684 2770 2769 2688 2771 2686 
2686 2771 2770 2689 2772 2773 2689 2773 2688 
2688 2773 2771 2772 2774 2775 2773 2772 2775 
2775 2774 2776 2692 2777 2778 2691 2692 2778 
2767 2692 2677 2777 2692 2767 2689 2694 2772 
2696 2772 2694 2774 2772 2696 2697 2779 2780 
2696 2697 2780 2696 2780 2776 2696 2776 2774 
2780 2779 2781 2698 2782 2783 2699 2698 2783 
2700 2784 2698 2698 2784 2782 2778 2700 2691 
2784 2700 2778 2697 2702 2779 2703 2785 2786 
2702 2703 2786 2702 2786 2781 2702 2781 2779 
2786 2785 2787 2704 2788 2705 2704 2789 2788 
2704 2699 2789 2699 2783 2789 2703 2707 2785 
2785 2707 2709 2785 2709 2790 2785 2790 2787 
2790 2709 2791 2709 2710 2791 2788 2792 2793 
2788 2793 2705 2705 2793 2711 2789 2792 2788 
2794 2795 2796 2794 2714 2713 2794 2796 2714 
2796 2797 2714 2715 2714 2798 2714 2797 2798 
2717 2715 2799 2715 2798 2799 2719 2717 2800 
2717 2799 2800 2721 2719 2801 2719 2800 2801 
2723 2721 2802 2721 2801 2802 2725 2803 2804 
2725 2723 2803 2723 2802 2803 2804 2728 2727 
2804 2803 2728 2803 2805 2728 2729 2728 2806 
2728 2805 2806 2790 2791 2730 2790 2730 2806 
2806 2730 2729 2710 2730 2791 2711 2793 2731 
2793 2807 2731 2808 2809 2810 2808 2734 2733 
2808 2810 2734 2810 2811 2734 2795 2794 2735 
2795 2735 2811 2811 2735 2734 2713 2735 2794 
2725 2804 2736 2727 2736 2804 2812 2813 2737 
2812 2737 2807 2807 2737 2731 2812 2814 2813 
2815 2816 2817 2815 2740 2739 2815 2817 2740 
2817 2818 2740 2741 2740 2819 2740 2818 2819 
2809 2808 2742 2809 2742 2819 2819 2742 2741 
2733 2742 2808 2737 2813 2743 2813 2814 2820 
2813 2820 2743 2743 2820 2744 2745 2744 2821 
2744 2820 2821 2746 2745 2822 2745 2821 2822 
2747 2746 2823 2746 2822 2823 2748 2747 2824 
2747 2823 2824 2816 2815 2749 2816 2749 2824 
2824 2749 2748 2739 2749 2815 2751 2825 2826 
2752 2751 2826 2754 2827 2751 2751 2827 2825 
2755 2828 2829 2755 2829 2754 2754 2829 2827 
2828 2830 2831 2829 2828 2831 2830 2832 2833 
2831 2830 2833 2832 2834 2835 2833 2832 2835 
2834 2836 2837 2835 2834 2837 2837 2836 2838 
2756 2839 2840 2757 2756 2840 2826 2756 2752 
2839 2756 2826 2755 2758 2828 2759 2828 2758 
2830 2828 2759 2760 2830 2759 2832 2830 2760 
2762 2832 2760 2834 2832 2762 2764 2834 2762 
2836 2834 2764 2765 2841 2842 2764 2765 2842 
2764 2842 2838 2764 2838 2836 2841 2843 2844 
2842 2841 2844 2843 2845 2846 2844 2843 2846 
2845 2847 2848 2846 2845 2848 2847 2849 2850 
2848 2847 2850 2849 2851 2852 2850 2849 2852 
2852 2851 2853 2766 2854 2855 2767 2766 2855 
2840 2766 2757 2854 2766 2840 2765 2768 2841 
2769 2841 2768 2843 2841 2769 2770 2843 2769 
2845 2843 2770 2771 2845 2770 2847 2845 2771 
2773 2847 2771 2849 2847 2773 2775 2849 2773 
2851 2849 2775 2776 2856 2857 2775 2776 2857 
2775 2857 2853 2775 2853 2851 2857 2856 2858 
2777 2859 2778 2777 2860 2859 2777 2767 2860 
2767 2855 2860 2776 2780 2856 2856 2780 2781 
2856 2781 2858 2858 2781 2861 2782 2862 2783 
2782 2784 2863 2862 2782 2863 2784 2864 2863 
2778 2864 2784 2778 2865 2864 2778 2859 2865 
2860 2865 2859 2781 2866 2861 2786 2866 2781 
2866 2786 2787 2867 2866 2787 2862 2868 2789 
2783 2862 2789 2869 2863 2870 2869 2868 2863 
2868 2862 2863 2864 2870 2863 2871 2872 2873 
2871 2874 2875 2873 2874 2871 2875 2876 2877 
2874 2876 2875 2877 2878 2879 2876 2878 2877 
2879 2880 2881 2878 2880 2879 2881 2882 2883 
2880 2882 2881 2883 2884 2885 2882 2884 2883 
2885 2886 2887 2884 2886 2885 2887 2886 2867 
2887 2867 2790 2790 2867 2787 2792 2888 2793 
2792 2889 2888 2789 2889 2792 2789 2890 2889 
2789 2868 2890 2869 2890 2868 2891 2892 2893 
2891 2796 2795 2891 2893 2796 2893 2894 2796 
2797 2796 2895 2796 2894 2895 2872 2871 2798 
2872 2798 2895 2895 2798 2797 2799 2798 2871 
2875 2799 2871 2800 2799 2875 2877 2800 2875 
2801 2800 2877 2879 2801 2877 2802 2801 2879 
2881 2802 2879 2803 2802 2881 2883 2803 2881 
2805 2803 2883 2885 2805 2883 2806 2805 2885 
2887 2806 2885 2790 2806 2887 2888 2896 2807 
2793 2888 2807 2897 2888 2889 2896 2888 2897 
2810 2898 2899 2809 2898 2810 2892 2891 2811 
2892 2811 2899 2899 2811 2810 2795 2811 2891 
2807 2896 2812 2814 2900 2901 2812 2900 2814 
2812 2897 2900 2812 2896 2897 2901 2902 2903 
2900 2902 2901 2903 2904 2905 2902 2904 2903 
2905 2906 2907 2904 2906 2905 2907 2908 2909 
2906 2908 2907 2909 2817 2816 2909 2908 2817 
2908 2910 2817 2818 2817 2911 2817 2910 2911 
2819 2818 2912 2818 2911 2912 2898 2809 2819 
2912 2898 2819 2814 2901 2820 2821 2820 2901 
2903 2821 2901 2822 2821 2903 2905 2822 2903 
2823 2822 2905 2907 2823 2905 2824 2823 2907 
2909 2824 2907 2816 2824 2909 2913 2914 2915 
2913 2916 2917 2914 2913 2917 2917 2916 2918 
2919 2920 2921 2919 2922 2923 2920 2919 2923 
2922 2924 2925 2923 2922 2925 2924 2926 2927 
2925 2924 2927 2926 2928 2929 2927 2926 2929 
2928 2930 2931 2929 2928 2931 2930 2932 2933 
2931 2930 2933 2933 2932 2934 2825 2935 2936 
2826 2825 2936 2915 2827 2913 2915 2935 2827 
2935 2825 2827 2829 2913 2827 2916 2913 2829 
2916 2937 2918 2916 2829 2937 2829 2831 2937 
2921 2833 2919 2921 2937 2833 2937 2831 2833 
2835 2919 2833 2922 2919 2835 2837 2922 2835 
2924 2922 2837 2838 2924 2837 2838 2938 2924 
2938 2926 2924 2928 2926 2939 2939 2926 2938 
2930 2928 2940 2940 2928 2939 2932 2930 2941 
2941 2930 2940 2942 2934 2932 2942 2932 2943 
2943 2932 2941 2943 2944 2945 2942 2943 2945 
2944 2946 2947 2945 2944 2947 2947 2946 2948 
2839 2949 2950 2840 2839 2950 2936 2839 2826 
2949 2839 2936 2838 2842 2938 2844 2938 2842 
2939 2938 2844 2846 2939 2844 2940 2939 2846 
2848 2940 2846 2941 2940 2848 2850 2941 2848 
2943 2941 2850 2852 2943 2850 2944 2943 2852 
2853 2944 2852 2853 2951 2944 2951 2946 2944 
2952 2948 2946 2951 2952 2946 2854 2953 2855 
2854 2954 2953 2854 2840 2954 2840 2950 2954 
2853 2857 2951 2858 2955 2956 2857 2858 2956 
2857 2956 2952 2857 2952 2951 2956 2955 2957 
2953 2958 2959 2953 2959 2855 2855 2959 2860 
2954 2958 2953 2955 2861 2960 2858 2861 2955 
2961 2957 2955 2960 2961 2955 2865 2962 2963 
2864 2865 2963 2959 2865 2860 2962 2865 2959 
2964 2965 2966 2964 2967 2968 2966 2967 2964 
2968 2969 2970 2967 2969 2968 2970 2971 2972 
2969 2971 2970 2972 2973 2974 2971 2973 2972 
2974 2975 2976 2973 2975 2974 2977 2861 2975 
2977 2960 2861 2975 2861 2976 2866 2978 2861 
2976 2861 2978 2960 2977 2961 2866 2867 2978 
2870 2979 2980 2869 2870 2980 2963 2870 2864 
2979 2870 2963 2981 2982 2983 2981 2873 2872 
2981 2983 2873 2983 2984 2873 2965 2964 2874 
2965 2874 2984 2984 2874 2873 2876 2874 2964 
2968 2876 2964 2878 2876 2968 2970 2878 2968 
2880 2878 2970 2972 2880 2970 2882 2880 2972 
2974 2882 2972 2884 2882 2974 2976 2884 2974 
2886 2884 2976 2978 2886 2976 2867 2886 2978 
2890 2985 2986 2889 2890 2986 2980 2890 2869 
2985 2890 2980 2893 2987 2988 2892 2987 2893 
2894 2893 2989 2893 2988 2989 2982 2981 2895 
2982 2895 2989 2989 2895 2894 2872 2895 2981 
2990 2991 2897 2990 2897 2986 2986 2897 2889 
2990 2992 2991 2993 2994 2995 2993 2899 2898 
2993 2995 2899 2995 2996 2899 2987 2892 2899 
2996 2987 2899 2897 2991 2900 2991 2992 2997 
2991 2997 2900 2900 2997 2902 2904 2902 2998 
2902 2997 2998 2906 2904 2999 2904 2998 2999 
2908 2906 3000 2906 2999 3000 2910 2908 3001 
2908 3000 3001 2911 2910 3002 2910 3001 3002 
2994 2993 2912 2994 2912 3002 3002 2912 2911 
2898 2912 2993 3003 3004 3005 3003 3006 3007 
3004 3003 3007 3007 3006 3008 3009 3010 3011 
3009 3012 3013 3010 3009 3013 3013 3012 3014 
3015 3016 3017 3005 3016 3015 3005 3015 3003 
3003 3015 3018 3006 3003 3019 3019 3003 3018 
3020 3008 3006 3020 3006 3021 3021 3006 3019 
3021 3022 3023 3020 3021 3023 3022 3024 3025 
3023 3022 3025 3011 3025 3024 3011 3024 3009 
3009 3024 3026 3012 3009 3027 3027 3009 3026 
3028 3014 3012 3027 3028 3012 3029 3030 3031 
3030 3029 3032 3033 3034 3035 3033 3036 3037 
3034 3033 3037 3017 3037 3036 3017 3036 3015 
3015 3036 3038 3018 3015 3039 3039 3015 3038 
3019 3018 3040 3040 3018 3039 3021 3019 3041 
3041 3019 3040 3022 3021 3042 3042 3021 3041 
3024 3022 3043 3043 3022 3042 3026 3024 3044 
3044 3024 3043 3027 3026 3045 3045 3026 3044 
3046 3028 3027 3046 3027 3047 3047 3027 3045 
3046 3047 3048 2914 3049 3050 2915 2914 3050 
3031 2917 3029 3031 3049 2917 3049 2914 2917 
2918 3051 3052 2917 2918 3052 2917 3052 3032 
2917 3032 3029 3035 3052 3051 3033 3035 3051 
3033 3051 2921 3033 2921 2920 2923 3033 2920 
3036 3033 2923 2925 3036 2923 3038 3036 2925 
2927 3038 2925 3039 3038 2927 2929 3039 2927 
3040 3039 2929 2931 3040 2929 3041 3040 2931 
2933 3041 2931 3042 3041 2933 2934 3042 2933 
2934 3053 3042 3053 3043 3042 3044 3043 3054 
3054 3043 3053 3045 3044 3055 3055 3044 3054 
3047 3045 3056 3056 3045 3055 3057 3048 3047 
3056 3057 3047 2935 3058 3059 2936 2935 3059 
3050 2935 2915 3058 2935 3050 2918 2937 3051 
2921 3051 2937 2934 2942 3053 2945 3053 2942 
3054 3053 2945 2947 3054 2945 3055 3054 2947 
2948 3055 2947 2948 3060 3055 3060 3056 3055 
3061 3057 3056 3060 3061 3056 2949 3062 3063 
2950 2949 3063 3059 2949 2936 3062 2949 3059 
3060 2952 3064 2948 2952 3060 3065 3061 3060 
3064 3065 3060 2950 3063 2954 3063 3066 2954 
2952 2956 3064 3064 2956 2957 3064 2957 3065 
3065 2957 3067 2958 3068 3069 2959 2958 3069 
3066 2958 2954 3068 2958 3066 3070 3071 3072 
3070 3073 3074 3072 3073 3070 3074 3075 3076 
3073 3075 3074 3075 3077 3076 3078 3079 3080 
3078 3080 3067 3078 3067 2961 2961 3067 2957 
2962 3081 2963 2962 3082 3081 2962 2959 3082 
2959 3069 3082 3083 3084 3085 3083 2966 2965 
3083 3085 2966 3085 3086 2966 2967 2966 3087 
2966 3086 3087 3071 3070 2969 3071 2969 3087 
3087 2969 2967 2971 2969 3070 3074 2971 3070 
2973 2971 3074 3076 2973 3074 3076 3077 3088 
3076 3088 2973 2973 3088 2975 3079 3078 2977 
3079 2977 3088 3088 2977 2975 2961 2977 3078 
2979 3089 2980 2979 3090 3089 2963 3090 2979 
2963 3091 3090 2963 3081 3091 3082 3091 3081 
3092 3093 3094 3092 2983 2982 3092 3094 2983 
3094 3095 2983 3084 3083 2984 3084 2984 3095 
3095 2984 2983 2965 2984 3083 2985 3096 2986 
2985 2980 3089 2985 3089 3096 3096 3089 3097 
3098 3089 3090 3097 3089 3098 3099 3100 3101 
3099 2988 2987 3099 3101 2988 3101 3102 2988 
3093 3092 2989 3093 2989 3102 3102 2989 2988 
2982 2989 3092 2986 3096 2990 2992 2990 3096 
2992 3096 3103 3103 3096 3097 3104 3097 3098 
3103 3097 3104 3105 3106 3107 3105 3108 3109 
3107 3108 3105 3109 3110 3111 3108 3110 3109 
3111 3112 3113 3110 3112 3111 3113 2995 2994 
3113 3112 2995 3112 3114 2995 3100 3099 2996 
3100 2996 3114 3114 2996 2995 2987 2996 3099 
2992 3103 2997 3103 3104 3115 3103 3115 2997 
2997 3115 2998 3106 3105 2999 3106 2999 3115 
3115 2999 2998 3000 2999 3105 3109 3000 3105 
3001 3000 3109 3111 3001 3109 3002 3001 3111 
3113 3002 3111 2994 3002 3113 3116 3117 3118 
3116 3119 3120 3117 3116 3120 3120 3119 3121 
3122 3123 3124 3122 3125 3126 3123 3122 3126 
3118 3126 3125 3118 3125 3116 3116 3125 3127 
3119 3116 3128 3128 3116 3127 3129 3121 3119 
3129 3119 3130 3130 3119 3128 3130 3131 3132 
3129 3130 3132 3131 3133 3134 3132 3131 3134 
3133 3135 3136 3134 3133 3136 3136 3135 3137 
3138 3139 3140 3124 3139 3138 3124 3138 3122 
3122 3138 3141 3125 3122 3142 3142 3122 3141 
3127 3125 3143 3143 3125 3142 3128 3127 3144 
3144 3127 3143 3130 3128 3145 3145 3128 3144 
3131 3130 3146 3146 3130 3145 3133 3131 3147 
3147 3131 3146 3135 3133 3148 3148 3133 3147 
3149 3137 3135 3149 3135 3150 3150 3135 3148 
3150 3151 3152 3149 3150 3152 3151 3153 3154 
3152 3151 3154 3154 3153 3155 3156 3157 3158 
3140 3157 3156 3138 3140 3156 3138 3156 3005 
3138 3005 3004 3007 3138 3004 3141 3138 3007 
3008 3141 3007 3008 3159 3141 3159 3142 3141 
3143 3142 3160 3160 3142 3159 3144 3143 3161 
3161 3143 3160 3010 3161 3011 3010 3145 3161 
3145 3144 3161 3013 3145 3010 3146 3145 3013 
3014 3146 3013 3014 3162 3146 3162 3147 3146 
3148 3147 3163 3163 3147 3162 3150 3148 3164 
3164 3148 3163 3151 3150 3165 3165 3150 3164 
3153 3151 3166 3166 3151 3165 3167 3155 3153 
3166 3167 3153 3168 3169 3170 3168 3171 3172 
3169 3168 3172 3171 3173 3174 3172 3171 3174 
3158 3174 3173 3156 3158 3173 3156 3173 3017 
3156 3017 3016 3005 3156 3016 3008 3020 3159 
3023 3159 3020 3160 3159 3023 3025 3160 3023 
3161 3160 3025 3011 3161 3025 3162 3028 3175 
3014 3028 3162 3163 3162 3176 3176 3162 3175 
3164 3163 3177 3177 3163 3176 3165 3164 3178 
3178 3164 3177 3179 3180 3166 3179 3166 3178 
3178 3166 3165 3167 3166 3180 3030 3181 3182 
3031 3030 3182 3032 3183 3168 3032 3168 3181 
3032 3181 3030 3181 3168 3170 3034 3183 3035 
3034 3171 3183 3171 3168 3183 3037 3171 3034 
3173 3171 3037 3017 3173 3037 3028 3046 3175 
3048 3175 3046 3048 3184 3175 3184 3176 3175 
3185 3186 3177 3185 3177 3184 3184 3177 3176 
3178 3177 3186 3187 3178 3186 3179 3178 3187 
3049 3188 3189 3050 3049 3189 3182 3049 3031 
3188 3049 3182 3032 3052 3183 3035 3183 3052 
3184 3057 3190 3048 3057 3184 3191 3185 3184 
3190 3191 3184 3058 3192 3193 3059 3058 3193 
3189 3058 3050 3192 3058 3189 3190 3061 3194 
3057 3061 3190 3195 3191 3190 3194 3195 3190 
3062 3196 3063 3062 3197 3196 3062 3059 3197 
3059 3193 3197 3194 3198 3199 3194 3061 3198 
3061 3065 3198 3195 3194 3199 3196 3200 3201 
3196 3201 3063 3063 3201 3066 3197 3200 3196 
3065 3067 3198 3198 3067 3202 3068 3203 3069 
3068 3204 3203 3068 3066 3204 3066 3201 3204 
3205 3206 3207 3205 3072 3071 3205 3207 3072 
3207 3208 3072 3073 3072 3209 3072 3208 3209 
3075 3073 3210 3073 3209 3210 3077 3211 3212 
3077 3075 3211 3075 3210 3211 3212 3080 3079 
3212 3211 3080 3211 3213 3080 3202 3067 3080 
3213 3202 3080 3203 3214 3215 3203 3215 3069 
3069 3215 3082 3204 3214 3203 3216 3217 3218 
3216 3085 3084 3216 3218 3085 3218 3219 3085 
3086 3085 3220 3085 3219 3220 3206 3205 3087 
3206 3087 3220 3220 3087 3086 3071 3087 3205 
3077 3212 3088 3079 3088 3212 3091 3221 3090 
3091 3222 3221 3091 3082 3222 3082 3215 3222 
3223 3224 3225 3223 3226 3227 3225 3226 3223 
3227 3094 3093 3227 3226 3094 3226 3228 3094 
3217 3216 3095 3217 3095 3228 3228 3095 3094 
3084 3095 3216 3221 3229 3098 3090 3221 3098 
3230 3221 3222 3229 3221 3230 3231 3232 3233 
3224 3231 3233 3223 3231 3224 3223 3100 3231 
3223 3101 3100 3102 3101 3223 3227 3102 3223 
3093 3102 3227 3229 3234 3104 3098 3229 3104 
3106 3235 3107 3106 3229 3235 3106 3234 3229 
3230 3235 3229 3108 3107 3236 3107 3235 3236 
3110 3108 3237 3108 3236 3237 3112 3110 3238 
3110 3237 3238 3232 3231 3114 3232 3114 3238 
3238 3114 3112 3100 3114 3231 3104 3234 3115 
3106 3115 3234 3239 3240 3241 3240 3239 3242 
3117 3243 3118 3117 3120 3244 3243 3117 3244 
3120 3121 3244 3245 3246 3247 3241 3246 3245 
3239 3241 3245 3239 3245 3124 3239 3124 3123 
3239 3248 3242 3239 3123 3248 3123 3126 3248 
3243 3126 3118 3243 3249 3126 3249 3248 3126 
3244 3249 3243 3250 3249 3244 3121 3250 3244 
3121 3129 3250 3129 3251 3250 3132 3252 3129 
3129 3252 3251 3134 3253 3132 3132 3253 3252 
3136 3254 3134 3134 3254 3253 3137 3255 3256 
3137 3256 3136 3136 3256 3254 3255 3257 3258 
3256 3255 3258 3258 3257 3259 3260 3261 3262 
3247 3261 3260 3245 3247 3260 3245 3260 3140 
3245 3140 3139 3124 3245 3139 3137 3149 3255 
3152 3255 3149 3257 3255 3152 3257 3263 3259 
3257 3152 3263 3152 3154 3263 3263 3154 3155 
3264 3263 3155 3265 3266 3267 3265 3268 3269 
3266 3265 3269 3262 3269 3268 3260 3262 3268 
3260 3268 3158 3260 3158 3157 3140 3260 3157 
3155 3167 3264 3264 3167 3270 3169 3271 3272 
3170 3169 3272 3267 3172 3265 3267 3271 3172 
3271 3169 3172 3174 3265 3172 3268 3265 3174 
3158 3268 3174 3180 3273 3274 3179 3273 3180 
3270 3167 3180 3274 3270 3180 3181 3275 3276 
3182 3181 3276 3272 3181 3170 3275 3181 3272 
3186 3185 3277 3278 3186 3277 3278 3279 3186 
3279 3187 3186 3273 3179 3187 3279 3273 3187 
3188 3280 3281 3189 3188 3281 3276 3188 3182 
3280 3188 3276 3277 3282 3283 3277 3185 3282 
3185 3191 3282 3278 3277 3283 3192 3284 3285 
3193 3192 3285 3281 3192 3189 3284 3192 3281 
3191 3195 3282 3282 3195 3286 3193 3285 3197 
3285 3287 3197 3199 3198 3288 3199 3288 3289 
3199 3289 3195 3195 3289 3286 3200 3290 3291 
3201 3200 3291 3287 3200 3197 3290 3200 3287 
3292 3293 3294 3292 3295 3296 3294 3295 3292 
3296 3297 3298 3295 3297 3296 3298 3299 3300 
3297 3299 3298 3300 3301 3302 3299 3301 3300 
3288 3301 3303 3288 3202 3301 3288 3198 3202 
3202 3302 3301 3289 3288 3303 3201 3291 3204 
3291 3304 3204 3305 3306 3307 3305 3207 3206 
3305 3307 3207 3307 3308 3207 3293 3292 3208 
3293 3208 3308 3308 3208 3207 3209 3208 3292 
3296 3209 3292 3210 3209 3296 3298 3210 3296 
3211 3210 3298 3300 3211 3298 3213 3211 3300 
3302 3213 3300 3202 3213 3302 3214 3309 3215 
3214 3310 3309 3214 3204 3310 3204 3304 3310 
3311 3312 3313 3311 3218 3217 3311 3313 3218 
3313 3314 3218 3219 3218 3315 3218 3314 3315 
3306 3305 3220 3306 3220 3315 3315 3220 3219 
3206 3220 3305 3309 3316 3222 3215 3309 3222 
3317 3309 3310 3316 3309 3317 3318 3319 3320 
3318 3225 3224 3318 3320 3225 3320 3321 3225 
3226 3225 3322 3225 3321 3322 3312 3311 3228 
3312 3228 3322 3322 3228 3226 3217 3228 3311 
3316 3323 3324 3316 3324 3222 3222 3324 3230 
3317 3323 3316 3325 3326 3327 3325 3328 3329 
3327 3328 3325 3319 3329 3328 3318 3329 3319 
3318 3232 3329 3318 3233 3232 3224 3233 3318 
3230 3324 3330 3235 3230 3330 3236 3235 3331 
3235 3330 3331 3326 3325 3237 3326 3237 3331 
3331 3237 3236 3238 3237 3325 3329 3238 3325 
3232 3238 3329 3332 3333 3334 3332 3335 3336 
3333 3332 3336 3336 3335 3337 3338 3339 3340 
3334 3339 3338 3334 3338 3332 3332 3338 3341 
3240 3342 3241 3335 3341 3343 3335 3332 3341 
3341 3344 3343 3335 3343 3337 3240 3242 3342 
3345 3346 3347 3340 3346 3345 3340 3345 3338 
3338 3345 3348 3246 3348 3247 3246 3341 3348 
3341 3338 3348 3341 3349 3344 3341 3246 3349 
3342 3349 3241 3241 3349 3246 3350 3351 3349 
3248 3350 3349 3248 3349 3342 3248 3342 3242 
3248 3249 3352 3350 3248 3352 3353 3352 3249 
3353 3249 3354 3354 3249 3250 3251 3355 3250 
3250 3355 3354 3252 3356 3251 3251 3356 3355 
3253 3357 3252 3252 3357 3356 3254 3358 3253 
3253 3358 3357 3256 3359 3254 3254 3359 3358 
3258 3360 3256 3256 3360 3359 3360 3258 3259 
3361 3360 3259 3362 3345 3347 3363 3362 3347 
3261 3362 3262 3261 3348 3362 3348 3345 3362 
3247 3348 3261 3350 3364 3351 3352 3364 3350 
3365 3364 3352 3353 3365 3352 3366 3259 3263 
3366 3367 3259 3367 3361 3259 3263 3264 3366 
3266 3368 3369 3267 3266 3369 3363 3269 3362 
3363 3368 3269 3368 3266 3269 3262 3362 3269 
3370 3367 3366 3371 3367 3370 3264 3270 3370 
3366 3264 3370 3271 3372 3373 3272 3271 3373 
3369 3271 3267 3372 3271 3369 3274 3371 3370 
3274 3273 3371 3273 3374 3371 3270 3274 3370 
3275 3375 3376 3276 3275 3376 3373 3275 3272 
3375 3275 3373 3279 3377 3378 3278 3377 3279 
3374 3273 3279 3378 3374 3279 3280 3379 3281 
3280 3380 3379 3280 3276 3380 3276 3376 3380 
3283 3381 3382 3282 3381 3283 3377 3278 3283 
3382 3377 3283 3284 3383 3285 3284 3384 3383 
3281 3384 3284 3281 3385 3384 3281 3379 3385 
3380 3385 3379 3282 3286 3381 3381 3286 3386 
3383 3387 3388 3383 3388 3285 3285 3388 3287 
3384 3387 3383 3389 3390 3391 3389 3392 3393 
3391 3392 3389 3393 3394 3395 3392 3394 3393 
3395 3396 3397 3394 3396 3395 3397 3398 3399 
3396 3398 3397 3399 3398 3386 3399 3386 3289 
3289 3386 3286 3290 3400 3291 3290 3401 3400 
3290 3287 3401 3287 3388 3401 3402 3403 3404 
3402 3405 3406 3404 3405 3402 3406 3294 3293 
3406 3405 3294 3405 3407 3294 3390 3389 3295 
3390 3295 3407 3407 3295 3294 3297 3295 3389 
3393 3297 3389 3299 3297 3393 3395 3299 3393 
3301 3299 3395 3397 3301 3395 3303 3301 3397 
3399 3303 3397 3289 3303 3399 3400 3408 3304 
3291 3400 3304 3409 3400 3401 3408 3400 3409 
3410 3411 3412 3403 3410 3412 3402 3410 3403 
3402 3306 3410 3402 3307 3306 3308 3307 3402 
3406 3308 3402 3293 3308 3406 3408 3413 3310 
3304 3408 3310 3414 3408 3409 3413 3408 3414 
3415 3416 3417 3415 3313 3312 3415 3417 3313 
3417 3418 3313 3314 3313 3419 3313 3418 3419 
3411 3410 3315 3411 3315 3419 3419 3315 3314 
3306 3315 3410 3413 3420 3317 3310 3413 3317 
3421 3413 3414 3420 3413 3421 3422 3423 3424 
3422 3320 3319 3422 3424 3320 3424 3425 3320 
3321 3320 3426 3320 3425 3426 3416 3415 3322 
3416 3322 3426 3426 3322 3321 3312 3322 3415 
3323 3427 3324 3323 3317 3420 3323 3420 3427 
3427 3420 3428 3326 3429 3327 3326 3420 3429 
3326 3428 3420 3421 3429 3420 3423 3422 3328 
3423 3328 3429 3429 3328 3327 3319 3328 3422 
3324 3427 3330 3331 3330 3427 3428 3331 3427 
3326 3331 3428 3333 3430 3334 3333 3336 3431 
3430 3333 3431 3336 3337 3431 3339 3432 3340 
3339 3433 3432 3334 3433 3339 3334 3434 3433 
3334 3430 3434 3343 3344 3435 3343 3435 3430 
3343 3430 3431 3430 3435 3434 3337 3343 3431 
3346 3436 3437 3347 3346 3437 3432 3346 3340 
3432 3438 3346 3438 3436 3346 3433 3438 3432 
3344 3439 3435 3349 3439 3344 3439 3349 3351 
3440 3439 3351 3354 3441 3353 3354 3355 3442 
3441 3354 3442 3443 3442 3355 3443 3355 3444 
3444 3355 3356 3357 3445 3356 3356 3445 3444 
3358 3446 3357 3357 3446 3445 3359 3447 3358 
3358 3447 3446 3448 3449 3447 3448 3447 3360 
3360 3447 3359 3360 3361 3448 3347 3437 3363 
3437 3450 3363 3351 3451 3440 3364 3451 3351 
3365 3452 3364 3364 3452 3451 3441 3365 3353 
3441 3453 3365 3453 3452 3365 3442 3453 3441 
3454 3453 3442 3443 3454 3442 3448 3455 3449 
3455 3448 3361 3455 3361 3456 3456 3361 3367 
3368 3457 3458 3369 3368 3458 3450 3368 3363 
3457 3368 3450 3367 3371 3456 3456 3371 3459 
3372 3460 3461 3373 3372 3461 3458 3372 3369 
3460 3372 3458 3371 3374 3459 3459 3374 3462 
3375 3463 3464 3376 3375 3464 3461 3375 3373 
3463 3375 3461 3378 3465 3466 3377 3465 3378 
3462 3374 3378 3466 3462 3378 3376 3464 3380 
3464 3467 3380 3468 3469 3470 3468 3471 3472 
3470 3471 3468 3472 3382 3381 3472 3471 3382 
3471 3473 3382 3465 3377 3382 3473 3465 3382 
3385 3474 3475 3384 3385 3475 3467 3385 3380 
3474 3385 3467 3476 3477 3478 3476 3479 3480 
3478 3479 3476 3480 3481 3482 3479 3481 3480 
3469 3482 3481 3469 3468 3482 3468 3483 3482 
3472 3484 3468 3484 3483 3468 3381 3386 3484 
3472 3381 3484 3387 3485 3388 3387 3486 3485 
3387 3384 3486 3384 3475 3486 3487 3488 3489 
3487 3490 3491 3489 3490 3487 3477 3491 3490 
3476 3491 3477 3476 3390 3491 3476 3391 3390 
3392 3391 3476 3480 3392 3476 3394 3392 3480 
3482 3394 3480 3396 3394 3482 3483 3396 3482 
3398 3396 3483 3484 3398 3483 3386 3398 3484 
3485 3492 3401 3388 3485 3401 3493 3485 3486 
3492 3485 3493 3494 3495 3496 3494 3404 3403 
3494 3496 3404 3496 3497 3404 3488 3487 3405 
3488 3405 3497 3497 3405 3404 3407 3405 3487 
3491 3407 3487 3390 3407 3491 3492 3498 3409 
3401 3492 3409 3499 3492 3493 3498 3492 3499 
3500 3501 3502 3495 3500 3502 3494 3500 3495 
3494 3411 3500 3494 3412 3411 3403 3412 3494 
3498 3503 3414 3409 3498 3414 3504 3498 3499 
3503 3498 3504 3505 3506 3507 3505 3417 3416 
3505 3507 3417 3507 3508 3417 3418 3417 3509 
3417 3508 3509 3501 3500 3419 3501 3419 3509 
3509 3419 3418 3411 3419 3500 3503 3510 3421 
3414 3503 3421 3423 3511 3424 3423 3503 3511 
3423 3510 3503 3504 3511 3503 3425 3424 3512 
3424 3511 3512 3506 3505 3426 3506 3426 3512 
3512 3426 3425 3416 3426 3505 3421 3510 3429 
3423 3429 3510 3434 3513 3433 3434 3435 3513 
3436 3514 3437 3515 3514 3436 3515 3436 3516 
3516 3436 3438 3513 3438 3433 3513 3517 3438 
3517 3516 3438 3518 3519 3517 3439 3518 3517 
3439 3517 3513 3439 3513 3435 3439 3440 3518 
3444 3520 3443 3444 3445 3521 3520 3444 3521 
3445 3446 3522 3521 3445 3522 3446 3447 3523 
3522 3446 3523 3447 3449 3523 3514 3524 3525 
3514 3525 3437 3437 3525 3450 3515 3524 3514 
3518 3526 3519 3440 3526 3518 3440 3451 3526 
3451 3527 3526 3452 3528 3451 3451 3528 3527 
3453 3529 3452 3452 3529 3528 3454 3530 3453 
3453 3530 3529 3520 3454 3443 3520 3531 3454 
3531 3530 3454 3521 3531 3520 3532 3531 3521 
3522 3532 3521 3533 3532 3522 3523 3533 3522 
3534 3533 3523 3449 3534 3523 3449 3455 3534 
3455 3535 3534 3535 3455 3456 3536 3535 3456 
3457 3537 3538 3458 3457 3538 3525 3457 3450 
3537 3457 3525 3539 3540 3541 3539 3541 3536 
3539 3536 3459 3459 3536 3456 3460 3542 3543 
3461 3460 3543 3538 3460 3458 3542 3460 3538 
3544 3540 3539 3545 3540 3544 3459 3462 3544 
3539 3459 3544 3463 3546 3464 3463 3547 3546 
3463 3461 3547 3461 3543 3547 3548 3549 3550 
3548 3551 3552 3550 3551 3548 3552 3553 3554 
3551 3553 3552 3545 3554 3553 3544 3554 3545 
3544 3465 3554 3544 3466 3465 3462 3466 3544 
3546 3555 3556 3546 3556 3464 3464 3556 3467 
3547 3555 3546 3557 3558 3559 3557 3560 3561 
3559 3560 3557 3561 3562 3563 3560 3562 3561 
3549 3563 3562 3548 3563 3549 3548 3469 3563 
3548 3470 3469 3471 3470 3548 3552 3471 3548 
3473 3471 3552 3554 3473 3552 3465 3473 3554 
3474 3564 3475 3474 3565 3564 3474 3467 3565 
3467 3556 3565 3566 3567 3568 3558 3566 3568 
3557 3566 3558 3557 3477 3566 3557 3478 3477 
3479 3478 3557 3561 3479 3557 3481 3479 3561 
3563 3481 3561 3469 3481 3563 3564 3569 3486 
3475 3564 3486 3570 3564 3565 3569 3564 3570 
3571 3572 3573 3571 3489 3488 3571 3573 3489 
3573 3574 3489 3567 3566 3490 3567 3490 3574 
3574 3490 3489 3477 3490 3566 3569 3575 3493 
3486 3569 3493 3576 3569 3570 3575 3569 3576 
3577 3578 3579 3577 3496 3495 3577 3579 3496 
3579 3580 3496 3572 3571 3497 3572 3497 3580 
3580 3497 3496 3488 3497 3571 3575 3581 3499 
3493 3575 3499 3582 3575 3576 3581 3575 3582 
3583 3584 3585 3583 3586 3587 3585 3586 3583 
3587 3588 3589 3586 3588 3587 3578 3589 3588 
3577 3589 3578 3577 3501 3589 3577 3502 3501 
3495 3502 3577 3581 3590 3591 3581 3591 3499 
3499 3591 3504 3590 3592 3593 3590 3581 3592 
3594 3592 3582 3582 3592 3581 3584 3592 3594 
3583 3592 3584 3583 3506 3592 3583 3507 3506 
3508 3507 3583 3587 3508 3583 3509 3508 3587 
3589 3509 3587 3501 3509 3589 3504 3591 3595 
3511 3504 3595 3593 3592 3512 3593 3512 3595 
3595 3512 3511 3506 3512 3592 3516 3596 3515 
3516 3517 3597 3596 3516 3597 3517 3519 3597 
3524 3598 3525 3524 3599 3598 3515 3599 3524 
3515 3600 3599 3515 3596 3600 3600 3601 3602 
3600 3596 3601 3596 3597 3601 3519 3526 3603 
3519 3603 3597 3597 3603 3601 3526 3527 3604 
3603 3526 3604 3527 3528 3605 3604 3527 3605 
3606 3605 3528 3606 3528 3607 3607 3528 3529 
3530 3608 3529 3529 3608 3607 3531 3609 3530 
3530 3609 3608 3532 3610 3531 3531 3610 3609 
3533 3611 3532 3532 3611 3610 3534 3612 3533 
3533 3612 3611 3613 3614 3612 3613 3612 3535 
3535 3612 3534 3535 3536 3613 3537 3615 3538 
3537 3616 3615 3525 3616 3537 3525 3617 3616 
3525 3598 3617 3599 3617 3598 3601 3618 3602 
3603 3618 3601 3619 3618 3603 3604 3619 3603 
3620 3619 3604 3605 3620 3604 3621 3620 3605 
3606 3621 3605 3622 3623 3624 3614 3622 3624 
3613 3622 3614 3613 3540 3622 3613 3541 3540 
3536 3541 3613 3542 3625 3543 3542 3626 3625 
3538 3626 3542 3538 3627 3626 3538 3615 3627 
3616 3627 3615 3628 3629 3630 3628 3631 3632 
3630 3631 3628 3623 3632 3631 3623 3622 3632 
3622 3633 3632 3540 3545 3633 3622 3540 3633 
3625 3634 3635 3625 3635 3543 3543 3635 3547 
3626 3634 3625 3636 3637 3638 3636 3639 3640 
3638 3639 3636 3629 3640 3639 3628 3640 3629 
3628 3549 3640 3628 3550 3549 3551 3550 3628 
3632 3551 3628 3553 3551 3632 3633 3553 3632 
3545 3553 3633 3555 3641 3556 3555 3642 3641 
3555 3547 3642 3547 3635 3642 3643 3644 3645 
3643 3559 3558 3643 3645 3559 3645 3646 3559 
3637 3636 3560 3637 3560 3646 3646 3560 3559 
3562 3560 3636 3640 3562 3636 3549 3562 3640 
3641 3647 3565 3556 3641 3565 3648 3641 3642 
3647 3641 3648 3649 3650 3651 3644 3649 3651 
3643 3649 3644 3643 3567 3649 3643 3568 3567 
3558 3568 3643 3647 3652 3570 3565 3647 3570 
3653 3647 3648 3652 3647 3653 3654 3655 3656 
3654 3657 3658 3656 3657 3654 3658 3573 3572 
3658 3657 3573 3657 3659 3573 3650 3649 3574 
3650 3574 3659 3659 3574 3573 3567 3574 3649 
3652 3660 3576 3570 3652 3576 3661 3652 3653 
3660 3652 3661 3662 3663 3664 3662 3665 3666 
3664 3665 3662 3655 3666 3665 3654 3666 3655 
3654 3578 3666 3654 3579 3578 3580 3579 3654 
3658 3580 3654 3572 3580 3658 3660 3667 3582 
3576 3660 3582 3584 3668 3585 3584 3660 3668 
3584 3667 3660 3661 3668 3660 3663 3662 3586 
3663 3586 3668 3668 3586 3585 3588 3586 3662 
3666 3588 3662 3578 3588 3666 3590 3669 3591 
3594 3582 3667 3593 3669 3590 3584 3594 3667 
3591 3669 3595 3593 3595 3669 3600 3670 3599 
3600 3602 3670 3607 3671 3606 3607 3608 3672 
3671 3607 3672 3608 3609 3673 3672 3608 3673 
3609 3610 3674 3673 3609 3674 3610 3611 3675 
3674 3610 3675 3611 3612 3676 3675 3611 3676 
3612 3614 3676 3617 3677 3678 3616 3617 3678 
3670 3617 3599 3670 3679 3617 3679 3677 3617 
3680 3681 3679 3618 3680 3679 3618 3679 3670 
3618 3670 3602 3618 3619 3682 3680 3618 3682 
3619 3620 3683 3682 3619 3683 3684 3683 3620 
3684 3620 3685 3685 3620 3621 3671 3621 3606 
3671 3686 3621 3686 3685 3621 3672 3686 3671 
3687 3686 3672 3687 3688 3689 3687 3672 3688 
3672 3673 3688 3674 3690 3673 3690 3688 3673 
3675 3691 3674 3691 3690 3674 3624 3623 3691 
3624 3691 3676 3676 3691 3675 3614 3624 3676 
3627 3692 3626 3627 3693 3692 3627 3616 3693 
3616 3678 3693 3680 3694 3681 3682 3694 3680 
3695 3694 3682 3683 3695 3682 3696 3695 3683 
3684 3696 3683 3697 3698 3699 3689 3697 3699 
3689 3688 3697 3688 3700 3697 3630 3629 3700 
3630 3700 3690 3690 3700 3688 3631 3630 3690 
3691 3631 3690 3623 3631 3691 3634 3701 3635 
3634 3702 3701 3626 3702 3634 3626 3703 3702 
3626 3692 3703 3693 3703 3692 3704 3705 3706 
3704 3707 3708 3706 3707 3704 3708 3709 3710 
3707 3709 3708 3710 3711 3712 3709 3711 3710 
3698 3712 3711 3697 3712 3698 3697 3637 3712 
3697 3638 3637 3639 3638 3697 3700 3639 3697 
3629 3639 3700 3701 3713 3642 3635 3701 3642 
3714 3701 3702 3713 3701 3714 3715 3716 3717 
3715 3718 3719 3717 3718 3715 3719 3720 3721 
3718 3720 3719 3705 3721 3720 3705 3704 3721 
3704 3722 3721 3708 3723 3704 3723 3722 3704 
3645 3644 3723 3645 3723 3710 3710 3723 3708 
3646 3645 3710 3712 3646 3710 3637 3646 3712 
3713 3724 3648 3642 3713 3648 3725 3713 3714 
3725 3726 3713 3726 3724 3713 3716 3726 3725 
3716 3715 3726 3715 3727 3726 3719 3728 3715 
3728 3727 3715 3721 3729 3719 3729 3728 3719 
3722 3730 3721 3730 3729 3721 3651 3650 3730 
3651 3730 3723 3723 3730 3722 3644 3651 3723 
3724 3731 3732 3724 3732 3648 3648 3732 3653 
3731 3733 3734 3731 3724 3733 3724 3726 3733 
3727 3735 3726 3735 3733 3726 3656 3655 3735 
3656 3735 3728 3728 3735 3727 3657 3656 3728 
3729 3657 3728 3659 3657 3729 3730 3659 3729 
3650 3659 3730 3736 3737 3661 3736 3661 3732 
3732 3661 3653 3734 3737 3736 3733 3737 3734 
3733 3663 3737 3733 3664 3663 3665 3664 3733 
3735 3665 3733 3655 3665 3735 3661 3737 3668 
3663 3668 3737 3677 3738 3678 3677 3679 3739 
3738 3677 3739 3679 3681 3739 3685 3740 3684 
3685 3686 3741 3740 3685 3741 3686 3687 3742 
3741 3686 3742 3687 3689 3742 3738 3743 3693 
3678 3738 3693 3739 3744 3738 3744 3743 3738 
3681 3694 3745 3681 3745 3739 3739 3745 3744 
3694 3695 3746 3745 3694 3746 3695 3696 3747 
3746 3695 3747 3696 3684 3740 3696 3740 3747 
3747 3740 3748 3741 3749 3740 3749 3748 3740 
3699 3698 3749 3699 3749 3742 3742 3749 3741 
3689 3699 3742 3703 3750 3702 3703 3693 3743 
3703 3743 3750 3750 3743 3751 3744 3752 3743 
3752 3751 3743 3745 3753 3744 3753 3752 3744 
3706 3705 3753 3706 3753 3746 3746 3753 3745 
3707 3706 3746 3747 3707 3746 3709 3707 3747 
3748 3709 3747 3711 3709 3748 3749 3711 3748 
3698 3711 3749 3750 3754 3714 3702 3750 3714 
3717 3716 3754 3717 3754 3751 3751 3754 3750 
3718 3717 3751 3752 3718 3751 3720 3718 3752 
3753 3720 3752 3705 3720 3753 3714 3754 3725 
3716 3725 3754 3731 3755 3732 3731 3734 3755 
3732 3755 3736 3734 3736 3755 
CELL_DATA 7508
SCALARS Scalars float
LOOKUP_TABLE default
1 1 1 1 1 1 1 1 1 
1 1 1 1 1 1 1 1 1 
1 1 1 1 1 1 1 1 1 
1 1 1 1 1 1 1 1 1 
1 1 1 1 1 1 1 1 1 
1 1 1 1 1 1 1 1 1 
1 1 1 1 1 1 1 1 1 
1 1 1 1 1 1 1 1 1 
1 1 1 1 1 1 1 1 1 
1 1 1 1 1 1 1 1 1 
1 1 1 1 1 1 1 1 1 
1 1 1 1 1 1 1 1 1 
1 1 1 1 1 1 1 1 1 
1 1 1 1 1 1 1 1 1 
1 1 1 1 1 1 1 1 1 
1 1 1 1 1 1 1 1 1 
1 1 1 1 1 1 1 1 1 
1 1 1 1 1 1 1 1 1 
1 1 1 1 1 1 1 1 1 
1 1 1 1 1 1 1 1 1 
1 1 1 1 1 1 1 1 1 
1 1 1 1 1 1 1 1 1 
1 1 1 1 1 1 1 1 1 
1 1 1 1 1 1 1 1 1 
1 1 1 1 1 1 1 1 1 
1 1 1 1 1 1 1 1 1 
1 1 1 1 1 1 1 1 1 
1 1 1 1 1 1 1 1 1 
1 1 1 1 1 1 1 1 1 
1 1 1 1 1 1 1 1 1 
1 1 1 1 1 1 1 1 1 
1 1 1 1 1 1 1 1 1 
1 1 1 1 1 1 1 1 1 
1 1 1 1 1 1 1 1 1 
1 1 1 1 1 1 1 1 1 
1 1 1 1 1 1 1 1 1 
1 1 1 1 1 1 1 1 1 
1 1 1 1 1 1 1 1 1 
1 1 1 1 1 1 1 1 1 
1 1 1 1 1 1 1 1 1 
1 1 1 1 1 1 1 1 1 
1 1 1 1 1 1 1 1 1 
1 1 1 1 1 1 1 1 1 
1 1 1 1 1 1 1 1 1 
1 1 1 1 1 1 1 1 1 
1 1 1 1 1 1 1 1 1 
1 1 1 1 1 1 1 1 1 
1 1 1 1 1 1 1 1 1 
1 1 1 1 1 1 1 1 1 
1 1 1 1 1 1 1 1 1 
1 1 1 1 1 1 1 1 1 
1 1 1 1 1 1 1 1 1 
1 1 1 1 1 1 1 1 1 
1 1 1 1 1 1 1 1 1 
1 1 1 1 1 1 1 1 1 
1 1 1 1 1 1 1 1 1 
1 1 1 1 1 1 1 1 1 
1 1 1 1 1 1 1 1 1 
1 1 1 1 1 1 1 1 1 
1 1 1 1 1 1 1 1 1 
1 1 1 1 1 1 1 1 1 
1 1 1 1 1 1 1 1 1 
1 1 1 1 1 1 1 1 1 
1 1 1 1 1 1 1 1 1 
1 1 1 1 1 1 1 1 1 
1 1 1 1 1 1 1 1 1 
1 1 1 1 1 1 1 1 1 
1 1 1 1 1 1 1 1 1 
1 1 1 1 1 1 1 1 1 
1 1 1 1 1 1 1 1 1 
1 1 1 1 1 1 1 1 1 
1 1 1 1 1 1 1 1 1 
1 1 1 1 1 1 1 1 1 
1 1 1 1 1 1 1 1 1 
1 1 1 1 1 1 1 1 1 
1 1 1 1 1 1 1 1 1 
1 1 1 1 1 1 1 1 1 
1 1 1 1 1 1 1 1 1 
1 1 1 1 1 1 1 1 1 
1 1 1 1 1 1 1 1 1 
1 1 1 1 1 1 1 1 1 
1 1 1 1 1 1 1 1 1 
1 1 1 1 1 1 1 1 1 
1 1 1 1 1 1 1 1 1 
1 1 1 1 1 1 1 1 1 
1 1 1 1 1 1 1 1 1 
1 1 1 1 1 1 1 1 1 
1 1 1 1 1 1 1 1 1 
1 1 1 1 1 1 1 1 1 
1 1 1 1 1 1 1 1 1 
1 1 1 1 1 1 1 1 1 
1 1 1 1 1 1 1 1 1 
1 1 1 1 1 1 1 1 1 
1 1 1 1 1 1 1 1 1 
1 1 1 1 1 1 1 1 1 
1 1 1 1 1 1 1 1 1 
1 1 1 1 1 1 1 1 1 
1 1 1 1 1 1 1 1 1 
1 1 1 1 1 1 1 1 1 
1 1 1 1 1 1 1 1 1 
1 1 1 1 1 1 1 1 1 
1 1 1 1 1 1 1 1 1 
1 1 1 1 1 1 1 1 1 
1 1 1 1 1 1 1 1 1 
1 1 1 1 1 1 1 1 1 
1 1 1 1 1 1 1 1 1 
1 1 1 1 1 1 1 1 1 
1 1 1 1 1 1 1 1 1 
1 1 1 1 1 1 1 1 1 
1 1 1 1 1 1 1 1 1 
1 1 1 1 1 1 1 1 1 
1 1 1 1 1 1 1 1 1 
1 1 1 1 1 1 1 1 1 
1 1 1 1 1 1 1 1 1 
1 1 1 1 1 1 1 1 1 
1 1 1 1 1 1 1 1 1 
1 1 1 1 1 1 1 1 1 
1 1 1 1 1 1 1 1 1 
1 1 1 1 1 1 1 1 1 
1 1 1 1 1 1 1 1 1 
1 1 1 1 1 1 1 1 1 
1 1 1 1 1 1 1 1 1 
1 1 1 1 1 1 1 1 1 
1 1 1 1 1 1 1 1 1 
1 1 1 1 1 1 1 1 1 
1 1 1 1 1 1 1 1 1 
1 1 1 1 1 1 1 1 1 
1 1 1 1 1 1 1 1 1 
1 1 1 1 1 1 1 1 1 
1 1 1 1 1 1 1 1 1 
1 1 1 1 1 1 1 1 1 
1 1 1 1 1 1 1 1 1 
1 1 1 1 1 1 1 1 1 
1 1 1 1 1 1 1 1 1 
1 1 1 1 1 1 1 1 1 
1 1 1 1 1 1 1 1 1 
1 1 1 1 1 1 1 1 1 
1 1 1 1 1 1 1 1 1 
1 1 1 1 1 1 1 1 1 
1 1 1 1 1 1 1 1 1 
1 1 1 1 1 1 1 1 1 
1 1 1 1 1 1 1 1 1 
1 1 1 1 1 1 1 1 1 
1 1 1 1 1 1 1 1 1 
1 1 1 1 1 1 1 1 1 
1 1 1 1 1 1 1 1 1 
1 1 1 1 1 1 1 1 1 
1 1 1 1 1 1 1 1 1 
1 1 1 1 1 1 1 1 1 
1 1 1 1 1 1 1 1 1 
1 1 1 1 1 1 1 1 1 
1 1 1 1 1 1 1 1 1 
1 1 1 1 1 1 1 1 1 
1 1 1 1 1 1 1 1 1 
1 1 1 1 1 1 1 1 1 
1 1 1 1 1 1 1 1 1 
1 1 1 1 1 1 1 1 1 
1 1 1 1 1 1 1 1 1 
1 1 1 1 1 1 1 1 1 
1 1 1 1 1 1 1 1 1 
1 1 1 1 1 1 1 1 1 
1 1 1 1 1 1 1 1 1 
1 1 1 1 1 1 1 1 1 
1 1 1 1 1 1 1 1 1 
1 1 1 1 1 1 1 1 1 
1 1 1 1 1 1 1 1 1 
1 1 1 1 1 1 1 1 1 
1 1 1 1 1 1 1 1 1 
1 1 1 1 1 1 1 1 1 
1 1 1 1 1 1 1 1 1 
1 1 1 1 1 1 1 1 1 
1 1 1 1 1 1 1 1 1 
1 1 1 1 1 1 1 1 1 
1 1 1 1 1 1 1 1 1 
1 1 1 1 1 1 1 1 1 
1 1 1 1 1 1 1 1 1 
1 1 1 1 1 1 1 1 1 
1 1 1 1 1 1 1 1 1 
1 1 1 1 1 1 1 1 1 
1 1 1 1 1 1 1 1 1 
1 1 1 1 1 1 1 1 1 
1 1 1 1 1 1 1 1 1 
1 1 1 1 1 1 1 1 1 
1 1 1 1 1 1 1 1 1 
1 1 1 1 1 1 1 1 1 
1 1 1 1 1 1 1 1 1 
1 1 1 1 1 1 1 1 1 
1 1 1 1 1 1 1 1 1 
1 1 1 1 1 1 1 1 1 
1 1 1 1 1 1 1 1 1 
1 1 1 1 1 1 1 1 1 
1 1 1 1 1 1 1 1 1 
1 1 1 1 1 1 1 1 1 
1 1 1 1 1 1 1 1 1 
1 1 1 1 1 1 1 1 1 
1 1 1 1 1 1 1 1 1 
1 1 1 1 1 1 1 1 1 
1 1 1 1 1 1 1 1 1 
1 1 1 1 1 1 1 1 1 
1 1 1 1 1 1 1 1 1 
1 1 1 1 1 1 1 1 1 
1 1 1 1 1 1 1 1 1 
1 1 1 1 1 1 1 1 1 
1 1 1 1 1 1 1 1 1 
1 1 1 1 1 1 1 1 1 
1 1 1 1 1 1 1 1 1 
1 1 1 1 1 1 1 1 1 
1 1 1 1 1 1 1 1 1 
1 1 1 1 1 1 1 1 1 
1 1 1 1 1 1 1 1 1 
1 1 1 1 1 1 1 1 1 
1 1 1 1 1 1 1 1 1 
1 1 1 1 1 1 1 1 1 
1 1 1 1 1 1 1 1 1 
1 1 1 1 1 1 1 1 1 
1 1 1 1 1 1 1 1 1 
1 1 1 1 1 1 1 1 1 
1 1 1 1 1 1 1 1 1 
1 1 1 1 1 1 1 1 1 
1 1 1 1 1 1 1 1 1 
1 1 1 1 1 1 1 1 1 
1 1 1 1 1 1 1 1 1 
1 1 1 1 1 1 1 1 1 
1 1 1 1 1 1 1 1 1 
1 1 1 1 1 1 1 1 1 
1 1 1 1 1 1 1 1 1 
1 1 1 1 1 1 1 1 1 
1 1 1 1 1 1 1 1 1 
1 1 1 1 1 1 1 1 1 
1 1 1 1 1 1 1 1 1 
1 1 1 1 1 1 1 1 1 
1 1 1 1 1 1 1 1 1 
1 1 1 1 1 1 1 1 1 
1 1 1 1 1 1 1 1 1 
1 1 1 1 1 1 1 1 1 
1 1 1 1 1 1 1 1 1 
1 1 1 1 1 1 1 1 1 
1 1 1 1 1 1 1 1 1 
1 1 1 1 1 1 1 1 1 
1 1 1 1 1 1 1 1 1 
1 1 1 1 1 1 1 1 1 
1 1 1 1 1 1 1 1 1 
1 1 1 1 1 1 1 1 1 
1 1 1 1 1 1 1 1 1 
1 1 1 1 1 1 1 1 1 
1 1 1 1 1 1 1 1 1 
1 1 1 1 1 1 1 1 1 
1 1 1 1 1 1 1 1 1 
1 1 1 1 1 1 1 1 1 
1 1 1 1 1 1 1 1 1 
1 1 1 1 1 1 1 1 1 
1 1 1 1 1 1 1 1 1 
1 1 1 1 1 1 1 1 1 
1 1 1 1 1 1 1 1 1 
1 1 1 1 1 1 1 1 1 
1 1 1 1 1 1 1 1 1 
1 1 1 1 1 1 1 1 1 
1 1 1 1 1 1 1 1 1 
1 1 1 1 1 1 1 1 1 
1 1 1 1 1 1 1 1 1 
1 1 1 1 1 1 1 1 1 
1 1 1 1 1 1 1 1 1 
1 1 1 1 1 1 1 1 1 
1 1 1 1 1 1 1 1 1 
1 1 1 1 1 1 1 1 1 
1 1 1 1 1 1 1 1 1 
1 1 1 1 1 1 1 1 1 
1 1 1 1 1 1 1 1 1 
1 1 1 1 1 1 1 1 1 
1 1 1 1 1 1 1 1 1 
1 1 1 1 1 1 1 1 1 
1 1 1 1 1 1 1 1 1 
1 1 1 1 1 1 1 1 1 
1 1 1 1 1 1 1 1 1 
1 1 1 1 1 1 1 1 1 
1 1 1 1 1 1 1 1 1 
1 1 1 1 1 1 1 1 1 
1 1 1 1 1 1 1 1 1 
1 1 1 1 1 1 1 1 1 
1 1 1 1 1 1 1 1 1 
1 1 1 1 1 1 1 1 1 
1 1 1 1 1 1 1 1 1 
1 1 1 1 1 1 1 1 1 
1 1 1 1 1 1 1 1 1 
1 1 1 1 1 1 1 1 1 
1 1 1 1 1 1 1 1 1 
1 1 1 1 1 1 1 1 1 
1 1 1 1 1 1 1 1 1 
1 1 1 1 1 1 1 1 1 
1 1 1 1 1 1 1 1 1 
1 1 1 1 1 1 1 1 1 
1 1 1 1 1 1 1 1 1 
1 1 1 1 1 1 1 1 1 
1 1 1 1 1 1 1 1 1 
1 1 1 1 1 1 1 1 1 
1 1 1 1 1 1 1 1 1 
1 1 1 1 1 1 1 1 1 
1 1 1 1 1 1 1 1 1 
1 1 1 1 1 1 1 1 1 
1 1 1 1 1 1 1 1 1 
1 1 1 1 1 1 1 1 1 
1 1 1 1 1 1 1 1 1 
1 1 1 1 1 1 1 1 1 
1 1 1 1 1 1 1 1 1 
1 1 1 1 1 1 1 1 1 
1 1 1 1 1 1 1 1 1 
1 1 1 1 1 1 1 1 1 
1 1 1 1 1 1 1 1 1 
1 1 1 1 1 1 1 1 1 
1 1 1 1 1 1 1 1 1 
1 1 1 1 1 1 1 1 1 
1 1 1 1 1 1 1 1 1 
1 1 1 1 1 1 1 1 1 
1 1 1 1 1 1 1 1 1 
1 1 1 1 1 1 1 1 1 
1 1 1 1 1 1 1 1 1 
1 1 1 1 1 1 1 1 1 
1 1 1 1 1 1 1 1 1 
1 1 1 1 1 1 1 1 1 
1 1 1 1 1 1 1 1 1 
1 1 1 1 1 1 1 1 1 
1 1 1 1 1 1 1 1 1 
1 1 1 1 1 1 1 1 1 
1 1 1 1 1 1 1 1 1 
1 1 1 1 1 1 1 1 1 
1 1 1 1 1 1 1 1 1 
1 1 1 1 1 1 1 1 1 
1 1 1 1 1 1 1 1 1 
1 1 1 1 1 1 1 1 1 
1 1 1 1 1 1 1 1 1 
1 1 1 1 1 1 1 1 1 
1 1 1 1 1 1 1 1 1 
1 1 1 1 1 1 1 1 1 
1 1 1 1 1 1 1 1 1 
1 1 1 1 1 1 1 1 1 
1 1 1 1 1 1 1 1 1 
1 1 1 1 1 1 1 1 1 
1 1 1 1 1 1 1 1 1 
1 1 1 1 1 1 1 1 1 
1 1 1 1 1 1 1 1 1 
1 1 1 1 1 1 1 1 1 
1 1 1 1 1 1 1 1 1 
1 1 1 1 1 1 1 1 1 
1 1 1 1 1 1 1 1 1 
1 1 1 1 1 1 1 1 1 
1 1 1 1 1 1 1 1 1 
1 1 1 1 1 1 1 1 1 
1 1 1 1 1 1 1 1 1 
1 1 1 1 1 1 1 1 1 
1 1 1 1 1 1 1 1 1 
1 1 1 1 1 1 1 1 1 
1 1 1 1 1 1 1 1 1 
1 1 1 1 1 1 1 1 1 
1 1 1 1 1 1 1 1 1 
1 1 1 1 1 1 1 1 1 
1 1 1 1 1 1 1 1 1 
1 1 1 1 1 1 1 1 1 
1 1 1 1 1 1 1 1 1 
1 1 1 1 1 1 1 1 1 
1 1 1 1 1 1 1 1 1 
1 1 1 1 1 1 1 1 1 
1 1 1 1 1 1 1 1 1 
1 1 1 1 1 1 1 1 1 
1 1 1 1 1 1 1 1 1 
1 1 1 1 1 1 1 1 1 
1 1 1 1 1 1 1 1 1 
1 1 1 1 1 1 1 1 1 
1 1 1 1 1 1 1 1 1 
1 1 1 1 1 1 1 1 1 
1 1 1 1 1 1 1 1 1 
1 1 1 1 1 1 1 1 1 
1 1 1 1 1 1 1 1 1 
1 1 1 1 1 1 1 1 1 
1 1 1 1 1 1 1 1 1 
1 1 1 1 1 1 1 1 1 
1 1 1 1 1 1 1 1 1 
1 1 1 1 1 1 1 1 1 
1 1 1 1 1 1 1 1 1 
1 1 1 1 1 1 1 1 1 
1 1 1 1 1 1 1 1 1 
1 1 1 1 1 1 1 1 1 
1 1 1 1 1 1 1 1 1 
1 1 1 1 1 1 1 1 1 
1 1 1 1 1 1 1 1 1 
1 1 1 1 1 1 1 1 1 
1 1 1 1 1 1 1 1 1 
1 1 1 1 1 1 1 1 1 
1 1 1 1 1 1 1 1 1 
1 1 1 1 1 1 1 1 1 
1 1 1 1 1 1 1 1 1 
1 1 1 1 1 1 1 1 1 
1 1 1 1 1 1 1 1 1 
1 1 1 1 1 1 1 1 1 
1 1 1 1 1 1 1 1 1 
1 1 1 1 1 1 1 1 1 
1 1 1 1 1 1 1 1 1 
1 1 1 1 1 1 1 1 1 
1 1 1 1 1 1 1 1 1 
1 1 1 1 1 1 1 1 1 
1 1 1 1 1 1 1 1 1 
1 1 1 1 1 1 1 1 1 
1 1 1 1 1 1 1 1 1 
1 1 1 1 1 1 1 1 1 
1 1 1 1 1 1 1 1 1 
1 1 1 1 1 1 1 1 1 
1 1 1 1 1 1 1 1 1 
1 1 1 1 1 1 1 1 1 
1 1 1 1 1 1 1 1 1 
1 1 1 1 1 1 1 1 1 
1 1 1 1 1 1 1 1 1 
1 1 1 1 1 1 1 1 1 
1 1 1 1 1 1 1 1 1 
1 1 1 1 1 1 1 1 1 
1 1 1 1 1 1 1 1 1 
1 1 1 1 1 1 1 1 1 
1 1 1 1 1 1 1 1 1 
1 1 1 1 1 1 1 1 1 
1 1 1 1 1 1 1 1 1 
1 1 1 1 1 1 1 1 1 
1 1 1 1 1 1 1 1 1 
1 1 1 1 1 1 1 1 1 
1 1 1 1 1 1 1 1 1 
1 1 1 1 1 1 1 1 1 
1 1 1 1 1 1 1 1 1 
1 1 1 1 1 1 1 1 1 
1 1 1 1 1 1 1 1 1 
1 1 1 1 1 1 1 1 1 
1 1 1 1 1 1 1 1 1 
1 1 1 1 1 1 1 1 1 
1 1 1 1 1 1 1 1 1 
1 1 1 1 1 1 1 1 1 
1 1 1 1 1 1 1 1 1 
1 1 1 1 1 1 1 1 1 
1 1 1 1 1 1 1 1 1 
1 1 1 1 1 1 1 1 1 
1 1 1 1 1 1 1 1 1 
1 1 1 1 1 1 1 1 1 
1 1 1 1 1 1 1 1 1 
1 1 1 1 1 1 1 1 1 
1 1 1 1 1 1 1 1 1 
1 1 1 1 1 1 1 1 1 
1 1 1 1 1 1 1 1 1 
1 1 1 1 1 1 1 1 1 
1 1 1 1 1 1 1 1 1 
1 1 1 1 1 1 1 1 1 
1 1 1 1 1 1 1 1 1 
1 1 1 1 1 1 1 1 1 
1 1 1 1 1 1 1 1 1 
1 1 1 1 1 1 1 1 1 
1 1 1 1 1 1 1 1 1 
1 1 1 1 1 1 1 1 1 
1 1 1 1 1 1 1 1 1 
1 1 1 1 1 1 1 1 1 
1 1 1 1 1 1 1 1 1 
1 1 1 1 1 1 1 1 1 
1 1 1 1 1 1 1 1 1 
1 1 1 1 1 1 1 1 1 
1 1 1 1 1 1 1 1 1 
1 1 1 1 1 1 1 1 1 
1 1 1 1 1 1 1 1 1 
1 1 1 1 1 1 1 1 1 
1 1 1 1 1 1 1 1 1 
1 1 1 1 1 1 1 1 1 
1 1 1 1 1 1 1 1 1 
1 1 1 1 1 1 1 1 1 
1 1 1 1 1 1 1 1 1 
1 1 1 1 1 1 1 1 1 
1 1 1 1 1 1 1 1 1 
1 1 1 1 1 1 1 1 1 
1 1 1 1 1 1 1 1 1 
1 1 1 1 1 1 1 1 1 
1 1 1 1 1 1 1 1 1 
1 1 1 1 1 1 1 1 1 
1 1 1 1 1 1 1 1 1 
1 1 1 1 1 1 1 1 1 
1 1 1 1 1 1 1 1 1 
1 1 1 1 1 1 1 1 1 
1 1 1 1 1 1 1 1 1 
1 1 1 1 1 1 1 1 1 
1 1 1 1 1 1 1 1 1 
1 1 1 1 1 1 1 1 1 
1 1 1 1 1 1 1 1 1 
1 1 1 1 1 1 1 1 1 
1 1 1 1 1 1 1 1 1 
1 1 1 1 1 1 1 1 1 
1 1 1 1 1 1 1 1 1 
1 1 1 1 1 1 1 1 1 
1 1 1 1 1 1 1 1 1 
1 1 1 1 1 1 1 1 1 
1 1 1 1 1 1 1 1 1 
1 1 1 1 1 1 1 1 1 
1 1 1 1 1 1 1 1 1 
1 1 1 1 1 1 1 1 1 
1 1 1 1 1 1 1 1 1 
1 1 1 1 1 1 1 1 1 
1 1 1 1 1 1 1 1 1 
1 1 1 1 1 1 1 1 1 
1 1 1 1 1 1 1 1 1 
1 1 1 1 1 1 1 1 1 
1 1 1 1 1 1 1 1 1 
1 1 1 1 1 1 1 1 1 
1 1 1 1 1 1 1 1 1 
1 1 1 1 1 1 1 1 1 
1 1 1 1 1 1 1 1 1 
1 1 1 1 1 1 1 1 1 
1 1 1 1 1 1 1 1 1 
1 1 1 1 1 1 1 1 1 
1 1 1 1 1 1 1 1 1 
1 1 1 1 1 1 1 1 1 
1 1 1 1 1 1 1 1 1 
1 1 1 1 1 1 1 1 1 
1 1 1 1 1 1 1 1 1 
1 1 1 1 1 1 1 1 1 
1 1 1 1 1 1 1 1 1 
1 1 1 1 1 1 1 1 1 
1 1 1 1 1 1 1 1 1 
1 1 1 1 1 1 1 1 1 
1 1 1 1 1 1 1 1 1 
1 1 1 1 1 1 1 1 1 
1 1 1 1 1 1 1 1 1 
1 1 1 1 1 1 1 1 1 
1 1 1 1 1 1 1 1 1 
1 1 1 1 1 1 1 1 1 
1 1 1 1 1 1 1 1 1 
1 1 1 1 1 1 1 1 1 
1 1 1 1 1 1 1 1 1 
1 1 1 1 1 1 1 1 1 
1 1 1 1 1 1 1 1 1 
1 1 1 1 1 1 1 1 1 
1 1 1 1 1 1 1 1 1 
1 1 1 1 1 1 1 1 1 
1 1 1 1 1 1 1 1 1 
1 1 1 1 1 1 1 1 1 
1 1 1 1 1 1 1 1 1 
1 1 1 1 1 1 1 1 1 
1 1 1 1 1 1 1 1 1 
1 1 1 1 1 1 1 1 1 
1 1 1 1 1 1 1 1 1 
1 1 1 1 1 1 1 1 1 
1 1 1 1 1 1 1 1 1 
1 1 1 1 1 1 1 1 1 
1 1 1 1 1 1 1 1 1 
1 1 1 1 1 1 1 1 1 
1 1 1 1 1 1 1 1 1 
1 1 1 1 1 1 1 1 1 
1 1 1 1 1 1 1 1 1 
1 1 1 1 1 1 1 1 1 
1 1 1 1 1 1 1 1 1 
1 1 1 1 1 1 1 1 1 
1 1 1 1 1 1 1 1 1 
1 1 1 1 1 1 1 1 1 
1 1 1 1 1 1 1 1 1 
1 1 1 1 1 1 1 1 1 
1 1 1 1 1 1 1 1 1 
1 1 1 1 1 1 1 1 1 
1 1 1 1 1 1 1 1 1 
1 1 1 1 1 1 1 1 1 
1 1 1 1 1 1 1 1 1 
1 1 1 1 1 1 1 1 1 
1 1 1 1 1 1 1 1 1 
1 1 1 1 1 1 1 1 1 
1 1 1 1 1 1 1 1 1 
1 1 1 1 1 1 1 1 1 
1 1 1 1 1 1 1 1 1 
1 1 1 1 1 1 1 1 1 
1 1 1 1 1 1 1 1 1 
1 1 1 1 1 1 1 1 1 
1 1 1 1 1 1 1 1 1 
1 1 1 1 1 1 1 1 1 
1 1 1 1 1 1 1 1 1 
1 1 1 1 1 1 1 1 1 
1 1 1 1 1 1 1 1 1 
1 1 1 1 1 1 1 1 1 
1 1 1 1 1 1 1 1 1 
1 1 1 1 1 1 1 1 1 
1 1 1 1 1 1 1 1 1 
1 1 1 1 1 1 1 1 1 
1 1 1 1 1 1 1 1 1 
1 1 1 1 1 1 1 1 1 
1 1 1 1 1 1 1 1 1 
1 1 1 1 1 1 1 1 1 
1 1 1 1 1 1 1 1 1 
1 1 1 1 1 1 1 1 1 
1 1 1 1 1 1 1 1 1 
1 1 1 1 1 1 1 1 1 
1 1 1 1 1 1 1 1 1 
1 1 1 1 1 1 1 1 1 
1 1 1 1 1 1 1 1 1 
1 1 1 1 1 1 1 1 1 
1 1 1 1 1 1 1 1 1 
1 1 1 1 1 1 1 1 1 
1 1 1 1 1 1 1 1 1 
1 1 1 1 1 1 1 1 1 
1 1 1 1 1 1 1 1 1 
1 1 1 1 1 1 1 1 1 
1 1 1 1 1 1 1 1 1 
1 1 1 1 1 1 1 1 1 
1 1 1 1 1 1 1 1 1 
1 1 1 1 1 1 1 1 1 
1 1 1 1 1 1 1 1 1 
1 1 1 1 1 1 1 1 1 
1 1 1 1 1 1 1 1 1 
1 1 1 1 1 1 1 1 1 
1 1 1 1 1 1 1 1 1 
1 1 1 1 1 1 1 1 1 
1 1 1 1 1 1 1 1 1 
1 1 1 1 1 1 1 1 1 
1 1 1 1 1 1 1 1 1 
1 1 1 1 1 1 1 1 1 
1 1 1 1 1 1 1 1 1 
1 1 1 1 1 1 1 1 1 
1 1 1 1 1 1 1 1 1 
1 1 1 1 1 1 1 1 1 
1 1 1 1 1 1 1 1 1 
1 1 1 1 1 1 1 1 1 
1 1 1 1 1 1 1 1 1 
1 1 1 1 1 1 1 1 1 
1 1 1 1 1 1 1 1 1 
1 1 1 1 1 1 1 1 1 
1 1 1 1 1 1 1 1 1 
1 1 1 1 1 1 1 1 1 
1 1 1 1 1 1 1 1 1 
1 1 1 1 1 1 1 1 1 
1 1 1 1 1 1 1 1 1 
1 1 1 1 1 1 1 1 1 
1 1 1 1 1 1 1 1 1 
1 1 1 1 1 1 1 1 1 
1 1 1 1 1 1 1 1 1 
1 1 1 1 1 1 1 1 1 
1 1 1 1 1 1 1 1 1 
1 1 1 1 1 1 1 1 1 
1 1 1 1 1 1 1 1 1 
1 1 1 1 1 1 1 1 1 
1 1 1 1 1 1 1 1 1 
1 1 1 1 1 1 1 1 1 
1 1 1 1 1 1 1 1 1 
1 1 1 1 1 1 1 1 1 
1 1 1 1 1 1 1 1 1 
1 1 1 1 1 1 1 1 1 
1 1 1 1 1 1 1 1 1 
1 1 1 1 1 1 1 1 1 
1 1 1 1 1 1 1 1 1 
1 1 1 1 1 1 1 1 1 
1 1 1 1 1 1 1 1 1 
1 1 1 1 1 1 1 1 1 
1 1 1 1 1 1 1 1 1 
1 1 1 1 1 1 1 1 1 
1 1 1 1 1 1 1 1 1 
1 1 1 1 1 1 1 1 1 
1 1 1 1 1 1 1 1 1 
1 1 1 1 1 1 1 1 1 
1 1 1 1 1 1 1 1 1 
1 1 1 1 1 1 1 1 1 
1 1 1 1 1 1 1 1 1 
1 1 1 1 1 1 1 1 1 
1 1 1 1 1 1 1 1 1 
1 1 1 1 1 1 1 1 1 
1 1 1 1 1 1 1 1 1 
1 1 1 1 1 1 1 1 1 
1 1 1 1 1 1 1 1 1 
1 1 1 1 1 1 1 1 1 
1 1 1 1 1 1 1 1 1 
1 1 1 1 1 1 1 1 1 
1 1 1 1 1 1 1 1 1 
1 1 1 1 1 1 1 1 1 
1 1 1 1 1 1 1 1 1 
1 1 1 1 1 1 1 1 1 
1 1 1 1 1 1 1 1 1 
1 1 1 1 1 1 1 1 1 
1 1 1 1 1 1 1 1 1 
1 1 1 1 1 1 1 1 1 
1 1 1 1 1 1 1 1 1 
1 1 1 1 1 1 1 1 1 
1 1 1 1 1 1 1 1 1 
1 1 1 1 1 1 1 1 1 
1 1 1 1 1 1 1 1 1 
1 1 1 1 1 1 1 1 1 
1 1 1 1 1 1 1 1 1 
1 1 1 1 1 1 1 1 1 
1 1 1 1 1 1 1 1 1 
1 1 1 1 1 1 1 1 1 
1 1 1 1 1 1 1 1 1 
1 1 1 1 1 1 1 1 1 
1 1 1 1 1 1 1 1 1 
1 1 1 1 1 1 1 1 1 
1 1 1 1 1 1 1 1 1 
1 1 1 1 1 1 1 1 1 
1 1 1 1 1 1 1 1 1 
1 1 1 1 1 1 1 1 1 
1 1 1 1 1 1 1 1 1 
1 1 1 1 1 1 1 1 1 
1 1 1 1 1 1 1 1 1 
1 1 1 1 1 1 1 1 1 
1 1 1 1 1 1 1 1 1 
1 1 1 1 1 1 1 1 1 
1 1 1 1 1 1 1 1 1 
1 1 1 1 1 1 1 1 1 
1 1 1 1 1 1 1 1 1 
1 1 1 1 1 1 1 1 1 
1 1 1 1 1 1 1 1 1 
1 1 1 1 1 1 1 1 1 
1 1 1 1 1 1 1 1 1 
1 1 1 1 1 1 1 1 1 
1 1 1 1 1 1 1 1 1 
1 1 1 1 1 1 1 1 1 
1 1 1 1 1 1 1 1 1 
1 1 1 1 1 1 1 1 1 
1 1 1 1 1 1 1 1 1 
1 1 1 1 1 1 1 1 1 
1 1 1 1 1 1 1 1 1 
1 1 1 1 1 1 1 1 1 
1 1 1 1 1 1 1 1 1 
1 1 1 1 1 1 1 1 1 
1 1 1 1 1 1 1 1 1 
1 1 1 1 1 1 1 1 1 
1 1 1 1 1 1 1 1 1 
1 1 1 1 1 1 1 1 1 
1 1 1 1 1 1 1 1 1 
1 1 1 1 1 1 1 1 1 
1 1 1 1 1 1 1 1 1 
1 1 1 1 1 1 1 1 1 
1 1 1 1 1 1 1 1 1 
1 1 1 1 1 1 1 1 1 
1 1 1 1 1 1 1 1 1 
1 1 1 1 1 1 1 1 1 
1 1 1 1 1 1 1 1 1 
1 1 1 1 1 1 1 1 1 
1 1 1 1 1 1 1 1 1 
1 1 1 1 1 1 1 1 1 
1 1 1 1 1 1 1 1 1 
1 1 1 1 1 1 1 1 1 
1 1 1 1 1 1 1 1 1 
1 1 1 1 1 1 1 1 1 
1 1 1 1 1 1 1 1 1 
1 1 1 1 1 1 1 1 1 
1 1 1 1 1 1 1 1 1 
1 1 1 1 1 1 1 1 1 
1 1 1 1 1 1 1 1 1 
1 1 1 1 1 1 1 1 1 
1 1 1 1 1 1 1 1 1 
1 1 1 1 1 1 1 1 1 
1 1 1 1 1 1 1 1 1 
1 1 1 1 1 1 1 1 1 
1 1 1 1 1 1 1 1 1 
1 1 1 1 1 1 1 1 1 
1 1 1 1 1 1 1 1 1 
1 1 1 1 1 1 1 1 1 
1 1 1 1 1 1 1 1 1 
1 1 1 1 1 1 1 1 1 
1 1 1 1 1 1 1 1 1 
1 1 1 1 1 1 1 1 1 
1 1 1 1 1 1 1 1 1 
1 1 1 1 1 1 1 1 1 
1 1 1 1 1 1 1 1 1 
1 1 1 1 1 1 1 1 1 
1 1 1 1 1 1 1 1 1 
1 1 1 1 1 1 1 1 1 
1 1 1 1 1 1 1 1 1 
1 1 1 1 1 1 1 1 1 
1 1 1 1 1 1 1 1 1 
1 1 1 1 1 1 1 1 1 
1 1 1 1 1 1 1 1 1 
1 1 1 1 1 1 1 1 1 
1 1 1 1 1 1 1 1 1 
1 1 1 1 1 1 1 1 1 
1 1 1 1 1 1 1 1 1 
1 1 1 1 1 1 1 1 1 
1 1 1 1 1 1 1 1 1 
1 1 1 1 1 1 1 1 1 
1 1 1 1 1 1 1 1 1 
1 1 1 1 1 1 1 1 1 
1 1 1 1 1 1 1 1 1 
1 1 1 1 1 1 1 1 1 
1 1 1 1 1 1 1 1 1 
1 1 1 1 1 1 1 1 1 
1 1 1 1 1 1 1 1 1 
1 1 1 1 1 1 1 1 1 
1 1 1 1 1 1 1 1 1 
1 1 1 1 1 1 1 1 1 
1 1 1 1 1 1 1 1 1 
1 1 1 1 1 1 1 1 1 
1 1 1 1 1 1 1 1 1 
1 1 1 1 1 1 1 1 1 
1 1 1 1 1 1 1 1 1 
1 1 1 1 1 1 1 1 1 
1 1 1 1 1 1 1 1 1 
1 1 1 1 1 1 1 1 1 
1 1 1 1 1 1 1 1 1 
1 1 1 1 1 1 1 1 1 
1 1 1 1 1 1 1 1 1 
1 1 1 1 1 1 1 1 1 
1 1 1 1 1 1 1 1 1 
1 1 1 1 1 1 1 1 1 
1 1 1 1 1 1 1 1 1 
1 1 1 1 1 1 1 1 1 
1 1 1 1 1 1 1 1 1 
1 1 1 1 1 1 1 1 1 
1 1 1 1 1 1 1 1 1 
1 1 1 1 1 1 1 1 1 
1 1 1 1 1 1 1 1 1 
1 1 1 1 1 1 1 1 1 
1 1 1 1 1 1 1 1 1 
1 1 1 1 1 1 1 1 1 
1 1 1 1 1 1 1 1 1 
1 1 1 1 1 1 1 1 1 
1 1 1 1 1 1 1 1 1 
1 1 1 1 1 1 1 1 1 
1 1 1 1 1 1 1 1 1 
1 1 1 1 1 1 1 1 1 
1 1 1 1 1 1 1 1 1 
1 1 1 1 1 1 1 1 1 
1 1 1 1 1 1 1 1 1 
1 1 1 1 1 1 1 1 1 
1 1 1 1 1 1 1 1 1 
1 1 1 1 1 1 1 1 1 
1 1 1 1 1 1 1 1 1 
1 1 1 1 1 1 1 1 1 
1 1 1 1 1 1 1 1 1 
1 1 1 1 1 1 1 1 1 
1 1 1 1 1 1 1 1 1 
1 1 1 1 1 1 1 1 1 
1 1 1 1 1 1 1 1 1 
1 1 1 1 1 1 1 1 1 
1 1 1 1 1 1 1 1 1 
1 1 1 1 1 1 1 1 1 
1 1 1 1 1 1 1 1 1 
1 1 1 1 1 1 1 1 1 
1 1 1 1 1 1 1 1 1 
1 1 1 1 1 1 1 1 1 
1 1 1 1 1 1 1 1 1 
1 1 1 1 1 1 1 1 1 
1 1 1 1 1 1 1 1 1 
1 1 1 1 1 1 1 1 1 
1 1 1 1 1 1 1 1 1 
1 1 
