# vtk DataFile Version 5.1
vtk output
ASCII
DATASET POLYDATA
POINTS 3042 float
-0.153067 0.00283444 0.638491 -0.152783 0.015223 0.619727 -0.169378 0.000451049 0.623197 
-0.12131 0.00125706 0.637929 -0.121027 0.0136457 0.619166 -0.089554 -0.000320321 0.637368 
-0.0892703 0.0120683 0.618604 -0.0577976 -0.0018977 0.636807 -0.0575138 0.0104909 0.618043 
-0.0423522 -0.00585847 0.620952 -0.218013 -0.0251322 0.645991 -0.217729 -0.0127436 0.627228 
-0.234324 -0.0275156 0.630697 -0.186257 -0.0267095 0.64543 -0.185973 -0.0143209 0.626666 
-0.1545 -0.0282869 0.644869 -0.122744 -0.0298643 0.644308 -0.0909871 -0.0314417 0.643746 
-0.0592307 -0.0330191 0.643185 -0.0271905 -0.0222078 0.62386 -0.0274742 -0.0345964 0.642624 
0.00428223 -0.0361738 0.642063 0.00456597 -0.0237852 0.623299 0.0360387 -0.0377512 0.641502 
0.0363224 -0.0253626 0.622738 0.0677951 -0.0393286 0.64094 0.0680789 -0.02694 0.622177 
0.0995516 -0.040906 0.640379 0.0998353 -0.0285174 0.621615 0.131308 -0.0424833 0.639818 
0.131592 -0.0300947 0.621054 0.163065 -0.0440607 0.639257 0.163348 -0.0316721 0.620493 
0.194821 -0.0456381 0.638695 0.195105 -0.0332495 0.619932 0.226577 -0.0472155 0.638134 
0.226861 -0.0348269 0.61937 0.242023 -0.0511762 0.622279 -0.219162 -0.0438649 0.633606 
-0.187406 -0.0454423 0.633045 -0.155649 -0.0470197 0.632483 -0.123893 -0.0485971 0.631922 
-0.0921365 -0.0501744 0.631361 -0.0603801 -0.0517518 0.6308 -0.0452184 -0.0681012 0.633708 
-0.0289073 -0.0657178 0.649002 0.00284911 -0.0672952 0.648441 0.0346056 -0.0688726 0.64788 
0.066362 -0.0704499 0.647319 0.0818074 -0.0744107 0.631463 0.0984022 -0.0596387 0.627994 
0.130159 -0.0612161 0.627432 0.161915 -0.0627935 0.626871 0.193672 -0.0643709 0.62631 
0.225428 -0.0659482 0.625749 -0.0300567 -0.0844506 0.636617 0.00169975 -0.0860279 0.636056 
0.0334562 -0.0876053 0.635494 0.0652127 -0.0891827 0.634933 -0.151066 0.058733 0.594585 
-0.150783 0.0711216 0.575821 -0.167377 0.0563496 0.579291 -0.135621 0.0547722 0.57873 
-0.152499 0.0276116 0.600963 -0.168811 0.0252283 0.585669 -0.120459 0.0384229 0.581638 
-0.120743 0.0260343 0.600402 -0.0889865 0.0244569 0.599841 -0.0887028 0.0368455 0.581077 
-0.0572301 0.0228795 0.599279 -0.0569463 0.0352681 0.580516 -0.0254736 0.0213021 0.598718 
-0.0251899 0.0336907 0.579954 0.00628283 0.0197248 0.598157 0.00656657 0.0321134 0.579393 
0.0380393 0.0181474 0.597596 0.038323 0.030536 0.578832 0.0534847 0.0141866 0.58174 
-0.217445 -0.00035496 0.608464 -0.217162 0.0120336 0.5897 -0.233757 -0.00273835 0.59317 
-0.185689 -0.00193234 0.607903 -0.185405 0.0104563 0.589139 -0.0269067 -0.00981923 0.605096 
0.00484972 -0.0113966 0.604535 0.0366062 -0.012974 0.603974 0.0686464 -0.00216277 0.584649 
0.0683626 -0.0145514 0.603413 0.100119 -0.0161288 0.602852 0.100403 -0.00374015 0.584088 
0.131876 -0.0177061 0.60229 0.132159 -0.00531753 0.583527 0.163632 -0.0192835 0.601729 
0.163916 -0.0068949 0.582965 0.195388 -0.0208609 0.601168 0.195672 -0.00847228 0.582404 
0.227145 -0.0224383 0.600607 0.227429 -0.0100497 0.581843 0.258901 -0.0240156 0.600045 
0.259185 -0.011627 0.581282 0.290658 -0.025593 0.599484 0.290942 -0.0132044 0.58072 
0.322414 -0.0271704 0.598923 0.322698 -0.0147818 0.580159 0.33786 -0.0311312 0.583068 
-0.23519 -0.0338597 0.599548 0.257468 -0.055137 0.606424 0.289225 -0.0567144 0.605862 
0.30467 -0.0606752 0.590007 0.321265 -0.0459032 0.586537 -0.220028 -0.0502091 0.602457 
-0.188272 -0.0517865 0.601895 -0.156515 -0.0533638 0.601334 -0.124759 -0.0549412 0.600773 
-0.0930021 -0.0565186 0.600212 -0.0615294 -0.0704846 0.618414 -0.0778405 -0.072868 0.60312 
0.0972529 -0.0783715 0.615608 0.129009 -0.0799489 0.615047 0.144455 -0.0839096 0.599192 
0.16105 -0.0691376 0.595722 0.192806 -0.070715 0.595161 0.224562 -0.0722924 0.594599 
0.256319 -0.0738698 0.594038 0.288075 -0.0754471 0.593477 -0.0626788 -0.0892173 0.606029 
-0.0309223 -0.0907947 0.605468 0.000834132 -0.0923721 0.604906 0.0325906 -0.0939495 0.604345 
0.064347 -0.0955269 0.603784 0.0961035 -0.0971042 0.603223 0.12786 -0.0986816 0.602661 
-0.118742 0.0819328 0.556496 -0.118459 0.0943214 0.537732 -0.135053 0.0795494 0.541202 
-0.0869859 0.0803555 0.555935 -0.0867022 0.0927441 0.537171 -0.0715405 0.0763947 0.54008 
-0.183688 0.0539662 0.563997 -0.183405 0.0663548 0.545233 -0.199999 0.0515828 0.548703 
-0.151648 0.0647775 0.544672 -0.120176 0.0508115 0.562874 -0.088419 0.0492341 0.562313 
-0.0563788 0.0600453 0.542988 -0.0566626 0.0476567 0.561752 -0.0412172 0.0436959 0.545897 
-0.216878 0.0244222 0.570936 -0.216594 0.0368109 0.552172 -0.233189 0.0220389 0.555642 
-0.185122 0.0228449 0.570375 -0.0260555 0.0273466 0.548805 0.00570096 0.0257692 0.548244 
0.0374574 0.0241918 0.547683 0.0689301 0.0102258 0.565885 0.0692139 0.0226144 0.547121 
0.100687 0.00864846 0.565324 0.10097 0.0210371 0.54656 0.132443 0.00707108 0.564763 
0.132727 0.0194597 0.545999 0.1642 0.0054937 0.564202 0.164483 0.0178823 0.545438 
0.195956 0.00391632 0.56364 0.19624 0.0163049 0.544877 0.227712 0.00233894 0.563079 
0.227996 0.0147275 0.544315 0.259469 0.000761562 0.562518 0.259753 0.0131502 0.543754 
0.291225 -0.000815817 0.561957 0.291509 0.0115728 0.543193 0.322982 -0.0023932 0.561395 
0.323266 0.00999541 0.542632 0.338427 -0.00635396 0.54554 0.386495 -0.00554795 0.560273 
0.386778 0.00684065 0.541509 0.370184 -0.00793134 0.544979 0.418251 -0.00712533 0.559712 
0.418535 0.00526327 0.540948 0.433697 -0.0110861 0.543857 -0.250068 -0.00512174 0.577876 
-0.249784 0.00726687 0.559112 -0.266379 -0.00750512 0.562582 0.353305 -0.0350919 0.567212 
0.353589 -0.0227033 0.548449 0.385062 -0.0366693 0.566651 0.416818 -0.0382467 0.56609 
0.432263 -0.0422075 0.550235 -0.251501 -0.0362431 0.584254 -0.267812 -0.0386265 0.56896 
0.320116 -0.0646359 0.574152 0.351872 -0.0662133 0.573591 0.383628 -0.0677907 0.57303 
0.415385 -0.0693681 0.572468 0.43083 -0.0733288 0.556613 -0.25265 -0.0549759 0.571869 
-0.220894 -0.0565532 0.571307 -0.189137 -0.0581306 0.570746 -0.157381 -0.059708 0.570185 
-0.125624 -0.0612854 0.569624 -0.0938677 -0.0628628 0.569062 -0.0787061 -0.0792121 0.571971 
0.1599 -0.0878704 0.583336 0.191657 -0.0894478 0.582775 0.223413 -0.0910252 0.582214 
0.25517 -0.0926025 0.581653 0.270615 -0.0965633 0.565798 0.28721 -0.0817913 0.562328 
0.318966 -0.0833687 0.561767 0.350723 -0.0849461 0.561205 0.382479 -0.0865234 0.560644 
0.414236 -0.0881008 0.560083 -0.0635444 -0.0955615 0.57488 -0.0317879 -0.0971389 0.574318 
-3.14859e-05 -0.0987163 0.573757 0.031725 -0.100294 0.573196 0.0634814 -0.101871 0.572635 
0.0952379 -0.103448 0.572073 0.126994 -0.105026 0.571512 0.158751 -0.106603 0.570951 
0.190507 -0.108181 0.57039 0.222264 -0.109758 0.569828 0.25402 -0.111335 0.569267 
-0.245201 0.11302 0.521213 -0.244917 0.125408 0.50245 -0.261512 0.110636 0.505919 
-0.229755 0.109059 0.505358 -0.246634 0.0818982 0.527592 -0.262945 0.0795148 0.512298 
-0.214594 0.0927094 0.508267 -0.214877 0.0803208 0.52703 -0.183121 0.0787434 0.526469 
-0.182837 0.091132 0.507705 -0.167676 0.0747827 0.510614 -0.119324 0.0879773 0.506583 
-0.135919 0.0732053 0.510053 -0.0875678 0.0863999 0.506022 -0.0560951 0.0724339 0.524224 
-0.0558114 0.0848225 0.505461 -0.0406497 0.0684732 0.508369 -0.248067 0.0507768 0.53397 
-0.264378 0.0483934 0.518676 -0.216311 0.0491995 0.533409 -0.152514 0.0584333 0.513522 
-0.0257718 0.0397352 0.530041 -0.025488 0.0521238 0.511278 0.0059847 0.0381578 0.52948 
0.00626845 0.0505464 0.510716 0.0377412 0.0365804 0.528919 0.0380249 0.048969 0.510155 
0.0694976 0.035003 0.528358 0.0697814 0.0473916 0.509594 0.101254 0.0334257 0.527796 
0.101538 0.0458143 0.509033 0.133011 0.0318483 0.527235 0.133294 0.0442369 0.508471 
0.164767 0.0302709 0.526674 0.165051 0.0426595 0.50791 0.196523 0.0286935 0.526113 
0.196807 0.0410821 0.507349 0.22828 0.0271161 0.525551 0.228564 0.0395048 0.506788 
0.260036 0.0255388 0.52499 0.26032 0.0379274 0.506226 0.291793 0.0239614 0.524429 
0.292077 0.03635 0.505665 0.323549 0.022384 0.523868 0.323833 0.0347726 0.505104 
0.355306 0.0208066 0.523307 0.355589 0.0331952 0.504543 0.387062 0.0192293 0.522745 
0.387346 0.0316179 0.503982 0.418819 0.0176519 0.522184 0.419102 0.0300405 0.50342 
0.434264 0.0136911 0.506329 -0.2495 0.0196555 0.540348 -0.265811 0.0172721 0.525054 
0.353873 -0.0103147 0.529685 0.432831 -0.0174303 0.512707 -0.314446 -0.00831113 0.547849 
-0.314162 0.00407747 0.529085 -0.330757 -0.0106945 0.532555 -0.28269 -0.00988851 0.547288 
-0.282406 0.00250009 0.528524 0.431398 -0.0485516 0.519085 -0.315595 -0.0270439 0.535463 
-0.300434 -0.0433933 0.538372 -0.284123 -0.0410099 0.553666 0.429965 -0.079673 0.525464 
-0.285272 -0.0597426 0.541281 -0.253516 -0.06132 0.540719 -0.221759 -0.0628974 0.540158 
-0.190003 -0.0644748 0.539597 -0.158246 -0.0660522 0.539036 -0.12649 -0.0676295 0.538474 
-0.0950171 -0.0815955 0.556677 -0.111328 -0.0839789 0.541383 0.28606 -0.100524 0.549942 
0.317817 -0.102101 0.549381 0.349573 -0.103679 0.54882 0.38133 -0.105256 0.548259 
0.396775 -0.109217 0.532403 0.41337 -0.094445 0.528934 -0.0961665 -0.100328 0.544291 
-0.06441 -0.101906 0.54373 -0.0326536 -0.103483 0.543169 -0.000897104 -0.10506 0.542608 
0.0308594 -0.106638 0.542047 0.0626158 -0.108215 0.541485 0.0943723 -0.109793 0.540924 
0.126129 -0.11137 0.540363 0.157885 -0.112947 0.539802 0.189642 -0.114525 0.53924 
0.221398 -0.116102 0.538679 0.253155 -0.117679 0.538118 0.284911 -0.119257 0.537557 
0.316667 -0.120834 0.536996 0.348424 -0.122412 0.536434 0.38018 -0.123989 0.535873 
-0.212877 0.136219 0.483125 -0.212593 0.148608 0.464361 -0.229188 0.133836 0.467831 
-0.197431 0.132259 0.467269 -0.277823 0.108253 0.490625 -0.277539 0.120641 0.471861 
-0.294134 0.105869 0.475331 -0.245783 0.119064 0.4713 -0.21431 0.105098 0.489503 
-0.18227 0.115909 0.470178 -0.182553 0.103521 0.488942 -0.167108 0.0995599 0.473086 
-0.0872841 0.0987885 0.487258 -0.0870003 0.111177 0.468494 -0.103595 0.0964051 0.471964 
-0.0718386 0.0948277 0.471403 -0.279256 0.0771314 0.497004 -0.295567 0.074748 0.48171 
-0.15223 0.0708219 0.494759 -0.151946 0.0832105 0.475995 -0.12019 0.0816331 0.475434 
-0.056677 0.0784784 0.474311 -0.0252043 0.0645124 0.492514 -0.0249205 0.076901 0.47375 
0.0065522 0.062935 0.491953 0.00683594 0.0753236 0.473189 0.0383087 0.0613576 0.491391 
0.0385924 0.0737462 0.472628 0.0537541 0.0573969 0.475536 0.228847 0.0518934 0.488024 
0.229131 0.064282 0.46926 0.212536 0.04951 0.47273 0.260604 0.050316 0.487463 
0.260888 0.0627046 0.468699 0.29236 0.0487386 0.486901 0.292644 0.0611272 0.468138 
0.324117 0.0471612 0.48634 0.324401 0.0595498 0.467576 0.355873 0.0455838 0.485779 
0.356157 0.0579724 0.467015 0.38763 0.0440065 0.485218 0.387913 0.0563951 0.466454 
0.419386 0.0424291 0.484657 0.41967 0.0548177 0.465893 0.434832 0.0384683 0.468801 
-0.280689 0.0460101 0.503382 -0.297 0.0436267 0.488088 0.0689157 0.0410475 0.478445 
0.100672 0.0394701 0.477883 0.132429 0.0378927 0.477322 0.164185 0.0363154 0.476761 
0.195942 0.034738 0.4762 0.433398 0.00734695 0.47518 -0.313879 0.0164661 0.510321 
-0.313595 0.0288547 0.491558 -0.33019 0.0140827 0.495027 -0.282122 0.0148887 0.50976 
0.431965 -0.0237744 0.481558 -0.331623 -0.0170387 0.501406 0.430532 -0.0548958 0.487936 
-0.316461 -0.033388 0.504314 -0.301299 -0.0497374 0.507223 0.429099 -0.0860171 0.494314 
-0.286138 -0.0660868 0.510131 -0.254381 -0.0676642 0.50957 -0.222625 -0.0692415 0.509009 
-0.190868 -0.0708189 0.508448 -0.159112 -0.0723963 0.507886 -0.127355 -0.0739737 0.507325 
-0.112194 -0.0903231 0.510234 0.39591 -0.115561 0.501254 0.412504 -0.100789 0.497784 
-0.0970321 -0.106672 0.513142 -0.0652756 -0.10825 0.512581 -0.0335192 -0.109827 0.51202 
-0.00176272 -0.111405 0.511459 0.0299937 -0.112982 0.510897 0.0617502 -0.114559 0.510336 
0.0935066 -0.116137 0.509775 0.125263 -0.117714 0.509214 0.15702 -0.119291 0.508652 
0.188776 -0.120869 0.508091 0.220532 -0.122446 0.50753 0.252289 -0.124024 0.506969 
0.284045 -0.125601 0.506407 0.315802 -0.127178 0.505846 0.347558 -0.128756 0.505285 
0.379315 -0.130333 0.504724 -0.245499 0.131453 0.452536 -0.245215 0.143841 0.433773 
-0.26181 0.129069 0.437242 -0.213459 0.142264 0.433211 -0.181986 0.128298 0.451414 
-0.181702 0.140686 0.43265 -0.166541 0.124337 0.435559 -0.0867166 0.123566 0.44973 
-0.0864328 0.135954 0.430967 -0.103028 0.121182 0.434436 -0.0712712 0.119605 0.433875 
-0.278405 0.114297 0.440712 -0.294999 0.0995252 0.444182 -0.151663 0.0955991 0.457231 
-0.151379 0.107988 0.438467 -0.119906 0.0940217 0.45667 -0.119622 0.10641 0.437906 
-0.0563932 0.090867 0.455547 -0.0561095 0.103256 0.436784 -0.0409478 0.0869062 0.439692 
0.324684 0.0719384 0.448813 0.324968 0.084327 0.430049 0.308373 0.069555 0.433519 
0.356441 0.070361 0.448251 0.356724 0.0827496 0.429488 0.388197 0.0687837 0.44769 
0.388481 0.0811723 0.428926 0.403643 0.0648229 0.431835 -0.296433 0.0684039 0.45056 
-0.0257861 0.0705568 0.442601 0.00597032 0.0689795 0.442039 0.0377268 0.0674021 0.441478 
0.0691995 0.0534361 0.459681 0.0694832 0.0658247 0.440917 0.100956 0.0518587 0.45912 
0.10124 0.0642473 0.440356 0.132712 0.0502813 0.458558 0.132996 0.0626699 0.439795 
0.164469 0.048704 0.457997 0.164753 0.0610926 0.439233 0.196225 0.0471266 0.457436 
0.196509 0.0595152 0.438672 0.228266 0.0579378 0.438111 0.260022 0.0563604 0.43755 
0.291778 0.054783 0.436988 0.418804 0.0484735 0.434743 0.433966 0.0321242 0.437652 
-0.313311 0.0412433 0.472794 -0.313027 0.0536319 0.45403 -0.329622 0.0388599 0.4575 
0.432533 0.0010028 0.44403 -0.346501 0.0116993 0.479733 -0.346217 0.0240879 0.46097 
-0.362812 0.00931591 0.464439 0.4311 -0.0301186 0.450409 -0.34765 -0.00703346 0.467348 
-0.332488 -0.0233828 0.470256 0.429667 -0.0612399 0.456787 -0.317327 -0.0397322 0.473165 
-0.28557 -0.0413096 0.472604 -0.285854 -0.0536982 0.491367 -0.270409 -0.057659 0.475512 
0.412788 -0.0884005 0.47902 0.396477 -0.0907839 0.463726 0.413072 -0.0760119 0.460257 
-0.255247 -0.0740083 0.478421 -0.22349 -0.0755857 0.477859 -0.191734 -0.0771631 0.477298 
-0.159978 -0.0787405 0.476737 -0.128505 -0.0927064 0.49494 -0.144816 -0.0950898 0.479646 
0.379599 -0.117945 0.48596 0.363287 -0.120328 0.470666 0.379882 -0.105556 0.467196 
-0.129654 -0.111439 0.482554 -0.0978977 -0.113017 0.481993 -0.0661413 -0.114594 0.481432 
-0.0343848 -0.116171 0.48087 -0.00262834 -0.117749 0.480309 0.0291281 -0.119326 0.479748 
0.0608846 -0.120903 0.479187 0.092641 -0.122481 0.478626 0.124397 -0.124058 0.478064 
0.156154 -0.125636 0.477503 0.18791 -0.127213 0.476942 0.219667 -0.12879 0.476381 
0.251423 -0.130368 0.475819 0.282896 -0.144334 0.494022 0.266585 -0.146717 0.478728 
0.314653 -0.145911 0.493461 0.330098 -0.149872 0.477605 0.346693 -0.1351 0.474136 
0.281747 -0.163066 0.481636 0.313503 -0.164644 0.481075 -0.181418 0.153075 0.413886 
-0.181135 0.165464 0.395123 -0.197729 0.150692 0.398592 -0.149662 0.151498 0.413325 
-0.149378 0.163886 0.394561 -0.117906 0.14992 0.412764 -0.117622 0.162309 0.394 
-0.10246 0.14596 0.396909 -0.309877 0.128263 0.42251 -0.309594 0.140652 0.403746 
-0.326188 0.12588 0.407216 -0.278121 0.126686 0.421948 -0.277837 0.139074 0.403185 
-0.246081 0.137497 0.402623 -0.214324 0.13592 0.402062 -0.151095 0.120376 0.419704 
-0.119339 0.118799 0.419142 -0.0872984 0.12961 0.399817 -0.0558257 0.115644 0.41802 
-0.055542 0.128033 0.399256 -0.0403803 0.111683 0.402165 0.325252 0.0967156 0.411285 
0.325536 0.109104 0.392521 0.308941 0.0943322 0.395991 0.357008 0.0951383 0.410724 
0.357292 0.107527 0.39196 0.372454 0.0911775 0.394869 -0.31131 0.0971419 0.428888 
-0.327622 0.0947585 0.413594 -0.0255024 0.0829454 0.423837 -0.0252186 0.095334 0.405073 
-0.010057 0.0789847 0.407982 0.292062 0.0671717 0.418225 0.292346 0.0795603 0.399461 
0.275751 0.0647883 0.402931 0.387615 0.0748281 0.397777 0.402777 0.0584787 0.400686 
-0.312744 0.0660205 0.435266 -0.329055 0.0636371 0.419972 0.0051047 0.0626353 0.41089 
0.0368612 0.0610579 0.410329 0.0686176 0.0594805 0.409768 0.100374 0.0579032 0.409206 
0.132131 0.0563258 0.408645 0.163887 0.0547484 0.408084 0.195643 0.053171 0.407523 
0.2274 0.0515937 0.406962 0.259156 0.0500163 0.4064 0.417655 0.0297408 0.422358 
0.401344 0.0273574 0.407064 -0.345933 0.0364765 0.442206 -0.345649 0.0488651 0.423442 
-0.362244 0.0340931 0.426912 0.416222 -0.00138059 0.428736 0.399911 -0.00376398 0.413442 
-0.363677 0.00297176 0.43329 0.414789 -0.032502 0.435115 0.398478 -0.0348853 0.419821 
-0.348516 -0.0133776 0.436199 -0.316759 -0.014955 0.435637 -0.317043 -0.0273436 0.454401 
-0.301598 -0.0313044 0.438546 0.413356 -0.0636233 0.441493 0.397045 -0.0660067 0.426199 
-0.286436 -0.0476537 0.441454 -0.271274 -0.0640031 0.444363 0.380166 -0.0931673 0.448432 
0.363855 -0.0955507 0.433138 0.38045 -0.0807787 0.429669 -0.256113 -0.0803525 0.447271 
-0.224356 -0.0819299 0.44671 -0.1926 -0.0835072 0.446149 -0.160843 -0.0850846 0.445588 
-0.145681 -0.101434 0.448496 0.346976 -0.122711 0.455372 0.330665 -0.125095 0.440078 
0.34726 -0.110323 0.436608 -0.13052 -0.117783 0.451405 -0.0987633 -0.119361 0.450844 
-0.0670069 -0.120938 0.450282 -0.0352504 -0.122515 0.449721 -0.00349396 -0.124093 0.44916 
0.0282625 -0.12567 0.448599 0.060019 -0.127248 0.448037 0.0917754 -0.128825 0.447476 
0.123532 -0.130402 0.446915 0.155288 -0.13198 0.446354 0.187045 -0.133557 0.445793 
0.218801 -0.135135 0.445231 0.250558 -0.136712 0.44467 0.282314 -0.138289 0.444109 
0.28203 -0.150678 0.462873 0.314071 -0.139867 0.443548 0.313787 -0.152255 0.462311 
-0.182 0.15912 0.363973 -0.198595 0.144348 0.367443 -0.150244 0.157542 0.363412 
-0.118487 0.155965 0.362851 -0.0870147 0.141999 0.381053 -0.086731 0.154387 0.36229 
-0.0715693 0.138038 0.365198 0.325819 0.121493 0.373758 0.326103 0.133881 0.354994 
0.309508 0.119109 0.358463 0.341265 0.117532 0.357902 -0.342499 0.123496 0.391922 
-0.342216 0.135885 0.373158 -0.358811 0.121113 0.376628 -0.310459 0.134308 0.372597 
-0.278703 0.13273 0.372035 -0.246946 0.131153 0.371474 -0.21519 0.129576 0.370913 
-0.0564076 0.121689 0.368107 -0.0412459 0.105339 0.371015 0.29263 0.0919489 0.380697 
0.292913 0.104337 0.361933 0.276319 0.0895655 0.365403 0.356426 0.101183 0.360811 
0.371588 0.0848333 0.363719 -0.343649 0.104764 0.379536 -0.328487 0.0884143 0.382445 
-0.0260843 0.0889899 0.373924 0.00538845 0.0750239 0.392126 0.0056722 0.0874125 0.373363 
0.0208339 0.0710631 0.376271 0.227684 0.0639823 0.388198 0.227967 0.0763709 0.369434 
0.211373 0.0615989 0.372904 0.25944 0.0624049 0.387637 0.259724 0.0747935 0.368873 
0.386466 0.0560954 0.385392 0.370155 0.053712 0.370098 -0.345366 0.0612537 0.404678 
-0.345082 0.0736423 0.385914 -0.361677 0.0588703 0.389384 0.0359955 0.0547138 0.37918 
0.067752 0.0531364 0.378618 0.0995085 0.051559 0.378057 0.131265 0.0499816 0.377496 
0.163021 0.0484043 0.376935 0.194778 0.0468269 0.376374 0.385033 0.024974 0.39177 
0.368722 0.0225906 0.376476 -0.378555 0.0317097 0.411618 -0.378272 0.0440983 0.392854 
-0.394866 0.0293263 0.396324 0.3836 -0.00614737 0.398148 0.367289 -0.00853075 0.382854 
-0.379705 0.012977 0.399232 -0.364543 -0.0033724 0.402141 0.382167 -0.0372687 0.404527 
0.365856 -0.0396521 0.389233 -0.349381 -0.0197218 0.405049 -0.317909 -0.0336878 0.423252 
-0.33422 -0.0360711 0.407958 0.380733 -0.0683901 0.410905 0.364422 -0.0707735 0.395611 
-0.319058 -0.0524205 0.410866 -0.287301 -0.0539979 0.410305 -0.27214 -0.0703473 0.413214 
0.347544 -0.0979341 0.417844 0.331233 -0.100317 0.40255 0.347828 -0.0855455 0.399081 
-0.256978 -0.0866966 0.416122 -0.225222 -0.088274 0.415561 -0.193465 -0.0898514 0.415 
-0.161993 -0.103817 0.433202 -0.178304 -0.106201 0.417908 0.314354 -0.127478 0.424784 
0.298043 -0.129861 0.40949 0.314638 -0.115089 0.40602 -0.163142 -0.12255 0.420817 
-0.131385 -0.124128 0.420256 -0.0996289 -0.125705 0.419694 -0.0678725 -0.127282 0.419133 
-0.036116 -0.12886 0.418572 -0.00435958 -0.130437 0.418011 0.0273969 -0.132014 0.417449 
0.0591533 -0.133592 0.416888 0.0909098 -0.135169 0.416327 0.122666 -0.136747 0.415766 
0.154423 -0.138324 0.415204 0.186179 -0.139901 0.414643 0.217936 -0.141479 0.414082 
0.249692 -0.143056 0.413521 0.281449 -0.144633 0.41296 0.29463 0.147847 0.336791 
0.294914 0.160236 0.318027 0.278319 0.145464 0.321497 0.310076 0.143887 0.320936 
-0.182866 0.152775 0.332824 -0.199461 0.138003 0.336294 -0.151109 0.151198 0.332263 
-0.119353 0.149621 0.331702 -0.0875966 0.148043 0.33114 -0.0724349 0.131694 0.334049 
0.261441 0.118303 0.343731 0.261724 0.130692 0.324967 0.24513 0.11592 0.328437 
0.293197 0.116726 0.343169 0.325237 0.127537 0.323844 0.340399 0.111188 0.326753 
-0.343081 0.129541 0.342009 -0.359676 0.114769 0.345478 -0.311325 0.127964 0.341447 
-0.279568 0.126386 0.340886 -0.247812 0.124809 0.340325 -0.216056 0.123231 0.339764 
-0.0572732 0.115344 0.336957 -0.0258005 0.101378 0.35516 -0.0255168 0.113767 0.336396 
-0.0103551 0.0974177 0.339305 0.228251 0.0887595 0.35067 0.228535 0.101148 0.331906 
0.21194 0.0863761 0.335376 0.260008 0.0871821 0.350109 0.355277 0.08245 0.348425 
0.338966 0.0800666 0.333131 -0.344798 0.0860309 0.367151 -0.361109 0.0836475 0.351857 
0.00480658 0.0810684 0.342213 0.0362793 0.0671024 0.360416 0.036563 0.079491 0.341652 
0.0680358 0.065525 0.359855 0.0683195 0.0779136 0.341091 0.0834812 0.0615642 0.343999 
0.195062 0.0592155 0.35761 0.195345 0.0716041 0.338846 0.178751 0.0568321 0.342316 
0.354128 0.0637172 0.33604 0.369289 0.0473678 0.338948 -0.362542 0.0525262 0.358235 
0.0986428 0.0452149 0.346908 0.130399 0.0436375 0.346347 0.162156 0.0420601 0.345785 
0.367856 0.0162465 0.345327 -0.379137 0.0377542 0.361705 -0.395732 0.0229822 0.365174 
0.366423 -0.0148749 0.351705 -0.38057 0.00663282 0.368083 -0.365409 -0.00971655 0.370991 
0.349545 -0.0420355 0.373938 0.333234 -0.0444189 0.358644 0.349828 -0.0296469 0.355175 
-0.350247 -0.0260659 0.3739 -0.335085 -0.0424153 0.376808 0.348111 -0.0731569 0.380317 
0.3318 -0.0755403 0.365023 -0.319924 -0.0587647 0.379717 -0.288451 -0.0727307 0.39792 
-0.304762 -0.075114 0.382626 0.314922 -0.102701 0.387256 0.298611 -0.105084 0.371962 
0.315206 -0.0903122 0.368492 -0.2896 -0.0914634 0.385534 -0.257844 -0.0930408 0.384973 
-0.226087 -0.0946182 0.384412 -0.194331 -0.0961955 0.38385 -0.179169 -0.112545 0.386759 
0.281732 -0.132245 0.394196 0.265421 -0.134628 0.378902 0.282016 -0.119856 0.375432 
-0.164007 -0.128894 0.389667 -0.132251 -0.130472 0.389106 -0.100495 -0.132049 0.388545 
-0.0687381 -0.133626 0.387984 -0.0369817 -0.135204 0.387423 -0.00522519 -0.136781 0.386861 
0.0265313 -0.138359 0.3863 0.0582877 -0.139936 0.385739 0.0900442 -0.141513 0.385178 
0.121801 -0.143091 0.384616 0.153557 -0.144668 0.384055 0.185314 -0.146245 0.383494 
0.21707 -0.147823 0.382933 0.248826 -0.1494 0.382372 0.262008 0.143081 0.306203 
0.262292 0.155469 0.287439 0.245697 0.140697 0.290909 0.293765 0.141503 0.305642 
0.277454 0.13912 0.290348 -0.215772 0.13562 0.321 -0.215488 0.148009 0.302236 
-0.232083 0.133237 0.305706 -0.183732 0.146431 0.301675 -0.151975 0.144854 0.301114 
-0.120219 0.143276 0.300552 -0.0884622 0.141699 0.299991 -0.0733005 0.12535 0.3029 
0.228819 0.113537 0.313143 0.229102 0.125925 0.294379 0.212508 0.111153 0.297849 
0.292615 0.122771 0.293256 0.324088 0.108805 0.311459 0.307777 0.106421 0.296165 
-0.375987 0.112386 0.330184 -0.375703 0.124774 0.31142 -0.392298 0.110002 0.31489 
-0.343947 0.123197 0.310859 -0.312191 0.121619 0.310298 -0.280434 0.120042 0.309737 
-0.248678 0.118465 0.309176 -0.0581388 0.109 0.305808 -0.0263824 0.107423 0.305247 
0.00509033 0.093457 0.32345 0.00537407 0.105846 0.304686 0.0205357 0.0894962 0.307594 
0.195629 0.0839927 0.320082 0.195913 0.0963813 0.301318 0.179318 0.0816093 0.304788 
0.322655 0.0776832 0.317837 0.306344 0.0752998 0.302543 -0.37742 0.0812641 0.336563 
-0.393731 0.0788808 0.321268 0.0356974 0.0731468 0.310503 0.0674539 0.0715694 0.309942 
0.0989266 0.0576035 0.328144 0.0992103 0.0699921 0.30938 0.130683 0.0560261 0.327583 
0.130967 0.0684147 0.308819 0.162439 0.0544487 0.327022 0.162723 0.0668373 0.308258 
0.321506 0.0589504 0.305452 0.352978 0.0449844 0.323654 0.336667 0.042601 0.30836 
-0.378853 0.0501428 0.342941 -0.395164 0.0477594 0.327647 0.351545 0.0138631 0.330033 
0.335234 0.0114797 0.314739 -0.396598 0.016638 0.334025 0.350112 -0.0172583 0.336411 
0.333801 -0.0196417 0.321117 -0.381436 0.000288662 0.336934 -0.366274 -0.0160607 0.339842 
0.332368 -0.050763 0.327495 -0.351113 -0.0324101 0.342751 -0.335951 -0.0487595 0.345659 
0.330935 -0.0818844 0.333873 -0.320789 -0.0651088 0.348568 -0.305627 -0.0814582 0.351476 
0.297745 -0.111428 0.340813 0.31434 -0.0966564 0.337343 -0.290466 -0.0978076 0.354385 
-0.258709 -0.0993849 0.353824 -0.226953 -0.100962 0.353262 -0.195196 -0.10254 0.352701 
-0.180035 -0.118889 0.35561 0.24911 -0.137012 0.363608 0.232799 -0.139395 0.348314 
0.249394 -0.124623 0.344844 0.28115 -0.1262 0.344283 -0.164873 -0.135238 0.358518 
-0.133117 -0.136816 0.357957 -0.10136 -0.138393 0.357396 -0.0696037 -0.139971 0.356835 
-0.0378473 -0.141548 0.356273 -0.00609081 -0.143125 0.355712 0.0256656 -0.144703 0.355151 
0.0574221 -0.14628 0.35459 0.0888948 -0.160246 0.372792 0.0725838 -0.162629 0.357498 
0.120651 -0.161823 0.372231 0.136097 -0.165784 0.356376 0.152691 -0.151012 0.352906 
0.184448 -0.15259 0.352345 0.216204 -0.154167 0.351783 0.0877455 -0.178979 0.360407 
0.119502 -0.180556 0.359845 -0.0881784 0.154088 0.281227 -0.0878947 0.166476 0.262464 
-0.104489 0.151704 0.265933 -0.072733 0.150127 0.265372 0.19763 0.139891 0.276176 
0.197913 0.15228 0.257412 0.181319 0.137508 0.260882 0.213075 0.13593 0.260321 
0.261143 0.136736 0.275054 -0.216354 0.141664 0.271087 -0.232948 0.126892 0.274556 
-0.184597 0.140087 0.270526 -0.152841 0.13851 0.269964 -0.121084 0.136932 0.269403 
-0.0578551 0.121389 0.287044 -0.0575714 0.133778 0.268281 -0.0424097 0.117428 0.271189 
0.16444 0.110347 0.283116 0.164724 0.122736 0.264352 0.148129 0.107964 0.267822 
0.196197 0.10877 0.282555 0.228237 0.119581 0.26323 0.259993 0.118004 0.262668 
0.291466 0.104038 0.280871 0.275155 0.101654 0.265577 -0.376569 0.11843 0.280271 
-0.393164 0.103658 0.283741 -0.344813 0.116853 0.27971 -0.313056 0.115275 0.279149 
-0.2813 0.113698 0.278587 -0.249543 0.11212 0.278026 -0.027248 0.101079 0.274098 
0.00450845 0.0995014 0.273536 0.0196701 0.083152 0.276445 0.0994941 0.0823807 0.290617 
0.0997778 0.0947693 0.271853 0.083183 0.0799973 0.275323 0.131251 0.0808033 0.290055 
0.131534 0.0931919 0.271292 0.163007 0.0792259 0.289494 0.290033 0.0729164 0.287249 
0.273722 0.070533 0.271955 -0.394597 0.0725366 0.290119 0.0348318 0.0668027 0.279353 
0.0665883 0.0652253 0.278792 0.288883 0.0541836 0.274864 0.320356 0.0402177 0.293066 
0.304045 0.0378343 0.277772 -0.39603 0.0414152 0.296498 0.318923 0.00909629 0.299445 
0.302612 0.0067129 0.284151 -0.397463 0.0102939 0.302876 0.31749 -0.0220251 0.305823 
0.301179 -0.0244085 0.290529 -0.382301 -0.00605549 0.305784 -0.36714 -0.0224049 0.308693 
0.316057 -0.0531464 0.312201 0.299746 -0.0555298 0.296907 -0.351978 -0.0387542 0.311601 
-0.336816 -0.0551036 0.31451 0.314624 -0.0842678 0.318579 0.298313 -0.0866512 0.303285 
-0.321655 -0.071453 0.317418 -0.306493 -0.0878024 0.320327 0.281434 -0.113812 0.325519 
0.265123 -0.116195 0.310225 0.281718 -0.101423 0.306755 -0.291331 -0.104152 0.323236 
-0.259575 -0.105729 0.322674 -0.227819 -0.107306 0.322113 -0.196062 -0.108884 0.321552 
-0.1809 -0.125233 0.32446 0.231934 -0.145739 0.317164 0.248528 -0.130967 0.313695 
-0.165739 -0.141583 0.327369 -0.133982 -0.14316 0.326808 -0.102226 -0.144737 0.326246 
-0.0704693 -0.146315 0.325685 -0.0387129 -0.147892 0.325124 -0.00695643 -0.149469 0.324563 
0.0248 -0.151047 0.324002 0.0562727 -0.165013 0.342204 0.0399617 -0.167396 0.32691 
0.135231 -0.172128 0.325226 0.151826 -0.157356 0.321757 0.183582 -0.158934 0.321195 
0.215339 -0.160511 0.320634 0.0551234 -0.183746 0.329819 0.0868798 -0.185323 0.329257 
0.118636 -0.1869 0.328696 -0.0887603 0.160132 0.231314 -0.105355 0.14536 0.234784 
-0.0735986 0.143783 0.234223 0.196764 0.133547 0.245027 -0.217219 0.13532 0.239937 
-0.233814 0.120548 0.243407 -0.185463 0.133743 0.239376 -0.153706 0.132166 0.238815 
-0.12195 0.130588 0.238254 -0.058437 0.127433 0.237131 -0.0432753 0.111084 0.24004 
0.131818 0.105581 0.252528 0.132102 0.117969 0.233764 0.115507 0.103197 0.237234 
0.163858 0.116392 0.233203 0.195615 0.114814 0.232642 0.227087 0.100848 0.250844 
0.210776 0.098465 0.23555 0.258844 0.099271 0.250283 -0.377435 0.112086 0.249122 
-0.394029 0.0973138 0.252592 -0.345678 0.110508 0.248561 -0.313922 0.108931 0.247999 
-0.282165 0.107354 0.247438 -0.250409 0.105776 0.246877 -0.0281136 0.0947346 0.242948 
0.00335909 0.0807687 0.261151 -0.0129519 0.0783853 0.245857 0.066872 0.0776139 0.260028 
0.0671557 0.0900025 0.241265 0.050561 0.0752305 0.244734 0.0989122 0.0884251 0.240703 
0.225938 0.0821156 0.238459 0.257411 0.0681496 0.256661 0.2411 0.0657662 0.241367 
-0.410908 0.0701532 0.274825 -0.410624 0.0825418 0.256061 -0.427219 0.0677698 0.259531 
0.00220972 0.0620359 0.248765 0.0339662 0.0604585 0.248204 0.256261 0.0494169 0.244276 
0.287734 0.0354509 0.262478 0.271423 0.0330675 0.247184 -0.412057 0.0514205 0.26244 
-0.396896 0.0350711 0.265348 0.286301 0.00432951 0.268856 0.26999 0.00194613 0.253562 
-0.398329 0.00394972 0.271727 0.284868 -0.0267919 0.275235 0.268557 -0.0291752 0.259941 
-0.383167 -0.0123996 0.274635 -0.368005 -0.028749 0.277544 0.283718 -0.0455246 0.262849 
0.29888 -0.061874 0.265758 -0.352844 -0.0450984 0.280452 -0.337682 -0.0614478 0.283361 
0.282002 -0.0890346 0.287991 0.265691 -0.091418 0.272697 0.282285 -0.076646 0.269228 
-0.32252 -0.0777971 0.286269 -0.290764 -0.0793745 0.285708 -0.291048 -0.0917631 0.304472 
-0.275602 -0.0957239 0.288616 0.264257 -0.122539 0.279076 -0.260441 -0.112073 0.291525 
-0.228684 -0.113651 0.290964 -0.196928 -0.115228 0.290403 -0.181766 -0.131577 0.293311 
0.231068 -0.152083 0.286015 0.247663 -0.137311 0.282545 -0.166604 -0.147927 0.29622 
-0.134848 -0.149504 0.295658 -0.103091 -0.151082 0.295097 -0.071335 -0.152659 0.294536 
-0.0395785 -0.154236 0.293975 -0.00782205 -0.155814 0.293413 0.0239344 -0.157391 0.292852 
0.0390961 -0.17374 0.295761 0.11892 -0.174512 0.309932 0.102609 -0.176895 0.294638 
0.119204 -0.162123 0.291169 0.15096 -0.163701 0.290607 0.182717 -0.165278 0.290046 
0.214473 -0.166855 0.289485 0.0542578 -0.19009 0.298669 0.0860142 -0.191667 0.298108 
-0.0896259 0.153788 0.200165 -0.106221 0.139016 0.203635 -0.0744643 0.137439 0.203074 
-0.281882 0.119742 0.228674 -0.281598 0.132131 0.209911 -0.298193 0.117359 0.21338 
-0.250125 0.118165 0.228113 -0.249841 0.130553 0.209349 -0.218085 0.128976 0.208788 
-0.186328 0.127399 0.208227 -0.154572 0.125821 0.207666 -0.122816 0.124244 0.207104 
-0.0593026 0.121089 0.205982 -0.0441409 0.10474 0.208891 0.130952 0.0992363 0.221378 
0.146398 0.0952756 0.205523 0.162993 0.110048 0.202053 0.194465 0.0960816 0.220256 
0.178154 0.0936982 0.204962 -0.3783 0.105742 0.217973 -0.394895 0.0909697 0.221442 
-0.346544 0.104164 0.217411 -0.314787 0.102587 0.21685 -0.0289792 0.0883905 0.211799 
0.00249347 0.0744245 0.230002 0.00277722 0.0868131 0.211238 0.0179389 0.0704637 0.214146 
0.0662901 0.0836583 0.210115 0.0496953 0.0688863 0.213585 0.0980466 0.082081 0.209554 
0.129803 0.0805036 0.208993 0.193316 0.0773488 0.207871 0.224789 0.0633828 0.226073 
0.208478 0.0609995 0.210779 -0.41149 0.0761977 0.224912 -0.428085 0.0614257 0.228382 
0.0331006 0.0541144 0.217055 0.223639 0.0446501 0.213688 0.255112 0.0306841 0.23189 
0.238801 0.0283007 0.216596 -0.413207 0.0326877 0.250054 -0.429518 0.0303043 0.23476 
0.253679 -0.000437262 0.238268 0.237368 -0.00282065 0.222974 -0.414356 0.0139549 0.237669 
-0.399194 -0.00239443 0.240577 0.25253 -0.01917 0.225883 0.267691 -0.0355194 0.228791 
-0.384033 -0.0187438 0.243486 -0.368871 -0.0350932 0.246394 0.282569 -0.0642574 0.250464 
0.266258 -0.0666408 0.23517 -0.353709 -0.0514425 0.249303 -0.338548 -0.0677919 0.252211 
0.264825 -0.0977621 0.241548 -0.323386 -0.0841413 0.25512 -0.29163 -0.0857187 0.254559 
-0.259873 -0.087296 0.253997 -0.260157 -0.0996846 0.272761 -0.244711 -0.103645 0.256906 
0.247946 -0.124923 0.263782 0.231635 -0.127306 0.248488 0.24823 -0.112534 0.245018 
-0.22955 -0.119995 0.259815 -0.197793 -0.121572 0.259253 -0.166037 -0.12315 0.258692 
-0.166321 -0.135538 0.277456 -0.150875 -0.139499 0.261601 0.214757 -0.154467 0.270721 
0.198446 -0.15685 0.255427 0.215041 -0.142078 0.251957 -0.135714 -0.155848 0.264509 
-0.103957 -0.157426 0.263948 -0.0722006 -0.159003 0.263387 -0.0404441 -0.16058 0.262825 
-0.00868767 -0.162158 0.262264 0.0230688 -0.163735 0.261703 0.0548252 -0.165313 0.261142 
0.0545415 -0.177701 0.279906 0.0865817 -0.16689 0.260581 0.086298 -0.179279 0.279344 
0.118338 -0.168467 0.260019 0.150095 -0.170045 0.259458 0.181851 -0.171622 0.258897 
-0.0907753 0.135055 0.187779 -0.314504 0.114975 0.198086 -0.31422 0.127364 0.179323 
-0.330815 0.112592 0.182792 -0.282463 0.125787 0.178761 -0.250707 0.124209 0.1782 
-0.21895 0.122632 0.177639 -0.187194 0.121055 0.177078 -0.155438 0.119477 0.176516 
-0.123681 0.1179 0.175955 -0.0919247 0.116322 0.175394 -0.060452 0.102356 0.193597 
-0.076763 0.0999731 0.178303 0.130087 0.0928922 0.190229 0.130371 0.105281 0.171465 
0.113776 0.0905088 0.174935 0.161843 0.0913148 0.189668 0.145532 0.0889314 0.174374 
-0.379166 0.0993975 0.186823 -0.395761 0.0846255 0.190293 -0.347409 0.0978201 0.186262 
-0.0616013 0.0836237 0.181211 -0.0298449 0.0820463 0.18065 0.0019116 0.0804689 0.180089 
0.0333843 0.066503 0.198291 0.0336681 0.0788916 0.179527 0.0654245 0.0773142 0.178966 
0.097181 0.0757368 0.178405 0.160694 0.0725821 0.177282 0.192167 0.0586161 0.195485 
0.175856 0.0562327 0.180191 -0.412355 0.0698535 0.193763 -0.42895 0.0550815 0.197233 
0.191017 0.0398833 0.1831 0.22249 0.0259173 0.201302 0.206179 0.0235339 0.186008 
-0.430383 0.0239602 0.203611 0.221341 0.00718457 0.188917 0.236502 -0.00916481 0.191825 
-0.415222 0.00761078 0.206519 -0.40006 -0.00873859 0.209428 0.25138 -0.0379028 0.213497 
0.235069 -0.0402862 0.198203 -0.384898 -0.025088 0.212336 -0.369737 -0.0414373 0.215245 
0.249947 -0.0690241 0.219876 0.233636 -0.0714075 0.204582 -0.354575 -0.0577867 0.218154 
-0.322819 -0.0593641 0.217592 -0.323102 -0.0717527 0.236356 -0.307657 -0.0757134 0.220501 
0.248514 -0.100146 0.226254 0.232203 -0.102529 0.21096 -0.292495 -0.0920628 0.223409 
-0.260739 -0.0936402 0.222848 -0.228982 -0.0952176 0.222287 -0.229266 -0.107606 0.241051 
-0.213821 -0.111567 0.225195 0.23077 -0.13365 0.217338 -0.198659 -0.127916 0.228104 
-0.166902 -0.129494 0.227543 -0.135146 -0.131071 0.226982 -0.13543 -0.14346 0.245745 
-0.119984 -0.14742 0.22989 0.19758 -0.163194 0.224278 0.214175 -0.148422 0.220808 
-0.104823 -0.16377 0.232799 -0.0730662 -0.165347 0.232237 -0.0413097 -0.166925 0.231676 
-0.00955329 -0.168502 0.231115 0.0222032 -0.170079 0.230554 0.0539596 -0.171657 0.229992 
0.0857161 -0.173234 0.229431 0.117473 -0.174811 0.22887 0.149229 -0.176389 0.228309 
0.180985 -0.177966 0.227748 -0.347126 0.110209 0.167498 -0.346842 0.122597 0.148735 
-0.363437 0.107825 0.152204 -0.315085 0.12102 0.148173 -0.283329 0.119443 0.147612 
-0.251573 0.117865 0.147051 -0.219816 0.116288 0.14649 -0.18806 0.11471 0.145928 
-0.156303 0.113133 0.145367 -0.124547 0.111556 0.144806 -0.0927903 0.109978 0.144245 
-0.0776286 0.0936289 0.147153 0.129221 0.086548 0.15908 -0.380031 0.0930533 0.155674 
-0.396626 0.0782814 0.159144 -0.0624669 0.0772795 0.150062 -0.0307105 0.0757022 0.149501 
0.00104598 0.0741248 0.148939 0.0328024 0.0725474 0.148378 0.0645589 0.07097 0.147817 
0.0963154 0.0693927 0.147256 0.128072 0.0678153 0.146694 0.159828 0.0662379 0.146133 
0.17499 0.0498885 0.149042 -0.413221 0.0635094 0.162614 -0.429816 0.0487374 0.166083 
0.190152 0.0335392 0.15195 0.205313 0.0171898 0.154859 -0.431249 0.017616 0.172462 
0.220191 -0.0115482 0.176531 0.20388 -0.0139316 0.161237 -0.416087 0.00126663 0.17537 
-0.400926 -0.0150827 0.178279 0.218758 -0.0426696 0.182909 0.202447 -0.0450529 0.167615 
-0.386048 -0.0438207 0.199951 -0.402359 -0.0462041 0.184657 0.217609 -0.0614023 0.170524 
0.23277 -0.0777517 0.173432 -0.387197 -0.0625535 0.187565 -0.355441 -0.0641309 0.187004 
-0.323968 -0.0780968 0.205207 -0.340279 -0.0804802 0.189913 0.231337 -0.108873 0.179811 
-0.325117 -0.0968296 0.192821 -0.293361 -0.098407 0.19226 -0.261604 -0.0999844 0.191699 
-0.229848 -0.101562 0.191138 -0.198091 -0.103139 0.190576 -0.198375 -0.115528 0.20934 
-0.18293 -0.119488 0.193485 0.214459 -0.136034 0.202044 0.198148 -0.138417 0.18675 
0.214743 -0.123645 0.18328 -0.167768 -0.135838 0.196393 -0.136012 -0.137415 0.195832 
-0.104255 -0.138993 0.195271 -0.104539 -0.151381 0.214035 -0.0890935 -0.155342 0.19818 
0.181269 -0.165578 0.208984 0.164958 -0.167961 0.19369 0.181553 -0.153189 0.19022 
-0.0739318 -0.171691 0.201088 -0.0421754 -0.173269 0.200527 -0.0104189 -0.174846 0.199966 
0.0213376 -0.176423 0.199404 0.053094 -0.178001 0.198843 0.0848505 -0.179578 0.198282 
0.116607 -0.181156 0.197721 0.148363 -0.182733 0.19716 -0.347708 0.116253 0.117585 
-0.364302 0.101481 0.121055 -0.315951 0.114676 0.117024 -0.284195 0.113098 0.116463 
-0.252438 0.111521 0.115902 -0.220682 0.109944 0.11534 -0.188925 0.108366 0.114779 
-0.157169 0.106789 0.114218 -0.125412 0.105212 0.113657 -0.0936559 0.103634 0.113095 
-0.0621832 0.0896682 0.131298 -0.0618994 0.102057 0.112534 -0.0304267 0.0880908 0.130737 
-0.030143 0.100479 0.111973 -0.0149813 0.08413 0.114881 -0.380897 0.0867092 0.124525 
-0.397492 0.0719372 0.127995 0.000180363 0.0677806 0.11779 0.0316531 0.0538147 0.135993 
0.015342 0.0514313 0.120699 0.0634095 0.0522373 0.135431 0.095166 0.0506599 0.13487 
0.126922 0.0490825 0.134309 0.158679 0.0475051 0.133748 -0.414087 0.0571652 0.131464 
-0.430681 0.0423932 0.134934 0.0305037 0.0350819 0.123607 0.0622602 0.0335045 0.123046 
0.0940166 0.0319271 0.122485 0.125773 0.0303498 0.121923 0.15753 0.0287724 0.121362 
0.189002 0.0148064 0.139565 0.172691 0.012423 0.124271 -0.432115 0.0112718 0.141312 
0.187569 -0.016315 0.145943 0.171258 -0.0186984 0.130649 -0.416953 -0.00507753 0.144221 
-0.401791 -0.0214269 0.147129 0.18642 -0.0350477 0.133558 0.201581 -0.0513971 0.136466 
-0.403224 -0.0525483 0.153508 0.216459 -0.0801351 0.158138 0.200148 -0.0825185 0.142844 
-0.388063 -0.0688976 0.156416 -0.35659 -0.0828636 0.174619 -0.372901 -0.085247 0.159325 
0.215026 -0.111256 0.164517 0.198715 -0.11364 0.149223 -0.357739 -0.101596 0.162233 
-0.325983 -0.103174 0.161672 -0.294226 -0.104751 0.161111 -0.26247 -0.106329 0.16055 
-0.230714 -0.107906 0.159988 -0.198957 -0.109483 0.159427 -0.183795 -0.125833 0.162336 
0.181837 -0.1408 0.171456 0.165526 -0.143184 0.156162 0.18212 -0.128412 0.152692 
-0.168634 -0.142182 0.165244 -0.136877 -0.143759 0.164683 -0.105121 -0.145337 0.164122 
-0.0733643 -0.146914 0.163561 -0.0736481 -0.159303 0.182324 -0.0416079 -0.148492 0.162999 
-0.0418916 -0.16088 0.181763 -0.00985141 -0.150069 0.162438 -0.0101352 -0.162458 0.181202 
0.00531026 -0.166418 0.165347 0.148647 -0.170344 0.178396 0.132336 -0.172728 0.163102 
0.148931 -0.157956 0.159632 0.0204719 -0.182768 0.168255 0.0522284 -0.184345 0.167694 
0.0839849 -0.185922 0.167133 0.115741 -0.1875 0.166571 -0.348573 0.109909 0.0864359 
-0.365168 0.095137 0.0899057 -0.316817 0.108332 0.0858747 -0.28506 0.106754 0.0853135 
-0.253304 0.105177 0.0847523 -0.221547 0.103599 0.084191 -0.189791 0.102022 0.0836298 
-0.158034 0.100445 0.0830686 -0.126278 0.0988674 0.0825073 -0.0945215 0.09729 0.0819461 
-0.0627651 0.0957126 0.0813849 -0.0312923 0.0817466 0.0995875 -0.0476034 0.0793632 0.0842934 
-0.381763 0.080365 0.0933755 -0.398358 0.065593 0.0968452 -0.0324417 0.0630139 0.087202 
-0.000969002 0.0490479 0.105405 -0.01728 0.0466645 0.0901105 -0.414952 0.050821 0.100315 
-0.431547 0.0360491 0.103785 -0.00211837 0.0303151 0.093019 0.0293543 0.0163491 0.111222 
0.0130433 0.0139657 0.0959276 0.0611108 0.0147718 0.11066 0.0928673 0.0131944 0.110099 
0.124624 0.011617 0.109538 0.15638 0.0100396 0.108977 -0.43298 0.00492769 0.110163 
0.028205 -0.00238363 0.0988361 0.0599614 -0.003961 0.0982749 0.0917179 -0.00553838 0.0977136 
0.123474 -0.00711576 0.0971524 0.155231 -0.00869314 0.0965912 0.170392 -0.0250425 0.0994997 
-0.418102 -0.0238103 0.131835 -0.434413 -0.0261937 0.116541 0.18527 -0.0537805 0.121172 
0.168959 -0.0561639 0.105878 -0.419252 -0.042543 0.11945 -0.40409 -0.0588924 0.122358 
0.183837 -0.0849019 0.12755 0.167526 -0.0872852 0.112256 -0.388928 -0.0752418 0.125267 
-0.373767 -0.0915912 0.128175 0.150648 -0.114446 0.13449 0.134337 -0.116829 0.119196 
0.150931 -0.102057 0.115726 0.182404 -0.116023 0.133929 -0.358605 -0.107941 0.131084 
-0.326849 -0.109518 0.130523 -0.295092 -0.111095 0.129962 -0.263336 -0.112673 0.1294 
-0.231579 -0.11425 0.128839 -0.199823 -0.115827 0.128278 -0.168066 -0.117405 0.127717 
-0.16835 -0.129793 0.14648 -0.13631 -0.118982 0.127155 -0.136593 -0.131371 0.145919 
-0.121148 -0.135332 0.130064 0.149215 -0.145567 0.140868 0.132904 -0.147951 0.125574 
-0.105986 -0.151681 0.132972 -0.0742299 -0.153258 0.132411 -0.0424735 -0.154836 0.13185 
-0.010717 -0.156413 0.131289 0.0210394 -0.15799 0.130728 0.0207557 -0.170379 0.149491 
0.0362011 -0.17434 0.133636 0.0842686 -0.173534 0.148369 0.0679576 -0.175917 0.133075 
0.0845523 -0.161145 0.129605 0.116309 -0.162723 0.129044 0.116025 -0.175111 0.147808 
0.0513628 -0.190689 0.136545 -0.349439 0.103565 0.0552866 -0.366034 0.0887929 0.0587564 
-0.317682 0.101987 0.0547254 -0.285926 0.10041 0.0541642 -0.254169 0.0988327 0.053603 
-0.222413 0.0972553 0.0530417 -0.190657 0.095678 0.0524805 -0.1589 0.0941006 0.0519193 
-0.127144 0.0925232 0.0513581 -0.0953871 0.0909458 0.0507968 -0.0639144 0.0769798 0.0689994 
-0.0802255 0.0745965 0.0537054 -0.382628 0.0740209 0.0622262 -0.399223 0.0592489 0.0656959 
-0.0650638 0.0582471 0.0566139 -0.0335911 0.0442811 0.0748165 -0.0499021 0.0418977 0.0595224 
-0.415818 0.0444769 0.0691657 -0.432413 0.0297049 0.0726354 -0.0347404 0.0255483 0.062431 
-0.00298398 0.023971 0.0618697 0.0121777 0.00762159 0.0647783 -0.433846 -0.00141647 0.0790137 
0.0273394 -0.00872778 0.0676868 0.0588121 -0.0226938 0.0858894 0.042501 -0.0250772 0.0705953 
0.0905685 -0.0242711 0.0853281 0.122325 -0.0258485 0.0847669 0.154081 -0.0274259 0.0842057 
-0.435279 -0.0325378 0.085392 0.057379 -0.0538151 0.0922677 0.0410679 -0.0561985 0.0769736 
0.0891354 -0.0553925 0.0917064 0.120892 -0.0569699 0.0911452 0.152648 -0.0585473 0.090584 
-0.420117 -0.0488872 0.0883006 -0.404956 -0.0652366 0.0912091 0.0562296 -0.0725479 0.0798822 
0.0879861 -0.0741253 0.0793209 0.119459 -0.0880912 0.0975235 0.103148 -0.0904746 0.0822295 
0.151215 -0.0896686 0.0969623 -0.389794 -0.0815859 0.0941176 -0.358037 -0.0831633 0.0935564 
-0.358321 -0.0955519 0.11232 -0.342876 -0.0995127 0.0964649 0.118026 -0.119213 0.103902 
0.101715 -0.121596 0.0886078 -0.327714 -0.115862 0.0993735 -0.295958 -0.117439 0.0988122 
-0.264201 -0.119017 0.098251 -0.232445 -0.120594 0.0976898 -0.200688 -0.122172 0.0971286 
-0.168932 -0.123749 0.0965673 -0.137175 -0.125326 0.0960061 -0.105419 -0.126904 0.0954449 
-0.105703 -0.139292 0.114209 -0.0736625 -0.128481 0.0948837 -0.0739462 -0.14087 0.113647 
-0.0585008 -0.14483 0.0977922 0.116593 -0.150334 0.11028 0.100282 -0.152717 0.0949861 
-0.0433391 -0.16118 0.100701 -0.0115826 -0.162757 0.100139 0.0201738 -0.164335 0.0995783 
0.0519303 -0.165912 0.099017 0.0516465 -0.178301 0.117781 0.0836867 -0.167489 0.0984558 
-0.350304 0.0972207 0.0241374 -0.366899 0.0824487 0.0276071 -0.318548 0.0956433 0.0235761 
-0.286792 0.0940659 0.0230149 -0.255035 0.0924886 0.0224537 -0.223279 0.0909112 0.0218925 
-0.191522 0.0893338 0.0213312 -0.159766 0.0877564 0.02077 -0.128009 0.086179 0.0202088 
-0.0962528 0.0846017 0.0196475 -0.0810911 0.0682523 0.0225561 -0.383494 0.0676767 0.0310769 
-0.400089 0.0529047 0.0345466 -0.0659294 0.0519029 0.0254646 -0.0507677 0.0355536 0.0283731 
-0.416684 0.0381327 0.0380164 -0.433278 0.0233607 0.0414862 -0.0356061 0.0192042 0.0312817 
-0.0038496 0.0176268 0.0307205 0.0113121 0.00127744 0.033629 -0.434711 -0.00776062 0.0478645 
0.02619 -0.0274605 0.0553013 0.00987896 -0.0298439 0.0400073 -0.436145 -0.038882 0.0542428 
0.0247569 -0.0585819 0.0616796 0.00844585 -0.0609653 0.0463856 -0.420983 -0.0552314 0.0571513 
-0.405821 -0.0715807 0.0600598 0.0236075 -0.0773147 0.0492941 0.0550802 -0.0912806 0.0674967 
0.0387692 -0.093664 0.0522026 0.0868367 -0.092858 0.0669354 -0.39066 -0.0879301 0.0629684 
-0.358903 -0.0895075 0.0624071 -0.327147 -0.0910849 0.0618459 -0.32743 -0.103473 0.0806097 
-0.29539 -0.0926622 0.0612847 -0.295674 -0.105051 0.0800485 -0.280228 -0.109012 0.0641932 
0.0539309 -0.110013 0.0551112 0.0856873 -0.111591 0.0545499 0.100849 -0.12794 0.0574585 
-0.265067 -0.125361 0.0671017 -0.23331 -0.126938 0.0665405 -0.201554 -0.128516 0.0659793 
-0.169797 -0.130093 0.0654181 -0.138041 -0.13167 0.0648568 -0.106285 -0.133248 0.0642956 
-0.0745281 -0.134825 0.0637344 -0.0427716 -0.136403 0.0631731 -0.0430554 -0.148791 0.0819369 
-0.0110152 -0.13798 0.0626119 -0.0112989 -0.150369 0.0813757 0.0207413 -0.139557 0.0620507 
0.0204576 -0.151946 0.0808145 0.035903 -0.155907 0.0649592 0.0839705 -0.155101 0.079692 
0.0676594 -0.157484 0.064398 0.0842542 -0.142712 0.0609282 0.0510646 -0.172256 0.0678678 
-0.254751 0.104877 0.0036899 -0.254468 0.117266 -0.0150739 -0.271062 0.102494 -0.0116041 
-0.239306 0.100916 -0.0121654 -0.35117 0.0908765 -0.00701192 -0.367765 0.0761046 -0.00354216 
-0.319414 0.0892992 -0.00757315 -0.287657 0.0877218 -0.00813437 -0.224144 0.084567 -0.00925683 
-0.192388 0.0829897 -0.00981805 -0.160631 0.0814123 -0.0103793 -0.128875 0.0798349 -0.0109405 
-0.0971184 0.0782575 -0.0115017 -0.0819567 0.0619081 -0.0085932 -0.38436 0.0613326 -7.2399e-05 
-0.400954 0.0465606 0.00339736 -0.066795 0.0455588 -0.00568467 -0.0516334 0.0292094 -0.00277614 
-0.417549 0.0317886 0.00686712 -0.434144 0.0170166 0.0103369 -0.0364717 0.01286 0.000132396 
-0.00499897 -0.00110595 0.018335 -0.02131 -0.00348934 0.00304093 -0.451022 -0.010144 0.0325704 
-0.450739 0.0022446 0.0138066 -0.467334 -0.0125274 0.0172764 -0.00643208 -0.0322273 0.0247132 
-0.0227431 -0.0346107 0.00941922 -0.452172 -0.0288768 0.0201849 -0.43701 -0.0452261 0.0230935 
-0.00758144 -0.0509601 0.0123278 0.00758023 -0.0673094 0.0152363 -0.421849 -0.0615755 0.026002 
-0.406687 -0.0779249 0.0289105 0.0227419 -0.0836588 0.0181448 0.0542146 -0.0976248 0.0363474 
0.0544984 -0.0852362 0.0175836 0.06966 -0.101586 0.0204921 -0.391525 -0.0942743 0.0318191 
-0.359769 -0.0958516 0.0312578 -0.328012 -0.097429 0.0306966 -0.296256 -0.0990064 0.0301354 
-0.264499 -0.100584 0.0295742 -0.264783 -0.112972 0.0483379 -0.232743 -0.102161 0.0290129 
-0.233027 -0.11455 0.0477767 -0.217581 -0.118511 0.0319215 0.0848217 -0.117935 0.0234007 
0.0999834 -0.134284 0.0263092 -0.20242 -0.13486 0.03483 -0.170663 -0.136437 0.0342688 
-0.138907 -0.138015 0.0337075 -0.10715 -0.139592 0.0331463 -0.0753937 -0.141169 0.0325851 
-0.0436372 -0.142747 0.0320239 -0.0118808 -0.144324 0.0314626 0.0198757 -0.145902 0.0309014 
0.0516321 -0.147479 0.0303402 0.0513484 -0.159868 0.049104 0.0833886 -0.149056 0.029779 
-0.287373 0.10011 -0.0268982 -0.28709 0.112499 -0.045662 -0.303684 0.097727 -0.0421922 
-0.255333 0.110922 -0.0462232 -0.240171 0.0945722 -0.0433146 -0.352036 0.0845324 -0.0381612 
-0.36863 0.0697604 -0.0346914 -0.320279 0.082955 -0.0387224 -0.22501 0.0782229 -0.0404061 
-0.193253 0.0766455 -0.0409673 -0.161497 0.0750681 -0.0415286 -0.12974 0.0734907 -0.0420898 
-0.0982677 0.0595248 -0.0238872 -0.114579 0.0571414 -0.0391813 -0.385225 0.0549884 -0.0312217 
-0.40182 0.0402164 -0.0277519 -0.0994171 0.040792 -0.0362727 -0.0679444 0.026826 -0.0180702 
-0.0842554 0.0244426 -0.0333642 -0.418415 0.0254444 -0.0242822 -0.43501 0.0106724 -0.0208124 
-0.0690938 0.00809325 -0.0304557 -0.0373373 0.00651588 -0.0310169 -0.0221756 -0.0098335 -0.0281084 
-0.451604 -0.00409956 -0.0173426 -0.468199 -0.0188716 -0.0138729 -0.0236087 -0.0409549 -0.0217301 
-0.453321 -0.0476095 0.00779944 -0.469632 -0.0499929 -0.00749459 -0.00844706 -0.0573042 -0.0188215 
0.00671461 -0.0736536 -0.015913 -0.454471 -0.0663423 -0.00458606 -0.422714 -0.0679197 -0.00514728 
-0.407552 -0.084269 -0.00223875 0.0218763 -0.090003 -0.0130045 0.0536327 -0.0915804 -0.0135657 
0.0851055 -0.105546 0.00463687 0.0853892 -0.0931577 -0.0141269 0.100551 -0.109507 -0.0112184 
-0.392391 -0.100618 0.000669781 -0.360634 -0.102196 0.000108554 -0.328878 -0.103773 -0.000452673 
-0.297121 -0.105351 -0.0010139 -0.265365 -0.106928 -0.00157513 -0.233608 -0.108505 -0.00213635 
-0.201852 -0.110083 -0.00269758 -0.202136 -0.122471 0.0160662 -0.18669 -0.126432 0.000210951 
0.0201594 -0.133513 0.0121376 0.00384839 -0.135896 -0.00315641 0.0204432 -0.121124 -0.00662617 
0.0356048 -0.137474 -0.00371764 0.0991178 -0.140628 -0.00484009 -0.171529 -0.142781 0.00311948 
-0.139772 -0.144359 0.00255826 -0.108016 -0.145936 0.00199703 -0.0762593 -0.147514 0.0014358 
-0.0445029 -0.149091 0.000874576 -0.0127464 -0.150668 0.000313348 0.0507665 -0.153823 -0.000809106 
0.082523 -0.1554 -0.00137033 -0.287955 0.106155 -0.0768112 -0.30455 0.0913829 -0.0733415 
-0.256199 0.104577 -0.0773725 -0.241037 0.0882281 -0.0744639 -0.352901 0.0781882 -0.0693105 
-0.369496 0.0634162 -0.0658407 -0.321145 0.0766109 -0.0698717 -0.225875 0.0718787 -0.0715554 
-0.194119 0.0703013 -0.0721166 -0.162363 0.068724 -0.0726779 -0.130606 0.0671466 -0.0732391 
-0.115444 0.0507972 -0.0703305 -0.386091 0.0486443 -0.062371 -0.402686 0.0338723 -0.0589012 
-0.100283 0.0344478 -0.067422 -0.085121 0.0180985 -0.0645135 -0.41928 0.0191003 -0.0554314 
-0.435875 0.00432828 -0.0519617 -0.0699594 0.0017491 -0.0616049 -0.0382029 0.00017172 -0.0621662 
-0.0067302 -0.0137943 -0.0439636 -0.00644646 -0.00140566 -0.0627274 0.00871522 -0.017755 -0.0598189 
-0.45247 -0.0104437 -0.0484919 -0.469065 -0.0252157 -0.0450222 -0.00816331 -0.0449156 -0.0375853 
0.00728211 -0.0488764 -0.0534406 -0.470498 -0.0563371 -0.0386439 0.02216 -0.0776144 -0.0317683 
0.0224438 -0.0652258 -0.050532 0.0539165 -0.0791917 -0.0323295 0.0542002 -0.0668031 -0.0510933 
0.0693619 -0.0831525 -0.0481847 -0.455336 -0.0726864 -0.0357353 -0.42358 -0.0742638 -0.0362966 
-0.408418 -0.0906132 -0.033388 0.0845236 -0.0995019 -0.0452762 0.0996853 -0.115851 -0.0423677 
-0.393256 -0.106963 -0.0304795 -0.3615 -0.10854 -0.0310407 -0.329743 -0.110117 -0.031602 
-0.297987 -0.111695 -0.0321632 -0.266231 -0.113272 -0.0327244 -0.234474 -0.114849 -0.0332856 
-0.203001 -0.128815 -0.0150831 -0.219312 -0.131199 -0.0303771 -0.107732 -0.133548 -0.0167668 
-0.124043 -0.135931 -0.0320608 -0.107448 -0.121159 -0.0355305 -0.0756918 -0.122736 -0.0360918 
-0.0759756 -0.135125 -0.017328 -0.0439354 -0.124314 -0.036653 -0.0442191 -0.136702 -0.0178892 
-0.0121789 -0.125891 -0.0372142 -0.0124626 -0.13828 -0.0184504 0.0195776 -0.127468 -0.0377755 
0.051334 -0.129046 -0.0383367 0.0510503 -0.141434 -0.0195729 0.0830905 -0.130623 -0.0388979 
0.0828067 -0.143012 -0.0201341 -0.204151 -0.147548 -0.0274686 -0.172394 -0.149126 -0.0280298 
-0.140638 -0.150703 -0.028591 -0.288821 0.0998107 -0.107961 -0.305416 0.0850387 -0.104491 
-0.257064 0.0982333 -0.108522 -0.241903 0.0818839 -0.105613 -0.353767 0.0718441 -0.10046 
-0.370362 0.0570721 -0.09699 -0.32201 0.0702667 -0.101021 -0.226741 0.0655346 -0.102705 
-0.194985 0.0639572 -0.103266 -0.163228 0.0623798 -0.103827 -0.131472 0.0608024 -0.104388 
-0.11631 0.0444531 -0.10148 -0.386956 0.0423001 -0.0935203 -0.403551 0.0275281 -0.0900505 
-0.101148 0.0281037 -0.0985713 -0.0859867 0.0117543 -0.0956628 -0.420146 0.0127561 -0.0865807 
-0.436741 -0.00201588 -0.083111 -0.070825 -0.00459506 -0.0927542 -0.0390685 -0.00617243 -0.0933155 
-0.00731207 -0.00774981 -0.0938767 0.0078496 -0.0240992 -0.0909682 -0.453336 -0.0167879 -0.0796412 
-0.46993 -0.0315599 -0.0761715 0.0230113 -0.0404486 -0.0880596 0.0227275 -0.0528372 -0.0692958 
0.0381729 -0.0567979 -0.0851511 -0.471363 -0.0626812 -0.0697932 0.0533346 -0.0731473 -0.0822426 
0.0848073 -0.0871133 -0.06404 0.0850911 -0.0747247 -0.0828038 0.100253 -0.091074 -0.0798953 
-0.456202 -0.0790306 -0.0668846 -0.424445 -0.080608 -0.0674459 -0.409284 -0.0969573 -0.0645373 
0.115131 -0.119812 -0.0582229 0.115414 -0.107423 -0.0769867 0.130576 -0.123773 -0.0740782 
-0.394122 -0.113307 -0.0616288 -0.362366 -0.114884 -0.06219 -0.330609 -0.116461 -0.0627512 
-0.298853 -0.118039 -0.0633125 -0.267096 -0.119616 -0.0638737 -0.23534 -0.121194 -0.0644349 
-0.203583 -0.122771 -0.0649962 -0.203867 -0.13516 -0.0462324 -0.171827 -0.124348 -0.0655574 
-0.172111 -0.136737 -0.0467936 -0.14007 -0.125926 -0.0661186 -0.140354 -0.138314 -0.0473548 
-0.108314 -0.127503 -0.0666798 -0.0765574 -0.129081 -0.0672411 -0.044801 -0.130658 -0.0678023 
-0.0130445 -0.132235 -0.0683635 0.0187119 -0.133813 -0.0689247 0.0504684 -0.13539 -0.069486 
0.0822249 -0.136967 -0.0700472 0.113981 -0.138545 -0.0706084 -0.289686 0.0934665 -0.13911 
-0.306281 0.0786945 -0.13564 -0.25793 0.0918892 -0.139671 -0.242768 0.0755398 -0.136762 
-0.354632 0.0654999 -0.131609 -0.371227 0.0507279 -0.128139 -0.322876 0.0639225 -0.13217 
-0.227607 0.0591904 -0.133854 -0.19585 0.057613 -0.134415 -0.164094 0.0560357 -0.134976 
-0.132621 0.0420697 -0.116774 -0.148932 0.0396863 -0.132068 -0.387822 0.0359559 -0.12467 
-0.404417 0.021184 -0.1212 -0.13377 0.0233369 -0.129159 -0.102014 0.0217595 -0.129721 
-0.0705412 0.00779355 -0.111518 -0.0702575 0.0201822 -0.130282 -0.0550958 0.00383278 -0.127373 
-0.421012 0.00641196 -0.11773 -0.437606 -0.00836003 -0.11426 -0.0399342 -0.0125166 -0.124465 
-0.00817769 -0.014094 -0.125026 0.00698398 -0.0304433 -0.122117 -0.454485 -0.0355206 -0.0920267 
-0.43904 -0.0394814 -0.107882 0.0221457 -0.0467927 -0.119209 0.0373073 -0.0631421 -0.1163 
-0.455918 -0.066642 -0.0856484 -0.440473 -0.0706028 -0.101504 0.052469 -0.0794915 -0.113392 
0.0842255 -0.0810688 -0.113953 0.115698 -0.0950348 -0.0957505 0.115982 -0.0826462 -0.114514 
0.131144 -0.0989956 -0.111606 -0.425311 -0.0869521 -0.0985951 -0.410149 -0.103302 -0.0956866 
0.0507521 -0.123001 -0.0882498 0.0344411 -0.125385 -0.103544 0.0510359 -0.110613 -0.107014 
0.0827923 -0.11219 -0.107575 0.0825086 -0.124579 -0.088811 0.097954 -0.12854 -0.104666 
0.146022 -0.127734 -0.0899334 0.146305 -0.115345 -0.108697 0.161467 -0.131694 -0.105789 
-0.394988 -0.119651 -0.0927781 -0.363231 -0.121228 -0.0933393 -0.331475 -0.122806 -0.0939005 
-0.299718 -0.124383 -0.0944618 -0.267962 -0.12596 -0.095023 -0.236205 -0.127538 -0.0955842 
-0.204449 -0.129115 -0.0961454 -0.172692 -0.130693 -0.0967067 -0.140936 -0.13227 -0.0972679 
-0.10918 -0.133847 -0.0978291 -0.0774231 -0.135425 -0.0983903 -0.0456666 -0.137002 -0.0989516 
-0.0139101 -0.138579 -0.0995128 0.0178463 -0.140157 -0.100074 0.113116 -0.144889 -0.101758 
0.144872 -0.146466 -0.102319 -0.290836 0.0747338 -0.151495 -0.27539 0.070773 -0.167351 
-0.258796 0.085545 -0.17082 -0.243634 0.0691956 -0.167912 -0.355782 0.0467672 -0.143995 
-0.340336 0.0428064 -0.15985 -0.323742 0.0575784 -0.16332 -0.291985 0.056001 -0.163881 
-0.228472 0.0528463 -0.165003 -0.196716 0.0512689 -0.165564 -0.164959 0.0496915 -0.166126 
-0.149798 0.0333421 -0.163217 -0.388971 0.0172232 -0.137055 -0.373526 0.0132624 -0.15291 
-0.356931 0.0280344 -0.15638 -0.134636 0.0169928 -0.160309 -0.10288 0.0154154 -0.16087 
-0.0711231 0.013838 -0.161431 -0.0559614 -0.00251137 -0.158523 -0.422161 -0.0123208 -0.130116 
-0.406716 -0.0162816 -0.145971 -0.390121 -0.00150958 -0.149441 -0.0407998 -0.0188607 -0.155614 
-0.00904331 -0.0204381 -0.156175 0.0224294 -0.0344041 -0.137973 0.0227131 -0.0220155 -0.156736 
0.0378748 -0.0383649 -0.153828 -0.42331 -0.0310536 -0.142501 -0.439905 -0.0458256 -0.139031 
0.0527527 -0.0671028 -0.132156 0.0530365 -0.0547142 -0.150919 0.0845092 -0.0686802 -0.132717 
0.0847929 -0.0562916 -0.151481 0.0999546 -0.072641 -0.148572 -0.441338 -0.0769469 -0.132653 
0.115116 -0.0889904 -0.145664 0.146589 -0.102956 -0.127461 0.146873 -0.0905677 -0.146225 
0.162034 -0.106917 -0.143316 -0.426177 -0.0932963 -0.129744 -0.411015 -0.109646 -0.126836 
0.0181301 -0.127768 -0.118838 0.00181903 -0.130152 -0.134132 0.0184138 -0.11538 -0.137602 
0.0501703 -0.116957 -0.138163 0.0819267 -0.118534 -0.138724 0.113683 -0.120112 -0.139285 
0.113399 -0.1325 -0.120521 0.14544 -0.121689 -0.139847 0.145156 -0.134078 -0.121083 
-0.395853 -0.125995 -0.123927 -0.364097 -0.127572 -0.124489 -0.33234 -0.12915 -0.12505 
-0.300584 -0.130727 -0.125611 -0.268827 -0.132305 -0.126172 -0.237071 -0.133882 -0.126733 
-0.205315 -0.135459 -0.127295 -0.173558 -0.137037 -0.127856 -0.141802 -0.138614 -0.128417 
-0.110045 -0.140191 -0.128978 -0.0782887 -0.141769 -0.12954 -0.0465322 -0.143346 -0.130101 
-0.0147758 -0.144924 -0.130662 -0.259661 0.0792008 -0.20197 -0.276256 0.0644289 -0.1985 
-0.2445 0.0628515 -0.199061 -0.324607 0.0512342 -0.194469 -0.341202 0.0364622 -0.190999 
-0.292851 0.0496569 -0.19503 -0.229338 0.0465021 -0.196153 -0.197581 0.0449247 -0.196714 
-0.165825 0.0433473 -0.197275 -0.150663 0.026998 -0.194366 -0.357797 0.0216903 -0.187529 
-0.374392 0.00691826 -0.18406 -0.135502 0.0106486 -0.191458 -0.103745 0.00907122 -0.192019 
-0.0719887 0.00749384 -0.19258 -0.040516 -0.00647214 -0.174378 -0.0402323 0.00591646 -0.193142 
-0.0250706 -0.0104329 -0.190233 -0.390986 -0.00785373 -0.18059 -0.407581 -0.0226257 -0.17712 
-0.00990893 -0.0267823 -0.187325 0.0218475 -0.0283597 -0.187886 0.0533202 -0.0423256 -0.169683 
0.053604 -0.029937 -0.188447 0.0687657 -0.0462864 -0.185538 -0.424176 -0.0373977 -0.17365 
-0.440771 -0.0521697 -0.170181 0.0839273 -0.0626358 -0.18263 0.1154 -0.0766018 -0.164427 
0.115684 -0.0642132 -0.183191 0.147157 -0.0781791 -0.164989 0.14744 -0.0657905 -0.183752 
0.162602 -0.0821399 -0.180844 -0.442204 -0.0832911 -0.163802 0.17748 -0.110878 -0.159172 
0.177764 -0.0984893 -0.177935 0.192925 -0.114839 -0.175027 -0.427042 -0.0996404 -0.160894 
-0.395286 -0.101218 -0.161455 -0.39557 -0.113606 -0.142691 -0.380124 -0.117567 -0.158546 
-0.014492 -0.132535 -0.149426 -0.030803 -0.134918 -0.16472 -0.0142083 -0.120146 -0.16819 
0.0175482 -0.121724 -0.168751 0.0493047 -0.123301 -0.169312 0.0810611 -0.124879 -0.169873 
0.112818 -0.126456 -0.170435 0.144574 -0.128033 -0.170996 0.17633 -0.129611 -0.171557 
-0.364962 -0.133917 -0.155638 -0.333206 -0.135494 -0.156199 -0.301449 -0.137071 -0.15676 
-0.269693 -0.138649 -0.157322 -0.237937 -0.140226 -0.157883 -0.20618 -0.141803 -0.158444 
-0.174424 -0.143381 -0.159005 -0.142667 -0.144958 -0.159566 -0.110911 -0.146536 -0.160128 
-0.0791543 -0.148113 -0.160689 -0.0473978 -0.14969 -0.16125 -0.260811 0.0604681 -0.214355 
-0.325757 0.0325015 -0.206854 -0.294 0.0309241 -0.207416 -0.278555 0.0269633 -0.223271 
-0.26196 0.0417353 -0.226741 -0.230204 0.0401579 -0.227302 -0.198447 0.0385806 -0.227863 
-0.166691 0.0370032 -0.228424 -0.151529 0.0206538 -0.225516 -0.358662 0.0153461 -0.218679 
-0.375257 0.000574107 -0.215209 -0.326906 0.0137687 -0.21924 -0.29515 0.0121913 -0.219801 
-0.136367 0.00430445 -0.222607 -0.104611 0.00272707 -0.223168 -0.0728544 0.00114969 -0.22373 
-0.0410979 -0.000427692 -0.224291 -0.00962518 -0.0143937 -0.206088 -0.00934144 -0.00200507 -0.224852 
0.00582024 -0.0183544 -0.221944 -0.391852 -0.0141979 -0.211739 -0.408447 -0.0289699 -0.208269 
0.0209819 -0.0347038 -0.219035 0.0527384 -0.0362812 -0.219596 0.0842111 -0.0502472 -0.201394 
0.0844948 -0.0378586 -0.220158 0.0996565 -0.0542079 -0.217249 -0.425042 -0.0437419 -0.2048 
-0.441636 -0.0585139 -0.20133 0.114818 -0.0705573 -0.21434 0.146575 -0.0721347 -0.214902 
0.178047 -0.0861007 -0.196699 0.178331 -0.0737121 -0.215463 0.193493 -0.0900614 -0.212554 
-0.443069 -0.0896352 -0.194952 0.0813449 -0.11249 -0.188637 0.0650338 -0.114873 -0.203931 
0.0816286 -0.100101 -0.207401 0.113385 -0.101679 -0.207962 0.113101 -0.114067 -0.189198 
0.128547 -0.118028 -0.205054 0.208371 -0.118799 -0.190882 0.208654 -0.106411 -0.209646 
0.223816 -0.12276 -0.206737 -0.427908 -0.105985 -0.192043 -0.396151 -0.107562 -0.192604 
-0.364395 -0.109139 -0.193165 -0.364679 -0.121528 -0.174402 -0.349233 -0.125489 -0.190257 
-0.0471141 -0.137302 -0.180014 -0.0634251 -0.139685 -0.195308 -0.0468303 -0.124913 -0.198778 
-0.0150739 -0.126491 -0.199339 0.0166826 -0.128068 -0.1999 0.048439 -0.129645 -0.200461 
0.143708 -0.134377 -0.202145 0.175465 -0.135955 -0.202706 0.207221 -0.137532 -0.203268 
-0.334072 -0.141838 -0.187348 -0.302315 -0.143415 -0.18791 -0.270559 -0.144993 -0.188471 
-0.238802 -0.14657 -0.189032 -0.207046 -0.148148 -0.189593 -0.175289 -0.149725 -0.190155 
-0.143533 -0.151302 -0.190716 -0.111776 -0.15288 -0.191277 -0.0800199 -0.154457 -0.191838 
-0.262826 0.0353912 -0.25789 -0.27942 0.0206192 -0.25442 -0.231069 0.0338138 -0.258451 
-0.199313 0.0322364 -0.259012 -0.167556 0.030659 -0.259574 -0.152395 0.0143097 -0.256665 
-0.359812 -0.00338666 -0.231064 -0.328055 -0.00496404 -0.231625 -0.31261 -0.00892481 -0.247481 
-0.296015 0.00584719 -0.25095 -0.137233 -0.00203971 -0.253756 -0.105476 -0.00361709 -0.254318 
-0.07372 -0.00519447 -0.254879 -0.0419635 -0.00677185 -0.25544 -0.0102071 -0.00834923 -0.256001 
0.0212657 -0.0223152 -0.237799 0.0215494 -0.00992661 -0.256563 0.0530221 -0.0238926 -0.23836 
0.0533059 -0.011504 -0.257124 0.0847786 -0.02547 -0.238921 0.0850623 -0.0130814 -0.257685 
0.100224 -0.0294307 -0.254777 -0.393001 -0.0329306 -0.224125 -0.377556 -0.0368914 -0.23998 
-0.360961 -0.0221194 -0.24345 -0.329205 -0.0236968 -0.244011 0.115102 -0.0581687 -0.233104 
0.115386 -0.0457801 -0.251868 0.146858 -0.0597461 -0.233665 0.147142 -0.0473575 -0.252429 
0.162304 -0.0637069 -0.249521 -0.426191 -0.0624746 -0.217185 -0.410746 -0.0664354 -0.23304 
-0.394151 -0.0516634 -0.23651 0.177465 -0.0800562 -0.246612 0.208938 -0.0940222 -0.22841 
0.209222 -0.0816336 -0.247173 0.224384 -0.097983 -0.244265 -0.427624 -0.093596 -0.210807 
-0.412179 -0.0975568 -0.226662 0.0169663 -0.115679 -0.218664 0.000655287 -0.118063 -0.233958 
0.0172501 -0.103291 -0.237428 0.0490065 -0.104868 -0.237989 0.0487228 -0.117257 -0.219225 
0.080763 -0.106445 -0.23855 0.112519 -0.108023 -0.239111 0.144276 -0.1096 -0.239673 
0.143992 -0.121989 -0.220909 0.159438 -0.12595 -0.236764 0.22295 -0.129104 -0.237887 
-0.397017 -0.113906 -0.223754 -0.365261 -0.115484 -0.224315 -0.333504 -0.117061 -0.224876 
-0.333788 -0.129449 -0.206112 -0.301748 -0.118638 -0.225437 -0.302031 -0.131027 -0.206673 
-0.286586 -0.134988 -0.222529 -0.0797362 -0.142069 -0.210602 -0.0960472 -0.144452 -0.225896 
-0.0794524 -0.12968 -0.229366 -0.047696 -0.131257 -0.229927 -0.0159395 -0.132835 -0.230488 
0.174599 -0.142299 -0.233856 0.206356 -0.143876 -0.234417 -0.271424 -0.151337 -0.21962 
-0.239668 -0.152914 -0.220181 -0.207911 -0.154492 -0.220743 -0.176155 -0.156069 -0.221304 
-0.144398 -0.157647 -0.221865 -0.112642 -0.159224 -0.222426 -0.263691 0.029047 -0.289039 
-0.280286 0.014275 -0.285569 -0.231935 0.0274696 -0.2896 -0.200178 0.0258923 -0.290162 
-0.168422 0.0243149 -0.290723 -0.15326 0.00796551 -0.287814 -0.296881 -0.00049697 -0.2821 
-0.313476 -0.015269 -0.27863 -0.138099 -0.00838387 -0.284906 -0.106342 -0.00996124 -0.285467 
-0.0745856 -0.0115386 -0.286028 -0.0428291 -0.013116 -0.286589 -0.0110727 -0.0146934 -0.287151 
0.0206838 -0.0162708 -0.287712 0.0524402 -0.0178481 -0.288273 0.0841967 -0.0194255 -0.288834 
0.115669 -0.0333915 -0.270632 0.115953 -0.0210029 -0.289396 0.131115 -0.0373523 -0.286487 
-0.362111 -0.0408522 -0.255835 -0.346665 -0.0448129 -0.27169 -0.33007 -0.030041 -0.27516 
0.146277 -0.0537016 -0.283579 0.177749 -0.0676676 -0.265376 0.178033 -0.055279 -0.28414 
0.209506 -0.069245 -0.265937 0.209789 -0.0568564 -0.284701 0.224951 -0.0732058 -0.281792 
-0.395016 -0.0580076 -0.267659 -0.411611 -0.0727796 -0.26419 -0.36326 -0.0595849 -0.268221 
0.239829 -0.101944 -0.26012 0.240113 -0.0895551 -0.278884 0.255274 -0.105905 -0.275975 
-0.413044 -0.103901 -0.257811 -0.0156558 -0.120446 -0.249252 -0.0319668 -0.122829 -0.264546 
-0.015372 -0.108057 -0.268016 0.0163845 -0.109635 -0.268577 0.0481409 -0.111212 -0.269138 
0.0798974 -0.11279 -0.269699 0.111654 -0.114367 -0.270261 0.14341 -0.115944 -0.270822 
0.175167 -0.117522 -0.271383 0.174883 -0.12991 -0.252619 0.206923 -0.119099 -0.271944 
0.206639 -0.131488 -0.253181 0.222085 -0.135449 -0.269036 0.238396 -0.133065 -0.253742 
0.253841 -0.137026 -0.269597 -0.397883 -0.12025 -0.254903 -0.366126 -0.121828 -0.255464 
-0.33437 -0.123405 -0.256025 -0.302613 -0.124982 -0.256586 -0.270857 -0.12656 -0.257148 
-0.271141 -0.138948 -0.238384 -0.255695 -0.142909 -0.254239 -0.112358 -0.146835 -0.24119 
-0.128669 -0.149219 -0.256484 -0.112074 -0.134447 -0.259954 -0.080318 -0.136024 -0.260515 
-0.0485616 -0.137601 -0.261076 0.237247 -0.151798 -0.266127 -0.240533 -0.159259 -0.251331 
-0.208777 -0.160836 -0.251892 -0.177021 -0.162413 -0.252453 -0.145264 -0.163991 -0.253014 
-0.168138 0.0367035 -0.309487 -0.167854 0.0490921 -0.32825 -0.184449 0.0343201 -0.324781 
-0.152693 0.0327427 -0.325342 -0.264841 0.0103143 -0.301425 -0.249395 0.00635349 -0.31728 
-0.2328 0.0211255 -0.32075 -0.201044 0.0195481 -0.321311 -0.137815 0.00400474 -0.30367 
-0.137531 0.0163933 -0.322433 -0.106058 0.00242736 -0.304231 -0.105775 0.014816 -0.322995 
-0.0743018 0.000849981 -0.304792 -0.0740181 0.0132386 -0.323556 -0.0425454 -0.000727398 -0.305353 
-0.0422616 0.0116612 -0.324117 -0.0271 -0.00468817 -0.321209 -0.297746 -0.00684112 -0.313249 
-0.314341 -0.0216131 -0.309779 -0.26599 -0.0084185 -0.31381 -0.0119383 -0.0210375 -0.3183 
0.0198182 -0.0226149 -0.318861 0.0515746 -0.0241923 -0.319422 0.0833311 -0.0257697 -0.319984 
0.115088 -0.0273471 -0.320545 0.14656 -0.041313 -0.302342 0.146844 -0.0289244 -0.321106 
0.162006 -0.0452738 -0.318198 -0.330936 -0.0363851 -0.306309 -0.347531 -0.0511571 -0.30284 
0.177167 -0.0616232 -0.315289 0.208924 -0.0632006 -0.31585 0.240397 -0.0771665 -0.297648 
0.24068 -0.0647779 -0.316411 0.255842 -0.0811273 -0.313503 -0.396166 -0.0767403 -0.280045 
-0.38072 -0.0807011 -0.2959 -0.364126 -0.0659291 -0.29937 0.27072 -0.109865 -0.291831 
0.271004 -0.0974767 -0.310594 0.286165 -0.113826 -0.307686 -0.397599 -0.107862 -0.273667 
-0.382153 -0.111822 -0.289522 -0.0328324 -0.129174 -0.295695 -0.0162376 -0.114402 -0.299165 
0.0155188 -0.115979 -0.299726 0.0472753 -0.117556 -0.300288 0.0790318 -0.119134 -0.300849 
0.110788 -0.120711 -0.30141 0.142545 -0.122289 -0.301971 0.174301 -0.123866 -0.302532 
0.206058 -0.125443 -0.303094 0.237814 -0.127021 -0.303655 0.23753 -0.139409 -0.284891 
0.26957 -0.128598 -0.304216 -0.366992 -0.128172 -0.286613 -0.335235 -0.129749 -0.287175 
-0.303479 -0.131327 -0.287736 -0.271722 -0.132904 -0.288297 -0.239966 -0.134481 -0.288858 
-0.24025 -0.14687 -0.270094 -0.208209 -0.136059 -0.289419 -0.208493 -0.148447 -0.270656 
-0.176453 -0.137636 -0.289981 -0.176737 -0.150025 -0.271217 -0.144697 -0.139213 -0.290542 
-0.14498 -0.151602 -0.271778 -0.11294 -0.140791 -0.291103 -0.0811836 -0.142368 -0.291664 
-0.0494272 -0.143946 -0.292226 -0.20076 0.0319367 -0.340075 -0.200476 0.0443253 -0.358838 
-0.217071 0.0295533 -0.355369 -0.16872 0.0427479 -0.3594 -0.153558 0.0263986 -0.356491 
-0.233666 0.0147813 -0.351899 -0.250261 9.333e-06 -0.348429 -0.138397 0.0100492 -0.353583 
-0.10664 0.00847181 -0.354144 -0.0748837 0.00689443 -0.354705 -0.0431273 0.00531705 -0.355266 
-0.0116545 -0.00864893 -0.337064 -0.0113708 0.00373967 -0.355828 0.0201019 -0.0102263 -0.337625 
0.0203857 0.00216229 -0.356389 0.0518584 -0.0118037 -0.338186 0.0521421 0.000584913 -0.35695 
0.0673038 -0.0157645 -0.354041 -0.298896 -0.0255739 -0.325634 -0.28345 -0.0295347 -0.34149 
-0.266856 -0.0147627 -0.344959 0.0824655 -0.0321138 -0.351133 0.114222 -0.0336912 -0.351694 
0.145978 -0.0352686 -0.352255 0.177451 -0.0492346 -0.334053 0.177735 -0.036846 -0.352817 
0.209208 -0.050812 -0.334614 0.209491 -0.0384233 -0.353378 0.240964 -0.0523893 -0.335175 
0.241248 -0.0400007 -0.353939 0.256409 -0.0563501 -0.351031 -0.332085 -0.0551179 -0.318695 
-0.31664 -0.0590786 -0.33455 -0.300045 -0.0443066 -0.33802 0.271287 -0.0850881 -0.329358 
0.271571 -0.0726995 -0.348122 0.286733 -0.0890488 -0.345213 -0.365275 -0.0846618 -0.311755 
-0.349829 -0.0886226 -0.327611 -0.333235 -0.0738506 -0.33108 0.111072 -0.108323 -0.320174 
0.0947609 -0.110706 -0.335468 0.111356 -0.0959339 -0.338938 0.143112 -0.0975113 -0.339499 
0.142828 -0.1099 -0.320735 0.174869 -0.0990887 -0.34006 0.174585 -0.111477 -0.321296 
0.19003 -0.115438 -0.337151 0.2853 -0.12017 -0.338835 -0.366424 -0.103395 -0.324141 
-0.383019 -0.118167 -0.320671 -0.0491434 -0.131557 -0.310989 -0.0654545 -0.13394 -0.326283 
-0.0488597 -0.119168 -0.329753 -0.0171032 -0.120746 -0.330314 0.0146532 -0.122323 -0.330876 
0.0464097 -0.123901 -0.331437 0.0781661 -0.125478 -0.331998 0.205192 -0.131787 -0.334243 
0.236948 -0.133365 -0.334804 0.268705 -0.134942 -0.335365 -0.367857 -0.134516 -0.317763 
-0.336101 -0.136093 -0.318324 -0.304344 -0.137671 -0.318885 -0.272588 -0.139248 -0.319446 
-0.240832 -0.140825 -0.320008 -0.209075 -0.142403 -0.320569 -0.177319 -0.14398 -0.32113 
-0.145562 -0.145558 -0.321691 -0.113806 -0.147135 -0.322252 -0.0820493 -0.148712 -0.322814 
-0.201342 0.0379812 -0.389988 -0.217937 0.0232092 -0.386518 -0.169586 0.0364038 -0.390549 
-0.138113 0.0224378 -0.372346 -0.137829 0.0348264 -0.39111 -0.122667 0.018477 -0.388202 
-0.234532 0.00843717 -0.383048 -0.251126 -0.00633482 -0.379579 -0.107506 0.00212765 -0.385293 
-0.0757493 0.000550275 -0.385854 -0.0439929 -0.0010271 -0.386416 -0.0122364 -0.00260448 -0.386977 
0.01952 -0.00418186 -0.387538 0.0512765 -0.00575924 -0.388099 0.0827492 -0.0197252 -0.369897 
0.083033 -0.00733662 -0.388661 0.114506 -0.0213026 -0.370458 0.114789 -0.008914 -0.389222 
0.146262 -0.02288 -0.371019 0.146546 -0.0104914 -0.389783 0.178019 -0.0244574 -0.37158 
0.178302 -0.0120688 -0.390344 0.193464 -0.0284181 -0.387436 -0.267721 -0.0211068 -0.376109 
-0.284316 -0.0358788 -0.372639 0.208626 -0.0447675 -0.384527 0.240382 -0.0463449 -0.385088 
0.271855 -0.0603109 -0.366886 0.272139 -0.0479223 -0.38565 0.2873 -0.0642716 -0.382741 
-0.300911 -0.0506508 -0.369169 -0.317506 -0.0654228 -0.365699 0.302178 -0.0930096 -0.361069 
0.302462 -0.080621 -0.379833 0.317624 -0.0969704 -0.376924 -0.334384 -0.0925834 -0.343466 
-0.318939 -0.0965442 -0.359321 0.0784499 -0.113089 -0.350762 0.0621388 -0.115473 -0.366056 
0.0787336 -0.100701 -0.369526 0.11049 -0.102278 -0.370087 0.142247 -0.103855 -0.370648 
0.174003 -0.105433 -0.371209 0.205759 -0.10701 -0.371771 0.205476 -0.119399 -0.353007 
0.237516 -0.108588 -0.372332 0.237232 -0.120976 -0.353568 0.252678 -0.124937 -0.369423 
0.300745 -0.124131 -0.35469 0.316191 -0.128092 -0.370546 -0.367574 -0.122127 -0.336526 
-0.335817 -0.123705 -0.337088 -0.303777 -0.112894 -0.356413 -0.304061 -0.125282 -0.337649 
-0.272021 -0.114471 -0.356974 -0.272304 -0.12686 -0.33821 -0.256859 -0.13082 -0.354065 
-0.0663201 -0.140285 -0.357433 -0.0497253 -0.125513 -0.360902 -0.0179689 -0.12709 -0.361464 
0.0137876 -0.128667 -0.362025 0.0455441 -0.130245 -0.362586 0.267839 -0.141286 -0.366515 
0.299596 -0.142864 -0.367076 -0.241697 -0.14717 -0.351157 -0.209941 -0.148747 -0.351718 
-0.178184 -0.150324 -0.352279 -0.146428 -0.151902 -0.35284 -0.114671 -0.153479 -0.353402 
-0.0829149 -0.155057 -0.353963 -0.137545 0.047215 -0.409874 -0.137262 0.0596036 -0.428638 
-0.153856 0.0448316 -0.425168 -0.1221 0.0432542 -0.425729 -0.202208 0.031637 -0.421137 
-0.218802 0.016865 -0.417667 -0.170451 0.0300596 -0.421698 -0.107222 0.0145163 -0.404057 
-0.106938 0.0269049 -0.422821 -0.0754656 0.0129389 -0.404618 -0.0751818 0.0253275 -0.423382 
-0.0437091 0.0113615 -0.405179 -0.0434254 0.0237501 -0.423943 -0.0119527 0.00978412 -0.405741 
-0.0116689 0.0221727 -0.424504 0.0198038 0.00820674 -0.406302 0.0200875 0.0205953 -0.425066 
0.0515602 0.00662936 -0.406863 0.051844 0.019018 -0.425627 0.0833167 0.00505198 -0.407424 
0.0836004 0.0174406 -0.426188 0.115073 0.0034746 -0.407986 0.115357 0.0158632 -0.426749 
0.14683 0.00189723 -0.408547 0.147113 0.0142858 -0.427311 0.178586 0.000319846 -0.409108 
0.17887 0.0127084 -0.427872 0.194031 -0.00364092 -0.424963 -0.235681 -0.0102956 -0.395434 
-0.220236 -0.0142564 -0.411289 0.208909 -0.0323789 -0.403291 0.209193 -0.0199903 -0.422055 
0.240666 -0.0339563 -0.403852 0.24095 -0.0215677 -0.422616 0.272422 -0.0355337 -0.404413 
0.272706 -0.023145 -0.423177 0.304179 -0.037111 -0.404975 0.304463 -0.0247224 -0.423738 
0.319624 -0.0410718 -0.42083 -0.268871 -0.0398396 -0.388494 -0.253425 -0.0438003 -0.404349 
-0.23683 -0.0290283 -0.407819 0.302746 -0.0682324 -0.398596 0.318191 -0.0721932 -0.414452 
-0.30206 -0.0693836 -0.381555 -0.286615 -0.0733443 -0.39741 -0.27002 -0.0585723 -0.40088 
0.333069 -0.100931 -0.392779 0.333353 -0.0885425 -0.411543 0.348514 -0.104892 -0.408635 
-0.303209 -0.0881163 -0.39394 -0.319804 -0.102888 -0.39047 0.0458278 -0.117856 -0.38135 
0.0295168 -0.120239 -0.396644 0.0461115 -0.105467 -0.400114 0.077868 -0.107045 -0.400675 
0.109624 -0.108622 -0.401236 0.141381 -0.1102 -0.401797 0.173137 -0.111777 -0.402359 
0.204894 -0.113354 -0.40292 0.23665 -0.114932 -0.403481 0.268407 -0.116509 -0.404042 
0.268123 -0.128898 -0.385278 0.300163 -0.118087 -0.404604 0.299879 -0.130475 -0.38584 
0.33192 -0.119664 -0.405165 -0.304643 -0.119238 -0.387562 -0.272886 -0.120815 -0.388123 
-0.24113 -0.122392 -0.388684 -0.241413 -0.134781 -0.369921 -0.225968 -0.138742 -0.385776 
-0.0826311 -0.142668 -0.372727 -0.0989422 -0.145051 -0.388021 -0.0823474 -0.130279 -0.39149 
-0.0505909 -0.131857 -0.392052 -0.0188345 -0.133434 -0.392613 0.012922 -0.135011 -0.393174 
-0.210806 -0.155091 -0.382867 -0.17905 -0.156669 -0.383429 -0.147293 -0.158246 -0.38399 
-0.115537 -0.159823 -0.384551 -0.138127 0.0532594 -0.459787 -0.154722 0.0384875 -0.456317 
-0.106655 0.0392935 -0.441585 -0.106371 0.0516821 -0.460348 -0.0748981 0.0377161 -0.442146 
-0.0746143 0.0501047 -0.46091 -0.0431416 0.0361387 -0.442707 -0.0428579 0.0485273 -0.461471 
-0.0113852 0.0345613 -0.443268 -0.0111014 0.0469499 -0.462032 0.0203713 0.0329839 -0.443829 
0.020655 0.0453726 -0.462593 0.0521277 0.0314066 -0.444391 0.0524115 0.0437952 -0.463154 
0.0838842 0.0298292 -0.444952 0.0841679 0.0422178 -0.463716 0.115641 0.0282518 -0.445513 
0.115924 0.0406404 -0.464277 0.147397 0.0266744 -0.446074 0.147681 0.039063 -0.464838 
0.179154 0.0250971 -0.446636 0.179437 0.0374857 -0.465399 0.21091 0.0235197 -0.447197 
0.211194 0.0359083 -0.465961 0.242666 0.0219423 -0.447758 0.24295 0.0343309 -0.466522 
0.274423 0.0203649 -0.448319 0.274707 0.0327535 -0.467083 0.306179 0.0187875 -0.44888 
0.306463 0.0311761 -0.467644 0.337936 0.0172102 -0.449442 0.33822 0.0295988 -0.468205 
0.369692 0.0156328 -0.450003 0.369976 0.0280214 -0.468767 0.385138 0.011672 -0.465858 
-0.203357 0.0129042 -0.433523 -0.187912 0.00894347 -0.449378 -0.171317 0.0237155 -0.452848 
0.209477 -0.00760169 -0.440818 0.241233 -0.00917907 -0.44138 0.27299 -0.0107564 -0.441941 
0.304746 -0.0123338 -0.442502 0.336503 -0.0139112 -0.443063 0.351948 -0.017872 -0.458919 
0.368543 -0.00309998 -0.462388 -0.204506 -0.00582852 -0.445908 -0.221101 -0.0206005 -0.442438 
0.33507 -0.0450326 -0.436685 0.350515 -0.0489933 -0.45254 -0.237696 -0.0353725 -0.438969 
-0.254291 -0.0501445 -0.435499 0.333637 -0.0761539 -0.430307 0.349082 -0.0801147 -0.446162 
-0.270886 -0.0649165 -0.432029 -0.28748 -0.0796885 -0.428559 0.141665 -0.097811 -0.420561 
0.125354 -0.100194 -0.435855 0.141948 -0.0854224 -0.439325 0.173705 -0.0869998 -0.439886 
0.173421 -0.0993884 -0.421122 0.205461 -0.0885772 -0.440447 0.205178 -0.100966 -0.421684 
0.237218 -0.0901546 -0.441009 0.236934 -0.102543 -0.422245 0.268974 -0.0917319 -0.44157 
0.26869 -0.104121 -0.422806 0.284136 -0.108081 -0.438661 0.347649 -0.111236 -0.439784 
-0.304359 -0.106849 -0.406326 -0.288913 -0.11081 -0.422181 0.0132057 -0.122623 -0.411938 
-0.00310531 -0.125006 -0.427232 0.0134895 -0.110234 -0.430702 0.0452459 -0.111812 -0.431263 
0.0770024 -0.113389 -0.431824 0.108759 -0.114966 -0.432385 0.299298 -0.124431 -0.435753 
0.331054 -0.126008 -0.436314 -0.273752 -0.127159 -0.419272 -0.241995 -0.128737 -0.419834 
-0.210239 -0.130314 -0.420395 -0.210523 -0.142703 -0.401631 -0.178482 -0.131891 -0.420956 
-0.178766 -0.14428 -0.402192 -0.146726 -0.133469 -0.421517 -0.14701 -0.145857 -0.402754 
-0.114969 -0.135046 -0.422079 -0.115253 -0.147435 -0.403315 -0.083213 -0.136623 -0.42264 
-0.0514566 -0.138201 -0.423201 -0.0197001 -0.139778 -0.423762 0.0858848 0.0857278 -0.488858 
0.0861685 0.0981164 -0.507622 0.0695738 0.0833444 -0.504152 0.117641 0.0841504 -0.489419 
0.117925 0.096539 -0.508183 0.149398 0.082573 -0.48998 0.149681 0.0949616 -0.508744 
0.181154 0.0809956 -0.490541 0.181438 0.0933842 -0.509305 0.212911 0.0794182 -0.491103 
0.213194 0.0918069 -0.509866 0.244667 0.0778409 -0.491664 0.244951 0.0902295 -0.510428 
0.276424 0.0762635 -0.492225 0.276707 0.0886521 -0.510989 0.291869 0.0723027 -0.50808 
-0.106087 0.0640707 -0.479112 -0.105803 0.0764593 -0.497876 -0.122398 0.0616873 -0.494406 
-0.0906416 0.0601099 -0.494967 -0.0425741 0.0609159 -0.480235 -0.0422904 0.0733045 -0.498998 
-0.0588852 0.0585325 -0.495529 -0.0108177 0.0593385 -0.480796 -0.0105339 0.0717271 -0.49956 
0.0209388 0.0577612 -0.481357 0.0212225 0.0701498 -0.500121 0.0526952 0.0561838 -0.481918 
0.052979 0.0685724 -0.500682 0.0844517 0.0546064 -0.482479 0.116208 0.053029 -0.483041 
0.147965 0.0514516 -0.483602 0.179721 0.0498743 -0.484163 0.211478 0.0482969 -0.484724 
0.243234 0.0467195 -0.485286 0.27499 0.0451421 -0.485847 0.307031 0.0559533 -0.505172 
0.306747 0.0435647 -0.486408 0.338503 0.0419874 -0.486969 0.338787 0.054376 -0.505733 
0.37026 0.04041 -0.48753 0.370544 0.0527986 -0.506294 0.402016 0.0388326 -0.488092 
0.4023 0.0512212 -0.506856 0.417462 0.0348718 -0.503947 -0.138993 0.0469153 -0.490936 
-0.155588 0.0321433 -0.487467 -0.07548 0.0437605 -0.492059 0.400583 0.00771125 -0.481713 
0.416029 0.00375048 -0.497569 -0.172182 0.0173713 -0.483997 -0.188777 0.00259932 -0.480527 
0.367394 -0.0218327 -0.474774 0.39915 -0.0234101 -0.475335 0.414595 -0.0273709 -0.49119 
-0.205372 -0.0121727 -0.477057 -0.221967 -0.0269447 -0.473588 0.36596 -0.0529541 -0.468396 
0.397717 -0.0545315 -0.468957 0.413162 -0.0584922 -0.484812 -0.238845 -0.0541053 -0.451354 
-0.2234 -0.058066 -0.467209 0.237502 -0.0777659 -0.459772 0.22119 -0.0801493 -0.475066 
0.237785 -0.0653773 -0.478536 0.269542 -0.0669547 -0.479097 0.269258 -0.0793433 -0.460334 
0.284703 -0.0833041 -0.476189 0.364527 -0.0840755 -0.462017 0.379973 -0.0880362 -0.477873 
0.396568 -0.0732642 -0.481342 -0.272035 -0.0836492 -0.444414 -0.256589 -0.08761 -0.46027 
-0.239995 -0.072838 -0.46374 0.109043 -0.102578 -0.451149 0.0927316 -0.104961 -0.466443 
0.109326 -0.0901892 -0.469913 0.141083 -0.0917666 -0.470474 0.172839 -0.093344 -0.471035 
0.204596 -0.0949213 -0.471597 0.299865 -0.0996535 -0.47328 0.299581 -0.112042 -0.454517 
0.331622 -0.101231 -0.473842 0.331338 -0.113619 -0.455078 0.363378 -0.102808 -0.474403 
-0.273468 -0.114771 -0.438036 -0.258023 -0.118731 -0.453891 -0.0194163 -0.12739 -0.442526 
-0.0357274 -0.129773 -0.45782 -0.0191326 -0.115001 -0.46129 0.0126239 -0.116578 -0.461851 
0.0443803 -0.118156 -0.462412 0.0761368 -0.119733 -0.462974 -0.242861 -0.135081 -0.450983 
-0.211104 -0.136658 -0.451544 -0.179348 -0.138236 -0.452105 -0.147592 -0.139813 -0.452667 
-0.115835 -0.14139 -0.453228 -0.0840786 -0.142968 -0.453789 -0.0523222 -0.144545 -0.45435 
0.246668 0.133739 -0.53557 0.246951 0.146128 -0.554334 0.230357 0.131356 -0.550864 
0.262113 0.129779 -0.551425 0.118209 0.108928 -0.526947 0.118492 0.121316 -0.54571 
0.101898 0.106544 -0.542241 0.149965 0.10735 -0.527508 0.150249 0.119739 -0.546272 
0.181722 0.105773 -0.528069 0.182005 0.118161 -0.546833 0.213478 0.104195 -0.52863 
0.213762 0.116584 -0.547394 0.245235 0.102618 -0.529191 0.277275 0.113429 -0.548517 
0.276991 0.101041 -0.529753 0.292436 0.0970799 -0.545608 -0.0102502 0.0841157 -0.518323 
-0.00996645 0.0965043 -0.537087 -0.0265612 0.0817324 -0.533617 0.0215063 0.0825384 -0.518885 
0.02179 0.094927 -0.537648 0.0532627 0.080961 -0.519446 0.0535465 0.0933496 -0.53821 
0.0853029 0.0917722 -0.538771 0.307314 0.068342 -0.523936 0.307598 0.0807306 -0.542699 
0.339071 0.0667646 -0.524497 0.339355 0.0791532 -0.543261 0.370827 0.0651872 -0.525058 
0.371111 0.0775758 -0.543822 0.386273 0.0612264 -0.540913 -0.106669 0.0701151 -0.529025 
-0.123264 0.0553431 -0.525555 -0.0751962 0.0561491 -0.510823 -0.0749125 0.0685377 -0.529586 
-0.043156 0.0669604 -0.530148 0.401434 0.0448771 -0.538005 0.432907 0.0309111 -0.519802 
0.433191 0.0432997 -0.538566 0.448353 0.0269503 -0.535658 -0.139858 0.0405711 -0.522086 
-0.156453 0.0257991 -0.518616 0.431474 -0.000210289 -0.513424 0.446919 -0.00417106 -0.529279 
-0.173048 0.0110272 -0.515146 -0.189643 -0.00374484 -0.511676 0.430041 -0.0313317 -0.507046 
0.445486 -0.0352924 -0.522901 -0.206521 -0.0309054 -0.489443 -0.191076 -0.0348662 -0.505298 
0.412297 -0.0648364 -0.515961 0.428892 -0.0500644 -0.519431 -0.207671 -0.0496382 -0.501828 
-0.224266 -0.0644102 -0.498359 0.141367 -0.079378 -0.489238 0.125056 -0.0817614 -0.504532 
0.14165 -0.0669894 -0.508002 0.173407 -0.0685667 -0.508563 0.173123 -0.0809553 -0.489799 
0.205163 -0.0701441 -0.509124 0.204879 -0.0825327 -0.49036 0.23692 -0.0717215 -0.509686 
0.268676 -0.0732989 -0.510247 0.300433 -0.0748763 -0.510808 0.300149 -0.0872649 -0.492044 
0.332189 -0.0764536 -0.511369 0.331905 -0.0888422 -0.492605 0.363945 -0.078031 -0.51193 
0.363662 -0.0904196 -0.493167 0.395702 -0.0796084 -0.512492 -0.241144 -0.0915708 -0.476125 
-0.225699 -0.0955315 -0.49198 0.0446641 -0.105767 -0.481176 0.028353 -0.108151 -0.49647 
0.0449478 -0.0933786 -0.49994 0.0767043 -0.094956 -0.500501 0.0764205 -0.107345 -0.481737 
0.108461 -0.0965333 -0.501062 -0.242293 -0.110304 -0.488511 -0.258888 -0.125076 -0.485041 
-0.115551 -0.129002 -0.471992 -0.131862 -0.131385 -0.487286 -0.115268 -0.116613 -0.490755 
-0.0835111 -0.11819 -0.491317 -0.0837949 -0.130579 -0.472553 -0.0517547 -0.119768 -0.491878 
-0.0520384 -0.132156 -0.473114 -0.0199982 -0.121345 -0.492439 0.0117582 -0.122923 -0.493 
-0.243727 -0.141425 -0.482132 -0.21197 -0.143002 -0.482693 -0.180214 -0.14458 -0.483255 
-0.148457 -0.146157 -0.483816 0.245802 0.127395 -0.566719 -0.0096827 0.108893 -0.555851 
-0.00939895 0.121282 -0.574615 -0.0259937 0.10651 -0.571145 0.00576272 0.104932 -0.571706 
0.0538302 0.105738 -0.556973 0.054114 0.118127 -0.575737 0.0375192 0.103355 -0.572267 
0.0855867 0.104161 -0.557535 0.0858704 0.116549 -0.576298 0.117627 0.114972 -0.57686 
0.149383 0.113395 -0.577421 0.18114 0.111817 -0.577982 0.212896 0.11024 -0.578543 
0.244653 0.108663 -0.579105 0.276409 0.107085 -0.579666 0.291571 0.0907358 -0.576757 
-0.0428723 0.079349 -0.548911 -0.0425885 0.0917376 -0.567675 -0.0591833 0.0769656 -0.564205 
0.0209244 0.0885828 -0.568798 0.306733 0.0743864 -0.573849 0.338489 0.072809 -0.57441 
0.370245 0.0712316 -0.574971 0.385407 0.0548823 -0.572063 -0.107818 0.0513824 -0.541411 
-0.0923729 0.0474216 -0.557266 -0.0757781 0.0621936 -0.560736 0.400569 0.0385329 -0.569154 
0.432325 0.0369555 -0.569715 0.447487 0.0206062 -0.566807 -0.141008 0.0218384 -0.534471 
-0.125562 0.0178776 -0.550326 -0.108968 0.0326496 -0.553796 0.430608 -0.00655444 -0.544573 
0.414297 -0.00893783 -0.559867 0.430892 0.00583416 -0.563337 -0.174197 -0.0077056 -0.527532 
-0.158752 -0.0116664 -0.543387 -0.142157 0.00310562 -0.546857 0.270393 -0.0297889 -0.535389 
0.254082 -0.0321723 -0.550683 0.270677 -0.0174003 -0.554153 0.302433 -0.0189777 -0.554714 
0.302149 -0.0313663 -0.53595 0.33419 -0.0205551 -0.555275 0.333906 -0.0329437 -0.536511 
0.349351 -0.0369044 -0.552366 0.397419 -0.0360984 -0.537634 0.381108 -0.0384818 -0.552928 
0.397703 -0.0237098 -0.556397 0.429175 -0.0376758 -0.538195 -0.175347 -0.0264384 -0.539917 
-0.191942 -0.0412104 -0.536447 0.205447 -0.0577555 -0.527888 0.189136 -0.0601389 -0.543182 
0.205731 -0.0453669 -0.546652 0.237487 -0.0469443 -0.547213 0.237203 -0.0593329 -0.528449 
0.26896 -0.0609103 -0.529011 0.300716 -0.0624877 -0.529572 0.332473 -0.064065 -0.530133 
0.364513 -0.0532538 -0.549458 0.364229 -0.0656424 -0.530694 0.395986 -0.0672198 -0.531255 
-0.20882 -0.068371 -0.514214 -0.193375 -0.0723317 -0.530069 0.076988 -0.0825674 -0.519265 
0.060677 -0.0849508 -0.534559 0.0772718 -0.0701788 -0.538029 0.109028 -0.0717561 -0.53859 
0.108744 -0.0841447 -0.519826 0.140785 -0.0733335 -0.539151 0.172541 -0.0749109 -0.539712 
-0.210253 -0.0994923 -0.507836 -0.194808 -0.103453 -0.523691 -0.0197145 -0.108957 -0.511203 
-0.0360255 -0.11134 -0.526497 -0.0194307 -0.096568 -0.529967 0.0123257 -0.0981454 -0.530528 
0.012042 -0.110534 -0.511764 0.0440822 -0.0997227 -0.531089 -0.243443 -0.129036 -0.500896 
-0.227997 -0.132997 -0.516751 -0.211403 -0.118225 -0.520221 -0.132728 -0.137729 -0.518435 
-0.116133 -0.122957 -0.521905 -0.0843768 -0.124535 -0.522466 -0.0526203 -0.126112 -0.523027 
-0.212836 -0.149346 -0.513843 -0.181079 -0.150924 -0.514404 -0.149323 -0.152501 -0.514965 
0.0861542 0.128938 -0.595062 0.0864379 0.141327 -0.613826 0.0698431 0.126555 -0.610356 
0.1016 0.124977 -0.610917 -0.0105483 0.102549 -0.587 0.0212081 0.100971 -0.587561 
0.0214919 0.11336 -0.606325 0.0048971 0.098588 -0.602856 0.0532483 0.111783 -0.606886 
0.116761 0.108628 -0.608009 0.148518 0.107051 -0.60857 0.180274 0.105473 -0.609131 
0.211747 0.0915071 -0.590929 0.195436 0.0891238 -0.606223 0.243503 0.0899298 -0.59149 
0.27526 0.0883524 -0.592051 -0.0434541 0.0853934 -0.598825 -0.0600489 0.0706214 -0.595355 
-0.0116977 0.083816 -0.599386 0.210598 0.0727744 -0.603314 0.242354 0.071197 -0.603876 
0.273827 0.057231 -0.585673 0.257516 0.0548476 -0.600967 0.305583 0.0556536 -0.586234 
0.33734 0.0540763 -0.586795 0.369096 0.0524989 -0.587357 -0.0766437 0.0558494 -0.591885 
-0.0932385 0.0410774 -0.588415 0.272394 0.0261097 -0.579295 0.256083 0.0237263 -0.594589 
0.30415 0.0245323 -0.579856 0.335907 0.0229549 -0.580417 0.367663 0.0213775 -0.580978 
0.399419 0.0198001 -0.58154 0.431176 0.0182228 -0.582101 -0.110117 0.0139168 -0.566182 
-0.0946716 0.00995608 -0.582037 0.239204 -0.00343432 -0.572355 0.222893 -0.00581771 -0.587649 
0.239488 0.00895428 -0.591119 0.27096 -0.0050117 -0.572916 0.302717 -0.00658908 -0.573478 
0.334473 -0.00816646 -0.574039 0.36623 -0.00974384 -0.5746 0.397986 -0.0113212 -0.575161 
-0.143307 -0.0156271 -0.559242 -0.127861 -0.0195879 -0.575097 -0.111266 -0.00481591 -0.578567 
0.206014 -0.0329783 -0.565416 0.189703 -0.0353617 -0.58071 0.206298 -0.0205897 -0.584179 
0.237771 -0.0345557 -0.565977 0.364797 -0.0408652 -0.568222 -0.176496 -0.0451711 -0.552303 
-0.14474 -0.0467485 -0.552864 -0.129294 -0.0507093 -0.568719 0.0775555 -0.0577902 -0.556792 
0.0612445 -0.0601735 -0.572086 0.0778392 -0.0454016 -0.575556 0.109596 -0.0469789 -0.576117 
0.109312 -0.0593675 -0.557354 0.141352 -0.0485563 -0.576679 0.141068 -0.0609449 -0.557915 
0.173109 -0.0501337 -0.57724 0.172825 -0.0625223 -0.558476 -0.177929 -0.0762925 -0.545924 
-0.146173 -0.0778699 -0.546486 -0.130727 -0.0818306 -0.562341 0.0126095 -0.0857568 -0.549292 
-0.00370156 -0.0881401 -0.564586 0.0128932 -0.0733682 -0.568056 0.0446497 -0.0749455 -0.568617 
0.0443659 -0.0873341 -0.549853 -0.179362 -0.107414 -0.539546 -0.147606 -0.108991 -0.540107 
-0.115566 -0.09818 -0.559432 -0.115849 -0.110569 -0.540668 -0.100404 -0.114529 -0.556524 
-0.0523366 -0.113723 -0.541791 -0.0686476 -0.116107 -0.557085 -0.0520528 -0.101335 -0.560555 
-0.0202963 -0.102912 -0.561116 -0.212552 -0.136958 -0.532607 -0.180795 -0.138535 -0.533168 
-0.149039 -0.140113 -0.533729 -0.0852424 -0.130879 -0.553615 0.0852885 0.122594 -0.626211 
0.0203425 0.0946273 -0.618711 0.0357879 0.0906665 -0.634566 0.0523827 0.105438 -0.638036 
0.0841392 0.103861 -0.638597 0.115896 0.102284 -0.639158 0.147368 0.0883177 -0.620956 
0.131057 0.0859344 -0.63625 0.179125 0.0867404 -0.621517 -0.0446035 0.0666607 -0.61121 
-0.0291581 0.0626999 -0.627065 -0.0125633 0.0774719 -0.630535 0.0191932 0.0758945 -0.631096 
0.146219 0.069585 -0.633341 0.177692 0.055619 -0.615139 0.161381 0.0532356 -0.630433 
0.209448 0.0540416 -0.6157 0.241205 0.0524642 -0.616261 -0.0777931 0.0371167 -0.60427 
-0.0623477 0.0331559 -0.620126 -0.0457529 0.0479279 -0.623595 0.144502 0.026075 -0.608199 
0.128191 0.0236916 -0.623493 0.144786 0.0384636 -0.626963 0.176259 0.0244976 -0.60876 
0.208015 0.0229203 -0.609322 0.239772 0.0213429 -0.609883 -0.0792262 0.00599531 -0.597892 
-0.0637808 0.00203454 -0.613747 0.111313 -0.00346896 -0.60126 0.0950015 -0.00585235 -0.616554 
0.111596 0.00891964 -0.620023 0.143069 -0.00504634 -0.601821 0.174825 -0.00662372 -0.602382 
0.206582 -0.0082011 -0.602943 -0.112416 -0.0235487 -0.590953 -0.0806593 -0.0251261 -0.591514 
-0.0652139 -0.0290868 -0.607369 0.078123 -0.0330129 -0.59432 0.061812 -0.0353963 -0.609614 
0.0784067 -0.0206243 -0.613084 0.109879 -0.0345903 -0.594881 0.141636 -0.0361677 -0.595442 
0.173392 -0.0377451 -0.596004 -0.113849 -0.05467 -0.584574 -0.0820924 -0.0562474 -0.585136 
-0.066647 -0.0602082 -0.600991 0.013177 -0.0609796 -0.586819 -0.00313407 -0.0633629 -0.602113 
0.0134607 -0.0485909 -0.605583 0.0452172 -0.0501683 -0.606144 0.0449334 -0.0625569 -0.58738 
-0.115282 -0.0857914 -0.578196 -0.0835255 -0.0873688 -0.578757 -0.0680801 -0.0913295 -0.594613 
-0.0200126 -0.0905235 -0.57988 -0.0363236 -0.0929069 -0.595174 -0.0197289 -0.0781349 -0.598644 
-0.0849586 -0.11849 -0.572379 -0.0529184 -0.107679 -0.591704 0.0512334 0.0867057 -0.650421 
0.0829898 0.0851284 -0.650982 0.114746 0.083551 -0.651544 -0.0137127 0.0587391 -0.64292 
0.0180438 0.0571617 -0.643482 0.0498002 0.0555844 -0.644043 0.0815567 0.054007 -0.644604 
0.0970021 0.0500462 -0.660459 0.113597 0.0648182 -0.663929 0.14507 0.0508522 -0.645727 
0.128759 0.0484688 -0.661021 -0.0469022 0.0291951 -0.635981 -0.0151458 0.0276178 -0.636542 
0.0166107 0.0260404 -0.637103 0.0483671 0.024463 -0.637665 0.0638126 0.0205022 -0.65352 
0.0804073 0.0352742 -0.65699 0.11188 0.0213082 -0.638787 0.095569 0.0189249 -0.654081 
0.112164 0.0336968 -0.657551 -0.0483353 -0.00192622 -0.629603 -0.0165789 -0.0035036 -0.630164 
0.0151776 -0.00508098 -0.630725 0.030623 -0.00904175 -0.64658 0.0472178 0.00573024 -0.65005 
0.0786905 -0.00823574 -0.631848 0.0623794 -0.0106191 -0.647142 0.0789742 0.00415286 -0.650611 
-0.0497685 -0.0330476 -0.623224 -0.018012 -0.034625 -0.623786 -0.00256658 -0.0385857 -0.639641 
0.0140282 -0.0238137 -0.643111 0.0455009 -0.0377797 -0.624908 0.0291899 -0.0401631 -0.640202 
0.0457847 -0.0253911 -0.643672 -0.0512016 -0.064169 -0.616846 -0.0194451 -0.0657463 -0.617407 
0.0125951 -0.0549351 -0.636732 -0.0526347 -0.0952903 -0.610468 0.112448 0.0460855 -0.676315 
0.079258 0.0165415 -0.669375 0.0460684 -0.0130025 -0.662436 0.0128788 -0.0425465 -0.655496 

POLYGONS 6081 18240
OFFSETS vtktypeint64
0 3 6 9 12 15 18 21 24 
27 30 33 36 39 42 45 48 51 
54 57 60 63 66 69 72 75 78 
81 84 87 90 93 96 99 102 105 
108 111 114 117 120 123 126 129 132 
135 138 141 144 147 150 153 156 159 
162 165 168 171 174 177 180 183 186 
189 192 195 198 201 204 207 210 213 
216 219 222 225 228 231 234 237 240 
243 246 249 252 255 258 261 264 267 
270 273 276 279 282 285 288 291 294 
297 300 303 306 309 312 315 318 321 
324 327 330 333 336 339 342 345 348 
351 354 357 360 363 366 369 372 375 
378 381 384 387 390 393 396 399 402 
405 408 411 414 417 420 423 426 429 
432 435 438 441 444 447 450 453 456 
459 462 465 468 471 474 477 480 483 
486 489 492 495 498 501 504 507 510 
513 516 519 522 525 528 531 534 537 
540 543 546 549 552 555 558 561 564 
567 570 573 576 579 582 585 588 591 
594 597 600 603 606 609 612 615 618 
621 624 627 630 633 636 639 642 645 
648 651 654 657 660 663 666 669 672 
675 678 681 684 687 690 693 696 699 
702 705 708 711 714 717 720 723 726 
729 732 735 738 741 744 747 750 753 
756 759 762 765 768 771 774 777 780 
783 786 789 792 795 798 801 804 807 
810 813 816 819 822 825 828 831 834 
837 840 843 846 849 852 855 858 861 
864 867 870 873 876 879 882 885 888 
891 894 897 900 903 906 909 912 915 
918 921 924 927 930 933 936 939 942 
945 948 951 954 957 960 963 966 969 
972 975 978 981 984 987 990 993 996 
999 1002 1005 1008 1011 1014 1017 1020 1023 
1026 1029 1032 1035 1038 1041 1044 1047 1050 
1053 1056 1059 1062 1065 1068 1071 1074 1077 
1080 1083 1086 1089 1092 1095 1098 1101 1104 
1107 1110 1113 1116 1119 1122 1125 1128 1131 
1134 1137 1140 1143 1146 1149 1152 1155 1158 
1161 1164 1167 1170 1173 1176 1179 1182 1185 
1188 1191 1194 1197 1200 1203 1206 1209 1212 
1215 1218 1221 1224 1227 1230 1233 1236 1239 
1242 1245 1248 1251 1254 1257 1260 1263 1266 
1269 1272 1275 1278 1281 1284 1287 1290 1293 
1296 1299 1302 1305 1308 1311 1314 1317 1320 
1323 1326 1329 1332 1335 1338 1341 1344 1347 
1350 1353 1356 1359 1362 1365 1368 1371 1374 
1377 1380 1383 1386 1389 1392 1395 1398 1401 
1404 1407 1410 1413 1416 1419 1422 1425 1428 
1431 1434 1437 1440 1443 1446 1449 1452 1455 
1458 1461 1464 1467 1470 1473 1476 1479 1482 
1485 1488 1491 1494 1497 1500 1503 1506 1509 
1512 1515 1518 1521 1524 1527 1530 1533 1536 
1539 1542 1545 1548 1551 1554 1557 1560 1563 
1566 1569 1572 1575 1578 1581 1584 1587 1590 
1593 1596 1599 1602 1605 1608 1611 1614 1617 
1620 1623 1626 1629 1632 1635 1638 1641 1644 
1647 1650 1653 1656 1659 1662 1665 1668 1671 
1674 1677 1680 1683 1686 1689 1692 1695 1698 
1701 1704 1707 1710 1713 1716 1719 1722 1725 
1728 1731 1734 1737 1740 1743 1746 1749 1752 
1755 1758 1761 1764 1767 1770 1773 1776 1779 
1782 1785 1788 1791 1794 1797 1800 1803 1806 
1809 1812 1815 1818 1821 1824 1827 1830 1833 
1836 1839 1842 1845 1848 1851 1854 1857 1860 
1863 1866 1869 1872 1875 1878 1881 1884 1887 
1890 1893 1896 1899 1902 1905 1908 1911 1914 
1917 1920 1923 1926 1929 1932 1935 1938 1941 
1944 1947 1950 1953 1956 1959 1962 1965 1968 
1971 1974 1977 1980 1983 1986 1989 1992 1995 
1998 2001 2004 2007 2010 2013 2016 2019 2022 
2025 2028 2031 2034 2037 2040 2043 2046 2049 
2052 2055 2058 2061 2064 2067 2070 2073 2076 
2079 2082 2085 2088 2091 2094 2097 2100 2103 
2106 2109 2112 2115 2118 2121 2124 2127 2130 
2133 2136 2139 2142 2145 2148 2151 2154 2157 
2160 2163 2166 2169 2172 2175 2178 2181 2184 
2187 2190 2193 2196 2199 2202 2205 2208 2211 
2214 2217 2220 2223 2226 2229 2232 2235 2238 
2241 2244 2247 2250 2253 2256 2259 2262 2265 
2268 2271 2274 2277 2280 2283 2286 2289 2292 
2295 2298 2301 2304 2307 2310 2313 2316 2319 
2322 2325 2328 2331 2334 2337 2340 2343 2346 
2349 2352 2355 2358 2361 2364 2367 2370 2373 
2376 2379 2382 2385 2388 2391 2394 2397 2400 
2403 2406 2409 2412 2415 2418 2421 2424 2427 
2430 2433 2436 2439 2442 2445 2448 2451 2454 
2457 2460 2463 2466 2469 2472 2475 2478 2481 
2484 2487 2490 2493 2496 2499 2502 2505 2508 
2511 2514 2517 2520 2523 2526 2529 2532 2535 
2538 2541 2544 2547 2550 2553 2556 2559 2562 
2565 2568 2571 2574 2577 2580 2583 2586 2589 
2592 2595 2598 2601 2604 2607 2610 2613 2616 
2619 2622 2625 2628 2631 2634 2637 2640 2643 
2646 2649 2652 2655 2658 2661 2664 2667 2670 
2673 2676 2679 2682 2685 2688 2691 2694 2697 
2700 2703 2706 2709 2712 2715 2718 2721 2724 
2727 2730 2733 2736 2739 2742 2745 2748 2751 
2754 2757 2760 2763 2766 2769 2772 2775 2778 
2781 2784 2787 2790 2793 2796 2799 2802 2805 
2808 2811 2814 2817 2820 2823 2826 2829 2832 
2835 2838 2841 2844 2847 2850 2853 2856 2859 
2862 2865 2868 2871 2874 2877 2880 2883 2886 
2889 2892 2895 2898 2901 2904 2907 2910 2913 
2916 2919 2922 2925 2928 2931 2934 2937 2940 
2943 2946 2949 2952 2955 2958 2961 2964 2967 
2970 2973 2976 2979 2982 2985 2988 2991 2994 
2997 3000 3003 3006 3009 3012 3015 3018 3021 
3024 3027 3030 3033 3036 3039 3042 3045 3048 
3051 3054 3057 3060 3063 3066 3069 3072 3075 
3078 3081 3084 3087 3090 3093 3096 3099 3102 
3105 3108 3111 3114 3117 3120 3123 3126 3129 
3132 3135 3138 3141 3144 3147 3150 3153 3156 
3159 3162 3165 3168 3171 3174 3177 3180 3183 
3186 3189 3192 3195 3198 3201 3204 3207 3210 
3213 3216 3219 3222 3225 3228 3231 3234 3237 
3240 3243 3246 3249 3252 3255 3258 3261 3264 
3267 3270 3273 3276 3279 3282 3285 3288 3291 
3294 3297 3300 3303 3306 3309 3312 3315 3318 
3321 3324 3327 3330 3333 3336 3339 3342 3345 
3348 3351 3354 3357 3360 3363 3366 3369 3372 
3375 3378 3381 3384 3387 3390 3393 3396 3399 
3402 3405 3408 3411 3414 3417 3420 3423 3426 
3429 3432 3435 3438 3441 3444 3447 3450 3453 
3456 3459 3462 3465 3468 3471 3474 3477 3480 
3483 3486 3489 3492 3495 3498 3501 3504 3507 
3510 3513 3516 3519 3522 3525 3528 3531 3534 
3537 3540 3543 3546 3549 3552 3555 3558 3561 
3564 3567 3570 3573 3576 3579 3582 3585 3588 
3591 3594 3597 3600 3603 3606 3609 3612 3615 
3618 3621 3624 3627 3630 3633 3636 3639 3642 
3645 3648 3651 3654 3657 3660 3663 3666 3669 
3672 3675 3678 3681 3684 3687 3690 3693 3696 
3699 3702 3705 3708 3711 3714 3717 3720 3723 
3726 3729 3732 3735 3738 3741 3744 3747 3750 
3753 3756 3759 3762 3765 3768 3771 3774 3777 
3780 3783 3786 3789 3792 3795 3798 3801 3804 
3807 3810 3813 3816 3819 3822 3825 3828 3831 
3834 3837 3840 3843 3846 3849 3852 3855 3858 
3861 3864 3867 3870 3873 3876 3879 3882 3885 
3888 3891 3894 3897 3900 3903 3906 3909 3912 
3915 3918 3921 3924 3927 3930 3933 3936 3939 
3942 3945 3948 3951 3954 3957 3960 3963 3966 
3969 3972 3975 3978 3981 3984 3987 3990 3993 
3996 3999 4002 4005 4008 4011 4014 4017 4020 
4023 4026 4029 4032 4035 4038 4041 4044 4047 
4050 4053 4056 4059 4062 4065 4068 4071 4074 
4077 4080 4083 4086 4089 4092 4095 4098 4101 
4104 4107 4110 4113 4116 4119 4122 4125 4128 
4131 4134 4137 4140 4143 4146 4149 4152 4155 
4158 4161 4164 4167 4170 4173 4176 4179 4182 
4185 4188 4191 4194 4197 4200 4203 4206 4209 
4212 4215 4218 4221 4224 4227 4230 4233 4236 
4239 4242 4245 4248 4251 4254 4257 4260 4263 
4266 4269 4272 4275 4278 4281 4284 4287 4290 
4293 4296 4299 4302 4305 4308 4311 4314 4317 
4320 4323 4326 4329 4332 4335 4338 4341 4344 
4347 4350 4353 4356 4359 4362 4365 4368 4371 
4374 4377 4380 4383 4386 4389 4392 4395 4398 
4401 4404 4407 4410 4413 4416 4419 4422 4425 
4428 4431 4434 4437 4440 4443 4446 4449 4452 
4455 4458 4461 4464 4467 4470 4473 4476 4479 
4482 4485 4488 4491 4494 4497 4500 4503 4506 
4509 4512 4515 4518 4521 4524 4527 4530 4533 
4536 4539 4542 4545 4548 4551 4554 4557 4560 
4563 4566 4569 4572 4575 4578 4581 4584 4587 
4590 4593 4596 4599 4602 4605 4608 4611 4614 
4617 4620 4623 4626 4629 4632 4635 4638 4641 
4644 4647 4650 4653 4656 4659 4662 4665 4668 
4671 4674 4677 4680 4683 4686 4689 4692 4695 
4698 4701 4704 4707 4710 4713 4716 4719 4722 
4725 4728 4731 4734 4737 4740 4743 4746 4749 
4752 4755 4758 4761 4764 4767 4770 4773 4776 
4779 4782 4785 4788 4791 4794 4797 4800 4803 
4806 4809 4812 4815 4818 4821 4824 4827 4830 
4833 4836 4839 4842 4845 4848 4851 4854 4857 
4860 4863 4866 4869 4872 4875 4878 4881 4884 
4887 4890 4893 4896 4899 4902 4905 4908 4911 
4914 4917 4920 4923 4926 4929 4932 4935 4938 
4941 4944 4947 4950 4953 4956 4959 4962 4965 
4968 4971 4974 4977 4980 4983 4986 4989 4992 
4995 4998 5001 5004 5007 5010 5013 5016 5019 
5022 5025 5028 5031 5034 5037 5040 5043 5046 
5049 5052 5055 5058 5061 5064 5067 5070 5073 
5076 5079 5082 5085 5088 5091 5094 5097 5100 
5103 5106 5109 5112 5115 5118 5121 5124 5127 
5130 5133 5136 5139 5142 5145 5148 5151 5154 
5157 5160 5163 5166 5169 5172 5175 5178 5181 
5184 5187 5190 5193 5196 5199 5202 5205 5208 
5211 5214 5217 5220 5223 5226 5229 5232 5235 
5238 5241 5244 5247 5250 5253 5256 5259 5262 
5265 5268 5271 5274 5277 5280 5283 5286 5289 
5292 5295 5298 5301 5304 5307 5310 5313 5316 
5319 5322 5325 5328 5331 5334 5337 5340 5343 
5346 5349 5352 5355 5358 5361 5364 5367 5370 
5373 5376 5379 5382 5385 5388 5391 5394 5397 
5400 5403 5406 5409 5412 5415 5418 5421 5424 
5427 5430 5433 5436 5439 5442 5445 5448 5451 
5454 5457 5460 5463 5466 5469 5472 5475 5478 
5481 5484 5487 5490 5493 5496 5499 5502 5505 
5508 5511 5514 5517 5520 5523 5526 5529 5532 
5535 5538 5541 5544 5547 5550 5553 5556 5559 
5562 5565 5568 5571 5574 5577 5580 5583 5586 
5589 5592 5595 5598 5601 5604 5607 5610 5613 
5616 5619 5622 5625 5628 5631 5634 5637 5640 
5643 5646 5649 5652 5655 5658 5661 5664 5667 
5670 5673 5676 5679 5682 5685 5688 5691 5694 
5697 5700 5703 5706 5709 5712 5715 5718 5721 
5724 5727 5730 5733 5736 5739 5742 5745 5748 
5751 5754 5757 5760 5763 5766 5769 5772 5775 
5778 5781 5784 5787 5790 5793 5796 5799 5802 
5805 5808 5811 5814 5817 5820 5823 5826 5829 
5832 5835 5838 5841 5844 5847 5850 5853 5856 
5859 5862 5865 5868 5871 5874 5877 5880 5883 
5886 5889 5892 5895 5898 5901 5904 5907 5910 
5913 5916 5919 5922 5925 5928 5931 5934 5937 
5940 5943 5946 5949 5952 5955 5958 5961 5964 
5967 5970 5973 5976 5979 5982 5985 5988 5991 
5994 5997 6000 6003 6006 6009 6012 6015 6018 
6021 6024 6027 6030 6033 6036 6039 6042 6045 
6048 6051 6054 6057 6060 6063 6066 6069 6072 
6075 6078 6081 6084 6087 6090 6093 6096 6099 
6102 6105 6108 6111 6114 6117 6120 6123 6126 
6129 6132 6135 6138 6141 6144 6147 6150 6153 
6156 6159 6162 6165 6168 6171 6174 6177 6180 
6183 6186 6189 6192 6195 6198 6201 6204 6207 
6210 6213 6216 6219 6222 6225 6228 6231 6234 
6237 6240 6243 6246 6249 6252 6255 6258 6261 
6264 6267 6270 6273 6276 6279 6282 6285 6288 
6291 6294 6297 6300 6303 6306 6309 6312 6315 
6318 6321 6324 6327 6330 6333 6336 6339 6342 
6345 6348 6351 6354 6357 6360 6363 6366 6369 
6372 6375 6378 6381 6384 6387 6390 6393 6396 
6399 6402 6405 6408 6411 6414 6417 6420 6423 
6426 6429 6432 6435 6438 6441 6444 6447 6450 
6453 6456 6459 6462 6465 6468 6471 6474 6477 
6480 6483 6486 6489 6492 6495 6498 6501 6504 
6507 6510 6513 6516 6519 6522 6525 6528 6531 
6534 6537 6540 6543 6546 6549 6552 6555 6558 
6561 6564 6567 6570 6573 6576 6579 6582 6585 
6588 6591 6594 6597 6600 6603 6606 6609 6612 
6615 6618 6621 6624 6627 6630 6633 6636 6639 
6642 6645 6648 6651 6654 6657 6660 6663 6666 
6669 6672 6675 6678 6681 6684 6687 6690 6693 
6696 6699 6702 6705 6708 6711 6714 6717 6720 
6723 6726 6729 6732 6735 6738 6741 6744 6747 
6750 6753 6756 6759 6762 6765 6768 6771 6774 
6777 6780 6783 6786 6789 6792 6795 6798 6801 
6804 6807 6810 6813 6816 6819 6822 6825 6828 
6831 6834 6837 6840 6843 6846 6849 6852 6855 
6858 6861 6864 6867 6870 6873 6876 6879 6882 
6885 6888 6891 6894 6897 6900 6903 6906 6909 
6912 6915 6918 6921 6924 6927 6930 6933 6936 
6939 6942 6945 6948 6951 6954 6957 6960 6963 
6966 6969 6972 6975 6978 6981 6984 6987 6990 
6993 6996 6999 7002 7005 7008 7011 7014 7017 
7020 7023 7026 7029 7032 7035 7038 7041 7044 
7047 7050 7053 7056 7059 7062 7065 7068 7071 
7074 7077 7080 7083 7086 7089 7092 7095 7098 
7101 7104 7107 7110 7113 7116 7119 7122 7125 
7128 7131 7134 7137 7140 7143 7146 7149 7152 
7155 7158 7161 7164 7167 7170 7173 7176 7179 
7182 7185 7188 7191 7194 7197 7200 7203 7206 
7209 7212 7215 7218 7221 7224 7227 7230 7233 
7236 7239 7242 7245 7248 7251 7254 7257 7260 
7263 7266 7269 7272 7275 7278 7281 7284 7287 
7290 7293 7296 7299 7302 7305 7308 7311 7314 
7317 7320 7323 7326 7329 7332 7335 7338 7341 
7344 7347 7350 7353 7356 7359 7362 7365 7368 
7371 7374 7377 7380 7383 7386 7389 7392 7395 
7398 7401 7404 7407 7410 7413 7416 7419 7422 
7425 7428 7431 7434 7437 7440 7443 7446 7449 
7452 7455 7458 7461 7464 7467 7470 7473 7476 
7479 7482 7485 7488 7491 7494 7497 7500 7503 
7506 7509 7512 7515 7518 7521 7524 7527 7530 
7533 7536 7539 7542 7545 7548 7551 7554 7557 
7560 7563 7566 7569 7572 7575 7578 7581 7584 
7587 7590 7593 7596 7599 7602 7605 7608 7611 
7614 7617 7620 7623 7626 7629 7632 7635 7638 
7641 7644 7647 7650 7653 7656 7659 7662 7665 
7668 7671 7674 7677 7680 7683 7686 7689 7692 
7695 7698 7701 7704 7707 7710 7713 7716 7719 
7722 7725 7728 7731 7734 7737 7740 7743 7746 
7749 7752 7755 7758 7761 7764 7767 7770 7773 
7776 7779 7782 7785 7788 7791 7794 7797 7800 
7803 7806 7809 7812 7815 7818 7821 7824 7827 
7830 7833 7836 7839 7842 7845 7848 7851 7854 
7857 7860 7863 7866 7869 7872 7875 7878 7881 
7884 7887 7890 7893 7896 7899 7902 7905 7908 
7911 7914 7917 7920 7923 7926 7929 7932 7935 
7938 7941 7944 7947 7950 7953 7956 7959 7962 
7965 7968 7971 7974 7977 7980 7983 7986 7989 
7992 7995 7998 8001 8004 8007 8010 8013 8016 
8019 8022 8025 8028 8031 8034 8037 8040 8043 
8046 8049 8052 8055 8058 8061 8064 8067 8070 
8073 8076 8079 8082 8085 8088 8091 8094 8097 
8100 8103 8106 8109 8112 8115 8118 8121 8124 
8127 8130 8133 8136 8139 8142 8145 8148 8151 
8154 8157 8160 8163 8166 8169 8172 8175 8178 
8181 8184 8187 8190 8193 8196 8199 8202 8205 
8208 8211 8214 8217 8220 8223 8226 8229 8232 
8235 8238 8241 8244 8247 8250 8253 8256 8259 
8262 8265 8268 8271 8274 8277 8280 8283 8286 
8289 8292 8295 8298 8301 8304 8307 8310 8313 
8316 8319 8322 8325 8328 8331 8334 8337 8340 
8343 8346 8349 8352 8355 8358 8361 8364 8367 
8370 8373 8376 8379 8382 8385 8388 8391 8394 
8397 8400 8403 8406 8409 8412 8415 8418 8421 
8424 8427 8430 8433 8436 8439 8442 8445 8448 
8451 8454 8457 8460 8463 8466 8469 8472 8475 
8478 8481 8484 8487 8490 8493 8496 8499 8502 
8505 8508 8511 8514 8517 8520 8523 8526 8529 
8532 8535 8538 8541 8544 8547 8550 8553 8556 
8559 8562 8565 8568 8571 8574 8577 8580 8583 
8586 8589 8592 8595 8598 8601 8604 8607 8610 
8613 8616 8619 8622 8625 8628 8631 8634 8637 
8640 8643 8646 8649 8652 8655 8658 8661 8664 
8667 8670 8673 8676 8679 8682 8685 8688 8691 
8694 8697 8700 8703 8706 8709 8712 8715 8718 
8721 8724 8727 8730 8733 8736 8739 8742 8745 
8748 8751 8754 8757 8760 8763 8766 8769 8772 
8775 8778 8781 8784 8787 8790 8793 8796 8799 
8802 8805 8808 8811 8814 8817 8820 8823 8826 
8829 8832 8835 8838 8841 8844 8847 8850 8853 
8856 8859 8862 8865 8868 8871 8874 8877 8880 
8883 8886 8889 8892 8895 8898 8901 8904 8907 
8910 8913 8916 8919 8922 8925 8928 8931 8934 
8937 8940 8943 8946 8949 8952 8955 8958 8961 
8964 8967 8970 8973 8976 8979 8982 8985 8988 
8991 8994 8997 9000 9003 9006 9009 9012 9015 
9018 9021 9024 9027 9030 9033 9036 9039 9042 
9045 9048 9051 9054 9057 9060 9063 9066 9069 
9072 9075 9078 9081 9084 9087 9090 9093 9096 
9099 9102 9105 9108 9111 9114 9117 9120 9123 
9126 9129 9132 9135 9138 9141 9144 9147 9150 
9153 9156 9159 9162 9165 9168 9171 9174 9177 
9180 9183 9186 9189 9192 9195 9198 9201 9204 
9207 9210 9213 9216 9219 9222 9225 9228 9231 
9234 9237 9240 9243 9246 9249 9252 9255 9258 
9261 9264 9267 9270 9273 9276 9279 9282 9285 
9288 9291 9294 9297 9300 9303 9306 9309 9312 
9315 9318 9321 9324 9327 9330 9333 9336 9339 
9342 9345 9348 9351 9354 9357 9360 9363 9366 
9369 9372 9375 9378 9381 9384 9387 9390 9393 
9396 9399 9402 9405 9408 9411 9414 9417 9420 
9423 9426 9429 9432 9435 9438 9441 9444 9447 
9450 9453 9456 9459 9462 9465 9468 9471 9474 
9477 9480 9483 9486 9489 9492 9495 9498 9501 
9504 9507 9510 9513 9516 9519 9522 9525 9528 
9531 9534 9537 9540 9543 9546 9549 9552 9555 
9558 9561 9564 9567 9570 9573 9576 9579 9582 
9585 9588 9591 9594 9597 9600 9603 9606 9609 
9612 9615 9618 9621 9624 9627 9630 9633 9636 
9639 9642 9645 9648 9651 9654 9657 9660 9663 
9666 9669 9672 9675 9678 9681 9684 9687 9690 
9693 9696 9699 9702 9705 9708 9711 9714 9717 
9720 9723 9726 9729 9732 9735 9738 9741 9744 
9747 9750 9753 9756 9759 9762 9765 9768 9771 
9774 9777 9780 9783 9786 9789 9792 9795 9798 
9801 9804 9807 9810 9813 9816 9819 9822 9825 
9828 9831 9834 9837 9840 9843 9846 9849 9852 
9855 9858 9861 9864 9867 9870 9873 9876 9879 
9882 9885 9888 9891 9894 9897 9900 9903 9906 
9909 9912 9915 9918 9921 9924 9927 9930 9933 
9936 9939 9942 9945 9948 9951 9954 9957 9960 
9963 9966 9969 9972 9975 9978 9981 9984 9987 
9990 9993 9996 9999 10002 10005 10008 10011 10014 
10017 10020 10023 10026 10029 10032 10035 10038 10041 
10044 10047 10050 10053 10056 10059 10062 10065 10068 
10071 10074 10077 10080 10083 10086 10089 10092 10095 
10098 10101 10104 10107 10110 10113 10116 10119 10122 
10125 10128 10131 10134 10137 10140 10143 10146 10149 
10152 10155 10158 10161 10164 10167 10170 10173 10176 
10179 10182 10185 10188 10191 10194 10197 10200 10203 
10206 10209 10212 10215 10218 10221 10224 10227 10230 
10233 10236 10239 10242 10245 10248 10251 10254 10257 
10260 10263 10266 10269 10272 10275 10278 10281 10284 
10287 10290 10293 10296 10299 10302 10305 10308 10311 
10314 10317 10320 10323 10326 10329 10332 10335 10338 
10341 10344 10347 10350 10353 10356 10359 10362 10365 
10368 10371 10374 10377 10380 10383 10386 10389 10392 
10395 10398 10401 10404 10407 10410 10413 10416 10419 
10422 10425 10428 10431 10434 10437 10440 10443 10446 
10449 10452 10455 10458 10461 10464 10467 10470 10473 
10476 10479 10482 10485 10488 10491 10494 10497 10500 
10503 10506 10509 10512 10515 10518 10521 10524 10527 
10530 10533 10536 10539 10542 10545 10548 10551 10554 
10557 10560 10563 10566 10569 10572 10575 10578 10581 
10584 10587 10590 10593 10596 10599 10602 10605 10608 
10611 10614 10617 10620 10623 10626 10629 10632 10635 
10638 10641 10644 10647 10650 10653 10656 10659 10662 
10665 10668 10671 10674 10677 10680 10683 10686 10689 
10692 10695 10698 10701 10704 10707 10710 10713 10716 
10719 10722 10725 10728 10731 10734 10737 10740 10743 
10746 10749 10752 10755 10758 10761 10764 10767 10770 
10773 10776 10779 10782 10785 10788 10791 10794 10797 
10800 10803 10806 10809 10812 10815 10818 10821 10824 
10827 10830 10833 10836 10839 10842 10845 10848 10851 
10854 10857 10860 10863 10866 10869 10872 10875 10878 
10881 10884 10887 10890 10893 10896 10899 10902 10905 
10908 10911 10914 10917 10920 10923 10926 10929 10932 
10935 10938 10941 10944 10947 10950 10953 10956 10959 
10962 10965 10968 10971 10974 10977 10980 10983 10986 
10989 10992 10995 10998 11001 11004 11007 11010 11013 
11016 11019 11022 11025 11028 11031 11034 11037 11040 
11043 11046 11049 11052 11055 11058 11061 11064 11067 
11070 11073 11076 11079 11082 11085 11088 11091 11094 
11097 11100 11103 11106 11109 11112 11115 11118 11121 
11124 11127 11130 11133 11136 11139 11142 11145 11148 
11151 11154 11157 11160 11163 11166 11169 11172 11175 
11178 11181 11184 11187 11190 11193 11196 11199 11202 
11205 11208 11211 11214 11217 11220 11223 11226 11229 
11232 11235 11238 11241 11244 11247 11250 11253 11256 
11259 11262 11265 11268 11271 11274 11277 11280 11283 
11286 11289 11292 11295 11298 11301 11304 11307 11310 
11313 11316 11319 11322 11325 11328 11331 11334 11337 
11340 11343 11346 11349 11352 11355 11358 11361 11364 
11367 11370 11373 11376 11379 11382 11385 11388 11391 
11394 11397 11400 11403 11406 11409 11412 11415 11418 
11421 11424 11427 11430 11433 11436 11439 11442 11445 
11448 11451 11454 11457 11460 11463 11466 11469 11472 
11475 11478 11481 11484 11487 11490 11493 11496 11499 
11502 11505 11508 11511 11514 11517 11520 11523 11526 
11529 11532 11535 11538 11541 11544 11547 11550 11553 
11556 11559 11562 11565 11568 11571 11574 11577 11580 
11583 11586 11589 11592 11595 11598 11601 11604 11607 
11610 11613 11616 11619 11622 11625 11628 11631 11634 
11637 11640 11643 11646 11649 11652 11655 11658 11661 
11664 11667 11670 11673 11676 11679 11682 11685 11688 
11691 11694 11697 11700 11703 11706 11709 11712 11715 
11718 11721 11724 11727 11730 11733 11736 11739 11742 
11745 11748 11751 11754 11757 11760 11763 11766 11769 
11772 11775 11778 11781 11784 11787 11790 11793 11796 
11799 11802 11805 11808 11811 11814 11817 11820 11823 
11826 11829 11832 11835 11838 11841 11844 11847 11850 
11853 11856 11859 11862 11865 11868 11871 11874 11877 
11880 11883 11886 11889 11892 11895 11898 11901 11904 
11907 11910 11913 11916 11919 11922 11925 11928 11931 
11934 11937 11940 11943 11946 11949 11952 11955 11958 
11961 11964 11967 11970 11973 11976 11979 11982 11985 
11988 11991 11994 11997 12000 12003 12006 12009 12012 
12015 12018 12021 12024 12027 12030 12033 12036 12039 
12042 12045 12048 12051 12054 12057 12060 12063 12066 
12069 12072 12075 12078 12081 12084 12087 12090 12093 
12096 12099 12102 12105 12108 12111 12114 12117 12120 
12123 12126 12129 12132 12135 12138 12141 12144 12147 
12150 12153 12156 12159 12162 12165 12168 12171 12174 
12177 12180 12183 12186 12189 12192 12195 12198 12201 
12204 12207 12210 12213 12216 12219 12222 12225 12228 
12231 12234 12237 12240 12243 12246 12249 12252 12255 
12258 12261 12264 12267 12270 12273 12276 12279 12282 
12285 12288 12291 12294 12297 12300 12303 12306 12309 
12312 12315 12318 12321 12324 12327 12330 12333 12336 
12339 12342 12345 12348 12351 12354 12357 12360 12363 
12366 12369 12372 12375 12378 12381 12384 12387 12390 
12393 12396 12399 12402 12405 12408 12411 12414 12417 
12420 12423 12426 12429 12432 12435 12438 12441 12444 
12447 12450 12453 12456 12459 12462 12465 12468 12471 
12474 12477 12480 12483 12486 12489 12492 12495 12498 
12501 12504 12507 12510 12513 12516 12519 12522 12525 
12528 12531 12534 12537 12540 12543 12546 12549 12552 
12555 12558 12561 12564 12567 12570 12573 12576 12579 
12582 12585 12588 12591 12594 12597 12600 12603 12606 
12609 12612 12615 12618 12621 12624 12627 12630 12633 
12636 12639 12642 12645 12648 12651 12654 12657 12660 
12663 12666 12669 12672 12675 12678 12681 12684 12687 
12690 12693 12696 12699 12702 12705 12708 12711 12714 
12717 12720 12723 12726 12729 12732 12735 12738 12741 
12744 12747 12750 12753 12756 12759 12762 12765 12768 
12771 12774 12777 12780 12783 12786 12789 12792 12795 
12798 12801 12804 12807 12810 12813 12816 12819 12822 
12825 12828 12831 12834 12837 12840 12843 12846 12849 
12852 12855 12858 12861 12864 12867 12870 12873 12876 
12879 12882 12885 12888 12891 12894 12897 12900 12903 
12906 12909 12912 12915 12918 12921 12924 12927 12930 
12933 12936 12939 12942 12945 12948 12951 12954 12957 
12960 12963 12966 12969 12972 12975 12978 12981 12984 
12987 12990 12993 12996 12999 13002 13005 13008 13011 
13014 13017 13020 13023 13026 13029 13032 13035 13038 
13041 13044 13047 13050 13053 13056 13059 13062 13065 
13068 13071 13074 13077 13080 13083 13086 13089 13092 
13095 13098 13101 13104 13107 13110 13113 13116 13119 
13122 13125 13128 13131 13134 13137 13140 13143 13146 
13149 13152 13155 13158 13161 13164 13167 13170 13173 
13176 13179 13182 13185 13188 13191 13194 13197 13200 
13203 13206 13209 13212 13215 13218 13221 13224 13227 
13230 13233 13236 13239 13242 13245 13248 13251 13254 
13257 13260 13263 13266 13269 13272 13275 13278 13281 
13284 13287 13290 13293 13296 13299 13302 13305 13308 
13311 13314 13317 13320 13323 13326 13329 13332 13335 
13338 13341 13344 13347 13350 13353 13356 13359 13362 
13365 13368 13371 13374 13377 13380 13383 13386 13389 
13392 13395 13398 13401 13404 13407 13410 13413 13416 
13419 13422 13425 13428 13431 13434 13437 13440 13443 
13446 13449 13452 13455 13458 13461 13464 13467 13470 
13473 13476 13479 13482 13485 13488 13491 13494 13497 
13500 13503 13506 13509 13512 13515 13518 13521 13524 
13527 13530 13533 13536 13539 13542 13545 13548 13551 
13554 13557 13560 13563 13566 13569 13572 13575 13578 
13581 13584 13587 13590 13593 13596 13599 13602 13605 
13608 13611 13614 13617 13620 13623 13626 13629 13632 
13635 13638 13641 13644 13647 13650 13653 13656 13659 
13662 13665 13668 13671 13674 13677 13680 13683 13686 
13689 13692 13695 13698 13701 13704 13707 13710 13713 
13716 13719 13722 13725 13728 13731 13734 13737 13740 
13743 13746 13749 13752 13755 13758 13761 13764 13767 
13770 13773 13776 13779 13782 13785 13788 13791 13794 
13797 13800 13803 13806 13809 13812 13815 13818 13821 
13824 13827 13830 13833 13836 13839 13842 13845 13848 
13851 13854 13857 13860 13863 13866 13869 13872 13875 
13878 13881 13884 13887 13890 13893 13896 13899 13902 
13905 13908 13911 13914 13917 13920 13923 13926 13929 
13932 13935 13938 13941 13944 13947 13950 13953 13956 
13959 13962 13965 13968 13971 13974 13977 13980 13983 
13986 13989 13992 13995 13998 14001 14004 14007 14010 
14013 14016 14019 14022 14025 14028 14031 14034 14037 
14040 14043 14046 14049 14052 14055 14058 14061 14064 
14067 14070 14073 14076 14079 14082 14085 14088 14091 
14094 14097 14100 14103 14106 14109 14112 14115 14118 
14121 14124 14127 14130 14133 14136 14139 14142 14145 
14148 14151 14154 14157 14160 14163 14166 14169 14172 
14175 14178 14181 14184 14187 14190 14193 14196 14199 
14202 14205 14208 14211 14214 14217 14220 14223 14226 
14229 14232 14235 14238 14241 14244 14247 14250 14253 
14256 14259 14262 14265 14268 14271 14274 14277 14280 
14283 14286 14289 14292 14295 14298 14301 14304 14307 
14310 14313 14316 14319 14322 14325 14328 14331 14334 
14337 14340 14343 14346 14349 14352 14355 14358 14361 
14364 14367 14370 14373 14376 14379 14382 14385 14388 
14391 14394 14397 14400 14403 14406 14409 14412 14415 
14418 14421 14424 14427 14430 14433 14436 14439 14442 
14445 14448 14451 14454 14457 14460 14463 14466 14469 
14472 14475 14478 14481 14484 14487 14490 14493 14496 
14499 14502 14505 14508 14511 14514 14517 14520 14523 
14526 14529 14532 14535 14538 14541 14544 14547 14550 
14553 14556 14559 14562 14565 14568 14571 14574 14577 
14580 14583 14586 14589 14592 14595 14598 14601 14604 
14607 14610 14613 14616 14619 14622 14625 14628 14631 
14634 14637 14640 14643 14646 14649 14652 14655 14658 
14661 14664 14667 14670 14673 14676 14679 14682 14685 
14688 14691 14694 14697 14700 14703 14706 14709 14712 
14715 14718 14721 14724 14727 14730 14733 14736 14739 
14742 14745 14748 14751 14754 14757 14760 14763 14766 
14769 14772 14775 14778 14781 14784 14787 14790 14793 
14796 14799 14802 14805 14808 14811 14814 14817 14820 
14823 14826 14829 14832 14835 14838 14841 14844 14847 
14850 14853 14856 14859 14862 14865 14868 14871 14874 
14877 14880 14883 14886 14889 14892 14895 14898 14901 
14904 14907 14910 14913 14916 14919 14922 14925 14928 
14931 14934 14937 14940 14943 14946 14949 14952 14955 
14958 14961 14964 14967 14970 14973 14976 14979 14982 
14985 14988 14991 14994 14997 15000 15003 15006 15009 
15012 15015 15018 15021 15024 15027 15030 15033 15036 
15039 15042 15045 15048 15051 15054 15057 15060 15063 
15066 15069 15072 15075 15078 15081 15084 15087 15090 
15093 15096 15099 15102 15105 15108 15111 15114 15117 
15120 15123 15126 15129 15132 15135 15138 15141 15144 
15147 15150 15153 15156 15159 15162 15165 15168 15171 
15174 15177 15180 15183 15186 15189 15192 15195 15198 
15201 15204 15207 15210 15213 15216 15219 15222 15225 
15228 15231 15234 15237 15240 15243 15246 15249 15252 
15255 15258 15261 15264 15267 15270 15273 15276 15279 
15282 15285 15288 15291 15294 15297 15300 15303 15306 
15309 15312 15315 15318 15321 15324 15327 15330 15333 
15336 15339 15342 15345 15348 15351 15354 15357 15360 
15363 15366 15369 15372 15375 15378 15381 15384 15387 
15390 15393 15396 15399 15402 15405 15408 15411 15414 
15417 15420 15423 15426 15429 15432 15435 15438 15441 
15444 15447 15450 15453 15456 15459 15462 15465 15468 
15471 15474 15477 15480 15483 15486 15489 15492 15495 
15498 15501 15504 15507 15510 15513 15516 15519 15522 
15525 15528 15531 15534 15537 15540 15543 15546 15549 
15552 15555 15558 15561 15564 15567 15570 15573 15576 
15579 15582 15585 15588 15591 15594 15597 15600 15603 
15606 15609 15612 15615 15618 15621 15624 15627 15630 
15633 15636 15639 15642 15645 15648 15651 15654 15657 
15660 15663 15666 15669 15672 15675 15678 15681 15684 
15687 15690 15693 15696 15699 15702 15705 15708 15711 
15714 15717 15720 15723 15726 15729 15732 15735 15738 
15741 15744 15747 15750 15753 15756 15759 15762 15765 
15768 15771 15774 15777 15780 15783 15786 15789 15792 
15795 15798 15801 15804 15807 15810 15813 15816 15819 
15822 15825 15828 15831 15834 15837 15840 15843 15846 
15849 15852 15855 15858 15861 15864 15867 15870 15873 
15876 15879 15882 15885 15888 15891 15894 15897 15900 
15903 15906 15909 15912 15915 15918 15921 15924 15927 
15930 15933 15936 15939 15942 15945 15948 15951 15954 
15957 15960 15963 15966 15969 15972 15975 15978 15981 
15984 15987 15990 15993 15996 15999 16002 16005 16008 
16011 16014 16017 16020 16023 16026 16029 16032 16035 
16038 16041 16044 16047 16050 16053 16056 16059 16062 
16065 16068 16071 16074 16077 16080 16083 16086 16089 
16092 16095 16098 16101 16104 16107 16110 16113 16116 
16119 16122 16125 16128 16131 16134 16137 16140 16143 
16146 16149 16152 16155 16158 16161 16164 16167 16170 
16173 16176 16179 16182 16185 16188 16191 16194 16197 
16200 16203 16206 16209 16212 16215 16218 16221 16224 
16227 16230 16233 16236 16239 16242 16245 16248 16251 
16254 16257 16260 16263 16266 16269 16272 16275 16278 
16281 16284 16287 16290 16293 16296 16299 16302 16305 
16308 16311 16314 16317 16320 16323 16326 16329 16332 
16335 16338 16341 16344 16347 16350 16353 16356 16359 
16362 16365 16368 16371 16374 16377 16380 16383 16386 
16389 16392 16395 16398 16401 16404 16407 16410 16413 
16416 16419 16422 16425 16428 16431 16434 16437 16440 
16443 16446 16449 16452 16455 16458 16461 16464 16467 
16470 16473 16476 16479 16482 16485 16488 16491 16494 
16497 16500 16503 16506 16509 16512 16515 16518 16521 
16524 16527 16530 16533 16536 16539 16542 16545 16548 
16551 16554 16557 16560 16563 16566 16569 16572 16575 
16578 16581 16584 16587 16590 16593 16596 16599 16602 
16605 16608 16611 16614 16617 16620 16623 16626 16629 
16632 16635 16638 16641 16644 16647 16650 16653 16656 
16659 16662 16665 16668 16671 16674 16677 16680 16683 
16686 16689 16692 16695 16698 16701 16704 16707 16710 
16713 16716 16719 16722 16725 16728 16731 16734 16737 
16740 16743 16746 16749 16752 16755 16758 16761 16764 
16767 16770 16773 16776 16779 16782 16785 16788 16791 
16794 16797 16800 16803 16806 16809 16812 16815 16818 
16821 16824 16827 16830 16833 16836 16839 16842 16845 
16848 16851 16854 16857 16860 16863 16866 16869 16872 
16875 16878 16881 16884 16887 16890 16893 16896 16899 
16902 16905 16908 16911 16914 16917 16920 16923 16926 
16929 16932 16935 16938 16941 16944 16947 16950 16953 
16956 16959 16962 16965 16968 16971 16974 16977 16980 
16983 16986 16989 16992 16995 16998 17001 17004 17007 
17010 17013 17016 17019 17022 17025 17028 17031 17034 
17037 17040 17043 17046 17049 17052 17055 17058 17061 
17064 17067 17070 17073 17076 17079 17082 17085 17088 
17091 17094 17097 17100 17103 17106 17109 17112 17115 
17118 17121 17124 17127 17130 17133 17136 17139 17142 
17145 17148 17151 17154 17157 17160 17163 17166 17169 
17172 17175 17178 17181 17184 17187 17190 17193 17196 
17199 17202 17205 17208 17211 17214 17217 17220 17223 
17226 17229 17232 17235 17238 17241 17244 17247 17250 
17253 17256 17259 17262 17265 17268 17271 17274 17277 
17280 17283 17286 17289 17292 17295 17298 17301 17304 
17307 17310 17313 17316 17319 17322 17325 17328 17331 
17334 17337 17340 17343 17346 17349 17352 17355 17358 
17361 17364 17367 17370 17373 17376 17379 17382 17385 
17388 17391 17394 17397 17400 17403 17406 17409 17412 
17415 17418 17421 17424 17427 17430 17433 17436 17439 
17442 17445 17448 17451 17454 17457 17460 17463 17466 
17469 17472 17475 17478 17481 17484 17487 17490 17493 
17496 17499 17502 17505 17508 17511 17514 17517 17520 
17523 17526 17529 17532 17535 17538 17541 17544 17547 
17550 17553 17556 17559 17562 17565 17568 17571 17574 
17577 17580 17583 17586 17589 17592 17595 17598 17601 
17604 17607 17610 17613 17616 17619 17622 17625 17628 
17631 17634 17637 17640 17643 17646 17649 17652 17655 
17658 17661 17664 17667 17670 17673 17676 17679 17682 
17685 17688 17691 17694 17697 17700 17703 17706 17709 
17712 17715 17718 17721 17724 17727 17730 17733 17736 
17739 17742 17745 17748 17751 17754 17757 17760 17763 
17766 17769 17772 17775 17778 17781 17784 17787 17790 
17793 17796 17799 17802 17805 17808 17811 17814 17817 
17820 17823 17826 17829 17832 17835 17838 17841 17844 
17847 17850 17853 17856 17859 17862 17865 17868 17871 
17874 17877 17880 17883 17886 17889 17892 17895 17898 
17901 17904 17907 17910 17913 17916 17919 17922 17925 
17928 17931 17934 17937 17940 17943 17946 17949 17952 
17955 17958 17961 17964 17967 17970 17973 17976 17979 
17982 17985 17988 17991 17994 17997 18000 18003 18006 
18009 18012 18015 18018 18021 18024 18027 18030 18033 
18036 18039 18042 18045 18048 18051 18054 18057 18060 
18063 18066 18069 18072 18075 18078 18081 18084 18087 
18090 18093 18096 18099 18102 18105 18108 18111 18114 
18117 18120 18123 18126 18129 18132 18135 18138 18141 
18144 18147 18150 18153 18156 18159 18162 18165 18168 
18171 18174 18177 18180 18183 18186 18189 18192 18195 
18198 18201 18204 18207 18210 18213 18216 18219 18222 
18225 18228 18231 18234 18237 18240 
CONNECTIVITY vtktypeint64
0 1 2 0 3 4 1 0 4 
3 5 6 4 3 6 5 7 8 
6 5 8 8 7 9 10 11 12 
10 13 14 11 10 14 2 14 13 
2 13 0 0 13 15 3 0 16 
16 0 15 5 3 17 17 3 16 
7 5 18 18 5 17 19 9 7 
19 7 20 20 7 18 20 21 22 
19 20 22 21 23 24 22 21 24 
23 25 26 24 23 26 25 27 28 
26 25 28 27 29 30 28 27 30 
29 31 32 30 29 32 31 33 34 
32 31 34 33 35 36 34 33 36 
36 35 37 10 12 38 13 10 38 
39 13 38 15 13 39 40 15 39 
16 15 40 41 16 40 17 16 41 
42 17 41 18 17 42 43 18 42 
43 44 45 43 45 18 18 45 20 
21 20 46 46 20 45 23 21 47 
47 21 46 25 23 48 48 23 47 
49 50 27 49 27 48 48 27 25 
29 27 50 51 29 50 31 29 51 
52 31 51 33 31 52 53 33 52 
35 33 53 54 35 53 37 35 54 
45 44 55 46 45 55 56 46 55 
47 46 56 57 47 56 48 47 57 
58 48 57 49 48 58 59 60 61 
60 59 62 63 59 61 64 63 61 
65 62 59 65 59 66 66 59 63 
66 67 68 65 66 68 67 69 70 
68 67 70 69 71 72 70 69 72 
71 73 74 72 71 74 73 75 76 
74 73 76 76 75 77 78 79 80 
78 81 82 79 78 82 64 82 81 
63 64 81 63 81 2 63 2 1 
4 63 1 66 63 4 6 66 4 
67 66 6 8 67 6 69 67 8 
9 69 8 9 83 69 83 71 69 
73 71 84 84 71 83 75 73 85 
85 73 84 86 77 75 86 75 87 
87 75 85 87 88 89 86 87 89 
88 90 91 89 88 91 90 92 93 
91 90 93 92 94 95 93 92 95 
94 96 97 95 94 97 96 98 99 
97 96 99 98 100 101 99 98 101 
100 102 103 101 100 103 103 102 104 
11 78 80 11 80 12 12 80 105 
14 78 11 81 78 14 2 81 14 
9 19 83 22 83 19 84 83 22 
24 84 22 85 84 24 26 85 24 
87 85 26 28 87 26 88 87 28 
30 88 28 90 88 30 32 90 30 
92 90 32 34 92 32 94 92 34 
36 94 34 96 94 36 37 96 36 
37 106 96 106 98 96 100 98 107 
107 98 106 108 109 102 108 102 107 
107 102 100 104 102 109 12 105 110 
38 12 110 39 38 111 38 110 111 
40 39 112 39 111 112 41 40 113 
40 112 113 42 41 114 41 113 114 
115 114 116 115 43 114 43 42 114 
43 115 44 50 49 117 50 118 51 
117 118 50 119 51 118 119 120 51 
120 52 51 53 52 121 52 120 121 
54 53 122 53 121 122 106 37 54 
106 54 123 123 54 122 107 106 123 
124 107 123 108 107 124 115 116 125 
44 115 125 44 125 55 55 125 126 
56 55 127 55 126 127 57 56 128 
56 127 128 58 57 129 57 128 129 
117 49 58 117 58 130 130 58 129 
118 117 130 131 118 130 119 118 131 
132 133 134 132 135 136 133 132 136 
136 135 137 138 139 140 138 61 60 
138 60 139 139 60 141 62 142 132 
62 132 141 62 141 60 141 132 134 
135 132 143 143 132 142 144 137 135 
144 135 145 145 135 143 144 145 146 
147 148 149 140 148 147 140 147 138 
138 147 150 61 150 64 138 150 61 
62 65 142 68 142 65 143 142 68 
70 143 68 145 143 70 145 151 146 
145 70 151 70 72 151 74 152 72 
72 152 151 76 153 74 74 153 152 
77 154 155 77 155 76 76 155 153 
154 156 157 155 154 157 156 158 159 
157 156 159 158 160 161 159 158 161 
160 162 163 161 160 163 162 164 165 
163 162 165 164 166 167 165 164 167 
166 168 169 167 166 169 168 170 171 
169 168 171 171 170 172 173 174 175 
173 176 177 174 173 177 177 176 178 
179 180 181 149 180 179 147 149 179 
147 179 80 147 80 79 82 147 79 
150 147 82 64 150 82 77 86 154 
89 154 86 156 154 89 91 156 89 
158 156 91 93 158 91 160 158 93 
95 160 93 162 160 95 97 162 95 
164 162 97 99 164 97 166 164 99 
101 166 99 168 166 101 103 168 101 
170 168 103 104 182 183 103 104 183 
103 183 172 103 172 170 175 183 182 
175 182 173 173 182 184 176 173 185 
185 173 184 186 178 176 185 186 176 
187 179 181 188 187 181 80 187 105 
179 187 80 109 108 189 109 182 104 
109 189 182 189 190 182 184 182 191 
191 182 190 185 184 192 192 184 191 
193 186 185 192 193 185 187 188 194 
105 187 194 105 194 110 110 194 195 
111 110 196 110 195 196 112 111 197 
111 196 197 113 112 198 112 197 198 
114 113 199 113 198 199 199 116 114 
200 116 199 120 119 201 120 202 121 
201 202 120 121 203 122 202 203 121 
122 204 123 203 204 122 205 123 204 
205 206 123 206 124 123 189 108 124 
189 124 207 207 124 206 190 189 207 
208 190 207 191 190 208 209 191 208 
192 191 209 210 192 209 193 192 210 
116 200 211 125 116 211 126 125 212 
125 211 212 127 126 213 126 212 213 
128 127 214 127 213 214 129 128 215 
128 214 215 130 129 216 129 215 216 
131 130 217 130 216 217 201 119 131 
201 131 218 218 131 217 202 201 218 
219 202 218 203 202 219 220 203 219 
204 203 220 221 204 220 205 204 221 
222 223 224 223 222 225 226 222 224 
227 226 224 228 225 222 228 222 229 
229 222 226 229 230 231 228 229 231 
231 230 232 133 233 234 134 133 234 
136 235 133 133 235 233 137 236 237 
137 237 136 136 237 235 237 236 238 
239 226 227 240 239 227 229 226 241 
241 226 239 139 241 140 139 230 241 
230 229 241 230 242 232 230 139 242 
139 141 242 234 141 134 242 141 234 
137 144 236 146 243 244 144 146 244 
144 244 238 144 238 236 243 245 246 
244 243 246 245 247 248 246 245 248 
247 249 250 248 247 250 249 251 252 
250 249 252 251 253 254 252 251 254 
253 255 256 254 253 256 255 257 258 
256 255 258 257 259 260 258 257 260 
259 261 262 260 259 262 261 263 264 
262 261 264 263 265 266 264 263 266 
265 267 268 266 265 268 267 269 270 
268 267 270 269 271 272 270 269 272 
272 271 273 274 239 240 275 274 240 
148 274 149 148 241 274 241 239 274 
140 241 148 146 151 243 152 243 151 
245 243 152 153 245 152 247 245 153 
155 247 153 249 247 155 157 249 155 
251 249 157 159 251 157 253 251 159 
161 253 159 255 253 161 163 255 161 
257 255 163 165 257 163 259 257 165 
167 259 165 261 259 167 169 261 167 
263 261 169 171 263 169 265 263 171 
172 265 171 172 276 265 276 267 265 
174 276 175 174 269 276 269 267 276 
177 269 174 271 269 177 271 177 178 
271 178 273 273 178 277 278 279 280 
278 281 282 279 278 282 275 282 281 
274 275 281 274 281 181 274 181 180 
149 274 180 172 183 276 175 276 183 
178 186 277 277 186 283 278 280 284 
284 285 286 284 286 278 278 286 281 
181 286 188 281 286 181 186 193 283 
283 193 287 286 285 288 188 286 288 
188 288 194 194 288 289 195 194 290 
194 289 290 196 195 291 195 290 291 
197 196 292 196 291 292 198 197 293 
197 292 293 294 293 295 294 199 293 
199 198 293 199 294 200 206 205 296 
206 297 207 296 297 206 207 298 208 
297 298 207 208 299 209 298 299 208 
300 209 299 300 301 209 301 210 209 
287 193 210 301 287 210 294 295 302 
200 294 302 200 302 211 211 302 303 
212 211 304 211 303 304 213 212 305 
212 304 305 214 213 306 213 305 306 
215 214 307 214 306 307 216 215 308 
215 307 308 217 216 309 216 308 309 
218 217 310 217 309 310 219 218 311 
218 310 311 220 219 312 219 311 312 
221 220 313 220 312 313 296 205 221 
296 221 314 314 221 313 297 296 314 
315 297 314 298 297 315 316 298 315 
299 298 316 317 299 316 300 299 317 
318 319 320 319 318 321 322 323 324 
322 224 223 322 223 323 323 223 325 
225 326 318 225 318 325 225 325 223 
325 318 320 327 321 318 327 318 328 
328 318 326 327 328 329 330 331 332 
331 330 333 334 322 324 335 334 324 
224 334 227 322 334 224 225 228 326 
231 326 228 328 326 231 232 336 337 
231 232 337 231 337 329 231 329 328 
336 234 233 336 233 337 337 233 338 
332 235 330 332 338 235 338 233 235 
330 339 333 330 235 339 235 237 339 
238 340 341 238 341 237 237 341 339 
340 342 343 341 340 343 342 344 345 
343 342 345 345 344 346 347 348 349 
347 350 351 348 347 351 350 352 353 
351 350 353 352 354 355 353 352 355 
354 356 357 355 354 357 356 358 359 
357 356 359 358 360 361 359 358 361 
361 360 362 363 334 335 364 363 335 
227 363 240 334 363 227 232 242 336 
234 336 242 238 244 340 246 340 244 
342 340 246 248 342 246 344 342 248 
344 365 346 344 248 365 248 250 365 
252 366 250 250 366 365 254 367 252 
252 367 366 256 368 254 254 368 367 
258 369 256 256 369 368 349 260 347 
349 369 260 369 258 260 262 347 260 
350 347 262 264 350 262 352 350 264 
266 352 264 354 352 266 268 354 266 
356 354 268 270 356 268 358 356 270 
272 358 270 360 358 272 360 272 273 
360 273 362 362 273 370 371 372 373 
364 372 371 364 371 363 363 371 374 
240 374 275 363 374 240 273 277 370 
370 277 375 279 371 373 279 373 280 
280 373 376 282 371 279 374 371 282 
275 374 282 277 283 375 375 283 377 
280 376 378 284 280 378 378 285 284 
379 285 378 283 287 377 377 287 380 
285 379 381 288 285 381 289 288 382 
288 381 382 290 289 383 289 382 383 
291 290 384 290 383 384 292 291 385 
291 384 385 293 292 386 292 385 386 
386 295 293 387 295 386 301 388 389 
300 388 301 380 287 301 389 380 301 
295 387 390 302 295 390 303 302 391 
302 390 391 304 303 392 303 391 392 
305 304 393 304 392 393 306 305 394 
305 393 394 307 306 395 306 394 395 
308 307 396 307 395 396 309 308 397 
308 396 397 310 309 398 309 397 398 
311 310 399 310 398 399 312 311 400 
311 399 400 313 312 401 312 400 401 
314 313 402 313 401 402 315 314 403 
314 402 403 316 315 404 315 403 404 
317 316 405 316 404 405 388 300 317 
405 388 317 406 407 408 406 320 319 
406 319 407 407 319 409 321 410 411 
321 411 319 319 411 409 411 410 412 
413 414 415 414 413 416 323 417 418 
324 323 418 408 325 406 408 417 325 
417 323 325 320 406 325 321 327 410 
329 419 420 327 329 420 327 420 412 
327 412 410 419 421 422 420 419 422 
415 422 421 413 415 421 413 421 332 
413 332 331 333 423 424 331 333 424 
331 424 416 331 416 413 424 423 425 
426 427 428 426 429 430 427 426 430 
429 431 432 430 429 432 432 431 433 
324 418 335 418 434 335 329 337 419 
338 419 337 421 419 338 332 421 338 
333 339 423 423 435 425 423 339 435 
339 341 435 343 436 341 341 436 435 
345 437 343 343 437 436 346 438 439 
346 439 345 345 439 437 438 440 441 
439 438 441 440 442 443 441 440 443 
442 444 445 443 442 445 444 446 447 
445 444 447 446 349 348 446 348 447 
447 348 448 351 449 348 348 449 448 
353 450 351 351 450 449 428 355 426 
428 450 355 450 353 355 357 426 355 
429 426 357 359 429 357 431 429 359 
431 451 433 431 359 451 359 361 451 
451 361 362 452 451 362 453 454 455 
453 434 454 453 364 434 364 335 434 
346 365 438 366 438 365 440 438 366 
367 440 366 442 440 367 368 442 367 
444 442 368 369 444 368 446 444 369 
349 446 369 362 370 452 452 370 456 
457 458 459 455 458 457 453 455 457 
453 457 373 453 373 372 364 453 372 
370 375 456 456 375 460 457 459 461 
461 373 457 461 462 373 462 376 373 
375 377 460 460 377 463 376 462 464 
378 376 464 379 465 466 379 378 465 
378 464 465 465 467 466 468 469 470 
468 470 463 468 463 380 380 463 377 
379 466 381 466 467 471 466 471 381 
381 471 382 383 382 472 382 471 472 
384 383 473 383 472 473 385 384 474 
384 473 474 475 474 476 475 386 474 
386 385 474 386 475 387 477 478 479 
469 477 479 468 477 469 468 388 477 
468 389 388 380 389 468 475 476 480 
387 475 480 387 480 390 390 480 481 
391 390 482 390 481 482 392 391 483 
391 482 483 393 392 484 392 483 484 
394 393 485 393 484 485 395 394 486 
394 485 486 396 395 487 395 486 487 
397 396 488 396 487 488 398 397 489 
397 488 489 399 398 490 398 489 490 
400 399 491 399 490 491 401 400 492 
400 491 492 493 492 494 493 402 492 
402 401 492 402 495 403 493 495 402 
496 403 495 496 497 403 497 404 403 
478 477 405 478 405 497 497 405 404 
388 405 477 493 494 498 495 493 498 
499 495 498 496 495 499 500 501 502 
500 503 504 501 500 504 503 505 506 
504 503 506 506 505 507 508 509 510 
508 511 512 509 508 512 511 408 407 
511 407 512 512 407 513 409 514 407 
407 514 513 502 411 500 502 514 411 
514 409 411 412 500 411 412 515 500 
515 503 500 505 503 516 516 503 515 
415 414 517 415 517 505 415 505 516 
507 505 517 416 518 519 416 519 414 
414 519 517 519 518 520 521 522 523 
521 524 525 522 521 525 525 524 526 
527 508 510 528 527 510 417 527 418 
417 511 527 511 508 527 408 511 417 
412 420 515 422 515 420 516 515 422 
415 516 422 416 424 518 425 529 530 
424 425 530 424 530 520 424 520 518 
530 529 531 532 533 534 523 533 532 
521 523 532 521 532 428 521 428 427 
430 521 427 524 521 430 524 535 526 
524 430 535 430 432 535 535 432 433 
536 535 433 537 527 528 538 537 528 
418 537 434 527 537 418 425 435 529 
529 539 531 529 435 539 435 436 539 
437 540 436 436 540 539 439 541 437 
437 541 540 441 542 439 439 542 541 
443 543 441 441 543 542 445 544 443 
443 544 543 447 545 445 445 545 544 
448 546 447 447 546 545 449 547 448 
448 547 546 534 450 532 534 547 450 
547 449 450 428 532 450 548 433 451 
548 549 433 549 536 433 451 452 548 
550 551 552 538 551 550 537 538 550 
537 550 455 537 455 454 434 537 454 
553 549 548 554 549 553 452 456 553 
548 452 553 458 550 552 458 552 459 
459 552 555 455 550 458 556 554 553 
557 554 556 456 460 556 553 456 556 
459 555 558 461 459 558 462 559 560 
462 461 559 461 558 559 559 561 560 
562 557 556 563 557 562 460 463 562 
556 460 562 462 560 464 560 561 564 
560 564 464 464 564 465 564 467 465 
565 467 564 566 567 568 563 566 568 
562 566 563 562 469 566 562 470 469 
463 470 562 467 565 569 471 467 569 
472 471 570 471 569 570 473 472 571 
472 570 571 474 473 572 473 571 572 
572 476 474 573 476 572 574 575 576 
567 574 576 566 574 567 566 478 574 
566 479 478 469 479 566 476 573 577 
480 476 577 481 480 578 480 577 578 
482 481 579 481 578 579 483 482 580 
482 579 580 484 483 581 483 580 581 
485 484 582 484 581 582 486 485 583 
485 582 583 487 486 584 486 583 584 
488 487 585 487 584 585 489 488 586 
488 585 586 490 489 587 489 586 587 
491 490 588 490 587 588 492 491 589 
491 588 589 494 590 591 494 492 590 
492 589 590 591 592 593 590 592 591 
575 593 592 574 593 575 574 496 593 
574 497 496 478 497 574 494 591 498 
499 498 591 593 499 591 496 499 593 
501 594 595 502 501 595 504 596 501 
501 596 594 506 597 504 504 597 596 
507 598 599 507 599 506 506 599 597 
599 598 600 601 602 603 602 601 604 
605 606 607 605 510 509 605 509 606 
606 509 608 512 609 509 509 609 608 
513 610 512 512 610 609 514 611 513 
513 611 610 595 514 502 611 514 595 
507 517 598 598 612 600 598 517 612 
517 519 612 612 519 520 613 612 520 
614 615 616 603 615 614 601 603 614 
601 614 523 601 523 522 601 617 604 
601 522 617 522 525 617 617 525 526 
618 617 526 605 607 619 619 510 605 
619 620 510 620 528 510 520 621 613 
530 621 520 531 622 623 531 623 530 
530 623 621 623 622 624 625 626 627 
625 628 629 626 625 629 616 629 628 
614 616 628 614 628 534 614 534 533 
523 614 533 630 526 535 630 631 526 
631 618 526 535 536 630 632 633 634 
632 620 633 632 538 620 538 528 620 
531 539 622 622 635 624 622 539 635 
539 540 635 541 636 540 540 636 635 
542 637 541 541 637 636 543 638 542 
542 638 637 544 639 543 543 639 638 
545 640 544 544 640 639 627 546 625 
627 640 546 640 545 546 547 625 546 
628 625 547 534 628 547 641 631 630 
642 631 641 536 549 641 630 536 641 
643 644 645 634 644 643 632 634 643 
632 643 552 632 552 551 538 632 551 
646 642 641 647 642 646 549 554 646 
641 549 646 643 645 648 648 552 643 
648 649 552 649 555 552 650 647 646 
651 647 650 554 557 650 646 554 650 
555 649 652 558 555 652 653 652 654 
653 559 652 559 558 652 559 653 561 
655 651 650 656 651 655 557 563 655 
650 557 655 653 654 657 561 653 657 
561 657 564 564 657 658 658 565 564 
659 565 658 660 661 662 656 660 662 
655 660 656 655 567 660 655 568 567 
563 568 655 565 659 663 569 565 663 
570 569 664 569 663 664 571 570 665 
570 664 665 666 665 667 666 572 665 
572 571 665 572 666 573 668 669 670 
661 668 670 660 668 661 660 575 668 
660 576 575 567 576 660 666 667 671 
573 666 671 573 671 577 577 671 672 
578 577 673 577 672 673 579 578 674 
578 673 674 580 579 675 579 674 675 
581 580 676 580 675 676 582 581 677 
581 676 677 583 582 678 582 677 678 
584 583 679 583 678 679 585 584 680 
584 679 680 586 585 681 585 680 681 
587 586 682 586 681 682 588 587 683 
587 682 683 589 588 684 588 683 684 
590 589 685 589 684 685 669 668 592 
669 592 685 685 592 590 575 592 668 
686 687 688 687 686 689 594 690 691 
595 594 691 596 692 594 594 692 690 
597 693 596 596 693 692 599 694 597 
597 694 693 694 599 600 695 694 600 
696 697 698 688 697 696 688 696 686 
686 696 699 603 602 700 603 700 686 
603 686 699 689 686 700 700 602 604 
701 700 604 606 702 703 607 606 703 
608 704 606 606 704 702 609 705 608 
608 705 704 610 706 609 609 706 705 
611 707 610 610 707 706 691 611 595 
707 611 691 600 708 695 612 708 600 
613 709 710 613 710 612 612 710 708 
710 709 711 712 713 714 698 713 712 
698 712 696 696 712 715 615 715 616 
615 699 715 699 696 715 603 699 615 
716 604 617 716 717 604 717 701 604 
617 618 716 718 619 607 718 607 719 
719 607 703 619 718 620 613 621 709 
709 720 711 709 621 720 621 623 720 
624 721 722 624 722 623 623 722 720 
721 723 724 722 721 724 724 723 725 
726 727 728 714 727 726 712 714 726 
712 726 627 712 627 626 629 712 626 
715 712 629 616 715 629 716 729 717 
729 716 618 729 618 730 730 618 631 
633 718 719 633 719 634 634 719 731 
620 718 633 624 635 721 636 721 635 
723 721 636 723 732 725 723 636 732 
636 637 732 638 733 637 637 733 732 
639 734 638 638 734 733 728 640 726 
728 734 640 734 639 640 627 726 640 
631 642 730 730 642 735 644 736 737 
645 644 737 731 644 634 736 644 731 
642 647 735 735 647 738 645 737 739 
648 645 739 739 649 648 740 649 739 
741 742 743 741 743 738 741 738 651 
651 738 647 649 740 744 652 649 744 
744 654 652 745 654 744 746 742 741 
747 742 746 651 656 746 741 651 746 
654 745 748 657 654 748 749 748 750 
749 658 748 658 657 748 658 749 659 
751 752 753 747 751 753 746 751 747 
746 661 751 746 662 661 656 662 746 
749 750 754 659 749 754 659 754 663 
663 754 755 664 663 756 663 755 756 
665 664 757 664 756 757 757 667 665 
758 667 757 759 760 761 752 759 761 
751 759 752 751 669 759 751 670 669 
661 670 751 667 758 762 671 667 762 
672 671 763 671 762 763 673 672 764 
672 763 764 674 673 765 673 764 765 
675 674 766 674 765 766 676 675 767 
675 766 767 677 676 768 676 767 768 
678 677 769 677 768 769 679 678 770 
678 769 770 680 679 771 679 770 771 
681 680 772 680 771 772 682 681 773 
681 772 773 683 682 774 682 773 774 
684 683 775 683 774 775 760 759 685 
760 685 775 775 685 684 669 685 759 
776 777 778 779 688 687 780 777 776 
687 689 779 781 782 783 781 691 690 
781 690 782 782 690 784 692 785 690 
690 785 784 693 786 692 692 786 785 
694 787 693 693 787 786 787 694 695 
788 787 695 789 790 791 778 790 789 
776 778 789 776 789 698 776 698 697 
776 792 780 776 697 792 779 792 688 
688 792 697 793 794 792 700 793 792 
700 792 779 700 779 689 700 701 793 
795 796 797 795 703 702 795 702 796 
796 702 798 704 799 702 702 799 798 
705 800 704 704 800 799 706 801 705 
705 801 800 783 707 781 783 801 707 
801 706 707 691 781 707 695 802 788 
708 802 695 710 803 708 708 803 802 
711 804 805 711 805 710 710 805 803 
805 804 806 807 808 809 791 808 807 
789 791 807 789 807 714 789 714 713 
698 789 713 810 794 793 811 794 810 
701 717 810 793 701 810 812 795 797 
813 812 797 703 812 719 795 812 703 
711 720 804 804 814 806 804 720 814 
720 722 814 724 815 722 722 815 814 
725 816 817 725 817 724 724 817 815 
816 818 819 817 816 819 818 820 821 
819 818 821 809 821 820 807 809 820 
807 820 728 807 728 727 714 807 727 
810 822 811 823 824 822 729 823 822 
729 822 810 729 810 717 729 730 823 
825 812 813 826 825 813 719 825 731 
812 825 719 725 732 816 733 816 732 
818 816 733 734 818 733 820 818 734 
728 820 734 827 824 823 828 824 827 
730 735 827 823 730 827 736 825 826 
736 826 737 737 826 829 731 825 736 
830 828 827 831 828 830 735 738 830 
827 735 830 737 829 832 739 737 832 
832 740 739 833 740 832 743 831 830 
743 742 831 742 834 831 738 743 830 
740 833 835 744 740 835 835 745 744 
836 745 835 742 747 834 834 747 837 
745 836 838 748 745 838 838 750 748 
839 750 838 753 840 841 752 840 753 
837 747 753 841 837 753 750 839 842 
754 750 842 755 754 843 754 842 843 
756 755 844 755 843 844 757 756 845 
756 844 845 845 758 757 846 758 845 
847 848 849 847 761 760 847 849 761 
849 850 761 840 752 761 850 840 761 
758 846 851 762 758 851 763 762 852 
762 851 852 764 763 853 763 852 853 
765 764 854 764 853 854 766 765 855 
765 854 855 767 766 856 766 855 856 
768 767 857 767 856 857 769 768 858 
768 857 858 859 858 860 859 770 858 
770 769 858 770 861 771 859 861 770 
862 771 861 862 863 771 863 772 771 
773 772 864 772 863 864 774 773 865 
773 864 865 848 847 775 848 775 865 
865 775 774 760 775 847 859 860 866 
861 859 866 867 861 866 862 861 867 
868 869 870 869 868 871 872 873 874 
873 872 875 777 876 778 777 780 876 
782 877 878 783 782 878 784 879 782 
782 879 877 785 880 784 784 880 879 
786 881 785 785 881 880 870 787 868 
870 881 787 881 786 787 788 882 883 
787 788 883 787 883 871 787 871 868 
883 882 884 885 886 887 874 886 885 
874 885 872 872 885 888 791 790 889 
791 889 872 791 872 888 875 872 889 
876 790 778 876 890 790 890 889 790 
891 892 890 792 891 890 792 890 876 
792 876 780 792 794 891 796 893 894 
797 796 894 798 895 796 796 895 893 
799 896 798 798 896 895 800 897 799 
799 897 896 801 898 800 800 898 897 
878 801 783 898 801 878 788 802 882 
882 899 884 882 802 899 802 803 899 
805 900 803 803 900 899 900 805 806 
901 900 806 902 903 904 902 905 906 
903 902 906 887 906 905 887 905 885 
885 905 907 808 907 809 808 888 907 
888 885 907 791 888 808 908 892 891 
909 892 908 794 811 908 891 794 908 
797 894 813 894 910 813 806 911 901 
814 911 806 815 912 814 814 912 911 
904 817 902 904 912 817 912 815 817 
819 902 817 905 902 819 821 905 819 
907 905 821 809 907 821 908 913 909 
914 915 913 822 914 913 822 913 908 
822 908 811 822 824 914 813 910 826 
910 916 826 917 915 914 918 915 917 
824 828 917 914 824 917 826 916 829 
916 919 829 920 918 917 921 918 920 
828 831 920 917 828 920 829 919 922 
832 829 922 922 833 832 923 833 922 
924 921 920 925 921 924 831 834 924 
920 831 924 833 923 926 835 833 926 
926 836 835 927 836 926 928 925 924 
929 925 928 834 837 928 924 834 928 
836 927 930 838 836 930 930 839 838 
931 839 930 932 933 934 929 932 934 
928 932 929 928 840 932 928 841 840 
837 841 928 839 931 935 842 839 935 
843 842 936 842 935 936 844 843 937 
843 936 937 845 844 938 844 937 938 
938 846 845 939 846 938 849 940 941 
848 940 849 933 932 850 933 850 941 
941 850 849 840 850 932 846 939 942 
851 846 942 852 851 943 851 942 943 
853 852 944 852 943 944 854 853 945 
853 944 945 855 854 946 854 945 946 
856 855 947 855 946 947 857 856 948 
856 947 948 949 948 950 949 858 948 
858 857 948 858 949 860 863 951 952 
862 951 863 864 863 953 863 952 953 
865 864 954 864 953 954 940 848 865 
954 940 865 949 950 955 860 949 955 
860 955 866 866 955 956 867 866 957 
866 956 957 951 862 867 957 951 867 
869 958 959 870 869 959 958 869 871 
960 958 871 873 961 874 873 875 961 
877 962 963 878 877 963 879 964 877 
877 964 962 880 965 879 879 965 964 
881 966 880 880 966 965 959 881 870 
966 881 959 871 967 960 883 967 871 
967 883 884 968 967 884 969 970 971 
969 887 886 969 886 970 970 886 972 
961 886 874 961 973 886 973 972 886 
974 975 973 889 974 973 889 973 961 
889 961 875 889 890 976 974 889 976 
890 892 976 893 977 978 894 893 978 
895 979 893 893 979 977 896 980 895 
895 980 979 897 981 896 896 981 980 
898 982 897 897 982 981 963 898 878 
982 898 963 884 983 968 899 983 884 
984 985 983 984 983 900 900 983 899 
900 901 984 986 987 988 986 904 903 
986 903 987 987 903 989 971 906 969 
971 989 906 989 903 906 887 969 906 
974 990 975 990 991 992 990 974 991 
974 976 991 892 909 991 976 892 991 
993 994 995 993 978 994 993 910 978 
910 894 978 984 996 985 901 996 984 
901 911 996 911 997 996 988 912 986 
988 997 912 997 911 912 904 986 912 
991 998 992 999 1000 998 913 999 998 
913 998 991 913 991 909 913 915 999 
993 995 1001 1001 910 993 1001 1002 910 
1002 916 910 1003 1000 999 1004 1000 1003 
915 918 1003 999 915 1003 916 1002 919 
1002 1005 919 1006 1004 1003 1007 1004 1006 
918 921 1006 1003 918 1006 919 1005 1008 
922 919 1008 1008 923 922 1009 923 1008 
1006 1010 1007 1010 1006 921 1010 921 1011 
1011 921 925 923 1009 1012 926 923 1012 
1012 927 926 1013 927 1012 1014 1015 1016 
1014 1016 1011 1014 1011 929 929 1011 925 
927 1013 1017 930 927 1017 931 1018 1019 
931 930 1018 930 1017 1018 1018 1020 1019 
934 1015 1014 934 933 1015 933 1021 1015 
929 934 1014 931 1019 935 1019 1020 1022 
1019 1022 935 935 1022 936 937 936 1023 
936 1022 1023 938 937 1024 937 1023 1024 
1024 939 938 1025 939 1024 941 1026 1027 
940 1026 941 1021 933 941 1027 1021 941 
939 1025 1028 942 939 1028 943 942 1029 
942 1028 1029 944 943 1030 943 1029 1030 
945 944 1031 944 1030 1031 946 945 1032 
945 1031 1032 947 946 1033 946 1032 1033 
948 947 1034 947 1033 1034 1034 950 948 
1035 950 1034 1036 1037 1038 1036 952 951 
1036 1038 952 1038 1039 952 953 952 1040 
952 1039 1040 954 953 1041 953 1040 1041 
1026 940 954 1041 1026 954 950 1035 1042 
955 950 1042 956 955 1043 955 1042 1043 
1037 1036 957 1037 957 1043 1043 957 956 
951 957 1036 958 1044 1045 959 958 1045 
1044 958 960 1046 1044 960 1047 1048 1049 
1047 1050 1051 1048 1047 1051 1050 963 962 
1050 962 1051 1051 962 1052 964 1053 962 
962 1053 1052 965 1054 964 964 1054 1053 
966 1055 965 965 1055 1054 1045 966 959 
1055 966 1045 960 1056 1046 967 1056 960 
1056 967 968 1057 1056 968 970 1058 971 
1059 1058 970 1059 970 1060 1060 970 972 
1061 1062 1060 1061 1060 973 973 1060 972 
973 975 1061 977 1063 1064 978 977 1064 
979 1065 977 977 1065 1063 980 1066 979 
979 1066 1065 1049 981 1047 1049 1066 981 
1066 980 981 982 1047 981 1050 1047 982 
963 1050 982 968 1067 1057 983 1067 968 
985 1068 1069 985 1069 983 983 1069 1067 
1069 1068 1070 987 1071 1072 988 987 1072 
989 1073 987 987 1073 1071 1058 989 971 
1058 1074 989 1074 1073 989 1059 1074 1058 
1061 1075 1062 1076 1077 1075 990 1076 1075 
990 1075 1061 990 1061 975 990 992 1076 
994 1078 1079 995 994 1079 1064 994 978 
1078 994 1064 985 996 1068 1068 1080 1070 
1068 996 1080 996 997 1080 1072 997 988 
1080 997 1072 1076 1081 1077 1082 1083 1081 
998 1082 1081 998 1081 1076 998 1076 992 
998 1000 1082 1084 1001 995 1084 995 1085 
1085 995 1079 1001 1084 1002 1086 1083 1082 
1087 1083 1086 1000 1004 1086 1082 1000 1086 
1084 1085 1088 1088 1002 1084 1088 1089 1002 
1089 1005 1002 1086 1090 1087 1090 1086 1004 
1090 1004 1091 1091 1004 1007 1005 1089 1092 
1008 1005 1092 1092 1009 1008 1093 1009 1092 
1094 1007 1010 1094 1095 1007 1095 1091 1007 
1010 1011 1094 1009 1093 1096 1012 1009 1096 
1096 1013 1012 1097 1013 1096 1016 1095 1094 
1016 1015 1095 1015 1098 1095 1011 1016 1094 
1013 1097 1099 1017 1013 1099 1018 1017 1100 
1017 1099 1100 1020 1101 1102 1020 1018 1101 
1018 1100 1101 1101 1103 1102 1104 1105 1106 
1104 1106 1098 1104 1098 1021 1021 1098 1015 
1020 1102 1022 1102 1103 1107 1102 1107 1022 
1022 1107 1023 1024 1023 1108 1023 1107 1108 
1025 1109 1110 1025 1024 1109 1024 1108 1109 
1109 1111 1110 1112 1113 1114 1105 1112 1114 
1104 1112 1105 1104 1026 1112 1104 1027 1026 
1021 1027 1104 1025 1110 1028 1110 1111 1115 
1110 1115 1028 1028 1115 1029 1030 1029 1116 
1029 1115 1116 1031 1030 1117 1030 1116 1117 
1032 1031 1118 1031 1117 1118 1033 1032 1119 
1032 1118 1119 1034 1033 1120 1033 1119 1120 
1035 1121 1122 1035 1034 1121 1034 1120 1121 
1122 1123 1124 1121 1123 1122 1124 1038 1037 
1124 1123 1038 1123 1125 1038 1039 1038 1126 
1038 1125 1126 1040 1039 1127 1039 1126 1127 
1113 1112 1041 1113 1041 1127 1127 1041 1040 
1026 1041 1112 1035 1122 1042 1043 1042 1122 
1124 1043 1122 1037 1043 1124 1044 1128 1045 
1044 1046 1128 1129 1130 1131 1129 1049 1048 
1129 1048 1130 1130 1048 1132 1051 1133 1048 
1048 1133 1132 1052 1134 1051 1051 1134 1133 
1053 1135 1052 1052 1135 1134 1054 1136 1053 
1053 1136 1135 1055 1137 1054 1054 1137 1136 
1128 1055 1045 1128 1138 1055 1138 1137 1055 
1139 1140 1138 1056 1139 1138 1056 1138 1128 
1056 1128 1046 1056 1057 1139 1141 1142 1143 
1144 1059 1060 1145 1142 1141 1060 1062 1144 
1063 1146 1147 1064 1063 1147 1065 1148 1063 
1063 1148 1146 1131 1066 1129 1131 1148 1066 
1148 1065 1066 1049 1129 1066 1139 1149 1140 
1057 1149 1139 1057 1067 1149 1067 1150 1149 
1069 1151 1067 1067 1151 1150 1070 1152 1153 
1070 1153 1069 1069 1153 1151 1152 1072 1071 
1152 1071 1153 1153 1071 1154 1073 1155 1071 
1071 1155 1154 1143 1074 1141 1143 1155 1074 
1155 1073 1074 1141 1156 1145 1141 1074 1156 
1144 1156 1059 1059 1156 1074 1157 1158 1156 
1075 1157 1156 1075 1156 1144 1075 1144 1062 
1075 1077 1157 1078 1159 1160 1079 1078 1160 
1147 1078 1064 1159 1078 1147 1070 1080 1152 
1072 1152 1080 1157 1161 1158 1162 1163 1161 
1081 1162 1161 1081 1161 1157 1081 1157 1077 
1081 1083 1162 1079 1160 1085 1160 1164 1085 
1162 1165 1163 1165 1162 1083 1165 1083 1166 
1166 1083 1087 1085 1164 1167 1088 1085 1167 
1167 1089 1088 1168 1089 1167 1169 1087 1090 
1169 1170 1087 1170 1166 1087 1090 1091 1169 
1089 1168 1171 1092 1089 1171 1171 1093 1092 
1172 1093 1171 1173 1170 1169 1174 1170 1173 
1091 1095 1173 1169 1091 1173 1093 1172 1175 
1096 1093 1175 1097 1176 1177 1097 1096 1176 
1096 1175 1176 1176 1178 1177 1179 1174 1173 
1180 1174 1179 1095 1098 1179 1173 1095 1179 
1097 1177 1099 1177 1178 1181 1177 1181 1099 
1099 1181 1100 1101 1100 1182 1100 1181 1182 
1103 1183 1184 1103 1101 1183 1101 1182 1183 
1183 1185 1184 1106 1180 1179 1106 1105 1180 
1105 1186 1180 1098 1106 1179 1103 1184 1107 
1184 1185 1187 1184 1187 1107 1107 1187 1108 
1109 1108 1188 1108 1187 1188 1111 1189 1190 
1111 1109 1189 1109 1188 1189 1189 1191 1190 
1114 1192 1193 1113 1192 1114 1186 1105 1114 
1193 1186 1114 1111 1190 1115 1190 1191 1194 
1190 1194 1115 1115 1194 1116 1117 1116 1195 
1116 1194 1195 1118 1117 1196 1117 1195 1196 
1119 1118 1197 1118 1196 1197 1120 1119 1198 
1119 1197 1198 1121 1120 1199 1120 1198 1199 
1123 1121 1200 1121 1199 1200 1125 1123 1201 
1123 1200 1201 1126 1125 1202 1125 1201 1202 
1127 1126 1203 1126 1202 1203 1192 1113 1127 
1203 1192 1127 1204 1205 1206 1204 1131 1130 
1204 1130 1205 1205 1130 1207 1132 1208 1130 
1130 1208 1207 1133 1209 1132 1132 1209 1208 
1134 1210 1133 1133 1210 1209 1135 1211 1134 
1134 1211 1210 1136 1212 1135 1135 1212 1211 
1137 1213 1136 1136 1213 1212 1138 1214 1137 
1137 1214 1213 1214 1138 1140 1215 1214 1140 
1142 1216 1143 1142 1145 1216 1146 1217 1218 
1147 1146 1218 1206 1148 1204 1206 1217 1148 
1217 1146 1148 1131 1204 1148 1140 1219 1215 
1149 1219 1140 1150 1220 1149 1149 1220 1219 
1151 1221 1150 1150 1221 1220 1153 1222 1151 
1151 1222 1221 1154 1223 1153 1153 1223 1222 
1155 1224 1154 1154 1224 1223 1216 1155 1143 
1216 1225 1155 1225 1224 1155 1145 1225 1216 
1145 1156 1225 1156 1226 1225 1226 1156 1158 
1227 1226 1158 1159 1228 1229 1160 1159 1229 
1218 1159 1147 1228 1159 1218 1158 1230 1227 
1161 1230 1158 1230 1161 1163 1231 1230 1163 
1160 1229 1164 1229 1232 1164 1233 1163 1165 
1233 1234 1163 1234 1231 1163 1165 1166 1233 
1164 1232 1235 1167 1164 1235 1235 1168 1167 
1236 1168 1235 1237 1234 1233 1238 1234 1237 
1166 1170 1237 1233 1166 1237 1239 1171 1168 
1239 1168 1240 1240 1168 1236 1171 1239 1172 
1237 1241 1238 1241 1237 1170 1241 1170 1242 
1242 1170 1174 1239 1240 1243 1172 1239 1243 
1172 1243 1175 1175 1243 1244 1245 1244 1246 
1245 1176 1244 1176 1175 1244 1176 1245 1178 
1174 1180 1242 1242 1180 1247 1245 1246 1248 
1178 1245 1248 1178 1248 1181 1181 1248 1249 
1182 1181 1250 1181 1249 1250 1183 1182 1251 
1182 1250 1251 1185 1252 1253 1185 1183 1252 
1183 1251 1252 1252 1254 1253 1255 1256 1257 
1255 1257 1247 1255 1247 1186 1186 1247 1180 
1185 1253 1187 1253 1254 1258 1253 1258 1187 
1187 1258 1188 1189 1188 1259 1188 1258 1259 
1191 1260 1261 1191 1189 1260 1189 1259 1260 
1260 1262 1261 1263 1264 1265 1256 1263 1265 
1255 1263 1256 1255 1192 1263 1255 1193 1192 
1186 1193 1255 1191 1261 1194 1261 1262 1266 
1261 1266 1194 1194 1266 1195 1196 1195 1267 
1195 1266 1267 1197 1196 1268 1196 1267 1268 
1198 1197 1269 1197 1268 1269 1199 1198 1270 
1198 1269 1270 1200 1199 1271 1199 1270 1271 
1201 1200 1272 1200 1271 1272 1202 1201 1273 
1201 1272 1273 1264 1263 1203 1264 1203 1273 
1273 1203 1202 1192 1203 1263 1205 1274 1275 
1206 1205 1275 1207 1276 1205 1205 1276 1274 
1208 1277 1207 1207 1277 1276 1209 1278 1208 
1208 1278 1277 1210 1279 1209 1209 1279 1278 
1211 1280 1210 1210 1280 1279 1212 1281 1211 
1211 1281 1280 1213 1282 1212 1212 1282 1281 
1214 1283 1213 1213 1283 1282 1215 1284 1285 
1215 1285 1214 1214 1285 1283 1284 1286 1287 
1285 1284 1287 1287 1286 1288 1217 1289 1290 
1218 1217 1290 1275 1217 1206 1289 1217 1275 
1215 1219 1284 1220 1284 1219 1286 1284 1220 
1286 1291 1288 1286 1220 1291 1220 1221 1291 
1292 1293 1291 1292 1291 1222 1222 1291 1221 
1222 1223 1294 1292 1222 1294 1223 1224 1295 
1294 1223 1295 1224 1225 1296 1295 1224 1296 
1225 1226 1297 1296 1225 1297 1226 1227 1297 
1228 1298 1299 1229 1228 1299 1290 1228 1218 
1298 1228 1290 1292 1300 1293 1294 1300 1292 
1301 1300 1294 1295 1301 1294 1302 1301 1295 
1296 1302 1295 1303 1302 1296 1297 1303 1296 
1304 1303 1297 1305 1306 1304 1230 1305 1304 
1230 1304 1297 1230 1297 1227 1230 1231 1305 
1229 1299 1232 1299 1307 1232 1308 1306 1305 
1309 1306 1308 1231 1234 1308 1305 1231 1308 
1232 1307 1310 1235 1232 1310 1310 1236 1235 
1311 1236 1310 1308 1312 1309 1312 1308 1234 
1312 1234 1313 1313 1234 1238 1236 1311 1240 
1311 1314 1240 1315 1238 1241 1315 1316 1238 
1316 1313 1238 1241 1242 1315 1240 1314 1317 
1243 1240 1317 1318 1317 1319 1318 1244 1317 
1244 1243 1317 1244 1318 1246 1320 1316 1315 
1321 1316 1320 1242 1247 1320 1315 1242 1320 
1318 1319 1322 1246 1318 1322 1246 1322 1248 
1248 1322 1323 1249 1248 1324 1248 1323 1324 
1250 1249 1325 1249 1324 1325 1251 1250 1326 
1250 1325 1326 1252 1251 1327 1251 1326 1327 
1327 1254 1252 1328 1254 1327 1329 1330 1331 
1321 1329 1331 1320 1329 1321 1320 1256 1329 
1320 1257 1256 1247 1257 1320 1254 1328 1332 
1258 1254 1332 1259 1258 1333 1258 1332 1333 
1260 1259 1334 1259 1333 1334 1262 1335 1336 
1262 1260 1335 1260 1334 1335 1336 1337 1338 
1335 1337 1336 1338 1339 1340 1337 1339 1338 
1339 1341 1340 1342 1343 1344 1330 1342 1344 
1329 1342 1330 1329 1264 1342 1329 1265 1264 
1256 1265 1329 1262 1336 1266 1267 1266 1336 
1338 1267 1336 1268 1267 1338 1340 1268 1338 
1340 1341 1345 1340 1345 1268 1268 1345 1269 
1270 1269 1346 1269 1345 1346 1271 1270 1347 
1270 1346 1347 1272 1271 1348 1271 1347 1348 
1343 1342 1273 1343 1273 1348 1348 1273 1272 
1264 1273 1342 1274 1349 1350 1275 1274 1350 
1276 1351 1274 1274 1351 1349 1277 1352 1276 
1276 1352 1351 1278 1353 1277 1277 1353 1352 
1279 1354 1278 1278 1354 1353 1280 1355 1279 
1279 1355 1354 1281 1356 1280 1280 1356 1355 
1282 1357 1281 1281 1357 1356 1283 1358 1282 
1282 1358 1357 1285 1359 1283 1283 1359 1358 
1360 1361 1359 1360 1359 1287 1287 1359 1285 
1287 1288 1360 1289 1362 1363 1290 1289 1363 
1350 1289 1275 1362 1289 1350 1360 1364 1361 
1365 1366 1364 1291 1365 1364 1291 1364 1360 
1291 1360 1288 1291 1293 1365 1298 1367 1368 
1299 1298 1368 1363 1298 1290 1367 1298 1363 
1365 1369 1366 1370 1371 1369 1300 1370 1369 
1300 1369 1365 1300 1365 1293 1300 1301 1372 
1370 1300 1372 1301 1302 1373 1372 1301 1373 
1302 1303 1374 1373 1302 1374 1303 1304 1375 
1374 1303 1375 1304 1306 1375 1299 1368 1307 
1368 1376 1307 1370 1377 1371 1372 1377 1370 
1378 1377 1372 1373 1378 1372 1379 1378 1373 
1374 1379 1373 1380 1379 1374 1375 1380 1374 
1381 1380 1375 1381 1375 1306 1381 1306 1382 
1382 1306 1309 1383 1310 1307 1383 1307 1384 
1384 1307 1376 1310 1383 1311 1385 1309 1312 
1385 1386 1309 1386 1382 1309 1312 1313 1385 
1383 1384 1387 1387 1311 1383 1387 1388 1311 
1388 1314 1311 1389 1386 1385 1390 1386 1389 
1313 1316 1389 1385 1313 1389 1314 1388 1391 
1317 1314 1391 1391 1319 1317 1392 1319 1391 
1393 1394 1395 1390 1393 1395 1390 1389 1393 
1389 1396 1393 1316 1321 1396 1389 1316 1396 
1319 1392 1397 1322 1319 1397 1323 1322 1398 
1322 1397 1398 1324 1323 1399 1323 1398 1399 
1325 1324 1400 1324 1399 1400 1326 1325 1401 
1325 1400 1401 1327 1326 1402 1326 1401 1402 
1328 1403 1404 1328 1327 1403 1327 1402 1403 
1404 1405 1406 1403 1405 1404 1405 1407 1406 
1408 1394 1393 1409 1394 1408 1331 1330 1408 
1331 1408 1396 1396 1408 1393 1321 1331 1396 
1328 1404 1332 1333 1332 1404 1406 1333 1404 
1406 1407 1410 1406 1410 1333 1333 1410 1334 
1335 1334 1411 1334 1410 1411 1337 1335 1412 
1335 1411 1412 1339 1337 1413 1337 1412 1413 
1341 1414 1415 1341 1339 1414 1339 1413 1414 
1414 1416 1415 1417 1418 1419 1417 1420 1421 
1419 1420 1417 1409 1421 1420 1408 1421 1409 
1408 1343 1421 1408 1344 1343 1330 1344 1408 
1341 1415 1345 1415 1416 1422 1415 1422 1345 
1345 1422 1346 1418 1417 1347 1418 1347 1422 
1422 1347 1346 1348 1347 1417 1421 1348 1417 
1343 1348 1421 1349 1423 1424 1350 1349 1424 
1351 1425 1349 1349 1425 1423 1352 1426 1351 
1351 1426 1425 1353 1427 1352 1352 1427 1426 
1354 1428 1353 1353 1428 1427 1355 1429 1354 
1354 1429 1428 1356 1430 1355 1355 1430 1429 
1357 1431 1356 1356 1431 1430 1358 1432 1357 
1357 1432 1431 1433 1434 1432 1433 1432 1359 
1359 1432 1358 1359 1361 1433 1362 1435 1436 
1363 1362 1436 1424 1362 1350 1435 1362 1424 
1433 1437 1434 1438 1439 1437 1364 1438 1437 
1364 1437 1433 1364 1433 1361 1364 1366 1438 
1367 1440 1441 1368 1367 1441 1436 1367 1363 
1440 1367 1436 1438 1442 1439 1366 1442 1438 
1366 1369 1442 1369 1443 1442 1443 1369 1371 
1444 1443 1371 1368 1441 1376 1441 1445 1376 
1371 1446 1444 1377 1446 1371 1447 1448 1446 
1447 1446 1378 1378 1446 1377 1378 1379 1449 
1447 1378 1449 1379 1380 1450 1449 1379 1450 
1380 1381 1451 1450 1380 1451 1381 1382 1451 
1376 1445 1384 1445 1452 1384 1453 1448 1447 
1454 1448 1453 1449 1455 1447 1455 1453 1447 
1450 1456 1449 1456 1455 1449 1451 1457 1450 
1457 1456 1450 1382 1386 1457 1451 1382 1457 
1384 1452 1458 1387 1384 1458 1458 1388 1387 
1459 1388 1458 1453 1460 1454 1455 1460 1453 
1461 1460 1455 1461 1462 1463 1461 1455 1462 
1455 1456 1462 1457 1464 1456 1464 1462 1456 
1386 1390 1464 1457 1386 1464 1388 1459 1465 
1391 1388 1465 1392 1466 1467 1392 1391 1466 
1391 1465 1466 1466 1468 1467 1469 1463 1462 
1470 1463 1469 1395 1394 1469 1395 1469 1464 
1464 1469 1462 1390 1395 1464 1392 1467 1397 
1467 1468 1471 1467 1471 1397 1397 1471 1398 
1399 1398 1472 1398 1471 1472 1400 1399 1473 
1399 1472 1473 1401 1400 1474 1400 1473 1474 
1402 1401 1475 1401 1474 1475 1403 1402 1476 
1402 1475 1476 1405 1403 1477 1403 1476 1477 
1407 1478 1479 1407 1405 1478 1405 1477 1478 
1479 1480 1481 1478 1480 1479 1480 1482 1481 
1483 1470 1469 1484 1470 1483 1394 1409 1483 
1469 1394 1483 1407 1479 1410 1411 1410 1479 
1481 1411 1479 1481 1482 1485 1481 1485 1411 
1411 1485 1412 1413 1412 1486 1412 1485 1486 
1414 1413 1487 1413 1486 1487 1416 1488 1489 
1416 1414 1488 1414 1487 1488 1489 1419 1418 
1489 1488 1419 1488 1490 1419 1484 1483 1420 
1484 1420 1490 1490 1420 1419 1409 1420 1483 
1416 1489 1422 1418 1422 1489 1423 1491 1492 
1424 1423 1492 1425 1493 1423 1423 1493 1491 
1426 1494 1425 1425 1494 1493 1427 1495 1426 
1426 1495 1494 1428 1496 1427 1427 1496 1495 
1429 1497 1428 1428 1497 1496 1430 1498 1429 
1429 1498 1497 1431 1499 1430 1430 1499 1498 
1432 1500 1431 1431 1500 1499 1500 1432 1434 
1501 1500 1434 1435 1502 1503 1436 1435 1503 
1492 1435 1424 1502 1435 1492 1434 1504 1501 
1437 1504 1434 1504 1437 1439 1505 1504 1439 
1440 1506 1507 1441 1440 1507 1503 1440 1436 
1506 1440 1503 1439 1508 1505 1442 1508 1439 
1443 1509 1442 1442 1509 1508 1509 1443 1444 
1510 1509 1444 1441 1507 1445 1507 1511 1445 
1512 1444 1446 1512 1513 1444 1513 1510 1444 
1446 1448 1512 1445 1511 1452 1511 1514 1452 
1515 1513 1512 1516 1513 1515 1448 1454 1515 
1512 1448 1515 1452 1514 1517 1458 1452 1517 
1517 1459 1458 1518 1459 1517 1515 1519 1516 
1520 1521 1519 1460 1520 1519 1460 1519 1515 
1460 1515 1454 1460 1461 1522 1520 1460 1522 
1461 1463 1522 1459 1518 1523 1465 1459 1523 
1466 1465 1524 1465 1523 1524 1468 1525 1526 
1468 1466 1525 1466 1524 1525 1526 1527 1528 
1525 1527 1526 1527 1529 1528 1520 1530 1521 
1522 1530 1520 1531 1530 1522 1531 1522 1463 
1531 1463 1532 1532 1463 1470 1468 1526 1471 
1472 1471 1526 1528 1472 1526 1528 1529 1533 
1528 1533 1472 1472 1533 1473 1474 1473 1534 
1473 1533 1534 1475 1474 1535 1474 1534 1535 
1476 1475 1536 1475 1535 1536 1477 1476 1537 
1476 1536 1537 1478 1477 1538 1477 1537 1538 
1480 1478 1539 1478 1538 1539 1482 1540 1541 
1482 1480 1540 1480 1539 1540 1541 1542 1543 
1540 1542 1541 1543 1544 1545 1542 1544 1543 
1544 1546 1545 1547 1548 1549 1547 1549 1532 
1547 1532 1484 1484 1532 1470 1482 1541 1485 
1486 1485 1541 1543 1486 1541 1487 1486 1543 
1545 1487 1543 1545 1546 1550 1545 1550 1487 
1487 1550 1488 1548 1547 1490 1548 1490 1550 
1550 1490 1488 1484 1490 1547 1551 1552 1553 
1552 1551 1554 1491 1555 1556 1492 1491 1556 
1493 1557 1491 1491 1557 1555 1494 1558 1493 
1493 1558 1557 1553 1495 1551 1553 1558 1495 
1558 1494 1495 1551 1559 1554 1551 1495 1559 
1495 1496 1559 1497 1560 1496 1496 1560 1559 
1498 1561 1497 1497 1561 1560 1499 1562 1498 
1498 1562 1561 1500 1563 1499 1499 1563 1562 
1563 1500 1501 1564 1563 1501 1502 1565 1566 
1503 1502 1566 1556 1502 1492 1565 1502 1556 
1501 1567 1564 1504 1567 1501 1567 1504 1505 
1568 1567 1505 1506 1569 1570 1507 1506 1570 
1566 1506 1503 1569 1506 1566 1505 1571 1568 
1508 1571 1505 1572 1573 1571 1572 1571 1509 
1509 1571 1508 1509 1510 1572 1574 1575 1576 
1574 1570 1575 1574 1511 1570 1511 1507 1570 
1577 1573 1572 1578 1573 1577 1510 1513 1577 
1572 1510 1577 1574 1576 1579 1579 1511 1574 
1579 1580 1511 1580 1514 1511 1577 1581 1578 
1581 1577 1513 1581 1513 1582 1582 1513 1516 
1514 1580 1583 1517 1514 1583 1583 1518 1517 
1584 1518 1583 1516 1585 1582 1519 1585 1516 
1521 1586 1587 1521 1587 1519 1519 1587 1585 
1587 1586 1588 1518 1584 1589 1523 1518 1589 
1524 1523 1590 1523 1589 1590 1525 1524 1591 
1524 1590 1591 1527 1525 1592 1525 1591 1592 
1529 1593 1594 1529 1527 1593 1527 1592 1593 
1594 1595 1596 1593 1595 1594 1595 1597 1596 
1521 1530 1586 1586 1598 1588 1586 1530 1598 
1530 1531 1598 1598 1531 1532 1599 1598 1532 
1529 1594 1533 1534 1533 1594 1596 1534 1594 
1596 1597 1600 1596 1600 1534 1534 1600 1535 
1536 1535 1601 1535 1600 1601 1537 1536 1602 
1536 1601 1602 1538 1537 1603 1537 1602 1603 
1539 1538 1604 1538 1603 1604 1540 1539 1605 
1539 1604 1605 1542 1540 1606 1540 1605 1606 
1544 1542 1607 1542 1606 1607 1546 1608 1609 
1546 1544 1608 1544 1607 1608 1609 1549 1548 
1609 1608 1549 1608 1610 1549 1599 1532 1549 
1610 1599 1549 1546 1609 1550 1548 1550 1609 
1611 1612 1613 1611 1553 1552 1611 1552 1612 
1612 1552 1614 1614 1552 1554 1615 1614 1554 
1555 1616 1617 1556 1555 1617 1557 1618 1555 
1555 1618 1616 1613 1558 1611 1613 1618 1558 
1618 1557 1558 1553 1611 1558 1554 1619 1615 
1559 1619 1554 1560 1620 1559 1559 1620 1619 
1561 1621 1560 1560 1621 1620 1562 1622 1561 
1561 1622 1621 1623 1624 1622 1623 1622 1563 
1563 1622 1562 1563 1564 1623 1565 1625 1626 
1566 1565 1626 1617 1565 1556 1625 1565 1617 
1623 1627 1624 1628 1629 1627 1567 1628 1627 
1567 1627 1623 1567 1623 1564 1567 1568 1628 
1569 1630 1631 1570 1569 1631 1626 1569 1566 
1630 1569 1626 1628 1632 1629 1568 1632 1628 
1568 1571 1632 1571 1633 1632 1633 1571 1573 
1634 1633 1573 1575 1635 1636 1576 1575 1636 
1631 1575 1570 1635 1575 1631 1573 1578 1634 
1634 1578 1637 1638 1579 1576 1638 1576 1639 
1639 1576 1636 1579 1638 1580 1578 1640 1637 
1581 1640 1578 1640 1581 1582 1641 1640 1582 
1638 1639 1642 1580 1638 1642 1580 1642 1583 
1583 1642 1643 1643 1584 1583 1644 1584 1643 
1582 1645 1641 1585 1645 1582 1587 1646 1585 
1585 1646 1645 1588 1647 1648 1588 1648 1587 
1587 1648 1646 1648 1647 1649 1584 1644 1650 
1589 1584 1650 1590 1589 1651 1589 1650 1651 
1591 1590 1652 1590 1651 1652 1592 1591 1653 
1591 1652 1653 1593 1592 1654 1592 1653 1654 
1595 1593 1655 1593 1654 1655 1597 1656 1657 
1597 1595 1656 1595 1655 1656 1656 1658 1657 
1659 1660 1661 1661 1662 1659 1588 1598 1647 
1647 1598 1599 1647 1599 1649 1649 1599 1663 
1597 1657 1600 1657 1658 1664 1657 1664 1600 
1600 1664 1601 1602 1601 1665 1601 1664 1665 
1603 1602 1666 1602 1665 1666 1604 1603 1667 
1603 1666 1667 1605 1604 1668 1604 1667 1668 
1606 1605 1669 1605 1668 1669 1660 1659 1607 
1660 1607 1669 1669 1607 1606 1659 1662 1670 
1659 1670 1607 1607 1670 1608 1610 1608 1671 
1608 1670 1671 1663 1599 1610 1671 1663 1610 
1612 1672 1673 1613 1612 1673 1614 1674 1612 
1612 1674 1672 1674 1614 1615 1675 1674 1615 
1616 1676 1677 1617 1616 1677 1618 1678 1616 
1616 1678 1676 1673 1618 1613 1678 1618 1673 
1615 1679 1675 1619 1679 1615 1620 1680 1619 
1619 1680 1679 1621 1681 1620 1620 1681 1680 
1622 1682 1621 1621 1682 1681 1682 1622 1624 
1683 1682 1624 1625 1684 1685 1626 1625 1685 
1677 1625 1617 1684 1625 1677 1624 1686 1683 
1627 1686 1624 1686 1627 1629 1687 1686 1629 
1630 1688 1689 1631 1630 1689 1685 1630 1626 
1688 1630 1685 1629 1690 1687 1632 1690 1629 
1633 1691 1632 1632 1691 1690 1634 1692 1693 
1634 1693 1633 1633 1693 1691 1693 1692 1694 
1635 1695 1696 1636 1635 1696 1689 1635 1631 
1695 1635 1689 1692 1637 1697 1634 1637 1692 
1698 1694 1692 1697 1698 1692 1636 1696 1639 
1696 1699 1639 1637 1640 1697 1641 1700 1701 
1640 1641 1701 1640 1701 1698 1640 1698 1697 
1700 1702 1703 1701 1700 1703 1703 1702 1704 
1639 1699 1705 1642 1639 1705 1643 1642 1706 
1642 1705 1706 1706 1644 1643 1707 1644 1706 
1641 1645 1700 1646 1700 1645 1702 1700 1646 
1702 1708 1704 1702 1646 1708 1646 1648 1708 
1708 1648 1649 1709 1708 1649 1644 1707 1710 
1650 1644 1710 1651 1650 1711 1650 1710 1711 
1652 1651 1712 1651 1711 1712 1653 1652 1713 
1652 1712 1713 1654 1653 1714 1653 1713 1714 
1655 1654 1715 1654 1714 1715 1716 1715 1717 
1716 1656 1715 1656 1655 1715 1656 1716 1658 
1718 1719 1720 1718 1721 1722 1720 1721 1718 
1722 1723 1724 1721 1723 1722 1724 1725 1726 
1723 1725 1724 1726 1661 1660 1726 1725 1661 
1725 1727 1661 1662 1728 1729 1662 1661 1728 
1661 1727 1728 1729 1730 1731 1728 1730 1729 
1731 1730 1709 1731 1709 1663 1663 1709 1649 
1716 1717 1732 1658 1716 1732 1658 1732 1664 
1664 1732 1733 1665 1664 1734 1664 1733 1734 
1719 1718 1666 1719 1666 1734 1734 1666 1665 
1667 1666 1718 1722 1667 1718 1668 1667 1722 
1724 1668 1722 1669 1668 1724 1726 1669 1724 
1660 1669 1726 1662 1729 1670 1671 1670 1729 
1731 1671 1729 1663 1671 1731 1672 1735 1736 
1673 1672 1736 1674 1737 1672 1672 1737 1735 
1737 1674 1675 1738 1737 1675 1676 1739 1740 
1677 1676 1740 1678 1741 1676 1676 1741 1739 
1736 1678 1673 1741 1678 1736 1675 1742 1738 
1679 1742 1675 1680 1743 1679 1679 1743 1742 
1681 1744 1680 1680 1744 1743 1682 1745 1681 
1681 1745 1744 1745 1682 1683 1746 1745 1683 
1684 1747 1748 1685 1684 1748 1740 1684 1677 
1747 1684 1740 1683 1749 1746 1686 1749 1683 
1749 1686 1687 1750 1749 1687 1688 1751 1752 
1689 1688 1752 1748 1688 1685 1751 1688 1748 
1687 1753 1750 1690 1753 1687 1691 1754 1690 
1690 1754 1753 1693 1755 1691 1691 1755 1754 
1755 1693 1694 1756 1755 1694 1695 1757 1758 
1696 1695 1758 1752 1695 1689 1757 1695 1752 
1759 1698 1760 1759 1756 1698 1756 1694 1698 
1759 1760 1761 1696 1758 1699 1758 1762 1699 
1698 1701 1760 1760 1763 1761 1760 1701 1763 
1701 1703 1763 1704 1764 1765 1704 1765 1703 
1703 1765 1763 1765 1764 1766 1699 1762 1767 
1705 1699 1767 1706 1705 1768 1705 1767 1768 
1768 1707 1706 1769 1707 1768 1704 1708 1764 
1709 1770 1771 1708 1709 1771 1708 1771 1766 
1708 1766 1764 1771 1770 1772 1707 1769 1773 
1710 1707 1773 1711 1710 1774 1710 1773 1774 
1712 1711 1775 1711 1774 1775 1713 1712 1776 
1712 1775 1776 1714 1713 1777 1713 1776 1777 
1715 1714 1778 1714 1777 1778 1717 1779 1780 
1717 1715 1779 1715 1778 1779 1780 1781 1782 
1779 1781 1780 1782 1783 1784 1781 1783 1782 
1784 1720 1719 1784 1783 1720 1783 1785 1720 
1721 1720 1786 1720 1785 1786 1723 1721 1787 
1721 1786 1787 1725 1723 1788 1723 1787 1788 
1727 1725 1789 1725 1788 1789 1728 1727 1790 
1727 1789 1790 1730 1728 1791 1728 1790 1791 
1770 1709 1730 1770 1730 1792 1792 1730 1791 
1772 1770 1792 1717 1780 1732 1733 1732 1780 
1782 1733 1780 1734 1733 1782 1784 1734 1782 
1719 1734 1784 1735 1793 1794 1736 1735 1794 
1737 1795 1735 1735 1795 1793 1795 1737 1738 
1796 1795 1738 1739 1797 1798 1740 1739 1798 
1741 1799 1739 1739 1799 1797 1794 1741 1736 
1799 1741 1794 1738 1800 1796 1742 1800 1738 
1743 1801 1742 1742 1801 1800 1744 1802 1743 
1743 1802 1801 1803 1804 1802 1803 1802 1745 
1745 1802 1744 1745 1746 1803 1747 1805 1806 
1748 1747 1806 1798 1747 1740 1805 1747 1798 
1803 1807 1804 1746 1807 1803 1746 1749 1807 
1749 1808 1807 1750 1809 1810 1750 1810 1749 
1749 1810 1808 1810 1809 1811 1751 1812 1813 
1752 1751 1813 1806 1751 1748 1812 1751 1806 
1750 1753 1809 1809 1814 1811 1809 1753 1814 
1753 1754 1814 1755 1815 1754 1754 1815 1814 
1815 1755 1756 1816 1815 1756 1757 1817 1758 
1757 1818 1817 1757 1752 1818 1752 1813 1818 
1756 1819 1816 1759 1819 1756 1819 1759 1761 
1820 1819 1761 1817 1821 1762 1758 1817 1762 
1822 1817 1818 1821 1817 1822 1761 1823 1820 
1763 1823 1761 1765 1824 1763 1763 1824 1823 
1766 1825 1826 1766 1826 1765 1765 1826 1824 
1826 1825 1827 1762 1821 1767 1821 1822 1828 
1821 1828 1767 1767 1828 1768 1828 1769 1768 
1829 1769 1828 1830 1831 1832 1830 1833 1834 
1832 1833 1830 1766 1771 1825 1834 1833 1835 
1772 1836 1837 1771 1772 1837 1771 1837 1827 
1771 1827 1825 1837 1836 1838 1769 1829 1839 
1773 1769 1839 1774 1773 1840 1773 1839 1840 
1775 1774 1841 1774 1840 1841 1776 1775 1842 
1775 1841 1842 1777 1776 1843 1776 1842 1843 
1778 1777 1844 1777 1843 1844 1779 1778 1845 
1778 1844 1845 1781 1779 1846 1779 1845 1846 
1783 1781 1847 1781 1846 1847 1785 1783 1848 
1783 1847 1848 1786 1785 1849 1785 1848 1849 
1787 1786 1850 1786 1849 1850 1788 1787 1851 
1787 1850 1851 1789 1788 1852 1788 1851 1852 
1831 1830 1790 1831 1790 1852 1852 1790 1789 
1791 1790 1830 1834 1791 1830 1834 1835 1853 
1834 1853 1791 1791 1853 1792 1836 1772 1792 
1836 1792 1854 1854 1792 1853 1838 1836 1854 
1793 1855 1794 1856 1855 1793 1856 1793 1857 
1857 1793 1795 1857 1795 1796 1858 1857 1796 
1797 1859 1798 1860 1859 1797 1860 1797 1861 
1861 1797 1799 1855 1799 1794 1855 1862 1799 
1862 1861 1799 1856 1862 1855 1796 1863 1858 
1800 1863 1796 1801 1864 1800 1800 1864 1863 
1802 1865 1801 1801 1865 1864 1865 1802 1804 
1866 1865 1804 1805 1867 1806 1805 1868 1867 
1798 1868 1805 1798 1869 1868 1798 1859 1869 
1860 1869 1859 1804 1870 1866 1807 1870 1804 
1808 1871 1807 1807 1871 1870 1810 1872 1808 
1808 1872 1871 1872 1810 1811 1873 1872 1811 
1812 1874 1813 1812 1875 1874 1806 1875 1812 
1806 1876 1875 1806 1867 1876 1868 1876 1867 
1811 1877 1873 1814 1877 1811 1815 1878 1814 
1814 1878 1877 1816 1879 1880 1816 1880 1815 
1815 1880 1878 1880 1879 1881 1874 1882 1883 
1874 1883 1813 1813 1883 1818 1875 1882 1874 
1816 1819 1879 1820 1884 1885 1819 1820 1885 
1819 1885 1881 1819 1881 1879 1884 1886 1887 
1885 1884 1887 1887 1886 1888 1818 1883 1822 
1883 1889 1822 1820 1823 1884 1824 1884 1823 
1886 1884 1824 1886 1890 1888 1886 1824 1890 
1824 1826 1890 1827 1891 1892 1827 1892 1826 
1826 1892 1890 1892 1891 1893 1822 1889 1894 
1828 1822 1894 1894 1829 1828 1895 1829 1894 
1896 1897 1898 1896 1832 1831 1896 1898 1832 
1898 1899 1832 1833 1832 1900 1832 1899 1900 
1835 1901 1902 1835 1833 1901 1833 1900 1901 
1903 1827 1901 1903 1891 1827 1901 1827 1902 
1837 1904 1827 1902 1827 1904 1891 1903 1893 
1837 1838 1904 1829 1895 1905 1839 1829 1905 
1840 1839 1906 1839 1905 1906 1841 1840 1907 
1840 1906 1907 1842 1841 1908 1841 1907 1908 
1843 1842 1909 1842 1908 1909 1844 1843 1910 
1843 1909 1910 1845 1844 1911 1844 1910 1911 
1846 1845 1912 1845 1911 1912 1847 1846 1913 
1846 1912 1913 1848 1847 1914 1847 1913 1914 
1849 1848 1915 1848 1914 1915 1850 1849 1916 
1849 1915 1916 1851 1850 1917 1850 1916 1917 
1897 1896 1852 1897 1852 1917 1917 1852 1851 
1831 1852 1896 1835 1902 1853 1854 1853 1902 
1904 1854 1902 1838 1854 1904 1857 1918 1919 
1856 1857 1919 1918 1857 1858 1920 1918 1858 
1861 1921 1922 1860 1861 1922 1862 1923 1861 
1861 1923 1921 1919 1862 1856 1923 1862 1919 
1858 1924 1920 1863 1924 1858 1864 1925 1863 
1863 1925 1924 1865 1926 1864 1864 1926 1925 
1926 1865 1866 1927 1926 1866 1869 1928 1929 
1868 1869 1929 1922 1869 1860 1928 1869 1922 
1866 1930 1927 1870 1930 1866 1871 1931 1870 
1870 1931 1930 1872 1932 1871 1871 1932 1931 
1873 1933 1934 1873 1934 1872 1872 1934 1932 
1934 1933 1935 1876 1936 1937 1875 1876 1937 
1929 1876 1868 1936 1876 1929 1873 1877 1933 
1933 1938 1935 1933 1877 1938 1877 1878 1938 
1880 1939 1878 1878 1939 1938 1881 1940 1941 
1881 1941 1880 1880 1941 1939 1941 1940 1942 
1882 1943 1944 1883 1882 1944 1937 1882 1875 
1943 1882 1937 1881 1885 1940 1940 1945 1942 
1940 1885 1945 1885 1887 1945 1888 1946 1947 
1888 1947 1887 1887 1947 1945 1946 1948 1949 
1947 1946 1949 1949 1948 1950 1883 1944 1889 
1944 1951 1889 1888 1890 1946 1892 1946 1890 
1948 1946 1892 1893 1952 1953 1892 1893 1953 
1892 1953 1950 1892 1950 1948 1953 1952 1954 
1889 1951 1955 1894 1889 1955 1895 1956 1957 
1895 1894 1956 1894 1955 1956 1956 1958 1957 
1959 1960 1961 1959 1898 1897 1959 1961 1898 
1961 1962 1898 1899 1898 1963 1898 1962 1963 
1900 1899 1964 1899 1963 1964 1901 1900 1965 
1900 1964 1965 1903 1901 1966 1901 1965 1966 
1952 1893 1903 1952 1903 1967 1967 1903 1966 
1954 1952 1967 1895 1957 1905 1957 1958 1968 
1957 1968 1905 1905 1968 1906 1907 1906 1969 
1906 1968 1969 1908 1907 1970 1907 1969 1970 
1909 1908 1971 1908 1970 1971 1910 1909 1972 
1909 1971 1972 1911 1910 1973 1910 1972 1973 
1912 1911 1974 1911 1973 1974 1913 1912 1975 
1912 1974 1975 1914 1913 1976 1913 1975 1976 
1915 1914 1977 1914 1976 1977 1916 1915 1978 
1915 1977 1978 1960 1959 1917 1960 1917 1978 
1978 1917 1916 1897 1917 1959 1918 1979 1919 
1918 1920 1979 1921 1980 1922 1921 1923 1981 
1980 1921 1981 1923 1982 1981 1919 1982 1923 
1919 1983 1982 1919 1979 1983 1920 1983 1979 
1920 1924 1983 1924 1984 1983 1925 1985 1924 
1924 1985 1984 1926 1986 1925 1925 1986 1985 
1986 1926 1927 1987 1986 1927 1928 1988 1989 
1929 1928 1989 1980 1928 1922 1980 1990 1928 
1990 1988 1928 1981 1990 1980 1991 1990 1981 
1982 1991 1981 1927 1992 1987 1930 1992 1927 
1931 1993 1930 1930 1993 1992 1932 1994 1931 
1931 1994 1993 1934 1995 1932 1932 1995 1994 
1935 1996 1997 1935 1997 1934 1934 1997 1995 
1997 1996 1998 1936 1999 2000 1937 1936 2000 
1989 1936 1929 1999 1936 1989 1935 1938 1996 
1996 2001 1998 1996 1938 2001 1938 1939 2001 
1941 2002 1939 1939 2002 2001 1942 2003 2004 
1942 2004 1941 1941 2004 2002 2004 2003 2005 
1943 2006 2007 1944 1943 2007 2000 1943 1937 
2006 1943 2000 1942 1945 2003 2003 2008 2005 
2003 1945 2008 1945 1947 2008 1949 2009 1947 
1947 2009 2008 1950 2010 2011 1950 2011 1949 
1949 2011 2009 2011 2010 2012 1944 2007 1951 
2007 2013 1951 2014 2015 2016 2014 2017 2018 
2016 2017 2014 2017 2019 2018 1950 1953 2010 
1954 2020 2021 1953 1954 2021 1953 2021 2012 
1953 2012 2010 2021 2020 2022 1951 2013 2023 
1955 1951 2023 1956 1955 2024 1955 2023 2024 
1958 2025 2026 1958 1956 2025 1956 2024 2025 
2025 2027 2026 2028 2029 2030 2028 1961 1960 
2028 2030 1961 2030 2031 1961 1962 1961 2032 
1961 2031 2032 1963 1962 2033 1962 2032 2033 
2015 2014 1964 2015 1964 2033 2033 1964 1963 
1965 1964 2014 2018 1965 2014 2018 2019 2034 
2018 2034 1965 1965 2034 1966 1967 1966 2035 
1966 2034 2035 2020 1954 1967 2020 1967 2036 
2036 1967 2035 2022 2020 2036 1958 2026 1968 
2026 2027 2037 2026 2037 1968 1968 2037 1969 
1970 1969 2038 1969 2037 2038 1971 1970 2039 
1970 2038 2039 1972 1971 2040 1971 2039 2040 
1973 1972 2041 1972 2040 2041 1974 1973 2042 
1973 2041 2042 1975 1974 2043 1974 2042 2043 
1976 1975 2044 1975 2043 2044 1977 1976 2045 
1976 2044 2045 2029 2028 1978 2029 1978 2045 
2045 1978 1977 1960 1978 2028 1983 2046 2047 
1982 1983 2047 1984 2048 1983 1983 2048 2046 
1985 2049 1984 1984 2049 2048 1986 2050 1985 
1985 2050 2049 2050 1986 1987 2051 2050 1987 
1988 2052 1989 1988 1990 2053 2052 1988 2053 
2054 2053 1990 2054 1990 2055 2055 1990 1991 
2047 1991 1982 2055 1991 2047 1987 2056 2051 
1992 2056 1987 1993 2057 1992 1992 2057 2056 
1994 2058 1993 1993 2058 2057 1995 2059 1994 
1994 2059 2058 1997 2060 1995 1995 2060 2059 
1998 2061 2062 1998 2062 1997 1997 2062 2060 
2061 2063 2064 2062 2061 2064 2063 2065 2066 
2064 2063 2066 2066 2065 2067 1999 2068 2000 
1999 2069 2068 1989 2069 1999 1989 2070 2069 
1989 2052 2070 2053 2070 2052 2071 2070 2053 
2054 2071 2053 1998 2001 2061 2002 2061 2001 
2063 2061 2002 2004 2063 2002 2065 2063 2004 
2005 2072 2073 2004 2005 2073 2004 2073 2067 
2004 2067 2065 2072 2074 2075 2073 2072 2075 
2075 2074 2076 2006 2077 2007 2006 2078 2077 
2000 2078 2006 2000 2079 2078 2000 2068 2079 
2069 2079 2068 2005 2008 2072 2009 2072 2008 
2074 2072 2009 2074 2080 2076 2074 2009 2080 
2009 2011 2080 2012 2081 2082 2012 2082 2011 
2011 2082 2080 2082 2081 2083 2077 2084 2013 
2007 2077 2013 2085 2077 2078 2084 2077 2085 
2086 2087 2088 2086 2089 2090 2088 2089 2086 
2090 2016 2015 2090 2089 2016 2089 2091 2016 
2017 2016 2092 2016 2091 2092 2019 2093 2094 
2019 2017 2093 2017 2092 2093 2093 2095 2094 
2012 2021 2081 2081 2021 2022 2081 2022 2083 
2083 2022 2096 2013 2084 2023 2084 2085 2097 
2084 2097 2023 2023 2097 2024 2025 2024 2098 
2024 2097 2098 2027 2099 2100 2027 2025 2099 
2025 2098 2099 2100 2101 2102 2099 2101 2100 
2101 2103 2102 2104 2105 2106 2104 2030 2029 
2104 2106 2030 2106 2107 2030 2031 2030 2108 
2030 2107 2108 2087 2086 2032 2087 2032 2108 
2108 2032 2031 2033 2032 2086 2090 2033 2086 
2015 2033 2090 2019 2094 2034 2094 2095 2109 
2094 2109 2034 2034 2109 2035 2036 2035 2110 
2035 2109 2110 2096 2022 2036 2110 2096 2036 
2027 2100 2037 2038 2037 2100 2102 2038 2100 
2102 2103 2111 2102 2111 2038 2038 2111 2039 
2040 2039 2112 2039 2111 2112 2041 2040 2113 
2040 2112 2113 2042 2041 2114 2041 2113 2114 
2043 2042 2115 2042 2114 2115 2044 2043 2116 
2043 2115 2116 2105 2104 2045 2105 2045 2116 
2116 2045 2044 2029 2045 2104 2046 2117 2118 
2047 2046 2118 2048 2119 2046 2046 2119 2117 
2049 2120 2048 2048 2120 2119 2050 2121 2049 
2049 2121 2120 2121 2050 2051 2122 2121 2051 
2055 2123 2124 2054 2055 2124 2118 2055 2047 
2123 2055 2118 2051 2125 2122 2056 2125 2051 
2057 2126 2056 2056 2126 2125 2058 2127 2057 
2057 2127 2126 2059 2128 2058 2058 2128 2127 
2060 2129 2059 2059 2129 2128 2062 2130 2060 
2060 2130 2129 2064 2131 2062 2062 2131 2130 
2066 2132 2064 2064 2132 2131 2067 2133 2134 
2067 2134 2066 2066 2134 2132 2134 2133 2135 
2070 2136 2069 2137 2136 2070 2137 2070 2138 
2138 2070 2071 2124 2071 2054 2138 2071 2124 
2067 2073 2133 2133 2139 2135 2133 2073 2139 
2073 2075 2139 2076 2140 2141 2076 2141 2075 
2075 2141 2139 2140 2142 2143 2141 2140 2143 
2143 2142 2144 2079 2145 2146 2078 2079 2146 
2136 2079 2069 2136 2147 2079 2147 2145 2079 
2137 2147 2136 2076 2080 2140 2082 2140 2080 
2142 2140 2082 2083 2148 2149 2082 2083 2149 
2082 2149 2144 2082 2144 2142 2149 2148 2150 
2078 2146 2085 2146 2151 2085 2152 2153 2154 
2152 2088 2087 2152 2154 2088 2154 2155 2088 
2089 2088 2156 2088 2155 2156 2091 2089 2157 
2089 2156 2157 2092 2091 2158 2091 2157 2158 
2093 2092 2159 2092 2158 2159 2095 2160 2161 
2095 2093 2160 2093 2159 2160 2161 2162 2163 
2160 2162 2161 2096 2162 2083 2096 2163 2162 
2083 2162 2148 2164 2165 2162 2148 2162 2165 
2166 2150 2148 2165 2166 2148 2085 2151 2167 
2097 2085 2167 2098 2097 2168 2097 2167 2168 
2099 2098 2169 2098 2168 2169 2101 2099 2170 
2099 2169 2170 2103 2171 2172 2103 2101 2171 
2101 2170 2171 2171 2173 2172 2174 2175 2176 
2174 2106 2105 2174 2176 2106 2176 2177 2106 
2107 2106 2178 2106 2177 2178 2153 2152 2108 
2153 2108 2178 2178 2108 2107 2087 2108 2152 
2095 2161 2109 2110 2109 2161 2163 2110 2161 
2165 2164 2179 2096 2110 2163 2166 2165 2179 
2103 2172 2111 2172 2173 2180 2172 2180 2111 
2111 2180 2112 2113 2112 2181 2112 2180 2181 
2114 2113 2182 2113 2181 2182 2115 2114 2183 
2114 2182 2183 2175 2174 2116 2175 2116 2183 
2183 2116 2115 2105 2116 2174 2184 2185 2186 
2185 2184 2187 2117 2188 2118 2189 2188 2117 
2189 2117 2190 2190 2117 2119 2120 2191 2119 
2119 2191 2190 2186 2121 2184 2186 2191 2121 
2191 2120 2121 2122 2192 2193 2121 2122 2193 
2121 2193 2187 2121 2187 2184 2192 2194 2195 
2193 2192 2195 2194 2196 2197 2195 2194 2197 
2196 2198 2199 2197 2196 2199 2199 2198 2200 
2123 2201 2202 2124 2123 2202 2188 2123 2118 
2188 2203 2123 2203 2201 2123 2189 2203 2188 
2122 2125 2192 2126 2192 2125 2194 2192 2126 
2127 2194 2126 2196 2194 2127 2128 2196 2127 
2198 2196 2128 2198 2204 2200 2198 2128 2204 
2128 2129 2204 2130 2205 2129 2129 2205 2204 
2131 2206 2130 2130 2206 2205 2132 2207 2131 
2131 2207 2206 2134 2208 2132 2132 2208 2207 
2135 2209 2210 2135 2210 2134 2134 2210 2208 
2210 2209 2211 2138 2212 2213 2137 2138 2213 
2202 2138 2124 2212 2138 2202 2135 2139 2209 
2209 2214 2211 2209 2139 2214 2139 2141 2214 
2143 2215 2141 2141 2215 2214 2144 2216 2217 
2144 2217 2143 2143 2217 2215 2217 2216 2218 
2145 2219 2146 2220 2219 2145 2220 2145 2221 
2221 2145 2147 2213 2147 2137 2221 2147 2213 
2144 2149 2216 2150 2222 2223 2149 2150 2223 
2149 2223 2218 2149 2218 2216 2223 2222 2224 
2219 2225 2151 2146 2219 2151 2226 2219 2220 
2225 2219 2226 2154 2227 2228 2153 2227 2154 
2155 2154 2229 2154 2228 2229 2156 2155 2230 
2155 2229 2230 2157 2156 2231 2156 2230 2231 
2158 2157 2232 2157 2231 2232 2159 2158 2233 
2158 2232 2233 2160 2159 2234 2159 2233 2234 
2162 2160 2235 2160 2234 2235 2164 2236 2237 
2164 2162 2236 2162 2235 2236 2222 2236 2238 
2222 2166 2236 2222 2150 2166 2166 2237 2236 
2224 2222 2238 2151 2225 2167 2225 2226 2239 
2225 2239 2167 2167 2239 2168 2169 2168 2240 
2168 2239 2240 2170 2169 2241 2169 2240 2241 
2171 2170 2242 2170 2241 2242 2173 2243 2244 
2173 2171 2243 2171 2242 2243 2244 2245 2246 
2243 2245 2244 2246 2247 2248 2245 2247 2246 
2248 2249 2250 2247 2249 2248 2250 2176 2175 
2250 2249 2176 2249 2251 2176 2177 2176 2252 
2176 2251 2252 2178 2177 2253 2177 2252 2253 
2227 2153 2178 2253 2227 2178 2164 2237 2179 
2166 2179 2237 2173 2244 2180 2181 2180 2244 
2246 2181 2244 2182 2181 2246 2248 2182 2246 
2183 2182 2248 2250 2183 2248 2175 2183 2250 
2254 2255 2256 2254 2186 2185 2254 2185 2255 
2255 2185 2257 2257 2185 2187 2258 2257 2187 
2190 2259 2260 2189 2190 2260 2256 2191 2254 
2256 2259 2191 2259 2190 2191 2186 2254 2191 
2187 2261 2258 2193 2261 2187 2195 2262 2193 
2193 2262 2261 2197 2263 2195 2195 2263 2262 
2199 2264 2197 2197 2264 2263 2200 2265 2266 
2200 2266 2199 2199 2266 2264 2265 2267 2268 
2266 2265 2268 2267 2269 2270 2268 2267 2270 
2270 2269 2271 2201 2272 2202 2273 2272 2201 
2273 2201 2274 2274 2201 2203 2260 2203 2189 
2274 2203 2260 2200 2204 2265 2205 2265 2204 
2267 2265 2205 2206 2267 2205 2269 2267 2206 
2269 2275 2271 2269 2206 2275 2206 2207 2275 
2208 2276 2207 2207 2276 2275 2210 2277 2208 
2208 2277 2276 2211 2278 2279 2211 2279 2210 
2210 2279 2277 2278 2280 2281 2279 2278 2281 
2280 2282 2283 2281 2280 2283 2283 2282 2284 
2212 2285 2213 2212 2286 2285 2202 2286 2212 
2202 2287 2286 2202 2272 2287 2273 2287 2272 
2211 2214 2278 2215 2278 2214 2280 2278 2215 
2217 2280 2215 2282 2280 2217 2218 2288 2289 
2217 2218 2289 2217 2289 2284 2217 2284 2282 
2289 2288 2290 2221 2291 2220 2221 2292 2291 
2213 2292 2221 2213 2293 2292 2213 2285 2293 
2286 2293 2285 2294 2295 2296 2294 2297 2298 
2296 2297 2294 2298 2299 2300 2297 2299 2298 
2299 2301 2300 2218 2223 2288 2288 2223 2224 
2288 2224 2290 2290 2224 2302 2291 2303 2304 
2291 2304 2220 2220 2304 2226 2292 2303 2291 
2305 2306 2307 2305 2228 2227 2305 2307 2228 
2307 2308 2228 2229 2228 2309 2228 2308 2309 
2230 2229 2310 2229 2309 2310 2231 2230 2311 
2230 2310 2311 2295 2294 2232 2295 2232 2311 
2311 2232 2231 2233 2232 2294 2298 2233 2294 
2234 2233 2298 2300 2234 2298 2300 2301 2312 
2300 2312 2234 2234 2312 2235 2236 2235 2313 
2235 2312 2313 2238 2236 2314 2236 2313 2314 
2302 2224 2238 2314 2302 2238 2226 2304 2315 
2239 2226 2315 2240 2239 2316 2239 2315 2316 
2241 2240 2317 2240 2316 2317 2242 2241 2318 
2241 2317 2318 2243 2242 2319 2242 2318 2319 
2245 2243 2320 2243 2319 2320 2247 2245 2321 
2245 2320 2321 2249 2247 2322 2247 2321 2322 
2251 2249 2323 2249 2322 2323 2252 2251 2324 
2251 2323 2324 2306 2305 2253 2306 2253 2324 
2324 2253 2252 2227 2253 2305 2255 2325 2326 
2256 2255 2326 2257 2327 2255 2255 2327 2325 
2258 2328 2329 2258 2329 2257 2257 2329 2327 
2329 2328 2330 2259 2331 2332 2260 2259 2332 
2326 2259 2256 2331 2259 2326 2258 2261 2328 
2328 2333 2330 2328 2261 2333 2261 2262 2333 
2263 2334 2262 2262 2334 2333 2264 2335 2263 
2263 2335 2334 2266 2336 2264 2264 2336 2335 
2268 2337 2266 2266 2337 2336 2270 2338 2268 
2268 2338 2337 2271 2339 2340 2271 2340 2270 
2270 2340 2338 2339 2341 2342 2340 2339 2342 
2341 2343 2344 2342 2341 2344 2343 2345 2346 
2344 2343 2346 2346 2345 2347 2274 2348 2349 
2273 2274 2349 2332 2274 2260 2348 2274 2332 
2271 2275 2339 2276 2339 2275 2341 2339 2276 
2277 2341 2276 2343 2341 2277 2279 2343 2277 
2345 2343 2279 2345 2350 2347 2345 2279 2350 
2279 2281 2350 2283 2351 2281 2281 2351 2350 
2284 2352 2353 2284 2353 2283 2283 2353 2351 
2353 2352 2354 2287 2355 2356 2286 2287 2356 
2349 2287 2273 2355 2287 2349 2284 2289 2352 
2290 2357 2358 2289 2290 2358 2289 2358 2354 
2289 2354 2352 2358 2357 2359 2293 2360 2292 
2293 2361 2360 2293 2286 2361 2286 2356 2361 
2362 2363 2364 2362 2296 2295 2362 2364 2296 
2364 2365 2296 2297 2296 2366 2296 2365 2366 
2299 2297 2367 2297 2366 2367 2301 2368 2369 
2301 2299 2368 2299 2367 2368 2369 2370 2371 
2368 2370 2369 2370 2372 2371 2357 2302 2373 
2290 2302 2357 2374 2359 2357 2373 2374 2357 
2303 2375 2304 2303 2292 2360 2303 2360 2375 
2375 2360 2376 2377 2360 2361 2377 2378 2360 
2378 2376 2360 2378 2379 2380 2377 2379 2378 
2379 2381 2380 2307 2382 2383 2306 2382 2307 
2308 2307 2384 2307 2383 2384 2309 2308 2385 
2308 2384 2385 2310 2309 2386 2309 2385 2386 
2363 2362 2311 2363 2311 2386 2386 2311 2310 
2295 2311 2362 2301 2369 2312 2313 2312 2369 
2371 2313 2369 2371 2372 2387 2371 2387 2313 
2313 2387 2314 2373 2302 2314 2373 2314 2388 
2388 2314 2387 2374 2373 2388 2304 2375 2315 
2316 2315 2375 2376 2316 2375 2317 2316 2376 
2378 2317 2376 2318 2317 2378 2380 2318 2378 
2380 2381 2389 2380 2389 2318 2318 2389 2319 
2320 2319 2390 2319 2389 2390 2321 2320 2391 
2320 2390 2391 2322 2321 2392 2321 2391 2392 
2323 2322 2393 2322 2392 2393 2324 2323 2394 
2323 2393 2394 2382 2306 2324 2394 2382 2324 
2395 2396 2397 2396 2395 2398 2325 2399 2400 
2326 2325 2400 2327 2401 2325 2325 2401 2399 
2397 2329 2395 2397 2401 2329 2401 2327 2329 
2330 2402 2403 2329 2330 2403 2329 2403 2398 
2329 2398 2395 2402 2404 2405 2403 2402 2405 
2404 2406 2407 2405 2404 2407 2406 2408 2409 
2407 2406 2409 2408 2410 2411 2409 2408 2411 
2410 2412 2413 2411 2410 2413 2412 2414 2415 
2413 2412 2415 2414 2416 2417 2415 2414 2417 
2416 2418 2419 2417 2416 2419 2418 2420 2421 
2419 2418 2421 2421 2420 2422 2331 2423 2332 
2331 2424 2423 2331 2326 2424 2326 2400 2424 
2330 2333 2402 2334 2402 2333 2404 2402 2334 
2335 2404 2334 2406 2404 2335 2336 2406 2335 
2408 2406 2336 2337 2408 2336 2410 2408 2337 
2338 2410 2337 2412 2410 2338 2340 2412 2338 
2414 2412 2340 2342 2414 2340 2416 2414 2342 
2344 2416 2342 2418 2416 2344 2346 2418 2344 
2420 2418 2346 2347 2425 2426 2346 2347 2426 
2346 2426 2422 2346 2422 2420 2425 2427 2428 
2426 2425 2428 2427 2429 2430 2428 2427 2430 
2429 2431 2432 2430 2429 2432 2432 2431 2433 
2348 2434 2349 2348 2435 2434 2332 2435 2348 
2332 2436 2435 2332 2423 2436 2424 2436 2423 
2347 2350 2425 2351 2425 2350 2427 2425 2351 
2353 2427 2351 2429 2427 2353 2354 2429 2353 
2354 2437 2429 2437 2431 2429 2438 2433 2431 
2437 2438 2431 2355 2439 2356 2355 2440 2439 
2349 2440 2355 2349 2441 2440 2349 2434 2441 
2435 2441 2434 2354 2358 2437 2359 2442 2443 
2358 2359 2443 2358 2443 2438 2358 2438 2437 
2443 2442 2444 2439 2445 2446 2439 2446 2356 
2356 2446 2361 2440 2445 2439 2447 2448 2449 
2447 2364 2363 2447 2449 2364 2449 2450 2364 
2365 2364 2451 2364 2450 2451 2366 2365 2452 
2365 2451 2452 2367 2366 2453 2366 2452 2453 
2368 2367 2454 2367 2453 2454 2370 2368 2455 
2368 2454 2455 2372 2456 2457 2372 2370 2456 
2370 2455 2456 2457 2458 2459 2456 2458 2457 
2442 2458 2460 2442 2374 2458 2442 2359 2374 
2374 2459 2458 2444 2442 2460 2361 2446 2461 
2377 2361 2461 2379 2377 2462 2377 2461 2462 
2381 2463 2464 2381 2379 2463 2379 2462 2463 
2463 2465 2464 2466 2467 2468 2466 2383 2382 
2466 2468 2383 2468 2469 2383 2384 2383 2470 
2383 2469 2470 2385 2384 2471 2384 2470 2471 
2448 2447 2386 2448 2386 2471 2471 2386 2385 
2363 2386 2447 2372 2457 2387 2388 2387 2457 
2459 2388 2457 2374 2388 2459 2381 2464 2389 
2464 2465 2472 2464 2472 2389 2389 2472 2390 
2391 2390 2473 2390 2472 2473 2392 2391 2474 
2391 2473 2474 2393 2392 2475 2392 2474 2475 
2467 2466 2394 2467 2394 2475 2475 2394 2393 
2382 2394 2466 2396 2476 2477 2397 2396 2477 
2398 2478 2479 2398 2479 2396 2396 2479 2476 
2478 2480 2481 2479 2478 2481 2480 2482 2483 
2481 2480 2483 2482 2484 2485 2483 2482 2485 
2484 2486 2487 2485 2484 2487 2486 2488 2489 
2487 2486 2489 2488 2490 2491 2489 2488 2491 
2490 2492 2493 2491 2490 2493 2492 2494 2495 
2493 2492 2495 2494 2496 2497 2495 2494 2497 
2496 2498 2499 2497 2496 2499 2498 2500 2501 
2499 2498 2501 2500 2502 2503 2501 2500 2503 
2502 2504 2505 2503 2502 2505 2504 2506 2507 
2505 2504 2507 2506 2508 2509 2507 2506 2509 
2509 2508 2510 2399 2511 2400 2512 2511 2399 
2512 2399 2513 2513 2399 2401 2477 2401 2397 
2513 2401 2477 2398 2403 2478 2405 2478 2403 
2480 2478 2405 2407 2480 2405 2482 2480 2407 
2409 2482 2407 2484 2482 2409 2411 2484 2409 
2486 2484 2411 2413 2486 2411 2488 2486 2413 
2415 2488 2413 2490 2488 2415 2417 2490 2415 
2492 2490 2417 2419 2492 2417 2494 2492 2419 
2421 2494 2419 2496 2494 2421 2422 2496 2421 
2422 2514 2496 2514 2498 2496 2500 2498 2515 
2515 2498 2514 2502 2500 2516 2516 2500 2515 
2504 2502 2517 2517 2502 2516 2506 2504 2518 
2518 2504 2517 2519 2520 2508 2519 2508 2518 
2518 2508 2506 2510 2508 2520 2511 2521 2522 
2511 2522 2400 2400 2522 2424 2512 2521 2511 
2422 2426 2514 2428 2514 2426 2515 2514 2428 
2430 2515 2428 2516 2515 2430 2432 2516 2430 
2517 2516 2432 2433 2517 2432 2433 2523 2517 
2523 2518 2517 2524 2519 2518 2523 2524 2518 
2436 2525 2526 2435 2436 2526 2522 2436 2424 
2525 2436 2522 2523 2438 2527 2433 2438 2523 
2528 2524 2523 2527 2528 2523 2441 2529 2530 
2440 2441 2530 2526 2441 2435 2529 2441 2526 
2531 2532 2533 2531 2534 2535 2533 2534 2531 
2535 2536 2537 2534 2536 2535 2537 2538 2539 
2536 2538 2537 2539 2540 2541 2538 2540 2539 
2540 2542 2541 2438 2443 2527 2527 2443 2444 
2527 2444 2528 2528 2444 2543 2445 2544 2446 
2445 2545 2544 2445 2440 2545 2440 2530 2545 
2546 2547 2548 2546 2449 2448 2546 2548 2449 
2548 2549 2449 2450 2449 2550 2449 2549 2550 
2451 2450 2551 2450 2550 2551 2532 2531 2452 
2532 2452 2551 2551 2452 2451 2453 2452 2531 
2535 2453 2531 2454 2453 2535 2537 2454 2535 
2455 2454 2537 2539 2455 2537 2456 2455 2539 
2541 2456 2539 2541 2542 2552 2541 2552 2456 
2456 2552 2458 2460 2458 2553 2458 2552 2553 
2543 2444 2460 2553 2543 2460 2446 2544 2461 
2544 2545 2554 2544 2554 2461 2461 2554 2462 
2463 2462 2555 2462 2554 2555 2465 2556 2557 
2465 2463 2556 2463 2555 2556 2557 2558 2559 
2556 2558 2557 2559 2560 2561 2558 2560 2559 
2561 2562 2563 2560 2562 2561 2563 2468 2467 
2563 2562 2468 2562 2564 2468 2469 2468 2565 
2468 2564 2565 2470 2469 2566 2469 2565 2566 
2547 2546 2471 2547 2471 2566 2566 2471 2470 
2448 2471 2546 2465 2557 2472 2473 2472 2557 
2559 2473 2557 2474 2473 2559 2561 2474 2559 
2475 2474 2561 2563 2475 2561 2467 2475 2563 
2567 2568 2569 2567 2570 2571 2568 2567 2571 
2570 2572 2573 2571 2570 2573 2572 2574 2575 
2573 2572 2575 2574 2576 2577 2575 2574 2577 
2576 2578 2579 2577 2576 2579 2578 2580 2581 
2579 2578 2581 2581 2580 2582 2583 2584 2585 
2584 2583 2586 2587 2588 2589 2587 2590 2591 
2588 2587 2591 2590 2592 2593 2591 2590 2593 
2592 2594 2595 2593 2592 2595 2569 2595 2594 
2569 2594 2567 2567 2594 2596 2570 2567 2597 
2597 2567 2596 2572 2570 2598 2598 2570 2597 
2574 2572 2599 2599 2572 2598 2576 2574 2600 
2600 2574 2599 2578 2576 2601 2601 2576 2600 
2580 2578 2602 2602 2578 2601 2603 2582 2580 
2603 2580 2604 2604 2580 2602 2604 2605 2606 
2603 2604 2606 2605 2607 2608 2606 2605 2608 
2607 2609 2610 2608 2607 2610 2610 2609 2611 
2476 2612 2613 2477 2476 2613 2585 2479 2583 
2585 2612 2479 2612 2476 2479 2583 2614 2586 
2583 2479 2614 2479 2481 2614 2589 2483 2587 
2589 2614 2483 2614 2481 2483 2485 2587 2483 
2590 2587 2485 2487 2590 2485 2592 2590 2487 
2489 2592 2487 2594 2592 2489 2491 2594 2489 
2596 2594 2491 2493 2596 2491 2597 2596 2493 
2495 2597 2493 2598 2597 2495 2497 2598 2495 
2599 2598 2497 2499 2599 2497 2600 2599 2499 
2501 2600 2499 2601 2600 2501 2503 2601 2501 
2602 2601 2503 2505 2602 2503 2604 2602 2505 
2507 2604 2505 2605 2604 2507 2509 2605 2507 
2607 2605 2509 2510 2607 2509 2510 2615 2607 
2615 2609 2607 2616 2611 2609 2615 2616 2609 
2513 2617 2618 2512 2513 2618 2613 2513 2477 
2617 2513 2613 2520 2519 2619 2520 2615 2510 
2520 2619 2615 2619 2620 2615 2621 2616 2615 
2620 2621 2615 2521 2622 2623 2522 2521 2623 
2618 2521 2512 2622 2521 2618 2619 2524 2624 
2519 2524 2619 2620 2619 2625 2625 2619 2624 
2626 2621 2620 2625 2626 2620 2525 2627 2526 
2525 2628 2627 2525 2522 2628 2522 2623 2628 
2629 2630 2631 2629 2632 2633 2631 2632 2629 
2632 2634 2633 2624 2528 2635 2524 2528 2624 
2636 2637 2625 2636 2625 2635 2635 2625 2624 
2626 2625 2637 2529 2638 2530 2529 2639 2638 
2526 2639 2529 2526 2640 2639 2526 2627 2640 
2628 2640 2627 2641 2642 2643 2641 2533 2532 
2641 2643 2533 2643 2644 2533 2534 2533 2645 
2533 2644 2645 2536 2534 2646 2534 2645 2646 
2630 2629 2538 2630 2538 2646 2646 2538 2536 
2540 2538 2629 2633 2540 2629 2542 2647 2648 
2540 2647 2542 2540 2634 2647 2540 2633 2634 
2648 2649 2650 2647 2649 2648 2635 2649 2651 
2635 2543 2649 2635 2528 2543 2543 2650 2649 
2636 2635 2651 2638 2652 2545 2530 2638 2545 
2653 2638 2639 2652 2638 2653 2654 2655 2656 
2654 2548 2547 2654 2656 2548 2656 2657 2548 
2549 2548 2658 2548 2657 2658 2550 2549 2659 
2549 2658 2659 2642 2641 2551 2642 2551 2659 
2659 2551 2550 2532 2551 2641 2542 2648 2552 
2553 2552 2648 2650 2553 2648 2543 2553 2650 
2545 2652 2554 2652 2653 2660 2652 2660 2554 
2554 2660 2555 2556 2555 2661 2555 2660 2661 
2558 2556 2662 2556 2661 2662 2560 2558 2663 
2558 2662 2663 2562 2560 2664 2560 2663 2664 
2564 2562 2665 2562 2664 2665 2565 2564 2666 
2564 2665 2666 2655 2654 2566 2655 2566 2666 
2666 2566 2565 2547 2566 2654 2667 2668 2669 
2668 2667 2670 2671 2672 2673 2671 2674 2675 
2672 2671 2675 2674 2676 2677 2675 2674 2677 
2676 2678 2679 2677 2676 2679 2669 2679 2678 
2669 2678 2667 2667 2678 2680 2681 2670 2667 
2681 2667 2682 2682 2667 2680 2681 2682 2683 
2684 2685 2686 2684 2687 2688 2685 2684 2688 
2687 2689 2690 2688 2687 2690 2689 2569 2568 
2689 2568 2690 2690 2568 2691 2673 2571 2671 
2673 2691 2571 2691 2568 2571 2573 2671 2571 
2674 2671 2573 2575 2674 2573 2676 2674 2575 
2577 2676 2575 2678 2676 2577 2579 2678 2577 
2680 2678 2579 2581 2680 2579 2682 2680 2581 
2582 2692 2693 2581 2582 2693 2581 2693 2683 
2581 2683 2682 2692 2694 2695 2693 2692 2695 
2694 2696 2697 2695 2694 2697 2697 2696 2698 
2584 2699 2700 2585 2584 2700 2586 2701 2702 
2586 2702 2584 2584 2702 2699 2701 2589 2588 
2701 2588 2702 2702 2588 2703 2686 2591 2684 
2686 2703 2591 2703 2588 2591 2593 2684 2591 
2687 2684 2593 2595 2687 2593 2689 2687 2595 
2569 2689 2595 2582 2603 2692 2606 2692 2603 
2694 2692 2606 2608 2694 2606 2696 2694 2608 
2696 2704 2698 2696 2608 2704 2608 2610 2704 
2611 2705 2706 2611 2706 2610 2610 2706 2704 
2706 2705 2707 2612 2708 2709 2613 2612 2709 
2700 2612 2585 2708 2612 2700 2586 2614 2701 
2589 2701 2614 2705 2616 2710 2611 2616 2705 
2711 2707 2705 2710 2711 2705 2617 2712 2713 
2618 2617 2713 2709 2617 2613 2712 2617 2709 
2710 2621 2714 2616 2621 2710 2715 2711 2710 
2714 2715 2710 2622 2716 2623 2622 2717 2716 
2622 2618 2717 2618 2713 2717 2714 2718 2719 
2714 2621 2718 2621 2626 2718 2715 2714 2719 
2716 2720 2721 2716 2721 2623 2623 2721 2628 
2717 2720 2716 2722 2723 2724 2722 2725 2726 
2724 2725 2722 2726 2727 2728 2725 2727 2726 
2728 2631 2630 2728 2727 2631 2727 2729 2631 
2632 2631 2730 2631 2729 2730 2634 2731 2732 
2634 2632 2731 2632 2730 2731 2732 2733 2734 
2731 2733 2732 2734 2735 2736 2733 2735 2734 
2736 2637 2636 2736 2735 2637 2735 2737 2637 
2718 2626 2637 2737 2718 2637 2640 2738 2639 
2640 2739 2738 2640 2628 2739 2628 2721 2739 
2740 2741 2742 2740 2743 2744 2742 2743 2740 
2744 2643 2642 2744 2743 2643 2743 2745 2643 
2723 2722 2644 2723 2644 2745 2745 2644 2643 
2645 2644 2722 2726 2645 2722 2646 2645 2726 
2728 2646 2726 2630 2646 2728 2634 2732 2647 
2649 2647 2732 2734 2649 2732 2651 2649 2734 
2736 2651 2734 2636 2651 2736 2738 2746 2747 
2738 2747 2639 2639 2747 2653 2739 2746 2738 
2748 2749 2750 2748 2751 2752 2750 2751 2748 
2752 2753 2754 2751 2753 2752 2754 2656 2655 
2754 2753 2656 2753 2755 2656 2657 2656 2756 
2656 2755 2756 2741 2740 2658 2741 2658 2756 
2756 2658 2657 2659 2658 2740 2744 2659 2740 
2642 2659 2744 2653 2747 2757 2660 2653 2757 
2661 2660 2758 2660 2757 2758 2662 2661 2759 
2661 2758 2759 2663 2662 2760 2662 2759 2760 
2749 2748 2664 2749 2664 2760 2760 2664 2663 
2665 2664 2748 2752 2665 2748 2666 2665 2752 
2754 2666 2752 2655 2666 2754 2668 2761 2669 
2668 2670 2761 2762 2763 2764 2763 2762 2765 
2766 2767 2768 2766 2769 2770 2767 2766 2770 
2769 2673 2672 2769 2672 2770 2770 2672 2771 
2675 2772 2672 2672 2772 2771 2677 2773 2675 
2675 2773 2772 2679 2774 2677 2677 2774 2773 
2761 2679 2669 2761 2775 2679 2775 2774 2679 
2670 2775 2761 2670 2681 2775 2681 2776 2775 
2776 2681 2683 2777 2776 2683 2778 2779 2780 
2764 2779 2778 2762 2764 2778 2762 2778 2686 
2762 2686 2685 2762 2781 2765 2762 2685 2781 
2685 2688 2781 2768 2690 2766 2768 2781 2690 
2781 2688 2690 2691 2766 2690 2769 2766 2691 
2673 2769 2691 2683 2782 2777 2693 2782 2683 
2695 2783 2693 2693 2783 2782 2697 2784 2695 
2695 2784 2783 2784 2697 2698 2785 2784 2698 
2699 2786 2700 2787 2786 2699 2787 2699 2788 
2788 2699 2702 2780 2703 2778 2780 2788 2703 
2788 2702 2703 2686 2778 2703 2698 2789 2785 
2704 2789 2698 2706 2790 2704 2704 2790 2789 
2790 2706 2707 2791 2790 2707 2708 2792 2709 
2708 2793 2792 2700 2793 2708 2700 2794 2793 
2700 2786 2794 2787 2794 2786 2795 2796 2797 
2795 2797 2791 2795 2791 2711 2711 2791 2707 
2712 2798 2713 2712 2799 2798 2709 2799 2712 
2709 2800 2799 2709 2792 2800 2793 2800 2792 
2801 2802 2803 2801 2804 2805 2803 2804 2801 
2805 2806 2807 2804 2806 2805 2806 2808 2807 
2809 2810 2811 2796 2809 2811 2796 2795 2809 
2795 2812 2809 2711 2715 2812 2795 2711 2812 
2798 2813 2814 2798 2814 2713 2713 2814 2717 
2799 2813 2798 2815 2816 2817 2815 2818 2819 
2817 2818 2815 2802 2819 2818 2802 2801 2819 
2801 2820 2819 2805 2821 2801 2821 2820 2801 
2807 2822 2805 2822 2821 2805 2823 2807 2808 
2823 2824 2807 2824 2822 2807 2810 2824 2823 
2810 2809 2824 2809 2825 2824 2719 2718 2825 
2719 2825 2812 2812 2825 2809 2715 2719 2812 
2720 2826 2721 2720 2827 2826 2720 2717 2827 
2717 2814 2827 2828 2829 2830 2828 2831 2832 
2830 2831 2828 2832 2724 2723 2832 2831 2724 
2831 2833 2724 2725 2724 2834 2724 2833 2834 
2816 2815 2727 2816 2727 2834 2834 2727 2725 
2729 2727 2815 2819 2729 2815 2730 2729 2819 
2820 2730 2819 2731 2730 2820 2821 2731 2820 
2733 2731 2821 2822 2733 2821 2735 2733 2822 
2824 2735 2822 2737 2735 2824 2825 2737 2824 
2718 2737 2825 2826 2835 2739 2721 2826 2739 
2836 2826 2827 2835 2826 2836 2837 2838 2839 
2837 2840 2841 2839 2840 2837 2841 2742 2741 
2841 2840 2742 2840 2842 2742 2829 2828 2743 
2829 2743 2842 2842 2743 2742 2745 2743 2828 
2832 2745 2828 2723 2745 2832 2746 2843 2747 
2746 2844 2843 2739 2844 2746 2739 2845 2844 
2739 2835 2845 2836 2845 2835 2750 2846 2847 
2749 2846 2750 2751 2750 2848 2750 2847 2848 
2753 2751 2849 2751 2848 2849 2838 2837 2755 
2838 2755 2849 2849 2755 2753 2756 2755 2837 
2841 2756 2837 2741 2756 2841 2747 2843 2757 
2843 2844 2850 2843 2850 2757 2757 2850 2758 
2759 2758 2851 2758 2850 2851 2760 2759 2852 
2759 2851 2852 2846 2749 2760 2852 2846 2760 
2853 2854 2855 2854 2853 2856 2763 2857 2764 
2765 2857 2763 2858 2859 2860 2858 2768 2767 
2858 2767 2859 2859 2767 2861 2855 2770 2853 
2855 2861 2770 2861 2767 2770 2853 2862 2856 
2853 2770 2862 2770 2771 2862 2772 2863 2771 
2771 2863 2862 2773 2864 2772 2772 2864 2863 
2865 2866 2864 2865 2864 2774 2774 2864 2773 
2774 2775 2867 2865 2774 2867 2775 2776 2868 
2867 2775 2868 2776 2777 2868 2779 2869 2870 
2780 2779 2870 2857 2779 2764 2857 2871 2779 
2871 2869 2779 2860 2781 2858 2860 2871 2781 
2765 2781 2857 2857 2781 2871 2768 2858 2781 
2865 2872 2866 2867 2872 2865 2873 2872 2867 
2873 2874 2875 2873 2867 2874 2867 2868 2874 
2777 2782 2876 2777 2876 2868 2868 2876 2874 
2782 2783 2877 2876 2782 2877 2783 2784 2878 
2877 2783 2878 2784 2785 2878 2788 2879 2880 
2787 2788 2880 2870 2788 2780 2879 2788 2870 
2881 2875 2874 2882 2875 2881 2876 2883 2874 
2883 2881 2874 2877 2884 2876 2884 2883 2876 
2878 2885 2877 2885 2884 2877 2785 2789 2886 
2785 2886 2878 2878 2886 2885 2789 2790 2887 
2886 2789 2887 2790 2791 2887 2794 2888 2793 
2794 2889 2888 2794 2787 2889 2787 2880 2889 
2890 2891 2892 2882 2890 2892 2882 2881 2890 
2881 2893 2890 2883 2894 2881 2894 2893 2881 
2884 2895 2883 2895 2894 2883 2885 2896 2884 
2896 2895 2884 2886 2897 2885 2897 2896 2885 
2797 2796 2897 2797 2897 2887 2887 2897 2886 
2791 2797 2887 2800 2898 2799 2800 2899 2898 
2793 2899 2800 2793 2900 2899 2793 2888 2900 
2889 2900 2888 2901 2902 2903 2891 2901 2903 
2891 2890 2901 2890 2904 2901 2803 2802 2904 
2803 2904 2893 2893 2904 2890 2804 2803 2893 
2894 2804 2893 2806 2804 2894 2895 2806 2894 
2808 2806 2895 2808 2895 2905 2905 2895 2896 
2811 2810 2905 2811 2905 2897 2897 2905 2896 
2796 2811 2897 2813 2906 2814 2813 2799 2898 
2813 2898 2906 2906 2898 2907 2908 2898 2899 
2907 2898 2908 2909 2910 2911 2909 2912 2913 
2911 2912 2909 2913 2914 2915 2912 2914 2913 
2915 2916 2917 2914 2916 2915 2902 2917 2916 
2901 2917 2902 2901 2816 2917 2901 2817 2816 
2818 2817 2901 2904 2818 2901 2802 2818 2904 
2808 2905 2823 2810 2823 2905 2906 2918 2827 
2814 2906 2827 2907 2919 2906 2919 2918 2906 
2920 2907 2908 2919 2907 2920 2921 2922 2923 
2921 2924 2925 2923 2924 2921 2910 2925 2924 
2909 2925 2910 2909 2829 2925 2909 2830 2829 
2831 2830 2909 2913 2831 2909 2833 2831 2913 
2915 2833 2913 2834 2833 2915 2917 2834 2915 
2816 2834 2917 2918 2926 2836 2827 2918 2836 
2919 2927 2918 2927 2926 2918 2928 2919 2920 
2928 2929 2919 2929 2927 2919 2928 2930 2929 
2931 2932 2933 2931 2839 2838 2931 2933 2839 
2933 2934 2839 2922 2921 2840 2922 2840 2934 
2934 2840 2839 2842 2840 2921 2925 2842 2921 
2829 2842 2925 2845 2935 2844 2845 2836 2926 
2845 2926 2935 2935 2926 2936 2927 2937 2926 
2937 2936 2926 2847 2846 2937 2847 2937 2929 
2929 2937 2927 2929 2930 2938 2929 2938 2847 
2847 2938 2848 2932 2931 2849 2932 2849 2938 
2938 2849 2848 2838 2849 2931 2844 2935 2850 
2851 2850 2935 2936 2851 2935 2852 2851 2936 
2937 2852 2936 2846 2852 2937 2854 2939 2855 
2854 2856 2939 2859 2940 2860 2941 2940 2859 
2941 2859 2942 2942 2859 2861 2939 2861 2855 
2939 2943 2861 2943 2942 2861 2856 2943 2939 
2856 2862 2943 2862 2944 2943 2945 2946 2944 
2945 2944 2863 2863 2944 2862 2863 2864 2947 
2945 2863 2947 2864 2866 2947 2869 2948 2870 
2949 2948 2869 2949 2869 2950 2950 2869 2871 
2940 2871 2860 2940 2951 2871 2951 2950 2871 
2941 2951 2940 2945 2952 2946 2952 2953 2954 
2952 2945 2953 2945 2947 2953 2866 2872 2955 
2866 2955 2947 2947 2955 2953 2872 2873 2956 
2955 2872 2956 2873 2875 2956 2879 2957 2880 
2879 2958 2957 2870 2958 2879 2870 2959 2958 
2870 2948 2959 2949 2959 2948 2960 2961 2962 
2954 2960 2962 2954 2953 2960 2953 2963 2960 
2955 2964 2953 2964 2963 2953 2956 2965 2955 
2965 2964 2955 2875 2882 2965 2956 2875 2965 
2957 2966 2889 2880 2957 2889 2967 2957 2958 
2966 2957 2967 2968 2969 2970 2961 2968 2970 
2961 2960 2968 2960 2971 2968 2963 2972 2960 
2972 2971 2960 2964 2973 2963 2973 2972 2963 
2892 2891 2973 2892 2973 2965 2965 2973 2964 
2882 2892 2965 2900 2974 2899 2900 2889 2966 
2900 2966 2974 2974 2966 2975 2976 2966 2967 
2975 2966 2976 2977 2978 2979 2969 2977 2979 
2969 2968 2977 2968 2980 2977 2971 2981 2968 
2981 2980 2968 2972 2982 2971 2982 2981 2971 
2903 2902 2982 2903 2982 2973 2973 2982 2972 
2891 2903 2973 2974 2983 2908 2899 2974 2908 
2975 2984 2974 2984 2983 2974 2985 2975 2976 
2984 2975 2985 2986 2987 2988 2986 2989 2990 
2988 2989 2986 2978 2990 2989 2977 2990 2978 
2977 2910 2990 2977 2911 2910 2912 2911 2977 
2980 2912 2977 2914 2912 2980 2981 2914 2980 
2916 2914 2981 2982 2916 2981 2902 2916 2982 
2983 2991 2920 2908 2983 2920 2984 2992 2983 
2992 2991 2983 2993 2984 2985 2992 2984 2993 
2994 2995 2996 2987 2994 2996 2986 2994 2987 
2986 2922 2994 2986 2923 2922 2924 2923 2986 
2990 2924 2986 2910 2924 2990 2920 2991 2928 
2930 2928 2991 2930 2991 2997 2997 2991 2992 
2932 2998 2933 2932 2992 2998 2932 2997 2992 
2993 2998 2992 2995 2994 2934 2995 2934 2998 
2998 2934 2933 2922 2934 2994 2930 2997 2938 
2932 2938 2997 2942 2999 2941 2942 2943 3000 
2999 2942 3000 2943 2944 3001 3000 2943 3001 
2944 2946 3001 2950 3002 2949 2950 2951 3003 
3002 2950 3003 2951 2941 2999 2951 2999 3003 
3003 2999 3004 3000 3005 2999 3005 3004 2999 
3006 3001 3007 3006 3005 3001 3005 3000 3001 
3008 3009 3007 2952 3008 3007 2952 3007 3001 
2952 3001 2946 2952 2954 3008 2959 3010 2958 
2959 2949 3002 2959 3002 3010 3010 3002 3011 
3003 3012 3002 3012 3011 3002 3004 3013 3003 
3013 3012 3003 3014 3005 3015 3014 3013 3005 
3013 3004 3005 3015 3016 3017 3015 3005 3016 
3018 3016 3006 3006 3016 3005 3009 3016 3018 
3008 3016 3009 3008 2961 3016 3008 2962 2961 
2954 2962 3008 3010 3019 2967 2958 3010 2967 
3011 3020 3010 3020 3019 3010 3012 3021 3011 
3021 3020 3011 3022 3013 3023 3022 3021 3013 
3021 3012 3013 3023 3024 3025 3023 3013 3024 
3026 3024 3014 3014 3024 3013 3017 3024 3026 
3016 3024 3017 3016 2969 3024 3016 2970 2969 
2961 2970 3016 3019 3027 2976 2967 3019 2976 
3020 3028 3019 3028 3027 3019 3029 3021 3030 
3029 3028 3021 3028 3020 3021 3030 3031 3032 
3030 3021 3031 3033 3031 3022 3022 3031 3021 
3025 3031 3033 3024 3031 3025 3024 2978 3031 
3024 2979 2978 2969 2979 3024 3027 3034 2985 
2976 3027 2985 3028 3035 3027 3035 3034 3027 
2987 3036 2988 2987 3028 3036 2987 3035 3028 
3029 3036 3028 3032 3031 2989 3032 2989 3036 
3036 2989 2988 2978 2989 3031 3034 3037 2993 
2985 3034 2993 2996 2995 3037 2996 3037 3035 
3035 3037 3034 2987 2996 3035 2993 3037 2998 
2995 2998 3037 3007 3038 3006 3007 3009 3038 
3015 3039 3014 3018 3006 3038 3017 3039 3015 
3009 3018 3038 3023 3040 3022 3026 3014 3039 
3025 3040 3023 3017 3026 3039 3030 3041 3029 
3033 3022 3040 3032 3041 3030 3025 3033 3040 
3029 3041 3036 3032 3036 3041 
CELL_DATA 6080
SCALARS Scalars float
LOOKUP_TABLE default
1 1 1 1 1 1 1 1 1 
1 1 1 1 1 1 1 1 1 
1 1 1 1 1 1 1 1 1 
1 1 1 1 1 1 1 1 1 
1 1 1 1 1 1 1 1 1 
1 1 1 1 1 1 1 1 1 
1 1 1 1 1 1 1 1 1 
1 1 1 1 1 1 1 1 1 
1 1 1 1 1 1 1 1 1 
1 1 1 1 1 1 1 1 1 
1 1 1 1 1 1 1 1 1 
1 1 1 1 1 1 1 1 1 
1 1 1 1 1 1 1 1 1 
1 1 1 1 1 1 1 1 1 
1 1 1 1 1 1 1 1 1 
1 1 1 1 1 1 1 1 1 
1 1 1 1 1 1 1 1 1 
1 1 1 1 1 1 1 1 1 
1 1 1 1 1 1 1 1 1 
1 1 1 1 1 1 1 1 1 
1 1 1 1 1 1 1 1 1 
1 1 1 1 1 1 1 1 1 
1 1 1 1 1 1 1 1 1 
1 1 1 1 1 1 1 1 1 
1 1 1 1 1 1 1 1 1 
1 1 1 1 1 1 1 1 1 
1 1 1 1 1 1 1 1 1 
1 1 1 1 1 1 1 1 1 
1 1 1 1 1 1 1 1 1 
1 1 1 1 1 1 1 1 1 
1 1 1 1 1 1 1 1 1 
1 1 1 1 1 1 1 1 1 
1 1 1 1 1 1 1 1 1 
1 1 1 1 1 1 1 1 1 
1 1 1 1 1 1 1 1 1 
1 1 1 1 1 1 1 1 1 
1 1 1 1 1 1 1 1 1 
1 1 1 1 1 1 1 1 1 
1 1 1 1 1 1 1 1 1 
1 1 1 1 1 1 1 1 1 
1 1 1 1 1 1 1 1 1 
1 1 1 1 1 1 1 1 1 
1 1 1 1 1 1 1 1 1 
1 1 1 1 1 1 1 1 1 
1 1 1 1 1 1 1 1 1 
1 1 1 1 1 1 1 1 1 
1 1 1 1 1 1 1 1 1 
1 1 1 1 1 1 1 1 1 
1 1 1 1 1 1 1 1 1 
1 1 1 1 1 1 1 1 1 
1 1 1 1 1 1 1 1 1 
1 1 1 1 1 1 1 1 1 
1 1 1 1 1 1 1 1 1 
1 1 1 1 1 1 1 1 1 
1 1 1 1 1 1 1 1 1 
1 1 1 1 1 1 1 1 1 
1 1 1 1 1 1 1 1 1 
1 1 1 1 1 1 1 1 1 
1 1 1 1 1 1 1 1 1 
1 1 1 1 1 1 1 1 1 
1 1 1 1 1 1 1 1 1 
1 1 1 1 1 1 1 1 1 
1 1 1 1 1 1 1 1 1 
1 1 1 1 1 1 1 1 1 
1 1 1 1 1 1 1 1 1 
1 1 1 1 1 1 1 1 1 
1 1 1 1 1 1 1 1 1 
1 1 1 1 1 1 1 1 1 
1 1 1 1 1 1 1 1 1 
1 1 1 1 1 1 1 1 1 
1 1 1 1 1 1 1 1 1 
1 1 1 1 1 1 1 1 1 
1 1 1 1 1 1 1 1 1 
1 1 1 1 1 1 1 1 1 
1 1 1 1 1 1 1 1 1 
1 1 1 1 1 1 1 1 1 
1 1 1 1 1 1 1 1 1 
1 1 1 1 1 1 1 1 1 
1 1 1 1 1 1 1 1 1 
1 1 1 1 1 1 1 1 1 
1 1 1 1 1 1 1 1 1 
1 1 1 1 1 1 1 1 1 
1 1 1 1 1 1 1 1 1 
1 1 1 1 1 1 1 1 1 
1 1 1 1 1 1 1 1 1 
1 1 1 1 1 1 1 1 1 
1 1 1 1 1 1 1 1 1 
1 1 1 1 1 1 1 1 1 
1 1 1 1 1 1 1 1 1 
1 1 1 1 1 1 1 1 1 
1 1 1 1 1 1 1 1 1 
1 1 1 1 1 1 1 1 1 
1 1 1 1 1 1 1 1 1 
1 1 1 1 1 1 1 1 1 
1 1 1 1 1 1 1 1 1 
1 1 1 1 1 1 1 1 1 
1 1 1 1 1 1 1 1 1 
1 1 1 1 1 1 1 1 1 
1 1 1 1 1 1 1 1 1 
1 1 1 1 1 1 1 1 1 
1 1 1 1 1 1 1 1 1 
1 1 1 1 1 1 1 1 1 
1 1 1 1 1 1 1 1 1 
1 1 1 1 1 1 1 1 1 
1 1 1 1 1 1 1 1 1 
1 1 1 1 1 1 1 1 1 
1 1 1 1 1 1 1 1 1 
1 1 1 1 1 1 1 1 1 
1 1 1 1 1 1 1 1 1 
1 1 1 1 1 1 1 1 1 
1 1 1 1 1 1 1 1 1 
1 1 1 1 1 1 1 1 1 
1 1 1 1 1 1 1 1 1 
1 1 1 1 1 1 1 1 1 
1 1 1 1 1 1 1 1 1 
1 1 1 1 1 1 1 1 1 
1 1 1 1 1 1 1 1 1 
1 1 1 1 1 1 1 1 1 
1 1 1 1 1 1 1 1 1 
1 1 1 1 1 1 1 1 1 
1 1 1 1 1 1 1 1 1 
1 1 1 1 1 1 1 1 1 
1 1 1 1 1 1 1 1 1 
1 1 1 1 1 1 1 1 1 
1 1 1 1 1 1 1 1 1 
1 1 1 1 1 1 1 1 1 
1 1 1 1 1 1 1 1 1 
1 1 1 1 1 1 1 1 1 
1 1 1 1 1 1 1 1 1 
1 1 1 1 1 1 1 1 1 
1 1 1 1 1 1 1 1 1 
1 1 1 1 1 1 1 1 1 
1 1 1 1 1 1 1 1 1 
1 1 1 1 1 1 1 1 1 
1 1 1 1 1 1 1 1 1 
1 1 1 1 1 1 1 1 1 
1 1 1 1 1 1 1 1 1 
1 1 1 1 1 1 1 1 1 
1 1 1 1 1 1 1 1 1 
1 1 1 1 1 1 1 1 1 
1 1 1 1 1 1 1 1 1 
1 1 1 1 1 1 1 1 1 
1 1 1 1 1 1 1 1 1 
1 1 1 1 1 1 1 1 1 
1 1 1 1 1 1 1 1 1 
1 1 1 1 1 1 1 1 1 
1 1 1 1 1 1 1 1 1 
1 1 1 1 1 1 1 1 1 
1 1 1 1 1 1 1 1 1 
1 1 1 1 1 1 1 1 1 
1 1 1 1 1 1 1 1 1 
1 1 1 1 1 1 1 1 1 
1 1 1 1 1 1 1 1 1 
1 1 1 1 1 1 1 1 1 
1 1 1 1 1 1 1 1 1 
1 1 1 1 1 1 1 1 1 
1 1 1 1 1 1 1 1 1 
1 1 1 1 1 1 1 1 1 
1 1 1 1 1 1 1 1 1 
1 1 1 1 1 1 1 1 1 
1 1 1 1 1 1 1 1 1 
1 1 1 1 1 1 1 1 1 
1 1 1 1 1 1 1 1 1 
1 1 1 1 1 1 1 1 1 
1 1 1 1 1 1 1 1 1 
1 1 1 1 1 1 1 1 1 
1 1 1 1 1 1 1 1 1 
1 1 1 1 1 1 1 1 1 
1 1 1 1 1 1 1 1 1 
1 1 1 1 1 1 1 1 1 
1 1 1 1 1 1 1 1 1 
1 1 1 1 1 1 1 1 1 
1 1 1 1 1 1 1 1 1 
1 1 1 1 1 1 1 1 1 
1 1 1 1 1 1 1 1 1 
1 1 1 1 1 1 1 1 1 
1 1 1 1 1 1 1 1 1 
1 1 1 1 1 1 1 1 1 
1 1 1 1 1 1 1 1 1 
1 1 1 1 1 1 1 1 1 
1 1 1 1 1 1 1 1 1 
1 1 1 1 1 1 1 1 1 
1 1 1 1 1 1 1 1 1 
1 1 1 1 1 1 1 1 1 
1 1 1 1 1 1 1 1 1 
1 1 1 1 1 1 1 1 1 
1 1 1 1 1 1 1 1 1 
1 1 1 1 1 1 1 1 1 
1 1 1 1 1 1 1 1 1 
1 1 1 1 1 1 1 1 1 
1 1 1 1 1 1 1 1 1 
1 1 1 1 1 1 1 1 1 
1 1 1 1 1 1 1 1 1 
1 1 1 1 1 1 1 1 1 
1 1 1 1 1 1 1 1 1 
1 1 1 1 1 1 1 1 1 
1 1 1 1 1 1 1 1 1 
1 1 1 1 1 1 1 1 1 
1 1 1 1 1 1 1 1 1 
1 1 1 1 1 1 1 1 1 
1 1 1 1 1 1 1 1 1 
1 1 1 1 1 1 1 1 1 
1 1 1 1 1 1 1 1 1 
1 1 1 1 1 1 1 1 1 
1 1 1 1 1 1 1 1 1 
1 1 1 1 1 1 1 1 1 
1 1 1 1 1 1 1 1 1 
1 1 1 1 1 1 1 1 1 
1 1 1 1 1 1 1 1 1 
1 1 1 1 1 1 1 1 1 
1 1 1 1 1 1 1 1 1 
1 1 1 1 1 1 1 1 1 
1 1 1 1 1 1 1 1 1 
1 1 1 1 1 1 1 1 1 
1 1 1 1 1 1 1 1 1 
1 1 1 1 1 1 1 1 1 
1 1 1 1 1 1 1 1 1 
1 1 1 1 1 1 1 1 1 
1 1 1 1 1 1 1 1 1 
1 1 1 1 1 1 1 1 1 
1 1 1 1 1 1 1 1 1 
1 1 1 1 1 1 1 1 1 
1 1 1 1 1 1 1 1 1 
1 1 1 1 1 1 1 1 1 
1 1 1 1 1 1 1 1 1 
1 1 1 1 1 1 1 1 1 
1 1 1 1 1 1 1 1 1 
1 1 1 1 1 1 1 1 1 
1 1 1 1 1 1 1 1 1 
1 1 1 1 1 1 1 1 1 
1 1 1 1 1 1 1 1 1 
1 1 1 1 1 1 1 1 1 
1 1 1 1 1 1 1 1 1 
1 1 1 1 1 1 1 1 1 
1 1 1 1 1 1 1 1 1 
1 1 1 1 1 1 1 1 1 
1 1 1 1 1 1 1 1 1 
1 1 1 1 1 1 1 1 1 
1 1 1 1 1 1 1 1 1 
1 1 1 1 1 1 1 1 1 
1 1 1 1 1 1 1 1 1 
1 1 1 1 1 1 1 1 1 
1 1 1 1 1 1 1 1 1 
1 1 1 1 1 1 1 1 1 
1 1 1 1 1 1 1 1 1 
1 1 1 1 1 1 1 1 1 
1 1 1 1 1 1 1 1 1 
1 1 1 1 1 1 1 1 1 
1 1 1 1 1 1 1 1 1 
1 1 1 1 1 1 1 1 1 
1 1 1 1 1 1 1 1 1 
1 1 1 1 1 1 1 1 1 
1 1 1 1 1 1 1 1 1 
1 1 1 1 1 1 1 1 1 
1 1 1 1 1 1 1 1 1 
1 1 1 1 1 1 1 1 1 
1 1 1 1 1 1 1 1 1 
1 1 1 1 1 1 1 1 1 
1 1 1 1 1 1 1 1 1 
1 1 1 1 1 1 1 1 1 
1 1 1 1 1 1 1 1 1 
1 1 1 1 1 1 1 1 1 
1 1 1 1 1 1 1 1 1 
1 1 1 1 1 1 1 1 1 
1 1 1 1 1 1 1 1 1 
1 1 1 1 1 1 1 1 1 
1 1 1 1 1 1 1 1 1 
1 1 1 1 1 1 1 1 1 
1 1 1 1 1 1 1 1 1 
1 1 1 1 1 1 1 1 1 
1 1 1 1 1 1 1 1 1 
1 1 1 1 1 1 1 1 1 
1 1 1 1 1 1 1 1 1 
1 1 1 1 1 1 1 1 1 
1 1 1 1 1 1 1 1 1 
1 1 1 1 1 1 1 1 1 
1 1 1 1 1 1 1 1 1 
1 1 1 1 1 1 1 1 1 
1 1 1 1 1 1 1 1 1 
1 1 1 1 1 1 1 1 1 
1 1 1 1 1 1 1 1 1 
1 1 1 1 1 1 1 1 1 
1 1 1 1 1 1 1 1 1 
1 1 1 1 1 1 1 1 1 
1 1 1 1 1 1 1 1 1 
1 1 1 1 1 1 1 1 1 
1 1 1 1 1 1 1 1 1 
1 1 1 1 1 1 1 1 1 
1 1 1 1 1 1 1 1 1 
1 1 1 1 1 1 1 1 1 
1 1 1 1 1 1 1 1 1 
1 1 1 1 1 1 1 1 1 
1 1 1 1 1 1 1 1 1 
1 1 1 1 1 1 1 1 1 
1 1 1 1 1 1 1 1 1 
1 1 1 1 1 1 1 1 1 
1 1 1 1 1 1 1 1 1 
1 1 1 1 1 1 1 1 1 
1 1 1 1 1 1 1 1 1 
1 1 1 1 1 1 1 1 1 
1 1 1 1 1 1 1 1 1 
1 1 1 1 1 1 1 1 1 
1 1 1 1 1 1 1 1 1 
1 1 1 1 1 1 1 1 1 
1 1 1 1 1 1 1 1 1 
1 1 1 1 1 1 1 1 1 
1 1 1 1 1 1 1 1 1 
1 1 1 1 1 1 1 1 1 
1 1 1 1 1 1 1 1 1 
1 1 1 1 1 1 1 1 1 
1 1 1 1 1 1 1 1 1 
1 1 1 1 1 1 1 1 1 
1 1 1 1 1 1 1 1 1 
1 1 1 1 1 1 1 1 1 
1 1 1 1 1 1 1 1 1 
1 1 1 1 1 1 1 1 1 
1 1 1 1 1 1 1 1 1 
1 1 1 1 1 1 1 1 1 
1 1 1 1 1 1 1 1 1 
1 1 1 1 1 1 1 1 1 
1 1 1 1 1 1 1 1 1 
1 1 1 1 1 1 1 1 1 
1 1 1 1 1 1 1 1 1 
1 1 1 1 1 1 1 1 1 
1 1 1 1 1 1 1 1 1 
1 1 1 1 1 1 1 1 1 
1 1 1 1 1 1 1 1 1 
1 1 1 1 1 1 1 1 1 
1 1 1 1 1 1 1 1 1 
1 1 1 1 1 1 1 1 1 
1 1 1 1 1 1 1 1 1 
1 1 1 1 1 1 1 1 1 
1 1 1 1 1 1 1 1 1 
1 1 1 1 1 1 1 1 1 
1 1 1 1 1 1 1 1 1 
1 1 1 1 1 1 1 1 1 
1 1 1 1 1 1 1 1 1 
1 1 1 1 1 1 1 1 1 
1 1 1 1 1 1 1 1 1 
1 1 1 1 1 1 1 1 1 
1 1 1 1 1 1 1 1 1 
1 1 1 1 1 1 1 1 1 
1 1 1 1 1 1 1 1 1 
1 1 1 1 1 1 1 1 1 
1 1 1 1 1 1 1 1 1 
1 1 1 1 1 1 1 1 1 
1 1 1 1 1 1 1 1 1 
1 1 1 1 1 1 1 1 1 
1 1 1 1 1 1 1 1 1 
1 1 1 1 1 1 1 1 1 
1 1 1 1 1 1 1 1 1 
1 1 1 1 1 1 1 1 1 
1 1 1 1 1 1 1 1 1 
1 1 1 1 1 1 1 1 1 
1 1 1 1 1 1 1 1 1 
1 1 1 1 1 1 1 1 1 
1 1 1 1 1 1 1 1 1 
1 1 1 1 1 1 1 1 1 
1 1 1 1 1 1 1 1 1 
1 1 1 1 1 1 1 1 1 
1 1 1 1 1 1 1 1 1 
1 1 1 1 1 1 1 1 1 
1 1 1 1 1 1 1 1 1 
1 1 1 1 1 1 1 1 1 
1 1 1 1 1 1 1 1 1 
1 1 1 1 1 1 1 1 1 
1 1 1 1 1 1 1 1 1 
1 1 1 1 1 1 1 1 1 
1 1 1 1 1 1 1 1 1 
1 1 1 1 1 1 1 1 1 
1 1 1 1 1 1 1 1 1 
1 1 1 1 1 1 1 1 1 
1 1 1 1 1 1 1 1 1 
1 1 1 1 1 1 1 1 1 
1 1 1 1 1 1 1 1 1 
1 1 1 1 1 1 1 1 1 
1 1 1 1 1 1 1 1 1 
1 1 1 1 1 1 1 1 1 
1 1 1 1 1 1 1 1 1 
1 1 1 1 1 1 1 1 1 
1 1 1 1 1 1 1 1 1 
1 1 1 1 1 1 1 1 1 
1 1 1 1 1 1 1 1 1 
1 1 1 1 1 1 1 1 1 
1 1 1 1 1 1 1 1 1 
1 1 1 1 1 1 1 1 1 
1 1 1 1 1 1 1 1 1 
1 1 1 1 1 1 1 1 1 
1 1 1 1 1 1 1 1 1 
1 1 1 1 1 1 1 1 1 
1 1 1 1 1 1 1 1 1 
1 1 1 1 1 1 1 1 1 
1 1 1 1 1 1 1 1 1 
1 1 1 1 1 1 1 1 1 
1 1 1 1 1 1 1 1 1 
1 1 1 1 1 1 1 1 1 
1 1 1 1 1 1 1 1 1 
1 1 1 1 1 1 1 1 1 
1 1 1 1 1 1 1 1 1 
1 1 1 1 1 1 1 1 1 
1 1 1 1 1 1 1 1 1 
1 1 1 1 1 1 1 1 1 
1 1 1 1 1 1 1 1 1 
1 1 1 1 1 1 1 1 1 
1 1 1 1 1 1 1 1 1 
1 1 1 1 1 1 1 1 1 
1 1 1 1 1 1 1 1 1 
1 1 1 1 1 1 1 1 1 
1 1 1 1 1 1 1 1 1 
1 1 1 1 1 1 1 1 1 
1 1 1 1 1 1 1 1 1 
1 1 1 1 1 1 1 1 1 
1 1 1 1 1 1 1 1 1 
1 1 1 1 1 1 1 1 1 
1 1 1 1 1 1 1 1 1 
1 1 1 1 1 1 1 1 1 
1 1 1 1 1 1 1 1 1 
1 1 1 1 1 1 1 1 1 
1 1 1 1 1 1 1 1 1 
1 1 1 1 1 1 1 1 1 
1 1 1 1 1 1 1 1 1 
1 1 1 1 1 1 1 1 1 
1 1 1 1 1 1 1 1 1 
1 1 1 1 1 1 1 1 1 
1 1 1 1 1 1 1 1 1 
1 1 1 1 1 1 1 1 1 
1 1 1 1 1 1 1 1 1 
1 1 1 1 1 1 1 1 1 
1 1 1 1 1 1 1 1 1 
1 1 1 1 1 1 1 1 1 
1 1 1 1 1 1 1 1 1 
1 1 1 1 1 1 1 1 1 
1 1 1 1 1 1 1 1 1 
1 1 1 1 1 1 1 1 1 
1 1 1 1 1 1 1 1 1 
1 1 1 1 1 1 1 1 1 
1 1 1 1 1 1 1 1 1 
1 1 1 1 1 1 1 1 1 
1 1 1 1 1 1 1 1 1 
1 1 1 1 1 1 1 1 1 
1 1 1 1 1 1 1 1 1 
1 1 1 1 1 1 1 1 1 
1 1 1 1 1 1 1 1 1 
1 1 1 1 1 1 1 1 1 
1 1 1 1 1 1 1 1 1 
1 1 1 1 1 1 1 1 1 
1 1 1 1 1 1 1 1 1 
1 1 1 1 1 1 1 1 1 
1 1 1 1 1 1 1 1 1 
1 1 1 1 1 1 1 1 1 
1 1 1 1 1 1 1 1 1 
1 1 1 1 1 1 1 1 1 
1 1 1 1 1 1 1 1 1 
1 1 1 1 1 1 1 1 1 
1 1 1 1 1 1 1 1 1 
1 1 1 1 1 1 1 1 1 
1 1 1 1 1 1 1 1 1 
1 1 1 1 1 1 1 1 1 
1 1 1 1 1 1 1 1 1 
1 1 1 1 1 1 1 1 1 
1 1 1 1 1 1 1 1 1 
1 1 1 1 1 1 1 1 1 
1 1 1 1 1 1 1 1 1 
1 1 1 1 1 1 1 1 1 
1 1 1 1 1 1 1 1 1 
1 1 1 1 1 1 1 1 1 
1 1 1 1 1 1 1 1 1 
1 1 1 1 1 1 1 1 1 
1 1 1 1 1 1 1 1 1 
1 1 1 1 1 1 1 1 1 
1 1 1 1 1 1 1 1 1 
1 1 1 1 1 1 1 1 1 
1 1 1 1 1 1 1 1 1 
1 1 1 1 1 1 1 1 1 
1 1 1 1 1 1 1 1 1 
1 1 1 1 1 1 1 1 1 
1 1 1 1 1 1 1 1 1 
1 1 1 1 1 1 1 1 1 
1 1 1 1 1 1 1 1 1 
1 1 1 1 1 1 1 1 1 
1 1 1 1 1 1 1 1 1 
1 1 1 1 1 1 1 1 1 
1 1 1 1 1 1 1 1 1 
1 1 1 1 1 1 1 1 1 
1 1 1 1 1 1 1 1 1 
1 1 1 1 1 1 1 1 1 
1 1 1 1 1 1 1 1 1 
1 1 1 1 1 1 1 1 1 
1 1 1 1 1 1 1 1 1 
1 1 1 1 1 1 1 1 1 
1 1 1 1 1 1 1 1 1 
1 1 1 1 1 1 1 1 1 
1 1 1 1 1 1 1 1 1 
1 1 1 1 1 1 1 1 1 
1 1 1 1 1 1 1 1 1 
1 1 1 1 1 1 1 1 1 
1 1 1 1 1 1 1 1 1 
1 1 1 1 1 1 1 1 1 
1 1 1 1 1 1 1 1 1 
1 1 1 1 1 1 1 1 1 
1 1 1 1 1 1 1 1 1 
1 1 1 1 1 1 1 1 1 
1 1 1 1 1 1 1 1 1 
1 1 1 1 1 1 1 1 1 
1 1 1 1 1 1 1 1 1 
1 1 1 1 1 1 1 1 1 
1 1 1 1 1 1 1 1 1 
1 1 1 1 1 1 1 1 1 
1 1 1 1 1 1 1 1 1 
1 1 1 1 1 1 1 1 1 
1 1 1 1 1 1 1 1 1 
1 1 1 1 1 1 1 1 1 
1 1 1 1 1 1 1 1 1 
1 1 1 1 1 1 1 1 1 
1 1 1 1 1 1 1 1 1 
1 1 1 1 1 1 1 1 1 
1 1 1 1 1 1 1 1 1 
1 1 1 1 1 1 1 1 1 
1 1 1 1 1 1 1 1 1 
1 1 1 1 1 1 1 1 1 
1 1 1 1 1 1 1 1 1 
1 1 1 1 1 1 1 1 1 
1 1 1 1 1 1 1 1 1 
1 1 1 1 1 1 1 1 1 
1 1 1 1 1 1 1 1 1 
1 1 1 1 1 1 1 1 1 
1 1 1 1 1 1 1 1 1 
1 1 1 1 1 1 1 1 1 
1 1 1 1 1 1 1 1 1 
1 1 1 1 1 1 1 1 1 
1 1 1 1 1 1 1 1 1 
1 1 1 1 1 1 1 1 1 
1 1 1 1 1 1 1 1 1 
1 1 1 1 1 1 1 1 1 
1 1 1 1 1 1 1 1 1 
1 1 1 1 1 1 1 1 1 
1 1 1 1 1 1 1 1 1 
1 1 1 1 1 1 1 1 1 
1 1 1 1 1 1 1 1 1 
1 1 1 1 1 1 1 1 1 
1 1 1 1 1 1 1 1 1 
1 1 1 1 1 1 1 1 1 
1 1 1 1 1 1 1 1 1 
1 1 1 1 1 1 1 1 1 
1 1 1 1 1 1 1 1 1 
1 1 1 1 1 1 1 1 1 
1 1 1 1 1 1 1 1 1 
1 1 1 1 1 1 1 1 1 
1 1 1 1 1 1 1 1 1 
1 1 1 1 1 1 1 1 1 
1 1 1 1 1 1 1 1 1 
1 1 1 1 1 1 1 1 1 
1 1 1 1 1 1 1 1 1 
1 1 1 1 1 1 1 1 1 
1 1 1 1 1 1 1 1 1 
1 1 1 1 1 1 1 1 1 
1 1 1 1 1 1 1 1 1 
1 1 1 1 1 1 1 1 1 
1 1 1 1 1 1 1 1 1 
1 1 1 1 1 1 1 1 1 
1 1 1 1 1 1 1 1 1 
1 1 1 1 1 1 1 1 1 
1 1 1 1 1 1 1 1 1 
1 1 1 1 1 1 1 1 1 
1 1 1 1 1 1 1 1 1 
1 1 1 1 1 1 1 1 1 
1 1 1 1 1 1 1 1 1 
1 1 1 1 1 1 1 1 1 
1 1 1 1 1 1 1 1 1 
1 1 1 1 1 1 1 1 1 
1 1 1 1 1 1 1 1 1 
1 1 1 1 1 1 1 1 1 
1 1 1 1 1 1 1 1 1 
1 1 1 1 1 1 1 1 1 
1 1 1 1 1 1 1 1 1 
1 1 1 1 1 1 1 1 1 
1 1 1 1 1 1 1 1 1 
1 1 1 1 1 1 1 1 1 
1 1 1 1 1 1 1 1 1 
1 1 1 1 1 1 1 1 1 
1 1 1 1 1 1 1 1 1 
1 1 1 1 1 1 1 1 1 
1 1 1 1 1 1 1 1 1 
1 1 1 1 1 1 1 1 1 
1 1 1 1 1 1 1 1 1 
1 1 1 1 1 1 1 1 1 
1 1 1 1 1 1 1 1 1 
1 1 1 1 1 1 1 1 1 
1 1 1 1 1 1 1 1 1 
1 1 1 1 1 1 1 1 1 
1 1 1 1 1 1 1 1 1 
1 1 1 1 1 1 1 1 1 
1 1 1 1 1 1 1 1 1 
1 1 1 1 1 1 1 1 1 
1 1 1 1 1 1 1 1 1 
1 1 1 1 1 1 1 1 1 
1 1 1 1 1 1 1 1 1 
1 1 1 1 1 1 1 1 1 
1 1 1 1 1 1 1 1 1 
1 1 1 1 1 1 1 1 1 
1 1 1 1 1 1 1 1 1 
1 1 1 1 1 1 1 1 1 
1 1 1 1 1 1 1 1 1 
1 1 1 1 1 1 1 1 1 
1 1 1 1 1 1 1 1 1 
1 1 1 1 1 1 1 1 1 
1 1 1 1 1 1 1 1 1 
1 1 1 1 1 1 1 1 1 
1 1 1 1 1 1 1 1 1 
1 1 1 1 1 1 1 1 1 
1 1 1 1 1 1 1 1 1 
1 1 1 1 1 1 1 1 1 
1 1 1 1 1 1 1 1 1 
1 1 1 1 1 1 1 1 1 
1 1 1 1 1 1 1 1 1 
1 1 1 1 1 1 1 1 1 
1 1 1 1 1 1 1 1 1 
1 1 1 1 1 1 1 1 1 
1 1 1 1 1 1 1 1 1 
1 1 1 1 1 1 1 1 1 
1 1 1 1 1 1 1 1 1 
1 1 1 1 1 1 1 1 1 
1 1 1 1 1 1 1 1 1 
1 1 1 1 1 1 1 1 1 
1 1 1 1 1 1 1 1 1 
1 1 1 1 1 1 1 1 1 
1 1 1 1 1 1 1 1 1 
1 1 1 1 1 1 1 1 1 
1 1 1 1 1 1 1 1 1 
1 1 1 1 1 1 1 1 1 
1 1 1 1 1 1 1 1 1 
1 1 1 1 1 1 1 1 1 
1 1 1 1 1 1 1 1 1 
1 1 1 1 1 1 1 1 1 
1 1 1 1 1 1 1 1 1 
1 1 1 1 1 1 1 1 1 
1 1 1 1 1 1 1 1 1 
1 1 1 1 1 1 1 1 1 
1 1 1 1 1 1 1 1 1 
1 1 1 1 1 1 1 1 1 
1 1 1 1 1 1 1 1 1 
1 1 1 1 1 1 1 1 1 
1 1 1 1 1 1 1 1 1 
1 1 1 1 1 1 1 1 1 
1 1 1 1 1 1 1 1 1 
1 1 1 1 1 1 1 1 1 
1 1 1 1 1 1 1 1 1 
1 1 1 1 1 1 1 1 1 
1 1 1 1 1 1 1 1 1 
1 1 1 1 1 1 1 1 1 
1 1 1 1 1 1 1 1 1 
1 1 1 1 1 1 1 1 1 
1 1 1 1 1 1 1 1 1 
1 1 1 1 1 1 1 1 1 
1 1 1 1 1 1 1 1 1 
1 1 1 1 1 1 1 1 1 
1 1 1 1 1 1 1 1 1 
1 1 1 1 1 1 1 1 1 
1 1 1 1 1 1 1 1 1 
1 1 1 1 1 1 1 1 1 
1 1 1 1 1 1 1 1 1 
1 1 1 1 1 1 1 1 1 
1 1 1 1 1 1 1 1 1 
1 1 1 1 1 1 1 1 1 
1 1 1 1 1 1 1 1 1 
1 1 1 1 1 1 1 1 1 
1 1 1 1 1 1 1 1 1 
1 1 1 1 1 1 1 1 1 
1 1 1 1 1 1 1 1 1 
1 1 1 1 1 1 1 1 1 
1 1 1 1 1 1 1 1 1 
1 1 1 1 1 1 1 1 1 
1 1 1 1 1 1 1 1 1 
1 1 1 1 1 1 1 1 1 
1 1 1 1 1 1 1 1 1 
1 1 1 1 1 
