# vtk DataFile Version 5.1
vtk output
ASCII
DATASET POLYDATA
POINTS 3524 float
0.286922 -0.0321145 0.660959 0.284912 -0.0262208 0.639352 0.268192 -0.0372156 0.64961 
0.299251 -0.0424963 0.64528 0.222424 -0.0488233 0.685803 0.220414 -0.0429297 0.664196 
0.203695 -0.0539245 0.674454 0.253483 -0.054104 0.681474 0.251473 -0.0482104 0.659867 
0.284542 -0.0593847 0.677144 0.296871 -0.0697666 0.661464 0.220044 -0.0760936 0.701988 
0.201314 -0.0811947 0.690638 0.232373 -0.0864754 0.686309 0.249092 -0.0754806 0.676051 
0.280151 -0.0807613 0.671722 0.215653 -0.0974702 0.696566 0.442956 0.00780987 0.563727 
0.440946 0.0137035 0.54212 0.424226 0.00270874 0.552377 0.455285 -0.00257196 0.548048 
0.3474 -0.00361829 0.592901 0.345389 0.00227535 0.571294 0.32867 -0.00871943 0.581551 
0.378458 -0.00889899 0.588571 0.376448 -0.00300535 0.566964 0.390787 -0.0192808 0.572892 
0.438566 -0.0135667 0.558305 0.220784 -0.00976576 0.626405 0.218774 -0.00387212 0.604798 
0.202055 -0.0148669 0.615055 0.251843 -0.0150465 0.622075 0.249833 -0.00915282 0.600468 
0.282902 -0.0203272 0.617745 0.280892 -0.0144335 0.596138 0.31396 -0.0256079 0.613416 
0.31195 -0.0197142 0.591809 0.345019 -0.0308886 0.609086 0.357348 -0.0412704 0.593406 
0.374068 -0.0302756 0.583149 0.156287 -0.0264746 0.651249 0.154277 -0.020581 0.629642 
0.137557 -0.0315758 0.639899 0.187345 -0.0317553 0.646919 0.185335 -0.0258617 0.625312 
0.218404 -0.037036 0.642589 0.249463 -0.0423167 0.63826 0.31158 -0.0528781 0.6296 
0.323909 -0.06326 0.613921 0.340629 -0.0522652 0.603663 0.122848 -0.0484642 0.671763 
0.120838 -0.0425705 0.650156 0.104118 -0.0535653 0.660414 0.153906 -0.0537449 0.667434 
0.184965 -0.0590256 0.663104 0.29047 -0.0852495 0.634435 0.30719 -0.0742548 0.624178 
0.120467 -0.0757345 0.687948 0.101738 -0.0808356 0.676598 0.151526 -0.0810152 0.683618 
0.182585 -0.0862959 0.679289 0.225972 -0.101958 0.659279 0.242692 -0.0909636 0.649022 
0.273751 -0.0962443 0.644692 -0.00614789 -0.0818819 0.721452 -0.00815798 -0.0759883 0.699845 
-0.0248775 -0.0869831 0.710102 0.0249108 -0.0871626 0.717122 0.0229007 -0.081269 0.695515 
0.0559695 -0.0924433 0.712792 0.0539594 -0.0865497 0.691185 0.0870282 -0.097724 0.708462 
0.0850181 -0.0918304 0.686855 0.118087 -0.103005 0.704133 0.149146 -0.108285 0.699803 
0.180204 -0.113566 0.695473 0.209253 -0.112953 0.669536 0.192533 -0.123948 0.679794 
-0.0706456 -0.0985908 0.746296 -0.0726557 -0.0926972 0.724689 -0.0893753 -0.103692 0.734946 
-0.0395869 -0.103872 0.741966 -0.041597 -0.0979779 0.720359 -0.00852824 -0.109152 0.737636 
0.0225305 -0.114433 0.733307 0.0535892 -0.119714 0.728977 0.0846479 -0.124994 0.724647 
0.115707 -0.130275 0.720317 0.146765 -0.135556 0.715988 0.159094 -0.145938 0.700308 
0.175814 -0.134943 0.690051 -0.0750361 -0.119967 0.740874 -0.0439774 -0.125248 0.736544 
-0.0129187 -0.130529 0.732214 0.01814 -0.13581 0.727884 0.0324792 -0.152085 0.733812 
0.0512088 -0.146984 0.745161 0.0822675 -0.152265 0.740832 0.0945966 -0.162646 0.725152 
0.111316 -0.151652 0.714895 0.142375 -0.156932 0.710565 0.0468184 -0.16836 0.739739 
0.0778771 -0.173641 0.735409 0.381579 0.0846991 0.496803 0.379569 0.0905927 0.475197 
0.362849 0.079598 0.485454 0.412638 0.0794184 0.492474 0.410628 0.0853121 0.470867 
0.424967 0.0690366 0.476794 0.286023 0.0732709 0.525977 0.284013 0.0791646 0.50437 
0.267293 0.0681698 0.514628 0.317081 0.0679902 0.521648 0.315071 0.0738839 0.500041 
0.34814 0.0627095 0.517318 0.34613 0.0686032 0.495711 0.379199 0.0574288 0.512988 
0.410257 0.0521481 0.508658 0.439306 0.0527611 0.482722 0.441316 0.0468674 0.504329 
0.453645 0.0364856 0.488649 0.221525 0.0565621 0.550822 0.219515 0.0624557 0.529215 
0.202795 0.0514609 0.539472 0.252584 0.0512814 0.546492 0.250574 0.057175 0.524885 
0.283642 0.0460007 0.542162 0.314701 0.04072 0.537832 0.34576 0.0354393 0.533503 
0.376818 0.0301586 0.529173 0.407877 0.0248779 0.524843 0.438936 0.0195972 0.520513 
0.467984 0.0202101 0.494576 0.469995 0.0143165 0.516183 0.482324 0.00393464 0.500504 
0.157027 0.0398532 0.575666 0.155017 0.0457468 0.554059 0.138298 0.0347521 0.564316 
0.188086 0.0345725 0.571336 0.186076 0.0404661 0.549729 0.219145 0.0292918 0.567006 
0.250203 0.0240111 0.562676 0.281262 0.0187304 0.558347 0.312321 0.0134497 0.554017 
0.343379 0.008169 0.549687 0.374438 0.0028883 0.545357 0.405497 -0.0023924 0.541028 
0.465604 -0.00706015 0.510761 0.448885 -0.0180549 0.521018 0.123588 0.0178636 0.59618 
0.121578 0.0237573 0.574573 0.104858 0.0127625 0.58483 0.154647 0.0125829 0.59185 
0.185706 0.00730223 0.587521 0.216764 0.00202153 0.583191 0.247823 -0.00325917 0.578861 
0.278882 -0.00853987 0.574531 0.30994 -0.0138206 0.570202 0.403116 -0.0296627 0.557212 
0.434175 -0.0349434 0.552882 0.446504 -0.0453252 0.537203 0.0590904 0.00115476 0.621024 
0.0570803 0.00704841 0.599417 0.0403607 -0.00394637 0.609675 0.0901491 -0.00412594 0.616695 
0.088139 0.00176771 0.595088 0.121208 -0.00940664 0.612365 0.152266 -0.0146873 0.608035 
0.183325 -0.019968 0.603705 0.369677 -0.0516522 0.577727 0.400736 -0.0569329 0.573397 
0.413065 -0.0673148 0.557717 0.429785 -0.05632 0.54746 -0.00540738 -0.0155541 0.645868 
-0.00741747 -0.00966046 0.624261 -0.024137 -0.0206552 0.634519 0.0256513 -0.0208348 0.641539 
0.0236412 -0.0149412 0.619932 0.05671 -0.0261155 0.637209 0.0877687 -0.0313962 0.632879 
0.118827 -0.0366769 0.628549 0.317509 -0.0787429 0.586891 0.334228 -0.0677482 0.576634 
0.365287 -0.0730288 0.572304 0.396346 -0.0783096 0.567975 -0.100964 -0.0269823 0.675042 
-0.102974 -0.0210886 0.653435 -0.119693 -0.0320834 0.663693 -0.0699051 -0.032263 0.670713 
-0.0719152 -0.0263693 0.649106 -0.0388464 -0.0375437 0.666383 -0.0408565 -0.03165 0.644776 
-0.00778773 -0.0428244 0.662053 0.023271 -0.0481051 0.657723 0.0543297 -0.0533858 0.653394 
0.0853884 -0.0586665 0.649064 0.28407 -0.100733 0.607406 0.300789 -0.0897377 0.597148 
-0.134403 -0.0489718 0.695557 -0.136413 -0.0430782 0.67395 -0.153132 -0.054073 0.684207 
-0.103344 -0.0542525 0.691227 -0.0722855 -0.0595332 0.686897 -0.0412268 -0.0648139 0.682568 
-0.0101681 -0.0700946 0.678238 0.0208906 -0.0753753 0.673908 0.0519493 -0.080656 0.669578 
0.083008 -0.0859367 0.665248 0.219572 -0.117441 0.63225 0.236291 -0.106447 0.621993 
0.26735 -0.111727 0.617663 -0.138793 -0.0703485 0.690134 -0.124454 -0.0866239 0.696062 
-0.105725 -0.0815228 0.707412 -0.0746658 -0.0868035 0.703082 -0.0436071 -0.0920842 0.698752 
0.186133 -0.139431 0.652764 0.202852 -0.128436 0.642507 -0.108105 -0.108793 0.723596 
-0.126834 -0.113894 0.712247 0.152694 -0.161421 0.673279 0.169413 -0.150426 0.663021 
-0.110485 -0.136063 0.739781 -0.129215 -0.141164 0.728431 -0.0814366 -0.13545 0.713844 
-0.0981561 -0.146445 0.724101 -0.0503779 -0.140731 0.709514 -0.0193192 -0.146012 0.705185 
0.0137496 -0.157186 0.722462 -0.00498001 -0.162287 0.711112 0.0881961 -0.178129 0.698123 
0.104916 -0.167135 0.687866 0.135974 -0.172415 0.683536 -0.114876 -0.15744 0.734359 
0.00935917 -0.178563 0.717039 0.0404179 -0.183843 0.71271 0.0714766 -0.189124 0.70838 
0.379939 0.123757 0.437405 0.377929 0.12965 0.415798 0.36121 0.118656 0.426055 
0.392268 0.113375 0.421725 0.315441 0.107048 0.462249 0.313431 0.112941 0.440642 
0.296712 0.101947 0.450899 0.3465 0.101767 0.457919 0.34449 0.107661 0.436312 
0.377559 0.0964864 0.453589 0.406608 0.0970993 0.427653 0.408618 0.0912057 0.44926 
0.420947 0.0808239 0.43358 0.282002 0.0850582 0.482763 0.279992 0.0909519 0.461156 
0.263273 0.0799571 0.471414 0.313061 0.0797775 0.478434 0.34412 0.0744968 0.474104 
0.437296 0.0586547 0.461115 0.435286 0.0645484 0.439508 0.449625 0.0482729 0.445435 
0.217505 0.0683494 0.507608 0.215495 0.074243 0.486001 0.198775 0.0632482 0.496258 
0.248563 0.0630687 0.503278 0.246553 0.0689623 0.481671 0.447245 0.0210026 0.46162 
0.153007 0.0516405 0.532452 0.150997 0.0575341 0.510845 0.134277 0.0465394 0.521102 
0.184066 0.0463598 0.528122 0.182056 0.0522534 0.506515 0.463594 -0.0011665 0.489154 
0.444864 -0.00626763 0.477804 -0.0667843 0.0613351 0.578945 -0.0687944 0.0672288 0.557338 
-0.0855139 0.056234 0.567595 -0.0357256 0.0560544 0.574615 -0.0377357 0.0619481 0.553008 
-0.0233965 0.0456726 0.558935 0.0263918 0.045493 0.565955 0.0243817 0.0513867 0.544348 
0.00766221 0.0403919 0.554606 0.0574505 0.0402123 0.561626 0.0554404 0.046106 0.540019 
0.0885092 0.0349316 0.557296 0.0864991 0.0408253 0.535689 0.119568 0.0296509 0.552966 
0.117558 0.0355446 0.531359 0.442484 -0.0335379 0.493989 -0.131282 0.0446263 0.603789 
-0.133292 0.0505199 0.582182 -0.150012 0.0395251 0.592439 -0.100223 0.0393456 0.599459 
-0.102233 0.0452392 0.577852 -0.0691646 0.0340649 0.595129 -0.0381059 0.0287842 0.5908 
-0.00905731 0.0293971 0.564863 -0.00704722 0.0235035 0.58647 0.0240115 0.0182228 0.58214 
0.0550702 0.0129421 0.57781 0.0861289 0.00766136 0.573481 0.440104 -0.0608082 0.510173 
-0.164721 0.0226367 0.624303 -0.166731 0.0285303 0.602696 -0.183451 0.0175356 0.612954 
-0.133662 0.017356 0.619974 -0.102604 0.0120753 0.615644 -0.071545 0.00679459 0.611314 
-0.0404863 0.00151389 0.606984 -0.00942756 -0.00376681 0.602655 0.0216311 -0.00904751 0.598325 
0.406665 -0.0827977 0.530688 0.423384 -0.071803 0.520431 -0.167101 -0.00463358 0.640488 
-0.185831 -0.00973472 0.629138 -0.136043 -0.00991428 0.636158 -0.104984 -0.015195 0.631828 
-0.0739253 -0.0204757 0.627499 -0.0428666 -0.0257564 0.623169 0.329838 -0.0891248 0.571212 
0.342167 -0.0995066 0.555532 0.358886 -0.0885118 0.545275 0.389945 -0.0937925 0.540945 
-0.169482 -0.0319038 0.656673 -0.188211 -0.037005 0.645323 -0.138423 -0.0371845 0.652343 
0.277669 -0.116215 0.580376 0.294389 -0.105221 0.570119 0.325447 -0.110501 0.565789 
-0.173872 -0.0532805 0.65125 -0.159533 -0.0695559 0.657178 0.231901 -0.127823 0.61657 
0.24423 -0.138205 0.600891 0.26095 -0.12721 0.590633 -0.143184 -0.0917251 0.684712 
-0.161913 -0.0968262 0.673362 0.179732 -0.154914 0.625735 0.196452 -0.143919 0.615478 
0.227511 -0.1492 0.611148 -0.145564 -0.118995 0.700897 -0.164294 -0.124096 0.689547 
0.133964 -0.166522 0.661929 0.115235 -0.171623 0.650579 0.131954 -0.160628 0.640322 
0.163013 -0.165909 0.635992 -0.149955 -0.140372 0.695474 -0.118896 -0.145653 0.691145 
-0.116886 -0.151546 0.712752 -0.0878371 -0.150933 0.686815 -0.0567784 -0.156214 0.682485 
-0.0257197 -0.161495 0.678155 0.00533899 -0.166775 0.673826 0.00734908 -0.172669 0.695432 
0.0363977 -0.172056 0.669496 0.0384078 -0.17795 0.691103 0.0674564 -0.177337 0.665166 
0.0694665 -0.183231 0.686773 0.0985151 -0.182618 0.660836 0.34486 0.140825 0.398521 
0.34285 0.146718 0.376914 0.326131 0.135724 0.387171 0.357189 0.130443 0.382841 
0.311421 0.118835 0.419035 0.309411 0.124729 0.397428 0.292692 0.113734 0.407685 
0.34248 0.113554 0.414705 0.371529 0.114167 0.388769 0.385868 0.0978919 0.394696 
0.277982 0.0968455 0.439549 0.275972 0.102739 0.417942 0.259253 0.0917444 0.4282 
0.400207 0.0816164 0.400623 0.414546 0.0653409 0.406551 0.213485 0.0801367 0.464394 
0.211474 0.0860303 0.442787 0.194755 0.0750355 0.453044 0.244543 0.074856 0.460064 
0.242533 0.0807496 0.438457 0.430895 0.0431718 0.434085 0.412166 0.0380706 0.422735 
0.148987 0.0634278 0.489238 0.146977 0.0693214 0.467631 0.130257 0.0583267 0.477888 
0.180045 0.0581471 0.484908 0.178035 0.0640407 0.463301 0.426505 0.0217951 0.428663 
0.440844 0.00551966 0.43459 -0.132922 0.0836838 0.54439 -0.134932 0.0895775 0.522783 
-0.151651 0.0785827 0.533041 -0.101863 0.0784031 0.540061 -0.103873 0.0842968 0.518454 
-0.0708045 0.0731224 0.535731 -0.0728145 0.0790161 0.514124 -0.0397458 0.0678417 0.531401 
-0.0417558 0.0737354 0.509794 -0.00868706 0.062561 0.527071 -0.0106971 0.0684547 0.505464 
0.0223716 0.0572803 0.522741 0.0203616 0.063174 0.501135 0.0534303 0.0519996 0.518412 
0.0514203 0.0578933 0.496805 0.084489 0.0467189 0.514082 0.082479 0.0526126 0.492475 
0.115548 0.0414382 0.509752 0.113538 0.0473319 0.488145 0.438464 -0.0217506 0.450775 
-0.166361 0.0616942 0.564905 -0.168371 0.0675879 0.543298 -0.185091 0.0565931 0.553555 
-0.135302 0.0564135 0.560575 -0.104244 0.0511329 0.556245 -0.0110674 0.0352908 0.543256 
0.436083 -0.0490209 0.46696 -0.168741 0.034424 0.581089 -0.187471 0.0293228 0.56974 
0.421374 -0.0659093 0.498824 0.402644 -0.0710104 0.487474 0.419364 -0.0600157 0.477217 
-0.20218 0.0124344 0.601604 -0.20419 0.0183281 0.579997 -0.22091 0.00733328 0.590254 
0.400264 -0.0982807 0.503659 -0.204561 -0.0148359 0.617788 -0.22329 -0.019937 0.606439 
0.323437 -0.104608 0.544182 0.304708 -0.109709 0.532833 0.321427 -0.0987141 0.522575 
0.352486 -0.103995 0.518246 0.383545 -0.109275 0.513916 -0.208951 -0.0362125 0.612366 
-0.194612 -0.052488 0.618293 0.271269 -0.131698 0.553347 0.287988 -0.120704 0.54309 
-0.178263 -0.0746571 0.645828 -0.196992 -0.0797582 0.634478 0.2255 -0.143306 0.589541 
0.206771 -0.148407 0.578191 0.22349 -0.137413 0.567934 0.254549 -0.142693 0.563604 
-0.182653 -0.0960337 0.640406 -0.168314 -0.112309 0.646333 0.161003 -0.160015 0.614385 
0.142273 -0.165116 0.603035 0.158993 -0.154121 0.592778 0.190051 -0.159402 0.588448 
-0.170694 -0.139579 0.662518 0.108834 -0.187106 0.62355 0.125554 -0.176111 0.613292 
-0.156355 -0.155855 0.668445 -0.125296 -0.161136 0.664115 -0.0942376 -0.166416 0.659785 
-0.0631789 -0.171697 0.655456 -0.0321202 -0.176978 0.651126 -0.00106153 -0.182258 0.646796 
0.0299972 -0.187539 0.642466 0.0610559 -0.19282 0.638137 0.0921146 -0.198101 0.633807 
0.312162 0.185163 0.343452 0.310152 0.191057 0.321845 0.293432 0.180062 0.332102 
0.324491 0.174781 0.327772 0.309781 0.157893 0.359636 0.291052 0.152792 0.348287 
0.33883 0.158506 0.3337 0.34084 0.152612 0.355307 0.353169 0.14223 0.339627 
0.276342 0.135903 0.380151 0.274332 0.141797 0.358544 0.257613 0.130802 0.368801 
0.307401 0.130622 0.375821 0.350789 0.11496 0.355812 0.242903 0.113914 0.400665 
0.240893 0.119807 0.379058 0.224174 0.108812 0.389315 0.273962 0.108633 0.396335 
0.365128 0.0986844 0.361739 0.379467 0.0824089 0.367667 0.209464 0.091924 0.42118 
0.207454 0.0978176 0.399573 0.190735 0.0868228 0.40983 0.240523 0.0866433 0.41685 
0.395817 0.0602398 0.395201 0.377087 0.0551386 0.383851 0.144967 0.0752151 0.446024 
0.142957 0.0811087 0.424417 0.126237 0.0701139 0.434674 0.176025 0.0699344 0.441694 
0.174015 0.075828 0.420087 0.393436 0.0329695 0.411386 0.374707 0.0278684 0.400036 
-0.0437659 0.079629 0.488187 -0.045776 0.0855227 0.46658 -0.0624955 0.0745279 0.476837 
-0.0127072 0.0743483 0.483857 -0.0147173 0.080242 0.46225 0.0183515 0.0690676 0.479528 
0.0163414 0.0749613 0.457921 0.0494102 0.0637869 0.475198 0.0474001 0.0696806 0.453591 
0.0804689 0.0585062 0.470868 0.0784588 0.0643999 0.449261 0.111528 0.0532255 0.466538 
0.109517 0.0591192 0.444931 0.391056 0.00569923 0.42757 0.372326 0.00059809 0.41622 
0.422115 0.000418526 0.42324 -0.170381 0.0734815 0.521691 -0.172391 0.0793752 0.500084 
-0.189111 0.0683804 0.510341 -0.141332 0.0740945 0.495754 -0.110274 0.0688138 0.491424 
-0.0792151 0.0635331 0.487094 0.386665 -0.0156774 0.422148 0.419734 -0.0268517 0.439425 
0.401005 -0.0319529 0.428075 -0.20382 0.051492 0.542205 -0.20583 0.0573856 0.520598 
-0.22255 0.0463908 0.530855 0.386295 -0.0488413 0.45994 0.367566 -0.0539424 0.44859 
0.384285 -0.0429477 0.438333 0.417354 -0.054122 0.45561 -0.2062 0.0242217 0.55839 
-0.22493 0.0191206 0.54704 0.383915 -0.0761116 0.476124 0.365185 -0.0812127 0.464774 
-0.22731 -0.00814969 0.563225 0.350476 -0.0981011 0.496639 0.331746 -0.103202 0.485289 
0.348466 -0.0922075 0.475032 0.381535 -0.103382 0.492309 -0.24202 -0.0250381 0.595089 
-0.24403 -0.0191445 0.573482 -0.260749 -0.0301393 0.583739 0.285978 -0.11481 0.521483 
0.267248 -0.119911 0.510133 0.283968 -0.108916 0.499876 0.315027 -0.114197 0.495546 
-0.24641 -0.0464147 0.589666 -0.213341 -0.0575891 0.606944 -0.232071 -0.0626902 0.595594 
0.252539 -0.1368 0.541997 0.233809 -0.141901 0.530647 0.250529 -0.130906 0.52039 
-0.215722 -0.0848594 0.623128 -0.234451 -0.0899605 0.611778 0.188041 -0.153508 0.566841 
0.169312 -0.15861 0.555491 0.186031 -0.147615 0.545234 0.21709 -0.152895 0.540905 
-0.220112 -0.106236 0.617706 -0.187043 -0.11741 0.634983 -0.205773 -0.122511 0.623633 
0.135873 -0.180599 0.576006 0.152592 -0.169604 0.565749 -0.220483 -0.1394 0.655498 
-0.222493 -0.133506 0.633891 -0.239212 -0.144501 0.644148 -0.189424 -0.144681 0.651168 
-0.127306 -0.155242 0.642508 -0.146036 -0.160343 0.631158 -0.129317 -0.149348 0.620901 
-0.0982578 -0.154629 0.616571 -0.0962477 -0.160523 0.638178 -0.0671991 -0.15991 0.612242 
-0.065189 -0.165803 0.633849 -0.0361404 -0.16519 0.607912 -0.0341303 -0.171084 0.629519 
-0.0218012 -0.181466 0.613839 0.0590458 -0.186926 0.61653 0.0403162 -0.192027 0.60518 
0.0570357 -0.181033 0.594923 0.0880944 -0.186313 0.590593 0.0901045 -0.192207 0.6122 
0.119153 -0.191594 0.586263 -0.224873 -0.160777 0.650075 -0.193814 -0.166057 0.645745 
-0.162756 -0.171338 0.641416 -0.00746205 -0.197741 0.619767 0.0235966 -0.203022 0.615437 
0.246024 0.207512 0.308897 0.244014 0.213405 0.28729 0.227295 0.20241 0.297548 
0.277083 0.202231 0.304568 0.275073 0.208125 0.282961 0.289412 0.191849 0.288888 
0.243644 0.180241 0.325082 0.224914 0.17514 0.313732 0.274703 0.174961 0.320752 
0.303751 0.175574 0.294815 0.31809 0.159298 0.300743 0.241264 0.152971 0.341267 
0.222534 0.14787 0.329917 0.272322 0.14769 0.336937 0.33243 0.143023 0.30667 
0.346769 0.126747 0.312598 0.238883 0.125701 0.357451 0.220154 0.1206 0.346101 
0.344388 0.0994769 0.328782 0.174385 0.108992 0.382295 0.172375 0.114886 0.360688 
0.155656 0.103891 0.370946 0.205444 0.103711 0.377966 0.203434 0.109605 0.356359 
0.360738 0.0773078 0.356317 0.342008 0.0722066 0.344967 0.0167116 0.108125 0.420129 
0.0147015 0.114019 0.398522 -0.00201798 0.103024 0.408779 0.0290407 0.0977433 0.404449 
0.140946 0.0870024 0.40281 0.138936 0.092896 0.381203 0.122217 0.0819012 0.39146 
0.172005 0.0817217 0.39848 0.356347 0.0559311 0.350894 0.370686 0.0396557 0.356822 
-0.0477861 0.0914163 0.444973 -0.0497962 0.09731 0.423366 -0.0665157 0.0863152 0.433623 
-0.0167274 0.0861356 0.440643 -0.0187375 0.0920293 0.419036 0.0143313 0.0808549 0.436314 
0.0433799 0.0814679 0.410377 0.04539 0.0755742 0.431984 0.0764487 0.0702935 0.427654 
0.0744386 0.0761872 0.406047 0.107507 0.0650128 0.423324 0.105497 0.0709065 0.401717 
0.368306 0.0123854 0.373006 -0.174401 0.0852688 0.478477 -0.176411 0.0911625 0.45687 
-0.193131 0.0801677 0.467127 -0.143343 0.0799881 0.474147 -0.145353 0.0858818 0.45254 
-0.112284 0.0747074 0.469817 -0.114294 0.0806011 0.44821 -0.0812252 0.0694267 0.465487 
-0.0832352 0.0753204 0.44388 0.353597 -0.00450305 0.404871 0.334867 -0.00960418 0.393521 
0.351587 0.0013906 0.383264 -0.20784 0.0632793 0.498991 -0.20985 0.0691729 0.477384 
-0.22657 0.0581781 0.487641 0.351216 -0.0317733 0.421055 0.332487 -0.0368744 0.409705 
0.382275 -0.037054 0.416726 -0.22895 0.0309079 0.503826 0.317777 -0.0537629 0.44157 
0.299048 -0.058864 0.43022 0.315767 -0.0478692 0.419963 0.348836 -0.0590436 0.43724 
-0.24366 0.0140194 0.53569 -0.24567 0.0199131 0.514083 -0.262389 0.0089183 0.52434 
0.313387 -0.0751395 0.436147 0.346456 -0.0863138 0.453425 0.327726 -0.091415 0.442075 
-0.24604 -0.0132508 0.551875 -0.26477 -0.018352 0.540525 0.313017 -0.108303 0.473939 
0.294287 -0.113405 0.462589 0.311006 -0.10241 0.452332 -0.279479 -0.0352404 0.572389 
-0.281489 -0.0293467 0.550782 -0.298209 -0.0403415 0.561039 0.260848 -0.135394 0.483104 
0.277567 -0.124399 0.472846 -0.28387 -0.056617 0.566967 -0.250801 -0.0677914 0.584244 
-0.26953 -0.0728925 0.572894 0.21508 -0.147002 0.519297 0.19635 -0.152103 0.507948 
0.21307 -0.141108 0.49769 0.244128 -0.146389 0.493361 -0.253181 -0.0950616 0.600429 
-0.271911 -0.100163 0.589079 0.150582 -0.163711 0.544142 0.131852 -0.168812 0.532792 
0.148572 -0.157817 0.522535 0.179631 -0.163098 0.518205 -0.255561 -0.122332 0.616613 
-0.274291 -0.127433 0.605264 -0.224503 -0.127613 0.612284 0.117143 -0.1857 0.564656 
0.0984134 -0.190801 0.553306 0.115133 -0.179807 0.543049 -0.259952 -0.143709 0.611191 
-0.245613 -0.159984 0.617118 -0.164766 -0.165444 0.619809 -0.183495 -0.170545 0.608459 
-0.166776 -0.159551 0.598202 -0.135717 -0.164831 0.593872 -0.104658 -0.170112 0.589542 
-0.0735996 -0.175393 0.585212 -0.0425409 -0.180673 0.580883 -0.0114822 -0.185954 0.576553 
-0.00947214 -0.191848 0.59816 0.0195765 -0.191235 0.572223 0.0215866 -0.197128 0.59383 
0.0506352 -0.196516 0.567893 0.0816939 -0.201796 0.563563 -0.231273 -0.176259 0.623046 
-0.200215 -0.18154 0.618716 0.208565 0.197309 0.286198 0.206555 0.203203 0.264591 
0.189835 0.192208 0.274848 0.237614 0.197922 0.260261 0.270682 0.186748 0.277538 
0.251953 0.181647 0.266188 0.206185 0.170039 0.302382 0.187455 0.164938 0.291033 
0.266292 0.165371 0.272116 0.299361 0.154197 0.289393 0.280631 0.149096 0.278043 
0.172746 0.14805 0.322897 0.170736 0.153943 0.30129 0.154016 0.142948 0.311547 
0.203804 0.142769 0.318567 0.29497 0.13282 0.283971 0.326029 0.12754 0.279641 
0.340368 0.111264 0.285568 0.170365 0.120779 0.339081 0.151636 0.115678 0.327732 
0.201424 0.115499 0.334752 0.337988 0.0839939 0.301753 -0.173661 0.151597 0.402894 
-0.175671 0.15749 0.381287 -0.19239 0.146496 0.391544 -0.161332 0.141215 0.387214 
-0.0183672 0.125193 0.381245 -0.0203773 0.131087 0.359638 -0.0370969 0.120092 0.369895 
0.0126915 0.119912 0.376915 0.0106814 0.125806 0.355308 0.0437502 0.114632 0.372585 
0.0417401 0.120525 0.350978 0.0560792 0.10425 0.356906 0.136926 0.0987897 0.359596 
0.134916 0.104683 0.337989 0.118197 0.0936885 0.348246 0.335608 0.0567236 0.317938 
-0.178051 0.13022 0.397471 -0.146992 0.124939 0.393141 -0.163712 0.113945 0.403399 
-0.144982 0.119046 0.414748 -0.113924 0.113765 0.410419 -0.115934 0.119659 0.388812 
-0.082865 0.108484 0.406089 -0.0848751 0.114378 0.384482 -0.0518063 0.103204 0.401759 
-0.0538164 0.109097 0.380152 -0.0207476 0.0979229 0.397429 0.0413698 0.0873615 0.38877 
0.0704184 0.0879745 0.362833 0.0724285 0.0820808 0.38444 0.103487 0.0768001 0.38011 
0.101477 0.0826938 0.358503 0.351957 0.0345545 0.345472 0.333227 0.0294534 0.334122 
-0.178421 0.0970561 0.435263 -0.180432 0.10295 0.413656 -0.197151 0.091955 0.423913 
-0.147363 0.0917754 0.430933 -0.116304 0.0864947 0.426603 -0.0852453 0.081214 0.422273 
0.349576 0.00728425 0.361657 0.330847 0.00218312 0.350307 -0.21186 0.0750666 0.455777 
-0.213871 0.0809602 0.43417 -0.23059 0.0699654 0.444427 0.316137 -0.0147053 0.382171 
0.297408 -0.0198065 0.370821 0.314127 -0.00881167 0.360564 -0.2453 0.053077 0.476292 
-0.24731 0.0589707 0.454685 -0.264029 0.0479759 0.464942 0.313757 -0.0419756 0.398356 
0.295027 -0.0470767 0.387006 -0.24768 0.0258067 0.492476 -0.266409 0.0207056 0.481126 
0.280318 -0.0639651 0.41887 0.261588 -0.0690663 0.40752 0.278308 -0.0580715 0.397263 
-0.26879 -0.00656467 0.497311 0.275928 -0.0853418 0.413448 0.308996 -0.0965161 0.430725 
0.290267 -0.101617 0.419375 -0.283499 -0.0234531 0.529175 -0.285509 -0.0175594 0.507568 
-0.302229 -0.0285542 0.517825 0.275557 -0.118506 0.451239 0.256828 -0.123607 0.43989 
0.273547 -0.112612 0.429632 -0.304609 -0.0558245 0.53401 0.242118 -0.140495 0.471754 
0.223389 -0.145596 0.460404 0.240108 -0.134602 0.450147 -0.29027 -0.0721 0.539937 
-0.275931 -0.0883755 0.545865 0.177621 -0.157204 0.496598 0.158891 -0.162305 0.485248 
0.17561 -0.15131 0.474991 0.206669 -0.156591 0.470661 -0.278311 -0.115646 0.56205 
0.125452 -0.184295 0.505763 0.142171 -0.1733 0.495505 -0.280692 -0.142916 0.578234 
0.0486251 -0.190622 0.546286 0.0298955 -0.195723 0.534936 0.046615 -0.184728 0.524679 
0.0776737 -0.190009 0.52035 0.0796838 -0.195903 0.541956 0.108732 -0.19529 0.51602 
-0.266352 -0.159191 0.584162 -0.252013 -0.175467 0.590089 -0.189896 -0.186028 0.581429 
-0.173176 -0.175034 0.571172 -0.142118 -0.180314 0.566842 -0.111059 -0.185595 0.562513 
-0.0800002 -0.190876 0.558183 -0.0489415 -0.196156 0.553853 -0.0178827 -0.201437 0.549523 
0.013176 -0.206718 0.545194 -0.237674 -0.191742 0.596016 -0.206615 -0.197023 0.591687 
0.171106 0.187107 0.263498 0.169096 0.193001 0.241891 0.152376 0.182006 0.252148 
0.200154 0.18772 0.237561 0.233223 0.176546 0.254839 0.214494 0.171445 0.243489 
0.137667 0.165118 0.284013 0.135657 0.171011 0.262406 0.118937 0.160016 0.272663 
0.168725 0.159837 0.279683 0.228833 0.155169 0.249416 0.261902 0.143995 0.266694 
0.243172 0.138894 0.255344 0.135286 0.137847 0.300197 0.116557 0.132746 0.288847 
0.257511 0.122618 0.261271 0.29058 0.111444 0.278548 0.27185 0.106343 0.267199 
0.321639 0.106163 0.274219 -0.0223874 0.13698 0.338031 -0.0243975 0.142874 0.316424 
-0.041117 0.131879 0.326681 0.00867128 0.1317 0.333701 0.00666119 0.137593 0.312094 
0.03973 0.126419 0.329371 0.0377199 0.132313 0.307764 0.0707887 0.121138 0.325041 
0.0687786 0.127032 0.303434 0.101847 0.115858 0.320712 0.0998373 0.121751 0.299105 
0.132906 0.110577 0.316382 0.286189 0.0900671 0.273126 0.319258 0.0788928 0.290403 
0.300529 0.0737916 0.279053 -0.242179 0.146675 0.384524 -0.244189 0.152569 0.362917 
-0.260908 0.141574 0.373174 -0.21112 0.141394 0.380194 -0.21313 0.147288 0.358587 
-0.182071 0.142007 0.354257 -0.149003 0.130833 0.371534 -0.151013 0.136727 0.349927 
-0.117944 0.125552 0.367205 -0.119954 0.131446 0.345598 -0.105615 0.11517 0.351525 
-0.0558265 0.114991 0.358545 -0.0578366 0.120885 0.336938 -0.0745561 0.10989 0.347195 
0.0684083 0.0938681 0.341226 0.099467 0.0885874 0.336896 0.314868 0.0575162 0.284981 
0.329207 0.0412407 0.290908 -0.246569 0.125298 0.379101 -0.21551 0.120018 0.374772 
-0.182442 0.108843 0.392049 -0.201171 0.103742 0.380699 -0.0912756 0.098895 0.357452 
0.326827 0.0139704 0.307093 -0.215881 0.0868539 0.412563 -0.217891 0.0927475 0.390956 
-0.23461 0.0817527 0.401213 0.312117 -0.00291802 0.338957 0.293388 -0.00801916 0.327607 
0.310107 0.00297563 0.31735 -0.24932 0.0648643 0.433078 -0.25133 0.0707579 0.411471 
-0.268049 0.0597632 0.421728 0.278678 -0.0249076 0.359471 0.259949 -0.0300087 0.348122 
0.276668 -0.0190139 0.337864 -0.27043 0.0324929 0.437912 0.276298 -0.0521779 0.375656 
0.257568 -0.057279 0.364306 -0.27281 0.00522263 0.454097 0.255188 -0.0845493 0.380491 
-0.287519 -0.0116658 0.485961 -0.28953 -0.00577215 0.464354 -0.306249 -0.0167669 0.474611 
0.271537 -0.106718 0.408025 0.252808 -0.11182 0.396676 -0.308629 -0.0440372 0.490796 
0.238098 -0.128708 0.42854 0.219369 -0.133809 0.41719 0.236088 -0.122814 0.406933 
-0.29429 -0.0603127 0.496723 -0.29228 -0.0662063 0.51833 -0.279951 -0.0765882 0.502651 
0.204659 -0.150698 0.449054 0.185929 -0.155799 0.437704 0.202649 -0.144804 0.427447 
-0.282331 -0.103858 0.518836 0.140161 -0.167406 0.473898 0.121432 -0.172508 0.462549 
0.138151 -0.161513 0.452291 0.16921 -0.166793 0.447962 -0.284712 -0.131129 0.53502 
0.0756636 -0.184115 0.498742 0.056934 -0.189216 0.487393 0.0736535 -0.178222 0.477135 
0.104712 -0.183502 0.472806 0.106722 -0.189396 0.494413 -0.270373 -0.147404 0.540948 
-0.268362 -0.153298 0.562555 -0.256033 -0.16368 0.546875 -0.113069 -0.179701 0.540906 
-0.131799 -0.184802 0.529556 -0.115079 -0.173808 0.519299 -0.0840203 -0.179088 0.514969 
-0.0820102 -0.184982 0.536576 -0.0529616 -0.184369 0.510639 -0.0509515 -0.190263 0.532246 
-0.0219029 -0.18965 0.506309 -0.0198928 -0.195543 0.527916 0.00915577 -0.19493 0.50198 
0.0111659 -0.200824 0.523587 0.0402145 -0.200211 0.49765 -0.241694 -0.179955 0.552802 
-0.239684 -0.185849 0.574409 -0.210635 -0.185236 0.548473 -0.208625 -0.19113 0.57008 
-0.179577 -0.190517 0.544143 -0.148518 -0.195797 0.539813 0.133647 0.176905 0.240799 
0.131637 0.182798 0.219192 0.114917 0.171804 0.229449 0.162695 0.177518 0.214862 
0.193754 0.172237 0.210532 0.208093 0.155962 0.216459 0.100208 0.154915 0.261313 
0.0981975 0.160809 0.239706 0.0814779 0.149814 0.249963 0.222432 0.139686 0.222387 
0.236771 0.123411 0.228314 -0.150642 0.169891 0.312136 -0.152653 0.175784 0.290529 
-0.169372 0.164789 0.300786 -0.119584 0.16461 0.307806 -0.121594 0.170504 0.286199 
-0.107255 0.154228 0.292126 0.0046511 0.143487 0.290487 0.00264101 0.149381 0.26888 
-0.0140785 0.138386 0.279137 0.0357098 0.138206 0.286157 0.0336997 0.1441 0.26455 
0.0667685 0.132926 0.281827 0.0647584 0.138819 0.26022 0.0978272 0.127645 0.277498 
0.251111 0.107135 0.234242 0.26545 0.0908596 0.240169 -0.246199 0.158462 0.34131 
-0.248209 0.164356 0.319703 -0.264928 0.153361 0.32996 -0.21514 0.153182 0.33698 
-0.21715 0.159075 0.315373 -0.184081 0.147901 0.33265 -0.186092 0.153795 0.311043 
-0.153023 0.14262 0.32832 -0.121964 0.13734 0.323991 -0.109635 0.126958 0.308311 
-0.0598466 0.126778 0.315331 -0.0618567 0.132672 0.293724 -0.0785763 0.121677 0.303981 
-0.030798 0.127391 0.289394 0.281799 0.0686905 0.267704 0.263069 0.0635894 0.256354 
-0.279638 0.136473 0.361824 -0.281648 0.142366 0.340217 -0.298368 0.131372 0.350474 
-0.0932857 0.104789 0.335845 -0.0952958 0.110682 0.314238 0.277409 0.0473139 0.262281 
0.310477 0.0361395 0.279558 0.291748 0.0310384 0.268209 -0.284028 0.115096 0.356402 
-0.25096 0.103922 0.373679 -0.269689 0.0988207 0.362329 -0.219901 0.0986412 0.369349 
0.308097 0.00886928 0.295743 0.289367 0.00376814 0.284393 -0.25334 0.0766516 0.389864 
-0.272069 0.0715505 0.378514 0.274658 -0.0131203 0.316257 0.255928 -0.0182214 0.304908 
0.272648 -0.00722664 0.29465 -0.27445 0.0442802 0.394698 0.253548 -0.0454917 0.321092 
-0.27683 0.0170099 0.410883 0.251168 -0.072762 0.337277 -0.29154 0.000121495 0.442747 
-0.29355 0.00601514 0.42114 -0.310269 -0.00497964 0.431397 0.248787 -0.100032 0.353462 
-0.31265 -0.0322499 0.447582 0.246407 -0.127302 0.369646 -0.29831 -0.0485254 0.45351 
-0.2963 -0.054419 0.475116 -0.283971 -0.0648009 0.459437 0.212968 -0.149292 0.390161 
0.229688 -0.138297 0.379903 -0.286352 -0.0920711 0.475622 0.136141 -0.155619 0.430684 
0.117412 -0.16072 0.419335 0.134131 -0.149725 0.409077 0.16519 -0.155006 0.404748 
0.1672 -0.1609 0.426355 0.196248 -0.160287 0.400418 -0.288732 -0.119341 0.491806 
0.102702 -0.177609 0.451199 0.0839725 -0.18271 0.439849 0.100692 -0.171715 0.429592 
-0.274393 -0.135617 0.497734 -0.272383 -0.141511 0.519341 -0.260054 -0.151892 0.503661 
0.00714568 -0.189037 0.480373 -0.0115839 -0.194138 0.469023 0.00513559 -0.183143 0.458766 
0.0361943 -0.188424 0.454436 0.0382044 -0.194318 0.476043 0.067253 -0.193705 0.450106 
-0.245714 -0.168168 0.509588 -0.243704 -0.174062 0.531195 -0.214656 -0.173449 0.505259 
-0.212646 -0.179342 0.526866 -0.183597 -0.178729 0.500929 -0.181587 -0.184623 0.522536 
-0.152538 -0.18401 0.496599 -0.150528 -0.189904 0.518206 -0.12148 -0.189291 0.492269 
-0.0904208 -0.194571 0.48794 -0.0593622 -0.199852 0.48361 -0.0283034 -0.205133 0.47928 
0.125236 0.167315 0.192162 0.108516 0.156321 0.202419 0.156295 0.162035 0.187832 
0.189363 0.15086 0.20511 0.170634 0.145759 0.19376 -0.123604 0.176397 0.264592 
-0.125614 0.182291 0.242985 -0.142333 0.171296 0.253242 -0.111275 0.166015 0.248912 
0.0917969 0.145326 0.212677 0.0750774 0.134331 0.222934 0.184973 0.129484 0.199687 
0.218042 0.118309 0.216965 0.199312 0.113208 0.205615 -0.188102 0.159688 0.289436 
-0.190112 0.165582 0.267829 -0.206831 0.154587 0.278086 -0.159053 0.160301 0.263499 
-0.0949255 0.143846 0.276447 -0.0969356 0.14974 0.25484 -0.0638668 0.138565 0.272117 
-0.0658769 0.144459 0.25051 -0.0328081 0.133285 0.267787 -0.0348182 0.139178 0.24618 
-0.00375951 0.133898 0.241851 0.0272992 0.128617 0.237521 0.0583579 0.123336 0.233191 
0.213651 0.0969329 0.211542 0.24672 0.0857585 0.228819 0.227991 0.0806574 0.21747 
-0.254609 0.148873 0.292673 -0.271329 0.137878 0.302931 -0.223551 0.143592 0.288344 
-0.0973059 0.116576 0.292632 0.24434 0.0584882 0.245004 0.22561 0.0533871 0.233654 
-0.286038 0.12099 0.334795 -0.273709 0.110608 0.319115 0.239949 0.0371116 0.239582 
0.273018 0.0259373 0.256859 0.254289 0.0208361 0.245509 -0.27609 0.0833378 0.3353 
0.270638 -0.001333 0.273043 0.251908 -0.00643413 0.261694 -0.290799 0.0664493 0.367164 
-0.292809 0.072343 0.345557 -0.309529 0.0613482 0.355814 0.237199 -0.0233226 0.293558 
0.218469 -0.0284237 0.282208 0.235189 -0.0174289 0.271951 -0.293179 0.0391791 0.383349 
-0.311909 0.0340779 0.371999 0.234818 -0.0505928 0.309743 0.216089 -0.055694 0.298393 
-0.29556 0.0119088 0.399533 -0.314289 0.00680766 0.388183 0.232438 -0.0778631 0.325927 
0.213709 -0.0829642 0.314577 -0.31667 -0.0204626 0.404368 0.228048 -0.0992397 0.320505 
0.242387 -0.115515 0.326432 -0.302331 -0.0367381 0.410296 -0.30032 -0.0426317 0.431902 
-0.287991 -0.0530136 0.416223 0.227677 -0.132404 0.358296 0.208948 -0.137505 0.346947 
0.225667 -0.12651 0.336689 -0.290372 -0.0802838 0.432408 0.194238 -0.154393 0.378811 
0.175509 -0.159494 0.367461 0.192228 -0.1485 0.357204 -0.276033 -0.0965593 0.438335 
-0.274022 -0.102453 0.459942 -0.261693 -0.112835 0.444262 0.0986819 -0.165821 0.407985 
0.0799523 -0.170923 0.396635 0.0966719 -0.159928 0.386378 0.127731 -0.165208 0.382048 
0.158789 -0.170489 0.377718 -0.276403 -0.129723 0.476127 -0.264074 -0.140105 0.460447 
0.0341842 -0.18253 0.432829 0.0154546 -0.187631 0.421479 0.0321741 -0.176637 0.411222 
0.0632328 -0.181917 0.406892 0.0652429 -0.187811 0.428499 -0.249735 -0.156381 0.466374 
-0.247724 -0.162274 0.487981 -0.235395 -0.172656 0.472302 -0.0924309 -0.188678 0.466333 
-0.111161 -0.193779 0.454983 -0.094441 -0.182784 0.444726 -0.0633823 -0.188065 0.440396 
-0.0613722 -0.193958 0.462003 -0.0323236 -0.193345 0.436066 -0.0303135 -0.199239 0.457673 
-0.00126493 -0.198626 0.431736 -0.221056 -0.188932 0.478229 -0.189997 -0.194212 0.4739 
-0.158939 -0.199493 0.46957 -0.12788 -0.204774 0.46524 0.120846 0.145939 0.18674 
0.151904 0.140658 0.18241 -0.132014 0.166808 0.215956 -0.148734 0.155813 0.226213 
-0.0989457 0.155633 0.233233 -0.100956 0.161527 0.211626 -0.0866166 0.145252 0.217553 
0.0874065 0.123949 0.207254 0.0997356 0.113567 0.191575 0.116455 0.124562 0.181317 
0.147514 0.119282 0.176988 0.180583 0.108107 0.194265 0.161853 0.103006 0.182915 
-0.25662 0.154767 0.271066 -0.25863 0.16066 0.249459 -0.275349 0.149666 0.259717 
-0.225561 0.149486 0.266737 -0.227571 0.15538 0.24513 -0.196512 0.150099 0.2408 
-0.165454 0.144818 0.23647 -0.0722774 0.128976 0.223481 -0.0412187 0.123695 0.219151 
-0.01016 0.118415 0.214821 0.0208987 0.113134 0.210491 0.0519574 0.107853 0.206162 
0.0830161 0.102573 0.201832 0.176192 0.0867306 0.188843 0.209261 0.0755562 0.20612 
0.190531 0.0704551 0.19477 -0.290059 0.132777 0.291581 -0.292069 0.138671 0.269974 
-0.308788 0.127676 0.280231 0.204871 0.0541796 0.200697 0.21921 0.0379041 0.206625 
-0.294449 0.111401 0.286158 -0.28011 0.0951251 0.292086 0.233549 0.0216286 0.212552 
0.247888 0.00535317 0.21848 -0.294819 0.0782366 0.32395 -0.296829 0.0841303 0.302343 
-0.313549 0.0731355 0.3126 0.233179 -0.0115353 0.250344 0.214449 -0.0166364 0.238994 
0.231169 -0.00564162 0.228737 -0.328258 0.0562471 0.344464 -0.330268 0.0621407 0.322857 
-0.346988 0.0511459 0.333115 0.212069 -0.0439067 0.255179 -0.332649 0.0348704 0.339042 
-0.31831 0.018595 0.344969 0.209688 -0.0711769 0.271363 -0.32069 -0.00867531 0.361154 
0.207308 -0.0984472 0.287548 -0.306351 -0.0249508 0.367082 -0.304341 -0.0308444 0.388689 
-0.292012 -0.0412263 0.373009 0.223657 -0.120616 0.315082 0.204928 -0.125717 0.303733 
-0.294392 -0.0684965 0.389194 0.190218 -0.142606 0.335597 0.171489 -0.147707 0.324247 
0.188208 -0.136712 0.31399 -0.296772 -0.0957668 0.405378 0.12572 -0.159315 0.360441 
0.106991 -0.164416 0.349091 0.12371 -0.153421 0.338834 0.154769 -0.158702 0.334504 
0.156779 -0.164595 0.356111 -0.282433 -0.112042 0.411306 -0.268094 -0.128318 0.417233 
0.030164 -0.170743 0.389615 0.0114344 -0.175844 0.378265 0.0281539 -0.164849 0.368008 
0.0592126 -0.17013 0.363678 0.0612227 -0.176024 0.385285 0.0902713 -0.175411 0.359348 
-0.253755 -0.144593 0.42316 -0.251745 -0.150487 0.444767 -0.239416 -0.160869 0.429088 
-0.0653924 -0.182171 0.418789 -0.084122 -0.187272 0.407439 -0.0674025 -0.176277 0.397182 
-0.0363438 -0.181558 0.392852 -0.0343337 -0.187452 0.414459 -0.0052851 -0.186839 0.388522 
-0.00327502 -0.192732 0.410129 -0.225076 -0.177144 0.435015 -0.223066 -0.183038 0.456622 
-0.194018 -0.182425 0.430686 -0.192008 -0.188319 0.452293 -0.162959 -0.187706 0.426356 
-0.160949 -0.193599 0.447963 -0.1319 -0.192986 0.422026 -0.12989 -0.19888 0.443633 
-0.100842 -0.198267 0.417696 -0.102966 0.167421 0.190019 -0.104976 0.173314 0.168412 
-0.121695 0.16232 0.178669 -0.0906368 0.157039 0.174339 -0.198522 0.155993 0.219193 
-0.200532 0.161886 0.197586 -0.217252 0.150891 0.207843 -0.167464 0.150712 0.214863 
-0.169474 0.156606 0.193256 -0.138415 0.151325 0.188926 -0.0742875 0.13487 0.201874 
-0.0762976 0.140763 0.180267 -0.0619584 0.124488 0.186194 0.110055 0.109079 0.154288 
0.0933351 0.0980845 0.164545 0.141113 0.103799 0.149958 0.155452 0.0875231 0.155886 
-0.26503 0.145177 0.22243 -0.28175 0.134183 0.232687 -0.233971 0.139897 0.2181 
-0.0476193 0.108213 0.192122 -0.0165606 0.102932 0.187792 0.0144981 0.0976511 0.183462 
0.0455568 0.0923704 0.179132 0.0766155 0.0870897 0.174803 0.169792 0.0712476 0.161813 
0.184131 0.0549721 0.167741 -0.358577 0.127856 0.273211 -0.360587 0.133749 0.251604 
-0.377306 0.122754 0.261861 -0.327518 0.122575 0.268881 -0.329528 0.128469 0.247274 
-0.298469 0.123188 0.242944 0.19847 0.0386966 0.173668 0.212809 0.0224212 0.179595 
-0.362967 0.106479 0.267789 -0.331908 0.101198 0.263459 -0.298839 0.0900239 0.280736 
-0.317569 0.0849228 0.269386 0.229158 0.00025203 0.20713 0.210429 -0.00484911 0.19578 
-0.319949 0.0576525 0.285571 0.208049 -0.0321194 0.211965 -0.336669 0.0466577 0.295828 
-0.353388 0.0356629 0.306085 0.205668 -0.0593896 0.228149 -0.339049 0.0193875 0.312013 
-0.32471 0.00311198 0.31794 0.203288 -0.0866599 0.244334 -0.310371 -0.0131635 0.323868 
-0.308361 -0.0190571 0.345475 -0.296032 -0.029439 0.329795 0.188578 -0.103548 0.276198 
0.169849 -0.108649 0.264848 0.186568 -0.0976547 0.254591 -0.298412 -0.0567093 0.34598 
0.184188 -0.124925 0.270776 0.198527 -0.1412 0.276703 -0.300792 -0.0839795 0.362164 
0.1217 -0.147527 0.317227 0.102971 -0.152629 0.305877 0.11969 -0.141634 0.29562 
0.150749 -0.146915 0.29129 0.152759 -0.152808 0.312897 0.181808 -0.152195 0.28696 
-0.286453 -0.100255 0.368092 -0.284443 -0.106149 0.389699 -0.272114 -0.11653 0.374019 
0.0261439 -0.158956 0.346401 0.00741424 -0.164057 0.335051 0.0241338 -0.153062 0.324794 
0.0551925 -0.158343 0.320464 0.0572026 -0.164236 0.342071 0.0862512 -0.163623 0.316134 
0.0882613 -0.169517 0.337741 -0.274494 -0.143801 0.390204 -0.0383539 -0.175665 0.371245 
-0.0570835 -0.180766 0.359895 -0.040364 -0.169771 0.349638 -0.00930528 -0.175052 0.345308 
-0.00729519 -0.180945 0.366915 -0.260155 -0.160076 0.396131 -0.229097 -0.165357 0.391801 
-0.227086 -0.171251 0.413408 -0.198038 -0.170638 0.387472 -0.196028 -0.176531 0.409079 
-0.166979 -0.175918 0.383142 -0.164969 -0.181812 0.404749 -0.13592 -0.181199 0.378812 
-0.13391 -0.187093 0.400419 -0.104862 -0.18648 0.374482 -0.102852 -0.192373 0.396089 
-0.073803 -0.19176 0.370153 -0.140425 0.157219 0.167319 -0.142435 0.163112 0.145712 
-0.159155 0.152117 0.15597 -0.111376 0.157831 0.141383 -0.0970373 0.141556 0.14731 
-0.235982 0.14579 0.196493 -0.237992 0.151684 0.174886 -0.254711 0.140689 0.185143 
-0.206933 0.146403 0.170556 -0.175874 0.141123 0.166227 -0.0826981 0.12528 0.153237 
-0.068359 0.109005 0.159165 0.105664 0.0877027 0.148866 0.136723 0.082422 0.144536 
-0.300479 0.129081 0.221337 -0.302489 0.134975 0.19973 -0.319209 0.12398 0.209988 
-0.271431 0.129694 0.195401 -0.0540198 0.0927295 0.165092 -0.0229611 0.0874488 0.160762 
0.00809762 0.0821681 0.156433 0.0391563 0.0768874 0.152103 0.070215 0.0716067 0.147773 
0.101274 0.066326 0.143443 0.132332 0.0610453 0.139114 0.165401 0.049871 0.156391 
0.146672 0.0447699 0.145041 -0.366987 0.118266 0.224575 -0.383707 0.107271 0.234832 
-0.335928 0.112986 0.220245 0.161011 0.0284944 0.150968 0.19408 0.01732 0.168246 
0.17535 0.0122189 0.156896 -0.367357 0.0851023 0.262366 -0.386087 0.0800012 0.251016 
-0.336299 0.0798216 0.258036 0.191699 -0.00995024 0.18443 0.17297 -0.0150514 0.173081 
-0.371748 0.0637257 0.256944 -0.357409 0.0474502 0.262871 -0.338679 0.0525514 0.274221 
0.189319 -0.0372205 0.200615 0.170589 -0.0423216 0.189265 -0.341059 0.0252811 0.290406 
-0.343069 0.0311748 0.268799 -0.32873 0.0148993 0.274726 0.186939 -0.0644908 0.2168 
0.168209 -0.0695919 0.20545 -0.314391 -0.0013762 0.280654 -0.312381 -0.00726985 0.302261 
-0.300052 -0.0176517 0.286581 0.184558 -0.091761 0.232984 0.165829 -0.0968622 0.221634 
-0.302432 -0.044922 0.302766 0.163448 -0.124132 0.237819 -0.304813 -0.0721922 0.31895 
0.148739 -0.141021 0.269683 0.130009 -0.146122 0.258333 0.146729 -0.135127 0.248076 
0.179798 -0.146302 0.265353 -0.307193 -0.0994625 0.335135 0.0221237 -0.147168 0.303187 
0.00339406 -0.152269 0.291837 0.0201136 -0.141275 0.28158 0.0511723 -0.146555 0.27725 
0.0531824 -0.152449 0.298857 0.082231 -0.151836 0.27292 0.0842411 -0.15773 0.294527 
0.11329 -0.157117 0.268591 -0.292854 -0.115738 0.341062 -0.278515 -0.132013 0.34699 
-0.0113154 -0.169158 0.323701 -0.030045 -0.174259 0.312352 -0.0133255 -0.163264 0.302094 
-0.264175 -0.148289 0.352917 -0.262165 -0.154183 0.374524 -0.233117 -0.15357 0.348587 
-0.231107 -0.159463 0.370194 -0.202058 -0.15885 0.344258 -0.200048 -0.164744 0.365865 
-0.170999 -0.164131 0.339928 -0.168989 -0.170025 0.361535 -0.139941 -0.169412 0.335598 
-0.137931 -0.175305 0.357205 -0.108882 -0.174692 0.331268 -0.106872 -0.180586 0.352875 
-0.0778232 -0.179973 0.326939 -0.0758131 -0.185867 0.348545 -0.0467645 -0.185254 0.322609 
-0.177884 0.147016 0.14462 -0.179894 0.15291 0.123013 -0.196614 0.141915 0.13327 
-0.148836 0.147629 0.118683 -0.117777 0.142348 0.114353 -0.0847082 0.131174 0.13163 
-0.0867183 0.137068 0.110023 -0.0723791 0.120792 0.115951 -0.244392 0.136201 0.147857 
-0.261112 0.125206 0.158114 -0.213333 0.13092 0.143527 -0.0560299 0.0986232 0.143485 
-0.05804 0.104517 0.121878 -0.0249712 0.0933425 0.139155 -0.0269813 0.0992361 0.117548 
-0.0126421 0.0829607 0.123476 -0.337939 0.118879 0.198638 -0.339949 0.124773 0.177031 
-0.356668 0.113778 0.187288 -0.30889 0.119492 0.172701 -0.277831 0.114211 0.168371 
0.0016971 0.0666852 0.129403 0.0347659 0.0555108 0.146681 0.0160363 0.0504097 0.135331 
0.0658246 0.0502301 0.142351 0.0968833 0.0449494 0.138021 0.127942 0.0396687 0.133691 
-0.373388 0.102783 0.197545 -0.390107 0.0917885 0.207802 0.0303755 0.0341342 0.141258 
0.0614342 0.0288535 0.136928 0.0924929 0.0235728 0.132599 0.123552 0.0182921 0.128269 
0.15662 0.00711775 0.145546 0.137891 0.00201662 0.134196 -0.392488 0.0645182 0.223987 
0.15424 -0.0201525 0.161731 0.13551 -0.0252536 0.150381 -0.378148 0.0482428 0.229914 
-0.363809 0.0319673 0.235842 0.15186 -0.0474228 0.177915 0.13313 -0.0525239 0.166566 
-0.34947 0.0156918 0.241769 -0.335131 -0.000583692 0.247697 0.149479 -0.074693 0.1941 
0.13075 -0.0797942 0.18275 -0.320792 -0.0168592 0.253624 -0.306452 -0.0331347 0.259552 
0.147099 -0.101963 0.210285 0.128369 -0.107064 0.198935 -0.308833 -0.0604049 0.275736 
0.142709 -0.12334 0.204862 0.157048 -0.139615 0.21079 -0.311213 -0.0876752 0.291921 
0.0181035 -0.135381 0.259973 -0.000626118 -0.140482 0.248623 0.0160934 -0.129487 0.238366 
0.0471521 -0.134768 0.234036 0.0491622 -0.140662 0.255643 0.0782108 -0.140049 0.229706 
0.0802209 -0.145942 0.251313 0.10927 -0.14533 0.225377 0.11128 -0.151223 0.246984 
0.140328 -0.15061 0.221047 -0.296874 -0.103951 0.297848 -0.294864 -0.109844 0.319455 
-0.282535 -0.120226 0.303776 -0.0463943 -0.15209 0.284817 -0.0651239 -0.157191 0.273467 
-0.0484043 -0.146196 0.26321 -0.0173456 -0.151477 0.25888 -0.0153356 -0.157371 0.280487 
-0.268196 -0.136502 0.309703 -0.266185 -0.142395 0.33131 -0.237137 -0.141782 0.305373 
-0.235127 -0.147676 0.32698 -0.206078 -0.147063 0.301044 -0.204068 -0.152957 0.322651 
-0.175019 -0.152344 0.296714 -0.173009 -0.158237 0.318321 -0.143961 -0.157624 0.292384 
-0.141951 -0.163518 0.313991 -0.112902 -0.162905 0.288054 -0.110892 -0.168799 0.309661 
-0.0818434 -0.168186 0.283725 -0.0798333 -0.174079 0.305331 -0.0487746 -0.17936 0.301002 
-0.215344 0.136814 0.12192 -0.217354 0.142708 0.100313 -0.234073 0.131713 0.11057 
-0.186295 0.137427 0.0959833 -0.155236 0.132146 0.0916536 -0.124178 0.126866 0.0873238 
-0.0931188 0.121585 0.082994 -0.0787797 0.105309 0.0889215 -0.279841 0.120105 0.146764 
-0.281851 0.125999 0.125157 -0.298571 0.115004 0.135414 -0.250793 0.120718 0.120828 
-0.0644405 0.0890339 0.0948489 -0.0333818 0.0837532 0.0905191 -0.0190426 0.0674777 0.0964465 
-0.375398 0.108677 0.175938 -0.377408 0.114571 0.154331 -0.394127 0.103576 0.164588 
-0.346349 0.10929 0.150001 -0.31529 0.104009 0.145672 -0.00470342 0.0512022 0.102374 
0.00963576 0.0349267 0.108301 -0.396508 0.0763055 0.180773 0.0239749 0.0186512 0.114229 
0.0550336 0.0133705 0.109899 0.0881024 0.00219618 0.127176 0.0693728 -0.00290495 0.115826 
0.119161 -0.00308452 0.122847 -0.382169 0.0600301 0.1867 -0.380158 0.0541364 0.208307 
-0.367829 0.0437546 0.192628 0.083712 -0.0191804 0.121754 0.116781 -0.0303548 0.139031 
0.0980512 -0.0354559 0.127681 -0.35349 0.0274791 0.198555 -0.35148 0.0215854 0.220162 
-0.339151 0.0112036 0.204483 0.1144 -0.0576251 0.155216 0.0956708 -0.0627262 0.143866 
-0.341531 -0.0160667 0.220667 0.11001 -0.0790017 0.149793 0.124349 -0.0952772 0.155721 
-0.327192 -0.0323421 0.226595 -0.312853 -0.0486176 0.232522 0.121969 -0.122547 0.171905 
-0.315233 -0.0758879 0.248707 0.0140833 -0.123594 0.216759 -0.0046463 -0.128695 0.205409 
0.0120732 -0.1177 0.195152 0.0431319 -0.122981 0.190822 0.045142 -0.128874 0.212429 
0.0574711 -0.139256 0.19675 0.138318 -0.144717 0.19944 0.119589 -0.149818 0.18809 
-0.300894 -0.0921634 0.254634 -0.298884 -0.098057 0.276241 -0.286555 -0.108439 0.260562 
-0.0504144 -0.140303 0.241603 -0.069144 -0.145404 0.230253 -0.0524245 -0.134409 0.219996 
-0.0213658 -0.13969 0.215666 -0.0193557 -0.145583 0.237273 0.0718103 -0.155532 0.202677 
0.102869 -0.160812 0.198347 -0.272216 -0.124714 0.266489 -0.270206 -0.130608 0.288096 
-0.241157 -0.129995 0.262159 -0.239147 -0.135889 0.283766 -0.210098 -0.135276 0.25783 
-0.208088 -0.141169 0.279437 -0.17904 -0.140556 0.2535 -0.17703 -0.14645 0.275107 
-0.147981 -0.145837 0.24917 -0.145971 -0.151731 0.270777 -0.116922 -0.151118 0.24484 
-0.114912 -0.157011 0.266447 -0.0858636 -0.156399 0.240511 -0.0838535 -0.162292 0.262118 
-0.223754 0.127225 0.0732837 -0.240474 0.11623 0.0835409 -0.192695 0.121944 0.068954 
-0.161637 0.116663 0.0646242 -0.130578 0.111383 0.0602944 -0.0995194 0.106102 0.0559647 
-0.0664506 0.0949275 0.0732419 -0.0684607 0.100821 0.0516349 -0.0541215 0.0845457 0.0575623 
-0.348359 0.115184 0.128394 -0.350369 0.121077 0.106787 -0.367089 0.110082 0.117045 
-0.317301 0.109903 0.124065 -0.319311 0.115796 0.102458 -0.288252 0.110516 0.0981279 
-0.257193 0.105235 0.0937981 -0.0397823 0.0682702 0.0634898 -0.0254431 0.0519947 0.0694172 
-0.383808 0.0990876 0.127302 -0.400528 0.0880928 0.137559 -0.0111039 0.0357192 0.0753446 
0.0219649 0.0245449 0.0926218 0.0199548 0.0304385 0.0710148 0.0342939 0.014163 0.0769423 
-0.402908 0.0608226 0.153744 0.0486331 -0.00211244 0.0828697 0.0629723 -0.0183879 0.0887971 
-0.388569 0.0445471 0.159671 -0.37423 0.0282716 0.165599 0.0773115 -0.0346634 0.0947245 
0.0916507 -0.0509389 0.100652 -0.359891 0.0119961 0.171526 -0.345551 -0.00427937 0.177453 
0.0892703 -0.0782092 0.116837 -0.331212 -0.0205548 0.183381 -0.329202 -0.0264485 0.204988 
-0.316873 -0.0368303 0.189308 0.103609 -0.0944846 0.122764 0.117949 -0.11076 0.128691 
-0.319253 -0.0641006 0.205493 0.0100631 -0.111806 0.173545 -0.00866647 -0.116908 0.162195 
0.00805305 -0.105913 0.151938 0.0391117 -0.111194 0.147608 0.0411218 -0.117087 0.169215 
0.0534509 -0.127469 0.153536 0.115568 -0.13803 0.144876 -0.304914 -0.0803761 0.21142 
-0.302904 -0.0862697 0.233027 -0.290575 -0.0966516 0.217348 -0.0544346 -0.128515 0.198389 
-0.0731642 -0.133616 0.187039 -0.0564447 -0.122622 0.176782 -0.025386 -0.127902 0.172452 
-0.0233759 -0.133796 0.194059 0.0677901 -0.143744 0.159463 0.0698002 -0.149638 0.18107 
0.0988488 -0.149025 0.155133 0.100859 -0.154919 0.17674 -0.276236 -0.112927 0.223275 
-0.274226 -0.118821 0.244882 -0.245177 -0.118208 0.218945 -0.243167 -0.124101 0.240552 
-0.214119 -0.123488 0.214616 -0.212108 -0.129382 0.236223 -0.18306 -0.128769 0.210286 
-0.18105 -0.134663 0.231893 -0.152001 -0.13405 0.205956 -0.149991 -0.139943 0.227563 
-0.120942 -0.139331 0.201626 -0.118932 -0.145224 0.223233 -0.0898837 -0.144611 0.197297 
-0.0878737 -0.150505 0.218904 -0.259203 0.111129 0.0721911 -0.261213 0.117022 0.0505842 
-0.277933 0.106028 0.0608414 -0.230155 0.111742 0.0462544 -0.199096 0.106461 0.0419246 
-0.168037 0.10118 0.0375948 -0.136979 0.0958996 0.0332651 -0.10592 0.0906189 0.0289353 
-0.0748612 0.0853382 0.0246055 -0.060522 0.0690627 0.030533 -0.385818 0.104981 0.105695 
-0.387829 0.110875 0.0840879 -0.404548 0.0998801 0.0943451 -0.35677 0.105594 0.0797581 
-0.325711 0.100314 0.0754283 -0.294652 0.0950328 0.0710986 -0.0461828 0.0527872 0.0364604 
-0.013114 0.0416129 0.0537376 -0.0151241 0.0475065 0.0321306 -0.000784938 0.031231 0.038058 
-0.406928 0.0726099 0.11053 0.0135542 0.0149556 0.0439855 0.046623 0.00378121 0.0612627 
0.0446129 0.00967486 0.0396557 0.0589521 -0.00660063 0.0455831 -0.409309 0.0453396 0.126714 
0.0753014 -0.0287698 0.0731175 0.0732913 -0.0228761 0.0515106 0.0876305 -0.0391516 0.057438 
-0.39497 0.0290641 0.132642 -0.38063 0.0127886 0.138569 0.10398 -0.0613207 0.0849724 
0.10197 -0.0554271 0.0633654 0.116309 -0.0717026 0.0692928 -0.366291 -0.00348685 0.144497 
-0.351952 -0.0197623 0.150424 0.101599 -0.088591 0.101157 0.113928 -0.0989728 0.0854775 
-0.337613 -0.0360378 0.156351 -0.323274 -0.0523133 0.162279 0.00604296 -0.100019 0.130331 
-0.0126867 -0.10512 0.118981 0.00403287 -0.0941255 0.108724 0.0350916 -0.0994062 0.104394 
0.0371017 -0.1053 0.126001 0.0494308 -0.115682 0.110322 0.111548 -0.126243 0.101662 
-0.308934 -0.0685888 0.168206 -0.306924 -0.0744824 0.189813 -0.294595 -0.0848643 0.174134 
-0.0273961 -0.122009 0.150845 -0.0461257 -0.12711 0.139496 -0.0294062 -0.116115 0.129238 
0.0637699 -0.131957 0.116249 0.06578 -0.137851 0.137856 0.0948286 -0.137238 0.111919 
0.0968387 -0.143132 0.133526 -0.280256 -0.10114 0.180061 -0.278246 -0.107033 0.201668 
-0.249197 -0.10642 0.175731 -0.247187 -0.112314 0.197338 -0.234858 -0.122696 0.181659 
-0.0795647 -0.149099 0.16001 -0.0628452 -0.138105 0.149753 -0.220519 -0.138971 0.187586 
-0.18946 -0.144252 0.183256 -0.158402 -0.149533 0.178927 -0.127343 -0.154814 0.174597 
-0.0962843 -0.160094 0.170267 -0.201106 0.112355 0.0203176 -0.203116 0.118248 -0.00128938 
-0.219836 0.107253 0.00896782 -0.170047 0.107074 0.0159878 -0.172057 0.112968 -0.00561915 
-0.157718 0.0966921 0.00030828 -0.327721 0.106207 0.0538213 -0.329731 0.112101 0.0322143 
-0.346451 0.101106 0.0424715 -0.296663 0.100926 0.0494916 -0.298673 0.10682 0.0278846 
-0.267614 0.101539 0.0235548 -0.236555 0.0962587 0.019225 -0.143379 0.0804166 0.00623571 
-0.11232 0.0751359 0.00190594 -0.0812617 0.0698552 -0.00242383 -0.0481929 0.0586809 0.0148534 
-0.050203 0.0645745 -0.0067536 -0.0358638 0.048299 -0.000826177 -0.394229 0.0953919 0.0570585 
-0.410949 0.0843972 0.0673157 -0.36317 0.0901112 0.0527287 -0.0215246 0.0320236 0.00510125 
0.0115442 0.0208492 0.0223785 0.00953406 0.0267429 0.00077148 0.0426029 0.0155685 0.0180487 
0.0405928 0.0214622 -0.00355829 0.0549319 0.00518667 0.00236914 -0.425658 0.0675087 0.0991799 
-0.427668 0.0734024 0.0775729 -0.444388 0.0624076 0.0878301 0.0712812 -0.0169825 0.0299036 
0.0692711 -0.0110888 0.00829656 0.0836103 -0.0273643 0.014224 -0.430048 0.0461321 0.0937575 
-0.415709 0.0298566 0.099685 0.0999596 -0.0495334 0.0417584 0.0979495 -0.0436398 0.0201514 
0.112289 -0.0599153 0.0260788 -0.40137 0.0135811 0.105612 -0.387031 -0.00269434 0.11154 
0.109908 -0.0871855 0.0422635 -0.372692 -0.0189698 0.117467 -0.341633 -0.0242505 0.113137 
-0.339623 -0.0301442 0.134744 -0.327294 -0.040526 0.119065 0.00202278 -0.0882319 0.087117 
-0.0167068 -0.093333 0.0757672 1.26912e-05 -0.0823382 0.06551 0.0310714 -0.0876189 0.0611802 
0.0330815 -0.0935126 0.0827872 0.0454106 -0.103894 0.0671076 0.124247 -0.103461 0.0481909 
0.126258 -0.109355 0.0697979 0.138587 -0.119736 0.0541183 -0.312955 -0.0568015 0.124992 
-0.310945 -0.0626951 0.146599 -0.298615 -0.073077 0.13092 -0.0314163 -0.110221 0.107631 
-0.0501459 -0.115323 0.0962816 -0.0334264 -0.104328 0.0860244 0.0597497 -0.12017 0.0730351 
0.0617598 -0.126064 0.0946421 0.0908085 -0.125451 0.0687053 0.0928185 -0.131344 0.0903123 
0.121867 -0.130731 0.0643755 -0.284276 -0.0893525 0.136847 -0.282266 -0.0952461 0.158454 
-0.269937 -0.105628 0.142775 -0.0525262 -0.142593 0.112466 -0.255598 -0.121903 0.148702 
-0.224539 -0.127184 0.144372 -0.222529 -0.133078 0.165979 -0.193481 -0.132465 0.140042 
-0.19147 -0.138358 0.161649 -0.162422 -0.137746 0.135713 -0.160412 -0.143639 0.15732 
-0.131363 -0.143026 0.131383 -0.129353 -0.14892 0.15299 -0.100304 -0.148307 0.127053 
-0.0982943 -0.154201 0.14866 -0.0692457 -0.153588 0.122723 -0.238565 0.102152 -0.00238198 
-0.240575 0.108046 -0.023989 -0.257295 0.0970512 -0.0137318 -0.209517 0.102765 -0.0283187 
-0.178458 0.0974846 -0.0326485 -0.145389 0.0863103 -0.0153713 -0.147399 0.0922039 -0.0369783 
-0.13306 0.0759284 -0.0310509 -0.0522131 0.0704682 -0.0283606 -0.0542232 0.0763618 -0.0499676 
-0.0709427 0.065367 -0.0397104 -0.039884 0.0600863 -0.0440402 -0.36518 0.0960049 0.0311217 
-0.367191 0.101899 0.00951474 -0.38391 0.0909038 0.0197719 -0.336132 0.0966178 0.00518497 
-0.305073 0.0913371 0.000855197 -0.274014 0.0860564 -0.00347457 -0.118721 0.0596529 -0.0251234 
-0.0876622 0.0543722 -0.0294532 -0.0235347 0.0379172 -0.0165057 -0.0255448 0.0438108 -0.0381127 
-0.0112056 0.0275354 -0.0321853 -0.40063 0.079909 0.0300291 -0.417349 0.0689142 0.0402863 
0.00313354 0.0112599 -0.0262579 0.0341922 0.00597918 -0.0305877 0.067261 -0.00519517 -0.0133104 
0.0652509 0.000698483 -0.0349174 0.0795901 -0.015577 -0.02899 -0.434069 0.0579194 0.0505435 
-0.450788 0.0469246 0.0608007 0.0959394 -0.0377461 -0.00145558 0.0939293 -0.0318525 -0.0230626 
0.108268 -0.048128 -0.0171351 -0.436449 0.0306491 0.0667282 -0.42211 0.0143737 0.0726556 
0.124618 -0.0702971 0.0103993 0.122608 -0.0644035 -0.0112077 0.136947 -0.0806789 -0.00528029 
-0.407771 -0.00190183 0.078583 -0.393431 -0.0181773 0.0845104 0.122237 -0.0975674 0.0265839 
0.134567 -0.107949 0.0109043 -0.379092 -0.0344528 0.0904379 -0.348034 -0.0397335 0.0861081 
-0.333694 -0.056009 0.0920355 -0.0231074 -0.108816 0.0487378 -0.00638783 -0.0978212 0.0384806 
0.0246709 -0.103102 0.0341509 0.0557296 -0.108383 0.0298211 0.0577397 -0.114276 0.0514281 
0.0867883 -0.113663 0.0254913 0.0887984 -0.119557 0.0470983 0.117847 -0.118944 0.0211615 
0.119857 -0.124838 0.0427685 -0.319355 -0.0722845 0.097963 -0.288296 -0.0775652 0.0936332 
-0.286286 -0.0834588 0.11524 -0.273957 -0.0938406 0.0995606 -0.0565464 -0.130806 0.0692522 
-0.0398269 -0.119811 0.058995 -0.259618 -0.110116 0.105488 -0.257608 -0.11601 0.127095 
-0.228559 -0.115397 0.101158 -0.226549 -0.12129 0.122765 -0.197501 -0.120678 0.0968285 
-0.195491 -0.126571 0.118435 -0.166442 -0.125958 0.0924987 -0.164432 -0.131852 0.114106 
-0.135383 -0.131239 0.088169 -0.133373 -0.137133 0.109776 -0.104325 -0.13652 0.0838392 
-0.102315 -0.142413 0.105446 -0.0732659 -0.1418 0.0795094 -0.0712558 -0.147694 0.101116 
-0.276025 0.0919501 -0.0250816 -0.278035 0.0978437 -0.0466886 -0.294754 0.086849 -0.0364314 
-0.246976 0.092563 -0.0510183 -0.215917 0.0872823 -0.0553481 -0.184859 0.0820016 -0.0596779 
-0.1538 0.0767209 -0.0640076 -0.120731 0.0655466 -0.0467304 -0.122741 0.0714402 -0.0683374 
-0.0896723 0.0602659 -0.0510602 -0.0916824 0.0661595 -0.0726672 -0.0606237 0.0608788 -0.076997 
-0.0462845 0.0446034 -0.0710695 -0.373591 0.0864156 -0.0175146 -0.390311 0.0754208 -0.00725743 
-0.342532 0.0811349 -0.0218444 -0.311474 0.0758542 -0.0261742 -0.0319453 0.0283279 -0.0651421 
0.00112345 0.0171535 -0.0478649 -0.000886637 0.0230472 -0.0694719 0.0321822 0.0118728 -0.0521947 
0.0301721 0.0177665 -0.0738016 0.0632409 0.00659213 -0.0565244 0.0612308 0.0124858 -0.0781314 
0.0755699 -0.0037897 -0.072204 -0.40703 0.064426 0.00299977 -0.42375 0.0534312 0.013257 
0.0919192 -0.0259588 -0.0446696 0.0899091 -0.0200652 -0.0662766 0.104248 -0.0363407 -0.0603491 
-0.440469 0.0424364 0.0235142 -0.457189 0.0314417 0.0337714 0.120598 -0.0585098 -0.0328147 
0.118587 -0.0526162 -0.0544217 0.132927 -0.0688916 -0.0484943 -0.442849 0.0151662 0.0396988 
-0.42851 -0.00110932 0.0456262 0.130546 -0.0961619 -0.0323097 -0.414171 -0.0173848 0.0515537 
-0.383112 -0.0226655 0.0472239 -0.381102 -0.0285591 0.0688309 -0.368773 -0.038941 0.0531513 
0.0226608 -0.0972082 0.0125439 0.00393117 -0.102309 0.00119406 0.0206507 -0.0913146 -0.00906314 
0.0517094 -0.0965953 -0.0133929 0.0537195 -0.102489 0.00821408 0.0827681 -0.101876 -0.0177227 
0.0847782 -0.10777 0.00388431 0.0971073 -0.118151 -0.0117953 0.128166 -0.123432 -0.016125 
-0.354434 -0.0552165 0.0590787 -0.340095 -0.0714919 0.0650062 -0.0295079 -0.124299 0.0217085 
-0.0127884 -0.113304 0.0114513 0.111446 -0.134427 -0.00586783 -0.325756 -0.0877674 0.0709336 
-0.294697 -0.0930481 0.0666038 -0.263638 -0.0983288 0.062274 -0.261628 -0.104222 0.083881 
-0.23258 -0.10361 0.0579443 -0.23057 -0.109503 0.0795513 -0.201521 -0.10889 0.0536145 
-0.199511 -0.114784 0.0752215 -0.187182 -0.125166 0.0595419 -0.075276 -0.135907 0.0579024 
-0.0940056 -0.141008 0.0465526 -0.0772861 -0.130013 0.0362954 -0.0462274 -0.135294 0.0319657 
-0.172843 -0.141441 0.0654694 -0.141784 -0.146722 0.0611396 -0.110725 -0.152003 0.0568098 
-0.344542 0.0870285 -0.0434514 -0.346553 0.0929222 -0.0650584 -0.363272 0.0819274 -0.0548012 
-0.313484 0.0817478 -0.0477812 -0.315494 0.0876415 -0.0693882 -0.284435 0.0823608 -0.0737179 
-0.253376 0.0770801 -0.0780477 -0.222318 0.0717994 -0.0823775 -0.191259 0.0665187 -0.0867072 
-0.15819 0.0553443 -0.06943 -0.17692 0.0502432 -0.0807798 -0.145861 0.0449625 -0.0851096 
-0.129142 0.0559573 -0.0953668 -0.0980829 0.0506766 -0.0996966 -0.0670242 0.0453959 -0.104026 
-0.0339554 0.0342215 -0.0867491 -0.0359655 0.0401152 -0.108356 -0.0216263 0.0238397 -0.102429 
-0.40904 0.0703197 -0.0186072 -0.41105 0.0762133 -0.0402142 -0.42777 0.0652185 -0.029957 
-0.379992 0.0709326 -0.044544 -0.162581 0.0339677 -0.0748524 -0.00728716 0.00756421 -0.0965012 
0.0237715 0.00228351 -0.100831 0.0548302 -0.00299719 -0.105161 0.087899 -0.0141715 -0.0878836 
0.0858889 -0.00827789 -0.109491 0.100228 -0.0245534 -0.103563 -0.442479 0.0483301 0.00190717 
-0.444489 0.0542237 -0.0196998 -0.461209 0.0432289 -0.00944262 0.116577 -0.0467225 -0.0760287 
0.114567 -0.0408289 -0.0976357 0.128906 -0.0571043 -0.0917083 -0.463589 0.0159587 0.006742 
0.145256 -0.0792735 -0.0641738 0.143246 -0.0733798 -0.0857808 0.157585 -0.0896553 -0.0798534 
-0.44925 -0.000316803 0.0126694 -0.418191 -0.0055975 0.00833966 -0.416181 -0.0114912 0.0299467 
-0.403852 -0.021873 0.0142671 0.0186406 -0.0854209 -0.0306701 -8.90073e-05 -0.0905221 -0.0420199 
0.0166305 -0.0795273 -0.0522771 0.0476892 -0.084808 -0.0566069 0.0496993 -0.0907016 -0.0349999 
0.0787479 -0.0900887 -0.0609367 0.080758 -0.0959823 -0.0393297 0.0930871 -0.106364 -0.0550092 
0.142875 -0.106544 -0.0479892 0.155205 -0.116926 -0.0636688 -0.389513 -0.0381485 0.0201945 
-0.375174 -0.054424 0.0261219 -0.0147984 -0.107411 -0.0101557 -0.0335281 -0.112512 -0.0215055 
-0.0168085 -0.101517 -0.0317627 0.107426 -0.12264 -0.0490818 0.109436 -0.128533 -0.0274748 
0.138485 -0.12792 -0.0534116 -0.360835 -0.0706994 0.0320494 -0.329776 -0.0759801 0.0277196 
-0.327766 -0.0818738 0.0493266 -0.298717 -0.0812608 0.0233898 -0.296707 -0.0871545 0.0449968 
-0.267658 -0.0865415 0.0190601 -0.265648 -0.0924352 0.0406671 -0.253319 -0.102817 0.0249875 
-0.0482375 -0.1294 0.0103587 -0.0669671 -0.134501 -0.000991138 -0.0502476 -0.123506 -0.0112483 
-0.23898 -0.119093 0.0309149 -0.207921 -0.124373 0.0265851 -0.176863 -0.129654 0.0222554 
-0.174853 -0.135548 0.0438624 -0.145804 -0.134935 0.0179256 -0.143794 -0.140828 0.0395326 
-0.114745 -0.140215 0.0135958 -0.112735 -0.146109 0.0352028 -0.0836866 -0.145496 0.00926606 
-0.0379756 0.0460088 -0.129963 -0.0399857 0.0519025 -0.15157 -0.0567052 0.0409077 -0.141313 
-0.0256465 0.035627 -0.145643 -0.352953 0.0774392 -0.0920878 -0.369673 0.0664444 -0.0818306 
-0.321894 0.0721585 -0.0964175 -0.290836 0.0668778 -0.100747 -0.259777 0.0615971 -0.105077 
-0.228718 0.0563164 -0.109407 -0.19766 0.0510357 -0.113737 -0.18332 0.0347602 -0.107809 
-0.135542 0.0404743 -0.122396 -0.152262 0.0294795 -0.112139 -0.104483 0.0351936 -0.126726 
-0.0734247 0.0299129 -0.131056 -0.00929725 0.0134579 -0.118108 -0.0113073 0.0193515 -0.139715 
0.0217615 0.00817716 -0.122438 0.0197514 0.0140708 -0.144045 0.0528202 0.00289646 -0.126768 
0.0508101 0.00879011 -0.148375 0.0651492 -0.00748538 -0.142447 -0.417451 0.0607303 -0.0672436 
-0.43417 0.0497355 -0.0569864 -0.386392 0.0554496 -0.0715734 -0.168981 0.0184847 -0.101882 
0.0794884 -0.0237609 -0.13652 0.112557 -0.0349352 -0.119243 0.110547 -0.0290416 -0.14085 
0.143616 -0.0402159 -0.123572 0.141606 -0.0343223 -0.145179 0.155945 -0.0505977 -0.139252 
-0.45089 0.0387408 -0.0467292 -0.467609 0.027746 -0.036472 0.141236 -0.0674862 -0.107388 
0.170284 -0.0668732 -0.133325 0.172294 -0.0727669 -0.111718 0.184623 -0.0831487 -0.127397 
-0.45327 0.0114705 -0.0305446 -0.45126 0.00557685 -0.00893756 -0.438931 -0.00480499 -0.0246171 
0.0456791 -0.0789143 -0.0782139 0.0269495 -0.0840155 -0.0895637 0.043669 -0.0730207 -0.0998209 
0.0747277 -0.0783014 -0.104151 0.0767378 -0.084195 -0.0825437 0.0890669 -0.0945769 -0.0982232 
0.169914 -0.100037 -0.095533 0.182243 -0.110419 -0.111213 -0.424592 -0.0210805 -0.0186897 
-0.410253 -0.037356 -0.0127623 -0.0188186 -0.0956232 -0.0533697 -0.0375482 -0.100724 -0.0647195 
-0.0208287 -0.0897296 -0.0749767 0.01023 -0.0950103 -0.0793065 0.103406 -0.110852 -0.0922958 
0.105416 -0.116746 -0.0706888 0.134465 -0.116133 -0.0966256 0.136475 -0.122027 -0.0750186 
0.165523 -0.121414 -0.100955 -0.395913 -0.0536314 -0.00683485 -0.364855 -0.0589121 -0.0111646 
-0.362845 -0.0648058 0.0104424 -0.350516 -0.0751876 -0.00523719 -0.0522577 -0.117613 -0.0328553 
-0.0709873 -0.122714 -0.0442051 -0.0542678 -0.111719 -0.0544623 -0.336176 -0.0914631 0.000690236 
-0.305118 -0.0967438 -0.00363953 -0.274059 -0.102025 -0.00796931 -0.243 -0.107305 -0.0122991 
-0.24099 -0.113199 0.00930792 -0.228661 -0.123581 -0.00637165 -0.0856967 -0.139602 -0.0123409 
-0.104426 -0.144703 -0.0236907 -0.0877068 -0.133709 -0.0339479 -0.214322 -0.139856 -0.000444221 
-0.183263 -0.145137 -0.00477399 -0.152205 -0.150418 -0.00910376 -0.121146 -0.155698 -0.0134335 
-0.0463862 0.0364195 -0.178599 -0.0631057 0.0254247 -0.168342 -0.0133174 0.0252452 -0.161322 
-0.0153275 0.0311388 -0.182929 0.0177413 0.0199645 -0.165652 0.0157312 0.0258581 -0.187259 
0.0300704 0.00958262 -0.181332 -0.357343 0.0560626 -0.0975101 -0.326285 0.0507819 -0.10184 
-0.313956 0.0404 -0.117519 -0.297236 0.0513948 -0.127777 -0.266177 0.0461141 -0.132106 
-0.235119 0.0408334 -0.136436 -0.20205 0.0296591 -0.119159 -0.22078 0.0245579 -0.130509 
-0.141943 0.0249913 -0.149426 -0.158662 0.0139965 -0.139168 -0.110884 0.0197106 -0.153755 
-0.0798253 0.0144299 -0.158085 0.0444095 -0.00669287 -0.175404 0.0774783 -0.0178672 -0.158127 
0.0754682 -0.0119736 -0.179734 0.108537 -0.0231479 -0.162457 0.106527 -0.0172543 -0.184064 
0.139596 -0.0284286 -0.166786 0.137586 -0.022535 -0.188393 0.170654 -0.0337093 -0.171116 
0.168644 -0.0278157 -0.192723 0.182984 -0.0440911 -0.186796 -0.423851 0.0452474 -0.0942729 
-0.440571 0.0342526 -0.0840157 -0.390783 0.034073 -0.0769957 -0.409512 0.0289719 -0.0883455 
-0.378453 0.0236912 -0.0926753 -0.361734 0.034686 -0.102932 -0.330675 0.0294053 -0.107262 
-0.20644 0.00828246 -0.124581 -0.175382 0.00300176 -0.128911 0.168274 -0.0609796 -0.154932 
0.197323 -0.0603666 -0.180868 0.199333 -0.0662603 -0.159261 0.211662 -0.0766421 -0.174941 
-0.45528 0.0173641 -0.0521516 -0.442951 0.00698231 -0.0678311 -0.395173 0.0126964 -0.0824181 
0.196952 -0.0935305 -0.143077 0.209282 -0.103912 -0.158756 -0.445332 -0.020288 -0.0516465 
0.020549 -0.0994985 -0.116593 0.0372685 -0.0885037 -0.12685 0.0683272 -0.0937844 -0.13118 
0.0993859 -0.0990651 -0.13551 0.101396 -0.104959 -0.113903 0.130445 -0.104346 -0.13984 
0.132455 -0.110239 -0.118233 0.144784 -0.120621 -0.133912 0.194572 -0.120801 -0.126892 
0.206901 -0.131183 -0.142572 -0.430992 -0.0365634 -0.0457191 -0.416653 -0.0528389 -0.0397916 
-0.0439488 -0.116207 -0.0917489 -0.0272292 -0.105213 -0.102006 0.00382947 -0.110493 -0.106336 
0.159123 -0.136897 -0.127985 0.190182 -0.142177 -0.132314 -0.402314 -0.0691144 -0.0338642 
-0.371255 -0.0743951 -0.038194 -0.340197 -0.0796758 -0.0425238 -0.338187 -0.0855695 -0.0209168 
-0.309138 -0.0849565 -0.0468535 -0.307128 -0.0908502 -0.0252465 -0.278079 -0.0902372 -0.0511833 
-0.276069 -0.0961309 -0.0295763 -0.26374 -0.106513 -0.0452559 -0.0897169 -0.127815 -0.0555549 
-0.108446 -0.132916 -0.0669047 -0.091727 -0.121921 -0.0771619 -0.0606683 -0.127202 -0.0814917 
-0.249401 -0.122788 -0.0393284 -0.218342 -0.128069 -0.0436582 -0.216332 -0.133963 -0.0220512 
-0.187283 -0.13335 -0.047988 -0.185273 -0.139243 -0.026381 -0.156225 -0.13863 -0.0523178 
-0.154215 -0.144524 -0.0307108 -0.125166 -0.143911 -0.0566475 -0.123156 -0.149805 -0.0350405 
0.0137211 0.0317517 -0.208866 0.011711 0.0376454 -0.230473 -0.00500851 0.0266506 -0.220216 
0.0260502 0.0213699 -0.224546 -0.299246 0.0572885 -0.149384 -0.301256 0.0631821 -0.170991 
-0.317976 0.0521873 -0.160733 -0.286917 0.0469066 -0.165063 -0.112894 0.0256043 -0.175362 
-0.114904 0.0314979 -0.196969 -0.131624 0.0205031 -0.186712 -0.0818353 0.0203236 -0.179692 
-0.0838454 0.0262172 -0.201299 -0.0527867 0.0209365 -0.205629 -0.021728 0.0156558 -0.209959 
0.0423995 -0.000799217 -0.197011 0.0403894 0.00509443 -0.218618 0.0734582 -0.00607992 -0.201341 
0.0714481 -0.000186268 -0.222948 0.104517 -0.0113606 -0.205671 0.102507 -0.00546697 -0.227278 
0.116846 -0.0217425 -0.22135 -0.332685 0.0352989 -0.128869 -0.334695 0.0411926 -0.150476 
-0.351415 0.0301978 -0.140219 -0.272578 0.0306312 -0.159136 -0.241519 0.0253505 -0.163466 
-0.22718 0.00907497 -0.157538 -0.148343 0.00950836 -0.176455 -0.165063 -0.00148642 -0.166198 
0.131185 -0.0380179 -0.215423 0.162244 -0.0432986 -0.219753 0.195313 -0.054473 -0.202475 
0.193303 -0.0485793 -0.224082 0.207642 -0.0648548 -0.218155 -0.428242 0.0238707 -0.0996953 
-0.368134 0.019203 -0.129962 -0.384854 0.0082082 -0.119705 -0.212841 -0.00720051 -0.151611 
-0.181782 -0.0124812 -0.15594 0.205261 -0.0921251 -0.20197 -0.430622 -0.00339953 -0.0835107 
-0.401573 -0.00278658 -0.109447 -0.418293 -0.0137814 -0.0991903 0.0663171 -0.0878907 -0.152787 
0.0475875 -0.0929919 -0.164137 0.064307 -0.0819971 -0.174394 0.0953657 -0.0872778 -0.178724 
0.0973758 -0.0931714 -0.157117 0.109705 -0.103553 -0.172796 0.219601 -0.108401 -0.196043 
0.221611 -0.114294 -0.174436 0.23394 -0.124676 -0.190115 -0.433002 -0.0306698 -0.0673261 
-0.420673 -0.0410516 -0.0830056 0.00181938 -0.1046 -0.127943 -0.0169102 -0.109701 -0.139293 
-0.000190706 -0.0987059 -0.14955 0.030868 -0.103987 -0.15388 0.124044 -0.119829 -0.166869 
0.155103 -0.125109 -0.171199 0.157113 -0.131003 -0.149592 0.186162 -0.13039 -0.175528 
0.188172 -0.136284 -0.153921 0.21722 -0.135671 -0.179858 -0.406334 -0.0573271 -0.0770782 
-0.404324 -0.0632208 -0.0554712 -0.375275 -0.0626078 -0.081408 -0.373265 -0.0685015 -0.059801 
-0.344217 -0.0678885 -0.0857377 -0.342207 -0.0737822 -0.0641307 -0.329878 -0.084164 -0.0798103 
-0.0503493 -0.13169 -0.118778 -0.0336297 -0.120696 -0.129035 -0.315538 -0.100439 -0.0738829 
-0.28448 -0.10572 -0.0782127 -0.253421 -0.111001 -0.0825424 -0.251411 -0.116895 -0.0609354 
-0.222362 -0.116282 -0.0868722 -0.220352 -0.122175 -0.0652652 -0.191304 -0.121562 -0.091202 
-0.189294 -0.127456 -0.069595 -0.160245 -0.126843 -0.0955317 -0.158235 -0.132737 -0.0739248 
-0.129186 -0.132124 -0.0998615 -0.127176 -0.138017 -0.0782545 -0.0981275 -0.137404 -0.104191 
-0.0670688 -0.142685 -0.108521 -0.0237381 0.0215495 -0.231566 -0.0257482 0.0274431 -0.253173 
-0.0424677 0.0164483 -0.242915 0.00531049 0.0221624 -0.257502 0.0383793 0.0109881 -0.240225 
0.0363692 0.0168817 -0.261832 0.069438 0.00570738 -0.244555 0.0674279 0.011601 -0.266162 
0.100497 0.000426681 -0.248885 0.0984866 0.00632033 -0.270492 0.112826 -0.00995515 -0.264564 
-0.305647 0.0418055 -0.176413 -0.274588 0.0365248 -0.180743 -0.276598 0.0424185 -0.20235 
-0.293318 0.0314237 -0.192093 -0.262259 0.026143 -0.196422 -0.121305 0.016015 -0.223999 
-0.138024 0.00502017 -0.213741 -0.090246 0.0107343 -0.228328 -0.0591873 0.00545356 -0.232658 
0.129175 -0.0321243 -0.23703 0.127165 -0.0262306 -0.258637 0.160234 -0.037405 -0.24136 
0.158224 -0.0315113 -0.262967 0.191292 -0.0426857 -0.245689 0.189282 -0.036792 -0.267296 
0.203622 -0.0530675 -0.261369 -0.339086 0.0198159 -0.155899 -0.326757 0.0094341 -0.171578 
-0.310037 0.0204289 -0.181835 -0.24792 0.00986749 -0.190495 -0.214851 -0.00130686 -0.173218 
-0.216861 0.00458679 -0.194825 -0.183792 -0.00658756 -0.177547 -0.185802 -0.000693911 -0.199154 
-0.154744 -0.00597461 -0.203484 0.219971 -0.0752366 -0.233834 0.217961 -0.069343 -0.255441 
0.2323 -0.0856185 -0.249514 -0.374535 0.00372002 -0.156991 -0.391254 -0.00727477 -0.146734 
-0.343476 -0.00156068 -0.161321 0.21759 -0.102507 -0.21765 0.22992 -0.112889 -0.233329 
-0.405964 -0.0241632 -0.11487 -0.393635 -0.034545 -0.130549 0.0288579 -0.098093 -0.175487 
0.0101283 -0.103194 -0.186836 0.0268478 -0.0921993 -0.197094 0.0579065 -0.09748 -0.201423 
0.0889652 -0.102761 -0.205753 0.120024 -0.108041 -0.210083 0.122034 -0.113935 -0.188476 
0.151083 -0.113322 -0.214413 0.153093 -0.119216 -0.192806 0.182141 -0.118603 -0.218742 
0.184151 -0.124496 -0.197135 0.2132 -0.123884 -0.223072 0.21521 -0.129777 -0.201465 
-0.410354 -0.0455398 -0.120292 -0.427074 -0.0565346 -0.110035 -0.0233107 -0.125184 -0.166322 
-0.00659123 -0.114189 -0.176579 -0.412735 -0.0728101 -0.104108 -0.381676 -0.0780908 -0.108437 
-0.350617 -0.0833715 -0.112767 -0.319559 -0.0886522 -0.117097 -0.317548 -0.0945458 -0.0954899 
-0.2885 -0.0939329 -0.121427 -0.28649 -0.0998265 -0.0998197 -0.274161 -0.110208 -0.115499 
-0.0690789 -0.136791 -0.130128 -0.0878085 -0.141893 -0.141478 -0.071089 -0.130898 -0.151735 
-0.0400303 -0.136178 -0.156065 -0.259822 -0.126484 -0.109572 -0.228763 -0.131765 -0.113902 
-0.197704 -0.137045 -0.118231 -0.166645 -0.142326 -0.122561 -0.135587 -0.147607 -0.126891 
-0.104528 -0.152887 -0.131221 0.0343591 0.0227754 -0.283439 0.032349 0.028669 -0.305046 
0.0156295 0.0176742 -0.294789 0.0654178 0.0174947 -0.287769 0.0634077 0.0233883 -0.309376 
0.0964765 0.012214 -0.292099 0.0944664 0.0181076 -0.313706 0.127535 0.00693328 -0.296428 
0.125525 0.0128269 -0.318035 0.139864 -0.00344856 -0.312108 -0.092256 0.0166279 -0.249935 
-0.0942661 0.0225216 -0.271542 -0.110986 0.0115268 -0.261285 -0.0611973 0.0113472 -0.254265 
-0.0632074 0.0172409 -0.275872 -0.0321487 0.0119602 -0.280202 -0.00109003 0.00667946 -0.284532 
0.125155 -0.020337 -0.280244 0.154203 -0.019724 -0.306181 0.156214 -0.0256177 -0.284574 
0.187272 -0.0308984 -0.288903 0.185262 -0.0250047 -0.31051 0.199601 -0.0412802 -0.304583 
-0.282999 0.0269355 -0.229379 -0.299718 0.0159407 -0.219122 -0.24993 0.0157611 -0.212102 
-0.25194 0.0216548 -0.233709 -0.237601 0.0053793 -0.227781 -0.127705 0.000531987 -0.251028 
-0.144425 -0.0104628 -0.240771 0.215951 -0.0634494 -0.277048 0.213941 -0.0575557 -0.298655 
0.22828 -0.0738312 -0.292728 -0.345486 0.00433297 -0.182928 -0.347496 0.0102266 -0.204535 
-0.364216 -0.000768169 -0.194278 -0.316438 0.00494592 -0.208865 -0.223262 -0.0108962 -0.221854 
-0.192203 -0.0161769 -0.226184 -0.161144 -0.0214576 -0.230514 0.244629 -0.0960003 -0.265194 
0.242619 -0.0901067 -0.286801 0.256958 -0.106382 -0.280873 -0.380935 -0.011763 -0.184021 
-0.397655 -0.0227577 -0.173763 0.0558964 -0.0915864 -0.22303 0.0371668 -0.0966875 -0.23438 
0.0538863 -0.0856927 -0.244637 0.084945 -0.0909734 -0.248967 0.0869551 -0.0968671 -0.22736 
0.116004 -0.0962541 -0.253297 0.118014 -0.102148 -0.23169 0.147062 -0.101535 -0.257627 
0.149073 -0.107428 -0.23602 0.178121 -0.106816 -0.261956 0.180131 -0.112709 -0.240349 
0.19246 -0.123091 -0.256029 0.223519 -0.128372 -0.260359 0.240239 -0.117377 -0.270616 
-0.400035 -0.050028 -0.157579 0.00372777 -0.118677 -0.213866 0.0204473 -0.107682 -0.224123 
0.2068 -0.139367 -0.250102 -0.414745 -0.0669164 -0.125715 -0.385696 -0.0663035 -0.151651 
-0.383686 -0.0721971 -0.130044 -0.371357 -0.082579 -0.145724 -0.0297113 -0.140667 -0.193351 
-0.0129917 -0.129672 -0.203609 -0.357018 -0.0988545 -0.139796 -0.325959 -0.104135 -0.144126 
-0.2949 -0.109416 -0.148456 -0.263842 -0.114697 -0.152786 -0.261832 -0.12059 -0.131179 
-0.232783 -0.119977 -0.157116 -0.230773 -0.125871 -0.135509 -0.201724 -0.125258 -0.161445 
-0.199714 -0.131152 -0.139838 -0.170666 -0.130539 -0.165775 -0.168655 -0.136432 -0.144168 
-0.139607 -0.135819 -0.170105 -0.137597 -0.141713 -0.148498 -0.108548 -0.1411 -0.174435 
-0.106538 -0.146994 -0.152828 -0.0774895 -0.146381 -0.178764 -0.0464308 -0.151661 -0.183094 
-0.00310012 0.0125731 -0.306139 -0.00511021 0.0184668 -0.327746 -0.0218297 0.00747197 -0.317488 
0.0259485 0.0131861 -0.332075 0.0570072 0.00790535 -0.336405 0.0880659 0.00262465 -0.340735 
0.119125 -0.00265604 -0.345065 0.152193 -0.0138304 -0.327788 0.150183 -0.00793674 -0.349395 
0.183252 -0.0191111 -0.332117 0.181242 -0.0132174 -0.353724 0.195581 -0.0294929 -0.347797 
-0.25395 0.0275484 -0.255316 -0.25596 0.0334421 -0.276923 -0.27268 0.0224473 -0.266666 
-0.241621 0.0171666 -0.270995 -0.129715 0.00642563 -0.272635 -0.131725 0.0123193 -0.294242 
-0.148445 0.0013245 -0.283985 -0.100667 0.00703858 -0.298572 -0.069608 0.00175788 -0.302902 
-0.0385493 -0.00352281 -0.307231 0.21193 -0.0516621 -0.320262 0.20992 -0.0457684 -0.341869 
0.242989 -0.0569428 -0.324592 0.240979 -0.0510491 -0.346199 0.255318 -0.0673246 -0.340272 
-0.289399 0.0114525 -0.256409 -0.306119 0.000457729 -0.246151 -0.225272 -0.00500253 -0.243461 
-0.227282 0.000891114 -0.265068 -0.194213 -0.0102832 -0.247791 -0.196223 -0.00438958 -0.269398 
-0.163154 -0.0155639 -0.252121 -0.165164 -0.00967028 -0.273728 0.240609 -0.084213 -0.308408 
0.252938 -0.0945949 -0.324087 -0.353897 -0.00525636 -0.231564 -0.370616 -0.0162511 -0.221307 
-0.322838 -0.0105371 -0.235894 0.250558 -0.121865 -0.307903 -0.385326 -0.0331396 -0.189443 
-0.372997 -0.0435214 -0.205123 0.0307663 -0.11217 -0.26141 0.0474858 -0.101176 -0.271667 
0.0785445 -0.106456 -0.275997 0.109603 -0.111737 -0.280326 0.140662 -0.117018 -0.284656 
0.171721 -0.122299 -0.288986 0.202779 -0.127579 -0.293316 0.204789 -0.133473 -0.271709 
0.233838 -0.13286 -0.297645 -0.389716 -0.0545162 -0.194865 -0.406436 -0.065511 -0.184608 
-0.00267275 -0.13416 -0.240895 0.0140468 -0.123165 -0.251152 -0.392097 -0.0817865 -0.178681 
-0.361038 -0.0870672 -0.18301 -0.359028 -0.0929608 -0.161403 -0.329979 -0.0923479 -0.18734 
-0.327969 -0.0982415 -0.165733 -0.298921 -0.0976286 -0.19167 -0.29691 -0.103522 -0.170063 
-0.267862 -0.102909 -0.196 -0.265852 -0.108803 -0.174393 -0.253523 -0.119185 -0.190072 
-0.0794996 -0.140487 -0.200371 -0.0982292 -0.145588 -0.211721 -0.0815097 -0.134593 -0.221978 
-0.050451 -0.139874 -0.226308 -0.0484409 -0.145768 -0.204701 -0.0193923 -0.145155 -0.230638 
-0.239184 -0.13546 -0.184145 -0.208125 -0.140741 -0.188475 -0.177066 -0.146022 -0.192804 
-0.146007 -0.151302 -0.197134 -0.114949 -0.156583 -0.201464 0.117114 0.0032376 -0.366672 
0.115104 0.00913125 -0.388279 0.0983849 -0.00186353 -0.378022 0.148173 -0.0020431 -0.371002 
0.146163 0.00385055 -0.392609 0.179232 -0.00732379 -0.375331 0.177222 -0.00143015 -0.396938 
0.191561 -0.0177056 -0.391011 -0.25797 0.0393357 -0.29853 -0.25998 0.0452294 -0.320137 
-0.2767 0.0342346 -0.30988 -0.245641 0.0289539 -0.314209 -0.102677 0.0129322 -0.320179 
-0.104687 0.0188259 -0.341786 -0.121406 0.0078311 -0.331529 -0.071618 0.00765153 -0.324509 
-0.0736281 0.0135452 -0.346116 -0.0405593 0.00237083 -0.328838 -0.0425694 0.00826448 -0.350445 
-0.0115107 0.00298378 -0.354775 0.019548 -0.00229692 -0.359105 0.0506067 -0.00757762 -0.363435 
0.0816654 -0.0128583 -0.367764 0.20791 -0.0398748 -0.363476 0.2059 -0.0339811 -0.385083 
0.238969 -0.0451555 -0.367806 0.236959 -0.0392618 -0.389413 0.251298 -0.0555373 -0.383486 
-0.27908 0.00696433 -0.293695 -0.229292 0.00678476 -0.286675 -0.231302 0.0126784 -0.308282 
-0.198233 0.00150406 -0.291005 -0.200243 0.00739771 -0.312612 -0.167174 -0.00377664 -0.295335 
-0.169185 0.00211701 -0.316942 -0.138126 -0.00316369 -0.321271 0.267647 -0.0777064 -0.355951 
0.265637 -0.0718128 -0.377558 0.279976 -0.0880883 -0.371631 -0.2958 -0.00403046 -0.283438 
-0.312519 -0.0150252 -0.273181 0.265267 -0.104977 -0.339767 0.277596 -0.115359 -0.355446 
-0.358287 -0.026633 -0.236987 -0.345958 -0.0370148 -0.252666 -0.329239 -0.02602 -0.262923 
0.0765344 -0.100563 -0.297603 0.0578048 -0.105664 -0.308953 0.0745243 -0.0946691 -0.31921 
0.105583 -0.0999498 -0.32354 0.107593 -0.105843 -0.301933 0.136642 -0.105231 -0.32787 
0.138652 -0.111124 -0.306263 0.1677 -0.110511 -0.3322 0.169711 -0.116405 -0.310593 
0.198759 -0.115792 -0.33653 0.200769 -0.121686 -0.314923 0.213098 -0.132067 -0.330602 
0.244157 -0.137348 -0.334932 0.260877 -0.126353 -0.345189 -0.362678 -0.0480096 -0.242409 
-0.379397 -0.0590044 -0.232152 0.0120367 -0.117272 -0.272759 -0.00669293 -0.122373 -0.284109 
0.0100266 -0.111378 -0.294366 0.0410853 -0.116659 -0.298696 0.227437 -0.148343 -0.324675 
-0.396117 -0.0699992 -0.221895 -0.412836 -0.0809939 -0.211637 -0.0214024 -0.139261 -0.252245 
-0.040132 -0.144362 -0.263595 -0.0234124 -0.133368 -0.273852 -0.398497 -0.0972694 -0.20571 
-0.367438 -0.10255 -0.21004 -0.33638 -0.107831 -0.21437 -0.305321 -0.113112 -0.218699 
-0.274262 -0.118392 -0.223029 -0.243204 -0.123673 -0.227359 -0.241194 -0.129567 -0.205752 
-0.212145 -0.128954 -0.231689 -0.210135 -0.134847 -0.210082 -0.181086 -0.134234 -0.236018 
-0.179076 -0.140128 -0.214411 -0.150028 -0.139515 -0.240348 -0.148018 -0.145409 -0.218741 
-0.118969 -0.144796 -0.244678 -0.116959 -0.150689 -0.223071 -0.0879102 -0.150076 -0.249008 
-0.0568515 -0.155357 -0.253338 0.113094 0.0150249 -0.409886 0.111084 0.0209185 -0.431493 
0.0943647 0.00992376 -0.421236 0.144153 0.0097442 -0.414216 0.142143 0.0156378 -0.435823 
0.175212 0.0044635 -0.418545 0.173202 0.0103571 -0.440152 0.20627 -0.000817198 -0.422875 
0.20426 0.00507645 -0.444482 0.2186 -0.011199 -0.438555 -0.0135208 0.00887743 -0.376382 
-0.0155309 0.0147711 -0.397989 -0.0322504 0.00377629 -0.387732 0.0175379 0.00359673 -0.380712 
0.0155278 0.00949038 -0.402319 0.0485966 -0.00168397 -0.385042 0.0465865 0.00420968 -0.406649 
0.0796553 -0.00696467 -0.389371 0.0776452 -0.00107102 -0.410978 0.20389 -0.0280875 -0.40669 
0.232939 -0.0274745 -0.432627 0.234949 -0.0333682 -0.41102 0.247278 -0.04375 -0.4267 
-0.266381 0.0297464 -0.347166 -0.2831 0.0187516 -0.336909 -0.233312 0.0185721 -0.329889 
-0.235322 0.0244657 -0.351496 -0.202253 0.0132914 -0.334219 -0.204263 0.019185 -0.355826 
-0.171195 0.00801066 -0.338549 -0.173205 0.0139043 -0.360156 -0.140136 0.00272996 -0.342878 
-0.142146 0.00862361 -0.364485 -0.111087 0.00334291 -0.368815 -0.0800287 -0.00193779 -0.373145 
-0.04897 -0.00721849 -0.377475 0.263627 -0.0659191 -0.399165 0.261617 -0.0600255 -0.420772 
0.294686 -0.0711998 -0.403495 0.292676 -0.0653062 -0.425102 0.307015 -0.0815817 -0.419175 
-0.29781 0.00186319 -0.305045 -0.29982 0.00775684 -0.326652 -0.316539 -0.00323795 -0.316395 
0.292305 -0.0984701 -0.387311 0.304635 -0.108852 -0.40299 -0.331249 -0.0201264 -0.28453 
-0.333259 -0.0142327 -0.306137 -0.349978 -0.0252275 -0.29588 0.103573 -0.0940562 -0.345147 
0.0848433 -0.0991573 -0.356497 0.101563 -0.0881625 -0.366754 0.132622 -0.0934432 -0.371084 
0.134632 -0.0993369 -0.349477 0.16368 -0.0987239 -0.375414 0.16569 -0.104618 -0.353807 
0.178019 -0.114999 -0.369486 0.271196 -0.130841 -0.382476 0.287915 -0.119847 -0.392733 
-0.364688 -0.0421159 -0.264016 -0.366698 -0.0362223 -0.285623 -0.383418 -0.0472171 -0.275366 
0.0390752 -0.110765 -0.320303 0.0203456 -0.115866 -0.331653 0.0370651 -0.104871 -0.34191 
0.0681238 -0.110152 -0.34624 0.192359 -0.131275 -0.363559 0.223417 -0.136556 -0.367889 
0.225427 -0.142449 -0.346282 0.254476 -0.141836 -0.372218 -0.398127 -0.0641055 -0.243502 
-0.400137 -0.0582119 -0.265109 -0.416857 -0.0692066 -0.254851 -0.0130934 -0.137856 -0.311138 
0.00362608 -0.126861 -0.321396 -0.400507 -0.0913758 -0.227317 -0.402517 -0.0854821 -0.248924 
-0.369449 -0.0966565 -0.231647 -0.371459 -0.0907628 -0.253254 -0.3404 -0.0960435 -0.257584 
-0.33839 -0.101937 -0.235977 -0.309341 -0.101324 -0.261913 -0.307331 -0.107218 -0.240306 
-0.278283 -0.106605 -0.266243 -0.276272 -0.112499 -0.244636 -0.247224 -0.111886 -0.270573 
-0.245214 -0.117779 -0.248966 -0.232885 -0.128161 -0.264645 -0.0465325 -0.159845 -0.290624 
-0.029813 -0.148851 -0.300881 -0.218546 -0.144437 -0.258718 -0.187487 -0.149717 -0.263048 
-0.156428 -0.154998 -0.267378 -0.125369 -0.160279 -0.271707 -0.0943107 -0.165559 -0.276037 
-0.063252 -0.17084 -0.280367 0.266748 0.027679 -0.490933 0.264738 0.0335726 -0.51254 
0.248018 0.0225778 -0.502283 0.297807 0.0223983 -0.495263 0.295797 0.0282919 -0.51687 
0.310136 0.0120164 -0.510943 0.109074 0.0268122 -0.4531 0.107064 0.0327058 -0.474707 
0.0903445 0.0217111 -0.46445 0.140133 0.0215315 -0.45743 0.138123 0.0274251 -0.479037 
0.171192 0.0162508 -0.461759 0.169181 0.0221444 -0.483366 0.20225 0.0109701 -0.466089 
0.20024 0.0168637 -0.487696 0.233309 0.0056894 -0.470419 0.231299 0.011583 -0.492026 
0.264368 0.0004087 -0.474749 0.295426 -0.004872 -0.479078 0.307755 -0.0152538 -0.494758 
-0.017541 0.0206647 -0.419596 -0.0195511 0.0265584 -0.441203 -0.0362706 0.0155636 -0.430946 
0.0135177 0.015384 -0.423926 0.0115076 0.0212777 -0.445533 0.0445764 0.0101033 -0.428256 
0.0425663 0.015997 -0.449863 0.0756351 0.00482263 -0.432585 0.073625 0.0107163 -0.454192 
0.230929 -0.0215809 -0.454234 0.261987 -0.0268616 -0.458564 0.293046 -0.0321423 -0.462894 
0.322095 -0.0315293 -0.488831 0.324105 -0.037423 -0.467224 0.336434 -0.0478048 -0.482903 
-0.237332 0.0303594 -0.373103 -0.239342 0.036253 -0.39471 -0.256062 0.0252582 -0.384453 
-0.206274 0.0250787 -0.377433 -0.208284 0.0309723 -0.39904 -0.193944 0.0146968 -0.393112 
-0.113097 0.00923656 -0.390422 -0.115108 0.0151302 -0.412029 -0.131827 0.00413542 -0.401772 
-0.0820387 0.00395586 -0.394752 -0.0840488 0.00984951 -0.416359 -0.05098 -0.00132484 -0.399082 
-0.0529901 0.00456881 -0.420689 0.259607 -0.0541318 -0.442379 0.290666 -0.0594125 -0.446709 
0.321724 -0.0646932 -0.451039 0.334053 -0.0750751 -0.466718 -0.272781 0.0142634 -0.374196 
-0.289501 0.00326865 -0.363938 -0.179605 -0.00157866 -0.387185 -0.148547 -0.00685936 -0.391515 
0.319344 -0.0919635 -0.434854 0.331673 -0.102345 -0.450534 -0.30622 -0.00772613 -0.353681 
-0.32294 -0.0187209 -0.343424 0.298234 -0.124335 -0.430019 0.314954 -0.11334 -0.440277 
-0.339659 -0.0297157 -0.333167 -0.356379 -0.0407105 -0.32291 0.0661137 -0.104258 -0.367847 
0.0473841 -0.10936 -0.379197 0.0641036 -0.0983648 -0.389454 0.0951623 -0.103645 -0.393784 
0.126221 -0.108926 -0.398113 0.15728 -0.114207 -0.402443 0.188338 -0.119488 -0.406773 
0.190349 -0.125381 -0.385166 0.219397 -0.124768 -0.411103 0.221407 -0.130662 -0.389496 
0.250456 -0.130049 -0.415432 0.252466 -0.135943 -0.393825 0.281515 -0.13533 -0.419762 
-0.371088 -0.0575989 -0.291045 -0.358759 -0.0679808 -0.306725 0.00161599 -0.120967 -0.343003 
-0.0171136 -0.126068 -0.354352 -0.000394103 -0.115074 -0.36461 0.0306646 -0.120354 -0.368939 
-0.404527 -0.0795885 -0.270531 -0.373469 -0.0848692 -0.274861 -0.34442 -0.0842562 -0.300798 
-0.34241 -0.0901499 -0.279191 -0.313361 -0.0895369 -0.305127 -0.311351 -0.0954306 -0.28352 
-0.282303 -0.0948176 -0.309457 -0.280293 -0.100711 -0.28785 -0.267964 -0.111093 -0.30353 
-0.0318231 -0.142957 -0.322488 -0.0505527 -0.148058 -0.333838 -0.0338331 -0.137063 -0.344095 
-0.253624 -0.127369 -0.297602 -0.222566 -0.132649 -0.301932 -0.220556 -0.138543 -0.280325 
-0.191507 -0.13793 -0.306262 -0.189497 -0.143824 -0.284655 -0.160448 -0.143211 -0.310592 
-0.158438 -0.149104 -0.288985 -0.12939 -0.148491 -0.314921 -0.12738 -0.154385 -0.293314 
-0.0983309 -0.153772 -0.319251 -0.0963208 -0.159666 -0.297644 -0.0672722 -0.159053 -0.323581 
-0.0652621 -0.164946 -0.301974 0.298547 0.0887261 -0.570846 0.296537 0.0946197 -0.592453 
0.279818 0.083625 -0.582196 0.329606 0.0834454 -0.575176 0.327596 0.089339 -0.596783 
0.341935 0.0730636 -0.590856 0.202991 0.0772979 -0.541672 0.200981 0.0831916 -0.563279 
0.184261 0.0721968 -0.553022 0.234049 0.0720172 -0.546002 0.232039 0.0779109 -0.567609 
0.265108 0.0667365 -0.550332 0.263098 0.0726302 -0.571939 0.296167 0.0614558 -0.554662 
0.327226 0.0561751 -0.558991 0.356274 0.0567881 -0.584928 0.358284 0.0508944 -0.563321 
0.389343 0.0456137 -0.567651 0.387333 0.0515074 -0.589258 0.401672 0.0352319 -0.583331 
0.107434 0.0658698 -0.512498 0.105424 0.0717634 -0.534105 0.0887047 0.0607686 -0.523848 
0.138493 0.0605891 -0.516828 0.136483 0.0664827 -0.538435 0.169552 0.0553084 -0.521158 
0.167542 0.061202 -0.542765 0.20061 0.0500277 -0.525488 0.231669 0.044747 -0.529817 
0.262728 0.0394663 -0.534147 0.293787 0.0341856 -0.538477 0.324845 0.0289049 -0.542807 
0.355904 0.0236242 -0.547137 0.386963 0.0183435 -0.551466 0.399292 0.00796163 -0.567146 
0.0118779 0.0544416 -0.483324 0.00986778 0.0603352 -0.504931 -0.00685175 0.0493405 -0.494674 
0.0429366 0.0491609 -0.487654 0.0409265 0.0550545 -0.509261 0.0739953 0.0438802 -0.491984 
0.0719852 0.0497738 -0.513591 0.105054 0.0385995 -0.496314 0.136113 0.0333188 -0.500643 
0.167171 0.0280381 -0.504973 0.19823 0.0227574 -0.509303 0.229289 0.0174767 -0.513633 
0.322465 0.0016346 -0.526622 0.353524 -0.0036461 -0.530952 0.365853 -0.0140279 -0.546631 
0.382572 -0.00303315 -0.556889 -0.0526199 0.0377327 -0.45848 -0.05463 0.0436264 -0.480087 
-0.0713495 0.0326316 -0.46983 -0.0215612 0.032452 -0.46281 -0.0235713 0.0383457 -0.484417 
0.00949752 0.0271713 -0.46714 0.0405562 0.0218906 -0.47147 0.0716149 0.0166099 -0.475799 
0.320085 -0.0256357 -0.510437 0.351143 -0.0309164 -0.514767 0.363472 -0.0412982 -0.530447 
-0.210294 0.036866 -0.420647 -0.212304 0.0427596 -0.442254 -0.229023 0.0317648 -0.431997 
-0.197965 0.0264841 -0.436326 -0.117118 0.0210239 -0.433636 -0.119128 0.0269175 -0.455243 
-0.135847 0.0159227 -0.444986 -0.0860589 0.0157432 -0.437966 -0.088069 0.0216368 -0.459573 
-0.0550002 0.0104625 -0.442296 0.348763 -0.0581866 -0.498583 0.361092 -0.0685685 -0.514262 
-0.245743 0.02077 -0.421739 -0.262462 0.00977525 -0.411482 -0.181615 0.00431499 -0.408792 
-0.183625 0.0102086 -0.430399 -0.150557 -0.000965713 -0.413122 -0.152567 0.00492794 -0.434729 
0.346383 -0.0854569 -0.482398 0.358712 -0.0958387 -0.498078 -0.308231 -0.00183248 -0.375288 
-0.310241 0.00406116 -0.396895 -0.32696 -0.00693362 -0.386638 -0.279182 -0.00121953 -0.401225 
0.325273 -0.117828 -0.477563 0.341992 -0.106834 -0.48782 -0.32934 -0.0342039 -0.370453 
0.0931523 -0.0977518 -0.415391 0.0744226 -0.102853 -0.42674 0.0911422 -0.0918582 -0.436998 
0.122201 -0.0971389 -0.441327 0.124211 -0.103033 -0.41972 0.15326 -0.10242 -0.445657 
0.15527 -0.108313 -0.42405 0.184318 -0.1077 -0.449987 0.186328 -0.113594 -0.42838 
0.215377 -0.112981 -0.454317 0.217387 -0.118875 -0.43271 0.246436 -0.118262 -0.458646 
0.248446 -0.124155 -0.437039 0.277494 -0.123542 -0.462976 0.279504 -0.129436 -0.441369 
0.308553 -0.128823 -0.467306 -0.34606 -0.0451987 -0.360196 -0.36278 -0.0561935 -0.349939 
0.0409836 -0.124843 -0.406226 0.0577031 -0.113848 -0.416483 -0.377489 -0.0730819 -0.318075 
-0.379499 -0.0671882 -0.339682 -0.396219 -0.078183 -0.329425 -0.0235141 -0.141551 -0.381382 
-0.00679462 -0.130557 -0.391639 0.0242641 -0.135837 -0.395969 -0.381879 -0.0944585 -0.323497 
-0.350821 -0.0997392 -0.327827 -0.319762 -0.10502 -0.332157 -0.288703 -0.110301 -0.336486 
-0.257645 -0.115581 -0.340816 -0.255634 -0.121475 -0.319209 -0.226586 -0.120862 -0.345146 
-0.224576 -0.126756 -0.323539 -0.212247 -0.137137 -0.339219 -0.0692823 -0.153159 -0.345188 
-0.0880119 -0.15826 -0.356538 -0.0712924 -0.147265 -0.366795 -0.0402337 -0.152546 -0.371125 
-0.197908 -0.153413 -0.333291 -0.166849 -0.158694 -0.337621 -0.13579 -0.163974 -0.341951 
-0.104731 -0.169255 -0.34628 0.110555 0.159468 -0.604266 0.108545 0.165362 -0.625873 
0.0918256 0.154367 -0.615616 0.141614 0.154187 -0.608596 0.139604 0.160081 -0.630203 
0.153943 0.143805 -0.624276 0.0771161 0.137478 -0.583752 0.075106 0.143372 -0.605359 
0.0583865 0.132377 -0.595102 0.108175 0.132198 -0.588082 0.139234 0.126917 -0.592411 
0.151563 0.116535 -0.608091 0.0436771 0.115489 -0.563237 0.041667 0.121382 -0.584844 
0.0249475 0.110388 -0.574587 0.0747358 0.110208 -0.567567 0.105794 0.104927 -0.571897 
0.136853 0.0996466 -0.576227 0.165902 0.10026 -0.602164 0.167912 0.0943659 -0.580557 
0.198971 0.0890852 -0.584886 0.19696 0.0949789 -0.606493 0.230029 0.0838045 -0.589216 
0.228019 0.0896982 -0.610823 0.242358 0.0734227 -0.604896 0.292147 0.0732431 -0.597876 
0.323205 0.0679624 -0.602205 0.010238 0.0934992 -0.542723 0.00822794 0.0993928 -0.56433 
-0.00849158 0.088398 -0.554073 0.0412967 0.0882185 -0.547053 0.0723554 0.0829378 -0.551383 
0.103414 0.0776571 -0.555712 0.134473 0.0723764 -0.560042 0.165532 0.0670957 -0.564372 
0.256698 0.0571472 -0.598968 0.287756 0.0518665 -0.603298 0.318815 0.0465858 -0.607628 
0.349874 0.0413051 -0.611958 0.380932 0.0360244 -0.616287 0.414001 0.0248501 -0.59901 
0.411991 0.0307437 -0.620617 0.42633 0.0144682 -0.61469 -0.023201 0.0715096 -0.522209 
-0.0252111 0.0774032 -0.543816 -0.0419306 0.0664084 -0.533558 0.00785769 0.0662289 -0.526538 
0.0389164 0.0609482 -0.530868 0.0699751 0.0556675 -0.535198 0.392891 -0.00752134 -0.594175 
0.409611 0.00347344 -0.604432 -0.0566401 0.04952 -0.501694 -0.0586501 0.0554137 -0.523301 
-0.0753697 0.0444189 -0.513044 -0.0255814 0.0442393 -0.506024 0.378182 -0.0244098 -0.562311 
0.390511 -0.0347916 -0.577991 -0.183255 0.0433725 -0.468191 -0.185265 0.0492662 -0.489798 
-0.201985 0.0382714 -0.47954 -0.170926 0.0329907 -0.48387 -0.0900791 0.0275305 -0.48118 
-0.0920892 0.0334241 -0.502787 -0.108809 0.0224293 -0.49253 0.375801 -0.05168 -0.546126 
0.388131 -0.0620619 -0.561806 -0.218704 0.0272766 -0.469283 -0.235424 0.0162818 -0.459026 
-0.185636 0.0161023 -0.452006 -0.156587 0.0167152 -0.477943 -0.154577 0.0108216 -0.456336 
-0.125528 0.0114345 -0.482272 0.373421 -0.0789503 -0.529942 0.38575 -0.0893321 -0.545621 
-0.252143 0.00528706 -0.448769 -0.268863 -0.00570772 -0.438512 0.339982 -0.10094 -0.509427 
0.321252 -0.106041 -0.520777 0.337972 -0.0950462 -0.531034 0.369031 -0.100327 -0.535364 
-0.314631 -0.0173155 -0.402318 -0.302302 -0.0276973 -0.417997 -0.285582 -0.0167025 -0.428254 
0.213367 -0.107087 -0.475924 0.194637 -0.112188 -0.487273 0.211357 -0.101194 -0.497531 
0.242415 -0.106474 -0.50186 0.244426 -0.112368 -0.480253 0.273474 -0.111755 -0.50619 
0.275484 -0.117649 -0.484583 0.304533 -0.117036 -0.51052 0.306543 -0.122929 -0.488913 
-0.319021 -0.0386921 -0.40774 -0.335741 -0.0496869 -0.397483 0.0680221 -0.118336 -0.45377 
0.0847416 -0.107341 -0.464027 0.1158 -0.112622 -0.468357 0.146859 -0.117903 -0.472687 
0.177918 -0.123183 -0.477016 -0.35045 -0.0665753 -0.365619 -0.338121 -0.0769571 -0.381298 
0.022254 -0.129944 -0.417576 0.00352438 -0.135045 -0.428926 0.0202439 -0.12405 -0.439183 
0.0513026 -0.129331 -0.443513 -0.383889 -0.0885649 -0.345104 -0.352831 -0.0938456 -0.349434 
-0.323782 -0.0932326 -0.375371 -0.321772 -0.0991263 -0.353764 -0.292723 -0.0985133 -0.3797 
-0.290713 -0.104407 -0.358093 -0.261665 -0.103794 -0.38403 -0.259655 -0.109688 -0.362423 
-0.247326 -0.120069 -0.378103 -0.0422438 -0.146653 -0.392732 -0.0609734 -0.151754 -0.404081 
-0.0442538 -0.140759 -0.414339 -0.0131951 -0.14604 -0.418668 -0.232986 -0.136345 -0.372175 
-0.201928 -0.141626 -0.376505 -0.199918 -0.147519 -0.354898 -0.170869 -0.146906 -0.380835 
-0.168859 -0.1528 -0.359228 -0.13981 -0.152187 -0.385165 -0.1378 -0.158081 -0.363558 
-0.108752 -0.157468 -0.389494 -0.106742 -0.163361 -0.367887 -0.0776929 -0.162748 -0.393824 
0.104155 0.143985 -0.631296 0.116484 0.133603 -0.646975 0.133203 0.144598 -0.657232 
0.147542 0.128322 -0.651305 0.0687055 0.127889 -0.632388 0.051986 0.116894 -0.622131 
0.0997642 0.122608 -0.636718 0.145162 0.101052 -0.63512 0.00621785 0.105286 -0.585937 
0.00420776 0.11118 -0.607544 -0.0125118 0.100185 -0.597287 0.0352665 0.105899 -0.611874 
0.159501 0.0847766 -0.629193 0.19056 0.0794959 -0.633523 0.223629 0.0683216 -0.616245 
0.204899 0.0632204 -0.627595 -0.0272212 0.0832969 -0.565423 -0.0292313 0.0891905 -0.58703 
-0.0459508 0.0781958 -0.576772 0.219238 0.0469449 -0.621668 0.250297 0.0416642 -0.625998 
0.281356 0.0363835 -0.630327 0.312414 0.0311028 -0.634657 0.343473 0.0258221 -0.638987 
0.374532 0.0205414 -0.643317 0.407601 0.00936709 -0.626039 0.388871 0.00426596 -0.637389 
-0.0606602 0.0613073 -0.544908 -0.0626703 0.067201 -0.566515 -0.0793898 0.0562062 -0.556258 
0.40321 -0.0120095 -0.631462 0.40522 -0.0179032 -0.609855 0.417549 -0.028285 -0.625534 
-0.0940993 0.0393177 -0.524394 -0.0961094 0.0452114 -0.546001 -0.112829 0.0342166 -0.535744 
0.38411 -0.0502746 -0.60502 0.40083 -0.0392798 -0.615277 -0.191666 0.0337832 -0.516827 
-0.208385 0.0227884 -0.50657 -0.158597 0.0226089 -0.49955 -0.160607 0.0285025 -0.521157 
-0.127538 0.0173282 -0.503879 -0.129548 0.0232218 -0.525486 0.38173 -0.0775448 -0.588835 
-0.223095 0.00590001 -0.474706 -0.210766 -0.00448182 -0.490385 0.367021 -0.0944333 -0.556971 
0.348291 -0.0995344 -0.568321 0.36501 -0.0885396 -0.578578 -0.256534 -0.0160896 -0.454191 
-0.244205 -0.0264714 -0.469871 -0.227485 -0.0154766 -0.480128 0.209347 -0.0953 -0.519138 
0.190617 -0.100401 -0.530487 0.207337 -0.0894064 -0.540745 0.238395 -0.0946871 -0.545074 
0.240405 -0.100581 -0.523467 0.269454 -0.0999678 -0.549404 0.271464 -0.105861 -0.527797 
0.300513 -0.105248 -0.553734 0.302523 -0.111142 -0.532127 0.331571 -0.110529 -0.558064 
-0.289973 -0.0380791 -0.433677 -0.277644 -0.048461 -0.449356 -0.260924 -0.0374662 -0.459614 
0.144849 -0.112009 -0.494294 0.126119 -0.11711 -0.505643 0.142839 -0.106115 -0.5159 
0.173898 -0.111396 -0.52023 0.175908 -0.11729 -0.498623 -0.325422 -0.054175 -0.434769 
-0.342142 -0.0651698 -0.424512 -0.294363 -0.0594557 -0.439099 0.0492925 -0.123437 -0.46512 
0.0305629 -0.128538 -0.476469 0.0472824 -0.117543 -0.486727 0.0783411 -0.122824 -0.491056 
0.1094 -0.128105 -0.495386 -0.356851 -0.0820583 -0.392648 -0.358861 -0.0761646 -0.414255 
-0.375581 -0.0871594 -0.403998 -0.00287614 -0.150528 -0.455955 0.0138434 -0.139533 -0.466212 
-0.361241 -0.103435 -0.39807 -0.330183 -0.108716 -0.4024 -0.299124 -0.113996 -0.40673 
-0.268065 -0.119277 -0.41106 -0.237007 -0.124558 -0.415389 -0.234996 -0.130451 -0.393782 
-0.205948 -0.129838 -0.419719 -0.203938 -0.135732 -0.398112 -0.191609 -0.146114 -0.413792 
-0.079703 -0.156855 -0.415431 -0.0984326 -0.161956 -0.426781 -0.0817131 -0.150961 -0.437038 
-0.0506544 -0.156242 -0.441368 -0.0195957 -0.161523 -0.445698 -0.17727 -0.162389 -0.407864 
-0.146211 -0.16767 -0.412194 -0.115152 -0.172951 -0.416524 0.128813 0.123221 -0.662655 
0.0643151 0.106512 -0.637811 0.0953738 0.101232 -0.64214 0.126432 0.0959509 -0.64647 
-0.00018267 0.0898035 -0.612966 0.0121464 0.0794216 -0.628646 0.0288659 0.0904164 -0.638903 
0.0599246 0.0851357 -0.643233 0.0929934 0.0739614 -0.625956 0.0742638 0.0688602 -0.637305 
0.124052 0.0686807 -0.630286 0.155111 0.0634 -0.634615 0.18617 0.0581193 -0.638945 
-0.0957391 0.0783753 -0.583792 -0.0977492 0.084269 -0.605399 -0.114469 0.0732742 -0.595142 
-0.0646804 0.0730946 -0.588122 -0.0666905 0.0789883 -0.609729 -0.0356318 0.0737076 -0.614059 
-0.0045731 0.0684269 -0.618389 0.088603 0.0525848 -0.631378 0.119662 0.0473041 -0.635708 
0.15072 0.0420234 -0.640038 0.181779 0.0367427 -0.644367 0.214848 0.0255683 -0.62709 
0.196118 0.0204672 -0.63844 0.245907 0.0202876 -0.63142 0.258236 0.00990578 -0.647099 
0.274955 0.0209006 -0.657357 0.306014 0.0156199 -0.661686 0.337073 0.0103392 -0.666016 
0.370141 -0.000835178 -0.648739 0.351412 -0.00593631 -0.660089 -0.129178 0.0563857 -0.563278 
-0.131188 0.0622794 -0.584885 -0.147908 0.0512846 -0.574628 -0.0981195 0.051105 -0.567608 
0.210457 0.0041917 -0.632513 0.241516 -0.001089 -0.636842 0.367761 -0.0281054 -0.632554 
0.349031 -0.0332066 -0.643904 0.39882 -0.0333861 -0.636884 -0.162617 0.0343962 -0.542764 
-0.164627 0.0402898 -0.564371 -0.181347 0.029295 -0.554113 -0.131559 0.0291155 -0.547093 
0.365381 -0.0553757 -0.61637 0.346651 -0.0604768 -0.62772 -0.196056 0.0124066 -0.522249 
-0.183727 0.00202477 -0.537929 0.300883 -0.0720846 -0.591526 0.282153 -0.0771857 -0.602875 
0.298873 -0.0661909 -0.613133 0.329932 -0.0714716 -0.617462 0.331942 -0.0773653 -0.595855 
0.363 -0.082646 -0.600185 -0.200447 -0.00897001 -0.527672 -0.217166 -0.0199648 -0.517414 
0.205327 -0.0835127 -0.562352 0.186597 -0.0886139 -0.573701 0.203316 -0.0776191 -0.583959 
0.234375 -0.0828998 -0.588288 0.236385 -0.0887934 -0.566681 0.265434 -0.0881805 -0.592618 
0.267444 -0.0940741 -0.571011 0.298503 -0.0993548 -0.575341 0.329561 -0.104636 -0.579671 
-0.231876 -0.0368532 -0.48555 -0.219547 -0.0472351 -0.50123 0.171887 -0.105502 -0.541837 
0.153158 -0.110603 -0.553187 0.169877 -0.0996087 -0.563444 -0.265315 -0.0588428 -0.465036 
-0.234256 -0.0641235 -0.469366 -0.221927 -0.0745053 -0.485045 0.0452723 -0.11165 -0.508334 
0.0265427 -0.116751 -0.519683 0.0432622 -0.105756 -0.529941 0.0743209 -0.111037 -0.53427 
0.076331 -0.11693 -0.512663 0.10538 -0.116318 -0.5386 0.10739 -0.122211 -0.516993 
0.136438 -0.121598 -0.54293 -0.329812 -0.0755517 -0.440192 -0.298754 -0.0808324 -0.444521 
-0.267695 -0.0861131 -0.448851 -0.255366 -0.0964949 -0.464531 -0.238646 -0.0855001 -0.474788 
0.0118333 -0.133639 -0.487819 -0.00689632 -0.13874 -0.499169 0.0098232 -0.127746 -0.509426 
-0.363251 -0.0975412 -0.419677 -0.332193 -0.102822 -0.424007 -0.301134 -0.108103 -0.428337 
-0.270075 -0.113383 -0.432667 -0.241027 -0.11277 -0.458603 -0.239017 -0.118664 -0.436996 
-0.226688 -0.129046 -0.452676 -0.0526645 -0.150348 -0.462975 -0.0713941 -0.155449 -0.474325 
-0.0546745 -0.144455 -0.484582 -0.0236158 -0.149735 -0.488912 -0.0216058 -0.155629 -0.467305 
-0.212348 -0.145321 -0.446749 -0.18129 -0.150602 -0.451078 -0.17928 -0.156496 -0.429471 
-0.150231 -0.155883 -0.455408 -0.148221 -0.161776 -0.433801 -0.119172 -0.161163 -0.459738 
-0.117162 -0.167057 -0.438131 -0.0881136 -0.166444 -0.464068 0.0268559 0.0963101 -0.66051 
0.0248458 0.102204 -0.682117 0.00812624 0.0912089 -0.67186 0.0391849 0.0859282 -0.67619 
-0.0376419 0.0796012 -0.635666 -0.039652 0.0854949 -0.657273 -0.0563715 0.0745001 -0.647016 
-0.00658319 0.0743205 -0.639996 -0.00859328 0.0802142 -0.661603 0.0368046 0.058658 -0.660005 
0.0555342 0.0637591 -0.648655 -0.10214 0.0628923 -0.610822 -0.0898106 0.0525105 -0.626501 
-0.073091 0.0635053 -0.636759 0.0511438 0.0423825 -0.654078 0.0842126 0.0312081 -0.6368 
0.065483 0.026107 -0.64815 0.115271 0.0259274 -0.64113 0.14633 0.0206467 -0.64546 
0.177389 0.015366 -0.64979 0.270565 -0.000476051 -0.662779 0.301623 -0.00575675 -0.667109 
0.332682 -0.0110374 -0.671439 -0.135579 0.0409028 -0.590307 -0.12325 0.0305209 -0.605987 
-0.10653 0.0415157 -0.616244 0.0818322 0.00393788 -0.620616 0.0631026 -0.00116326 -0.631966 
0.112891 -0.00134282 -0.624946 0.14395 -0.00662352 -0.629275 0.175008 -0.0119042 -0.633605 
0.206067 -0.0171849 -0.637935 0.237126 -0.0224656 -0.642265 0.268184 -0.0277463 -0.646594 
0.280514 -0.0381282 -0.662274 0.297233 -0.0271334 -0.672531 0.330302 -0.0383077 -0.655254 
0.311572 -0.0434089 -0.666604 -0.171028 0.0248069 -0.5914 -0.187747 0.0138121 -0.581143 
-0.139969 0.0195262 -0.59573 0.0774418 -0.0174387 -0.626038 0.110511 -0.0286131 -0.608761 
0.091781 -0.0337142 -0.620111 0.141569 -0.0338938 -0.613091 0.172628 -0.0391745 -0.61742 
0.184957 -0.0495563 -0.6331 0.201677 -0.0385615 -0.643357 0.232735 -0.0438422 -0.647687 
0.265804 -0.0550166 -0.63041 0.247074 -0.0601177 -0.64176 0.294853 -0.0544036 -0.656347 
0.296863 -0.0602973 -0.63474 0.327921 -0.065578 -0.639069 -0.190128 -0.0134582 -0.564958 
0.10813 -0.0558834 -0.592576 0.0894006 -0.0609845 -0.603926 0.139189 -0.0611641 -0.596906 
0.170248 -0.0664448 -0.601236 0.199296 -0.0658318 -0.627173 0.201306 -0.0717255 -0.605566 
0.230355 -0.0711125 -0.631502 0.232365 -0.0770062 -0.609895 0.263424 -0.0822868 -0.614225 
-0.206847 -0.024453 -0.554701 -0.223567 -0.0354478 -0.544444 0.0746912 -0.0778729 -0.572062 
0.0559616 -0.0829741 -0.583412 0.0726811 -0.0719793 -0.593669 0.10575 -0.0831536 -0.576392 
0.136809 -0.0884343 -0.580721 0.167867 -0.093715 -0.585051 -0.225947 -0.062718 -0.528259 
0.0101935 -0.0945818 -0.547218 -0.00853616 -0.0996829 -0.558568 0.00818336 -0.0886881 -0.568825 
0.0392421 -0.0939688 -0.573155 0.0412522 -0.0998625 -0.551548 0.0723109 -0.105143 -0.555877 
0.10337 -0.110424 -0.560207 0.134428 -0.115705 -0.564537 -0.211608 -0.0789935 -0.522332 
-0.209598 -0.0848872 -0.500725 -0.197269 -0.095269 -0.516404 -0.0232456 -0.116571 -0.526703 
-0.0419752 -0.121672 -0.538053 -0.0252557 -0.110678 -0.54831 0.00781311 -0.121852 -0.531033 
-0.243037 -0.106877 -0.48021 -0.211978 -0.112157 -0.48454 -0.199649 -0.122539 -0.50022 
-0.0566846 -0.138561 -0.506189 -0.0754142 -0.143662 -0.517539 -0.0586947 -0.132667 -0.527796 
-0.0256259 -0.143842 -0.510519 -0.214358 -0.139428 -0.468356 -0.18531 -0.138815 -0.494292 
-0.1833 -0.144708 -0.472685 -0.154251 -0.144095 -0.498622 -0.152241 -0.149989 -0.477015 
-0.123192 -0.149376 -0.502952 -0.121182 -0.15527 -0.481345 -0.0921338 -0.154657 -0.507282 
-0.0901237 -0.16055 -0.485675 0.0204553 0.0808271 -0.68754 -0.0440424 0.0641182 -0.662695 
-0.0129837 0.0588375 -0.667025 0.018075 0.0535568 -0.671355 -0.0774815 0.0421287 -0.642181 
-0.0464228 0.036848 -0.646511 -0.0340937 0.0264661 -0.66219 -0.0173741 0.0374609 -0.672448 
0.0136846 0.0321802 -0.676777 0.0467533 0.0210059 -0.6595 0.0280237 0.0159047 -0.67085 
-0.110921 0.0201391 -0.621667 -0.0985914 0.00975727 -0.637346 -0.0818719 0.0207521 -0.647603 
-0.0508132 0.0154714 -0.651933 0.044373 -0.00626439 -0.643315 0.0256434 -0.0113655 -0.654665 
0.292843 -0.04851 -0.677954 -0.175418 0.00343024 -0.596822 -0.163089 -0.0069516 -0.612502 
-0.14637 0.00404318 -0.622759 -0.115311 -0.00123752 -0.627089 0.0419927 -0.0335347 -0.627131 
0.0232631 -0.0386358 -0.638481 0.0730514 -0.0388154 -0.631461 0.197286 -0.0599382 -0.64878 
0.228345 -0.0652189 -0.653109 -0.179809 -0.0179464 -0.602245 -0.196528 -0.0289412 -0.591988 
0.00855362 -0.0555242 -0.606616 -0.010176 -0.0606254 -0.617966 0.00654353 -0.0496306 -0.628223 
0.0396123 -0.0608049 -0.610946 0.070671 -0.0660856 -0.615276 -0.211238 -0.0458296 -0.560123 
-0.198909 -0.0562114 -0.575803 0.00617327 -0.0827945 -0.590432 -0.0125563 -0.0878956 -0.601782 
0.037232 -0.0880752 -0.594762 -0.213618 -0.0730999 -0.543939 -0.184569 -0.0724869 -0.569876 
-0.182559 -0.0783806 -0.548268 -0.17023 -0.0887624 -0.563948 -0.0272658 -0.104784 -0.569917 
-0.0459954 -0.109885 -0.581267 -0.0292759 -0.0988904 -0.591524 -0.18494 -0.105651 -0.532084 
-0.172611 -0.116033 -0.547763 -0.0607048 -0.126774 -0.549403 -0.0794344 -0.131875 -0.560753 
-0.0627149 -0.12088 -0.57101 -0.18732 -0.132921 -0.515899 -0.174991 -0.143303 -0.531579 
-0.125203 -0.143482 -0.524559 -0.143932 -0.148584 -0.535909 -0.127213 -0.137589 -0.546166 
-0.0961539 -0.14287 -0.550496 -0.0941439 -0.148763 -0.528889 -0.160652 -0.159578 -0.525651 
-0.0217646 0.0160843 -0.67787 0.00929413 0.0108036 -0.6822 -0.0862623 -0.000624566 -0.653026 
-0.0552036 -0.00590527 -0.657355 -0.0241449 -0.011186 -0.661685 0.00691378 -0.0164667 -0.666015 
-0.15076 -0.0173334 -0.628182 -0.119701 -0.0226141 -0.632511 -0.0886427 -0.0278948 -0.636841 
-0.057584 -0.0331755 -0.641171 -0.0265253 -0.0384562 -0.645501 0.00453344 -0.0437369 -0.64983 
-0.186209 -0.0334294 -0.629274 -0.202929 -0.0444241 -0.619017 -0.15314 -0.0446037 -0.611997 
-0.17187 -0.0497048 -0.623347 -0.122082 -0.0498844 -0.616327 -0.091023 -0.0551651 -0.620656 
-0.0599643 -0.0604458 -0.624986 -0.0289056 -0.0657265 -0.629316 -0.18859 -0.0606996 -0.61309 
-0.186579 -0.0665933 -0.591483 -0.155521 -0.071874 -0.595812 -0.124462 -0.0771547 -0.600142 
-0.0934033 -0.0824354 -0.604472 -0.0810743 -0.0928172 -0.620151 -0.0643547 -0.0818224 -0.630409 
-0.0312859 -0.0929968 -0.613131 -0.0500156 -0.0980979 -0.624481 -0.157901 -0.0991442 -0.579628 
-0.126842 -0.104425 -0.583957 -0.114513 -0.114807 -0.599637 -0.0977938 -0.103812 -0.609894 
-0.064725 -0.114986 -0.592617 -0.0834546 -0.120087 -0.603967 -0.0667351 -0.109093 -0.614224 
-0.160281 -0.126415 -0.563443 -0.129223 -0.131695 -0.567773 -0.100174 -0.131082 -0.59371 
-0.098164 -0.136976 -0.572103 -0.162662 -0.153685 -0.547258 -0.1906 -0.054806 -0.634696 
-0.0687452 -0.103199 -0.635831 -0.102184 -0.125189 -0.615317 
POLYGONS 7045 21132
OFFSETS vtktypeint64
0 3 6 9 12 15 18 21 24 
27 30 33 36 39 42 45 48 51 
54 57 60 63 66 69 72 75 78 
81 84 87 90 93 96 99 102 105 
108 111 114 117 120 123 126 129 132 
135 138 141 144 147 150 153 156 159 
162 165 168 171 174 177 180 183 186 
189 192 195 198 201 204 207 210 213 
216 219 222 225 228 231 234 237 240 
243 246 249 252 255 258 261 264 267 
270 273 276 279 282 285 288 291 294 
297 300 303 306 309 312 315 318 321 
324 327 330 333 336 339 342 345 348 
351 354 357 360 363 366 369 372 375 
378 381 384 387 390 393 396 399 402 
405 408 411 414 417 420 423 426 429 
432 435 438 441 444 447 450 453 456 
459 462 465 468 471 474 477 480 483 
486 489 492 495 498 501 504 507 510 
513 516 519 522 525 528 531 534 537 
540 543 546 549 552 555 558 561 564 
567 570 573 576 579 582 585 588 591 
594 597 600 603 606 609 612 615 618 
621 624 627 630 633 636 639 642 645 
648 651 654 657 660 663 666 669 672 
675 678 681 684 687 690 693 696 699 
702 705 708 711 714 717 720 723 726 
729 732 735 738 741 744 747 750 753 
756 759 762 765 768 771 774 777 780 
783 786 789 792 795 798 801 804 807 
810 813 816 819 822 825 828 831 834 
837 840 843 846 849 852 855 858 861 
864 867 870 873 876 879 882 885 888 
891 894 897 900 903 906 909 912 915 
918 921 924 927 930 933 936 939 942 
945 948 951 954 957 960 963 966 969 
972 975 978 981 984 987 990 993 996 
999 1002 1005 1008 1011 1014 1017 1020 1023 
1026 1029 1032 1035 1038 1041 1044 1047 1050 
1053 1056 1059 1062 1065 1068 1071 1074 1077 
1080 1083 1086 1089 1092 1095 1098 1101 1104 
1107 1110 1113 1116 1119 1122 1125 1128 1131 
1134 1137 1140 1143 1146 1149 1152 1155 1158 
1161 1164 1167 1170 1173 1176 1179 1182 1185 
1188 1191 1194 1197 1200 1203 1206 1209 1212 
1215 1218 1221 1224 1227 1230 1233 1236 1239 
1242 1245 1248 1251 1254 1257 1260 1263 1266 
1269 1272 1275 1278 1281 1284 1287 1290 1293 
1296 1299 1302 1305 1308 1311 1314 1317 1320 
1323 1326 1329 1332 1335 1338 1341 1344 1347 
1350 1353 1356 1359 1362 1365 1368 1371 1374 
1377 1380 1383 1386 1389 1392 1395 1398 1401 
1404 1407 1410 1413 1416 1419 1422 1425 1428 
1431 1434 1437 1440 1443 1446 1449 1452 1455 
1458 1461 1464 1467 1470 1473 1476 1479 1482 
1485 1488 1491 1494 1497 1500 1503 1506 1509 
1512 1515 1518 1521 1524 1527 1530 1533 1536 
1539 1542 1545 1548 1551 1554 1557 1560 1563 
1566 1569 1572 1575 1578 1581 1584 1587 1590 
1593 1596 1599 1602 1605 1608 1611 1614 1617 
1620 1623 1626 1629 1632 1635 1638 1641 1644 
1647 1650 1653 1656 1659 1662 1665 1668 1671 
1674 1677 1680 1683 1686 1689 1692 1695 1698 
1701 1704 1707 1710 1713 1716 1719 1722 1725 
1728 1731 1734 1737 1740 1743 1746 1749 1752 
1755 1758 1761 1764 1767 1770 1773 1776 1779 
1782 1785 1788 1791 1794 1797 1800 1803 1806 
1809 1812 1815 1818 1821 1824 1827 1830 1833 
1836 1839 1842 1845 1848 1851 1854 1857 1860 
1863 1866 1869 1872 1875 1878 1881 1884 1887 
1890 1893 1896 1899 1902 1905 1908 1911 1914 
1917 1920 1923 1926 1929 1932 1935 1938 1941 
1944 1947 1950 1953 1956 1959 1962 1965 1968 
1971 1974 1977 1980 1983 1986 1989 1992 1995 
1998 2001 2004 2007 2010 2013 2016 2019 2022 
2025 2028 2031 2034 2037 2040 2043 2046 2049 
2052 2055 2058 2061 2064 2067 2070 2073 2076 
2079 2082 2085 2088 2091 2094 2097 2100 2103 
2106 2109 2112 2115 2118 2121 2124 2127 2130 
2133 2136 2139 2142 2145 2148 2151 2154 2157 
2160 2163 2166 2169 2172 2175 2178 2181 2184 
2187 2190 2193 2196 2199 2202 2205 2208 2211 
2214 2217 2220 2223 2226 2229 2232 2235 2238 
2241 2244 2247 2250 2253 2256 2259 2262 2265 
2268 2271 2274 2277 2280 2283 2286 2289 2292 
2295 2298 2301 2304 2307 2310 2313 2316 2319 
2322 2325 2328 2331 2334 2337 2340 2343 2346 
2349 2352 2355 2358 2361 2364 2367 2370 2373 
2376 2379 2382 2385 2388 2391 2394 2397 2400 
2403 2406 2409 2412 2415 2418 2421 2424 2427 
2430 2433 2436 2439 2442 2445 2448 2451 2454 
2457 2460 2463 2466 2469 2472 2475 2478 2481 
2484 2487 2490 2493 2496 2499 2502 2505 2508 
2511 2514 2517 2520 2523 2526 2529 2532 2535 
2538 2541 2544 2547 2550 2553 2556 2559 2562 
2565 2568 2571 2574 2577 2580 2583 2586 2589 
2592 2595 2598 2601 2604 2607 2610 2613 2616 
2619 2622 2625 2628 2631 2634 2637 2640 2643 
2646 2649 2652 2655 2658 2661 2664 2667 2670 
2673 2676 2679 2682 2685 2688 2691 2694 2697 
2700 2703 2706 2709 2712 2715 2718 2721 2724 
2727 2730 2733 2736 2739 2742 2745 2748 2751 
2754 2757 2760 2763 2766 2769 2772 2775 2778 
2781 2784 2787 2790 2793 2796 2799 2802 2805 
2808 2811 2814 2817 2820 2823 2826 2829 2832 
2835 2838 2841 2844 2847 2850 2853 2856 2859 
2862 2865 2868 2871 2874 2877 2880 2883 2886 
2889 2892 2895 2898 2901 2904 2907 2910 2913 
2916 2919 2922 2925 2928 2931 2934 2937 2940 
2943 2946 2949 2952 2955 2958 2961 2964 2967 
2970 2973 2976 2979 2982 2985 2988 2991 2994 
2997 3000 3003 3006 3009 3012 3015 3018 3021 
3024 3027 3030 3033 3036 3039 3042 3045 3048 
3051 3054 3057 3060 3063 3066 3069 3072 3075 
3078 3081 3084 3087 3090 3093 3096 3099 3102 
3105 3108 3111 3114 3117 3120 3123 3126 3129 
3132 3135 3138 3141 3144 3147 3150 3153 3156 
3159 3162 3165 3168 3171 3174 3177 3180 3183 
3186 3189 3192 3195 3198 3201 3204 3207 3210 
3213 3216 3219 3222 3225 3228 3231 3234 3237 
3240 3243 3246 3249 3252 3255 3258 3261 3264 
3267 3270 3273 3276 3279 3282 3285 3288 3291 
3294 3297 3300 3303 3306 3309 3312 3315 3318 
3321 3324 3327 3330 3333 3336 3339 3342 3345 
3348 3351 3354 3357 3360 3363 3366 3369 3372 
3375 3378 3381 3384 3387 3390 3393 3396 3399 
3402 3405 3408 3411 3414 3417 3420 3423 3426 
3429 3432 3435 3438 3441 3444 3447 3450 3453 
3456 3459 3462 3465 3468 3471 3474 3477 3480 
3483 3486 3489 3492 3495 3498 3501 3504 3507 
3510 3513 3516 3519 3522 3525 3528 3531 3534 
3537 3540 3543 3546 3549 3552 3555 3558 3561 
3564 3567 3570 3573 3576 3579 3582 3585 3588 
3591 3594 3597 3600 3603 3606 3609 3612 3615 
3618 3621 3624 3627 3630 3633 3636 3639 3642 
3645 3648 3651 3654 3657 3660 3663 3666 3669 
3672 3675 3678 3681 3684 3687 3690 3693 3696 
3699 3702 3705 3708 3711 3714 3717 3720 3723 
3726 3729 3732 3735 3738 3741 3744 3747 3750 
3753 3756 3759 3762 3765 3768 3771 3774 3777 
3780 3783 3786 3789 3792 3795 3798 3801 3804 
3807 3810 3813 3816 3819 3822 3825 3828 3831 
3834 3837 3840 3843 3846 3849 3852 3855 3858 
3861 3864 3867 3870 3873 3876 3879 3882 3885 
3888 3891 3894 3897 3900 3903 3906 3909 3912 
3915 3918 3921 3924 3927 3930 3933 3936 3939 
3942 3945 3948 3951 3954 3957 3960 3963 3966 
3969 3972 3975 3978 3981 3984 3987 3990 3993 
3996 3999 4002 4005 4008 4011 4014 4017 4020 
4023 4026 4029 4032 4035 4038 4041 4044 4047 
4050 4053 4056 4059 4062 4065 4068 4071 4074 
4077 4080 4083 4086 4089 4092 4095 4098 4101 
4104 4107 4110 4113 4116 4119 4122 4125 4128 
4131 4134 4137 4140 4143 4146 4149 4152 4155 
4158 4161 4164 4167 4170 4173 4176 4179 4182 
4185 4188 4191 4194 4197 4200 4203 4206 4209 
4212 4215 4218 4221 4224 4227 4230 4233 4236 
4239 4242 4245 4248 4251 4254 4257 4260 4263 
4266 4269 4272 4275 4278 4281 4284 4287 4290 
4293 4296 4299 4302 4305 4308 4311 4314 4317 
4320 4323 4326 4329 4332 4335 4338 4341 4344 
4347 4350 4353 4356 4359 4362 4365 4368 4371 
4374 4377 4380 4383 4386 4389 4392 4395 4398 
4401 4404 4407 4410 4413 4416 4419 4422 4425 
4428 4431 4434 4437 4440 4443 4446 4449 4452 
4455 4458 4461 4464 4467 4470 4473 4476 4479 
4482 4485 4488 4491 4494 4497 4500 4503 4506 
4509 4512 4515 4518 4521 4524 4527 4530 4533 
4536 4539 4542 4545 4548 4551 4554 4557 4560 
4563 4566 4569 4572 4575 4578 4581 4584 4587 
4590 4593 4596 4599 4602 4605 4608 4611 4614 
4617 4620 4623 4626 4629 4632 4635 4638 4641 
4644 4647 4650 4653 4656 4659 4662 4665 4668 
4671 4674 4677 4680 4683 4686 4689 4692 4695 
4698 4701 4704 4707 4710 4713 4716 4719 4722 
4725 4728 4731 4734 4737 4740 4743 4746 4749 
4752 4755 4758 4761 4764 4767 4770 4773 4776 
4779 4782 4785 4788 4791 4794 4797 4800 4803 
4806 4809 4812 4815 4818 4821 4824 4827 4830 
4833 4836 4839 4842 4845 4848 4851 4854 4857 
4860 4863 4866 4869 4872 4875 4878 4881 4884 
4887 4890 4893 4896 4899 4902 4905 4908 4911 
4914 4917 4920 4923 4926 4929 4932 4935 4938 
4941 4944 4947 4950 4953 4956 4959 4962 4965 
4968 4971 4974 4977 4980 4983 4986 4989 4992 
4995 4998 5001 5004 5007 5010 5013 5016 5019 
5022 5025 5028 5031 5034 5037 5040 5043 5046 
5049 5052 5055 5058 5061 5064 5067 5070 5073 
5076 5079 5082 5085 5088 5091 5094 5097 5100 
5103 5106 5109 5112 5115 5118 5121 5124 5127 
5130 5133 5136 5139 5142 5145 5148 5151 5154 
5157 5160 5163 5166 5169 5172 5175 5178 5181 
5184 5187 5190 5193 5196 5199 5202 5205 5208 
5211 5214 5217 5220 5223 5226 5229 5232 5235 
5238 5241 5244 5247 5250 5253 5256 5259 5262 
5265 5268 5271 5274 5277 5280 5283 5286 5289 
5292 5295 5298 5301 5304 5307 5310 5313 5316 
5319 5322 5325 5328 5331 5334 5337 5340 5343 
5346 5349 5352 5355 5358 5361 5364 5367 5370 
5373 5376 5379 5382 5385 5388 5391 5394 5397 
5400 5403 5406 5409 5412 5415 5418 5421 5424 
5427 5430 5433 5436 5439 5442 5445 5448 5451 
5454 5457 5460 5463 5466 5469 5472 5475 5478 
5481 5484 5487 5490 5493 5496 5499 5502 5505 
5508 5511 5514 5517 5520 5523 5526 5529 5532 
5535 5538 5541 5544 5547 5550 5553 5556 5559 
5562 5565 5568 5571 5574 5577 5580 5583 5586 
5589 5592 5595 5598 5601 5604 5607 5610 5613 
5616 5619 5622 5625 5628 5631 5634 5637 5640 
5643 5646 5649 5652 5655 5658 5661 5664 5667 
5670 5673 5676 5679 5682 5685 5688 5691 5694 
5697 5700 5703 5706 5709 5712 5715 5718 5721 
5724 5727 5730 5733 5736 5739 5742 5745 5748 
5751 5754 5757 5760 5763 5766 5769 5772 5775 
5778 5781 5784 5787 5790 5793 5796 5799 5802 
5805 5808 5811 5814 5817 5820 5823 5826 5829 
5832 5835 5838 5841 5844 5847 5850 5853 5856 
5859 5862 5865 5868 5871 5874 5877 5880 5883 
5886 5889 5892 5895 5898 5901 5904 5907 5910 
5913 5916 5919 5922 5925 5928 5931 5934 5937 
5940 5943 5946 5949 5952 5955 5958 5961 5964 
5967 5970 5973 5976 5979 5982 5985 5988 5991 
5994 5997 6000 6003 6006 6009 6012 6015 6018 
6021 6024 6027 6030 6033 6036 6039 6042 6045 
6048 6051 6054 6057 6060 6063 6066 6069 6072 
6075 6078 6081 6084 6087 6090 6093 6096 6099 
6102 6105 6108 6111 6114 6117 6120 6123 6126 
6129 6132 6135 6138 6141 6144 6147 6150 6153 
6156 6159 6162 6165 6168 6171 6174 6177 6180 
6183 6186 6189 6192 6195 6198 6201 6204 6207 
6210 6213 6216 6219 6222 6225 6228 6231 6234 
6237 6240 6243 6246 6249 6252 6255 6258 6261 
6264 6267 6270 6273 6276 6279 6282 6285 6288 
6291 6294 6297 6300 6303 6306 6309 6312 6315 
6318 6321 6324 6327 6330 6333 6336 6339 6342 
6345 6348 6351 6354 6357 6360 6363 6366 6369 
6372 6375 6378 6381 6384 6387 6390 6393 6396 
6399 6402 6405 6408 6411 6414 6417 6420 6423 
6426 6429 6432 6435 6438 6441 6444 6447 6450 
6453 6456 6459 6462 6465 6468 6471 6474 6477 
6480 6483 6486 6489 6492 6495 6498 6501 6504 
6507 6510 6513 6516 6519 6522 6525 6528 6531 
6534 6537 6540 6543 6546 6549 6552 6555 6558 
6561 6564 6567 6570 6573 6576 6579 6582 6585 
6588 6591 6594 6597 6600 6603 6606 6609 6612 
6615 6618 6621 6624 6627 6630 6633 6636 6639 
6642 6645 6648 6651 6654 6657 6660 6663 6666 
6669 6672 6675 6678 6681 6684 6687 6690 6693 
6696 6699 6702 6705 6708 6711 6714 6717 6720 
6723 6726 6729 6732 6735 6738 6741 6744 6747 
6750 6753 6756 6759 6762 6765 6768 6771 6774 
6777 6780 6783 6786 6789 6792 6795 6798 6801 
6804 6807 6810 6813 6816 6819 6822 6825 6828 
6831 6834 6837 6840 6843 6846 6849 6852 6855 
6858 6861 6864 6867 6870 6873 6876 6879 6882 
6885 6888 6891 6894 6897 6900 6903 6906 6909 
6912 6915 6918 6921 6924 6927 6930 6933 6936 
6939 6942 6945 6948 6951 6954 6957 6960 6963 
6966 6969 6972 6975 6978 6981 6984 6987 6990 
6993 6996 6999 7002 7005 7008 7011 7014 7017 
7020 7023 7026 7029 7032 7035 7038 7041 7044 
7047 7050 7053 7056 7059 7062 7065 7068 7071 
7074 7077 7080 7083 7086 7089 7092 7095 7098 
7101 7104 7107 7110 7113 7116 7119 7122 7125 
7128 7131 7134 7137 7140 7143 7146 7149 7152 
7155 7158 7161 7164 7167 7170 7173 7176 7179 
7182 7185 7188 7191 7194 7197 7200 7203 7206 
7209 7212 7215 7218 7221 7224 7227 7230 7233 
7236 7239 7242 7245 7248 7251 7254 7257 7260 
7263 7266 7269 7272 7275 7278 7281 7284 7287 
7290 7293 7296 7299 7302 7305 7308 7311 7314 
7317 7320 7323 7326 7329 7332 7335 7338 7341 
7344 7347 7350 7353 7356 7359 7362 7365 7368 
7371 7374 7377 7380 7383 7386 7389 7392 7395 
7398 7401 7404 7407 7410 7413 7416 7419 7422 
7425 7428 7431 7434 7437 7440 7443 7446 7449 
7452 7455 7458 7461 7464 7467 7470 7473 7476 
7479 7482 7485 7488 7491 7494 7497 7500 7503 
7506 7509 7512 7515 7518 7521 7524 7527 7530 
7533 7536 7539 7542 7545 7548 7551 7554 7557 
7560 7563 7566 7569 7572 7575 7578 7581 7584 
7587 7590 7593 7596 7599 7602 7605 7608 7611 
7614 7617 7620 7623 7626 7629 7632 7635 7638 
7641 7644 7647 7650 7653 7656 7659 7662 7665 
7668 7671 7674 7677 7680 7683 7686 7689 7692 
7695 7698 7701 7704 7707 7710 7713 7716 7719 
7722 7725 7728 7731 7734 7737 7740 7743 7746 
7749 7752 7755 7758 7761 7764 7767 7770 7773 
7776 7779 7782 7785 7788 7791 7794 7797 7800 
7803 7806 7809 7812 7815 7818 7821 7824 7827 
7830 7833 7836 7839 7842 7845 7848 7851 7854 
7857 7860 7863 7866 7869 7872 7875 7878 7881 
7884 7887 7890 7893 7896 7899 7902 7905 7908 
7911 7914 7917 7920 7923 7926 7929 7932 7935 
7938 7941 7944 7947 7950 7953 7956 7959 7962 
7965 7968 7971 7974 7977 7980 7983 7986 7989 
7992 7995 7998 8001 8004 8007 8010 8013 8016 
8019 8022 8025 8028 8031 8034 8037 8040 8043 
8046 8049 8052 8055 8058 8061 8064 8067 8070 
8073 8076 8079 8082 8085 8088 8091 8094 8097 
8100 8103 8106 8109 8112 8115 8118 8121 8124 
8127 8130 8133 8136 8139 8142 8145 8148 8151 
8154 8157 8160 8163 8166 8169 8172 8175 8178 
8181 8184 8187 8190 8193 8196 8199 8202 8205 
8208 8211 8214 8217 8220 8223 8226 8229 8232 
8235 8238 8241 8244 8247 8250 8253 8256 8259 
8262 8265 8268 8271 8274 8277 8280 8283 8286 
8289 8292 8295 8298 8301 8304 8307 8310 8313 
8316 8319 8322 8325 8328 8331 8334 8337 8340 
8343 8346 8349 8352 8355 8358 8361 8364 8367 
8370 8373 8376 8379 8382 8385 8388 8391 8394 
8397 8400 8403 8406 8409 8412 8415 8418 8421 
8424 8427 8430 8433 8436 8439 8442 8445 8448 
8451 8454 8457 8460 8463 8466 8469 8472 8475 
8478 8481 8484 8487 8490 8493 8496 8499 8502 
8505 8508 8511 8514 8517 8520 8523 8526 8529 
8532 8535 8538 8541 8544 8547 8550 8553 8556 
8559 8562 8565 8568 8571 8574 8577 8580 8583 
8586 8589 8592 8595 8598 8601 8604 8607 8610 
8613 8616 8619 8622 8625 8628 8631 8634 8637 
8640 8643 8646 8649 8652 8655 8658 8661 8664 
8667 8670 8673 8676 8679 8682 8685 8688 8691 
8694 8697 8700 8703 8706 8709 8712 8715 8718 
8721 8724 8727 8730 8733 8736 8739 8742 8745 
8748 8751 8754 8757 8760 8763 8766 8769 8772 
8775 8778 8781 8784 8787 8790 8793 8796 8799 
8802 8805 8808 8811 8814 8817 8820 8823 8826 
8829 8832 8835 8838 8841 8844 8847 8850 8853 
8856 8859 8862 8865 8868 8871 8874 8877 8880 
8883 8886 8889 8892 8895 8898 8901 8904 8907 
8910 8913 8916 8919 8922 8925 8928 8931 8934 
8937 8940 8943 8946 8949 8952 8955 8958 8961 
8964 8967 8970 8973 8976 8979 8982 8985 8988 
8991 8994 8997 9000 9003 9006 9009 9012 9015 
9018 9021 9024 9027 9030 9033 9036 9039 9042 
9045 9048 9051 9054 9057 9060 9063 9066 9069 
9072 9075 9078 9081 9084 9087 9090 9093 9096 
9099 9102 9105 9108 9111 9114 9117 9120 9123 
9126 9129 9132 9135 9138 9141 9144 9147 9150 
9153 9156 9159 9162 9165 9168 9171 9174 9177 
9180 9183 9186 9189 9192 9195 9198 9201 9204 
9207 9210 9213 9216 9219 9222 9225 9228 9231 
9234 9237 9240 9243 9246 9249 9252 9255 9258 
9261 9264 9267 9270 9273 9276 9279 9282 9285 
9288 9291 9294 9297 9300 9303 9306 9309 9312 
9315 9318 9321 9324 9327 9330 9333 9336 9339 
9342 9345 9348 9351 9354 9357 9360 9363 9366 
9369 9372 9375 9378 9381 9384 9387 9390 9393 
9396 9399 9402 9405 9408 9411 9414 9417 9420 
9423 9426 9429 9432 9435 9438 9441 9444 9447 
9450 9453 9456 9459 9462 9465 9468 9471 9474 
9477 9480 9483 9486 9489 9492 9495 9498 9501 
9504 9507 9510 9513 9516 9519 9522 9525 9528 
9531 9534 9537 9540 9543 9546 9549 9552 9555 
9558 9561 9564 9567 9570 9573 9576 9579 9582 
9585 9588 9591 9594 9597 9600 9603 9606 9609 
9612 9615 9618 9621 9624 9627 9630 9633 9636 
9639 9642 9645 9648 9651 9654 9657 9660 9663 
9666 9669 9672 9675 9678 9681 9684 9687 9690 
9693 9696 9699 9702 9705 9708 9711 9714 9717 
9720 9723 9726 9729 9732 9735 9738 9741 9744 
9747 9750 9753 9756 9759 9762 9765 9768 9771 
9774 9777 9780 9783 9786 9789 9792 9795 9798 
9801 9804 9807 9810 9813 9816 9819 9822 9825 
9828 9831 9834 9837 9840 9843 9846 9849 9852 
9855 9858 9861 9864 9867 9870 9873 9876 9879 
9882 9885 9888 9891 9894 9897 9900 9903 9906 
9909 9912 9915 9918 9921 9924 9927 9930 9933 
9936 9939 9942 9945 9948 9951 9954 9957 9960 
9963 9966 9969 9972 9975 9978 9981 9984 9987 
9990 9993 9996 9999 10002 10005 10008 10011 10014 
10017 10020 10023 10026 10029 10032 10035 10038 10041 
10044 10047 10050 10053 10056 10059 10062 10065 10068 
10071 10074 10077 10080 10083 10086 10089 10092 10095 
10098 10101 10104 10107 10110 10113 10116 10119 10122 
10125 10128 10131 10134 10137 10140 10143 10146 10149 
10152 10155 10158 10161 10164 10167 10170 10173 10176 
10179 10182 10185 10188 10191 10194 10197 10200 10203 
10206 10209 10212 10215 10218 10221 10224 10227 10230 
10233 10236 10239 10242 10245 10248 10251 10254 10257 
10260 10263 10266 10269 10272 10275 10278 10281 10284 
10287 10290 10293 10296 10299 10302 10305 10308 10311 
10314 10317 10320 10323 10326 10329 10332 10335 10338 
10341 10344 10347 10350 10353 10356 10359 10362 10365 
10368 10371 10374 10377 10380 10383 10386 10389 10392 
10395 10398 10401 10404 10407 10410 10413 10416 10419 
10422 10425 10428 10431 10434 10437 10440 10443 10446 
10449 10452 10455 10458 10461 10464 10467 10470 10473 
10476 10479 10482 10485 10488 10491 10494 10497 10500 
10503 10506 10509 10512 10515 10518 10521 10524 10527 
10530 10533 10536 10539 10542 10545 10548 10551 10554 
10557 10560 10563 10566 10569 10572 10575 10578 10581 
10584 10587 10590 10593 10596 10599 10602 10605 10608 
10611 10614 10617 10620 10623 10626 10629 10632 10635 
10638 10641 10644 10647 10650 10653 10656 10659 10662 
10665 10668 10671 10674 10677 10680 10683 10686 10689 
10692 10695 10698 10701 10704 10707 10710 10713 10716 
10719 10722 10725 10728 10731 10734 10737 10740 10743 
10746 10749 10752 10755 10758 10761 10764 10767 10770 
10773 10776 10779 10782 10785 10788 10791 10794 10797 
10800 10803 10806 10809 10812 10815 10818 10821 10824 
10827 10830 10833 10836 10839 10842 10845 10848 10851 
10854 10857 10860 10863 10866 10869 10872 10875 10878 
10881 10884 10887 10890 10893 10896 10899 10902 10905 
10908 10911 10914 10917 10920 10923 10926 10929 10932 
10935 10938 10941 10944 10947 10950 10953 10956 10959 
10962 10965 10968 10971 10974 10977 10980 10983 10986 
10989 10992 10995 10998 11001 11004 11007 11010 11013 
11016 11019 11022 11025 11028 11031 11034 11037 11040 
11043 11046 11049 11052 11055 11058 11061 11064 11067 
11070 11073 11076 11079 11082 11085 11088 11091 11094 
11097 11100 11103 11106 11109 11112 11115 11118 11121 
11124 11127 11130 11133 11136 11139 11142 11145 11148 
11151 11154 11157 11160 11163 11166 11169 11172 11175 
11178 11181 11184 11187 11190 11193 11196 11199 11202 
11205 11208 11211 11214 11217 11220 11223 11226 11229 
11232 11235 11238 11241 11244 11247 11250 11253 11256 
11259 11262 11265 11268 11271 11274 11277 11280 11283 
11286 11289 11292 11295 11298 11301 11304 11307 11310 
11313 11316 11319 11322 11325 11328 11331 11334 11337 
11340 11343 11346 11349 11352 11355 11358 11361 11364 
11367 11370 11373 11376 11379 11382 11385 11388 11391 
11394 11397 11400 11403 11406 11409 11412 11415 11418 
11421 11424 11427 11430 11433 11436 11439 11442 11445 
11448 11451 11454 11457 11460 11463 11466 11469 11472 
11475 11478 11481 11484 11487 11490 11493 11496 11499 
11502 11505 11508 11511 11514 11517 11520 11523 11526 
11529 11532 11535 11538 11541 11544 11547 11550 11553 
11556 11559 11562 11565 11568 11571 11574 11577 11580 
11583 11586 11589 11592 11595 11598 11601 11604 11607 
11610 11613 11616 11619 11622 11625 11628 11631 11634 
11637 11640 11643 11646 11649 11652 11655 11658 11661 
11664 11667 11670 11673 11676 11679 11682 11685 11688 
11691 11694 11697 11700 11703 11706 11709 11712 11715 
11718 11721 11724 11727 11730 11733 11736 11739 11742 
11745 11748 11751 11754 11757 11760 11763 11766 11769 
11772 11775 11778 11781 11784 11787 11790 11793 11796 
11799 11802 11805 11808 11811 11814 11817 11820 11823 
11826 11829 11832 11835 11838 11841 11844 11847 11850 
11853 11856 11859 11862 11865 11868 11871 11874 11877 
11880 11883 11886 11889 11892 11895 11898 11901 11904 
11907 11910 11913 11916 11919 11922 11925 11928 11931 
11934 11937 11940 11943 11946 11949 11952 11955 11958 
11961 11964 11967 11970 11973 11976 11979 11982 11985 
11988 11991 11994 11997 12000 12003 12006 12009 12012 
12015 12018 12021 12024 12027 12030 12033 12036 12039 
12042 12045 12048 12051 12054 12057 12060 12063 12066 
12069 12072 12075 12078 12081 12084 12087 12090 12093 
12096 12099 12102 12105 12108 12111 12114 12117 12120 
12123 12126 12129 12132 12135 12138 12141 12144 12147 
12150 12153 12156 12159 12162 12165 12168 12171 12174 
12177 12180 12183 12186 12189 12192 12195 12198 12201 
12204 12207 12210 12213 12216 12219 12222 12225 12228 
12231 12234 12237 12240 12243 12246 12249 12252 12255 
12258 12261 12264 12267 12270 12273 12276 12279 12282 
12285 12288 12291 12294 12297 12300 12303 12306 12309 
12312 12315 12318 12321 12324 12327 12330 12333 12336 
12339 12342 12345 12348 12351 12354 12357 12360 12363 
12366 12369 12372 12375 12378 12381 12384 12387 12390 
12393 12396 12399 12402 12405 12408 12411 12414 12417 
12420 12423 12426 12429 12432 12435 12438 12441 12444 
12447 12450 12453 12456 12459 12462 12465 12468 12471 
12474 12477 12480 12483 12486 12489 12492 12495 12498 
12501 12504 12507 12510 12513 12516 12519 12522 12525 
12528 12531 12534 12537 12540 12543 12546 12549 12552 
12555 12558 12561 12564 12567 12570 12573 12576 12579 
12582 12585 12588 12591 12594 12597 12600 12603 12606 
12609 12612 12615 12618 12621 12624 12627 12630 12633 
12636 12639 12642 12645 12648 12651 12654 12657 12660 
12663 12666 12669 12672 12675 12678 12681 12684 12687 
12690 12693 12696 12699 12702 12705 12708 12711 12714 
12717 12720 12723 12726 12729 12732 12735 12738 12741 
12744 12747 12750 12753 12756 12759 12762 12765 12768 
12771 12774 12777 12780 12783 12786 12789 12792 12795 
12798 12801 12804 12807 12810 12813 12816 12819 12822 
12825 12828 12831 12834 12837 12840 12843 12846 12849 
12852 12855 12858 12861 12864 12867 12870 12873 12876 
12879 12882 12885 12888 12891 12894 12897 12900 12903 
12906 12909 12912 12915 12918 12921 12924 12927 12930 
12933 12936 12939 12942 12945 12948 12951 12954 12957 
12960 12963 12966 12969 12972 12975 12978 12981 12984 
12987 12990 12993 12996 12999 13002 13005 13008 13011 
13014 13017 13020 13023 13026 13029 13032 13035 13038 
13041 13044 13047 13050 13053 13056 13059 13062 13065 
13068 13071 13074 13077 13080 13083 13086 13089 13092 
13095 13098 13101 13104 13107 13110 13113 13116 13119 
13122 13125 13128 13131 13134 13137 13140 13143 13146 
13149 13152 13155 13158 13161 13164 13167 13170 13173 
13176 13179 13182 13185 13188 13191 13194 13197 13200 
13203 13206 13209 13212 13215 13218 13221 13224 13227 
13230 13233 13236 13239 13242 13245 13248 13251 13254 
13257 13260 13263 13266 13269 13272 13275 13278 13281 
13284 13287 13290 13293 13296 13299 13302 13305 13308 
13311 13314 13317 13320 13323 13326 13329 13332 13335 
13338 13341 13344 13347 13350 13353 13356 13359 13362 
13365 13368 13371 13374 13377 13380 13383 13386 13389 
13392 13395 13398 13401 13404 13407 13410 13413 13416 
13419 13422 13425 13428 13431 13434 13437 13440 13443 
13446 13449 13452 13455 13458 13461 13464 13467 13470 
13473 13476 13479 13482 13485 13488 13491 13494 13497 
13500 13503 13506 13509 13512 13515 13518 13521 13524 
13527 13530 13533 13536 13539 13542 13545 13548 13551 
13554 13557 13560 13563 13566 13569 13572 13575 13578 
13581 13584 13587 13590 13593 13596 13599 13602 13605 
13608 13611 13614 13617 13620 13623 13626 13629 13632 
13635 13638 13641 13644 13647 13650 13653 13656 13659 
13662 13665 13668 13671 13674 13677 13680 13683 13686 
13689 13692 13695 13698 13701 13704 13707 13710 13713 
13716 13719 13722 13725 13728 13731 13734 13737 13740 
13743 13746 13749 13752 13755 13758 13761 13764 13767 
13770 13773 13776 13779 13782 13785 13788 13791 13794 
13797 13800 13803 13806 13809 13812 13815 13818 13821 
13824 13827 13830 13833 13836 13839 13842 13845 13848 
13851 13854 13857 13860 13863 13866 13869 13872 13875 
13878 13881 13884 13887 13890 13893 13896 13899 13902 
13905 13908 13911 13914 13917 13920 13923 13926 13929 
13932 13935 13938 13941 13944 13947 13950 13953 13956 
13959 13962 13965 13968 13971 13974 13977 13980 13983 
13986 13989 13992 13995 13998 14001 14004 14007 14010 
14013 14016 14019 14022 14025 14028 14031 14034 14037 
14040 14043 14046 14049 14052 14055 14058 14061 14064 
14067 14070 14073 14076 14079 14082 14085 14088 14091 
14094 14097 14100 14103 14106 14109 14112 14115 14118 
14121 14124 14127 14130 14133 14136 14139 14142 14145 
14148 14151 14154 14157 14160 14163 14166 14169 14172 
14175 14178 14181 14184 14187 14190 14193 14196 14199 
14202 14205 14208 14211 14214 14217 14220 14223 14226 
14229 14232 14235 14238 14241 14244 14247 14250 14253 
14256 14259 14262 14265 14268 14271 14274 14277 14280 
14283 14286 14289 14292 14295 14298 14301 14304 14307 
14310 14313 14316 14319 14322 14325 14328 14331 14334 
14337 14340 14343 14346 14349 14352 14355 14358 14361 
14364 14367 14370 14373 14376 14379 14382 14385 14388 
14391 14394 14397 14400 14403 14406 14409 14412 14415 
14418 14421 14424 14427 14430 14433 14436 14439 14442 
14445 14448 14451 14454 14457 14460 14463 14466 14469 
14472 14475 14478 14481 14484 14487 14490 14493 14496 
14499 14502 14505 14508 14511 14514 14517 14520 14523 
14526 14529 14532 14535 14538 14541 14544 14547 14550 
14553 14556 14559 14562 14565 14568 14571 14574 14577 
14580 14583 14586 14589 14592 14595 14598 14601 14604 
14607 14610 14613 14616 14619 14622 14625 14628 14631 
14634 14637 14640 14643 14646 14649 14652 14655 14658 
14661 14664 14667 14670 14673 14676 14679 14682 14685 
14688 14691 14694 14697 14700 14703 14706 14709 14712 
14715 14718 14721 14724 14727 14730 14733 14736 14739 
14742 14745 14748 14751 14754 14757 14760 14763 14766 
14769 14772 14775 14778 14781 14784 14787 14790 14793 
14796 14799 14802 14805 14808 14811 14814 14817 14820 
14823 14826 14829 14832 14835 14838 14841 14844 14847 
14850 14853 14856 14859 14862 14865 14868 14871 14874 
14877 14880 14883 14886 14889 14892 14895 14898 14901 
14904 14907 14910 14913 14916 14919 14922 14925 14928 
14931 14934 14937 14940 14943 14946 14949 14952 14955 
14958 14961 14964 14967 14970 14973 14976 14979 14982 
14985 14988 14991 14994 14997 15000 15003 15006 15009 
15012 15015 15018 15021 15024 15027 15030 15033 15036 
15039 15042 15045 15048 15051 15054 15057 15060 15063 
15066 15069 15072 15075 15078 15081 15084 15087 15090 
15093 15096 15099 15102 15105 15108 15111 15114 15117 
15120 15123 15126 15129 15132 15135 15138 15141 15144 
15147 15150 15153 15156 15159 15162 15165 15168 15171 
15174 15177 15180 15183 15186 15189 15192 15195 15198 
15201 15204 15207 15210 15213 15216 15219 15222 15225 
15228 15231 15234 15237 15240 15243 15246 15249 15252 
15255 15258 15261 15264 15267 15270 15273 15276 15279 
15282 15285 15288 15291 15294 15297 15300 15303 15306 
15309 15312 15315 15318 15321 15324 15327 15330 15333 
15336 15339 15342 15345 15348 15351 15354 15357 15360 
15363 15366 15369 15372 15375 15378 15381 15384 15387 
15390 15393 15396 15399 15402 15405 15408 15411 15414 
15417 15420 15423 15426 15429 15432 15435 15438 15441 
15444 15447 15450 15453 15456 15459 15462 15465 15468 
15471 15474 15477 15480 15483 15486 15489 15492 15495 
15498 15501 15504 15507 15510 15513 15516 15519 15522 
15525 15528 15531 15534 15537 15540 15543 15546 15549 
15552 15555 15558 15561 15564 15567 15570 15573 15576 
15579 15582 15585 15588 15591 15594 15597 15600 15603 
15606 15609 15612 15615 15618 15621 15624 15627 15630 
15633 15636 15639 15642 15645 15648 15651 15654 15657 
15660 15663 15666 15669 15672 15675 15678 15681 15684 
15687 15690 15693 15696 15699 15702 15705 15708 15711 
15714 15717 15720 15723 15726 15729 15732 15735 15738 
15741 15744 15747 15750 15753 15756 15759 15762 15765 
15768 15771 15774 15777 15780 15783 15786 15789 15792 
15795 15798 15801 15804 15807 15810 15813 15816 15819 
15822 15825 15828 15831 15834 15837 15840 15843 15846 
15849 15852 15855 15858 15861 15864 15867 15870 15873 
15876 15879 15882 15885 15888 15891 15894 15897 15900 
15903 15906 15909 15912 15915 15918 15921 15924 15927 
15930 15933 15936 15939 15942 15945 15948 15951 15954 
15957 15960 15963 15966 15969 15972 15975 15978 15981 
15984 15987 15990 15993 15996 15999 16002 16005 16008 
16011 16014 16017 16020 16023 16026 16029 16032 16035 
16038 16041 16044 16047 16050 16053 16056 16059 16062 
16065 16068 16071 16074 16077 16080 16083 16086 16089 
16092 16095 16098 16101 16104 16107 16110 16113 16116 
16119 16122 16125 16128 16131 16134 16137 16140 16143 
16146 16149 16152 16155 16158 16161 16164 16167 16170 
16173 16176 16179 16182 16185 16188 16191 16194 16197 
16200 16203 16206 16209 16212 16215 16218 16221 16224 
16227 16230 16233 16236 16239 16242 16245 16248 16251 
16254 16257 16260 16263 16266 16269 16272 16275 16278 
16281 16284 16287 16290 16293 16296 16299 16302 16305 
16308 16311 16314 16317 16320 16323 16326 16329 16332 
16335 16338 16341 16344 16347 16350 16353 16356 16359 
16362 16365 16368 16371 16374 16377 16380 16383 16386 
16389 16392 16395 16398 16401 16404 16407 16410 16413 
16416 16419 16422 16425 16428 16431 16434 16437 16440 
16443 16446 16449 16452 16455 16458 16461 16464 16467 
16470 16473 16476 16479 16482 16485 16488 16491 16494 
16497 16500 16503 16506 16509 16512 16515 16518 16521 
16524 16527 16530 16533 16536 16539 16542 16545 16548 
16551 16554 16557 16560 16563 16566 16569 16572 16575 
16578 16581 16584 16587 16590 16593 16596 16599 16602 
16605 16608 16611 16614 16617 16620 16623 16626 16629 
16632 16635 16638 16641 16644 16647 16650 16653 16656 
16659 16662 16665 16668 16671 16674 16677 16680 16683 
16686 16689 16692 16695 16698 16701 16704 16707 16710 
16713 16716 16719 16722 16725 16728 16731 16734 16737 
16740 16743 16746 16749 16752 16755 16758 16761 16764 
16767 16770 16773 16776 16779 16782 16785 16788 16791 
16794 16797 16800 16803 16806 16809 16812 16815 16818 
16821 16824 16827 16830 16833 16836 16839 16842 16845 
16848 16851 16854 16857 16860 16863 16866 16869 16872 
16875 16878 16881 16884 16887 16890 16893 16896 16899 
16902 16905 16908 16911 16914 16917 16920 16923 16926 
16929 16932 16935 16938 16941 16944 16947 16950 16953 
16956 16959 16962 16965 16968 16971 16974 16977 16980 
16983 16986 16989 16992 16995 16998 17001 17004 17007 
17010 17013 17016 17019 17022 17025 17028 17031 17034 
17037 17040 17043 17046 17049 17052 17055 17058 17061 
17064 17067 17070 17073 17076 17079 17082 17085 17088 
17091 17094 17097 17100 17103 17106 17109 17112 17115 
17118 17121 17124 17127 17130 17133 17136 17139 17142 
17145 17148 17151 17154 17157 17160 17163 17166 17169 
17172 17175 17178 17181 17184 17187 17190 17193 17196 
17199 17202 17205 17208 17211 17214 17217 17220 17223 
17226 17229 17232 17235 17238 17241 17244 17247 17250 
17253 17256 17259 17262 17265 17268 17271 17274 17277 
17280 17283 17286 17289 17292 17295 17298 17301 17304 
17307 17310 17313 17316 17319 17322 17325 17328 17331 
17334 17337 17340 17343 17346 17349 17352 17355 17358 
17361 17364 17367 17370 17373 17376 17379 17382 17385 
17388 17391 17394 17397 17400 17403 17406 17409 17412 
17415 17418 17421 17424 17427 17430 17433 17436 17439 
17442 17445 17448 17451 17454 17457 17460 17463 17466 
17469 17472 17475 17478 17481 17484 17487 17490 17493 
17496 17499 17502 17505 17508 17511 17514 17517 17520 
17523 17526 17529 17532 17535 17538 17541 17544 17547 
17550 17553 17556 17559 17562 17565 17568 17571 17574 
17577 17580 17583 17586 17589 17592 17595 17598 17601 
17604 17607 17610 17613 17616 17619 17622 17625 17628 
17631 17634 17637 17640 17643 17646 17649 17652 17655 
17658 17661 17664 17667 17670 17673 17676 17679 17682 
17685 17688 17691 17694 17697 17700 17703 17706 17709 
17712 17715 17718 17721 17724 17727 17730 17733 17736 
17739 17742 17745 17748 17751 17754 17757 17760 17763 
17766 17769 17772 17775 17778 17781 17784 17787 17790 
17793 17796 17799 17802 17805 17808 17811 17814 17817 
17820 17823 17826 17829 17832 17835 17838 17841 17844 
17847 17850 17853 17856 17859 17862 17865 17868 17871 
17874 17877 17880 17883 17886 17889 17892 17895 17898 
17901 17904 17907 17910 17913 17916 17919 17922 17925 
17928 17931 17934 17937 17940 17943 17946 17949 17952 
17955 17958 17961 17964 17967 17970 17973 17976 17979 
17982 17985 17988 17991 17994 17997 18000 18003 18006 
18009 18012 18015 18018 18021 18024 18027 18030 18033 
18036 18039 18042 18045 18048 18051 18054 18057 18060 
18063 18066 18069 18072 18075 18078 18081 18084 18087 
18090 18093 18096 18099 18102 18105 18108 18111 18114 
18117 18120 18123 18126 18129 18132 18135 18138 18141 
18144 18147 18150 18153 18156 18159 18162 18165 18168 
18171 18174 18177 18180 18183 18186 18189 18192 18195 
18198 18201 18204 18207 18210 18213 18216 18219 18222 
18225 18228 18231 18234 18237 18240 18243 18246 18249 
18252 18255 18258 18261 18264 18267 18270 18273 18276 
18279 18282 18285 18288 18291 18294 18297 18300 18303 
18306 18309 18312 18315 18318 18321 18324 18327 18330 
18333 18336 18339 18342 18345 18348 18351 18354 18357 
18360 18363 18366 18369 18372 18375 18378 18381 18384 
18387 18390 18393 18396 18399 18402 18405 18408 18411 
18414 18417 18420 18423 18426 18429 18432 18435 18438 
18441 18444 18447 18450 18453 18456 18459 18462 18465 
18468 18471 18474 18477 18480 18483 18486 18489 18492 
18495 18498 18501 18504 18507 18510 18513 18516 18519 
18522 18525 18528 18531 18534 18537 18540 18543 18546 
18549 18552 18555 18558 18561 18564 18567 18570 18573 
18576 18579 18582 18585 18588 18591 18594 18597 18600 
18603 18606 18609 18612 18615 18618 18621 18624 18627 
18630 18633 18636 18639 18642 18645 18648 18651 18654 
18657 18660 18663 18666 18669 18672 18675 18678 18681 
18684 18687 18690 18693 18696 18699 18702 18705 18708 
18711 18714 18717 18720 18723 18726 18729 18732 18735 
18738 18741 18744 18747 18750 18753 18756 18759 18762 
18765 18768 18771 18774 18777 18780 18783 18786 18789 
18792 18795 18798 18801 18804 18807 18810 18813 18816 
18819 18822 18825 18828 18831 18834 18837 18840 18843 
18846 18849 18852 18855 18858 18861 18864 18867 18870 
18873 18876 18879 18882 18885 18888 18891 18894 18897 
18900 18903 18906 18909 18912 18915 18918 18921 18924 
18927 18930 18933 18936 18939 18942 18945 18948 18951 
18954 18957 18960 18963 18966 18969 18972 18975 18978 
18981 18984 18987 18990 18993 18996 18999 19002 19005 
19008 19011 19014 19017 19020 19023 19026 19029 19032 
19035 19038 19041 19044 19047 19050 19053 19056 19059 
19062 19065 19068 19071 19074 19077 19080 19083 19086 
19089 19092 19095 19098 19101 19104 19107 19110 19113 
19116 19119 19122 19125 19128 19131 19134 19137 19140 
19143 19146 19149 19152 19155 19158 19161 19164 19167 
19170 19173 19176 19179 19182 19185 19188 19191 19194 
19197 19200 19203 19206 19209 19212 19215 19218 19221 
19224 19227 19230 19233 19236 19239 19242 19245 19248 
19251 19254 19257 19260 19263 19266 19269 19272 19275 
19278 19281 19284 19287 19290 19293 19296 19299 19302 
19305 19308 19311 19314 19317 19320 19323 19326 19329 
19332 19335 19338 19341 19344 19347 19350 19353 19356 
19359 19362 19365 19368 19371 19374 19377 19380 19383 
19386 19389 19392 19395 19398 19401 19404 19407 19410 
19413 19416 19419 19422 19425 19428 19431 19434 19437 
19440 19443 19446 19449 19452 19455 19458 19461 19464 
19467 19470 19473 19476 19479 19482 19485 19488 19491 
19494 19497 19500 19503 19506 19509 19512 19515 19518 
19521 19524 19527 19530 19533 19536 19539 19542 19545 
19548 19551 19554 19557 19560 19563 19566 19569 19572 
19575 19578 19581 19584 19587 19590 19593 19596 19599 
19602 19605 19608 19611 19614 19617 19620 19623 19626 
19629 19632 19635 19638 19641 19644 19647 19650 19653 
19656 19659 19662 19665 19668 19671 19674 19677 19680 
19683 19686 19689 19692 19695 19698 19701 19704 19707 
19710 19713 19716 19719 19722 19725 19728 19731 19734 
19737 19740 19743 19746 19749 19752 19755 19758 19761 
19764 19767 19770 19773 19776 19779 19782 19785 19788 
19791 19794 19797 19800 19803 19806 19809 19812 19815 
19818 19821 19824 19827 19830 19833 19836 19839 19842 
19845 19848 19851 19854 19857 19860 19863 19866 19869 
19872 19875 19878 19881 19884 19887 19890 19893 19896 
19899 19902 19905 19908 19911 19914 19917 19920 19923 
19926 19929 19932 19935 19938 19941 19944 19947 19950 
19953 19956 19959 19962 19965 19968 19971 19974 19977 
19980 19983 19986 19989 19992 19995 19998 20001 20004 
20007 20010 20013 20016 20019 20022 20025 20028 20031 
20034 20037 20040 20043 20046 20049 20052 20055 20058 
20061 20064 20067 20070 20073 20076 20079 20082 20085 
20088 20091 20094 20097 20100 20103 20106 20109 20112 
20115 20118 20121 20124 20127 20130 20133 20136 20139 
20142 20145 20148 20151 20154 20157 20160 20163 20166 
20169 20172 20175 20178 20181 20184 20187 20190 20193 
20196 20199 20202 20205 20208 20211 20214 20217 20220 
20223 20226 20229 20232 20235 20238 20241 20244 20247 
20250 20253 20256 20259 20262 20265 20268 20271 20274 
20277 20280 20283 20286 20289 20292 20295 20298 20301 
20304 20307 20310 20313 20316 20319 20322 20325 20328 
20331 20334 20337 20340 20343 20346 20349 20352 20355 
20358 20361 20364 20367 20370 20373 20376 20379 20382 
20385 20388 20391 20394 20397 20400 20403 20406 20409 
20412 20415 20418 20421 20424 20427 20430 20433 20436 
20439 20442 20445 20448 20451 20454 20457 20460 20463 
20466 20469 20472 20475 20478 20481 20484 20487 20490 
20493 20496 20499 20502 20505 20508 20511 20514 20517 
20520 20523 20526 20529 20532 20535 20538 20541 20544 
20547 20550 20553 20556 20559 20562 20565 20568 20571 
20574 20577 20580 20583 20586 20589 20592 20595 20598 
20601 20604 20607 20610 20613 20616 20619 20622 20625 
20628 20631 20634 20637 20640 20643 20646 20649 20652 
20655 20658 20661 20664 20667 20670 20673 20676 20679 
20682 20685 20688 20691 20694 20697 20700 20703 20706 
20709 20712 20715 20718 20721 20724 20727 20730 20733 
20736 20739 20742 20745 20748 20751 20754 20757 20760 
20763 20766 20769 20772 20775 20778 20781 20784 20787 
20790 20793 20796 20799 20802 20805 20808 20811 20814 
20817 20820 20823 20826 20829 20832 20835 20838 20841 
20844 20847 20850 20853 20856 20859 20862 20865 20868 
20871 20874 20877 20880 20883 20886 20889 20892 20895 
20898 20901 20904 20907 20910 20913 20916 20919 20922 
20925 20928 20931 20934 20937 20940 20943 20946 20949 
20952 20955 20958 20961 20964 20967 20970 20973 20976 
20979 20982 20985 20988 20991 20994 20997 21000 21003 
21006 21009 21012 21015 21018 21021 21024 21027 21030 
21033 21036 21039 21042 21045 21048 21051 21054 21057 
21060 21063 21066 21069 21072 21075 21078 21081 21084 
21087 21090 21093 21096 21099 21102 21105 21108 21111 
21114 21117 21120 21123 21126 21129 21132 
CONNECTIVITY vtktypeint64
0 1 2 1 0 3 4 5 6 
4 7 8 5 4 8 2 8 7 
2 7 0 0 7 9 10 3 0 
9 10 0 11 4 6 12 11 6 
13 14 7 13 7 11 11 7 4 
9 7 14 15 9 14 10 9 15 
11 12 16 13 11 16 17 18 19 
18 17 20 21 22 23 21 24 25 
22 21 25 25 24 26 17 19 27 
20 17 27 28 29 30 28 31 32 
29 28 32 31 33 34 32 31 34 
33 35 36 34 33 36 23 36 35 
23 35 21 21 35 37 38 39 24 
38 24 37 37 24 21 26 24 39 
40 41 42 40 43 44 41 40 44 
30 44 43 30 43 28 28 43 45 
31 28 46 46 28 45 1 46 2 
1 33 46 33 31 46 3 33 1 
3 47 33 47 35 33 48 49 37 
48 37 47 47 37 35 38 37 49 
50 51 52 42 51 50 42 50 40 
40 50 53 43 40 54 54 40 53 
5 54 6 5 45 54 45 43 54 
8 45 5 46 45 8 2 46 8 
47 55 56 47 3 55 3 10 55 
48 47 56 57 50 52 58 57 52 
53 50 59 59 50 57 54 53 60 
60 53 59 6 60 12 54 60 6 
14 61 62 13 61 14 15 14 63 
14 62 63 55 10 15 63 55 15 
64 65 66 64 67 68 65 64 68 
67 69 70 68 67 70 69 71 72 
70 69 72 58 72 71 58 71 57 
57 71 73 59 57 74 74 57 73 
60 59 75 75 59 74 12 60 75 
12 75 76 12 76 16 76 75 77 
61 13 16 76 61 16 78 79 80 
78 81 82 79 78 82 66 82 81 
66 81 64 64 81 83 67 64 84 
84 64 83 69 67 85 85 67 84 
71 69 86 86 69 85 73 71 87 
87 71 86 74 73 88 88 73 87 
89 90 75 89 75 88 88 75 74 
77 75 90 78 80 91 81 78 91 
92 81 91 83 81 92 93 83 92 
84 83 93 94 84 93 94 95 96 
94 96 84 84 96 85 86 85 97 
97 85 96 98 99 87 98 87 97 
97 87 86 88 87 99 100 88 99 
89 88 100 96 95 101 97 96 101 
102 97 101 98 97 102 103 104 105 
103 106 107 104 103 107 107 106 108 
109 110 111 109 112 113 110 109 113 
112 114 115 113 112 115 105 115 114 
105 114 103 103 114 116 106 103 117 
117 103 116 118 108 106 118 106 119 
119 106 117 118 119 120 121 122 123 
121 124 125 122 121 125 111 125 124 
111 124 109 109 124 126 112 109 127 
127 109 126 114 112 128 128 112 127 
116 114 129 129 114 128 117 116 130 
130 116 129 119 117 131 131 117 130 
132 120 119 132 119 133 133 119 131 
132 133 134 135 136 137 135 138 139 
136 135 139 123 139 138 123 138 121 
121 138 140 124 121 141 141 121 140 
126 124 142 142 124 141 127 126 143 
143 126 142 128 127 144 144 127 143 
129 128 145 145 128 144 130 129 146 
146 129 145 18 146 19 18 131 146 
131 130 146 147 133 131 147 131 20 
147 20 148 18 20 131 134 133 147 
149 150 151 137 150 149 137 149 135 
135 149 152 138 135 153 153 135 152 
140 138 154 154 138 153 141 140 155 
155 140 154 142 141 156 156 141 155 
143 142 157 157 142 156 22 157 23 
22 144 157 144 143 157 25 144 22 
145 144 25 26 145 25 26 158 145 
158 146 145 19 159 27 19 146 159 
146 158 159 27 159 160 27 160 20 
20 160 148 161 162 163 161 164 165 
162 161 165 151 165 164 151 164 149 
149 164 166 152 149 167 167 149 166 
153 152 168 168 152 167 29 168 30 
29 154 168 154 153 168 32 154 29 
155 154 32 34 155 32 156 155 34 
36 156 34 157 156 36 23 157 36 
39 38 169 39 158 26 39 169 158 
169 170 158 171 172 159 171 159 170 
170 159 158 160 159 172 173 174 175 
173 176 177 174 173 177 163 177 176 
163 176 161 161 176 178 164 161 179 
179 161 178 166 164 180 180 164 179 
41 180 42 41 167 180 167 166 180 
44 167 41 168 167 44 30 168 44 
49 181 182 48 181 49 169 38 49 
169 49 183 183 49 182 170 169 183 
184 170 183 171 170 184 185 186 187 
185 188 189 186 185 189 188 190 191 
189 188 191 175 191 190 175 190 173 
173 190 192 176 173 193 193 173 192 
178 176 194 194 176 193 179 178 195 
195 178 194 51 195 52 51 180 195 
180 179 195 42 180 51 56 196 197 
55 196 56 181 48 56 197 181 56 
198 199 200 187 199 198 187 198 185 
185 198 201 188 185 202 202 185 201 
190 188 203 203 188 202 192 190 204 
204 190 203 193 192 205 205 192 204 
194 193 206 206 193 205 195 194 207 
207 194 206 52 207 58 195 207 52 
62 208 209 61 208 62 63 62 210 
62 209 210 196 55 63 210 196 63 
198 200 211 211 212 213 211 213 198 
198 213 201 202 201 214 214 201 213 
203 202 215 215 202 214 65 215 66 
65 204 215 204 203 215 68 204 65 
205 204 68 70 205 68 206 205 70 
72 206 70 207 206 72 58 207 72 
76 216 217 77 216 76 208 61 76 
217 208 76 218 213 212 219 218 212 
79 218 80 79 214 218 214 213 218 
82 214 79 215 214 82 66 215 82 
90 220 221 89 220 90 216 77 90 
221 216 90 222 218 219 223 222 219 
80 218 222 80 222 224 80 224 91 
224 222 225 92 91 226 91 224 226 
93 92 227 92 226 227 228 227 229 
228 94 227 94 93 227 94 228 95 
99 230 231 98 230 99 100 99 232 
99 231 232 220 89 100 232 220 100 
222 223 233 225 222 233 228 229 234 
95 228 234 95 234 101 101 234 235 
102 101 236 101 235 236 230 98 102 
236 230 102 237 238 239 238 237 240 
241 242 243 241 244 245 242 241 245 
239 245 244 239 244 237 237 244 246 
247 240 237 247 237 248 248 237 246 
247 248 249 250 251 252 243 251 250 
243 250 241 241 250 253 244 241 254 
254 241 253 104 254 105 104 246 254 
246 244 254 107 246 104 248 246 107 
108 255 256 107 108 256 107 256 249 
107 249 248 256 255 257 258 259 260 
258 261 262 259 258 262 252 262 261 
250 252 261 250 261 111 250 111 110 
113 250 110 253 250 113 115 253 113 
254 253 115 105 254 115 108 118 255 
255 118 120 255 120 257 257 120 263 
264 265 266 264 267 268 265 264 268 
260 268 267 258 260 267 258 267 123 
258 123 122 125 258 122 261 258 125 
111 261 125 269 120 132 269 270 120 
270 263 120 132 134 269 271 272 273 
271 274 275 272 271 275 275 274 276 
277 278 279 277 280 281 278 277 281 
280 282 283 281 280 283 282 284 285 
283 282 285 266 285 284 264 266 284 
264 284 137 264 137 136 139 264 136 
267 264 139 123 267 139 147 270 269 
147 148 270 148 286 270 134 147 269 
287 288 289 287 290 291 288 287 291 
273 291 290 273 290 271 271 290 292 
274 271 293 293 271 292 294 276 274 
294 274 295 295 274 293 279 294 295 
279 295 277 277 295 296 280 277 297 
297 277 296 282 280 298 298 280 297 
150 298 151 150 284 298 284 282 298 
137 284 150 148 160 286 286 160 299 
300 301 302 289 301 300 289 300 287 
287 300 303 290 287 304 304 287 303 
292 290 305 305 290 304 293 292 306 
306 292 305 295 293 307 307 293 306 
296 295 308 308 295 307 162 308 163 
162 297 308 297 296 308 165 297 162 
298 297 165 151 298 165 172 309 310 
171 309 172 299 160 172 310 299 172 
311 300 302 312 311 302 303 300 313 
313 300 311 304 303 314 314 303 313 
305 304 315 315 304 314 306 305 316 
316 305 315 174 316 175 174 307 316 
307 306 316 177 307 174 308 307 177 
163 308 177 182 181 317 318 182 317 
318 319 182 319 183 182 184 183 320 
183 319 320 309 171 184 320 309 184 
321 311 312 322 321 312 313 311 323 
323 311 321 186 323 187 186 314 323 
314 313 323 189 314 186 315 314 189 
191 315 189 316 315 191 175 316 191 
197 324 325 196 324 197 317 181 197 
317 197 326 326 197 325 318 317 326 
321 322 327 199 328 200 199 321 328 
199 323 321 321 327 328 187 323 199 
209 208 329 330 209 329 330 331 209 
331 210 209 324 196 210 331 324 210 
332 211 200 332 200 333 333 200 328 
211 332 212 217 334 335 216 334 217 
329 208 217 329 217 336 336 217 335 
330 329 336 337 332 333 338 337 333 
212 337 219 332 337 212 339 340 341 
339 221 220 339 341 221 341 342 221 
334 216 221 342 334 221 337 338 343 
337 223 219 337 344 223 337 343 344 
345 223 344 345 224 225 345 344 224 
344 346 224 226 224 347 224 346 347 
227 226 348 226 347 348 229 349 350 
229 227 349 227 348 349 350 351 352 
349 351 350 352 353 354 351 353 352 
354 231 230 354 353 231 353 355 231 
340 339 232 340 232 355 355 232 231 
220 232 339 223 345 233 225 233 345 
229 350 234 235 234 350 352 235 350 
236 235 352 354 236 352 230 236 354 
356 357 358 357 356 359 360 361 362 
358 361 360 358 360 356 356 360 363 
239 238 364 239 364 356 239 356 363 
359 356 364 364 238 240 365 364 240 
366 367 368 362 367 366 360 362 366 
360 366 243 360 243 242 245 360 242 
363 360 245 239 363 245 240 369 365 
247 369 240 369 247 249 370 369 249 
371 372 373 371 374 375 372 371 375 
368 375 374 366 368 374 366 374 252 
366 252 251 243 366 251 376 249 256 
376 377 249 377 370 249 256 257 376 
378 379 380 378 381 382 379 378 382 
373 382 381 371 373 381 371 381 260 
371 260 259 262 371 259 374 371 262 
252 374 262 376 383 377 383 376 257 
383 257 384 384 257 263 385 386 387 
385 388 389 386 385 389 388 390 391 
389 388 391 390 392 393 391 390 393 
392 394 395 393 392 395 394 396 397 
395 394 397 396 398 399 397 396 399 
398 400 401 399 398 401 400 402 403 
401 400 403 380 403 402 378 380 402 
378 402 266 378 266 265 268 378 265 
381 378 268 260 381 268 263 270 384 
384 270 404 405 406 407 387 406 405 
387 405 385 385 405 408 388 385 409 
409 385 408 272 409 273 272 390 409 
390 388 409 275 390 272 392 390 275 
276 392 275 276 410 392 410 394 392 
278 410 279 278 396 410 396 394 410 
281 396 278 398 396 281 283 398 281 
400 398 283 285 400 283 402 400 285 
266 402 285 270 286 404 404 286 411 
412 405 407 413 412 407 288 412 289 
288 408 412 408 405 412 291 408 288 
409 408 291 273 409 291 276 294 410 
279 410 294 414 415 416 414 416 411 
414 411 299 299 411 286 417 418 419 
413 418 417 412 413 417 412 417 302 
412 302 301 289 412 301 310 415 414 
310 309 415 309 420 415 299 310 414 
421 417 419 422 421 419 302 421 312 
417 421 302 423 424 425 423 319 318 
423 425 319 425 426 319 320 319 427 
319 426 427 420 309 320 427 420 320 
421 422 428 428 312 421 428 429 312 
429 322 312 325 430 431 324 430 325 
424 423 326 424 326 431 431 326 325 
318 326 423 432 327 322 432 322 433 
433 322 429 327 432 328 434 435 436 
434 331 330 434 436 331 436 437 331 
430 324 331 437 430 331 432 433 438 
438 328 432 438 439 328 439 333 328 
440 441 442 440 335 334 440 442 335 
442 443 335 435 434 336 435 336 443 
443 336 335 330 336 434 333 439 338 
439 444 338 341 445 446 340 445 341 
441 440 342 441 342 446 446 342 341 
334 342 440 338 444 447 343 338 447 
344 343 448 343 447 448 346 344 449 
344 448 449 347 346 450 346 449 450 
348 347 451 347 450 451 349 348 452 
348 451 452 351 349 453 349 452 453 
353 351 454 351 453 454 355 353 455 
353 454 455 445 340 355 455 445 355 
456 457 458 457 456 459 460 456 458 
461 460 458 462 459 456 462 456 463 
463 456 460 462 463 464 465 466 467 
461 466 465 461 465 460 460 465 468 
357 468 358 357 463 468 463 460 468 
463 357 359 463 359 464 464 359 469 
470 471 472 467 471 470 467 470 465 
465 470 473 361 473 362 361 468 473 
468 465 473 358 468 361 359 474 469 
364 474 359 474 364 365 475 474 365 
476 477 478 472 477 476 472 476 470 
470 476 479 367 479 368 367 473 479 
473 470 479 362 473 367 480 365 369 
480 481 365 481 475 365 369 370 480 
482 483 484 482 485 486 483 482 486 
478 486 485 476 478 485 476 485 373 
476 373 372 375 476 372 479 476 375 
368 479 375 487 481 480 488 481 487 
370 377 487 480 370 487 489 490 491 
489 492 493 490 489 493 492 494 495 
493 492 495 494 496 497 495 494 497 
496 498 499 497 496 499 498 500 501 
499 498 501 484 501 500 482 484 500 
482 500 380 482 380 379 382 482 379 
485 482 382 373 485 382 502 488 487 
503 488 502 377 383 504 377 504 487 
487 504 502 383 384 504 505 506 507 
505 387 386 505 386 506 506 386 508 
389 509 386 386 509 508 391 510 389 
389 510 509 491 393 489 491 510 393 
510 391 393 395 489 393 492 489 395 
397 492 395 494 492 397 399 494 397 
496 494 399 401 496 399 498 496 401 
403 498 401 500 498 403 380 500 403 
502 511 503 511 512 513 511 502 512 
502 504 512 384 404 512 504 384 512 
514 515 516 507 515 514 505 507 514 
505 514 407 505 407 406 387 505 406 
517 518 519 513 517 519 513 512 517 
512 520 517 404 411 520 512 404 520 
521 514 516 522 521 516 407 521 413 
514 521 407 523 518 517 524 518 523 
416 415 523 416 523 520 520 523 517 
411 416 520 418 521 522 418 522 419 
419 522 525 413 521 418 526 527 528 
524 526 528 524 523 526 523 529 526 
415 420 529 523 415 529 530 531 532 
530 525 531 530 422 525 422 419 525 
533 534 535 533 425 424 533 535 425 
535 536 425 527 526 426 527 426 536 
536 426 425 427 426 526 529 427 526 
420 427 529 530 532 537 538 537 539 
428 537 538 428 530 537 428 422 530 
428 538 429 540 541 542 534 540 542 
533 540 534 533 430 540 533 431 430 
424 431 533 543 538 539 544 543 539 
429 543 433 538 543 429 545 546 547 
545 436 435 545 547 436 547 548 436 
541 540 437 541 437 548 548 437 436 
430 437 540 543 544 549 550 549 551 
438 549 550 438 543 549 438 433 543 
438 550 439 442 552 553 441 552 442 
546 545 443 546 443 553 553 443 442 
435 443 545 554 555 556 551 555 554 
551 554 550 550 554 557 439 557 444 
550 557 439 558 559 560 558 561 562 
560 561 558 562 563 564 561 563 562 
564 565 566 563 565 564 565 567 566 
568 569 570 568 571 572 570 571 568 
572 446 445 572 571 446 571 573 446 
552 441 446 573 552 446 554 556 574 
557 554 574 575 557 574 444 557 575 
444 575 447 447 575 576 559 558 448 
559 448 576 576 448 447 449 448 558 
562 449 558 450 449 562 564 450 562 
451 450 564 566 451 564 566 567 577 
566 577 451 451 577 452 453 452 578 
452 577 578 569 568 454 569 454 578 
578 454 453 455 454 568 572 455 568 
445 455 572 579 580 581 579 582 583 
580 579 583 583 582 584 585 579 581 
586 585 581 582 579 587 587 579 585 
458 457 588 458 588 582 458 582 587 
584 582 588 588 457 459 589 588 459 
590 585 586 591 590 586 587 585 592 
592 585 590 458 592 461 587 592 458 
459 593 589 462 593 459 593 462 464 
594 593 464 595 590 591 596 595 591 
466 595 467 466 592 595 592 590 595 
461 592 466 464 469 594 594 469 597 
598 599 600 598 601 602 599 598 602 
596 602 601 595 596 601 595 601 472 
595 472 471 467 595 471 603 469 474 
603 604 469 604 597 469 474 475 603 
605 606 607 606 605 608 609 610 611 
600 610 609 600 609 598 598 609 612 
477 612 478 477 601 612 601 598 612 
472 601 477 603 613 604 613 603 475 
613 475 614 614 475 481 615 616 617 
615 618 619 616 615 619 607 619 618 
607 618 605 605 618 620 621 608 605 
621 605 622 622 605 620 622 623 624 
621 622 624 623 625 626 624 623 626 
611 626 625 609 611 625 609 625 484 
609 484 483 486 609 483 612 609 486 
478 612 486 481 488 614 614 488 627 
628 629 630 628 631 632 629 628 632 
631 633 634 632 631 634 633 635 636 
634 633 636 617 636 635 615 617 635 
615 635 491 615 491 490 493 615 490 
618 615 493 495 618 493 620 618 495 
497 620 495 622 620 497 499 622 497 
623 622 499 501 623 499 625 623 501 
484 625 501 637 638 639 637 639 627 
637 627 503 503 627 488 640 641 642 
630 641 640 628 630 640 628 640 507 
628 507 506 508 628 506 631 628 508 
509 631 508 633 631 509 510 633 509 
635 633 510 491 635 510 643 638 637 
644 638 643 503 511 645 503 645 637 
637 645 643 511 513 645 515 640 642 
515 642 516 516 642 646 507 640 515 
647 648 649 644 647 649 644 643 647 
643 650 647 519 518 650 519 650 645 
645 650 643 513 519 645 651 652 653 
651 646 652 651 522 646 522 516 646 
647 654 648 654 655 656 654 647 655 
647 650 655 518 524 655 650 518 655 
657 651 653 658 657 653 522 657 525 
651 657 522 659 660 661 656 659 661 
655 659 656 655 527 659 655 528 527 
524 528 655 662 663 664 658 663 662 
657 658 662 657 662 532 657 532 531 
525 657 531 535 665 666 534 665 535 
660 659 536 660 536 666 666 536 535 
527 536 659 662 664 667 668 667 669 
537 667 668 537 662 667 537 532 662 
537 668 539 670 671 672 670 542 541 
670 672 542 672 673 542 665 534 542 
673 665 542 674 668 669 675 674 669 
539 674 544 668 674 539 676 677 678 
676 547 546 676 678 547 678 679 547 
671 670 548 671 548 679 679 548 547 
541 548 670 680 674 675 681 680 675 
544 682 549 544 674 682 674 680 682 
549 682 551 683 684 685 677 683 685 
676 683 677 676 552 683 676 553 552 
546 553 676 680 681 686 555 687 556 
555 680 687 555 682 680 680 686 687 
551 682 555 688 689 690 688 560 559 
688 690 560 690 691 560 561 560 692 
560 691 692 563 561 693 561 692 693 
565 563 694 563 693 694 567 695 696 
567 565 695 565 694 695 696 697 698 
695 697 696 698 570 569 698 697 570 
697 699 570 571 570 700 570 699 700 
684 683 573 684 573 700 700 573 571 
552 573 683 556 687 701 574 556 701 
575 574 702 574 701 702 689 688 576 
689 576 702 702 576 575 559 576 688 
567 696 577 578 577 696 698 578 696 
569 578 698 703 704 705 703 581 580 
703 580 704 704 580 706 707 708 706 
707 706 583 583 706 580 583 584 707 
709 703 705 710 709 705 581 709 586 
703 709 581 707 711 708 712 713 711 
588 712 711 588 711 707 588 707 584 
588 589 712 714 715 716 710 715 714 
710 714 709 709 714 717 586 717 591 
709 717 586 712 718 713 589 718 712 
589 593 718 593 719 718 719 593 594 
720 719 594 721 714 716 722 721 716 
717 714 723 723 714 721 591 723 596 
717 723 591 594 597 720 720 597 724 
725 726 727 726 725 728 729 730 731 
729 732 733 730 729 733 732 734 735 
733 732 735 735 734 736 737 738 739 
722 738 737 721 722 737 721 737 600 
721 600 599 602 721 599 723 721 602 
596 723 602 597 604 724 724 604 740 
725 727 741 742 743 744 728 725 741 
744 745 746 742 744 746 745 747 748 
746 745 748 747 749 750 748 747 750 
731 750 749 731 749 729 729 749 751 
606 751 607 606 732 751 732 729 751 
608 732 606 608 752 732 752 734 732 
753 736 734 753 734 754 754 734 752 
754 755 756 753 754 756 739 756 755 
737 739 755 737 755 611 737 611 610 
600 737 610 757 604 613 757 758 604 
758 740 604 613 614 757 759 760 761 
743 760 759 743 759 744 744 759 762 
745 744 763 763 744 762 747 745 764 
764 745 763 616 764 617 616 749 764 
749 747 764 619 749 616 751 749 619 
607 751 619 608 621 752 624 752 621 
754 752 624 626 754 624 755 754 626 
611 755 626 765 758 757 766 758 765 
614 627 765 757 614 765 767 768 769 
761 768 767 759 761 767 759 767 630 
759 630 629 632 759 629 762 759 632 
634 762 632 763 762 634 636 763 634 
764 763 636 617 764 636 770 771 772 
766 770 772 765 770 766 765 638 770 
765 639 638 627 639 765 773 774 775 
769 774 773 767 769 773 767 773 642 
767 642 641 630 767 641 776 771 770 
777 771 776 638 644 776 770 638 776 
778 773 775 779 778 775 642 778 646 
773 778 642 780 781 782 777 780 782 
776 780 777 776 648 780 776 649 648 
644 649 776 652 778 779 652 779 653 
653 779 783 646 778 652 780 784 781 
785 786 784 654 785 784 654 784 780 
654 780 648 654 656 785 787 788 789 
787 783 788 787 658 783 658 653 783 
790 791 792 786 790 792 785 790 786 
785 660 790 785 661 660 656 661 785 
663 787 789 663 789 664 664 789 793 
658 787 663 794 795 796 791 794 796 
790 794 791 790 665 794 790 666 665 
660 666 790 664 793 797 667 664 797 
797 669 667 798 669 797 799 800 801 
799 672 671 799 801 672 801 802 672 
795 794 673 795 673 802 802 673 672 
665 673 794 669 798 675 798 803 675 
678 804 805 677 804 678 800 799 679 
800 679 805 805 679 678 671 679 799 
675 803 681 803 806 681 807 808 809 
807 810 811 809 810 807 811 685 684 
811 810 685 810 812 685 804 677 685 
812 804 685 681 806 813 686 681 813 
813 687 686 814 687 813 690 815 816 
689 815 690 691 690 817 690 816 817 
692 691 818 691 817 818 693 692 819 
692 818 819 694 693 820 693 819 820 
695 694 821 694 820 821 697 695 822 
695 821 822 808 807 699 808 699 822 
822 699 697 700 699 807 811 700 807 
684 700 811 687 814 823 701 687 823 
702 701 824 701 823 824 815 689 702 
824 815 702 825 826 827 825 705 704 
825 704 826 826 704 828 829 830 828 
829 828 706 706 828 704 706 708 829 
831 832 833 827 832 831 827 831 825 
825 831 834 705 834 710 825 834 705 
829 835 830 836 837 835 711 836 835 
711 835 829 711 829 708 711 713 836 
838 831 833 839 838 833 715 838 716 
715 834 838 834 831 838 710 834 715 
836 840 837 841 842 840 718 841 840 
718 840 836 718 836 713 718 719 843 
841 718 843 719 720 843 844 845 846 
844 847 848 845 844 848 847 849 850 
848 847 850 849 851 852 850 849 852 
851 853 854 852 851 854 839 854 853 
839 853 838 838 853 855 716 855 722 
838 855 716 841 856 842 856 857 858 
856 841 857 841 843 857 720 724 857 
843 720 857 859 860 861 859 862 863 
860 859 863 862 727 726 862 726 863 
863 726 864 728 865 866 728 866 726 
726 866 864 865 867 868 866 865 868 
868 867 869 870 871 872 846 871 870 
844 846 870 844 870 731 844 731 730 
733 844 730 847 844 733 735 847 733 
849 847 735 736 849 735 736 873 849 
873 851 849 853 851 874 874 851 873 
738 874 739 738 855 874 855 853 874 
722 855 738 857 875 858 875 857 724 
875 724 876 876 724 740 859 861 877 
862 859 877 878 862 877 879 878 880 
741 878 879 741 862 878 741 727 862 
741 865 728 741 879 865 742 865 743 
743 865 879 746 865 742 867 865 746 
867 881 869 867 746 881 746 748 881 
872 750 870 872 881 750 881 748 750 
731 870 750 736 753 873 756 873 753 
874 873 756 739 874 756 740 758 876 
876 758 882 883 884 885 880 884 883 
879 880 883 879 883 761 879 761 760 
743 879 760 886 887 888 886 888 882 
886 882 766 766 882 758 889 890 891 
885 890 889 883 885 889 883 889 769 
883 769 768 761 883 768 892 893 894 
887 892 894 886 892 887 886 771 892 
886 772 771 766 772 886 774 889 891 
774 891 775 775 891 895 769 889 774 
896 893 892 897 893 896 771 777 896 
892 771 896 775 895 779 895 898 779 
782 897 896 782 781 897 781 899 897 
777 782 896 900 901 902 900 898 901 
900 783 898 783 779 898 903 781 784 
903 904 781 904 899 781 784 786 903 
788 900 902 788 902 789 789 902 905 
783 900 788 906 907 908 904 906 908 
903 906 904 903 791 906 903 792 791 
786 792 903 909 910 793 909 793 905 
905 793 789 909 911 910 912 913 914 
907 912 914 906 912 907 906 795 912 
906 796 795 791 796 906 793 910 797 
910 798 797 910 911 798 911 915 798 
916 917 918 916 801 800 916 918 801 
918 919 801 913 912 802 913 802 919 
919 802 801 795 802 912 798 915 803 
915 920 803 921 922 923 921 924 925 
923 924 921 917 925 924 916 925 917 
916 804 925 916 805 804 800 805 916 
926 927 806 926 806 920 920 806 803 
926 928 927 929 930 931 929 932 933 
931 932 929 933 934 935 932 934 933 
935 936 937 934 936 935 937 938 939 
936 938 937 939 809 808 939 938 809 
938 940 809 922 921 810 922 810 940 
940 810 809 812 810 921 925 812 921 
804 812 925 806 927 813 814 941 942 
813 941 814 813 928 941 813 927 928 
942 943 944 941 943 942 944 816 815 
944 943 816 943 945 816 817 816 946 
816 945 946 930 929 818 930 818 946 
946 818 817 819 818 929 933 819 929 
820 819 933 935 820 933 821 820 935 
937 821 935 822 821 937 939 822 937 
808 822 939 814 942 823 824 823 942 
944 824 942 815 824 944 947 948 949 
947 827 826 947 826 948 948 826 950 
828 951 826 826 951 950 951 828 830 
952 951 830 953 954 955 949 954 953 
947 949 953 947 953 833 947 833 832 
827 947 832 830 956 952 835 956 830 
956 835 837 957 956 837 958 959 960 
958 961 962 959 958 962 962 961 963 
964 965 966 964 967 968 965 964 968 
967 969 970 968 967 970 955 970 969 
955 969 953 953 969 971 833 971 839 
953 971 833 837 972 957 840 972 837 
972 840 842 973 972 842 974 975 976 
974 977 978 975 974 978 977 979 980 
978 977 980 960 980 979 960 979 958 
958 979 981 961 958 982 982 958 981 
983 963 961 982 983 961 984 985 986 
984 846 845 984 845 985 985 845 987 
966 848 964 966 987 848 987 845 848 
850 964 848 967 964 850 852 967 850 
969 967 852 854 969 852 971 969 854 
839 971 854 988 842 856 988 989 842 
989 973 842 856 858 988 990 991 992 
976 991 990 974 976 990 974 990 861 
974 861 860 863 974 860 977 974 863 
864 977 863 979 977 864 866 979 864 
981 979 866 868 981 866 982 981 868 
869 993 994 868 869 994 868 994 983 
868 983 982 986 994 993 984 986 993 
984 993 872 984 872 871 846 984 871 
988 995 989 996 997 995 875 996 995 
875 995 988 875 988 858 875 876 996 
990 992 998 999 998 1000 877 998 999 
877 990 998 877 861 990 877 1001 878 
999 1001 877 878 1001 880 869 881 993 
872 993 881 1002 997 996 1003 997 1002 
876 882 1002 996 876 1002 1004 999 1000 
1005 1004 1000 884 1004 885 884 1001 1004 
1001 999 1004 880 1001 884 1006 1007 1008 
1003 1006 1008 1002 1006 1003 1002 887 1006 
1002 888 887 882 888 1002 890 1004 1005 
890 1005 891 891 1005 1009 885 1004 890 
894 1007 1006 894 893 1007 893 1010 1007 
887 894 1006 891 1009 895 1009 1011 895 
893 897 1010 1010 897 1012 1013 1014 1015 
1013 1011 1014 1013 898 1011 898 895 1011 
897 899 1012 1012 899 1016 901 1013 1015 
901 1015 902 902 1015 1017 898 1013 901 
899 904 1016 1016 904 1018 1019 1020 905 
1019 905 1017 1017 905 902 1019 1021 1020 
908 1022 1023 907 1022 908 1018 904 908 
1023 1018 908 905 1020 909 1020 911 909 
1020 1021 911 1021 1024 911 1025 1026 1027 
1025 1028 1029 1027 1028 1025 1029 914 913 
1029 1028 914 1028 1030 914 1022 907 914 
1030 1022 914 911 1024 915 1024 1031 915 
1032 1033 1034 1026 1032 1034 1025 1032 1026 
1025 917 1032 1025 918 917 919 918 1025 
1029 919 1025 913 919 1029 1035 1036 920 
1035 920 1031 1031 920 915 1035 1037 1036 
1038 1039 1040 1038 1041 1042 1040 1041 1038 
1042 923 922 1042 1041 923 1041 1043 923 
1033 1032 924 1033 924 1043 1043 924 923 
917 924 1032 920 1036 926 928 1044 1045 
926 1044 928 926 1037 1044 926 1036 1037 
1045 1046 1047 1044 1046 1045 1047 1048 1049 
1046 1048 1047 1049 1050 1051 1048 1050 1049 
1051 931 930 1051 1050 931 1050 1052 931 
932 931 1053 931 1052 1053 934 932 1054 
932 1053 1054 936 934 1055 934 1054 1055 
1039 1038 938 1039 938 1055 1055 938 936 
940 938 1038 1042 940 1038 922 940 1042 
928 1045 941 943 941 1045 1047 943 1045 
945 943 1047 1049 945 1047 946 945 1049 
1051 946 1049 930 946 1051 948 1056 1057 
949 948 1057 950 1058 948 948 1058 1056 
1059 1060 1058 1059 1058 951 951 1058 950 
951 952 1059 1061 1062 1063 1062 1061 1064 
954 1065 1066 955 954 1066 1057 954 949 
1065 954 1057 1059 1067 1060 1068 1069 1067 
956 1068 1067 956 1067 1059 956 1059 952 
956 957 1068 1070 1071 1072 1070 960 959 
1070 959 1071 1071 959 1073 1063 962 1061 
1063 1073 962 1073 959 962 963 1074 1075 
962 963 1075 962 1075 1064 962 1064 1061 
1074 1076 1077 1075 1074 1077 1076 1078 1079 
1077 1076 1079 1078 966 965 1078 965 1079 
1079 965 1080 968 1081 965 965 1081 1080 
970 1082 968 968 1082 1081 1066 970 955 
1082 970 1066 1068 1083 1069 1084 1085 1083 
972 1084 1083 972 1083 1068 972 1068 957 
972 973 1084 975 1086 1087 976 975 1087 
978 1088 975 975 1088 1086 1072 980 1070 
1072 1088 980 1088 978 980 960 1070 980 
1074 983 1089 963 983 1074 985 1089 986 
985 1076 1089 1076 1074 1089 987 1076 985 
1078 1076 987 966 1078 987 1090 1085 1084 
1091 1085 1090 973 989 1090 1084 973 1090 
991 1092 992 991 1093 1092 991 976 1093 
976 1087 1093 983 994 1089 986 1089 994 
1090 1094 1091 1095 1096 1094 995 1095 1094 
995 1094 1090 995 1090 989 995 997 1095 
992 1092 998 1092 1000 998 1092 1093 1000 
1093 1097 1000 1098 1096 1095 1099 1096 1098 
997 1003 1098 1095 997 1098 1100 1101 1102 
1100 1097 1101 1100 1005 1097 1005 1000 1097 
1103 1104 1105 1099 1103 1105 1098 1103 1099 
1098 1007 1103 1098 1008 1007 1003 1008 1098 
1106 1100 1102 1107 1106 1102 1005 1106 1009 
1100 1106 1005 1108 1104 1103 1109 1104 1108 
1007 1010 1108 1103 1007 1108 1110 1106 1107 
1111 1110 1107 1009 1110 1011 1106 1110 1009 
1112 1109 1108 1113 1109 1112 1010 1012 1112 
1108 1010 1112 1014 1110 1111 1014 1111 1015 
1015 1111 1114 1011 1110 1014 1112 1115 1113 
1115 1112 1012 1115 1012 1116 1116 1012 1016 
1117 1118 1017 1117 1017 1114 1114 1017 1015 
1117 1119 1118 1120 1121 1122 1120 1122 1116 
1120 1116 1018 1018 1116 1016 1017 1118 1019 
1118 1021 1019 1118 1119 1021 1119 1123 1021 
1124 1125 1126 1121 1124 1126 1120 1124 1121 
1120 1022 1124 1120 1023 1022 1018 1023 1120 
1127 1128 1024 1127 1024 1123 1123 1024 1021 
1127 1129 1128 1130 1131 1132 1130 1027 1026 
1130 1132 1027 1132 1133 1027 1028 1027 1134 
1027 1133 1134 1125 1124 1030 1125 1030 1134 
1134 1030 1028 1022 1030 1124 1128 1135 1031 
1024 1128 1031 1136 1128 1129 1135 1128 1136 
1137 1138 1139 1137 1140 1141 1139 1140 1137 
1131 1141 1140 1130 1141 1131 1130 1033 1141 
1130 1034 1033 1026 1034 1130 1031 1135 1035 
1037 1142 1143 1035 1142 1037 1035 1136 1142 
1035 1135 1136 1142 1144 1143 1145 1146 1147 
1145 1148 1149 1147 1148 1145 1149 1150 1151 
1148 1150 1149 1151 1040 1039 1151 1150 1040 
1150 1152 1040 1138 1137 1041 1138 1041 1152 
1152 1041 1040 1043 1041 1137 1141 1043 1137 
1033 1043 1141 1037 1143 1044 1143 1144 1153 
1143 1153 1044 1044 1153 1046 1048 1046 1154 
1046 1153 1154 1050 1048 1155 1048 1154 1155 
1052 1050 1156 1050 1155 1156 1146 1145 1053 
1146 1053 1156 1156 1053 1052 1054 1053 1145 
1149 1054 1145 1055 1054 1149 1151 1055 1149 
1039 1055 1151 1056 1157 1057 1056 1058 1158 
1157 1056 1158 1058 1060 1158 1062 1159 1160 
1063 1062 1160 1064 1161 1162 1064 1162 1062 
1062 1162 1159 1162 1161 1163 1065 1164 1066 
1065 1165 1164 1057 1165 1065 1057 1166 1165 
1057 1157 1166 1158 1166 1157 1167 1166 1158 
1168 1169 1167 1067 1168 1167 1067 1167 1158 
1067 1158 1060 1067 1069 1168 1170 1171 1172 
1170 1173 1174 1171 1170 1174 1173 1072 1071 
1173 1071 1174 1174 1071 1175 1073 1176 1071 
1071 1176 1175 1160 1073 1063 1176 1073 1160 
1064 1075 1161 1161 1177 1163 1161 1075 1177 
1075 1077 1177 1079 1178 1077 1077 1178 1177 
1080 1179 1079 1079 1179 1178 1081 1180 1080 
1080 1180 1179 1082 1181 1081 1081 1181 1180 
1164 1082 1066 1164 1182 1082 1182 1181 1082 
1165 1182 1164 1168 1183 1169 1184 1185 1183 
1083 1184 1183 1083 1183 1168 1083 1168 1069 
1083 1085 1184 1186 1187 1188 1172 1187 1186 
1170 1172 1186 1170 1186 1087 1170 1087 1086 
1088 1170 1086 1173 1170 1088 1072 1173 1088 
1184 1189 1185 1189 1184 1085 1189 1085 1190 
1190 1085 1091 1186 1188 1191 1191 1087 1186 
1191 1192 1087 1192 1093 1087 1091 1193 1190 
1094 1193 1091 1193 1094 1096 1194 1193 1096 
1195 1196 1197 1195 1192 1196 1195 1097 1192 
1097 1093 1192 1198 1199 1200 1198 1200 1194 
1198 1194 1099 1099 1194 1096 1201 1202 1203 
1197 1202 1201 1195 1197 1201 1195 1201 1102 
1195 1102 1101 1097 1195 1101 1105 1199 1198 
1105 1104 1199 1104 1204 1199 1099 1105 1198 
1201 1203 1205 1205 1102 1201 1205 1206 1102 
1206 1107 1102 1104 1109 1204 1204 1109 1207 
1107 1206 1111 1206 1208 1111 1109 1113 1207 
1207 1113 1209 1210 1211 1114 1210 1114 1208 
1208 1114 1111 1210 1212 1211 1213 1113 1115 
1213 1214 1113 1214 1209 1113 1115 1116 1213 
1114 1211 1117 1211 1119 1117 1211 1212 1119 
1212 1215 1119 1216 1217 1218 1214 1216 1218 
1213 1216 1214 1213 1121 1216 1213 1122 1121 
1116 1122 1213 1119 1215 1123 1215 1219 1123 
1220 1221 1222 1220 1223 1224 1222 1223 1220 
1217 1224 1223 1216 1224 1217 1216 1125 1224 
1216 1126 1125 1121 1126 1216 1123 1219 1225 
1127 1123 1225 1225 1129 1127 1226 1129 1225 
1227 1228 1229 1227 1230 1231 1229 1230 1227 
1231 1132 1131 1231 1230 1132 1230 1232 1132 
1221 1220 1133 1221 1133 1232 1232 1133 1132 
1134 1133 1220 1224 1134 1220 1125 1134 1224 
1233 1234 1136 1233 1136 1226 1226 1136 1129 
1233 1235 1234 1236 1237 1238 1236 1239 1240 
1238 1239 1236 1240 1241 1242 1239 1241 1240 
1228 1242 1241 1227 1242 1228 1227 1138 1242 
1227 1139 1138 1140 1139 1227 1231 1140 1227 
1131 1140 1231 1136 1234 1142 1144 1243 1244 
1142 1243 1144 1142 1235 1243 1142 1234 1235 
1244 1245 1246 1243 1245 1244 1246 1247 1248 
1245 1247 1246 1248 1249 1250 1247 1249 1248 
1250 1147 1146 1250 1249 1147 1249 1251 1147 
1237 1236 1148 1237 1148 1251 1251 1148 1147 
1150 1148 1236 1240 1150 1236 1152 1150 1240 
1242 1152 1240 1138 1152 1242 1144 1244 1153 
1154 1153 1244 1246 1154 1244 1155 1154 1246 
1248 1155 1246 1156 1155 1248 1250 1156 1248 
1146 1156 1250 1252 1253 1254 1253 1252 1255 
1256 1257 1258 1256 1259 1260 1257 1256 1260 
1259 1160 1159 1259 1159 1260 1260 1159 1261 
1254 1162 1252 1254 1261 1162 1261 1159 1162 
1163 1262 1263 1162 1163 1263 1162 1263 1255 
1162 1255 1252 1263 1262 1264 1166 1265 1266 
1165 1166 1266 1167 1267 1166 1166 1267 1265 
1267 1167 1169 1268 1267 1169 1171 1269 1270 
1172 1171 1270 1174 1271 1171 1171 1271 1269 
1258 1175 1256 1258 1271 1175 1271 1174 1175 
1176 1256 1175 1259 1256 1176 1160 1259 1176 
1163 1177 1262 1262 1272 1264 1262 1177 1272 
1177 1178 1272 1179 1273 1178 1178 1273 1272 
1180 1274 1179 1179 1274 1273 1181 1275 1180 
1180 1275 1274 1182 1276 1181 1181 1276 1275 
1266 1182 1165 1276 1182 1266 1169 1277 1268 
1183 1277 1169 1277 1183 1185 1278 1277 1185 
1279 1280 1281 1279 1282 1283 1280 1279 1283 
1282 1188 1187 1282 1187 1283 1283 1187 1284 
1270 1187 1172 1284 1187 1270 1185 1285 1278 
1189 1285 1185 1285 1189 1190 1286 1285 1190 
1279 1281 1287 1282 1279 1287 1288 1282 1287 
1289 1288 1290 1191 1288 1289 1191 1282 1288 
1191 1188 1282 1191 1289 1192 1291 1190 1193 
1291 1292 1190 1292 1286 1190 1193 1194 1291 
1196 1289 1290 1196 1290 1197 1197 1290 1293 
1192 1289 1196 1200 1292 1291 1200 1199 1292 
1199 1294 1292 1194 1200 1291 1202 1295 1296 
1203 1202 1296 1293 1202 1197 1295 1202 1293 
1199 1204 1294 1294 1204 1297 1203 1296 1298 
1205 1203 1298 1298 1206 1205 1299 1206 1298 
1204 1207 1297 1297 1207 1300 1301 1302 1208 
1301 1208 1299 1299 1208 1206 1301 1303 1302 
1304 1305 1306 1304 1306 1300 1304 1300 1209 
1209 1300 1207 1208 1302 1210 1302 1212 1210 
1302 1303 1212 1303 1307 1212 1304 1308 1305 
1308 1304 1209 1308 1209 1309 1309 1209 1214 
1212 1307 1215 1307 1310 1215 1311 1312 1313 
1311 1314 1315 1313 1314 1311 1315 1218 1217 
1315 1314 1218 1314 1316 1218 1309 1214 1218 
1316 1309 1218 1317 1318 1219 1317 1219 1310 
1310 1219 1215 1317 1319 1318 1320 1321 1322 
1320 1323 1324 1322 1323 1320 1324 1325 1326 
1323 1325 1324 1312 1326 1325 1311 1326 1312 
1311 1221 1326 1311 1222 1221 1223 1222 1311 
1315 1223 1311 1217 1223 1315 1219 1318 1225 
1318 1226 1225 1318 1319 1226 1319 1327 1226 
1328 1329 1330 1328 1331 1332 1330 1331 1328 
1321 1332 1331 1320 1332 1321 1320 1228 1332 
1320 1229 1228 1230 1229 1320 1324 1230 1320 
1232 1230 1324 1326 1232 1324 1221 1232 1326 
1226 1327 1333 1233 1226 1333 1235 1334 1335 
1235 1233 1334 1233 1333 1334 1335 1336 1337 
1334 1336 1335 1337 1338 1339 1336 1338 1337 
1339 1340 1341 1338 1340 1339 1341 1342 1343 
1340 1342 1341 1343 1238 1237 1343 1342 1238 
1342 1344 1238 1329 1328 1239 1329 1239 1344 
1344 1239 1238 1241 1239 1328 1332 1241 1328 
1228 1241 1332 1235 1335 1243 1245 1243 1335 
1337 1245 1335 1247 1245 1337 1339 1247 1337 
1249 1247 1339 1341 1249 1339 1251 1249 1341 
1343 1251 1341 1237 1251 1343 1345 1346 1347 
1345 1254 1253 1345 1253 1346 1346 1253 1348 
1348 1253 1255 1349 1348 1255 1350 1351 1352 
1350 1258 1257 1350 1257 1351 1351 1257 1353 
1260 1354 1257 1257 1354 1353 1347 1261 1345 
1347 1354 1261 1354 1260 1261 1254 1345 1261 
1255 1355 1349 1263 1355 1255 1355 1263 1264 
1356 1355 1264 1265 1357 1266 1265 1267 1358 
1357 1265 1358 1267 1268 1358 1359 1360 1361 
1359 1270 1269 1359 1269 1360 1360 1269 1362 
1352 1271 1350 1352 1362 1271 1362 1269 1271 
1258 1350 1271 1264 1363 1356 1272 1363 1264 
1273 1364 1272 1272 1364 1363 1274 1365 1273 
1273 1365 1364 1275 1366 1274 1274 1366 1365 
1276 1367 1275 1275 1367 1366 1357 1276 1266 
1357 1368 1276 1368 1367 1276 1358 1368 1357 
1369 1368 1358 1370 1371 1369 1277 1370 1369 
1277 1369 1358 1277 1358 1268 1277 1278 1370 
1280 1372 1373 1281 1280 1373 1283 1374 1280 
1280 1374 1372 1361 1284 1359 1361 1374 1284 
1374 1283 1284 1270 1359 1284 1370 1375 1371 
1376 1377 1375 1285 1376 1375 1285 1375 1370 
1285 1370 1278 1285 1286 1376 1378 1287 1281 
1378 1281 1379 1379 1281 1373 1287 1380 1288 
1378 1380 1287 1288 1380 1290 1381 1377 1376 
1382 1377 1381 1286 1292 1381 1376 1286 1381 
1378 1379 1383 1383 1384 1385 1383 1385 1378 
1378 1385 1380 1290 1385 1293 1380 1385 1290 
1386 1382 1381 1387 1382 1386 1292 1294 1386 
1381 1292 1386 1295 1388 1296 1385 1384 1389 
1389 1293 1385 1389 1390 1293 1295 1293 1388 
1388 1293 1390 1391 1387 1386 1392 1387 1391 
1294 1297 1391 1386 1294 1391 1296 1388 1298 
1299 1393 1394 1298 1393 1299 1298 1390 1393 
1298 1388 1390 1393 1395 1394 1396 1392 1391 
1397 1392 1396 1297 1300 1396 1391 1297 1396 
1299 1394 1301 1394 1303 1301 1394 1395 1303 
1395 1398 1303 1306 1397 1396 1306 1305 1397 
1305 1399 1397 1300 1306 1396 1303 1398 1307 
1398 1400 1307 1401 1402 1403 1308 1404 1401 
1308 1401 1399 1308 1399 1305 1403 1399 1401 
1308 1309 1404 1307 1400 1310 1400 1405 1310 
1406 1407 1408 1406 1409 1410 1408 1409 1406 
1410 1411 1412 1409 1411 1410 1412 1313 1312 
1412 1411 1313 1411 1413 1313 1402 1401 1314 
1402 1314 1413 1413 1314 1313 1316 1314 1401 
1404 1316 1401 1309 1316 1404 1310 1405 1414 
1317 1310 1414 1414 1319 1317 1415 1319 1414 
1416 1417 1418 1407 1416 1418 1406 1416 1407 
1406 1321 1416 1406 1322 1321 1323 1322 1406 
1410 1323 1406 1325 1323 1410 1412 1325 1410 
1312 1325 1412 1419 1420 1327 1419 1327 1415 
1415 1327 1319 1420 1421 1422 1419 1421 1420 
1422 1423 1424 1421 1423 1422 1424 1425 1426 
1423 1425 1424 1426 1427 1428 1425 1427 1426 
1428 1429 1430 1427 1429 1428 1430 1431 1432 
1429 1431 1430 1432 1330 1329 1432 1431 1330 
1431 1433 1330 1417 1416 1331 1417 1331 1433 
1433 1331 1330 1321 1331 1416 1327 1420 1333 
1334 1333 1420 1422 1334 1420 1336 1334 1422 
1424 1336 1422 1338 1336 1424 1426 1338 1424 
1340 1338 1426 1428 1340 1426 1342 1340 1428 
1430 1342 1428 1344 1342 1430 1432 1344 1430 
1329 1344 1432 1434 1435 1436 1434 1347 1346 
1434 1346 1435 1435 1346 1437 1348 1438 1346 
1346 1438 1437 1349 1439 1440 1349 1440 1348 
1348 1440 1438 1440 1439 1441 1351 1442 1443 
1352 1351 1443 1353 1444 1351 1351 1444 1442 
1436 1354 1434 1436 1444 1354 1444 1353 1354 
1347 1434 1354 1349 1355 1439 1356 1445 1446 
1355 1356 1446 1355 1446 1441 1355 1441 1439 
1445 1447 1448 1446 1445 1448 1448 1447 1449 
1450 1451 1452 1450 1361 1360 1450 1360 1451 
1451 1360 1453 1362 1454 1360 1360 1454 1453 
1443 1362 1352 1454 1362 1443 1356 1363 1445 
1364 1445 1363 1447 1445 1364 1447 1455 1449 
1447 1364 1455 1364 1365 1455 1456 1457 1455 
1456 1455 1366 1366 1455 1365 1366 1367 1458 
1456 1366 1458 1367 1368 1459 1458 1367 1459 
1368 1369 1460 1459 1368 1460 1369 1371 1460 
1372 1461 1462 1373 1372 1462 1452 1374 1450 
1452 1461 1374 1461 1372 1374 1361 1450 1374 
1456 1463 1457 1458 1463 1456 1464 1463 1458 
1459 1464 1458 1465 1464 1459 1460 1465 1459 
1466 1465 1460 1467 1468 1466 1375 1467 1466 
1375 1466 1460 1375 1460 1371 1375 1377 1467 
1373 1462 1379 1462 1469 1379 1470 1468 1467 
1471 1468 1470 1377 1382 1470 1467 1377 1470 
1379 1469 1472 1383 1379 1472 1472 1384 1383 
1473 1384 1472 1474 1471 1470 1475 1471 1474 
1382 1387 1474 1470 1382 1474 1384 1473 1476 
1389 1384 1476 1476 1390 1389 1477 1390 1476 
1478 1475 1474 1479 1475 1478 1387 1392 1478 
1474 1387 1478 1390 1477 1480 1393 1390 1480 
1480 1395 1393 1481 1395 1480 1482 1479 1478 
1483 1479 1482 1392 1397 1482 1478 1392 1482 
1395 1481 1398 1481 1484 1398 1482 1485 1483 
1485 1482 1397 1485 1397 1486 1486 1397 1399 
1398 1484 1400 1484 1487 1400 1488 1489 1490 
1488 1491 1492 1490 1491 1488 1492 1493 1494 
1491 1493 1492 1494 1495 1496 1493 1495 1494 
1496 1403 1402 1496 1495 1403 1495 1497 1403 
1486 1399 1403 1497 1486 1403 1498 1499 1405 
1498 1405 1487 1487 1405 1400 1498 1500 1499 
1501 1502 1503 1501 1504 1505 1503 1504 1501 
1489 1505 1504 1488 1505 1489 1488 1407 1505 
1488 1408 1407 1409 1408 1488 1492 1409 1488 
1411 1409 1492 1494 1411 1492 1413 1411 1494 
1496 1413 1494 1402 1413 1496 1405 1499 1414 
1415 1506 1507 1414 1506 1415 1414 1500 1506 
1414 1499 1500 1507 1508 1509 1506 1508 1507 
1509 1510 1511 1508 1510 1509 1511 1512 1513 
1510 1512 1511 1513 1514 1515 1512 1514 1513 
1515 1516 1517 1514 1516 1515 1517 1518 1519 
1516 1518 1517 1502 1519 1518 1502 1501 1519 
1501 1520 1519 1418 1417 1520 1418 1520 1505 
1505 1520 1501 1407 1418 1505 1415 1507 1419 
1421 1419 1507 1509 1421 1507 1423 1421 1509 
1511 1423 1509 1425 1423 1511 1513 1425 1511 
1427 1425 1513 1515 1427 1513 1429 1427 1515 
1517 1429 1515 1431 1429 1517 1519 1431 1517 
1433 1431 1519 1520 1433 1519 1417 1433 1520 
1521 1522 1523 1521 1436 1435 1521 1435 1522 
1522 1435 1524 1437 1525 1435 1435 1525 1524 
1438 1526 1437 1437 1526 1525 1440 1527 1438 
1438 1527 1526 1527 1440 1441 1528 1527 1441 
1529 1530 1531 1529 1443 1442 1529 1442 1530 
1530 1442 1532 1523 1444 1521 1523 1532 1444 
1532 1442 1444 1436 1521 1444 1441 1533 1528 
1446 1533 1441 1448 1534 1446 1446 1534 1533 
1534 1448 1449 1535 1534 1449 1536 1537 1538 
1536 1452 1451 1536 1451 1537 1537 1451 1539 
1453 1540 1451 1451 1540 1539 1531 1454 1529 
1531 1540 1454 1540 1453 1454 1443 1529 1454 
1449 1541 1535 1455 1541 1449 1541 1455 1457 
1542 1541 1457 1461 1536 1538 1461 1538 1462 
1462 1538 1543 1452 1536 1461 1457 1544 1542 
1463 1544 1457 1464 1545 1463 1463 1545 1544 
1546 1547 1545 1546 1545 1465 1465 1545 1464 
1465 1466 1548 1546 1465 1548 1466 1468 1548 
1549 1550 1469 1549 1469 1543 1543 1469 1462 
1549 1551 1550 1546 1552 1547 1552 1553 1554 
1552 1546 1553 1546 1548 1553 1468 1471 1553 
1548 1468 1553 1469 1550 1472 1473 1555 1556 
1472 1555 1473 1472 1551 1555 1472 1550 1551 
1555 1557 1556 1558 1554 1553 1559 1554 1558 
1471 1475 1558 1553 1471 1558 1473 1556 1476 
1556 1477 1476 1556 1557 1477 1557 1560 1477 
1558 1561 1559 1561 1558 1475 1561 1475 1562 
1562 1475 1479 1477 1560 1563 1480 1477 1563 
1563 1481 1480 1564 1481 1563 1479 1483 1562 
1562 1483 1565 1481 1564 1484 1564 1566 1484 
1567 1568 1569 1567 1570 1571 1569 1570 1567 
1570 1572 1571 1573 1483 1485 1573 1574 1483 
1574 1565 1483 1485 1486 1573 1575 1576 1487 
1575 1487 1566 1566 1487 1484 1575 1577 1576 
1578 1579 1580 1578 1581 1582 1580 1581 1578 
1568 1582 1581 1567 1582 1568 1567 1489 1582 
1567 1490 1489 1491 1490 1567 1571 1491 1567 
1571 1572 1583 1571 1583 1491 1491 1583 1493 
1495 1493 1584 1493 1583 1584 1574 1573 1497 
1574 1497 1584 1584 1497 1495 1486 1497 1573 
1487 1576 1498 1500 1585 1586 1498 1585 1500 
1498 1577 1585 1498 1576 1577 1586 1587 1588 
1585 1587 1586 1588 1589 1590 1587 1589 1588 
1590 1591 1592 1589 1591 1590 1592 1593 1594 
1591 1593 1592 1594 1595 1596 1593 1595 1594 
1596 1597 1598 1595 1597 1596 1579 1598 1597 
1578 1598 1579 1578 1502 1598 1578 1503 1502 
1504 1503 1578 1582 1504 1578 1489 1504 1582 
1500 1586 1506 1508 1506 1586 1588 1508 1586 
1510 1508 1588 1590 1510 1588 1512 1510 1590 
1592 1512 1590 1514 1512 1592 1594 1514 1592 
1516 1514 1594 1596 1516 1594 1518 1516 1596 
1598 1518 1596 1502 1518 1598 1522 1599 1600 
1523 1522 1600 1524 1601 1522 1522 1601 1599 
1525 1602 1524 1524 1602 1601 1526 1603 1525 
1525 1603 1602 1527 1604 1526 1526 1604 1603 
1528 1605 1606 1528 1606 1527 1527 1606 1604 
1606 1605 1607 1608 1609 1610 1608 1611 1612 
1609 1608 1612 1611 1531 1530 1611 1530 1612 
1612 1530 1613 1532 1614 1530 1530 1614 1613 
1600 1532 1523 1614 1532 1600 1528 1533 1605 
1605 1615 1607 1605 1533 1615 1533 1534 1615 
1615 1534 1535 1616 1615 1535 1537 1617 1618 
1538 1537 1618 1610 1539 1608 1610 1617 1539 
1617 1537 1539 1540 1608 1539 1611 1608 1540 
1531 1611 1540 1535 1619 1616 1541 1619 1535 
1542 1620 1621 1542 1621 1541 1541 1621 1619 
1621 1620 1622 1538 1618 1543 1618 1623 1543 
1542 1544 1620 1620 1624 1622 1620 1544 1624 
1544 1545 1624 1624 1545 1547 1625 1624 1547 
1543 1623 1626 1549 1543 1626 1626 1551 1549 
1627 1551 1626 1547 1628 1625 1552 1628 1547 
1628 1552 1554 1629 1628 1554 1551 1627 1630 
1555 1551 1630 1630 1557 1555 1631 1557 1630 
1554 1559 1629 1629 1559 1632 1633 1634 1560 
1633 1560 1631 1631 1560 1557 1633 1635 1634 
1559 1636 1632 1561 1636 1559 1636 1561 1562 
1637 1636 1562 1560 1634 1563 1634 1564 1563 
1634 1635 1564 1635 1638 1564 1639 1640 1641 
1639 1642 1643 1641 1642 1639 1642 1644 1643 
1562 1565 1637 1637 1565 1645 1646 1647 1566 
1646 1566 1638 1638 1566 1564 1646 1648 1647 
1649 1650 1651 1649 1652 1653 1651 1652 1649 
1640 1653 1652 1639 1653 1640 1639 1568 1653 
1639 1569 1568 1570 1569 1639 1643 1570 1639 
1572 1654 1655 1570 1654 1572 1570 1644 1654 
1570 1643 1644 1655 1656 1657 1654 1656 1655 
1657 1656 1645 1657 1645 1574 1574 1645 1565 
1566 1647 1575 1577 1658 1659 1575 1658 1577 
1575 1648 1658 1575 1647 1648 1659 1660 1661 
1658 1660 1659 1661 1662 1663 1660 1662 1661 
1663 1664 1665 1662 1664 1663 1665 1666 1667 
1664 1666 1665 1667 1668 1669 1666 1668 1667 
1669 1670 1671 1668 1670 1669 1650 1671 1670 
1649 1671 1650 1649 1579 1671 1649 1580 1579 
1581 1580 1649 1653 1581 1649 1568 1581 1653 
1572 1655 1583 1584 1583 1655 1657 1584 1655 
1574 1584 1657 1577 1659 1585 1587 1585 1659 
1661 1587 1659 1589 1587 1661 1663 1589 1661 
1591 1589 1663 1665 1591 1663 1593 1591 1665 
1667 1593 1665 1595 1593 1667 1669 1595 1667 
1597 1595 1669 1671 1597 1669 1579 1597 1671 
1672 1673 1674 1672 1600 1599 1672 1599 1673 
1673 1599 1675 1601 1676 1599 1599 1676 1675 
1602 1677 1601 1601 1677 1676 1603 1678 1602 
1602 1678 1677 1604 1679 1603 1603 1679 1678 
1606 1680 1604 1604 1680 1679 1680 1606 1607 
1681 1680 1607 1682 1683 1684 1682 1610 1609 
1682 1609 1683 1683 1609 1685 1612 1686 1609 
1609 1686 1685 1613 1687 1612 1612 1687 1686 
1674 1614 1672 1674 1687 1614 1687 1613 1614 
1600 1672 1614 1607 1688 1681 1615 1688 1607 
1616 1689 1690 1616 1690 1615 1615 1690 1688 
1690 1689 1691 1617 1682 1684 1617 1684 1618 
1618 1684 1692 1610 1682 1617 1616 1619 1689 
1689 1693 1691 1689 1619 1693 1619 1621 1693 
1622 1694 1695 1622 1695 1621 1621 1695 1693 
1695 1694 1696 1618 1692 1623 1692 1697 1623 
1622 1624 1694 1625 1698 1699 1624 1625 1699 
1624 1699 1696 1624 1696 1694 1699 1698 1700 
1623 1697 1701 1626 1623 1701 1701 1627 1626 
1702 1627 1701 1625 1628 1698 1629 1703 1704 
1628 1629 1704 1628 1704 1700 1628 1700 1698 
1704 1703 1705 1627 1702 1706 1630 1627 1706 
1706 1631 1630 1707 1631 1706 1703 1632 1708 
1629 1632 1703 1709 1705 1703 1708 1709 1703 
1631 1707 1710 1633 1631 1710 1710 1635 1633 
1711 1635 1710 1712 1713 1714 1712 1715 1716 
1714 1715 1712 1715 1717 1716 1632 1636 1708 
1708 1636 1637 1708 1637 1709 1709 1637 1718 
1719 1720 1638 1719 1638 1711 1711 1638 1635 
1719 1721 1720 1722 1723 1724 1713 1722 1724 
1712 1722 1713 1712 1640 1722 1712 1641 1640 
1642 1641 1712 1716 1642 1712 1644 1725 1726 
1642 1725 1644 1642 1717 1725 1642 1716 1717 
1726 1727 1728 1725 1727 1726 1728 1727 1718 
1728 1718 1645 1645 1718 1637 1638 1720 1646 
1648 1729 1730 1646 1729 1648 1646 1721 1729 
1646 1720 1721 1730 1731 1732 1729 1731 1730 
1731 1733 1732 1651 1734 1735 1650 1734 1651 
1723 1722 1652 1723 1652 1735 1735 1652 1651 
1640 1652 1722 1644 1726 1654 1656 1654 1726 
1728 1656 1726 1645 1656 1728 1648 1730 1658 
1660 1658 1730 1732 1660 1730 1732 1733 1736 
1732 1736 1660 1660 1736 1662 1664 1662 1737 
1662 1736 1737 1666 1664 1738 1664 1737 1738 
1668 1666 1739 1666 1738 1739 1670 1668 1740 
1668 1739 1740 1734 1650 1670 1740 1734 1670 
1741 1742 1743 1741 1744 1745 1742 1741 1745 
1745 1744 1746 1747 1748 1749 1747 1750 1751 
1748 1747 1751 1750 1674 1673 1750 1673 1751 
1751 1673 1752 1675 1753 1673 1673 1753 1752 
1743 1676 1741 1743 1753 1676 1753 1675 1676 
1677 1741 1676 1744 1741 1677 1744 1754 1746 
1744 1677 1754 1677 1678 1754 1679 1755 1678 
1678 1755 1754 1680 1756 1679 1679 1756 1755 
1681 1757 1758 1681 1758 1680 1680 1758 1756 
1758 1757 1759 1683 1760 1761 1684 1683 1761 
1685 1762 1683 1683 1762 1760 1749 1686 1747 
1749 1762 1686 1762 1685 1686 1687 1747 1686 
1750 1747 1687 1674 1750 1687 1681 1688 1757 
1757 1763 1759 1757 1688 1763 1688 1690 1763 
1691 1764 1765 1691 1765 1690 1690 1765 1763 
1764 1766 1767 1765 1764 1767 1767 1766 1768 
1769 1770 1771 1769 1761 1770 1769 1692 1761 
1692 1684 1761 1691 1693 1764 1695 1764 1693 
1766 1764 1695 1696 1772 1773 1695 1696 1773 
1695 1773 1768 1695 1768 1766 1773 1772 1774 
1769 1771 1775 1775 1692 1769 1775 1776 1692 
1776 1697 1692 1696 1699 1772 1700 1777 1778 
1699 1700 1778 1699 1778 1774 1699 1774 1772 
1778 1777 1779 1697 1776 1780 1701 1697 1780 
1780 1702 1701 1781 1702 1780 1700 1704 1777 
1777 1704 1705 1777 1705 1779 1779 1705 1782 
1702 1781 1783 1706 1702 1783 1707 1784 1785 
1707 1706 1784 1706 1783 1784 1784 1786 1785 
1787 1788 1789 1787 1790 1791 1789 1790 1787 
1790 1792 1791 1793 1709 1794 1793 1782 1709 
1782 1705 1709 1793 1794 1795 1707 1785 1710 
1711 1796 1797 1710 1796 1711 1710 1786 1796 
1710 1785 1786 1796 1798 1797 1799 1800 1801 
1788 1799 1801 1787 1799 1788 1787 1713 1799 
1787 1714 1713 1715 1714 1787 1791 1715 1787 
1717 1802 1803 1715 1802 1717 1715 1792 1802 
1715 1791 1792 1803 1804 1805 1802 1804 1803 
1794 1804 1806 1794 1718 1804 1794 1709 1718 
1718 1805 1804 1795 1794 1806 1711 1797 1719 
1721 1807 1808 1719 1807 1721 1719 1798 1807 
1719 1797 1798 1807 1809 1808 1724 1800 1799 
1724 1723 1800 1723 1810 1800 1713 1724 1799 
1717 1803 1725 1727 1725 1803 1805 1727 1803 
1718 1727 1805 1721 1808 1729 1808 1809 1811 
1808 1811 1729 1729 1811 1731 1733 1812 1813 
1733 1731 1812 1731 1811 1812 1813 1814 1815 
1812 1814 1813 1815 1816 1817 1814 1816 1815 
1817 1818 1819 1816 1818 1817 1819 1820 1821 
1818 1820 1819 1821 1735 1734 1821 1820 1735 
1820 1822 1735 1810 1723 1735 1822 1810 1735 
1733 1813 1736 1737 1736 1813 1815 1737 1813 
1738 1737 1815 1817 1738 1815 1739 1738 1817 
1819 1739 1817 1740 1739 1819 1821 1740 1819 
1734 1740 1821 1823 1824 1825 1823 1743 1742 
1823 1742 1824 1824 1742 1826 1745 1827 1742 
1742 1827 1826 1746 1828 1829 1746 1829 1745 
1745 1829 1827 1829 1828 1830 1831 1832 1833 
1832 1831 1834 1835 1836 1837 1835 1749 1748 
1835 1748 1836 1836 1748 1838 1751 1839 1748 
1748 1839 1838 1752 1840 1751 1751 1840 1839 
1825 1753 1823 1825 1840 1753 1840 1752 1753 
1743 1823 1753 1746 1754 1828 1828 1841 1830 
1828 1754 1841 1754 1755 1841 1756 1842 1755 
1755 1842 1841 1833 1758 1831 1833 1842 1758 
1842 1756 1758 1759 1843 1844 1758 1759 1844 
1758 1844 1834 1758 1834 1831 1844 1843 1845 
1760 1846 1847 1761 1760 1847 1837 1762 1835 
1837 1846 1762 1846 1760 1762 1749 1835 1762 
1759 1763 1843 1843 1848 1845 1843 1763 1848 
1763 1765 1848 1767 1849 1765 1765 1849 1848 
1768 1850 1851 1768 1851 1767 1767 1851 1849 
1851 1850 1852 1770 1853 1854 1771 1770 1854 
1847 1770 1761 1853 1770 1847 1768 1773 1850 
1774 1855 1856 1773 1774 1856 1773 1856 1852 
1773 1852 1850 1856 1855 1857 1771 1854 1858 
1775 1771 1858 1858 1776 1775 1859 1776 1858 
1774 1778 1855 1779 1860 1861 1778 1779 1861 
1778 1861 1857 1778 1857 1855 1861 1860 1862 
1776 1859 1863 1780 1776 1863 1863 1781 1780 
1864 1781 1863 1860 1782 1865 1779 1782 1860 
1866 1862 1860 1865 1866 1860 1781 1864 1867 
1783 1781 1867 1784 1783 1868 1783 1867 1868 
1868 1786 1784 1869 1786 1868 1789 1870 1871 
1788 1870 1789 1790 1789 1872 1789 1871 1872 
1792 1873 1874 1792 1790 1873 1790 1872 1873 
1874 1875 1876 1873 1875 1874 1877 1782 1875 
1877 1865 1782 1875 1782 1876 1793 1878 1782 
1876 1782 1878 1865 1877 1866 1793 1795 1878 
1786 1869 1879 1796 1786 1879 1798 1880 1881 
1798 1796 1880 1796 1879 1880 1880 1882 1881 
1801 1883 1884 1800 1883 1801 1870 1788 1801 
1884 1870 1801 1792 1874 1802 1804 1802 1874 
1876 1804 1874 1806 1804 1876 1878 1806 1876 
1795 1806 1878 1798 1881 1807 1809 1885 1886 
1807 1885 1809 1807 1882 1885 1807 1881 1882 
1886 1887 1888 1885 1887 1886 1888 1889 1890 
1887 1889 1888 1890 1891 1892 1889 1891 1890 
1892 1893 1894 1891 1893 1892 1894 1895 1896 
1893 1895 1894 1896 1897 1898 1895 1897 1896 
1898 1897 1883 1898 1883 1810 1810 1883 1800 
1809 1886 1811 1812 1811 1886 1888 1812 1886 
1814 1812 1888 1890 1814 1888 1816 1814 1890 
1892 1816 1890 1818 1816 1892 1894 1818 1892 
1820 1818 1894 1896 1820 1894 1822 1820 1896 
1898 1822 1896 1810 1822 1898 1899 1900 1901 
1899 1825 1824 1899 1824 1900 1900 1824 1902 
1826 1903 1824 1824 1903 1902 1827 1904 1826 
1826 1904 1903 1829 1905 1827 1827 1905 1904 
1830 1906 1907 1830 1907 1829 1829 1907 1905 
1906 1908 1909 1907 1906 1909 1908 1833 1832 
1908 1832 1909 1909 1832 1910 1910 1832 1834 
1911 1910 1834 1836 1912 1913 1837 1836 1913 
1838 1914 1836 1836 1914 1912 1839 1915 1838 
1838 1915 1914 1901 1840 1899 1901 1915 1840 
1915 1839 1840 1825 1899 1840 1830 1841 1906 
1842 1906 1841 1908 1906 1842 1833 1908 1842 
1834 1916 1911 1844 1916 1834 1845 1917 1918 
1845 1918 1844 1844 1918 1916 1917 1919 1920 
1918 1917 1920 1919 1921 1922 1920 1919 1922 
1922 1921 1923 1846 1924 1925 1847 1846 1925 
1913 1846 1837 1924 1846 1913 1845 1848 1917 
1849 1917 1848 1919 1917 1849 1851 1919 1849 
1921 1919 1851 1852 1926 1927 1851 1852 1927 
1851 1927 1923 1851 1923 1921 1927 1926 1928 
1853 1929 1930 1854 1853 1930 1925 1853 1847 
1929 1853 1925 1852 1856 1926 1857 1931 1932 
1856 1857 1932 1856 1932 1928 1856 1928 1926 
1932 1931 1933 1854 1930 1934 1858 1854 1934 
1934 1859 1858 1935 1859 1934 1857 1861 1931 
1931 1861 1862 1931 1862 1933 1933 1862 1936 
1859 1935 1937 1863 1859 1937 1864 1938 1939 
1864 1863 1938 1863 1937 1938 1938 1940 1939 
1941 1942 1943 1941 1944 1945 1943 1944 1941 
1945 1946 1947 1944 1946 1945 1946 1948 1947 
1862 1866 1936 1936 1866 1949 1864 1939 1867 
1939 1940 1950 1939 1950 1867 1867 1950 1868 
1950 1869 1868 1951 1869 1950 1871 1952 1953 
1870 1952 1871 1942 1941 1872 1942 1872 1953 
1953 1872 1871 1873 1872 1941 1945 1873 1941 
1875 1873 1945 1947 1875 1945 1947 1948 1954 
1947 1954 1875 1875 1954 1877 1949 1866 1877 
1954 1949 1877 1869 1951 1955 1879 1869 1955 
1880 1879 1956 1879 1955 1956 1882 1957 1958 
1882 1880 1957 1880 1956 1957 1958 1959 1960 
1957 1959 1958 1960 1961 1962 1959 1961 1960 
1961 1963 1962 1964 1965 1966 1964 1884 1883 
1964 1966 1884 1966 1967 1884 1952 1870 1884 
1967 1952 1884 1882 1958 1885 1887 1885 1958 
1960 1887 1958 1889 1887 1960 1962 1889 1960 
1962 1963 1968 1962 1968 1889 1889 1968 1891 
1893 1891 1969 1891 1968 1969 1895 1893 1970 
1893 1969 1970 1965 1964 1897 1965 1897 1970 
1970 1897 1895 1883 1897 1964 1971 1972 1973 
1971 1974 1975 1972 1971 1975 1974 1901 1900 
1974 1900 1975 1975 1900 1976 1902 1977 1900 
1900 1977 1976 1903 1978 1902 1902 1978 1977 
1904 1979 1903 1903 1979 1978 1980 1981 1979 
1980 1979 1905 1905 1979 1904 1982 1980 1905 
1982 1905 1983 1983 1905 1907 1909 1984 1907 
1907 1984 1983 1910 1985 1909 1909 1985 1984 
1911 1986 1987 1911 1987 1910 1910 1987 1985 
1987 1986 1988 1989 1990 1991 1989 1913 1912 
1989 1912 1990 1990 1912 1992 1973 1914 1971 
1973 1992 1914 1992 1912 1914 1915 1971 1914 
1974 1971 1915 1901 1974 1915 1980 1993 1981 
1982 1993 1980 1911 1916 1986 1986 1994 1988 
1986 1916 1994 1916 1918 1994 1920 1995 1918 
1918 1995 1994 1922 1996 1920 1920 1996 1995 
1923 1997 1998 1923 1998 1922 1922 1998 1996 
1998 1997 1999 2000 2001 2002 1991 2001 2000 
1989 1991 2000 1989 2000 1925 1989 1925 1924 
1913 1989 1924 1923 1927 1997 1928 2003 2004 
1927 1928 2004 1927 2004 1999 1927 1999 1997 
2004 2003 2005 1929 2000 2002 1929 2002 1930 
1930 2002 2006 1925 2000 1929 1928 1932 2003 
1933 2007 2008 1932 1933 2008 1932 2008 2005 
1932 2005 2003 2008 2007 2009 1930 2006 2010 
1934 1930 2010 1935 2011 2012 1935 1934 2011 
1934 2010 2011 2011 2013 2012 2014 2015 2016 
2014 2017 2018 2016 2017 2014 2018 2019 2020 
2017 2019 2018 2019 2021 2020 2007 1936 2022 
1933 1936 2007 2023 2009 2007 2022 2023 2007 
1935 2012 1937 2012 2013 2024 2012 2024 1937 
1937 2024 1938 2024 1940 1938 2025 1940 2024 
2026 2027 2028 2015 2026 2028 2014 2026 2015 
2014 1942 2026 2014 1943 1942 1944 1943 2014 
2018 1944 2014 1946 1944 2018 2020 1946 2018 
1948 2029 2030 1946 2029 1948 1946 2021 2029 
1946 2020 2021 2022 2029 2031 2022 1949 2029 
2022 1936 1949 1949 2030 2029 2023 2022 2031 
1940 2025 2032 1950 1940 2032 1951 2033 2034 
1951 1950 2033 1950 2032 2033 2034 2035 2036 
2033 2035 2034 2036 2037 2038 2035 2037 2036 
2037 2039 2038 2040 2041 2042 2027 2040 2042 
2026 2040 2027 2026 1952 2040 2026 1953 1952 
1942 1953 2026 1948 2030 1954 1949 1954 2030 
1951 2034 1955 1956 1955 2034 2036 1956 2034 
1957 1956 2036 2038 1957 2036 2038 2039 2043 
2038 2043 1957 1957 2043 1959 1961 1959 2044 
1959 2043 2044 1963 2045 2046 1963 1961 2045 
1961 2044 2045 2046 2047 2048 2045 2047 2046 
2048 2049 2050 2047 2049 2048 2050 1966 1965 
2050 2049 1966 2049 2051 1966 2041 2040 1967 
2041 1967 2051 2051 1967 1966 1952 1967 2040 
1963 2046 1968 1969 1968 2046 2048 1969 2046 
1970 1969 2048 2050 1970 2048 1965 1970 2050 
2052 2053 2054 2053 2052 2055 1972 2056 2057 
1973 1972 2057 1975 2058 1972 1972 2058 2056 
1976 2059 1975 1975 2059 2058 1977 2060 1976 
1976 2060 2059 1978 2061 1977 1977 2061 2060 
1979 2062 1978 1978 2062 2061 2062 1979 1981 
2063 2062 1981 1983 2064 2065 1982 1983 2065 
1984 2066 1983 1983 2066 2064 1985 2067 1984 
1984 2067 2066 2054 1987 2052 2054 2067 1987 
2067 1985 1987 1988 2068 2069 1987 1988 2069 
1987 2069 2055 1987 2055 2052 2068 2070 2071 
2069 2068 2071 2070 2072 2073 2071 2070 2073 
2073 2072 2074 1990 2075 2076 1991 1990 2076 
1992 2077 1990 1990 2077 2075 2057 1992 1973 
2077 1992 2057 1981 2078 2063 1993 2078 1981 
2065 1993 1982 2078 1993 2065 1988 1994 2068 
1995 2068 1994 2070 2068 1995 1996 2070 1995 
2072 2070 1996 2072 2079 2074 2072 1996 2079 
1996 1998 2079 1999 2080 2081 1999 2081 1998 
1998 2081 2079 2080 2082 2083 2081 2080 2083 
2083 2082 2084 2001 2085 2086 2002 2001 2086 
2076 2001 1991 2085 2001 2076 1999 2004 2080 
2005 2080 2004 2005 2087 2080 2087 2082 2080 
2088 2084 2082 2088 2082 2089 2089 2082 2087 
2088 2089 2090 2091 2092 2006 2091 2006 2086 
2086 2006 2002 2091 2093 2092 2094 2095 2096 
2094 2097 2098 2096 2097 2094 2097 2099 2098 
2005 2008 2087 2009 2087 2008 2009 2100 2087 
2100 2089 2087 2101 2090 2089 2100 2101 2089 
2006 2092 2010 2092 2093 2102 2092 2102 2010 
2010 2102 2011 2102 2013 2011 2103 2013 2102 
2104 2105 2106 2104 2016 2015 2104 2106 2016 
2106 2107 2016 2095 2094 2017 2095 2017 2107 
2107 2017 2016 2019 2017 2094 2098 2019 2094 
2021 2108 2109 2019 2108 2021 2019 2099 2108 
2019 2098 2099 2109 2110 2111 2108 2110 2109 
2100 2110 2112 2100 2023 2110 2100 2009 2023 
2023 2111 2110 2101 2100 2112 2013 2103 2113 
2024 2013 2113 2025 2114 2115 2025 2024 2114 
2024 2113 2114 2114 2116 2115 2117 2118 2119 
2105 2117 2119 2104 2117 2105 2104 2027 2117 
2104 2028 2027 2015 2028 2104 2021 2109 2029 
2031 2029 2109 2111 2031 2109 2023 2031 2111 
2025 2115 2032 2115 2116 2120 2115 2120 2032 
2032 2120 2033 2035 2033 2121 2033 2120 2121 
2037 2035 2122 2035 2121 2122 2039 2123 2124 
2039 2037 2123 2037 2122 2123 2123 2125 2124 
2126 2127 2128 2118 2126 2128 2117 2126 2118 
2117 2041 2126 2117 2042 2041 2027 2042 2117 
2039 2124 2043 2124 2125 2129 2124 2129 2043 
2043 2129 2044 2045 2044 2130 2044 2129 2130 
2047 2045 2131 2045 2130 2131 2049 2047 2132 
2047 2131 2132 2127 2126 2051 2127 2051 2132 
2132 2051 2049 2041 2051 2126 2053 2133 2134 
2054 2053 2134 2055 2135 2136 2055 2136 2053 
2053 2136 2133 2135 2137 2138 2136 2135 2138 
2138 2137 2139 2056 2140 2057 2056 2058 2141 
2140 2056 2141 2142 2141 2058 2142 2058 2143 
2143 2058 2059 2060 2144 2059 2059 2144 2143 
2061 2145 2060 2060 2145 2144 2146 2147 2145 
2146 2145 2062 2062 2145 2061 2062 2063 2146 
2064 2148 2149 2065 2064 2149 2066 2150 2064 
2064 2150 2148 2067 2151 2066 2066 2151 2150 
2134 2067 2054 2151 2067 2134 2055 2069 2135 
2071 2135 2069 2137 2135 2071 2137 2152 2139 
2137 2071 2152 2071 2073 2152 2074 2153 2154 
2074 2154 2073 2073 2154 2152 2153 2155 2156 
2154 2153 2156 2155 2157 2158 2156 2155 2158 
2157 2159 2160 2158 2157 2160 2160 2159 2161 
2075 2162 2163 2076 2075 2163 2164 2165 2162 
2164 2162 2077 2077 2162 2075 2077 2166 2164 
2057 2166 2077 2057 2167 2166 2057 2140 2167 
2141 2167 2140 2168 2167 2141 2142 2168 2141 
2146 2169 2147 2063 2169 2146 2063 2078 2169 
2078 2170 2169 2149 2078 2065 2170 2078 2149 
2074 2079 2153 2081 2153 2079 2155 2153 2081 
2083 2155 2081 2157 2155 2083 2084 2157 2083 
2084 2171 2157 2171 2159 2157 2172 2161 2159 
2172 2159 2173 2173 2159 2171 2172 2173 2174 
2085 2175 2086 2085 2176 2175 2085 2076 2176 
2076 2163 2176 2164 2177 2165 2166 2177 2164 
2084 2088 2171 2090 2171 2088 2090 2178 2171 
2178 2173 2171 2179 2174 2173 2178 2179 2173 
2086 2175 2091 2175 2093 2091 2175 2176 2093 
2176 2180 2093 2096 2181 2182 2095 2181 2096 
2097 2096 2183 2096 2182 2183 2099 2184 2185 
2099 2097 2184 2097 2183 2184 2185 2186 2187 
2184 2186 2185 2186 2188 2187 2178 2101 2189 
2090 2101 2178 2190 2179 2178 2189 2190 2178 
2093 2180 2191 2102 2093 2191 2191 2103 2102 
2192 2103 2191 2106 2193 2194 2105 2193 2106 
2107 2106 2195 2106 2194 2195 2181 2095 2107 
2195 2181 2107 2099 2185 2108 2110 2108 2185 
2187 2110 2185 2187 2188 2196 2187 2196 2110 
2110 2196 2112 2189 2101 2112 2189 2112 2197 
2197 2112 2196 2190 2189 2197 2103 2192 2198 
2113 2103 2198 2114 2113 2199 2113 2198 2199 
2116 2200 2201 2116 2114 2200 2114 2199 2200 
2201 2202 2203 2200 2202 2201 2203 2204 2205 
2202 2204 2203 2204 2206 2205 2207 2208 2209 
2207 2119 2118 2207 2209 2119 2209 2210 2119 
2193 2105 2119 2210 2193 2119 2116 2201 2120 
2121 2120 2201 2203 2121 2201 2122 2121 2203 
2205 2122 2203 2205 2206 2211 2205 2211 2122 
2122 2211 2123 2125 2212 2213 2125 2123 2212 
2123 2211 2212 2213 2214 2215 2212 2214 2213 
2215 2216 2217 2214 2216 2215 2217 2218 2219 
2216 2218 2217 2208 2219 2218 2207 2219 2208 
2207 2127 2219 2207 2128 2127 2118 2128 2207 
2125 2213 2129 2130 2129 2213 2215 2130 2213 
2131 2130 2215 2217 2131 2215 2132 2131 2217 
2219 2132 2217 2127 2132 2219 2220 2221 2222 
2221 2220 2223 2224 2225 2226 2225 2224 2227 
2228 2229 2230 2228 2231 2232 2229 2228 2232 
2231 2134 2133 2231 2133 2232 2232 2133 2233 
2136 2234 2133 2133 2234 2233 2222 2138 2220 
2222 2234 2138 2234 2136 2138 2139 2235 2236 
2138 2139 2236 2138 2236 2223 2138 2223 2220 
2235 2237 2238 2236 2235 2238 2237 2239 2240 
2238 2237 2240 2240 2239 2241 2242 2243 2244 
2226 2243 2242 2224 2226 2242 2224 2242 2142 
2224 2142 2143 2224 2245 2227 2224 2143 2245 
2143 2144 2245 2145 2246 2144 2144 2246 2245 
2246 2145 2147 2247 2246 2147 2148 2248 2249 
2149 2148 2249 2230 2150 2228 2230 2248 2150 
2248 2148 2150 2151 2228 2150 2231 2228 2151 
2134 2231 2151 2139 2152 2235 2154 2235 2152 
2237 2235 2154 2156 2237 2154 2239 2237 2156 
2239 2250 2241 2239 2156 2250 2156 2158 2250 
2160 2251 2158 2158 2251 2250 2161 2252 2253 
2161 2253 2160 2160 2253 2251 2253 2252 2254 
2162 2255 2163 2162 2165 2255 2167 2256 2257 
2166 2167 2257 2244 2168 2242 2244 2256 2168 
2256 2167 2168 2142 2242 2168 2147 2258 2247 
2169 2258 2147 2170 2259 2169 2169 2259 2258 
2249 2170 2149 2259 2170 2249 2161 2172 2252 
2252 2172 2174 2252 2174 2254 2254 2174 2260 
2255 2261 2176 2163 2255 2176 2165 2261 2255 
2165 2262 2261 2165 2177 2262 2262 2263 2261 
2257 2177 2166 2262 2177 2257 2264 2265 2266 
2264 2267 2268 2266 2267 2264 2267 2269 2268 
2270 2179 2271 2270 2260 2179 2260 2174 2179 
2270 2271 2272 2261 2273 2180 2176 2261 2180 
2274 2261 2263 2273 2261 2274 2275 2276 2277 
2275 2182 2181 2275 2277 2182 2277 2278 2182 
2265 2264 2183 2265 2183 2278 2278 2183 2182 
2184 2183 2264 2268 2184 2264 2268 2269 2279 
2268 2279 2184 2184 2279 2186 2188 2280 2281 
2188 2186 2280 2186 2279 2280 2281 2282 2283 
2280 2282 2281 2271 2282 2284 2271 2190 2282 
2271 2179 2190 2190 2283 2282 2272 2271 2284 
2180 2273 2191 2192 2285 2286 2191 2285 2192 
2191 2274 2285 2191 2273 2274 2286 2287 2288 
2285 2287 2286 2288 2289 2290 2287 2289 2288 
2289 2291 2290 2194 2292 2293 2193 2292 2194 
2276 2275 2195 2276 2195 2293 2293 2195 2194 
2181 2195 2275 2188 2281 2196 2197 2196 2281 
2283 2197 2281 2190 2197 2283 2192 2286 2198 
2199 2198 2286 2288 2199 2286 2200 2199 2288 
2290 2200 2288 2290 2291 2294 2290 2294 2200 
2200 2294 2202 2204 2202 2295 2202 2294 2295 
2206 2296 2297 2206 2204 2296 2204 2295 2296 
2297 2298 2299 2296 2298 2297 2299 2300 2301 
2298 2300 2299 2301 2302 2303 2300 2302 2301 
2303 2304 2305 2302 2304 2303 2305 2209 2208 
2305 2304 2209 2304 2306 2209 2210 2209 2307 
2209 2306 2307 2292 2193 2210 2307 2292 2210 
2206 2297 2211 2212 2211 2297 2299 2212 2297 
2214 2212 2299 2301 2214 2299 2216 2214 2301 
2303 2216 2301 2218 2216 2303 2305 2218 2303 
2208 2218 2305 2308 2309 2310 2308 2222 2221 
2308 2221 2309 2309 2221 2311 2223 2312 2313 
2223 2313 2221 2221 2313 2311 2312 2314 2315 
2313 2312 2315 2314 2316 2317 2315 2314 2317 
2317 2316 2318 2225 2319 2226 2227 2319 2225 
2320 2321 2322 2321 2320 2323 2229 2324 2325 
2230 2229 2325 2232 2326 2229 2229 2326 2324 
2233 2327 2232 2232 2327 2326 2310 2234 2308 
2310 2327 2234 2327 2233 2234 2222 2308 2234 
2223 2236 2312 2238 2312 2236 2314 2312 2238 
2240 2314 2238 2316 2314 2240 2241 2328 2329 
2240 2241 2329 2240 2329 2318 2240 2318 2316 
2328 2330 2331 2329 2328 2331 2330 2332 2333 
2331 2330 2333 2333 2332 2334 2243 2335 2244 
2243 2336 2335 2226 2336 2243 2226 2337 2336 
2226 2319 2337 2322 2245 2320 2322 2337 2245 
2227 2245 2319 2319 2245 2337 2320 2338 2323 
2320 2245 2338 2245 2246 2338 2247 2339 2340 
2247 2340 2246 2246 2340 2338 2339 2341 2342 
2340 2339 2342 2341 2249 2248 2341 2248 2342 
2342 2248 2343 2325 2248 2230 2343 2248 2325 
2241 2250 2328 2251 2328 2250 2330 2328 2251 
2253 2330 2251 2332 2330 2253 2254 2344 2345 
2253 2254 2345 2253 2345 2334 2253 2334 2332 
2345 2344 2346 2256 2347 2348 2257 2256 2348 
2335 2256 2244 2335 2349 2256 2349 2347 2256 
2336 2349 2335 2247 2258 2339 2259 2339 2258 
2341 2339 2259 2249 2341 2259 2344 2260 2350 
2254 2260 2344 2351 2346 2344 2350 2351 2344 
2262 2352 2263 2262 2353 2352 2262 2257 2353 
2257 2348 2353 2354 2355 2356 2354 2266 2265 
2354 2356 2266 2356 2357 2266 2267 2266 2358 
2266 2357 2358 2269 2359 2360 2269 2267 2359 
2267 2358 2359 2360 2361 2362 2359 2361 2360 
2362 2363 2364 2361 2363 2362 2365 2260 2363 
2365 2350 2260 2363 2260 2364 2270 2366 2260 
2364 2260 2366 2350 2365 2351 2270 2272 2366 
2352 2367 2368 2352 2368 2263 2263 2368 2274 
2353 2367 2352 2277 2369 2370 2276 2369 2277 
2355 2354 2278 2355 2278 2370 2370 2278 2277 
2265 2278 2354 2269 2360 2279 2280 2279 2360 
2362 2280 2360 2282 2280 2362 2364 2282 2362 
2284 2282 2364 2366 2284 2364 2272 2284 2366 
2274 2368 2371 2285 2274 2371 2287 2285 2372 
2285 2371 2372 2289 2287 2373 2287 2372 2373 
2291 2374 2375 2291 2289 2374 2289 2373 2374 
2375 2376 2377 2374 2376 2375 2376 2378 2377 
2379 2380 2381 2379 2293 2292 2379 2381 2293 
2381 2382 2293 2369 2276 2293 2382 2369 2293 
2291 2375 2294 2295 2294 2375 2377 2295 2375 
2377 2378 2383 2377 2383 2295 2295 2383 2296 
2298 2296 2384 2296 2383 2384 2300 2298 2385 
2298 2384 2385 2302 2300 2386 2300 2385 2386 
2304 2302 2387 2302 2386 2387 2306 2304 2388 
2304 2387 2388 2380 2379 2307 2380 2307 2388 
2388 2307 2306 2292 2307 2379 2389 2390 2391 
2389 2392 2393 2390 2389 2393 2392 2394 2395 
2393 2392 2395 2394 2396 2397 2395 2394 2397 
2397 2396 2398 2399 2400 2401 2399 2402 2403 
2400 2399 2403 2402 2310 2309 2402 2309 2403 
2403 2309 2404 2311 2405 2309 2309 2405 2404 
2391 2313 2389 2391 2405 2313 2405 2311 2313 
2315 2389 2313 2392 2389 2315 2317 2392 2315 
2394 2392 2317 2318 2394 2317 2318 2406 2394 
2406 2396 2394 2407 2398 2396 2407 2396 2408 
2408 2396 2406 2408 2409 2410 2407 2408 2410 
2410 2409 2411 2321 2412 2413 2322 2321 2413 
2323 2414 2415 2323 2415 2321 2321 2415 2412 
2415 2414 2416 2324 2417 2418 2325 2324 2418 
2401 2326 2399 2401 2417 2326 2417 2324 2326 
2327 2399 2326 2402 2399 2327 2310 2402 2327 
2318 2329 2406 2331 2406 2329 2408 2406 2331 
2333 2408 2331 2409 2408 2333 2334 2419 2420 
2333 2334 2420 2333 2420 2411 2333 2411 2409 
2420 2419 2421 2422 2423 2424 2422 2336 2337 
2422 2337 2423 2423 2337 2425 2413 2337 2322 
2425 2337 2413 2323 2338 2414 2414 2426 2416 
2414 2338 2426 2338 2340 2426 2342 2427 2340 
2340 2427 2426 2343 2428 2342 2342 2428 2427 
2418 2343 2325 2428 2343 2418 2334 2345 2419 
2346 2429 2430 2345 2346 2430 2345 2430 2421 
2345 2421 2419 2430 2429 2431 2347 2432 2433 
2348 2347 2433 2424 2349 2422 2424 2432 2349 
2432 2347 2349 2336 2422 2349 2434 2435 2436 
2434 2437 2438 2436 2437 2434 2438 2439 2440 
2437 2439 2438 2440 2441 2442 2439 2441 2440 
2442 2443 2444 2441 2443 2442 2443 2445 2444 
2429 2446 2447 2429 2346 2446 2346 2351 2446 
2431 2429 2447 2348 2433 2353 2433 2448 2353 
2356 2449 2450 2355 2449 2356 2435 2434 2357 
2435 2357 2450 2450 2357 2356 2358 2357 2434 
2438 2358 2434 2359 2358 2438 2440 2359 2438 
2361 2359 2440 2442 2361 2440 2363 2361 2442 
2444 2363 2442 2444 2445 2451 2444 2451 2363 
2363 2451 2365 2446 2351 2365 2451 2446 2365 
2367 2452 2368 2453 2353 2448 2453 2452 2353 
2453 2454 2452 2452 2367 2353 2453 2455 2454 
2370 2456 2457 2369 2456 2370 2449 2355 2370 
2457 2449 2370 2368 2452 2371 2372 2371 2452 
2454 2372 2452 2454 2455 2458 2454 2458 2372 
2372 2458 2373 2374 2373 2459 2373 2458 2459 
2376 2374 2460 2374 2459 2460 2378 2461 2462 
2378 2376 2461 2376 2460 2461 2462 2463 2464 
2461 2463 2462 2464 2465 2466 2463 2465 2464 
2466 2467 2468 2465 2467 2466 2468 2469 2470 
2467 2469 2468 2470 2471 2472 2469 2471 2470 
2472 2381 2380 2472 2471 2381 2471 2473 2381 
2382 2381 2474 2381 2473 2474 2456 2369 2382 
2474 2456 2382 2378 2462 2383 2384 2383 2462 
2464 2384 2462 2385 2384 2464 2466 2385 2464 
2386 2385 2466 2468 2386 2466 2387 2386 2468 
2470 2387 2468 2388 2387 2470 2472 2388 2470 
2380 2388 2472 2475 2476 2477 2475 2391 2390 
2475 2390 2476 2476 2390 2478 2393 2479 2390 
2390 2479 2478 2395 2480 2393 2393 2480 2479 
2397 2481 2395 2395 2481 2480 2398 2482 2483 
2398 2483 2397 2397 2483 2481 2482 2484 2485 
2483 2482 2485 2485 2484 2486 2487 2488 2489 
2488 2487 2490 2491 2492 2493 2491 2401 2400 
2491 2400 2492 2492 2400 2494 2403 2495 2400 
2400 2495 2494 2404 2496 2403 2403 2496 2495 
2477 2405 2475 2477 2496 2405 2496 2404 2405 
2391 2475 2405 2398 2407 2482 2410 2482 2407 
2484 2482 2410 2411 2497 2498 2410 2411 2498 
2410 2498 2486 2410 2486 2484 2497 2499 2500 
2498 2497 2500 2500 2499 2501 2412 2502 2503 
2413 2412 2503 2489 2415 2487 2489 2502 2415 
2502 2412 2415 2416 2504 2505 2415 2416 2505 
2415 2505 2490 2415 2490 2487 2504 2506 2507 
2505 2504 2507 2506 2508 2509 2507 2506 2509 
2493 2509 2508 2491 2493 2508 2491 2508 2418 
2491 2418 2417 2401 2491 2417 2411 2420 2497 
2421 2497 2420 2421 2510 2497 2510 2499 2497 
2511 2501 2499 2510 2511 2499 2423 2512 2513 
2424 2423 2513 2425 2514 2423 2423 2514 2512 
2503 2425 2413 2514 2425 2503 2416 2426 2504 
2427 2504 2426 2506 2504 2427 2428 2506 2427 
2508 2506 2428 2418 2508 2428 2421 2430 2510 
2510 2430 2431 2510 2431 2511 2511 2431 2515 
2432 2516 2433 2432 2517 2516 2432 2424 2517 
2424 2513 2517 2436 2518 2519 2435 2518 2436 
2437 2436 2520 2436 2519 2520 2439 2437 2521 
2437 2520 2521 2441 2439 2522 2439 2521 2522 
2443 2441 2523 2441 2522 2523 2445 2524 2525 
2445 2443 2524 2443 2523 2524 2525 2447 2446 
2525 2524 2447 2524 2526 2447 2515 2431 2447 
2526 2515 2447 2516 2527 2528 2516 2528 2433 
2433 2528 2448 2517 2527 2516 2450 2529 2530 
2449 2529 2450 2518 2435 2450 2530 2518 2450 
2445 2525 2451 2446 2451 2525 2448 2528 2531 
2453 2448 2531 2455 2532 2533 2455 2453 2532 
2453 2531 2532 2533 2534 2535 2532 2534 2533 
2535 2536 2537 2534 2536 2535 2537 2538 2539 
2536 2538 2537 2538 2540 2539 2541 2542 2543 
2541 2544 2545 2543 2544 2541 2545 2457 2456 
2545 2544 2457 2544 2546 2457 2529 2449 2457 
2546 2529 2457 2455 2533 2458 2459 2458 2533 
2535 2459 2533 2460 2459 2535 2537 2460 2535 
2461 2460 2537 2539 2461 2537 2539 2540 2547 
2539 2547 2461 2461 2547 2463 2465 2463 2548 
2463 2547 2548 2467 2465 2549 2465 2548 2549 
2469 2467 2550 2467 2549 2550 2471 2469 2551 
2469 2550 2551 2542 2541 2473 2542 2473 2551 
2551 2473 2471 2474 2473 2541 2545 2474 2541 
2456 2474 2545 2552 2553 2554 2552 2555 2556 
2553 2552 2556 2555 2557 2558 2556 2555 2558 
2558 2557 2559 2560 2561 2562 2561 2560 2563 
2564 2565 2566 2564 2567 2568 2565 2564 2568 
2567 2569 2570 2568 2567 2570 2569 2477 2476 
2569 2476 2570 2570 2476 2571 2478 2572 2476 
2476 2572 2571 2479 2573 2478 2478 2573 2572 
2480 2574 2479 2479 2574 2573 2554 2481 2552 
2554 2574 2481 2574 2480 2481 2483 2552 2481 
2555 2552 2483 2485 2555 2483 2557 2555 2485 
2486 2575 2576 2485 2486 2576 2485 2576 2559 
2485 2559 2557 2575 2577 2578 2576 2575 2578 
2578 2577 2579 2488 2560 2562 2488 2562 2489 
2489 2562 2580 2490 2581 2582 2488 2490 2582 
2488 2582 2563 2488 2563 2560 2581 2583 2584 
2582 2581 2584 2583 2585 2586 2584 2583 2586 
2585 2493 2492 2585 2492 2586 2586 2492 2587 
2566 2494 2564 2566 2587 2494 2587 2492 2494 
2495 2564 2494 2567 2564 2495 2496 2567 2495 
2569 2567 2496 2477 2569 2496 2486 2498 2575 
2500 2575 2498 2577 2575 2500 2501 2588 2589 
2500 2501 2589 2500 2589 2579 2500 2579 2577 
2589 2588 2590 2502 2591 2592 2503 2502 2592 
2580 2502 2489 2591 2502 2580 2490 2505 2581 
2507 2581 2505 2583 2581 2507 2509 2583 2507 
2585 2583 2509 2493 2585 2509 2588 2511 2593 
2501 2511 2588 2594 2590 2588 2593 2594 2588 
2512 2595 2513 2596 2595 2512 2596 2512 2597 
2597 2512 2514 2592 2514 2503 2597 2514 2592 
2598 2599 2600 2598 2601 2602 2600 2601 2598 
2602 2603 2604 2601 2603 2602 2604 2605 2606 
2603 2605 2604 2606 2607 2608 2605 2607 2606 
2607 2609 2608 2593 2610 2611 2593 2511 2610 
2511 2515 2610 2594 2593 2611 2595 2612 2613 
2595 2613 2513 2513 2613 2517 2596 2612 2595 
2614 2615 2616 2614 2519 2518 2614 2616 2519 
2616 2617 2519 2599 2598 2520 2599 2520 2617 
2617 2520 2519 2521 2520 2598 2602 2521 2598 
2522 2521 2602 2604 2522 2602 2523 2522 2604 
2606 2523 2604 2524 2523 2606 2608 2524 2606 
2608 2609 2618 2608 2618 2524 2524 2618 2526 
2610 2515 2526 2618 2610 2526 2527 2619 2620 
2528 2527 2620 2613 2527 2517 2619 2527 2613 
2621 2622 2623 2615 2621 2623 2614 2621 2615 
2614 2529 2621 2614 2530 2529 2518 2530 2614 
2528 2620 2624 2531 2528 2624 2532 2531 2625 
2531 2624 2625 2534 2532 2626 2532 2625 2626 
2536 2534 2627 2534 2626 2627 2538 2536 2628 
2536 2627 2628 2540 2629 2630 2540 2538 2629 
2538 2628 2629 2630 2631 2632 2629 2631 2630 
2632 2633 2634 2631 2633 2632 2634 2635 2636 
2633 2635 2634 2636 2637 2638 2635 2637 2636 
2638 2543 2542 2638 2637 2543 2637 2639 2543 
2544 2543 2640 2543 2639 2640 2622 2621 2546 
2622 2546 2640 2640 2546 2544 2529 2546 2621 
2540 2630 2547 2548 2547 2630 2632 2548 2630 
2549 2548 2632 2634 2549 2632 2550 2549 2634 
2636 2550 2634 2551 2550 2636 2638 2551 2636 
2542 2551 2638 2641 2642 2643 2641 2644 2645 
2642 2641 2645 2644 2646 2647 2645 2644 2647 
2646 2648 2649 2647 2646 2649 2649 2648 2650 
2651 2652 2653 2651 2654 2655 2652 2651 2655 
2654 2656 2657 2655 2654 2657 2656 2658 2659 
2657 2656 2659 2643 2659 2658 2641 2643 2658 
2641 2658 2554 2641 2554 2553 2556 2641 2553 
2644 2641 2556 2558 2644 2556 2646 2644 2558 
2559 2646 2558 2559 2660 2646 2660 2648 2646 
2661 2650 2648 2661 2648 2662 2662 2648 2660 
2661 2662 2663 2561 2664 2665 2562 2561 2665 
2563 2666 2667 2563 2667 2561 2561 2667 2664 
2666 2668 2669 2667 2666 2669 2668 2670 2671 
2669 2668 2671 2670 2672 2673 2671 2670 2673 
2672 2566 2565 2672 2565 2673 2673 2565 2674 
2568 2675 2565 2565 2675 2674 2570 2676 2568 
2568 2676 2675 2653 2571 2651 2653 2676 2571 
2676 2570 2571 2572 2651 2571 2654 2651 2572 
2573 2654 2572 2656 2654 2573 2574 2656 2573 
2658 2656 2574 2554 2658 2574 2559 2576 2660 
2578 2660 2576 2662 2660 2578 2579 2677 2678 
2578 2579 2678 2578 2678 2663 2578 2663 2662 
2677 2679 2680 2678 2677 2680 2680 2679 2681 
2682 2683 2684 2682 2665 2683 2682 2580 2665 
2580 2562 2665 2563 2582 2666 2584 2666 2582 
2668 2666 2584 2586 2668 2584 2670 2668 2586 
2587 2670 2586 2672 2670 2587 2566 2672 2587 
2579 2589 2677 2590 2677 2589 2590 2685 2677 
2685 2679 2677 2686 2681 2679 2685 2686 2679 
2687 2688 2689 2684 2688 2687 2682 2684 2687 
2682 2687 2592 2682 2592 2591 2580 2682 2591 
2690 2691 2692 2690 2693 2694 2692 2693 2690 
2694 2695 2696 2693 2695 2694 2695 2697 2696 
2685 2698 2699 2685 2590 2698 2590 2594 2698 
2686 2685 2699 2700 2701 2702 2689 2701 2700 
2687 2689 2700 2687 2700 2596 2687 2596 2597 
2592 2687 2597 2703 2704 2705 2703 2600 2599 
2703 2705 2600 2705 2706 2600 2691 2690 2601 
2691 2601 2706 2706 2601 2600 2603 2601 2690 
2694 2603 2690 2605 2603 2694 2696 2605 2694 
2696 2697 2707 2696 2707 2605 2605 2707 2607 
2609 2708 2709 2609 2607 2708 2607 2707 2708 
2709 2611 2610 2709 2708 2611 2708 2710 2611 
2698 2594 2611 2710 2698 2611 2711 2712 2713 
2702 2712 2711 2700 2702 2711 2700 2711 2613 
2700 2613 2612 2596 2700 2612 2616 2714 2715 
2615 2714 2616 2704 2703 2617 2704 2617 2715 
2715 2617 2616 2599 2617 2703 2609 2709 2618 
2610 2618 2709 2619 2716 2620 2711 2713 2717 
2716 2613 2718 2716 2619 2613 2718 2613 2719 
2711 2717 2613 2719 2613 2717 2718 2720 2721 
2719 2720 2718 2721 2722 2723 2720 2722 2721 
2723 2724 2725 2722 2724 2723 2725 2726 2727 
2724 2726 2725 2726 2728 2727 2623 2729 2730 
2622 2729 2623 2714 2615 2623 2730 2714 2623 
2620 2716 2624 2625 2624 2716 2718 2625 2716 
2626 2625 2718 2721 2626 2718 2627 2626 2721 
2723 2627 2721 2628 2627 2723 2725 2628 2723 
2629 2628 2725 2727 2629 2725 2727 2728 2731 
2727 2731 2629 2629 2731 2631 2633 2631 2732 
2631 2731 2732 2635 2633 2733 2633 2732 2733 
2637 2635 2734 2635 2733 2734 2639 2637 2735 
2637 2734 2735 2640 2639 2736 2639 2735 2736 
2729 2622 2640 2736 2729 2640 2737 2738 2739 
2737 2740 2741 2738 2737 2741 2741 2740 2742 
2743 2744 2745 2743 2746 2747 2744 2743 2747 
2746 2748 2749 2747 2746 2749 2748 2750 2751 
2749 2748 2751 2750 2752 2753 2751 2750 2753 
2739 2753 2752 2739 2752 2737 2737 2752 2754 
2740 2737 2755 2755 2737 2754 2756 2742 2740 
2755 2756 2740 2757 2758 2759 2757 2760 2761 
2758 2757 2761 2760 2762 2763 2761 2760 2763 
2762 2764 2765 2763 2762 2765 2745 2765 2764 
2743 2745 2764 2743 2764 2643 2743 2643 2642 
2645 2743 2642 2746 2743 2645 2647 2746 2645 
2748 2746 2647 2649 2748 2647 2750 2748 2649 
2650 2750 2649 2650 2766 2750 2766 2752 2750 
2754 2752 2767 2767 2752 2766 2755 2754 2768 
2768 2754 2767 2769 2756 2755 2769 2755 2770 
2770 2755 2768 2769 2770 2771 2772 2773 2774 
2772 2775 2776 2773 2772 2776 2776 2775 2777 
2778 2779 2780 2778 2781 2782 2779 2778 2782 
2781 2783 2784 2782 2781 2784 2759 2784 2783 
2757 2759 2783 2757 2783 2653 2757 2653 2652 
2655 2757 2652 2760 2757 2655 2657 2760 2655 
2762 2760 2657 2659 2762 2657 2764 2762 2659 
2643 2764 2659 2650 2661 2766 2663 2766 2661 
2663 2785 2766 2785 2767 2766 2768 2767 2786 
2786 2767 2785 2770 2768 2787 2787 2768 2786 
2788 2771 2770 2787 2788 2770 2664 2789 2790 
2665 2664 2790 2774 2667 2772 2774 2789 2667 
2789 2664 2667 2669 2772 2667 2775 2772 2669 
2775 2791 2777 2775 2669 2791 2669 2671 2791 
2673 2792 2671 2671 2792 2791 2780 2674 2778 
2780 2792 2674 2792 2673 2674 2675 2778 2674 
2781 2778 2675 2676 2781 2675 2783 2781 2676 
2653 2783 2676 2663 2678 2785 2680 2785 2678 
2786 2785 2680 2681 2786 2680 2681 2793 2786 
2793 2787 2786 2794 2788 2787 2793 2794 2787 
2683 2795 2796 2684 2683 2796 2790 2683 2665 
2795 2683 2790 2793 2797 2798 2793 2681 2797 
2681 2686 2797 2794 2793 2798 2688 2799 2800 
2689 2688 2800 2796 2688 2684 2799 2688 2796 
2801 2802 2803 2801 2692 2691 2801 2803 2692 
2803 2804 2692 2693 2692 2805 2692 2804 2805 
2695 2693 2806 2693 2805 2806 2697 2807 2808 
2697 2695 2807 2695 2806 2807 2808 2809 2810 
2807 2809 2808 2810 2811 2812 2809 2811 2810 
2812 2699 2698 2812 2811 2699 2811 2813 2699 
2797 2686 2699 2813 2797 2699 2701 2814 2702 
2701 2815 2814 2701 2689 2815 2689 2800 2815 
2816 2817 2818 2816 2705 2704 2816 2818 2705 
2818 2819 2705 2802 2801 2706 2802 2706 2819 
2819 2706 2705 2691 2706 2801 2697 2808 2707 
2708 2707 2808 2810 2708 2808 2710 2708 2810 
2812 2710 2810 2698 2710 2812 2712 2820 2713 
2712 2702 2814 2712 2814 2820 2820 2814 2821 
2822 2814 2815 2822 2823 2814 2823 2821 2814 
2823 2824 2825 2822 2824 2823 2825 2826 2827 
2824 2826 2825 2826 2828 2827 2829 2830 2831 
2817 2829 2831 2816 2829 2817 2816 2714 2829 
2816 2715 2714 2704 2715 2816 2713 2820 2717 
2719 2717 2820 2821 2719 2820 2720 2719 2821 
2823 2720 2821 2722 2720 2823 2825 2722 2823 
2724 2722 2825 2827 2724 2825 2827 2828 2832 
2827 2832 2724 2724 2832 2726 2728 2833 2834 
2728 2726 2833 2726 2832 2833 2834 2835 2836 
2833 2835 2834 2836 2837 2838 2835 2837 2836 
2838 2839 2840 2837 2839 2838 2840 2841 2842 
2839 2841 2840 2842 2843 2844 2841 2843 2842 
2830 2844 2843 2829 2844 2830 2829 2729 2844 
2829 2730 2729 2714 2730 2829 2728 2834 2731 
2732 2731 2834 2836 2732 2834 2733 2732 2836 
2838 2733 2836 2734 2733 2838 2840 2734 2838 
2735 2734 2840 2842 2735 2840 2736 2735 2842 
2844 2736 2842 2729 2736 2844 2845 2846 2847 
2845 2848 2849 2846 2845 2849 2849 2848 2850 
2851 2852 2853 2851 2854 2855 2852 2851 2855 
2854 2856 2857 2855 2854 2857 2847 2857 2856 
2847 2856 2845 2845 2856 2858 2848 2845 2859 
2859 2845 2858 2860 2850 2848 2860 2848 2861 
2861 2848 2859 2861 2862 2863 2860 2861 2863 
2863 2862 2864 2865 2866 2867 2865 2868 2869 
2866 2865 2869 2868 2870 2871 2869 2868 2871 
2853 2871 2870 2853 2870 2851 2851 2870 2872 
2854 2851 2873 2873 2851 2872 2856 2854 2874 
2874 2854 2873 2858 2856 2875 2875 2856 2874 
2859 2858 2876 2876 2858 2875 2861 2859 2877 
2877 2859 2876 2862 2861 2878 2878 2861 2877 
2879 2864 2862 2878 2879 2862 2880 2881 2882 
2880 2883 2884 2881 2880 2884 2883 2885 2886 
2884 2883 2886 2867 2886 2885 2867 2885 2865 
2865 2885 2887 2868 2865 2888 2888 2865 2887 
2870 2868 2889 2889 2868 2888 2872 2870 2890 
2890 2870 2889 2873 2872 2891 2891 2872 2890 
2738 2891 2739 2738 2874 2891 2874 2873 2891 
2741 2874 2738 2875 2874 2741 2742 2875 2741 
2742 2892 2875 2892 2876 2875 2877 2876 2893 
2893 2876 2892 2894 2895 2878 2894 2878 2893 
2893 2878 2877 2879 2878 2895 2896 2897 2898 
2896 2899 2900 2897 2896 2900 2882 2900 2899 
2882 2899 2880 2880 2899 2901 2883 2880 2902 
2902 2880 2901 2885 2883 2903 2903 2883 2902 
2744 2903 2745 2744 2887 2903 2887 2885 2903 
2747 2887 2744 2888 2887 2747 2749 2888 2747 
2889 2888 2749 2751 2889 2749 2890 2889 2751 
2753 2890 2751 2891 2890 2753 2739 2891 2753 
2892 2756 2904 2742 2756 2892 2893 2892 2905 
2905 2892 2904 2906 2894 2893 2905 2906 2893 
2907 2908 2909 2908 2907 2910 2911 2912 2913 
2911 2914 2915 2912 2911 2915 2898 2915 2914 
2898 2914 2896 2896 2914 2916 2758 2916 2759 
2758 2899 2916 2899 2896 2916 2761 2899 2758 
2901 2899 2761 2763 2901 2761 2902 2901 2763 
2765 2902 2763 2903 2902 2765 2745 2903 2765 
2756 2769 2904 2771 2904 2769 2771 2917 2904 
2917 2905 2904 2918 2906 2905 2917 2918 2905 
2773 2919 2920 2774 2773 2920 2909 2776 2907 
2909 2919 2776 2919 2773 2776 2777 2921 2922 
2776 2777 2922 2776 2922 2910 2776 2910 2907 
2921 2923 2924 2922 2921 2924 2913 2924 2923 
2911 2913 2923 2911 2923 2780 2911 2780 2779 
2782 2911 2779 2914 2911 2782 2784 2914 2782 
2916 2914 2784 2759 2916 2784 2917 2788 2925 
2771 2788 2917 2926 2918 2917 2925 2926 2917 
2927 2928 2929 2927 2790 2789 2927 2789 2928 
2928 2789 2930 2920 2789 2774 2930 2789 2920 
2777 2791 2921 2792 2921 2791 2923 2921 2792 
2780 2923 2792 2925 2931 2932 2925 2788 2931 
2788 2794 2931 2926 2925 2932 2795 2927 2929 
2795 2929 2796 2796 2929 2933 2790 2927 2795 
2934 2935 2936 2934 2937 2938 2936 2937 2934 
2938 2939 2940 2937 2939 2938 2940 2941 2942 
2939 2941 2940 2942 2943 2944 2941 2943 2942 
2944 2945 2946 2943 2945 2944 2946 2947 2948 
2945 2947 2946 2948 2798 2797 2948 2947 2798 
2947 2949 2798 2931 2794 2798 2949 2931 2798 
2799 2950 2951 2800 2799 2951 2933 2799 2796 
2950 2799 2933 2803 2952 2953 2802 2952 2803 
2935 2934 2804 2935 2804 2953 2953 2804 2803 
2805 2804 2934 2938 2805 2934 2806 2805 2938 
2940 2806 2938 2807 2806 2940 2942 2807 2940 
2809 2807 2942 2944 2809 2942 2811 2809 2944 
2946 2811 2944 2813 2811 2946 2948 2813 2946 
2797 2813 2948 2954 2955 2956 2954 2951 2955 
2954 2815 2951 2815 2800 2951 2818 2957 2958 
2817 2957 2818 2819 2818 2959 2818 2958 2959 
2952 2802 2819 2959 2952 2819 2954 2956 2960 
2815 2954 2960 2815 2960 2822 2822 2960 2961 
2824 2822 2962 2822 2961 2962 2826 2824 2963 
2824 2962 2963 2828 2964 2965 2828 2826 2964 
2826 2963 2964 2965 2966 2967 2964 2966 2965 
2966 2968 2967 2969 2970 2971 2969 2831 2830 
2969 2971 2831 2971 2972 2831 2957 2817 2831 
2972 2957 2831 2828 2965 2832 2833 2832 2965 
2967 2833 2965 2967 2968 2973 2967 2973 2833 
2833 2973 2835 2837 2835 2974 2835 2973 2974 
2839 2837 2975 2837 2974 2975 2841 2839 2976 
2839 2975 2976 2970 2969 2843 2970 2843 2976 
2976 2843 2841 2830 2843 2969 2977 2978 2979 
2977 2980 2981 2978 2977 2981 2981 2980 2982 
2983 2984 2985 2979 2984 2983 2979 2983 2977 
2977 2983 2986 2980 2977 2987 2987 2977 2986 
2988 2982 2980 2987 2988 2980 2989 2990 2991 
2985 2990 2989 2985 2989 2983 2983 2989 2992 
2986 2983 2993 2993 2983 2992 2987 2986 2994 
2994 2986 2993 2995 2988 2987 2995 2987 2996 
2996 2987 2994 2996 2997 2998 2995 2996 2998 
2997 2999 3000 2998 2997 3000 3000 2999 3001 
2846 3002 2847 2846 2849 3003 3002 2846 3003 
2849 2850 3003 3004 3005 3006 2991 3005 3004 
2991 3004 2989 2989 3004 3007 2992 2989 3008 
3008 2989 3007 2993 2992 3009 3009 2992 3008 
2994 2993 3010 3010 2993 3009 2996 2994 3011 
3011 2994 3010 2852 3011 2853 2852 2997 3011 
2997 2996 3011 2855 2997 2852 2999 2997 2855 
2999 3012 3001 2999 2855 3012 2855 2857 3012 
3002 2857 2847 3002 3013 2857 3013 3012 2857 
3003 3013 3002 3014 3013 3003 2850 3014 3003 
2850 2860 3014 2860 3015 3014 2863 3016 2860 
2860 3016 3015 2864 3017 3018 2864 3018 2863 
2863 3018 3016 3018 3017 3019 3020 3021 3022 
3006 3021 3020 3006 3020 3004 3004 3020 3023 
3007 3004 3024 3024 3004 3023 3008 3007 3025 
3025 3007 3024 2866 3025 2867 2866 3009 3025 
3009 3008 3025 2869 3009 2866 3010 3009 2869 
2871 3010 2869 3011 3010 2871 2853 3011 2871 
3017 3026 3027 3017 2864 3026 2864 2879 3026 
3019 3017 3027 3028 3029 3030 3022 3029 3028 
3022 3028 3020 3020 3028 3031 2881 3031 2882 
2881 3023 3031 3023 3020 3031 2884 3023 2881 
3024 3023 2884 2886 3024 2884 3025 3024 2886 
2867 3025 2886 2895 2894 3032 2895 3032 3033 
2895 3033 2879 2879 3033 3026 3034 3035 3036 
3035 3034 3037 3038 3039 3040 3030 3039 3038 
3028 3030 3038 3028 3038 2898 3028 2898 2897 
2900 3028 2897 3031 3028 2900 2882 3031 2900 
3032 2906 3041 2894 2906 3032 3042 3033 3032 
3041 3042 3032 2908 3043 3044 2909 2908 3044 
2910 3045 3034 2910 3034 3043 2910 3043 2908 
3043 3034 3036 3046 3037 3034 3046 3034 3047 
3047 3034 3045 3047 2913 2912 3047 2912 3046 
3046 2912 3048 3040 2915 3038 3040 3048 2915 
3048 2912 2915 2898 3038 2915 3041 2918 3049 
2906 2918 3041 3050 3042 3041 3049 3050 3041 
2919 3051 3052 2920 2919 3052 3044 2919 2909 
3051 2919 3044 2910 2922 3045 2924 3045 2922 
3047 3045 2924 2913 3047 2924 3053 3054 3055 
3049 3055 3056 3049 2926 3055 3049 2918 2926 
2926 3053 3055 3050 3049 3056 2928 3057 2929 
3058 3057 2928 3058 2928 3059 3059 2928 2930 
3052 2930 2920 3059 2930 3052 3060 3061 3062 
3060 3063 3064 3062 3063 3060 3064 3065 3066 
3063 3065 3064 3066 3067 3068 3065 3067 3066 
3054 3068 3067 3053 3068 3054 3053 2931 3068 
3053 2932 2931 2926 2932 3053 3057 3069 3070 
3057 3070 2929 2929 3070 2933 3058 3069 3057 
2936 3071 3072 2935 3071 2936 2937 2936 3073 
2936 3072 3073 2939 2937 3074 2937 3073 3074 
2941 2939 3075 2939 3074 3075 3061 3060 2943 
3061 2943 3075 3075 2943 2941 2945 2943 3060 
3064 2945 3060 2947 2945 3064 3066 2947 3064 
2949 2947 3066 3068 2949 3066 2931 2949 3068 
2950 3076 2951 2950 3077 3076 2950 2933 3077 
2933 3070 3077 3078 3079 3080 3078 2953 2952 
3078 3080 2953 3080 3081 2953 3071 2935 2953 
3081 3071 2953 2955 3082 2956 2955 2951 3076 
2955 3076 3082 3082 3076 3083 3084 3076 3077 
3084 3085 3076 3085 3083 3076 3085 3086 3087 
3084 3086 3085 3087 3088 3089 3086 3088 3087 
3088 3090 3089 3091 3092 3093 3091 2958 2957 
3091 3093 2958 3093 3094 2958 3079 3078 2959 
3079 2959 3094 3094 2959 2958 2952 2959 3078 
2956 3082 2960 2961 2960 3082 3083 2961 3082 
2962 2961 3083 3085 2962 3083 2963 2962 3085 
3087 2963 3085 2964 2963 3087 3089 2964 3087 
3089 3090 3095 3089 3095 2964 2964 3095 2966 
2968 3096 3097 2968 2966 3096 2966 3095 3096 
3097 3098 3099 3096 3098 3097 3099 3100 3101 
3098 3100 3099 3101 3102 3103 3100 3102 3101 
3103 2971 2970 3103 3102 2971 3102 3104 2971 
3092 3091 2972 3092 2972 3104 3104 2972 2971 
2957 2972 3091 2968 3097 2973 2974 2973 3097 
3099 2974 3097 2975 2974 3099 3101 2975 3099 
2976 2975 3101 3103 2976 3101 2970 2976 3103 
2978 3105 2979 3106 3105 2978 3106 2978 3107 
3107 2978 2981 3107 2981 2982 3108 3107 2982 
2984 3109 3110 2985 2984 3110 3105 2984 2979 
3105 3111 2984 3111 3109 2984 3106 3111 3105 
2982 2988 3108 3108 2988 3112 3113 3114 3115 
3113 2991 2990 3113 2990 3114 3114 2990 3116 
3110 2990 2985 3116 2990 3110 2988 3117 3112 
2995 3117 2988 2998 3118 2995 2995 3118 3117 
3119 3120 3118 3119 3118 3000 3000 3118 2998 
3000 3001 3119 3121 3122 3123 3115 3122 3121 
3113 3115 3121 3113 3121 3006 3113 3006 3005 
2991 3113 3005 3119 3124 3120 3001 3124 3119 
3001 3012 3124 3012 3125 3124 3013 3126 3012 
3012 3126 3125 3014 3127 3013 3013 3127 3126 
3015 3128 3014 3014 3128 3127 3016 3129 3015 
3015 3129 3128 3130 3131 3129 3130 3129 3018 
3018 3129 3016 3018 3019 3130 3132 3133 3134 
3123 3133 3132 3121 3123 3132 3121 3132 3022 
3121 3022 3021 3006 3121 3021 3135 3026 3136 
3135 3131 3026 3027 3026 3130 3130 3026 3131 
3027 3130 3019 3136 3137 3135 3138 3139 3140 
3134 3139 3138 3132 3134 3138 3132 3138 3030 
3132 3030 3029 3022 3132 3029 3136 3141 3142 
3136 3026 3141 3026 3033 3141 3137 3136 3142 
3035 3143 3144 3036 3035 3144 3037 3145 3146 
3037 3146 3035 3035 3146 3143 3145 3147 3148 
3146 3145 3148 3140 3148 3147 3138 3140 3147 
3138 3147 3040 3138 3040 3039 3030 3138 3039 
3033 3042 3141 3141 3042 3149 3043 3150 3044 
3043 3151 3150 3043 3036 3151 3036 3144 3151 
3037 3046 3145 3048 3145 3046 3147 3145 3048 
3040 3147 3048 3152 3153 3154 3152 3154 3149 
3152 3149 3050 3050 3149 3042 3051 3155 3052 
3051 3156 3155 3044 3156 3051 3044 3157 3156 
3044 3150 3157 3151 3157 3150 3158 3159 3160 
3158 3161 3162 3160 3161 3158 3162 3163 3164 
3161 3163 3162 3164 3165 3166 3163 3165 3164 
3166 3055 3054 3166 3165 3055 3165 3167 3055 
3153 3152 3056 3153 3056 3167 3167 3056 3055 
3050 3056 3152 3059 3168 3058 3059 3169 3168 
3052 3169 3059 3052 3170 3169 3052 3155 3170 
3156 3170 3155 3171 3172 3173 3171 3174 3175 
3173 3174 3171 3159 3175 3174 3158 3175 3159 
3158 3061 3175 3158 3062 3061 3063 3062 3158 
3162 3063 3158 3065 3063 3162 3164 3065 3162 
3067 3065 3164 3166 3067 3164 3054 3067 3166 
3069 3176 3177 3070 3069 3177 3168 3069 3058 
3168 3178 3069 3178 3176 3069 3169 3178 3168 
3179 3180 3181 3179 3072 3071 3179 3181 3072 
3181 3182 3072 3073 3072 3183 3072 3182 3183 
3172 3171 3074 3172 3074 3183 3183 3074 3073 
3075 3074 3171 3175 3075 3171 3061 3075 3175 
3184 3185 3186 3184 3177 3185 3184 3077 3177 
3077 3070 3177 3080 3187 3188 3079 3187 3080 
3180 3179 3081 3180 3081 3188 3188 3081 3080 
3071 3081 3179 3184 3186 3189 3077 3184 3189 
3077 3189 3084 3084 3189 3190 3086 3084 3191 
3084 3190 3191 3088 3086 3192 3086 3191 3192 
3090 3193 3194 3090 3088 3193 3088 3192 3193 
3194 3195 3196 3193 3195 3194 3195 3197 3196 
3198 3199 3200 3198 3093 3092 3198 3200 3093 
3200 3201 3093 3094 3093 3202 3093 3201 3202 
3187 3079 3094 3202 3187 3094 3090 3194 3095 
3096 3095 3194 3196 3096 3194 3196 3197 3203 
3196 3203 3096 3096 3203 3098 3100 3098 3204 
3098 3203 3204 3102 3100 3205 3100 3204 3205 
3199 3198 3104 3199 3104 3205 3205 3104 3102 
3092 3104 3198 3107 3206 3106 3107 3108 3206 
3109 3207 3110 3109 3111 3208 3207 3109 3208 
3111 3106 3206 3111 3206 3208 3208 3206 3209 
3108 3112 3209 3206 3108 3209 3114 3210 3115 
3211 3210 3114 3211 3114 3212 3212 3114 3116 
3207 3116 3110 3207 3213 3116 3213 3212 3116 
3213 3214 3215 3213 3207 3214 3207 3208 3214 
3209 3216 3208 3216 3214 3208 3112 3117 3217 
3112 3217 3209 3209 3217 3216 3117 3118 3218 
3217 3117 3218 3118 3120 3218 3219 3220 3221 
3219 3222 3223 3220 3219 3223 3222 3123 3122 
3222 3122 3223 3223 3122 3224 3210 3122 3115 
3210 3225 3122 3225 3224 3122 3211 3225 3210 
3214 3226 3215 3216 3226 3214 3227 3226 3216 
3217 3227 3216 3228 3227 3217 3218 3228 3217 
3229 3228 3218 3230 3231 3229 3124 3230 3229 
3124 3229 3218 3124 3218 3120 3124 3125 3232 
3230 3124 3232 3233 3232 3125 3233 3125 3234 
3234 3125 3126 3127 3235 3126 3126 3235 3234 
3128 3236 3127 3127 3236 3235 3237 3238 3236 
3237 3236 3129 3129 3236 3128 3129 3131 3237 
3239 3240 3241 3221 3240 3239 3221 3239 3219 
3219 3239 3242 3133 3242 3134 3133 3222 3242 
3222 3219 3242 3123 3222 3133 3230 3243 3231 
3232 3243 3230 3244 3243 3232 3233 3244 3232 
3245 3238 3237 3246 3238 3245 3131 3135 3247 
3131 3247 3237 3237 3247 3245 3135 3137 3247 
3248 3249 3250 3241 3249 3248 3241 3248 3239 
3239 3248 3251 3139 3251 3140 3139 3242 3251 
3242 3239 3251 3134 3242 3139 3252 3246 3245 
3253 3246 3252 3142 3141 3252 3142 3252 3247 
3247 3252 3245 3137 3142 3247 3143 3254 3144 
3248 3250 3255 3248 3255 3143 3248 3143 3146 
3254 3143 3255 3148 3248 3146 3251 3248 3148 
3140 3251 3148 3256 3257 3258 3256 3259 3260 
3258 3259 3256 3253 3260 3259 3253 3252 3260 
3252 3261 3260 3141 3149 3261 3252 3141 3261 
3254 3262 3263 3254 3263 3144 3144 3263 3151 
3255 3262 3254 3264 3265 3266 3264 3267 3268 
3266 3267 3264 3268 3269 3270 3267 3269 3268 
3257 3270 3269 3257 3256 3270 3256 3271 3270 
3260 3272 3256 3272 3271 3256 3154 3153 3272 
3154 3272 3261 3261 3272 3260 3149 3154 3261 
3157 3273 3156 3157 3274 3273 3157 3151 3274 
3151 3263 3274 3275 3276 3277 3265 3275 3277 
3264 3275 3265 3264 3159 3275 3264 3160 3159 
3161 3160 3264 3268 3161 3264 3163 3161 3268 
3270 3163 3268 3165 3163 3270 3271 3165 3270 
3167 3165 3271 3272 3167 3271 3153 3167 3272 
3170 3278 3169 3170 3156 3273 3170 3273 3278 
3278 3273 3279 3280 3273 3274 3279 3273 3280 
3281 3282 3283 3281 3284 3285 3283 3284 3281 
3285 3286 3287 3284 3286 3285 3287 3173 3172 
3287 3286 3173 3286 3288 3173 3276 3275 3174 
3276 3174 3288 3288 3174 3173 3159 3174 3275 
3176 3289 3177 3176 3178 3290 3289 3176 3290 
3178 3169 3278 3178 3278 3290 3290 3278 3291 
3292 3279 3293 3292 3291 3279 3291 3278 3279 
3280 3293 3279 3294 3295 3296 3282 3294 3296 
3281 3294 3282 3281 3180 3294 3281 3181 3180 
3182 3181 3281 3285 3182 3281 3183 3182 3285 
3287 3183 3285 3172 3183 3287 3185 3297 3186 
3185 3177 3289 3185 3289 3297 3297 3289 3298 
3290 3299 3289 3299 3298 3289 3291 3300 3290 
3300 3299 3290 3301 3291 3292 3301 3302 3291 
3302 3300 3291 3301 3303 3302 3304 3305 3306 
3304 3307 3308 3306 3307 3304 3295 3308 3307 
3294 3308 3295 3294 3187 3308 3294 3188 3187 
3180 3188 3294 3186 3297 3189 3190 3189 3297 
3298 3190 3297 3191 3190 3298 3299 3191 3298 
3192 3191 3299 3300 3192 3299 3193 3192 3300 
3302 3193 3300 3302 3303 3309 3302 3309 3193 
3193 3309 3195 3197 3310 3311 3197 3195 3310 
3195 3309 3310 3311 3312 3313 3310 3312 3311 
3313 3314 3315 3312 3314 3313 3315 3200 3199 
3315 3314 3200 3314 3316 3200 3305 3304 3201 
3305 3201 3316 3316 3201 3200 3202 3201 3304 
3308 3202 3304 3187 3202 3308 3197 3311 3203 
3204 3203 3311 3313 3204 3311 3205 3204 3313 
3315 3205 3313 3199 3205 3315 3317 3318 3319 
3318 3317 3320 3321 3322 3323 3321 3324 3325 
3322 3321 3325 3319 3325 3324 3317 3319 3324 
3317 3324 3211 3317 3211 3212 3317 3212 3213 
3317 3213 3326 3317 3326 3320 3326 3213 3327 
3213 3215 3327 3220 3328 3221 3329 3328 3220 
3329 3220 3330 3330 3220 3223 3323 3224 3321 
3323 3330 3224 3330 3223 3224 3225 3321 3224 
3324 3321 3225 3211 3324 3225 3327 3331 3326 
3332 3333 3331 3226 3332 3331 3226 3331 3327 
3226 3327 3215 3226 3227 3334 3332 3226 3334 
3227 3228 3335 3334 3227 3335 3228 3229 3336 
3335 3228 3336 3229 3231 3336 3234 3337 3233 
3234 3235 3338 3337 3234 3338 3235 3236 3339 
3338 3235 3339 3236 3238 3339 3240 3340 3241 
3240 3341 3340 3221 3341 3240 3221 3342 3341 
3221 3328 3342 3329 3342 3328 3343 3333 3332 
3344 3333 3343 3334 3345 3332 3345 3343 3332 
3335 3346 3334 3346 3345 3334 3336 3347 3335 
3347 3346 3335 3231 3243 3348 3231 3348 3336 
3336 3348 3347 3243 3244 3349 3348 3243 3349 
3244 3233 3337 3244 3337 3349 3349 3337 3350 
3351 3338 3352 3351 3350 3338 3350 3337 3338 
3352 3353 3354 3352 3338 3353 3338 3339 3353 
3238 3246 3353 3339 3238 3353 3249 3355 3356 
3250 3249 3356 3340 3249 3241 3340 3357 3249 
3357 3355 3249 3341 3357 3340 3343 3358 3344 
3358 3359 3360 3358 3343 3359 3343 3345 3359 
3346 3361 3345 3361 3359 3345 3347 3362 3346 
3362 3361 3346 3363 3348 3364 3363 3362 3348 
3362 3347 3348 3349 3364 3348 3365 3364 3349 
3365 3366 3367 3365 3349 3366 3349 3350 3366 
3368 3350 3351 3368 3369 3350 3369 3366 3350 
3354 3369 3368 3354 3353 3369 3353 3370 3369 
3246 3253 3370 3353 3246 3370 3250 3356 3255 
3356 3371 3255 3372 3360 3359 3373 3360 3372 
3361 3374 3359 3374 3372 3359 3362 3375 3361 
3375 3374 3361 3376 3362 3363 3376 3377 3362 
3377 3375 3362 3377 3378 3379 3376 3378 3377 
3367 3379 3378 3367 3366 3379 3366 3380 3379 
3258 3257 3380 3258 3380 3369 3369 3380 3366 
3259 3258 3369 3370 3259 3369 3253 3259 3370 
3262 3381 3382 3263 3262 3382 3371 3262 3255 
3381 3262 3371 3383 3384 3385 3373 3383 3385 
3373 3372 3383 3372 3386 3383 3374 3387 3372 
3387 3386 3372 3375 3388 3374 3388 3387 3374 
3266 3265 3388 3266 3388 3377 3377 3388 3375 
3267 3266 3377 3379 3267 3377 3269 3267 3379 
3380 3269 3379 3257 3269 3380 3263 3382 3274 
3382 3389 3274 3390 3391 3392 3390 3393 3394 
3392 3393 3390 3384 3394 3393 3384 3383 3394 
3383 3395 3394 3386 3396 3383 3396 3395 3383 
3387 3397 3386 3397 3396 3386 3277 3276 3397 
3277 3397 3388 3388 3397 3387 3265 3277 3388 
3398 3399 3280 3398 3280 3389 3389 3280 3274 
3398 3400 3399 3401 3402 3403 3391 3401 3403 
3391 3390 3401 3390 3404 3401 3283 3282 3404 
3283 3404 3394 3394 3404 3390 3284 3283 3394 
3395 3284 3394 3286 3284 3395 3396 3286 3395 
3288 3286 3396 3397 3288 3396 3276 3288 3397 
3293 3405 3292 3293 3280 3399 3293 3399 3405 
3405 3399 3406 3407 3399 3400 3406 3399 3407 
3408 3409 3410 3402 3408 3410 3402 3401 3408 
3401 3411 3408 3296 3295 3411 3296 3411 3404 
3404 3411 3401 3282 3296 3404 3292 3405 3301 
3303 3301 3405 3303 3405 3412 3412 3405 3406 
3413 3406 3407 3413 3414 3406 3414 3412 3406 
3414 3415 3416 3413 3415 3414 3416 3417 3418 
3415 3417 3416 3418 3419 3420 3417 3419 3418 
3409 3420 3419 3408 3420 3409 3408 3305 3420 
3408 3306 3305 3307 3306 3408 3411 3307 3408 
3295 3307 3411 3303 3412 3309 3310 3309 3412 
3414 3310 3412 3312 3310 3414 3416 3312 3414 
3314 3312 3416 3418 3314 3416 3316 3314 3418 
3420 3316 3418 3305 3316 3420 3318 3421 3319 
3318 3320 3421 3322 3422 3323 3322 3325 3423 
3422 3322 3423 3325 3319 3421 3325 3421 3423 
3423 3421 3424 3320 3326 3424 3421 3320 3424 
3330 3425 3329 3330 3323 3422 3330 3422 3425 
3425 3422 3426 3427 3423 3428 3427 3426 3423 
3426 3422 3423 3424 3428 3423 3429 3428 3424 
3430 3431 3429 3331 3430 3429 3331 3429 3424 
3331 3424 3326 3331 3333 3430 3342 3432 3341 
3342 3433 3432 3329 3433 3342 3329 3434 3433 
3329 3425 3434 3426 3434 3425 3435 3434 3426 
3427 3435 3426 3436 3431 3430 3437 3431 3436 
3333 3344 3436 3430 3333 3436 3352 3438 3351 
3352 3354 3438 3355 3439 3356 3440 3439 3355 
3440 3355 3441 3441 3355 3357 3432 3357 3341 
3432 3442 3357 3442 3441 3357 3433 3442 3432 
3443 3437 3436 3444 3437 3443 3344 3358 3445 
3344 3445 3436 3436 3445 3443 3358 3360 3445 
3364 3446 3363 3364 3365 3447 3446 3364 3447 
3365 3367 3447 3351 3438 3368 3354 3368 3438 
3439 3448 3449 3439 3449 3356 3356 3449 3371 
3440 3448 3439 3450 3451 3452 3444 3450 3452 
3444 3443 3450 3443 3453 3450 3445 3454 3443 
3454 3453 3443 3360 3373 3454 3445 3360 3454 
3363 3446 3376 3378 3376 3446 3447 3378 3446 
3367 3378 3447 3381 3455 3382 3381 3456 3455 
3381 3371 3456 3371 3449 3456 3457 3451 3450 
3458 3451 3457 3453 3459 3450 3459 3457 3450 
3385 3384 3459 3385 3459 3454 3454 3459 3453 
3373 3385 3454 3455 3460 3389 3382 3455 3389 
3461 3455 3456 3461 3462 3455 3462 3460 3455 
3461 3463 3462 3464 3465 3466 3458 3464 3466 
3457 3464 3458 3457 3391 3464 3457 3392 3391 
3393 3392 3457 3459 3393 3457 3384 3393 3459 
3389 3460 3398 3400 3398 3460 3400 3460 3467 
3467 3460 3462 3468 3462 3463 3467 3462 3468 
3469 3470 3471 3465 3469 3471 3464 3469 3465 
3464 3402 3469 3464 3403 3402 3391 3403 3464 
3467 3472 3407 3400 3467 3407 3473 3467 3468 
3472 3467 3473 3474 3475 3476 3474 3477 3478 
3476 3477 3474 3470 3478 3477 3469 3478 3470 
3469 3409 3478 3469 3410 3409 3402 3410 3469 
3407 3472 3413 3472 3473 3479 3472 3479 3413 
3413 3479 3415 3475 3474 3417 3475 3417 3479 
3479 3417 3415 3419 3417 3474 3478 3419 3474 
3409 3419 3478 3428 3480 3427 3428 3429 3481 
3480 3428 3481 3429 3431 3481 3434 3482 3433 
3434 3435 3483 3482 3434 3483 3435 3427 3480 
3435 3480 3483 3483 3480 3484 3481 3485 3480 
3485 3484 3480 3431 3437 3485 3481 3431 3485 
3441 3486 3440 3441 3442 3487 3486 3441 3487 
3442 3433 3482 3442 3482 3487 3487 3482 3488 
3483 3489 3482 3489 3488 3482 3484 3490 3483 
3490 3489 3483 3485 3491 3484 3491 3490 3484 
3437 3444 3491 3485 3437 3491 3448 3492 3493 
3449 3448 3493 3440 3492 3448 3440 3494 3492 
3440 3486 3494 3495 3492 3494 3487 3496 3486 
3496 3494 3486 3488 3497 3487 3497 3496 3487 
3489 3498 3488 3498 3497 3488 3490 3499 3489 
3499 3498 3489 3452 3451 3499 3452 3499 3491 
3491 3499 3490 3444 3452 3491 3500 3501 3456 
3500 3456 3493 3493 3456 3449 3495 3501 3500 
3495 3494 3501 3494 3502 3501 3496 3503 3494 
3503 3502 3494 3497 3504 3496 3504 3503 3496 
3505 3498 3506 3505 3504 3498 3504 3497 3498 
3506 3507 3508 3506 3498 3507 3498 3499 3507 
3451 3458 3507 3499 3451 3507 3456 3501 3461 
3463 3461 3501 3463 3501 3509 3509 3501 3502 
3503 3510 3502 3510 3509 3502 3511 3504 3512 
3511 3510 3504 3510 3503 3504 3512 3513 3514 
3512 3504 3513 3515 3513 3505 3505 3513 3504 
3508 3513 3515 3507 3513 3508 3507 3465 3513 
3507 3466 3465 3458 3466 3507 3509 3516 3468 
3463 3509 3468 3510 3517 3509 3517 3516 3509 
3518 3510 3511 3518 3519 3510 3519 3517 3510 
3514 3519 3518 3513 3519 3514 3513 3470 3519 
3513 3471 3470 3465 3471 3513 3516 3520 3473 
3468 3516 3473 3476 3475 3520 3476 3520 3517 
3517 3520 3516 3477 3476 3517 3519 3477 3517 
3470 3477 3519 3473 3520 3479 3475 3479 3520 
3492 3521 3493 3492 3495 3521 3493 3521 3500 
3495 3500 3521 3506 3522 3505 3506 3508 3522 
3512 3523 3511 3515 3505 3522 3514 3523 3512 
3508 3515 3522 3511 3523 3518 3514 3518 3523 

CELL_DATA 7044
SCALARS Scalars float
LOOKUP_TABLE default
1 1 1 1 1 1 1 1 1 
1 1 1 1 1 1 1 1 1 
1 1 1 1 1 1 1 1 1 
1 1 1 1 1 1 1 1 1 
1 1 1 1 1 1 1 1 1 
1 1 1 1 1 1 1 1 1 
1 1 1 1 1 1 1 1 1 
1 1 1 1 1 1 1 1 1 
1 1 1 1 1 1 1 1 1 
1 1 1 1 1 1 1 1 1 
1 1 1 1 1 1 1 1 1 
1 1 1 1 1 1 1 1 1 
1 1 1 1 1 1 1 1 1 
1 1 1 1 1 1 1 1 1 
1 1 1 1 1 1 1 1 1 
1 1 1 1 1 1 1 1 1 
1 1 1 1 1 1 1 1 1 
1 1 1 1 1 1 1 1 1 
1 1 1 1 1 1 1 1 1 
1 1 1 1 1 1 1 1 1 
1 1 1 1 1 1 1 1 1 
1 1 1 1 1 1 1 1 1 
1 1 1 1 1 1 1 1 1 
1 1 1 1 1 1 1 1 1 
1 1 1 1 1 1 1 1 1 
1 1 1 1 1 1 1 1 1 
1 1 1 1 1 1 1 1 1 
1 1 1 1 1 1 1 1 1 
1 1 1 1 1 1 1 1 1 
1 1 1 1 1 1 1 1 1 
1 1 1 1 1 1 1 1 1 
1 1 1 1 1 1 1 1 1 
1 1 1 1 1 1 1 1 1 
1 1 1 1 1 1 1 1 1 
1 1 1 1 1 1 1 1 1 
1 1 1 1 1 1 1 1 1 
1 1 1 1 1 1 1 1 1 
1 1 1 1 1 1 1 1 1 
1 1 1 1 1 1 1 1 1 
1 1 1 1 1 1 1 1 1 
1 1 1 1 1 1 1 1 1 
1 1 1 1 1 1 1 1 1 
1 1 1 1 1 1 1 1 1 
1 1 1 1 1 1 1 1 1 
1 1 1 1 1 1 1 1 1 
1 1 1 1 1 1 1 1 1 
1 1 1 1 1 1 1 1 1 
1 1 1 1 1 1 1 1 1 
1 1 1 1 1 1 1 1 1 
1 1 1 1 1 1 1 1 1 
1 1 1 1 1 1 1 1 1 
1 1 1 1 1 1 1 1 1 
1 1 1 1 1 1 1 1 1 
1 1 1 1 1 1 1 1 1 
1 1 1 1 1 1 1 1 1 
1 1 1 1 1 1 1 1 1 
1 1 1 1 1 1 1 1 1 
1 1 1 1 1 1 1 1 1 
1 1 1 1 1 1 1 1 1 
1 1 1 1 1 1 1 1 1 
1 1 1 1 1 1 1 1 1 
1 1 1 1 1 1 1 1 1 
1 1 1 1 1 1 1 1 1 
1 1 1 1 1 1 1 1 1 
1 1 1 1 1 1 1 1 1 
1 1 1 1 1 1 1 1 1 
1 1 1 1 1 1 1 1 1 
1 1 1 1 1 1 1 1 1 
1 1 1 1 1 1 1 1 1 
1 1 1 1 1 1 1 1 1 
1 1 1 1 1 1 1 1 1 
1 1 1 1 1 1 1 1 1 
1 1 1 1 1 1 1 1 1 
1 1 1 1 1 1 1 1 1 
1 1 1 1 1 1 1 1 1 
1 1 1 1 1 1 1 1 1 
1 1 1 1 1 1 1 1 1 
1 1 1 1 1 1 1 1 1 
1 1 1 1 1 1 1 1 1 
1 1 1 1 1 1 1 1 1 
1 1 1 1 1 1 1 1 1 
1 1 1 1 1 1 1 1 1 
1 1 1 1 1 1 1 1 1 
1 1 1 1 1 1 1 1 1 
1 1 1 1 1 1 1 1 1 
1 1 1 1 1 1 1 1 1 
1 1 1 1 1 1 1 1 1 
1 1 1 1 1 1 1 1 1 
1 1 1 1 1 1 1 1 1 
1 1 1 1 1 1 1 1 1 
1 1 1 1 1 1 1 1 1 
1 1 1 1 1 1 1 1 1 
1 1 1 1 1 1 1 1 1 
1 1 1 1 1 1 1 1 1 
1 1 1 1 1 1 1 1 1 
1 1 1 1 1 1 1 1 1 
1 1 1 1 1 1 1 1 1 
1 1 1 1 1 1 1 1 1 
1 1 1 1 1 1 1 1 1 
1 1 1 1 1 1 1 1 1 
1 1 1 1 1 1 1 1 1 
1 1 1 1 1 1 1 1 1 
1 1 1 1 1 1 1 1 1 
1 1 1 1 1 1 1 1 1 
1 1 1 1 1 1 1 1 1 
1 1 1 1 1 1 1 1 1 
1 1 1 1 1 1 1 1 1 
1 1 1 1 1 1 1 1 1 
1 1 1 1 1 1 1 1 1 
1 1 1 1 1 1 1 1 1 
1 1 1 1 1 1 1 1 1 
1 1 1 1 1 1 1 1 1 
1 1 1 1 1 1 1 1 1 
1 1 1 1 1 1 1 1 1 
1 1 1 1 1 1 1 1 1 
1 1 1 1 1 1 1 1 1 
1 1 1 1 1 1 1 1 1 
1 1 1 1 1 1 1 1 1 
1 1 1 1 1 1 1 1 1 
1 1 1 1 1 1 1 1 1 
1 1 1 1 1 1 1 1 1 
1 1 1 1 1 1 1 1 1 
1 1 1 1 1 1 1 1 1 
1 1 1 1 1 1 1 1 1 
1 1 1 1 1 1 1 1 1 
1 1 1 1 1 1 1 1 1 
1 1 1 1 1 1 1 1 1 
1 1 1 1 1 1 1 1 1 
1 1 1 1 1 1 1 1 1 
1 1 1 1 1 1 1 1 1 
1 1 1 1 1 1 1 1 1 
1 1 1 1 1 1 1 1 1 
1 1 1 1 1 1 1 1 1 
1 1 1 1 1 1 1 1 1 
1 1 1 1 1 1 1 1 1 
1 1 1 1 1 1 1 1 1 
1 1 1 1 1 1 1 1 1 
1 1 1 1 1 1 1 1 1 
1 1 1 1 1 1 1 1 1 
1 1 1 1 1 1 1 1 1 
1 1 1 1 1 1 1 1 1 
1 1 1 1 1 1 1 1 1 
1 1 1 1 1 1 1 1 1 
1 1 1 1 1 1 1 1 1 
1 1 1 1 1 1 1 1 1 
1 1 1 1 1 1 1 1 1 
1 1 1 1 1 1 1 1 1 
1 1 1 1 1 1 1 1 1 
1 1 1 1 1 1 1 1 1 
1 1 1 1 1 1 1 1 1 
1 1 1 1 1 1 1 1 1 
1 1 1 1 1 1 1 1 1 
1 1 1 1 1 1 1 1 1 
1 1 1 1 1 1 1 1 1 
1 1 1 1 1 1 1 1 1 
1 1 1 1 1 1 1 1 1 
1 1 1 1 1 1 1 1 1 
1 1 1 1 1 1 1 1 1 
1 1 1 1 1 1 1 1 1 
1 1 1 1 1 1 1 1 1 
1 1 1 1 1 1 1 1 1 
1 1 1 1 1 1 1 1 1 
1 1 1 1 1 1 1 1 1 
1 1 1 1 1 1 1 1 1 
1 1 1 1 1 1 1 1 1 
1 1 1 1 1 1 1 1 1 
1 1 1 1 1 1 1 1 1 
1 1 1 1 1 1 1 1 1 
1 1 1 1 1 1 1 1 1 
1 1 1 1 1 1 1 1 1 
1 1 1 1 1 1 1 1 1 
1 1 1 1 1 1 1 1 1 
1 1 1 1 1 1 1 1 1 
1 1 1 1 1 1 1 1 1 
1 1 1 1 1 1 1 1 1 
1 1 1 1 1 1 1 1 1 
1 1 1 1 1 1 1 1 1 
1 1 1 1 1 1 1 1 1 
1 1 1 1 1 1 1 1 1 
1 1 1 1 1 1 1 1 1 
1 1 1 1 1 1 1 1 1 
1 1 1 1 1 1 1 1 1 
1 1 1 1 1 1 1 1 1 
1 1 1 1 1 1 1 1 1 
1 1 1 1 1 1 1 1 1 
1 1 1 1 1 1 1 1 1 
1 1 1 1 1 1 1 1 1 
1 1 1 1 1 1 1 1 1 
1 1 1 1 1 1 1 1 1 
1 1 1 1 1 1 1 1 1 
1 1 1 1 1 1 1 1 1 
1 1 1 1 1 1 1 1 1 
1 1 1 1 1 1 1 1 1 
1 1 1 1 1 1 1 1 1 
1 1 1 1 1 1 1 1 1 
1 1 1 1 1 1 1 1 1 
1 1 1 1 1 1 1 1 1 
1 1 1 1 1 1 1 1 1 
1 1 1 1 1 1 1 1 1 
1 1 1 1 1 1 1 1 1 
1 1 1 1 1 1 1 1 1 
1 1 1 1 1 1 1 1 1 
1 1 1 1 1 1 1 1 1 
1 1 1 1 1 1 1 1 1 
1 1 1 1 1 1 1 1 1 
1 1 1 1 1 1 1 1 1 
1 1 1 1 1 1 1 1 1 
1 1 1 1 1 1 1 1 1 
1 1 1 1 1 1 1 1 1 
1 1 1 1 1 1 1 1 1 
1 1 1 1 1 1 1 1 1 
1 1 1 1 1 1 1 1 1 
1 1 1 1 1 1 1 1 1 
1 1 1 1 1 1 1 1 1 
1 1 1 1 1 1 1 1 1 
1 1 1 1 1 1 1 1 1 
1 1 1 1 1 1 1 1 1 
1 1 1 1 1 1 1 1 1 
1 1 1 1 1 1 1 1 1 
1 1 1 1 1 1 1 1 1 
1 1 1 1 1 1 1 1 1 
1 1 1 1 1 1 1 1 1 
1 1 1 1 1 1 1 1 1 
1 1 1 1 1 1 1 1 1 
1 1 1 1 1 1 1 1 1 
1 1 1 1 1 1 1 1 1 
1 1 1 1 1 1 1 1 1 
1 1 1 1 1 1 1 1 1 
1 1 1 1 1 1 1 1 1 
1 1 1 1 1 1 1 1 1 
1 1 1 1 1 1 1 1 1 
1 1 1 1 1 1 1 1 1 
1 1 1 1 1 1 1 1 1 
1 1 1 1 1 1 1 1 1 
1 1 1 1 1 1 1 1 1 
1 1 1 1 1 1 1 1 1 
1 1 1 1 1 1 1 1 1 
1 1 1 1 1 1 1 1 1 
1 1 1 1 1 1 1 1 1 
1 1 1 1 1 1 1 1 1 
1 1 1 1 1 1 1 1 1 
1 1 1 1 1 1 1 1 1 
1 1 1 1 1 1 1 1 1 
1 1 1 1 1 1 1 1 1 
1 1 1 1 1 1 1 1 1 
1 1 1 1 1 1 1 1 1 
1 1 1 1 1 1 1 1 1 
1 1 1 1 1 1 1 1 1 
1 1 1 1 1 1 1 1 1 
1 1 1 1 1 1 1 1 1 
1 1 1 1 1 1 1 1 1 
1 1 1 1 1 1 1 1 1 
1 1 1 1 1 1 1 1 1 
1 1 1 1 1 1 1 1 1 
1 1 1 1 1 1 1 1 1 
1 1 1 1 1 1 1 1 1 
1 1 1 1 1 1 1 1 1 
1 1 1 1 1 1 1 1 1 
1 1 1 1 1 1 1 1 1 
1 1 1 1 1 1 1 1 1 
1 1 1 1 1 1 1 1 1 
1 1 1 1 1 1 1 1 1 
1 1 1 1 1 1 1 1 1 
1 1 1 1 1 1 1 1 1 
1 1 1 1 1 1 1 1 1 
1 1 1 1 1 1 1 1 1 
1 1 1 1 1 1 1 1 1 
1 1 1 1 1 1 1 1 1 
1 1 1 1 1 1 1 1 1 
1 1 1 1 1 1 1 1 1 
1 1 1 1 1 1 1 1 1 
1 1 1 1 1 1 1 1 1 
1 1 1 1 1 1 1 1 1 
1 1 1 1 1 1 1 1 1 
1 1 1 1 1 1 1 1 1 
1 1 1 1 1 1 1 1 1 
1 1 1 1 1 1 1 1 1 
1 1 1 1 1 1 1 1 1 
1 1 1 1 1 1 1 1 1 
1 1 1 1 1 1 1 1 1 
1 1 1 1 1 1 1 1 1 
1 1 1 1 1 1 1 1 1 
1 1 1 1 1 1 1 1 1 
1 1 1 1 1 1 1 1 1 
1 1 1 1 1 1 1 1 1 
1 1 1 1 1 1 1 1 1 
1 1 1 1 1 1 1 1 1 
1 1 1 1 1 1 1 1 1 
1 1 1 1 1 1 1 1 1 
1 1 1 1 1 1 1 1 1 
1 1 1 1 1 1 1 1 1 
1 1 1 1 1 1 1 1 1 
1 1 1 1 1 1 1 1 1 
1 1 1 1 1 1 1 1 1 
1 1 1 1 1 1 1 1 1 
1 1 1 1 1 1 1 1 1 
1 1 1 1 1 1 1 1 1 
1 1 1 1 1 1 1 1 1 
1 1 1 1 1 1 1 1 1 
1 1 1 1 1 1 1 1 1 
1 1 1 1 1 1 1 1 1 
1 1 1 1 1 1 1 1 1 
1 1 1 1 1 1 1 1 1 
1 1 1 1 1 1 1 1 1 
1 1 1 1 1 1 1 1 1 
1 1 1 1 1 1 1 1 1 
1 1 1 1 1 1 1 1 1 
1 1 1 1 1 1 1 1 1 
1 1 1 1 1 1 1 1 1 
1 1 1 1 1 1 1 1 1 
1 1 1 1 1 1 1 1 1 
1 1 1 1 1 1 1 1 1 
1 1 1 1 1 1 1 1 1 
1 1 1 1 1 1 1 1 1 
1 1 1 1 1 1 1 1 1 
1 1 1 1 1 1 1 1 1 
1 1 1 1 1 1 1 1 1 
1 1 1 1 1 1 1 1 1 
1 1 1 1 1 1 1 1 1 
1 1 1 1 1 1 1 1 1 
1 1 1 1 1 1 1 1 1 
1 1 1 1 1 1 1 1 1 
1 1 1 1 1 1 1 1 1 
1 1 1 1 1 1 1 1 1 
1 1 1 1 1 1 1 1 1 
1 1 1 1 1 1 1 1 1 
1 1 1 1 1 1 1 1 1 
1 1 1 1 1 1 1 1 1 
1 1 1 1 1 1 1 1 1 
1 1 1 1 1 1 1 1 1 
1 1 1 1 1 1 1 1 1 
1 1 1 1 1 1 1 1 1 
1 1 1 1 1 1 1 1 1 
1 1 1 1 1 1 1 1 1 
1 1 1 1 1 1 1 1 1 
1 1 1 1 1 1 1 1 1 
1 1 1 1 1 1 1 1 1 
1 1 1 1 1 1 1 1 1 
1 1 1 1 1 1 1 1 1 
1 1 1 1 1 1 1 1 1 
1 1 1 1 1 1 1 1 1 
1 1 1 1 1 1 1 1 1 
1 1 1 1 1 1 1 1 1 
1 1 1 1 1 1 1 1 1 
1 1 1 1 1 1 1 1 1 
1 1 1 1 1 1 1 1 1 
1 1 1 1 1 1 1 1 1 
1 1 1 1 1 1 1 1 1 
1 1 1 1 1 1 1 1 1 
1 1 1 1 1 1 1 1 1 
1 1 1 1 1 1 1 1 1 
1 1 1 1 1 1 1 1 1 
1 1 1 1 1 1 1 1 1 
1 1 1 1 1 1 1 1 1 
1 1 1 1 1 1 1 1 1 
1 1 1 1 1 1 1 1 1 
1 1 1 1 1 1 1 1 1 
1 1 1 1 1 1 1 1 1 
1 1 1 1 1 1 1 1 1 
1 1 1 1 1 1 1 1 1 
1 1 1 1 1 1 1 1 1 
1 1 1 1 1 1 1 1 1 
1 1 1 1 1 1 1 1 1 
1 1 1 1 1 1 1 1 1 
1 1 1 1 1 1 1 1 1 
1 1 1 1 1 1 1 1 1 
1 1 1 1 1 1 1 1 1 
1 1 1 1 1 1 1 1 1 
1 1 1 1 1 1 1 1 1 
1 1 1 1 1 1 1 1 1 
1 1 1 1 1 1 1 1 1 
1 1 1 1 1 1 1 1 1 
1 1 1 1 1 1 1 1 1 
1 1 1 1 1 1 1 1 1 
1 1 1 1 1 1 1 1 1 
1 1 1 1 1 1 1 1 1 
1 1 1 1 1 1 1 1 1 
1 1 1 1 1 1 1 1 1 
1 1 1 1 1 1 1 1 1 
1 1 1 1 1 1 1 1 1 
1 1 1 1 1 1 1 1 1 
1 1 1 1 1 1 1 1 1 
1 1 1 1 1 1 1 1 1 
1 1 1 1 1 1 1 1 1 
1 1 1 1 1 1 1 1 1 
1 1 1 1 1 1 1 1 1 
1 1 1 1 1 1 1 1 1 
1 1 1 1 1 1 1 1 1 
1 1 1 1 1 1 1 1 1 
1 1 1 1 1 1 1 1 1 
1 1 1 1 1 1 1 1 1 
1 1 1 1 1 1 1 1 1 
1 1 1 1 1 1 1 1 1 
1 1 1 1 1 1 1 1 1 
1 1 1 1 1 1 1 1 1 
1 1 1 1 1 1 1 1 1 
1 1 1 1 1 1 1 1 1 
1 1 1 1 1 1 1 1 1 
1 1 1 1 1 1 1 1 1 
1 1 1 1 1 1 1 1 1 
1 1 1 1 1 1 1 1 1 
1 1 1 1 1 1 1 1 1 
1 1 1 1 1 1 1 1 1 
1 1 1 1 1 1 1 1 1 
1 1 1 1 1 1 1 1 1 
1 1 1 1 1 1 1 1 1 
1 1 1 1 1 1 1 1 1 
1 1 1 1 1 1 1 1 1 
1 1 1 1 1 1 1 1 1 
1 1 1 1 1 1 1 1 1 
1 1 1 1 1 1 1 1 1 
1 1 1 1 1 1 1 1 1 
1 1 1 1 1 1 1 1 1 
1 1 1 1 1 1 1 1 1 
1 1 1 1 1 1 1 1 1 
1 1 1 1 1 1 1 1 1 
1 1 1 1 1 1 1 1 1 
1 1 1 1 1 1 1 1 1 
1 1 1 1 1 1 1 1 1 
1 1 1 1 1 1 1 1 1 
1 1 1 1 1 1 1 1 1 
1 1 1 1 1 1 1 1 1 
1 1 1 1 1 1 1 1 1 
1 1 1 1 1 1 1 1 1 
1 1 1 1 1 1 1 1 1 
1 1 1 1 1 1 1 1 1 
1 1 1 1 1 1 1 1 1 
1 1 1 1 1 1 1 1 1 
1 1 1 1 1 1 1 1 1 
1 1 1 1 1 1 1 1 1 
1 1 1 1 1 1 1 1 1 
1 1 1 1 1 1 1 1 1 
1 1 1 1 1 1 1 1 1 
1 1 1 1 1 1 1 1 1 
1 1 1 1 1 1 1 1 1 
1 1 1 1 1 1 1 1 1 
1 1 1 1 1 1 1 1 1 
1 1 1 1 1 1 1 1 1 
1 1 1 1 1 1 1 1 1 
1 1 1 1 1 1 1 1 1 
1 1 1 1 1 1 1 1 1 
1 1 1 1 1 1 1 1 1 
1 1 1 1 1 1 1 1 1 
1 1 1 1 1 1 1 1 1 
1 1 1 1 1 1 1 1 1 
1 1 1 1 1 1 1 1 1 
1 1 1 1 1 1 1 1 1 
1 1 1 1 1 1 1 1 1 
1 1 1 1 1 1 1 1 1 
1 1 1 1 1 1 1 1 1 
1 1 1 1 1 1 1 1 1 
1 1 1 1 1 1 1 1 1 
1 1 1 1 1 1 1 1 1 
1 1 1 1 1 1 1 1 1 
1 1 1 1 1 1 1 1 1 
1 1 1 1 1 1 1 1 1 
1 1 1 1 1 1 1 1 1 
1 1 1 1 1 1 1 1 1 
1 1 1 1 1 1 1 1 1 
1 1 1 1 1 1 1 1 1 
1 1 1 1 1 1 1 1 1 
1 1 1 1 1 1 1 1 1 
1 1 1 1 1 1 1 1 1 
1 1 1 1 1 1 1 1 1 
1 1 1 1 1 1 1 1 1 
1 1 1 1 1 1 1 1 1 
1 1 1 1 1 1 1 1 1 
1 1 1 1 1 1 1 1 1 
1 1 1 1 1 1 1 1 1 
1 1 1 1 1 1 1 1 1 
1 1 1 1 1 1 1 1 1 
1 1 1 1 1 1 1 1 1 
1 1 1 1 1 1 1 1 1 
1 1 1 1 1 1 1 1 1 
1 1 1 1 1 1 1 1 1 
1 1 1 1 1 1 1 1 1 
1 1 1 1 1 1 1 1 1 
1 1 1 1 1 1 1 1 1 
1 1 1 1 1 1 1 1 1 
1 1 1 1 1 1 1 1 1 
1 1 1 1 1 1 1 1 1 
1 1 1 1 1 1 1 1 1 
1 1 1 1 1 1 1 1 1 
1 1 1 1 1 1 1 1 1 
1 1 1 1 1 1 1 1 1 
1 1 1 1 1 1 1 1 1 
1 1 1 1 1 1 1 1 1 
1 1 1 1 1 1 1 1 1 
1 1 1 1 1 1 1 1 1 
1 1 1 1 1 1 1 1 1 
1 1 1 1 1 1 1 1 1 
1 1 1 1 1 1 1 1 1 
1 1 1 1 1 1 1 1 1 
1 1 1 1 1 1 1 1 1 
1 1 1 1 1 1 1 1 1 
1 1 1 1 1 1 1 1 1 
1 1 1 1 1 1 1 1 1 
1 1 1 1 1 1 1 1 1 
1 1 1 1 1 1 1 1 1 
1 1 1 1 1 1 1 1 1 
1 1 1 1 1 1 1 1 1 
1 1 1 1 1 1 1 1 1 
1 1 1 1 1 1 1 1 1 
1 1 1 1 1 1 1 1 1 
1 1 1 1 1 1 1 1 1 
1 1 1 1 1 1 1 1 1 
1 1 1 1 1 1 1 1 1 
1 1 1 1 1 1 1 1 1 
1 1 1 1 1 1 1 1 1 
1 1 1 1 1 1 1 1 1 
1 1 1 1 1 1 1 1 1 
1 1 1 1 1 1 1 1 1 
1 1 1 1 1 1 1 1 1 
1 1 1 1 1 1 1 1 1 
1 1 1 1 1 1 1 1 1 
1 1 1 1 1 1 1 1 1 
1 1 1 1 1 1 1 1 1 
1 1 1 1 1 1 1 1 1 
1 1 1 1 1 1 1 1 1 
1 1 1 1 1 1 1 1 1 
1 1 1 1 1 1 1 1 1 
1 1 1 1 1 1 1 1 1 
1 1 1 1 1 1 1 1 1 
1 1 1 1 1 1 1 1 1 
1 1 1 1 1 1 1 1 1 
1 1 1 1 1 1 1 1 1 
1 1 1 1 1 1 1 1 1 
1 1 1 1 1 1 1 1 1 
1 1 1 1 1 1 1 1 1 
1 1 1 1 1 1 1 1 1 
1 1 1 1 1 1 1 1 1 
1 1 1 1 1 1 1 1 1 
1 1 1 1 1 1 1 1 1 
1 1 1 1 1 1 1 1 1 
1 1 1 1 1 1 1 1 1 
1 1 1 1 1 1 1 1 1 
1 1 1 1 1 1 1 1 1 
1 1 1 1 1 1 1 1 1 
1 1 1 1 1 1 1 1 1 
1 1 1 1 1 1 1 1 1 
1 1 1 1 1 1 1 1 1 
1 1 1 1 1 1 1 1 1 
1 1 1 1 1 1 1 1 1 
1 1 1 1 1 1 1 1 1 
1 1 1 1 1 1 1 1 1 
1 1 1 1 1 1 1 1 1 
1 1 1 1 1 1 1 1 1 
1 1 1 1 1 1 1 1 1 
1 1 1 1 1 1 1 1 1 
1 1 1 1 1 1 1 1 1 
1 1 1 1 1 1 1 1 1 
1 1 1 1 1 1 1 1 1 
1 1 1 1 1 1 1 1 1 
1 1 1 1 1 1 1 1 1 
1 1 1 1 1 1 1 1 1 
1 1 1 1 1 1 1 1 1 
1 1 1 1 1 1 1 1 1 
1 1 1 1 1 1 1 1 1 
1 1 1 1 1 1 1 1 1 
1 1 1 1 1 1 1 1 1 
1 1 1 1 1 1 1 1 1 
1 1 1 1 1 1 1 1 1 
1 1 1 1 1 1 1 1 1 
1 1 1 1 1 1 1 1 1 
1 1 1 1 1 1 1 1 1 
1 1 1 1 1 1 1 1 1 
1 1 1 1 1 1 1 1 1 
1 1 1 1 1 1 1 1 1 
1 1 1 1 1 1 1 1 1 
1 1 1 1 1 1 1 1 1 
1 1 1 1 1 1 1 1 1 
1 1 1 1 1 1 1 1 1 
1 1 1 1 1 1 1 1 1 
1 1 1 1 1 1 1 1 1 
1 1 1 1 1 1 1 1 1 
1 1 1 1 1 1 1 1 1 
1 1 1 1 1 1 1 1 1 
1 1 1 1 1 1 1 1 1 
1 1 1 1 1 1 1 1 1 
1 1 1 1 1 1 1 1 1 
1 1 1 1 1 1 1 1 1 
1 1 1 1 1 1 1 1 1 
1 1 1 1 1 1 1 1 1 
1 1 1 1 1 1 1 1 1 
1 1 1 1 1 1 1 1 1 
1 1 1 1 1 1 1 1 1 
1 1 1 1 1 1 1 1 1 
1 1 1 1 1 1 1 1 1 
1 1 1 1 1 1 1 1 1 
1 1 1 1 1 1 1 1 1 
1 1 1 1 1 1 1 1 1 
1 1 1 1 1 1 1 1 1 
1 1 1 1 1 1 1 1 1 
1 1 1 1 1 1 1 1 1 
1 1 1 1 1 1 1 1 1 
1 1 1 1 1 1 1 1 1 
1 1 1 1 1 1 1 1 1 
1 1 1 1 1 1 1 1 1 
1 1 1 1 1 1 1 1 1 
1 1 1 1 1 1 1 1 1 
1 1 1 1 1 1 1 1 1 
1 1 1 1 1 1 1 1 1 
1 1 1 1 1 1 1 1 1 
1 1 1 1 1 1 1 1 1 
1 1 1 1 1 1 1 1 1 
1 1 1 1 1 1 1 1 1 
1 1 1 1 1 1 1 1 1 
1 1 1 1 1 1 1 1 1 
1 1 1 1 1 1 1 1 1 
1 1 1 1 1 1 1 1 1 
1 1 1 1 1 1 1 1 1 
1 1 1 1 1 1 1 1 1 
1 1 1 1 1 1 1 1 1 
1 1 1 1 1 1 1 1 1 
1 1 1 1 1 1 1 1 1 
1 1 1 1 1 1 1 1 1 
1 1 1 1 1 1 1 1 1 
1 1 1 1 1 1 1 1 1 
1 1 1 1 1 1 1 1 1 
1 1 1 1 1 1 1 1 1 
1 1 1 1 1 1 1 1 1 
1 1 1 1 1 1 1 1 1 
1 1 1 1 1 1 1 1 1 
1 1 1 1 1 1 1 1 1 
1 1 1 1 1 1 1 1 1 
1 1 1 1 1 1 1 1 1 
1 1 1 1 1 1 1 1 1 
1 1 1 1 1 1 1 1 1 
1 1 1 1 1 1 1 1 1 
1 1 1 1 1 1 1 1 1 
1 1 1 1 1 1 1 1 1 
1 1 1 1 1 1 1 1 1 
1 1 1 1 1 1 1 1 1 
1 1 1 1 1 1 1 1 1 
1 1 1 1 1 1 1 1 1 
1 1 1 1 1 1 1 1 1 
1 1 1 1 1 1 1 1 1 
1 1 1 1 1 1 1 1 1 
1 1 1 1 1 1 1 1 1 
1 1 1 1 1 1 1 1 1 
1 1 1 1 1 1 1 1 1 
1 1 1 1 1 1 1 1 1 
1 1 1 1 1 1 1 1 1 
1 1 1 1 1 1 1 1 1 
1 1 1 1 1 1 1 1 1 
1 1 1 1 1 1 1 1 1 
1 1 1 1 1 1 1 1 1 
1 1 1 1 1 1 1 1 1 
1 1 1 1 1 1 1 1 1 
1 1 1 1 1 1 1 1 1 
1 1 1 1 1 1 1 1 1 
1 1 1 1 1 1 1 1 1 
1 1 1 1 1 1 1 1 1 
1 1 1 1 1 1 1 1 1 
1 1 1 1 1 1 1 1 1 
1 1 1 1 1 1 1 1 1 
1 1 1 1 1 1 1 1 1 
1 1 1 1 1 1 1 1 1 
1 1 1 1 1 1 1 1 1 
1 1 1 1 1 1 1 1 1 
1 1 1 1 1 1 1 1 1 
1 1 1 1 1 1 1 1 1 
1 1 1 1 1 1 1 1 1 
1 1 1 1 1 1 1 1 1 
1 1 1 1 1 1 1 1 1 
1 1 1 1 1 1 1 1 1 
1 1 1 1 1 1 1 1 1 
1 1 1 1 1 1 1 1 1 
1 1 1 1 1 1 1 1 1 
1 1 1 1 1 1 1 1 1 
1 1 1 1 1 1 1 1 1 
1 1 1 1 1 1 1 1 1 
1 1 1 1 1 1 1 1 1 
1 1 1 1 1 1 1 1 1 
1 1 1 1 1 1 1 1 1 
1 1 1 1 1 1 1 1 1 
1 1 1 1 1 1 1 1 1 
1 1 1 1 1 1 1 1 1 
1 1 1 1 1 1 1 1 1 
1 1 1 1 1 1 1 1 1 
1 1 1 1 1 1 1 1 1 
1 1 1 1 1 1 1 1 1 
1 1 1 1 1 1 1 1 1 
1 1 1 1 1 1 1 1 1 
1 1 1 1 1 1 1 1 1 
1 1 1 1 1 1 1 1 1 
1 1 1 1 1 1 1 1 1 
1 1 1 1 1 1 1 1 1 
1 1 1 1 1 1 1 1 1 
1 1 1 1 1 1 1 1 1 
1 1 1 1 1 1 1 1 1 
1 1 1 1 1 1 1 1 1 
1 1 1 1 1 1 1 1 1 
1 1 1 1 1 1 1 1 1 
1 1 1 1 1 1 1 1 1 
1 1 1 1 1 1 1 1 1 
1 1 1 1 1 1 1 1 1 
1 1 1 1 1 1 1 1 1 
1 1 1 1 1 1 1 1 1 
1 1 1 1 1 1 1 1 1 
1 1 1 1 1 1 1 1 1 
1 1 1 1 1 1 1 1 1 
1 1 1 1 1 1 1 1 1 
1 1 1 1 1 1 1 1 1 
1 1 1 1 1 1 1 1 1 
1 1 1 1 1 1 1 1 1 
1 1 1 1 1 1 1 1 1 
1 1 1 1 1 1 1 1 1 
1 1 1 1 1 1 1 1 1 
1 1 1 1 1 1 1 1 1 
1 1 1 1 1 1 1 1 1 
1 1 1 1 1 1 1 1 1 
1 1 1 1 1 1 1 1 1 
1 1 1 1 1 1 1 1 1 
1 1 1 1 1 1 1 1 1 
1 1 1 1 1 1 1 1 1 
1 1 1 1 1 1 1 1 1 
1 1 1 1 1 1 1 1 1 
1 1 1 1 1 1 1 1 1 
1 1 1 1 1 1 1 1 1 
1 1 1 1 1 1 1 1 1 
1 1 1 1 1 1 1 1 1 
1 1 1 1 1 1 1 1 1 
1 1 1 1 1 1 1 1 1 
1 1 1 1 1 1 1 1 1 
1 1 1 1 1 1 1 1 1 
1 1 1 1 1 1 1 1 1 
1 1 1 1 1 1 1 1 1 
1 1 1 1 1 1 1 1 1 
1 1 1 1 1 1 1 1 1 
1 1 1 1 1 1 1 1 1 
1 1 1 1 1 1 1 1 1 
1 1 1 1 1 1 1 1 1 
1 1 1 1 1 1 1 1 1 
1 1 1 1 1 1 1 1 1 
1 1 1 1 1 1 1 1 1 
1 1 1 1 1 1 1 1 1 
1 1 1 1 1 1 1 1 1 
1 1 1 1 1 1 1 1 1 
1 1 1 1 1 1 1 1 1 
1 1 1 1 1 1 1 1 1 
1 1 1 1 1 1 1 1 1 
1 1 1 1 1 1 1 1 1 
1 1 1 1 1 1 1 1 1 
1 1 1 1 1 1 1 1 1 
1 1 1 1 1 1 1 1 1 
1 1 1 1 1 1 1 1 1 
1 1 1 1 1 1 1 1 1 
1 1 1 1 1 1 1 1 1 
1 1 1 1 1 1 1 1 1 
1 1 1 1 1 1 1 1 1 
1 1 1 1 1 1 1 1 1 
1 1 1 1 1 1 1 1 1 
1 1 1 1 1 1 1 1 1 
1 1 1 1 1 1 1 1 1 
1 1 1 1 1 1 1 1 1 
1 1 1 1 1 1 1 1 1 
1 1 1 1 1 1 1 1 1 
1 1 1 1 1 1 1 1 1 
1 1 1 1 1 1 1 1 1 
1 1 1 1 1 1 1 1 1 
1 1 1 1 1 1 1 1 1 
1 1 1 1 1 1 1 1 1 
1 1 1 1 1 1 1 1 1 
1 1 1 1 1 1 1 1 1 
1 1 1 1 1 1 1 1 1 
1 1 1 1 1 1 1 1 1 
1 1 1 1 1 1 1 1 1 
1 1 1 1 1 1 1 1 1 
1 1 1 1 1 1 1 1 1 
1 1 1 1 1 1 1 1 1 
1 1 1 1 1 1 1 1 1 
1 1 1 1 1 1 1 1 1 
1 1 1 1 1 1 1 1 1 
1 1 1 1 1 1 1 1 1 
1 1 1 1 1 1 1 1 1 
1 1 1 1 1 1 1 1 1 
1 1 1 1 1 1 1 1 1 
1 1 1 1 1 1 1 1 1 
1 1 1 1 1 1 1 1 1 
1 1 1 1 1 1 1 1 1 
1 1 1 1 1 1 1 1 1 
1 1 1 1 1 1 
