# vtk DataFile Version 5.1
vtk output
ASCII
DATASET POLYDATA
POINTS 3096 float
0.21531 -0.0672119 0.697917 0.216116 -0.057301 0.677749 0.197838 -0.0688847 0.683862 
0.246399 -0.0736241 0.696007 0.247204 -0.0637131 0.675839 0.260015 -0.081709 0.680043 
-0.00777846 -0.0519064 0.721601 -0.00697316 -0.0419955 0.701433 -0.0252511 -0.0535792 0.707546 
0.0233103 -0.0583186 0.719692 0.0241156 -0.0484076 0.699524 0.0543991 -0.0647307 0.717782 
0.0552044 -0.0548198 0.697614 0.0854879 -0.0711429 0.715873 0.0862932 -0.0612319 0.695704 
0.116577 -0.077555 0.713963 0.117382 -0.0676441 0.693794 0.147666 -0.0839671 0.712053 
0.148471 -0.0740562 0.691885 0.178754 -0.0903793 0.710144 0.17956 -0.0804683 0.689975 
0.210648 -0.0868805 0.688066 0.19237 -0.0984642 0.694179 0.241737 -0.0932926 0.686156 
-0.137601 -0.0558374 0.739557 -0.136795 -0.0459264 0.719389 -0.155073 -0.0575101 0.725502 
-0.106512 -0.0622495 0.737647 -0.105707 -0.0523386 0.717479 -0.0754232 -0.0686617 0.735738 
-0.0746179 -0.0587507 0.715569 -0.0443344 -0.0750738 0.733828 -0.0435291 -0.0651629 0.71366 
-0.0132456 -0.0814859 0.731918 0.0178432 -0.0878981 0.730009 0.048932 -0.0943102 0.728099 
0.0800208 -0.100722 0.726189 0.11111 -0.107135 0.72428 0.124726 -0.115219 0.708315 
0.143004 -0.103636 0.702202 0.174092 -0.110048 0.700292 -0.142263 -0.0755059 0.729705 
-0.111174 -0.0819181 0.727796 -0.080085 -0.0883302 0.725886 -0.0489962 -0.0947424 0.723976 
-0.0179074 -0.101155 0.722067 0.0131814 -0.107567 0.720157 0.0442702 -0.113979 0.718248 
0.075359 -0.120391 0.716338 0.106448 -0.126803 0.714428 0.414388 -0.0267038 0.625489 
0.415193 -0.0167929 0.60532 0.396915 -0.0283766 0.611434 0.428004 -0.0347887 0.609524 
0.284566 -0.0306348 0.643444 0.285371 -0.0207238 0.623276 0.267093 -0.0323075 0.629389 
0.315654 -0.0370469 0.641535 0.31646 -0.027136 0.621366 0.346743 -0.0434591 0.639625 
0.347548 -0.0335481 0.619457 0.377832 -0.0498712 0.637715 0.378637 -0.0399603 0.617547 
0.409726 -0.0463724 0.615637 0.391448 -0.0579561 0.62175 -0.000700723 -0.002505 0.670948 
0.000104578 0.00740595 0.65078 -0.0181734 -0.00417774 0.656893 0.0303881 -0.00891715 0.669038 
0.0311934 0.0009938 0.64887 0.0614769 -0.0153293 0.667129 0.0622822 -0.00541835 0.64696 
0.0925657 -0.0217414 0.665219 0.093371 -0.0118305 0.645051 0.123654 -0.0281536 0.663309 
0.12446 -0.0182426 0.643141 0.154743 -0.0345657 0.6614 0.155549 -0.0246548 0.641231 
0.185832 -0.0409779 0.65949 0.186637 -0.0310669 0.639322 0.216921 -0.04739 0.65758 
0.217726 -0.0374791 0.637412 0.24801 -0.0538022 0.655671 0.248815 -0.0438912 0.635502 
0.279098 -0.0602143 0.653761 0.310187 -0.0666265 0.651851 0.323803 -0.0747114 0.635887 
0.342081 -0.0631277 0.629773 0.37317 -0.0695398 0.627864 -0.0994342 -0.0128481 0.686994 
-0.0986289 -0.00293714 0.666825 -0.116907 -0.0145208 0.672939 -0.0683454 -0.0192602 0.685084 
-0.0675401 -0.00934929 0.664916 -0.0372567 -0.0256724 0.683174 -0.0364514 -0.0157614 0.663006 
-0.00616786 -0.0320845 0.681265 0.0249209 -0.0384967 0.679355 0.0560097 -0.0449088 0.677445 
0.0870985 -0.051321 0.675536 0.118187 -0.0577331 0.673626 0.149276 -0.0641453 0.671717 
0.180365 -0.0705574 0.669807 0.273631 -0.0897938 0.664078 0.287247 -0.0978787 0.648113 
0.305525 -0.086295 0.642 -0.104901 -0.0424276 0.697311 -0.122374 -0.0441004 0.683255 
-0.0738126 -0.0488398 0.695401 -0.0427238 -0.0552519 0.693491 0.157425 -0.10181 0.666069 
0.174898 -0.100137 0.680124 0.175703 -0.090226 0.659955 0.206792 -0.0966381 0.658046 
0.237881 -0.10305 0.656136 0.268969 -0.109462 0.654226 -0.140652 -0.0556841 0.689369 
-0.15893 -0.0672677 0.695482 0.107253 -0.116892 0.69426 0.0897804 -0.118565 0.680205 
0.108058 -0.106981 0.674092 0.139147 -0.113393 0.672182 -0.146119 -0.0852636 0.699686 
-0.11503 -0.0916757 0.697776 -0.0839415 -0.0980879 0.695866 -0.0528528 -0.1045 0.693957 
-0.021764 -0.110912 0.692047 0.00932484 -0.117324 0.690137 0.0404136 -0.123736 0.688228 
0.0715024 -0.130149 0.686318 0.415998 -0.00688195 0.585152 0.416804 0.00302899 0.564984 
0.398526 -0.0085547 0.571097 0.429615 -0.0149668 0.569187 0.161821 0.0148357 0.610746 
0.162626 0.0247466 0.590578 0.144348 0.0131629 0.596691 0.19291 0.00842354 0.608836 
0.193715 0.0183345 0.588668 0.223999 0.0020114 0.606927 0.224804 0.0119223 0.586758 
0.255087 -0.00440075 0.605017 0.255893 0.00551019 0.584849 0.286176 -0.0108129 0.603107 
0.286981 -0.000901952 0.582939 0.317265 -0.017225 0.601198 0.31807 -0.0073141 0.581029 
0.348354 -0.0236372 0.599288 0.349159 -0.0137262 0.57912 0.379443 -0.0300493 0.597378 
0.380248 -0.0201384 0.57721 0.424147 -0.0445464 0.579504 0.000909878 0.0173169 0.630611 
0.00171518 0.0272278 0.610443 -0.0165628 0.0156441 0.616556 0.0319987 0.0109047 0.628702 
0.032804 0.0208157 0.608533 0.0630875 0.0044926 0.626792 0.0638928 0.0144035 0.606624 
0.0941763 -0.00191955 0.624882 0.0949816 0.0079914 0.604714 0.125265 -0.00833169 0.622973 
0.12607 0.00157925 0.602804 0.156354 -0.0147438 0.621063 0.187443 -0.021156 0.619153 
0.218531 -0.0275681 0.617244 0.24962 -0.0339803 0.615334 0.405064 -0.066041 0.605786 
0.41868 -0.0741259 0.589821 -0.128912 0.0133859 0.648567 -0.128107 0.0232969 0.628398 
-0.146385 0.0117132 0.634512 -0.0978236 0.0069738 0.646657 -0.0970183 0.0168847 0.626489 
-0.0667349 0.000561656 0.644747 -0.0659295 0.0104726 0.624579 -0.0356461 -0.00585049 0.642838 
-0.0348408 0.00406046 0.622669 0.33742 -0.0827962 0.619922 0.368508 -0.0892084 0.618012 
0.382124 -0.0972933 0.602047 0.400402 -0.0857096 0.595934 -0.133574 -0.00628263 0.638715 
-0.120763 -0.0242785 0.642919 0.300864 -0.105964 0.632148 0.31448 -0.114049 0.616184 
0.332758 -0.102465 0.61007 0.363846 -0.108877 0.608161 -0.126231 -0.053858 0.653236 
0.153569 -0.111567 0.636049 0.171847 -0.0999836 0.629936 0.202935 -0.106396 0.628026 
0.234024 -0.112808 0.626116 0.265113 -0.11922 0.624207 0.296202 -0.125632 0.622297 
-0.144509 -0.0654417 0.659349 -0.162787 -0.0770254 0.665462 0.0859239 -0.128323 0.650185 
0.104202 -0.116739 0.644072 0.135291 -0.123151 0.642162 -0.149976 -0.0950212 0.669666 
-0.118887 -0.101433 0.667756 -0.0877981 -0.107846 0.665846 -0.0567093 -0.114258 0.663937 
-0.0256205 -0.12067 0.662027 0.0054683 -0.127082 0.660118 0.0365571 -0.133494 0.658208 
0.0676459 -0.139906 0.656298 0.360899 0.0553438 0.538318 0.361704 0.0652547 0.518149 
0.343426 0.053671 0.524263 0.374515 0.0472589 0.522353 0.262165 0.0450007 0.554364 
0.26297 0.0549116 0.534195 0.244692 0.0433279 0.540308 0.293254 0.0385885 0.552454 
0.294059 0.0484995 0.532286 0.324343 0.0321764 0.550544 0.325148 0.0420873 0.530376 
0.355431 0.0257642 0.548635 0.387326 0.029263 0.526557 0.38652 0.0193521 0.546725 
0.400136 0.0112672 0.53076 0.163432 0.0346576 0.570409 0.164237 0.0445685 0.550241 
0.145959 0.0329848 0.556354 0.19452 0.0282454 0.5685 0.195326 0.0381564 0.548331 
0.225609 0.0218333 0.56659 0.226414 0.0317442 0.546422 0.256698 0.0154211 0.56468 
0.287787 0.00900899 0.562771 0.318876 0.00259685 0.560861 0.349964 -0.0038153 0.558951 
0.381053 -0.0102274 0.557042 0.412947 -0.00672865 0.534964 0.425758 -0.0247245 0.539167 
-0.121835 0.0627874 0.597913 -0.121029 0.0726983 0.577745 -0.139307 0.0611146 0.583858 
-0.0907459 0.0563752 0.596003 -0.0899406 0.0662862 0.575835 -0.0596571 0.0499631 0.594094 
-0.0588518 0.059874 0.573925 -0.0285683 0.0435509 0.592184 -0.027763 0.0534619 0.572016 
0.00252048 0.0371388 0.590275 0.00332578 0.0470497 0.570106 0.0336093 0.0307266 0.588365 
0.0344146 0.0406376 0.568197 0.0646981 0.0243145 0.586455 0.0655034 0.0342254 0.566287 
0.0957869 0.0179023 0.584546 0.0965922 0.0278133 0.564377 0.126876 0.0114902 0.582636 
0.127681 0.0214011 0.562468 0.420291 -0.054304 0.549484 -0.127302 0.0332078 0.60823 
-0.144774 0.0315351 0.594175 -0.096213 0.0267957 0.60632 -0.0651242 0.0203835 0.604411 
-0.0340355 0.0139714 0.602501 0.401208 -0.0757986 0.575766 0.383735 -0.0774714 0.561711 
0.402013 -0.0658877 0.555597 -0.150242 0.00195557 0.604492 0.378268 -0.107051 0.572028 
-0.138236 -0.0259512 0.628864 -0.155709 -0.027624 0.614809 0.310623 -0.123806 0.586164 
0.328901 -0.112222 0.580051 0.35999 -0.118635 0.578141 -0.143703 -0.0555307 0.639181 
-0.161176 -0.0572035 0.625125 0.167185 -0.119652 0.620084 0.198274 -0.126064 0.618174 
0.21189 -0.134149 0.60221 0.230168 -0.122566 0.596096 0.261256 -0.128978 0.594187 
0.292345 -0.13539 0.592277 -0.14917 -0.0851103 0.649497 -0.148365 -0.0751993 0.629329 
-0.118082 -0.0915224 0.647588 -0.117276 -0.0816115 0.627419 -0.104465 -0.0996073 0.631623 
0.0820673 -0.13808 0.620165 0.100345 -0.126496 0.614052 0.131434 -0.132909 0.612142 
0.162523 -0.139321 0.610233 0.193612 -0.145733 0.608323 -0.0916546 -0.117603 0.635827 
-0.0605658 -0.124015 0.633917 -0.029477 -0.130427 0.632007 0.00161177 -0.13684 0.630098 
0.0327006 -0.143252 0.628188 0.0637894 -0.149664 0.626278 0.294865 0.0584104 0.512117 
0.29567 0.0683214 0.491949 0.277392 0.0567377 0.498062 0.325953 0.0519983 0.510208 
0.326759 0.0619092 0.490039 0.357847 0.0554971 0.48813 0.388131 0.039174 0.506388 
0.388936 0.0490849 0.48622 0.401747 0.0310891 0.490423 0.196131 0.0480673 0.528163 
0.196936 0.0579783 0.507995 0.178658 0.0463946 0.514108 0.22722 0.0416552 0.526253 
0.228025 0.0515661 0.506085 0.259114 0.045154 0.504175 0.39628 0.00150955 0.50074 
-0.120224 0.0826093 0.557576 -0.119419 0.0925202 0.537408 -0.137697 0.0809365 0.543521 
-0.0891353 0.0761971 0.555667 -0.08833 0.0861081 0.535498 -0.0580465 0.069785 0.553757 
-0.0572412 0.0796959 0.533589 -0.0269577 0.0633728 0.551847 -0.0261524 0.0732838 0.531679 
0.00413108 0.0569607 0.549938 0.00493638 0.0668716 0.529769 0.0352199 0.0505485 0.548028 
0.0360252 0.0604595 0.52786 0.0663087 0.0441364 0.546118 0.067114 0.0540473 0.52595 
0.0973975 0.0377242 0.544209 0.0982028 0.0476352 0.524041 0.128486 0.0313121 0.542299 
0.129292 0.041223 0.522131 0.16038 0.0348109 0.520221 0.408285 -0.0263972 0.525112 
0.390813 -0.02807 0.511057 -0.143164 0.051357 0.553838 0.402818 -0.0559768 0.535429 
0.385346 -0.0576495 0.521374 -0.162247 0.0298623 0.58012 -0.161442 0.0397733 0.559951 
-0.17972 0.0281896 0.566065 0.379878 -0.087229 0.531691 -0.167714 0.000282821 0.590437 
-0.185187 -0.00138992 0.576382 0.360795 -0.108724 0.557972 0.343323 -0.110396 0.543917 
0.361601 -0.0988127 0.537804 -0.173181 -0.0292967 0.600754 -0.190654 -0.0309695 0.586698 
0.306767 -0.133564 0.556144 0.325045 -0.12198 0.550031 -0.178649 -0.0588762 0.61107 
-0.196121 -0.060549 0.597015 0.163328 -0.12941 0.590064 0.145856 -0.131083 0.576009 
0.164133 -0.119499 0.569896 0.195222 -0.125911 0.567986 0.194417 -0.135822 0.588154 
0.226311 -0.132323 0.566077 0.2574 -0.138735 0.564167 0.288489 -0.145147 0.562257 
-0.18331 -0.0785448 0.601219 -0.152222 -0.084957 0.599309 -0.121133 -0.0913691 0.5974 
-0.090044 -0.0977813 0.59549 -0.0908493 -0.107692 0.615658 -0.0772332 -0.115777 0.599694 
0.0782108 -0.147838 0.590145 0.0964888 -0.136254 0.584032 0.127578 -0.142666 0.582122 
-0.0644224 -0.133773 0.603897 -0.0333336 -0.140185 0.601987 -0.00224476 -0.146597 0.600078 
0.028844 -0.153009 0.598168 0.0599328 -0.159422 0.596259 0.296475 0.0782323 0.471781 
0.29728 0.0881433 0.451612 0.279002 0.0765596 0.457725 0.327564 0.0718202 0.469871 
0.328369 0.0817311 0.449703 0.34118 0.0637353 0.453906 -0.113146 0.132011 0.506923 
-0.112341 0.141922 0.486755 -0.130619 0.130338 0.492868 -0.0995302 0.123926 0.490958 
0.22883 0.0614771 0.485917 0.229636 0.071388 0.465748 0.211358 0.0598043 0.471862 
0.259919 0.0550649 0.484007 0.260724 0.0649759 0.463839 0.353991 0.0457394 0.45811 
0.38508 0.0393273 0.4562 0.397891 0.0213314 0.460404 -0.118614 0.102431 0.51724 
-0.136086 0.100758 0.503185 -0.0867194 0.10593 0.495162 -0.0875247 0.096019 0.51533 
-0.0564359 0.0896069 0.51342 -0.0556306 0.0995178 0.493252 -0.0428198 0.081522 0.497456 
0.0679193 0.0639583 0.505782 0.0687246 0.0738692 0.485613 0.0504466 0.0622855 0.491727 
0.0990081 0.0575461 0.503872 0.0998134 0.0674571 0.483704 0.130097 0.051134 0.501962 
0.130902 0.0610449 0.481794 0.161186 0.0447218 0.500053 0.161991 0.0546328 0.479884 
0.19308 0.0482206 0.477975 0.392423 -0.00824808 0.47072 -0.141553 0.0711789 0.513502 
-0.0300089 0.0635261 0.501659 0.00107985 0.057114 0.49975 0.0321686 0.0507018 0.49784 
0.386956 -0.0378276 0.481037 -0.160637 0.0496842 0.539783 -0.159831 0.0595952 0.519615 
-0.178109 0.0480115 0.525728 0.381489 -0.0674071 0.491354 -0.183576 0.018432 0.536045 
0.362406 -0.0889018 0.517636 0.344933 -0.0905745 0.503581 0.363211 -0.0789908 0.497467 
-0.20266 -0.00306267 0.562326 -0.201854 0.00684828 0.542158 -0.220132 -0.00473541 0.548271 
0.32585 -0.112069 0.529862 0.308377 -0.113742 0.515807 0.326655 -0.102158 0.509694 
-0.208127 -0.0326422 0.572643 -0.225599 -0.0343149 0.558588 0.289294 -0.135237 0.542089 
0.271821 -0.136909 0.528034 0.290099 -0.125326 0.521921 -0.213594 -0.0622217 0.58296 
-0.231067 -0.0638945 0.568905 0.141999 -0.14084 0.545989 0.160277 -0.129257 0.539876 
0.191366 -0.135669 0.537966 0.222455 -0.142081 0.536057 0.253543 -0.148493 0.534147 
-0.219061 -0.0918013 0.593277 -0.236534 -0.093474 0.579222 -0.187167 -0.0883025 0.571199 
-0.205445 -0.0998861 0.577312 -0.156078 -0.0947146 0.569289 -0.124989 -0.101127 0.56738 
-0.0939006 -0.107539 0.56547 -0.0810897 -0.125535 0.569674 0.0607381 -0.149511 0.57609 
0.0432655 -0.151183 0.562035 0.0615434 -0.1396 0.555922 0.0926322 -0.146012 0.554012 
0.123721 -0.152424 0.552103 -0.223723 -0.11147 0.583426 -0.0682789 -0.143531 0.573877 
-0.0371901 -0.149943 0.571968 -0.0061013 -0.156355 0.570058 0.0249875 -0.162767 0.568148 
0.235908 0.110878 0.435263 0.236713 0.120789 0.415095 0.218435 0.109206 0.421208 
0.266997 0.104466 0.433353 0.267802 0.114377 0.413185 0.298086 0.0980542 0.431444 
0.298891 0.107965 0.411275 0.329175 0.0916421 0.429534 0.32998 0.101553 0.409366 
0.342791 0.0835572 0.413569 -0.111536 0.151833 0.466586 -0.11073 0.161744 0.446418 
-0.129008 0.15016 0.452531 -0.0979196 0.143748 0.450621 0.230441 0.081299 0.44558 
0.212968 0.0796262 0.431525 0.26153 0.0748868 0.44367 0.354796 0.0556504 0.437941 
0.355601 0.0655613 0.417773 0.368412 0.0475655 0.421977 -0.148092 0.128665 0.478813 
-0.147286 0.138576 0.458644 -0.165564 0.126992 0.464758 -0.0859141 0.115841 0.474993 
-0.0851088 0.125752 0.454825 -0.0548253 0.109429 0.473084 -0.05402 0.11934 0.452915 
-0.0412092 0.101344 0.457119 0.100619 0.077368 0.463535 0.101424 0.087279 0.443367 
0.083146 0.0756953 0.44948 0.131707 0.0709559 0.461626 0.132513 0.0808668 0.441457 
0.162796 0.0645437 0.459716 0.163602 0.0744547 0.439548 0.193885 0.0581316 0.457806 
0.19469 0.0680425 0.437638 0.362945 0.017986 0.432293 0.380418 0.0196587 0.446349 
-0.153559 0.0990857 0.48913 -0.171031 0.0974129 0.475074 -0.0292036 0.0734371 0.481491 
-0.0283983 0.083348 0.461323 0.00188515 0.0670249 0.479581 0.00269045 0.0769359 0.459413 
0.0329739 0.0606128 0.477672 0.0337792 0.0705237 0.457503 0.064868 0.0641116 0.455594 
0.375756 -9.88215e-06 0.436497 0.388567 -0.0180057 0.440701 -0.159026 0.0695061 0.499446 
-0.176499 0.0678334 0.485391 0.369484 -0.0395004 0.466982 0.352011 -0.0411731 0.452927 
0.370289 -0.0295894 0.446814 -0.195582 0.0463387 0.511673 -0.194777 0.0562497 0.491505 
-0.213055 0.044666 0.497618 0.364016 -0.0690799 0.477299 0.346544 -0.0707526 0.463244 
-0.201049 0.0167592 0.52199 -0.218522 0.0150865 0.507935 0.32746 -0.0922473 0.489526 
0.309988 -0.09392 0.475471 0.328266 -0.0823363 0.469357 -0.237605 -0.00640816 0.534216 
-0.2368 0.00350279 0.514048 -0.255078 -0.00808091 0.520161 0.290905 -0.115415 0.501752 
0.273432 -0.117087 0.487697 0.29171 -0.105504 0.481584 -0.274161 -0.0295755 0.546443 
-0.273356 -0.0196646 0.526274 -0.291634 -0.0312483 0.532388 -0.243072 -0.0359877 0.544533 
0.254349 -0.138582 0.513979 0.236876 -0.140255 0.499924 0.255154 -0.128671 0.49381 
-0.278823 -0.0492441 0.536591 -0.266012 -0.06724 0.540795 -0.248539 -0.0655672 0.55485 
0.138142 -0.150598 0.515969 0.15642 -0.139014 0.509856 0.187509 -0.145426 0.507946 
0.218598 -0.151838 0.506037 -0.253201 -0.0852358 0.544999 -0.222112 -0.0916479 0.543089 
-0.222918 -0.101559 0.563257 -0.191023 -0.0980601 0.541179 -0.159935 -0.104472 0.53927 
-0.128846 -0.110884 0.53736 -0.0977571 -0.117297 0.53545 -0.0666683 -0.123709 0.533541 
-0.0674736 -0.13362 0.553709 -0.0355795 -0.130121 0.531631 -0.0363848 -0.140032 0.551799 
-0.0044907 -0.136533 0.529721 -0.005296 -0.146444 0.54989 0.0265981 -0.142945 0.527812 
0.0257928 -0.152856 0.54798 0.0576869 -0.149357 0.525902 0.0887757 -0.155769 0.523992 
0.119864 -0.162182 0.522083 0.20643 0.137113 0.396836 0.207235 0.147023 0.376668 
0.188957 0.13544 0.382781 0.237519 0.1307 0.394926 0.238324 0.140611 0.374758 
0.251135 0.122615 0.378962 0.138785 0.120357 0.410972 0.139591 0.130268 0.390804 
0.121313 0.118685 0.396917 0.169874 0.113945 0.409063 0.170679 0.123856 0.388894 
0.200963 0.107533 0.407153 0.263946 0.10462 0.383165 0.295034 0.0982075 0.381256 
0.325318 0.0818844 0.399514 0.307845 0.0802117 0.385459 -0.146481 0.148487 0.438476 
-0.145676 0.158398 0.418308 -0.163954 0.146814 0.424421 -0.114587 0.151986 0.416398 
-0.0843035 0.135663 0.434657 -0.0834982 0.145574 0.414488 -0.0532147 0.129251 0.432747 
-0.0524094 0.139162 0.412579 -0.0395986 0.121166 0.416782 0.102229 0.0971899 0.423199 
0.103035 0.107101 0.40303 0.0847566 0.0955172 0.409144 0.133318 0.0907778 0.421289 
0.164407 0.0843656 0.419379 0.195496 0.0779535 0.41747 0.320656 0.0622158 0.389663 
0.35094 0.0458927 0.407921 0.333467 0.04422 0.393866 -0.183037 0.12532 0.450702 
-0.182232 0.135231 0.430534 -0.20051 0.123647 0.436647 -0.027593 0.093259 0.441154 
-0.0267877 0.10317 0.420986 0.00349575 0.0868468 0.439245 0.00430105 0.0967578 0.419076 
0.0345845 0.0804347 0.437335 0.0353898 0.0903456 0.417167 0.0656733 0.0740225 0.435425 
0.0664786 0.0839335 0.415257 0.345473 0.0163132 0.418238 0.328 0.0146405 0.404183 
-0.188504 0.0957402 0.461019 -0.205977 0.0940674 0.446964 0.340811 -0.00335537 0.408387 
0.371094 -0.0196785 0.426646 0.353622 -0.0213512 0.41259 -0.193971 0.0661606 0.471336 
-0.211444 0.0644879 0.457281 0.348154 -0.0509307 0.422907 -0.230527 0.0429933 0.483563 
-0.229722 0.0529042 0.463394 -0.248 0.0413205 0.469508 0.329071 -0.0724254 0.449189 
0.311598 -0.0740981 0.435134 0.329876 -0.0625144 0.429021 -0.267083 0.0198259 0.495789 
-0.266278 0.0297368 0.475621 -0.284556 0.0181531 0.481734 -0.235994 0.0134137 0.49388 
0.292515 -0.0955928 0.461415 0.275043 -0.0972655 0.44736 0.29332 -0.0856818 0.441247 
-0.27255 -0.00975365 0.506106 -0.290023 -0.0114264 0.492051 0.255959 -0.11876 0.473642 
0.238487 -0.120433 0.459587 0.256765 -0.108849 0.453474 -0.29549 -0.0410059 0.502368 
0.219403 -0.141928 0.485868 0.201931 -0.1436 0.471813 0.220209 -0.132017 0.4657 
-0.282679 -0.0590018 0.506571 -0.269868 -0.0769976 0.510775 0.12067 -0.152271 0.501914 
0.103197 -0.153943 0.487859 0.121475 -0.14236 0.481746 0.152564 -0.148772 0.479836 
0.183653 -0.155184 0.477927 -0.257058 -0.0949934 0.514979 -0.225969 -0.101406 0.513069 
-0.19488 -0.107818 0.511159 -0.163791 -0.11423 0.50925 -0.132702 -0.120642 0.50734 
-0.101614 -0.127054 0.50543 -0.0705248 -0.133466 0.503521 -0.039436 -0.139878 0.501611 
-0.00834723 -0.146291 0.499701 0.0227416 -0.152703 0.497792 0.0538304 -0.159115 0.495882 
0.0849192 -0.165527 0.493972 0.140396 0.140179 0.370636 0.141201 0.15009 0.350467 
0.122923 0.138506 0.35658 0.171485 0.133767 0.368726 0.17229 0.143678 0.348558 
0.203379 0.137266 0.346648 0.234467 0.130854 0.344738 0.247278 0.112858 0.348942 
-0.0826929 0.155485 0.39432 -0.0818876 0.165396 0.374152 -0.100166 0.153812 0.380265 
-0.0516041 0.149073 0.39241 -0.0507988 0.158983 0.372242 -0.037988 0.140988 0.376446 
0.10384 0.117012 0.382862 0.104645 0.126923 0.362694 0.0863672 0.115339 0.368807 
0.260089 0.094862 0.353145 0.290373 0.0785389 0.371404 0.2729 0.0768662 0.357349 
-0.149532 0.14864 0.388288 -0.16781 0.137057 0.394401 -0.118444 0.142228 0.386378 
-0.0259824 0.113081 0.400818 -0.0251771 0.122992 0.380649 -0.0123663 0.104996 0.384853 
0.0672839 0.0938444 0.395089 0.0680892 0.103755 0.37492 0.0498113 0.0921717 0.381033 
0.284906 0.0489594 0.381721 0.267433 0.0472866 0.367666 0.315994 0.0425472 0.379811 
-0.217982 0.121974 0.422592 -0.217177 0.131885 0.402424 -0.235455 0.120301 0.408537 
-0.186088 0.125473 0.400514 0.000444517 0.0870001 0.389056 0.0315333 0.080588 0.387147 
0.280244 0.0292908 0.371869 0.310527 0.0129677 0.390128 0.293055 0.011295 0.376073 
-0.254538 0.0988068 0.434819 -0.253733 0.108718 0.41465 -0.272011 0.0971341 0.420764 
-0.223449 0.0923947 0.432909 0.305865 -0.00670086 0.380277 0.336149 -0.023024 0.398535 
0.318676 -0.0246967 0.38448 -0.2592 0.0791382 0.424967 -0.246389 0.0611424 0.429171 
-0.228917 0.0628152 0.443226 0.330682 -0.0526035 0.408852 0.313209 -0.0542762 0.394797 
-0.265473 0.0396478 0.455453 -0.264667 0.0495587 0.435284 -0.282945 0.037975 0.441397 
0.294126 -0.0757709 0.421079 0.276653 -0.0774436 0.407024 0.294931 -0.0658599 0.40091 
-0.288412 0.0083955 0.451714 0.271186 -0.107023 0.41734 -0.293879 -0.021184 0.462031 
0.23463 -0.130191 0.429567 0.252908 -0.118607 0.423454 -0.281069 -0.0391799 0.466235 
-0.281874 -0.0490908 0.486403 -0.268258 -0.0571757 0.470438 0.184458 -0.145273 0.457758 
0.166985 -0.146946 0.443703 0.185263 -0.135362 0.43759 0.216352 -0.141774 0.43568 
-0.273725 -0.0867552 0.480755 0.0546357 -0.149204 0.475714 0.037163 -0.150877 0.461659 
0.055441 -0.139293 0.455545 0.0865298 -0.145705 0.453636 0.0857245 -0.155616 0.473804 
0.117619 -0.152117 0.451726 0.148707 -0.158529 0.449816 -0.260914 -0.104751 0.484959 
-0.229825 -0.111163 0.483049 -0.198737 -0.117575 0.48114 -0.167648 -0.123988 0.47923 
-0.136559 -0.1304 0.47732 -0.10547 -0.136812 0.475411 -0.0743814 -0.143224 0.473501 
-0.0432926 -0.149636 0.471591 -0.0122038 -0.156048 0.469682 0.018885 -0.16246 0.467772 
0.137345 0.140332 0.320447 0.119067 0.128749 0.326561 0.168433 0.13392 0.318538 
0.199522 0.127508 0.316628 0.229806 0.111185 0.334887 0.212333 0.109512 0.320832 
-0.117638 0.152139 0.36621 -0.116833 0.16205 0.346041 -0.135111 0.150466 0.352155 
-0.0857441 0.155638 0.344132 -0.0546553 0.149226 0.342222 -0.0418445 0.13123 0.346426 
0.100789 0.117165 0.332674 0.0825107 0.105581 0.338787 0.225144 0.0915165 0.325035 
0.255427 0.0751934 0.343294 0.237955 0.0735207 0.329239 -0.185283 0.135384 0.380346 
-0.184478 0.145295 0.360178 -0.202756 0.133711 0.366291 -0.153389 0.138883 0.358268 
-0.0290337 0.113234 0.350629 0.00124982 0.0969111 0.368888 0.00205512 0.106822 0.34872 
0.0323386 0.0904989 0.366978 0.0331439 0.10041 0.34681 0.0642327 0.0939977 0.3449 
0.24996 0.0456139 0.353611 0.232488 0.0439412 0.339556 -0.221034 0.122128 0.372404 
-0.239312 0.110544 0.378517 0.245298 0.0259453 0.343759 0.275582 0.00962223 0.362018 
0.258109 0.00794948 0.347963 -0.25759 0.0989601 0.384631 -0.275867 0.0873764 0.390744 
0.27092 -0.0100464 0.352166 0.301204 -0.0263694 0.370425 0.283731 -0.0280422 0.35637 
-0.263862 0.0594697 0.415116 -0.281335 0.0577969 0.401061 0.295736 -0.055949 0.380742 
0.278264 -0.0576217 0.366687 -0.286802 0.0282174 0.411378 0.272797 -0.0872012 0.377004 
-0.292269 -0.00136214 0.421694 0.253713 -0.108696 0.403285 0.236241 -0.110369 0.38923 
0.254519 -0.0987849 0.383117 -0.297736 -0.0309417 0.432011 0.217157 -0.131863 0.415512 
0.199685 -0.133536 0.401457 0.217963 -0.121952 0.395344 -0.28573 -0.0588485 0.456383 
-0.303203 -0.0605212 0.442328 0.149513 -0.148619 0.429648 0.13204 -0.150291 0.415593 
0.150318 -0.138708 0.40948 0.181407 -0.14512 0.40757 -0.290392 -0.078517 0.446532 
-0.277581 -0.0965129 0.450735 0.0196903 -0.152549 0.447604 0.00221767 -0.154222 0.433548 
0.0204956 -0.142639 0.427435 0.0515844 -0.149051 0.425526 0.0826732 -0.155463 0.423616 
0.113762 -0.161875 0.421706 -0.264771 -0.114509 0.454939 -0.233682 -0.120921 0.453029 
-0.202593 -0.127333 0.45112 -0.171504 -0.133745 0.44921 -0.140415 -0.140157 0.4473 
-0.109327 -0.146569 0.445391 -0.0782379 -0.152982 0.443481 -0.0471491 -0.159394 0.441571 
-0.0160603 -0.165806 0.439662 -0.05385 0.159137 0.322054 -0.0530447 0.169048 0.301885 
-0.0713227 0.157464 0.307999 -0.0402339 0.151052 0.306089 0.133488 0.130575 0.290427 
0.11521 0.118991 0.296541 0.164577 0.124163 0.288518 0.19486 0.10784 0.306777 
0.177388 0.106167 0.292721 -0.152584 0.148794 0.3381 -0.151778 0.158705 0.317931 
-0.170056 0.147121 0.324044 -0.120689 0.152292 0.316022 -0.0896007 0.14588 0.314112 
-0.0282284 0.123145 0.330461 -0.0274231 0.133056 0.310293 -0.0146122 0.11506 0.314496 
0.0339492 0.110321 0.326642 0.0347545 0.120232 0.306473 0.0164765 0.108648 0.312587 
0.065038 0.103909 0.324732 0.0658433 0.11382 0.304564 0.0969321 0.107407 0.302654 
0.190198 0.088171 0.296925 0.220482 0.0718479 0.315184 0.203009 0.0701752 0.301129 
-0.188334 0.135537 0.330158 -0.206612 0.123954 0.336271 -0.00180142 0.0970644 0.3187 
0.21582 0.0521794 0.305332 0.228631 0.0341835 0.309536 -0.256784 0.108871 0.364462 
-0.255979 0.118782 0.344294 -0.274257 0.107198 0.350407 -0.22489 0.11237 0.342384 
0.241442 0.0161877 0.313739 0.254253 -0.00180815 0.317943 -0.29334 0.0857037 0.376689 
-0.292535 0.0956146 0.35652 -0.310813 0.0840309 0.362634 0.266258 -0.0297149 0.342315 
0.248786 -0.0313877 0.32826 -0.298002 0.0660351 0.366837 -0.285191 0.0480393 0.371041 
0.260791 -0.0592945 0.352632 0.243318 -0.0609672 0.338577 -0.290658 0.0184598 0.381358 
0.255324 -0.088874 0.362949 0.237851 -0.0905467 0.348894 -0.296125 -0.0111198 0.391675 
0.232384 -0.120126 0.35921 -0.301593 -0.0406993 0.401991 0.195828 -0.143294 0.371437 
0.214106 -0.13171 0.365324 -0.30706 -0.0702788 0.412308 0.128183 -0.160049 0.385573 
0.146461 -0.148465 0.37946 0.17755 -0.154877 0.37755 -0.294249 -0.0882747 0.416512 
-0.281438 -0.106271 0.420716 -0.13961 -0.130246 0.427132 -0.157083 -0.131919 0.413077 
-0.138805 -0.120335 0.406964 -0.107716 -0.126748 0.405054 -0.108521 -0.136658 0.425222 
-0.0766273 -0.13316 0.403144 -0.0774326 -0.143071 0.423313 -0.0455385 -0.139572 0.401235 
-0.0463438 -0.149483 0.421403 -0.0144497 -0.145984 0.399325 -0.015255 -0.155895 0.419493 
0.0166391 -0.152396 0.397415 0.0477279 -0.158808 0.395506 0.0788167 -0.16522 0.393596 
0.109905 -0.171633 0.391686 -0.268627 -0.124266 0.424919 -0.237538 -0.130678 0.423009 
-0.20645 -0.137091 0.4211 -0.175361 -0.143503 0.41919 -0.0887954 0.155791 0.293944 
-0.0879901 0.165702 0.273775 -0.106268 0.154119 0.279888 -0.0569013 0.15929 0.271866 
-0.0440904 0.141294 0.276069 0.129632 0.120817 0.260408 0.111354 0.109234 0.266521 
0.159915 0.104494 0.278666 0.142442 0.102821 0.264611 -0.155635 0.148947 0.287911 
-0.173913 0.137363 0.294025 -0.124546 0.142535 0.286002 -0.0312796 0.123298 0.280273 
-0.000996115 0.106975 0.298531 -0.000190814 0.116886 0.278363 0.030898 0.110474 0.276453 
0.0619868 0.104062 0.274544 0.0930756 0.0976498 0.272634 0.155253 0.0848255 0.268815 
0.185537 0.0685024 0.287074 0.168064 0.0668297 0.273018 -0.224085 0.122281 0.322216 
-0.22328 0.132192 0.302048 -0.241557 0.120608 0.308161 -0.192191 0.12578 0.300138 
0.180875 0.0488339 0.277222 0.211158 0.0325108 0.295481 0.193686 0.030838 0.281426 
-0.29173 0.105526 0.336352 -0.290924 0.115437 0.316184 -0.309202 0.103853 0.322297 
-0.259835 0.109024 0.314274 0.206496 0.0128422 0.285629 0.23678 -0.0034809 0.303888 
0.219307 -0.00515364 0.289833 -0.314669 0.0742733 0.332614 0.231313 -0.0330604 0.314205 
0.21384 -0.0347332 0.30015 -0.302664 0.0463665 0.356986 -0.320136 0.0446938 0.342931 
0.226651 -0.052729 0.304353 0.239462 -0.0707248 0.308557 -0.307326 0.026698 0.347134 
-0.294515 0.00870211 0.351338 0.220379 -0.0922195 0.334838 0.202906 -0.0938922 0.320783 
0.221184 -0.0823085 0.31467 -0.299982 -0.0208774 0.361655 0.214911 -0.121799 0.345155 
0.197439 -0.123472 0.3311 -0.305449 -0.0504569 0.371972 0.178356 -0.144966 0.357382 
0.160883 -0.146639 0.343327 0.179161 -0.135055 0.337214 -0.310916 -0.0800365 0.382288 
0.0485332 -0.148897 0.375337 0.0310605 -0.15057 0.361282 0.0493385 -0.138986 0.355169 
0.0621493 -0.156982 0.359373 0.110711 -0.161722 0.371518 0.0932381 -0.163394 0.357463 
0.111516 -0.151811 0.35135 0.142605 -0.158223 0.34944 -0.298105 -0.0980323 0.386492 
-0.285295 -0.116028 0.390696 -0.160939 -0.141677 0.383057 -0.142661 -0.130093 0.376944 
-0.111573 -0.136505 0.375034 -0.0804838 -0.142917 0.373124 -0.049395 -0.149329 0.371215 
-0.0183062 -0.155742 0.369305 0.0127826 -0.162154 0.367395 0.0749602 -0.174978 0.363576 
-0.272484 -0.134024 0.394899 -0.241395 -0.140436 0.39299 -0.210306 -0.146848 0.39108 
-0.179217 -0.15326 0.38917 -0.0918466 0.155945 0.243755 -0.110125 0.144361 0.249869 
-0.0607578 0.149532 0.241846 -0.0304743 0.133209 0.260104 -0.029669 0.14312 0.239936 
0.000614486 0.126797 0.258195 0.00141979 0.136708 0.238026 0.0142306 0.118712 0.24223 
0.12497 0.101149 0.250556 -0.159491 0.139189 0.257892 -0.177769 0.127606 0.264005 
-0.128403 0.132777 0.255982 0.0270414 0.100716 0.246434 0.0581302 0.0943043 0.244524 
0.089219 0.0878922 0.242614 0.120308 0.08148 0.240705 0.151397 0.0750679 0.238795 
0.164207 0.0570721 0.242999 -0.290119 0.125347 0.296015 -0.289314 0.135258 0.275847 
-0.307592 0.123675 0.28196 -0.276503 0.117263 0.280051 -0.227136 0.122434 0.272028 
-0.245414 0.11085 0.278141 -0.196047 0.116022 0.270118 0.177018 0.0390762 0.247202 
0.189829 0.0210804 0.251406 -0.313059 0.0940952 0.292277 -0.263692 0.0992668 0.284254 
0.201835 -0.00682639 0.275778 0.184362 -0.00849914 0.261723 -0.318526 0.0645157 0.302594 
0.197173 -0.026495 0.265926 0.209984 -0.0444908 0.27013 -0.323993 0.0349361 0.312911 
0.221989 -0.0723976 0.294502 0.204517 -0.0740703 0.280447 -0.311182 0.0169403 0.317114 
-0.298371 -0.00105552 0.321318 0.185433 -0.095565 0.306728 0.167961 -0.0972377 0.292673 
0.186239 -0.085654 0.28656 -0.303838 -0.0306351 0.331635 0.179966 -0.125144 0.317045 
0.162493 -0.126817 0.30299 -0.309306 -0.0602146 0.341952 0.14341 -0.148312 0.329272 
0.125938 -0.149985 0.315217 0.144215 -0.138401 0.309103 -0.314773 -0.0897941 0.352269 
-0.0175009 -0.145831 0.349137 -0.0349736 -0.147503 0.335082 -0.0166956 -0.13592 0.328968 
0.0143932 -0.142332 0.327059 0.0135879 -0.152243 0.347227 0.045482 -0.148744 0.325149 
0.0765708 -0.155156 0.323239 0.0757655 -0.165067 0.343408 0.10766 -0.161568 0.32133 
-0.301962 -0.10779 0.356472 -0.289151 -0.125786 0.360676 -0.178412 -0.143349 0.369002 
-0.195885 -0.145022 0.354947 -0.177607 -0.133439 0.348834 -0.146518 -0.139851 0.346924 
-0.115429 -0.146263 0.345014 -0.0843404 -0.152675 0.343105 -0.0532516 -0.159087 0.341195 
-0.27634 -0.143782 0.364879 -0.245251 -0.150194 0.36297 -0.214163 -0.156606 0.36106 
-0.127597 0.142688 0.235814 -0.126792 0.152599 0.215645 -0.14507 0.141015 0.221758 
-0.0957031 0.146187 0.213736 -0.0646143 0.139775 0.211826 -0.0335255 0.133363 0.209916 
-0.00243675 0.126951 0.208007 0.0278467 0.110627 0.226265 0.028652 0.120538 0.206097 
0.0414629 0.102543 0.2103 -0.195242 0.125933 0.24995 -0.194437 0.135844 0.229781 
-0.212715 0.12426 0.235895 -0.163348 0.129432 0.227872 0.0542737 0.0845467 0.214504 
0.0853625 0.0781346 0.212594 0.116451 0.0717224 0.210685 0.14754 0.0653103 0.208775 
0.160351 0.0473144 0.212979 -0.29317 0.125501 0.245827 -0.311448 0.113917 0.25194 
-0.262887 0.109178 0.264086 -0.262081 0.119089 0.243918 -0.230993 0.112676 0.242008 
0.172356 0.0194076 0.237351 0.154884 0.0177349 0.223296 -0.316915 0.0843376 0.262257 
0.167695 -0.000260935 0.227499 0.180505 -0.0182568 0.231703 -0.335999 0.0628429 0.288539 
-0.335193 0.0727539 0.268371 -0.353471 0.0611702 0.274484 0.192511 -0.0461636 0.256075 
0.175038 -0.0478363 0.24202 -0.341466 0.0332634 0.298856 -0.358938 0.0315907 0.284801 
0.187044 -0.0757431 0.266392 0.169571 -0.0774158 0.252337 -0.346128 0.0135948 0.289004 
-0.315844 -0.00272827 0.307263 -0.333317 -0.00440101 0.293208 0.164104 -0.106995 0.262653 
-0.320506 -0.0223969 0.297411 -0.307695 -0.0403927 0.301615 0.145021 -0.12849 0.288935 
0.127548 -0.130163 0.27488 0.145826 -0.118579 0.268767 -0.313162 -0.0699722 0.311932 
0.122081 -0.159742 0.285197 -0.318629 -0.0995517 0.322249 -0.0524463 -0.149176 0.321027 
-0.0699189 -0.150849 0.306972 -0.051641 -0.139265 0.300858 -0.0205522 -0.145677 0.298949 
0.0105366 -0.15209 0.297039 0.0416254 -0.158502 0.295129 0.0727142 -0.164914 0.29322 
0.103803 -0.171326 0.29131 -0.305818 -0.117548 0.326452 -0.293008 -0.135543 0.330656 
-0.182269 -0.153107 0.338982 -0.168652 -0.161192 0.323017 -0.150374 -0.149608 0.316904 
-0.119286 -0.15602 0.314994 -0.0881969 -0.162433 0.313085 -0.280197 -0.153539 0.33486 
-0.249108 -0.159951 0.33295 -0.218019 -0.166364 0.33104 -0.18693 -0.172776 0.329131 
-0.130648 0.142841 0.185625 -0.148926 0.131258 0.191739 -0.0995597 0.136429 0.183716 
-0.0684709 0.130017 0.181806 -0.0373821 0.123605 0.179896 -0.00629328 0.117193 0.177987 
0.0239902 0.10087 0.196245 0.00651755 0.0991971 0.18219 -0.198293 0.126086 0.199761 
-0.216571 0.114503 0.205875 -0.167204 0.119674 0.197852 0.0193284 0.0812012 0.186394 
0.0504172 0.0747891 0.184484 0.081506 0.0683769 0.182575 0.112595 0.0619648 0.180665 
0.142878 0.0456417 0.198924 0.125406 0.0439689 0.184869 -0.297027 0.115743 0.215807 
-0.315305 0.104159 0.221921 -0.265938 0.109331 0.213898 -0.234849 0.102919 0.211988 
0.138216 0.0259731 0.189072 0.151027 0.00797727 0.193276 -0.334388 0.0826648 0.248202 
-0.333583 0.0925758 0.228034 -0.351861 0.0809921 0.234147 0.163033 -0.0199295 0.217648 
0.14556 -0.0216023 0.203593 -0.370944 0.0594974 0.260429 -0.370139 0.0694084 0.24026 
-0.388417 0.0578247 0.246374 0.158371 -0.0395981 0.207796 0.171182 -0.0575939 0.212 
-0.375606 0.0398289 0.250577 -0.344517 0.0334167 0.248668 -0.345322 0.0235058 0.268836 
-0.331706 0.0154209 0.252871 0.165715 -0.0871735 0.222317 -0.318895 -0.00257496 0.257075 
-0.319701 -0.0124859 0.277243 -0.306084 -0.0205708 0.261278 0.146631 -0.108668 0.248598 
0.129159 -0.110341 0.234543 0.147437 -0.0987572 0.22843 -0.311552 -0.0501503 0.271595 
0.123692 -0.13992 0.24486 -0.317019 -0.0797299 0.281912 0.0113419 -0.142179 0.276871 
-0.00613073 -0.143851 0.262816 0.0121472 -0.132268 0.256702 0.043236 -0.13868 0.254793 
0.0424307 -0.148591 0.274961 0.0560469 -0.156676 0.258996 0.104608 -0.161415 0.271142 
0.0871357 -0.163088 0.257087 0.105414 -0.151504 0.250973 -0.322486 -0.109309 0.292229 
-0.0873916 -0.152522 0.292916 -0.104864 -0.154194 0.278861 -0.0865863 -0.142611 0.272748 
-0.0554975 -0.149023 0.270838 -0.0244087 -0.155435 0.268929 0.0688577 -0.174671 0.2632 
-0.309675 -0.127305 0.296433 -0.296864 -0.145301 0.300636 -0.172509 -0.17095 0.292998 
-0.154231 -0.159366 0.286884 -0.123142 -0.165778 0.284975 -0.284053 -0.163297 0.30484 
-0.252965 -0.169709 0.30293 -0.221876 -0.176121 0.30102 -0.190787 -0.182533 0.299111 
-0.134505 0.133084 0.155605 -0.152783 0.1215 0.161719 -0.103416 0.126672 0.153696 
-0.0723274 0.12026 0.151786 -0.0420439 0.103936 0.170045 -0.0595166 0.102264 0.15599 
-0.0109551 0.0975243 0.168135 -0.296221 0.125654 0.195639 -0.295416 0.135565 0.175471 
-0.313694 0.123981 0.181584 -0.265133 0.119242 0.193729 -0.264327 0.129153 0.173561 
-0.234044 0.11283 0.19182 -0.233239 0.122741 0.171651 -0.20215 0.116329 0.169742 
-0.171061 0.109916 0.167832 -0.0467057 0.0842679 0.160193 -0.0156169 0.0778557 0.158284 
0.0154718 0.0714436 0.156374 0.0457553 0.0551205 0.174633 0.0282827 0.0534477 0.160578 
0.0768441 0.0487083 0.172723 0.107933 0.0422962 0.170813 -0.319161 0.0944018 0.191901 
0.0410935 0.0354519 0.164781 0.0721823 0.0290398 0.162872 0.103271 0.0226276 0.160962 
0.133555 0.00630452 0.179221 0.116082 0.00463177 0.165166 -0.337439 0.0828181 0.198014 
-0.355717 0.0712344 0.204127 0.128893 -0.0133641 0.169369 0.141704 -0.0313599 0.173573 
-0.373995 0.0596508 0.21024 -0.392273 0.0480671 0.216354 -0.343712 0.0433277 0.228499 
-0.342906 0.0532386 0.208331 -0.361184 0.0416549 0.214444 -0.330095 0.0352428 0.212534 
0.153709 -0.0592667 0.197945 0.136236 -0.0609394 0.18389 -0.379462 0.0300712 0.220557 
-0.317285 0.0172469 0.216738 -0.31809 0.00733598 0.236906 -0.304474 -0.000748907 0.220942 
0.148242 -0.0888462 0.208262 0.130769 -0.090519 0.194206 -0.309941 -0.0303284 0.231258 
0.125302 -0.120098 0.204523 -0.315408 -0.059908 0.241575 0.119835 -0.149678 0.21484 
-0.320875 -0.0894875 0.251892 -0.0236034 -0.145524 0.24876 -0.0410761 -0.147197 0.234705 
-0.0227981 -0.135613 0.228592 0.0082907 -0.142025 0.226682 0.0393795 -0.148437 0.224773 
0.0704683 -0.15485 0.222863 0.069663 -0.164761 0.243031 0.101557 -0.161262 0.220953 
-0.326342 -0.119067 0.262209 -0.108721 -0.163952 0.248841 -0.0904428 -0.152368 0.242728 
-0.059354 -0.158781 0.240819 -0.313532 -0.137063 0.266413 -0.300721 -0.155059 0.270616 
-0.176366 -0.180707 0.262978 -0.158088 -0.169124 0.256864 -0.126999 -0.175536 0.254955 
-0.28791 -0.173055 0.27482 -0.256821 -0.179467 0.27291 -0.225732 -0.185879 0.271001 
-0.194643 -0.192291 0.269091 -0.170256 0.119827 0.147664 -0.16945 0.129738 0.127495 
-0.187728 0.118155 0.133609 -0.138362 0.123326 0.125586 -0.107273 0.116914 0.123676 
-0.0761839 0.110502 0.121766 -0.0633731 0.0925061 0.12597 -0.299273 0.125807 0.145451 
-0.317551 0.114224 0.151564 -0.268184 0.119395 0.143541 -0.237095 0.112983 0.141631 
-0.206006 0.106571 0.139722 -0.0505623 0.0745102 0.130174 -0.0194735 0.0680981 0.128264 
0.01081 0.051775 0.146523 -0.00666265 0.0501023 0.132467 -0.323018 0.0846442 0.161881 
0.00614818 0.0321064 0.136671 0.0364317 0.0157833 0.15493 0.018959 0.0141106 0.140875 
0.0675205 0.00937118 0.15302 0.0986093 0.00295903 0.15111 -0.342101 0.0631495 0.188162 
-0.328485 0.0550647 0.172198 0.0317698 -0.00388526 0.145078 0.0628586 -0.0102974 0.143169 
0.0939474 -0.0167096 0.141259 0.124231 -0.0330326 0.159518 0.106758 -0.0347054 0.145463 
-0.378657 0.0399822 0.200389 -0.333952 0.0254851 0.182515 0.118764 -0.0626122 0.169835 
0.101291 -0.0642849 0.155779 -0.321141 0.00748929 0.186718 -0.30833 -0.0105065 0.190922 
0.113297 -0.0921917 0.180151 0.095824 -0.0938644 0.166096 -0.313797 -0.0400861 0.201239 
0.10783 -0.121771 0.190468 0.0903569 -0.123444 0.176413 -0.319265 -0.0696656 0.211556 
0.102362 -0.151351 0.200785 0.0848897 -0.153023 0.18673 -0.324732 -0.0992451 0.221872 
-0.0449326 -0.156954 0.204685 -0.0266546 -0.145371 0.198572 0.00443417 -0.151783 0.196663 
0.035523 -0.158195 0.194753 0.0666118 -0.164607 0.192843 -0.311921 -0.117241 0.226076 
-0.312726 -0.127152 0.246244 -0.29911 -0.135237 0.23028 -0.126193 -0.165625 0.234786 
-0.143666 -0.167298 0.220731 -0.125388 -0.155714 0.214618 -0.0942994 -0.162126 0.212708 
-0.0632106 -0.168538 0.210799 -0.286299 -0.153233 0.234483 -0.287105 -0.163144 0.254652 
-0.273488 -0.171228 0.238687 -0.224927 -0.175968 0.250832 -0.2424 -0.177641 0.236777 
-0.224122 -0.166057 0.230664 -0.193033 -0.172469 0.228754 -0.193838 -0.18238 0.248923 
-0.161944 -0.178881 0.226845 -0.260678 -0.189224 0.24289 -0.205201 0.116482 0.119553 
-0.204396 0.126393 0.0993851 -0.222674 0.114809 0.105498 -0.173307 0.119981 0.0974754 
-0.142218 0.113569 0.0955658 -0.111129 0.107156 0.0936561 -0.0800405 0.100744 0.0917465 
-0.0672296 0.0827484 0.0959501 -0.303129 0.11605 0.115431 -0.321407 0.104466 0.121544 
-0.27204 0.109638 0.113521 -0.240952 0.103225 0.111612 -0.0544188 0.0647526 0.100154 
-0.02333 0.0583405 0.098244 -0.0105192 0.0403446 0.102448 -0.326874 0.0748866 0.131861 
0.00148635 0.0124378 0.12682 -0.0159863 0.0107651 0.112764 -0.345958 0.0533919 0.158143 
-0.345152 0.0633029 0.137974 -0.36343 0.0517192 0.144088 -0.00317549 -0.00723075 0.116968 
0.027108 -0.0235538 0.135227 0.00963534 -0.0252266 0.121172 0.0581968 -0.029966 0.133317 
0.0892856 -0.0363781 0.131407 -0.350619 0.0337233 0.148291 -0.337809 0.0157275 0.152495 
0.0224462 -0.0432224 0.125375 0.053535 -0.0496346 0.123466 0.0846238 -0.0560467 0.121556 
0.0974346 -0.0740426 0.12576 -0.324998 -0.00226834 0.156698 -0.312187 -0.0202642 0.160902 
0.0919675 -0.103622 0.136076 -0.317654 -0.0498437 0.171219 0.0865003 -0.133202 0.146393 
-0.323121 -0.0794232 0.181536 -0.0258493 -0.13546 0.178404 -0.043322 -0.137133 0.164349 
-0.025044 -0.125549 0.158236 0.00604477 -0.131961 0.156326 0.00523947 -0.141872 0.176494 
0.0371336 -0.138373 0.154416 0.0363283 -0.148284 0.174585 0.0682224 -0.144785 0.152507 
0.0674171 -0.154696 0.172675 -0.31031 -0.0974191 0.185739 -0.311116 -0.10733 0.205908 
-0.297499 -0.115415 0.189943 -0.0624053 -0.158627 0.19063 -0.0798779 -0.1603 0.176575 
-0.0616 -0.148716 0.170462 -0.302967 -0.144994 0.20026 -0.147523 -0.177055 0.190711 
-0.129245 -0.165471 0.184598 -0.0981559 -0.171884 0.182689 -0.290156 -0.16299 0.204463 
-0.259067 -0.169402 0.202554 -0.259872 -0.179313 0.222722 -0.227978 -0.175815 0.200644 
-0.196889 -0.182227 0.198734 -0.165801 -0.188639 0.196825 -0.240146 0.113136 0.0914433 
-0.239341 0.123047 0.0712749 -0.257619 0.111464 0.0773882 -0.208252 0.116635 0.0693652 
-0.177163 0.110223 0.0674556 -0.146075 0.103811 0.0655459 -0.114986 0.0973988 0.0636363 
-0.083897 0.0909866 0.0617266 -0.0710862 0.0729908 0.0659302 -0.306986 0.106292 0.0854111 
-0.325264 0.0947084 0.0915243 -0.275897 0.09988 0.0835014 -0.0582753 0.054995 0.0701338 
-0.0279918 0.0386719 0.0883925 -0.0454645 0.0369991 0.0743374 -0.344347 0.0732138 0.117806 
-0.343542 0.0831247 0.0976376 -0.36182 0.0715411 0.103751 -0.0326537 0.0190033 0.078541 
-0.0198429 0.00100745 0.0827446 -0.380903 0.0500464 0.130032 -0.380098 0.0599574 0.109864 
-0.398376 0.0483737 0.115977 -0.00703202 -0.0169884 0.0869482 0.00577881 -0.0349842 0.0911518 
-0.385565 0.0303778 0.120181 -0.354476 0.0239657 0.118271 -0.341665 0.00596986 0.122475 
0.0185896 -0.0529801 0.0953554 0.0496784 -0.0593922 0.0934458 0.0807672 -0.0658044 0.0915361 
0.0935781 -0.0838002 0.0957397 -0.328854 -0.012026 0.126678 -0.316043 -0.0300218 0.130882 
0.0881109 -0.11338 0.106057 -0.321511 -0.0596013 0.141199 0.0826438 -0.142959 0.116373 
-0.3087 -0.0775972 0.145403 -0.309505 -0.0875081 0.165571 -0.295889 -0.095593 0.149606 
-0.0471785 -0.14689 0.134329 -0.0289006 -0.135307 0.128216 0.00218824 -0.141719 0.126306 
0.033277 -0.148131 0.124396 0.0643658 -0.154543 0.122487 -0.301356 -0.125173 0.159923 
-0.0837345 -0.170058 0.146555 -0.0654565 -0.158474 0.140442 -0.288545 -0.143168 0.164127 
-0.28935 -0.153079 0.184295 -0.275734 -0.161164 0.16833 -0.164995 -0.178728 0.176656 
-0.182468 -0.180401 0.162601 -0.16419 -0.168817 0.156488 -0.133101 -0.175229 0.154578 
-0.102012 -0.181641 0.152669 -0.262924 -0.17916 0.172534 -0.231835 -0.185572 0.170624 
-0.200746 -0.191984 0.168715 -0.275092 0.109791 0.0633331 -0.274286 0.119702 0.0431647 
-0.292564 0.108118 0.049278 -0.243198 0.11329 0.0412551 -0.212109 0.106878 0.0393454 
-0.18102 0.100465 0.0374357 -0.149931 0.0940533 0.0355261 -0.118842 0.0876411 0.0336164 
-0.0877535 0.081229 0.0317068 -0.05747 0.0649059 0.0499655 -0.0566647 0.0748169 0.0297971 
-0.0438539 0.056821 0.0340007 -0.310842 0.0965345 0.0553912 -0.32912 0.0849508 0.0615045 
-0.049321 0.0272415 0.0443176 -0.348203 0.0634562 0.0877861 -0.334587 0.0553713 0.0718213 
-0.0365102 0.00924565 0.0485212 -0.0236994 -0.00875019 0.0527248 -0.384759 0.0402888 0.100013 
-0.353671 0.0338766 0.0981029 -0.340054 0.0257917 0.0821382 -0.0108886 -0.026746 0.0569284 
0.0193949 -0.0430691 0.0751871 0.0202002 -0.0331582 0.0550187 0.0504837 -0.0494813 0.0732774 
0.051289 -0.0395703 0.0531091 0.0640999 -0.0575662 0.0573127 -0.327244 0.00779591 0.0863418 
-0.328049 -0.00211503 0.10651 -0.314433 -0.0101999 0.0905454 0.0769107 -0.075562 0.0615163 
0.0897215 -0.0935578 0.0657199 -0.3199 -0.0397795 0.100862 0.0842544 -0.123137 0.0760367 
-0.325367 -0.069359 0.111179 0.00299354 -0.131808 0.106138 -0.0144791 -0.13348 0.0920826 
0.00379884 -0.121897 0.0859693 0.0348876 -0.128309 0.0840596 0.0340823 -0.13822 0.104228 
0.0659764 -0.134721 0.08215 0.0651711 -0.144632 0.102318 -0.312556 -0.0873548 0.115383 
-0.299745 -0.105351 0.119586 -0.0510351 -0.156648 0.104309 -0.0327571 -0.145064 0.0981958 
-0.305213 -0.13493 0.129903 -0.087591 -0.179815 0.116536 -0.069313 -0.168232 0.110422 
-0.292402 -0.152926 0.134107 -0.261313 -0.159338 0.132197 -0.262118 -0.169249 0.152365 
-0.248502 -0.177334 0.136401 -0.199941 -0.182073 0.148546 -0.217413 -0.183746 0.134491 
-0.199135 -0.172162 0.128378 -0.168047 -0.178575 0.126468 -0.136958 -0.184987 0.124558 
-0.105869 -0.191399 0.122649 -0.235691 -0.19533 0.140604 -0.310037 0.106445 0.0352229 
-0.309232 0.116356 0.0150545 -0.32751 0.104773 0.0211678 -0.278143 0.109944 0.0131449 
-0.247054 0.103532 0.0112352 -0.215965 0.0971199 0.00932555 -0.184876 0.0907078 0.00741589 
-0.153788 0.0842957 0.00550624 -0.122699 0.0778835 0.00359658 -0.0916101 0.0714714 0.00168693 
-0.0605213 0.0650592 -0.00022273 -0.0477104 0.0470634 0.00398087 -0.332977 0.0751932 0.0314846 
-0.0348996 0.0290675 0.00818447 -0.0357049 0.0191566 0.0283528 -0.0220888 0.0110717 0.0123881 
-0.338444 0.0456136 0.0418015 -0.0100833 -0.0168351 0.03676 -0.00927795 -0.00692413 0.0165917 
0.00353288 -0.02492 0.0207953 -0.343911 0.0160341 0.0521183 0.0163437 -0.0429158 0.0249989 
0.0474325 -0.049328 0.0230892 0.077716 -0.065651 0.0413479 0.0785213 -0.0557401 0.0211796 
0.0913321 -0.0737359 0.0253832 -0.3311 -0.00196173 0.0563219 -0.318289 -0.0199576 0.0605255 
0.103338 -0.101643 0.0497551 0.104143 -0.0917318 0.0295868 0.116954 -0.109728 0.0337904 
-0.323756 -0.0495371 0.0708424 0.0667817 -0.12481 0.0619816 0.0493091 -0.126483 0.0479265 
0.067587 -0.114899 0.0418133 0.0986758 -0.121311 0.0399036 -0.310946 -0.0675329 0.075046 
-0.311751 -0.0774439 0.0952144 -0.298135 -0.0855288 0.0792496 -0.0183357 -0.143238 0.0620627 
-5.76962e-05 -0.131654 0.0559494 0.0310311 -0.138067 0.0540398 -0.303602 -0.115108 0.0895665 
-0.0548916 -0.166405 0.0742892 -0.0366136 -0.154822 0.068176 -0.309069 -0.144688 0.0998833 
-0.105064 -0.181488 0.10248 -0.122536 -0.183161 0.0884254 -0.104258 -0.171577 0.0823121 
-0.0731696 -0.177989 0.0804025 -0.296258 -0.162684 0.104087 -0.265169 -0.169096 0.102177 
-0.234081 -0.175508 0.100268 -0.234886 -0.185419 0.120436 -0.202992 -0.18192 0.098358 
-0.171903 -0.188332 0.0964483 -0.140814 -0.194744 0.0945386 -0.152982 0.0942066 -0.0146621 
-0.152177 0.104118 -0.0348305 -0.170455 0.0925339 -0.0287172 -0.139366 0.0861217 -0.0306269 
-0.313088 0.106599 -0.0149653 -0.331366 0.0950151 -0.00885207 -0.281999 0.100187 -0.016875 
-0.250911 0.0937745 -0.0187846 -0.219822 0.0873623 -0.0206943 -0.188733 0.0809502 -0.022604 
-0.126555 0.0681259 -0.0264233 -0.0954666 0.0617137 -0.0283329 -0.0651831 0.0453906 -0.0100742 
-0.0826558 0.0437179 -0.0241293 -0.336833 0.0654355 0.00146478 -0.0698449 0.0257221 -0.0199257 
-0.0387561 0.0193099 -0.0218354 -0.0259453 0.00131407 -0.0176318 -0.3423 0.035856 0.0117816 
-0.0131345 -0.0166818 -0.0134282 -0.000323656 -0.0346776 -0.00922458 -0.32949 0.0178602 0.0159852 
-0.330295 0.00794922 0.0361536 -0.316679 -0.000135672 0.0201888 0.0124872 -0.0526734 -0.00502097 
0.043576 -0.0590856 -0.00693063 0.0746648 -0.0654977 -0.00884029 0.0874756 -0.0834936 -0.00463669 
-0.322146 -0.0297152 0.0305057 0.100286 -0.101489 -0.000433085 0.113097 -0.119485 0.00377052 
-0.327613 -0.0592947 0.0408226 0.000747604 -0.121743 0.0357811 -0.0167251 -0.123416 0.021726 
0.0015529 -0.111832 0.0156127 0.0326417 -0.118245 0.0137031 0.0318364 -0.128156 0.0338714 
0.0637305 -0.124657 0.0117934 0.0948193 -0.131069 0.00988377 -0.314802 -0.0772906 0.0450262 
-0.301991 -0.0952864 0.0492298 -0.0358083 -0.144911 0.0480076 -0.053281 -0.146584 0.0339525 
-0.035003 -0.135 0.0278393 -0.307458 -0.124866 0.0595466 -0.0723643 -0.168078 0.0602341 
-0.0898369 -0.169751 0.046179 -0.071559 -0.158167 0.0400658 -0.294648 -0.142862 0.0637502 
-0.295453 -0.152773 0.0839186 -0.281837 -0.160858 0.0679538 -0.126393 -0.192918 0.0584055 
-0.108115 -0.181335 0.0522923 -0.269026 -0.178853 0.0721574 -0.237937 -0.185266 0.0702478 
-0.206848 -0.191678 0.0683381 -0.17576 -0.19809 0.0664284 -0.144671 -0.204502 0.0645188 
-0.187928 0.0908611 -0.0427723 -0.187122 0.100772 -0.0629407 -0.2054 0.0891884 -0.0568274 
-0.156034 0.0943599 -0.0648503 -0.143223 0.0763641 -0.0606467 -0.316945 0.0968411 -0.0449852 
-0.335223 0.0852574 -0.0388719 -0.285856 0.090429 -0.0468948 -0.254767 0.0840168 -0.0488045 
-0.223678 0.0776047 -0.0507141 -0.130412 0.0583682 -0.0564431 -0.0993231 0.0519561 -0.0583528 
-0.0865123 0.0339602 -0.0541492 -0.34069 0.0556779 -0.0285551 -0.0737015 0.0159644 -0.0499456 
-0.0426127 0.00955227 -0.0518552 -0.0123292 -0.00677082 -0.0335965 -0.0115239 0.00314012 -0.0537649 
0.00128694 -0.0148557 -0.0495613 -0.346157 0.0260984 -0.0182382 0.0132925 -0.0427625 -0.0251893 
0.0140978 -0.0328516 -0.0453577 0.0443813 -0.0491746 -0.027099 0.0451866 -0.0392637 -0.0472673 
0.0579974 -0.0572595 -0.0430637 -0.333346 0.00810253 -0.0140346 -0.320535 -0.00989331 -0.00983101 
0.0708082 -0.0752554 -0.0388601 0.101092 -0.0915785 -0.0206014 0.101897 -0.0816675 -0.0407698 
0.114708 -0.0996634 -0.0365662 -0.326002 -0.0394728 0.000485851 0.109241 -0.129243 -0.0262493 
-0.313192 -0.0574687 0.00468945 -0.313997 -0.0673796 0.0248578 -0.300381 -0.0754645 0.00889305 
-0.0205816 -0.133174 -0.00829385 -0.00230363 -0.12159 -0.0144071 0.0287852 -0.128002 -0.0163168 
0.059874 -0.134414 -0.0182264 0.0909628 -0.140827 -0.0201361 -0.305848 -0.105044 0.0192099 
-0.0571375 -0.156341 0.00393266 -0.0388596 -0.144758 -0.00218059 -0.311315 -0.134624 0.0295268 
-0.10731 -0.171424 0.0321239 -0.124782 -0.173096 0.0180688 -0.106504 -0.161513 0.0119556 
-0.0754155 -0.167925 0.0100459 -0.298504 -0.152619 0.0337304 -0.267415 -0.159032 0.0318207 
-0.268221 -0.168942 0.0519891 -0.254605 -0.177027 0.0360243 -0.143866 -0.194591 0.0443504 
-0.161338 -0.196264 0.0302953 -0.14306 -0.18468 0.0241821 -0.241794 -0.195023 0.0402279 
-0.210705 -0.201435 0.0383183 -0.179616 -0.207848 0.0364086 -0.253962 0.0939278 -0.0689728 
-0.253157 0.103839 -0.0891412 -0.271434 0.092255 -0.0830279 -0.222873 0.0875156 -0.0708825 
-0.222068 0.0974266 -0.0910508 -0.190979 0.0910144 -0.0929605 -0.15989 0.0846023 -0.0948702 
-0.147079 0.0666064 -0.0906666 -0.320801 0.0870835 -0.075005 -0.339079 0.0754998 -0.0688918 
-0.289712 0.0806713 -0.0769147 -0.134268 0.0486106 -0.086463 -0.10318 0.0421984 -0.0883726 
-0.0903688 0.0242026 -0.084169 -0.344546 0.0459203 -0.0585749 -0.077558 0.00620678 -0.0799654 
-0.0464692 -0.00020537 -0.0818751 -0.0153804 -0.00661752 -0.0837847 0.0149031 -0.0229406 -0.065526 
0.0157084 -0.0130297 -0.0856944 0.0285192 -0.0310255 -0.0814908 -0.350013 0.0163407 -0.0482581 
0.04133 -0.0490213 -0.0772872 0.0716135 -0.0653444 -0.0590285 0.0724188 -0.0554335 -0.0791968 
0.0852297 -0.0734293 -0.0749932 -0.337203 -0.00165511 -0.0440545 -0.324392 -0.0196509 -0.0398509 
0.0980405 -0.0914252 -0.0707896 0.128324 -0.107748 -0.0525309 0.129129 -0.0978373 -0.0726993 
0.14194 -0.115833 -0.0684957 -0.311581 -0.0376468 -0.0356473 -0.312386 -0.0475577 -0.0154789 
-0.29877 -0.0556426 -0.0314437 0.105384 -0.139001 -0.0562692 0.123662 -0.127417 -0.0623824 
-0.304237 -0.0852221 -0.0211268 -0.0244381 -0.142931 -0.0383137 -0.00616016 -0.131348 -0.044427 
0.0249286 -0.13776 -0.0463366 0.0560174 -0.144172 -0.0482463 0.0871062 -0.150584 -0.0501559 
-0.309704 -0.114802 -0.0108099 -0.0746102 -0.158014 -0.0101224 -0.0920829 -0.159687 -0.0241775 
-0.0738049 -0.148103 -0.0302908 -0.0427161 -0.154515 -0.0322004 -0.296894 -0.132798 -0.00660634 
-0.297699 -0.142708 0.013562 -0.284083 -0.150793 -0.00240274 -0.142255 -0.174769 0.00401373 
-0.159728 -0.176442 -0.0100414 -0.14145 -0.164858 -0.0161546 -0.110361 -0.17127 -0.0180643 
-0.271272 -0.168789 0.00180086 -0.240183 -0.175201 -0.000108793 -0.240988 -0.185112 0.0200596 
-0.209094 -0.181613 -0.00201845 -0.2099 -0.191524 0.0181499 -0.178006 -0.188026 -0.0039281 
-0.178811 -0.197937 0.0162402 -0.257013 0.0940811 -0.119161 -0.275291 0.0824974 -0.113048 
-0.225924 0.0876689 -0.121071 -0.194835 0.0812568 -0.12298 -0.163747 0.0748446 -0.12489 
-0.150936 0.0568488 -0.120686 -0.325463 0.0674149 -0.0848565 -0.311847 0.05933 -0.100821 
-0.293569 0.0709137 -0.106935 -0.138125 0.038853 -0.116483 -0.107036 0.0324408 -0.118392 
-0.0767527 0.0161177 -0.100134 -0.0759474 0.0260287 -0.120302 -0.0631366 0.00803283 -0.116099 
-0.330125 0.0477463 -0.094708 -0.348403 0.0361626 -0.0885948 -0.0503257 -0.00996301 -0.111895 
-0.019237 -0.0163752 -0.113805 0.0118518 -0.0227873 -0.115714 0.0421353 -0.0391104 -0.0974555 
0.0429406 -0.0291994 -0.117624 0.0557515 -0.0471953 -0.11342 -0.335592 0.0181668 -0.0843912 
-0.336397 0.00825584 -0.0642228 -0.322781 0.000170945 -0.0801876 0.0685623 -0.0651911 -0.109217 
0.0988458 -0.0815142 -0.090958 0.0996511 -0.0716033 -0.111126 0.112462 -0.0895991 -0.106923 
-0.328248 -0.0294086 -0.0698707 0.125273 -0.107595 -0.102719 0.138084 -0.125591 -0.0985155 
-0.315438 -0.0474044 -0.0656671 -0.302627 -0.0654003 -0.0614635 0.0257339 -0.127849 -0.066505 
0.00826127 -0.129522 -0.0805601 0.0265392 -0.117938 -0.0866733 0.057628 -0.12435 -0.088583 
0.0568227 -0.134261 -0.0684146 0.0887168 -0.130762 -0.0904926 0.0879115 -0.140673 -0.0703243 
0.119806 -0.137174 -0.0924023 -0.308094 -0.0949798 -0.0511466 -0.0419108 -0.144604 -0.0523688 
-0.0593835 -0.146277 -0.0664239 -0.0411055 -0.134693 -0.0725371 -0.0100167 -0.141105 -0.0744468 
-0.295283 -0.112976 -0.046943 -0.296088 -0.122887 -0.0267747 -0.282472 -0.130971 -0.0427394 
-0.109556 -0.161359 -0.0382326 -0.127028 -0.163032 -0.0522877 -0.10875 -0.151449 -0.058401 
-0.0776614 -0.157861 -0.0603106 -0.269661 -0.148967 -0.0385358 -0.270467 -0.158878 -0.0183675 
-0.238573 -0.155379 -0.0404455 -0.239378 -0.16529 -0.0202771 -0.207484 -0.161792 -0.0423552 
-0.208289 -0.171703 -0.0221868 -0.176395 -0.168204 -0.0442648 -0.1772 -0.178115 -0.0240965 
-0.145306 -0.174616 -0.0461745 -0.261675 0.0744125 -0.129013 -0.248059 0.0663276 -0.144977 
-0.229781 0.0779113 -0.151091 -0.198692 0.0714991 -0.153 -0.168408 0.0551761 -0.134742 
-0.185881 0.0535033 -0.148797 -0.298231 0.0512451 -0.116786 -0.284615 0.0431602 -0.132751 
-0.266337 0.0547439 -0.138864 -0.17307 0.0355075 -0.144593 -0.141982 0.0290953 -0.146503 
-0.110893 0.0226832 -0.148412 -0.0798039 0.016271 -0.150322 -0.0669931 -0.00172481 -0.146118 
0.0437459 -0.0192885 -0.137792 0.0445512 -0.00937755 -0.157961 0.0262733 -0.0209612 -0.151847 
0.0573621 -0.0273734 -0.153757 -0.333981 0.0379887 -0.124728 -0.352259 0.026405 -0.118615 
-0.302893 0.0315765 -0.126638 -0.0541823 -0.0197206 -0.141915 -0.0230935 -0.0261328 -0.143824 
0.00799531 -0.0325449 -0.145734 0.0693676 -0.0552802 -0.129385 0.0701729 -0.0453692 -0.149553 
0.0829837 -0.0633651 -0.14535 -0.339449 0.00840915 -0.114411 -0.326638 -0.00958669 -0.110207 
0.0957946 -0.0813609 -0.141146 0.126078 -0.097684 -0.122887 0.126883 -0.087773 -0.143056 
0.157167 -0.104096 -0.124797 0.157972 -0.0941852 -0.144965 0.170783 -0.112181 -0.140762 
-0.332105 -0.0391662 -0.0998906 0.1517 -0.133676 -0.11448 0.165316 -0.141761 -0.130445 
-0.319294 -0.0571621 -0.0956869 -0.306483 -0.0751579 -0.0914833 -0.00921139 -0.131194 -0.0946152 
-0.0266841 -0.132867 -0.10867 -0.00840609 -0.121284 -0.114784 0.0226827 -0.127696 -0.116693 
0.0537715 -0.134108 -0.118603 0.0848603 -0.14052 -0.120512 0.115949 -0.146932 -0.122422 
0.147038 -0.153344 -0.124332 -0.31195 -0.104737 -0.0811665 -0.06324 -0.156035 -0.0964437 
-0.044962 -0.144451 -0.102557 -0.29914 -0.122733 -0.0769629 -0.286329 -0.140729 -0.0727593 
-0.130885 -0.17279 -0.0823076 -0.112607 -0.161206 -0.0884208 -0.081518 -0.167618 -0.0903305 
-0.273518 -0.158725 -0.0685557 -0.242429 -0.165137 -0.0704653 -0.21134 -0.171549 -0.072375 
-0.180251 -0.177961 -0.0742847 -0.149163 -0.184374 -0.0761943 -0.233637 0.0681537 -0.18111 
-0.251915 0.05657 -0.174997 -0.202549 0.0617415 -0.18302 -0.189738 0.0437457 -0.178816 
-0.270193 0.0449863 -0.168884 -0.288471 0.0334026 -0.162771 -0.176927 0.0257498 -0.174613 
-0.145838 0.0193377 -0.176523 -0.114749 0.0129255 -0.178432 -0.0836605 0.00651339 -0.180342 
-0.053377 -0.0098097 -0.162083 -0.0525717 0.000101248 -0.182251 -0.0222882 -0.0162218 -0.163993 
-0.0214829 -0.0063109 -0.184161 0.00880061 -0.022634 -0.165902 0.00960591 -0.012723 -0.186071 
0.0406947 -0.0191352 -0.18798 0.0535055 -0.037131 -0.183777 -0.337838 0.028231 -0.154748 
-0.356116 0.0166473 -0.148634 -0.306749 0.0218189 -0.156657 0.0663164 -0.0551269 -0.179573 
0.0965999 -0.07145 -0.161315 0.0974052 -0.061539 -0.181483 0.127689 -0.0778621 -0.163224 
0.128494 -0.0679512 -0.183393 0.141305 -0.085947 -0.179189 -0.343305 -0.00134849 -0.144431 
-0.330494 -0.0193443 -0.140227 0.154116 -0.103943 -0.174985 0.184399 -0.120266 -0.156727 
0.185204 -0.110355 -0.176895 0.198015 -0.128351 -0.172691 -0.335961 -0.0489239 -0.12991 
0.0856656 -0.130609 -0.140681 0.0681929 -0.132282 -0.154736 0.0864709 -0.120698 -0.160849 
0.11756 -0.12711 -0.162759 0.116754 -0.137021 -0.14259 0.148648 -0.133522 -0.164668 
0.147843 -0.143433 -0.1445 0.179737 -0.139935 -0.166578 -0.323151 -0.0669197 -0.125707 
-0.31034 -0.0849155 -0.121503 -0.0305406 -0.142625 -0.13869 -0.0122626 -0.131041 -0.144803 
0.0188262 -0.137453 -0.146713 0.049915 -0.143865 -0.148623 -0.297529 -0.102911 -0.1173 
-0.298334 -0.112822 -0.0971312 -0.284718 -0.120907 -0.113096 -0.0807127 -0.157707 -0.110499 
-0.0981853 -0.15938 -0.124554 -0.0799074 -0.147796 -0.130667 -0.0488186 -0.154209 -0.132577 
-0.271907 -0.138903 -0.108892 -0.272713 -0.148814 -0.088724 -0.259096 -0.156899 -0.104689 
-0.179446 -0.16805 -0.094453 -0.196919 -0.169723 -0.108508 -0.178641 -0.158139 -0.114621 
-0.147552 -0.164552 -0.116531 -0.148357 -0.174463 -0.0963627 -0.116463 -0.170964 -0.118441 
-0.246286 -0.174895 -0.100485 -0.215197 -0.181307 -0.102395 -0.237494 0.058396 -0.21113 
-0.255772 0.0468123 -0.205017 -0.206405 0.0519839 -0.21304 -0.193594 0.033988 -0.208836 
-0.27405 0.0352286 -0.198904 -0.292328 0.0236449 -0.19279 -0.180783 0.0159922 -0.204633 
-0.149695 0.00958005 -0.206542 -0.118606 0.0031679 -0.208452 -0.087517 -0.00324424 -0.210362 
-0.0564282 -0.00965639 -0.212271 -0.0253394 -0.0160685 -0.214181 0.00574938 -0.0224807 -0.216091 
0.0368382 -0.0288928 -0.218 0.0671217 -0.0452159 -0.199742 0.067927 -0.035305 -0.21991 
0.0982105 -0.0516281 -0.201651 0.0990158 -0.0417171 -0.22182 0.111827 -0.059713 -0.217616 
-0.3425 0.00856245 -0.164599 -0.328884 0.000477562 -0.180564 -0.310606 0.0120613 -0.186677 
0.124637 -0.0777088 -0.213412 0.154921 -0.0940319 -0.195154 0.155726 -0.0841209 -0.215322 
0.18601 -0.100444 -0.197063 0.186815 -0.0905331 -0.217232 0.199626 -0.108529 -0.213028 
-0.334351 -0.029102 -0.170247 0.194159 -0.138108 -0.202711 -0.32154 -0.0470978 -0.166044 
-0.322345 -0.0570087 -0.145875 -0.308729 -0.0650936 -0.16184 0.0196315 -0.127542 -0.166881 
0.0021588 -0.129215 -0.180936 0.0204368 -0.117631 -0.18705 0.0515256 -0.124044 -0.188959 
0.0507203 -0.133955 -0.168791 0.0826144 -0.130456 -0.190869 0.113703 -0.136868 -0.192779 
0.144792 -0.14328 -0.194688 0.175881 -0.149692 -0.196598 -0.314196 -0.0946732 -0.151523 
-0.0480133 -0.144298 -0.152745 -0.0654859 -0.14597 -0.1668 -0.047208 -0.134387 -0.172914 
-0.0161192 -0.140799 -0.174823 -0.301385 -0.112669 -0.147319 -0.288575 -0.130665 -0.143116 
-0.146747 -0.154641 -0.136699 -0.164219 -0.156313 -0.150754 -0.145941 -0.14473 -0.156868 
-0.114853 -0.151142 -0.158777 -0.115658 -0.161053 -0.138609 -0.0837639 -0.157554 -0.160687 
-0.275764 -0.148661 -0.138912 -0.244675 -0.155073 -0.140822 -0.24548 -0.164984 -0.120654 
-0.213586 -0.161485 -0.142732 -0.214391 -0.171396 -0.122563 -0.182497 -0.167897 -0.144641 
-0.24135 0.0486384 -0.24115 -0.259628 0.0370547 -0.235037 -0.210262 0.0422262 -0.24306 
-0.197451 0.0242304 -0.238856 -0.0245341 -0.00615759 -0.234349 -0.0237288 0.00375336 -0.254518 
-0.0420068 -0.00783034 -0.248404 0.00655468 -0.0125697 -0.236259 0.00735998 -0.00265879 -0.256427 
0.0376435 -0.0189819 -0.238169 0.0384488 -0.00907094 -0.258337 0.0687323 -0.025394 -0.240078 
0.0695376 -0.0154831 -0.260247 0.0998211 -0.0318062 -0.241988 0.100626 -0.0218952 -0.262156 
0.113437 -0.0398911 -0.257953 -0.277906 0.025471 -0.228924 -0.296184 0.0138873 -0.22281 
-0.18464 0.00623456 -0.234653 -0.153551 -0.000177587 -0.236562 -0.122462 -0.00658973 -0.238472 
-0.0913735 -0.0130019 -0.240382 -0.0602847 -0.019414 -0.242291 0.125443 -0.0677978 -0.233581 
0.126248 -0.0578869 -0.253749 0.156532 -0.07421 -0.23549 0.157337 -0.064299 -0.255659 
0.170148 -0.0822949 -0.251455 -0.314462 0.00230362 -0.216697 -0.33274 -0.00928007 -0.210584 
0.182958 -0.100291 -0.247252 0.213242 -0.116614 -0.228993 0.214047 -0.106703 -0.249161 
0.226858 -0.124699 -0.244958 -0.338207 -0.0388596 -0.200267 0.0834197 -0.120545 -0.211037 
0.065947 -0.122218 -0.225092 0.084225 -0.110634 -0.231206 0.115314 -0.117046 -0.233115 
0.114508 -0.126957 -0.212947 0.146403 -0.123458 -0.235025 0.145597 -0.133369 -0.214857 
0.177491 -0.12987 -0.236935 0.176686 -0.139781 -0.216766 0.20858 -0.136282 -0.238844 
-0.325397 -0.0568554 -0.196063 -0.312586 -0.0748513 -0.19186 -0.0153139 -0.130888 -0.194992 
-0.0327865 -0.132561 -0.209047 -0.0145086 -0.120977 -0.21516 0.0165802 -0.127389 -0.21707 
0.047669 -0.133801 -0.218979 -0.299775 -0.0928471 -0.187656 -0.30058 -0.102758 -0.167488 
-0.286964 -0.110843 -0.183453 -0.114047 -0.141231 -0.178946 -0.13152 -0.142904 -0.193001 
-0.113242 -0.13132 -0.199114 -0.0821533 -0.137732 -0.201024 -0.0829586 -0.147643 -0.180855 
-0.0510645 -0.144144 -0.202933 -0.274153 -0.128839 -0.179249 -0.274958 -0.13875 -0.159081 
-0.243064 -0.135251 -0.181159 -0.24387 -0.145162 -0.16099 -0.211976 -0.141663 -0.183068 
-0.212781 -0.151574 -0.1629 -0.180887 -0.148075 -0.184978 -0.181692 -0.157986 -0.16481 
-0.149798 -0.154487 -0.186888 -0.245207 0.0388807 -0.27117 -0.263485 0.0272971 -0.265057 
-0.214118 0.0324686 -0.27308 -0.183835 0.0161455 -0.254821 -0.183029 0.0260564 -0.274989 
-0.152746 0.00973336 -0.256731 -0.151941 0.0196443 -0.276899 -0.121657 0.00332121 -0.25864 
-0.120852 0.0132322 -0.278809 -0.0905682 -0.00309093 -0.26055 -0.0897629 0.00682001 -0.280718 
-0.0594794 -0.00950308 -0.26246 -0.0586741 0.000407865 -0.282628 -0.0275853 -0.00600428 -0.284538 
0.00350345 -0.0124164 -0.286447 0.0345922 -0.0188286 -0.288357 0.065681 -0.0252407 -0.290266 
0.0967698 -0.0316529 -0.292176 0.127053 -0.047976 -0.273917 0.127859 -0.038065 -0.294086 
0.158142 -0.0543881 -0.275827 0.158947 -0.0444772 -0.295995 0.171758 -0.062473 -0.291792 
-0.281763 0.0157134 -0.258943 -0.300041 0.00412967 -0.25283 0.183764 -0.0903798 -0.26742 
0.184569 -0.0804688 -0.287588 0.19738 -0.0984647 -0.283385 -0.318319 -0.00745402 -0.246717 
-0.336597 -0.0190377 -0.240604 0.210191 -0.116461 -0.279181 0.223002 -0.134456 -0.274977 
-0.342064 -0.0486172 -0.230287 0.0484743 -0.12389 -0.239148 0.0310017 -0.125563 -0.253203 
0.0492796 -0.113979 -0.259316 0.0803684 -0.120391 -0.261226 0.111457 -0.126804 -0.263135 
0.142546 -0.133216 -0.265045 0.173635 -0.139628 -0.266955 0.204724 -0.14604 -0.268864 
-0.329253 -0.0666131 -0.226083 -0.316442 -0.0846089 -0.22188 -0.0502592 -0.134233 -0.223102 
-0.0677319 -0.135906 -0.237157 -0.0494539 -0.124322 -0.24327 -0.0183651 -0.130735 -0.24518 
0.0127237 -0.137147 -0.247089 -0.303631 -0.102605 -0.217676 -0.290821 -0.120601 -0.213472 
-0.180082 -0.138164 -0.205146 -0.197554 -0.139837 -0.219201 -0.179276 -0.128253 -0.225315 
-0.148187 -0.134665 -0.227224 -0.148993 -0.144576 -0.207056 -0.117099 -0.141078 -0.229134 
-0.0860098 -0.14749 -0.231044 -0.27801 -0.138596 -0.209269 -0.246921 -0.145009 -0.211178 
-0.215832 -0.151421 -0.213088 -0.213313 0.0423795 -0.293248 -0.212508 0.0522905 -0.313416 
-0.230785 0.0407068 -0.307303 -0.182224 0.0359674 -0.295158 -0.181419 0.0458783 -0.315326 
-0.151135 0.0295552 -0.297067 -0.15033 0.0394662 -0.317236 -0.137519 0.0214704 -0.313032 
-0.0889576 0.016731 -0.300887 -0.0881523 0.0266419 -0.321055 -0.10643 0.0150582 -0.314942 
-0.0578688 0.0103188 -0.302796 -0.0570635 0.0202298 -0.322965 -0.0442527 0.00223392 -0.318761 
0.159753 -0.0345662 -0.316164 0.160558 -0.0246553 -0.336332 0.14228 -0.036239 -0.330219 
0.173369 -0.0426511 -0.332129 -0.249063 0.0291231 -0.30119 -0.267341 0.0175394 -0.295077 
-0.124708 0.00347452 -0.308828 -0.0314419 -0.0157619 -0.314557 -0.000353088 -0.0221741 -0.316467 
0.0307357 -0.0285862 -0.318377 0.0618245 -0.0349984 -0.320286 0.0929133 -0.0414105 -0.322196 
0.124002 -0.0478227 -0.324106 0.185374 -0.0705579 -0.307757 0.18618 -0.0606469 -0.327925 
0.198991 -0.0786428 -0.323721 -0.285619 0.00595572 -0.288963 -0.303897 -0.00562797 -0.28285 
0.210996 -0.10655 -0.299349 0.211801 -0.0966386 -0.319518 0.224612 -0.114634 -0.315314 
-0.322175 -0.0172117 -0.276737 -0.340453 -0.0287953 -0.270624 0.112263 -0.116893 -0.283304 
0.0947899 -0.118565 -0.297359 0.113068 -0.106982 -0.303472 0.144157 -0.113394 -0.305382 
0.143351 -0.123305 -0.285213 0.175245 -0.119806 -0.307291 0.17444 -0.129717 -0.287123 
0.188056 -0.137802 -0.303088 0.219145 -0.144214 -0.304997 -0.34592 -0.0583749 -0.260307 
0.013529 -0.127236 -0.267258 -0.00394366 -0.128908 -0.281313 0.0143343 -0.117325 -0.287426 
0.0454231 -0.123737 -0.289336 0.0765119 -0.130149 -0.291245 0.200867 -0.155798 -0.298884 
-0.33311 -0.0763707 -0.256103 -0.302021 -0.0827829 -0.258013 -0.302826 -0.0926938 -0.237844 
-0.28921 -0.100779 -0.253809 -0.0852045 -0.137579 -0.251212 -0.102677 -0.139252 -0.265267 
-0.0843992 -0.127668 -0.27138 -0.0533104 -0.13408 -0.27329 -0.0222216 -0.140492 -0.2752 
-0.276399 -0.118775 -0.249606 -0.277204 -0.128685 -0.229437 -0.24531 -0.125187 -0.251515 
-0.246116 -0.135098 -0.231347 -0.214222 -0.131599 -0.253425 -0.215027 -0.14151 -0.233256 
-0.183133 -0.138011 -0.255334 -0.152044 -0.144423 -0.257244 -0.120955 -0.150835 -0.259154 
-0.180613 0.0557893 -0.335494 -0.179808 0.0657002 -0.355663 -0.198086 0.0541165 -0.349549 
-0.166997 0.0477044 -0.351459 -0.248258 0.039034 -0.321358 -0.247453 0.048945 -0.341526 
-0.265731 0.0373613 -0.335413 -0.216364 0.0425329 -0.343436 -0.154186 0.0297086 -0.347255 
-0.123903 0.0133855 -0.328997 -0.123098 0.0232964 -0.349165 -0.0920089 0.0168843 -0.351075 
-0.0609201 0.0104721 -0.352984 -0.0306366 -0.00585097 -0.334726 -0.0298313 0.00405997 -0.354894 
0.000452212 -0.0122631 -0.336635 0.00125751 -0.00235217 -0.356804 0.031541 -0.0186753 -0.338545 
0.0323463 -0.00876432 -0.358713 0.0626298 -0.0250874 -0.340455 0.0634351 -0.0151765 -0.360623 
0.0937186 -0.0314996 -0.342364 0.0945239 -0.0215886 -0.362533 0.124807 -0.0379117 -0.344274 
0.125613 -0.0280008 -0.364442 0.156701 -0.0344129 -0.366352 0.186985 -0.050736 -0.348093 
0.18779 -0.0408251 -0.368262 0.200601 -0.0588209 -0.364058 -0.271198 0.00778178 -0.325096 
0.212607 -0.0867277 -0.339686 0.213412 -0.0768167 -0.359854 0.226223 -0.0948126 -0.355651 
-0.289476 -0.00380191 -0.318983 -0.307754 -0.0153856 -0.31287 0.238228 -0.122719 -0.331279 
0.239034 -0.112808 -0.351447 0.251844 -0.130804 -0.347244 -0.326032 -0.0269693 -0.306757 
-0.34431 -0.038553 -0.300643 0.0773172 -0.120238 -0.311414 0.0598445 -0.121911 -0.325469 
0.0781225 -0.110327 -0.331582 0.109211 -0.116739 -0.333492 0.1403 -0.123151 -0.335401 
0.171389 -0.129564 -0.337311 0.202478 -0.135976 -0.339221 0.201672 -0.145887 -0.319052 
0.233566 -0.142388 -0.34113 -0.349777 -0.0681325 -0.290327 -0.0214163 -0.130581 -0.295368 
-0.038889 -0.132254 -0.309423 -0.020611 -0.12067 -0.315536 0.0104778 -0.127082 -0.317446 
0.0415666 -0.133495 -0.319356 -0.336966 -0.0861284 -0.286123 -0.305877 -0.0925405 -0.288033 
-0.274789 -0.0989526 -0.289942 -0.275594 -0.108864 -0.269774 -0.261978 -0.116948 -0.285739 
-0.151239 -0.134512 -0.277412 -0.168711 -0.136185 -0.291468 -0.150433 -0.124601 -0.297581 
-0.119345 -0.131013 -0.29949 -0.12015 -0.140924 -0.279322 -0.0882557 -0.137426 -0.3014 
-0.057167 -0.143838 -0.30331 -0.249167 -0.134944 -0.281535 -0.218078 -0.141356 -0.283445 
-0.186989 -0.147769 -0.285354 -0.183665 0.0559426 -0.385682 -0.201943 0.0443589 -0.379569 
-0.153381 0.0396195 -0.367424 -0.152576 0.0495305 -0.387592 -0.122292 0.0332074 -0.369333 
-0.121487 0.0431183 -0.389502 -0.0912036 0.0267952 -0.371243 -0.0903983 0.0367062 -0.391411 
-0.0601148 0.0203831 -0.373153 -0.0593095 0.030294 -0.393321 -0.029026 0.0139709 -0.375062 
-0.0282207 0.0238819 -0.395231 0.00206281 0.00755877 -0.376972 0.00286811 0.0174697 -0.39714 
0.0331516 0.00114663 -0.378882 0.0339569 0.0110576 -0.39905 0.0642404 -0.00526552 -0.380791 
0.0650457 0.00464542 -0.40096 0.0778565 -0.0133504 -0.396756 0.219684 -0.0373263 -0.39034 
0.22049 -0.0274153 -0.410508 0.202212 -0.038999 -0.404395 0.233301 -0.0454111 -0.406304 
-0.251309 0.0391874 -0.371546 -0.269587 0.0276037 -0.365433 -0.220221 0.0327752 -0.373456 
0.0906674 -0.0313463 -0.392553 0.121756 -0.0377584 -0.394462 0.152845 -0.0441705 -0.396372 
0.183934 -0.0505827 -0.398282 0.214217 -0.0669058 -0.380023 0.246111 -0.063407 -0.402101 
0.245306 -0.0733179 -0.381932 0.258922 -0.0814028 -0.397897 -0.275054 -0.00197586 -0.355116 
0.239839 -0.102897 -0.371616 0.271733 -0.0993987 -0.393694 0.270928 -0.10931 -0.373525 
0.284544 -0.117394 -0.38949 -0.293332 -0.0135596 -0.349003 -0.31161 -0.0251432 -0.34289 
0.141105 -0.113241 -0.35557 0.123633 -0.114913 -0.369625 0.141911 -0.10333 -0.375738 
0.172999 -0.109742 -0.377648 0.172194 -0.119653 -0.357479 0.204088 -0.116154 -0.379557 
0.203283 -0.126065 -0.359389 0.216899 -0.13415 -0.375354 0.266266 -0.128978 -0.383377 
0.247988 -0.140562 -0.377264 -0.329888 -0.0367269 -0.336776 -0.348166 -0.0483106 -0.330663 
0.0112831 -0.117171 -0.337614 -0.00618959 -0.118844 -0.351669 0.0120884 -0.107261 -0.357783 
0.0431772 -0.113673 -0.359692 0.0423719 -0.123584 -0.339524 0.074266 -0.120085 -0.361602 
0.105355 -0.126497 -0.363512 0.22971 -0.152146 -0.37115 -0.335356 -0.0663065 -0.32646 
-0.336161 -0.0762174 -0.306291 -0.322545 -0.0843023 -0.322256 -0.0874505 -0.127515 -0.321568 
-0.104923 -0.129187 -0.335624 -0.0866451 -0.117604 -0.341737 -0.0555564 -0.124016 -0.343646 
-0.0563617 -0.133927 -0.323478 -0.0244676 -0.130428 -0.345556 -0.309734 -0.102298 -0.318052 
-0.278645 -0.10871 -0.319962 -0.247556 -0.115122 -0.321872 -0.248362 -0.125033 -0.301703 
-0.216467 -0.121535 -0.323781 -0.217273 -0.131446 -0.303613 -0.185379 -0.127947 -0.325691 
-0.186184 -0.137858 -0.305523 -0.15429 -0.134359 -0.327601 -0.123201 -0.140771 -0.32951 
-0.0219482 0.0633723 -0.425716 -0.0211429 0.0732833 -0.445884 -0.0394209 0.0616996 -0.439771 
-0.00833212 0.0552874 -0.441681 -0.182859 0.0658535 -0.405851 -0.182054 0.0757645 -0.426019 
-0.200332 0.0641808 -0.419906 -0.151771 0.0594414 -0.407761 -0.150965 0.0693523 -0.427929 
-0.120682 0.0530293 -0.40967 -0.119876 0.0629402 -0.429839 -0.089593 0.0466171 -0.41158 
-0.0887877 0.056528 -0.431748 -0.0585042 0.040205 -0.413489 -0.0576989 0.0501159 -0.433658 
-0.0274154 0.0337928 -0.415399 0.00447872 0.0372916 -0.437477 0.00367341 0.0273807 -0.417309 
0.0347622 0.0209685 -0.419218 0.0355675 0.0308795 -0.439387 0.065851 0.0145564 -0.421128 
0.0666563 0.0244673 -0.441296 0.0794671 0.00647148 -0.437093 0.221295 -0.0175044 -0.430676 
0.2221 -0.00759342 -0.450845 0.203822 -0.0191771 -0.444731 0.234911 -0.0255893 -0.446641 
-0.219415 0.0426862 -0.393624 -0.21861 0.0525971 -0.413793 -0.236888 0.0410134 -0.407679 
0.0914727 -0.0214353 -0.412721 0.092278 -0.0115244 -0.432889 0.122561 -0.0278475 -0.414631 
0.123367 -0.0179365 -0.434799 0.15365 -0.0342596 -0.41654 0.154456 -0.0243487 -0.436709 
0.184739 -0.0406717 -0.41845 0.185544 -0.0307608 -0.438618 0.246917 -0.053496 -0.422269 
0.247722 -0.0435851 -0.442438 0.260533 -0.0615809 -0.438234 -0.255166 0.0294297 -0.401566 
-0.273444 0.017846 -0.395453 0.272538 -0.0894877 -0.413862 0.273344 -0.0795768 -0.43403 
0.286154 -0.0975726 -0.429827 -0.278911 -0.0117335 -0.385136 0.280687 -0.127152 -0.41951 
-0.297189 -0.0233172 -0.379023 -0.315467 -0.0349009 -0.37291 0.0750713 -0.110174 -0.38177 
0.0575986 -0.111847 -0.395825 0.0758766 -0.100263 -0.401939 0.106965 -0.106675 -0.403848 
0.10616 -0.116586 -0.38368 0.138054 -0.113087 -0.405758 0.169143 -0.119499 -0.407668 
0.200232 -0.125912 -0.409577 0.231321 -0.132324 -0.411487 0.230515 -0.142235 -0.391319 
0.262409 -0.138736 -0.413397 -0.33455 -0.0563955 -0.346628 -0.320934 -0.0644804 -0.362593 
-0.0236623 -0.120517 -0.365725 -0.0411349 -0.12219 -0.37978 -0.022857 -0.110606 -0.385893 
0.00823184 -0.117018 -0.387803 0.0393206 -0.12343 -0.389712 -0.308123 -0.0824762 -0.358389 
-0.308929 -0.0923872 -0.338221 -0.277034 -0.0888884 -0.360299 -0.27784 -0.0987993 -0.34013 
-0.245946 -0.0953005 -0.362208 -0.246751 -0.105211 -0.34204 -0.233135 -0.113296 -0.358005 
-0.122396 -0.13086 -0.349679 -0.139868 -0.132533 -0.363734 -0.12159 -0.120949 -0.369847 
-0.0905017 -0.127361 -0.371757 -0.0594129 -0.133773 -0.373666 -0.220324 -0.131292 -0.353801 
-0.189235 -0.137704 -0.355711 -0.158146 -0.144117 -0.357621 0.0107512 0.0767821 -0.467962 
0.0115565 0.086693 -0.488131 -0.00672151 0.0751093 -0.482017 0.0418399 0.0703699 -0.469872 
0.0426452 0.0802809 -0.49004 0.0729287 0.0639578 -0.471782 0.073734 0.0738687 -0.49195 
0.104018 0.0575456 -0.473691 0.104823 0.0674566 -0.49386 0.135106 0.0511335 -0.475601 
0.135912 0.0610444 -0.495769 0.166195 0.0447214 -0.477511 0.167 0.0546323 -0.497679 
0.179811 0.0366365 -0.493475 -0.15016 0.0792633 -0.448097 -0.149355 0.0891742 -0.468266 
-0.167633 0.0775905 -0.462152 -0.119071 0.0728511 -0.450007 -0.118266 0.0827621 -0.470175 
-0.0879824 0.066439 -0.451917 -0.0871771 0.0763499 -0.472085 -0.0568936 0.0600268 -0.453826 
-0.0560883 0.0699378 -0.473995 -0.0249995 0.0635256 -0.475904 0.00528402 0.0472026 -0.457646 
0.0363728 0.0407904 -0.459555 0.0674616 0.0343783 -0.461465 0.0985504 0.0279661 -0.463374 
0.129639 0.021554 -0.465284 0.160728 0.0151418 -0.467194 0.192622 0.0186406 -0.489272 
0.191817 0.00872968 -0.469103 0.222906 0.00231753 -0.471013 0.223711 0.0122285 -0.491181 
0.253994 -0.00409462 -0.472923 0.2548 0.00581633 -0.493091 0.285083 -0.0105068 -0.474832 
0.285888 -0.000595817 -0.495001 0.316172 -0.0169189 -0.476742 0.316977 -0.00700796 -0.49691 
0.329788 -0.0250038 -0.492707 -0.185911 0.0660068 -0.456039 -0.204189 0.0544232 -0.449926 
0.0930833 -0.00161341 -0.453058 0.124172 -0.00802556 -0.454967 0.155261 -0.0144377 -0.456877 
0.18635 -0.0208499 -0.458787 0.248527 -0.0336741 -0.462606 0.279616 -0.0400863 -0.464516 
0.310705 -0.0464984 -0.466425 0.324321 -0.0545833 -0.48239 -0.222467 0.0428395 -0.443813 
-0.240744 0.0312558 -0.437699 0.274149 -0.0696658 -0.454199 0.305238 -0.076078 -0.456108 
0.318854 -0.0841629 -0.472073 -0.259022 0.0196721 -0.431586 -0.2773 0.00808839 -0.425473 
0.299771 -0.105657 -0.445791 0.313387 -0.113742 -0.461756 -0.282768 -0.0214911 -0.415156 
0.107771 -0.0967641 -0.424017 0.090298 -0.0984369 -0.438072 0.108576 -0.0868532 -0.444185 
0.139665 -0.0932653 -0.446095 0.138859 -0.103176 -0.425926 0.170754 -0.0996775 -0.448004 
0.169948 -0.109588 -0.427836 0.201842 -0.10609 -0.449914 0.201037 -0.116001 -0.429746 
0.232931 -0.112502 -0.451824 0.232126 -0.122413 -0.431655 0.26402 -0.118914 -0.453733 
0.263215 -0.128825 -0.433565 0.295109 -0.125326 -0.455643 -0.301851 -0.0429858 -0.388874 
-0.288235 -0.0510707 -0.404839 0.0401259 -0.113519 -0.409881 0.0226533 -0.115192 -0.423936 
0.0409312 -0.103608 -0.430049 0.07202 -0.110021 -0.431959 -0.307318 -0.0725653 -0.378557 
-0.275424 -0.0690665 -0.400635 -0.276229 -0.0789774 -0.380467 -0.244335 -0.0754786 -0.402545 
-0.24514 -0.0853896 -0.382377 -0.231524 -0.0934745 -0.398342 -0.0896964 -0.11745 -0.391925 
-0.107169 -0.119123 -0.40598 -0.0888911 -0.107539 -0.412093 -0.0578023 -0.113952 -0.414003 
-0.0586076 -0.123862 -0.393835 -0.0267135 -0.120364 -0.415913 0.00437531 -0.126776 -0.417822 
-0.218713 -0.11147 -0.394138 -0.219519 -0.121381 -0.37397 -0.187625 -0.117882 -0.396048 
-0.18843 -0.127793 -0.375879 -0.156536 -0.124295 -0.397957 -0.157341 -0.134206 -0.377789 
-0.125447 -0.130707 -0.399867 0.153118 0.159694 -0.546888 0.153924 0.169605 -0.567057 
0.135646 0.158021 -0.560943 0.184207 0.153282 -0.548798 0.185012 0.163193 -0.568966 
0.197823 0.145197 -0.564763 0.116562 0.136527 -0.534662 0.117368 0.146438 -0.55483 
0.0990897 0.134854 -0.548717 0.147651 0.130114 -0.536571 0.17874 0.123702 -0.538481 
0.210634 0.127201 -0.560559 0.209829 0.11729 -0.540391 0.223445 0.109205 -0.556355 
0.0489177 0.119771 -0.520526 0.049723 0.129682 -0.540694 0.031445 0.118099 -0.534581 
0.0800065 0.113359 -0.522435 0.0808118 0.12327 -0.542604 0.111095 0.106947 -0.524345 
0.142184 0.100535 -0.526255 0.173273 0.0941228 -0.528164 0.204362 0.0877106 -0.530074 
0.236256 0.0912094 -0.552152 0.23545 0.0812985 -0.531983 0.266539 0.0748863 -0.533893 
0.267345 0.0847973 -0.554062 0.280155 0.0668014 -0.549858 0.0123618 0.096604 -0.508299 
0.0131671 0.106515 -0.528467 -0.00511091 0.0949312 -0.522354 0.0434505 0.0901918 -0.510209 
0.0745393 0.0837797 -0.512118 0.105628 0.0773675 -0.514028 0.136717 0.0709554 -0.515938 
0.167806 0.0645432 -0.517847 0.198895 0.0581311 -0.519757 0.229983 0.051719 -0.521667 
0.261072 0.0453068 -0.523576 0.292966 0.0488056 -0.545654 0.292161 0.0388947 -0.525486 
0.305777 0.0308098 -0.541451 -0.117461 0.092673 -0.490344 -0.116655 0.102584 -0.510512 
-0.134933 0.0910003 -0.504399 -0.0863718 0.0862609 -0.492253 -0.0855665 0.0961718 -0.512422 
-0.055283 0.0798487 -0.494163 -0.0544777 0.0897597 -0.514331 -0.0241942 0.0734366 -0.496073 
-0.0233889 0.0833475 -0.516241 0.193427 0.0285516 -0.50944 0.224516 0.0221394 -0.51135 
0.255605 0.0157273 -0.513259 0.286694 0.00931513 -0.515169 0.30031 0.00123024 -0.531134 
-0.153211 0.0794166 -0.498285 -0.171489 0.0678329 -0.492172 0.313121 -0.0167656 -0.52693 
0.325932 -0.0347614 -0.522727 -0.189767 0.0562492 -0.486059 -0.208045 0.0446655 -0.479946 
0.320464 -0.064341 -0.51241 -0.226323 0.0330818 -0.473832 -0.244601 0.0214981 -0.467719 
0.314997 -0.0939205 -0.502093 -0.263684 3.5038e-06 -0.441438 -0.250068 -0.00808139 -0.457402 
0.295914 -0.115415 -0.475811 0.278441 -0.117088 -0.489866 0.296719 -0.105504 -0.49598 
-0.269151 -0.029576 -0.431121 -0.255535 -0.0376609 -0.447085 0.0728253 -0.10011 -0.452127 
0.0553527 -0.101782 -0.466182 0.0736306 -0.0901987 -0.472295 0.104719 -0.0966108 -0.474205 
0.135808 -0.103023 -0.476115 0.166897 -0.109435 -0.478024 0.197986 -0.115847 -0.479934 
0.229075 -0.122259 -0.481844 0.260163 -0.128672 -0.483753 -0.273813 -0.0492446 -0.440972 
-0.292091 -0.0608283 -0.434859 0.00518061 -0.116865 -0.437991 -0.0122921 -0.118538 -0.452046 
0.00598591 -0.106954 -0.458159 0.0370747 -0.113366 -0.460069 -0.27928 -0.0788241 -0.430655 
-0.248192 -0.0852363 -0.432565 -0.217103 -0.0916484 -0.434475 -0.217908 -0.101559 -0.414306 
-0.186014 -0.0980606 -0.436384 -0.186819 -0.107972 -0.416216 -0.154925 -0.104473 -0.438294 
-0.155731 -0.114384 -0.418126 -0.123836 -0.110885 -0.440204 -0.124642 -0.120796 -0.420035 
-0.0927476 -0.117297 -0.442113 -0.0616588 -0.123709 -0.444023 -0.03057 -0.130121 -0.445933 
0.150067 0.159847 -0.597076 0.131789 0.148264 -0.590963 0.181156 0.153435 -0.598986 
0.211439 0.137112 -0.580727 0.212245 0.147023 -0.600896 0.242528 0.1307 -0.582637 
0.243333 0.140611 -0.602805 0.256144 0.122615 -0.598602 0.0816171 0.133181 -0.562772 
0.0824224 0.143092 -0.58294 0.0641444 0.131508 -0.576827 0.113511 0.13668 -0.58485 
0.237061 0.10112 -0.57232 0.268955 0.104619 -0.594398 0.26815 0.0947082 -0.57423 
0.299239 0.0882961 -0.57614 0.300044 0.098207 -0.596308 0.312855 0.0802112 -0.592104 
0.0139724 0.116426 -0.548636 0.0147777 0.126337 -0.568804 -0.00350031 0.114753 -0.562691 
0.0458664 0.119925 -0.570714 0.293772 0.0587165 -0.565823 0.325666 0.0622153 -0.587901 
0.32486 0.0523044 -0.567732 0.338476 0.0442195 -0.583697 -0.0847612 0.106083 -0.53259 
-0.0839559 0.115994 -0.552758 -0.102234 0.10441 -0.546645 -0.0536724 0.0996706 -0.5345 
-0.0528671 0.109582 -0.554668 -0.0225836 0.0932585 -0.536409 -0.0217783 0.103169 -0.556578 
0.319393 0.0227249 -0.557415 0.333009 0.01464 -0.57338 -0.120512 0.0928263 -0.540532 
-0.13879 0.0812427 -0.534419 0.313926 -0.00685465 -0.547099 0.327542 -0.0149395 -0.563063 
-0.157068 0.069659 -0.528305 -0.175346 0.0580753 -0.522192 0.339548 -0.0428463 -0.538691 
0.340353 -0.0329354 -0.55886 0.353164 -0.0509312 -0.554656 -0.193624 0.0464916 -0.516079 
-0.211902 0.0349079 -0.509965 0.334081 -0.0724259 -0.528375 0.347697 -0.0805108 -0.544339 
-0.230985 0.0134132 -0.483684 -0.217369 0.00532836 -0.499649 0.311141 -0.103678 -0.532113 
0.329419 -0.0920944 -0.538226 -0.235647 -0.00625533 -0.493535 -0.253925 -0.017839 -0.487422 
0.105525 -0.0866999 -0.494373 0.0880521 -0.0883726 -0.508428 0.10633 -0.0767889 -0.514542 
0.137419 -0.0832011 -0.516451 0.136614 -0.093112 -0.496283 0.168508 -0.0896132 -0.518361 
0.167702 -0.0995242 -0.498193 0.199596 -0.0960254 -0.520271 0.198791 -0.105936 -0.500102 
0.230685 -0.102438 -0.52218 0.22988 -0.112348 -0.502012 0.261774 -0.10885 -0.52409 
0.260969 -0.118761 -0.503922 0.292863 -0.115262 -0.526 -0.259392 -0.0474186 -0.477105 
0.00679121 -0.097043 -0.478327 -0.0106815 -0.0987157 -0.492383 0.00759651 -0.087132 -0.498496 
0.0386853 -0.0935442 -0.500405 0.03788 -0.103455 -0.480237 0.0697741 -0.0999563 -0.502315 
-0.278475 -0.0689132 -0.450824 -0.246581 -0.0654144 -0.472902 -0.247386 -0.0753253 -0.452733 
-0.215492 -0.0718265 -0.474811 -0.216297 -0.0817375 -0.454643 -0.184403 -0.0782387 -0.476721 
-0.185209 -0.0881496 -0.456553 -0.153315 -0.0846508 -0.478631 -0.15412 -0.0945618 -0.458462 
-0.122226 -0.091063 -0.48054 -0.123031 -0.100974 -0.460372 -0.091137 -0.0974751 -0.48245 
-0.0919423 -0.107386 -0.462282 -0.0600482 -0.103887 -0.48436 -0.0608535 -0.113798 -0.464191 
-0.0289594 -0.110299 -0.486269 -0.0297647 -0.12021 -0.466101 0.0832277 0.153003 -0.603109 
0.084033 0.162914 -0.623277 0.065755 0.15133 -0.617164 0.114316 0.146591 -0.605018 
0.115122 0.156502 -0.625187 0.146211 0.15009 -0.627096 0.177299 0.143678 -0.629006 
0.208388 0.137265 -0.630916 0.239477 0.130853 -0.632825 0.252288 0.112857 -0.628622 
0.015583 0.136248 -0.588972 0.0163883 0.146159 -0.609141 -0.00188971 0.134575 -0.603028 
0.0466717 0.129836 -0.590882 0.0474771 0.139747 -0.61105 0.265099 0.0948615 -0.624418 
0.296187 0.0884494 -0.626328 0.326471 0.0721263 -0.608069 0.327276 0.0820372 -0.628237 
0.35756 0.0657141 -0.609979 0.358365 0.0756251 -0.630147 0.371176 0.0576293 -0.625943 
-0.0520618 0.119493 -0.574836 -0.0512565 0.129403 -0.595005 -0.0695344 0.11782 -0.588891 
-0.020973 0.11308 -0.576746 -0.0201677 0.122991 -0.596914 0.352093 0.0361346 -0.599662 
0.365709 0.0280497 -0.615627 -0.0878124 0.106236 -0.582778 -0.10609 0.0946524 -0.576665 
0.346625 0.00655509 -0.589345 0.360242 -0.0015298 -0.60531 -0.124368 0.0830687 -0.570552 
-0.142646 0.071485 -0.564438 0.341158 -0.0230244 -0.579028 0.354774 -0.0311093 -0.594993 
-0.160924 0.0599013 -0.558325 -0.179202 0.0483176 -0.552212 0.349307 -0.0606889 -0.584676 
-0.19748 0.0367339 -0.546099 -0.215758 0.0251502 -0.539985 0.34384 -0.0902684 -0.574359 
-0.221225 -0.00442928 -0.529669 0.169313 -0.0797023 -0.538529 0.15184 -0.081375 -0.552584 
0.170118 -0.0697913 -0.558698 0.201207 -0.0762035 -0.560607 0.200402 -0.0861144 -0.540439 
0.232296 -0.0826156 -0.562517 0.231491 -0.0925266 -0.542349 0.263385 -0.0890278 -0.564427 
0.262579 -0.0989387 -0.544258 0.294473 -0.0954399 -0.566336 0.293668 -0.105351 -0.546168 
0.325562 -0.101852 -0.568246 -0.240309 -0.0259239 -0.503387 -0.226692 -0.0340088 -0.519352 
0.0394906 -0.0836332 -0.520574 0.0220179 -0.085306 -0.534629 0.0402959 -0.0737223 -0.540742 
0.0713847 -0.0801344 -0.542652 0.0705794 -0.0900454 -0.522483 0.102473 -0.0865466 -0.544561 
0.133562 -0.0929587 -0.546471 -0.245776 -0.0555034 -0.49307 -0.213882 -0.0520046 -0.515148 
-0.214687 -0.0619156 -0.49498 -0.182793 -0.0584168 -0.517058 -0.183598 -0.0683277 -0.496889 
-0.151704 -0.0648289 -0.518967 -0.152509 -0.0747399 -0.498799 -0.138893 -0.0828248 -0.514764 
-0.0592429 -0.0939763 -0.504528 -0.0767156 -0.0956491 -0.518583 -0.0584376 -0.0840654 -0.524696 
-0.0273488 -0.0904775 -0.526606 -0.0281541 -0.100388 -0.506438 0.00373997 -0.0968897 -0.528516 
-0.126082 -0.100821 -0.51056 -0.0949935 -0.107233 -0.51247 0.0171936 0.15607 -0.629309 
0.0179989 0.165981 -0.649478 -0.000279109 0.154397 -0.643364 0.0482824 0.149658 -0.631219 
0.0490877 0.159568 -0.651387 0.0801765 0.153156 -0.653297 0.111265 0.146744 -0.655207 
0.142354 0.140332 -0.657116 0.173443 0.13392 -0.659026 0.204532 0.127508 -0.660935 
0.234815 0.111185 -0.642677 0.217342 0.109512 -0.656732 -0.0193624 0.132902 -0.617083 
-0.0185571 0.142813 -0.637251 -0.036835 0.13123 -0.631138 0.230153 0.091516 -0.652528 
0.261242 0.0851039 -0.654438 0.292331 0.0786918 -0.656348 0.32342 0.0722796 -0.658257 
0.354508 0.0658675 -0.660167 0.367319 0.0478716 -0.655963 -0.055113 0.119646 -0.625024 
-0.073391 0.108062 -0.618911 0.38013 0.0298758 -0.65176 0.379325 0.0199648 -0.631591 
0.392941 0.0118799 -0.647556 -0.0916689 0.0964784 -0.612798 -0.109947 0.0848948 -0.606685 
0.373858 -0.00961469 -0.621274 0.387474 -0.0176996 -0.637239 -0.128225 0.0733111 -0.600571 
-0.146503 0.0617274 -0.594458 0.368391 -0.0391942 -0.610958 0.382007 -0.0472791 -0.626922 
-0.164781 0.0501437 -0.588345 -0.183059 0.03856 -0.582232 0.345451 -0.0704465 -0.614696 
0.363729 -0.0588628 -0.620809 -0.202142 0.0170654 -0.55595 -0.188526 0.00898047 -0.571915 
0.170924 -0.0598804 -0.578866 0.153451 -0.0615531 -0.592921 0.171729 -0.0499695 -0.599034 
0.202818 -0.0563816 -0.600944 0.202012 -0.0662925 -0.580776 0.233906 -0.0627937 -0.602854 
0.233101 -0.0727047 -0.582685 0.264995 -0.0692059 -0.604763 0.26419 -0.0791168 -0.584595 
0.296084 -0.075618 -0.606673 0.295279 -0.085529 -0.586505 0.327173 -0.0820302 -0.608583 
0.326367 -0.0919411 -0.588414 -0.207609 -0.0125142 -0.545633 -0.193993 -0.0205991 -0.561598 
0.0411012 -0.0638113 -0.56091 0.0236285 -0.0654841 -0.574966 0.0419065 -0.0539004 -0.581079 
0.0729953 -0.0603125 -0.582989 0.07219 -0.0702235 -0.56282 0.104084 -0.0667247 -0.584898 
0.103279 -0.0766356 -0.56473 0.135173 -0.0731368 -0.586808 0.134368 -0.0830478 -0.566639 
-0.213076 -0.0420937 -0.535316 -0.181182 -0.0385949 -0.557394 -0.181987 -0.0485058 -0.537226 
-0.150093 -0.045007 -0.559304 -0.150899 -0.054918 -0.539136 -0.137283 -0.0630029 -0.5551 
0.00454527 -0.0869787 -0.548684 -0.0129274 -0.0886515 -0.562739 0.00535057 -0.0770678 -0.568852 
-0.124472 -0.0809987 -0.550897 -0.125277 -0.0909097 -0.530729 -0.0933829 -0.0874109 -0.552806 
-0.0941883 -0.0973218 -0.532638 -0.0622942 -0.093823 -0.554716 -0.0312054 -0.100235 -0.556626 
0.013337 0.146312 -0.659329 0.0269532 0.138227 -0.675294 0.0452311 0.149811 -0.681407 
0.0763199 0.143399 -0.683317 0.106603 0.127076 -0.665058 0.0891307 0.125403 -0.679113 
0.137692 0.120663 -0.666968 0.168781 0.114251 -0.668877 0.19987 0.107839 -0.670787 
-0.0232189 0.123145 -0.647103 -0.00960278 0.11506 -0.663067 0.00867519 0.126643 -0.669181 
0.101942 0.107407 -0.674909 0.13303 0.100995 -0.676819 0.163314 0.0846718 -0.65856 
0.145841 0.082999 -0.672616 0.194403 0.0782596 -0.66047 0.225491 0.0718475 -0.66238 
0.25658 0.0654353 -0.664289 0.287669 0.0590232 -0.666199 0.318758 0.052611 -0.668109 
0.349847 0.0461989 -0.670018 -0.0589695 0.109888 -0.655044 -0.0772475 0.0983045 -0.648931 
-0.0278807 0.103476 -0.656954 0.158652 0.0650032 -0.668412 0.189741 0.058591 -0.670322 
0.22083 0.0521789 -0.672231 0.251918 0.0457667 -0.674141 0.283007 0.0393546 -0.676051 
0.314096 0.0329424 -0.67796 0.345185 0.0265303 -0.67987 0.375468 0.0102072 -0.661611 
0.357996 0.00853445 -0.675666 -0.0963308 0.0768099 -0.622649 -0.0827146 0.068725 -0.638614 
0.370001 -0.0193723 -0.651294 0.352529 -0.0210451 -0.665349 -0.132887 0.0536425 -0.610423 
-0.119271 0.0455576 -0.626388 -0.100993 0.0571413 -0.632501 0.333445 -0.0425397 -0.639068 
0.315973 -0.0442125 -0.653123 0.334251 -0.0326288 -0.659236 0.364534 -0.0489519 -0.640977 
-0.169443 0.0304751 -0.598196 -0.138354 0.024063 -0.600106 -0.124738 0.0159781 -0.616071 
0.172534 -0.0400585 -0.619203 0.155061 -0.0417313 -0.633258 0.173339 -0.0301476 -0.639371 
0.204428 -0.0365597 -0.641281 0.203623 -0.0464707 -0.621112 0.235517 -0.0429719 -0.64319 
0.234712 -0.0528828 -0.623022 0.248328 -0.0609677 -0.638987 0.328783 -0.0622083 -0.648919 
0.341594 -0.0802041 -0.644716 -0.17491 0.000895573 -0.58788 -0.161294 -0.00718932 -0.603844 
-0.143016 0.00439437 -0.609958 0.135978 -0.0632259 -0.606976 0.118506 -0.0648986 -0.621031 
0.136783 -0.0533149 -0.627145 0.261139 -0.0789635 -0.634783 0.292227 -0.0853757 -0.636693 
0.323316 -0.0917878 -0.638602 -0.179572 -0.018773 -0.597731 -0.19785 -0.0303567 -0.591618 
0.00615588 -0.0671568 -0.589021 -0.0113168 -0.0688296 -0.603076 0.00696118 -0.0572459 -0.609189 
0.03805 -0.063658 -0.611099 0.0691388 -0.0700702 -0.613008 0.100228 -0.0764823 -0.614918 
-0.185039 -0.0483525 -0.587414 -0.15395 -0.0547647 -0.589324 -0.122861 -0.0611768 -0.591234 
-0.123666 -0.0710878 -0.571065 -0.0917723 -0.067589 -0.593143 -0.0925776 -0.0774999 -0.572975 
-0.0606835 -0.0740011 -0.595053 -0.0614889 -0.0839121 -0.574885 -0.0295948 -0.0804133 -0.596963 
-0.0304001 -0.0903242 -0.576794 0.0405693 0.130142 -0.691259 0.0716581 0.12373 -0.693168 
0.00401335 0.106975 -0.679032 0.0351022 0.100563 -0.680942 0.0487183 0.0924778 -0.696906 
0.0669962 0.104061 -0.70302 0.0972797 0.0877384 -0.684761 0.0798071 0.0860657 -0.698816 
0.128369 0.0813263 -0.686671 -0.0636314 0.0902196 -0.664896 -0.0325426 0.0838075 -0.666806 
-0.0189264 0.0757226 -0.68277 -0.00064848 0.0873063 -0.688883 0.0304403 0.0808941 -0.690793 
0.0918126 0.0581589 -0.674444 0.0743399 0.0564861 -0.688499 0.122901 0.0517467 -0.676354 
0.15399 0.0453346 -0.678263 0.185079 0.0389224 -0.680173 0.216168 0.0325103 -0.682083 
0.247257 0.0260981 -0.683992 0.278345 0.019686 -0.685902 0.291962 0.0116011 -0.701867 
0.310239 0.0231848 -0.70798 0.340523 0.00686171 -0.689721 0.32305 0.00518896 -0.703776 
-0.0690985 0.0606401 -0.654579 -0.0554824 0.0525552 -0.670544 -0.0372044 0.0641389 -0.676657 
0.0871508 0.0384903 -0.684296 0.117434 0.0221672 -0.666037 0.0999616 0.0204945 -0.680092 
0.148523 0.0157551 -0.667947 0.179612 0.00934291 -0.669856 0.210701 0.00293076 -0.671766 
0.241789 -0.00348138 -0.673676 0.272878 -0.00989353 -0.675585 0.286494 -0.0179784 -0.69155 
0.335056 -0.0227178 -0.679404 0.317583 -0.0243906 -0.69346 -0.105654 0.0374727 -0.642352 
-0.0920383 0.0293878 -0.658317 -0.0737603 0.0409715 -0.66443 0.0808783 -0.00100018 -0.65381 
0.0634057 -0.00267292 -0.667866 0.0816836 0.00891077 -0.673979 0.111967 -0.00741232 -0.65572 
0.143056 -0.0138245 -0.65763 0.174145 -0.0202366 -0.659539 0.205234 -0.0266488 -0.661449 
0.236322 -0.0330609 -0.663359 0.267411 -0.0394731 -0.665268 0.299305 -0.0359743 -0.687346 
0.2985 -0.0458852 -0.667178 -0.111122 0.00789317 -0.632036 -0.0975054 -0.00019172 -0.648 
0.0443224 -0.0241676 -0.641584 0.0268497 -0.0258403 -0.655639 0.0451277 -0.0142566 -0.661752 
0.0754112 -0.0305797 -0.643494 0.1065 -0.0369919 -0.645403 0.137589 -0.043404 -0.647313 
0.261944 -0.0690526 -0.654952 0.293033 -0.0754647 -0.656861 0.324122 -0.0818769 -0.658771 
-0.147677 -0.0152742 -0.619809 -0.134061 -0.0233591 -0.635774 -0.115783 -0.0117754 -0.641887 
0.00776648 -0.0473349 -0.629357 -0.00970619 -0.0490077 -0.643412 0.00857178 -0.037424 -0.649526 
0.0388553 -0.0537471 -0.631267 0.0699441 -0.0601592 -0.633177 0.101033 -0.0665714 -0.635086 
-0.184233 -0.0384416 -0.607583 -0.153145 -0.0448537 -0.609492 -0.121251 -0.0413549 -0.63157 
-0.122056 -0.0512659 -0.611402 -0.10844 -0.0593508 -0.627367 -0.0598782 -0.0640902 -0.615221 
-0.0773509 -0.0657629 -0.629276 -0.0590729 -0.0541792 -0.63539 -0.0279842 -0.0605914 -0.637299 
-0.0287895 -0.0705023 -0.617131 -0.0956289 -0.0773466 -0.623163 0.0623344 0.0843929 -0.712871 
-0.00531031 0.0676377 -0.698735 0.0257785 0.0612255 -0.700645 0.0568673 0.0548134 -0.702554 
0.305578 0.00351622 -0.717832 -0.0418662 0.0444703 -0.686508 -0.0107774 0.0380582 -0.688418 
0.00283868 0.0299733 -0.704383 0.0211166 0.041557 -0.710496 0.0514001 0.0252339 -0.692237 
0.0339275 0.0235611 -0.706293 0.0824889 0.0188217 -0.694147 0.300111 -0.0260633 -0.707515 
-0.0784222 0.0213029 -0.674282 -0.0473334 0.0148908 -0.676192 -0.0162446 0.00847862 -0.678101 
0.0156495 0.0119774 -0.700179 0.0148442 0.00206648 -0.680011 0.045933 -0.00434567 -0.681921 
-0.0838893 -0.00827661 -0.663965 -0.0528005 -0.0146888 -0.665875 -0.0391844 -0.0227736 -0.68184 
-0.0209064 -0.01119 -0.687953 0.00937708 -0.027513 -0.669694 -0.00809559 -0.0291858 -0.683749 
-0.120445 -0.031444 -0.651739 -0.0893564 -0.0378561 -0.653648 -0.0757403 -0.045941 -0.669613 
-0.0574623 -0.0343573 -0.675726 -0.0271789 -0.0506804 -0.657468 -0.0446515 -0.0523532 -0.671523 
-0.0263736 -0.0407695 -0.677636 -0.0948236 -0.0674357 -0.643331 -0.0629295 -0.0639369 -0.665409 
0.0164548 0.0218884 -0.720348 -0.0255683 -0.0308585 -0.697804 -0.0621242 -0.0540259 -0.685578 

POLYGONS 6189 18564
OFFSETS vtktypeint64
0 3 6 9 12 15 18 21 24 
27 30 33 36 39 42 45 48 51 
54 57 60 63 66 69 72 75 78 
81 84 87 90 93 96 99 102 105 
108 111 114 117 120 123 126 129 132 
135 138 141 144 147 150 153 156 159 
162 165 168 171 174 177 180 183 186 
189 192 195 198 201 204 207 210 213 
216 219 222 225 228 231 234 237 240 
243 246 249 252 255 258 261 264 267 
270 273 276 279 282 285 288 291 294 
297 300 303 306 309 312 315 318 321 
324 327 330 333 336 339 342 345 348 
351 354 357 360 363 366 369 372 375 
378 381 384 387 390 393 396 399 402 
405 408 411 414 417 420 423 426 429 
432 435 438 441 444 447 450 453 456 
459 462 465 468 471 474 477 480 483 
486 489 492 495 498 501 504 507 510 
513 516 519 522 525 528 531 534 537 
540 543 546 549 552 555 558 561 564 
567 570 573 576 579 582 585 588 591 
594 597 600 603 606 609 612 615 618 
621 624 627 630 633 636 639 642 645 
648 651 654 657 660 663 666 669 672 
675 678 681 684 687 690 693 696 699 
702 705 708 711 714 717 720 723 726 
729 732 735 738 741 744 747 750 753 
756 759 762 765 768 771 774 777 780 
783 786 789 792 795 798 801 804 807 
810 813 816 819 822 825 828 831 834 
837 840 843 846 849 852 855 858 861 
864 867 870 873 876 879 882 885 888 
891 894 897 900 903 906 909 912 915 
918 921 924 927 930 933 936 939 942 
945 948 951 954 957 960 963 966 969 
972 975 978 981 984 987 990 993 996 
999 1002 1005 1008 1011 1014 1017 1020 1023 
1026 1029 1032 1035 1038 1041 1044 1047 1050 
1053 1056 1059 1062 1065 1068 1071 1074 1077 
1080 1083 1086 1089 1092 1095 1098 1101 1104 
1107 1110 1113 1116 1119 1122 1125 1128 1131 
1134 1137 1140 1143 1146 1149 1152 1155 1158 
1161 1164 1167 1170 1173 1176 1179 1182 1185 
1188 1191 1194 1197 1200 1203 1206 1209 1212 
1215 1218 1221 1224 1227 1230 1233 1236 1239 
1242 1245 1248 1251 1254 1257 1260 1263 1266 
1269 1272 1275 1278 1281 1284 1287 1290 1293 
1296 1299 1302 1305 1308 1311 1314 1317 1320 
1323 1326 1329 1332 1335 1338 1341 1344 1347 
1350 1353 1356 1359 1362 1365 1368 1371 1374 
1377 1380 1383 1386 1389 1392 1395 1398 1401 
1404 1407 1410 1413 1416 1419 1422 1425 1428 
1431 1434 1437 1440 1443 1446 1449 1452 1455 
1458 1461 1464 1467 1470 1473 1476 1479 1482 
1485 1488 1491 1494 1497 1500 1503 1506 1509 
1512 1515 1518 1521 1524 1527 1530 1533 1536 
1539 1542 1545 1548 1551 1554 1557 1560 1563 
1566 1569 1572 1575 1578 1581 1584 1587 1590 
1593 1596 1599 1602 1605 1608 1611 1614 1617 
1620 1623 1626 1629 1632 1635 1638 1641 1644 
1647 1650 1653 1656 1659 1662 1665 1668 1671 
1674 1677 1680 1683 1686 1689 1692 1695 1698 
1701 1704 1707 1710 1713 1716 1719 1722 1725 
1728 1731 1734 1737 1740 1743 1746 1749 1752 
1755 1758 1761 1764 1767 1770 1773 1776 1779 
1782 1785 1788 1791 1794 1797 1800 1803 1806 
1809 1812 1815 1818 1821 1824 1827 1830 1833 
1836 1839 1842 1845 1848 1851 1854 1857 1860 
1863 1866 1869 1872 1875 1878 1881 1884 1887 
1890 1893 1896 1899 1902 1905 1908 1911 1914 
1917 1920 1923 1926 1929 1932 1935 1938 1941 
1944 1947 1950 1953 1956 1959 1962 1965 1968 
1971 1974 1977 1980 1983 1986 1989 1992 1995 
1998 2001 2004 2007 2010 2013 2016 2019 2022 
2025 2028 2031 2034 2037 2040 2043 2046 2049 
2052 2055 2058 2061 2064 2067 2070 2073 2076 
2079 2082 2085 2088 2091 2094 2097 2100 2103 
2106 2109 2112 2115 2118 2121 2124 2127 2130 
2133 2136 2139 2142 2145 2148 2151 2154 2157 
2160 2163 2166 2169 2172 2175 2178 2181 2184 
2187 2190 2193 2196 2199 2202 2205 2208 2211 
2214 2217 2220 2223 2226 2229 2232 2235 2238 
2241 2244 2247 2250 2253 2256 2259 2262 2265 
2268 2271 2274 2277 2280 2283 2286 2289 2292 
2295 2298 2301 2304 2307 2310 2313 2316 2319 
2322 2325 2328 2331 2334 2337 2340 2343 2346 
2349 2352 2355 2358 2361 2364 2367 2370 2373 
2376 2379 2382 2385 2388 2391 2394 2397 2400 
2403 2406 2409 2412 2415 2418 2421 2424 2427 
2430 2433 2436 2439 2442 2445 2448 2451 2454 
2457 2460 2463 2466 2469 2472 2475 2478 2481 
2484 2487 2490 2493 2496 2499 2502 2505 2508 
2511 2514 2517 2520 2523 2526 2529 2532 2535 
2538 2541 2544 2547 2550 2553 2556 2559 2562 
2565 2568 2571 2574 2577 2580 2583 2586 2589 
2592 2595 2598 2601 2604 2607 2610 2613 2616 
2619 2622 2625 2628 2631 2634 2637 2640 2643 
2646 2649 2652 2655 2658 2661 2664 2667 2670 
2673 2676 2679 2682 2685 2688 2691 2694 2697 
2700 2703 2706 2709 2712 2715 2718 2721 2724 
2727 2730 2733 2736 2739 2742 2745 2748 2751 
2754 2757 2760 2763 2766 2769 2772 2775 2778 
2781 2784 2787 2790 2793 2796 2799 2802 2805 
2808 2811 2814 2817 2820 2823 2826 2829 2832 
2835 2838 2841 2844 2847 2850 2853 2856 2859 
2862 2865 2868 2871 2874 2877 2880 2883 2886 
2889 2892 2895 2898 2901 2904 2907 2910 2913 
2916 2919 2922 2925 2928 2931 2934 2937 2940 
2943 2946 2949 2952 2955 2958 2961 2964 2967 
2970 2973 2976 2979 2982 2985 2988 2991 2994 
2997 3000 3003 3006 3009 3012 3015 3018 3021 
3024 3027 3030 3033 3036 3039 3042 3045 3048 
3051 3054 3057 3060 3063 3066 3069 3072 3075 
3078 3081 3084 3087 3090 3093 3096 3099 3102 
3105 3108 3111 3114 3117 3120 3123 3126 3129 
3132 3135 3138 3141 3144 3147 3150 3153 3156 
3159 3162 3165 3168 3171 3174 3177 3180 3183 
3186 3189 3192 3195 3198 3201 3204 3207 3210 
3213 3216 3219 3222 3225 3228 3231 3234 3237 
3240 3243 3246 3249 3252 3255 3258 3261 3264 
3267 3270 3273 3276 3279 3282 3285 3288 3291 
3294 3297 3300 3303 3306 3309 3312 3315 3318 
3321 3324 3327 3330 3333 3336 3339 3342 3345 
3348 3351 3354 3357 3360 3363 3366 3369 3372 
3375 3378 3381 3384 3387 3390 3393 3396 3399 
3402 3405 3408 3411 3414 3417 3420 3423 3426 
3429 3432 3435 3438 3441 3444 3447 3450 3453 
3456 3459 3462 3465 3468 3471 3474 3477 3480 
3483 3486 3489 3492 3495 3498 3501 3504 3507 
3510 3513 3516 3519 3522 3525 3528 3531 3534 
3537 3540 3543 3546 3549 3552 3555 3558 3561 
3564 3567 3570 3573 3576 3579 3582 3585 3588 
3591 3594 3597 3600 3603 3606 3609 3612 3615 
3618 3621 3624 3627 3630 3633 3636 3639 3642 
3645 3648 3651 3654 3657 3660 3663 3666 3669 
3672 3675 3678 3681 3684 3687 3690 3693 3696 
3699 3702 3705 3708 3711 3714 3717 3720 3723 
3726 3729 3732 3735 3738 3741 3744 3747 3750 
3753 3756 3759 3762 3765 3768 3771 3774 3777 
3780 3783 3786 3789 3792 3795 3798 3801 3804 
3807 3810 3813 3816 3819 3822 3825 3828 3831 
3834 3837 3840 3843 3846 3849 3852 3855 3858 
3861 3864 3867 3870 3873 3876 3879 3882 3885 
3888 3891 3894 3897 3900 3903 3906 3909 3912 
3915 3918 3921 3924 3927 3930 3933 3936 3939 
3942 3945 3948 3951 3954 3957 3960 3963 3966 
3969 3972 3975 3978 3981 3984 3987 3990 3993 
3996 3999 4002 4005 4008 4011 4014 4017 4020 
4023 4026 4029 4032 4035 4038 4041 4044 4047 
4050 4053 4056 4059 4062 4065 4068 4071 4074 
4077 4080 4083 4086 4089 4092 4095 4098 4101 
4104 4107 4110 4113 4116 4119 4122 4125 4128 
4131 4134 4137 4140 4143 4146 4149 4152 4155 
4158 4161 4164 4167 4170 4173 4176 4179 4182 
4185 4188 4191 4194 4197 4200 4203 4206 4209 
4212 4215 4218 4221 4224 4227 4230 4233 4236 
4239 4242 4245 4248 4251 4254 4257 4260 4263 
4266 4269 4272 4275 4278 4281 4284 4287 4290 
4293 4296 4299 4302 4305 4308 4311 4314 4317 
4320 4323 4326 4329 4332 4335 4338 4341 4344 
4347 4350 4353 4356 4359 4362 4365 4368 4371 
4374 4377 4380 4383 4386 4389 4392 4395 4398 
4401 4404 4407 4410 4413 4416 4419 4422 4425 
4428 4431 4434 4437 4440 4443 4446 4449 4452 
4455 4458 4461 4464 4467 4470 4473 4476 4479 
4482 4485 4488 4491 4494 4497 4500 4503 4506 
4509 4512 4515 4518 4521 4524 4527 4530 4533 
4536 4539 4542 4545 4548 4551 4554 4557 4560 
4563 4566 4569 4572 4575 4578 4581 4584 4587 
4590 4593 4596 4599 4602 4605 4608 4611 4614 
4617 4620 4623 4626 4629 4632 4635 4638 4641 
4644 4647 4650 4653 4656 4659 4662 4665 4668 
4671 4674 4677 4680 4683 4686 4689 4692 4695 
4698 4701 4704 4707 4710 4713 4716 4719 4722 
4725 4728 4731 4734 4737 4740 4743 4746 4749 
4752 4755 4758 4761 4764 4767 4770 4773 4776 
4779 4782 4785 4788 4791 4794 4797 4800 4803 
4806 4809 4812 4815 4818 4821 4824 4827 4830 
4833 4836 4839 4842 4845 4848 4851 4854 4857 
4860 4863 4866 4869 4872 4875 4878 4881 4884 
4887 4890 4893 4896 4899 4902 4905 4908 4911 
4914 4917 4920 4923 4926 4929 4932 4935 4938 
4941 4944 4947 4950 4953 4956 4959 4962 4965 
4968 4971 4974 4977 4980 4983 4986 4989 4992 
4995 4998 5001 5004 5007 5010 5013 5016 5019 
5022 5025 5028 5031 5034 5037 5040 5043 5046 
5049 5052 5055 5058 5061 5064 5067 5070 5073 
5076 5079 5082 5085 5088 5091 5094 5097 5100 
5103 5106 5109 5112 5115 5118 5121 5124 5127 
5130 5133 5136 5139 5142 5145 5148 5151 5154 
5157 5160 5163 5166 5169 5172 5175 5178 5181 
5184 5187 5190 5193 5196 5199 5202 5205 5208 
5211 5214 5217 5220 5223 5226 5229 5232 5235 
5238 5241 5244 5247 5250 5253 5256 5259 5262 
5265 5268 5271 5274 5277 5280 5283 5286 5289 
5292 5295 5298 5301 5304 5307 5310 5313 5316 
5319 5322 5325 5328 5331 5334 5337 5340 5343 
5346 5349 5352 5355 5358 5361 5364 5367 5370 
5373 5376 5379 5382 5385 5388 5391 5394 5397 
5400 5403 5406 5409 5412 5415 5418 5421 5424 
5427 5430 5433 5436 5439 5442 5445 5448 5451 
5454 5457 5460 5463 5466 5469 5472 5475 5478 
5481 5484 5487 5490 5493 5496 5499 5502 5505 
5508 5511 5514 5517 5520 5523 5526 5529 5532 
5535 5538 5541 5544 5547 5550 5553 5556 5559 
5562 5565 5568 5571 5574 5577 5580 5583 5586 
5589 5592 5595 5598 5601 5604 5607 5610 5613 
5616 5619 5622 5625 5628 5631 5634 5637 5640 
5643 5646 5649 5652 5655 5658 5661 5664 5667 
5670 5673 5676 5679 5682 5685 5688 5691 5694 
5697 5700 5703 5706 5709 5712 5715 5718 5721 
5724 5727 5730 5733 5736 5739 5742 5745 5748 
5751 5754 5757 5760 5763 5766 5769 5772 5775 
5778 5781 5784 5787 5790 5793 5796 5799 5802 
5805 5808 5811 5814 5817 5820 5823 5826 5829 
5832 5835 5838 5841 5844 5847 5850 5853 5856 
5859 5862 5865 5868 5871 5874 5877 5880 5883 
5886 5889 5892 5895 5898 5901 5904 5907 5910 
5913 5916 5919 5922 5925 5928 5931 5934 5937 
5940 5943 5946 5949 5952 5955 5958 5961 5964 
5967 5970 5973 5976 5979 5982 5985 5988 5991 
5994 5997 6000 6003 6006 6009 6012 6015 6018 
6021 6024 6027 6030 6033 6036 6039 6042 6045 
6048 6051 6054 6057 6060 6063 6066 6069 6072 
6075 6078 6081 6084 6087 6090 6093 6096 6099 
6102 6105 6108 6111 6114 6117 6120 6123 6126 
6129 6132 6135 6138 6141 6144 6147 6150 6153 
6156 6159 6162 6165 6168 6171 6174 6177 6180 
6183 6186 6189 6192 6195 6198 6201 6204 6207 
6210 6213 6216 6219 6222 6225 6228 6231 6234 
6237 6240 6243 6246 6249 6252 6255 6258 6261 
6264 6267 6270 6273 6276 6279 6282 6285 6288 
6291 6294 6297 6300 6303 6306 6309 6312 6315 
6318 6321 6324 6327 6330 6333 6336 6339 6342 
6345 6348 6351 6354 6357 6360 6363 6366 6369 
6372 6375 6378 6381 6384 6387 6390 6393 6396 
6399 6402 6405 6408 6411 6414 6417 6420 6423 
6426 6429 6432 6435 6438 6441 6444 6447 6450 
6453 6456 6459 6462 6465 6468 6471 6474 6477 
6480 6483 6486 6489 6492 6495 6498 6501 6504 
6507 6510 6513 6516 6519 6522 6525 6528 6531 
6534 6537 6540 6543 6546 6549 6552 6555 6558 
6561 6564 6567 6570 6573 6576 6579 6582 6585 
6588 6591 6594 6597 6600 6603 6606 6609 6612 
6615 6618 6621 6624 6627 6630 6633 6636 6639 
6642 6645 6648 6651 6654 6657 6660 6663 6666 
6669 6672 6675 6678 6681 6684 6687 6690 6693 
6696 6699 6702 6705 6708 6711 6714 6717 6720 
6723 6726 6729 6732 6735 6738 6741 6744 6747 
6750 6753 6756 6759 6762 6765 6768 6771 6774 
6777 6780 6783 6786 6789 6792 6795 6798 6801 
6804 6807 6810 6813 6816 6819 6822 6825 6828 
6831 6834 6837 6840 6843 6846 6849 6852 6855 
6858 6861 6864 6867 6870 6873 6876 6879 6882 
6885 6888 6891 6894 6897 6900 6903 6906 6909 
6912 6915 6918 6921 6924 6927 6930 6933 6936 
6939 6942 6945 6948 6951 6954 6957 6960 6963 
6966 6969 6972 6975 6978 6981 6984 6987 6990 
6993 6996 6999 7002 7005 7008 7011 7014 7017 
7020 7023 7026 7029 7032 7035 7038 7041 7044 
7047 7050 7053 7056 7059 7062 7065 7068 7071 
7074 7077 7080 7083 7086 7089 7092 7095 7098 
7101 7104 7107 7110 7113 7116 7119 7122 7125 
7128 7131 7134 7137 7140 7143 7146 7149 7152 
7155 7158 7161 7164 7167 7170 7173 7176 7179 
7182 7185 7188 7191 7194 7197 7200 7203 7206 
7209 7212 7215 7218 7221 7224 7227 7230 7233 
7236 7239 7242 7245 7248 7251 7254 7257 7260 
7263 7266 7269 7272 7275 7278 7281 7284 7287 
7290 7293 7296 7299 7302 7305 7308 7311 7314 
7317 7320 7323 7326 7329 7332 7335 7338 7341 
7344 7347 7350 7353 7356 7359 7362 7365 7368 
7371 7374 7377 7380 7383 7386 7389 7392 7395 
7398 7401 7404 7407 7410 7413 7416 7419 7422 
7425 7428 7431 7434 7437 7440 7443 7446 7449 
7452 7455 7458 7461 7464 7467 7470 7473 7476 
7479 7482 7485 7488 7491 7494 7497 7500 7503 
7506 7509 7512 7515 7518 7521 7524 7527 7530 
7533 7536 7539 7542 7545 7548 7551 7554 7557 
7560 7563 7566 7569 7572 7575 7578 7581 7584 
7587 7590 7593 7596 7599 7602 7605 7608 7611 
7614 7617 7620 7623 7626 7629 7632 7635 7638 
7641 7644 7647 7650 7653 7656 7659 7662 7665 
7668 7671 7674 7677 7680 7683 7686 7689 7692 
7695 7698 7701 7704 7707 7710 7713 7716 7719 
7722 7725 7728 7731 7734 7737 7740 7743 7746 
7749 7752 7755 7758 7761 7764 7767 7770 7773 
7776 7779 7782 7785 7788 7791 7794 7797 7800 
7803 7806 7809 7812 7815 7818 7821 7824 7827 
7830 7833 7836 7839 7842 7845 7848 7851 7854 
7857 7860 7863 7866 7869 7872 7875 7878 7881 
7884 7887 7890 7893 7896 7899 7902 7905 7908 
7911 7914 7917 7920 7923 7926 7929 7932 7935 
7938 7941 7944 7947 7950 7953 7956 7959 7962 
7965 7968 7971 7974 7977 7980 7983 7986 7989 
7992 7995 7998 8001 8004 8007 8010 8013 8016 
8019 8022 8025 8028 8031 8034 8037 8040 8043 
8046 8049 8052 8055 8058 8061 8064 8067 8070 
8073 8076 8079 8082 8085 8088 8091 8094 8097 
8100 8103 8106 8109 8112 8115 8118 8121 8124 
8127 8130 8133 8136 8139 8142 8145 8148 8151 
8154 8157 8160 8163 8166 8169 8172 8175 8178 
8181 8184 8187 8190 8193 8196 8199 8202 8205 
8208 8211 8214 8217 8220 8223 8226 8229 8232 
8235 8238 8241 8244 8247 8250 8253 8256 8259 
8262 8265 8268 8271 8274 8277 8280 8283 8286 
8289 8292 8295 8298 8301 8304 8307 8310 8313 
8316 8319 8322 8325 8328 8331 8334 8337 8340 
8343 8346 8349 8352 8355 8358 8361 8364 8367 
8370 8373 8376 8379 8382 8385 8388 8391 8394 
8397 8400 8403 8406 8409 8412 8415 8418 8421 
8424 8427 8430 8433 8436 8439 8442 8445 8448 
8451 8454 8457 8460 8463 8466 8469 8472 8475 
8478 8481 8484 8487 8490 8493 8496 8499 8502 
8505 8508 8511 8514 8517 8520 8523 8526 8529 
8532 8535 8538 8541 8544 8547 8550 8553 8556 
8559 8562 8565 8568 8571 8574 8577 8580 8583 
8586 8589 8592 8595 8598 8601 8604 8607 8610 
8613 8616 8619 8622 8625 8628 8631 8634 8637 
8640 8643 8646 8649 8652 8655 8658 8661 8664 
8667 8670 8673 8676 8679 8682 8685 8688 8691 
8694 8697 8700 8703 8706 8709 8712 8715 8718 
8721 8724 8727 8730 8733 8736 8739 8742 8745 
8748 8751 8754 8757 8760 8763 8766 8769 8772 
8775 8778 8781 8784 8787 8790 8793 8796 8799 
8802 8805 8808 8811 8814 8817 8820 8823 8826 
8829 8832 8835 8838 8841 8844 8847 8850 8853 
8856 8859 8862 8865 8868 8871 8874 8877 8880 
8883 8886 8889 8892 8895 8898 8901 8904 8907 
8910 8913 8916 8919 8922 8925 8928 8931 8934 
8937 8940 8943 8946 8949 8952 8955 8958 8961 
8964 8967 8970 8973 8976 8979 8982 8985 8988 
8991 8994 8997 9000 9003 9006 9009 9012 9015 
9018 9021 9024 9027 9030 9033 9036 9039 9042 
9045 9048 9051 9054 9057 9060 9063 9066 9069 
9072 9075 9078 9081 9084 9087 9090 9093 9096 
9099 9102 9105 9108 9111 9114 9117 9120 9123 
9126 9129 9132 9135 9138 9141 9144 9147 9150 
9153 9156 9159 9162 9165 9168 9171 9174 9177 
9180 9183 9186 9189 9192 9195 9198 9201 9204 
9207 9210 9213 9216 9219 9222 9225 9228 9231 
9234 9237 9240 9243 9246 9249 9252 9255 9258 
9261 9264 9267 9270 9273 9276 9279 9282 9285 
9288 9291 9294 9297 9300 9303 9306 9309 9312 
9315 9318 9321 9324 9327 9330 9333 9336 9339 
9342 9345 9348 9351 9354 9357 9360 9363 9366 
9369 9372 9375 9378 9381 9384 9387 9390 9393 
9396 9399 9402 9405 9408 9411 9414 9417 9420 
9423 9426 9429 9432 9435 9438 9441 9444 9447 
9450 9453 9456 9459 9462 9465 9468 9471 9474 
9477 9480 9483 9486 9489 9492 9495 9498 9501 
9504 9507 9510 9513 9516 9519 9522 9525 9528 
9531 9534 9537 9540 9543 9546 9549 9552 9555 
9558 9561 9564 9567 9570 9573 9576 9579 9582 
9585 9588 9591 9594 9597 9600 9603 9606 9609 
9612 9615 9618 9621 9624 9627 9630 9633 9636 
9639 9642 9645 9648 9651 9654 9657 9660 9663 
9666 9669 9672 9675 9678 9681 9684 9687 9690 
9693 9696 9699 9702 9705 9708 9711 9714 9717 
9720 9723 9726 9729 9732 9735 9738 9741 9744 
9747 9750 9753 9756 9759 9762 9765 9768 9771 
9774 9777 9780 9783 9786 9789 9792 9795 9798 
9801 9804 9807 9810 9813 9816 9819 9822 9825 
9828 9831 9834 9837 9840 9843 9846 9849 9852 
9855 9858 9861 9864 9867 9870 9873 9876 9879 
9882 9885 9888 9891 9894 9897 9900 9903 9906 
9909 9912 9915 9918 9921 9924 9927 9930 9933 
9936 9939 9942 9945 9948 9951 9954 9957 9960 
9963 9966 9969 9972 9975 9978 9981 9984 9987 
9990 9993 9996 9999 10002 10005 10008 10011 10014 
10017 10020 10023 10026 10029 10032 10035 10038 10041 
10044 10047 10050 10053 10056 10059 10062 10065 10068 
10071 10074 10077 10080 10083 10086 10089 10092 10095 
10098 10101 10104 10107 10110 10113 10116 10119 10122 
10125 10128 10131 10134 10137 10140 10143 10146 10149 
10152 10155 10158 10161 10164 10167 10170 10173 10176 
10179 10182 10185 10188 10191 10194 10197 10200 10203 
10206 10209 10212 10215 10218 10221 10224 10227 10230 
10233 10236 10239 10242 10245 10248 10251 10254 10257 
10260 10263 10266 10269 10272 10275 10278 10281 10284 
10287 10290 10293 10296 10299 10302 10305 10308 10311 
10314 10317 10320 10323 10326 10329 10332 10335 10338 
10341 10344 10347 10350 10353 10356 10359 10362 10365 
10368 10371 10374 10377 10380 10383 10386 10389 10392 
10395 10398 10401 10404 10407 10410 10413 10416 10419 
10422 10425 10428 10431 10434 10437 10440 10443 10446 
10449 10452 10455 10458 10461 10464 10467 10470 10473 
10476 10479 10482 10485 10488 10491 10494 10497 10500 
10503 10506 10509 10512 10515 10518 10521 10524 10527 
10530 10533 10536 10539 10542 10545 10548 10551 10554 
10557 10560 10563 10566 10569 10572 10575 10578 10581 
10584 10587 10590 10593 10596 10599 10602 10605 10608 
10611 10614 10617 10620 10623 10626 10629 10632 10635 
10638 10641 10644 10647 10650 10653 10656 10659 10662 
10665 10668 10671 10674 10677 10680 10683 10686 10689 
10692 10695 10698 10701 10704 10707 10710 10713 10716 
10719 10722 10725 10728 10731 10734 10737 10740 10743 
10746 10749 10752 10755 10758 10761 10764 10767 10770 
10773 10776 10779 10782 10785 10788 10791 10794 10797 
10800 10803 10806 10809 10812 10815 10818 10821 10824 
10827 10830 10833 10836 10839 10842 10845 10848 10851 
10854 10857 10860 10863 10866 10869 10872 10875 10878 
10881 10884 10887 10890 10893 10896 10899 10902 10905 
10908 10911 10914 10917 10920 10923 10926 10929 10932 
10935 10938 10941 10944 10947 10950 10953 10956 10959 
10962 10965 10968 10971 10974 10977 10980 10983 10986 
10989 10992 10995 10998 11001 11004 11007 11010 11013 
11016 11019 11022 11025 11028 11031 11034 11037 11040 
11043 11046 11049 11052 11055 11058 11061 11064 11067 
11070 11073 11076 11079 11082 11085 11088 11091 11094 
11097 11100 11103 11106 11109 11112 11115 11118 11121 
11124 11127 11130 11133 11136 11139 11142 11145 11148 
11151 11154 11157 11160 11163 11166 11169 11172 11175 
11178 11181 11184 11187 11190 11193 11196 11199 11202 
11205 11208 11211 11214 11217 11220 11223 11226 11229 
11232 11235 11238 11241 11244 11247 11250 11253 11256 
11259 11262 11265 11268 11271 11274 11277 11280 11283 
11286 11289 11292 11295 11298 11301 11304 11307 11310 
11313 11316 11319 11322 11325 11328 11331 11334 11337 
11340 11343 11346 11349 11352 11355 11358 11361 11364 
11367 11370 11373 11376 11379 11382 11385 11388 11391 
11394 11397 11400 11403 11406 11409 11412 11415 11418 
11421 11424 11427 11430 11433 11436 11439 11442 11445 
11448 11451 11454 11457 11460 11463 11466 11469 11472 
11475 11478 11481 11484 11487 11490 11493 11496 11499 
11502 11505 11508 11511 11514 11517 11520 11523 11526 
11529 11532 11535 11538 11541 11544 11547 11550 11553 
11556 11559 11562 11565 11568 11571 11574 11577 11580 
11583 11586 11589 11592 11595 11598 11601 11604 11607 
11610 11613 11616 11619 11622 11625 11628 11631 11634 
11637 11640 11643 11646 11649 11652 11655 11658 11661 
11664 11667 11670 11673 11676 11679 11682 11685 11688 
11691 11694 11697 11700 11703 11706 11709 11712 11715 
11718 11721 11724 11727 11730 11733 11736 11739 11742 
11745 11748 11751 11754 11757 11760 11763 11766 11769 
11772 11775 11778 11781 11784 11787 11790 11793 11796 
11799 11802 11805 11808 11811 11814 11817 11820 11823 
11826 11829 11832 11835 11838 11841 11844 11847 11850 
11853 11856 11859 11862 11865 11868 11871 11874 11877 
11880 11883 11886 11889 11892 11895 11898 11901 11904 
11907 11910 11913 11916 11919 11922 11925 11928 11931 
11934 11937 11940 11943 11946 11949 11952 11955 11958 
11961 11964 11967 11970 11973 11976 11979 11982 11985 
11988 11991 11994 11997 12000 12003 12006 12009 12012 
12015 12018 12021 12024 12027 12030 12033 12036 12039 
12042 12045 12048 12051 12054 12057 12060 12063 12066 
12069 12072 12075 12078 12081 12084 12087 12090 12093 
12096 12099 12102 12105 12108 12111 12114 12117 12120 
12123 12126 12129 12132 12135 12138 12141 12144 12147 
12150 12153 12156 12159 12162 12165 12168 12171 12174 
12177 12180 12183 12186 12189 12192 12195 12198 12201 
12204 12207 12210 12213 12216 12219 12222 12225 12228 
12231 12234 12237 12240 12243 12246 12249 12252 12255 
12258 12261 12264 12267 12270 12273 12276 12279 12282 
12285 12288 12291 12294 12297 12300 12303 12306 12309 
12312 12315 12318 12321 12324 12327 12330 12333 12336 
12339 12342 12345 12348 12351 12354 12357 12360 12363 
12366 12369 12372 12375 12378 12381 12384 12387 12390 
12393 12396 12399 12402 12405 12408 12411 12414 12417 
12420 12423 12426 12429 12432 12435 12438 12441 12444 
12447 12450 12453 12456 12459 12462 12465 12468 12471 
12474 12477 12480 12483 12486 12489 12492 12495 12498 
12501 12504 12507 12510 12513 12516 12519 12522 12525 
12528 12531 12534 12537 12540 12543 12546 12549 12552 
12555 12558 12561 12564 12567 12570 12573 12576 12579 
12582 12585 12588 12591 12594 12597 12600 12603 12606 
12609 12612 12615 12618 12621 12624 12627 12630 12633 
12636 12639 12642 12645 12648 12651 12654 12657 12660 
12663 12666 12669 12672 12675 12678 12681 12684 12687 
12690 12693 12696 12699 12702 12705 12708 12711 12714 
12717 12720 12723 12726 12729 12732 12735 12738 12741 
12744 12747 12750 12753 12756 12759 12762 12765 12768 
12771 12774 12777 12780 12783 12786 12789 12792 12795 
12798 12801 12804 12807 12810 12813 12816 12819 12822 
12825 12828 12831 12834 12837 12840 12843 12846 12849 
12852 12855 12858 12861 12864 12867 12870 12873 12876 
12879 12882 12885 12888 12891 12894 12897 12900 12903 
12906 12909 12912 12915 12918 12921 12924 12927 12930 
12933 12936 12939 12942 12945 12948 12951 12954 12957 
12960 12963 12966 12969 12972 12975 12978 12981 12984 
12987 12990 12993 12996 12999 13002 13005 13008 13011 
13014 13017 13020 13023 13026 13029 13032 13035 13038 
13041 13044 13047 13050 13053 13056 13059 13062 13065 
13068 13071 13074 13077 13080 13083 13086 13089 13092 
13095 13098 13101 13104 13107 13110 13113 13116 13119 
13122 13125 13128 13131 13134 13137 13140 13143 13146 
13149 13152 13155 13158 13161 13164 13167 13170 13173 
13176 13179 13182 13185 13188 13191 13194 13197 13200 
13203 13206 13209 13212 13215 13218 13221 13224 13227 
13230 13233 13236 13239 13242 13245 13248 13251 13254 
13257 13260 13263 13266 13269 13272 13275 13278 13281 
13284 13287 13290 13293 13296 13299 13302 13305 13308 
13311 13314 13317 13320 13323 13326 13329 13332 13335 
13338 13341 13344 13347 13350 13353 13356 13359 13362 
13365 13368 13371 13374 13377 13380 13383 13386 13389 
13392 13395 13398 13401 13404 13407 13410 13413 13416 
13419 13422 13425 13428 13431 13434 13437 13440 13443 
13446 13449 13452 13455 13458 13461 13464 13467 13470 
13473 13476 13479 13482 13485 13488 13491 13494 13497 
13500 13503 13506 13509 13512 13515 13518 13521 13524 
13527 13530 13533 13536 13539 13542 13545 13548 13551 
13554 13557 13560 13563 13566 13569 13572 13575 13578 
13581 13584 13587 13590 13593 13596 13599 13602 13605 
13608 13611 13614 13617 13620 13623 13626 13629 13632 
13635 13638 13641 13644 13647 13650 13653 13656 13659 
13662 13665 13668 13671 13674 13677 13680 13683 13686 
13689 13692 13695 13698 13701 13704 13707 13710 13713 
13716 13719 13722 13725 13728 13731 13734 13737 13740 
13743 13746 13749 13752 13755 13758 13761 13764 13767 
13770 13773 13776 13779 13782 13785 13788 13791 13794 
13797 13800 13803 13806 13809 13812 13815 13818 13821 
13824 13827 13830 13833 13836 13839 13842 13845 13848 
13851 13854 13857 13860 13863 13866 13869 13872 13875 
13878 13881 13884 13887 13890 13893 13896 13899 13902 
13905 13908 13911 13914 13917 13920 13923 13926 13929 
13932 13935 13938 13941 13944 13947 13950 13953 13956 
13959 13962 13965 13968 13971 13974 13977 13980 13983 
13986 13989 13992 13995 13998 14001 14004 14007 14010 
14013 14016 14019 14022 14025 14028 14031 14034 14037 
14040 14043 14046 14049 14052 14055 14058 14061 14064 
14067 14070 14073 14076 14079 14082 14085 14088 14091 
14094 14097 14100 14103 14106 14109 14112 14115 14118 
14121 14124 14127 14130 14133 14136 14139 14142 14145 
14148 14151 14154 14157 14160 14163 14166 14169 14172 
14175 14178 14181 14184 14187 14190 14193 14196 14199 
14202 14205 14208 14211 14214 14217 14220 14223 14226 
14229 14232 14235 14238 14241 14244 14247 14250 14253 
14256 14259 14262 14265 14268 14271 14274 14277 14280 
14283 14286 14289 14292 14295 14298 14301 14304 14307 
14310 14313 14316 14319 14322 14325 14328 14331 14334 
14337 14340 14343 14346 14349 14352 14355 14358 14361 
14364 14367 14370 14373 14376 14379 14382 14385 14388 
14391 14394 14397 14400 14403 14406 14409 14412 14415 
14418 14421 14424 14427 14430 14433 14436 14439 14442 
14445 14448 14451 14454 14457 14460 14463 14466 14469 
14472 14475 14478 14481 14484 14487 14490 14493 14496 
14499 14502 14505 14508 14511 14514 14517 14520 14523 
14526 14529 14532 14535 14538 14541 14544 14547 14550 
14553 14556 14559 14562 14565 14568 14571 14574 14577 
14580 14583 14586 14589 14592 14595 14598 14601 14604 
14607 14610 14613 14616 14619 14622 14625 14628 14631 
14634 14637 14640 14643 14646 14649 14652 14655 14658 
14661 14664 14667 14670 14673 14676 14679 14682 14685 
14688 14691 14694 14697 14700 14703 14706 14709 14712 
14715 14718 14721 14724 14727 14730 14733 14736 14739 
14742 14745 14748 14751 14754 14757 14760 14763 14766 
14769 14772 14775 14778 14781 14784 14787 14790 14793 
14796 14799 14802 14805 14808 14811 14814 14817 14820 
14823 14826 14829 14832 14835 14838 14841 14844 14847 
14850 14853 14856 14859 14862 14865 14868 14871 14874 
14877 14880 14883 14886 14889 14892 14895 14898 14901 
14904 14907 14910 14913 14916 14919 14922 14925 14928 
14931 14934 14937 14940 14943 14946 14949 14952 14955 
14958 14961 14964 14967 14970 14973 14976 14979 14982 
14985 14988 14991 14994 14997 15000 15003 15006 15009 
15012 15015 15018 15021 15024 15027 15030 15033 15036 
15039 15042 15045 15048 15051 15054 15057 15060 15063 
15066 15069 15072 15075 15078 15081 15084 15087 15090 
15093 15096 15099 15102 15105 15108 15111 15114 15117 
15120 15123 15126 15129 15132 15135 15138 15141 15144 
15147 15150 15153 15156 15159 15162 15165 15168 15171 
15174 15177 15180 15183 15186 15189 15192 15195 15198 
15201 15204 15207 15210 15213 15216 15219 15222 15225 
15228 15231 15234 15237 15240 15243 15246 15249 15252 
15255 15258 15261 15264 15267 15270 15273 15276 15279 
15282 15285 15288 15291 15294 15297 15300 15303 15306 
15309 15312 15315 15318 15321 15324 15327 15330 15333 
15336 15339 15342 15345 15348 15351 15354 15357 15360 
15363 15366 15369 15372 15375 15378 15381 15384 15387 
15390 15393 15396 15399 15402 15405 15408 15411 15414 
15417 15420 15423 15426 15429 15432 15435 15438 15441 
15444 15447 15450 15453 15456 15459 15462 15465 15468 
15471 15474 15477 15480 15483 15486 15489 15492 15495 
15498 15501 15504 15507 15510 15513 15516 15519 15522 
15525 15528 15531 15534 15537 15540 15543 15546 15549 
15552 15555 15558 15561 15564 15567 15570 15573 15576 
15579 15582 15585 15588 15591 15594 15597 15600 15603 
15606 15609 15612 15615 15618 15621 15624 15627 15630 
15633 15636 15639 15642 15645 15648 15651 15654 15657 
15660 15663 15666 15669 15672 15675 15678 15681 15684 
15687 15690 15693 15696 15699 15702 15705 15708 15711 
15714 15717 15720 15723 15726 15729 15732 15735 15738 
15741 15744 15747 15750 15753 15756 15759 15762 15765 
15768 15771 15774 15777 15780 15783 15786 15789 15792 
15795 15798 15801 15804 15807 15810 15813 15816 15819 
15822 15825 15828 15831 15834 15837 15840 15843 15846 
15849 15852 15855 15858 15861 15864 15867 15870 15873 
15876 15879 15882 15885 15888 15891 15894 15897 15900 
15903 15906 15909 15912 15915 15918 15921 15924 15927 
15930 15933 15936 15939 15942 15945 15948 15951 15954 
15957 15960 15963 15966 15969 15972 15975 15978 15981 
15984 15987 15990 15993 15996 15999 16002 16005 16008 
16011 16014 16017 16020 16023 16026 16029 16032 16035 
16038 16041 16044 16047 16050 16053 16056 16059 16062 
16065 16068 16071 16074 16077 16080 16083 16086 16089 
16092 16095 16098 16101 16104 16107 16110 16113 16116 
16119 16122 16125 16128 16131 16134 16137 16140 16143 
16146 16149 16152 16155 16158 16161 16164 16167 16170 
16173 16176 16179 16182 16185 16188 16191 16194 16197 
16200 16203 16206 16209 16212 16215 16218 16221 16224 
16227 16230 16233 16236 16239 16242 16245 16248 16251 
16254 16257 16260 16263 16266 16269 16272 16275 16278 
16281 16284 16287 16290 16293 16296 16299 16302 16305 
16308 16311 16314 16317 16320 16323 16326 16329 16332 
16335 16338 16341 16344 16347 16350 16353 16356 16359 
16362 16365 16368 16371 16374 16377 16380 16383 16386 
16389 16392 16395 16398 16401 16404 16407 16410 16413 
16416 16419 16422 16425 16428 16431 16434 16437 16440 
16443 16446 16449 16452 16455 16458 16461 16464 16467 
16470 16473 16476 16479 16482 16485 16488 16491 16494 
16497 16500 16503 16506 16509 16512 16515 16518 16521 
16524 16527 16530 16533 16536 16539 16542 16545 16548 
16551 16554 16557 16560 16563 16566 16569 16572 16575 
16578 16581 16584 16587 16590 16593 16596 16599 16602 
16605 16608 16611 16614 16617 16620 16623 16626 16629 
16632 16635 16638 16641 16644 16647 16650 16653 16656 
16659 16662 16665 16668 16671 16674 16677 16680 16683 
16686 16689 16692 16695 16698 16701 16704 16707 16710 
16713 16716 16719 16722 16725 16728 16731 16734 16737 
16740 16743 16746 16749 16752 16755 16758 16761 16764 
16767 16770 16773 16776 16779 16782 16785 16788 16791 
16794 16797 16800 16803 16806 16809 16812 16815 16818 
16821 16824 16827 16830 16833 16836 16839 16842 16845 
16848 16851 16854 16857 16860 16863 16866 16869 16872 
16875 16878 16881 16884 16887 16890 16893 16896 16899 
16902 16905 16908 16911 16914 16917 16920 16923 16926 
16929 16932 16935 16938 16941 16944 16947 16950 16953 
16956 16959 16962 16965 16968 16971 16974 16977 16980 
16983 16986 16989 16992 16995 16998 17001 17004 17007 
17010 17013 17016 17019 17022 17025 17028 17031 17034 
17037 17040 17043 17046 17049 17052 17055 17058 17061 
17064 17067 17070 17073 17076 17079 17082 17085 17088 
17091 17094 17097 17100 17103 17106 17109 17112 17115 
17118 17121 17124 17127 17130 17133 17136 17139 17142 
17145 17148 17151 17154 17157 17160 17163 17166 17169 
17172 17175 17178 17181 17184 17187 17190 17193 17196 
17199 17202 17205 17208 17211 17214 17217 17220 17223 
17226 17229 17232 17235 17238 17241 17244 17247 17250 
17253 17256 17259 17262 17265 17268 17271 17274 17277 
17280 17283 17286 17289 17292 17295 17298 17301 17304 
17307 17310 17313 17316 17319 17322 17325 17328 17331 
17334 17337 17340 17343 17346 17349 17352 17355 17358 
17361 17364 17367 17370 17373 17376 17379 17382 17385 
17388 17391 17394 17397 17400 17403 17406 17409 17412 
17415 17418 17421 17424 17427 17430 17433 17436 17439 
17442 17445 17448 17451 17454 17457 17460 17463 17466 
17469 17472 17475 17478 17481 17484 17487 17490 17493 
17496 17499 17502 17505 17508 17511 17514 17517 17520 
17523 17526 17529 17532 17535 17538 17541 17544 17547 
17550 17553 17556 17559 17562 17565 17568 17571 17574 
17577 17580 17583 17586 17589 17592 17595 17598 17601 
17604 17607 17610 17613 17616 17619 17622 17625 17628 
17631 17634 17637 17640 17643 17646 17649 17652 17655 
17658 17661 17664 17667 17670 17673 17676 17679 17682 
17685 17688 17691 17694 17697 17700 17703 17706 17709 
17712 17715 17718 17721 17724 17727 17730 17733 17736 
17739 17742 17745 17748 17751 17754 17757 17760 17763 
17766 17769 17772 17775 17778 17781 17784 17787 17790 
17793 17796 17799 17802 17805 17808 17811 17814 17817 
17820 17823 17826 17829 17832 17835 17838 17841 17844 
17847 17850 17853 17856 17859 17862 17865 17868 17871 
17874 17877 17880 17883 17886 17889 17892 17895 17898 
17901 17904 17907 17910 17913 17916 17919 17922 17925 
17928 17931 17934 17937 17940 17943 17946 17949 17952 
17955 17958 17961 17964 17967 17970 17973 17976 17979 
17982 17985 17988 17991 17994 17997 18000 18003 18006 
18009 18012 18015 18018 18021 18024 18027 18030 18033 
18036 18039 18042 18045 18048 18051 18054 18057 18060 
18063 18066 18069 18072 18075 18078 18081 18084 18087 
18090 18093 18096 18099 18102 18105 18108 18111 18114 
18117 18120 18123 18126 18129 18132 18135 18138 18141 
18144 18147 18150 18153 18156 18159 18162 18165 18168 
18171 18174 18177 18180 18183 18186 18189 18192 18195 
18198 18201 18204 18207 18210 18213 18216 18219 18222 
18225 18228 18231 18234 18237 18240 18243 18246 18249 
18252 18255 18258 18261 18264 18267 18270 18273 18276 
18279 18282 18285 18288 18291 18294 18297 18300 18303 
18306 18309 18312 18315 18318 18321 18324 18327 18330 
18333 18336 18339 18342 18345 18348 18351 18354 18357 
18360 18363 18366 18369 18372 18375 18378 18381 18384 
18387 18390 18393 18396 18399 18402 18405 18408 18411 
18414 18417 18420 18423 18426 18429 18432 18435 18438 
18441 18444 18447 18450 18453 18456 18459 18462 18465 
18468 18471 18474 18477 18480 18483 18486 18489 18492 
18495 18498 18501 18504 18507 18510 18513 18516 18519 
18522 18525 18528 18531 18534 18537 18540 18543 18546 
18549 18552 18555 18558 18561 18564 
CONNECTIVITY vtktypeint64
0 1 2 0 3 4 1 0 4 
4 3 5 6 7 8 6 9 10 
7 6 10 9 11 12 10 9 12 
11 13 14 12 11 14 13 15 16 
14 13 16 15 17 18 16 15 18 
17 19 20 18 17 20 2 21 0 
20 19 22 3 0 21 23 3 21 
5 3 23 24 25 26 24 27 28 
25 24 28 27 29 30 28 27 30 
29 31 32 30 29 32 8 32 31 
8 31 6 6 31 33 9 6 34 
34 6 33 11 9 35 35 9 34 
13 11 36 36 11 35 15 13 37 
37 13 36 38 39 17 38 17 37 
37 17 15 19 17 39 40 19 39 
22 19 40 24 26 41 27 24 41 
42 27 41 29 27 42 43 29 42 
31 29 43 44 31 43 33 31 44 
45 33 44 34 33 45 46 34 45 
35 34 46 47 35 46 36 35 47 
48 36 47 37 36 48 49 37 48 
38 37 49 50 51 52 51 50 53 
54 55 56 54 57 58 55 54 58 
57 59 60 58 57 60 59 61 62 
60 59 62 52 63 50 62 61 64 
53 50 63 65 66 67 65 68 69 
66 65 69 68 70 71 69 68 71 
70 72 73 71 70 73 72 74 75 
73 72 75 74 76 77 75 74 77 
76 78 79 77 76 79 78 80 81 
79 78 81 80 82 83 81 80 83 
56 83 82 56 82 54 54 82 84 
57 54 85 85 54 84 86 87 59 
86 59 85 85 59 57 61 59 87 
88 61 87 64 61 88 89 90 91 
89 92 93 90 89 93 92 94 95 
93 92 95 67 95 94 67 94 65 
65 94 96 68 65 97 97 65 96 
70 68 98 98 68 97 72 70 99 
99 70 98 74 72 100 100 72 99 
76 74 101 101 74 100 78 76 102 
102 76 101 1 102 2 1 80 102 
80 78 102 4 80 1 82 80 4 
5 82 4 5 103 82 103 84 82 
104 105 85 104 85 103 103 85 84 
86 85 105 106 89 91 107 106 91 
92 89 108 108 89 106 94 92 109 
109 92 108 7 109 8 7 96 109 
96 94 109 10 96 7 97 96 10 
12 97 10 98 97 12 14 98 12 
99 98 14 16 99 14 100 99 16 
18 100 16 101 100 18 20 110 18 
20 111 110 18 110 101 112 102 110 
101 110 102 22 111 20 2 102 21 
21 102 112 21 112 113 23 21 114 
21 113 114 103 5 23 103 23 115 
115 23 114 104 103 115 25 116 117 
26 25 117 107 28 106 107 116 28 
116 25 28 30 106 28 108 106 30 
32 108 30 109 108 32 8 109 32 
118 119 120 118 39 38 118 120 39 
120 121 39 110 111 40 110 40 121 
121 40 39 22 40 111 26 117 122 
41 26 122 42 41 123 41 122 123 
43 42 124 42 123 124 44 43 125 
43 124 125 45 44 126 44 125 126 
46 45 127 45 126 127 47 46 128 
46 127 128 48 47 129 47 128 129 
119 118 49 119 49 129 129 49 48 
38 49 118 130 131 132 131 130 133 
134 135 136 134 137 138 135 134 138 
137 139 140 138 137 140 139 141 142 
140 139 142 141 143 144 142 141 144 
143 145 146 144 143 146 145 147 148 
146 145 148 147 149 150 148 147 150 
132 150 149 130 132 149 130 149 52 
130 52 51 130 51 53 130 53 133 
133 53 151 152 153 154 152 155 156 
153 152 156 155 157 158 156 155 158 
157 159 160 158 157 160 159 161 162 
160 159 162 136 162 161 136 161 134 
134 161 163 137 134 164 164 134 163 
139 137 165 165 137 164 141 139 166 
166 139 165 55 166 56 55 143 166 
143 141 166 58 143 55 145 143 58 
60 145 58 147 145 60 62 147 60 
149 147 62 64 149 62 64 167 149 
52 149 63 63 149 167 63 167 168 
63 168 53 53 168 151 169 170 171 
169 172 173 170 169 173 172 174 175 
173 172 175 174 176 177 175 174 177 
154 177 176 152 154 176 152 176 67 
152 67 66 69 152 66 155 152 69 
71 155 69 157 155 71 73 157 71 
159 157 73 75 159 73 161 159 75 
77 161 75 163 161 77 79 163 77 
164 163 79 81 164 79 165 164 81 
83 165 81 166 165 83 56 166 83 
87 86 178 87 179 88 178 179 87 
88 179 180 64 88 180 64 180 181 
64 181 167 168 167 181 169 171 182 
90 183 91 90 169 183 90 172 169 
169 182 183 93 172 90 174 172 93 
95 174 93 176 174 95 67 176 95 
105 104 184 105 184 185 86 105 185 
86 185 186 86 186 178 179 178 186 
187 179 186 180 179 187 91 183 107 
183 188 107 112 189 190 110 189 112 
113 112 191 112 190 191 114 113 192 
113 191 192 115 114 193 114 192 193 
184 104 115 184 115 194 194 115 193 
185 184 194 116 195 196 117 116 196 
188 116 107 195 116 188 120 197 198 
119 197 120 121 120 199 120 198 199 
189 110 121 199 189 121 117 196 200 
122 117 200 123 122 201 122 200 201 
124 123 202 123 201 202 125 124 203 
124 202 203 126 125 204 125 203 204 
127 126 205 126 204 205 128 127 206 
127 205 206 129 128 207 128 206 207 
197 119 129 207 197 129 208 209 210 
209 208 211 212 213 214 212 215 216 
213 212 216 215 217 218 216 215 218 
210 218 217 210 217 208 208 217 219 
220 211 208 220 208 221 221 208 219 
220 221 222 223 224 225 223 226 227 
224 223 227 226 228 229 227 226 229 
214 229 228 214 228 212 212 228 230 
215 212 231 231 212 230 217 215 232 
232 215 231 219 217 233 233 217 232 
221 219 234 234 219 233 132 131 235 
132 235 221 132 221 234 222 221 235 
235 131 133 236 235 133 237 238 239 
237 240 241 238 237 241 240 242 243 
241 240 243 242 244 245 243 242 245 
244 246 247 245 244 247 246 248 249 
247 246 249 248 250 251 249 248 251 
250 252 253 251 250 253 252 254 255 
253 252 255 225 255 254 223 225 254 
223 254 136 223 136 135 138 223 135 
226 223 138 140 226 138 228 226 140 
142 228 140 230 228 142 144 230 142 
231 230 144 146 231 144 232 231 146 
148 232 146 233 232 148 150 233 148 
234 233 150 132 234 150 133 151 236 
236 151 256 257 237 239 258 257 239 
240 237 259 259 237 257 242 240 260 
260 240 259 244 242 261 261 242 260 
153 261 154 153 246 261 246 244 261 
156 246 153 248 246 156 158 248 156 
250 248 158 160 250 158 252 250 160 
162 252 160 254 252 162 136 254 162 
262 263 264 262 264 256 262 256 168 
168 256 151 170 257 258 170 258 171 
171 258 265 173 257 170 259 257 173 
175 259 173 260 259 175 177 260 175 
261 260 177 154 261 177 181 263 262 
181 180 263 180 266 263 168 181 262 
267 182 171 267 171 268 268 171 265 
182 267 183 186 269 270 185 269 186 
187 186 271 186 270 271 266 180 187 
271 266 187 272 267 268 273 272 268 
183 272 188 267 272 183 190 189 274 
190 275 191 274 275 190 276 191 275 
276 277 191 277 192 191 193 192 278 
192 277 278 194 193 279 193 278 279 
269 185 194 279 269 194 195 280 196 
272 273 281 280 188 282 280 195 188 
282 188 283 272 281 188 283 188 281 
283 284 282 198 285 286 197 285 198 
199 198 287 198 286 287 274 189 199 
274 199 288 288 199 287 275 274 288 
289 275 288 276 275 289 196 280 200 
201 200 280 282 201 280 282 284 290 
282 290 201 201 290 202 203 202 291 
202 290 291 204 203 292 203 291 292 
205 204 293 204 292 293 206 205 294 
205 293 294 207 206 295 206 294 295 
285 197 207 295 285 207 296 297 298 
296 299 300 297 296 300 299 210 209 
299 209 300 300 209 301 211 302 303 
211 303 209 209 303 301 303 302 304 
305 306 307 305 308 309 306 305 309 
308 214 213 308 213 309 309 213 310 
298 216 296 298 310 216 310 213 216 
218 296 216 299 296 218 210 299 218 
211 220 302 302 220 222 302 222 304 
304 222 311 312 313 314 312 315 316 
313 312 316 315 317 318 316 315 318 
317 319 320 318 317 320 319 321 322 
320 319 322 321 323 324 322 321 324 
323 325 326 324 323 326 325 327 328 
326 325 328 327 329 330 328 327 330 
329 225 224 329 224 330 330 224 331 
307 227 305 307 331 227 331 224 227 
229 305 227 308 305 229 214 308 229 
332 222 235 332 333 222 333 311 222 
235 236 332 238 312 314 238 314 239 
239 314 334 241 312 238 315 312 241 
243 315 241 317 315 243 245 317 243 
319 317 245 247 319 245 321 319 247 
249 321 247 323 321 249 251 323 249 
325 323 251 253 325 251 327 325 253 
255 327 253 329 327 255 225 329 255 
335 333 332 336 333 335 236 256 335 
332 236 335 337 338 339 337 334 338 
337 258 334 258 239 334 264 336 335 
264 263 336 263 340 336 256 264 335 
341 337 339 342 341 339 258 341 265 
337 341 258 343 344 345 343 345 340 
343 340 266 266 340 263 346 341 342 
347 346 342 265 346 268 341 346 265 
270 348 349 269 348 270 344 343 271 
344 271 349 349 271 270 266 271 343 
350 346 347 351 350 347 268 350 273 
346 350 268 352 353 354 352 355 356 
354 355 352 356 277 276 356 355 277 
355 357 277 278 277 358 277 357 358 
279 278 359 278 358 359 348 269 279 
359 348 279 350 351 360 273 350 360 
273 360 281 281 360 361 283 281 362 
281 361 362 284 363 364 284 283 363 
283 362 363 363 365 364 286 366 367 
285 366 286 287 286 368 286 367 368 
353 352 288 353 288 368 368 288 287 
289 288 352 356 289 352 276 289 356 
284 364 290 364 365 369 364 369 290 
290 369 291 292 291 370 291 369 370 
293 292 371 292 370 371 294 293 372 
293 371 372 295 294 373 294 372 373 
366 285 295 373 366 295 374 375 376 
374 377 378 375 374 378 378 377 379 
380 381 382 381 380 383 384 385 386 
384 387 388 385 384 388 376 388 387 
374 376 387 374 387 298 374 298 297 
300 374 297 377 374 300 377 389 379 
377 300 389 300 301 389 303 390 301 
301 390 389 390 303 304 391 390 304 
392 380 382 393 392 382 394 383 380 
394 380 395 395 380 392 395 396 397 
394 395 397 397 396 398 399 400 401 
399 402 403 400 399 403 402 404 405 
403 402 405 404 406 407 405 404 407 
406 307 306 406 306 407 407 306 408 
386 309 384 386 408 309 408 306 309 
310 384 309 387 384 310 298 387 310 
304 311 391 391 311 409 313 392 393 
313 393 314 314 393 410 316 392 313 
395 392 316 318 395 316 396 395 318 
396 411 398 396 318 411 318 320 411 
322 412 320 320 412 411 324 413 322 
322 413 412 401 326 399 401 413 326 
413 324 326 328 399 326 402 399 328 
330 402 328 404 402 330 331 404 330 
406 404 331 307 406 331 311 333 409 
409 333 414 415 416 417 415 410 416 
415 334 410 334 314 410 333 336 414 
414 336 418 338 415 417 338 417 339 
339 417 419 334 415 338 420 421 422 
420 422 418 420 418 340 340 418 336 
423 424 425 423 419 424 423 342 419 
342 339 419 426 427 428 421 426 428 
420 426 421 420 344 426 420 345 344 
340 345 420 429 423 425 430 429 425 
342 429 347 423 429 342 431 432 433 
427 431 433 426 431 427 426 348 431 
426 349 348 344 349 426 434 429 430 
435 434 430 347 434 351 429 434 347 
354 436 437 353 436 354 355 354 438 
354 437 438 357 355 439 355 438 439 
358 357 440 357 439 440 432 431 359 
432 359 440 440 359 358 348 359 431 
441 434 435 442 441 435 351 434 441 
351 441 443 351 443 360 443 441 444 
361 360 445 360 443 445 362 361 446 
361 445 446 363 362 447 362 446 447 
447 365 363 448 365 447 449 450 451 
449 367 366 449 451 367 451 452 367 
368 367 453 367 452 453 436 353 368 
453 436 368 441 442 454 444 441 454 
365 448 455 369 365 455 370 369 456 
369 455 456 371 370 457 370 456 457 
372 371 458 371 457 458 450 449 373 
450 373 458 458 373 372 366 373 449 
459 460 461 459 462 463 460 459 463 
462 464 465 463 462 465 464 466 467 
465 464 467 467 466 468 469 470 471 
470 469 472 473 459 461 474 473 461 
462 459 475 475 459 473 375 475 376 
375 464 475 464 462 475 378 464 375 
466 464 378 379 476 477 378 379 477 
378 477 468 378 468 466 477 476 478 
479 480 481 471 480 479 469 471 479 
469 479 382 469 382 381 383 482 483 
381 383 483 381 483 472 381 472 469 
482 484 485 483 482 485 485 484 486 
487 488 489 487 490 491 488 487 491 
490 492 493 491 490 493 492 494 495 
493 492 495 474 495 494 473 474 494 
473 494 386 473 386 385 388 473 385 
475 473 388 376 475 388 379 389 476 
476 389 390 476 390 496 476 496 478 
496 390 497 390 391 497 498 479 481 
499 498 481 382 498 393 479 498 382 
383 394 482 397 482 394 484 482 397 
398 500 501 397 398 501 397 501 486 
397 486 484 500 502 503 501 500 503 
502 504 505 503 502 505 504 401 400 
504 400 505 505 400 506 489 403 487 
489 506 403 506 400 403 405 487 403 
490 487 405 407 490 405 492 490 407 
408 492 407 494 492 408 386 494 408 
497 507 496 507 497 391 507 391 508 
508 391 409 509 498 499 510 509 499 
393 509 410 498 509 393 398 411 500 
412 500 411 502 500 412 413 502 412 
504 502 413 401 504 413 511 512 513 
511 513 508 511 508 414 414 508 409 
514 515 516 510 515 514 509 510 514 
509 514 417 509 417 416 410 509 416 
517 512 511 518 512 517 414 418 517 
511 414 517 519 514 516 520 519 516 
417 519 419 514 519 417 521 522 523 
518 521 523 517 521 518 517 421 521 
517 422 421 418 422 517 524 525 526 
520 525 524 519 520 524 519 524 425 
519 425 424 419 519 424 527 528 529 
522 527 529 521 527 522 521 427 527 
521 428 427 421 428 521 530 531 532 
526 531 530 526 530 524 524 530 533 
425 533 430 524 533 425 534 535 536 
528 534 536 527 534 528 527 432 534 
527 433 432 427 433 527 530 532 537 
537 538 539 537 539 530 530 539 533 
430 539 435 533 539 430 437 540 541 
436 540 437 438 437 542 437 541 542 
439 438 543 438 542 543 535 534 440 
535 440 543 543 440 439 432 440 534 
539 538 544 539 442 435 539 545 442 
539 544 545 546 442 545 546 443 444 
546 545 443 545 547 443 445 443 548 
443 547 548 446 445 549 445 548 549 
447 446 550 446 549 550 448 551 552 
448 447 551 447 550 551 552 553 554 
551 553 552 554 555 556 553 555 554 
556 557 558 555 557 556 558 451 450 
558 557 451 557 559 451 452 451 560 
451 559 560 453 452 561 452 560 561 
540 436 453 561 540 453 442 546 454 
444 454 546 448 552 455 456 455 552 
554 456 552 457 456 554 556 457 554 
458 457 556 558 458 556 450 458 558 
562 563 564 562 565 566 563 562 566 
566 565 567 568 569 570 568 571 572 
569 568 572 564 572 571 564 571 562 
562 571 573 460 573 461 460 565 573 
565 562 573 565 574 567 565 460 574 
460 463 574 465 575 463 463 575 574 
576 577 575 576 575 467 467 575 465 
467 468 576 578 579 580 578 471 470 
578 470 579 579 470 581 472 582 583 
472 583 470 470 583 581 582 584 585 
583 582 585 585 584 586 587 588 589 
570 588 587 570 587 568 568 587 590 
571 568 591 591 568 590 573 571 592 
592 571 591 461 592 474 573 592 461 
576 593 577 594 595 593 477 594 593 
477 593 576 477 576 468 477 478 594 
596 597 598 580 597 596 578 580 596 
578 596 481 578 481 480 471 578 480 
472 483 582 485 582 483 584 582 485 
486 599 600 485 486 600 485 600 586 
485 586 584 599 601 602 600 599 602 
601 603 604 602 601 604 603 605 606 
604 603 606 589 606 605 587 589 605 
587 605 489 587 489 488 491 587 488 
590 587 491 493 590 491 591 590 493 
495 591 493 592 591 495 474 592 495 
607 595 594 608 595 607 478 496 607 
594 478 607 609 596 598 610 609 598 
481 609 499 596 609 481 486 501 599 
503 599 501 601 599 503 505 601 503 
603 601 505 506 603 505 605 603 506 
489 605 506 607 611 608 612 613 611 
507 612 611 507 611 607 507 607 496 
507 508 612 614 609 610 615 614 610 
499 614 510 609 614 499 513 613 612 
513 512 613 512 616 613 508 513 612 
617 618 619 615 618 617 614 615 617 
614 617 516 614 516 515 510 614 515 
620 621 622 620 622 616 620 616 518 
518 616 512 623 624 625 619 624 623 
619 623 617 617 623 626 516 626 520 
617 626 516 627 628 629 621 627 629 
620 627 621 620 522 627 620 523 522 
518 523 620 630 623 625 631 630 625 
525 630 526 525 626 630 626 623 630 
520 626 525 632 633 634 628 632 634 
627 632 628 627 528 632 627 529 528 
522 529 627 531 630 631 531 631 532 
532 631 635 526 630 531 636 637 638 
633 636 638 632 636 633 632 535 636 
632 536 535 528 536 632 532 635 639 
537 532 639 639 538 537 640 538 639 
641 642 643 641 541 540 641 643 541 
643 644 541 542 541 645 541 644 645 
637 636 543 637 543 645 645 543 542 
535 543 636 538 640 646 544 538 646 
545 544 647 544 646 647 547 545 648 
545 647 648 548 547 649 547 648 649 
549 548 650 548 649 650 550 549 651 
549 650 651 551 550 652 550 651 652 
553 551 653 551 652 653 555 553 654 
553 653 654 557 555 655 555 654 655 
559 557 656 557 655 656 560 559 657 
559 656 657 642 641 561 642 561 657 
657 561 560 540 561 641 658 659 660 
658 661 662 659 658 662 661 564 563 
661 563 662 662 563 663 566 664 563 
563 664 663 664 566 567 665 664 567 
666 667 668 666 669 670 667 666 670 
670 669 671 672 673 674 660 673 672 
658 660 672 658 672 570 658 570 569 
572 658 569 661 658 572 564 661 572 
567 675 665 574 675 567 676 677 675 
676 675 575 575 675 574 575 577 676 
579 678 679 580 579 679 581 680 579 
579 680 678 668 583 666 668 680 583 
680 581 583 585 666 583 669 666 585 
586 681 682 585 586 682 585 682 671 
585 671 669 682 681 683 684 685 686 
674 685 684 672 674 684 672 684 589 
672 589 588 570 672 588 687 677 676 
688 677 687 577 593 689 577 689 676 
676 689 687 593 595 689 690 691 692 
690 598 597 690 597 691 691 597 693 
679 597 580 693 597 679 586 600 681 
681 694 683 681 600 694 600 602 694 
604 695 602 602 695 694 686 606 684 
686 695 606 695 604 606 589 684 606 
687 696 688 696 697 698 696 687 697 
687 689 697 595 608 697 689 595 697 
699 700 701 692 700 699 692 699 690 
690 699 702 598 702 610 690 702 598 
697 703 698 704 705 703 611 704 703 
611 703 697 611 697 608 611 613 704 
699 701 706 706 707 708 706 708 699 
699 708 702 610 708 615 702 708 610 
709 705 704 710 705 709 613 616 709 
704 613 709 711 712 713 707 712 711 
708 707 711 708 711 619 708 619 618 
615 708 618 714 715 716 710 714 716 
709 714 710 709 621 714 709 622 621 
616 622 709 624 711 713 624 713 625 
625 713 717 619 711 624 629 715 714 
629 628 715 628 718 715 621 629 714 
625 717 631 717 719 631 634 720 721 
633 720 634 718 628 634 721 718 634 
722 723 635 722 635 719 719 635 631 
722 724 723 725 726 727 725 638 637 
725 727 638 727 728 638 720 633 638 
728 720 638 635 723 639 723 640 639 
723 724 640 724 729 640 730 731 732 
730 733 734 732 733 730 734 643 642 
734 733 643 733 735 643 644 643 736 
643 735 736 726 725 645 726 645 736 
736 645 644 637 645 725 640 729 737 
646 640 737 647 646 738 646 737 738 
648 647 739 647 738 739 649 648 740 
648 739 740 650 649 741 649 740 741 
651 650 742 650 741 742 652 651 743 
651 742 743 653 652 744 652 743 744 
654 653 745 653 744 745 655 654 746 
654 745 746 731 730 656 731 656 746 
746 656 655 657 656 730 734 657 730 
642 657 734 659 747 748 660 659 748 
662 749 659 659 749 747 663 750 662 
662 750 749 751 752 750 751 750 664 
664 750 663 664 665 751 753 754 755 
753 668 667 753 667 754 754 667 756 
670 757 667 667 757 756 757 670 671 
758 757 671 673 759 760 674 673 760 
748 673 660 759 673 748 751 761 752 
762 763 761 675 762 761 675 761 751 
675 751 665 675 677 762 764 765 766 
764 679 678 764 678 765 765 678 767 
755 680 753 755 767 680 767 678 680 
668 753 680 671 768 758 682 768 671 
683 769 770 683 770 682 682 770 768 
769 771 772 770 769 772 771 686 685 
771 685 772 772 685 773 760 685 674 
773 685 760 774 763 762 775 763 774 
677 688 774 762 677 774 691 776 777 
692 691 777 766 693 764 766 776 693 
776 691 693 679 764 693 683 694 769 
695 769 694 771 769 695 686 771 695 
774 778 775 779 780 778 696 779 778 
696 778 774 696 774 688 696 698 779 
700 781 782 701 700 782 777 700 692 
781 700 777 779 783 780 784 785 783 
703 784 783 703 783 779 703 779 698 
703 705 784 786 706 701 786 701 787 
787 701 782 706 786 707 788 785 784 
789 785 788 705 710 788 784 705 788 
712 786 787 712 787 713 713 787 790 
707 786 712 716 789 788 716 715 789 
715 791 789 710 716 788 713 790 717 
790 792 717 793 794 795 793 795 791 
793 791 718 718 791 715 717 792 719 
792 796 719 797 798 799 794 797 799 
793 797 794 793 720 797 793 721 720 
718 721 793 800 722 719 800 719 801 
801 719 796 722 800 724 802 803 804 
802 727 726 802 804 727 804 805 727 
798 797 728 798 728 805 805 728 727 
720 728 797 800 801 806 806 724 800 
806 807 724 807 729 724 808 809 810 
808 732 731 808 810 732 810 811 732 
733 732 812 732 811 812 735 733 813 
733 812 813 803 802 736 803 736 813 
813 736 735 726 736 802 729 807 814 
737 729 814 738 737 815 737 814 815 
739 738 816 738 815 816 740 739 817 
739 816 817 741 740 818 740 817 818 
742 741 819 741 818 819 743 742 820 
742 819 820 744 743 821 743 820 821 
745 744 822 744 821 822 809 808 746 
809 746 822 822 746 745 731 746 808 
823 824 825 824 823 826 747 827 828 
748 747 828 749 829 747 747 829 827 
830 831 829 830 829 750 750 829 749 
750 752 830 832 833 834 832 755 754 
832 754 833 833 754 835 756 836 754 
754 836 835 825 757 823 825 836 757 
836 756 757 758 837 838 757 758 838 
757 838 826 757 826 823 838 837 839 
840 841 842 840 843 844 841 840 844 
843 760 759 843 759 844 844 759 845 
828 759 748 845 759 828 830 846 831 
847 848 846 761 847 846 761 846 830 
761 830 752 761 763 847 765 849 850 
766 765 850 834 767 832 834 849 767 
849 765 767 755 832 767 758 768 837 
837 851 839 837 768 851 768 770 851 
842 772 840 842 851 772 851 770 772 
773 840 772 843 840 773 760 843 773 
847 852 848 852 847 763 852 763 853 
853 763 775 854 855 856 854 777 776 
854 776 855 855 776 857 850 776 766 
857 776 850 775 858 853 778 858 775 
858 778 780 859 858 780 860 861 862 
856 861 860 854 856 860 854 860 782 
854 782 781 777 854 781 863 780 783 
863 864 780 864 859 780 783 785 863 
860 862 865 865 782 860 865 866 782 
866 787 782 867 864 863 868 864 867 
785 789 867 863 785 867 787 866 790 
866 869 790 870 868 867 871 868 870 
789 791 870 867 789 870 790 869 792 
869 872 792 795 871 870 795 794 871 
794 873 871 791 795 870 792 872 796 
872 874 796 799 875 876 798 875 799 
873 794 799 876 873 799 796 874 801 
874 877 801 804 878 879 803 878 804 
805 804 880 804 879 880 875 798 805 
880 875 805 801 877 881 806 801 881 
881 807 806 882 807 881 883 884 885 
883 886 887 885 886 883 887 888 889 
886 888 887 889 890 891 888 890 889 
891 892 893 890 892 891 893 810 809 
893 892 810 892 894 810 811 810 895 
810 894 895 812 811 896 811 895 896 
813 812 897 812 896 897 878 803 813 
897 878 813 807 882 898 814 807 898 
815 814 899 814 898 899 816 815 900 
815 899 900 817 816 901 816 900 901 
884 883 818 884 818 901 901 818 817 
819 818 883 887 819 883 820 819 887 
889 820 887 821 820 889 891 821 889 
822 821 891 893 822 891 809 822 893 
902 903 904 902 825 824 902 824 903 
903 824 905 905 824 826 906 905 826 
827 907 908 828 827 908 909 910 907 
909 907 829 829 907 827 829 831 909 
833 911 912 834 833 912 835 913 833 
833 913 911 904 836 902 904 913 836 
913 835 836 825 902 836 826 914 906 
838 914 826 839 915 916 839 916 838 
838 916 914 915 842 841 915 841 916 
916 841 917 844 918 841 841 918 917 
845 919 844 844 919 918 908 845 828 
919 845 908 909 920 910 921 922 920 
846 921 920 846 920 909 846 909 831 
846 848 921 923 924 925 923 850 849 
923 849 924 924 849 926 912 849 834 
926 849 912 839 851 915 842 915 851 
921 927 922 928 929 927 852 928 927 
852 927 921 852 921 848 852 853 928 
930 931 932 930 856 855 930 855 931 
931 855 933 925 857 923 925 933 857 
933 855 857 850 923 857 928 934 929 
935 936 934 858 935 934 858 934 928 
858 928 853 858 859 935 861 930 932 
861 932 862 862 932 937 856 930 861 
938 936 935 939 936 938 859 864 938 
935 859 938 940 865 862 940 862 941 
941 862 937 865 940 866 938 942 939 
942 938 864 942 864 943 943 864 868 
940 941 944 944 866 940 944 945 866 
945 869 866 946 947 948 946 948 943 
946 943 871 871 943 868 869 945 872 
945 949 872 950 947 946 951 947 950 
871 873 950 946 871 950 872 949 874 
949 952 874 953 954 955 951 953 955 
950 953 951 950 875 953 950 876 875 
873 876 950 874 952 877 952 956 877 
957 958 959 959 960 957 961 962 963 
961 879 878 961 963 879 963 964 879 
954 953 880 954 880 964 964 880 879 
875 880 953 877 956 965 881 877 965 
965 882 881 966 882 965 885 967 968 
884 967 885 886 885 969 885 968 969 
888 886 970 886 969 970 890 888 971 
888 970 971 892 890 972 890 971 972 
894 892 973 892 972 973 958 957 895 
958 895 973 973 895 894 957 960 974 
957 974 895 895 974 896 962 961 897 
962 897 974 974 897 896 878 897 961 
882 966 975 898 882 975 899 898 976 
898 975 976 900 899 977 899 976 977 
901 900 978 900 977 978 967 884 901 
978 967 901 903 979 980 904 903 980 
905 981 903 903 981 979 906 982 983 
906 983 905 905 983 981 982 984 985 
983 982 985 985 984 986 907 987 908 
907 910 987 911 988 989 912 911 989 
913 990 911 911 990 988 980 913 904 
990 913 980 906 914 982 916 982 914 
984 982 916 984 991 986 984 916 991 
916 917 991 918 992 917 917 992 991 
919 993 918 918 993 992 987 919 908 
987 994 919 994 993 919 910 994 987 
910 920 994 920 995 994 995 920 922 
996 995 922 997 998 999 998 997 1000 
924 1001 1002 925 924 1002 926 1003 924 
924 1003 1001 989 926 912 1003 926 989 
922 1004 996 927 1004 922 1004 927 929 
1005 1004 929 931 997 999 931 999 932 
932 999 1006 997 1007 1000 997 931 1007 
931 933 1007 1002 933 925 1007 933 1002 
1008 929 934 1008 1009 929 1009 1005 929 
934 936 1008 932 1006 937 1006 1010 937 
1008 1011 1009 1011 1008 936 1011 936 1012 
1012 936 939 937 1010 941 1010 1013 941 
1014 939 942 1014 1015 939 1015 1012 939 
942 943 1014 941 1013 1016 944 941 1016 
1016 945 944 1017 945 1016 1018 1019 1020 
1015 1018 1020 1014 1018 1015 1014 947 1018 
1014 948 947 943 948 1014 945 1017 949 
1017 1021 949 1022 1019 1018 1023 1019 1022 
947 951 1022 1018 947 1022 949 1021 952 
1021 1024 952 1025 1026 1027 1023 1025 1027 
1022 1025 1023 1022 954 1025 1022 955 954 
951 955 1022 952 1024 956 1024 1028 956 
1029 1030 1031 1029 1032 1033 1031 1032 1029 
1033 959 958 1033 1032 959 1032 1034 959 
960 1035 1036 960 959 1035 959 1034 1035 
1036 963 962 1036 1035 963 1035 1037 963 
1026 1025 964 1026 964 1037 1037 964 963 
954 964 1025 956 1028 1038 965 956 1038 
1038 966 965 1039 966 1038 1040 1041 1042 
1040 968 967 1040 1042 968 1042 1043 968 
969 968 1044 968 1043 1044 970 969 1045 
969 1044 1045 971 970 1046 970 1045 1046 
1030 1029 972 1030 972 1046 1046 972 971 
973 972 1029 1033 973 1029 958 973 1033 
960 1036 974 962 974 1036 966 1039 1047 
975 966 1047 976 975 1048 975 1047 1048 
977 976 1049 976 1048 1049 1041 1040 978 
1041 978 1049 1049 978 977 967 978 1040 
1050 1051 1052 1050 980 979 1050 979 1051 
1051 979 1053 981 1054 979 979 1054 1053 
983 1055 981 981 1055 1054 985 1056 983 
983 1056 1055 986 1057 1058 986 1058 985 
985 1058 1056 1058 1057 1059 1060 1061 1062 
1060 989 988 1060 988 1061 1061 988 1063 
1052 990 1050 1052 1063 990 1063 988 990 
980 1050 990 986 991 1057 1057 1064 1059 
1057 991 1064 991 992 1064 993 1065 992 
992 1065 1064 994 1066 993 993 1066 1065 
995 1067 994 994 1067 1066 1067 995 996 
1068 1067 996 998 1069 1070 999 998 1070 
1000 1071 1072 1000 1072 998 998 1072 1069 
1071 1002 1001 1071 1001 1072 1072 1001 1073 
1062 1003 1060 1062 1073 1003 1073 1001 1003 
989 1060 1003 1074 996 1004 1074 1075 996 
1075 1068 996 1004 1005 1074 999 1070 1006 
1070 1076 1006 1000 1007 1071 1002 1071 1007 
1074 1077 1075 1077 1074 1005 1077 1005 1078 
1078 1005 1009 1079 1080 1081 1079 1076 1080 
1079 1010 1076 1010 1006 1076 1082 1009 1011 
1082 1083 1009 1083 1078 1009 1011 1012 1082 
1084 1079 1081 1085 1084 1081 1010 1084 1013 
1079 1084 1010 1086 1083 1082 1087 1083 1086 
1012 1015 1086 1082 1012 1086 1084 1085 1088 
1089 1088 1090 1016 1088 1089 1016 1084 1088 
1016 1013 1084 1016 1089 1017 1020 1087 1086 
1020 1019 1087 1019 1091 1087 1015 1020 1086 
1089 1090 1092 1092 1017 1089 1092 1093 1017 
1093 1021 1017 1094 1095 1096 1094 1096 1091 
1094 1091 1023 1023 1091 1019 1021 1093 1024 
1093 1097 1024 1027 1095 1094 1027 1026 1095 
1026 1098 1095 1023 1027 1094 1024 1097 1028 
1097 1099 1028 1100 1101 1102 1100 1031 1030 
1100 1102 1031 1102 1103 1031 1032 1031 1104 
1031 1103 1104 1034 1032 1105 1032 1104 1105 
1035 1034 1106 1034 1105 1106 1037 1035 1107 
1035 1106 1107 1098 1026 1037 1107 1098 1037 
1028 1099 1108 1038 1028 1108 1108 1039 1038 
1109 1039 1108 1042 1041 1110 1111 1042 1110 
1111 1112 1042 1112 1043 1042 1044 1043 1113 
1043 1112 1113 1045 1044 1114 1044 1113 1114 
1101 1100 1046 1101 1046 1114 1114 1046 1045 
1030 1046 1100 1039 1109 1115 1047 1039 1115 
1048 1047 1116 1047 1115 1116 1049 1048 1117 
1048 1116 1117 1110 1041 1049 1110 1049 1118 
1118 1049 1117 1111 1110 1118 1051 1119 1120 
1052 1051 1120 1053 1121 1051 1051 1121 1119 
1054 1122 1053 1053 1122 1121 1055 1123 1054 
1054 1123 1122 1056 1124 1055 1055 1124 1123 
1125 1126 1124 1125 1124 1058 1058 1124 1056 
1058 1059 1125 1061 1127 1128 1062 1061 1128 
1063 1129 1061 1061 1129 1127 1120 1063 1052 
1129 1063 1120 1125 1130 1126 1059 1130 1125 
1059 1064 1130 1064 1131 1130 1065 1132 1064 
1064 1132 1131 1066 1133 1065 1065 1133 1132 
1134 1135 1133 1134 1133 1067 1067 1133 1066 
1067 1068 1134 1069 1136 1137 1070 1069 1137 
1072 1138 1069 1069 1138 1136 1073 1139 1072 
1072 1139 1138 1128 1073 1062 1139 1073 1128 
1134 1140 1135 1140 1134 1068 1140 1068 1141 
1141 1068 1075 1142 1143 1144 1142 1137 1143 
1142 1076 1137 1076 1070 1137 1145 1075 1077 
1145 1146 1075 1146 1141 1075 1077 1078 1145 
1147 1148 1149 1144 1148 1147 1142 1144 1147 
1142 1147 1081 1142 1081 1080 1076 1142 1080 
1145 1150 1146 1150 1145 1078 1150 1078 1151 
1151 1078 1083 1147 1149 1152 1147 1085 1081 
1147 1153 1085 1147 1152 1153 1154 1085 1153 
1153 1155 1154 1083 1087 1151 1151 1087 1156 
1085 1154 1088 1090 1157 1158 1088 1157 1090 
1088 1155 1157 1088 1154 1155 1157 1159 1158 
1160 1161 1162 1160 1162 1156 1160 1156 1091 
1091 1156 1087 1090 1158 1092 1158 1093 1092 
1158 1159 1093 1159 1163 1093 1096 1161 1160 
1096 1095 1161 1095 1164 1161 1091 1096 1160 
1093 1163 1097 1163 1165 1097 1166 1167 1168 
1166 1169 1170 1168 1169 1166 1169 1171 1170 
1172 1173 1174 1172 1174 1164 1172 1164 1098 
1098 1164 1095 1097 1165 1099 1165 1175 1099 
1176 1177 1178 1176 1102 1101 1176 1178 1102 
1178 1179 1102 1103 1102 1180 1102 1179 1180 
1167 1166 1104 1167 1104 1180 1180 1104 1103 
1105 1104 1166 1170 1105 1166 1170 1171 1181 
1170 1181 1105 1105 1181 1106 1173 1172 1107 
1173 1107 1181 1181 1107 1106 1098 1107 1172 
1099 1175 1182 1108 1099 1182 1182 1109 1108 
1183 1109 1182 1112 1184 1185 1111 1184 1112 
1113 1112 1186 1112 1185 1186 1177 1176 1114 
1177 1114 1186 1186 1114 1113 1101 1114 1176 
1109 1183 1187 1115 1109 1187 1116 1115 1188 
1115 1187 1188 1117 1116 1189 1116 1188 1189 
1118 1117 1190 1117 1189 1190 1184 1111 1118 
1190 1184 1118 1119 1191 1192 1120 1119 1192 
1121 1193 1119 1119 1193 1191 1122 1194 1121 
1121 1194 1193 1195 1196 1194 1195 1194 1123 
1123 1194 1122 1123 1124 1197 1195 1123 1197 
1124 1126 1197 1198 1199 1200 1198 1201 1202 
1199 1198 1202 1201 1203 1204 1202 1201 1204 
1203 1128 1127 1203 1127 1204 1204 1127 1205 
1129 1206 1127 1127 1206 1205 1192 1129 1120 
1206 1129 1192 1195 1207 1196 1197 1207 1195 
1208 1207 1197 1126 1208 1197 1126 1130 1208 
1130 1209 1208 1210 1211 1209 1210 1209 1131 
1131 1209 1130 1131 1132 1212 1210 1131 1212 
1132 1133 1213 1212 1132 1213 1133 1135 1213 
1136 1198 1200 1136 1200 1137 1137 1200 1214 
1138 1198 1136 1201 1198 1138 1139 1201 1138 
1203 1201 1139 1128 1203 1139 1210 1215 1211 
1212 1215 1210 1216 1215 1212 1213 1216 1212 
1217 1216 1213 1218 1219 1217 1140 1218 1217 
1140 1217 1213 1140 1213 1135 1140 1141 1218 
1143 1220 1221 1144 1143 1221 1214 1143 1137 
1220 1143 1214 1218 1222 1219 1222 1218 1141 
1222 1141 1223 1223 1141 1146 1148 1224 1225 
1149 1148 1225 1221 1226 1144 1221 1227 1226 
1144 1226 1148 1228 1224 1226 1148 1226 1224 
1227 1229 1226 1230 1146 1150 1230 1231 1146 
1231 1223 1146 1150 1151 1230 1149 1225 1232 
1152 1149 1232 1228 1226 1153 1228 1153 1232 
1232 1153 1152 1155 1233 1234 1153 1233 1155 
1153 1229 1233 1153 1226 1229 1233 1235 1234 
1236 1231 1230 1237 1231 1236 1151 1156 1236 
1230 1151 1236 1155 1234 1157 1234 1159 1157 
1234 1235 1159 1235 1238 1159 1162 1237 1236 
1162 1161 1237 1161 1239 1237 1156 1162 1236 
1159 1238 1163 1238 1240 1163 1161 1164 1239 
1239 1164 1241 1163 1240 1165 1240 1242 1165 
1243 1244 1245 1243 1168 1167 1243 1245 1168 
1245 1246 1168 1169 1168 1247 1168 1246 1247 
1171 1248 1249 1171 1169 1248 1169 1247 1248 
1249 1174 1173 1249 1248 1174 1248 1250 1174 
1241 1164 1174 1250 1241 1174 1165 1242 1175 
1242 1251 1175 1178 1252 1253 1177 1252 1178 
1179 1178 1254 1178 1253 1254 1244 1243 1180 
1244 1180 1254 1254 1180 1179 1167 1180 1243 
1171 1249 1181 1173 1181 1249 1175 1251 1255 
1182 1175 1255 1255 1183 1182 1256 1183 1255 
1185 1257 1258 1184 1257 1185 1186 1185 1259 
1185 1258 1259 1252 1177 1186 1259 1252 1186 
1183 1256 1260 1187 1183 1260 1188 1187 1261 
1187 1260 1261 1189 1188 1262 1188 1261 1262 
1190 1189 1263 1189 1262 1263 1257 1184 1190 
1263 1257 1190 1264 1265 1266 1264 1192 1191 
1264 1191 1265 1265 1191 1267 1193 1268 1191 
1191 1268 1267 1194 1269 1193 1193 1269 1268 
1269 1194 1196 1270 1269 1196 1199 1271 1272 
1200 1199 1272 1202 1273 1199 1199 1273 1271 
1204 1274 1202 1202 1274 1273 1205 1275 1204 
1204 1275 1274 1266 1206 1264 1266 1275 1206 
1275 1205 1206 1192 1264 1206 1196 1276 1270 
1207 1276 1196 1208 1277 1207 1207 1277 1276 
1278 1279 1277 1278 1277 1209 1209 1277 1208 
1209 1211 1278 1200 1272 1214 1272 1280 1214 
1278 1281 1279 1282 1283 1281 1215 1282 1281 
1215 1281 1278 1215 1278 1211 1215 1216 1284 
1282 1215 1284 1216 1217 1285 1284 1216 1285 
1217 1219 1285 1220 1286 1221 1220 1287 1286 
1220 1214 1287 1214 1280 1287 1282 1288 1283 
1284 1288 1282 1289 1288 1284 1285 1289 1284 
1290 1289 1285 1291 1292 1290 1222 1291 1290 
1222 1290 1285 1222 1285 1219 1222 1223 1291 
1224 1293 1225 1227 1221 1286 1228 1293 1224 
1286 1229 1227 1286 1287 1229 1287 1294 1229 
1295 1292 1291 1296 1292 1295 1223 1231 1295 
1291 1223 1295 1225 1293 1232 1228 1232 1293 
1229 1294 1297 1233 1229 1297 1297 1235 1233 
1298 1235 1297 1299 1296 1295 1300 1296 1299 
1231 1237 1299 1295 1231 1299 1235 1298 1238 
1298 1301 1238 1302 1300 1299 1303 1300 1302 
1237 1239 1302 1299 1237 1302 1238 1301 1240 
1301 1304 1240 1305 1303 1302 1306 1303 1305 
1239 1241 1305 1302 1239 1305 1240 1304 1242 
1304 1307 1242 1245 1308 1309 1244 1308 1245 
1246 1245 1310 1245 1309 1310 1247 1246 1311 
1246 1310 1311 1248 1247 1312 1247 1311 1312 
1306 1305 1250 1306 1250 1312 1312 1250 1248 
1241 1250 1305 1313 1314 1251 1313 1251 1307 
1307 1251 1242 1313 1315 1314 1316 1317 1318 
1316 1253 1252 1316 1318 1253 1318 1319 1253 
1254 1253 1320 1253 1319 1320 1308 1244 1254 
1320 1308 1254 1251 1314 1255 1256 1321 1322 
1255 1321 1256 1255 1315 1321 1255 1314 1315 
1321 1323 1322 1324 1325 1326 1324 1327 1328 
1326 1327 1324 1328 1258 1257 1328 1327 1258 
1327 1329 1258 1317 1316 1259 1317 1259 1329 
1329 1259 1258 1252 1259 1316 1256 1322 1260 
1322 1323 1330 1322 1330 1260 1260 1330 1261 
1325 1324 1262 1325 1262 1330 1330 1262 1261 
1263 1262 1324 1328 1263 1324 1257 1263 1328 
1331 1332 1333 1331 1266 1265 1331 1265 1332 
1332 1265 1334 1267 1335 1265 1265 1335 1334 
1268 1336 1267 1267 1336 1335 1269 1337 1268 
1268 1337 1336 1337 1269 1270 1338 1337 1270 
1271 1339 1340 1272 1271 1340 1273 1341 1271 
1271 1341 1339 1274 1342 1273 1273 1342 1341 
1333 1275 1331 1333 1342 1275 1342 1274 1275 
1266 1331 1275 1270 1343 1338 1276 1343 1270 
1277 1344 1276 1276 1344 1343 1344 1277 1279 
1345 1344 1279 1272 1340 1280 1340 1346 1280 
1347 1279 1281 1347 1348 1279 1348 1345 1279 
1281 1283 1347 1349 1350 1351 1349 1346 1350 
1349 1287 1346 1287 1280 1346 1347 1352 1348 
1353 1354 1352 1288 1353 1352 1288 1352 1347 
1288 1347 1283 1288 1289 1355 1353 1288 1355 
1289 1290 1356 1355 1289 1356 1290 1292 1356 
1349 1351 1357 1357 1287 1349 1357 1358 1287 
1358 1294 1287 1353 1359 1354 1355 1359 1353 
1360 1359 1355 1356 1360 1355 1361 1360 1356 
1361 1356 1292 1361 1292 1362 1362 1292 1296 
1294 1358 1363 1297 1294 1363 1363 1298 1297 
1364 1298 1363 1296 1300 1362 1362 1300 1365 
1298 1364 1301 1364 1366 1301 1300 1303 1365 
1365 1303 1367 1301 1366 1304 1366 1368 1304 
1369 1370 1371 1369 1372 1373 1371 1372 1369 
1373 1374 1375 1372 1374 1373 1375 1376 1377 
1374 1376 1375 1377 1376 1367 1377 1367 1306 
1306 1367 1303 1378 1379 1307 1378 1307 1368 
1368 1307 1304 1378 1380 1379 1381 1382 1383 
1370 1381 1383 1369 1381 1370 1369 1308 1381 
1369 1309 1308 1310 1309 1369 1373 1310 1369 
1311 1310 1373 1375 1311 1373 1312 1311 1375 
1377 1312 1375 1306 1312 1377 1307 1379 1313 
1379 1315 1313 1379 1380 1315 1380 1384 1315 
1318 1385 1386 1317 1385 1318 1319 1318 1387 
1318 1386 1387 1382 1381 1320 1382 1320 1387 
1387 1320 1319 1308 1320 1381 1315 1384 1388 
1321 1315 1388 1323 1389 1390 1323 1321 1389 
1321 1388 1389 1390 1326 1325 1390 1389 1326 
1389 1391 1326 1327 1326 1392 1326 1391 1392 
1329 1327 1393 1327 1392 1393 1385 1317 1329 
1393 1385 1329 1323 1390 1330 1325 1330 1390 
1394 1395 1396 1394 1333 1332 1394 1332 1395 
1395 1332 1397 1334 1398 1332 1332 1398 1397 
1335 1399 1334 1334 1399 1398 1336 1400 1335 
1335 1400 1399 1337 1401 1336 1336 1401 1400 
1401 1337 1338 1402 1401 1338 1339 1403 1404 
1340 1339 1404 1341 1405 1339 1339 1405 1403 
1396 1342 1394 1396 1405 1342 1405 1341 1342 
1333 1394 1342 1338 1406 1402 1343 1406 1338 
1407 1408 1406 1407 1406 1344 1344 1406 1343 
1344 1345 1407 1409 1410 1411 1409 1404 1410 
1409 1346 1404 1346 1340 1404 1407 1412 1408 
1412 1407 1345 1412 1345 1413 1413 1345 1348 
1414 1415 1416 1411 1415 1414 1409 1411 1414 
1409 1414 1351 1409 1351 1350 1346 1409 1350 
1348 1417 1413 1352 1417 1348 1417 1352 1354 
1418 1417 1354 1414 1416 1419 1351 1414 1419 
1351 1419 1357 1357 1419 1420 1420 1358 1357 
1421 1358 1420 1354 1422 1418 1359 1422 1354 
1360 1423 1359 1359 1423 1422 1361 1424 1360 
1360 1424 1423 1424 1361 1362 1425 1424 1362 
1358 1421 1426 1363 1358 1426 1426 1364 1363 
1427 1364 1426 1362 1365 1425 1425 1365 1428 
1364 1427 1366 1427 1429 1366 1365 1367 1428 
1428 1367 1430 1431 1432 1368 1431 1368 1429 
1429 1368 1366 1431 1433 1432 1371 1434 1435 
1370 1434 1371 1372 1371 1436 1371 1435 1436 
1374 1372 1437 1372 1436 1437 1376 1374 1438 
1374 1437 1438 1430 1367 1376 1438 1430 1376 
1368 1432 1378 1432 1380 1378 1432 1433 1380 
1433 1439 1380 1383 1440 1441 1382 1440 1383 
1434 1370 1383 1441 1434 1383 1442 1443 1384 
1442 1384 1439 1439 1384 1380 1442 1444 1443 
1445 1446 1447 1445 1386 1385 1445 1447 1386 
1447 1448 1386 1387 1386 1449 1386 1448 1449 
1440 1382 1387 1449 1440 1387 1384 1443 1388 
1443 1444 1450 1443 1450 1388 1388 1450 1389 
1391 1389 1451 1389 1450 1451 1392 1391 1452 
1391 1451 1452 1446 1445 1393 1446 1393 1452 
1452 1393 1392 1385 1393 1445 1453 1454 1455 
1453 1396 1395 1453 1395 1454 1454 1395 1456 
1397 1457 1395 1395 1457 1456 1398 1458 1397 
1397 1458 1457 1399 1459 1398 1398 1459 1458 
1400 1460 1399 1399 1460 1459 1401 1461 1400 
1400 1461 1460 1402 1462 1463 1402 1463 1401 
1401 1463 1461 1463 1462 1464 1403 1465 1466 
1404 1403 1466 1455 1405 1453 1455 1465 1405 
1465 1403 1405 1396 1453 1405 1402 1406 1462 
1462 1406 1408 1462 1408 1464 1464 1408 1467 
1410 1468 1411 1410 1469 1468 1410 1404 1469 
1404 1466 1469 1408 1470 1467 1412 1470 1408 
1470 1412 1413 1471 1470 1413 1415 1472 1416 
1415 1411 1468 1415 1468 1472 1472 1468 1473 
1474 1468 1469 1473 1468 1474 1413 1475 1471 
1417 1475 1413 1418 1476 1477 1418 1477 1417 
1417 1477 1475 1476 1478 1479 1477 1476 1479 
1479 1478 1480 1416 1472 1419 1420 1419 1472 
1473 1420 1472 1421 1481 1482 1420 1481 1421 
1420 1474 1481 1420 1473 1474 1481 1483 1482 
1418 1422 1476 1423 1476 1422 1478 1476 1423 
1478 1484 1480 1478 1423 1484 1423 1424 1484 
1484 1424 1425 1485 1484 1425 1421 1482 1426 
1482 1427 1426 1482 1483 1427 1483 1486 1427 
1425 1428 1485 1485 1428 1487 1427 1486 1429 
1486 1488 1429 1489 1490 1491 1489 1492 1493 
1491 1492 1489 1493 1494 1495 1492 1494 1493 
1495 1494 1487 1495 1487 1430 1430 1487 1428 
1429 1488 1496 1431 1429 1496 1496 1433 1431 
1497 1433 1496 1435 1498 1499 1434 1498 1435 
1490 1489 1436 1490 1436 1499 1499 1436 1435 
1437 1436 1489 1493 1437 1489 1438 1437 1493 
1495 1438 1493 1430 1438 1495 1433 1497 1439 
1497 1500 1439 1441 1501 1502 1440 1501 1441 
1498 1434 1441 1502 1498 1441 1439 1500 1503 
1442 1439 1503 1444 1504 1505 1444 1442 1504 
1442 1503 1504 1504 1506 1505 1507 1508 1509 
1507 1447 1446 1507 1509 1447 1509 1510 1447 
1448 1447 1511 1447 1510 1511 1449 1448 1512 
1448 1511 1512 1501 1440 1449 1512 1501 1449 
1444 1505 1450 1505 1506 1513 1505 1513 1450 
1450 1513 1451 1508 1507 1452 1508 1452 1513 
1513 1452 1451 1446 1452 1507 1514 1515 1516 
1514 1455 1454 1514 1454 1515 1515 1454 1517 
1456 1518 1454 1454 1518 1517 1457 1519 1456 
1456 1519 1518 1458 1520 1457 1457 1520 1519 
1459 1521 1458 1458 1521 1520 1460 1522 1459 
1459 1522 1521 1461 1523 1460 1460 1523 1522 
1463 1524 1461 1461 1524 1523 1524 1463 1464 
1525 1524 1464 1465 1514 1516 1465 1516 1466 
1466 1516 1526 1455 1514 1465 1527 1467 1528 
1527 1525 1467 1525 1464 1467 1527 1528 1529 
1466 1526 1469 1526 1530 1469 1467 1470 1528 
1471 1531 1532 1470 1471 1532 1470 1532 1529 
1470 1529 1528 1532 1531 1533 1469 1530 1474 
1530 1534 1474 1471 1475 1531 1531 1535 1533 
1531 1475 1535 1475 1477 1535 1479 1536 1477 
1477 1536 1535 1480 1537 1538 1480 1538 1479 
1479 1538 1536 1538 1537 1539 1474 1534 1540 
1481 1474 1540 1540 1483 1481 1541 1483 1540 
1480 1484 1537 1485 1542 1543 1484 1485 1543 
1484 1543 1539 1484 1539 1537 1543 1542 1544 
1483 1541 1486 1541 1545 1486 1546 1547 1548 
1542 1548 1549 1542 1487 1548 1542 1485 1487 
1487 1546 1548 1544 1542 1549 1550 1551 1488 
1550 1488 1545 1545 1488 1486 1550 1552 1551 
1491 1553 1554 1490 1553 1491 1492 1491 1555 
1491 1554 1555 1547 1546 1494 1547 1494 1555 
1555 1494 1492 1487 1494 1546 1488 1551 1496 
1551 1497 1496 1551 1552 1497 1552 1556 1497 
1499 1557 1558 1498 1557 1499 1553 1490 1499 
1558 1553 1499 1497 1556 1500 1556 1559 1500 
1560 1561 1562 1560 1502 1501 1560 1562 1502 
1562 1563 1502 1557 1498 1502 1563 1557 1502 
1500 1559 1564 1503 1500 1564 1504 1503 1565 
1503 1564 1565 1506 1566 1567 1506 1504 1566 
1504 1565 1566 1567 1509 1508 1567 1566 1509 
1566 1568 1509 1510 1509 1569 1509 1568 1569 
1511 1510 1570 1510 1569 1570 1561 1560 1512 
1561 1512 1570 1570 1512 1511 1501 1512 1560 
1506 1567 1513 1508 1513 1567 1571 1572 1573 
1572 1571 1574 1515 1575 1576 1516 1515 1576 
1517 1577 1515 1515 1577 1575 1518 1578 1517 
1517 1578 1577 1519 1579 1518 1518 1579 1578 
1520 1580 1519 1519 1580 1579 1573 1521 1571 
1573 1580 1521 1580 1520 1521 1571 1581 1574 
1571 1521 1581 1521 1522 1581 1523 1582 1522 
1522 1582 1581 1583 1584 1582 1583 1582 1524 
1524 1582 1523 1524 1525 1583 1516 1576 1526 
1576 1585 1526 1583 1586 1584 1525 1586 1583 
1525 1527 1586 1527 1587 1586 1587 1527 1529 
1588 1587 1529 1526 1585 1530 1585 1589 1530 
1529 1590 1588 1532 1590 1529 1590 1532 1533 
1591 1590 1533 1592 1593 1534 1592 1534 1589 
1589 1534 1530 1592 1594 1593 1533 1595 1591 
1535 1595 1533 1536 1596 1535 1535 1596 1595 
1538 1597 1536 1536 1597 1596 1597 1538 1539 
1598 1597 1539 1534 1593 1540 1593 1541 1540 
1593 1594 1541 1594 1599 1541 1539 1600 1598 
1543 1600 1539 1600 1543 1544 1601 1600 1544 
1541 1599 1545 1599 1602 1545 1603 1604 1605 
1603 1606 1607 1605 1606 1603 1607 1548 1547 
1607 1606 1548 1606 1608 1548 1549 1548 1609 
1548 1608 1609 1601 1544 1549 1609 1601 1549 
1545 1602 1610 1550 1545 1610 1610 1552 1550 
1611 1552 1610 1612 1613 1614 1604 1612 1614 
1603 1612 1604 1603 1553 1612 1603 1554 1553 
1555 1554 1603 1607 1555 1603 1547 1555 1607 
1552 1611 1556 1611 1615 1556 1616 1617 1618 
1613 1616 1618 1612 1616 1613 1612 1557 1616 
1612 1558 1557 1553 1558 1612 1619 1620 1559 
1619 1559 1615 1615 1559 1556 1619 1621 1620 
1562 1622 1623 1561 1622 1562 1617 1616 1563 
1617 1563 1623 1623 1563 1562 1557 1563 1616 
1559 1620 1564 1620 1621 1624 1620 1624 1564 
1564 1624 1565 1566 1565 1625 1565 1624 1625 
1568 1566 1626 1566 1625 1626 1569 1568 1627 
1568 1626 1627 1570 1569 1628 1569 1627 1628 
1622 1561 1570 1628 1622 1570 1629 1630 1631 
1629 1573 1572 1629 1572 1630 1630 1572 1632 
1632 1572 1574 1633 1632 1574 1575 1634 1635 
1576 1575 1635 1577 1636 1575 1575 1636 1634 
1578 1637 1577 1577 1637 1636 1579 1638 1578 
1578 1638 1637 1631 1580 1629 1631 1638 1580 
1638 1579 1580 1573 1629 1580 1574 1639 1633 
1581 1639 1574 1582 1640 1581 1581 1640 1639 
1640 1582 1584 1641 1640 1584 1576 1635 1585 
1635 1642 1585 1584 1643 1641 1586 1643 1584 
1587 1644 1586 1586 1644 1643 1588 1645 1646 
1588 1646 1587 1587 1646 1644 1646 1645 1647 
1585 1642 1589 1642 1648 1589 1588 1590 1645 
1591 1649 1650 1590 1591 1650 1590 1650 1647 
1590 1647 1645 1649 1651 1652 1650 1649 1652 
1652 1651 1653 1589 1648 1654 1592 1589 1654 
1654 1594 1592 1655 1594 1654 1591 1595 1649 
1596 1649 1595 1651 1649 1596 1651 1656 1653 
1651 1596 1656 1596 1597 1656 1598 1657 1658 
1598 1658 1597 1597 1658 1656 1658 1657 1659 
1594 1655 1599 1655 1660 1599 1598 1600 1657 
1657 1600 1601 1657 1601 1659 1659 1601 1661 
1662 1663 1602 1662 1602 1660 1660 1602 1599 
1662 1664 1663 1605 1665 1666 1604 1665 1605 
1606 1605 1667 1605 1666 1667 1608 1606 1668 
1606 1667 1668 1609 1608 1669 1608 1668 1669 
1661 1601 1609 1669 1661 1609 1602 1663 1610 
1663 1611 1610 1663 1664 1611 1664 1670 1611 
1614 1671 1672 1613 1671 1614 1665 1604 1614 
1672 1665 1614 1611 1670 1615 1670 1673 1615 
1674 1675 1676 1674 1618 1617 1674 1676 1618 
1676 1677 1618 1671 1613 1618 1677 1671 1618 
1615 1673 1678 1619 1615 1678 1621 1679 1680 
1621 1619 1679 1619 1678 1679 1679 1681 1680 
1682 1683 1684 1675 1682 1684 1674 1682 1675 
1674 1622 1682 1674 1623 1622 1617 1623 1674 
1621 1680 1624 1680 1681 1685 1680 1685 1624 
1624 1685 1625 1626 1625 1686 1625 1685 1686 
1627 1626 1687 1626 1686 1687 1683 1682 1628 
1683 1628 1687 1687 1628 1627 1622 1628 1682 
1688 1689 1690 1688 1691 1692 1689 1688 1692 
1691 1631 1630 1691 1630 1692 1692 1630 1693 
1632 1694 1630 1630 1694 1693 1694 1632 1633 
1695 1694 1633 1634 1696 1697 1635 1634 1697 
1636 1698 1634 1634 1698 1696 1690 1637 1688 
1690 1698 1637 1698 1636 1637 1638 1688 1637 
1691 1688 1638 1631 1691 1638 1633 1699 1695 
1639 1699 1633 1640 1700 1639 1639 1700 1699 
1700 1640 1641 1701 1700 1641 1635 1697 1642 
1697 1702 1642 1641 1703 1701 1643 1703 1641 
1644 1704 1643 1643 1704 1703 1646 1705 1644 
1644 1705 1704 1647 1706 1707 1647 1707 1646 
1646 1707 1705 1707 1706 1708 1642 1702 1648 
1702 1709 1648 1647 1650 1706 1706 1710 1708 
1706 1650 1710 1650 1652 1710 1653 1711 1712 
1653 1712 1652 1652 1712 1710 1712 1711 1713 
1648 1709 1714 1654 1648 1714 1714 1655 1654 
1715 1655 1714 1653 1656 1711 1711 1716 1713 
1711 1656 1716 1656 1658 1716 1659 1717 1718 
1659 1718 1658 1658 1718 1716 1718 1717 1719 
1720 1721 1660 1720 1660 1715 1715 1660 1655 
1720 1722 1721 1717 1723 1724 1717 1659 1723 
1659 1661 1723 1719 1717 1724 1660 1721 1662 
1721 1664 1662 1721 1722 1664 1722 1725 1664 
1666 1726 1727 1665 1726 1666 1667 1666 1728 
1666 1727 1728 1668 1667 1729 1667 1728 1729 
1669 1668 1730 1668 1729 1730 1723 1661 1669 
1730 1723 1669 1664 1725 1670 1725 1731 1670 
1732 1733 1734 1732 1672 1671 1732 1734 1672 
1734 1735 1672 1726 1665 1672 1735 1726 1672 
1736 1737 1673 1736 1673 1731 1731 1673 1670 
1736 1738 1737 1739 1740 1741 1739 1676 1675 
1739 1741 1676 1741 1742 1676 1733 1732 1677 
1733 1677 1742 1742 1677 1676 1671 1677 1732 
1673 1737 1678 1737 1738 1743 1737 1743 1678 
1678 1743 1679 1681 1744 1745 1681 1679 1744 
1679 1743 1744 1745 1746 1747 1744 1746 1745 
1747 1748 1749 1746 1748 1747 1740 1749 1748 
1739 1749 1740 1739 1683 1749 1739 1684 1683 
1675 1684 1739 1681 1745 1685 1686 1685 1745 
1747 1686 1745 1687 1686 1747 1749 1687 1747 
1683 1687 1749 1689 1750 1751 1690 1689 1751 
1692 1752 1689 1689 1752 1750 1693 1753 1692 
1692 1753 1752 1694 1754 1693 1693 1754 1753 
1754 1694 1695 1755 1754 1695 1696 1756 1697 
1757 1756 1696 1757 1696 1758 1758 1696 1698 
1751 1698 1690 1758 1698 1751 1695 1759 1755 
1699 1759 1695 1700 1760 1699 1699 1760 1759 
1701 1761 1762 1701 1762 1700 1700 1762 1760 
1762 1761 1763 1756 1764 1765 1756 1765 1697 
1697 1765 1702 1757 1764 1756 1701 1703 1761 
1761 1766 1763 1761 1703 1766 1703 1704 1766 
1705 1767 1704 1704 1767 1766 1707 1768 1705 
1705 1768 1767 1708 1769 1770 1708 1770 1707 
1707 1770 1768 1770 1769 1771 1772 1773 1709 
1772 1709 1765 1765 1709 1702 1772 1774 1773 
1708 1710 1769 1769 1775 1771 1769 1710 1775 
1710 1712 1775 1713 1776 1777 1713 1777 1712 
1712 1777 1775 1777 1776 1778 1709 1773 1714 
1773 1715 1714 1773 1774 1715 1774 1779 1715 
1713 1716 1776 1776 1780 1778 1776 1716 1780 
1716 1718 1780 1780 1718 1719 1781 1780 1719 
1715 1779 1782 1720 1715 1782 1782 1722 1720 
1783 1722 1782 1784 1785 1786 1784 1787 1788 
1786 1787 1784 1788 1789 1790 1787 1789 1788 
1790 1724 1723 1790 1789 1724 1789 1791 1724 
1781 1719 1724 1791 1781 1724 1722 1783 1725 
1783 1792 1725 1793 1794 1795 1793 1727 1726 
1793 1795 1727 1795 1796 1727 1785 1784 1728 
1785 1728 1796 1796 1728 1727 1729 1728 1784 
1788 1729 1784 1730 1729 1788 1790 1730 1788 
1723 1730 1790 1797 1798 1731 1797 1731 1792 
1792 1731 1725 1797 1799 1798 1800 1801 1802 
1800 1734 1733 1800 1802 1734 1802 1803 1734 
1794 1793 1735 1794 1735 1803 1803 1735 1734 
1726 1735 1793 1731 1798 1736 1738 1804 1805 
1736 1804 1738 1736 1799 1804 1736 1798 1799 
1805 1806 1807 1804 1806 1805 1807 1808 1809 
1806 1808 1807 1809 1810 1811 1808 1810 1809 
1811 1741 1740 1811 1810 1741 1810 1812 1741 
1801 1800 1742 1801 1742 1812 1812 1742 1741 
1733 1742 1800 1738 1805 1743 1744 1743 1805 
1807 1744 1805 1746 1744 1807 1809 1746 1807 
1748 1746 1809 1811 1748 1809 1740 1748 1811 
1750 1813 1751 1814 1813 1750 1814 1750 1815 
1815 1750 1752 1753 1816 1752 1752 1816 1815 
1817 1818 1816 1817 1816 1754 1754 1816 1753 
1754 1755 1817 1758 1819 1757 1758 1820 1819 
1751 1820 1758 1751 1821 1820 1751 1813 1821 
1814 1821 1813 1817 1822 1818 1755 1822 1817 
1755 1759 1822 1759 1823 1822 1760 1824 1759 
1759 1824 1823 1762 1825 1760 1760 1825 1824 
1825 1762 1763 1826 1825 1763 1827 1828 1829 
1828 1827 1830 1764 1831 1832 1765 1764 1832 
1819 1764 1757 1819 1833 1764 1833 1831 1764 
1820 1833 1819 1763 1834 1826 1766 1834 1763 
1767 1835 1766 1766 1835 1834 1768 1836 1767 
1767 1836 1835 1829 1770 1827 1829 1836 1770 
1836 1768 1770 1771 1837 1838 1770 1771 1838 
1770 1838 1830 1770 1830 1827 1838 1837 1839 
1765 1832 1840 1772 1765 1840 1840 1774 1772 
1841 1774 1840 1771 1775 1837 1837 1842 1839 
1837 1775 1842 1775 1777 1842 1778 1843 1844 
1778 1844 1777 1777 1844 1842 1843 1845 1846 
1844 1843 1846 1846 1845 1847 1774 1841 1779 
1841 1848 1779 1778 1780 1843 1781 1843 1780 
1781 1849 1843 1849 1845 1843 1850 1847 1845 
1849 1850 1845 1779 1848 1851 1782 1779 1851 
1851 1783 1782 1852 1783 1851 1853 1854 1855 
1853 1786 1785 1853 1855 1786 1855 1856 1786 
1787 1786 1857 1786 1856 1857 1789 1787 1858 
1787 1857 1858 1791 1789 1859 1789 1858 1859 
1849 1781 1791 1849 1791 1860 1860 1791 1859 
1850 1849 1860 1783 1852 1792 1852 1861 1792 
1795 1862 1863 1794 1862 1795 1854 1853 1796 
1854 1796 1863 1863 1796 1795 1785 1796 1853 
1792 1861 1864 1797 1792 1864 1864 1799 1797 
1865 1799 1864 1802 1866 1867 1801 1866 1802 
1803 1802 1868 1802 1867 1868 1862 1794 1803 
1868 1862 1803 1799 1865 1869 1804 1799 1869 
1806 1804 1870 1804 1869 1870 1808 1806 1871 
1806 1870 1871 1810 1808 1872 1808 1871 1872 
1812 1810 1873 1810 1872 1873 1866 1801 1812 
1873 1866 1812 1815 1874 1875 1814 1815 1875 
1816 1876 1815 1815 1876 1874 1876 1816 1818 
1877 1876 1818 1821 1878 1879 1820 1821 1879 
1875 1821 1814 1878 1821 1875 1818 1880 1877 
1822 1880 1818 1823 1881 1822 1822 1881 1880 
1824 1882 1823 1823 1882 1881 1825 1883 1824 
1824 1883 1882 1826 1884 1885 1826 1885 1825 
1825 1885 1883 1884 1886 1887 1885 1884 1887 
1886 1888 1889 1887 1886 1889 1888 1829 1828 
1888 1828 1889 1889 1828 1890 1890 1828 1830 
1891 1890 1830 1831 1892 1893 1832 1831 1893 
1833 1894 1831 1831 1894 1892 1879 1833 1820 
1894 1833 1879 1826 1834 1884 1835 1884 1834 
1886 1884 1835 1836 1886 1835 1888 1886 1836 
1829 1888 1836 1830 1895 1891 1838 1895 1830 
1839 1896 1897 1839 1897 1838 1838 1897 1895 
1896 1898 1899 1897 1896 1899 1899 1898 1900 
1832 1893 1901 1840 1832 1901 1901 1841 1840 
1902 1841 1901 1839 1842 1896 1844 1896 1842 
1898 1896 1844 1898 1903 1900 1898 1844 1903 
1844 1846 1903 1847 1904 1905 1847 1905 1846 
1846 1905 1903 1905 1904 1906 1841 1902 1848 
1902 1907 1848 1908 1909 1910 1908 1911 1912 
1910 1911 1908 1912 1913 1914 1911 1913 1912 
1904 1913 1915 1904 1850 1913 1904 1847 1850 
1850 1914 1913 1906 1904 1915 1848 1907 1916 
1851 1848 1916 1916 1852 1851 1917 1852 1916 
1855 1918 1919 1854 1918 1855 1856 1855 1920 
1855 1919 1920 1857 1856 1921 1856 1920 1921 
1909 1908 1858 1909 1858 1921 1921 1858 1857 
1859 1858 1908 1912 1859 1908 1860 1859 1912 
1914 1860 1912 1850 1860 1914 1922 1923 1861 
1922 1861 1917 1917 1861 1852 1922 1924 1923 
1925 1926 1927 1925 1863 1862 1925 1927 1863 
1927 1928 1863 1918 1854 1863 1928 1918 1863 
1861 1923 1864 1865 1929 1930 1864 1929 1865 
1864 1924 1929 1864 1923 1924 1929 1931 1930 
1932 1933 1934 1932 1935 1936 1934 1935 1932 
1936 1867 1866 1936 1935 1867 1935 1937 1867 
1926 1925 1868 1926 1868 1937 1937 1868 1867 
1862 1868 1925 1865 1930 1869 1930 1931 1938 
1930 1938 1869 1869 1938 1870 1871 1870 1939 
1870 1938 1939 1933 1932 1872 1933 1872 1939 
1939 1872 1871 1873 1872 1932 1936 1873 1932 
1866 1873 1936 1874 1940 1941 1875 1874 1941 
1876 1942 1874 1874 1942 1940 1942 1876 1877 
1943 1942 1877 1878 1944 1945 1879 1878 1945 
1941 1878 1875 1944 1878 1941 1877 1946 1943 
1880 1946 1877 1881 1947 1880 1880 1947 1946 
1882 1948 1881 1881 1948 1947 1883 1949 1882 
1882 1949 1948 1885 1950 1883 1883 1950 1949 
1887 1951 1885 1885 1951 1950 1889 1952 1887 
1887 1952 1951 1890 1953 1889 1889 1953 1952 
1891 1954 1955 1891 1955 1890 1890 1955 1953 
1954 1956 1957 1955 1954 1957 1957 1956 1958 
1892 1959 1893 1960 1959 1892 1960 1892 1961 
1961 1892 1894 1945 1894 1879 1961 1894 1945 
1891 1895 1954 1897 1954 1895 1956 1954 1897 
1956 1962 1958 1956 1897 1962 1897 1899 1962 
1900 1963 1964 1900 1964 1899 1899 1964 1962 
1963 1965 1966 1964 1963 1966 1966 1965 1967 
1893 1959 1901 1959 1902 1901 1959 1960 1902 
1960 1968 1902 1900 1903 1963 1905 1963 1903 
1965 1963 1905 1965 1905 1906 1965 1906 1967 
1967 1906 1969 1970 1971 1907 1970 1907 1968 
1968 1907 1902 1970 1972 1971 1973 1974 1975 
1973 1976 1977 1975 1976 1973 1977 1910 1909 
1977 1976 1910 1976 1978 1910 1911 1910 1979 
1910 1978 1979 1913 1911 1980 1911 1979 1980 
1915 1913 1981 1913 1980 1981 1969 1906 1915 
1981 1969 1915 1907 1971 1916 1971 1917 1916 
1971 1972 1917 1972 1982 1917 1983 1984 1985 
1983 1919 1918 1983 1985 1919 1985 1986 1919 
1974 1973 1920 1974 1920 1986 1986 1920 1919 
1921 1920 1973 1977 1921 1973 1909 1921 1977 
1917 1982 1987 1922 1917 1987 1987 1924 1922 
1988 1924 1987 1989 1990 1991 1989 1992 1993 
1991 1992 1989 1993 1927 1926 1993 1992 1927 
1992 1994 1927 1984 1983 1928 1984 1928 1994 
1994 1928 1927 1918 1928 1983 1924 1988 1995 
1929 1924 1995 1931 1996 1997 1931 1929 1996 
1929 1995 1996 1997 1998 1999 1996 1998 1997 
1999 1934 1933 1999 1998 1934 1998 2000 1934 
1990 1989 1935 1990 1935 2000 2000 1935 1934 
1937 1935 1989 1993 1937 1989 1926 1937 1993 
1931 1997 1938 1939 1938 1997 1999 1939 1997 
1933 1939 1999 1940 2001 2002 1941 1940 2002 
1942 2003 1940 1940 2003 2001 2003 1942 1943 
2004 2003 1943 2005 2006 2007 2005 2008 2009 
2006 2005 2009 2008 2010 2011 2009 2008 2011 
2010 2012 2013 2011 2010 2013 2012 2014 2015 
2013 2012 2015 2015 2014 2016 1944 2017 2018 
1945 1944 2018 2002 1944 1941 2017 1944 2002 
1943 2019 2004 1946 2019 1943 1947 2020 1946 
1946 2020 2019 1948 2021 1947 1947 2021 2020 
1949 2022 1948 1948 2022 2021 1950 2023 1949 
1949 2023 2022 2007 1951 2005 2007 2023 1951 
2023 1950 1951 1952 2005 1951 2008 2005 1952 
1953 2008 1952 2010 2008 1953 1955 2010 1953 
2012 2010 1955 1957 2012 1955 2014 2012 1957 
1958 2024 2025 1957 1958 2025 1957 2025 2016 
1957 2016 2014 2024 2026 2027 2025 2024 2027 
2027 2026 2028 1961 2029 2030 1960 1961 2030 
2018 1961 1945 2029 1961 2018 1958 1962 2024 
1964 2024 1962 2026 2024 1964 2026 2031 2028 
2026 1964 2031 1964 1966 2031 1967 2032 2033 
1967 2033 1966 1966 2033 2031 2033 2032 2034 
1960 2030 1968 2030 2035 1968 2036 2037 2038 
2036 2039 2040 2038 2039 2036 2040 2041 2042 
2039 2041 2040 2042 2043 2044 2041 2043 2042 
2032 2043 2045 2032 1969 2043 2032 1967 1969 
1969 2044 2043 2034 2032 2045 1968 2035 2046 
1970 1968 2046 2046 1972 1970 2047 1972 2046 
2048 2049 2050 2048 1975 1974 2048 2050 1975 
2050 2051 1975 1976 1975 2052 1975 2051 2052 
2037 2036 1978 2037 1978 2052 2052 1978 1976 
1979 1978 2036 2040 1979 2036 1980 1979 2040 
2042 1980 2040 1981 1980 2042 2044 1981 2042 
1969 1981 2044 2053 2054 1982 2053 1982 2047 
2047 1982 1972 2053 2055 2054 2056 2057 2058 
2056 2059 2060 2058 2059 2056 2060 1985 1984 
2060 2059 1985 2059 2061 1985 2049 2048 1986 
2049 1986 2061 2061 1986 1985 1974 1986 2048 
1982 2054 1987 1988 2062 2063 1987 2062 1988 
1987 2055 2062 1987 2054 2055 2063 2064 2065 
2062 2064 2063 2065 2066 2067 2064 2066 2065 
2067 2068 2069 2066 2068 2067 2069 1991 1990 
2069 2068 1991 2068 2070 1991 2057 2056 1992 
2057 1992 2070 2070 1992 1991 1994 1992 2056 
2060 1994 2056 1984 1994 2060 1988 2063 1995 
1996 1995 2063 2065 1996 2063 1998 1996 2065 
2067 1998 2065 2000 1998 2067 2069 2000 2067 
1990 2000 2069 2001 2071 2072 2002 2001 2072 
2003 2073 2001 2001 2073 2071 2004 2074 2075 
2004 2075 2003 2003 2075 2073 2074 2076 2077 
2075 2074 2077 2076 2078 2079 2077 2076 2079 
2078 2080 2081 2079 2078 2081 2080 2082 2083 
2081 2080 2083 2082 2007 2006 2082 2006 2083 
2083 2006 2084 2009 2085 2006 2006 2085 2084 
2011 2086 2009 2009 2086 2085 2013 2087 2011 
2011 2087 2086 2015 2088 2013 2013 2088 2087 
2016 2089 2090 2016 2090 2015 2015 2090 2088 
2089 2091 2092 2090 2089 2092 2092 2091 2093 
2017 2094 2095 2018 2017 2095 2072 2017 2002 
2094 2017 2072 2004 2019 2074 2020 2074 2019 
2076 2074 2020 2021 2076 2020 2078 2076 2021 
2022 2078 2021 2080 2078 2022 2023 2080 2022 
2082 2080 2023 2007 2082 2023 2016 2025 2089 
2027 2089 2025 2091 2089 2027 2028 2096 2097 
2027 2028 2097 2027 2097 2093 2027 2093 2091 
2097 2096 2098 2029 2099 2100 2030 2029 2100 
2095 2029 2018 2099 2029 2095 2028 2031 2096 
2096 2101 2098 2096 2031 2101 2031 2033 2101 
2101 2033 2034 2102 2101 2034 2030 2100 2035 
2100 2103 2035 2104 2105 2106 2104 2038 2037 
2104 2106 2038 2106 2107 2038 2039 2038 2108 
2038 2107 2108 2041 2039 2109 2039 2108 2109 
2043 2041 2110 2041 2109 2110 2045 2043 2111 
2043 2110 2111 2102 2034 2045 2111 2102 2045 
2035 2103 2112 2046 2035 2112 2112 2047 2046 
2113 2047 2112 2114 2115 2116 2114 2050 2049 
2114 2116 2050 2116 2117 2050 2051 2050 2118 
2050 2117 2118 2105 2104 2052 2105 2052 2118 
2118 2052 2051 2037 2052 2104 2047 2113 2119 
2053 2047 2119 2119 2055 2053 2120 2055 2119 
2121 2122 2123 2121 2124 2125 2123 2124 2121 
2125 2058 2057 2125 2124 2058 2124 2126 2058 
2059 2058 2127 2058 2126 2127 2115 2114 2061 
2115 2061 2127 2127 2061 2059 2049 2061 2114 
2055 2120 2128 2062 2055 2128 2064 2062 2129 
2062 2128 2129 2066 2064 2130 2064 2129 2130 
2122 2121 2068 2122 2068 2130 2130 2068 2066 
2070 2068 2121 2125 2070 2121 2057 2070 2125 
2131 2132 2133 2131 2134 2135 2132 2131 2135 
2134 2136 2137 2135 2134 2137 2137 2136 2138 
2139 2140 2141 2139 2142 2143 2140 2139 2143 
2143 2142 2144 2145 2146 2147 2146 2145 2148 
2071 2149 2150 2072 2071 2150 2133 2073 2131 
2133 2149 2073 2149 2071 2073 2075 2131 2073 
2134 2131 2075 2077 2134 2075 2136 2134 2077 
2136 2151 2138 2136 2077 2151 2077 2079 2151 
2141 2081 2139 2141 2151 2081 2151 2079 2081 
2083 2139 2081 2142 2139 2083 2142 2152 2144 
2142 2083 2152 2083 2084 2152 2085 2153 2084 
2084 2153 2152 2086 2154 2085 2085 2154 2153 
2087 2155 2086 2086 2155 2154 2088 2156 2087 
2087 2156 2155 2090 2157 2088 2088 2157 2156 
2147 2092 2145 2147 2157 2092 2157 2090 2092 
2093 2158 2159 2092 2093 2159 2092 2159 2148 
2092 2148 2145 2159 2158 2160 2094 2161 2162 
2095 2094 2162 2150 2094 2072 2161 2094 2150 
2093 2097 2158 2098 2163 2164 2097 2098 2164 
2097 2164 2160 2097 2160 2158 2164 2163 2165 
2099 2166 2167 2100 2099 2167 2162 2099 2095 
2166 2099 2162 2168 2169 2170 2168 2171 2172 
2170 2171 2168 2172 2173 2174 2171 2173 2172 
2098 2101 2163 2174 2173 2175 2163 2101 2102 
2163 2102 2165 2165 2102 2176 2100 2167 2103 
2167 2177 2103 2178 2179 2180 2178 2106 2105 
2178 2180 2106 2180 2181 2106 2107 2106 2182 
2106 2181 2182 2169 2168 2108 2169 2108 2182 
2182 2108 2107 2109 2108 2168 2172 2109 2168 
2110 2109 2172 2174 2110 2172 2174 2175 2183 
2174 2183 2110 2110 2183 2111 2176 2102 2111 
2183 2176 2111 2103 2177 2184 2112 2103 2184 
2113 2185 2186 2113 2112 2185 2112 2184 2185 
2185 2187 2186 2188 2189 2190 2188 2116 2115 
2188 2190 2116 2190 2191 2116 2117 2116 2192 
2116 2191 2192 2179 2178 2118 2179 2118 2192 
2192 2118 2117 2105 2118 2178 2113 2186 2119 
2120 2193 2194 2119 2193 2120 2119 2187 2193 
2119 2186 2187 2194 2195 2196 2193 2195 2194 
2196 2197 2198 2195 2197 2196 2198 2123 2122 
2198 2197 2123 2197 2199 2123 2124 2123 2200 
2123 2199 2200 2126 2124 2201 2124 2200 2201 
2189 2188 2127 2189 2127 2201 2201 2127 2126 
2115 2127 2188 2120 2194 2128 2129 2128 2194 
2196 2129 2194 2130 2129 2196 2198 2130 2196 
2122 2130 2198 2202 2203 2204 2203 2202 2205 
2206 2207 2208 2206 2133 2132 2206 2132 2207 
2207 2132 2209 2204 2135 2202 2204 2209 2135 
2209 2132 2135 2202 2210 2205 2202 2135 2210 
2135 2137 2210 2138 2211 2212 2138 2212 2137 
2137 2212 2210 2211 2141 2140 2211 2140 2212 
2212 2140 2213 2143 2214 2140 2140 2214 2213 
2144 2215 2216 2144 2216 2143 2143 2216 2214 
2215 2217 2218 2216 2215 2218 2217 2219 2220 
2218 2217 2220 2219 2221 2222 2220 2219 2222 
2221 2223 2224 2222 2221 2224 2223 2225 2226 
2224 2223 2226 2225 2147 2146 2225 2146 2226 
2226 2146 2227 2148 2228 2229 2148 2229 2146 
2146 2229 2227 2229 2228 2230 2149 2206 2208 
2149 2208 2150 2150 2208 2231 2133 2206 2149 
2138 2151 2211 2141 2211 2151 2144 2152 2215 
2153 2215 2152 2217 2215 2153 2154 2217 2153 
2219 2217 2154 2155 2219 2154 2221 2219 2155 
2156 2221 2155 2223 2221 2156 2157 2223 2156 
2225 2223 2157 2147 2225 2157 2148 2159 2228 
2160 2232 2233 2159 2160 2233 2159 2233 2230 
2159 2230 2228 2233 2232 2234 2161 2235 2236 
2162 2161 2236 2231 2161 2150 2235 2161 2231 
2160 2164 2232 2165 2237 2238 2164 2165 2238 
2164 2238 2234 2164 2234 2232 2238 2237 2239 
2166 2240 2241 2167 2166 2241 2236 2166 2162 
2240 2166 2236 2242 2243 2244 2242 2170 2169 
2242 2244 2170 2244 2245 2170 2171 2170 2246 
2170 2245 2246 2173 2171 2247 2171 2246 2247 
2175 2248 2249 2175 2173 2248 2173 2247 2248 
2237 2248 2250 2237 2176 2248 2237 2165 2176 
2176 2249 2248 2239 2237 2250 2167 2241 2177 
2241 2251 2177 2252 2253 2254 2252 2180 2179 
2252 2254 2180 2254 2255 2180 2181 2180 2256 
2180 2255 2256 2243 2242 2182 2243 2182 2256 
2256 2182 2181 2169 2182 2242 2175 2249 2183 
2176 2183 2249 2177 2251 2257 2184 2177 2257 
2185 2184 2258 2184 2257 2258 2187 2259 2260 
2187 2185 2259 2185 2258 2259 2259 2261 2260 
2262 2263 2264 2262 2265 2266 2264 2265 2262 
2266 2190 2189 2266 2265 2190 2265 2267 2190 
2191 2190 2268 2190 2267 2268 2253 2252 2192 
2253 2192 2268 2268 2192 2191 2179 2192 2252 
2187 2260 2193 2260 2261 2269 2260 2269 2193 
2193 2269 2195 2197 2195 2270 2195 2269 2270 
2199 2197 2271 2197 2270 2271 2263 2262 2200 
2263 2200 2271 2271 2200 2199 2201 2200 2262 
2266 2201 2262 2189 2201 2266 2203 2272 2273 
2204 2203 2273 2205 2274 2275 2205 2275 2203 
2203 2275 2272 2274 2276 2277 2275 2274 2277 
2276 2278 2279 2277 2276 2279 2278 2280 2281 
2279 2278 2281 2280 2282 2283 2281 2280 2283 
2282 2284 2285 2283 2282 2285 2284 2286 2287 
2285 2284 2287 2286 2288 2289 2287 2286 2289 
2289 2288 2290 2291 2292 2293 2292 2291 2294 
2207 2295 2296 2208 2207 2296 2209 2297 2207 
2207 2297 2295 2273 2209 2204 2297 2209 2273 
2205 2210 2274 2212 2274 2210 2276 2274 2212 
2213 2276 2212 2278 2276 2213 2214 2278 2213 
2280 2278 2214 2216 2280 2214 2282 2280 2216 
2218 2282 2216 2284 2282 2218 2220 2284 2218 
2286 2284 2220 2222 2286 2220 2288 2286 2222 
2288 2298 2290 2288 2222 2298 2222 2224 2298 
2226 2299 2224 2224 2299 2298 2227 2300 2226 
2226 2300 2299 2229 2301 2227 2227 2301 2300 
2230 2302 2291 2230 2291 2301 2230 2301 2229 
2301 2291 2293 2303 2294 2291 2303 2291 2304 
2304 2291 2302 2303 2304 2305 2208 2296 2231 
2296 2306 2231 2230 2233 2302 2234 2302 2233 
2234 2307 2302 2307 2304 2302 2308 2305 2304 
2308 2304 2309 2309 2304 2307 2308 2309 2310 
2235 2311 2312 2236 2235 2312 2306 2235 2231 
2311 2235 2306 2313 2314 2315 2313 2316 2317 
2315 2316 2313 2317 2318 2319 2316 2318 2317 
2234 2238 2307 2319 2318 2320 2321 2309 2307 
2321 2307 2239 2321 2239 2322 2238 2239 2307 
2310 2309 2321 2240 2323 2324 2241 2240 2324 
2312 2240 2236 2323 2240 2312 2325 2326 2327 
2325 2328 2329 2327 2328 2325 2329 2244 2243 
2329 2328 2244 2328 2330 2244 2245 2244 2331 
2244 2330 2331 2314 2313 2246 2314 2246 2331 
2331 2246 2245 2247 2246 2313 2317 2247 2313 
2248 2247 2317 2319 2248 2317 2319 2320 2332 
2319 2332 2248 2248 2332 2250 2322 2239 2250 
2332 2322 2250 2333 2334 2251 2333 2251 2324 
2324 2251 2241 2333 2335 2334 2336 2337 2338 
2336 2339 2340 2338 2339 2336 2340 2254 2253 
2340 2339 2254 2339 2341 2254 2326 2325 2255 
2326 2255 2341 2341 2255 2254 2256 2255 2325 
2329 2256 2325 2243 2256 2329 2251 2334 2257 
2334 2335 2342 2334 2342 2257 2257 2342 2258 
2259 2258 2343 2258 2342 2343 2261 2344 2345 
2261 2259 2344 2259 2343 2344 2345 2346 2347 
2344 2346 2345 2347 2348 2349 2346 2348 2347 
2349 2264 2263 2349 2348 2264 2348 2350 2264 
2265 2264 2351 2264 2350 2351 2337 2336 2267 
2337 2267 2351 2351 2267 2265 2268 2267 2336 
2340 2268 2336 2253 2268 2340 2261 2345 2269 
2270 2269 2345 2347 2270 2345 2271 2270 2347 
2349 2271 2347 2263 2271 2349 2352 2353 2354 
2353 2352 2355 2356 2357 2358 2356 2359 2360 
2357 2356 2360 2359 2361 2362 2360 2359 2362 
2361 2363 2364 2362 2361 2364 2363 2365 2366 
2364 2363 2366 2354 2366 2365 2354 2365 2352 
2352 2365 2367 2368 2355 2352 2368 2352 2369 
2369 2352 2367 2369 2370 2371 2368 2369 2371 
2370 2372 2373 2371 2370 2373 2373 2372 2374 
2375 2376 2377 2376 2375 2378 2379 2380 2381 
2358 2380 2379 2356 2358 2379 2356 2379 2273 
2356 2273 2272 2275 2356 2272 2359 2356 2275 
2277 2359 2275 2361 2359 2277 2279 2361 2277 
2363 2361 2279 2281 2363 2279 2365 2363 2281 
2283 2365 2281 2367 2365 2283 2285 2367 2283 
2369 2367 2285 2287 2369 2285 2370 2369 2287 
2289 2370 2287 2372 2370 2289 2290 2382 2383 
2289 2290 2383 2289 2383 2374 2289 2374 2372 
2382 2384 2385 2383 2382 2385 2384 2386 2387 
2385 2384 2387 2386 2388 2389 2387 2386 2389 
2377 2389 2388 2375 2377 2388 2375 2388 2293 
2375 2293 2292 2294 2390 2391 2292 2294 2391 
2292 2391 2378 2292 2378 2375 2391 2390 2392 
2295 2393 2394 2296 2295 2394 2381 2297 2379 
2381 2393 2297 2393 2295 2297 2273 2379 2297 
2290 2298 2382 2299 2382 2298 2384 2382 2299 
2300 2384 2299 2386 2384 2300 2301 2386 2300 
2388 2386 2301 2293 2388 2301 2294 2303 2390 
2305 2395 2396 2303 2305 2396 2303 2396 2392 
2303 2392 2390 2396 2395 2397 2296 2394 2306 
2394 2398 2306 2305 2308 2395 2395 2308 2310 
2395 2310 2397 2397 2310 2399 2311 2400 2401 
2312 2311 2401 2398 2311 2306 2400 2311 2398 
2402 2403 2404 2402 2405 2406 2404 2405 2402 
2406 2315 2314 2406 2405 2315 2405 2407 2315 
2316 2315 2408 2315 2407 2408 2318 2316 2409 
2316 2408 2409 2320 2410 2411 2320 2318 2410 
2318 2409 2410 2411 2321 2322 2411 2410 2321 
2410 2412 2321 2399 2310 2321 2412 2399 2321 
2323 2413 2324 2323 2414 2413 2323 2312 2414 
2312 2401 2414 2415 2416 2417 2415 2327 2326 
2415 2417 2327 2417 2418 2327 2328 2327 2419 
2327 2418 2419 2403 2402 2330 2403 2330 2419 
2419 2330 2328 2331 2330 2402 2406 2331 2402 
2314 2331 2406 2320 2411 2332 2322 2332 2411 
2324 2413 2333 2335 2420 2421 2333 2420 2335 
2333 2414 2420 2333 2413 2414 2421 2422 2423 
2420 2422 2421 2423 2424 2425 2422 2424 2423 
2424 2426 2425 2427 2428 2429 2427 2338 2337 
2427 2429 2338 2429 2430 2338 2339 2338 2431 
2338 2430 2431 2416 2415 2341 2416 2341 2431 
2431 2341 2339 2326 2341 2415 2335 2421 2342 
2343 2342 2421 2423 2343 2421 2344 2343 2423 
2425 2344 2423 2425 2426 2432 2425 2432 2344 
2344 2432 2346 2348 2346 2433 2346 2432 2433 
2350 2348 2434 2348 2433 2434 2428 2427 2351 
2428 2351 2434 2434 2351 2350 2337 2351 2427 
2435 2436 2437 2435 2438 2439 2436 2435 2439 
2438 2440 2441 2439 2438 2441 2440 2442 2443 
2441 2440 2443 2442 2444 2445 2443 2442 2445 
2444 2446 2447 2445 2444 2447 2447 2446 2448 
2449 2450 2451 2449 2452 2453 2450 2449 2453 
2452 2454 2455 2453 2452 2455 2454 2456 2457 
2455 2454 2457 2456 2354 2353 2456 2353 2457 
2457 2353 2458 2355 2459 2435 2355 2435 2458 
2355 2458 2353 2458 2435 2437 2438 2435 2460 
2460 2435 2459 2440 2438 2461 2461 2438 2460 
2442 2440 2462 2462 2440 2461 2444 2442 2463 
2463 2442 2462 2446 2444 2464 2464 2444 2463 
2465 2448 2446 2465 2446 2466 2466 2446 2464 
2466 2467 2468 2465 2466 2468 2467 2469 2470 
2468 2467 2470 2469 2471 2472 2470 2469 2472 
2471 2473 2474 2472 2471 2474 2474 2473 2475 
2357 2476 2477 2358 2357 2477 2451 2360 2449 
2451 2476 2360 2476 2357 2360 2362 2449 2360 
2452 2449 2362 2364 2452 2362 2454 2452 2364 
2366 2454 2364 2456 2454 2366 2354 2456 2366 
2355 2368 2459 2371 2459 2368 2460 2459 2371 
2373 2460 2371 2461 2460 2373 2374 2461 2373 
2374 2478 2461 2478 2462 2461 2463 2462 2479 
2479 2462 2478 2464 2463 2480 2480 2463 2479 
2466 2464 2481 2481 2464 2480 2376 2481 2377 
2376 2467 2481 2467 2466 2481 2378 2467 2376 
2378 2482 2467 2482 2469 2467 2471 2469 2483 
2483 2469 2482 2473 2471 2484 2484 2471 2483 
2485 2475 2473 2484 2485 2473 2380 2486 2487 
2381 2380 2487 2477 2380 2358 2486 2380 2477 
2374 2383 2478 2385 2478 2383 2479 2478 2385 
2387 2479 2385 2480 2479 2387 2389 2480 2387 
2481 2480 2389 2377 2481 2389 2378 2391 2482 
2392 2482 2391 2392 2488 2482 2488 2483 2482 
2484 2483 2489 2489 2483 2488 2490 2485 2484 
2489 2490 2484 2393 2491 2492 2394 2393 2492 
2487 2393 2381 2491 2393 2487 2392 2396 2488 
2397 2488 2396 2397 2493 2488 2493 2489 2488 
2494 2490 2489 2493 2494 2489 2394 2492 2398 
2492 2495 2398 2496 2497 2498 2496 2499 2500 
2498 2499 2496 2500 2501 2502 2499 2501 2500 
2502 2503 2504 2501 2503 2502 2504 2505 2506 
2503 2505 2504 2506 2507 2508 2505 2507 2506 
2493 2507 2509 2493 2399 2507 2493 2397 2399 
2399 2508 2507 2494 2493 2509 2400 2510 2401 
2400 2511 2510 2400 2398 2511 2398 2495 2511 
2512 2513 2514 2512 2404 2403 2512 2514 2404 
2514 2515 2404 2497 2496 2405 2497 2405 2515 
2515 2405 2404 2407 2405 2496 2500 2407 2496 
2408 2407 2500 2502 2408 2500 2409 2408 2502 
2504 2409 2502 2410 2409 2504 2506 2410 2504 
2412 2410 2506 2508 2412 2506 2399 2412 2508 
2510 2516 2414 2401 2510 2414 2517 2510 2511 
2517 2518 2510 2518 2516 2510 2518 2519 2520 
2517 2519 2518 2519 2521 2520 2522 2523 2524 
2522 2525 2526 2524 2525 2522 2526 2417 2416 
2526 2525 2417 2525 2527 2417 2418 2417 2528 
2417 2527 2528 2513 2512 2419 2513 2419 2528 
2528 2419 2418 2403 2419 2512 2414 2516 2420 
2422 2420 2516 2518 2422 2516 2424 2422 2518 
2520 2424 2518 2426 2529 2530 2424 2529 2426 
2424 2521 2529 2424 2520 2521 2530 2531 2532 
2529 2531 2530 2532 2533 2534 2531 2533 2532 
2534 2429 2428 2534 2533 2429 2533 2535 2429 
2523 2522 2430 2523 2430 2535 2535 2430 2429 
2431 2430 2522 2526 2431 2522 2416 2431 2526 
2426 2530 2432 2433 2432 2530 2532 2433 2530 
2434 2433 2532 2534 2434 2532 2428 2434 2534 
2536 2537 2538 2536 2539 2540 2537 2536 2540 
2540 2539 2541 2542 2543 2544 2538 2543 2542 
2538 2542 2536 2536 2542 2545 2539 2536 2546 
2546 2536 2545 2547 2541 2539 2547 2539 2548 
2548 2539 2546 2547 2548 2549 2550 2551 2552 
2550 2553 2554 2551 2550 2554 2544 2554 2553 
2544 2553 2542 2542 2553 2555 2545 2542 2556 
2556 2542 2555 2546 2545 2557 2557 2545 2556 
2548 2546 2558 2558 2546 2557 2559 2549 2548 
2559 2548 2560 2560 2548 2558 2560 2561 2562 
2559 2560 2562 2562 2561 2563 2564 2565 2566 
2552 2565 2564 2552 2564 2550 2550 2564 2567 
2553 2550 2568 2568 2550 2567 2555 2553 2569 
2569 2553 2568 2556 2555 2570 2570 2555 2569 
2557 2556 2571 2571 2556 2570 2558 2557 2572 
2572 2557 2571 2560 2558 2573 2573 2558 2572 
2561 2560 2574 2574 2560 2573 2575 2563 2561 
2575 2561 2576 2576 2561 2574 2575 2576 2577 
2578 2579 2580 2578 2581 2582 2579 2578 2582 
2581 2583 2584 2582 2581 2584 2583 2585 2586 
2584 2583 2586 2566 2586 2585 2564 2566 2585 
2564 2585 2437 2564 2437 2436 2439 2564 2436 
2567 2564 2439 2441 2567 2439 2568 2567 2441 
2443 2568 2441 2569 2568 2443 2445 2569 2443 
2570 2569 2445 2447 2570 2445 2571 2570 2447 
2448 2571 2447 2448 2587 2571 2587 2572 2571 
2573 2572 2588 2588 2572 2587 2574 2573 2589 
2589 2573 2588 2576 2574 2590 2590 2574 2589 
2591 2577 2576 2590 2591 2576 2450 2592 2593 
2451 2450 2593 2580 2453 2578 2580 2592 2453 
2592 2450 2453 2455 2578 2453 2581 2578 2455 
2457 2581 2455 2583 2581 2457 2458 2583 2457 
2585 2583 2458 2437 2585 2458 2448 2465 2587 
2468 2587 2465 2588 2587 2468 2470 2588 2468 
2589 2588 2470 2472 2589 2470 2590 2589 2472 
2590 2594 2591 2590 2472 2594 2472 2474 2594 
2594 2474 2475 2595 2594 2475 2476 2596 2597 
2477 2476 2597 2593 2476 2451 2596 2476 2593 
2475 2485 2595 2595 2485 2598 2486 2599 2600 
2487 2486 2600 2597 2486 2477 2599 2486 2597 
2485 2490 2598 2598 2490 2601 2491 2602 2492 
2491 2603 2602 2491 2487 2603 2487 2600 2603 
2604 2605 2606 2604 2606 2601 2604 2601 2494 
2494 2601 2490 2602 2607 2495 2492 2602 2495 
2608 2602 2603 2607 2602 2608 2609 2610 2611 
2609 2498 2497 2609 2611 2498 2611 2612 2498 
2499 2498 2613 2498 2612 2613 2501 2499 2614 
2499 2613 2614 2503 2501 2615 2501 2614 2615 
2505 2503 2616 2503 2615 2616 2507 2505 2617 
2505 2616 2617 2605 2604 2509 2605 2509 2617 
2617 2509 2507 2494 2509 2604 2607 2618 2619 
2607 2619 2495 2495 2619 2511 2608 2618 2607 
2620 2621 2622 2620 2514 2513 2620 2622 2514 
2622 2623 2514 2610 2609 2515 2610 2515 2623 
2623 2515 2514 2497 2515 2609 2511 2619 2624 
2517 2511 2624 2519 2517 2625 2517 2624 2625 
2521 2626 2627 2521 2519 2626 2519 2625 2626 
2627 2628 2629 2626 2628 2627 2629 2630 2631 
2628 2630 2629 2631 2632 2633 2630 2632 2631 
2633 2524 2523 2633 2632 2524 2632 2634 2524 
2525 2524 2635 2524 2634 2635 2527 2525 2636 
2525 2635 2636 2621 2620 2528 2621 2528 2636 
2636 2528 2527 2513 2528 2620 2521 2627 2529 
2531 2529 2627 2629 2531 2627 2533 2531 2629 
2631 2533 2629 2535 2533 2631 2633 2535 2631 
2523 2535 2633 2537 2637 2638 2538 2537 2638 
2540 2639 2537 2537 2639 2637 2541 2640 2641 
2541 2641 2540 2540 2641 2639 2640 2642 2643 
2641 2640 2643 2643 2642 2644 2645 2646 2647 
2645 2544 2543 2645 2543 2646 2646 2543 2648 
2638 2543 2538 2648 2543 2638 2541 2547 2640 
2549 2640 2547 2549 2649 2640 2649 2642 2640 
2650 2644 2642 2650 2642 2651 2651 2642 2649 
2651 2652 2653 2650 2651 2653 2653 2652 2654 
2655 2656 2657 2655 2552 2551 2655 2551 2656 
2656 2551 2658 2647 2554 2645 2647 2658 2554 
2658 2551 2554 2544 2645 2554 2549 2559 2649 
2562 2649 2559 2651 2649 2562 2563 2651 2562 
2563 2659 2651 2659 2652 2651 2660 2654 2652 
2660 2652 2661 2661 2652 2659 2660 2661 2662 
2663 2664 2665 2663 2666 2667 2664 2663 2667 
2666 2668 2669 2667 2666 2669 2657 2669 2668 
2655 2657 2668 2655 2668 2566 2655 2566 2565 
2552 2655 2565 2563 2575 2659 2577 2659 2575 
2577 2670 2659 2670 2661 2659 2671 2662 2661 
2670 2671 2661 2579 2672 2673 2580 2579 2673 
2665 2582 2663 2665 2672 2582 2672 2579 2582 
2584 2663 2582 2666 2663 2584 2586 2666 2584 
2668 2666 2586 2566 2668 2586 2670 2591 2674 
2577 2591 2670 2675 2671 2670 2674 2675 2670 
2592 2676 2677 2593 2592 2677 2673 2592 2580 
2676 2592 2673 2591 2594 2674 2595 2678 2679 
2594 2595 2679 2594 2679 2675 2594 2675 2674 
2679 2678 2680 2596 2681 2682 2597 2596 2682 
2677 2596 2593 2681 2596 2677 2678 2598 2683 
2595 2598 2678 2684 2680 2678 2683 2684 2678 
2599 2685 2600 2599 2686 2685 2599 2597 2686 
2597 2682 2686 2683 2687 2688 2683 2598 2687 
2598 2601 2687 2684 2683 2688 2685 2689 2690 
2685 2690 2600 2600 2690 2603 2686 2689 2685 
2691 2692 2693 2691 2694 2695 2693 2694 2691 
2695 2696 2697 2694 2696 2695 2697 2698 2699 
2696 2698 2697 2699 2700 2701 2698 2700 2699 
2701 2702 2703 2700 2702 2701 2703 2606 2605 
2703 2702 2606 2702 2704 2606 2687 2601 2606 
2704 2687 2606 2603 2690 2608 2690 2705 2608 
2706 2707 2708 2706 2709 2710 2708 2709 2706 
2710 2611 2610 2710 2709 2611 2709 2711 2611 
2692 2691 2612 2692 2612 2711 2711 2612 2611 
2613 2612 2691 2695 2613 2691 2614 2613 2695 
2697 2614 2695 2615 2614 2697 2699 2615 2697 
2616 2615 2699 2701 2616 2699 2617 2616 2701 
2703 2617 2701 2605 2617 2703 2618 2712 2619 
2713 2608 2705 2713 2712 2608 2713 2714 2712 
2712 2618 2608 2714 2715 2716 2713 2715 2714 
2716 2717 2718 2715 2717 2716 2718 2719 2720 
2717 2719 2718 2720 2721 2722 2719 2721 2720 
2722 2723 2724 2721 2723 2722 2724 2725 2726 
2723 2725 2724 2726 2727 2728 2725 2727 2726 
2707 2728 2727 2706 2728 2707 2706 2621 2728 
2706 2622 2621 2623 2622 2706 2710 2623 2706 
2610 2623 2710 2619 2712 2624 2625 2624 2712 
2714 2625 2712 2626 2625 2714 2716 2626 2714 
2628 2626 2716 2718 2628 2716 2630 2628 2718 
2720 2630 2718 2632 2630 2720 2722 2632 2720 
2634 2632 2722 2724 2634 2722 2635 2634 2724 
2726 2635 2724 2636 2635 2726 2728 2636 2726 
2621 2636 2728 2729 2730 2731 2729 2732 2733 
2730 2729 2733 2732 2638 2637 2732 2637 2733 
2733 2637 2734 2639 2735 2637 2637 2735 2734 
2641 2736 2639 2639 2736 2735 2643 2737 2641 
2641 2737 2736 2737 2643 2644 2738 2737 2644 
2739 2740 2741 2739 2742 2743 2740 2739 2743 
2731 2743 2742 2729 2731 2742 2729 2742 2647 
2729 2647 2646 2648 2729 2646 2732 2729 2648 
2638 2732 2648 2644 2744 2738 2650 2744 2644 
2653 2745 2650 2650 2745 2744 2654 2746 2747 
2654 2747 2653 2653 2747 2745 2746 2748 2749 
2747 2746 2749 2749 2748 2750 2751 2752 2753 
2751 2754 2755 2752 2751 2755 2741 2755 2754 
2739 2741 2754 2739 2754 2657 2739 2657 2656 
2658 2739 2656 2742 2739 2658 2647 2742 2658 
2654 2660 2746 2662 2746 2660 2662 2756 2746 
2756 2748 2746 2757 2750 2748 2756 2757 2748 
2664 2758 2759 2665 2664 2759 2753 2667 2751 
2753 2758 2667 2758 2664 2667 2669 2751 2667 
2754 2751 2669 2657 2754 2669 2756 2671 2760 
2662 2671 2756 2761 2757 2756 2760 2761 2756 
2672 2762 2763 2673 2672 2763 2759 2672 2665 
2762 2672 2759 2760 2675 2764 2671 2675 2760 
2765 2761 2760 2764 2765 2760 2676 2766 2767 
2677 2676 2767 2763 2676 2673 2766 2676 2763 
2675 2679 2764 2764 2679 2680 2764 2680 2765 
2765 2680 2768 2681 2769 2770 2682 2681 2770 
2767 2681 2677 2769 2681 2767 2680 2684 2768 
2768 2684 2771 2682 2770 2686 2770 2772 2686 
2773 2774 2775 2773 2776 2777 2775 2776 2773 
2777 2778 2779 2776 2778 2777 2779 2780 2781 
2778 2780 2779 2781 2782 2783 2780 2782 2781 
2783 2688 2687 2783 2782 2688 2782 2784 2688 
2771 2684 2688 2784 2771 2688 2689 2785 2690 
2689 2786 2785 2689 2686 2786 2686 2772 2786 
2787 2788 2789 2787 2790 2791 2789 2790 2787 
2791 2693 2692 2791 2790 2693 2790 2792 2693 
2694 2693 2793 2693 2792 2793 2774 2773 2696 
2774 2696 2793 2793 2696 2694 2698 2696 2773 
2777 2698 2773 2700 2698 2777 2779 2700 2777 
2702 2700 2779 2781 2702 2779 2704 2702 2781 
2783 2704 2781 2687 2704 2783 2785 2794 2705 
2690 2785 2705 2795 2785 2786 2795 2796 2785 
2796 2794 2785 2796 2797 2798 2795 2797 2796 
2798 2799 2800 2797 2799 2798 2799 2801 2800 
2802 2803 2804 2802 2805 2806 2804 2805 2802 
2806 2708 2707 2806 2805 2708 2805 2807 2708 
2788 2787 2709 2788 2709 2807 2807 2709 2708 
2711 2709 2787 2791 2711 2787 2692 2711 2791 
2705 2794 2713 2715 2713 2794 2796 2715 2794 
2717 2715 2796 2798 2717 2796 2719 2717 2798 
2800 2719 2798 2800 2801 2808 2800 2808 2719 
2719 2808 2721 2723 2721 2809 2721 2808 2809 
2803 2802 2725 2803 2725 2809 2809 2725 2723 
2727 2725 2802 2806 2727 2802 2707 2727 2806 
2810 2811 2812 2810 2813 2814 2811 2810 2814 
2813 2731 2730 2813 2730 2814 2814 2730 2815 
2733 2816 2730 2730 2816 2815 2734 2817 2733 
2733 2817 2816 2735 2818 2734 2734 2818 2817 
2736 2819 2735 2735 2819 2818 2820 2821 2819 
2820 2819 2737 2737 2819 2736 2737 2738 2820 
2822 2823 2824 2812 2823 2822 2810 2812 2822 
2810 2822 2741 2810 2741 2740 2743 2810 2740 
2813 2810 2743 2731 2813 2743 2820 2825 2821 
2738 2825 2820 2738 2744 2825 2744 2826 2825 
2745 2827 2744 2744 2827 2826 2747 2828 2745 
2745 2828 2827 2749 2829 2747 2747 2829 2828 
2829 2749 2750 2830 2829 2750 2752 2831 2832 
2753 2752 2832 2824 2755 2822 2824 2831 2755 
2831 2752 2755 2741 2822 2755 2833 2757 2834 
2833 2830 2757 2830 2750 2757 2833 2834 2835 
2758 2836 2837 2759 2758 2837 2832 2758 2753 
2836 2758 2832 2834 2761 2838 2757 2761 2834 
2839 2835 2834 2838 2839 2834 2762 2840 2841 
2763 2762 2841 2837 2762 2759 2840 2762 2837 
2838 2765 2842 2761 2765 2838 2843 2839 2838 
2842 2843 2838 2766 2844 2845 2767 2766 2845 
2841 2766 2763 2844 2766 2841 2842 2846 2847 
2842 2765 2846 2765 2768 2846 2843 2842 2847 
2769 2848 2770 2769 2849 2848 2769 2767 2849 
2767 2845 2849 2850 2851 2852 2850 2853 2854 
2852 2853 2850 2854 2855 2856 2853 2855 2854 
2856 2857 2858 2855 2857 2856 2858 2859 2860 
2857 2859 2858 2860 2861 2862 2859 2861 2860 
2862 2861 2846 2862 2846 2771 2771 2846 2768 
2848 2863 2772 2770 2848 2772 2864 2848 2849 
2863 2848 2864 2865 2866 2867 2865 2868 2869 
2867 2868 2865 2869 2870 2871 2868 2870 2869 
2871 2872 2873 2870 2872 2871 2851 2873 2872 
2850 2873 2851 2850 2774 2873 2850 2775 2774 
2776 2775 2850 2854 2776 2850 2778 2776 2854 
2856 2778 2854 2780 2778 2856 2858 2780 2856 
2782 2780 2858 2860 2782 2858 2784 2782 2860 
2862 2784 2860 2771 2784 2862 2863 2874 2786 
2772 2863 2786 2875 2863 2864 2875 2876 2863 
2876 2874 2863 2876 2877 2878 2875 2877 2876 
2877 2879 2878 2880 2881 2882 2866 2880 2882 
2865 2880 2866 2865 2788 2880 2865 2789 2788 
2790 2789 2865 2869 2790 2865 2792 2790 2869 
2871 2792 2869 2793 2792 2871 2873 2793 2871 
2774 2793 2873 2786 2874 2795 2797 2795 2874 
2876 2797 2874 2799 2797 2876 2878 2799 2876 
2801 2883 2884 2799 2883 2801 2799 2879 2883 
2799 2878 2879 2884 2885 2886 2883 2885 2884 
2886 2804 2803 2886 2885 2804 2885 2887 2804 
2805 2804 2888 2804 2887 2888 2881 2880 2807 
2881 2807 2888 2888 2807 2805 2788 2807 2880 
2801 2884 2808 2809 2808 2884 2886 2809 2884 
2803 2809 2886 2811 2889 2812 2890 2889 2811 
2890 2811 2891 2891 2811 2814 2815 2892 2814 
2814 2892 2891 2893 2894 2892 2893 2892 2816 
2816 2892 2815 2816 2817 2895 2893 2816 2895 
2817 2818 2896 2895 2817 2896 2818 2819 2897 
2896 2818 2897 2819 2821 2897 2823 2898 2824 
2823 2899 2898 2812 2899 2823 2812 2900 2899 
2812 2889 2900 2890 2900 2889 2893 2901 2894 
2895 2901 2893 2902 2901 2895 2902 2903 2904 
2902 2895 2903 2895 2896 2903 2897 2905 2896 
2905 2903 2896 2821 2825 2906 2821 2906 2897 
2897 2906 2905 2825 2826 2907 2906 2825 2907 
2826 2827 2908 2907 2826 2908 2827 2828 2909 
2908 2827 2909 2828 2829 2910 2909 2828 2910 
2829 2830 2910 2831 2911 2912 2832 2831 2912 
2898 2831 2824 2898 2913 2831 2913 2911 2831 
2899 2913 2898 2903 2914 2904 2905 2914 2903 
2915 2914 2905 2906 2915 2905 2916 2915 2906 
2907 2916 2906 2917 2916 2907 2908 2917 2907 
2918 2917 2908 2909 2918 2908 2919 2918 2909 
2910 2919 2909 2920 2919 2910 2921 2922 2920 
2833 2921 2920 2833 2920 2910 2833 2910 2830 
2833 2835 2921 2836 2923 2837 2836 2924 2923 
2836 2832 2924 2832 2912 2924 2925 2922 2921 
2926 2922 2925 2835 2839 2925 2921 2835 2925 
2840 2927 2841 2840 2928 2927 2837 2928 2840 
2837 2929 2928 2837 2923 2929 2924 2929 2923 
2930 2931 2932 2926 2930 2932 2926 2925 2930 
2925 2933 2930 2839 2843 2933 2925 2839 2933 
2844 2934 2845 2844 2841 2927 2844 2927 2934 
2934 2927 2935 2936 2927 2928 2935 2927 2936 
2937 2938 2939 2937 2940 2941 2939 2940 2937 
2941 2942 2943 2940 2942 2941 2942 2944 2943 
2930 2945 2931 2847 2846 2946 2847 2946 2930 
2847 2930 2933 2930 2946 2945 2843 2847 2933 
2934 2947 2849 2845 2934 2849 2948 2935 2949 
2948 2947 2935 2947 2934 2935 2936 2949 2935 
2950 2951 2952 2938 2950 2952 2937 2950 2938 
2937 2851 2950 2937 2852 2851 2853 2852 2937 
2941 2853 2937 2855 2853 2941 2943 2855 2941 
2943 2944 2953 2943 2953 2855 2855 2953 2857 
2859 2857 2954 2857 2953 2954 2861 2859 2955 
2859 2954 2955 2946 2846 2861 2955 2946 2861 
2947 2956 2957 2947 2957 2849 2849 2957 2864 
2948 2956 2947 2958 2959 2960 2958 2867 2866 
2958 2960 2867 2960 2961 2867 2868 2867 2962 
2867 2961 2962 2870 2868 2963 2868 2962 2963 
2951 2950 2872 2951 2872 2963 2963 2872 2870 
2851 2872 2950 2864 2957 2964 2875 2864 2964 
2877 2875 2965 2875 2964 2965 2879 2966 2967 
2879 2877 2966 2877 2965 2966 2967 2968 2969 
2966 2968 2967 2969 2970 2971 2968 2970 2969 
2971 2972 2973 2970 2972 2971 2959 2973 2972 
2958 2973 2959 2958 2881 2973 2958 2882 2881 
2866 2882 2958 2879 2967 2883 2885 2883 2967 
2969 2885 2967 2887 2885 2969 2971 2887 2969 
2888 2887 2971 2973 2888 2971 2881 2888 2973 
2891 2974 2890 2891 2892 2975 2974 2891 2975 
2892 2894 2975 2900 2976 2899 2900 2890 2974 
2900 2974 2976 2976 2974 2977 2978 2975 2979 
2978 2977 2975 2977 2974 2975 2980 2981 2979 
2901 2980 2979 2901 2979 2975 2901 2975 2894 
2901 2902 2982 2980 2901 2982 2902 2904 2982 
2911 2983 2912 2911 2913 2984 2983 2911 2984 
2913 2985 2984 2899 2985 2913 2899 2986 2985 
2899 2976 2986 2977 2986 2976 2987 2986 2977 
2978 2987 2977 2988 2981 2980 2989 2981 2988 
2982 2990 2980 2990 2988 2980 2904 2914 2991 
2904 2991 2982 2982 2991 2990 2914 2915 2992 
2991 2914 2992 2915 2916 2993 2992 2915 2993 
2916 2917 2994 2993 2916 2994 2917 2918 2995 
2994 2917 2995 2996 2995 2918 2996 2918 2997 
2997 2918 2919 2998 2999 2997 2998 2997 2920 
2920 2997 2919 2920 2922 2998 2983 3000 2924 
2912 2983 2924 3001 2984 3002 3001 3000 2984 
3000 2983 2984 2985 3002 2984 2988 3003 2989 
3003 3004 3005 3003 2988 3004 2988 2990 3004 
2991 3006 2990 3006 3004 2990 2992 3007 2991 
3007 3006 2991 2993 3008 2992 3008 3007 2992 
2994 3009 2993 3009 3008 2993 2995 3010 2994 
3010 3009 2994 3011 2995 2996 3010 2995 3011 
3012 2999 2998 3013 2999 3012 2922 2926 3012 
2998 2922 3012 2929 3014 2928 2929 3015 3014 
2924 3015 2929 2924 3016 3015 2924 3000 3016 
3001 3016 3000 3017 3018 3019 3005 3017 3019 
3005 3004 3017 3004 3020 3017 3006 3021 3004 
3021 3020 3004 3007 3022 3006 3022 3021 3006 
3008 3023 3007 3023 3022 3007 3009 3024 3008 
3024 3023 3008 3010 3025 3009 3025 3024 3009 
3026 3010 3011 3026 3027 3010 3027 3025 3010 
3013 3027 3026 3012 3027 3013 3012 2931 3027 
3012 2932 2931 2926 2932 3012 3014 3028 2936 
2928 3014 2936 3029 3014 3015 3028 3014 3029 
3030 3031 3032 3018 3030 3032 3018 3017 3030 
3017 3033 3030 3020 3034 3017 3034 3033 3017 
3021 3035 3020 3035 3034 3020 2939 2938 3035 
2939 3035 3022 3022 3035 3021 2940 2939 3022 
3023 2940 3022 2942 2940 3023 3024 2942 3023 
2944 2942 3024 2944 3024 3036 3036 3024 3025 
3027 3037 3025 3037 3036 3025 2931 2945 3038 
2931 3038 3027 3027 3038 3037 2945 2946 3038 
2949 3039 2948 2949 3040 3039 2936 3040 2949 
2936 3041 3040 2936 3028 3041 3029 3041 3028 
3042 3043 3044 3031 3042 3044 3031 3030 3042 
3030 3045 3042 3033 3046 3030 3046 3045 3030 
3034 3047 3033 3047 3046 3033 2952 2951 3047 
2952 3047 3035 3035 3047 3034 2938 2952 3035 
2944 3036 2953 2954 2953 3036 3037 2954 3036 
2955 2954 3037 3038 2955 3037 2946 2955 3038 
2956 3048 2957 2956 2948 3039 2956 3039 3048 
3048 3039 3049 3050 3039 3040 3050 3051 3039 
3051 3049 3039 3050 3052 3051 3053 3054 3055 
3053 3056 3057 3055 3056 3053 3043 3057 3056 
3042 3057 3043 3042 2959 3057 3042 2960 2959 
2961 2960 3042 3045 2961 3042 2962 2961 3045 
3046 2962 3045 2963 2962 3046 3047 2963 3046 
2951 2963 3047 2957 3048 2964 2965 2964 3048 
3049 2965 3048 2966 2965 3049 3051 2966 3049 
3051 3052 3058 3051 3058 2966 2966 3058 2968 
3054 3053 2970 3054 2970 3058 3058 2970 2968 
2972 2970 3053 3057 2972 3053 2959 2972 3057 
2979 3059 2978 2979 2981 3059 2986 3060 2985 
2986 2987 3061 3060 2986 3061 2987 2978 3059 
2987 3059 3061 3061 3059 3062 2981 2989 3062 
3059 2981 3062 2997 3063 2996 2997 2999 3063 
3002 3064 3001 3002 2985 3060 3002 3060 3064 
3064 3060 3065 3066 3061 3067 3066 3065 3061 
3065 3060 3061 3067 3068 3069 3067 3061 3068 
3061 3062 3068 2989 3003 3070 2989 3070 3062 
3062 3070 3068 3003 3005 3070 3063 3071 3011 
2996 3063 3011 2999 3013 3071 3063 2999 3071 
3016 3072 3015 3016 3001 3064 3016 3064 3072 
3072 3064 3073 3065 3074 3064 3074 3073 3064 
3075 3065 3066 3075 3076 3065 3076 3074 3065 
3069 3076 3075 3069 3068 3076 3068 3077 3076 
3019 3018 3077 3019 3077 3070 3070 3077 3068 
3005 3019 3070 3011 3071 3026 3013 3026 3071 
3072 3078 3029 3015 3072 3029 3073 3079 3072 
3079 3078 3072 3080 3074 3081 3080 3079 3074 
3079 3073 3074 3081 3082 3083 3081 3074 3082 
3074 3076 3082 3032 3031 3082 3032 3082 3077 
3077 3082 3076 3018 3032 3077 3041 3084 3040 
3041 3029 3078 3041 3078 3084 3084 3078 3085 
3086 3079 3087 3086 3085 3079 3085 3078 3079 
3087 3088 3089 3087 3079 3088 3090 3088 3080 
3080 3088 3079 3083 3088 3090 3082 3088 3083 
3082 3043 3088 3082 3044 3043 3031 3044 3082 
3040 3084 3050 3052 3050 3084 3052 3084 3091 
3091 3084 3085 3054 3092 3055 3054 3085 3092 
3054 3091 3085 3086 3092 3085 3089 3088 3056 
3089 3056 3092 3092 3056 3055 3043 3056 3088 
3052 3091 3058 3054 3058 3091 3067 3093 3066 
3067 3069 3093 3066 3093 3075 3069 3075 3093 
3081 3094 3080 3081 3083 3094 3087 3095 3086 
3090 3080 3094 3089 3095 3087 3083 3090 3094 
3086 3095 3092 3089 3092 3095 
CELL_DATA 6188
SCALARS Scalars float
LOOKUP_TABLE default
1 1 1 1 1 1 1 1 1 
1 1 1 1 1 1 1 1 1 
1 1 1 1 1 1 1 1 1 
1 1 1 1 1 1 1 1 1 
1 1 1 1 1 1 1 1 1 
1 1 1 1 1 1 1 1 1 
1 1 1 1 1 1 1 1 1 
1 1 1 1 1 1 1 1 1 
1 1 1 1 1 1 1 1 1 
1 1 1 1 1 1 1 1 1 
1 1 1 1 1 1 1 1 1 
1 1 1 1 1 1 1 1 1 
1 1 1 1 1 1 1 1 1 
1 1 1 1 1 1 1 1 1 
1 1 1 1 1 1 1 1 1 
1 1 1 1 1 1 1 1 1 
1 1 1 1 1 1 1 1 1 
1 1 1 1 1 1 1 1 1 
1 1 1 1 1 1 1 1 1 
1 1 1 1 1 1 1 1 1 
1 1 1 1 1 1 1 1 1 
1 1 1 1 1 1 1 1 1 
1 1 1 1 1 1 1 1 1 
1 1 1 1 1 1 1 1 1 
1 1 1 1 1 1 1 1 1 
1 1 1 1 1 1 1 1 1 
1 1 1 1 1 1 1 1 1 
1 1 1 1 1 1 1 1 1 
1 1 1 1 1 1 1 1 1 
1 1 1 1 1 1 1 1 1 
1 1 1 1 1 1 1 1 1 
1 1 1 1 1 1 1 1 1 
1 1 1 1 1 1 1 1 1 
1 1 1 1 1 1 1 1 1 
1 1 1 1 1 1 1 1 1 
1 1 1 1 1 1 1 1 1 
1 1 1 1 1 1 1 1 1 
1 1 1 1 1 1 1 1 1 
1 1 1 1 1 1 1 1 1 
1 1 1 1 1 1 1 1 1 
1 1 1 1 1 1 1 1 1 
1 1 1 1 1 1 1 1 1 
1 1 1 1 1 1 1 1 1 
1 1 1 1 1 1 1 1 1 
1 1 1 1 1 1 1 1 1 
1 1 1 1 1 1 1 1 1 
1 1 1 1 1 1 1 1 1 
1 1 1 1 1 1 1 1 1 
1 1 1 1 1 1 1 1 1 
1 1 1 1 1 1 1 1 1 
1 1 1 1 1 1 1 1 1 
1 1 1 1 1 1 1 1 1 
1 1 1 1 1 1 1 1 1 
1 1 1 1 1 1 1 1 1 
1 1 1 1 1 1 1 1 1 
1 1 1 1 1 1 1 1 1 
1 1 1 1 1 1 1 1 1 
1 1 1 1 1 1 1 1 1 
1 1 1 1 1 1 1 1 1 
1 1 1 1 1 1 1 1 1 
1 1 1 1 1 1 1 1 1 
1 1 1 1 1 1 1 1 1 
1 1 1 1 1 1 1 1 1 
1 1 1 1 1 1 1 1 1 
1 1 1 1 1 1 1 1 1 
1 1 1 1 1 1 1 1 1 
1 1 1 1 1 1 1 1 1 
1 1 1 1 1 1 1 1 1 
1 1 1 1 1 1 1 1 1 
1 1 1 1 1 1 1 1 1 
1 1 1 1 1 1 1 1 1 
1 1 1 1 1 1 1 1 1 
1 1 1 1 1 1 1 1 1 
1 1 1 1 1 1 1 1 1 
1 1 1 1 1 1 1 1 1 
1 1 1 1 1 1 1 1 1 
1 1 1 1 1 1 1 1 1 
1 1 1 1 1 1 1 1 1 
1 1 1 1 1 1 1 1 1 
1 1 1 1 1 1 1 1 1 
1 1 1 1 1 1 1 1 1 
1 1 1 1 1 1 1 1 1 
1 1 1 1 1 1 1 1 1 
1 1 1 1 1 1 1 1 1 
1 1 1 1 1 1 1 1 1 
1 1 1 1 1 1 1 1 1 
1 1 1 1 1 1 1 1 1 
1 1 1 1 1 1 1 1 1 
1 1 1 1 1 1 1 1 1 
1 1 1 1 1 1 1 1 1 
1 1 1 1 1 1 1 1 1 
1 1 1 1 1 1 1 1 1 
1 1 1 1 1 1 1 1 1 
1 1 1 1 1 1 1 1 1 
1 1 1 1 1 1 1 1 1 
1 1 1 1 1 1 1 1 1 
1 1 1 1 1 1 1 1 1 
1 1 1 1 1 1 1 1 1 
1 1 1 1 1 1 1 1 1 
1 1 1 1 1 1 1 1 1 
1 1 1 1 1 1 1 1 1 
1 1 1 1 1 1 1 1 1 
1 1 1 1 1 1 1 1 1 
1 1 1 1 1 1 1 1 1 
1 1 1 1 1 1 1 1 1 
1 1 1 1 1 1 1 1 1 
1 1 1 1 1 1 1 1 1 
1 1 1 1 1 1 1 1 1 
1 1 1 1 1 1 1 1 1 
1 1 1 1 1 1 1 1 1 
1 1 1 1 1 1 1 1 1 
1 1 1 1 1 1 1 1 1 
1 1 1 1 1 1 1 1 1 
1 1 1 1 1 1 1 1 1 
1 1 1 1 1 1 1 1 1 
1 1 1 1 1 1 1 1 1 
1 1 1 1 1 1 1 1 1 
1 1 1 1 1 1 1 1 1 
1 1 1 1 1 1 1 1 1 
1 1 1 1 1 1 1 1 1 
1 1 1 1 1 1 1 1 1 
1 1 1 1 1 1 1 1 1 
1 1 1 1 1 1 1 1 1 
1 1 1 1 1 1 1 1 1 
1 1 1 1 1 1 1 1 1 
1 1 1 1 1 1 1 1 1 
1 1 1 1 1 1 1 1 1 
1 1 1 1 1 1 1 1 1 
1 1 1 1 1 1 1 1 1 
1 1 1 1 1 1 1 1 1 
1 1 1 1 1 1 1 1 1 
1 1 1 1 1 1 1 1 1 
1 1 1 1 1 1 1 1 1 
1 1 1 1 1 1 1 1 1 
1 1 1 1 1 1 1 1 1 
1 1 1 1 1 1 1 1 1 
1 1 1 1 1 1 1 1 1 
1 1 1 1 1 1 1 1 1 
1 1 1 1 1 1 1 1 1 
1 1 1 1 1 1 1 1 1 
1 1 1 1 1 1 1 1 1 
1 1 1 1 1 1 1 1 1 
1 1 1 1 1 1 1 1 1 
1 1 1 1 1 1 1 1 1 
1 1 1 1 1 1 1 1 1 
1 1 1 1 1 1 1 1 1 
1 1 1 1 1 1 1 1 1 
1 1 1 1 1 1 1 1 1 
1 1 1 1 1 1 1 1 1 
1 1 1 1 1 1 1 1 1 
1 1 1 1 1 1 1 1 1 
1 1 1 1 1 1 1 1 1 
1 1 1 1 1 1 1 1 1 
1 1 1 1 1 1 1 1 1 
1 1 1 1 1 1 1 1 1 
1 1 1 1 1 1 1 1 1 
1 1 1 1 1 1 1 1 1 
1 1 1 1 1 1 1 1 1 
1 1 1 1 1 1 1 1 1 
1 1 1 1 1 1 1 1 1 
1 1 1 1 1 1 1 1 1 
1 1 1 1 1 1 1 1 1 
1 1 1 1 1 1 1 1 1 
1 1 1 1 1 1 1 1 1 
1 1 1 1 1 1 1 1 1 
1 1 1 1 1 1 1 1 1 
1 1 1 1 1 1 1 1 1 
1 1 1 1 1 1 1 1 1 
1 1 1 1 1 1 1 1 1 
1 1 1 1 1 1 1 1 1 
1 1 1 1 1 1 1 1 1 
1 1 1 1 1 1 1 1 1 
1 1 1 1 1 1 1 1 1 
1 1 1 1 1 1 1 1 1 
1 1 1 1 1 1 1 1 1 
1 1 1 1 1 1 1 1 1 
1 1 1 1 1 1 1 1 1 
1 1 1 1 1 1 1 1 1 
1 1 1 1 1 1 1 1 1 
1 1 1 1 1 1 1 1 1 
1 1 1 1 1 1 1 1 1 
1 1 1 1 1 1 1 1 1 
1 1 1 1 1 1 1 1 1 
1 1 1 1 1 1 1 1 1 
1 1 1 1 1 1 1 1 1 
1 1 1 1 1 1 1 1 1 
1 1 1 1 1 1 1 1 1 
1 1 1 1 1 1 1 1 1 
1 1 1 1 1 1 1 1 1 
1 1 1 1 1 1 1 1 1 
1 1 1 1 1 1 1 1 1 
1 1 1 1 1 1 1 1 1 
1 1 1 1 1 1 1 1 1 
1 1 1 1 1 1 1 1 1 
1 1 1 1 1 1 1 1 1 
1 1 1 1 1 1 1 1 1 
1 1 1 1 1 1 1 1 1 
1 1 1 1 1 1 1 1 1 
1 1 1 1 1 1 1 1 1 
1 1 1 1 1 1 1 1 1 
1 1 1 1 1 1 1 1 1 
1 1 1 1 1 1 1 1 1 
1 1 1 1 1 1 1 1 1 
1 1 1 1 1 1 1 1 1 
1 1 1 1 1 1 1 1 1 
1 1 1 1 1 1 1 1 1 
1 1 1 1 1 1 1 1 1 
1 1 1 1 1 1 1 1 1 
1 1 1 1 1 1 1 1 1 
1 1 1 1 1 1 1 1 1 
1 1 1 1 1 1 1 1 1 
1 1 1 1 1 1 1 1 1 
1 1 1 1 1 1 1 1 1 
1 1 1 1 1 1 1 1 1 
1 1 1 1 1 1 1 1 1 
1 1 1 1 1 1 1 1 1 
1 1 1 1 1 1 1 1 1 
1 1 1 1 1 1 1 1 1 
1 1 1 1 1 1 1 1 1 
1 1 1 1 1 1 1 1 1 
1 1 1 1 1 1 1 1 1 
1 1 1 1 1 1 1 1 1 
1 1 1 1 1 1 1 1 1 
1 1 1 1 1 1 1 1 1 
1 1 1 1 1 1 1 1 1 
1 1 1 1 1 1 1 1 1 
1 1 1 1 1 1 1 1 1 
1 1 1 1 1 1 1 1 1 
1 1 1 1 1 1 1 1 1 
1 1 1 1 1 1 1 1 1 
1 1 1 1 1 1 1 1 1 
1 1 1 1 1 1 1 1 1 
1 1 1 1 1 1 1 1 1 
1 1 1 1 1 1 1 1 1 
1 1 1 1 1 1 1 1 1 
1 1 1 1 1 1 1 1 1 
1 1 1 1 1 1 1 1 1 
1 1 1 1 1 1 1 1 1 
1 1 1 1 1 1 1 1 1 
1 1 1 1 1 1 1 1 1 
1 1 1 1 1 1 1 1 1 
1 1 1 1 1 1 1 1 1 
1 1 1 1 1 1 1 1 1 
1 1 1 1 1 1 1 1 1 
1 1 1 1 1 1 1 1 1 
1 1 1 1 1 1 1 1 1 
1 1 1 1 1 1 1 1 1 
1 1 1 1 1 1 1 1 1 
1 1 1 1 1 1 1 1 1 
1 1 1 1 1 1 1 1 1 
1 1 1 1 1 1 1 1 1 
1 1 1 1 1 1 1 1 1 
1 1 1 1 1 1 1 1 1 
1 1 1 1 1 1 1 1 1 
1 1 1 1 1 1 1 1 1 
1 1 1 1 1 1 1 1 1 
1 1 1 1 1 1 1 1 1 
1 1 1 1 1 1 1 1 1 
1 1 1 1 1 1 1 1 1 
1 1 1 1 1 1 1 1 1 
1 1 1 1 1 1 1 1 1 
1 1 1 1 1 1 1 1 1 
1 1 1 1 1 1 1 1 1 
1 1 1 1 1 1 1 1 1 
1 1 1 1 1 1 1 1 1 
1 1 1 1 1 1 1 1 1 
1 1 1 1 1 1 1 1 1 
1 1 1 1 1 1 1 1 1 
1 1 1 1 1 1 1 1 1 
1 1 1 1 1 1 1 1 1 
1 1 1 1 1 1 1 1 1 
1 1 1 1 1 1 1 1 1 
1 1 1 1 1 1 1 1 1 
1 1 1 1 1 1 1 1 1 
1 1 1 1 1 1 1 1 1 
1 1 1 1 1 1 1 1 1 
1 1 1 1 1 1 1 1 1 
1 1 1 1 1 1 1 1 1 
1 1 1 1 1 1 1 1 1 
1 1 1 1 1 1 1 1 1 
1 1 1 1 1 1 1 1 1 
1 1 1 1 1 1 1 1 1 
1 1 1 1 1 1 1 1 1 
1 1 1 1 1 1 1 1 1 
1 1 1 1 1 1 1 1 1 
1 1 1 1 1 1 1 1 1 
1 1 1 1 1 1 1 1 1 
1 1 1 1 1 1 1 1 1 
1 1 1 1 1 1 1 1 1 
1 1 1 1 1 1 1 1 1 
1 1 1 1 1 1 1 1 1 
1 1 1 1 1 1 1 1 1 
1 1 1 1 1 1 1 1 1 
1 1 1 1 1 1 1 1 1 
1 1 1 1 1 1 1 1 1 
1 1 1 1 1 1 1 1 1 
1 1 1 1 1 1 1 1 1 
1 1 1 1 1 1 1 1 1 
1 1 1 1 1 1 1 1 1 
1 1 1 1 1 1 1 1 1 
1 1 1 1 1 1 1 1 1 
1 1 1 1 1 1 1 1 1 
1 1 1 1 1 1 1 1 1 
1 1 1 1 1 1 1 1 1 
1 1 1 1 1 1 1 1 1 
1 1 1 1 1 1 1 1 1 
1 1 1 1 1 1 1 1 1 
1 1 1 1 1 1 1 1 1 
1 1 1 1 1 1 1 1 1 
1 1 1 1 1 1 1 1 1 
1 1 1 1 1 1 1 1 1 
1 1 1 1 1 1 1 1 1 
1 1 1 1 1 1 1 1 1 
1 1 1 1 1 1 1 1 1 
1 1 1 1 1 1 1 1 1 
1 1 1 1 1 1 1 1 1 
1 1 1 1 1 1 1 1 1 
1 1 1 1 1 1 1 1 1 
1 1 1 1 1 1 1 1 1 
1 1 1 1 1 1 1 1 1 
1 1 1 1 1 1 1 1 1 
1 1 1 1 1 1 1 1 1 
1 1 1 1 1 1 1 1 1 
1 1 1 1 1 1 1 1 1 
1 1 1 1 1 1 1 1 1 
1 1 1 1 1 1 1 1 1 
1 1 1 1 1 1 1 1 1 
1 1 1 1 1 1 1 1 1 
1 1 1 1 1 1 1 1 1 
1 1 1 1 1 1 1 1 1 
1 1 1 1 1 1 1 1 1 
1 1 1 1 1 1 1 1 1 
1 1 1 1 1 1 1 1 1 
1 1 1 1 1 1 1 1 1 
1 1 1 1 1 1 1 1 1 
1 1 1 1 1 1 1 1 1 
1 1 1 1 1 1 1 1 1 
1 1 1 1 1 1 1 1 1 
1 1 1 1 1 1 1 1 1 
1 1 1 1 1 1 1 1 1 
1 1 1 1 1 1 1 1 1 
1 1 1 1 1 1 1 1 1 
1 1 1 1 1 1 1 1 1 
1 1 1 1 1 1 1 1 1 
1 1 1 1 1 1 1 1 1 
1 1 1 1 1 1 1 1 1 
1 1 1 1 1 1 1 1 1 
1 1 1 1 1 1 1 1 1 
1 1 1 1 1 1 1 1 1 
1 1 1 1 1 1 1 1 1 
1 1 1 1 1 1 1 1 1 
1 1 1 1 1 1 1 1 1 
1 1 1 1 1 1 1 1 1 
1 1 1 1 1 1 1 1 1 
1 1 1 1 1 1 1 1 1 
1 1 1 1 1 1 1 1 1 
1 1 1 1 1 1 1 1 1 
1 1 1 1 1 1 1 1 1 
1 1 1 1 1 1 1 1 1 
1 1 1 1 1 1 1 1 1 
1 1 1 1 1 1 1 1 1 
1 1 1 1 1 1 1 1 1 
1 1 1 1 1 1 1 1 1 
1 1 1 1 1 1 1 1 1 
1 1 1 1 1 1 1 1 1 
1 1 1 1 1 1 1 1 1 
1 1 1 1 1 1 1 1 1 
1 1 1 1 1 1 1 1 1 
1 1 1 1 1 1 1 1 1 
1 1 1 1 1 1 1 1 1 
1 1 1 1 1 1 1 1 1 
1 1 1 1 1 1 1 1 1 
1 1 1 1 1 1 1 1 1 
1 1 1 1 1 1 1 1 1 
1 1 1 1 1 1 1 1 1 
1 1 1 1 1 1 1 1 1 
1 1 1 1 1 1 1 1 1 
1 1 1 1 1 1 1 1 1 
1 1 1 1 1 1 1 1 1 
1 1 1 1 1 1 1 1 1 
1 1 1 1 1 1 1 1 1 
1 1 1 1 1 1 1 1 1 
1 1 1 1 1 1 1 1 1 
1 1 1 1 1 1 1 1 1 
1 1 1 1 1 1 1 1 1 
1 1 1 1 1 1 1 1 1 
1 1 1 1 1 1 1 1 1 
1 1 1 1 1 1 1 1 1 
1 1 1 1 1 1 1 1 1 
1 1 1 1 1 1 1 1 1 
1 1 1 1 1 1 1 1 1 
1 1 1 1 1 1 1 1 1 
1 1 1 1 1 1 1 1 1 
1 1 1 1 1 1 1 1 1 
1 1 1 1 1 1 1 1 1 
1 1 1 1 1 1 1 1 1 
1 1 1 1 1 1 1 1 1 
1 1 1 1 1 1 1 1 1 
1 1 1 1 1 1 1 1 1 
1 1 1 1 1 1 1 1 1 
1 1 1 1 1 1 1 1 1 
1 1 1 1 1 1 1 1 1 
1 1 1 1 1 1 1 1 1 
1 1 1 1 1 1 1 1 1 
1 1 1 1 1 1 1 1 1 
1 1 1 1 1 1 1 1 1 
1 1 1 1 1 1 1 1 1 
1 1 1 1 1 1 1 1 1 
1 1 1 1 1 1 1 1 1 
1 1 1 1 1 1 1 1 1 
1 1 1 1 1 1 1 1 1 
1 1 1 1 1 1 1 1 1 
1 1 1 1 1 1 1 1 1 
1 1 1 1 1 1 1 1 1 
1 1 1 1 1 1 1 1 1 
1 1 1 1 1 1 1 1 1 
1 1 1 1 1 1 1 1 1 
1 1 1 1 1 1 1 1 1 
1 1 1 1 1 1 1 1 1 
1 1 1 1 1 1 1 1 1 
1 1 1 1 1 1 1 1 1 
1 1 1 1 1 1 1 1 1 
1 1 1 1 1 1 1 1 1 
1 1 1 1 1 1 1 1 1 
1 1 1 1 1 1 1 1 1 
1 1 1 1 1 1 1 1 1 
1 1 1 1 1 1 1 1 1 
1 1 1 1 1 1 1 1 1 
1 1 1 1 1 1 1 1 1 
1 1 1 1 1 1 1 1 1 
1 1 1 1 1 1 1 1 1 
1 1 1 1 1 1 1 1 1 
1 1 1 1 1 1 1 1 1 
1 1 1 1 1 1 1 1 1 
1 1 1 1 1 1 1 1 1 
1 1 1 1 1 1 1 1 1 
1 1 1 1 1 1 1 1 1 
1 1 1 1 1 1 1 1 1 
1 1 1 1 1 1 1 1 1 
1 1 1 1 1 1 1 1 1 
1 1 1 1 1 1 1 1 1 
1 1 1 1 1 1 1 1 1 
1 1 1 1 1 1 1 1 1 
1 1 1 1 1 1 1 1 1 
1 1 1 1 1 1 1 1 1 
1 1 1 1 1 1 1 1 1 
1 1 1 1 1 1 1 1 1 
1 1 1 1 1 1 1 1 1 
1 1 1 1 1 1 1 1 1 
1 1 1 1 1 1 1 1 1 
1 1 1 1 1 1 1 1 1 
1 1 1 1 1 1 1 1 1 
1 1 1 1 1 1 1 1 1 
1 1 1 1 1 1 1 1 1 
1 1 1 1 1 1 1 1 1 
1 1 1 1 1 1 1 1 1 
1 1 1 1 1 1 1 1 1 
1 1 1 1 1 1 1 1 1 
1 1 1 1 1 1 1 1 1 
1 1 1 1 1 1 1 1 1 
1 1 1 1 1 1 1 1 1 
1 1 1 1 1 1 1 1 1 
1 1 1 1 1 1 1 1 1 
1 1 1 1 1 1 1 1 1 
1 1 1 1 1 1 1 1 1 
1 1 1 1 1 1 1 1 1 
1 1 1 1 1 1 1 1 1 
1 1 1 1 1 1 1 1 1 
1 1 1 1 1 1 1 1 1 
1 1 1 1 1 1 1 1 1 
1 1 1 1 1 1 1 1 1 
1 1 1 1 1 1 1 1 1 
1 1 1 1 1 1 1 1 1 
1 1 1 1 1 1 1 1 1 
1 1 1 1 1 1 1 1 1 
1 1 1 1 1 1 1 1 1 
1 1 1 1 1 1 1 1 1 
1 1 1 1 1 1 1 1 1 
1 1 1 1 1 1 1 1 1 
1 1 1 1 1 1 1 1 1 
1 1 1 1 1 1 1 1 1 
1 1 1 1 1 1 1 1 1 
1 1 1 1 1 1 1 1 1 
1 1 1 1 1 1 1 1 1 
1 1 1 1 1 1 1 1 1 
1 1 1 1 1 1 1 1 1 
1 1 1 1 1 1 1 1 1 
1 1 1 1 1 1 1 1 1 
1 1 1 1 1 1 1 1 1 
1 1 1 1 1 1 1 1 1 
1 1 1 1 1 1 1 1 1 
1 1 1 1 1 1 1 1 1 
1 1 1 1 1 1 1 1 1 
1 1 1 1 1 1 1 1 1 
1 1 1 1 1 1 1 1 1 
1 1 1 1 1 1 1 1 1 
1 1 1 1 1 1 1 1 1 
1 1 1 1 1 1 1 1 1 
1 1 1 1 1 1 1 1 1 
1 1 1 1 1 1 1 1 1 
1 1 1 1 1 1 1 1 1 
1 1 1 1 1 1 1 1 1 
1 1 1 1 1 1 1 1 1 
1 1 1 1 1 1 1 1 1 
1 1 1 1 1 1 1 1 1 
1 1 1 1 1 1 1 1 1 
1 1 1 1 1 1 1 1 1 
1 1 1 1 1 1 1 1 1 
1 1 1 1 1 1 1 1 1 
1 1 1 1 1 1 1 1 1 
1 1 1 1 1 1 1 1 1 
1 1 1 1 1 1 1 1 1 
1 1 1 1 1 1 1 1 1 
1 1 1 1 1 1 1 1 1 
1 1 1 1 1 1 1 1 1 
1 1 1 1 1 1 1 1 1 
1 1 1 1 1 1 1 1 1 
1 1 1 1 1 1 1 1 1 
1 1 1 1 1 1 1 1 1 
1 1 1 1 1 1 1 1 1 
1 1 1 1 1 1 1 1 1 
1 1 1 1 1 1 1 1 1 
1 1 1 1 1 1 1 1 1 
1 1 1 1 1 1 1 1 1 
1 1 1 1 1 1 1 1 1 
1 1 1 1 1 1 1 1 1 
1 1 1 1 1 1 1 1 1 
1 1 1 1 1 1 1 1 1 
1 1 1 1 1 1 1 1 1 
1 1 1 1 1 1 1 1 1 
1 1 1 1 1 1 1 1 1 
1 1 1 1 1 1 1 1 1 
1 1 1 1 1 1 1 1 1 
1 1 1 1 1 1 1 1 1 
1 1 1 1 1 1 1 1 1 
1 1 1 1 1 1 1 1 1 
1 1 1 1 1 1 1 1 1 
1 1 1 1 1 1 1 1 1 
1 1 1 1 1 1 1 1 1 
1 1 1 1 1 1 1 1 1 
1 1 1 1 1 1 1 1 1 
1 1 1 1 1 1 1 1 1 
1 1 1 1 1 1 1 1 1 
1 1 1 1 1 1 1 1 1 
1 1 1 1 1 1 1 1 1 
1 1 1 1 1 1 1 1 1 
1 1 1 1 1 1 1 1 1 
1 1 1 1 1 1 1 1 1 
1 1 1 1 1 1 1 1 1 
1 1 1 1 1 1 1 1 1 
1 1 1 1 1 1 1 1 1 
1 1 1 1 1 1 1 1 1 
1 1 1 1 1 1 1 1 1 
1 1 1 1 1 1 1 1 1 
1 1 1 1 1 1 1 1 1 
1 1 1 1 1 1 1 1 1 
1 1 1 1 1 1 1 1 1 
1 1 1 1 1 1 1 1 1 
1 1 1 1 1 1 1 1 1 
1 1 1 1 1 1 1 1 1 
1 1 1 1 1 1 1 1 1 
1 1 1 1 1 1 1 1 1 
1 1 1 1 1 1 1 1 1 
1 1 1 1 1 1 1 1 1 
1 1 1 1 1 1 1 1 1 
1 1 1 1 1 1 1 1 1 
1 1 1 1 1 1 1 1 1 
1 1 1 1 1 1 1 1 1 
1 1 1 1 1 1 1 1 1 
1 1 1 1 1 1 1 1 1 
1 1 1 1 1 1 1 1 1 
1 1 1 1 1 1 1 1 1 
1 1 1 1 1 1 1 1 1 
1 1 1 1 1 1 1 1 1 
1 1 1 1 1 1 1 1 1 
1 1 1 1 1 1 1 1 1 
1 1 1 1 1 1 1 1 1 
1 1 1 1 1 1 1 1 1 
1 1 1 1 1 1 1 1 1 
1 1 1 1 1 1 1 1 1 
1 1 1 1 1 1 1 1 1 
1 1 1 1 1 1 1 1 1 
1 1 1 1 1 1 1 1 1 
1 1 1 1 1 1 1 1 1 
1 1 1 1 1 1 1 1 1 
1 1 1 1 1 1 1 1 1 
1 1 1 1 1 1 1 1 1 
1 1 1 1 1 1 1 1 1 
1 1 1 1 1 1 1 1 1 
1 1 1 1 1 1 1 1 1 
1 1 1 1 1 1 1 1 1 
1 1 1 1 1 1 1 1 1 
1 1 1 1 1 1 1 1 1 
1 1 1 1 1 1 1 1 1 
1 1 1 1 1 1 1 1 1 
1 1 1 1 1 1 1 1 1 
1 1 1 1 1 1 1 1 1 
1 1 1 1 1 1 1 1 1 
1 1 1 1 1 1 1 1 1 
1 1 1 1 1 1 1 1 1 
1 1 1 1 1 1 1 1 1 
1 1 1 1 1 1 1 1 1 
1 1 1 1 1 1 1 1 1 
1 1 1 1 1 1 1 1 1 
1 1 1 1 1 1 1 1 1 
1 1 1 1 1 1 1 1 1 
1 1 1 1 1 1 1 1 1 
1 1 1 1 1 1 1 1 1 
1 1 1 1 1 1 1 1 1 
1 1 1 1 1 1 1 1 1 
1 1 1 1 1 1 1 1 1 
1 1 1 1 1 1 1 1 1 
1 1 1 1 1 1 1 1 1 
1 1 1 1 1 1 1 1 1 
1 1 1 1 1 1 1 1 1 
1 1 1 1 1 1 1 1 1 
1 1 1 1 1 1 1 1 1 
1 1 1 1 1 1 1 1 1 
1 1 1 1 1 1 1 1 1 
1 1 1 1 1 1 1 1 1 
1 1 1 1 1 1 1 1 1 
1 1 1 1 1 1 1 1 1 
1 1 1 1 1 1 1 1 1 
1 1 1 1 1 1 1 1 1 
1 1 1 1 1 1 1 1 1 
1 1 1 1 1 1 1 1 1 
1 1 1 1 1 1 1 1 1 
1 1 1 1 1 1 1 1 1 
1 1 1 1 1 1 1 1 1 
1 1 1 1 1 1 1 1 1 
1 1 1 1 1 1 1 1 1 
1 1 1 1 1 1 1 1 1 
1 1 1 1 1 1 1 1 1 
1 1 1 1 1 1 1 1 1 
1 1 1 1 1 1 1 1 1 
1 1 1 1 1 1 1 1 1 
1 1 1 1 1 1 1 1 1 
1 1 1 1 1 1 1 1 1 
1 1 1 1 1 1 1 1 1 
1 1 1 1 1 1 1 1 1 
1 1 1 1 1 1 1 1 1 
1 1 1 1 1 1 1 1 1 
1 1 1 1 1 1 1 1 1 
1 1 1 1 1 1 1 1 1 
1 1 1 1 1 1 1 1 1 
1 1 1 1 1 1 1 1 1 
1 1 1 1 1 1 1 1 1 
1 1 1 1 1 1 1 1 1 
1 1 1 1 1 1 1 1 1 
1 1 1 1 1 1 1 1 1 
1 1 1 1 1 1 1 1 1 
1 1 1 1 1 1 1 1 1 
1 1 1 1 1 1 1 1 1 
1 1 1 1 1 1 1 1 1 
1 1 1 1 1 1 1 1 1 
1 1 1 1 1 1 1 1 1 
1 1 1 1 1 1 1 1 1 
1 1 1 1 1 1 1 1 1 
1 1 1 1 1 1 1 1 1 
1 1 1 1 1 1 1 1 1 
1 1 1 1 1 1 1 1 1 
1 1 1 1 1 1 1 1 1 
1 1 1 1 1 1 1 1 1 
1 1 1 1 1 1 1 1 1 
1 1 1 1 1 1 1 1 1 
1 1 1 1 1 1 1 1 1 
1 1 1 1 1 1 1 1 1 
1 1 1 1 1 1 1 1 1 
1 1 1 1 1 1 1 1 1 
1 1 1 1 1 1 1 1 1 
1 1 1 1 1 1 1 1 1 
1 1 1 1 1 1 1 1 1 
1 1 1 1 1 1 1 1 1 
1 1 1 1 1 1 1 1 1 
1 1 1 1 1 1 1 1 1 
1 1 1 1 1 1 1 1 1 
1 1 1 1 1 1 1 1 1 
1 1 1 1 1 1 1 1 1 
1 1 1 1 1 1 1 1 1 
1 1 1 1 1 1 1 1 1 
1 1 1 1 1 1 1 1 1 
1 1 1 1 1 1 1 1 1 
1 1 1 1 1 1 1 1 1 
1 1 1 1 1 1 1 1 1 
1 1 1 1 1 1 1 1 1 
1 1 1 1 1 1 1 1 1 
1 1 1 1 1 1 1 1 1 
1 1 1 1 1 
